account,amount,state,token address,pool address,tx id
0.0.1353334,18.24379134937166,SUCCESS,0.0.731861,0.0.3948521&0.0.3964804,0.0.4138717@1779132722.149675284
0.0.7965397,0.003175473692818713,SUCCESS,0.0.731861,0.0.3948521,0.0.4138717@1779132722.709291909
0.0.859023,0.02112875145087107,SUCCESS,0.0.731861,0.0.3948521&0.0.3964837,0.0.4138717@1779132725.695943716
0.0.7730513,0.01563740561955337,SUCCESS,0.0.731861,0.0.3948521,0.0.4138717@1779132722.442977165
0.0.1930336,7805.075807174949,SUCCESS,0.0.731861,0.0.3948521,0.0.4138717@1779132725.416837091
0.0.7550890,4.590519554932193,SUCCESS,0.0.731861,0.0.3948521&0.0.3964804,0.0.4138717@1779132722.166294249
0.0.4093788,24.00237837724736,SUCCESS,0.0.731861,0.0.3948521&0.0.3964804,0.0.4138717@1779132725.670639054
0.0.4712184,0.1120451924357316,SUCCESS,0.0.731861,0.0.3948521&0.0.3961531&0.0.3964790&0.0.3964837&0.0.3964840,0.0.4138717@1779132725.802172152
0.0.1105470,6.234153150291274,SUCCESS,0.0.731861,0.0.3948521&0.0.3964837,0.0.4138717@1779132723.350120655
0.0.4313767,2.731227134906786,SUCCESS,0.0.731861,0.0.3948521,0.0.4138717@1779132721.733019092
0.0.3971792,4.182609031394811,SUCCESS,0.0.731861,0.0.3948521,0.0.4138717@1779132726.243560673
0.0.6033605,0.05215841760990988,SUCCESS,0.0.731861,0.0.3948521,0.0.4138717@1779132726.228839188
0.0.720300,28.54194007351897,SUCCESS,0.0.731861,0.0.3948521,0.0.4138717@1779132726.255477839
0.0.845031,0.002216744548298893,SUCCESS,0.0.731861,0.0.3948521,0.0.4138717@1779132726.606997771
0.0.5182107,13.84208799556366,NOT_ASSOCIATED,0.0.731861,0.0.3948521&0.0.3951117&0.0.3964804,
0.0.7789171,4.614705411009306,SUCCESS,0.0.731861,0.0.3948521&0.0.3964804,0.0.4138717@1779132726.975096018
0.0.862835,177.0644175675849,SUCCESS,0.0.731861,0.0.3948521&0.0.3964804&0.0.3964827&0.0.6071911,0.0.4138717@1779132730.710246998
0.0.7950871,0.009043682155152725,SUCCESS,0.0.731861,0.0.3948521&0.0.3964827,0.0.4138717@1779132729.819494315
0.0.7965399,0.003873074688312496,SUCCESS,0.0.731861,0.0.3948521,0.0.4138717@1779132729.723330224
0.0.428115,0.001376301282988008,SUCCESS,0.0.731861,0.0.3948521,0.0.4138717@1779132729.755781107
0.0.2923216,335.8436844101122,SUCCESS,0.0.731861,0.0.3948521,0.0.4138717@1779132731.521124026
0.0.3210690,1.712058799232988,SUCCESS,0.0.731861,0.0.3948521,0.0.4138717@1779132732.779355249
0.0.10031120,0.03423680562954554,NOT_ASSOCIATED,0.0.731861,0.0.3948521,
0.0.10031122,0.03455464572911179,NOT_ASSOCIATED,0.0.731861,0.0.3948521,
0.0.4702708,1194.81053135584,SUCCESS,0.0.731861,0.0.3948521&0.0.3951117&0.0.3964827,0.0.4138717@1779132731.995642182
0.0.4363476,263.1527953072969,SUCCESS,0.0.731861,0.0.3948521&0.0.3961531,0.0.4138717@1779132732.229928914
0.0.5119346,204.0903031172902,SUCCESS,0.0.731861,0.0.3948521&0.0.3951117&0.0.3964804,0.0.4138717@1779132731.576616207
0.0.5118232,16.39177706856151,SUCCESS,0.0.731861,0.0.3948521&0.0.3951117&0.0.3964804,0.0.4138717@1779132731.486703577
0.0.5118079,41.464244120158,SUCCESS,0.0.731861,0.0.3948521&0.0.3951117&0.0.3964804&0.0.3964808,0.0.4138717@1779132731.785923818
0.0.1181772,12.57309765677035,SUCCESS,0.0.731861,0.0.3948521&0.0.3964804&0.0.6126395,0.0.4138717@1779132733.936042080
0.0.4544530,909.7784345143746,SUCCESS,0.0.731861,0.0.3948521&0.0.3951117&0.0.3961531&0.0.3964790&0.0.3964795&0.0.3964800&0.0.3964804&0.0.3964808&0.0.3964821&0.0.3964825&0.0.3964827&0.0.3964834&0.0.3964837&0.0.3964855&0.0.3964860&0.0.3964840&0.0.4129330&0.0.4601632&0.0.5328590&0.0.6071041&0.0.6078459&0.0.6078473,0.0.4138717@1779132732.019363553
0.0.2960520,1.210960421139656,SUCCESS,0.0.731861,0.0.3948521,0.0.4138717@1779132734.580553802
0.0.1427613,58.98239339318268,SUCCESS,0.0.731861,0.0.3948521,0.0.4138717@1779132738.634116354
0.0.7951,14687.58879577959,SUCCESS,0.0.731861,0.0.3948521&0.0.3964790&0.0.3964855&0.0.5328590,0.0.4138717@1779132735.854666290
0.0.165981,0.01002877571622907,SUCCESS,0.0.731861,0.0.3948521,0.0.4138717@1779132736.297307953
0.0.3958740,0.0001479833733851603,SUCCESS,0.0.731861,0.0.3948521,0.0.4138717@1779132739.522204377
0.0.1265153,0.1720378910980376,SUCCESS,0.0.731861,0.0.3948521&0.0.3951117&0.0.3964795&0.0.3964825&0.0.3964827&0.0.3964840,0.0.4138717@1779132737.518151911
0.0.4777259,34.03657730243378,SUCCESS,0.0.731861,0.0.3948521,0.0.4138717@1779132739.445953363
0.0.628683,39.37464811116368,SUCCESS,0.0.731861,0.0.3948521,0.0.4138717@1779132739.750493998
0.0.3918882,2.621258684488112,SUCCESS,0.0.731861,0.0.3948521,0.0.4138717@1779132739.138237544
0.0.6440477,6.905837826742223,SUCCESS,0.0.731861,0.0.3948521&0.0.3951117&0.0.3964804,0.0.4138717@1779132738.726208810
0.0.5687394,24.00057572175792,NOT_ASSOCIATED,0.0.731861,0.0.3948521,
0.0.4744252,1.000760758701241,SUCCESS,0.0.731861,0.0.3948521,0.0.4138717@1779132741.482364283
0.0.5310061,46.09548505361889,SUCCESS,0.0.731861,0.0.3948521&0.0.3951117&0.0.3964804,0.0.4138717@1779132741.863844967
0.0.7786995,84.95050681843168,SUCCESS,0.0.731861,0.0.3951117,0.0.4138717@1779132741.027896506
0.0.4713153,10.92857483971927,SUCCESS,0.0.731861,0.0.3951117,0.0.4138717@1779132740.707310900
0.0.9774619,50.95311044728248,SUCCESS,0.0.731861,0.0.3951117&0.0.3964804&0.0.3964827&0.0.3964860,0.0.4138717@1779132743.716087933
0.0.1104990,1.399189294556412,SUCCESS,0.0.731861,0.0.3951117,0.0.4138717@1779132743.735200061
0.0.10288826,4537.127042500071,SUCCESS,0.0.731861,0.0.3951117&0.0.3964804,0.0.4138717@1779132745.768970343
0.0.5060063,102.0724083426429,SUCCESS,0.0.731861,0.0.3951117&0.0.4129330&0.0.4601632&0.0.5328590,0.0.4138717@1779132744.541798788
0.0.560837,10107.93440930566,SUCCESS,0.0.731861,0.0.3951117&0.0.3964795&0.0.3964804&0.0.3964827,0.0.4138717@1779132744.292695603
0.0.836838,1125.978932220226,SUCCESS,0.0.731861,0.0.3951117&0.0.5328590,0.0.4138717@1779132746.357960317
0.0.4343858,82.19173751863622,SUCCESS,0.0.731861,0.0.3951117&0.0.5328590,0.0.4138717@1779132746.540008403
0.0.10076636,153.3330957989336,SUCCESS,0.0.731861,0.0.3951117&0.0.5328590,0.0.4138717@1779132747.299064921
0.0.2017173,3.453989431532487,SUCCESS,0.0.731861,0.0.3951117,0.0.4138717@1779132749.287496816
0.0.956549,75.86832380643975,SUCCESS,0.0.731861,0.0.3951117,0.0.4138717@1779132746.825597410
0.0.4330219,2.698518105131058,SUCCESS,0.0.731861,0.0.3951117&0.0.3964790,0.0.4138717@1779132750.675884841
0.0.6289117,101.1947567094679,SUCCESS,0.0.731861,0.0.3951117&0.0.3964804&0.0.4601632&0.0.6071041,0.0.4138717@1779132747.326297426
0.0.6313910,1603.504365341222,SUCCESS,0.0.731861,0.0.3951117&0.0.3964804,0.0.4138717@1779132749.507241709
0.0.6244791,16.23824295485309,SUCCESS,0.0.731861,0.0.3951117,0.0.4138717@1779132748.389398087
0.0.850535,1852.196047077607,SUCCESS,0.0.731861,0.0.3951117&0.0.3964790&0.0.3964834&0.0.4129330&0.0.4601632&0.0.5328590,0.0.4138717@1779132747.197327896
0.0.5797983,1.825637180615625,SUCCESS,0.0.731861,0.0.3951117&0.0.3961531&0.0.3964804,0.0.4138717@1779132749.173397341
0.0.3242760,311.6744544002051,SUCCESS,0.0.731861,0.0.3951117&0.0.3961531&0.0.3964804,0.0.4138717@1779132752.187364492
0.0.4923080,2.148302920188059,SUCCESS,0.0.731861,0.0.3951117,0.0.4138717@1779132753.294113107
0.0.2968839,162.278991117269,SUCCESS,0.0.731861,0.0.3951117&0.0.3964804&0.0.4601632,0.0.4138717@1779132750.635198180
0.0.874760,459.9410342965534,SUCCESS,0.0.731861,0.0.3951117&0.0.3964804&0.0.6078459,0.0.4138717@1779132755.032631909
0.0.4345324,1.678845059841004,SUCCESS,0.0.731861,0.0.3951117,0.0.4138717@1779132753.060234692
0.0.6026305,2.934062698757192,SUCCESS,0.0.731861,0.0.3951117,0.0.4138717@1779132752.996727214
0.0.6781119,623.4386180315511,SUCCESS,0.0.731861,0.0.3951117&0.0.3964795&0.0.3964800&0.0.3964804&0.0.3964808&0.0.3964821&0.0.3964827&0.0.3964834&0.0.3964837&0.0.3964860&0.0.3964840&0.0.5328590&0.0.6071119&0.0.8315114&0.0.10018365,0.0.4138717@1779132755.204734804
0.0.7262531,0.1855622261628467,SUCCESS,0.0.731861,0.0.3951117&0.0.3964804,0.0.4138717@1779132751.691657765
0.0.7138336,0.2168559040612979,SUCCESS,0.0.731861,0.0.3951117&0.0.3961531,0.0.4138717@1779132752.914445922
0.0.1340928,2386.826631495986,SUCCESS,0.0.731861,0.0.3951117&0.0.3964837,0.0.4138717@1779132754.663477221
0.0.7479340,12.95496436878167,SUCCESS,0.0.731861,0.0.3951117&0.0.3964804,0.0.4138717@1779132754.836850118
0.0.4340758,8.649565919613176,SUCCESS,0.0.731861,0.0.3951117&0.0.3964804,0.0.4138717@1779132756.613151635
0.0.3681428,2668.582281486517,SUCCESS,0.0.731861,0.0.3951117&0.0.3964795&0.0.3964800&0.0.3964804&0.0.3964834&0.0.3964837&0.0.3964840,0.0.4138717@1779132757.794453487
0.0.4531253,15.16165005260985,SUCCESS,0.0.731861,0.0.3951117&0.0.3961531&0.0.3964804&0.0.3964855&0.0.4129330&0.0.8315114,0.0.4138717@1779132756.051729678
0.0.4817549,17.47957942697799,SUCCESS,0.0.731861,0.0.3951117&0.0.3964804,0.0.4138717@1779132758.879074734
0.0.4938729,22.32770207619019,SUCCESS,0.0.731861,0.0.3951117,0.0.4138717@1779132758.924861410
0.0.4322002,6.447774046623779,SUCCESS,0.0.731861,0.0.3951117,0.0.4138717@1779132757.005526164
0.0.4968045,41.93614913754743,SUCCESS,0.0.731861,0.0.3951117,0.0.4138717@1779132759.583841081
0.0.2930231,5.029377844976199,SUCCESS,0.0.731861,0.0.3951117&0.0.3964804,0.0.4138717@1779132760.757433014
0.0.4558891,59.23929748742954,SUCCESS,0.0.731861,0.0.3951117,0.0.4138717@1779132761.441156949
0.0.5976303,6.286893596334278,SUCCESS,0.0.731861,0.0.3951117&0.0.3964804,0.0.4138717@1779132762.802394602
0.0.4318411,81.07343356583887,SUCCESS,0.0.731861,0.0.3951117,0.0.4138717@1779132764.171961273
0.0.3071320,418.2237536631326,SUCCESS,0.0.731861,0.0.3951117,0.0.4138717@1779132764.682189723
0.0.4329852,449.7617428775922,SUCCESS,0.0.731861,0.0.3951117&0.0.3964804&0.0.3964827&0.0.3964855&0.0.4601632&0.0.5328590,0.0.4138717@1779132760.271562011
0.0.5975196,5.025758377765285,SUCCESS,0.0.731861,0.0.3951117&0.0.4601632,0.0.4138717@1779132765.066985032
0.0.3969243,0.4859634662812324,SUCCESS,0.0.731861,0.0.3951117&0.0.4129330,0.0.4138717@1779132764.951197110
0.0.4732964,1.834338028555737,SUCCESS,0.0.731861,0.0.3951117,0.0.4138717@1779132762.170615879
0.0.4432149,4.898398735512413,SUCCESS,0.0.731861,0.0.3951117,0.0.4138717@1779132766.967299557
0.0.1412123,4.898608430346655,NOT_ASSOCIATED,0.0.731861,0.0.3951117&0.0.3964804,
0.0.4184733,1470.588568515939,SUCCESS,0.0.731861,0.0.3951117,0.0.4138717@1779132767.230904391
0.0.4775299,13.54935072457284,SUCCESS,0.0.731861,0.0.3951117,0.0.4138717@1779132763.568521788
0.0.4758169,8.071154851038157,SUCCESS,0.0.731861,0.0.3951117,0.0.4138717@1779132765.717231445
0.0.4912200,1035.884089680634,SUCCESS,0.0.731861,0.0.3951117&0.0.3964804,0.0.4138717@1779132763.312554298
0.0.1601282,1.074750377331599,SUCCESS,0.0.731861,0.0.3951117,0.0.4138717@1779132769.138520810
0.0.2125030,2894.780595571143,SUCCESS,0.0.731861,0.0.3951117&0.0.3961531&0.0.3964795&0.0.3964800&0.0.3964808&0.0.3964834&0.0.3964837&0.0.3964840,0.0.4138717@1779132764.476104121
0.0.856667,90.14132812432521,SUCCESS,0.0.731861,0.0.3951117&0.0.3964804,0.0.4138717@1779132769.160923735
0.0.1991961,363.3387407670187,SUCCESS,0.0.731861,0.0.3951117&0.0.3964790&0.0.3964808&0.0.3964827&0.0.4601632&0.0.6071041,0.0.4138717@1779132766.567871790
0.0.8068689,348.0988179452611,SUCCESS,0.0.731861,0.0.3951117&0.0.3964804&0.0.3964827,0.0.4138717@1779132766.212543654
0.0.7889838,5.111016447645058,SUCCESS,0.0.731861,0.0.3951117,0.0.4138717@1779132767.983110529
0.0.6258771,40.83756844171222,SUCCESS,0.0.731861,0.0.3951117,0.0.4138717@1779132767.138856437
0.0.1379217,50.94646713102303,NOT_ASSOCIATED,0.0.731861,0.0.3951117,
0.0.8190429,13.90363702131462,SUCCESS,0.0.731861,0.0.3951117,0.0.4138717@1779132770.614530063
0.0.7991960,32.94475790985206,SUCCESS,0.0.731861,0.0.3951117&0.0.3964804,0.0.4138717@1779132768.929699527
0.0.4342759,305.174590420239,SUCCESS,0.0.731861,0.0.3951117,0.0.4138717@1779132771.537752564
0.0.1691323,222.0068402532343,SUCCESS,0.0.731861,0.0.3951117&0.0.3964804,0.0.4138717@1779132770.329767126
0.0.8616856,580.0823030389561,SUCCESS,0.0.731861,0.0.3951117&0.0.3961531&0.0.3964804&0.0.6071119,0.0.4138717@1779132772.081197443
0.0.2960169,9.010583482714042,SUCCESS,0.0.731861,0.0.3951117&0.0.3961531&0.0.3964827,0.0.4138717@1779132769.378701216
0.0.4339505,1630.457337597413,SUCCESS,0.0.731861,0.0.3951117&0.0.3964804&0.0.5328590,0.0.4138717@1779132772.216446965
0.0.8531519,54.60936893747284,SUCCESS,0.0.731861,0.0.3951117,0.0.4138717@1779132770.692602110
0.0.2122027,45.39099352004719,SUCCESS,0.0.731861,0.0.3951117&0.0.3961531&0.0.3964804,0.0.4138717@1779132773.943544529
0.0.8673695,9.102719536917261,SUCCESS,0.0.731861,0.0.3951117&0.0.3961531&0.0.3964804&0.0.3964860&0.0.4601632&0.0.5328590&0.0.6078459,0.0.4138717@1779132774.776162869
0.0.7788937,0.3181060426917288,SUCCESS,0.0.731861,0.0.3951117&0.0.10018365,0.0.4138717@1779132774.295682545
0.0.7798148,38.35246056625387,SUCCESS,0.0.731861,0.0.3951117,0.0.4138717@1779132776.485275546
0.0.4229805,7.754586561400709,SUCCESS,0.0.731861,0.0.3951117,0.0.4138717@1779132775.225932041
0.0.1726157,53.67809349131386,SUCCESS,0.0.731861,0.0.3951117&0.0.3964804,0.0.4138717@1779132777.214957976
0.0.4551977,1.339931968499241,SUCCESS,0.0.731861,0.0.3951117,0.0.4138717@1779132777.935643671
0.0.4766933,248.7483010615718,SUCCESS,0.0.731861,0.0.3951117,0.0.4138717@1779132774.521455975
0.0.1110477,136.1863881358539,SUCCESS,0.0.731861,0.0.3951117,0.0.4138717@1779132778.278769622
0.0.1490591,187.810312469235,SUCCESS,0.0.731861,0.0.3951117&0.0.3964790&0.0.3964804,0.0.4138717@1779132776.339543390
0.0.1023917,57.24597730955234,SUCCESS,0.0.731861,0.0.3951117&0.0.3964804&0.0.3964855&0.0.4601632&0.0.6071119,0.0.4138717@1779132778.749546640
0.0.1506598,24.84336964541177,SUCCESS,0.0.731861,0.0.3951117,0.0.4138717@1779132777.828623778
0.0.4559340,1.623537482933159,SUCCESS,0.0.731861,0.0.3951117,0.0.4138717@1779132776.904220506
0.0.5078033,28.04366123361517,SUCCESS,0.0.731861,0.0.3951117&0.0.4601632,0.0.4138717@1779132779.054070917
0.0.7843482,14.3794677058872,SUCCESS,0.0.731861,0.0.3951117&0.0.3964804,0.0.4138717@1779132780.626103880
0.0.7835270,79.56887614203589,SUCCESS,0.0.731861,0.0.3951117,0.0.4138717@1779132780.027065056
0.0.4503599,19.10436121590265,SUCCESS,0.0.731861,0.0.3951117,0.0.4138717@1779132780.656433195
0.0.4347838,34.58568680928129,SUCCESS,0.0.731861,0.0.3951117,0.0.4138717@1779132782.998013183
0.0.1877739,3.94390391542646,SUCCESS,0.0.731861,0.0.3951117&0.0.3964827&0.0.4601632,0.0.4138717@1779132781.332570775
0.0.4864609,1.452771526878974,SUCCESS,0.0.731861,0.0.3951117,0.0.4138717@1779132778.873136859
0.0.598828,0.3070311584707432,SUCCESS,0.0.731861,0.0.3951117&0.0.3964804,0.0.4138717@1779132784.784127617
0.0.4302086,1.730940966226417,SUCCESS,0.0.731861,0.0.3951117,0.0.4138717@1779132784.883820657
0.0.4329215,0.6552018748127181,SUCCESS,0.0.731861,0.0.3951117&0.0.3961531&0.0.3964804,0.0.4138717@1779132782.957968589
0.0.925802,19.32448155859093,SUCCESS,0.0.731861,0.0.3951117,0.0.4138717@1779132781.315395732
0.0.819461,1.248441852857397,SUCCESS,0.0.731861,0.0.3951117,0.0.4138717@1779132781.539136398
0.0.2020001,6.14353708318759,SUCCESS,0.0.731861,0.0.3951117&0.0.6071119,0.0.4138717@1779132785.961095008
0.0.1412849,0.00005207453216614861,SUCCESS,0.0.731861,0.0.3951117,0.0.4138717@1779132782.467884922
0.0.914261,564.7168021813854,SUCCESS,0.0.731861,0.0.3951117&0.0.5328590,0.0.4138717@1779132783.782223258
0.0.2174139,2.384165880779432,SUCCESS,0.0.731861,0.0.3951117&0.0.3964804,0.0.4138717@1779132785.330213000
0.0.1261552,3.972859332423028,SUCCESS,0.0.731861,0.0.3951117&0.0.3961531&0.0.3964790&0.0.3964804&0.0.3964860&0.0.4129330&0.0.6071119,0.0.4138717@1779132788.459163978
0.0.4205604,8.675579994149277,SUCCESS,0.0.731861,0.0.3951117,0.0.4138717@1779132787.842906230
0.0.639876,0.501917660540393,SUCCESS,0.0.731861,0.0.3951117,0.0.4138717@1779132786.135186347
0.0.837404,1048.18213481868,SUCCESS,0.0.731861,0.0.3951117&0.0.3964790&0.0.3964837&0.0.5328590,0.0.4138717@1779132787.697482952
0.0.854331,0.3340299950062738,SUCCESS,0.0.731861,0.0.3951117,0.0.4138717@1779132789.631700108
0.0.1438402,1.266161279391255,SUCCESS,0.0.731861,0.0.3951117,0.0.4138717@1779132787.601436137
0.0.4333286,2.621176558947514,SUCCESS,0.0.731861,0.0.3951117&0.0.3964827&0.0.3964860,0.0.4138717@1779132789.502172531
0.0.700741,5.581829744423993,SUCCESS,0.0.731861,0.0.3951117,0.0.4138717@1779132790.029876701
0.0.1453803,99.95046265349112,SUCCESS,0.0.731861,0.0.3951117&0.0.3964804&0.0.4601632&0.0.5328590&0.0.6071119,0.0.4138717@1779132788.508719723
0.0.1414140,85096.06010454192,SUCCESS,0.0.731861,0.0.3951117,0.0.4138717@1779132792.276201286
0.0.4346579,0.02245621061993442,SUCCESS,0.0.731861,0.0.3951117,0.0.4138717@1779132793.215710592
0.0.508876,32.88422682493777,SUCCESS,0.0.731861,0.0.3951117,0.0.4138717@1779132794.304437107
0.0.1409958,1.052874819701856,SUCCESS,0.0.731861,0.0.3951117,0.0.4138717@1779132791.478847395
0.0.3241044,55.83163518994682,SUCCESS,0.0.731861,0.0.3951117&0.0.3961531,0.0.4138717@1779132794.334650879
0.0.187153,1711.46206587849,SUCCESS,0.0.731861,0.0.3951117&0.0.3964804,0.0.4138717@1779132796.243590881
0.0.1274087,7820.251200201754,SUCCESS,0.0.731861,0.0.3951117,0.0.4138717@1779132796.714240266
0.0.2773436,1335.618310362631,SUCCESS,0.0.731861,0.0.3951117&0.0.3964804&0.0.5328590,0.0.4138717@1779132797.344743231
0.0.1022050,58.98187967092525,SUCCESS,0.0.731861,0.0.3951117,0.0.4138717@1779132797.245053657
0.0.834820,122.4347084284171,SUCCESS,0.0.731861,0.0.3951117&0.0.3964804,0.0.4138717@1779132794.962851555
0.0.731977,665.9142629612612,SUCCESS,0.0.731861,0.0.3951117&0.0.4601632,0.0.4138717@1779132797.247333738
0.0.860438,10.03699501770401,SUCCESS,0.0.731861,0.0.3951117&0.0.3964804&0.0.6071119,0.0.4138717@1779132795.123795099
0.0.1290358,5787.14082697738,SUCCESS,0.0.731861,0.0.3951117&0.0.3964834,0.0.4138717@1779132796.235434964
0.0.1075892,13.31282240473031,SUCCESS,0.0.731861,0.0.3951117,0.0.4138717@1779132797.720695472
0.0.832415,751.9138145247605,SUCCESS,0.0.731861,0.0.3951117,0.0.4138717@1779132795.602386186
0.0.3845966,6.691544379773125,SUCCESS,0.0.731861,0.0.3951117&0.0.3961531&0.0.3964790&0.0.3964804&0.0.3964827&0.0.6078459,0.0.4138717@1779132798.265326111
0.0.1724832,1.442281130970803,SUCCESS,0.0.731861,0.0.3951117,0.0.4138717@1779132796.611460308
0.0.832624,10.85490177988634,SUCCESS,0.0.731861,0.0.3951117&0.0.3961531&0.0.3964804&0.0.5328590&0.0.6071119,0.0.4138717@1779132799.881072832
0.0.3947779,1737.640630451592,SUCCESS,0.0.731861,0.0.3951117,0.0.4138717@1779132798.884392563
0.0.525256,156.7947175343686,SUCCESS,0.0.731861,0.0.3951117,0.0.4138717@1779132803.237384873
0.0.1120388,50.48929211612216,SUCCESS,0.0.731861,0.0.3951117&0.0.3964804&0.0.5328590,0.0.4138717@1779132800.558413346
0.0.2116956,3.86335600031459,SUCCESS,0.0.731861,0.0.3951117&0.0.3961531&0.0.3964855,0.0.4138717@1779132799.732938083
0.0.896788,2722.994425832411,SUCCESS,0.0.731861,0.0.3951117&0.0.4601632,0.0.4138717@1779132802.877170681
0.0.841339,31.03241358593723,SUCCESS,0.0.731861,0.0.3951117&0.0.3964834,0.0.4138717@1779132804.777325163
0.0.5202236,8.924234863921892,SUCCESS,0.0.731861,0.0.3951117,0.0.4138717@1779132802.138960597
0.0.4590627,14.28245955667763,SUCCESS,0.0.731861,0.0.3951117,0.0.4138717@1779132805.492855586
0.0.4323088,135.8037294909664,SUCCESS,0.0.731861,0.0.3951117&0.0.3964804&0.0.3964855,0.0.4138717@1779132804.589758766
0.0.4335807,819.7290036552894,SUCCESS,0.0.731861,0.0.3951117&0.0.3961531&0.0.3964790&0.0.3964827&0.0.3964855&0.0.4129330&0.0.4601632&0.0.5328590,0.0.4138717@1779132806.383389587
0.0.4986167,2.869260021031087,SUCCESS,0.0.731861,0.0.3951117,0.0.4138717@1779132804.570753544
0.0.5281334,2.86428722657054,SUCCESS,0.0.731861,0.0.3951117,0.0.4138717@1779132803.429241618
0.0.5118190,14.22950891171549,SUCCESS,0.0.731861,0.0.3951117&0.0.3964795&0.0.3964804&0.0.3964808&0.0.3964827&0.0.3964860&0.0.5328590,0.0.4138717@1779132807.605980923
0.0.5117832,889.9115370090213,SUCCESS,0.0.731861,0.0.3951117&0.0.3964804,0.0.4138717@1779132805.037555396
0.0.1711779,0.2846562348935172,SUCCESS,0.0.731861,0.0.3951117,0.0.4138717@1779132809.143055367
0.0.853268,687.7987334909295,SUCCESS,0.0.731861,0.0.3951117,0.0.4138717@1779132805.146908496
0.0.662296,732.4137377338944,SUCCESS,0.0.731861,0.0.3951117,0.0.4138717@1779132811.002680122
0.0.3829916,372.244121978356,SUCCESS,0.0.731861,0.0.3951117,0.0.4138717@1779132809.965868227
0.0.4354394,201.4008644884095,SUCCESS,0.0.731861,0.0.3951117&0.0.3964790,0.0.4138717@1779132808.650143552
0.0.1322785,438.355658189286,SUCCESS,0.0.731861,0.0.3951117,0.0.4138717@1779132809.590717111
0.0.5716339,0.02210398544605063,SUCCESS,0.0.731861,0.0.3951117,0.0.4138717@1779132808.714000729
0.0.4709377,188.8232594473365,SUCCESS,0.0.731861,0.0.3951117,0.0.4138717@1779132808.153272894
0.0.1097257,8622.779519169899,SUCCESS,0.0.731861,0.0.3951117&0.0.3964795&0.0.3964800&0.0.3964821&0.0.3964827&0.0.3964834&0.0.3964837&0.0.3964840&0.0.4601632&0.0.5328590&0.0.6071074,0.0.4138717@1779132810.052342846
0.0.4350041,2.31365398500941,SUCCESS,0.0.731861,0.0.3951117,0.0.4138717@1779132808.977681471
0.0.1910285,1.494133381689446,SUCCESS,0.0.731861,0.0.3951117,0.0.4138717@1779132812.547646586
0.0.1735540,18.05415060150447,SUCCESS,0.0.731861,0.0.3951117&0.0.5328590,0.0.4138717@1779132814.341782368
0.0.4349304,3.516334834399919,SUCCESS,0.0.731861,0.0.3951117&0.0.3964790&0.0.5328590,0.0.4138717@1779132810.491300647
0.0.4322065,12.44528162558752,SUCCESS,0.0.731861,0.0.3951117,0.0.4138717@1779132815.326338328
0.0.4370057,0.8165033768963016,SUCCESS,0.0.731861,0.0.3951117,0.0.4138717@1779132816.197782819
0.0.104926,0.04817222243592172,SUCCESS,0.0.731861,0.0.3951117,0.0.4138717@1779132812.078928581
0.0.4348824,0.2148727266143398,SUCCESS,0.0.731861,0.0.3951117,0.0.4138717@1779132814.160691376
0.0.4695027,5.360357636757501,SUCCESS,0.0.731861,0.0.3951117,0.0.4138717@1779132815.645251783
0.0.1506629,1.759207899116484,SUCCESS,0.0.731861,0.0.3951117,0.0.4138717@1779132816.886564050
0.0.795933,28.35892523872749,SUCCESS,0.0.731861,0.0.3951117,0.0.4138717@1779132817.491238642
0.0.4324445,10.37342936108801,SUCCESS,0.0.731861,0.0.3951117&0.0.3964804&0.0.3964855,0.0.4138717@1779132816.256113143
0.0.4321631,225.408993342946,SUCCESS,0.0.731861,0.0.3951117&0.0.3964795&0.0.3964800&0.0.3964804&0.0.3964808&0.0.5328590,0.0.4138717@1779132817.496901797
0.0.4582751,2.882052992457271,SUCCESS,0.0.731861,0.0.3951117,0.0.4138717@1779132815.332316936
0.0.4324463,1.857452680947463,SUCCESS,0.0.731861,0.0.3951117&0.0.3964790,0.0.4138717@1779132817.401357253
0.0.1266990,1.214707633758374,SUCCESS,0.0.731861,0.0.3951117,0.0.4138717@1779132817.988816297
0.0.1707146,3.473335468671428,SUCCESS,0.0.731861,0.0.3951117,0.0.4138717@1779132820.454747818
0.0.8490555,5.521027420270823,SUCCESS,0.0.731861,0.0.3951117,0.0.4138717@1779132817.351398204
0.0.4331763,573.3094205536985,SUCCESS,0.0.731861,0.0.3951117,0.0.4138717@1779132819.758716479
0.0.8383256,0.1231278613628018,SUCCESS,0.0.731861,0.0.3951117&0.0.3964804,0.0.4138717@1779132817.403719565
0.0.8546442,22.78400785639329,SUCCESS,0.0.731861,0.0.3951117,0.0.4138717@1779132819.425299155
0.0.8684349,2048.036137610478,SUCCESS,0.0.731861,0.0.3951117&0.0.3964860,0.0.4138717@1779132819.183426209
0.0.9073081,0.139838761236888,SUCCESS,0.0.731861,0.0.3951117,0.0.4138717@1779132820.902452839
0.0.9099631,13.21530066955021,SUCCESS,0.0.731861,0.0.3951117&0.0.6071119,0.0.4138717@1779132821.209096263
0.0.9112426,19.20627860270926,SUCCESS,0.0.731861,0.0.3951117&0.0.3964795&0.0.3964804&0.0.3964860,0.0.4138717@1779132823.468390232
0.0.8419510,0.9979497242713308,SUCCESS,0.0.731861,0.0.3951117,0.0.4138717@1779132825.568834584
0.0.5352069,1.696122871326969,SUCCESS,0.0.731861,0.0.3951117,0.0.4138717@1779132823.413220757
0.0.9202687,276.3113851750011,SUCCESS,0.0.731861,0.0.3951117,0.0.4138717@1779132821.211004141
0.0.1368197,8.319935469213393,SUCCESS,0.0.731861,0.0.3951117&0.0.3964804,0.0.4138717@1779132823.701740651
0.0.7810768,3.069201953369704,SUCCESS,0.0.731861,0.0.3951117&0.0.3964827,0.0.4138717@1779132825.552387409
0.0.1120575,545.0893039976258,SUCCESS,0.0.731861,0.0.3951117&0.0.3964804,0.0.4138717@1779132822.547868172
0.0.9273872,0.04464098212546874,SUCCESS,0.0.731861,0.0.3951117,0.0.4138717@1779132824.978700282
0.0.1515633,10.35035212246132,SUCCESS,0.0.731861,0.0.3951117,0.0.4138717@1779132823.329077667
0.0.850481,260.7162242339562,SUCCESS,0.0.731861,0.0.3951117,0.0.4138717@1779132827.885681427
0.0.1758196,2.362458539627855,SUCCESS,0.0.731861,0.0.3951117,0.0.4138717@1779132825.714264060
0.0.4555391,5.190041154189943,SUCCESS,0.0.731861,0.0.3951117,0.0.4138717@1779132829.070976423
0.0.8049278,0.2607615102133544,SUCCESS,0.0.731861,0.0.3951117,0.0.4138717@1779132826.220397291
0.0.1123889,6.389151433159566,SUCCESS,0.0.731861,0.0.3951117&0.0.3964804,0.0.4138717@1779132828.071820530
0.0.7726808,4.617402481414974,SUCCESS,0.0.731861,0.0.3951117,0.0.4138717@1779132828.378699806
0.0.834595,71.81059009887639,SUCCESS,0.0.731861,0.0.3951117&0.0.3964804&0.0.5328590,0.0.4138717@1779132829.913708089
0.0.1464418,21.59597939104875,SUCCESS,0.0.731861,0.0.3951117,0.0.4138717@1779132831.590979231
0.0.7555632,0.2621204863526038,SUCCESS,0.0.731861,0.0.3951117,0.0.4138717@1779132833.104542880
0.0.7989790,0.1087310364577141,SUCCESS,0.0.731861,0.0.3951117,0.0.4138717@1779132833.705824836
0.0.3706536,0.03011202852984881,SUCCESS,0.0.731861,0.0.3951117,0.0.4138717@1779132832.671362078
0.0.8013259,35211.86896567858,SUCCESS,0.0.731861,0.0.3951117,0.0.4138717@1779132831.975598587
0.0.5688804,7.430361740636078,SUCCESS,0.0.731861,0.0.3951117&0.0.3964827,0.0.4138717@1779132829.536478797
0.0.942605,2.729799832133414,SUCCESS,0.0.731861,0.0.3951117,0.0.4138717@1779132832.827242190
0.0.8068996,1.037443059354459,SUCCESS,0.0.731861,0.0.3951117&0.0.3964790&0.0.3964804&0.0.3964827&0.0.5328590,0.0.4138717@1779132831.287846452
0.0.8071373,3.973699672985755,SUCCESS,0.0.731861,0.0.3951117,0.0.4138717@1779132835.792672621
0.0.819005,36.80301742019537,SUCCESS,0.0.731861,0.0.3951117&0.0.5328590,0.0.4138717@1779132836.027463698
0.0.8212757,6.546113388645163,SUCCESS,0.0.731861,0.0.3951117,0.0.4138717@1779132833.336797905
0.0.8260017,0.6027090556997493,SUCCESS,0.0.731861,0.0.3951117&0.0.3964804,0.0.4138717@1779132833.264024265
0.0.2137668,117.4514409896667,SUCCESS,0.0.731861,0.0.3951117&0.0.3964804,0.0.4138717@1779132835.754170411
0.0.8382774,1.820230816932601,SUCCESS,0.0.731861,0.0.3951117&0.0.3964804&0.0.6071119,0.0.4138717@1779132836.912634112
0.0.3943340,0.3797831358029187,SUCCESS,0.0.731861,0.0.3951117,0.0.4138717@1779132834.857111349
0.0.1374442,842.3124008767691,SUCCESS,0.0.731861,0.0.3951117&0.0.3964804&0.0.4601632&0.0.5328590,0.0.4138717@1779132836.957556424
0.0.9299646,13.57842335427129,SUCCESS,0.0.731861,0.0.3951117,0.0.4138717@1779132838.751025933
0.0.10021410,0.2171341257722585,SUCCESS,0.0.731861,0.0.3951117,0.0.4138717@1779132837.483599763
0.0.10076247,2.803623401707581,SUCCESS,0.0.731861,0.0.3951117,0.0.4138717@1779132839.543104946
0.0.1340164,1089.527412898738,SUCCESS,0.0.731861,0.0.3951117&0.0.3964834,0.0.4138717@1779132840.204956223
0.0.735239,0.0002707541137392624,SUCCESS,0.0.731861,0.0.3951117,0.0.4138717@1779132838.443871069
0.0.9302147,62.34224503632653,SUCCESS,0.0.731861,0.0.3951117&0.0.5328590,0.0.4138717@1779132840.106436657
0.0.10122546,0.1868439329878962,SUCCESS,0.0.731861,0.0.3951117,0.0.4138717@1779132839.804354680
0.0.10169145,0.3204649939256649,SUCCESS,0.0.731861,0.0.3951117,0.0.4138717@1779132839.718149093
0.0.10230141,32.38294292077907,SUCCESS,0.0.731861,0.0.3951117,0.0.4138717@1779132843.778833499
0.0.8373509,96.137727096671,SUCCESS,0.0.731861,0.0.3951117&0.0.3961531&0.0.3964804&0.0.5328590,0.0.4138717@1779132842.212805163
0.0.1157855,2.358284249698555,SUCCESS,0.0.731861,0.0.3951117,0.0.4138717@1779132845.565484604
0.0.4432398,1.271185631605673,SUCCESS,0.0.731861,0.0.3951117,0.0.4138717@1779132846.598946661
0.0.10352676,2.95878083902874,SUCCESS,0.0.731861,0.0.3951117,0.0.4138717@1779132842.558381066
0.0.10301803,0.6488914090331335,SUCCESS,0.0.731861,0.0.3951117,0.0.4138717@1779132842.526069874
0.0.10117265,1.245248609510548,SUCCESS,0.0.731861,0.0.3951117,0.0.4138717@1779132847.454190663
0.0.8309441,0.9488454786058961,SUCCESS,0.0.731861,0.0.3951117,0.0.4138717@1779132845.425311018
0.0.10413601,64.44773697931777,SUCCESS,0.0.731861,0.0.3951117&0.0.3964804,0.0.4138717@1779132846.727102183
0.0.10430673,3223.668395808642,SUCCESS,0.0.731861,0.0.3951117&0.0.3964804&0.0.3964860&0.0.10414792,0.0.4138717@1779132846.891751030
0.0.1216661,2761.201407898115,SUCCESS,0.0.731861,0.0.3951117,0.0.4138717@1779132850.165393881
0.0.1988559,9.149870739115624,SUCCESS,0.0.731861,0.0.3951117&0.0.3961531&0.0.3964804,0.0.4138717@1779132851.103100409
0.0.9626972,1.472972792431856,SUCCESS,0.0.731861,0.0.3951117,0.0.4138717@1779132850.519405878
0.0.9359586,0.1516155760609995,SUCCESS,0.0.731861,0.0.3951117,0.0.4138717@1779132852.028147192
0.0.832852,112.2491528148267,SUCCESS,0.0.731861,0.0.3951117,0.0.4138717@1779132849.623778102
0.0.9404406,0.1188719862541655,SUCCESS,0.0.731861,0.0.3951117,0.0.4138717@1779132848.929882718
0.0.231224,118.4951095367733,SUCCESS,0.0.731861,0.0.3951117,0.0.4138717@1779132850.265499732
0.0.1110198,43.26550438821562,SUCCESS,0.0.731861,0.0.3951117,0.0.4138717@1779132853.567922812
0.0.650437,4.685070131038457,SUCCESS,0.0.731861,0.0.3951117&0.0.3961531&0.0.5328590,0.0.4138717@1779132853.226851256
0.0.8585089,304.6922491526718,SUCCESS,0.0.731861,0.0.3951117,0.0.4138717@1779132853.409960144
0.0.1115297,2.943823678197389,SUCCESS,0.0.731861,0.0.3951117,0.0.4138717@1779132856.378606237
0.0.7542917,0.5538704135637766,SUCCESS,0.0.731861,0.0.3951117,0.0.4138717@1779132852.215372806
0.0.9150357,55.07224574274605,NOT_ASSOCIATED,0.0.731861,0.0.3951117,
0.0.9344085,31.99855147622313,SUCCESS,0.0.731861,0.0.3951117&0.0.3964827&0.0.5328590,0.0.4138717@1779132857.412651965
0.0.9755401,6.74791919538764,SUCCESS,0.0.731861,0.0.3951117&0.0.4601632,0.0.4138717@1779132854.739509230
0.0.4329703,2.62441431988901,SUCCESS,0.0.731861,0.0.3951117,0.0.4138717@1779132856.727657049
0.0.4570964,27.71681088236145,SUCCESS,0.0.731861,0.0.3951117,0.0.4138717@1779132856.011060719
0.0.9958383,0.1723889066040441,SUCCESS,0.0.731861,0.0.3951117,0.0.4138717@1779132856.533067436
0.0.9723151,0.2631919051821042,SUCCESS,0.0.731861,0.0.3951117&0.0.3964795,0.0.4138717@1779132859.132345326
0.0.10031117,189.6246567572454,SUCCESS,0.0.731861,0.0.3951117,0.0.4138717@1779132857.219719522
0.0.10031118,27.21777533734265,SUCCESS,0.0.731861,0.0.3951117,0.0.4138717@1779132860.627638349
0.0.657648,823.604152923783,SUCCESS,0.0.731861,0.0.3951117&0.0.3961531&0.0.3964790,0.0.4138717@1779132860.872253961
0.0.139500,164.1991851995884,SUCCESS,0.0.731861,0.0.3951117&0.0.3964790&0.0.3964860,0.0.4138717@1779132859.983436759
0.0.7920605,55.81792203125065,SUCCESS,0.0.731861,0.0.3951117&0.0.3961531&0.0.3964790&0.0.5328590,0.0.4138717@1779132861.522922790
0.0.1123753,26.96523109342916,SUCCESS,0.0.731861,0.0.3951117&0.0.3964804&0.0.4129330,0.0.4138717@1779132857.996563769
0.0.3525426,95.36751842315657,SUCCESS,0.0.731861,0.0.3951117&0.0.3964790&0.0.3964804&0.0.3964808&0.0.3964860&0.0.4601632&0.0.5328590,0.0.4138717@1779132860.575403511
0.0.8485588,4191.7150199376,SUCCESS,0.0.731861,0.0.3951117,0.0.4138717@1779132861.820034399
0.0.1462225,15349.6925731318,SUCCESS,0.0.731861,0.0.3951117,0.0.4138717@1779132862.352291648
0.0.9430013,391.1065289394431,SUCCESS,0.0.731861,0.0.3951117,0.0.4138717@1779132860.965103385
0.0.4569835,0.02235114266994126,SUCCESS,0.0.731861,0.0.3951117,0.0.4138717@1779132865.112180709
0.0.6872459,3575.861684231118,SUCCESS,0.0.731861,0.0.3951117,0.0.4138717@1779132864.321373138
0.0.5244199,7.034849968785871,SUCCESS,0.0.731861,0.0.3951117,0.0.4138717@1779132865.637956219
0.0.9200436,46.42855345152795,SUCCESS,0.0.731861,0.0.3951117&0.0.3961531&0.0.3964808,0.0.4138717@1779132863.877037111
0.0.7891604,111.3140306032309,SUCCESS,0.0.731861,0.0.3951117,0.0.4138717@1779132867.003754495
0.0.9195929,425.0617369365708,SUCCESS,0.0.731861,0.0.3951117&0.0.3964804&0.0.5328590&0.0.8315114,0.0.4138717@1779132865.407531650
0.0.9120392,6.14581988395769,SUCCESS,0.0.731861,0.0.3951117&0.0.3964804&0.0.8315114,0.0.4138717@1779132868.749910891
0.0.3310398,2.004724655829782,SUCCESS,0.0.731861,0.0.3951117&0.0.3964804,0.0.4138717@1779132867.600422407
0.0.8899262,35.05453242186439,SUCCESS,0.0.731861,0.0.3951117,0.0.4138717@1779132867.962766062
0.0.7526203,14.13203675945697,SUCCESS,0.0.731861,0.0.3951117&0.0.3964804,0.0.4138717@1779132867.149312330
0.0.9104463,88.23832181675684,SUCCESS,0.0.731861,0.0.3951117&0.0.3964804,0.0.4138717@1779132870.169381339
0.0.490092,0.4361043878471796,SUCCESS,0.0.731861,0.0.3951117,0.0.4138717@1779132868.099476616
0.0.7680254,23.26332541022602,SUCCESS,0.0.731861,0.0.3951117&0.0.3961531&0.0.3964804,0.0.4138717@1779132866.166359923
0.0.9301583,433.8069667608019,SUCCESS,0.0.731861,0.0.3951117,0.0.4138717@1779132867.982657847
0.0.2183535,93.93276267029012,SUCCESS,0.0.731861,0.0.3951117&0.0.5328590&0.0.6071119,0.0.4138717@1779132866.741167702
0.0.4351536,14.22365737928574,SUCCESS,0.0.731861,0.0.3951117,0.0.4138717@1779132868.481040044
0.0.844585,113.5212293112209,SUCCESS,0.0.731861,0.0.3951117&0.0.3964804,0.0.4138717@1779132870.335800660
0.0.9318600,1514.174382101375,SUCCESS,0.0.731861,0.0.3951117,0.0.4138717@1779132871.438398915
0.0.9154738,19.11959942250236,SUCCESS,0.0.731861,0.0.3951117&0.0.3964804&0.0.3964827&0.0.6071119,0.0.4138717@1779132871.066741884
0.0.2994397,18.77993933331636,SUCCESS,0.0.731861,0.0.3951117,0.0.4138717@1779132871.918612224
0.0.9619890,197.6581417534149,SUCCESS,0.0.731861,0.0.3951117&0.0.3964804&0.0.3964808&0.0.3964834&0.0.3964840&0.0.6071119&0.0.8315114,0.0.4138717@1779132872.503047955
0.0.9597272,13.02835483738121,SUCCESS,0.0.731861,0.0.3951117,0.0.4138717@1779132875.056214690
0.0.5060163,1.189028204075293,SUCCESS,0.0.731861,0.0.3951117,0.0.4138717@1779132872.064659337
0.0.52231,55.88295993795172,SUCCESS,0.0.731861,0.0.3951117,0.0.4138717@1779132875.935293742
0.0.4570908,494.7539292086905,SUCCESS,0.0.731861,0.0.3951117&0.0.5328590,0.0.4138717@1779132875.552696042
0.0.835242,0.132428497919385,SUCCESS,0.0.731861,0.0.3951117,0.0.4138717@1779132875.725504528
0.0.8341357,38.32889859481584,SUCCESS,0.0.731861,0.0.3951117&0.0.5328590,0.0.4138717@1779132876.540728731
0.0.4349716,263.7582677028575,SUCCESS,0.0.731861,0.0.3951117&0.0.3964790&0.0.3964804&0.0.3964827&0.0.5328590&0.0.6078473,0.0.4138717@1779132874.074086233
0.0.10064213,9.039538463882645,SUCCESS,0.0.731861,0.0.3951117&0.0.3964804,0.0.4138717@1779132877.785621233
0.0.6374996,196.6864966725535,SUCCESS,0.0.731861,0.0.3951117&0.0.3964827&0.0.5328590,0.0.4138717@1779132878.822284322
0.0.10088944,12.04403541306092,SUCCESS,0.0.731861,0.0.3951117&0.0.3964804,0.0.4138717@1779132879.562346822
0.0.1904506,0.002062113023927058,SUCCESS,0.0.731861,0.0.3951117,0.0.4138717@1779132875.973754601
0.0.4858736,0.1469814647759419,SUCCESS,0.0.731861,0.0.3951117,0.0.4138717@1779132880.711565221
0.0.834443,396.3612804107228,SUCCESS,0.0.731861,0.0.3951117,0.0.4138717@1779132880.277491906
0.0.4430933,121.2146100050665,SUCCESS,0.0.731861,0.0.3951117&0.0.3964827,0.0.4138717@1779132879.152342860
0.0.4383878,1.001977140224601,SUCCESS,0.0.731861,0.0.3951117&0.0.6078459,0.0.4138717@1779132881.483889356
0.0.4324518,12.79606102337793,SUCCESS,0.0.731861,0.0.3951117,0.0.4138717@1779132881.965453700
0.0.5028724,0.01935477419051313,SUCCESS,0.0.731861,0.0.3951117,0.0.4138717@1779132881.439395691
0.0.5156210,0.04369491521879357,SUCCESS,0.0.731861,0.0.3951117&0.0.3964804,0.0.4138717@1779132884.376083067
0.0.5702270,532.8897274362748,SUCCESS,0.0.731861,0.0.3951117&0.0.4601632&0.0.5328590&0.0.6071119,0.0.4138717@1779132880.714688871
0.0.1458130,0.1424820531501682,SUCCESS,0.0.731861,0.0.3951117,0.0.4138717@1779132881.497105207
0.0.589629,0.006415522298510473,SUCCESS,0.0.731861,0.0.3951117,0.0.4138717@1779132883.458509135
0.0.664329,23.00042812933005,SUCCESS,0.0.731861,0.0.3951117&0.0.6071119&0.0.6126395,0.0.4138717@1779132882.932865019
0.0.6198709,19.63653593737628,SUCCESS,0.0.731861,0.0.3951117,0.0.4138717@1779132882.521787142
0.0.1872630,474.3087780258272,SUCCESS,0.0.731861,0.0.3951117&0.0.3964860&0.0.4601632,0.0.4138717@1779132882.191196923
0.0.696790,28.50822970579255,SUCCESS,0.0.731861,0.0.3951117&0.0.3964804,0.0.4138717@1779132886.698564794
0.0.1023730,7.747414406674322,SUCCESS,0.0.731861,0.0.3951117,0.0.4138717@1779132887.668376466
0.0.7129552,179.8393782959967,SUCCESS,0.0.731861,0.0.3951117&0.0.6071119,0.0.4138717@1779132888.252355494
0.0.1380352,5.134621041150166,SUCCESS,0.0.731861,0.0.3951117,0.0.4138717@1779132889.300276525
0.0.7287636,67870.8233849187,SUCCESS,0.0.731861,0.0.3951117&0.0.3961531&0.0.3964804&0.0.4601632&0.0.8315114&0.0.10093026,0.0.4138717@1779132888.463670233
0.0.5126364,54.98592154632206,SUCCESS,0.0.731861,0.0.3951117,0.0.4138717@1779132887.447641426
0.0.6270084,2797.371699196687,SUCCESS,0.0.731861,0.0.3951117&0.0.3964804,0.0.4138717@1779132886.663691748
0.0.7490874,4.614093348775437,SUCCESS,0.0.731861,0.0.3951117&0.0.3964804,0.0.4138717@1779132887.280811224
0.0.4331665,4.053725816183539,SUCCESS,0.0.731861,0.0.3951117,0.0.4138717@1779132888.673562822
0.0.4575306,0.01453831098702888,SUCCESS,0.0.731861,0.0.3951117,0.0.4138717@1779132887.166444943
0.0.1508462,110.7985221197614,SUCCESS,0.0.731861,0.0.3951117,0.0.4138717@1779132891.662315837
0.0.3872466,0.4115196111742231,SUCCESS,0.0.731861,0.0.3951117,0.0.4138717@1779132890.205779254
0.0.4591423,1.699351055350192,SUCCESS,0.0.731861,0.0.3951117&0.0.3964855&0.0.4601632,0.0.4138717@1779132892.576529769
0.0.3925109,0.0001504114093466326,SUCCESS,0.0.731861,0.0.3951117,0.0.4138717@1779132890.790616183
0.0.4433722,0.2321829143120699,SUCCESS,0.0.731861,0.0.3951117,0.0.4138717@1779132890.352196678
0.0.516971,7.381258483624375e-7,SUCCESS,0.0.731861,0.0.3951117&0.0.3964800&0.0.4129330,0.0.4138717@1779132894.844126061
0.0.4691881,2.202551618916639,SUCCESS,0.0.731861,0.0.3951117,0.0.4138717@1779132894.652030979
0.0.1512938,0.002444870538312207,SUCCESS,0.0.731861,0.0.3951117,0.0.4138717@1779132896.121578158
0.0.4339712,1.159951898714914,SUCCESS,0.0.731861,0.0.3951117,0.0.4138717@1779132895.127389687
0.0.1784251,6.496481709179241,SUCCESS,0.0.731861,0.0.3951117&0.0.3964804&0.0.3964837&0.0.4601632&0.0.5328590,0.0.4138717@1779132895.315970486
0.0.4754443,6.927494512399612,SUCCESS,0.0.731861,0.0.3951117&0.0.3964790&0.0.3964804,0.0.4138717@1779132897.021640034
0.0.1339713,275.7103281830376,SUCCESS,0.0.731861,0.0.3951117&0.0.5328590,0.0.4138717@1779132896.081467697
0.0.4745055,0.02121805545456515,SUCCESS,0.0.731861,0.0.3951117,0.0.4138717@1779132898.567271568
0.0.4338219,22.21779828265162,SUCCESS,0.0.731861,0.0.3951117,0.0.4138717@1779132896.174210760
0.0.4792831,0.01119682635873748,SUCCESS,0.0.731861,0.0.3951117,0.0.4138717@1779132897.753324110
0.0.1070346,5388.750626813149,SUCCESS,0.0.731861,0.0.3961531&0.0.3964795&0.0.3964800&0.0.3964837&0.0.3964840,0.0.4138717@1779132898.655164708
0.0.4723553,6.146951500978493,SUCCESS,0.0.731861,0.0.3961531,0.0.4138717@1779132899.084067890
0.0.10224088,127.7180538516934,NOT_ASSOCIATED,0.0.731861,0.0.3961531,
0.0.825672,195.8533682640849,SUCCESS,0.0.731861,0.0.3961531,0.0.4138717@1779132897.948990654
0.0.8183428,0.01250245500031384,SUCCESS,0.0.731861,0.0.3961531,0.0.4138717@1779132898.211659916
0.0.1303938,11.98363665257917,NOT_ASSOCIATED,0.0.731861,0.0.3961531,
0.0.1315254,6.140719277290374,SUCCESS,0.0.731861,0.0.3961531,0.0.4138717@1779132901.571163220
0.0.852692,8.188015327686502,SUCCESS,0.0.731861,0.0.3961531,0.0.4138717@1779132902.550307720
0.0.4362462,4.032983427902243,NOT_ASSOCIATED,0.0.731861,0.0.3961531,
0.0.897444,367.329770024492,SUCCESS,0.0.731861,0.0.3961531&0.0.3964790,0.0.4138717@1779132903.133940238
0.0.6095958,177.9296272279355,NOT_ASSOCIATED,0.0.731861,0.0.3961531&0.0.3964804,
0.0.1324436,0.004097918181163064,NOT_ASSOCIATED,0.0.731861,0.0.3961531,
0.0.8767225,6.121566832553944,SUCCESS,0.0.731861,0.0.3961531&0.0.3964804,0.0.4138717@1779132902.007279148
0.0.1372179,18.78522532301678,SUCCESS,0.0.731861,0.0.3961531&0.0.3964804,0.0.4138717@1779132905.184588686
0.0.836858,218.6460613408185,SUCCESS,0.0.731861,0.0.3961531,0.0.4138717@1779132903.191503159
0.0.5435669,0.7588772377890786,SUCCESS,0.0.731861,0.0.3961531,0.0.4138717@1779132905.236070453
0.0.935686,3.090306369541421,SUCCESS,0.0.731861,0.0.3961531,0.0.4138717@1779132903.481717370
0.0.6306847,2.445275254205949,SUCCESS,0.0.731861,0.0.3961531&0.0.3964804&0.0.3964827,0.0.4138717@1779132904.707293667
0.0.6143425,0.04145466047993944,SUCCESS,0.0.731861,0.0.3961531,0.0.4138717@1779132904.723931714
0.0.4367595,1.938096650449373,SUCCESS,0.0.731861,0.0.3961531,0.0.4138717@1779132906.429017074
0.0.948513,238.7513814192428,SUCCESS,0.0.731861,0.0.3961531,0.0.4138717@1779132903.972141327
0.0.877394,0.1103212534470244,NOT_ASSOCIATED,0.0.731861,0.0.3961531&0.0.3964804,
0.0.826988,94.9663660461812,NOT_ASSOCIATED,0.0.731861,0.0.3961531,
0.0.9279414,0.290384706391928,SUCCESS,0.0.731861,0.0.3961531,0.0.4138717@1779132907.502874759
0.0.892088,11.36840715362165,SUCCESS,0.0.731861,0.0.3961531,0.0.4138717@1779132905.076853621
0.0.1413657,57.1511048515971,SUCCESS,0.0.731861,0.0.3961531&0.0.4601632&0.0.5328590,0.0.4138717@1779132907.422632593
0.0.9353895,0.02777766696146947,SUCCESS,0.0.731861,0.0.3961531,0.0.4138717@1779132909.777987811
0.0.4853295,55.31455701728053,SUCCESS,0.0.731861,0.0.3961531&0.0.3964804,0.0.4138717@1779132908.092995498
0.0.9183843,2.723465932114719,NOT_ASSOCIATED,0.0.731861,0.0.3961531,
0.0.953101,220.0428519823422,SUCCESS,0.0.731861,0.0.3961531,0.0.4138717@1779132908.664225876
0.0.1093567,1.306857424925365,SUCCESS,0.0.731861,0.0.3961531&0.0.3964790,0.0.4138717@1779132908.984678373
0.0.839555,2.046228284799903,SUCCESS,0.0.731861,0.0.3961531,0.0.4138717@1779132908.209346342
0.0.1071830,1446.674924942293,SUCCESS,0.0.731861,0.0.3961531&0.0.3964795&0.0.3964800&0.0.3964804&0.0.3964837&0.0.3964855&0.0.3964840,0.0.4138717@1779132910.392875412
0.0.8355966,47.47361833318089,SUCCESS,0.0.731861,0.0.3961531,0.0.4138717@1779132911.031402510
0.0.3161254,128426.0779445923,SUCCESS,0.0.731861,0.0.3961531&0.0.3964804,0.0.4138717@1779132913.947441480
0.0.10095007,1.505971102296465,NOT_ASSOCIATED,0.0.731861,0.0.3961531,
0.0.10204459,7.787019122367289,SUCCESS,0.0.731861,0.0.3961531,0.0.4138717@1779132911.095176132
0.0.663264,5.31936456314823,SUCCESS,0.0.731861,0.0.3961531&0.0.3964790,0.0.4138717@1779132911.558243965
0.0.9210701,0.9402959722149075,FAIL,0.0.731861,0.0.3961531,
0.0.3169776,0.1043967079381957,SUCCESS,0.0.731861,0.0.3961531,0.0.4138717@1779132912.617039799
0.0.793410,1535.676063542736,SUCCESS,0.0.731861,0.0.3961531&0.0.3964827&0.0.5328590&0.0.6071041&0.0.8315114,0.0.4138717@1779132914.625859308
0.0.4715000,1.920785889194863,SUCCESS,0.0.731861,0.0.3961531,0.0.4138717@1779132914.315318443
0.0.863385,331.4898292906143,SUCCESS,0.0.731861,0.0.3961531,0.0.4138717@1779132916.857680451
0.0.1433179,1.296432826046415,SUCCESS,0.0.731861,0.0.3961531,0.0.4138717@1779132916.626573689
0.0.2963242,5.976224131460774,NOT_ASSOCIATED,0.0.731861,0.0.3961531,
0.0.1103540,0.4856965841099552,SUCCESS,0.0.731861,0.0.3961531&0.0.3964827,0.0.4138717@1779132918.759948828
0.0.4346141,124.3732666761008,SUCCESS,0.0.731861,0.0.3961531,0.0.4138717@1779132917.170545319
0.0.982207,5574.642131603256,SUCCESS,0.0.731861,0.0.3961531&0.0.3964790,0.0.4138717@1779132915.308485587
0.0.7560867,0.008571330839250553,SUCCESS,0.0.731861,0.0.3961531,0.0.4138717@1779132920.177612941
0.0.7571792,0.01368524178138346,SUCCESS,0.0.731861,0.0.3961531,0.0.4138717@1779132919.921418678
0.0.1910938,0.0854651861858541,SUCCESS,0.0.731861,0.0.3961531,0.0.4138717@1779132916.554879595
0.0.8378238,1.647161636945878,SUCCESS,0.0.731861,0.0.3961531,0.0.4138717@1779132918.966416983
0.0.1431202,4.482089385744084,SUCCESS,0.0.731861,0.0.3961531,0.0.4138717@1779132921.496658316
0.0.9405888,0.2537197654625308,SUCCESS,0.0.731861,0.0.3961531&0.0.3964804&0.0.5328590,0.0.4138717@1779132920.597500636
0.0.1340980,0.3467792610896858,SUCCESS,0.0.731861,0.0.3961531,0.0.4138717@1779132918.359879820
0.0.3687323,0.00002738402532990079,SUCCESS,0.0.731861,0.0.3961531,0.0.4138717@1779132919.751575397
0.0.7525727,2265.939340954195,SUCCESS,0.0.731861,0.0.3961531&0.0.3964827&0.0.5328590,0.0.4138717@1779132921.157777800
0.0.10090227,0.2442885046578428,SUCCESS,0.0.731861,0.0.3961531,0.0.4138717@1779132921.250788904
0.0.10124208,0.02452753857358009,SUCCESS,0.0.731861,0.0.3961531,0.0.4138717@1779132922.218167536
0.0.646656,0.6183297652439665,SUCCESS,0.0.731861,0.0.3961531,0.0.4138717@1779132920.828159549
0.0.10223842,18.96743391069102,SUCCESS,0.0.731861,0.0.3961531,0.0.4138717@1779132921.047681621
0.0.10291442,1686.944721628241,SUCCESS,0.0.731861,0.0.3961531,0.0.4138717@1779132925.723807289
0.0.7535835,11.23974481875105,SUCCESS,0.0.731861,0.0.3961531&0.0.3964790&0.0.6071119,0.0.4138717@1779132924.932883809
0.0.10359193,602.9491333727407,SUCCESS,0.0.731861,0.0.3961531&0.0.3964804&0.0.3964837&0.0.3964860&0.0.4601632&0.0.5328590,0.0.4138717@1779132922.842659656
0.0.6004406,6.422567734272906,SUCCESS,0.0.731861,0.0.3961531&0.0.3964827,0.0.4138717@1779132924.954107687
0.0.6435369,6.155297188080785,SUCCESS,0.0.731861,0.0.3961531,0.0.4138717@1779132925.084563849
0.0.1501041,1.325053236834067,SUCCESS,0.0.731861,0.0.3961531,0.0.4138717@1779132927.296193959
0.0.267573,203.6244704005591,SUCCESS,0.0.731861,0.0.3961531&0.0.3964837&0.0.3964855&0.0.4601632&0.0.5328590&0.0.6071041&0.0.6126395,0.0.4138717@1779132928.626933171
0.0.862821,19.1111913745334,SUCCESS,0.0.731861,0.0.3961531&0.0.3964790,0.0.4138717@1779132927.626993353
0.0.844965,0.1649359348980554,SUCCESS,0.0.731861,0.0.3961531,0.0.4138717@1779132929.312570946
0.0.1421971,77.53685581901664,SUCCESS,0.0.731861,0.0.3961531&0.0.6126395,0.0.4138717@1779132931.363606240
0.0.842210,40.75437594027628,SUCCESS,0.0.731861,0.0.3961531&0.0.3964804,0.0.4138717@1779132927.762982274
0.0.1152713,47034.74755993676,SUCCESS,0.0.731861,0.0.3961531&0.0.3964790&0.0.10387648&0.0.10418141,0.0.4138717@1779132930.683951723
0.0.2022247,1324.537591093307,SUCCESS,0.0.731861,0.0.3961531,0.0.4138717@1779132929.399840317
0.0.10278400,90.44219925267359,NOT_ASSOCIATED,0.0.731861,0.0.3961531&0.0.3964840&0.0.5328590,
0.0.10268439,94.41468776036493,SUCCESS,0.0.731861,0.0.3961531&0.0.3964790&0.0.3964804&0.0.5328590,0.0.4138717@1779132929.020447310
0.0.4594903,28.12075695973063,SUCCESS,0.0.731861,0.0.3961531&0.0.3964790&0.0.3964804,0.0.4138717@1779132930.194514036
0.0.4707801,0.2564684430403785,NOT_ASSOCIATED,0.0.731861,0.0.3961531,
0.0.835929,0.00001689084779211236,SUCCESS,0.0.731861,0.0.3961531&0.0.3964790&0.0.3964804&0.0.4129330&0.0.4601632&0.0.5328590,0.0.4138717@1779132930.430464875
0.0.4639603,0.005020500497149074,NOT_ASSOCIATED,0.0.731861,0.0.3961531,
0.0.1696471,246.4835263475971,SUCCESS,0.0.731861,0.0.3961531&0.0.3964804,0.0.4138717@1779132930.299466871
0.0.1292697,24.96463589746483,SUCCESS,0.0.731861,0.0.3961531,0.0.4138717@1779132935.928422872
0.0.5807981,5.801096456671371,SUCCESS,0.0.731861,0.0.3964790,0.0.4138717@1779132935.718643774
0.0.10483303,0.2000244442189389,SUCCESS,0.0.731861,0.0.3964790,0.0.4138717@1779132934.105627889
0.0.837751,0.003812038462909984,SUCCESS,0.0.731861,0.0.3964790,0.0.4138717@1779132937.749190415
0.0.920901,350.1081612622463,SUCCESS,0.0.731861,0.0.3964790&0.0.3964804,0.0.4138717@1779132936.802686088
0.0.842540,17.99996644517632,SUCCESS,0.0.731861,0.0.3964790,0.0.4138717@1779132935.728248705
0.0.1314568,4086.849592703422,SUCCESS,0.0.731861,0.0.3964790,0.0.4138717@1779132938.056748855
0.0.916853,20.66946052555772,SUCCESS,0.0.731861,0.0.3964790,0.0.4138717@1779132938.303049571
0.0.835202,0.0007466894908154514,SUCCESS,0.0.731861,0.0.3964790,0.0.4138717@1779132938.342398664
0.0.1288450,4.390211580310281,SUCCESS,0.0.731861,0.0.3964790,0.0.4138717@1779132938.226308206
0.0.859176,1.388028366535387,SUCCESS,0.0.731861,0.0.3964790,0.0.4138717@1779132938.505676835
0.0.4157394,0.0002033976832509959,SUCCESS,0.0.731861,0.0.3964790,0.0.4138717@1779132940.279532635
0.0.4363785,20.47089072752658,SUCCESS,0.0.731861,0.0.3964790,0.0.4138717@1779132939.288062960
0.0.4328823,1.848393861699083,SUCCESS,0.0.731861,0.0.3964790&0.0.5328590,0.0.4138717@1779132938.770860076
0.0.1703452,88.47501197271934,SUCCESS,0.0.731861,0.0.3964790&0.0.3964804,0.0.4138717@1779132938.763645834
0.0.3774696,0.002892795639717041,SUCCESS,0.0.731861,0.0.3964790,0.0.4138717@1779132937.916584413
0.0.4819535,0.01294435745163519,SUCCESS,0.0.731861,0.0.3964790,0.0.4138717@1779132942.658242367
0.0.732798,2.201165231492964,SUCCESS,0.0.731861,0.0.3964790&0.0.3964804&0.0.4129330,0.0.4138717@1779132941.996139859
0.0.794506,192.5806757972319,SUCCESS,0.0.731861,0.0.3964790&0.0.5328590,0.0.4138717@1779132942.794816568
0.0.5374006,0.06930599520535186,SUCCESS,0.0.731861,0.0.3964790&0.0.4601632,0.0.4138717@1779132940.461405022
0.0.858310,0.1678191085811294,SUCCESS,0.0.731861,0.0.3964790,0.0.4138717@1779132940.633789121
0.0.4540904,9.755580669839839,SUCCESS,0.0.731861,0.0.3964790&0.0.3964804&0.0.3964855,0.0.4138717@1779132944.867990805
0.0.3938365,67.17792654186569,SUCCESS,0.0.731861,0.0.3964790&0.0.3964837,0.0.4138717@1779132944.702459362
0.0.2174952,7.335357177809992,SUCCESS,0.0.731861,0.0.3964790&0.0.3964804&0.0.3964834,0.0.4138717@1779132942.398868849
0.0.4784258,13.41692911317082,SUCCESS,0.0.731861,0.0.3964790&0.0.3964804&0.0.3964855,0.0.4138717@1779132943.809465799
0.0.27463,3.975976939968734,SUCCESS,0.0.731861,0.0.3964790,0.0.4138717@1779132943.300812130
0.0.6075972,0.538582209863198,SUCCESS,0.0.731861,0.0.3964790,0.0.4138717@1779132944.615559336
0.0.7607102,0.1242405094796051,SUCCESS,0.0.731861,0.0.3964790&0.0.3964804,0.0.4138717@1779132946.990608757
0.0.3304469,124.5923033205326,SUCCESS,0.0.731861,0.0.3964790&0.0.3964827,0.0.4138717@1779132945.388412309
0.0.966009,0.3223841673306483,SUCCESS,0.0.731861,0.0.3964790,0.0.4138717@1779132945.559931993
0.0.877481,3166.887587409577,SUCCESS,0.0.731861,0.0.3964790&0.0.5328590,0.0.4138717@1779132948.109485392
0.0.4371196,2.344891857223354,SUCCESS,0.0.731861,0.0.3964790,0.0.4138717@1779132950.061090049
0.0.8291825,14.63616622239327,SUCCESS,0.0.731861,0.0.3964790&0.0.3964804,0.0.4138717@1779132946.578322254
0.0.4367730,1.296408984043877,SUCCESS,0.0.731861,0.0.3964790,0.0.4138717@1779132949.955726815
0.0.9365757,74.58032273490919,SUCCESS,0.0.731861,0.0.3964790&0.0.3964795&0.0.3964800&0.0.3964804&0.0.3964808&0.0.3964840&0.0.5328590,0.0.4138717@1779132951.994942461
0.0.9301501,0.5630921751329003,SUCCESS,0.0.731861,0.0.3964790&0.0.5328590,0.0.4138717@1779132950.550463952
0.0.9400801,8028.419844167015,SUCCESS,0.0.731861,0.0.3964790&0.0.3964855&0.0.4129330&0.0.4601632&0.0.5328590,0.0.4138717@1779132952.819446766
0.0.795838,1.010413022682351,SUCCESS,0.0.731861,0.0.3964790&0.0.3964804,0.0.4138717@1779132953.046818542
0.0.4759022,0.02415354415437856,SUCCESS,0.0.731861,0.0.3964790,0.0.4138717@1779132953.530823009
0.0.4384266,1.425399189777579,SUCCESS,0.0.731861,0.0.3964790,0.0.4138717@1779132951.296607204
0.0.4205079,0.5719747069538098,SUCCESS,0.0.731861,0.0.3964790,0.0.4138717@1779132953.680705581
0.0.4337852,1.592363186218791,SUCCESS,0.0.731861,0.0.3964790,0.0.4138717@1779132951.712435781
0.0.6043615,32.73838770266202,SUCCESS,0.0.731861,0.0.3964790&0.0.3964827&0.0.3964855&0.0.3964840&0.0.5328590&0.0.6071041&0.0.8315114,0.0.4138717@1779132955.263682149
0.0.1073086,0.2861248161790113,SUCCESS,0.0.731861,0.0.3964790&0.0.3964860,0.0.4138717@1779132952.824873560
0.0.6047264,0.05366282986812428,SUCCESS,0.0.731861,0.0.3964790,0.0.4138717@1779132952.978245456
0.0.813712,0.3369748055754329,SUCCESS,0.0.731861,0.0.3964790,0.0.4138717@1779132957.188483652
0.0.3854083,0.1163187214114481,SUCCESS,0.0.731861,0.0.3964790,0.0.4138717@1779132955.314796536
0.0.1416793,0.3086696617795681,SUCCESS,0.0.731861,0.0.3964790,0.0.4138717@1779132957.236189591
0.0.4713784,3.267536238453414,SUCCESS,0.0.731861,0.0.3964790&0.0.3964827,0.0.4138717@1779132955.161238573
0.0.2117864,8.502459605554126,SUCCESS,0.0.731861,0.0.3964790,0.0.4138717@1779132954.919521799
0.0.8267043,0.3538343945984227,SUCCESS,0.0.731861,0.0.3964790&0.0.5328590,0.0.4138717@1779132956.670198301
0.0.8447885,0.9845294942022069,SUCCESS,0.0.731861,0.0.3964790,0.0.4138717@1779132959.950627587
0.0.4330338,0.00001673919618915967,SUCCESS,0.0.731861,0.0.3964790,0.0.4138717@1779132960.490447406
0.0.8352642,103.7973933827751,SUCCESS,0.0.731861,0.0.3964790&0.0.3964804&0.0.4601632,0.0.4138717@1779132958.342574608
0.0.1504445,2.501384771958515,SUCCESS,0.0.731861,0.0.3964790,0.0.4138717@1779132959.893706306
0.0.3903731,3.150291659081641e-7,NOT_ASSOCIATED,0.0.731861,0.0.3964790,
0.0.9960625,7.8932922918876e-9,SUCCESS,0.0.731861,0.0.3964790,0.0.4138717@1779132961.230637433
0.0.8054459,4.327524174271367,SUCCESS,0.0.731861,0.0.3964790&0.0.3964804,0.0.4138717@1779132958.696527796
0.0.4574338,0.0001232035963986005,SUCCESS,0.0.731861,0.0.3964790,0.0.4138717@1779132959.936413978
0.0.10135295,19.8432722763468,SUCCESS,0.0.731861,0.0.3964790&0.0.3964827,0.0.4138717@1779132962.352070787
0.0.7896827,0.04434117363613008,SUCCESS,0.0.731861,0.0.3964790&0.0.6071041,0.0.4138717@1779132962.937808443
0.0.5326504,0.008709631065813914,SUCCESS,0.0.731861,0.0.3964790,0.0.4138717@1779132958.987604031
0.0.1093612,2.061977274987965,SUCCESS,0.0.731861,0.0.3964790&0.0.3964804,0.0.4138717@1779132965.125266696
0.0.4908409,0.002130268679393698,SUCCESS,0.0.731861,0.0.3964790,0.0.4138717@1779132962.173094542
0.0.3926190,0.0002992992090262008,SUCCESS,0.0.731861,0.0.3964790,0.0.4138717@1779132963.037165709
0.0.10023501,1.439166396907008e-8,SUCCESS,0.0.731861,0.0.3964790,0.0.4138717@1779132961.204974667
0.0.817883,0.01968193990132053,SUCCESS,0.0.731861,0.0.3964790,0.0.4138717@1779132966.189642960
0.0.1085174,1283.424860420142,SUCCESS,0.0.731861,0.0.3964790&0.0.10387648,0.0.4138717@1779132963.483378575
0.0.1037917,0.9690446630219485,SUCCESS,0.0.731861,0.0.3964790,0.0.4138717@1779132966.800999382
0.0.1082789,8216.999161019845,SUCCESS,0.0.731861,0.0.3964790,0.0.4138717@1779132967.140626136
0.0.10169893,5.426074506892785,SUCCESS,0.0.731861,0.0.3964790,0.0.4138717@1779132965.626117771
0.0.4355907,0.1842381564971462,SUCCESS,0.0.731861,0.0.3964790,0.0.4138717@1779132964.562572240
0.0.1408633,8.179823943401535,SUCCESS,0.0.731861,0.0.3964790&0.0.3964837&0.0.3964855&0.0.6078459,0.0.4138717@1779132965.528588082
0.0.10164571,2.074765683949772,SUCCESS,0.0.731861,0.0.3964790,0.0.4138717@1779132969.038008118
0.0.10110159,2.230408606917348e-8,SUCCESS,0.0.731861,0.0.3964790,0.0.4138717@1779132969.760866503
0.0.10060744,0.003382636106016355,SUCCESS,0.0.731861,0.0.3964790,0.0.4138717@1779132970.064164699
0.0.10030621,0.00001244513816942655,SUCCESS,0.0.731861,0.0.3964790,0.0.4138717@1779132967.873907402
0.0.1380166,0.0003060413945234914,SUCCESS,0.0.731861,0.0.3964790,0.0.4138717@1779132969.052277580
0.0.942926,1580.207875591856,SUCCESS,0.0.731861,0.0.3964790,0.0.4138717@1779132972.167341739
0.0.851754,1.241509802782108,NOT_ASSOCIATED,0.0.731861,0.0.3964795,
0.0.1486871,582.9717674862621,SUCCESS,0.0.731861,0.0.3964795&0.0.3964800&0.0.3964804&0.0.3964834&0.0.3964840,0.0.4138717@1779132969.907154742
0.0.883477,326.3481079599036,SUCCESS,0.0.731861,0.0.3964795&0.0.3964800,0.0.4138717@1779132972.671364181
0.0.1512214,6.225093728448853,SUCCESS,0.0.731861,0.0.3964795&0.0.3964800&0.0.3964804&0.0.3964840&0.0.4601632&0.0.6071074,0.0.4138717@1779132975.695977228
0.0.4320148,3.533934473785119,SUCCESS,0.0.731861,0.0.3964795&0.0.5328590&0.0.10092996&0.0.10093026,0.0.4138717@1779132975.169919800
0.0.1006425,142.2596305966675,SUCCESS,0.0.731861,0.0.3964795&0.0.3964827,0.0.4138717@1779132973.652046258
0.0.9579116,80.44326996193436,SUCCESS,0.0.731861,0.0.3964795&0.0.3964804,0.0.4138717@1779132976.586667225
0.0.3100704,8505.806071903187,SUCCESS,0.0.731861,0.0.3964795&0.0.3964804&0.0.3964860&0.0.4601632&0.0.5328590,0.0.4138717@1779132974.068692433
0.0.9823669,20.37718408127338,SUCCESS,0.0.731861,0.0.3964795,0.0.4138717@1779132977.371507874
0.0.4758211,876.6872742307083,SUCCESS,0.0.731861,0.0.3964795,0.0.4138717@1779132976.289616395
0.0.2101943,1.795278652504597,SUCCESS,0.0.731861,0.0.3964795&0.0.3964804&0.0.3964821,0.0.4138717@1779132980.120377186
0.0.10076786,0.0008936540311282434,SUCCESS,0.0.731861,0.0.3964795,0.0.4138717@1779132976.756259036
0.0.731707,0.2701367729608053,SUCCESS,0.0.731861,0.0.3964800&0.0.4601632,0.0.4138717@1779132977.119424801
0.0.10456759,2301.316207600109,SUCCESS,0.0.731861,0.0.3964800&0.0.3964804,0.0.4138717@1779132979.031691438
0.0.8229616,1410.738536971638,SUCCESS,0.0.731861,0.0.3964800&0.0.4601632&0.0.6071074,0.0.4138717@1779132979.662572399
0.0.10454720,884.5064391921765,SUCCESS,0.0.731861,0.0.3964800,0.0.4138717@1779132980.606114488
0.0.855796,174.2283791002544,SUCCESS,0.0.731861,0.0.3964800,0.0.4138717@1779132978.322865638
0.0.2960128,7082.329988435539,SUCCESS,0.0.731861,0.0.3964800&0.0.3964827&0.0.3964837&0.0.5328590,0.0.4138717@1779132980.001967699
0.0.4423729,159.1884822967617,SUCCESS,0.0.731861,0.0.3964800&0.0.3964804&0.0.3964834,0.0.4138717@1779132981.224230443
0.0.10461872,0.1728161097389554,SUCCESS,0.0.731861,0.0.3964804,0.0.4138717@1779132980.698071412
0.0.4821795,0.9855763348456048,SUCCESS,0.0.731861,0.0.3964804,0.0.4138717@1779132981.644409853
0.0.1067361,553.1879721802345,SUCCESS,0.0.731861,0.0.3964804&0.0.5328590,0.0.4138717@1779132984.666686246
0.0.4766806,3.270454515314248,SUCCESS,0.0.731861,0.0.3964804,0.0.4138717@1779132983.682305701
0.0.8118671,106.4455234221667,SUCCESS,0.0.731861,0.0.3964804,0.0.4138717@1779132983.193276759
0.0.604463,5.428205922066194,SUCCESS,0.0.731861,0.0.3964804&0.0.5328590,0.0.4138717@1779132985.519449135
0.0.10237154,3.948494904701057,SUCCESS,0.0.731861,0.0.3964804,0.0.4138717@1779132982.925626564
0.0.8495235,6.662014279374258,SUCCESS,0.0.731861,0.0.3964804,0.0.4138717@1779132985.644335619
0.0.10358044,885.4034260848515,SUCCESS,0.0.731861,0.0.3964804,0.0.4138717@1779132987.789858088
0.0.10473539,59.91000688196198,SUCCESS,0.0.731861,0.0.3964804&0.0.3964860,0.0.4138717@1779132989.021000913
0.0.9168967,15.37374369912707,SUCCESS,0.0.731861,0.0.3964804&0.0.3964827&0.0.5328590&0.0.6071074,0.0.4138717@1779132988.445796681
0.0.10427913,0.6258047503031388,NOT_ASSOCIATED,0.0.731861,0.0.3964804,
0.0.9340462,37.28558282049391,SUCCESS,0.0.731861,0.0.3964804,0.0.4138717@1779132987.253370372
0.0.4329185,8.054905403331322,SUCCESS,0.0.731861,0.0.3964804,0.0.4138717@1779132985.686155936
0.0.732615,1552.947651411589,SUCCESS,0.0.731861,0.0.3964804&0.0.3964808,0.0.4138717@1779132986.735569821
0.0.1686527,0.06720315467903995,SUCCESS,0.0.731861,0.0.3964804,0.0.4138717@1779132987.910631233
0.0.8213379,0.002049473070358738,SUCCESS,0.0.731861,0.0.3964804,0.0.4138717@1779132988.491116957
0.0.8570223,2.064614763888753,SUCCESS,0.0.731861,0.0.3964804,0.0.4138717@1779132987.448539511
0.0.8023334,1.568306342475402,SUCCESS,0.0.731861,0.0.3964804,0.0.4138717@1779132991.600749426
0.0.684625,20.28696408152856,SUCCESS,0.0.731861,0.0.3964804&0.0.3964860,0.0.4138717@1779132991.196413101
0.0.3709566,0.08387315595046448,SUCCESS,0.0.731861,0.0.3964804,0.0.4138717@1779132989.569545950
0.0.6076526,0.8735674199089852,SUCCESS,0.0.731861,0.0.3964804,0.0.4138717@1779132990.440138111
0.0.10088400,2.555836009226945,SUCCESS,0.0.731861,0.0.3964804,0.0.4138717@1779132993.571519198
0.0.885953,596.2852143924774,SUCCESS,0.0.731861,0.0.3964804,0.0.4138717@1779132990.175351835
0.0.1321462,4.658640432925987,SUCCESS,0.0.731861,0.0.3964804,0.0.4138717@1779132992.033431268
0.0.10151415,15.41904580725635,SUCCESS,0.0.731861,0.0.3964804,0.0.4138717@1779132993.704750478
0.0.832543,181.1633702318241,SUCCESS,0.0.731861,0.0.3964804,0.0.4138717@1779132995.367255915
0.0.10034010,0.1564258671170881,SUCCESS,0.0.731861,0.0.3964804,0.0.4138717@1779132995.553775580
0.0.10465417,3.393040048301031,NOT_ASSOCIATED,0.0.731861,0.0.3964804,
0.0.5159009,443.6643445735752,SUCCESS,0.0.731861,0.0.3964804,0.0.4138717@1779132994.874354920
0.0.4157253,329.8926583096508,SUCCESS,0.0.731861,0.0.3964804,0.0.4138717@1779132997.109545274
0.0.9417458,25.06127211045777,SUCCESS,0.0.731861,0.0.3964804,0.0.4138717@1779132998.311635999
0.0.815643,169.3081160712388,SUCCESS,0.0.731861,0.0.3964804,0.0.4138717@1779132994.882082534
0.0.9144627,400.495205275492,SUCCESS,0.0.731861,0.0.3964804&0.0.4601632,0.0.4138717@1779132994.965361063
0.0.2015584,28.98080365569719,SUCCESS,0.0.731861,0.0.3964804,0.0.4138717@1779132998.436192197
0.0.3327498,12.35001822611901,SUCCESS,0.0.731861,0.0.3964804,0.0.4138717@1779132997.928580529
0.0.1178547,4.038263090639144,SUCCESS,0.0.731861,0.0.3964804,0.0.4138717@1779132999.174778070
0.0.1385696,540.4235707474758,SUCCESS,0.0.731861,0.0.3964804,0.0.4138717@1779133000.027626427
0.0.8742796,22.58652985796351,SUCCESS,0.0.731861,0.0.3964804,0.0.4138717@1779132995.741718174
0.0.823147,1148.926798476695,SUCCESS,0.0.731861,0.0.3964804,0.0.4138717@1779132996.094528759
0.0.8120088,1.80880442801834,SUCCESS,0.0.731861,0.0.3964804,0.0.4138717@1779132999.786574559
0.0.6063136,0.04673476630807068,SUCCESS,0.0.731861,0.0.3964804,0.0.4138717@1779133000.260654202
0.0.6064013,34.42163769818576,SUCCESS,0.0.731861,0.0.3964804,0.0.4138717@1779132999.332823986
0.0.5313474,1.284157603235841,SUCCESS,0.0.731861,0.0.3964804,0.0.4138717@1779133001.816795687
0.0.4725260,2.701104062807293,SUCCESS,0.0.731861,0.0.3964804,0.0.4138717@1779133000.973549609
0.0.838388,428.3513851085991,SUCCESS,0.0.731861,0.0.3964804,0.0.4138717@1779133000.083428829
0.0.1316658,7.699932047065535,SUCCESS,0.0.731861,0.0.3964804,0.0.4138717@1779133003.842166702
0.0.1514634,505.199103870624,SUCCESS,0.0.731861,0.0.3964804,0.0.4138717@1779133002.612708508
0.0.1503602,2.691743682934729,SUCCESS,0.0.731861,0.0.3964804,0.0.4138717@1779133001.302636995
0.0.7553528,412.7821379966944,SUCCESS,0.0.731861,0.0.3964804,0.0.4138717@1779133004.634387725
0.0.5850916,0.7606116233617548,SUCCESS,0.0.731861,0.0.3964804,0.0.4138717@1779133004.314892440
0.0.10227517,9.101008581495968,SUCCESS,0.0.731861,0.0.3964804,0.0.4138717@1779133006.876247296
0.0.9377932,1.153947744810411,SUCCESS,0.0.731861,0.0.3964804,0.0.4138717@1779133006.757584756
0.0.8131527,0.0625272844420206,NOT_ASSOCIATED,0.0.731861,0.0.3964804,
0.0.9362153,2.53499092939135,SUCCESS,0.0.731861,0.0.3964804,0.0.4138717@1779133007.430463073
0.0.10470756,1.680345394557664,SUCCESS,0.0.731861,0.0.3964804,0.0.4138717@1779133006.383105603
0.0.4229971,4.346588070574883,SUCCESS,0.0.731861,0.0.3964804,0.0.4138717@1779133006.123541251
0.0.10386407,246.7224114587983,SUCCESS,0.0.731861,0.0.3964804,0.0.4138717@1779133009.165397348
0.0.4337383,3.526735713774033,SUCCESS,0.0.731861,0.0.3964804,0.0.4138717@1779133006.086936332
0.0.1478185,14.25903006252674,SUCCESS,0.0.731861,0.0.3964804,0.0.4138717@1779133008.130257868
0.0.8084528,326.9142223990979,SUCCESS,0.0.731861,0.0.3964804,0.0.4138717@1779133009.873147939
0.0.1106819,19.78270639136947,SUCCESS,0.0.731861,0.0.3964804,0.0.4138717@1779133012.767250822
0.0.4161393,281.3623383390275,SUCCESS,0.0.731861,0.0.3964804&0.0.3964837,0.0.4138717@1779133011.482547657
0.0.7989176,276.3971180400338,SUCCESS,0.0.731861,0.0.3964804,0.0.4138717@1779133009.887700606
0.0.4138268,64.36557906671321,SUCCESS,0.0.731861,0.0.3964804,0.0.4138717@1779133010.248911641
0.0.3288713,176.1773469217669,SUCCESS,0.0.731861,0.0.3964804&0.0.5328590,0.0.4138717@1779133012.860587639
0.0.9112742,1.193389118357601,SUCCESS,0.0.731861,0.0.3964804,0.0.4138717@1779133014.525474167
0.0.10295710,1.913537875308996,SUCCESS,0.0.731861,0.0.3964804,0.0.4138717@1779133013.360307899
0.0.10454179,3.395138001466062,SUCCESS,0.0.731861,0.0.3964804,0.0.4138717@1779133013.032293614
0.0.10442094,34.17140338239641,SUCCESS,0.0.731861,0.0.3964804,0.0.4138717@1779133013.030972432
0.0.7285744,0.2123995525037728,SUCCESS,0.0.731861,0.0.3964804,0.0.4138717@1779133015.899376036
0.0.7920282,0.0685029963126493,SUCCESS,0.0.731861,0.0.3964804,0.0.4138717@1779133013.869222615
0.0.3003013,66.46773930331514,SUCCESS,0.0.731861,0.0.3964804,0.0.4138717@1779133013.709265309
0.0.4799094,1.103589850607032,SUCCESS,0.0.731861,0.0.3964804,0.0.4138717@1779133016.578839968
0.0.4319619,1.368966166665593,SUCCESS,0.0.731861,0.0.3964804,0.0.4138717@1779133016.857751366
0.0.8120693,16.22422145215554,SUCCESS,0.0.731861,0.0.3964804,0.0.4138717@1779133019.388942559
0.0.4743054,0.5559760666109604,SUCCESS,0.0.731861,0.0.3964804&0.0.8315114,0.0.4138717@1779133019.059566647
0.0.6469391,155.7143120313319,SUCCESS,0.0.731861,0.0.3964804&0.0.3964837,0.0.4138717@1779133016.082673627
0.0.658160,1.726622596753942,SUCCESS,0.0.731861,0.0.3964804&0.0.8315114,0.0.4138717@1779133018.772760158
0.0.10435638,1.706422962509364,SUCCESS,0.0.731861,0.0.3964804,0.0.4138717@1779133020.565763339
0.0.10422583,155.9620260938815,SUCCESS,0.0.731861,0.0.3964804&0.0.3964808,0.0.4138717@1779133018.803544272
0.0.10420688,3.60391634209402,SUCCESS,0.0.731861,0.0.3964804,0.0.4138717@1779133017.690407863
0.0.911691,338.523873236085,SUCCESS,0.0.731861,0.0.3964804&0.0.5328590,0.0.4138717@1779133019.503208733
0.0.10420709,1.093886230676793,SUCCESS,0.0.731861,0.0.3964804,0.0.4138717@1779133019.654223097
0.0.10420713,0.7939633450959638,SUCCESS,0.0.731861,0.0.3964804,0.0.4138717@1779133019.175080445
0.0.1388678,51.26835192903776,SUCCESS,0.0.731861,0.0.3964804,0.0.4138717@1779133023.272550562
0.0.848151,3.799032889113111,SUCCESS,0.0.731861,0.0.3964804,0.0.4138717@1779133023.372668500
0.0.6061106,4.628296743211486,NOT_ASSOCIATED,0.0.731861,0.0.3964804,
0.0.846992,17.0792038723621,SUCCESS,0.0.731861,0.0.3964804,0.0.4138717@1779133023.315056718
0.0.7965335,18.73700588685756,NOT_ASSOCIATED,0.0.731861,0.0.3964804,
0.0.8076778,0.0168367006655971,SUCCESS,0.0.731861,0.0.3964804,0.0.4138717@1779133022.859612474
0.0.2964523,224.8802930799431,SUCCESS,0.0.731861,0.0.3964804&0.0.3964860,0.0.4138717@1779133024.533051506
0.0.8083173,4.930872868394101,SUCCESS,0.0.731861,0.0.3964804,0.0.4138717@1779133024.202058081
0.0.4388693,2.004862459722084,SUCCESS,0.0.731861,0.0.3964804&0.0.4601632,0.0.4138717@1779133023.162258586
0.0.4315395,0.9520751505454106,SUCCESS,0.0.731861,0.0.3964804,0.0.4138717@1779133026.304912773
0.0.8131537,7.877079058024614,SUCCESS,0.0.731861,0.0.3964804,0.0.4138717@1779133027.354064710
0.0.1467538,7.873411309737699,SUCCESS,0.0.731861,0.0.3964804,0.0.4138717@1779133028.411967927
0.0.3847179,6.010700536288866,SUCCESS,0.0.731861,0.0.3964804,0.0.4138717@1779133024.746630318
0.0.981571,0.7746396177690648,SUCCESS,0.0.731861,0.0.3964804,0.0.4138717@1779133027.120484653
0.0.1021958,32.93430641447179,SUCCESS,0.0.731861,0.0.3964804,0.0.4138717@1779133025.778276202
0.0.7732467,10.87605208639089,SUCCESS,0.0.731861,0.0.3964804&0.0.3964827,0.0.4138717@1779133030.382549252
0.0.7924085,0.1868921856796076,SUCCESS,0.0.731861,0.0.3964804,0.0.4138717@1779133029.908500698
0.0.844131,3.029260652084933,SUCCESS,0.0.731861,0.0.3964804,0.0.4138717@1779133027.005561858
0.0.6294131,0.0002501855067678242,SUCCESS,0.0.731861,0.0.3964804,0.0.4138717@1779133027.151081273
0.0.2116216,33.66098193525349,SUCCESS,0.0.731861,0.0.3964804,0.0.4138717@1779133031.936392935
0.0.1754370,0.3998790070361873,SUCCESS,0.0.731861,0.0.3964804,0.0.4138717@1779133028.815653576
0.0.8227507,4.857798385742975,SUCCESS,0.0.731861,0.0.3964804,0.0.4138717@1779133029.351353650
0.0.3241611,4.070520307138045,SUCCESS,0.0.731861,0.0.3964804,0.0.4138717@1779133031.835107035
0.0.7938061,0.5533661681322747,SUCCESS,0.0.731861,0.0.3964804,0.0.4138717@1779133031.995440997
0.0.8002341,2.481053920747681,SUCCESS,0.0.731861,0.0.3964804,0.0.4138717@1779133030.584292862
0.0.7166497,0.6771980775939095,SUCCESS,0.0.731861,0.0.3964804,0.0.4138717@1779133035.395612850
0.0.8209705,1.170384199296129,SUCCESS,0.0.731861,0.0.3964804,0.0.4138717@1779133032.756020601
0.0.1369825,1039.653270644989,SUCCESS,0.0.731861,0.0.3964804&0.0.3964827&0.0.4601632&0.0.6071041&0.0.6126395,0.0.4138717@1779133031.439224493
0.0.1404010,0.03847750733501031,NOT_ASSOCIATED,0.0.731861,0.0.3964804,
0.0.1261132,4.394481546348102,SUCCESS,0.0.731861,0.0.3964804,0.0.4138717@1779133035.490393404
0.0.7816479,145.6219534559279,SUCCESS,0.0.731861,0.0.3964804&0.0.8315114,0.0.4138717@1779133036.704858001
0.0.4785387,106.6916004432387,SUCCESS,0.0.731861,0.0.3964804&0.0.4601632,0.0.4138717@1779133036.386628514
0.0.6148704,0.7958119434389991,NOT_ASSOCIATED,0.0.731861,0.0.3964804,
0.0.7791729,0.0112227047451714,NOT_ASSOCIATED,0.0.731861,0.0.3964804,
0.0.7610560,1.749062475971827,NOT_ASSOCIATED,0.0.731861,0.0.3964804,
0.0.7638910,0.5205806475530417,SUCCESS,0.0.731861,0.0.3964804,0.0.4138717@1779133035.444323839
0.0.6256886,0.5186867138254808,SUCCESS,0.0.731861,0.0.3964804,0.0.4138717@1779133036.840235498
0.0.831661,29.52765596121099,SUCCESS,0.0.731861,0.0.3964804,0.0.4138717@1779133036.420746570
0.0.2557514,11.4624215304017,SUCCESS,0.0.731861,0.0.3964804,0.0.4138717@1779133036.169906857
0.0.4250725,1.767452636154172,SUCCESS,0.0.731861,0.0.3964804,0.0.4138717@1779133037.727202077
0.0.3912896,2.185974291594722,SUCCESS,0.0.731861,0.0.3964804,0.0.4138717@1779133038.052981526
0.0.4752954,3.088421472720783,SUCCESS,0.0.731861,0.0.3964804,0.0.4138717@1779133038.945084114
0.0.7777028,7.369692923607611,NOT_ASSOCIATED,0.0.731861,0.0.3964804,
0.0.5739319,11.35320564341613,SUCCESS,0.0.731861,0.0.3964804,0.0.4138717@1779133038.693837545
0.0.5437974,11.73199634987014,SUCCESS,0.0.731861,0.0.3964804,0.0.4138717@1779133041.887958907
0.0.7421912,0.5096646944670791,SUCCESS,0.0.731861,0.0.3964804,0.0.4138717@1779133043.008801130
0.0.7570262,0.9281783067552563,SUCCESS,0.0.731861,0.0.3964804,0.0.4138717@1779133041.092271196
0.0.7835479,0.4576148730342049,SUCCESS,0.0.731861,0.0.3964804&0.0.3964827,0.0.4138717@1779133041.555455782
0.0.1479857,12.93452299278888,SUCCESS,0.0.731861,0.0.3964804,0.0.4138717@1779133044.333071657
0.0.5042398,19.44165078155866,SUCCESS,0.0.731861,0.0.3964804,0.0.4138717@1779133041.392705707
0.0.5905014,4.498174523301311,SUCCESS,0.0.731861,0.0.3964804,0.0.4138717@1779133045.570196061
0.0.3947850,0.05493599268804863,SUCCESS,0.0.731861,0.0.3964804&0.0.5328590,0.0.4138717@1779133045.440608104
0.0.7910977,21.11958669386877,SUCCESS,0.0.731861,0.0.3964804,0.0.4138717@1779133044.558305222
0.0.7896816,183.2654648507123,NOT_ASSOCIATED,0.0.731861,0.0.3964804,
0.0.1481135,1010.115583465477,SUCCESS,0.0.731861,0.0.3964804&0.0.3964834&0.0.3964837&0.0.3964840&0.0.4601632,0.0.4138717@1779133046.267535328
0.0.7965413,0.01128114434710356,NOT_ASSOCIATED,0.0.731861,0.0.3964804,
0.0.8032303,0.6615945259919283,SUCCESS,0.0.731861,0.0.3964804,0.0.4138717@1779133049.619266305
0.0.835625,60.57214937112339,SUCCESS,0.0.731861,0.0.3964804&0.0.3964827&0.0.3964837,0.0.4138717@1779133048.275191212
0.0.6058490,0.3308623022199245,SUCCESS,0.0.731861,0.0.3964804,0.0.4138717@1779133046.864943403
0.0.6078189,51.04647498329859,SUCCESS,0.0.731861,0.0.3964804,0.0.4138717@1779133045.408386117
0.0.6247418,0.5708390032707296,NOT_ASSOCIATED,0.0.731861,0.0.3964804,
0.0.4659519,19.09858705809806,SUCCESS,0.0.731861,0.0.3964804,0.0.4138717@1779133048.723983910
0.0.827132,1.151535644414148,SUCCESS,0.0.731861,0.0.3964804,0.0.4138717@1779133047.609746411
0.0.6324031,0.008825878942350833,SUCCESS,0.0.731861,0.0.3964804,0.0.4138717@1779133050.038735691
0.0.2123622,66.36636544219289,SUCCESS,0.0.731861,0.0.3964804,0.0.4138717@1779133048.533565349
0.0.4360598,0.443700208465843,SUCCESS,0.0.731861,0.0.3964804,0.0.4138717@1779133051.633194593
0.0.6674918,0.1685256323521246,SUCCESS,0.0.731861,0.0.3964804,0.0.4138717@1779133052.850744776
0.0.1334605,113.5993499002375,SUCCESS,0.0.731861,0.0.3964804,0.0.4138717@1779133051.709490262
0.0.760653,2.204937045328646,SUCCESS,0.0.731861,0.0.3964804,0.0.4138717@1779133052.826313452
0.0.6933072,5.871998886744089,NOT_ASSOCIATED,0.0.731861,0.0.3964804,
0.0.6232417,0.2983314328548259,SUCCESS,0.0.731861,0.0.3964804,0.0.4138717@1779133053.614580994
0.0.1448239,0.6027137502130172,SUCCESS,0.0.731861,0.0.3964804,0.0.4138717@1779133050.974312904
0.0.6344703,11379.50441087665,SUCCESS,0.0.731861,0.0.3964804&0.0.4129330&0.0.6071041&0.0.6126395&0.0.8315114,0.0.4138717@1779133053.918227823
0.0.6612734,0.08824205732886489,NOT_ASSOCIATED,0.0.731861,0.0.3964804,
0.0.1233065,3.983900537092855,SUCCESS,0.0.731861,0.0.3964804,0.0.4138717@1779133051.974153871
0.0.4978453,98.11039080733173,SUCCESS,0.0.731861,0.0.3964804,0.0.4138717@1779133055.255568293
0.0.1859919,1.493647127303706,NOT_ASSOCIATED,0.0.731861,0.0.3964804,
0.0.7200618,0.2215572377868977,SUCCESS,0.0.731861,0.0.3964804,0.0.4138717@1779133056.221420822
0.0.3159220,7.382285658773345,SUCCESS,0.0.731861,0.0.3964804,0.0.4138717@1779133056.797159798
0.0.4595460,1.26843021135502,SUCCESS,0.0.731861,0.0.3964804,0.0.4138717@1779133056.085444593
0.0.4899880,0.771736070966475,SUCCESS,0.0.731861,0.0.3964804,0.0.4138717@1779133055.415295600
0.0.6094118,0.1903824675903794,SUCCESS,0.0.731861,0.0.3964804,0.0.4138717@1779133057.647275314
0.0.4795853,16.05234184381115,SUCCESS,0.0.731861,0.0.3964804,0.0.4138717@1779133057.977705235
0.0.7993090,63.51507818729991,SUCCESS,0.0.731861,0.0.3964804,0.0.4138717@1779133058.903629125
0.0.9201440,0.562371300456954,SUCCESS,0.0.731861,0.0.3964804,0.0.4138717@1779133056.035087202
0.0.857760,2.131162166424069,SUCCESS,0.0.731861,0.0.3964804&0.0.3964827,0.0.4138717@1779133056.535948787
0.0.4310363,31.02822905714707,SUCCESS,0.0.731861,0.0.3964804&0.0.3964860,0.0.4138717@1779133058.044428869
0.0.9149385,0.9433325342536103,SUCCESS,0.0.731861,0.0.3964804,0.0.4138717@1779133058.257295217
0.0.9144684,1.140097582138308,SUCCESS,0.0.731861,0.0.3964804,0.0.4138717@1779133057.723810352
0.0.7312670,10.92231638870229,SUCCESS,0.0.731861,0.0.3964804,0.0.4138717@1779133059.287399001
0.0.662621,4.636151411157246,SUCCESS,0.0.731861,0.0.3964804,0.0.4138717@1779133058.569715290
0.0.6475509,1.879880380697327,SUCCESS,0.0.731861,0.0.3964804,0.0.4138717@1779133061.114985568
0.0.4724806,78.78859685547047,SUCCESS,0.0.731861,0.0.3964804&0.0.5328590,0.0.4138717@1779133062.735770264
0.0.5719491,0.6066527683335767,SUCCESS,0.0.731861,0.0.3964804,0.0.4138717@1779133063.004315200
0.0.3687848,74.20518139217968,SUCCESS,0.0.731861,0.0.3964804,0.0.4138717@1779133060.942579676
0.0.6045318,3.633655928393602,SUCCESS,0.0.731861,0.0.3964804,0.0.4138717@1779133062.864080611
0.0.2185671,0.8665579415125444,SUCCESS,0.0.731861,0.0.3964804,0.0.4138717@1779133063.883395448
0.0.1056579,54.39462349221339,SUCCESS,0.0.731861,0.0.3964804,0.0.4138717@1779133060.893722988
0.0.8717466,0.01677041876733767,SUCCESS,0.0.731861,0.0.3964804,0.0.4138717@1779133062.505184301
0.0.892270,99.23572547452238,SUCCESS,0.0.731861,0.0.3964804,0.0.4138717@1779133064.265895444
0.0.9150672,0.2823557134130448,SUCCESS,0.0.731861,0.0.3964804,0.0.4138717@1779133064.341605131
0.0.3288501,0.9427357623780255,SUCCESS,0.0.731861,0.0.3964804,0.0.4138717@1779133067.044154380
0.0.8903303,8.099395064147274,FAIL,0.0.731861,0.0.3964804,
0.0.8514597,58.26113585059293,SUCCESS,0.0.731861,0.0.3964804,0.0.4138717@1779133068.702594954
0.0.8041705,0.363125399734575,SUCCESS,0.0.731861,0.0.3964804,0.0.4138717@1779133068.384627121
0.0.9104016,36.74784027152493,SUCCESS,0.0.731861,0.0.3964804&0.0.3964860&0.0.5328590,0.0.4138717@1779133065.985528717
0.0.5580759,0.3815508433734122,SUCCESS,0.0.731861,0.0.3964804,0.0.4138717@1779133066.844954635
0.0.1124401,32.04142620345473,SUCCESS,0.0.731861,0.0.3964804,0.0.4138717@1779133069.405649589
0.0.9477910,42.55111655598906,SUCCESS,0.0.731861,0.0.3964804,0.0.4138717@1779133069.107804789
0.0.4314332,45.91340835323355,SUCCESS,0.0.731861,0.0.3964804,0.0.4138717@1779133072.204293611
0.0.3048811,1772.638498949651,SUCCESS,0.0.731861,0.0.3964804&0.0.4601632&0.0.5328590&0.0.6071041,0.0.4138717@1779133068.203974503
0.0.9404882,3.709308447594719,SUCCESS,0.0.731861,0.0.3964804,0.0.4138717@1779133071.098540682
0.0.915984,183.4564942484468,SUCCESS,0.0.731861,0.0.3964804,0.0.4138717@1779133070.674415594
0.0.6828202,263.6275315799751,SUCCESS,0.0.731861,0.0.3964804&0.0.4601632,0.0.4138717@1779133073.150508647
0.0.1736150,81.08396523605289,SUCCESS,0.0.731861,0.0.3964804&0.0.3964808,0.0.4138717@1779133072.321073278
0.0.6416166,8.746781945226559,SUCCESS,0.0.731861,0.0.3964804,0.0.4138717@1779133071.194668598
0.0.9464371,559.4131744835669,SUCCESS,0.0.731861,0.0.3964804,0.0.4138717@1779133071.453048700
0.0.2657839,46.06135315588555,SUCCESS,0.0.731861,0.0.3964804,0.0.4138717@1779133073.156853951
0.0.9226909,3.003865598155707,SUCCESS,0.0.731861,0.0.3964804,0.0.4138717@1779133073.202610416
0.0.1517175,8.147179614973249,SUCCESS,0.0.731861,0.0.3964804,0.0.4138717@1779133073.887709185
0.0.4154591,1084.21175231014,SUCCESS,0.0.731861,0.0.3964804&0.0.3964837&0.0.3964860&0.0.4601632&0.0.5328590,0.0.4138717@1779133074.772376086
0.0.1461428,14.52285262012016,SUCCESS,0.0.731861,0.0.3964804,0.0.4138717@1779133072.622118576
0.0.946029,4.767089341977456,NOT_ASSOCIATED,0.0.731861,0.0.3964804,
0.0.6258977,36.12896289815227,SUCCESS,0.0.731861,0.0.3964804&0.0.5328590,0.0.4138717@1779133073.659691304
0.0.6295630,0.494519967895947,NOT_ASSOCIATED,0.0.731861,0.0.3964804,
0.0.2149252,0.0007407779862482426,SUCCESS,0.0.731861,0.0.3964804,0.0.4138717@1779133075.332918596
0.0.7450449,5.534928855739176,NOT_ASSOCIATED,0.0.731861,0.0.3964804,
0.0.9273859,0.6326692238362399,SUCCESS,0.0.731861,0.0.3964804,0.0.4138717@1779133078.172608931
0.0.9272301,6.971228702080056,NOT_ASSOCIATED,0.0.731861,0.0.3964804,
0.0.853379,202.4375527934209,SUCCESS,0.0.731861,0.0.3964804,0.0.4138717@1779133075.900351895
0.0.3681629,54.64785780401005,SUCCESS,0.0.731861,0.0.3964804,0.0.4138717@1779133079.584515227
0.0.1681033,3.236593427280019,SUCCESS,0.0.731861,0.0.3964804,0.0.4138717@1779133079.168366040
0.0.2017766,13.20819960210522,SUCCESS,0.0.731861,0.0.3964804,0.0.4138717@1779133077.089582845
0.0.6004536,0.6199039290876536,SUCCESS,0.0.731861,0.0.3964804,0.0.4138717@1779133079.152210024
0.0.6157135,1387.037935030642,SUCCESS,0.0.731861,0.0.3964804&0.0.3964827&0.0.5328590,0.0.4138717@1779133081.222185881
0.0.6270761,388.6245553309327,SUCCESS,0.0.731861,0.0.3964804,0.0.4138717@1779133081.655742197
0.0.2967389,4.956295129206539,SUCCESS,0.0.731861,0.0.3964804,0.0.4138717@1779133080.475690906
0.0.9303899,15.84120882411135,SUCCESS,0.0.731861,0.0.3964804,0.0.4138717@1779133080.093889541
0.0.966444,27.31093336157642,SUCCESS,0.0.731861,0.0.3964804,0.0.4138717@1779133079.376391656
0.0.9178066,0.09802802838865222,SUCCESS,0.0.731861,0.0.3964804,0.0.4138717@1779133083.414481555
0.0.1746011,17.95452051781259,SUCCESS,0.0.731861,0.0.3964804,0.0.4138717@1779133079.881503792
0.0.1313215,0.1504279889178871,SUCCESS,0.0.731861,0.0.3964804,0.0.4138717@1779133081.818775698
0.0.6343911,26.03842492115194,SUCCESS,0.0.731861,0.0.3964804,0.0.4138717@1779133085.576110695
0.0.7937765,9.82213873978956,NOT_ASSOCIATED,0.0.731861,0.0.3964804,
0.0.4765612,13585.65300842732,SUCCESS,0.0.731861,0.0.3964804&0.0.3964808&0.0.3964821&0.0.3964825&0.0.5328590,0.0.4138717@1779133085.872007447
0.0.3240624,0.02222272798041924,SUCCESS,0.0.731861,0.0.3964804,0.0.4138717@1779133083.822141334
0.0.4312267,72.62373367140141,SUCCESS,0.0.731861,0.0.3964804,0.0.4138717@1779133086.564298084
0.0.4883729,3.672494882990161,SUCCESS,0.0.731861,0.0.3964804,0.0.4138717@1779133084.823471702
0.0.7703838,0.09323540817966511,SUCCESS,0.0.731861,0.0.3964804,0.0.4138717@1779133083.364257911
0.0.791414,3.748455575965584,SUCCESS,0.0.731861,0.0.3964804,0.0.4138717@1779133089.073288397
0.0.7798912,24.35951797877946,SUCCESS,0.0.731861,0.0.3964804,0.0.4138717@1779133086.711548906
0.0.1337171,265.0395928831602,SUCCESS,0.0.731861,0.0.3964804&0.0.3964827&0.0.3964860&0.0.6071911,0.0.4138717@1779133088.307604425
0.0.7776311,90.56685110943306,SUCCESS,0.0.731861,0.0.3964804,0.0.4138717@1779133090.286706389
0.0.2004450,1.245443628475096,SUCCESS,0.0.731861,0.0.3964804,0.0.4138717@1779133089.767657737
0.0.2891280,7.603904445764558,NOT_ASSOCIATED,0.0.731861,0.0.3964804,
0.0.6313326,81.89847466500962,SUCCESS,0.0.731861,0.0.3964804,0.0.4138717@1779133090.354572283
0.0.7583284,2.238533741437445,SUCCESS,0.0.731861,0.0.3964804,0.0.4138717@1779133087.129979872
0.0.1673276,24.01583697520318,SUCCESS,0.0.731861,0.0.3964804,0.0.4138717@1779133088.367046645
0.0.4322023,11.9721521263211,SUCCESS,0.0.731861,0.0.3964804&0.0.3964855&0.0.4601632,0.0.4138717@1779133091.828191947
0.0.4804985,1.758172569098231,SUCCESS,0.0.731861,0.0.3964804,0.0.4138717@1779133091.030622046
0.0.7865510,2282.788690365495,SUCCESS,0.0.731861,0.0.3964804&0.0.3964860&0.0.10414792,0.0.4138717@1779133091.981127315
0.0.4343570,3.399608452883002,SUCCESS,0.0.731861,0.0.3964804,0.0.4138717@1779133093.090229605
0.0.7732676,743.708981384043,SUCCESS,0.0.731861,0.0.3964804,0.0.4138717@1779133089.984286639
0.0.5060252,2.636765376241866,SUCCESS,0.0.731861,0.0.3964804&0.0.3964860,0.0.4138717@1779133091.395944634
0.0.7916029,244.5050481522198,SUCCESS,0.0.731861,0.0.3964804&0.0.3964840,0.0.4138717@1779133094.097794317
0.0.4861986,1.442764328473493,SUCCESS,0.0.731861,0.0.3964804,0.0.4138717@1779133091.295208606
0.0.5112630,6.270918228532945,SUCCESS,0.0.731861,0.0.3964804,0.0.4138717@1779133093.504600111
0.0.931327,290.3501255875765,SUCCESS,0.0.731861,0.0.3964804,0.0.4138717@1779133094.530239704
0.0.710849,0.181907075278809,SUCCESS,0.0.731861,0.0.3964804,0.0.4138717@1779133095.059688917
0.0.7965412,0.0330024284792022,NOT_ASSOCIATED,0.0.731861,0.0.3964804,
0.0.3384906,46.29577046834981,SUCCESS,0.0.731861,0.0.3964804,0.0.4138717@1779133094.870823764
0.0.7961490,1.787902034405532,NOT_ASSOCIATED,0.0.731861,0.0.3964804,
0.0.8057884,38.03039726405627,SUCCESS,0.0.731861,0.0.3964804,0.0.4138717@1779133095.130374752
0.0.7290965,6.398217978163774,SUCCESS,0.0.731861,0.0.3964804,0.0.4138717@1779133097.653013588
0.0.1524063,43.03688063480261,SUCCESS,0.0.731861,0.0.3964804,0.0.4138717@1779133098.592244958
0.0.3872629,5.477898779016381,SUCCESS,0.0.731861,0.0.3964804,0.0.4138717@1779133098.570723719
0.0.4838474,44.14162722316638,SUCCESS,0.0.731861,0.0.3964804&0.0.5328590,0.0.4138717@1779133097.227494173
0.0.7550116,0.9040555724723757,NOT_ASSOCIATED,0.0.731861,0.0.3964804,
0.0.8382708,0.1031734749745718,SUCCESS,0.0.731861,0.0.3964804,0.0.4138717@1779133097.091399097
0.0.7631749,0.02556780507358774,SUCCESS,0.0.731861,0.0.3964804,0.0.4138717@1779133097.041041118
0.0.7662545,0.04822205376798937,NOT_ASSOCIATED,0.0.731861,0.0.3964804,
0.0.7920736,27.70018690145574,SUCCESS,0.0.731861,0.0.3964804,0.0.4138717@1779133098.555397863
0.0.794930,0.6022646090838483,SUCCESS,0.0.731861,0.0.3964804,0.0.4138717@1779133097.022943179
0.0.919311,1353.16740989258,NOT_ASSOCIATED,0.0.731861,0.0.3964804,
0.0.840324,24.93600297717929,SUCCESS,0.0.731861,0.0.3964804,0.0.4138717@1779133099.015733535
0.0.8551680,866.4392656936403,SUCCESS,0.0.731861,0.0.3964804&0.0.5328590,0.0.4138717@1779133103.033170601
0.0.1486421,17.70475693822117,SUCCESS,0.0.731861,0.0.3964804,0.0.4138717@1779133102.677728399
0.0.4504544,92.3263571754502,SUCCESS,0.0.731861,0.0.3964804,0.0.4138717@1779133101.874160758
0.0.4135513,11.5713742934139,SUCCESS,0.0.731861,0.0.3964804,0.0.4138717@1779133099.852072816
0.0.1463093,13.29969967941381,SUCCESS,0.0.731861,0.0.3964804,0.0.4138717@1779133103.455586734
0.0.811739,91.90747904050309,SUCCESS,0.0.731861,0.0.3964804&0.0.5328590,0.0.4138717@1779133103.573144472
0.0.887612,20.76772373207196,SUCCESS,0.0.731861,0.0.3964804,0.0.4138717@1779133103.655084851
0.0.4566469,18.49331373280229,SUCCESS,0.0.731861,0.0.3964804,0.0.4138717@1779133105.464006502
0.0.3916542,0.3600700136979584,SUCCESS,0.0.731861,0.0.3964804&0.0.3964827,0.0.4138717@1779133103.445179853
0.0.2006292,0.6726489206510056,SUCCESS,0.0.731861,0.0.3964804,0.0.4138717@1779133102.655446724
0.0.1359581,204.789509864535,SUCCESS,0.0.731861,0.0.3964804&0.0.3964827,0.0.4138717@1779133103.421910238
0.0.4431727,1.567762136715065,SUCCESS,0.0.731861,0.0.3964804&0.0.3964827,0.0.4138717@1779133104.070526709
0.0.7710235,1.365720382625204,SUCCESS,0.0.731861,0.0.3964804,0.0.4138717@1779133104.630291827
0.0.838791,14.59542980932238,SUCCESS,0.0.731861,0.0.3964804,0.0.4138717@1779133108.309501960
0.0.496172,14.28977658137527,SUCCESS,0.0.731861,0.0.3964804,0.0.4138717@1779133105.003675290
0.0.146930,12969.73823376322,SUCCESS,0.0.731861,0.0.3964804,0.0.4138717@1779133108.644175553
0.0.4887338,8.145936851976785,SUCCESS,0.0.731861,0.0.3964804,0.0.4138717@1779133105.884817121
0.0.5742160,74.382764263427,SUCCESS,0.0.731861,0.0.3964804,0.0.4138717@1779133110.155017782
0.0.7313800,1601.578601504488,SUCCESS,0.0.731861,0.0.3964804&0.0.3964840,0.0.4138717@1779133110.507638510
0.0.1114728,0.05654429440591083,SUCCESS,0.0.731861,0.0.3964804,0.0.4138717@1779133109.294283818
0.0.5957081,2.976186472504204,SUCCESS,0.0.731861,0.0.3964804,0.0.4138717@1779133111.430836809
0.0.4561752,0.644421695291274,SUCCESS,0.0.731861,0.0.3964804&0.0.6071041,0.0.4138717@1779133111.915934257
0.0.6334018,5.722022755902469,SUCCESS,0.0.731861,0.0.3964804,0.0.4138717@1779133108.801617264
0.0.5804427,10.85779710764522,SUCCESS,0.0.731861,0.0.3964804&0.0.4601632,0.0.4138717@1779133110.198504325
0.0.1956746,0.3162730012983231,SUCCESS,0.0.731861,0.0.3964804,0.0.4138717@1779133110.160910794
0.0.6181303,166.37120305767,SUCCESS,0.0.731861,0.0.3964804,0.0.4138717@1779133110.560634051
0.0.3450,1.306605787026496,SUCCESS,0.0.731861,0.0.3964804,0.0.4138717@1779133111.340054346
0.0.4814986,0.126671307558847,SUCCESS,0.0.731861,0.0.3964804,0.0.4138717@1779133112.731037062
0.0.638522,197.4919935001716,SUCCESS,0.0.731861,0.0.3964804,0.0.4138717@1779133112.237002223
0.0.857763,9.356691883650845,SUCCESS,0.0.731861,0.0.3964804,0.0.4138717@1779133113.659971845
0.0.937712,112.6279337463661,SUCCESS,0.0.731861,0.0.3964804,0.0.4138717@1779133114.998798876
0.0.955353,0.9159070115967327,NOT_ASSOCIATED,0.0.731861,0.0.3964804,
0.0.8068660,0.04923327313600853,SUCCESS,0.0.731861,0.0.3964804,0.0.4138717@1779133114.334864870
0.0.8304314,0.5007664987684023,SUCCESS,0.0.731861,0.0.3964804,0.0.4138717@1779133116.153501483
0.0.8152447,4.95084977660595,SUCCESS,0.0.731861,0.0.3964804,0.0.4138717@1779133117.222266010
0.0.8146497,11.8229270562715,SUCCESS,0.0.731861,0.0.3964804&0.0.5328590,0.0.4138717@1779133119.429426075
0.0.8115823,0.771933369953023,SUCCESS,0.0.731861,0.0.3964804,0.0.4138717@1779133115.896143735
0.0.8104363,2047.708867666595,SUCCESS,0.0.731861,0.0.3964804,0.0.4138717@1779133117.969403607
0.0.4762160,8.794850921165962,SUCCESS,0.0.731861,0.0.3964804,0.0.4138717@1779133118.179886021
0.0.7931472,1.300790526318108,SUCCESS,0.0.731861,0.0.3964804,0.0.4138717@1779133119.628634416
0.0.8055246,90.86775253842062,SUCCESS,0.0.731861,0.0.3964804,0.0.4138717@1779133120.568971973
0.0.8002619,2.042169146069539,SUCCESS,0.0.731861,0.0.3964804,0.0.4138717@1779133118.363935843
0.0.7809201,0.0006169101041803994,SUCCESS,0.0.731861,0.0.3964804,0.0.4138717@1779133120.395067221
0.0.7098838,4.63299919049137,SUCCESS,0.0.731861,0.0.3964804,0.0.4138717@1779133118.321664562
0.0.590682,0.1891690877822541,SUCCESS,0.0.731861,0.0.3964804,0.0.4138717@1779133124.448088587
0.0.4914022,10.63348574256736,SUCCESS,0.0.731861,0.0.3964804,0.0.4138717@1779133119.948739375
0.0.4499088,0.736942425309707,NOT_ASSOCIATED,0.0.731861,0.0.3964804,
0.0.10062632,0.138101407861541,SUCCESS,0.0.731861,0.0.3964804&0.0.6071119&0.0.8315114&0.0.10092996&0.0.10414792,0.0.4138717@1779133124.189528325
0.0.9360820,222.9237741210329,SUCCESS,0.0.731861,0.0.3964804,0.0.4138717@1779133125.102496575
0.0.10251800,0.009824677750184514,NOT_ASSOCIATED,0.0.731861,0.0.3964804,
0.0.1365779,4.095275036692122,SUCCESS,0.0.731861,0.0.3964804,0.0.4138717@1779133125.235102604
0.0.1729400,3.570549238986122,SUCCESS,0.0.731861,0.0.3964804,0.0.4138717@1779133124.885405270
0.0.8083839,2406.825569630331,SUCCESS,0.0.731861,0.0.3964804&0.0.3964827&0.0.3964860&0.0.5328590,0.0.4138717@1779133125.652956821
0.0.9273022,0.004877534160422092,SUCCESS,0.0.731861,0.0.3964804,0.0.4138717@1779133123.044267701
0.0.9251120,28.51636393197424,SUCCESS,0.0.731861,0.0.3964804,0.0.4138717@1779133125.444111420
0.0.10219431,22.03569263362603,NOT_ASSOCIATED,0.0.731861,0.0.3964804,
0.0.9509413,0.4886886951316709,NOT_ASSOCIATED,0.0.731861,0.0.3964804,
0.0.10157649,75.18596330940095,NOT_ASSOCIATED,0.0.731861,0.0.3964804,
0.0.10014449,0.6238764675685398,SUCCESS,0.0.731861,0.0.3964804,0.0.4138717@1779133125.131366162
0.0.4749526,465.0468252330534,NOT_ASSOCIATED,0.0.731861,0.0.3964804,
0.0.4552309,0.06459272183373986,NOT_ASSOCIATED,0.0.731861,0.0.3964804,
0.0.683815,0.3215633554210813,SUCCESS,0.0.731861,0.0.3964804,0.0.4138717@1779133125.080365732
0.0.1052080,5.692899543515857,SUCCESS,0.0.731861,0.0.3964804,0.0.4138717@1779133127.282913046
0.0.4712922,0.3886547786564253,SUCCESS,0.0.731861,0.0.3964804,0.0.4138717@1779133126.311379813
0.0.4140342,2.015101890449846,SUCCESS,0.0.731861,0.0.3964804&0.0.3964827,0.0.4138717@1779133127.559601541
0.0.4576074,2.067888277287925,SUCCESS,0.0.731861,0.0.3964804,0.0.4138717@1779133130.479615952
0.0.4558719,0.07558678591869211,NOT_ASSOCIATED,0.0.731861,0.0.3964804,
0.0.4552348,0.06868448027249648,NOT_ASSOCIATED,0.0.731861,0.0.3964804,
0.0.8538714,4.034239563998741,SUCCESS,0.0.731861,0.0.3964804,0.0.4138717@1779133129.193711096
0.0.4552382,0.06458905197679984,NOT_ASSOCIATED,0.0.731861,0.0.3964804,
0.0.1082201,543.4097640772034,SUCCESS,0.0.731861,0.0.3964804,0.0.4138717@1779133127.217504834
0.0.4571567,12.2649120449275,SUCCESS,0.0.731861,0.0.3964804,0.0.4138717@1779133127.809238667
0.0.1024843,0.0002817084987212928,SUCCESS,0.0.731861,0.0.3964804&0.0.3964855&0.0.3964860,0.0.4138717@1779133130.880987062
0.0.4573495,37599.67256385834,SUCCESS,0.0.731861,0.0.3964804&0.0.3964860,0.0.4138717@1779133132.479241427
0.0.1105845,14.19977738212325,SUCCESS,0.0.731861,0.0.3964804,0.0.4138717@1779133129.457966001
0.0.10190094,2332.171862605463,SUCCESS,0.0.731861,0.0.3964804,0.0.4138717@1779133131.090025264
0.0.10267166,652.3157971678669,NOT_ASSOCIATED,0.0.731861,0.0.3964804,
0.0.10244829,0.1427275043810824,SUCCESS,0.0.731861,0.0.3964804,0.0.4138717@1779133131.839376407
0.0.10231452,10143.84004207005,SUCCESS,0.0.731861,0.0.3964804&0.0.3964808,0.0.4138717@1779133134.282856444
0.0.10248120,5.289378117376284,SUCCESS,0.0.731861,0.0.3964804,0.0.4138717@1779133135.314128665
0.0.3959322,166.5080001707009,SUCCESS,0.0.731861,0.0.3964804,0.0.4138717@1779133133.903245611
0.0.2216740,1196.016097200838,SUCCESS,0.0.731861,0.0.3964804,0.0.4138717@1779133133.429979633
0.0.818498,0.1087838796339525,SUCCESS,0.0.731861,0.0.3964804,0.0.4138717@1779133136.544234782
0.0.10267167,47.84927573200708,NOT_ASSOCIATED,0.0.731861,0.0.3964804,
0.0.10164472,6814.07055182057,SUCCESS,0.0.731861,0.0.3964804,0.0.4138717@1779133133.955360221
0.0.10115705,0.004680815244107329,SUCCESS,0.0.731861,0.0.3964804,0.0.4138717@1779133135.685066967
0.0.10035851,218.6663209070454,SUCCESS,0.0.731861,0.0.3964804,0.0.4138717@1779133135.225102545
0.0.10007904,0.01205480679744418,SUCCESS,0.0.731861,0.0.3964804,0.0.4138717@1779133138.327481534
0.0.1365923,0.1133358687442478,SUCCESS,0.0.731861,0.0.3964804,0.0.4138717@1779133135.581976862
0.0.10048918,571.956574103634,SUCCESS,0.0.731861,0.0.3964804&0.0.3964840,0.0.4138717@1779133135.413451579
0.0.9593512,0.02407773980946905,SUCCESS,0.0.731861,0.0.3964804,0.0.4138717@1779133138.250622153
0.0.10308209,706.4869832583379,NOT_ASSOCIATED,0.0.731861,0.0.3964804,
0.0.10371833,842.050616426174,SUCCESS,0.0.731861,0.0.3964804,0.0.4138717@1779133136.032010129
0.0.851469,2.715367245889173,SUCCESS,0.0.731861,0.0.3964804,0.0.4138717@1779133135.597147708
0.0.8085300,5.893180070282754,SUCCESS,0.0.731861,0.0.3964804,0.0.4138717@1779133140.130410864
0.0.10359238,0.9889405194339422,SUCCESS,0.0.731861,0.0.3964804,0.0.4138717@1779133139.017479079
0.0.3953598,79.04854315686372,SUCCESS,0.0.731861,0.0.3964804,0.0.4138717@1779133139.172291676
0.0.10359145,9.078722717299172,SUCCESS,0.0.731861,0.0.3964804,0.0.4138717@1779133141.690795625
0.0.10025532,1.066026793792546,SUCCESS,0.0.731861,0.0.3964804,0.0.4138717@1779133139.006005826
0.0.10307970,0.007955385025147341,NOT_ASSOCIATED,0.0.731861,0.0.3964804,
0.0.10303974,15.83454144506053,SUCCESS,0.0.731861,0.0.3964804,0.0.4138717@1779133139.446136741
0.0.1920276,25.30437515720872,SUCCESS,0.0.731861,0.0.3964804,0.0.4138717@1779133140.328150653
0.0.9270286,0.3051305103321279,SUCCESS,0.0.731861,0.0.3964804,0.0.4138717@1779133143.555954469
0.0.9234350,9.020953553166004,SUCCESS,0.0.731861,0.0.3964804,0.0.4138717@1779133142.890244338
0.0.10277044,80.07319472849443,SUCCESS,0.0.731861,0.0.3964804,0.0.4138717@1779133140.350330325
0.0.10256319,130.7516365476706,SUCCESS,0.0.731861,0.0.3964804,0.0.4138717@1779133142.506923002
0.0.9317965,7.50163327770999,SUCCESS,0.0.731861,0.0.3964804,0.0.4138717@1779133144.738617759
0.0.9301506,0.07278072687076552,SUCCESS,0.0.731861,0.0.3964804,0.0.4138717@1779133142.686595304
0.0.8198609,195.210475669166,SUCCESS,0.0.731861,0.0.3964804,0.0.4138717@1779133146.089502449
0.0.9221480,12.26309531100331,SUCCESS,0.0.731861,0.0.3964804,0.0.4138717@1779133143.819231976
0.0.9177203,0.03496592924698502,SUCCESS,0.0.731861,0.0.3964804,0.0.4138717@1779133144.288205953
0.0.8188301,3.364673598670668,SUCCESS,0.0.731861,0.0.3964804,0.0.4138717@1779133145.883021660
0.0.8108637,0.001816248906575437,SUCCESS,0.0.731861,0.0.3964804&0.0.8315114,0.0.4138717@1779133145.066927263
0.0.1703381,9.73402779012364,SUCCESS,0.0.731861,0.0.3964804,0.0.4138717@1779133145.711168645
0.0.8868403,0.3315055505746493,SUCCESS,0.0.731861,0.0.3964804,0.0.4138717@1779133146.695807385
0.0.9034617,0.5187393692859262,SUCCESS,0.0.731861,0.0.3964804,0.0.4138717@1779133146.087262945
0.0.8673292,156.8259654122105,SUCCESS,0.0.731861,0.0.3964804,0.0.4138717@1779133147.450474408
0.0.8602366,10.21880855012186,SUCCESS,0.0.731861,0.0.3964804,0.0.4138717@1779133151.420826604
0.0.8241599,12.79965840884302,SUCCESS,0.0.731861,0.0.3964804,0.0.4138717@1779133149.484323126
0.0.8548028,0.002423144464224056,SUCCESS,0.0.731861,0.0.3964804,0.0.4138717@1779133147.661586764
0.0.1704489,0.004590129898802793,NOT_ASSOCIATED,0.0.731861,0.0.3964804,
0.0.9208631,34.53830330563616,SUCCESS,0.0.731861,0.0.3964804,0.0.4138717@1779133152.468462854
0.0.9425366,135.3023247203041,SUCCESS,0.0.731861,0.0.3964804,0.0.4138717@1779133151.127600332
0.0.9275976,509.253966194972,SUCCESS,0.0.731861,0.0.3964804&0.0.4601632,0.0.4138717@1779133150.115506664
0.0.9640625,0.103224515043847,SUCCESS,0.0.731861,0.0.3964804,0.0.4138717@1779133152.998564408
0.0.9707528,4105.313175670928,NOT_ASSOCIATED,0.0.731861,0.0.3964804,
0.0.9707531,7923.854474943504,NOT_ASSOCIATED,0.0.731861,0.0.3964804,
0.0.9774219,0.03508717257703607,SUCCESS,0.0.731861,0.0.3964804,0.0.4138717@1779133150.388818832
0.0.1412348,632.3149156341171,SUCCESS,0.0.731861,0.0.3964804,0.0.4138717@1779133154.416241456
0.0.8414341,19.25308532891497,SUCCESS,0.0.731861,0.0.3964804,0.0.4138717@1779133152.179573310
0.0.1400807,5.502911516928765,SUCCESS,0.0.731861,0.0.3964804,0.0.4138717@1779133156.278190165
0.0.10009527,59.47259603086391,SUCCESS,0.0.731861,0.0.3964804,0.0.4138717@1779133155.432386536
0.0.9812108,5.099052676029169,SUCCESS,0.0.731861,0.0.3964804,0.0.4138717@1779133152.412183874
0.0.10035663,3.393904629923596,SUCCESS,0.0.731861,0.0.3964804,0.0.4138717@1779133155.107131625
0.0.10044419,7.797803088799318,SUCCESS,0.0.731861,0.0.3964804,0.0.4138717@1779133154.601899144
0.0.8414409,0.2028726573179181,SUCCESS,0.0.731861,0.0.3964804,0.0.4138717@1779133155.088623090
0.0.8585468,0.01161618364901934,SUCCESS,0.0.731861,0.0.3964804,0.0.4138717@1779133158.921444911
0.0.1365814,3.901437795220184,SUCCESS,0.0.731861,0.0.3964804,0.0.4138717@1779133155.198371007
0.0.1459865,21.39403918337649,NOT_ASSOCIATED,0.0.731861,0.0.3964804,
0.0.5524338,0.6166529263020907,SUCCESS,0.0.731861,0.0.3964804,0.0.4138717@1779133154.885705196
0.0.8198608,5.076740550183243,SUCCESS,0.0.731861,0.0.3964804,0.0.4138717@1779133158.547172299
0.0.8385016,4.151788424167581,SUCCESS,0.0.731861,0.0.3964804,0.0.4138717@1779133159.369170825
0.0.8256574,0.4241656817049316,SUCCESS,0.0.731861,0.0.3964804&0.0.3964808,0.0.4138717@1779133159.838637736
0.0.1714233,3.630570453584378,SUCCESS,0.0.731861,0.0.3964804,0.0.4138717@1779133156.574814617
0.0.3077609,32.90310906747955,SUCCESS,0.0.731861,0.0.3964804,0.0.4138717@1779133158.096605407
0.0.8357089,8.003181371743215,NOT_ASSOCIATED,0.0.731861,0.0.3964804,
0.0.8357708,211.6869288882911,SUCCESS,0.0.731861,0.0.3964804,0.0.4138717@1779133159.955492992
0.0.8346544,38.11393486165588,NOT_ASSOCIATED,0.0.731861,0.0.3964804,
0.0.8323906,213.448488729679,NOT_ASSOCIATED,0.0.731861,0.0.3964804,
0.0.9169121,4.103885011417849,SUCCESS,0.0.731861,0.0.3964804,0.0.4138717@1779133160.992176319
0.0.958821,199.0161518227213,SUCCESS,0.0.731861,0.0.3964804,0.0.4138717@1779133161.292072934
0.0.53756,43.68933382737718,SUCCESS,0.0.731861,0.0.3964804,0.0.4138717@1779133160.306251661
0.0.689277,100.6287689425255,SUCCESS,0.0.731861,0.0.3964804,0.0.4138717@1779133161.783105302
0.0.1090802,0.9169622717631434,SUCCESS,0.0.731861,0.0.3964804,0.0.4138717@1779133163.780540219
0.0.2091507,37.47731854187251,SUCCESS,0.0.731861,0.0.3964804,0.0.4138717@1779133161.350246275
0.0.8156060,1.33624743494861,SUCCESS,0.0.731861,0.0.3964804,0.0.4138717@1779133165.199083938
0.0.9095016,24.69229508769427,NOT_ASSOCIATED,0.0.731861,0.0.3964804,
0.0.9065767,9.633436354687356,SUCCESS,0.0.731861,0.0.3964804,0.0.4138717@1779133161.781264592
0.0.9009997,5.284311362561431,NOT_ASSOCIATED,0.0.731861,0.0.3964804,
0.0.7788265,2.331069703866801,NOT_ASSOCIATED,0.0.731861,0.0.3964804,
0.0.8792600,0.03764455818300833,NOT_ASSOCIATED,0.0.731861,0.0.3964804,
0.0.8142528,0.3179442251448043,NOT_ASSOCIATED,0.0.731861,0.0.3964804,
0.0.3828375,335.6236574833267,SUCCESS,0.0.731861,0.0.3964804,0.0.4138717@1779133165.583344594
0.0.833836,27.55955339034043,SUCCESS,0.0.731861,0.0.3964804,0.0.4138717@1779133162.934586426
0.0.5007636,1.134127365389987,NOT_ASSOCIATED,0.0.731861,0.0.3964804,
0.0.4746343,0.02046910833043883,SUCCESS,0.0.731861,0.0.3964804,0.0.4138717@1779133162.760858897
0.0.7913251,0.7923334708646615,SUCCESS,0.0.731861,0.0.3964804,0.0.4138717@1779133166.043548882
0.0.8042105,1.320804252191425,NOT_ASSOCIATED,0.0.731861,0.0.3964804,
0.0.8173226,34.40332409925901,SUCCESS,0.0.731861,0.0.3964804,0.0.4138717@1779133167.821210611
0.0.2477582,3.782324026839859,NOT_ASSOCIATED,0.0.731861,0.0.3964804,
0.0.8059253,8.556390500047986,SUCCESS,0.0.731861,0.0.3964804,0.0.4138717@1779133166.412116716
0.0.1092596,77.96059424535427,SUCCESS,0.0.731861,0.0.3964804&0.0.3964837&0.0.3964860&0.0.4601632,0.0.4138717@1779133169.350604256
0.0.5746207,256.5679596272188,SUCCESS,0.0.731861,0.0.3964804,0.0.4138717@1779133166.519110542
0.0.7912110,0.003817820709761452,NOT_ASSOCIATED,0.0.731861,0.0.3964804,
0.0.8056304,6.443822791190433,NOT_ASSOCIATED,0.0.731861,0.0.3964804,
0.0.7974195,472.1915734820611,SUCCESS,0.0.731861,0.0.3964804,0.0.4138717@1779133169.013203232
0.0.8392843,4.612689211310275,NOT_ASSOCIATED,0.0.731861,0.0.3964804,
0.0.8175769,1.235419099556115,SUCCESS,0.0.731861,0.0.3964804,0.0.4138717@1779133170.364743773
0.0.3273594,42.68120328194374,SUCCESS,0.0.731861,0.0.3964804,0.0.4138717@1779133169.181761951
0.0.8178093,1.132105086035345,NOT_ASSOCIATED,0.0.731861,0.0.3964804,
0.0.1906790,0.1433725967938977,SUCCESS,0.0.731861,0.0.3964804,0.0.4138717@1779133171.088012914
0.0.5761971,0.001972026089268368,SUCCESS,0.0.731861,0.0.3964804,0.0.4138717@1779133166.895214952
0.0.7997139,1.353040612251319,SUCCESS,0.0.731861,0.0.3964804,0.0.4138717@1779133169.641029222
0.0.8209324,7.135430101379875,SUCCESS,0.0.731861,0.0.3964804,0.0.4138717@1779133167.357663307
0.0.4867972,0.4180188641786409,SUCCESS,0.0.731861,0.0.3964804,0.0.4138717@1779133170.538813636
0.0.7049977,0.1050298520751106,NOT_ASSOCIATED,0.0.731861,0.0.3964804,
0.0.2025203,1.04749413577932,SUCCESS,0.0.731861,0.0.3964804,0.0.4138717@1779133171.362628626
0.0.7964752,0.05243061904394512,SUCCESS,0.0.731861,0.0.3964804,0.0.4138717@1779133170.274162436
0.0.8181079,19.30387352115658,SUCCESS,0.0.731861,0.0.3964804,0.0.4138717@1779133172.929967824
0.0.8298814,21.1592370520757,SUCCESS,0.0.731861,0.0.3964804,0.0.4138717@1779133171.881501873
0.0.8306798,42.94569145935772,SUCCESS,0.0.731861,0.0.3964804&0.0.3964808&0.0.3964827&0.0.5328590,0.0.4138717@1779133174.808653729
0.0.9720442,0.8643406713169566,NOT_ASSOCIATED,0.0.731861,0.0.3964804,
0.0.9477942,0.2266556174793525,NOT_ASSOCIATED,0.0.731861,0.0.3964804,
0.0.9150527,66.42723949005993,SUCCESS,0.0.731861,0.0.3964804&0.0.3964860&0.0.5328590,0.0.4138717@1779133171.299556072
0.0.871471,41.63961008698037,SUCCESS,0.0.731861,0.0.3964804,0.0.4138717@1779133172.663029135
0.0.7983506,0.0004971720132191601,NOT_ASSOCIATED,0.0.731861,0.0.3964804,
0.0.6320740,453.0725688560065,SUCCESS,0.0.731861,0.0.3964804&0.0.4601632&0.0.5328590&0.0.6071074,0.0.4138717@1779133175.776245995
0.0.9687167,7.058799635873416,SUCCESS,0.0.731861,0.0.3964804&0.0.5328590,0.0.4138717@1779133175.614290666
0.0.9729389,1.767452636154172,NOT_ASSOCIATED,0.0.731861,0.0.3964804,
0.0.9973346,0.05193876237828801,NOT_ASSOCIATED,0.0.731861,0.0.3964804,
0.0.3012601,29.72700017896672,SUCCESS,0.0.731861,0.0.3964804&0.0.5328590,0.0.4138717@1779133174.508176199
0.0.5012902,0.09177580938406615,SUCCESS,0.0.731861,0.0.3964804,0.0.4138717@1779133174.600725777
0.0.9636419,5.032164714491279,NOT_ASSOCIATED,0.0.731861,0.0.3964804,
0.0.5805332,16.10940675365958,SUCCESS,0.0.731861,0.0.3964804,0.0.4138717@1779133177.660238265
0.0.9602777,0.2303987281884866,NOT_ASSOCIATED,0.0.731861,0.0.3964804,
0.0.9590994,152.0952376793612,NOT_ASSOCIATED,0.0.731861,0.0.3964804,
0.0.9565816,40.86852992086104,SUCCESS,0.0.731861,0.0.3964804,0.0.4138717@1779133176.392429043
0.0.9640903,46.10252950354371,SUCCESS,0.0.731861,0.0.3964804&0.0.3964834&0.0.4601632,0.0.4138717@1779133178.891385638
0.0.9584885,0.6185133198314076,SUCCESS,0.0.731861,0.0.3964804&0.0.5328590,0.0.4138717@1779133175.638695168
0.0.10093024,8.888475909250095,SUCCESS,0.0.731861,0.0.3964804,0.0.4138717@1779133176.077947604
0.0.816698,121.6429453512478,SUCCESS,0.0.731861,0.0.3964804,0.0.4138717@1779133176.693310306
0.0.820706,63.45934526576391,SUCCESS,0.0.731861,0.0.3964804,0.0.4138717@1779133176.441078031
0.0.4372819,0.2500288692480095,SUCCESS,0.0.731861,0.0.3964804,0.0.4138717@1779133176.659690857
0.0.10072624,0.5035332496538711,SUCCESS,0.0.731861,0.0.3964804,0.0.4138717@1779133178.673419911
0.0.1459068,0.559047657149669,SUCCESS,0.0.731861,0.0.3964804,0.0.4138717@1779133181.074922275
0.0.2963879,24.81219752186505,NOT_ASSOCIATED,0.0.731861,0.0.3964804,
0.0.1745725,37.81382068155214,SUCCESS,0.0.731861,0.0.3964804,0.0.4138717@1779133181.684783817
0.0.4873525,0.7762754917482159,SUCCESS,0.0.731861,0.0.3964804,0.0.4138717@1779133179.169451923
0.0.10004246,7.161034771997639,NOT_ASSOCIATED,0.0.731861,0.0.3964804,
0.0.9401320,61.81519950884088,SUCCESS,0.0.731861,0.0.3964804,0.0.4138717@1779133182.088457893
0.0.5922808,0.4680832301651636,SUCCESS,0.0.731861,0.0.3964804,0.0.4138717@1779133182.797724737
0.0.751161,24.88565127706218,SUCCESS,0.0.731861,0.0.3964804,0.0.4138717@1779133183.612740677
0.0.9196038,2.3154433710056,SUCCESS,0.0.731861,0.0.3964804,0.0.4138717@1779133182.309146471
0.0.8880678,0.3216010805326818,SUCCESS,0.0.731861,0.0.3964804,0.0.4138717@1779133180.979157355
0.0.9285770,1.441371940535681,NOT_ASSOCIATED,0.0.731861,0.0.3964804,
0.0.9275748,18.98543689624039,SUCCESS,0.0.731861,0.0.3964804&0.0.3964827,0.0.4138717@1779133183.591722127
0.0.4345655,54.08835687036015,SUCCESS,0.0.731861,0.0.3964804,0.0.4138717@1779133185.182235336
0.0.6068301,12.97814568804233,SUCCESS,0.0.731861,0.0.3964804&0.0.5328590,0.0.4138717@1779133186.848369975
0.0.8113254,7.739536597622187,SUCCESS,0.0.731861,0.0.3964804&0.0.4601632&0.0.5328590,0.0.4138717@1779133185.423018403
0.0.1862342,4.164260684136433,SUCCESS,0.0.731861,0.0.3964804,0.0.4138717@1779133184.360429250
0.0.9318048,0.2065585790951353,NOT_ASSOCIATED,0.0.731861,0.0.3964804,
0.0.1118731,0.1908346632904517,SUCCESS,0.0.731861,0.0.3964804,0.0.4138717@1779133184.249369408
0.0.1403937,0.1091580025876152,SUCCESS,0.0.731861,0.0.3964804,0.0.4138717@1779133184.249448472
0.0.9177141,0.648934339703779,NOT_ASSOCIATED,0.0.731861,0.0.3964804,
0.0.9086562,0.01933449348129945,SUCCESS,0.0.731861,0.0.3964804,0.0.4138717@1779133189.498782915
0.0.7746903,0.9560303408037532,SUCCESS,0.0.731861,0.0.3964804,0.0.4138717@1779133185.262184941
0.0.9367202,0.02403302403337117,NOT_ASSOCIATED,0.0.731861,0.0.3964804,
0.0.813564,0.01319387172933512,SUCCESS,0.0.731861,0.0.3964804,0.0.4138717@1779133189.883470437
0.0.6160732,0.9533691692371782,NOT_ASSOCIATED,0.0.731861,0.0.3964804,
0.0.9146353,32.25463643686538,SUCCESS,0.0.731861,0.0.3964804,0.0.4138717@1779133187.098569238
0.0.9444587,25.55935418817968,SUCCESS,0.0.731861,0.0.3964804,0.0.4138717@1779133186.352918837
0.0.9450539,13.07412345047194,NOT_ASSOCIATED,0.0.731861,0.0.3964804,
0.0.1056474,52.45167391877125,SUCCESS,0.0.731861,0.0.3964804,0.0.4138717@1779133188.253964169
0.0.887615,0.1381902892537053,SUCCESS,0.0.731861,0.0.3964804,0.0.4138717@1779133186.956087862
0.0.9364762,0.6647903772291229,SUCCESS,0.0.731861,0.0.3964804&0.0.5328590,0.0.4138717@1779133188.933032975
0.0.190191,0.9995774594987518,NOT_ASSOCIATED,0.0.731861,0.0.3964804,
0.0.8246604,0.02288716338012361,SUCCESS,0.0.731861,0.0.3964804,0.0.4138717@1779133191.405715252
0.0.8070994,20.89234100706208,NOT_ASSOCIATED,0.0.731861,0.0.3964804,
0.0.8080965,0.1270804560163092,NOT_ASSOCIATED,0.0.731861,0.0.3964804,
0.0.1018824,154.7484600407969,SUCCESS,0.0.731861,0.0.3964804&0.0.5328590&0.0.10414792,0.0.4138717@1779133191.064153746
0.0.836096,5.225351634994223,SUCCESS,0.0.731861,0.0.3964804&0.0.5328590,0.0.4138717@1779133190.013537165
0.0.4340392,0.5658784865703993,SUCCESS,0.0.731861,0.0.3964804,0.0.4138717@1779133191.509130391
0.0.842806,4274.690517850509,SUCCESS,0.0.731861,0.0.3964804,0.0.4138717@1779133190.623443556
0.0.4782567,28.05088113216013,SUCCESS,0.0.731861,0.0.3964804,0.0.4138717@1779133193.910405250
0.0.1088670,3.011534673178304,SUCCESS,0.0.731861,0.0.3964804,0.0.4138717@1779133190.516384976
0.0.4337103,0.02248799949868602,SUCCESS,0.0.731861,0.0.3964804,0.0.4138717@1779133194.174661886
0.0.3291464,0.2174409483792357,SUCCESS,0.0.731861,0.0.3964804,0.0.4138717@1779133192.349562377
0.0.4231312,4.110199943332864,SUCCESS,0.0.731861,0.0.3964804,0.0.4138717@1779133192.929175224
0.0.846778,727.2484991941063,SUCCESS,0.0.731861,0.0.3964804,0.0.4138717@1779133193.591587810
0.0.4319631,1.522548306357537,SUCCESS,0.0.731861,0.0.3964804,0.0.4138717@1779133197.873589720
0.0.1048940,21.84103907713529,SUCCESS,0.0.731861,0.0.3964804&0.0.5328590,0.0.4138717@1779133196.266119604
0.0.3945405,0.00635375481804354,SUCCESS,0.0.731861,0.0.3964804,0.0.4138717@1779133194.565111779
0.0.1104374,804.019486960138,SUCCESS,0.0.731861,0.0.3964804,0.0.4138717@1779133195.800113872
0.0.1350500,31.6190537992559,SUCCESS,0.0.731861,0.0.3964804&0.0.3964840&0.0.6071119&0.0.6078473,0.0.4138717@1779133197.529176970
0.0.1121794,2.458972634787703,SUCCESS,0.0.731861,0.0.3964804,0.0.4138717@1779133196.622195608
0.0.3872024,27.20621627010815,SUCCESS,0.0.731861,0.0.3964804,0.0.4138717@1779133196.477963294
0.0.833050,0.5442978851163379,SUCCESS,0.0.731861,0.0.3964804,0.0.4138717@1779133199.362724045
0.0.1313705,10.86002033541512,SUCCESS,0.0.731861,0.0.3964804,0.0.4138717@1779133199.908440270
0.0.4184148,2.617266312223111,SUCCESS,0.0.731861,0.0.3964804,0.0.4138717@1779133200.263182310
0.0.4341116,12.87594311597453,SUCCESS,0.0.731861,0.0.3964804,0.0.4138717@1779133200.554347701
0.0.4535053,23.05855203853156,SUCCESS,0.0.731861,0.0.3964804,0.0.4138717@1779133199.569816082
0.0.835055,0.0472236986749991,SUCCESS,0.0.731861,0.0.3964804,0.0.4138717@1779133198.532516681
0.0.4356553,0.2822340758134879,SUCCESS,0.0.731861,0.0.3964804,0.0.4138717@1779133198.980947234
0.0.4333378,0.08248725138447775,SUCCESS,0.0.731861,0.0.3964804,0.0.4138717@1779133203.174791637
0.0.4368518,0.7817783741699822,SUCCESS,0.0.731861,0.0.3964804,0.0.4138717@1779133203.079278774
0.0.4360122,1.970597001075196,SUCCESS,0.0.731861,0.0.3964804,0.0.4138717@1779133200.844524483
0.0.1728462,1.82802626113678,SUCCESS,0.0.731861,0.0.3964804,0.0.4138717@1779133200.883699966
0.0.4758052,1.797393642704703,SUCCESS,0.0.731861,0.0.3964804,0.0.4138717@1779133201.784437820
0.0.4350498,0.0002086732122846341,SUCCESS,0.0.731861,0.0.3964804,0.0.4138717@1779133206.119625037
0.0.1440806,188.280594514046,SUCCESS,0.0.731861,0.0.3964804,0.0.4138717@1779133202.261923096
0.0.3768895,0.01899623440909329,SUCCESS,0.0.731861,0.0.3964804,0.0.4138717@1779133204.315767348
0.0.3023498,5.414375270411965,SUCCESS,0.0.731861,0.0.3964804,0.0.4138717@1779133206.494191070
0.0.4356154,1.842850959264086,SUCCESS,0.0.731861,0.0.3964804&0.0.5328590,0.0.4138717@1779133208.356724801
0.0.4346529,28.01803559300024,SUCCESS,0.0.731861,0.0.3964804,0.0.4138717@1779133204.842542138
0.0.2150506,0.7543868577963735,SUCCESS,0.0.731861,0.0.3964804,0.0.4138717@1779133204.874494397
0.0.4345412,1.170582990381415,SUCCESS,0.0.731861,0.0.3964804,0.0.4138717@1779133205.138829465
0.0.837799,13.66641985145406,SUCCESS,0.0.731861,0.0.3964804,0.0.4138717@1779133205.493625469
0.0.4345654,780.4734747383843,SUCCESS,0.0.731861,0.0.3964804,0.0.4138717@1779133206.526367063
0.0.4923529,0.01861711588026971,NOT_ASSOCIATED,0.0.731861,0.0.3964804,
0.0.1046906,0.2579393877741206,SUCCESS,0.0.731861,0.0.3964804,0.0.4138717@1779133207.954231924
0.0.4362017,16.75297021517505,SUCCESS,0.0.731861,0.0.3964804,0.0.4138717@1779133210.964864530
0.0.789990,0.7442389057683049,SUCCESS,0.0.731861,0.0.3964804,0.0.4138717@1779133211.010333193
0.0.840487,32.79999119910555,SUCCESS,0.0.731861,0.0.3964804,0.0.4138717@1779133211.959139368
0.0.5314183,3.961076944568272,SUCCESS,0.0.731861,0.0.3964804,0.0.4138717@1779133212.254942578
0.0.435679,2807.50217656858,SUCCESS,0.0.731861,0.0.3964804&0.0.3964827&0.0.3964860&0.0.5328590,0.0.4138717@1779133209.290491453
0.0.2302824,0.02516820723747356,SUCCESS,0.0.731861,0.0.3964804,0.0.4138717@1779133210.465348019
0.0.4433604,0.8079508327336503,SUCCESS,0.0.731861,0.0.3964804&0.0.4601632,0.0.4138717@1779133212.342938909
0.0.4345176,1.015515524783276,SUCCESS,0.0.731861,0.0.3964804,0.0.4138717@1779133213.099574018
0.0.793748,2802.671266650666,SUCCESS,0.0.731861,0.0.3964804,0.0.4138717@1779133215.524778291
0.0.4741573,9.478257402271156,SUCCESS,0.0.731861,0.0.3964804,0.0.4138717@1779133211.741859159
0.0.5432163,0.4524598734894991,NOT_ASSOCIATED,0.0.731861,0.0.3964804,
0.0.1415516,94.000930731235,SUCCESS,0.0.731861,0.0.3964804,0.0.4138717@1779133214.167856951
0.0.4329551,76.92222482412946,SUCCESS,0.0.731861,0.0.3964804&0.0.3964827&0.0.3964855,0.0.4138717@1779133212.436314251
0.0.5029689,26.77763744322879,SUCCESS,0.0.731861,0.0.3964804,0.0.4138717@1779133212.585986876
0.0.834666,78.21471417608505,SUCCESS,0.0.731861,0.0.3964804,0.0.4138717@1779133215.891509651
0.0.4323897,0.15554473833002,SUCCESS,0.0.731861,0.0.3964804,0.0.4138717@1779133214.800557553
0.0.1747288,39.5174889886962,SUCCESS,0.0.731861,0.0.3964804,0.0.4138717@1779133215.139107777
0.0.4640278,0.9757212167953386,SUCCESS,0.0.731861,0.0.3964804,0.0.4138717@1779133215.731752653
0.0.1088394,336.036451918138,SUCCESS,0.0.731861,0.0.3964804&0.0.3964860&0.0.3964840&0.0.5328590&0.0.6078473&0.0.8315114,0.0.4138717@1779133219.538320759
0.0.1097802,23.55907068915744,SUCCESS,0.0.731861,0.0.3964804,0.0.4138717@1779133217.678541635
0.0.3878869,9.076515518681507,SUCCESS,0.0.731861,0.0.3964804,0.0.4138717@1779133219.542835592
0.0.1877641,12.14104036791601,SUCCESS,0.0.731861,0.0.3964804,0.0.4138717@1779133220.284119859
0.0.1268672,0.1989591115544652,SUCCESS,0.0.731861,0.0.3964804,0.0.4138717@1779133221.165807394
0.0.835670,10.27084086470202,SUCCESS,0.0.731861,0.0.3964804&0.0.4601632,0.0.4138717@1779133221.386352597
0.0.2145447,363.1822533897914,SUCCESS,0.0.731861,0.0.3964804,0.0.4138717@1779133220.519599424
0.0.859565,190.0262062956734,SUCCESS,0.0.731861,0.0.3964804,0.0.4138717@1779133223.004815297
0.0.859149,208.6567061192536,SUCCESS,0.0.731861,0.0.3964804,0.0.4138717@1779133222.133795061
0.0.1448131,2.708538467930038,SUCCESS,0.0.731861,0.0.3964804,0.0.4138717@1779133221.918953479
0.0.1425322,14.34435177686118,SUCCESS,0.0.731861,0.0.3964804&0.0.5328590,0.0.4138717@1779133220.953639030
0.0.4351860,17.39432951542161,NOT_ASSOCIATED,0.0.731861,0.0.3964804,
0.0.1432019,35.41804226149639,SUCCESS,0.0.731861,0.0.3964804,0.0.4138717@1779133221.758881914
0.0.837554,362.5769343851069,SUCCESS,0.0.731861,0.0.3964804&0.0.3964860&0.0.4129330&0.0.4601632,0.0.4138717@1779133222.684741049
0.0.1088074,180.1483915243398,SUCCESS,0.0.731861,0.0.3964804&0.0.3964860,0.0.4138717@1779133225.053005539
0.0.481717,2.345213882342882,SUCCESS,0.0.731861,0.0.3964804,0.0.4138717@1779133222.692876920
0.0.965222,1823.564181655179,SUCCESS,0.0.731861,0.0.3964804&0.0.3964825,0.0.4138717@1779133222.984920953
0.0.1198079,579.6216539611237,SUCCESS,0.0.731861,0.0.3964804,0.0.4138717@1779133224.728514478
0.0.5147407,4.730115356241812,SUCCESS,0.0.731861,0.0.3964804,0.0.4138717@1779133227.287196778
0.0.4351736,0.1905459572015146,SUCCESS,0.0.731861,0.0.3964804,0.0.4138717@1779133224.294180555
0.0.5698429,0.08137046142381783,SUCCESS,0.0.731861,0.0.3964804,0.0.4138717@1779133223.992638499
0.0.4589167,0.2347986226669359,NOT_ASSOCIATED,0.0.731861,0.0.3964804,
0.0.9695749,29.50171108104645,NOT_ASSOCIATED,0.0.731861,0.0.3964804,
0.0.5482082,6.112982993237996,SUCCESS,0.0.731861,0.0.3964804,0.0.4138717@1779133229.017264312
0.0.5023507,112.6155818424458,SUCCESS,0.0.731861,0.0.3964804&0.0.4601632&0.0.5328590,0.0.4138717@1779133226.686076834
0.0.7550127,1.821585563630412,SUCCESS,0.0.731861,0.0.3964804,0.0.4138717@1779133227.720398610
0.0.3937438,3.64351148314198,SUCCESS,0.0.731861,0.0.3964804,0.0.4138717@1779133226.207108417
0.0.9317309,0.009662117305843862,SUCCESS,0.0.731861,0.0.3964804&0.0.9774523,0.0.4138717@1779133226.250299036
0.0.1043461,579.9276736011003,SUCCESS,0.0.731861,0.0.3964804,0.0.4138717@1779133230.309197835
0.0.796454,553.534910203497,SUCCESS,0.0.731861,0.0.3964804,0.0.4138717@1779133231.222055911
0.0.3907868,0.04617957517051795,SUCCESS,0.0.731861,0.0.3964804,0.0.4138717@1779133229.698772992
0.0.859649,1.889617740503144,SUCCESS,0.0.731861,0.0.3964804,0.0.4138717@1779133230.679648832
0.0.6460255,40.35367794806054,NOT_ASSOCIATED,0.0.731861,0.0.3964804,
0.0.8213249,327.0134237012596,SUCCESS,0.0.731861,0.0.3964804,0.0.4138717@1779133231.107734312
0.0.10068662,0.4667904904667577,SUCCESS,0.0.731861,0.0.3964804,0.0.4138717@1779133229.292285943
0.0.5495538,12.62146908746377,SUCCESS,0.0.731861,0.0.3964804&0.0.3964860&0.0.4601632,0.0.4138717@1779133229.972716705
0.0.4911466,0.08275512887346262,SUCCESS,0.0.731861,0.0.3964804,0.0.4138717@1779133231.488803320
0.0.10085318,27.0610740521781,SUCCESS,0.0.731861,0.0.3964804,0.0.4138717@1779133232.809213295
0.0.9612822,1.448926574493293,NOT_ASSOCIATED,0.0.731861,0.0.3964804,
0.0.834767,11.52591440684187,SUCCESS,0.0.731861,0.0.3964804,0.0.4138717@1779133235.494613325
0.0.6852334,21.88838294603838,SUCCESS,0.0.731861,0.0.3964804,0.0.4138717@1779133232.964338122
0.0.1463629,1.03659179395721,SUCCESS,0.0.731861,0.0.3964804,0.0.4138717@1779133237.030153447
0.0.3295745,52.60073744805204,SUCCESS,0.0.731861,0.0.3964804,0.0.4138717@1779133232.957610510
0.0.433061,1.509551115331472,SUCCESS,0.0.731861,0.0.3964804&0.0.3964860,0.0.4138717@1779133236.809770449
0.0.5957030,18.15993019607017,NOT_ASSOCIATED,0.0.731861,0.0.3964804,
0.0.6275653,0.1443181224490427,SUCCESS,0.0.731861,0.0.3964804,0.0.4138717@1779133236.431815975
0.0.6154587,107.7808560472049,SUCCESS,0.0.731861,0.0.3964804,0.0.4138717@1779133237.356751546
0.0.4533464,1.60841343529126,SUCCESS,0.0.731861,0.0.3964804,0.0.4138717@1779133237.715606195
0.0.6139137,7.939483930060375,SUCCESS,0.0.731861,0.0.3964804,0.0.4138717@1779133238.239381748
0.0.753351,4.43056468395957,SUCCESS,0.0.731861,0.0.3964804,0.0.4138717@1779133238.915200965
0.0.5068116,0.4341975425132735,NOT_ASSOCIATED,0.0.731861,0.0.3964804,
0.0.805713,158.5771200641635,SUCCESS,0.0.731861,0.0.3964804,0.0.4138717@1779133241.346412550
0.0.4965217,2.156841919213325,SUCCESS,0.0.731861,0.0.3964804,0.0.4138717@1779133238.177709663
0.0.3967246,5.339622616016007,SUCCESS,0.0.731861,0.0.3964804,0.0.4138717@1779133238.014845170
0.0.4358173,277.3748958482811,SUCCESS,0.0.731861,0.0.3964804&0.0.4601632&0.0.6126395,0.0.4138717@1779133240.327484182
0.0.4717832,2.697810382375119,SUCCESS,0.0.731861,0.0.3964804,0.0.4138717@1779133240.932813526
0.0.10435633,0.414087778559795,SUCCESS,0.0.731861,0.0.3964804,0.0.4138717@1779133241.684332780
0.0.728698,16.87265220066804,SUCCESS,0.0.731861,0.0.3964804&0.0.4601632,0.0.4138717@1779133239.971953509
0.0.2030460,2807.110703473312,SUCCESS,0.0.731861,0.0.3964804&0.0.6078473,0.0.4138717@1779133240.001246705
0.0.3948696,0.9014410083327544,SUCCESS,0.0.731861,0.0.3964804,0.0.4138717@1779133241.006868266
0.0.10242536,15.01578560041733,NOT_ASSOCIATED,0.0.731861,0.0.3964804,
0.0.10261941,10.06705926649473,SUCCESS,0.0.731861,0.0.3964804,0.0.4138717@1779133242.708751677
0.0.10279551,2.187071933395598,SUCCESS,0.0.731861,0.0.3964804,0.0.4138717@1779133242.317674082
0.0.9796301,6.320784164306134,NOT_ASSOCIATED,0.0.731861,0.0.3964804,
0.0.10356782,6.321416830083165,SUCCESS,0.0.731861,0.0.3964804,0.0.4138717@1779133242.271222769
0.0.10383503,640.1033075718049,SUCCESS,0.0.731861,0.0.3964804,0.0.4138717@1779133243.483107591
0.0.3165925,0.6574350984071925,SUCCESS,0.0.731861,0.0.3964804,0.0.4138717@1779133246.181516400
0.0.4853191,0.06492367114801763,SUCCESS,0.0.731861,0.0.3964804,0.0.4138717@1779133249.194510328
0.0.1357334,1.878572019837933,SUCCESS,0.0.731861,0.0.3964804,0.0.4138717@1779133246.177874733
0.0.1402758,449.3548545867412,SUCCESS,0.0.731861,0.0.3964804&0.0.3964837,0.0.4138717@1779133248.242851837
0.0.10171350,32.11652427803964,SUCCESS,0.0.731861,0.0.3964804&0.0.5328590,0.0.4138717@1779133249.479157603
0.0.1505544,0.07804262127635109,SUCCESS,0.0.731861,0.0.3964804,0.0.4138717@1779133246.876376581
0.0.4639295,8.495770880779675,SUCCESS,0.0.731861,0.0.3964804,0.0.4138717@1779133249.944041549
0.0.876236,1.561210457578968,SUCCESS,0.0.731861,0.0.3964804,0.0.4138717@1779133251.438946359
0.0.4644030,0.2644152694471144,SUCCESS,0.0.731861,0.0.3964804,0.0.4138717@1779133252.235423984
0.0.2005484,0.2180374286568703,SUCCESS,0.0.731861,0.0.3964804,0.0.4138717@1779133250.339725688
0.0.4144365,20.141829148136,SUCCESS,0.0.731861,0.0.3964804,0.0.4138717@1779133249.677544504
0.0.1860252,0.4657759652893927,SUCCESS,0.0.731861,0.0.3964804,0.0.4138717@1779133252.539869512
0.0.9690555,2.49612018307812,SUCCESS,0.0.731861,0.0.3964804,0.0.4138717@1779133251.595245534
0.0.838198,32.03933884801133,SUCCESS,0.0.731861,0.0.3964804&0.0.3964855&0.0.3964840&0.0.4601632,0.0.4138717@1779133250.276723018
0.0.10056907,422.3164859238356,SUCCESS,0.0.731861,0.0.3964804&0.0.3964837,0.0.4138717@1779133254.338911697
0.0.1711144,6.961512433378143,NOT_ASSOCIATED,0.0.731861,0.0.3964804&0.0.3964808,
0.0.5315914,20.81221157475735,SUCCESS,0.0.731861,0.0.3964804,0.0.4138717@1779133252.121471969
0.0.4327294,0.2023886665435718,SUCCESS,0.0.731861,0.0.3964804,0.0.4138717@1779133255.616982309
0.0.7164995,55.38920828997548,SUCCESS,0.0.731861,0.0.3964804,0.0.4138717@1779133256.278985926
0.0.5421455,0.05148815862975033,SUCCESS,0.0.731861,0.0.3964804,0.0.4138717@1779133252.883662216
0.0.10167174,1.794304272991801,SUCCESS,0.0.731861,0.0.3964804,0.0.4138717@1779133258.207125056
0.0.1332209,0.02497026619465603,SUCCESS,0.0.731861,0.0.3964808,0.0.4138717@1779133257.392684432
0.0.4179053,0.7884713896640105,SUCCESS,0.0.731861,0.0.3964808,0.0.4138717@1779133257.804639115
0.0.4762457,1.307589431180566,SUCCESS,0.0.731861,0.0.3964808,0.0.4138717@1779133257.822282772
0.0.7710944,0.2164600374689259,SUCCESS,0.0.731861,0.0.3964808,0.0.4138717@1779133261.205594558
0.0.2028589,0.08482862183245599,SUCCESS,0.0.731861,0.0.3964808,0.0.4138717@1779133257.599374600
0.0.811544,8.545876826037095,SUCCESS,0.0.731861,0.0.3964808,0.0.4138717@1779133257.880823672
0.0.4342823,0.4258053724998875,SUCCESS,0.0.731861,0.0.3964808,0.0.4138717@1779133261.637409896
0.0.2031271,0.08950623329869378,SUCCESS,0.0.731861,0.0.3964808,0.0.4138717@1779133258.868304845
0.0.1005072,56.98863297656062,SUCCESS,0.0.731861,0.0.3964808,0.0.4138717@1779133262.997707550
0.0.6235543,83.98856092872117,SUCCESS,0.0.731861,0.0.3964808,0.0.4138717@1779133262.071057680
0.0.7760710,0.4030432983526665,SUCCESS,0.0.731861,0.0.3964808,0.0.4138717@1779133261.279068443
0.0.7582729,6753.934102260222,SUCCESS,0.0.731861,0.0.3964808,0.0.4138717@1779133262.424240950
0.0.1890297,54.30034203887065,SUCCESS,0.0.731861,0.0.3964808,0.0.4138717@1779133264.096645488
0.0.842464,28.52657803514672,SUCCESS,0.0.731861,0.0.3964808&0.0.3964840&0.0.4129330,0.0.4138717@1779133264.635320767
0.0.3000165,1640.117411200968,SUCCESS,0.0.731861,0.0.3964821,0.0.4138717@1779133267.398395728
0.0.4146647,0.1243376646308145,SUCCESS,0.0.731861,0.0.3964821,0.0.4138717@1779133267.163406324
0.0.4882076,14.24717832570884,SUCCESS,0.0.731861,0.0.3964827&0.0.3964855&0.0.4129330&0.0.4601632&0.0.5328590,0.0.4138717@1779133263.953580799
0.0.4338112,0.0422017788673905,SUCCESS,0.0.731861,0.0.3964827,0.0.4138717@1779133265.752639164
0.0.4793606,44.25165560068292,SUCCESS,0.0.731861,0.0.3964827&0.0.5328590,0.0.4138717@1779133267.543930608
0.0.1061257,180.2542246012697,SUCCESS,0.0.731861,0.0.3964827&0.0.4601632&0.0.5328590,0.0.4138717@1779133268.439582000
0.0.1107354,8.381101516446508,SUCCESS,0.0.731861,0.0.3964827,0.0.4138717@1779133269.927338308
0.0.4733298,6.591272166683377,SUCCESS,0.0.731861,0.0.3964827,0.0.4138717@1779133271.371013640
0.0.3169781,12.57178449423502,SUCCESS,0.0.731861,0.0.3964827,0.0.4138717@1779133269.367168648
0.0.1065704,81.6501231355794,SUCCESS,0.0.731861,0.0.3964827,0.0.4138717@1779133272.351224311
0.0.4410999,4.5284955111221,SUCCESS,0.0.731861,0.0.3964827,0.0.4138717@1779133270.446821476
0.0.7965416,0.1243794062699147,NOT_ASSOCIATED,0.0.731861,0.0.3964827,
0.0.5239780,245.2653817522487,SUCCESS,0.0.731861,0.0.3964827,0.0.4138717@1779133274.383589941
0.0.4737222,1.602792953344442,SUCCESS,0.0.731861,0.0.3964827,0.0.4138717@1779133274.628405831
0.0.7595440,124.2807711115626,SUCCESS,0.0.731861,0.0.3964827,0.0.4138717@1779133274.689654789
0.0.479120,3065.226586870839,SUCCESS,0.0.731861,0.0.3964827&0.0.4129330,0.0.4138717@1779133275.644357223
0.0.7870892,3.653513837841844,SUCCESS,0.0.731861,0.0.3964827,0.0.4138717@1779133274.882860545
0.0.7486751,2.174152547138088,SUCCESS,0.0.731861,0.0.3964827&0.0.4601632,0.0.4138717@1779133274.873590513
0.0.6109726,46.69239269045629,SUCCESS,0.0.731861,0.0.3964827,0.0.4138717@1779133272.908998036
0.0.1392115,232.7123822550662,SUCCESS,0.0.731861,0.0.3964827&0.0.4129330,0.0.4138717@1779133275.678982000
0.0.913930,1.323214503086827,SUCCESS,0.0.731861,0.0.3964827,0.0.4138717@1779133276.716704494
0.0.611948,30.28615827043625,SUCCESS,0.0.731861,0.0.3964827,0.0.4138717@1779133277.449554112
0.0.1750137,168.1689327303523,SUCCESS,0.0.731861,0.0.3964827,0.0.4138717@1779133275.012197137
0.0.1087560,99.44135000698981,SUCCESS,0.0.731861,0.0.3964827&0.0.3964855,0.0.4138717@1779133279.546644528
0.0.5447658,0.5044729891869894,SUCCESS,0.0.731861,0.0.3964827,0.0.4138717@1779133280.303844934
0.0.4344919,7.868392478293345,SUCCESS,0.0.731861,0.0.3964827,0.0.4138717@1779133277.316555649
0.0.4348609,165.2203683757209,SUCCESS,0.0.731861,0.0.3964827&0.0.5328590,0.0.4138717@1779133280.906339386
0.0.4364640,13.85214495391223,SUCCESS,0.0.731861,0.0.3964827,0.0.4138717@1779133278.296221553
0.0.3443413,23.39256512693095,SUCCESS,0.0.731861,0.0.3964827&0.0.4601632,0.0.4138717@1779133280.234178325
0.0.1436265,7.042852768667244,SUCCESS,0.0.731861,0.0.3964827,0.0.4138717@1779133280.977593424
0.0.8778454,0.02987849893247698,SUCCESS,0.0.731861,0.0.3964827,0.0.4138717@1779133278.927521719
0.0.6288848,0.04446595955620557,SUCCESS,0.0.731861,0.0.3964827&0.0.6071119,0.0.4138717@1779133283.006161828
0.0.835079,56.38856740357742,SUCCESS,0.0.731861,0.0.3964827,0.0.4138717@1779133282.908885772
0.0.849606,178.3364621152887,SUCCESS,0.0.731861,0.0.3964827&0.0.6071119,0.0.4138717@1779133286.156969594
0.0.834607,18.00691889747554,SUCCESS,0.0.731861,0.0.3964827,0.0.4138717@1779133285.541182103
0.0.7947570,0.07636257228254384,SUCCESS,0.0.731861,0.0.3964827,0.0.4138717@1779133282.972324025
0.0.839408,52.56329772246441,SUCCESS,0.0.731861,0.0.3964827,0.0.4138717@1779133285.594707005
0.0.10237841,17.06836315290544,SUCCESS,0.0.731861,0.0.3964827,0.0.4138717@1779133287.039940751
0.0.10233326,37.84349690193526,SUCCESS,0.0.731861,0.0.3964827,0.0.4138717@1779133287.605424675
0.0.1406579,0.348565175808749,SUCCESS,0.0.731861,0.0.3964827,0.0.4138717@1779133285.307945565
0.0.9541852,0.594433832348046,SUCCESS,0.0.731861,0.0.3964827,0.0.4138717@1779133287.516022006
0.0.8377520,80.41511894957763,SUCCESS,0.0.731861,0.0.3964827,0.0.4138717@1779133284.830759252
0.0.3283790,2981.441379689275,SUCCESS,0.0.731861,0.0.3964827&0.0.6071119,0.0.4138717@1779133287.223501544
0.0.6630516,11.36412404005323,SUCCESS,0.0.731861,0.0.3964827,0.0.4138717@1779133290.094894515
0.0.4975045,179.2838559447842,SUCCESS,0.0.731861,0.0.3964827,0.0.4138717@1779133289.938465218
0.0.1079751,99.74615637408392,SUCCESS,0.0.731861,0.0.3964827,0.0.4138717@1779133288.793049839
0.0.7677057,42.20732641379806,SUCCESS,0.0.731861,0.0.3964827,0.0.4138717@1779133288.966707190
0.0.2288443,381.9095290872114,SUCCESS,0.0.731861,0.0.3964827&0.0.3964837&0.0.4129330&0.0.5328590,0.0.4138717@1779133288.752613458
0.0.7776243,2.708771471397655,SUCCESS,0.0.731861,0.0.3964827,0.0.4138717@1779133290.550777723
0.0.885667,4.081783253993102,SUCCESS,0.0.731861,0.0.3964827,0.0.4138717@1779133290.315880456
0.0.1016797,2.617860975225025,SUCCESS,0.0.731861,0.0.3964827,0.0.4138717@1779133294.041544277
0.0.836080,2.111531790082935e-9,SUCCESS,0.0.731861,0.0.3964827&0.0.3964837&0.0.3964855,0.0.4138717@1779133295.322190435
0.0.1120301,0.08399538388250678,SUCCESS,0.0.731861,0.0.3964827&0.0.3964855,0.0.4138717@1779133292.723833427
0.0.1400872,117.1120493991571,SUCCESS,0.0.731861,0.0.3964827&0.0.4129330&0.0.6071911,0.0.4138717@1779133291.548941860
0.0.4338721,1.813539598439918,SUCCESS,0.0.731861,0.0.3964834,0.0.4138717@1779133295.485387678
0.0.2799604,1497.88263467038,SUCCESS,0.0.731861,0.0.3964837,0.0.4138717@1779133296.826907008
0.0.913172,85.9194219481438,SUCCESS,0.0.731861,0.0.3964837,0.0.4138717@1779133295.142012626
0.0.1020586,878.4612388414808,SUCCESS,0.0.731861,0.0.3964837&0.0.4601632&0.0.5328590,0.0.4138717@1779133295.141240760
0.0.658363,9819.837373676583,SUCCESS,0.0.731861,0.0.3964837&0.0.3964840,0.0.4138717@1779133298.538648125
0.0.790151,351.6224096775287,SUCCESS,0.0.731861,0.0.3964837,0.0.4138717@1779133295.457087624
0.0.850401,117.7239716406105,SUCCESS,0.0.731861,0.0.3964837,0.0.4138717@1779133299.159113470
0.0.6018293,145.7544832622517,SUCCESS,0.0.731861,0.0.3964837,0.0.4138717@1779133296.158830766
0.0.1054756,2296.350675207774,SUCCESS,0.0.731861,0.0.3964855,0.0.4138717@1779133297.306048932
0.0.1423973,2.1149848577565e-8,SUCCESS,0.0.731861,0.0.3964855,0.0.4138717@1779133298.516653443
0.0.4861302,17.36106398790174,SUCCESS,0.0.731861,0.0.3964855&0.0.4601632,0.0.4138717@1779133300.630354309
0.0.1228872,1.239382096566179,SUCCESS,0.0.731861,0.0.3964855,0.0.4138717@1779133302.524088572
0.0.1008009,20.99847613158762,SUCCESS,0.0.731861,0.0.3964855&0.0.4601632&0.0.5328590,0.0.4138717@1779133298.312765845
0.0.5377617,153.9562067809638,SUCCESS,0.0.731861,0.0.3964855,0.0.4138717@1779133299.902710584
0.0.509141,17.39351550257021,SUCCESS,0.0.731861,0.0.3964860,0.0.4138717@1779133299.703870069
0.0.9377988,0.006063228715938673,SUCCESS,0.0.731861,0.0.3964860,0.0.4138717@1779133299.614484752
0.0.2014278,1119.933262418923,SUCCESS,0.0.731861,0.0.3964860,0.0.4138717@1779133300.295911197
0.0.9371874,0.0005148394310022329,SUCCESS,0.0.731861,0.0.3964860,0.0.4138717@1779133303.009065385
0.0.9379489,0.000007320593553064254,SUCCESS,0.0.731861,0.0.3964860,0.0.4138717@1779133301.810859041
0.0.9384218,0.002576101355646502,SUCCESS,0.0.731861,0.0.3964860,0.0.4138717@1779133304.272884032
0.0.9377965,0.0007037784495850616,SUCCESS,0.0.731861,0.0.3964860,0.0.4138717@1779133303.780134563
0.0.9389956,0.0164747771609324,SUCCESS,0.0.731861,0.0.3964860,0.0.4138717@1779133303.535231105
0.0.9377806,0.0003553943644802949,SUCCESS,0.0.731861,0.0.3964860,0.0.4138717@1779133305.779566220
0.0.9377844,0.00550484656374461,SUCCESS,0.0.731861,0.0.3964860,0.0.4138717@1779133304.009678948
0.0.9412510,0.007252662958642613,SUCCESS,0.0.731861,0.0.3964860,0.0.4138717@1779133305.520685326
0.0.9377518,0.0006945254450169739,SUCCESS,0.0.731861,0.0.3964860,0.0.4138717@1779133307.997869741
0.0.9428633,0.00006574429007954068,SUCCESS,0.0.731861,0.0.3964860,0.0.4138717@1779133308.158502604
0.0.9377397,0.0006944690242574039,SUCCESS,0.0.731861,0.0.3964860,0.0.4138717@1779133308.327490589
0.0.9428581,0.005967059531265436,SUCCESS,0.0.731861,0.0.3964860,0.0.4138717@1779133308.668449792
0.0.9375318,0.0003468184090268491,SUCCESS,0.0.731861,0.0.3964860,0.0.4138717@1779133309.956454491
0.0.9371968,0.0006749615466388128,SUCCESS,0.0.731861,0.0.3964860,0.0.4138717@1779133308.429983241
0.0.9692993,0.06265832842487445,SUCCESS,0.0.731861,0.0.3964860,0.0.4138717@1779133308.041340413
0.0.9738472,0.0691777471922508,SUCCESS,0.0.731861,0.0.3964860,0.0.4138717@1779133308.453764609
0.0.868627,844.2049131423686,SUCCESS,0.0.731861,0.0.3964860,0.0.4138717@1779133310.140203868
0.0.10023494,0.00004488271423146858,SUCCESS,0.0.731861,0.0.3964860,0.0.4138717@1779133308.486867753
0.0.10111308,0.1012462744024115,SUCCESS,0.0.731861,0.0.3964860,0.0.4138717@1779133313.590692033
0.0.8316,58.43388418599447,SUCCESS,0.0.731861,0.0.3964860&0.0.4601632&0.0.5328590,0.0.4138717@1779133313.226022352
0.0.10164768,7149.878858310133,SUCCESS,0.0.731861,0.0.3964860,0.0.4138717@1779133312.796969420
0.0.4614528,69.86415711549185,SUCCESS,0.0.731861,0.0.3964860&0.0.5328590,0.0.4138717@1779133310.913984738
0.0.9144335,10.01668043662601,SUCCESS,0.0.731861,0.0.3964860,0.0.4138717@1779133313.609806198
0.0.8257213,12.05410153677741,SUCCESS,0.0.731861,0.0.3964860,0.0.4138717@1779133314.989232878
0.0.4315666,8.104533840385404,SUCCESS,0.0.731861,0.0.3964860,0.0.4138717@1779133314.306003093
0.0.5734968,20.06611167393996,SUCCESS,0.0.731861,0.0.3964860,0.0.4138717@1779133311.507201148
0.0.9947585,9.49437774167065,SUCCESS,0.0.731861,0.0.3964860,0.0.4138717@1779133313.255592721
0.0.1509692,20.31999071334647,SUCCESS,0.0.731861,0.0.3964860,0.0.4138717@1779133316.076110335
0.0.1483886,758.6473987925397,SUCCESS,0.0.731861,0.0.3964860&0.0.10418141,0.0.4138717@1779133315.964557192
0.0.4865794,144.457834452221,SUCCESS,0.0.731861,0.0.3964860&0.0.10418141,0.0.4138717@1779133316.014291113
0.0.9451180,0.009852870861898374,SUCCESS,0.0.731861,0.0.3964860,0.0.4138717@1779133316.196952271
0.0.9451434,4.378111527007759e-7,SUCCESS,0.0.731861,0.0.3964860,0.0.4138717@1779133318.888854843
0.0.9451478,0.004774906686754188,SUCCESS,0.0.731861,0.0.3964860,0.0.4138717@1779133318.227242590
0.0.1989187,67.93359666483664,SUCCESS,0.0.731861,0.0.3964860,0.0.4138717@1779133316.822063024
0.0.3870061,274.017982031789,SUCCESS,0.0.731861,0.0.3964860&0.0.4601632,0.0.4138717@1779133318.987497010
0.0.1048482,154.3113876191792,SUCCESS,0.0.731861,0.0.3964860,0.0.4138717@1779133315.929650840
0.0.9129985,1.764213571963644,SUCCESS,0.0.731861,0.0.3964840,0.0.4138717@1779133317.718144464
0.0.1334138,0.009743603289321922,SUCCESS,0.0.731861,0.0.3964840,0.0.4138717@1779133316.567508273
0.0.4154537,3938.24319564513,SUCCESS,0.0.731861,0.0.3964840,0.0.4138717@1779133322.249688959
0.0.4904605,506.0753358381335,SUCCESS,0.0.731861,0.0.3964840,0.0.4138717@1779133318.304508279
0.0.892416,33.34477558833186,SUCCESS,0.0.731861,0.0.3964840,0.0.4138717@1779133320.730356332
0.0.1673765,50.685707168,SUCCESS,0.0.731861,0.0.3964840,0.0.4138717@1779133320.860896836
0.0.972955,3.54511458610533e-9,SUCCESS,0.0.731861,0.0.4129330,0.0.4138717@1779133323.953437654
0.0.839840,19.95804802035311,SUCCESS,0.0.731861,0.0.4129330&0.0.4601632&0.0.5328590,0.0.4138717@1779133320.265069603
0.0.3293439,1.905315147075645,SUCCESS,0.0.731861,0.0.4129330,0.0.4138717@1779133324.750695685
0.0.4625345,2.773044037295922,SUCCESS,0.0.731861,0.0.4129330,0.0.4138717@1779133320.900802555
0.0.4754452,0.1072184412811613,SUCCESS,0.0.731861,0.0.4129330,0.0.4138717@1779133324.509317658
0.0.8410631,0.3594923163365709,SUCCESS,0.0.731861,0.0.4129330&0.0.4601632,0.0.4138717@1779133326.405586420
0.0.2960424,0.08616346891320932,SUCCESS,0.0.731861,0.0.4129330,0.0.4138717@1779133324.050778069
0.0.261557,0.438845163970719,SUCCESS,0.0.731861,0.0.4129330,0.0.4138717@1779133327.732047926
0.0.4718583,0.001778228141697704,SUCCESS,0.0.731861,0.0.4129330,0.0.4138717@1779133326.993066331
0.0.4606843,0.02829529274031165,SUCCESS,0.0.731861,0.0.4129330&0.0.4601632,0.0.4138717@1779133328.653742063
0.0.795325,0.1178589411556595,SUCCESS,0.0.731861,0.0.4129330,0.0.4138717@1779133325.271764057
0.0.856304,0.005324529373647234,SUCCESS,0.0.731861,0.0.4129330,0.0.4138717@1779133325.407097769
0.0.7778674,243.1743536696199,SUCCESS,0.0.731861,0.0.4601632&0.0.5328590,0.0.4138717@1779133329.902545018
0.0.4358401,11.30284253421773,SUCCESS,0.0.731861,0.0.4601632&0.0.5328590,0.0.4138717@1779133328.913878571
0.0.1074067,27.60982210734529,SUCCESS,0.0.731861,0.0.4601632,0.0.4138717@1779133329.735195379
0.0.1425168,5942.278736131342,SUCCESS,0.0.731861,0.0.4601632&0.0.5328590,0.0.4138717@1779133331.472122394
0.0.6049415,184.1630721836633,SUCCESS,0.0.731861,0.0.4601632&0.0.6071074,0.0.4138717@1779133330.526496575
0.0.3161895,1.300093485867206,SUCCESS,0.0.731861,0.0.4601632,0.0.4138717@1779133332.816775392
0.0.1518521,2.541864172063207,SUCCESS,0.0.731861,0.0.4601632,0.0.4138717@1779133332.718015872
0.0.2114355,0.0003192959046127266,SUCCESS,0.0.731861,0.0.4601632,0.0.4138717@1779133333.019975246
0.0.3158284,7.416068579655745,SUCCESS,0.0.731861,0.0.4601632&0.0.5328590,0.0.4138717@1779133331.396166946
0.0.660703,24.21789488110502,SUCCESS,0.0.731861,0.0.4601632,0.0.4138717@1779133330.818310693
0.0.3705687,0.002275189859954098,SUCCESS,0.0.731861,0.0.4601632,0.0.4138717@1779133333.052154877
0.0.860846,0.01546325701507423,SUCCESS,0.0.731861,0.0.4601632,0.0.4138717@1779133332.461320979
0.0.877043,33.27370850386724,SUCCESS,0.0.731861,0.0.4601632,0.0.4138717@1779133335.661871710
0.0.1287040,9.23429644005637,SUCCESS,0.0.731861,0.0.4601632,0.0.4138717@1779133337.217138643
0.0.4797402,0.003478351078093756,SUCCESS,0.0.731861,0.0.4601632,0.0.4138717@1779133336.636755824
0.0.851606,0.001021520207185045,SUCCESS,0.0.731861,0.0.4601632,0.0.4138717@1779133334.801487001
0.0.4559156,0.1094938137536782,SUCCESS,0.0.731861,0.0.4601632,0.0.4138717@1779133336.839766883
0.0.853115,0.08016980408064389,SUCCESS,0.0.731861,0.0.4601632,0.0.4138717@1779133335.418752244
0.0.3828466,46.86409934497234,SUCCESS,0.0.731861,0.0.4601632,0.0.4138717@1779133335.817098871
0.0.912306,1.81926340114946,SUCCESS,0.0.731861,0.0.4601632,0.0.4138717@1779133340.158362389
0.0.4403472,0.7085962536884396,SUCCESS,0.0.731861,0.0.4601632,0.0.4138717@1779133339.911506720
0.0.4153394,2199.178868449216,SUCCESS,0.0.731861,0.0.4601632&0.0.5328590,0.0.4138717@1779133336.634599674
0.0.1060925,3.165723918381278,SUCCESS,0.0.731861,0.0.4601632,0.0.4138717@1779133341.167461354
0.0.835095,69.64692819743523,SUCCESS,0.0.731861,0.0.4601632,0.0.4138717@1779133337.924662460
0.0.10031150,0.8779436131557549,NOT_ASSOCIATED,0.0.731861,0.0.4601632,
0.0.816727,18.3069090182908,SUCCESS,0.0.731861,0.0.4601632,0.0.4138717@1779133341.113040341
0.0.5002435,2.460144000198262,SUCCESS,0.0.731861,0.0.4601632,0.0.4138717@1779133340.749019825
0.0.2999419,0.1051990052505892,SUCCESS,0.0.731861,0.0.4601632,0.0.4138717@1779133341.703570207
0.0.707819,5.048749525027816,SUCCESS,0.0.731861,0.0.4601632,0.0.4138717@1779133339.391943096
0.0.837339,12.47554541311068,SUCCESS,0.0.731861,0.0.4601632,0.0.4138717@1779133343.691168933
0.0.175313,1.582421339703501,SUCCESS,0.0.731861,0.0.4601632,0.0.4138717@1779133342.532351216
0.0.1096207,2192.661864476736,SUCCESS,0.0.731861,0.0.4601632,0.0.4138717@1779133342.239508955
0.0.704807,27.64997525410559,SUCCESS,0.0.731861,0.0.4601632,0.0.4138717@1779133344.401622331
0.0.1405765,62.45903147994805,SUCCESS,0.0.731861,0.0.4601632,0.0.4138717@1779133346.467405955
0.0.1460111,1.123394071978952,SUCCESS,0.0.731861,0.0.4601632,0.0.4138717@1779133346.422600298
0.0.5972520,32.95480379620435,SUCCESS,0.0.731861,0.0.4601632,0.0.4138717@1779133343.770740311
0.0.5255642,1.279097223021447,SUCCESS,0.0.731861,0.0.4601632,0.0.4138717@1779133344.198005375
0.0.7684662,160.4130438539063,SUCCESS,0.0.731861,0.0.4601632&0.0.5328590,0.0.4138717@1779133345.901935021
0.0.4730774,162.8922931461315,SUCCESS,0.0.731861,0.0.4601632,0.0.4138717@1779133344.790836696
0.0.9689618,1541.806931443682,SUCCESS,0.0.731861,0.0.4601632&0.0.6071911,0.0.4138717@1779133347.185782313
0.0.9181254,0.2660903933522646,SUCCESS,0.0.731861,0.0.4601632,0.0.4138717@1779133346.354762765
0.0.4753601,3.048374047337152,SUCCESS,0.0.731861,0.0.4601632,0.0.4138717@1779133345.213912581
0.0.3932850,193.0481836687743,SUCCESS,0.0.731861,0.0.4601632,0.0.4138717@1779133346.028208017
0.0.1860200,0.01082814903458641,SUCCESS,0.0.731861,0.0.4601632,0.0.4138717@1779133348.030299959
0.0.10031144,36.57703418718225,NOT_ASSOCIATED,0.0.731861,0.0.4601632,
0.0.1075845,11.93947523213572,SUCCESS,0.0.731861,0.0.4601632,0.0.4138717@1779133351.073999296
0.0.7480837,65.46118214607311,SUCCESS,0.0.731861,0.0.4601632,0.0.4138717@1779133347.863148916
0.0.3917694,77.47965019132178,SUCCESS,0.0.731861,0.0.4601632,0.0.4138717@1779133350.363815125
0.0.933942,186.260566993431,SUCCESS,0.0.731861,0.0.4601632,0.0.4138717@1779133351.762855515
0.0.6463609,0.8255690627345839,NOT_ASSOCIATED,0.0.731861,0.0.4601632,
0.0.1337729,36.74827755166352,SUCCESS,0.0.731861,0.0.4601632,0.0.4138717@1779133350.942044727
0.0.864984,134.0098280155793,SUCCESS,0.0.731861,0.0.4601632,0.0.4138717@1779133352.529316960
0.0.8431266,5.31668610237382,SUCCESS,0.0.731861,0.0.4601632,0.0.4138717@1779133349.712622708
0.0.4367704,0.001316371975815025,SUCCESS,0.0.731861,0.0.4601632,0.0.4138717@1779133349.490402375
0.0.4414004,551.2812947634527,NOT_ASSOCIATED,0.0.731861,0.0.4601632,
0.0.227955,0.1875455253165678,SUCCESS,0.0.731861,0.0.4601632,0.0.4138717@1779133350.945283709
0.0.7288906,16.48649206879952,NOT_ASSOCIATED,0.0.731861,0.0.4601632,
0.0.1111312,27.07304962248682,SUCCESS,0.0.731861,0.0.4601632,0.0.4138717@1779133355.853126664
0.0.821010,32.41303760366796,SUCCESS,0.0.731861,0.0.4601632,0.0.4138717@1779133351.893705033
0.0.3273852,53.92694411133007,SUCCESS,0.0.731861,0.0.4601632,0.0.4138717@1779133351.812660037
0.0.10045691,110.4118824901665,SUCCESS,0.0.731861,0.0.4601632,0.0.4138717@1779133355.717870997
0.0.8831938,27.50768657087989,SUCCESS,0.0.731861,0.0.4601632,0.0.4138717@1779133352.921686600
0.0.9745450,55.74944431523141,SUCCESS,0.0.731861,0.0.4601632,0.0.4138717@1779133353.364875017
0.0.9210897,32.22032213065775,SUCCESS,0.0.731861,0.0.4601632,0.0.4138717@1779133356.537671240
0.0.1217090,1291.106193052818,SUCCESS,0.0.731861,0.0.4601632,0.0.4138717@1779133358.081585334
0.0.9386020,3759.211047599895,SUCCESS,0.0.731861,0.0.4601632,0.0.4138717@1779133356.055633887
0.0.1278461,29.50582376496517,SUCCESS,0.0.731861,0.0.4601632,0.0.4138717@1779133358.966130456
0.0.7482624,12.60938686371755,NOT_ASSOCIATED,0.0.731861,0.0.4601632,
0.0.7562963,155.6847085083748,SUCCESS,0.0.731861,0.0.5328590,0.0.4138717@1779133356.958241836
0.0.1212407,10.59006011557002,SUCCESS,0.0.731861,0.0.5328590,0.0.4138717@1779133358.226748623
0.0.7206642,95.6552176807418,SUCCESS,0.0.731861,0.0.5328590,0.0.4138717@1779133360.747229712
0.0.9168105,532.5934688308763,SUCCESS,0.0.731861,0.0.5328590,0.0.4138717@1779133356.551238299
0.0.8128261,0.0138895318497022,SUCCESS,0.0.731861,0.0.5328590,0.0.4138717@1779133358.820755927
0.0.9093010,0.2311928347102425,SUCCESS,0.0.731861,0.0.5328590,0.0.4138717@1779133360.789774785
0.0.4362489,92.97934786179698,SUCCESS,0.0.731861,0.0.5328590,0.0.4138717@1779133358.141866247
0.0.7171484,0.8295617699515844,SUCCESS,0.0.731861,0.0.5328590,0.0.4138717@1779133359.368952738
0.0.7326025,0.4049964213529646,SUCCESS,0.0.731861,0.0.5328590&0.0.6071119,0.0.4138717@1779133360.490234441
0.0.6003880,32.9457003484935,SUCCESS,0.0.731861,0.0.5328590,0.0.4138717@1779133359.201489856
0.0.1444388,14.71970797377777,SUCCESS,0.0.731861,0.0.5328590,0.0.4138717@1779133361.510264591
0.0.10047974,29.97769764661532,SUCCESS,0.0.731861,0.0.5328590,0.0.4138717@1779133363.296034845
0.0.10010228,432.3065659178268,SUCCESS,0.0.731861,0.0.5328590,0.0.4138717@1779133364.272272955
0.0.1027780,2846.214177037712,SUCCESS,0.0.731861,0.0.5328590,0.0.4138717@1779133362.339735096
0.0.1251063,172.4965371768542,SUCCESS,0.0.731861,0.0.5328590,0.0.4138717@1779133361.791731874
0.0.9214791,10.27555792771203,SUCCESS,0.0.731861,0.0.5328590,0.0.4138717@1779133363.507586124
0.0.8426856,8.914293805745631,SUCCESS,0.0.731861,0.0.5328590,0.0.4138717@1779133362.946862888
0.0.4348988,1.376258336474431,SUCCESS,0.0.731861,0.0.5328590,0.0.4138717@1779133365.923431315
0.0.7523706,562.5118807081742,NOT_ASSOCIATED,0.0.731861,0.0.5328590,
0.0.1017499,1295.12425611657,SUCCESS,0.0.731861,0.0.5328590,0.0.4138717@1779133365.590662111
0.0.4345750,87.52408283531958,SUCCESS,0.0.731861,0.0.5328590,0.0.4138717@1779133364.889460148
0.0.1082181,617.2272350245626,SUCCESS,0.0.731861,0.0.5328590,0.0.4138717@1779133368.254798072
0.0.4356483,87.29280323861322,SUCCESS,0.0.731861,0.0.5328590,0.0.4138717@1779133368.698079808
0.0.608244,14.62622687383865,SUCCESS,0.0.731861,0.0.5328590,0.0.4138717@1779133367.765589645
0.0.638193,1368.920735270297,SUCCESS,0.0.731861,0.0.5328590,0.0.4138717@1779133368.455160805
0.0.712902,2544.232071742337,SUCCESS,0.0.731861,0.0.5328590,0.0.4138717@1779133368.373804215
0.0.540025,4.760816785536488,SUCCESS,0.0.731861,0.0.5328590,0.0.4138717@1779133367.770073322
0.0.6822106,584.6276384129743,SUCCESS,0.0.731861,0.0.5328590,0.0.4138717@1779133370.204906425
0.0.4839415,1.837307072020435,SUCCESS,0.0.731861,0.0.5328590,0.0.4138717@1779133372.090794371
0.0.4900897,85.43978440203567,SUCCESS,0.0.731861,0.0.5328590,0.0.4138717@1779133371.586741356
0.0.851709,303.9090102124373,SUCCESS,0.0.731861,0.0.5328590,0.0.4138717@1779133373.559058828
0.0.787993,269.9484066872104,SUCCESS,0.0.731861,0.0.5328590,0.0.4138717@1779133373.258302723
0.0.696926,23.50890260768759,SUCCESS,0.0.731861,0.0.5328590,0.0.4138717@1779133370.699652443
0.0.4753513,2.489587606561917,SUCCESS,0.0.731861,0.0.5328590,0.0.4138717@1779133374.368508995
0.0.4364713,168.9699384340958,SUCCESS,0.0.731861,0.0.5328590,0.0.4138717@1779133372.980369214
0.0.599260,2.24497488579395,SUCCESS,0.0.731861,0.0.5328590,0.0.4138717@1779133374.749016054
0.0.5769518,483.973402417947,SUCCESS,0.0.731861,0.0.5328590,0.0.4138717@1779133372.330111913
0.0.8198184,34.84745851406136,SUCCESS,0.0.731861,0.0.5328590,0.0.4138717@1779133374.402633590
0.0.9802061,27.57332003062961,SUCCESS,0.0.731861,0.0.5328590&0.0.6071119,0.0.4138717@1779133372.961989611
0.0.7202503,46.23724395756993,SUCCESS,0.0.731861,0.0.5328590,0.0.4138717@1779133375.425340845
0.0.7800894,193.6125910575187,SUCCESS,0.0.731861,0.0.5328590,0.0.4138717@1779133375.537071654
0.0.1002430,1921.684889974116,SUCCESS,0.0.731861,0.0.5328590,0.0.4138717@1779133376.422774421
0.0.4753969,245.1483384970118,SUCCESS,0.0.731861,0.0.5328590,0.0.4138717@1779133376.891663281
0.0.10091451,80.74606986838572,SUCCESS,0.0.731861,0.0.5328590,0.0.4138717@1779133375.021021657
0.0.9401455,7.809024009687528,SUCCESS,0.0.731861,0.0.5328590,0.0.4138717@1779133378.252239304
0.0.1105713,22.43867649251275,SUCCESS,0.0.731861,0.0.5328590,0.0.4138717@1779133376.670590329
0.0.10421961,3.868895105052153,SUCCESS,0.0.731861,0.0.5328590,0.0.4138717@1779133381.738420394
0.0.4361068,4.956935822325023,SUCCESS,0.0.731861,0.0.5328590,0.0.4138717@1779133378.635911397
0.0.10235120,39.80877787884528,SUCCESS,0.0.731861,0.0.5328590,0.0.4138717@1779133378.474249076
0.0.9214238,31.56564550043373,SUCCESS,0.0.731861,0.0.5328590,0.0.4138717@1779133380.329808944
0.0.7734907,17.07360285926774,SUCCESS,0.0.731861,0.0.5328590,0.0.4138717@1779133380.558691860
0.0.8041828,250.8246474174346,SUCCESS,0.0.731861,0.0.5328590,0.0.4138717@1779133381.659933564
0.0.4362583,0.05759412911158378,SUCCESS,0.0.731861,0.0.5328590,0.0.4138717@1779133380.113668306
0.0.10031113,29396.23031129163,NOT_ASSOCIATED,0.0.731861,0.0.5328590,
0.0.10031110,38997.99805818212,NOT_ASSOCIATED,0.0.731861,0.0.5328590,
0.0.4971932,2.392577147172891,SUCCESS,0.0.731861,0.0.5328590,0.0.4138717@1779133383.025733400
0.0.9588454,9.2686613082239,SUCCESS,0.0.731861,0.0.5328590,0.0.4138717@1779133381.906087636
0.0.806166,77.67310294789034,SUCCESS,0.0.731861,0.0.5328590,0.0.4138717@1779133386.660732745
0.0.8113026,1.038301923912204,SUCCESS,0.0.731861,0.0.5328590,0.0.4138717@1779133382.632504711
0.0.9885066,14.15769097675238,SUCCESS,0.0.731861,0.0.5328590,0.0.4138717@1779133383.677747606
0.0.8267927,20.71125756560145,SUCCESS,0.0.731861,0.0.5328590,0.0.4138717@1779133383.893985532
0.0.9320918,60.03052387820833,SUCCESS,0.0.731861,0.0.5328590,0.0.4138717@1779133386.051738108
0.0.52671,338.4826511330476,SUCCESS,0.0.731861,0.0.5328590,0.0.4138717@1779133386.773642218
0.0.4587141,2.324476363524415,SUCCESS,0.0.731861,0.0.5328590,0.0.4138717@1779133389.912158724
0.0.9312249,6.863557712366933,SUCCESS,0.0.731861,0.0.5328590,0.0.4138717@1779133386.622024542
0.0.4352091,9.632986416486435,SUCCESS,0.0.731861,0.0.5328590,0.0.4138717@1779133390.277248856
0.0.3868695,63.06706378875567,SUCCESS,0.0.731861,0.0.5328590,0.0.4138717@1779133392.222048752
0.0.9237387,73.7245978171693,SUCCESS,0.0.731861,0.0.5328590,0.0.4138717@1779133392.633327060
0.0.1324089,1.032900026914014,SUCCESS,0.0.731861,0.0.5328590&0.0.6071041,0.0.4138717@1779133391.073952101
0.0.9276478,0.03748468118145574,SUCCESS,0.0.731861,0.0.5328590,0.0.4138717@1779133390.010071539
0.0.4362264,0.3279310207475374,NOT_ASSOCIATED,0.0.731861,0.0.5328590,
0.0.10307911,923.5683950572168,SUCCESS,0.0.731861,0.0.5328590,0.0.4138717@1779133391.423161196
0.0.10375094,52.00626099435885,NOT_ASSOCIATED,0.0.731861,0.0.5328590,
0.0.1404223,0.1580227749287334,SUCCESS,0.0.731861,0.0.5328590&0.0.6071041,0.0.4138717@1779133391.691775453
0.0.822616,209.8087864235046,SUCCESS,0.0.731861,0.0.5328590,0.0.4138717@1779133392.848339361
0.0.5052897,1.817425925048537,SUCCESS,0.0.731861,0.0.5328590,0.0.4138717@1779133395.417535169
0.0.5702106,0.5049436380982996,SUCCESS,0.0.731861,0.0.5328590,0.0.4138717@1779133391.915889039
0.0.818068,45.27055230823383,NOT_ASSOCIATED,0.0.731861,0.0.5328590,
0.0.7731260,1.734952198165772,SUCCESS,0.0.731861,0.0.5328590,0.0.4138717@1779133394.538388625
0.0.9364499,0.4907805989869687,SUCCESS,0.0.731861,0.0.5328590,0.0.4138717@1779133396.447441612
0.0.9641103,71.22183000335866,SUCCESS,0.0.731861,0.0.5328590&0.0.6071119,0.0.4138717@1779133394.174638935
0.0.946745,329.734381367309,SUCCESS,0.0.731861,0.0.5328590,0.0.4138717@1779133397.262943804
0.0.1009100,0.008396348039508813,NOT_ASSOCIATED,0.0.731861,0.0.5328590,
0.0.3092477,8.453157162996456,SUCCESS,0.0.731861,0.0.5328590,0.0.4138717@1779133395.386931723
0.0.2174918,0.2671826604269884,NOT_ASSOCIATED,0.0.731861,0.0.5328590,
0.0.9151827,0.004573663340518878,NOT_ASSOCIATED,0.0.731861,0.0.5328590,
0.0.7214343,649.9690194430985,SUCCESS,0.0.731861,0.0.5328590,0.0.4138717@1779133395.025636758
0.0.8499794,9.818558727022042,SUCCESS,0.0.731861,0.0.5328590,0.0.4138717@1779133395.896208137
0.0.2174129,239.7870163482941,SUCCESS,0.0.731861,0.0.5328590,0.0.4138717@1779133396.184313853
0.0.4358351,12.01697689400923,SUCCESS,0.0.731861,0.0.5328590,0.0.4138717@1779133399.387093309
0.0.9125858,207884.2475981243,SUCCESS,0.0.731861,0.0.6071041&0.0.6071119&0.0.6126395&0.0.8315114&0.0.9774523&0.0.10018365&0.0.10092996,0.0.4138717@1779133399.729241542
0.0.1462131,0.0007423198510141311,SUCCESS,0.0.731861,0.0.6071041,0.0.4138717@1779133399.069660558
0.0.2328171,191.5697420617026,NOT_ASSOCIATED,0.0.731861,0.0.6071041,
0.0.5500943,0.1109968228440844,SUCCESS,0.0.731861,0.0.6071041,0.0.4138717@1779133400.841678138
0.0.896352,1.790123776746775,SUCCESS,0.0.731861,0.0.6071041,0.0.4138717@1779133400.593073864
0.0.6442946,0.5494876649456014,SUCCESS,0.0.731861,0.0.6071074,0.0.4138717@1779133399.548066896
0.0.1453734,761.4828237225815,SUCCESS,0.0.731861,0.0.6071074&0.0.6078473,0.0.4138717@1779133400.782244727
0.0.1124249,132.9762310271638,SUCCESS,0.0.731861,0.0.6071074,0.0.4138717@1779133401.739113392
0.0.859879,230.8620510223622,SUCCESS,0.0.731861,0.0.6071119,0.0.4138717@1779133403.085114352
0.0.1700952,317.4093856479034,SUCCESS,0.0.731861,0.0.6071119,0.0.4138717@1779133403.664070690
0.0.9119461,0.001046184681837729,SUCCESS,0.0.731861,0.0.6071119&0.0.8315114,0.0.4138717@1779133403.883682674
0.0.6892983,450.963625598258,SUCCESS,0.0.731861,0.0.6071119,0.0.4138717@1779133405.468677319
0.0.2137399,9.620517350938764,SUCCESS,0.0.731861,0.0.6071119,0.0.4138717@1779133402.654701816
0.0.9536657,29.0398749641267,SUCCESS,0.0.731861,0.0.6071119,0.0.4138717@1779133403.008635402
0.0.1465466,70.37804767408035,SUCCESS,0.0.731861,0.0.6071119,0.0.4138717@1779133407.981687022
0.0.4041275,280.1350369007985,SUCCESS,0.0.731861,0.0.6071119,0.0.4138717@1779133408.266070233
0.0.10031184,607.6163404133117,NOT_ASSOCIATED,0.0.731861,0.0.6071119,
0.0.10031183,86.40850638829438,NOT_ASSOCIATED,0.0.731861,0.0.6071119,
0.0.2174967,62.71899997147484,SUCCESS,0.0.731861,0.0.6071119,0.0.4138717@1779133405.646531826
0.0.5740497,1252.616850424739,SUCCESS,0.0.731861,0.0.6071119,0.0.4138717@1779133407.636121706
0.0.5030626,1.368433494961547,SUCCESS,0.0.731861,0.0.6071119,0.0.4138717@1779133406.795176384
0.0.5729027,6.316109207883464,SUCCESS,0.0.731861,0.0.6071119,0.0.4138717@1779133405.719757434
0.0.1666056,9.107723832852038,SUCCESS,0.0.731861,0.0.6071119,0.0.4138717@1779133408.639544598
0.0.833139,6.362645092656493,SUCCESS,0.0.731861,0.0.6071119,0.0.4138717@1779133411.420542110
0.0.10178497,1635.582787620791,SUCCESS,0.0.731861,0.0.6071911,0.0.4138717@1779133408.053604653
0.0.3704330,985.7174488892184,SUCCESS,0.0.731861,0.0.6071911,0.0.4138717@1779133411.111259422
0.0.2997555,0.144836012245769,SUCCESS,0.0.731861,0.0.6078459,0.0.4138717@1779133408.042980538
0.0.6082528,2012.396863213848,SUCCESS,0.0.731861,0.0.6078459,0.0.4138717@1779133409.121694892
0.0.7200098,152.9751811897906,SUCCESS,0.0.731861,0.0.6078459,0.0.4138717@1779133411.086407029
0.0.7857493,3042.648660215287,NOT_ASSOCIATED,0.0.731861,0.0.6078459,
0.0.9471068,26.62759994076158,SUCCESS,0.0.731861,0.0.6078473,0.0.4138717@1779133412.511581491
0.0.8208716,1404.516020947829,SUCCESS,0.0.731861,0.0.6078473,0.0.4138717@1779133411.138519091
0.0.972940,0.0145876593727519,SUCCESS,0.0.731861,0.0.6126395,0.0.4138717@1779133411.481957646
0.0.4987474,0.00004669070289765089,SUCCESS,0.0.731861,0.0.6126395,0.0.4138717@1779133413.388830609
0.0.8077069,1092.127784776476,SUCCESS,0.0.731861,0.0.8315114,0.0.4138717@1779133412.770679278
0.0.9695763,2587.162779057857,SUCCESS,0.0.731861,0.0.8315114,0.0.4138717@1779133414.611025011
0.0.10267181,0.4121645491036838,NOT_ASSOCIATED,0.0.731861,0.0.8315114,
0.0.1033719,5.846249138891461,SUCCESS,0.0.731861,0.0.8315114,0.0.4138717@1779133413.081327641
0.0.8192889,143.4846207487024,SUCCESS,0.0.731861,0.0.8315114,0.0.4138717@1779133416.411192193
0.0.9940020,0.05233657898205071,SUCCESS,0.0.731861,0.0.8315114,0.0.4138717@1779133413.607794857
0.0.10031160,55.63664707504363,NOT_ASSOCIATED,0.0.731861,0.0.8315114,
0.0.10031155,0.1047946781620972,NOT_ASSOCIATED,0.0.731861,0.0.8315114,
0.0.10432879,0.007407375053221286,SUCCESS,0.0.731861,0.0.8315114,0.0.4138717@1779133413.728735308
0.0.10267182,0.09234726885014086,NOT_ASSOCIATED,0.0.731861,0.0.8315114,
0.0.1109176,0.0255690457471578,SUCCESS,0.0.731861,0.0.8315114,0.0.4138717@1779133417.943675006
0.0.4544022,84.81190583631957,NOT_ASSOCIATED,0.0.731861,0.0.8315114,
0.0.5679713,0.02840493818700635,SUCCESS,0.0.731861,0.0.8315114,0.0.4138717@1779133416.015419793
0.0.4340961,0.003923639581549725,SUCCESS,0.0.731861,0.0.8315114,0.0.4138717@1779133416.068675009
0.0.3311267,0.002569819522580986,NOT_ASSOCIATED,0.0.731861,0.0.8315114,
0.0.7688939,0.03000301851957902,SUCCESS,0.0.731861,0.0.8315114,0.0.4138717@1779133415.221519530
0.0.8326917,1.455012580958297,NOT_ASSOCIATED,0.0.731861,0.0.8315114,
0.0.8712714,0.9915367907127524,SUCCESS,0.0.731861,0.0.8315114,0.0.4138717@1779133417.467498418
0.0.10033160,3.058748260699872e-7,NOT_ASSOCIATED,0.0.731861,0.0.9774523,
0.0.29723,84.05974239992027,SUCCESS,0.0.731861,0.0.10018365,0.0.4138717@1779133417.176596669
0.0.10120444,0.0003068388775017961,NOT_ASSOCIATED,0.0.731861,0.0.10018365,
0.0.10120462,0.01043657136583145,NOT_ASSOCIATED,0.0.731861,0.0.10092996,
0.0.10120460,0.9298688522593672,NOT_ASSOCIATED,0.0.731861,0.0.10092996,
0.0.10120438,402.1186929855171,NOT_ASSOCIATED,0.0.731861,0.0.10093026,
0.0.10120424,2840.781408751546,NOT_ASSOCIATED,0.0.731861,0.0.10093026,
0.0.10382204,11026.92289526246,SUCCESS,0.0.731861,0.0.10387648&0.0.10414792&0.0.10418141,0.0.4138717@1779133421.120002152
0.0.10449777,0.0009152913363818119,NOT_ASSOCIATED,0.0.731861,0.0.10387648,
0.0.10454159,2.057585499893175e-8,NOT_ASSOCIATED,0.0.731861,0.0.10387648,
0.0.10204901,0.2160737256493044,SUCCESS,0.0.731861,0.0.10418141,0.0.4138717@1779133418.855156141
0.0.4702708,0.1525701987022711,SUCCESS,hbar,0.0.3951117,0.0.4138717@1779133438.727588792
0.0.6026305,0.2284975500050594,SUCCESS,hbar,0.0.3951117,0.0.4138717@1779133440.589711062
0.0.6781119,1.963433296055837,SUCCESS,hbar,0.0.3951117&0.0.3964804,0.0.4138717@1779133440.584381063
0.0.7262531,0.01222608818712836,SUCCESS,hbar,0.0.3951117&0.0.3964804,0.0.4138717@1779133437.411538810
0.0.7138336,0.01459768457830086,SUCCESS,hbar,0.0.3951117,0.0.4138717@1779133440.779636752
0.0.1340928,19.55893516750927,SUCCESS,hbar,0.0.3951117,0.0.4138717@1779133440.840541044
0.0.7479340,0.9764627060751314,SUCCESS,hbar,0.0.3951117&0.0.3964804,0.0.4138717@1779133439.639768366
0.0.5078033,2.183964485211416,SUCCESS,hbar,0.0.3951117,0.0.4138717@1779133436.249025191
0.0.4229805,0.6039080321401318,SUCCESS,hbar,0.0.3951117,0.0.4138717@1779133437.646067972
0.0.1726157,4.090905703622677,SUCCESS,hbar,0.0.3951117&0.0.3964804,0.0.4138717@1779133440.487653328
0.0.4551977,0.1043505894080657,SUCCESS,hbar,0.0.3951117,0.0.4138717@1779133443.819945121
0.0.4766933,19.37190278332008,SUCCESS,hbar,0.0.3951117,0.0.4138717@1779133442.312411043
0.0.1110477,10.60585925660749,SUCCESS,hbar,0.0.3951117,0.0.4138717@1779133443.568897195
0.0.1490591,14.43717325253902,SUCCESS,hbar,0.0.3951117&0.0.3964804,0.0.4138717@1779133440.688128554
0.0.1023917,3.478887157331115,SUCCESS,hbar,0.0.3951117&0.0.3964804,0.0.4138717@1779133442.749855096
0.0.1506598,1.934740215419105,SUCCESS,hbar,0.0.3951117,0.0.4138717@1779133442.183100185
0.0.4559340,0.1264370858021353,SUCCESS,hbar,0.0.3951117,0.0.4138717@1779133443.556004451
0.0.7798148,2.98679482199432,SUCCESS,hbar,0.0.3951117,0.0.4138717@1779133442.172759391
0.0.7843482,1.09627452570267,SUCCESS,hbar,0.0.3951117&0.0.3964804,0.0.4138717@1779133441.916255804
0.0.4923080,0.1673045208405443,SUCCESS,hbar,0.0.3951117,0.0.4138717@1779133442.032415719
0.0.4432149,0.3814751847281818,SUCCESS,hbar,0.0.3951117,0.0.4138717@1779133448.449722330
0.0.9200436,0.4312161865993589,SUCCESS,hbar,0.0.3951117,0.0.4138717@1779133448.253199176
0.0.1412123,0.3756290671954687,SUCCESS,hbar,0.0.3951117&0.0.3964804,0.0.4138717@1779133445.791126800
0.0.4184733,114.5258024355352,SUCCESS,hbar,0.0.3951117,0.0.4138717@1779133449.098186559
0.0.4775299,1.055189940567926,SUCCESS,hbar,0.0.3951117,0.0.4138717@1779133449.021153914
0.0.4758169,0.628561587983396,SUCCESS,hbar,0.0.3951117,0.0.4138717@1779133447.012650278
0.0.3071320,32.57023209027668,SUCCESS,hbar,0.0.3951117,0.0.4138717@1779133447.379560318
0.0.4330219,0.2020587792021585,SUCCESS,hbar,0.0.3951117,0.0.4138717@1779133446.870285092
0.0.2968839,4.944772451642468,SUCCESS,hbar,0.0.3951117&0.0.3964804,0.0.4138717@1779133447.783084885
0.0.4345324,0.1307443031719318,SUCCESS,hbar,0.0.3951117,0.0.4138717@1779133449.099306751
0.0.3242760,23.99755755477375,SUCCESS,hbar,0.0.3951117&0.0.3964804,0.0.4138717@1779133453.433775553
0.0.5797983,0.1273261652004399,SUCCESS,hbar,0.0.3951117&0.0.3964804,0.0.4138717@1779133453.016603644
0.0.850535,140.061899068321,SUCCESS,hbar,0.0.3951117,0.0.4138717@1779133453.448400826
0.0.6244791,1.264594220546989,SUCCESS,hbar,0.0.3951117,0.0.4138717@1779133454.842395129
0.0.6313910,123.2900789170731,SUCCESS,hbar,0.0.3951117&0.0.3964804,0.0.4138717@1779133454.579391107
0.0.6289117,7.254260941596199,SUCCESS,hbar,0.0.3951117&0.0.3964804,0.0.4138717@1779133456.245934759
0.0.6440477,0.5134687885990769,SUCCESS,hbar,0.0.3951117&0.0.3964804,0.0.4138717@1779133456.724266923
0.0.874760,22.55712594215778,SUCCESS,hbar,0.0.3951117&0.0.3964804,0.0.4138717@1779133455.272297866
0.0.7788937,0.02410549041551899,SUCCESS,hbar,0.0.3951117,0.0.4138717@1779133454.640205904
0.0.1691323,16.83433489374542,SUCCESS,hbar,0.0.3951117&0.0.3964804,0.0.4138717@1779133459.168855114
0.0.8616856,44.47640413179408,SUCCESS,hbar,0.0.3951117&0.0.3964804,0.0.4138717@1779133456.113820329
0.0.2960169,0.6974604299204943,SUCCESS,hbar,0.0.3951117,0.0.4138717@1779133458.963113772
0.0.4339505,111.5988859925308,SUCCESS,hbar,0.0.3951117&0.0.3964804,0.0.4138717@1779133460.894037313
0.0.8531519,4.252842659027158,SUCCESS,hbar,0.0.3951117,0.0.4138717@1779133459.943336791
0.0.2122027,3.139471875568959,SUCCESS,hbar,0.0.3951117&0.0.3964804,0.0.4138717@1779133460.890955515
0.0.8673695,0.1736992618060361,SUCCESS,hbar,0.0.3951117&0.0.3964804,0.0.4138717@1779133461.816624287
0.0.4531253,0.04486487113713915,SUCCESS,hbar,0.0.3951117&0.0.3964804,0.0.4138717@1779133459.204600902
0.0.9104463,6.786101081839882,SUCCESS,hbar,0.0.3951117&0.0.3964804,0.0.4138717@1779133463.547992663
0.0.4342759,23.76624271334044,SUCCESS,hbar,0.0.3951117,0.0.4138717@1779133460.281549865
0.0.9150357,4.288890360394923,SUCCESS,hbar,0.0.3951117,0.0.4138717@1779133463.995069275
0.0.7526203,1.048003528060708,SUCCESS,hbar,0.0.3951117&0.0.3964804,0.0.4138717@1779133465.407282916
0.0.8899262,2.729960330555223,SUCCESS,hbar,0.0.3951117,0.0.4138717@1779133462.328325242
0.0.3310398,0.1373062347552524,SUCCESS,hbar,0.0.3951117&0.0.3964804,0.0.4138717@1779133465.103726206
0.0.9120392,0.4666945928379014,SUCCESS,hbar,0.0.3951117&0.0.3964804,0.0.4138717@1779133462.290531304
0.0.9195929,11.78438112090851,SUCCESS,hbar,0.0.3951117&0.0.3964804,0.0.4138717@1779133462.006202317
0.0.7891604,8.668861536190143,SUCCESS,hbar,0.0.3951117,0.0.4138717@1779133467.190937076
0.0.837404,40.35568089731123,SUCCESS,hbar,0.0.3951117,0.0.4138717@1779133464.390412784
0.0.2125030,39.46570813324074,SUCCESS,hbar,0.0.3951117,0.0.4138717@1779133468.628525196
0.0.4503599,1.487800425701361,SUCCESS,hbar,0.0.3951117,0.0.4138717@1779133467.158635671
0.0.4347838,2.693447793228998,SUCCESS,hbar,0.0.3951117,0.0.4138717@1779133465.028634146
0.0.1877739,0.1181240120549359,SUCCESS,hbar,0.0.3951117,0.0.4138717@1779133466.791458830
0.0.4864609,0.1131382552764002,SUCCESS,hbar,0.0.3951117,0.0.4138717@1779133468.046030938
0.0.598828,0.02298078854652069,SUCCESS,hbar,0.0.3951117&0.0.3964804,0.0.4138717@1779133468.313062547
0.0.4302086,0.1348014035806593,SUCCESS,hbar,0.0.3951117,0.0.4138717@1779133468.567577654
0.0.7991960,2.433371177068055,SUCCESS,hbar,0.0.3951117&0.0.3964804,0.0.4138717@1779133472.000286884
0.0.1601282,0.08369890261421647,SUCCESS,hbar,0.0.3951117,0.0.4138717@1779133470.484739582
0.0.7835270,6.196627380462061,SUCCESS,hbar,0.0.3951117,0.0.4138717@1779133473.299024352
0.0.856667,6.994022352583618,SUCCESS,hbar,0.0.3951117&0.0.3964804,0.0.4138717@1779133471.963186302
0.0.1991961,21.88210293074821,SUCCESS,hbar,0.0.3951117,0.0.4138717@1779133471.410730736
0.0.8068689,5.643946122275896,SUCCESS,hbar,0.0.3951117&0.0.3964804,0.0.4138717@1779133470.562083540
0.0.7889838,0.3980333265601778,SUCCESS,hbar,0.0.3951117,0.0.4138717@1779133474.307351569
0.0.6258771,3.180328880172776,SUCCESS,hbar,0.0.3951117,0.0.4138717@1779133473.795629127
0.0.1379217,3.967584920998108,SUCCESS,hbar,0.0.3951117,0.0.4138717@1779133470.797446421
0.0.8190429,1.082780881565933,SUCCESS,hbar,0.0.3951117,0.0.4138717@1779133475.091054666
0.0.4912200,79.74340446304187,SUCCESS,hbar,0.0.3951117&0.0.3964804,0.0.4138717@1779133473.371949882
0.0.104926,0.003751533602049234,SUCCESS,hbar,0.0.3951117,0.0.4138717@1779133477.270883652
0.0.1409958,0.0819952882621756,SUCCESS,hbar,0.0.3951117,0.0.4138717@1779133475.454065654
0.0.1075892,1.036769699714272,SUCCESS,hbar,0.0.3951117,0.0.4138717@1779133473.598597720
0.0.1097257,6.795434257148372,SUCCESS,hbar,0.0.3951117,0.0.4138717@1779133478.423974798
0.0.4350041,0.1801816530226241,SUCCESS,hbar,0.0.3951117,0.0.4138717@1779133478.379564098
0.0.1910285,0.1163594142829412,SUCCESS,hbar,0.0.3951117,0.0.4138717@1779133476.981210011
0.0.1735540,0.9134287418144147,SUCCESS,hbar,0.0.3951117,0.0.4138717@1779133478.814755690
0.0.4349304,0.004206427809635682,SUCCESS,hbar,0.0.3951117,0.0.4138717@1779133476.804091382
0.0.4322065,0.9692077683869091,SUCCESS,hbar,0.0.3951117,0.0.4138717@1779133476.279718706
0.0.4370057,0.06358726460436218,SUCCESS,hbar,0.0.3951117,0.0.4138717@1779133481.403472443
0.0.508876,2.56094229564068,SUCCESS,hbar,0.0.3951117,0.0.4138717@1779133480.191411833
0.0.4348824,0.0167337567854567,SUCCESS,hbar,0.0.3951117,0.0.4138717@1779133482.594137147
0.0.4544530,0.2338630736283583,SUCCESS,hbar,0.0.3951117&0.0.3964804,0.0.4138717@1779133479.946448354
0.0.1506629,0.1370027624385575,SUCCESS,hbar,0.0.3951117,0.0.4138717@1779133482.670421483
0.0.795933,2.208522994607663,SUCCESS,hbar,0.0.3951117,0.0.4138717@1779133482.029896930
0.0.4324445,0.1270870351955688,SUCCESS,hbar,0.0.3951117&0.0.3964804,0.0.4138717@1779133483.160500788
0.0.4321631,5.73357438068035,SUCCESS,hbar,0.0.3951117&0.0.3964804,0.0.4138717@1779133483.552331590
0.0.4582751,0.2244471626459043,SUCCESS,hbar,0.0.3951117,0.0.4138717@1779133482.809247107
0.0.4324463,0.1435403253536056,SUCCESS,hbar,0.0.3951117,0.0.4138717@1779133487.371728085
0.0.639876,0.03908810666736259,SUCCESS,hbar,0.0.3951117,0.0.4138717@1779133486.400736300
0.0.2174139,0.1798721592114454,SUCCESS,hbar,0.0.3951117&0.0.3964804,0.0.4138717@1779133485.858902122
0.0.925802,1.504942853854601,SUCCESS,hbar,0.0.3951117,0.0.4138717@1779133488.142040505
0.0.819461,0.09722556536454549,SUCCESS,hbar,0.0.3951117,0.0.4138717@1779133484.717437721
0.0.2020001,0.4765814798051753,SUCCESS,hbar,0.0.3951117,0.0.4138717@1779133488.460032788
0.0.1412849,0.00000405543583736801,SUCCESS,hbar,0.0.3951117,0.0.4138717@1779133490.146581188
0.0.914261,36.15244188391895,SUCCESS,hbar,0.0.3951117,0.0.4138717@1779133487.984826324
0.0.1261552,0.2544078927381154,SUCCESS,hbar,0.0.3951117&0.0.3964804,0.0.4138717@1779133491.341705611
0.0.4205604,0.6756327239958776,SUCCESS,hbar,0.0.3951117,0.0.4138717@1779133490.555983895
0.0.1266990,0.0945984277717716,SUCCESS,hbar,0.0.3951117,0.0.4138717@1779133491.455290369
0.0.4329215,0.04679337510887235,SUCCESS,hbar,0.0.3951117&0.0.3964804,0.0.4138717@1779133493.129971429
0.0.854331,0.02601343029222433,SUCCESS,hbar,0.0.3951117,0.0.4138717@1779133492.109111698
0.0.1438402,0.0986055105007541,SUCCESS,hbar,0.0.3951117,0.0.4138717@1779133494.149190899
0.0.4333286,0.06148915710685712,SUCCESS,hbar,0.0.3951117,0.0.4138717@1779133494.973110833
0.0.700741,0.4346991022674795,SUCCESS,hbar,0.0.3951117,0.0.4138717@1779133493.424347131
0.0.1453803,1.197206751621577,SUCCESS,hbar,0.0.3951117&0.0.3964804,0.0.4138717@1779133493.173293030
0.0.1414140,6627.070804317605,SUCCESS,hbar,0.0.3951117,0.0.4138717@1779133495.371503127
0.0.4346579,0.001748834171548575,SUCCESS,hbar,0.0.3951117,0.0.4138717@1779133497.224159576
0.0.4968045,3.265883629083741,SUCCESS,hbar,0.0.3951117,0.0.4138717@1779133495.000184689
0.0.4354394,11.78787992046932,SUCCESS,hbar,0.0.3951117,0.0.4138717@1779133495.207443025
0.0.1322785,34.1380550489034,SUCCESS,hbar,0.0.3951117,0.0.4138717@1779133497.821855743
0.0.5716339,0.001721403745703673,SUCCESS,hbar,0.0.3951117,0.0.4138717@1779133497.513026014
0.0.4709377,14.70508867651726,SUCCESS,hbar,0.0.3951117,0.0.4138717@1779133498.980026710
0.0.4695027,0.4174514019992862,SUCCESS,hbar,0.0.3951117,0.0.4138717@1779133500.244702337
0.0.4340758,0.6566633507387033,SUCCESS,hbar,0.0.3951117&0.0.3964804,0.0.4138717@1779133501.605685066
0.0.4817549,1.296890293807873,SUCCESS,hbar,0.0.3951117&0.0.3964804,0.0.4138717@1779133503.348118825
0.0.4938729,1.738826243833631,SUCCESS,hbar,0.0.3951117,0.0.4138717@1779133502.223738962
0.0.4322002,0.5021367039169955,SUCCESS,hbar,0.0.3951117,0.0.4138717@1779133501.286583016
0.0.3829916,28.98945203586383,SUCCESS,hbar,0.0.3951117,0.0.4138717@1779133503.182758548
0.0.2930231,0.3858077162681227,SUCCESS,hbar,0.0.3951117&0.0.3964804,0.0.4138717@1779133502.786222634
0.0.4558891,4.613410049359921,SUCCESS,hbar,0.0.3951117,0.0.4138717@1779133503.174477532
0.0.5976303,0.4843019447255144,SUCCESS,hbar,0.0.3951117&0.0.3964804,0.0.4138717@1779133506.646642256
0.0.4318411,6.313798593376674,SUCCESS,hbar,0.0.3951117,0.0.4138717@1779133508.666995207
0.0.3681428,112.2134039324631,SUCCESS,hbar,0.0.3951117&0.0.3964804,0.0.4138717@1779133506.893716945
0.0.4329852,25.40784340428944,SUCCESS,hbar,0.0.3951117&0.0.3964804,0.0.4138717@1779133508.450087829
0.0.5975196,0.1882767138531168,SUCCESS,hbar,0.0.3951117,0.0.4138717@1779133509.293144565
0.0.3969243,0.03390629359252842,SUCCESS,hbar,0.0.3951117,0.0.4138717@1779133509.920952431
0.0.4323088,8.331681717502832,SUCCESS,hbar,0.0.3951117&0.0.3964804,0.0.4138717@1779133508.970827010
0.0.5118079,1.497181298277076,SUCCESS,hbar,0.0.3951117&0.0.3964804,0.0.4138717@1779133511.314104198
0.0.5118232,0.4725733470810817,SUCCESS,hbar,0.0.3951117&0.0.3964804,0.0.4138717@1779133512.059711151
0.0.5118190,0.9433689637430834,SUCCESS,hbar,0.0.3951117&0.0.3964804,0.0.4138717@1779133511.169501422
0.0.5119346,4.720661725796015,SUCCESS,hbar,0.0.3951117&0.0.3964804,0.0.4138717@1779133510.150930682
0.0.841339,2.210416703062646,SUCCESS,hbar,0.0.3951117,0.0.4138717@1779133510.876478426
0.0.5182107,0.470583068268087,SUCCESS,hbar,0.0.3951117&0.0.3964804,0.0.4138717@1779133511.765615317
0.0.5202236,0.6949973505813749,SUCCESS,hbar,0.0.3951117,0.0.4138717@1779133511.136023269
0.0.4590627,1.11228264417442,SUCCESS,hbar,0.0.3951117,0.0.4138717@1779133512.816821276
0.0.4732964,0.142853711198345,SUCCESS,hbar,0.0.3951117,0.0.4138717@1779133516.049920671
0.0.4335807,7.816748128072994,SUCCESS,hbar,0.0.3951117,0.0.4138717@1779133514.634175929
0.0.4986167,0.2234508776553327,SUCCESS,hbar,0.0.3951117,0.0.4138717@1779133517.638253262
0.0.5281334,0.2230636087154443,SUCCESS,hbar,0.0.3951117,0.0.4138717@1779133518.824025671
0.0.5310061,0.8278647610166461,SUCCESS,hbar,0.0.3951117&0.0.3964804,0.0.4138717@1779133517.389003276
0.0.5117832,68.94348441763063,SUCCESS,hbar,0.0.3951117&0.0.3964804,0.0.4138717@1779133517.988882218
0.0.1711779,0.02216832390609251,SUCCESS,hbar,0.0.3951117,0.0.4138717@1779133516.492068066
0.0.853268,53.56406513256518,SUCCESS,hbar,0.0.3951117,0.0.4138717@1779133518.472798187
0.0.662296,57.03857137515534,SUCCESS,hbar,0.0.3951117,0.0.4138717@1779133520.520600467
0.0.7810768,0.08135445796621618,SUCCESS,hbar,0.0.3951117,0.0.4138717@1779133516.303243469
0.0.8546442,1.774362210012446,SUCCESS,hbar,0.0.3951117,0.0.4138717@1779133519.136228423
0.0.8684349,115.5560116625901,SUCCESS,hbar,0.0.3951117,0.0.4138717@1779133521.678763444
0.0.9073081,0.01089029704508561,SUCCESS,hbar,0.0.3951117,0.0.4138717@1779133519.792362008
0.0.9099631,0.1676544563548616,SUCCESS,hbar,0.0.3951117,0.0.4138717@1779133519.498277549
0.0.9112426,0.1014177838032683,SUCCESS,hbar,0.0.3951117&0.0.3964804,0.0.4138717@1779133522.981632126
0.0.8419510,0.07771785760434227,SUCCESS,hbar,0.0.3951117,0.0.4138717@1779133521.514933185
0.0.1707146,0.2704947802489938,SUCCESS,hbar,0.0.3951117,0.0.4138717@1779133522.897944457
0.0.9202687,21.51844763840096,SUCCESS,hbar,0.0.3951117,0.0.4138717@1779133522.808850935
0.0.1368197,0.6286613998069353,SUCCESS,hbar,0.0.3951117&0.0.3964804,0.0.4138717@1779133523.888956797
0.0.8383256,0.009528358951673777,SUCCESS,hbar,0.0.3951117&0.0.3964804,0.0.4138717@1779133526.265298543
0.0.1120575,37.93710463899246,SUCCESS,hbar,0.0.3951117&0.0.3964804,0.0.4138717@1779133523.865394422
0.0.9273872,0.003476529335862494,SUCCESS,hbar,0.0.3951117,0.0.4138717@1779133526.694362525
0.0.1515633,0.8060598373285808,SUCCESS,hbar,0.0.3951117,0.0.4138717@1779133526.049552241
0.0.850481,20.30393505539693,SUCCESS,hbar,0.0.3951117,0.0.4138717@1779133523.948063601
0.0.1758196,0.1839824310919293,SUCCESS,hbar,0.0.3951117,0.0.4138717@1779133525.931827831
0.0.4555391,0.4041875753575955,SUCCESS,hbar,0.0.3951117,0.0.4138717@1779133529.168560903
0.0.942605,0.212590062888198,SUCCESS,hbar,0.0.3951117,0.0.4138717@1779133526.994554454
0.0.9359586,0.01180744627141694,SUCCESS,hbar,0.0.3951117,0.0.4138717@1779133528.680055152
0.0.8212757,0.5097951287797341,SUCCESS,hbar,0.0.3951117,0.0.4138717@1779133526.934849737
0.0.7989790,0.008467704337273434,SUCCESS,hbar,0.0.3951117,0.0.4138717@1779133526.933184588
0.0.3706536,0.002345050345266089,SUCCESS,hbar,0.0.3951117,0.0.4138717@1779133529.973261140
0.0.8013259,2742.213311653083,SUCCESS,hbar,0.0.3951117,0.0.4138717@1779133531.449592733
0.0.5688804,0.4357409315592067,SUCCESS,hbar,0.0.3951117,0.0.4138717@1779133531.336776020
0.0.8049278,0.02030746181552597,SUCCESS,hbar,0.0.3951117,0.0.4138717@1779133532.442220197
0.0.8068996,0.04857081270073016,SUCCESS,hbar,0.0.3951117&0.0.3964804,0.0.4138717@1779133530.122405061
0.0.8071373,0.3094619075855988,SUCCESS,hbar,0.0.3951117,0.0.4138717@1779133535.635839887
0.0.819005,2.138040084653205,SUCCESS,hbar,0.0.3951117,0.0.4138717@1779133534.734934113
0.0.832852,8.741686542416307,SUCCESS,hbar,0.0.3951117,0.0.4138717@1779133536.517606808
0.0.8260017,0.0392598568413298,SUCCESS,hbar,0.0.3951117&0.0.3964804,0.0.4138717@1779133536.194621604
0.0.2137668,8.868637469716674,SUCCESS,hbar,0.0.3951117&0.0.3964804,0.0.4138717@1779133534.508444362
0.0.8382774,0.1155931669650483,SUCCESS,hbar,0.0.3951117&0.0.3964804,0.0.4138717@1779133536.529422107
0.0.3943340,0.02957657179615272,SUCCESS,hbar,0.0.3951117,0.0.4138717@1779133537.111660295
0.0.1374442,4.035717450471738,SUCCESS,hbar,0.0.3951117&0.0.3964804,0.0.4138717@1779133532.957087278
0.0.5352069,0.1320898564198786,SUCCESS,hbar,0.0.3951117,0.0.4138717@1779133536.433669294
0.0.8490555,0.4299639675651782,SUCCESS,hbar,0.0.3951117,0.0.4138717@1779133536.748714017
0.0.4331763,44.64792045746982,SUCCESS,hbar,0.0.3951117,0.0.4138717@1779133537.778106392
0.0.4432398,0.09899679463106373,SUCCESS,hbar,0.0.3951117,0.0.4138717@1779133537.734632569
0.0.10076247,0.2183392599954958,SUCCESS,hbar,0.0.3951117,0.0.4138717@1779133539.049899037
0.0.1340164,9.21199785091912,SUCCESS,hbar,0.0.3951117,0.0.4138717@1779133539.113102141
0.0.735239,0.00002108566107650599,SUCCESS,hbar,0.0.3951117,0.0.4138717@1779133541.662411094
0.0.9302147,2.047339690231212,SUCCESS,hbar,0.0.3951117,0.0.4138717@1779133537.556600195
0.0.10122546,0.01455094362473161,SUCCESS,hbar,0.0.3951117,0.0.4138717@1779133540.127681903
0.0.10169145,0.02495702154061584,SUCCESS,hbar,0.0.3951117,0.0.4138717@1779133542.247629969
0.0.10230141,2.521903544353684,SUCCESS,hbar,0.0.3951117,0.0.4138717@1779133540.034332763
0.0.8373509,5.010663137581031,SUCCESS,hbar,0.0.3951117&0.0.3964804,0.0.4138717@1779133540.513419730
0.0.9299646,1.057454045101586,SUCCESS,hbar,0.0.3951117,0.0.4138717@1779133540.236644207
0.0.10021410,0.01690986896171892,SUCCESS,hbar,0.0.3951117,0.0.4138717@1779133546.290436348
0.0.10352676,0.2304225376664078,SUCCESS,hbar,0.0.3951117,0.0.4138717@1779133542.670570075
0.0.10301803,0.05053405888231564,SUCCESS,hbar,0.0.3951117,0.0.4138717@1779133544.674902962
0.0.10117265,0.09697688346635905,SUCCESS,hbar,0.0.3951117,0.0.4138717@1779133545.753856816
0.0.8309441,0.07389374033713082,SUCCESS,hbar,0.0.3951117,0.0.4138717@1779133546.274838022
0.0.10413601,4.117132475997908,SUCCESS,hbar,0.0.3951117&0.0.3964804,0.0.4138717@1779133544.130990520
0.0.10430673,132.7306653022878,SUCCESS,hbar,0.0.3951117&0.0.3964804,0.0.4138717@1779133548.458826168
0.0.1216661,215.0355399843663,SUCCESS,hbar,0.0.3951117,0.0.4138717@1779133547.709209284
0.0.1988559,0.6115846482138497,SUCCESS,hbar,0.0.3951117&0.0.3964804,0.0.4138717@1779133547.735326790
0.0.9344085,1.766494519647032,SUCCESS,hbar,0.0.3951117,0.0.4138717@1779133550.376584657
0.0.9404406,0.009257456439092848,SUCCESS,hbar,0.0.3951117,0.0.4138717@1779133548.880875787
0.0.231224,9.228106211977884,SUCCESS,hbar,0.0.3951117,0.0.4138717@1779133547.213857487
0.0.1110198,3.369410529852667,SUCCESS,hbar,0.0.3951117,0.0.4138717@1779133551.220573516
0.0.650437,0.1296244233354819,SUCCESS,hbar,0.0.3951117,0.0.4138717@1779133553.482048191
0.0.8585089,23.72867916776517,SUCCESS,hbar,0.0.3951117,0.0.4138717@1779133551.095320116
0.0.1115297,0.2292577109548167,SUCCESS,hbar,0.0.3951117,0.0.4138717@1779133554.083134118
0.0.7542917,0.04313405864612891,SUCCESS,hbar,0.0.3951117,0.0.4138717@1779133553.701761711
0.0.9626972,0.1147114799003288,SUCCESS,hbar,0.0.3951117,0.0.4138717@1779133551.500420071
0.0.7555632,0.02041329551787506,SUCCESS,hbar,0.0.3951117,0.0.4138717@1779133552.911335748
0.0.9755401,0.003320892779727869,SUCCESS,hbar,0.0.3951117,0.0.4138717@1779133552.942057706
0.0.4329703,0.2043828997065542,SUCCESS,hbar,0.0.3951117,0.0.4138717@1779133553.910596297
0.0.4570964,2.158516715834253,SUCCESS,hbar,0.0.3951117,0.0.4138717@1779133558.565916180
0.0.9958383,0.01342522190264034,SUCCESS,hbar,0.0.3951117,0.0.4138717@1779133554.633407657
0.0.9723151,0.0008885695296791932,SUCCESS,hbar,0.0.3951117,0.0.4138717@1779133559.548922929
0.0.10031117,14.7674995179667,SUCCESS,hbar,0.0.3951117,0.0.4138717@1779133555.664084987
0.0.10031118,2.119653061199151,SUCCESS,hbar,0.0.3951117,0.0.4138717@1779133561.073519103
0.0.1157855,0.1836573477110392,SUCCESS,hbar,0.0.3951117,0.0.4138717@1779133559.390958353
0.0.4569835,0.001740651739330047,SUCCESS,hbar,0.0.3951117,0.0.4138717@1779133557.132307675
0.0.10088944,0.8215022771502725,SUCCESS,hbar,0.0.3951117&0.0.3964804,0.0.4138717@1779133562.369682482
0.0.5244199,0.5478567254890705,SUCCESS,hbar,0.0.3951117,0.0.4138717@1779133562.156198734
0.0.139500,8.062978247405455,SUCCESS,hbar,0.0.3951117,0.0.4138717@1779133564.693598613
0.0.7920605,0.3001656459305764,SUCCESS,hbar,0.0.3951117,0.0.4138717@1779133563.993358396
0.0.1123753,1.965291917083587,SUCCESS,hbar,0.0.3951117&0.0.3964804,0.0.4138717@1779133564.098942967
0.0.3525426,6.056934571183418,SUCCESS,hbar,0.0.3951117&0.0.3964804,0.0.4138717@1779133566.922268782
0.0.8485588,326.4404038744138,SUCCESS,hbar,0.0.3951117,0.0.4138717@1779133564.439662374
0.0.1462225,1195.396113306344,SUCCESS,hbar,0.0.3951117,0.0.4138717@1779133568.538790184
0.0.9430013,30.4584096623087,SUCCESS,hbar,0.0.3951117,0.0.4138717@1779133565.872122851
0.0.6374996,9.14847505099316,SUCCESS,hbar,0.0.3951117,0.0.4138717@1779133567.111692956
0.0.490092,0.03396273167977831,SUCCESS,hbar,0.0.3951117,0.0.4138717@1779133567.048137352
0.0.516971,3.9079162253575e-8,SUCCESS,hbar,0.0.3951117,0.0.4138717@1779133569.848219014
0.0.4575306,0.001132207721107954,SUCCESS,hbar,0.0.3951117,0.0.4138717@1779133566.402372572
0.0.1508462,8.628715009829442,SUCCESS,hbar,0.0.3951117,0.0.4138717@1779133566.197342162
0.0.3872466,0.03204813004581474,SUCCESS,hbar,0.0.3951117,0.0.4138717@1779133570.246210225
0.0.4591423,0.01371624011028165,SUCCESS,hbar,0.0.3951117,0.0.4138717@1779133571.057323388
0.0.3925109,0.00001171366874439032,SUCCESS,hbar,0.0.3951117,0.0.4138717@1779133569.711590609
0.0.4433722,0.01808183141274209,SUCCESS,hbar,0.0.3951117,0.0.4138717@1779133570.520020894
0.0.9619890,7.936133144204091,SUCCESS,hbar,0.0.3951117&0.0.3964804,0.0.4138717@1779133568.933358446
0.0.6872459,278.4792684729853,SUCCESS,hbar,0.0.3951117,0.0.4138717@1779133572.748463193
0.0.9301583,33.78381420477356,SUCCESS,hbar,0.0.3951117,0.0.4138717@1779133573.101340523
0.0.2183535,1.758303637481583,SUCCESS,hbar,0.0.3951117,0.0.4138717@1779133571.847386385
0.0.4351536,1.107703275957545,SUCCESS,hbar,0.0.3951117,0.0.4138717@1779133572.154537616
0.0.844585,8.758839088904036,SUCCESS,hbar,0.0.3951117&0.0.3964804,0.0.4138717@1779133575.482536712
0.0.9318600,117.9201578538663,SUCCESS,hbar,0.0.3951117,0.0.4138717@1779133576.787379947
0.0.9154738,1.110666951825799,SUCCESS,hbar,0.0.3951117&0.0.3964804,0.0.4138717@1779133577.569264789
0.0.2994397,1.462535251453245,SUCCESS,hbar,0.0.3951117,0.0.4138717@1779133577.890008214
0.0.4331665,0.3156941457940028,SUCCESS,hbar,0.0.3951117,0.0.4138717@1779133576.243824027
0.0.9597272,1.014616068770154,SUCCESS,hbar,0.0.3951117,0.0.4138717@1779133574.350424656
0.0.7680254,1.135039508346142,SUCCESS,hbar,0.0.3951117&0.0.3964804,0.0.4138717@1779133580.136857213
0.0.52231,4.352026777840019,SUCCESS,hbar,0.0.3951117,0.0.4138717@1779133579.189539776
0.0.4570908,24.92697404380651,SUCCESS,hbar,0.0.3951117,0.0.4138717@1779133580.715035695
0.0.835242,0.01031320405601657,SUCCESS,hbar,0.0.3951117,0.0.4138717@1779133576.838368832
0.0.8341357,0.09907024479065304,SUCCESS,hbar,0.0.3951117,0.0.4138717@1779133577.826009624
0.0.4349716,0.5838710996320053,SUCCESS,hbar,0.0.3951117&0.0.3964804,0.0.4138717@1779133580.086079109
0.0.10064213,0.6867920006989968,SUCCESS,hbar,0.0.3951117&0.0.3964804,0.0.4138717@1779133579.801603080
0.0.7287636,0.482692762511973,SUCCESS,hbar,0.0.3951117&0.0.3964804,0.0.4138717@1779133581.794368358
0.0.1458130,0.01109615008510025,SUCCESS,hbar,0.0.3951117,0.0.4138717@1779133581.713134576
0.0.589629,0.0004996250174999357,SUCCESS,hbar,0.0.3951117,0.0.4138717@1779133584.992497378
0.0.1904506,0.0001605922647803138,SUCCESS,hbar,0.0.3951117,0.0.4138717@1779133582.678780888
0.0.6198709,1.529244877479047,SUCCESS,hbar,0.0.3951117,0.0.4138717@1779133583.682283984
0.0.1872630,31.91498597391191,SUCCESS,hbar,0.0.3951117,0.0.4138717@1779133582.047284774
0.0.696790,2.044358178281773,SUCCESS,hbar,0.0.3951117&0.0.3964804,0.0.4138717@1779133582.661677494
0.0.1023730,0.6033494824595367,SUCCESS,hbar,0.0.3951117,0.0.4138717@1779133581.612526805
0.0.7129552,13.9570860553155,SUCCESS,hbar,0.0.3951117,0.0.4138717@1779133583.990529858
0.0.1380352,0.3998715939520324,SUCCESS,hbar,0.0.3951117,0.0.4138717@1779133584.842714586
0.0.5702270,7.402405551276217,SUCCESS,hbar,0.0.3951117,0.0.4138717@1779133585.189591357
0.0.5126364,4.282167645369988,SUCCESS,hbar,0.0.3951117,0.0.4138717@1779133586.805467817
0.0.6270084,178.6781857753746,SUCCESS,hbar,0.0.3951117&0.0.3964804,0.0.4138717@1779133590.208527630
0.0.7490874,0.3005152758361286,SUCCESS,hbar,0.0.3951117&0.0.3964804,0.0.4138717@1779133589.656566210
0.0.5060163,0.09259857726735099,SUCCESS,hbar,0.0.3951117,0.0.4138717@1779133588.513112832
0.0.1123889,0.4837101105088996,SUCCESS,hbar,0.0.3951117&0.0.3964804,0.0.4138717@1779133587.220977178
0.0.7726808,0.3595918910790513,SUCCESS,hbar,0.0.3951117,0.0.4138717@1779133591.758710144
0.0.834595,0.7448930086661267,SUCCESS,hbar,0.0.3951117&0.0.3964804,0.0.4138717@1779133590.998068501
0.0.1464418,1.681841489926101,SUCCESS,hbar,0.0.3951117,0.0.4138717@1779133591.695318625
0.0.4792831,0.0008719811583737761,SUCCESS,hbar,0.0.3951117,0.0.4138717@1779133588.020785485
0.0.4691881,0.171529275395276,SUCCESS,hbar,0.0.3951117,0.0.4138717@1779133590.553111845
0.0.1512938,0.000190400473827816,SUCCESS,hbar,0.0.3951117,0.0.4138717@1779133590.216226211
0.0.4339712,0.0903341864822257,SUCCESS,hbar,0.0.3951117,0.0.4138717@1779133593.333139673
0.0.1784251,0.01233132701317847,SUCCESS,hbar,0.0.3951117&0.0.3964804,0.0.4138717@1779133594.797834604
0.0.4754443,0.5207874487916921,SUCCESS,hbar,0.0.3951117&0.0.3964804,0.0.4138717@1779133595.873865263
0.0.1339713,21.20370029446233,SUCCESS,hbar,0.0.3951117,0.0.4138717@1779133595.688069740
0.0.4745055,0.001652409707977015,SUCCESS,hbar,0.0.3951117,0.0.4138717@1779133593.381437532
0.0.4338219,1.730267208073945,SUCCESS,hbar,0.0.3951117,0.0.4138717@1779133595.189237557
0.0.657648,61.52234375388317,SUCCESS,hbar,0.0.3951117,0.0.4138717@1779133593.422024028
0.0.664329,0.01598042220534951,SUCCESS,hbar,0.0.3951117,0.0.4138717@1779133594.720686742
0.0.4858736,0.0114465531400142,SUCCESS,hbar,0.0.3951117,0.0.4138717@1779133598.900465616
0.0.834443,30.86763671719798,SUCCESS,hbar,0.0.3951117,0.0.4138717@1779133598.953651681
0.0.4430933,0.2179605669400718,SUCCESS,hbar,0.0.3951117,0.0.4138717@1779133598.675310020
0.0.4383878,0.01804446623544221,SUCCESS,hbar,0.0.3951117,0.0.4138717@1779133598.644982336
0.0.4324518,0.9965256007636036,SUCCESS,hbar,0.0.3951117,0.0.4138717@1779133597.813649291
0.0.5028724,0.001507301969145613,SUCCESS,hbar,0.0.3951117,0.0.4138717@1779133599.742296169
0.0.5156210,0.002846314240872017,SUCCESS,hbar,0.0.3951117&0.0.3964804,0.0.4138717@1779133597.649036266
0.0.2116956,0.2792923686702513,SUCCESS,hbar,0.0.3951117,0.0.4138717@1779133599.795333993
0.0.896788,165.2375957984661,SUCCESS,hbar,0.0.3951117,0.0.4138717@1779133602.238770600
0.0.1265153,0.001773536699321146,SUCCESS,hbar,0.0.3951117,0.0.4138717@1779133598.093671988
0.0.187153,131.120199453214,SUCCESS,hbar,0.0.3951117&0.0.3964804,0.0.4138717@1779133602.085013600
0.0.1274087,609.0218318876155,SUCCESS,hbar,0.0.3951117,0.0.4138717@1779133603.728588236
0.0.2773436,87.1704053262959,SUCCESS,hbar,0.0.3951117&0.0.3964804,0.0.4138717@1779133603.529115834
0.0.1022050,4.593362986144879,SUCCESS,hbar,0.0.3951117,0.0.4138717@1779133603.017296520
0.0.834820,9.110420547219286,SUCCESS,hbar,0.0.3951117&0.0.3964804,0.0.4138717@1779133603.362392344
0.0.731977,14.59321258307023,SUCCESS,hbar,0.0.3951117,0.0.4138717@1779133604.869307173
0.0.860438,0.4459913647142704,SUCCESS,hbar,0.0.3951117&0.0.3964804,0.0.4138717@1779133606.927069360
0.0.1290358,10.46558824361189,SUCCESS,hbar,0.0.3951117,0.0.4138717@1779133604.280444040
0.0.832415,58.55718915162984,SUCCESS,hbar,0.0.3951117,0.0.4138717@1779133605.766467111
0.0.3845966,0.3197814990041552,SUCCESS,hbar,0.0.3951117&0.0.3964804,0.0.4138717@1779133604.778140998
0.0.3241044,3.773744481273738,SUCCESS,hbar,0.0.3951117,0.0.4138717@1779133604.082466401
0.0.1724832,0.1123212891752274,SUCCESS,hbar,0.0.3951117,0.0.4138717@1779133607.367465464
0.0.832624,0.001007658818643029,SUCCESS,hbar,0.0.3951117&0.0.3964804,0.0.4138717@1779133605.567106090
0.0.3947779,135.3231568690117,SUCCESS,hbar,0.0.3951117,0.0.4138717@1779133609.847304947
0.0.525256,12.21078500657611,SUCCESS,hbar,0.0.3951117,0.0.4138717@1779133608.424446330
0.0.1120388,2.401688372937127,SUCCESS,hbar,0.0.3951117&0.0.3964804,0.0.4138717@1779133610.580625744
0.0.836838,71.70973967684664,SUCCESS,hbar,0.0.3951117,0.0.4138717@1779133609.859976372
0.0.4713153,0.8510903931877563,SUCCESS,hbar,0.0.3951117,0.0.4138717@1779133609.001413179
0.0.9774619,2.752481899276971,SUCCESS,hbar,0.0.3951117&0.0.3964804,0.0.4138717@1779133608.209270864
0.0.10288826,336.7673003223105,SUCCESS,hbar,0.0.3951117&0.0.3964804,0.0.4138717@1779133610.878798050
0.0.5060063,0.4236389275741538,SUCCESS,hbar,0.0.3951117,0.0.4138717@1779133611.303961490
0.0.4343858,0.4431142484705392,SUCCESS,hbar,0.0.3951117,0.0.4138717@1779133611.431787409
0.0.2017173,0.2689881586998266,SUCCESS,hbar,0.0.3951117,0.0.4138717@1779133612.822153700
0.0.7786995,6.615735474201632,SUCCESS,hbar,0.0.3951117,0.0.4138717@1779133615.183340390
0.0.1104990,0.1089654034778707,SUCCESS,hbar,0.0.3951117,0.0.4138717@1779133611.830639177
0.0.956549,5.908437512294832,SUCCESS,hbar,0.0.3951117,0.0.4138717@1779133613.697868101
0.0.560837,1.026683890770715,SUCCESS,hbar,0.0.3951117&0.0.3964804,0.0.4138717@1779133614.919042625
0.0.10076636,0.674183127347668,SUCCESS,hbar,0.0.3951117,0.0.4138717@1779133614.659095053
0.0.1104374,51.29981212636457,SUCCESS,hbar,0.0.3964804,0.0.4138717@1779133613.840738283
0.0.1198079,36.98229014945819,SUCCESS,hbar,0.0.3964804,0.0.4138717@1779133617.007664295
0.0.835670,0.04039865500228744,SUCCESS,hbar,0.0.3964804,0.0.4138717@1779133617.165670515
0.0.1350500,0.3369743204732245,SUCCESS,hbar,0.0.3964804,0.0.4138717@1779133618.863881066
0.0.1121794,0.1568927572457394,SUCCESS,hbar,0.0.3964804,0.0.4138717@1779133616.470253942
0.0.3872024,1.735870592642721,SUCCESS,hbar,0.0.3964804,0.0.4138717@1779133617.399130163
0.0.833050,0.03472848568983757,SUCCESS,hbar,0.0.3964804,0.0.4138717@1779133618.550503274
0.0.1313705,0.6929148011096842,SUCCESS,hbar,0.0.3964804,0.0.4138717@1779133619.600296378
0.0.4184148,0.1669925571199063,SUCCESS,hbar,0.0.3964804,0.0.4138717@1779133618.016343465
0.0.3768895,0.001212039349915883,SUCCESS,hbar,0.0.3964804,0.0.4138717@1779133622.058381855
0.0.1097802,1.503167422962521,SUCCESS,hbar,0.0.3964804,0.0.4138717@1779133621.546631249
0.0.3878869,0.5791197208799477,SUCCESS,hbar,0.0.3964804,0.0.4138717@1779133619.103902503
0.0.1877641,0.7746492466837169,SUCCESS,hbar,0.0.3964804,0.0.4138717@1779133623.651771398
0.0.1268672,0.01269442495997426,SUCCESS,hbar,0.0.3964804,0.0.4138717@1779133622.372084409
0.0.965222,5.688875061004175,SUCCESS,hbar,0.0.3964804,0.0.4138717@1779133624.086058783
0.0.2145447,23.17254950743468,SUCCESS,hbar,0.0.3964804,0.0.4138717@1779133621.494186636
0.0.859565,12.12446817540524,SUCCESS,hbar,0.0.3964804,0.0.4138717@1779133624.616421079
0.0.859149,13.3131721263299,SUCCESS,hbar,0.0.3964804,0.0.4138717@1779133625.278053675
0.0.1448131,0.1728161030862317,SUCCESS,hbar,0.0.3964804,0.0.4138717@1779133623.841280568
0.0.1425322,0.05761396046648994,SUCCESS,hbar,0.0.3964804,0.0.4138717@1779133625.359272479
0.0.1088394,0.06391060516239694,SUCCESS,hbar,0.0.3964804,0.0.4138717@1779133627.259737489
0.0.1432019,2.259819498614324,SUCCESS,hbar,0.0.3964804,0.0.4138717@1779133628.431398456
0.0.837554,4.941213887123281,SUCCESS,hbar,0.0.3964804,0.0.4138717@1779133629.495803008
0.0.1088074,10.06338995024191,SUCCESS,hbar,0.0.3964804,0.0.4138717@1779133629.753290861
0.0.481717,0.1496344721882302,SUCCESS,hbar,0.0.3964804,0.0.4138717@1779133627.308939848
0.0.3948696,0.0575157133881304,SUCCESS,hbar,0.0.3964804,0.0.4138717@1779133625.131847019
0.0.5147407,0.3018011790095672,SUCCESS,hbar,0.0.3964804,0.0.4138717@1779133629.205686480
0.0.4644030,0.01687080209618294,SUCCESS,hbar,0.0.3964804,0.0.4138717@1779133628.389773204
0.0.876236,0.09961176869770003,SUCCESS,hbar,0.0.3964804,0.0.4138717@1779133631.153920731
0.0.1505544,0.004979446237631207,SUCCESS,hbar,0.0.3964804,0.0.4138717@1779133631.066572025
0.0.10171350,1.546806850908127,SUCCESS,hbar,0.0.3964804,0.0.4138717@1779133631.938675588
0.0.10435633,0.02642053530848602,SUCCESS,hbar,0.0.3964804,0.0.4138717@1779133632.310027872
0.0.4853191,0.004142402250770702,SUCCESS,hbar,0.0.3964804,0.0.4138717@1779133632.372327991
0.0.10383503,40.84127306920131,SUCCESS,hbar,0.0.3964804,0.0.4138717@1779133631.710174435
0.0.10356782,0.403332880626789,SUCCESS,hbar,0.0.3964804,0.0.4138717@1779133633.468204327
0.0.9796301,0.4032925138993317,SUCCESS,hbar,0.0.3964804,0.0.4138717@1779133633.598669426
0.0.10279551,0.1395443532273511,SUCCESS,hbar,0.0.3964804,0.0.4138717@1779133631.602103070
0.0.10261941,0.6423205623892564,SUCCESS,hbar,0.0.3964804,0.0.4138717@1779133633.759106453
0.0.10242536,0.9580700377593837,SUCCESS,hbar,0.0.3964804,0.0.4138717@1779133632.265783355
0.0.1512214,0.01545940464112787,SUCCESS,hbar,0.0.3964804,0.0.4138717@1779133637.769894141
0.0.2030460,8.186991539561467,SUCCESS,hbar,0.0.3964804,0.0.4138717@1779133635.107567142
0.0.10056907,8.928182082119692,SUCCESS,hbar,0.0.3964804,0.0.4138717@1779133639.803321309
0.0.7164995,3.534063570830705,SUCCESS,hbar,0.0.3964804,0.0.4138717@1779133638.943997975
0.0.1486871,16.69982544393472,SUCCESS,hbar,0.0.3964804,0.0.4138717@1779133638.537823056
0.0.1711144,0.09077718036880361,SUCCESS,hbar,0.0.3964804,0.0.4138717@1779133638.700446424
0.0.10167174,0.1144841307889546,SUCCESS,hbar,0.0.3964804,0.0.4138717@1779133639.445352465
0.0.9690555,0.1592629264756649,SUCCESS,hbar,0.0.3964804,0.0.4138717@1779133640.919589906
0.0.793748,178.8221700629845,SUCCESS,hbar,0.0.3964804,0.0.4138717@1779133643.494942863
0.0.835055,0.003013069843740755,SUCCESS,hbar,0.0.3964804,0.0.4138717@1779133640.977029431
0.0.4535053,1.471232235869074,SUCCESS,hbar,0.0.3964804,0.0.4138717@1779133640.579498688
0.0.1703452,0.2606157290597033,SUCCESS,hbar,0.0.3964804,0.0.4138717@1779133646.316028048
0.0.3100704,14.05617165479314,SUCCESS,hbar,0.0.3964804,0.0.4138717@1779133643.157112610
0.0.1860252,0.02971845819640761,SUCCESS,hbar,0.0.3964804,0.0.4138717@1779133646.055494004
0.0.2101943,0.001632784851499991,SUCCESS,hbar,0.0.3964804,0.0.4138717@1779133646.993751992
0.0.732798,0.04077544273710954,SUCCESS,hbar,0.0.3964804,0.0.4138717@1779133645.070161790
0.0.4639295,0.5420657796497462,SUCCESS,hbar,0.0.3964804,0.0.4138717@1779133644.838988830
0.0.795838,0.04503905126410342,SUCCESS,hbar,0.0.3964804,0.0.4138717@1779133647.276349848
0.0.1357334,0.1198607661213429,SUCCESS,hbar,0.0.3964804,0.0.4138717@1779133645.268094732
0.0.3165925,0.04194711394506172,SUCCESS,hbar,0.0.3964804,0.0.4138717@1779133646.607905639
0.0.1353334,0.03800690314161669,SUCCESS,hbar,0.0.3964804,0.0.4138717@1779133647.536447698
0.0.4356553,0.01800771660352542,SUCCESS,hbar,0.0.3964804,0.0.4138717@1779133646.727739560
0.0.1402758,0.667537158801777,SUCCESS,hbar,0.0.3964804,0.0.4138717@1779133650.420291854
0.0.728698,0.1095458269691879,SUCCESS,hbar,0.0.3964804,0.0.4138717@1779133651.477628920
0.0.4327294,0.01291324493818572,SUCCESS,hbar,0.0.3964804,0.0.4138717@1779133651.720601216
0.0.838198,0.6071613508940179,SUCCESS,hbar,0.0.3964804,0.0.4138717@1779133650.846647370
0.0.5315914,1.327906302067198,SUCCESS,hbar,0.0.3964804,0.0.4138717@1779133649.337694845
0.0.5421455,0.003285160257029444,SUCCESS,hbar,0.0.3964804,0.0.4138717@1779133652.309742088
0.0.4093788,1.338035319935061,SUCCESS,hbar,0.0.3964804,0.0.4138717@1779133652.386838874
0.0.5495538,0.01411412030734021,SUCCESS,hbar,0.0.3964804,0.0.4138717@1779133651.916705895
0.0.4533464,0.1026235164571988,SUCCESS,hbar,0.0.3964804,0.0.4138717@1779133651.269335958
0.0.859649,0.1205655293815818,SUCCESS,hbar,0.0.3964804,0.0.4138717@1779133652.919705632
0.0.2477582,0.2413281209284164,SUCCESS,hbar,0.0.3964804,0.0.4138717@1779133656.143370369
0.0.2150506,0.04813304242397193,SUCCESS,hbar,0.0.3964804,0.0.4138717@1779133651.842717391
0.0.1048940,0.09679625383121045,SUCCESS,hbar,0.0.3964804,0.0.4138717@1779133656.338210381
0.0.4319631,0.09714496145455816,SUCCESS,hbar,0.0.3964804,0.0.4138717@1779133654.149293058
0.0.1018824,4.854811346710953,SUCCESS,hbar,0.0.3964804,0.0.4138717@1779133657.392874248
0.0.846778,46.4015014348625,SUCCESS,hbar,0.0.3964804,0.0.4138717@1779133653.442567670
0.0.4231312,0.262247978207553,SUCCESS,hbar,0.0.3964804,0.0.4138717@1779133655.621160392
0.0.3291464,0.01387364358867382,SUCCESS,hbar,0.0.3964804,0.0.4138717@1779133658.560060935
0.0.4337103,0.001434828593199966,SUCCESS,hbar,0.0.3964804,0.0.4138717@1779133658.532899072
0.0.1088670,0.1921485305414484,SUCCESS,hbar,0.0.3964804,0.0.4138717@1779133656.547933263
0.0.842806,272.7431660806938,SUCCESS,hbar,0.0.3964804,0.0.4138717@1779133657.995922383
0.0.4345654,49.79747788833765,SUCCESS,hbar,0.0.3964804,0.0.4138717@1779133660.717709162
0.0.4345412,0.07468809955331575,SUCCESS,hbar,0.0.3964804,0.0.4138717@1779133657.173547876
0.0.3945405,0.0004053961797555004,SUCCESS,hbar,0.0.3964804,0.0.4138717@1779133659.686784648
0.0.4346529,1.787668066983018,SUCCESS,hbar,0.0.3964804,0.0.4138717@1779133660.380803399
0.0.920901,22.33298904284777,SUCCESS,hbar,0.0.3964804,0.0.4138717@1779133658.657389998
0.0.4351860,1.109831105684938,SUCCESS,hbar,0.0.3964804,0.0.4138717@1779133659.262924351
0.0.4356154,0.04985608421080544,SUCCESS,hbar,0.0.3964804,0.0.4138717@1779133662.361559030
0.0.3023498,0.3454598285968395,SUCCESS,hbar,0.0.3964804,0.0.4138717@1779133663.870712260
0.0.4341116,0.8215391212675905,SUCCESS,hbar,0.0.3964804,0.0.4138717@1779133664.105083363
0.0.1440806,12.01309082958788,SUCCESS,hbar,0.0.3964804,0.0.4138717@1779133662.412605656
0.0.4350498,0.00001331422528884235,SUCCESS,hbar,0.0.3964804,0.0.4138717@1779133663.152355153
0.0.1728462,0.1166357349284332,SUCCESS,hbar,0.0.3964804,0.0.4138717@1779133664.385060148
0.0.4360122,0.1257323455108582,SUCCESS,hbar,0.0.3964804,0.0.4138717@1779133664.872931661
0.0.4368518,0.04988073593962926,SUCCESS,hbar,0.0.3964804,0.0.4138717@1779133664.800240889
0.0.4333378,0.005263032261621925,SUCCESS,hbar,0.0.3964804,0.0.4138717@1779133662.236729321
0.0.1859919,0.09530094513438472,SUCCESS,hbar,0.0.3964804,0.0.4138717@1779133665.478485279
0.0.4752954,0.1970542305095415,SUCCESS,hbar,0.0.3964804,0.0.4138717@1779133666.404959337
0.0.3912896,0.1394743190813134,SUCCESS,hbar,0.0.3964804,0.0.4138717@1779133665.064702113
0.0.4250725,0.1127708838497991,SUCCESS,hbar,0.0.3964804,0.0.4138717@1779133666.738571714
0.0.2557514,0.7313505214233156,SUCCESS,hbar,0.0.3964804,0.0.4138717@1779133666.523428731
0.0.831661,1.883988171815483,SUCCESS,hbar,0.0.3964804,0.0.4138717@1779133669.701163324
0.0.6256886,0.03309438565014258,SUCCESS,hbar,0.0.3964804,0.0.4138717@1779133668.611002290
0.0.7638910,0.03321522655758252,SUCCESS,hbar,0.0.3964804,0.0.4138717@1779133667.455045819
0.0.7610560,0.1115975145750133,SUCCESS,hbar,0.0.3964804,0.0.4138717@1779133669.642174947
0.0.5437974,0.7485505244294806,SUCCESS,hbar,0.0.3964804,0.0.4138717@1779133668.591655518
0.0.4899880,0.04923999491778702,SUCCESS,hbar,0.0.3964804,0.0.4138717@1779133669.477515280
0.0.4595460,0.08093116223331476,SUCCESS,hbar,0.0.3964804,0.0.4138717@1779133670.025729546
0.0.3159220,0.4710207569595933,SUCCESS,hbar,0.0.3964804,0.0.4138717@1779133673.075238407
0.0.7200618,0.01413628010022055,SUCCESS,hbar,0.0.3964804,0.0.4138717@1779133675.090745516
0.0.4978453,6.259854018077863,SUCCESS,hbar,0.0.3964804,0.0.4138717@1779133672.038632136
0.0.1233065,0.2541895468923117,SUCCESS,hbar,0.0.3964804,0.0.4138717@1779133674.078462897
0.0.6612734,0.005630212993629958,SUCCESS,hbar,0.0.3964804,0.0.4138717@1779133672.947824314
0.0.6344703,82.22753932913922,SUCCESS,hbar,0.0.3964804,0.0.4138717@1779133675.656556213
0.0.1448239,0.03845566264669071,SUCCESS,hbar,0.0.3964804,0.0.4138717@1779133675.125704581
0.0.6232417,0.01903479543102228,SUCCESS,hbar,0.0.3964804,0.0.4138717@1779133676.677748890
0.0.6933072,0.3746581327712624,SUCCESS,hbar,0.0.3964804,0.0.4138717@1779133674.158890376
0.0.760653,0.1406842222238687,SUCCESS,hbar,0.0.3964804,0.0.4138717@1779133678.120480606
0.0.835625,0.02870909950401339,SUCCESS,hbar,0.0.3964804,0.0.4138717@1779133676.006828688
0.0.6674918,0.01075264146995656,SUCCESS,hbar,0.0.3964804,0.0.4138717@1779133677.495081158
0.0.4360598,0.02830993241318668,SUCCESS,hbar,0.0.3964804,0.0.4138717@1779133679.254083077
0.0.2123622,4.234452191658065,SUCCESS,hbar,0.0.3964804,0.0.4138717@1779133678.146352169
0.0.7910977,1.347518122574623,SUCCESS,hbar,0.0.3964804,0.0.4138717@1779133677.280872726
0.0.8323906,13.61890793454345,SUCCESS,hbar,0.0.3964804,0.0.4138717@1779133678.894182646
0.0.8059253,0.545933565356525,SUCCESS,hbar,0.0.3964804,0.0.4138717@1779133679.180755247
0.0.1092596,0.2311301325454373,SUCCESS,hbar,0.0.3964804,0.0.4138717@1779133678.417026075
0.0.2006292,0.04291781955044739,SUCCESS,hbar,0.0.3964804,0.0.4138717@1779133681.625300071
0.0.7912110,0.0002435929580306509,SUCCESS,hbar,0.0.3964804,0.0.4138717@1779133680.840050939
0.0.8056304,0.4111428938289456,SUCCESS,hbar,0.0.3964804,0.0.4138717@1779133680.904074992
0.0.7974195,30.12780088063109,SUCCESS,hbar,0.0.3964804,0.0.4138717@1779133682.324693711
0.0.7746903,0.06099874153021413,SUCCESS,hbar,0.0.3964804,0.0.4138717@1779133682.287003805
0.0.8032303,0.04221250285305563,SUCCESS,hbar,0.0.3964804,0.0.4138717@1779133683.068565817
0.0.7965413,0.0007197842775737407,SUCCESS,hbar,0.0.3964804,0.0.4138717@1779133685.421526115
0.0.1481135,0.2737387074643705,SUCCESS,hbar,0.0.3964804,0.0.4138717@1779133685.692054139
0.0.7896816,11.69310454357,SUCCESS,hbar,0.0.3964804,0.0.4138717@1779133684.412507144
0.0.6324031,0.0005631280571376032,SUCCESS,hbar,0.0.3964804,0.0.4138717@1779133685.514370343
0.0.3947850,0.000232417604155677,SUCCESS,hbar,0.0.3964804,0.0.4138717@1779133686.487349859
0.0.5905014,0.2870023820310679,SUCCESS,hbar,0.0.3964804,0.0.4138717@1779133683.416636233
0.0.5042398,1.240458780783003,SUCCESS,hbar,0.0.3964804,0.0.4138717@1779133686.703611821
0.0.1479857,0.8252767628592431,SUCCESS,hbar,0.0.3964804,0.0.4138717@1779133686.944802385
0.0.7835479,0.01130552900291113,SUCCESS,hbar,0.0.3964804,0.0.4138717@1779133686.895823708
0.0.7570262,0.05922166505732034,SUCCESS,hbar,0.0.3964804,0.0.4138717@1779133689.817388648
0.0.7421912,0.03251874301262853,SUCCESS,hbar,0.0.3964804,0.0.4138717@1779133688.712781780
0.0.7791729,0.0007160555861073256,SUCCESS,hbar,0.0.3964804,0.0.4138717@1779133688.067664181
0.0.5739319,0.7243820902168071,SUCCESS,hbar,0.0.3964804,0.0.4138717@1779133688.125453533
0.0.7607102,0.005482279177957584,SUCCESS,hbar,0.0.3964804,0.0.4138717@1779133691.622333562
0.0.7777028,0.4702172876921983,SUCCESS,hbar,0.0.3964804,0.0.4138717@1779133690.639977512
0.0.1415516,5.997653246500036,SUCCESS,hbar,0.0.3964804,0.0.4138717@1779133692.836473956
0.0.4923529,0.001187849999262449,SUCCESS,hbar,0.0.3964804,0.0.4138717@1779133690.464793809
0.0.1046906,0.01645761371136757,SUCCESS,hbar,0.0.3964804,0.0.4138717@1779133692.460280422
0.0.4362017,1.068909695020452,SUCCESS,hbar,0.0.3964804,0.0.4138717@1779133693.831941632
0.0.789990,0.04748556056445191,SUCCESS,hbar,0.0.3964804,0.0.4138717@1779133693.925398885
0.0.840487,2.092776871145597,SUCCESS,hbar,0.0.3964804,0.0.4138717@1779133692.951192088
0.0.5314183,0.2527333060579178,SUCCESS,hbar,0.0.3964804,0.0.4138717@1779133693.683834558
0.0.1372179,0.1167496053428964,SUCCESS,hbar,0.0.3964804,0.0.4138717@1779133697.585614437
0.0.435679,22.45377632391428,SUCCESS,hbar,0.0.3964804,0.0.4138717@1779133696.698427223
0.0.2302824,0.001605837077060565,SUCCESS,hbar,0.0.3964804,0.0.4138717@1779133695.326936412
0.0.4433604,0.05092981201192506,SUCCESS,hbar,0.0.3964804,0.0.4138717@1779133695.055881187
0.0.4345176,0.06479414551226097,SUCCESS,hbar,0.0.3964804,0.0.4138717@1779133694.364954753
0.0.5432163,0.02886883574487388,SUCCESS,hbar,0.0.3964804,0.0.4138717@1779133699.234250387
0.0.4741573,0.6047525363597827,SUCCESS,hbar,0.0.3964804,0.0.4138717@1779133700.172623858
0.0.4329551,0.674868936347705,SUCCESS,hbar,0.0.3964804,0.0.4138717@1779133697.254684182
0.0.5029689,1.708525467733654,SUCCESS,hbar,0.0.3964804,0.0.4138717@1779133697.657458709
0.0.834666,4.990426485707051,SUCCESS,hbar,0.0.3964804,0.0.4138717@1779133700.576041222
0.0.4323897,0.0099244060411314,SUCCESS,hbar,0.0.3964804,0.0.4138717@1779133699.813095309
0.0.4782567,1.789763750004908,SUCCESS,hbar,0.0.3964804,0.0.4138717@1779133697.915057228
0.0.4340392,0.03610541848577389,SUCCESS,hbar,0.0.3964804,0.0.4138717@1779133698.903605471
0.0.836096,0.07474353867104709,SUCCESS,hbar,0.0.3964804,0.0.4138717@1779133701.561097563
0.0.837799,0.8719748491050826,SUCCESS,hbar,0.0.3964804,0.0.4138717@1779133701.274232125
0.0.4144365,1.285133094332499,SUCCESS,hbar,0.0.3964804,0.0.4138717@1779133699.910697989
0.0.6061106,0.2953047248761343,SUCCESS,hbar,0.0.3964804,0.0.4138717@1779133700.284941096
0.0.2174952,0.1869251554024455,SUCCESS,hbar,0.0.3964804,0.0.4138717@1779133700.702346600
0.0.827132,0.07347279907182983,SUCCESS,hbar,0.0.3964804,0.0.4138717@1779133703.293704561
0.0.4659519,1.218569877782108,SUCCESS,hbar,0.0.3964804,0.0.4138717@1779133706.160764465
0.0.6247418,0.0364219202359227,SUCCESS,hbar,0.0.3964804,0.0.4138717@1779133706.344381412
0.0.6078189,3.256978989722194,SUCCESS,hbar,0.0.3964804,0.0.4138717@1779133704.881540150
0.0.6058490,0.02111040120153217,SUCCESS,hbar,0.0.3964804,0.0.4138717@1779133706.081195152
0.0.6095958,6.123350437111374,SUCCESS,hbar,0.0.3964804,0.0.4138717@1779133706.373831266
0.0.1334605,7.248114507264748,SUCCESS,hbar,0.0.3964804,0.0.4138717@1779133705.944563472
0.0.4799094,0.0704136565330665,SUCCESS,hbar,0.0.3964804,0.0.4138717@1779133705.930192896
0.0.846992,1.089724769274768,SUCCESS,hbar,0.0.3964804,0.0.4138717@1779133705.532329102
0.0.2005484,0.01391170152965162,SUCCESS,hbar,0.0.3964804,0.0.4138717@1779133709.229397389
0.0.848151,0.2423942163519289,SUCCESS,hbar,0.0.3964804,0.0.4138717@1779133707.984369813
0.0.1388678,3.271135668529352,SUCCESS,hbar,0.0.3964804,0.0.4138717@1779133709.461444859
0.0.4785387,0.3249990132814708,SUCCESS,hbar,0.0.3964804,0.0.4138717@1779133708.199630242
0.0.4322023,0.3823551913825306,SUCCESS,hbar,0.0.3964804,0.0.4138717@1779133708.268942777
0.0.5060252,0.01714124670404529,SUCCESS,hbar,0.0.3964804,0.0.4138717@1779133711.493269721
0.0.3295745,3.356147447365392,SUCCESS,hbar,0.0.3964804,0.0.4138717@1779133713.195878499
0.0.4758052,0.1146812455211608,SUCCESS,hbar,0.0.3964804,0.0.4138717@1779133713.699243215
0.0.4640278,0.06225510192365564,SUCCESS,hbar,0.0.3964804,0.0.4138717@1779133712.411086244
0.0.1747288,2.52138137657639,SUCCESS,hbar,0.0.3964804,0.0.4138717@1779133710.906357286
0.0.840324,1.591021472313129,SUCCESS,hbar,0.0.3964804,0.0.4138717@1779133714.075061951
0.0.658160,0.002711512971590116,SUCCESS,hbar,0.0.3964804,0.0.4138717@1779133713.177023634
0.0.4853295,3.39986802412023,SUCCESS,hbar,0.0.3964804,0.0.4138717@1779133713.260978458
0.0.6469391,1.463717779144802,SUCCESS,hbar,0.0.3964804,0.0.4138717@1779133712.079968060
0.0.8291825,0.9332633728937483,SUCCESS,hbar,0.0.3964804,0.0.4138717@1779133712.507466832
0.0.8120693,1.035173308471536,SUCCESS,hbar,0.0.3964804,0.0.4138717@1779133715.963933925
0.0.4319619,0.08734577742986492,SUCCESS,hbar,0.0.3964804,0.0.4138717@1779133715.419598660
0.0.4838474,2.154641868814626,SUCCESS,hbar,0.0.3964804,0.0.4138717@1779133717.695673244
0.0.7550116,0.05768253353531614,SUCCESS,hbar,0.0.3964804,0.0.4138717@1779133715.906695019
0.0.8382708,0.006582900002375337,SUCCESS,hbar,0.0.3964804,0.0.4138717@1779133715.406199948
0.0.8057884,2.426498693599227,SUCCESS,hbar,0.0.3964804,0.0.4138717@1779133720.199538537
0.0.8352642,0.1569331174943051,SUCCESS,hbar,0.0.3964804,0.0.4138717@1779133719.589301490
0.0.7920736,1.767387988669876,SUCCESS,hbar,0.0.3964804,0.0.4138717@1779133716.159059030
0.0.919311,86.33775055062851,SUCCESS,hbar,0.0.3964804,0.0.4138717@1779133720.603590797
0.0.7920282,0.004370778193720798,SUCCESS,hbar,0.0.3964804,0.0.4138717@1779133720.073142204
0.0.8551680,0.2418301232907657,SUCCESS,hbar,0.0.3964804,0.0.4138717@1779133717.428046410
0.0.1681033,0.2065082220539802,SUCCESS,hbar,0.0.3964804,0.0.4138717@1779133720.494726635
0.0.5719491,0.03870698850734994,SUCCESS,hbar,0.0.3964804,0.0.4138717@1779133722.479240895
0.0.6045318,0.2318424733251326,SUCCESS,hbar,0.0.3964804,0.0.4138717@1779133722.941759490
0.0.2185671,0.05529002756422832,SUCCESS,hbar,0.0.3964804,0.0.4138717@1779133723.054727539
0.0.1056579,3.470604893402576,SUCCESS,hbar,0.0.3964804,0.0.4138717@1779133721.892969156
0.0.8717466,0.001070022985758222,SUCCESS,hbar,0.0.3964804,0.0.4138717@1779133720.983265359
0.0.4724806,0.005095165717705286,SUCCESS,hbar,0.0.3964804,0.0.4138717@1779133720.372893233
0.0.3288501,0.06015049172209367,SUCCESS,hbar,0.0.3964804,0.0.4138717@1779133724.127787374
0.0.8903303,0.5167753417257154,FAIL,hbar,0.0.3964804,
0.0.8514597,3.717304582634077,SUCCESS,hbar,0.0.3964804,0.0.4138717@1779133724.974195401
0.0.8041705,0.02316892200601388,SUCCESS,hbar,0.0.3964804,0.0.4138717@1779133724.673996788
0.0.8227507,0.3099478912862803,SUCCESS,hbar,0.0.3964804,0.0.4138717@1779133724.385775160
0.0.4315395,0.06074638381940275,SUCCESS,hbar,0.0.3964804,0.0.4138717@1779133728.073819620
0.0.8131537,0.5025906490264181,SUCCESS,hbar,0.0.3964804,0.0.4138717@1779133724.136864706
0.0.1467538,0.5023566313177716,SUCCESS,hbar,0.0.3964804,0.0.4138717@1779133725.534085733
0.0.3847179,0.3835078791750043,SUCCESS,hbar,0.0.3964804,0.0.4138717@1779133725.770959030
0.0.981571,0.04942525336971351,SUCCESS,hbar,0.0.3964804,0.0.4138717@1779133726.567193003
0.0.1021958,2.101346744669498,SUCCESS,hbar,0.0.3964804,0.0.4138717@1779133727.624900745
0.0.7732467,0.08251741663937548,SUCCESS,hbar,0.0.3964804,0.0.4138717@1779133727.068252701
0.0.7924085,0.01192450452848893,SUCCESS,hbar,0.0.3964804,0.0.4138717@1779133730.860317459
0.0.844131,0.1932795222679102,SUCCESS,hbar,0.0.3964804,0.0.4138717@1779133730.721837942
0.0.6294131,0.0000159628836142438,SUCCESS,hbar,0.0.3964804,0.0.4138717@1779133730.994410325
0.0.7965335,1.195499484024365,SUCCESS,hbar,0.0.3964804,0.0.4138717@1779133733.179691597
0.0.2116216,2.147711687680858,SUCCESS,hbar,0.0.3964804,0.0.4138717@1779133734.274994633
0.0.1754370,0.02551395615023279,SUCCESS,hbar,0.0.3964804,0.0.4138717@1779133731.645192333
0.0.9104016,0.636987899653044,SUCCESS,hbar,0.0.3964804,0.0.4138717@1779133733.112822308
0.0.3241611,0.2597162511598258,SUCCESS,hbar,0.0.3964804,0.0.4138717@1779133730.314293845
0.0.7938061,0.03530708014254805,SUCCESS,hbar,0.0.3964804,0.0.4138717@1779133734.571612669
0.0.8002341,0.1583016358110316,SUCCESS,hbar,0.0.3964804,0.0.4138717@1779133735.000780841
0.0.7166497,0.04320807482446651,SUCCESS,hbar,0.0.3964804,0.0.4138717@1779133733.496259970
0.0.8209705,0.0746754158491357,SUCCESS,hbar,0.0.3964804,0.0.4138717@1779133734.760916564
0.0.1369825,51.43611884949713,SUCCESS,hbar,0.0.3964804,0.0.4138717@1779133736.730086104
0.0.1404010,0.002455026189526555,SUCCESS,hbar,0.0.3964804,0.0.4138717@1779133735.701354413
0.0.1261132,0.2803863356257315,SUCCESS,hbar,0.0.3964804,0.0.4138717@1779133734.766827042
0.0.7816479,0.01601215907321239,SUCCESS,hbar,0.0.3964804,0.0.4138717@1779133738.127112637
0.0.6148704,0.05077613645993852,SUCCESS,hbar,0.0.3964804,0.0.4138717@1779133734.581097978
0.0.8054459,0.2761139782728205,SUCCESS,hbar,0.0.3964804,0.0.4138717@1779133738.806296573
0.0.7285744,0.01355198140826612,SUCCESS,hbar,0.0.3964804,0.0.4138717@1779133735.526316128
0.0.4743054,0.0002719055888980319,SUCCESS,hbar,0.0.3964804,0.0.4138717@1779133740.393683485
0.0.9695749,1.882332779751399,SUCCESS,hbar,0.0.3964804,0.0.4138717@1779133737.813245066
0.0.1736150,1.161941828372295,SUCCESS,hbar,0.0.3964804,0.0.4138717@1779133739.611709099
0.0.9477910,2.714939526332031,SUCCESS,hbar,0.0.3964804,0.0.4138717@1779133740.095564038
0.0.9464371,35.69290448484239,SUCCESS,hbar,0.0.3964804,0.0.4138717@1779133741.612107877
0.0.2657839,2.938907329369505,SUCCESS,hbar,0.0.3964804,0.0.4138717@1779133740.618320380
0.0.9226909,0.1916592114214234,SUCCESS,hbar,0.0.3964804,0.0.4138717@1779133739.923802118
0.0.1517175,0.5198241962866705,SUCCESS,hbar,0.0.3964804,0.0.4138717@1779133740.454266845
0.0.4154591,2.784338971836999,SUCCESS,hbar,0.0.3964804,0.0.4138717@1779133745.085497458
0.0.1461428,0.9266188482170242,SUCCESS,hbar,0.0.3964804,0.0.4138717@1779133742.308948846
0.0.946029,0.3041602742212676,SUCCESS,hbar,0.0.3964804,0.0.4138717@1779133744.427198810
0.0.6258977,0.09105785796815374,SUCCESS,hbar,0.0.3964804,0.0.4138717@1779133744.383353173
0.0.9612822,0.09244758648503762,SUCCESS,hbar,0.0.3964804,0.0.4138717@1779133743.777144061
0.0.834767,0.7354016329766662,SUCCESS,hbar,0.0.3964804,0.0.4138717@1779133742.032381068
0.0.9405888,0.008098131169510582,SUCCESS,hbar,0.0.3964804,0.0.4138717@1779133744.826829372
0.0.5482082,0.3900339284939726,SUCCESS,hbar,0.0.3964804,0.0.4138717@1779133746.473547960
0.0.7550127,0.1162247914408709,SUCCESS,hbar,0.0.3964804,0.0.4138717@1779133744.095349232
0.0.9317309,0.0003143548937782623,SUCCESS,hbar,0.0.3964804,0.0.4138717@1779133744.083611784
0.0.1043461,37.00181548471733,SUCCESS,hbar,0.0.3964804,0.0.4138717@1779133750.064885585
0.0.3907868,0.002946450389255742,SUCCESS,hbar,0.0.3964804,0.0.4138717@1779133745.305394734
0.0.3161254,7265.231239668569,SUCCESS,hbar,0.0.3964804,0.0.4138717@1779133748.702101668
0.0.6460255,2.574733735832898,SUCCESS,hbar,0.0.3964804,0.0.4138717@1779133746.783382217
0.0.8213249,20.86482662516062,SUCCESS,hbar,0.0.3964804,0.0.4138717@1779133748.097339847
0.0.10068662,0.02978318915360501,SUCCESS,hbar,0.0.3964804,0.0.4138717@1779133751.244270519
0.0.4911466,0.005280123967831387,SUCCESS,hbar,0.0.3964804,0.0.4138717@1779133748.466835805
0.0.10085318,1.726609910989884,SUCCESS,hbar,0.0.3964804,0.0.4138717@1779133751.643021918
0.0.9150672,0.01801547759204121,SUCCESS,hbar,0.0.3964804,0.0.4138717@1779133748.125312469
0.0.5580759,0.02434454251316228,SUCCESS,hbar,0.0.3964804,0.0.4138717@1779133750.946081126
0.0.9149385,0.0601885682682425,SUCCESS,hbar,0.0.3964804,0.0.4138717@1779133752.036062138
0.0.4795853,1.024206669280044,SUCCESS,hbar,0.0.3964804,0.0.4138717@1779133754.705614686
0.0.7993090,4.052528117843224,SUCCESS,hbar,0.0.3964804,0.0.4138717@1779133752.656120689
0.0.9201440,0.0358816453165536,SUCCESS,hbar,0.0.3964804,0.0.4138717@1779133752.240956308
0.0.4310363,0.1814613112794156,SUCCESS,hbar,0.0.3964804,0.0.4138717@1779133755.774562767
0.0.6094118,0.01214719913874969,SUCCESS,hbar,0.0.3964804,0.0.4138717@1779133752.312905238
0.0.9144684,0.07274300277291336,SUCCESS,hbar,0.0.3964804,0.0.4138717@1779133754.895508762
0.0.4388693,0.06443890733938297,SUCCESS,hbar,0.0.3964804,0.0.4138717@1779133753.302427107
0.0.2149252,0.00004726473939774744,SUCCESS,hbar,0.0.3964804,0.0.4138717@1779133755.444513041
0.0.9273859,0.04036694737790741,SUCCESS,hbar,0.0.3964804,0.0.4138717@1779133758.328430660
0.0.9272301,0.4447936007853969,SUCCESS,hbar,0.0.3964804,0.0.4138717@1779133757.807382570
0.0.853379,12.91636408576049,SUCCESS,hbar,0.0.3964804,0.0.4138717@1779133755.298226263
0.0.3681629,3.486762303552216,SUCCESS,hbar,0.0.3964804,0.0.4138717@1779133758.900792562
0.0.6295630,0.0315524460006722,SUCCESS,hbar,0.0.3964804,0.0.4138717@1779133759.547201012
0.0.2017766,0.8427384772442886,SUCCESS,hbar,0.0.3964804,0.0.4138717@1779133760.272928930
0.0.9303899,1.01073549797147,SUCCESS,hbar,0.0.3964804,0.0.4138717@1779133758.153517403
0.0.966444,1.74255198184518,SUCCESS,hbar,0.0.3964804,0.0.4138717@1779133759.440066499
0.0.9178066,0.006254598950665873,SUCCESS,hbar,0.0.3964804,0.0.4138717@1779133760.314282080
0.0.9404882,0.2366694210357867,SUCCESS,hbar,0.0.3964804,0.0.4138717@1779133762.721082623
0.0.915984,11.7052930195626,SUCCESS,hbar,0.0.3964804,0.0.4138717@1779133760.030160815
0.0.857760,0.08458906896202724,SUCCESS,hbar,0.0.3964804,0.0.4138717@1779133762.922535121
0.0.6828202,16.68331259031988,SUCCESS,hbar,0.0.3964804,0.0.4138717@1779133764.737564630
0.0.3048811,69.33619267005747,SUCCESS,hbar,0.0.3964804,0.0.4138717@1779133764.145138009
0.0.4314332,2.929467831068519,SUCCESS,hbar,0.0.3964804,0.0.4138717@1779133762.522595987
0.0.6416166,0.5580813373030178,SUCCESS,hbar,0.0.3964804,0.0.4138717@1779133761.006192657
0.0.2967389,0.3162323962226514,SUCCESS,hbar,0.0.3964804,0.0.4138717@1779133762.362237940
0.0.6270761,24.79587497505173,SUCCESS,hbar,0.0.3964804,0.0.4138717@1779133764.933786621
0.0.6157135,0.6368735671360307,SUCCESS,hbar,0.0.3964804,0.0.4138717@1779133765.055614866
0.0.6004536,0.03955246808609814,SUCCESS,hbar,0.0.3964804,0.0.4138717@1779133764.288358050
0.0.7450449,0.3531516524627358,SUCCESS,hbar,0.0.3964804,0.0.4138717@1779133768.882643186
0.0.6475509,0.1199442450262313,SUCCESS,hbar,0.0.3964804,0.0.4138717@1779133766.368242341
0.0.662621,0.2958058856022953,SUCCESS,hbar,0.0.3964804,0.0.4138717@1779133766.537267384
0.0.7312670,0.6968895503311596,SUCCESS,hbar,0.0.3964804,0.0.4138717@1779133769.103993757
0.0.6852334,1.396570544735269,SUCCESS,hbar,0.0.3964804,0.0.4138717@1779133765.748148945
0.0.1124401,2.044377246020028,SUCCESS,hbar,0.0.3964804,0.0.4138717@1779133767.372802909
0.0.4423729,0.7028934666102549,SUCCESS,hbar,0.0.3964804,0.0.4138717@1779133765.915629913
0.0.892270,6.331655085020198,SUCCESS,hbar,0.0.3964804,0.0.4138717@1779133766.836273288
0.0.3687848,4.734601494068454,SUCCESS,hbar,0.0.3964804,0.0.4138717@1779133769.814441670
0.0.794930,0.03842700556073909,SUCCESS,hbar,0.0.3964804,0.0.4138717@1779133769.233564945
0.0.7631749,0.001631333093327861,SUCCESS,hbar,0.0.3964804,0.0.4138717@1779133773.157661350
0.0.3872629,0.3495128946106184,SUCCESS,hbar,0.0.3964804,0.0.4138717@1779133768.983645061
0.0.1524063,2.74593330992189,SUCCESS,hbar,0.0.3964804,0.0.4138717@1779133773.783557028
0.0.7290965,0.4082331156727334,SUCCESS,hbar,0.0.3964804,0.0.4138717@1779133771.289778102
0.0.7662545,0.003076769081802058,SUCCESS,hbar,0.0.3964804,0.0.4138717@1779133769.301202509
0.0.805713,10.11788470151205,SUCCESS,hbar,0.0.3964804,0.0.4138717@1779133770.664476082
0.0.3937438,0.2324712990130577,SUCCESS,hbar,0.0.3964804,0.0.4138717@1779133774.155650421
0.0.5023507,0.1552042629637685,SUCCESS,hbar,0.0.3964804,0.0.4138717@1779133772.993239097
0.0.4589167,0.01498113593724396,SUCCESS,hbar,0.0.3964804,0.0.4138717@1779133771.637365544
0.0.5698429,0.005191776382758749,SUCCESS,hbar,0.0.3964804,0.0.4138717@1779133775.512894818
0.0.4351736,0.01215763046096497,SUCCESS,hbar,0.0.3964804,0.0.4138717@1779133773.422526963
0.0.4540904,0.5519745370494865,SUCCESS,hbar,0.0.3964804,0.0.4138717@1779133775.146926736
0.0.4717832,0.1721316062769271,SUCCESS,hbar,0.0.3964804,0.0.4138717@1779133778.264774745
0.0.4358173,1.584367663920791,SUCCESS,hbar,0.0.3964804,0.0.4138717@1779133777.710546469
0.0.3967246,0.3406902960312069,SUCCESS,hbar,0.0.3964804,0.0.4138717@1779133777.226840488
0.0.4965217,0.1376155516581363,SUCCESS,hbar,0.0.3964804,0.0.4138717@1779133778.851787774
0.0.4887338,0.5197449028002934,SUCCESS,hbar,0.0.3964804,0.0.4138717@1779133778.501558015
0.0.5068116,0.02770362250904554,SUCCESS,hbar,0.0.3964804,0.0.4138717@1779133778.502432800
0.0.753351,0.2826885909944373,SUCCESS,hbar,0.0.3964804,0.0.4138717@1779133780.141854180
0.0.6139137,0.5065723413400064,SUCCESS,hbar,0.0.3964804,0.0.4138717@1779133776.656762524
0.0.5746207,16.37011084928289,SUCCESS,hbar,0.0.3964804,0.0.4138717@1779133779.784446600
0.0.6154587,6.876870219831481,SUCCESS,hbar,0.0.3964804,0.0.4138717@1779133780.188894371
0.0.6275653,0.009208100908171918,SUCCESS,hbar,0.0.3964804,0.0.4138717@1779133781.540301937
0.0.5957030,1.15867963699303,SUCCESS,hbar,0.0.3964804,0.0.4138717@1779133778.742442444
0.0.433061,0.01155197819913634,SUCCESS,hbar,0.0.3964804,0.0.4138717@1779133781.057913894
0.0.6306847,0.01973284387862928,SUCCESS,hbar,0.0.3964804,0.0.4138717@1779133779.308537335
0.0.1463629,0.06613889979556242,SUCCESS,hbar,0.0.3964804,0.0.4138717@1779133779.454507830
0.0.4784258,0.1282485001487592,SUCCESS,hbar,0.0.3964804,0.0.4138717@1779133783.164522938
0.0.4861986,0.09205440936903589,SUCCESS,hbar,0.0.3964804,0.0.4138717@1779133781.510656853
0.0.3240624,0.001417903158841388,SUCCESS,hbar,0.0.3964804,0.0.4138717@1779133781.752071858
0.0.4765612,2.441778299573058,SUCCESS,hbar,0.0.3964804,0.0.4138717@1779133786.104591702
0.0.7937765,0.6266936065633855,SUCCESS,hbar,0.0.3964804,0.0.4138717@1779133782.126359593
0.0.6343911,1.661360611509369,SUCCESS,hbar,0.0.3964804,0.0.4138717@1779133782.189136929
0.0.1313215,0.009597935989351278,SUCCESS,hbar,0.0.3964804,0.0.4138717@1779133785.656069895
0.0.7703838,0.005948809700154527,SUCCESS,hbar,0.0.3964804,0.0.4138717@1779133785.417857761
0.0.7961490,0.1140756411416382,SUCCESS,hbar,0.0.3964804,0.0.4138717@1779133787.455917708
0.0.3384906,2.95386413611812,SUCCESS,hbar,0.0.3964804,0.0.4138717@1779133784.298229009
0.0.7965412,0.002105693217832161,SUCCESS,hbar,0.0.3964804,0.0.4138717@1779133785.049637474
0.0.710849,0.01160643359720212,SUCCESS,hbar,0.0.3964804,0.0.4138717@1779133788.302064288
0.0.931327,18.52555458552897,SUCCESS,hbar,0.0.3964804,0.0.4138717@1779133787.227015102
0.0.5112630,0.4001108582576982,SUCCESS,hbar,0.0.3964804,0.0.4138717@1779133786.484458239
0.0.7916029,13.0053602459314,SUCCESS,hbar,0.0.3964804,0.0.4138717@1779133789.757305725
0.0.2891280,0.4851609641569417,SUCCESS,hbar,0.0.3964804,0.0.4138717@1779133787.718780700
0.0.7732676,47.45174916834186,SUCCESS,hbar,0.0.3964804,0.0.4138717@1779133791.545235481
0.0.4343570,0.216909263723785,SUCCESS,hbar,0.0.3964804,0.0.4138717@1779133791.597777553
0.0.7865510,17.6845767321125,SUCCESS,hbar,0.0.3964804,0.0.4138717@1779133792.420639851
0.0.4804985,0.1121787766879569,SUCCESS,hbar,0.0.3964804,0.0.4138717@1779133790.397461442
0.0.1673276,1.532311025872441,SUCCESS,hbar,0.0.3964804,0.0.4138717@1779133792.791936787
0.0.7583284,0.1428278322064628,SUCCESS,hbar,0.0.3964804,0.0.4138717@1779133794.010148334
0.0.6313326,5.225465839933205,SUCCESS,hbar,0.0.3964804,0.0.4138717@1779133792.403048793
0.0.8076778,0.001074252048589701,SUCCESS,hbar,0.0.3964804,0.0.4138717@1779133793.065673570
0.0.2964523,13.63853022804022,SUCCESS,hbar,0.0.3964804,0.0.4138717@1779133793.793441680
0.0.8083173,0.3146103494630184,SUCCESS,hbar,0.0.3964804,0.0.4138717@1779133795.937889056
0.0.1463093,0.8485765655637963,SUCCESS,hbar,0.0.3964804,0.0.4138717@1779133792.860202776
0.0.146930,827.5236427859958,SUCCESS,hbar,0.0.3964804,0.0.4138717@1779133797.017077828
0.0.496172,0.9117476203516688,SUCCESS,hbar,0.0.3964804,0.0.4138717@1779133797.064288057
0.0.838791,0.9312495769880518,SUCCESS,hbar,0.0.3964804,0.0.4138717@1779133793.285602599
0.0.7710235,0.08713868280818574,SUCCESS,hbar,0.0.3964804,0.0.4138717@1779133795.091493996
0.0.4431727,0.07942770407503529,SUCCESS,hbar,0.0.3964804,0.0.4138717@1779133794.600401810
0.0.1359581,10.1784476502923,SUCCESS,hbar,0.0.3964804,0.0.4138717@1779133796.285338385
0.0.1486421,1.129637675956883,SUCCESS,hbar,0.0.3964804,0.0.4138717@1779133799.217845449
0.0.3916542,0.02144772856779602,SUCCESS,hbar,0.0.3964804,0.0.4138717@1779133798.837586593
0.0.4566469,1.179950903520465,SUCCESS,hbar,0.0.3964804,0.0.4138717@1779133796.932393393
0.0.887612,1.325067791298887,SUCCESS,hbar,0.0.3964804,0.0.4138717@1779133796.828454793
0.0.811739,1.519841448701918,SUCCESS,hbar,0.0.3964804,0.0.4138717@1779133800.645394152
0.0.796454,35.31784659372482,SUCCESS,hbar,0.0.3964804,0.0.4138717@1779133801.914949144
0.0.4135513,0.7383021642178282,SUCCESS,hbar,0.0.3964804,0.0.4138717@1779133802.094044080
0.0.4504544,5.890808437143074,SUCCESS,hbar,0.0.3964804,0.0.4138717@1779133802.215687517
0.0.2004450,0.07946452193131713,SUCCESS,hbar,0.0.3964804,0.0.4138717@1779133799.815015606
0.0.7776311,5.778544577764311,SUCCESS,hbar,0.0.3964804,0.0.4138717@1779133799.661533495
0.0.1337171,0.5983266728042033,SUCCESS,hbar,0.0.3964804,0.0.4138717@1779133800.575850510
0.0.862835,0.3442936085094134,SUCCESS,hbar,0.0.3964804,0.0.4138717@1779133801.632469292
0.0.7798912,1.554239313931133,SUCCESS,hbar,0.0.3964804,0.0.4138717@1779133802.631232224
0.0.791414,0.2391671718531268,SUCCESS,hbar,0.0.3964804,0.0.4138717@1779133803.309992310
0.0.1746011,1.145573638849388,SUCCESS,hbar,0.0.3964804,0.0.4138717@1779133802.699543330
0.0.4883729,0.2343205613644175,SUCCESS,hbar,0.0.3964804,0.0.4138717@1779133804.448900219
0.0.4312267,4.633698503184087,SUCCESS,hbar,0.0.3964804,0.0.4138717@1779133805.832382446
0.0.7913251,0.05055419533482362,SUCCESS,hbar,0.0.3964804,0.0.4138717@1779133806.269355526
0.0.8156060,0.08525818525415765,SUCCESS,hbar,0.0.3964804,0.0.4138717@1779133807.169604924
0.0.8306798,0.01756256068671489,SUCCESS,hbar,0.0.3964804,0.0.4138717@1779133808.989683254
0.0.8298814,1.350047981564047,SUCCESS,hbar,0.0.3964804,0.0.4138717@1779133806.635042315
0.0.8181079,1.231668014279775,SUCCESS,hbar,0.0.3964804,0.0.4138717@1779133807.009095608
0.0.7964752,0.003345293180383733,SUCCESS,hbar,0.0.3964804,0.0.4138717@1779133807.523674495
0.0.2025203,0.06683451488485116,SUCCESS,hbar,0.0.3964804,0.0.4138717@1779133809.233155785
0.0.7049977,0.006701344639648226,SUCCESS,hbar,0.0.3964804,0.0.4138717@1779133809.527855578
0.0.4867972,0.02667135504229857,SUCCESS,hbar,0.0.3964804,0.0.4138717@1779133811.182352392
0.0.8209324,0.4552703380679902,SUCCESS,hbar,0.0.3964804,0.0.4138717@1779133807.020779616
0.0.7997139,0.08632966032983132,SUCCESS,hbar,0.0.3964804,0.0.4138717@1779133809.804888554
0.0.5761971,0.0001258235273254917,SUCCESS,hbar,0.0.3964804,0.0.4138717@1779133810.493212861
0.0.1906790,0.009147772409601584,SUCCESS,hbar,0.0.3964804,0.0.4138717@1779133809.367316415
0.0.8178093,0.07223304803282005,SUCCESS,hbar,0.0.3964804,0.0.4138717@1779133813.126478299
0.0.3273594,2.723239604514017,SUCCESS,hbar,0.0.3964804,0.0.4138717@1779133810.770008839
0.0.8042105,0.08427284548699356,SUCCESS,hbar,0.0.3964804,0.0.4138717@1779133812.736215904
0.0.4746343,0.001306014877469974,SUCCESS,hbar,0.0.3964804,0.0.4138717@1779133810.660935151
0.0.5007636,0.0723620779290386,SUCCESS,hbar,0.0.3964804,0.0.4138717@1779133814.385398356
0.0.833836,1.758414981403394,SUCCESS,hbar,0.0.3964804,0.0.4138717@1779133811.815572604
0.0.3828375,21.41419561751443,SUCCESS,hbar,0.0.3964804,0.0.4138717@1779133813.984035534
0.0.8142528,0.02028617375712893,SUCCESS,hbar,0.0.3964804,0.0.4138717@1779133816.347879554
0.0.8173226,2.195076228173457,SUCCESS,hbar,0.0.3964804,0.0.4138717@1779133816.189584820
0.0.8175769,0.07882491498330225,SUCCESS,hbar,0.0.3964804,0.0.4138717@1779133816.208561021
0.0.9270286,0.01946860506234964,SUCCESS,hbar,0.0.3964804,0.0.4138717@1779133817.465284249
0.0.10454179,0.2166240301921002,SUCCESS,hbar,0.0.3964804,0.0.4138717@1779133817.437870982
0.0.10456759,0.7474221658683831,SUCCESS,hbar,0.0.3964804,0.0.4138717@1779133819.596716652
0.0.10307970,0.0005075868978324727,SUCCESS,hbar,0.0.3964804,0.0.4138717@1779133818.459465370
0.0.10303974,1.010310091251571,SUCCESS,hbar,0.0.3964804,0.0.4138717@1779133818.155310018
0.0.1920276,1.614525160886072,SUCCESS,hbar,0.0.3964804,0.0.4138717@1779133820.121233070
0.0.10359145,0.5792605493999625,SUCCESS,hbar,0.0.3964804,0.0.4138717@1779133819.447023111
0.0.9234350,0.5755746346742718,SUCCESS,hbar,0.0.3964804,0.0.4138717@1779133818.230599008
0.0.10277044,5.109005332022786,SUCCESS,hbar,0.0.3964804,0.0.4138717@1779133822.158719131
0.0.9221480,0.7824368634654271,SUCCESS,hbar,0.0.3964804,0.0.4138717@1779133818.877889137
0.0.7989176,17.63529424060504,SUCCESS,hbar,0.0.3964804,0.0.4138717@1779133823.042346680
0.0.851469,0.1732518077327456,SUCCESS,hbar,0.0.3964804,0.0.4138717@1779133820.131016360
0.0.10420688,0.2299449631097366,SUCCESS,hbar,0.0.3964804,0.0.4138717@1779133824.191185618
0.0.10422583,1.209567090168023,SUCCESS,hbar,0.0.3964804,0.0.4138717@1779133824.322354760
0.0.8346544,2.431828742350347,SUCCESS,hbar,0.0.3964804,0.0.4138717@1779133825.600208901
0.0.10420709,0.06979452492314872,SUCCESS,hbar,0.0.3964804,0.0.4138717@1779133822.620929183
0.0.10420713,0.0506581881399875,SUCCESS,hbar,0.0.3964804,0.0.4138717@1779133826.673605234
0.0.10371833,53.72635753751804,SUCCESS,hbar,0.0.3964804,0.0.4138717@1779133823.753385681
0.0.10308209,45.07682972697857,SUCCESS,hbar,0.0.3964804,0.0.4138717@1779133825.772278226
0.0.8085300,0.3760095810306271,SUCCESS,hbar,0.0.3964804,0.0.4138717@1779133823.507845428
0.0.10435638,0.1088769349556634,SUCCESS,hbar,0.0.3964804,0.0.4138717@1779133824.769479779
0.0.3003013,4.240920268756243,SUCCESS,hbar,0.0.3964804,0.0.4138717@1779133827.295574231
0.0.10359193,0.4180931850250404,SUCCESS,hbar,0.0.3964804,0.0.4138717@1779133826.523027658
0.0.10359238,0.06309854882115047,SUCCESS,hbar,0.0.3964804,0.0.4138717@1779133826.062481175
0.0.3953598,5.043628268441434,SUCCESS,hbar,0.0.3964804,0.0.4138717@1779133827.867787844
0.0.10442094,2.180278714685015,SUCCESS,hbar,0.0.3964804,0.0.4138717@1779133828.914112614
0.0.10295710,0.1220917342080555,SUCCESS,hbar,0.0.3964804,0.0.4138717@1779133828.903266338
0.0.9640625,0.006586156572654045,SUCCESS,hbar,0.0.3964804,0.0.4138717@1779133832.079944450
0.0.10035663,0.2165453359198386,SUCCESS,hbar,0.0.3964804,0.0.4138717@1779133831.983156375
0.0.9812108,0.325340925867014,SUCCESS,hbar,0.0.3964804,0.0.4138717@1779133831.986303759
0.0.10009527,3.79460081817862,SUCCESS,hbar,0.0.3964804,0.0.4138717@1779133832.090402401
0.0.1400807,0.3511088120933186,SUCCESS,hbar,0.0.3964804,0.0.4138717@1779133830.723607193
0.0.8414341,1.228427514811182,SUCCESS,hbar,0.0.3964804,0.0.4138717@1779133829.892080713
0.0.1412348,40.34434103005326,SUCCESS,hbar,0.0.3964804,0.0.4138717@1779133831.073061806
0.0.9774219,0.002238708626394924,SUCCESS,hbar,0.0.3964804,0.0.4138717@1779133835.018948147
0.0.9707531,505.5751166158093,SUCCESS,hbar,0.0.3964804,0.0.4138717@1779133833.786396685
0.0.9707528,261.9361819550638,SUCCESS,hbar,0.0.3964804,0.0.4138717@1779133832.179735270
0.0.10044419,0.4975325100218908,SUCCESS,hbar,0.0.3964804,0.0.4138717@1779133834.065956310
0.0.9579116,0.6862531894613095,SUCCESS,hbar,0.0.3964804,0.0.4138717@1779133835.266019379
0.0.9275976,17.80105279565105,SUCCESS,hbar,0.0.3964804,0.0.4138717@1779133835.346755725
0.0.9425366,8.632855236699129,SUCCESS,hbar,0.0.3964804,0.0.4138717@1779133833.865030538
0.0.9208631,2.20368846710599,SUCCESS,hbar,0.0.3964804,0.0.4138717@1779133834.753728354
0.0.1703381,0.6210717587879951,SUCCESS,hbar,0.0.3964804,0.0.4138717@1779133835.127616498
0.0.9317965,0.4786356351167473,SUCCESS,hbar,0.0.3964804,0.0.4138717@1779133839.475331166
0.0.9301506,0.004643715327108275,SUCCESS,hbar,0.0.3964804,0.0.4138717@1779133835.402262906
0.0.8198609,12.45524628363015,SUCCESS,hbar,0.0.3964804,0.0.4138717@1779133839.381328837
0.0.911691,2.90856834207163,SUCCESS,hbar,0.0.3964804,0.0.4138717@1779133836.890289289
0.0.10190094,148.80233668265,SUCCESS,hbar,0.0.3964804,0.0.4138717@1779133839.854758826
0.0.10267167,3.052984281158694,SUCCESS,hbar,0.0.3964804,0.0.4138717@1779133839.045176999
0.0.10267166,41.6204810760145,SUCCESS,hbar,0.0.3964804,0.0.4138717@1779133840.371865637
0.0.10244829,0.009106612810713392,SUCCESS,hbar,0.0.3964804,0.0.4138717@1779133840.903459652
0.0.10231452,12.31769278143275,SUCCESS,hbar,0.0.3964804,0.0.4138717@1779133839.810825583
0.0.10248120,0.3374844864925022,SUCCESS,hbar,0.0.3964804,0.0.4138717@1779133840.865182831
0.0.3959322,10.62390808286109,SUCCESS,hbar,0.0.3964804,0.0.4138717@1779133843.662266731
0.0.2216740,76.3108383336394,SUCCESS,hbar,0.0.3964804,0.0.4138717@1779133841.123041877
0.0.818498,0.006940867327355583,SUCCESS,hbar,0.0.3964804,0.0.4138717@1779133842.496048313
0.0.10256319,8.342502263807388,SUCCESS,hbar,0.0.3964804,0.0.4138717@1779133842.065410987
0.0.10164472,434.7662523029362,SUCCESS,hbar,0.0.3964804,0.0.4138717@1779133844.421644192
0.0.10115705,0.0002986556252868959,SUCCESS,hbar,0.0.3964804,0.0.4138717@1779133845.506231941
0.0.10035851,13.95182749028435,SUCCESS,hbar,0.0.3964804,0.0.4138717@1779133846.132971649
0.0.10007904,0.0007691471835671676,SUCCESS,hbar,0.0.3964804,0.0.4138717@1779133847.302916984
0.0.1365923,0.007231303305521105,SUCCESS,hbar,0.0.3964804,0.0.4138717@1779133845.387298109
0.0.10048918,3.296901899851816,SUCCESS,hbar,0.0.3964804,0.0.4138717@1779133844.986940853
0.0.9593512,0.001536260686072761,SUCCESS,hbar,0.0.3964804,0.0.4138717@1779133849.085080474
0.0.10025532,0.06801697611831599,SUCCESS,hbar,0.0.3964804,0.0.4138717@1779133847.549619507
0.0.9377932,0.07362670118386208,SUCCESS,hbar,0.0.3964804,0.0.4138717@1779133848.496487540
0.0.6076526,0.05573726165578095,SUCCESS,hbar,0.0.3964804,0.0.4138717@1779133848.664198868
0.0.732615,44.81988919602507,SUCCESS,hbar,0.0.3964804,0.0.4138717@1779133846.663170814
0.0.4821795,0.06288389974841142,SUCCESS,hbar,0.0.3964804,0.0.4138717@1779133849.898069618
0.0.1067361,3.465460015158916,SUCCESS,hbar,0.0.3964804,0.0.4138717@1779133851.239221818
0.0.4766806,0.2086687013492243,SUCCESS,hbar,0.0.3964804,0.0.4138717@1779133849.277434101
0.0.1321462,0.2972407794206081,SUCCESS,hbar,0.0.3964804,0.0.4138717@1779133850.523887620
0.0.7553528,26.33722996989919,SUCCESS,hbar,0.0.3964804,0.0.4138717@1779133850.666088096
0.0.10227517,0.5806824809139508,SUCCESS,hbar,0.0.3964804,0.0.4138717@1779133852.840821336
0.0.3709566,0.005351458779900721,SUCCESS,hbar,0.0.3964804,0.0.4138717@1779133849.933825091
0.0.8131527,0.003989502738018146,SUCCESS,hbar,0.0.3964804,0.0.4138717@1779133851.674103730
0.0.9362153,0.1617430429596814,SUCCESS,hbar,0.0.3964804,0.0.4138717@1779133855.539175891
0.0.10470756,0.107213076854795,SUCCESS,hbar,0.0.3964804,0.0.4138717@1779133855.919057790
0.0.10461872,0.0110263919044255,SUCCESS,hbar,0.0.3964804,0.0.4138717@1779133851.421032582
0.0.4229971,0.2773305311967444,SUCCESS,hbar,0.0.3964804,0.0.4138717@1779133855.131668424
0.0.1503602,0.1717445254330339,SUCCESS,hbar,0.0.3964804,0.0.4138717@1779133857.015343765
0.0.4337383,0.2250205156344897,SUCCESS,hbar,0.0.3964804,0.0.4138717@1779133856.175292311
0.0.3288713,10.67117632019752,SUCCESS,hbar,0.0.3964804,0.0.4138717@1779133855.010940235
0.0.10427913,0.03992896520420923,SUCCESS,hbar,0.0.3964804,0.0.4138717@1779133854.811220768
0.0.5850916,0.04853020854893994,SUCCESS,hbar,0.0.3964804,0.0.4138717@1779133859.711774263
0.0.4329185,0.513936714953057,SUCCESS,hbar,0.0.3964804,0.0.4138717@1779133856.464015196
0.0.9168967,0.02193096610737733,SUCCESS,hbar,0.0.3964804,0.0.4138717@1779133855.402634559
0.0.604463,0.1062164573160503,SUCCESS,hbar,0.0.3964804,0.0.4138717@1779133855.967736332
0.0.10237154,0.2519305191953817,SUCCESS,hbar,0.0.3964804,0.0.4138717@1779133855.834510398
0.0.8495235,0.4250644250019296,SUCCESS,hbar,0.0.3964804,0.0.4138717@1779133856.649406831
0.0.10358044,56.49244844291231,SUCCESS,hbar,0.0.3964804,0.0.4138717@1779133857.245773359
0.0.10473539,0.1262465961853553,SUCCESS,hbar,0.0.3964804,0.0.4138717@1779133859.879951742
0.0.9340462,2.378976411312,SUCCESS,hbar,0.0.3964804,0.0.4138717@1779133860.645775082
0.0.8118671,6.791670403282675,SUCCESS,hbar,0.0.3964804,0.0.4138717@1779133863.029429835
0.0.1686527,0.004287842851133147,SUCCESS,hbar,0.0.3964804,0.0.4138717@1779133863.070815482
0.0.8213379,0.0001307649692235125,SUCCESS,hbar,0.0.3964804,0.0.4138717@1779133861.308718326
0.0.8570223,0.1317310727147371,SUCCESS,hbar,0.0.3964804,0.0.4138717@1779133861.878662477
0.0.8023334,0.1000645158859973,SUCCESS,hbar,0.0.3964804,0.0.4138717@1779133863.549178033
0.0.684625,0.3624850250217216,SUCCESS,hbar,0.0.3964804,0.0.4138717@1779133860.142396470
0.0.8120088,0.1154093014355977,SUCCESS,hbar,0.0.3964804,0.0.4138717@1779133865.260143443
0.0.6063136,0.002981873910093976,SUCCESS,hbar,0.0.3964804,0.0.4138717@1779133865.885664558
0.0.6064013,2.196244712519343,SUCCESS,hbar,0.0.3964804,0.0.4138717@1779133865.572131944
0.0.5313474,0.08193463573340892,SUCCESS,hbar,0.0.3964804,0.0.4138717@1779133864.179500631
0.0.4725260,0.172341756889089,SUCCESS,hbar,0.0.3964804,0.0.4138717@1779133864.164928622
0.0.838388,27.33061317110667,SUCCESS,hbar,0.0.3964804,0.0.4138717@1779133867.703929287
0.0.1316658,0.4912879274775829,SUCCESS,hbar,0.0.3964804,0.0.4138717@1779133866.168438923
0.0.1514634,32.23381962165757,SUCCESS,hbar,0.0.3964804,0.0.4138717@1779133865.785206624
0.0.823147,73.30634376990186,SUCCESS,hbar,0.0.3964804,0.0.4138717@1779133864.758124187
0.0.10088400,0.1630730463945087,SUCCESS,hbar,0.0.3964804,0.0.4138717@1779133866.324478904
0.0.2015584,1.849096703401212,SUCCESS,hbar,0.0.3964804,0.0.4138717@1779133865.136997259
0.0.9144627,0.4848277758866902,SUCCESS,hbar,0.0.3964804,0.0.4138717@1779133869.833288883
0.0.1696471,15.72104074921154,SUCCESS,hbar,0.0.3964804,0.0.4138717@1779133868.907590770
0.0.5159009,28.30764414658955,SUCCESS,hbar,0.0.3964804,0.0.4138717@1779133870.237332907
0.0.10465417,0.216490171989704,SUCCESS,hbar,0.0.3964804,0.0.4138717@1779133870.613651223
0.0.10034010,0.00998062574969422,SUCCESS,hbar,0.0.3964804,0.0.4138717@1779133873.140071369
0.0.10386407,15.74192362308685,SUCCESS,hbar,0.0.3964804,0.0.4138717@1779133870.304120647
0.0.832543,11.55898209906493,SUCCESS,hbar,0.0.3964804,0.0.4138717@1779133873.379608052
0.0.9112742,0.07614322607634512,SUCCESS,hbar,0.0.3964804,0.0.4138717@1779133870.959186799
0.0.1478185,0.9097858636205816,SUCCESS,hbar,0.0.3964804,0.0.4138717@1779133874.186328957
0.0.4138268,4.106793637566096,SUCCESS,hbar,0.0.3964804,0.0.4138717@1779133872.442046308
0.0.4161393,0.5595012181220483,SUCCESS,hbar,0.0.3964804,0.0.4138717@1779133872.328500233
0.0.1106819,1.262219557719003,SUCCESS,hbar,0.0.3964804,0.0.4138717@1779133871.215007780
0.0.885953,38.045495125642,SUCCESS,hbar,0.0.3964804,0.0.4138717@1779133876.313469665
0.0.3327498,0.7879829096586235,SUCCESS,hbar,0.0.3964804,0.0.4138717@1779133874.240110212
0.0.10151415,0.9837997286243342,SUCCESS,hbar,0.0.3964804,0.0.4138717@1779133876.728645665
0.0.8084528,20.8584971664272,SUCCESS,hbar,0.0.3964804,0.0.4138717@1779133874.348247168
0.0.4157253,21.04853385722864,SUCCESS,hbar,0.0.3964804,0.0.4138717@1779133873.800428854
0.0.9417458,1.59901416789656,SUCCESS,hbar,0.0.3964804,0.0.4138717@1779133877.692581879
0.0.7789171,0.2944375408896307,SUCCESS,hbar,0.0.3964804,0.0.4138717@1779133874.817631553
0.0.815643,10.80256720985904,SUCCESS,hbar,0.0.3964804,0.0.4138717@1779133878.763612818
0.0.1178547,0.2576581055887905,SUCCESS,hbar,0.0.3964804,0.0.4138717@1779133879.373117237
0.0.1385696,34.4812881996467,SUCCESS,hbar,0.0.3964804,0.0.4138717@1779133877.107105595
0.0.8742796,1.441115242966116,SUCCESS,hbar,0.0.3964804,0.0.4138717@1779133878.140162935
0.0.190191,0.06377723016628457,SUCCESS,hbar,0.0.3964804,0.0.4138717@1779133880.521262201
0.0.9720442,0.05514855643534176,SUCCESS,hbar,0.0.3964804,0.0.4138717@1779133879.125485741
0.0.3012601,0.2911547037658255,SUCCESS,hbar,0.0.3964804,0.0.4138717@1779133880.448563950
0.0.5012902,0.005855681181246119,SUCCESS,hbar,0.0.3964804,0.0.4138717@1779133881.914341374
0.0.9636419,0.321073193658952,SUCCESS,hbar,0.0.3964804,0.0.4138717@1779133882.821446878
0.0.5805332,1.027847649631529,SUCCESS,hbar,0.0.3964804,0.0.4138717@1779133885.365450530
0.0.9602777,0.01470040423386988,SUCCESS,hbar,0.0.3964804,0.0.4138717@1779133881.004206671
0.0.9590994,9.704313446140178,SUCCESS,hbar,0.0.3964804,0.0.4138717@1779133883.445926180
0.0.9565816,2.607583448938003,SUCCESS,hbar,0.0.3964804,0.0.4138717@1779133881.806382379
0.0.9365757,0.5543304665423968,SUCCESS,hbar,0.0.3964804,0.0.4138717@1779133884.879198735
0.0.8080965,0.008108265563584047,SUCCESS,hbar,0.0.3964804,0.0.4138717@1779133885.423547609
0.0.8070994,1.33301889559222,SUCCESS,hbar,0.0.3964804,0.0.4138717@1779133885.529060696
0.0.8246604,0.001460296921340618,SUCCESS,hbar,0.0.3964804,0.0.4138717@1779133884.469723227
0.0.9729389,0.1127708838497991,SUCCESS,hbar,0.0.3964804,0.0.4138717@1779133887.357378909
0.0.4594903,0.02564293359097662,SUCCESS,hbar,0.0.3964804,0.0.4138717@1779133888.362919955
0.0.9364762,0.01028732308750037,SUCCESS,hbar,0.0.3964804,0.0.4138717@1779133886.877657728
0.0.887615,0.00881711947456135,SUCCESS,hbar,0.0.3964804,0.0.4138717@1779133885.460836356
0.0.1056474,3.346636569618001,SUCCESS,hbar,0.0.3964804,0.0.4138717@1779133889.381927698
0.0.9450539,0.8341838569882325,SUCCESS,hbar,0.0.3964804,0.0.4138717@1779133885.720313461
0.0.9444587,1.630793891429442,SUCCESS,hbar,0.0.3964804,0.0.4138717@1779133888.280817528
0.0.9146353,2.057980952266923,SUCCESS,hbar,0.0.3964804,0.0.4138717@1779133890.375168594
0.0.6160732,0.06082894763390265,SUCCESS,hbar,0.0.3964804,0.0.4138717@1779133887.484783597
0.0.813564,0.0008418242989274726,SUCCESS,hbar,0.0.3964804,0.0.4138717@1779133888.762825227
0.0.9367202,0.001533407632197688,SUCCESS,hbar,0.0.3964804,0.0.4138717@1779133891.181945612
0.0.10004246,0.4569040233375039,SUCCESS,hbar,0.0.3964804,0.0.4138717@1779133891.561662067
0.0.10093024,0.5671220059083643,SUCCESS,hbar,0.0.3964804,0.0.4138717@1779133889.829059451
0.0.816698,7.761329599870789,SUCCESS,hbar,0.0.3964804,0.0.4138717@1779133889.706102443
0.0.820706,4.048972123927131,SUCCESS,hbar,0.0.3964804,0.0.4138717@1779133893.106286711
0.0.4372819,0.01595288948416517,SUCCESS,hbar,0.0.3964804,0.0.4138717@1779133894.582481918
0.0.842210,0.07411546465412473,SUCCESS,hbar,0.0.3964804,0.0.4138717@1779133893.915574282
0.0.10072624,0.03212753114266506,SUCCESS,hbar,0.0.3964804,0.0.4138717@1779133897.265659316
0.0.1459068,0.0356695829474145,SUCCESS,hbar,0.0.3964804,0.0.4138717@1779133896.232199395
0.0.9640903,0.3612737138750629,SUCCESS,hbar,0.0.3964804,0.0.4138717@1779133895.848293679
0.0.2963879,1.583122165516658,SUCCESS,hbar,0.0.3964804,0.0.4138717@1779133894.526849024
0.0.1745725,2.412680200175096,SUCCESS,hbar,0.0.3964804,0.0.4138717@1779133898.355626645
0.0.4873525,0.04952962898392921,SUCCESS,hbar,0.0.3964804,0.0.4138717@1779133895.325210412
0.0.9318048,0.01317930283099545,SUCCESS,hbar,0.0.3964804,0.0.4138717@1779133896.547657603
0.0.9401320,3.944068735630657,SUCCESS,hbar,0.0.3964804,0.0.4138717@1779133899.907554818
0.0.5922808,0.02986567136296942,SUCCESS,hbar,0.0.3964804,0.0.4138717@1779133896.471173641
0.0.751161,1.587808822870991,SUCCESS,hbar,0.0.3964804,0.0.4138717@1779133896.334686379
0.0.9973346,0.00331391066422519,SUCCESS,hbar,0.0.3964804,0.0.4138717@1779133898.715451436
0.0.9477942,0.0144615780869157,SUCCESS,hbar,0.0.3964804,0.0.4138717@1779133899.933542749
0.0.9150527,1.121207220203416,SUCCESS,hbar,0.0.3964804,0.0.4138717@1779133899.971087381
0.0.871471,2.656781594378287,SUCCESS,hbar,0.0.3964804,0.0.4138717@1779133900.521198219
0.0.7983506,0.00003172165760441805,SUCCESS,hbar,0.0.3964804,0.0.4138717@1779133899.474163438
0.0.6320740,0.700384467231561,SUCCESS,hbar,0.0.3964804,0.0.4138717@1779133901.686318656
0.0.1365814,0.2489280784402383,SUCCESS,hbar,0.0.3964804,0.0.4138717@1779133899.241456226
0.0.2091507,2.391209953712599,SUCCESS,hbar,0.0.3964804,0.0.4138717@1779133903.924299637
0.0.7550890,0.1010866836594464,SUCCESS,hbar,0.0.3964804,0.0.4138717@1779133904.294358384
0.0.9095016,1.575471887822878,SUCCESS,hbar,0.0.3964804,0.0.4138717@1779133903.273096649
0.0.9065767,0.6146536037269617,SUCCESS,hbar,0.0.3964804,0.0.4138717@1779133904.113611255
0.0.8767225,0.2273483589869273,SUCCESS,hbar,0.0.3964804,0.0.4138717@1779133902.442863170
0.0.9009997,0.337161206305507,SUCCESS,hbar,0.0.3964804,0.0.4138717@1779133902.738629424
0.0.7788265,0.1487320143370554,SUCCESS,hbar,0.0.3964804,0.0.4138717@1779133906.765758616
0.0.8792600,0.002401880543554626,SUCCESS,hbar,0.0.3964804,0.0.4138717@1779133904.684483747
0.0.8256574,0.004809423481438008,SUCCESS,hbar,0.0.3964804,0.0.4138717@1779133908.257332935
0.0.8585468,0.0007411611888575833,SUCCESS,hbar,0.0.3964804,0.0.4138717@1779133908.208419394
0.0.1090802,0.05850603502940455,SUCCESS,hbar,0.0.3964804,0.0.4138717@1779133907.839636735
0.0.1459865,1.365029341366833,SUCCESS,hbar,0.0.3964804,0.0.4138717@1779133905.983456694
0.0.5524338,0.0393450404866102,SUCCESS,hbar,0.0.3964804,0.0.4138717@1779133906.005084794
0.0.8198608,0.3239173187497744,SUCCESS,hbar,0.0.3964804,0.0.4138717@1779133909.397081061
0.0.8385016,0.2649014975414042,SUCCESS,hbar,0.0.3964804,0.0.4138717@1779133909.263198052
0.0.8414409,0.01294412557752038,SUCCESS,hbar,0.0.3964804,0.0.4138717@1779133908.864546628
0.0.1714233,0.2316456071041008,SUCCESS,hbar,0.0.3964804,0.0.4138717@1779133910.112966698
0.0.3077609,2.099356223213863,SUCCESS,hbar,0.0.3964804,0.0.4138717@1779133911.307214572
0.0.8357089,0.510636505012972,SUCCESS,hbar,0.0.3964804,0.0.4138717@1779133909.038079172
0.0.8357708,13.50651303569067,SUCCESS,hbar,0.0.3964804,0.0.4138717@1779133910.741723902
0.0.1403937,0.006964737939382191,SUCCESS,hbar,0.0.3964804,0.0.4138717@1779133912.733389057
0.0.8880678,0.02051949645317535,SUCCESS,hbar,0.0.3964804,0.0.4138717@1779133910.543002064
0.0.9285770,0.09196556918446917,SUCCESS,hbar,0.0.3964804,0.0.4138717@1779133912.918349325
0.0.9275748,0.116396588251476,SUCCESS,hbar,0.0.3964804,0.0.4138717@1779133913.821434168
0.0.4345655,3.451063799664849,SUCCESS,hbar,0.0.3964804,0.0.4138717@1779133915.817398015
0.0.6068301,0.07944813612311602,SUCCESS,hbar,0.0.3964804,0.0.4138717@1779133915.908539050
0.0.8113254,0.02566061462491972,SUCCESS,hbar,0.0.3964804,0.0.4138717@1779133911.695871295
0.0.1862342,0.2656972799864447,SUCCESS,hbar,0.0.3964804,0.0.4138717@1779133916.028699971
0.0.9196038,0.1477349888258523,SUCCESS,hbar,0.0.3964804,0.0.4138717@1779133912.344274452
0.0.1118731,0.01217605111912365,SUCCESS,hbar,0.0.3964804,0.0.4138717@1779133913.883241798
0.0.9687167,0.2124842469448273,SUCCESS,hbar,0.0.3964804,0.0.4138717@1779133914.884644251
0.0.9177141,0.04140472992142886,SUCCESS,hbar,0.0.3964804,0.0.4138717@1779133918.178685890
0.0.9086562,0.001233621696035157,SUCCESS,hbar,0.0.3964804,0.0.4138717@1779133918.526145064
0.0.8392843,0.294308898944955,SUCCESS,hbar,0.0.3964804,0.0.4138717@1779133918.441873023
0.0.9169121,0.2618450590916795,SUCCESS,hbar,0.0.3964804,0.0.4138717@1779133917.854995404
0.0.958821,12.69806436808891,SUCCESS,hbar,0.0.3964804,0.0.4138717@1779133917.189125099
0.0.877394,0.005448404839135542,SUCCESS,hbar,0.0.3964804,0.0.4138717@1779133920.525964100
0.0.53756,2.787562557400541,SUCCESS,hbar,0.0.3964804,0.0.4138717@1779133919.103525097
0.0.689277,6.420537095159792,SUCCESS,hbar,0.0.3964804,0.0.4138717@1779133917.769723281
0.0.8673292,10.00615369734317,SUCCESS,hbar,0.0.3964804,0.0.4138717@1779133917.636162289
0.0.1071830,0.0466500607221261,SUCCESS,hbar,0.0.3964804,0.0.4138717@1779133920.358094481
0.0.10251800,0.0006268556060650897,SUCCESS,hbar,0.0.3964804,0.0.4138717@1779133921.917620953
0.0.3450,0.08336692391760793,SUCCESS,hbar,0.0.3964804,0.0.4138717@1779133921.385699242
0.0.5742160,4.745932025329943,SUCCESS,hbar,0.0.3964804,0.0.4138717@1779133923.508057003
0.0.6181303,10.61517985386698,SUCCESS,hbar,0.0.3964804,0.0.4138717@1779133923.809385152
0.0.10268439,4.293689531727646,SUCCESS,hbar,0.0.3964804,0.0.4138717@1779133923.047606783
0.0.1956746,0.02017954267326089,SUCCESS,hbar,0.0.3964804,0.0.4138717@1779133922.602060024
0.0.1365779,0.2612957066282057,SUCCESS,hbar,0.0.3964804,0.0.4138717@1779133922.264709867
0.0.8241599,0.8166718373180966,SUCCESS,hbar,0.0.3964804,0.0.4138717@1779133922.857209100
0.0.8602366,0.6520028025173097,SUCCESS,hbar,0.0.3964804,0.0.4138717@1779133926.280876899
0.0.9360820,14.22347084415393,SUCCESS,hbar,0.0.3964804,0.0.4138717@1779133927.139718331
0.0.5804427,0.09861932938532311,SUCCESS,hbar,0.0.3964804,0.0.4138717@1779133925.682609277
0.0.6334018,0.3650890272204717,SUCCESS,hbar,0.0.3964804,0.0.4138717@1779133928.161730181
0.0.4561752,0.02086394569935588,SUCCESS,hbar,0.0.3964804,0.0.4138717@1779133924.934603527
0.0.5957081,0.1898931672287476,SUCCESS,hbar,0.0.3964804,0.0.4138717@1779133925.639312301
0.0.1114728,0.003607762904862138,SUCCESS,hbar,0.0.3964804,0.0.4138717@1779133925.412081993
0.0.4576074,0.1319399365856933,SUCCESS,hbar,0.0.3964804,0.0.4138717@1779133929.350975373
0.0.1729400,0.2278160021225994,SUCCESS,hbar,0.0.3964804,0.0.4138717@1779133929.102100136
0.0.4499088,0.04702001453878908,SUCCESS,hbar,0.0.3964804,0.0.4138717@1779133927.744888351
0.0.4140342,0.1277947217279008,SUCCESS,hbar,0.0.3964804,0.0.4138717@1779133928.871468408
0.0.937712,7.186134086393939,SUCCESS,hbar,0.0.3964804,0.0.4138717@1779133930.006152871
0.0.4552309,0.004121286297835296,SUCCESS,hbar,0.0.3964804,0.0.4138717@1779133931.234261673
0.0.4552382,0.004121052145585747,SUCCESS,hbar,0.0.3964804,0.0.4138717@1779133932.480572795
0.0.4552348,0.004382357630780599,SUCCESS,hbar,0.0.3964804,0.0.4138717@1779133931.149443791
0.0.1082201,34.67181984629524,SUCCESS,hbar,0.0.3964804,0.0.4138717@1779133931.911593006
0.0.4558719,0.004822753651811538,SUCCESS,hbar,0.0.3964804,0.0.4138717@1779133930.800147168
0.0.8548028,0.0001546067698430018,SUCCESS,hbar,0.0.3964804,0.0.4138717@1779133932.045348678
0.0.4571567,0.7825527787019428,SUCCESS,hbar,0.0.3964804,0.0.4138717@1779133933.637431144
0.0.1024843,0.00001511943127653046,SUCCESS,hbar,0.0.3964804,0.0.4138717@1779133933.571441877
0.0.857763,0.596996146909765,SUCCESS,hbar,0.0.3964804,0.0.4138717@1779133934.760438805
0.0.4573495,2078.271319785274,SUCCESS,hbar,0.0.3964804,0.0.4138717@1779133936.609618413
0.0.1105845,0.9060052943408808,SUCCESS,hbar,0.0.3964804,0.0.4138717@1779133936.607417941
0.0.638522,12.60081668085529,SUCCESS,hbar,0.0.3964804,0.0.4138717@1779133936.504129107
0.0.4814986,0.00808216017765744,SUCCESS,hbar,0.0.3964804,0.0.4138717@1779133934.470866117
0.0.8083839,6.646230060375453,SUCCESS,hbar,0.0.3964804,0.0.4138717@1779133934.374665408
0.0.1093612,0.1313764626489324,SUCCESS,hbar,0.0.3964804,0.0.4138717@1779133934.369564042
0.0.10062632,0.002875769275056934,SUCCESS,hbar,0.0.3964804,0.0.4138717@1779133935.404387340
0.0.8055246,5.797743349716939,SUCCESS,hbar,0.0.3964804,0.0.4138717@1779133939.438577315
0.0.10157649,4.797179489883724,SUCCESS,hbar,0.0.3964804,0.0.4138717@1779133938.270937973
0.0.10014449,0.03980593268619721,SUCCESS,hbar,0.0.3964804,0.0.4138717@1779133937.448146741
0.0.8002619,0.1302989482502676,SUCCESS,hbar,0.0.3964804,0.0.4138717@1779133938.430056955
0.0.8146497,0.4824903794017116,SUCCESS,hbar,0.0.3964804,0.0.4138717@1779133940.827575367
0.0.955353,0.05843870500922559,SUCCESS,hbar,0.0.3964804,0.0.4138717@1779133942.967937241
0.0.4749526,29.67193600570122,SUCCESS,hbar,0.0.3964804,0.0.4138717@1779133939.838291077
0.0.1704489,0.0002928695202829909,SUCCESS,hbar,0.0.3964804,0.0.4138717@1779133939.122552891
0.0.9584885,0.006932375287665134,SUCCESS,hbar,0.0.3964804,0.0.4138717@1779133941.641734930
0.0.9177203,0.002230972793925601,SUCCESS,hbar,0.0.3964804,0.0.4138717@1779133939.982139063
0.0.4762160,0.5611483393779568,SUCCESS,hbar,0.0.3964804,0.0.4138717@1779133944.562518461
0.0.9509413,0.03118038636515769,SUCCESS,hbar,0.0.3964804,0.0.4138717@1779133945.886392758
0.0.683815,0.02051708943298624,SUCCESS,hbar,0.0.3964804,0.0.4138717@1779133944.804047046
0.0.7931472,0.08299588591834992,SUCCESS,hbar,0.0.3964804,0.0.4138717@1779133946.077712442
0.0.8115823,0.04925258341981562,SUCCESS,hbar,0.0.3964804,0.0.4138717@1779133945.347458547
0.0.1052080,0.3632308442433426,SUCCESS,hbar,0.0.3964804,0.0.4138717@1779133945.820884713
0.0.8068660,0.003141289114511782,SUCCESS,hbar,0.0.3964804,0.0.4138717@1779133944.062125226
0.0.1181772,0.02619861552846135,SUCCESS,hbar,0.0.3964804,0.0.4138717@1779133946.822738821
0.0.8104363,130.652405699708,SUCCESS,hbar,0.0.3964804,0.0.4138717@1779133943.604244732
0.0.835929,8.3825459895389e-7,SUCCESS,hbar,0.0.3964804,0.0.4138717@1779133944.851237233
0.0.7098838,0.2956047607159425,SUCCESS,hbar,0.0.3964804,0.0.4138717@1779133948.526539938
0.0.9273022,0.0003112071164041128,SUCCESS,hbar,0.0.3964804,0.0.4138717@1779133945.642558916
0.0.7313800,19.85828214000984,SUCCESS,hbar,0.0.3964804,0.0.4138717@1779133948.158080609
0.0.4914022,0.6784609449013601,SUCCESS,hbar,0.0.3964804,0.0.4138717@1779133947.084749264
0.0.9251120,1.819463503015624,SUCCESS,hbar,0.0.3964804,0.0.4138717@1779133950.088769898
0.0.10219431,1.405969520034003,SUCCESS,hbar,0.0.3964804,0.0.4138717@1779133950.234641789
0.0.590682,0.01206978042290476,SUCCESS,hbar,0.0.3964804,0.0.4138717@1779133949.576714915
0.0.8152447,0.3158849599105936,SUCCESS,hbar,0.0.3964804,0.0.4138717@1779133948.677450511
0.0.4712922,0.02479780334985452,SUCCESS,hbar,0.0.3964804,0.0.4138717@1779133949.259422071
0.0.8538714,0.2574013877304728,SUCCESS,hbar,0.0.3964804,0.0.4138717@1779133953.060521572
0.0.8304314,0.03195100084342861,SUCCESS,hbar,0.0.3964804,0.0.4138717@1779133953.711202883
0.0.9034617,0.03309774528914647,SUCCESS,hbar,0.0.3964804,0.0.4138717@1779133953.289373680
0.0.7809201,0.00003936144951282693,SUCCESS,hbar,0.0.3964804,0.0.4138717@1779133951.410494732
0.0.8868403,0.02115144314178755,SUCCESS,hbar,0.0.3964804,0.0.4138717@1779133955.844097371
0.0.8108637,0.00007454754028108076,SUCCESS,hbar,0.0.3964804,0.0.4138717@1779133951.721832367
0.0.8188301,0.2146802736472752,SUCCESS,hbar,0.0.3964804,0.0.4138717@1779133954.148025321