account,amount,state,token address,pool address,tx id
0.0.4432398,1.215214222464164,SUCCESS,0.0.731861,0.0.3951117,0.0.4138717@1780345309.443575397
0.0.10352676,2.828503144895155,SUCCESS,0.0.731861,0.0.3951117,0.0.4138717@1780345305.625784767
0.0.10301803,0.4891386515574062,SUCCESS,0.0.731861,0.0.3951117,0.0.4138717@1780345309.527264527
0.0.8309441,0.9070669867989678,SUCCESS,0.0.731861,0.0.3951117,0.0.4138717@1780345307.487690538
0.0.10413601,53.6184216795476,SUCCESS,0.0.731861,0.0.3951117&0.0.3964804,0.0.4138717@1780345309.584983688
0.0.10430673,5632.413924398194,SUCCESS,0.0.731861,0.0.3951117&0.0.3964804&0.0.3964860&0.0.5328590&0.0.10414792,0.0.4138717@1780345309.175747477
0.0.1216661,2639.623307988066,SUCCESS,0.0.731861,0.0.3951117,0.0.4138717@1780345306.588317436
0.0.1988559,9.402439141190483,SUCCESS,0.0.731861,0.0.3951117&0.0.3961531&0.0.3964804,0.0.4138717@1780345308.996658085
0.0.560837,1537.545339864891,SUCCESS,0.0.731861,0.0.3951117&0.0.3964804&0.0.3964827&0.0.3964860,0.0.4138717@1780345308.751687517
0.0.2017173,20.17269557219247,SUCCESS,0.0.731861,0.0.3951117,0.0.4138717@1780345307.461354027
0.0.1104990,58.37299490467909,SUCCESS,0.0.731861,0.0.3951117,0.0.4138717@1780345312.160408615
0.0.735239,0.0002588325745871139,SUCCESS,0.0.731861,0.0.3951117,0.0.4138717@1780345311.314535408
0.0.3242760,375.4020822366364,SUCCESS,0.0.731861,0.0.3951117&0.0.3961531&0.0.3964804,0.0.4138717@1780345310.549651240
0.0.4432149,5.874590830535431,SUCCESS,0.0.731861,0.0.3951117,0.0.4138717@1780345310.374995474
0.0.1412123,5.92575978432262,NOT_ASSOCIATED,0.0.731861,0.0.3951117&0.0.3964804,
0.0.4184733,1763.659225506116,SUCCESS,0.0.731861,0.0.3951117,0.0.4138717@1780345312.825644239
0.0.4775299,16.24957375340286,SUCCESS,0.0.731861,0.0.3951117,0.0.4138717@1780345312.790059726
0.0.4758169,9.679639171877328,SUCCESS,0.0.731861,0.0.3951117,0.0.4138717@1780345315.294350038
0.0.3071320,501.5707297508389,SUCCESS,0.0.731861,0.0.3951117,0.0.4138717@1780345316.786959104
0.0.4330219,3.216085859698664,SUCCESS,0.0.731861,0.0.3951117&0.0.3964790,0.0.4138717@1780345317.918880853
0.0.2968839,147.3811719488008,SUCCESS,0.0.731861,0.0.3951117&0.0.3964804&0.0.4601632,0.0.4138717@1780345319.460939804
0.0.4923080,2.576433915976231,SUCCESS,0.0.731861,0.0.3951117,0.0.4138717@1780345322.073447261
0.0.4732964,2.199899588519047,SUCCESS,0.0.731861,0.0.3951117,0.0.4138717@1780345319.551635662
0.0.5797983,1.881360190222076,SUCCESS,0.0.731861,0.0.3951117&0.0.3961531&0.0.3964804,0.0.4138717@1780345319.932648064
0.0.850535,2202.823697762199,SUCCESS,0.0.731861,0.0.3951117&0.0.3964790&0.0.4129330&0.0.4601632&0.0.5328590,0.0.4138717@1780345324.988416190
0.0.6244791,19.47432994276397,SUCCESS,0.0.731861,0.0.3951117,0.0.4138717@1780345323.563388328
0.0.6313910,1936.846145020409,SUCCESS,0.0.731861,0.0.3951117&0.0.3964804,0.0.4138717@1780345323.473005177
0.0.6289117,114.1012246054035,SUCCESS,0.0.731861,0.0.3951117&0.0.3964804&0.0.4601632&0.0.6071041,0.0.4138717@1780345327.576331764
0.0.6440477,8.030757314940406,SUCCESS,0.0.731861,0.0.3951117&0.0.3964804,0.0.4138717@1780345324.751194519
0.0.874760,507.2998986281376,SUCCESS,0.0.731861,0.0.3951117&0.0.3964804&0.0.6078459,0.0.4138717@1780345326.003362759
0.0.4345324,2.013418736806849,SUCCESS,0.0.731861,0.0.3951117,0.0.4138717@1780345329.606388923
0.0.4702708,144.814489474596,SUCCESS,0.0.731861,0.0.3951117&0.0.3964827,0.0.4138717@1780345326.419750131
0.0.4968045,50.29352049382143,SUCCESS,0.0.731861,0.0.3951117,0.0.4138717@1780345332.127011882
0.0.4354394,245.3449415102477,SUCCESS,0.0.731861,0.0.3951117&0.0.3964790,0.0.4138717@1780345333.235209757
0.0.1322785,527.2054661462125,SUCCESS,0.0.731861,0.0.3951117,0.0.4138717@1780345330.516571285
0.0.5716339,0.02650904453291346,SUCCESS,0.0.731861,0.0.3951117,0.0.4138717@1780345331.293205393
0.0.4709377,226.4534694775308,SUCCESS,0.0.731861,0.0.3951117,0.0.4138717@1780345332.091241867
0.0.4695027,6.42861259802936,SUCCESS,0.0.731861,0.0.3951117,0.0.4138717@1780345335.210169892
0.0.4340758,10.52048068145576,SUCCESS,0.0.731861,0.0.3951117&0.0.3964804,0.0.4138717@1780345334.094830277
0.0.4817549,18.38431991333475,SUCCESS,0.0.731861,0.0.3951117&0.0.3964804,0.0.4138717@1780345334.666418900
0.0.4938729,26.77734520319582,SUCCESS,0.0.731861,0.0.3951117,0.0.4138717@1780345334.845007706
0.0.4322002,7.732738051121114,SUCCESS,0.0.731861,0.0.3951117,0.0.4138717@1780345337.834730885
0.0.6026305,3.518786190551303,SUCCESS,0.0.731861,0.0.3951117,0.0.4138717@1780345335.902378386
0.0.2930231,5.871499086973685,SUCCESS,0.0.731861,0.0.3951117&0.0.3964804,0.0.4138717@1780345340.148029677
0.0.4558891,71.04497869967905,SUCCESS,0.0.731861,0.0.3951117,0.0.4138717@1780345338.748044942
0.0.5976303,7.58587872895117,SUCCESS,0.0.731861,0.0.3951117&0.0.3964804,0.0.4138717@1780345342.229746146
0.0.4318411,97.23039612374028,SUCCESS,0.0.731861,0.0.3951117,0.0.4138717@1780345341.703859688
0.0.3681428,1651.259411610378,SUCCESS,0.0.731861,0.0.3951117&0.0.3964804,0.0.4138717@1780345342.729532177
0.0.4329852,566.8230563042072,SUCCESS,0.0.731861,0.0.3951117&0.0.3964804&0.0.3964827&0.0.3964855&0.0.4601632&0.0.5328590,0.0.4138717@1780345340.555491131
0.0.5975196,4.467792440305736,SUCCESS,0.0.731861,0.0.3951117&0.0.4601632,0.0.4138717@1780345343.009571562
0.0.3969243,0.6128672152513032,SUCCESS,0.0.731861,0.0.3951117&0.0.4129330,0.0.4138717@1780345342.063325198
0.0.1991961,411.8213753160291,SUCCESS,0.0.731861,0.0.3951117&0.0.3964790&0.0.3964827&0.0.4601632&0.0.6071041,0.0.4138717@1780345343.286546605
0.0.4347838,41.47819921734489,SUCCESS,0.0.731861,0.0.3951117,0.0.4138717@1780345345.712636178
0.0.1877739,4.002847553118588,SUCCESS,0.0.731861,0.0.3951117&0.0.3964827&0.0.4601632,0.0.4138717@1780345343.151317707
0.0.4864609,1.742291461246961,SUCCESS,0.0.731861,0.0.3951117,0.0.4138717@1780345346.589885352
0.0.598828,0.3428314844941684,SUCCESS,0.0.731861,0.0.3951117&0.0.3964804,0.0.4138717@1780345345.313745352
0.0.4302086,2.075896732267169,SUCCESS,0.0.731861,0.0.3951117,0.0.4138717@1780345344.001182773
0.0.7991960,33.02008982004848,SUCCESS,0.0.731861,0.0.3951117&0.0.3964804,0.0.4138717@1780345345.684496957
0.0.1601282,1.288935232245081,SUCCESS,0.0.731861,0.0.3951117,0.0.4138717@1780345345.282828787
0.0.2125030,657.8352962553222,SUCCESS,0.0.731861,0.0.3951117&0.0.3961531,0.0.4138717@1780345344.547565192
0.0.856667,108.3308978241496,SUCCESS,0.0.731861,0.0.3951117&0.0.3964804,0.0.4138717@1780345344.779514711
0.0.4503599,22.91163118439729,SUCCESS,0.0.731861,0.0.3951117,0.0.4138717@1780345348.311315563
0.0.8068689,436.2951956790552,SUCCESS,0.0.731861,0.0.3951117&0.0.3964804&0.0.3964827,0.0.4138717@1780345349.407275266
0.0.7889838,0.5973604316729089,SUCCESS,0.0.731861,0.0.3951117,0.0.4138717@1780345346.644497708
0.0.6258771,48.97600584652074,SUCCESS,0.0.731861,0.0.3951117,0.0.4138717@1780345346.239169778
0.0.1379217,61.09948675396561,NOT_ASSOCIATED,0.0.731861,0.0.3951117,
0.0.8190429,16.67446505821531,SUCCESS,0.0.731861,0.0.3951117,0.0.4138717@1780345352.712050400
0.0.4912200,1250.389346805813,SUCCESS,0.0.731861,0.0.3951117&0.0.3964804,0.0.4138717@1780345351.910535944
0.0.4342759,365.9922246831143,SUCCESS,0.0.731861,0.0.3951117,0.0.4138717@1780345352.620537628
0.0.1691323,270.2020567927535,SUCCESS,0.0.731861,0.0.3951117&0.0.3964804,0.0.4138717@1780345352.186753079
0.0.4766933,298.3208528806532,SUCCESS,0.0.731861,0.0.3951117,0.0.4138717@1780345356.279037491
0.0.6781119,414.3875690209755,SUCCESS,0.0.731861,0.0.3951117&0.0.3961531&0.0.3964804&0.0.3964827&0.0.3964860&0.0.4601632&0.0.5328590&0.0.6071119&0.0.8315114&0.0.10018365,0.0.4138717@1780345354.370947948
0.0.7262531,0.2418678175889137,SUCCESS,0.0.731861,0.0.3951117&0.0.3964804,0.0.4138717@1780345359.366092236
0.0.7138336,0.2607757840086922,SUCCESS,0.0.731861,0.0.3951117&0.0.3961531,0.0.4138717@1780345359.273370293
0.0.1340928,240.0915734735684,SUCCESS,0.0.731861,0.0.3951117,0.0.4138717@1780345357.740094234
0.0.7479340,14.65127533143754,SUCCESS,0.0.731861,0.0.3951117&0.0.3964804,0.0.4138717@1780345359.129900698
0.0.5078033,33.63243285902536,SUCCESS,0.0.731861,0.0.3951117&0.0.4601632,0.0.4138717@1780345362.492492909
0.0.4229805,9.299982620429216,SUCCESS,0.0.731861,0.0.3951117,0.0.4138717@1780345359.757264082
0.0.1726157,65.15206472411685,SUCCESS,0.0.731861,0.0.3951117&0.0.3964804,0.0.4138717@1780345362.456507120
0.0.4551977,1.6069643327767,SUCCESS,0.0.731861,0.0.3951117,0.0.4138717@1780345361.431098558
0.0.3829916,446.4279091534607,SUCCESS,0.0.731861,0.0.3951117,0.0.4138717@1780345362.240683364
0.0.1110477,163.3267012720915,SUCCESS,0.0.731861,0.0.3951117,0.0.4138717@1780345363.259478999
0.0.1490591,226.6853739337895,SUCCESS,0.0.731861,0.0.3951117&0.0.3964790&0.0.3964804,0.0.4138717@1780345360.884313524
0.0.1023917,54.69565106286009,SUCCESS,0.0.731861,0.0.3951117&0.0.3964804&0.0.3964855&0.0.4601632&0.0.6071119,0.0.4138717@1780345364.965802970
0.0.1506598,29.79435513496867,SUCCESS,0.0.731861,0.0.3951117,0.0.4138717@1780345365.060449476
0.0.4559340,1.947089023423896,SUCCESS,0.0.731861,0.0.3951117,0.0.4138717@1780345366.570241673
0.0.7798148,45.99564578881061,SUCCESS,0.0.731861,0.0.3951117,0.0.4138717@1780345363.566929437
0.0.7843482,17.44977511650323,SUCCESS,0.0.731861,0.0.3951117&0.0.3964804,0.0.4138717@1780345363.982470709
0.0.7835270,95.42599845766046,SUCCESS,0.0.731861,0.0.3951117,0.0.4138717@1780345366.394946385
0.0.1261552,4.662981663035427,SUCCESS,0.0.731861,0.0.3951117&0.0.3961531&0.0.3964790&0.0.3964804&0.0.3964860&0.0.4129330&0.0.6071119,0.0.4138717@1780345367.571059194
0.0.2116956,3.931855578293359,SUCCESS,0.0.731861,0.0.3951117&0.0.3961531&0.0.3964855,0.0.4138717@1780345365.905543923
0.0.896788,2471.801945042533,SUCCESS,0.0.731861,0.0.3951117&0.0.4601632,0.0.4138717@1780345368.363339191
0.0.837404,501.62470687348,SUCCESS,0.0.731861,0.0.3951117&0.0.5328590,0.0.4138717@1780345367.806732668
0.0.925802,18.47360782554127,SUCCESS,0.0.731861,0.0.3951117,0.0.4138717@1780345369.194561805
0.0.819461,1.193471872078587,SUCCESS,0.0.731861,0.0.3951117,0.0.4138717@1780345368.150049849
0.0.2020001,5.877523084764437,SUCCESS,0.0.731861,0.0.3951117&0.0.6071119,0.0.4138717@1780345372.450207721
0.0.1412849,0.00004978164521654692,SUCCESS,0.0.731861,0.0.3951117,0.0.4138717@1780345372.627970556
0.0.914261,453.155693140344,SUCCESS,0.0.731861,0.0.3951117&0.0.5328590,0.0.4138717@1780345372.220726275
0.0.2174139,3.537551484355419,SUCCESS,0.0.731861,0.0.3951117&0.0.3964804,0.0.4138717@1780345372.749304949
0.0.1120388,56.38109753446965,SUCCESS,0.0.731861,0.0.3951117&0.0.3964804&0.0.5328590,0.0.4138717@1780345374.078647165
0.0.4205604,8.293586660273208,SUCCESS,0.0.731861,0.0.3951117,0.0.4138717@1780345375.325321319
0.0.639876,0.4798177893374995,SUCCESS,0.0.731861,0.0.3951117,0.0.4138717@1780345375.466836473
0.0.4329215,0.6513670420710038,SUCCESS,0.0.731861,0.0.3951117&0.0.3961531&0.0.3964804,0.0.4138717@1780345376.356586968
0.0.854331,0.3193223637593601,SUCCESS,0.0.731861,0.0.3951117,0.0.4138717@1780345380.226452281
0.0.1438402,1.210411096848344,SUCCESS,0.0.731861,0.0.3951117,0.0.4138717@1780345379.885372998
0.0.4333286,3.902646292264866,SUCCESS,0.0.731861,0.0.3951117&0.0.3964827&0.0.3964860,0.0.4138717@1780345381.148202196
0.0.700741,5.336056925241982,SUCCESS,0.0.731861,0.0.3951117,0.0.4138717@1780345381.206518353
0.0.1453803,122.6113474569665,SUCCESS,0.0.731861,0.0.3951117&0.0.3964804&0.0.4601632&0.0.5328590&0.0.6071119,0.0.4138717@1780345382.095300457
0.0.1414140,81402.26407067839,SUCCESS,0.0.731861,0.0.3951117,0.0.4138717@1780345383.434675615
0.0.1290358,128.4681158363508,SUCCESS,0.0.731861,0.0.3951117,0.0.4138717@1780345382.270614167
0.0.1265153,0.02462072178190114,SUCCESS,0.0.731861,0.0.3951117&0.0.3964827,0.0.4138717@1780345382.656572243
0.0.187153,1279.568214555293,SUCCESS,0.0.731861,0.0.3951117&0.0.3964804,0.0.4138717@1780345385.396717944
0.0.1274087,7475.91873715859,SUCCESS,0.0.731861,0.0.3951117,0.0.4138717@1780345388.107152439
0.0.2773436,1559.439212259316,SUCCESS,0.0.731861,0.0.3951117&0.0.3964804&0.0.5328590,0.0.4138717@1780345387.185479644
0.0.1022050,148.5081219800944,SUCCESS,0.0.731861,0.0.3951117&0.0.3964804,0.0.4138717@1780345385.863299200
0.0.834820,119.5801371006105,SUCCESS,0.0.731861,0.0.3951117&0.0.3964804,0.0.4138717@1780345387.896321862
0.0.731977,499.6256469827688,SUCCESS,0.0.731861,0.0.3951117&0.0.4601632,0.0.4138717@1780345386.891082094
0.0.836838,27561.70872061748,SUCCESS,0.0.731861,0.0.3951117&0.0.3964804&0.0.5328590,0.0.4138717@1780345387.696102676
0.0.860438,10.64135161368463,SUCCESS,0.0.731861,0.0.3951117&0.0.3964804&0.0.6071119,0.0.4138717@1780345387.895287337
0.0.4346579,0.02146744413207697,SUCCESS,0.0.731861,0.0.3951117,0.0.4138717@1780345392.133854224
0.0.3241044,55.74069005821363,SUCCESS,0.0.731861,0.0.3951117&0.0.3961531,0.0.4138717@1780345392.120109990
0.0.956549,582.5135061715102,SUCCESS,0.0.731861,0.0.3951117,0.0.4138717@1780345390.709968090
0.0.832415,718.8063951946998,SUCCESS,0.0.731861,0.0.3951117,0.0.4138717@1780345390.605072461
0.0.3845966,7.17530546683847,SUCCESS,0.0.731861,0.0.3951117&0.0.3961531&0.0.3964790&0.0.3964804&0.0.3964827&0.0.6078459,0.0.4138717@1780345390.926324239
0.0.1724832,1.378776238159299,SUCCESS,0.0.731861,0.0.3951117,0.0.4138717@1780345395.723570166
0.0.832624,12.24087443623612,SUCCESS,0.0.731861,0.0.3951117&0.0.3961531&0.0.3964804&0.0.5328590&0.0.6071119,0.0.4138717@1780345393.197864817
0.0.3947779,41.98435502121067,SUCCESS,0.0.731861,0.0.3951117,0.0.4138717@1780345394.982957604
0.0.525256,186.0755672988597,SUCCESS,0.0.731861,0.0.3951117,0.0.4138717@1780345393.835721431
0.0.4323088,133.8009380945497,SUCCESS,0.0.731861,0.0.3951117&0.0.3964804&0.0.3964855,0.0.4138717@1780345395.228195540
0.0.1266990,1.456784290614077,SUCCESS,0.0.731861,0.0.3951117,0.0.4138717@1780345394.711189834
0.0.5118079,23.72478128102128,SUCCESS,0.0.731861,0.0.3951117&0.0.3964804,0.0.4138717@1780345398.844944400
0.0.5118232,7.227437331876049,SUCCESS,0.0.731861,0.0.3951117&0.0.3964804,0.0.4138717@1780345396.208956294
0.0.5118190,15.87260114148036,SUCCESS,0.0.731861,0.0.3951117&0.0.3964804&0.0.3964827&0.0.3964860&0.0.5328590,0.0.4138717@1780345395.293423625
0.0.5119346,74.29657937627329,SUCCESS,0.0.731861,0.0.3951117&0.0.3964804,0.0.4138717@1780345396.486775427
0.0.841339,34.03968125666362,SUCCESS,0.0.731861,0.0.3951117,0.0.4138717@1780345397.796432792
0.0.5182107,7.351700918740757,NOT_ASSOCIATED,0.0.731861,0.0.3951117&0.0.3964804,
0.0.5202236,10.70272779573057,SUCCESS,0.0.731861,0.0.3951117,0.0.4138717@1780345397.887491501
0.0.4590627,17.12878237961053,SUCCESS,0.0.731861,0.0.3951117,0.0.4138717@1780345396.528567366
0.0.4324463,2.224840177514463,SUCCESS,0.0.731861,0.0.3951117&0.0.3964790,0.0.4138717@1780345399.674734214
0.0.4335807,696.5054013258473,SUCCESS,0.0.731861,0.0.3951117&0.0.3961531&0.0.3964790&0.0.3964827&0.0.3964855&0.0.4129330&0.0.4601632&0.0.5328590,0.0.4138717@1780345399.788134766
0.0.4986167,3.441069116683061,SUCCESS,0.0.731861,0.0.3951117,0.0.4138717@1780345402.898175302
0.0.5281334,3.435105303952122,SUCCESS,0.0.731861,0.0.3951117,0.0.4138717@1780345401.934320060
0.0.5310061,13.00018989182983,SUCCESS,0.0.731861,0.0.3951117&0.0.3964804,0.0.4138717@1780345403.123051715
0.0.5117832,1070.392397314916,SUCCESS,0.0.731861,0.0.3951117&0.0.3964804,0.0.4138717@1780345403.555472623
0.0.1711779,0.3413848070874264,SUCCESS,0.0.731861,0.0.3951117,0.0.4138717@1780345402.758033755
0.0.853268,824.8687685889305,SUCCESS,0.0.731861,0.0.3951117,0.0.4138717@1780345401.550673652
0.0.662296,936.7335112480457,SUCCESS,0.0.731861,0.0.3951117&0.0.5328590,0.0.4138717@1780345404.771358719
0.0.4370057,0.7805520229497025,SUCCESS,0.0.731861,0.0.3951117,0.0.4138717@1780345403.582134479
0.0.508876,38.9538293606062,SUCCESS,0.0.731861,0.0.3951117,0.0.4138717@1780345405.860272211
0.0.1409958,1.006515825513189,SUCCESS,0.0.731861,0.0.3951117,0.0.4138717@1780345406.120732162
0.0.1075892,12.72664725366116,SUCCESS,0.0.731861,0.0.3951117,0.0.4138717@1780345403.441194035
0.0.1097257,1776.200757984713,SUCCESS,0.0.731861,0.0.3951117&0.0.3964827&0.0.4601632&0.0.5328590,0.0.4138717@1780345405.721288647
0.0.4350041,2.211781787442742,SUCCESS,0.0.731861,0.0.3951117,0.0.4138717@1780345406.041054346
0.0.1910285,1.428345389173443,SUCCESS,0.0.731861,0.0.3951117,0.0.4138717@1780345404.587166377
0.0.1735540,19.68776403046116,SUCCESS,0.0.731861,0.0.3951117&0.0.5328590,0.0.4138717@1780345407.628624120
0.0.4349304,0.4217420332156218,SUCCESS,0.0.731861,0.0.3951117&0.0.3964790&0.0.5328590,0.0.4138717@1780345407.349564017
0.0.4322065,11.89730504968241,SUCCESS,0.0.731861,0.0.3951117,0.0.4138717@1780345410.429827438
0.0.9774619,41.45628567000438,SUCCESS,0.0.731861,0.0.3951117&0.0.3964804&0.0.3964827&0.0.3964860,0.0.4138717@1780345411.545742657
0.0.104926,0.04605115757790401,SUCCESS,0.0.731861,0.0.3951117,0.0.4138717@1780345407.238285028
0.0.4348824,0.2054116935475226,SUCCESS,0.0.731861,0.0.3951117,0.0.4138717@1780345410.223686139
0.0.4544530,698.9442446592818,SUCCESS,0.0.731861,0.0.3951117&0.0.3961531&0.0.3964790&0.0.3964804&0.0.3964827&0.0.3964855&0.0.3964860&0.0.4129330&0.0.4601632&0.0.5328590&0.0.6071041&0.0.6078459&0.0.6078473,0.0.4138717@1780345414.410146765
0.0.1506629,2.10979692572416,SUCCESS,0.0.731861,0.0.3951117,0.0.4138717@1780345413.058076224
0.0.795933,34.01051877697761,SUCCESS,0.0.731861,0.0.3951117,0.0.4138717@1780345413.836950939
0.0.4324445,18.54616066822511,SUCCESS,0.0.731861,0.0.3951117&0.0.3964804&0.0.3964855,0.0.4138717@1780345416.051815125
0.0.4321631,89.94246573641819,SUCCESS,0.0.731861,0.0.3951117&0.0.3964804,0.0.4138717@1780345416.670709478
0.0.4582751,3.456411573819252,SUCCESS,0.0.731861,0.0.3951117,0.0.4138717@1780345413.224414954
0.0.8490555,5.277931780312141,SUCCESS,0.0.731861,0.0.3951117,0.0.4138717@1780345414.075030028
0.0.819005,38.77219185877836,SUCCESS,0.0.731861,0.0.3951117&0.0.5328590,0.0.4138717@1780345416.658728368
0.0.8212757,6.257882321794797,SUCCESS,0.0.731861,0.0.3951117,0.0.4138717@1780345419.223746306
0.0.4713153,18.1089812067826,SUCCESS,0.0.731861,0.0.3951117,0.0.4138717@1780345420.776476264
0.0.8260017,0.7755955816220208,SUCCESS,0.0.731861,0.0.3951117&0.0.3964804,0.0.4138717@1780345418.994875401
0.0.2137668,119.5058672348072,SUCCESS,0.0.731861,0.0.3951117&0.0.3964804,0.0.4138717@1780345420.205214140
0.0.8382774,1.889799562083653,SUCCESS,0.0.731861,0.0.3951117&0.0.3964804&0.0.6071119,0.0.4138717@1780345418.409400601
0.0.3943340,0.3630609539668799,SUCCESS,0.0.731861,0.0.3951117,0.0.4138717@1780345422.251658037
0.0.1374442,327.9909919538242,SUCCESS,0.0.731861,0.0.3951117&0.0.3964804&0.0.4601632&0.0.5328590,0.0.4138717@1780345421.411700455
0.0.5352069,1.62144110587514,SUCCESS,0.0.731861,0.0.3951117,0.0.4138717@1780345421.711759760
0.0.8071373,3.798734219733089,SUCCESS,0.0.731861,0.0.3951117,0.0.4138717@1780345423.305706859
0.0.4331763,548.0661080549887,SUCCESS,0.0.731861,0.0.3951117,0.0.4138717@1780345423.779702800
0.0.8383256,0.1180681277603381,SUCCESS,0.0.731861,0.0.3951117&0.0.3964804,0.0.4138717@1780345424.934969438
0.0.8546442,21.78080817107061,SUCCESS,0.0.731861,0.0.3951117,0.0.4138717@1780345423.178001806
0.0.8684349,1620.60176179315,SUCCESS,0.0.731861,0.0.3951117&0.0.3964860,0.0.4138717@1780345424.452829443
0.0.9073081,0.1336815389363606,SUCCESS,0.0.731861,0.0.3951117,0.0.4138717@1780345424.083630611
0.0.9099631,14.71146981694497,SUCCESS,0.0.731861,0.0.3951117&0.0.6071119,0.0.4138717@1780345428.485646083
0.0.9112426,2.063007593412596,SUCCESS,0.0.731861,0.0.3951117&0.0.3964804&0.0.3964860,0.0.4138717@1780345424.947148402
0.0.8419510,0.9540091298128409,SUCCESS,0.0.731861,0.0.3951117,0.0.4138717@1780345429.612458190
0.0.1707146,3.320401486592701,SUCCESS,0.0.731861,0.0.3951117,0.0.4138717@1780345427.846558123
0.0.7726808,4.414094233561475,SUCCESS,0.0.731861,0.0.3951117,0.0.4138717@1780345429.994126747
0.0.1023730,7.406289011009611,SUCCESS,0.0.731861,0.0.3951117,0.0.4138717@1780345429.214712351
0.0.7129552,173.898295519504,SUCCESS,0.0.731861,0.0.3951117&0.0.3964827&0.0.6071119,0.0.4138717@1780345431.403066037
0.0.1380352,4.908539210192247,SUCCESS,0.0.731861,0.0.3951117,0.0.4138717@1780345431.515745343
0.0.7287636,80.88900483519421,SUCCESS,0.0.731861,0.0.3951117&0.0.3961531&0.0.3964804&0.0.4601632&0.0.8315114&0.0.10093026,0.0.4138717@1780345430.407441417
0.0.5126364,52.56484358935634,SUCCESS,0.0.731861,0.0.3951117,0.0.4138717@1780345430.374766229
0.0.6270084,2809.804917135552,SUCCESS,0.0.731861,0.0.3951117&0.0.3964804,0.0.4138717@1780345433.340782204
0.0.7490874,5.938734884461669,SUCCESS,0.0.731861,0.0.3951117&0.0.3964804,0.0.4138717@1780345433.887516380
0.0.5060163,1.136674257935242,SUCCESS,0.0.731861,0.0.3951117,0.0.4138717@1780345433.892944098
0.0.1123889,6.003288780572458,SUCCESS,0.0.731861,0.0.3951117&0.0.3964804,0.0.4138717@1780345438.315519417
0.0.9202687,264.1451545273563,SUCCESS,0.0.731861,0.0.3951117,0.0.4138717@1780345440.704238866
0.0.834595,97.70069164169746,SUCCESS,0.0.731861,0.0.3951117&0.0.3964804&0.0.5328590,0.0.4138717@1780345439.902540605
0.0.1464418,20.64508963250016,SUCCESS,0.0.731861,0.0.3951117,0.0.4138717@1780345439.685340867
0.0.7555632,0.2505790933245208,SUCCESS,0.0.731861,0.0.3951117,0.0.4138717@1780345439.788658708
0.0.7989790,0.1039435143392736,SUCCESS,0.0.731861,0.0.3951117,0.0.4138717@1780345439.370382834
0.0.3706536,0.02878616971975741,SUCCESS,0.0.731861,0.0.3951117,0.0.4138717@1780345442.297203841
0.0.5688804,7.310563724402726,SUCCESS,0.0.731861,0.0.3951117&0.0.3964827,0.0.4138717@1780345442.925991233
0.0.8049278,0.178272936862098,SUCCESS,0.0.731861,0.0.3951117,0.0.4138717@1780345441.383796811
0.0.8068996,1.1709830314534,SUCCESS,0.0.731861,0.0.3951117&0.0.3964790&0.0.3964804&0.0.3964827&0.0.5328590,0.0.4138717@1780345445.160888126
0.0.10021410,0.207573521333369,SUCCESS,0.0.731861,0.0.3951117,0.0.4138717@1780345442.359955141
0.0.9755401,7.918776327683385,SUCCESS,0.0.731861,0.0.3951117&0.0.4601632,0.0.4138717@1780345442.921172989
0.0.5060063,154.1869545144844,SUCCESS,0.0.731861,0.0.3951117&0.0.4129330&0.0.4601632&0.0.5328590,0.0.4138717@1780345442.482511696
0.0.4329703,2.508859074452672,SUCCESS,0.0.731861,0.0.3951117,0.0.4138717@1780345446.842293671
0.0.4570964,26.49641558884725,SUCCESS,0.0.731861,0.0.3951117,0.0.4138717@1780345444.837157775
0.0.9958383,0.164798473088205,SUCCESS,0.0.731861,0.0.3951117,0.0.4138717@1780345443.752639922
0.0.9723151,0.01090744739906683,SUCCESS,0.0.731861,0.0.3951117,0.0.4138717@1780345448.813489059
0.0.10031117,9.633457155297942,SUCCESS,0.0.731861,0.0.3951117,0.0.4138717@1780345445.839655856
0.0.10031118,9.102002410000813,SUCCESS,0.0.731861,0.0.3951117,0.0.4138717@1780345448.872993804
0.0.1157855,2.254446942754548,SUCCESS,0.0.731861,0.0.3951117,0.0.4138717@1780345450.391624383
0.0.9344085,30.68014658250921,SUCCESS,0.0.731861,0.0.3951117&0.0.3964827&0.0.5328590,0.0.4138717@1780345451.657927995
0.0.10076247,2.680177424507958,SUCCESS,0.0.731861,0.0.3951117,0.0.4138717@1780345451.966835483
0.0.1340164,113.0799320065415,SUCCESS,0.0.731861,0.0.3951117,0.0.4138717@1780345451.582209868
0.0.9302147,122.845362295459,SUCCESS,0.0.731861,0.0.3951117&0.0.5328590,0.0.4138717@1780345449.073268662
0.0.10122546,0.1786170320862055,SUCCESS,0.0.731861,0.0.3951117,0.0.4138717@1780345448.866112604
0.0.10169145,0.3063546414762845,SUCCESS,0.0.731861,0.0.3951117,0.0.4138717@1780345454.589083976
0.0.10230141,30.95709377462756,SUCCESS,0.0.731861,0.0.3951117,0.0.4138717@1780345452.873013162
0.0.8373509,91.10531176744911,SUCCESS,0.0.731861,0.0.3951117&0.0.3961531&0.0.3964804&0.0.5328590,0.0.4138717@1780345452.293979278
0.0.9299646,12.98055356235227,SUCCESS,0.0.731861,0.0.3951117,0.0.4138717@1780345455.366778007
0.0.9359586,0.1449398103593237,SUCCESS,0.0.731861,0.0.3951117,0.0.4138717@1780345453.285716085
0.0.1368197,8.06876708902068,SUCCESS,0.0.731861,0.0.3951117&0.0.3964804,0.0.4138717@1780345452.094939573
0.0.7810768,4.121665260204462,SUCCESS,0.0.731861,0.0.3951117&0.0.3964827,0.0.4138717@1780345455.424837666
0.0.1120575,549.7713733578322,SUCCESS,0.0.731861,0.0.3951117&0.0.3964804,0.0.4138717@1780345454.659651745
0.0.9273872,0.04267540085008345,SUCCESS,0.0.731861,0.0.3951117,0.0.4138717@1780345455.479891225
0.0.1515633,9.894617114921004,SUCCESS,0.0.731861,0.0.3951117,0.0.4138717@1780345455.876971436
0.0.850481,249.2366620885004,SUCCESS,0.0.731861,0.0.3951117,0.0.4138717@1780345455.614965295
0.0.1758196,2.258437435067119,SUCCESS,0.0.731861,0.0.3951117,0.0.4138717@1780345459.008676818
0.0.4555391,4.961519127445905,SUCCESS,0.0.731861,0.0.3951117,0.0.4138717@1780345456.891560152
0.0.942605,2.609604370919959,SUCCESS,0.0.731861,0.0.3951117,0.0.4138717@1780345459.051283474
0.0.2960169,10.85961005644068,SUCCESS,0.0.731861,0.0.3951117&0.0.3961531&0.0.3964827,0.0.4138717@1780345458.355965819
0.0.832852,107.3067249728361,SUCCESS,0.0.731861,0.0.3951117,0.0.4138717@1780345456.742162612
0.0.9404406,0.1136379492947539,SUCCESS,0.0.731861,0.0.3951117,0.0.4138717@1780345457.476454365
0.0.1110198,41.36048659410503,SUCCESS,0.0.731861,0.0.3951117,0.0.4138717@1780345461.773617370
0.0.650437,5.621174550443403,SUCCESS,0.0.731861,0.0.3951117&0.0.3961531&0.0.5328590,0.0.4138717@1780345463.035622827
0.0.8585089,291.2763843760782,SUCCESS,0.0.731861,0.0.3951117,0.0.4138717@1780345462.996982759
0.0.1115297,2.814204560866178,SUCCESS,0.0.731861,0.0.3951117,0.0.4138717@1780345460.040435259
0.0.7542917,0.5294830174524825,SUCCESS,0.0.731861,0.0.3951117,0.0.4138717@1780345463.471415885
0.0.9626972,1.408116519068088,SUCCESS,0.0.731861,0.0.3951117,0.0.4138717@1780345464.309610200
0.0.4570908,857.284099953856,SUCCESS,0.0.731861,0.0.3951117&0.0.5328590,0.0.4138717@1780345463.803016647
0.0.4351536,17.0582616337967,SUCCESS,0.0.731861,0.0.3951117,0.0.4138717@1780345462.505217136
0.0.844585,136.8560975396167,SUCCESS,0.0.731861,0.0.3951117&0.0.3964804,0.0.4138717@1780345463.051178100
0.0.9318600,1815.931168778951,SUCCESS,0.0.731861,0.0.3951117,0.0.4138717@1780345467.106720283
0.0.9154738,23.40114256363578,SUCCESS,0.0.731861,0.0.3951117&0.0.3964804&0.0.3964827&0.0.6071119,0.0.4138717@1780345467.735120875
0.0.2994397,22.5225559131562,SUCCESS,0.0.731861,0.0.3951117,0.0.4138717@1780345468.424533153
0.0.9619890,123.4157196519402,SUCCESS,0.0.731861,0.0.3951117&0.0.3964804&0.0.6071119&0.0.8315114,0.0.4138717@1780345467.210439535
0.0.9597272,15.62474963701281,SUCCESS,0.0.731861,0.0.3951117,0.0.4138717@1780345466.157463718
0.0.7680254,28.16718279290469,SUCCESS,0.0.731861,0.0.3951117&0.0.3961531&0.0.3964804,0.0.4138717@1780345469.886808305
0.0.52231,67.01976334728256,SUCCESS,0.0.731861,0.0.3951117,0.0.4138717@1780345469.276043120
0.0.9301583,484.0688816160501,SUCCESS,0.0.731861,0.0.3951117,0.0.4138717@1780345471.302067766
0.0.835242,0.1588199086241638,SUCCESS,0.0.731861,0.0.3951117,0.0.4138717@1780345472.929145210
0.0.8341357,46.8072927355227,SUCCESS,0.0.731861,0.0.3951117&0.0.5328590,0.0.4138717@1780345469.531280219
0.0.4349716,291.2991696772991,SUCCESS,0.0.731861,0.0.3951117&0.0.3964790&0.0.3964804&0.0.3964827&0.0.5328590&0.0.6078473,0.0.4138717@1780345471.142578707
0.0.10064213,10.76439725534904,SUCCESS,0.0.731861,0.0.3951117&0.0.3964804,0.0.4138717@1780345473.169454109
0.0.6374996,227.867364449026,SUCCESS,0.0.731861,0.0.3951117&0.0.3964827&0.0.5328590,0.0.4138717@1780345472.466486730
0.0.10088944,15.45574179978675,SUCCESS,0.0.731861,0.0.3951117&0.0.3964804,0.0.4138717@1780345471.687602830
0.0.139500,189.0872468591969,SUCCESS,0.0.731861,0.0.3951117&0.0.3964790&0.0.3964860,0.0.4138717@1780345470.603278587
0.0.7920605,55.73209409473129,SUCCESS,0.0.731861,0.0.3951117&0.0.3961531&0.0.3964790&0.0.5328590,0.0.4138717@1780345475.692794074
0.0.7526203,17.40492423268051,SUCCESS,0.0.731861,0.0.3951117&0.0.3964804,0.0.4138717@1780345475.816562349
0.0.8616856,700.4569598740773,SUCCESS,0.0.731861,0.0.3951117&0.0.3961531&0.0.3964804&0.0.6071119,0.0.4138717@1780345476.110840533
0.0.4339505,1837.400872458159,SUCCESS,0.0.731861,0.0.3951117&0.0.3964804&0.0.5328590,0.0.4138717@1780345474.363576647
0.0.8531519,61.27094398000357,SUCCESS,0.0.731861,0.0.3951117,0.0.4138717@1780345475.683338260
0.0.2122027,48.0416565130901,SUCCESS,0.0.731861,0.0.3951117&0.0.3961531&0.0.3964804,0.0.4138717@1780345474.990720018
0.0.8673695,4.637924238805538,SUCCESS,0.0.731861,0.0.3951117&0.0.3961531&0.0.3964804&0.0.3964860&0.0.4601632&0.0.5328590&0.0.6078459,0.0.4138717@1780345479.098332280
0.0.4531253,8.922927767495574,SUCCESS,0.0.731861,0.0.3951117&0.0.3961531&0.0.3964804&0.0.3964855&0.0.4129330&0.0.8315114,0.0.4138717@1780345476.531636168
0.0.9104463,106.5673335090345,SUCCESS,0.0.731861,0.0.3951117&0.0.3964804,0.0.4138717@1780345476.581520207
0.0.7788937,0.3597634698466073,SUCCESS,0.0.731861,0.0.3951117&0.0.10018365,0.0.4138717@1780345476.392713600
0.0.9150357,66.04748354024844,NOT_ASSOCIATED,0.0.731861,0.0.3951117,
0.0.1872630,429.1903374580065,SUCCESS,0.0.731861,0.0.3951117&0.0.3964860&0.0.4601632,0.0.4138717@1780345482.088421840
0.0.8899262,42.04048013511694,SUCCESS,0.0.731861,0.0.3951117,0.0.4138717@1780345481.608707007
0.0.3310398,1.890600510623323,SUCCESS,0.0.731861,0.0.3951117&0.0.3964804,0.0.4138717@1780345483.120574125
0.0.9120392,7.344283325176741,SUCCESS,0.0.731861,0.0.3951117&0.0.3964804&0.0.8315114,0.0.4138717@1780345483.089406086
0.0.9195929,519.2655268166343,SUCCESS,0.0.731861,0.0.3951117&0.0.3964804&0.0.5328590&0.0.8315114,0.0.4138717@1780345479.744653577
0.0.7891604,133.4975813117988,SUCCESS,0.0.731861,0.0.3951117,0.0.4138717@1780345483.955570045
0.0.9200436,8.039675853025221,SUCCESS,0.0.731861,0.0.3951117&0.0.3961531,0.0.4138717@1780345482.241523138
0.0.657648,984.629524545606,SUCCESS,0.0.731861,0.0.3951117&0.0.3961531&0.0.3964790,0.0.4138717@1780345486.656494940
0.0.6872459,4288.488013266979,SUCCESS,0.0.731861,0.0.3951117,0.0.4138717@1780345485.225554657
0.0.4324518,12.23263932545132,SUCCESS,0.0.731861,0.0.3951117,0.0.4138717@1780345487.416627567
0.0.1339713,265.7030776745232,SUCCESS,0.0.731861,0.0.3951117&0.0.3964804&0.0.5328590,0.0.4138717@1780345483.937339051
0.0.4745055,0.02028380601568815,SUCCESS,0.0.731861,0.0.3951117,0.0.4138717@1780345489.101445953
0.0.4338219,21.23952929739649,SUCCESS,0.0.731861,0.0.3951117,0.0.4138717@1780345487.443959112
0.0.4792831,0.01070382035424075,SUCCESS,0.0.731861,0.0.3951117,0.0.4138717@1780345486.979965123
0.0.664329,25.66370929572857,SUCCESS,0.0.731861,0.0.3951117&0.0.6071119&0.0.6126395,0.0.4138717@1780345491.323053572
0.0.4858736,0.1405097430252784,SUCCESS,0.0.731861,0.0.3951117,0.0.4138717@1780345489.855459982
0.0.834443,378.9091484465673,SUCCESS,0.0.731861,0.0.3951117,0.0.4138717@1780345488.101979823
0.0.4430933,260.2729970011626,SUCCESS,0.0.731861,0.0.3951117&0.0.3964827,0.0.4138717@1780345489.886565313
0.0.4383878,0.6689035511569008,SUCCESS,0.0.731861,0.0.3951117&0.0.6078459,0.0.4138717@1780345488.885613845
0.0.3525426,99.80379701756561,SUCCESS,0.0.731861,0.0.3951117&0.0.3964790&0.0.3964804&0.0.3964860&0.0.4601632&0.0.5328590,0.0.4138717@1780345490.378272643
0.0.5028724,0.0185025666465282,SUCCESS,0.0.731861,0.0.3951117,0.0.4138717@1780345489.451207132
0.0.5156210,0.03620134175117232,SUCCESS,0.0.731861,0.0.3951117&0.0.3964804,0.0.4138717@1780345490.852251733
0.0.5702270,296.6486621836459,SUCCESS,0.0.731861,0.0.3951117&0.0.4601632&0.0.5328590,0.0.4138717@1780345493.280257625
0.0.1458130,0.1362084444073453,SUCCESS,0.0.731861,0.0.3951117,0.0.4138717@1780345495.875613636
0.0.589629,0.006133041270957015,SUCCESS,0.0.731861,0.0.3951117,0.0.4138717@1780345493.995469316
0.0.1904506,0.001971316393688792,SUCCESS,0.0.731861,0.0.3951117,0.0.4138717@1780345495.666154186
0.0.6198709,18.77192217857811,SUCCESS,0.0.731861,0.0.3951117,0.0.4138717@1780345496.146822716
0.0.696790,31.81914101573298,SUCCESS,0.0.731861,0.0.3951117&0.0.3964804,0.0.4138717@1780345494.517744060
0.0.1784251,6.178756294877517,SUCCESS,0.0.731861,0.0.3951117&0.0.3964804&0.0.4601632&0.0.5328590,0.0.4138717@1780345496.030070630
0.0.1123753,33.50076538584651,SUCCESS,0.0.731861,0.0.3951117&0.0.3964804&0.0.4129330,0.0.4138717@1780345496.068786732
0.0.8485588,5216.055131780405,SUCCESS,0.0.731861,0.0.3951117,0.0.4138717@1780345494.312224057
0.0.1462225,18408.70213115164,SUCCESS,0.0.731861,0.0.3951117,0.0.4138717@1780345496.758583881
0.0.9430013,485.4381492828436,SUCCESS,0.0.731861,0.0.3951117,0.0.4138717@1780345499.597702874
0.0.4569835,0.0213670024153192,SUCCESS,0.0.731861,0.0.3951117,0.0.4138717@1780345495.862029747
0.0.490092,0.4169023322907707,SUCCESS,0.0.731861,0.0.3951117,0.0.4138717@1780345500.726662693
0.0.4754443,6.987735596229041,SUCCESS,0.0.731861,0.0.3951117&0.0.3964790&0.0.3964804,0.0.4138717@1780345499.063027387
0.0.516971,7.839755454645395e-7,SUCCESS,0.0.731861,0.0.3951117&0.0.4129330,0.0.4138717@1780345497.242129227
0.0.4575306,0.01389817650764896,SUCCESS,0.0.731861,0.0.3951117,0.0.4138717@1780345502.012873425
0.0.1508462,105.9199668091525,SUCCESS,0.0.731861,0.0.3951117,0.0.4138717@1780345499.939730029
0.0.3872466,0.3934000447205864,SUCCESS,0.0.731861,0.0.3951117,0.0.4138717@1780345500.622214575
0.0.4591423,1.829112253414893,SUCCESS,0.0.731861,0.0.3951117&0.0.3964855&0.0.4601632,0.0.4138717@1780345498.757060014
0.0.3925109,0.0001437886641519864,SUCCESS,0.0.731861,0.0.3951117,0.0.4138717@1780345503.258426845
0.0.4433722,0.2219596986230966,SUCCESS,0.0.731861,0.0.3951117,0.0.4138717@1780345502.098691558
0.0.4331665,3.875236742232547,SUCCESS,0.0.731861,0.0.3951117,0.0.4138717@1780345502.979155042
0.0.4691881,2.10557135517502,SUCCESS,0.0.731861,0.0.3951117,0.0.4138717@1780345502.651465668
0.0.1512938,0.002337220761760754,SUCCESS,0.0.731861,0.0.3951117,0.0.4138717@1780345503.914695223
0.0.4339712,1.108878207592843,SUCCESS,0.0.731861,0.0.3951117,0.0.4138717@1780345506.573606655
0.0.10504552,0.06697416156747696,SUCCESS,0.0.731861,0.0.3951117,0.0.4138717@1780345506.514252065
0.0.8638339,0.03326228883123691,SUCCESS,0.0.731861,0.0.3951117,0.0.4138717@1780345505.234381388
0.0.1734809,0.1768382492156207,SUCCESS,0.0.731861,0.0.3951117&0.0.3964804&0.0.6071119,0.0.4138717@1780345504.497886247
0.0.1792818,0.03072596023189023,SUCCESS,0.0.731861,0.0.3951117,0.0.4138717@1780345508.377332435
0.0.1338331,0.9050492876824798,SUCCESS,0.0.731861,0.0.3951117,0.0.4138717@1780345508.805623726
0.0.1890696,0.03412287877879864,SUCCESS,0.0.731861,0.0.3951117,0.0.4138717@1780345510.815415425
0.0.666234,1.86072827022341,SUCCESS,0.0.731861,0.0.3951117,0.0.4138717@1780345506.429726194
0.0.8013259,23430.3195702724,SUCCESS,0.0.731861,0.0.3951117,0.0.4138717@1780345508.852987893
0.0.4352091,38.6511212432811,SUCCESS,0.0.731861,0.0.3951117&0.0.5328590,0.0.4138717@1780345509.571944089
0.0.10493411,38.89208473878817,SUCCESS,0.0.731861,0.0.3951117&0.0.3961531,0.0.4138717@1780345511.023542657
0.0.8054459,3.547230388976786,SUCCESS,0.0.731861,0.0.3951117&0.0.3964790&0.0.3964804,0.0.4138717@1780345512.936296737
0.0.10483303,11062.27956340959,SUCCESS,0.0.731861,0.0.3951117&0.0.3964790&0.0.5328590,0.0.4138717@1780345512.463333022
0.0.2174015,0.005287869338610755,SUCCESS,0.0.731861,0.0.3951117&0.0.5328590,0.0.4138717@1780345512.788085766
0.0.4343858,137.0647312485656,SUCCESS,0.0.731861,0.0.3951117&0.0.3964827&0.0.5328590,0.0.4138717@1780345514.495509082
0.0.1408633,4.767781689277832,SUCCESS,0.0.731861,0.0.3951117&0.0.3964790&0.0.3964855&0.0.6078459,0.0.4138717@1780345514.750762393
0.0.7786995,126.7185277783962,SUCCESS,0.0.731861,0.0.3951117,0.0.4138717@1780345514.140495162
0.0.10076636,211.1337081550007,SUCCESS,0.0.731861,0.0.3951117&0.0.5328590,0.0.4138717@1780345516.276089985
0.0.10498407,112.9402566895578,SUCCESS,0.0.731861,0.0.3961531,0.0.4138717@1780345513.890314033
0.0.10489509,2195.484147622742,SUCCESS,0.0.731861,0.0.3961531&0.0.3964804,0.0.4138717@1780345515.313506826
0.0.1320698,2.975606579436696,SUCCESS,0.0.731861,0.0.3961531,0.0.4138717@1780345520.069561496
0.0.10478184,2165.729577063683,SUCCESS,0.0.731861,0.0.3961531&0.0.3964804,0.0.4138717@1780345518.794122794
0.0.1152713,49105.84505803385,SUCCESS,0.0.731861,0.0.3961531&0.0.3964790&0.0.10387648&0.0.10418141,0.0.4138717@1780345516.799814261
0.0.9210701,1.04757369528997,FAIL,0.0.731861,0.0.3961531,
0.0.825672,232.3873686275714,SUCCESS,0.0.731861,0.0.3961531,0.0.4138717@1780345519.263632484
0.0.8183428,0.01482207001308946,SUCCESS,0.0.731861,0.0.3961531,0.0.4138717@1780345518.429554312
0.0.1303938,14.65830515460397,NOT_ASSOCIATED,0.0.731861,0.0.3961531,
0.0.839555,2.502932914619318,SUCCESS,0.0.731861,0.0.3961531,0.0.4138717@1780345521.996028238
0.0.4367595,2.159212769100675,SUCCESS,0.0.731861,0.0.3961531,0.0.4138717@1780345521.744532504
0.0.842210,52.12531898608888,SUCCESS,0.0.731861,0.0.3961531&0.0.3964804,0.0.4138717@1780345520.666602157
0.0.1421971,159.5219220944319,SUCCESS,0.0.731861,0.0.3961531&0.0.6126395,0.0.4138717@1780345524.321356433
0.0.844965,0.2106236642871024,SUCCESS,0.0.731861,0.0.3961531,0.0.4138717@1780345524.615184333
0.0.862821,24.0700977212565,SUCCESS,0.0.731861,0.0.3961531&0.0.3964790,0.0.4138717@1780345524.430073861
0.0.267573,168.312173866828,SUCCESS,0.0.731861,0.0.3961531&0.0.3964855&0.0.4601632&0.0.5328590&0.0.6071041&0.0.6126395,0.0.4138717@1780345521.730005066
0.0.1340980,0.4428381159910865,SUCCESS,0.0.731861,0.0.3961531,0.0.4138717@1780345524.341159448
0.0.1501041,1.692096802858498,SUCCESS,0.0.731861,0.0.3961531,0.0.4138717@1780345523.147175158
0.0.1315254,7.511287236492489,SUCCESS,0.0.731861,0.0.3961531,0.0.4138717@1780345524.460335189
0.0.4723553,7.518910451319559,SUCCESS,0.0.731861,0.0.3961531,0.0.4138717@1780345527.335921634
0.0.1070346,190.1787113147866,SUCCESS,0.0.731861,0.0.3961531,0.0.4138717@1780345525.507704839
0.0.1324436,0.005012546436407509,NOT_ASSOCIATED,0.0.731861,0.0.3961531,
0.0.6095958,227.0788450373836,NOT_ASSOCIATED,0.0.731861,0.0.3961531&0.0.3964804,
0.0.897444,438.8903898527354,SUCCESS,0.0.731861,0.0.3961531&0.0.3964790,0.0.4138717@1780345527.127856508
0.0.4362462,4.933118675367089,NOT_ASSOCIATED,0.0.731861,0.0.3961531,
0.0.852692,10.01552623493234,SUCCESS,0.0.731861,0.0.3961531,0.0.4138717@1780345530.578672744
0.0.863385,369.3092767408374,SUCCESS,0.0.731861,0.0.3961531,0.0.4138717@1780345528.935218139
0.0.6143425,0.04618419428477134,SUCCESS,0.0.731861,0.0.3961531,0.0.4138717@1780345529.495446485
0.0.6306847,2.719046431074283,SUCCESS,0.0.731861,0.0.3961531&0.0.3964804&0.0.3964827,0.0.4138717@1780345531.260955859
0.0.935686,3.442877305422229,SUCCESS,0.0.731861,0.0.3961531,0.0.4138717@1780345532.521418764
0.0.5435669,0.8454570217817067,SUCCESS,0.0.731861,0.0.3961531,0.0.4138717@1780345535.630001090
0.0.836858,243.5912406386965,SUCCESS,0.0.731861,0.0.3961531,0.0.4138717@1780345531.196412488
0.0.1372179,21.30797774955249,SUCCESS,0.0.731861,0.0.3961531&0.0.3964804,0.0.4138717@1780345535.271333974
0.0.826988,105.8010136669186,NOT_ASSOCIATED,0.0.731861,0.0.3961531,
0.0.1103540,0.3742076027359047,SUCCESS,0.0.731861,0.0.3961531&0.0.3964827,0.0.4138717@1780345533.521859522
0.0.2963242,6.658047447048499,NOT_ASSOCIATED,0.0.731861,0.0.3961531,
0.0.1433179,1.4443419587107,SUCCESS,0.0.731861,0.0.3961531,0.0.4138717@1780345534.542109950
0.0.1071830,316.7833157285615,SUCCESS,0.0.731861,0.0.3961531&0.0.3964804&0.0.3964855,0.0.4138717@1780345536.122341904
0.0.4715000,2.139927034957889,SUCCESS,0.0.731861,0.0.3961531,0.0.4138717@1780345535.515916504
0.0.793410,1901.931557008516,SUCCESS,0.0.731861,0.0.3961531&0.0.3964827&0.0.5328590&0.0.6071041&0.0.8315114,0.0.4138717@1780345535.767825791
0.0.3169776,0.1163072568026782,SUCCESS,0.0.731861,0.0.3961531,0.0.4138717@1780345537.149702821
0.0.1093567,1.386939263878249,SUCCESS,0.0.731861,0.0.3961531&0.0.3964790,0.0.4138717@1780345538.089828148
0.0.663264,5.90714393192355,SUCCESS,0.0.731861,0.0.3961531&0.0.3964790,0.0.4138717@1780345538.778704554
0.0.4363476,31.18747882513255,SUCCESS,0.0.731861,0.0.3961531,0.0.4138717@1780345537.123921633
0.0.10204459,9.251044174853329,SUCCESS,0.0.731861,0.0.3961531,0.0.4138717@1780345537.508160632
0.0.10095007,1.769641046195112,NOT_ASSOCIATED,0.0.731861,0.0.3961531,
0.0.3161254,166730.1307749927,SUCCESS,0.0.731861,0.0.3961531&0.0.3964804,0.0.4138717@1780345539.890857907
0.0.8355966,58.069416196059,SUCCESS,0.0.731861,0.0.3961531,0.0.4138717@1780345540.060547834
0.0.4639603,0.006411193606283209,NOT_ASSOCIATED,0.0.731861,0.0.3961531,
0.0.6004406,11.18837582527749,SUCCESS,0.0.731861,0.0.3961531&0.0.3964827,0.0.4138717@1780345541.867939886
0.0.1292697,153.2427898569836,SUCCESS,0.0.731861,0.0.3961531,0.0.4138717@1780345542.029796234
0.0.6435369,7.860332251616304,SUCCESS,0.0.731861,0.0.3961531,0.0.4138717@1780345541.320341547
0.0.982207,5867.515459220263,SUCCESS,0.0.731861,0.0.3961531&0.0.3964790,0.0.4138717@1780345542.901204244
0.0.7560867,0.01094561418829573,SUCCESS,0.0.731861,0.0.3961531,0.0.4138717@1780345543.941226216
0.0.7571792,0.01747609320207603,SUCCESS,0.0.731861,0.0.3961531,0.0.4138717@1780345542.383940203
0.0.1910938,0.1091392891098607,SUCCESS,0.0.731861,0.0.3961531,0.0.4138717@1780345540.880214039
0.0.8378238,2.10343015826791,SUCCESS,0.0.731861,0.0.3961531,0.0.4138717@1780345543.055600710
0.0.1431202,5.723641065067118,SUCCESS,0.0.731861,0.0.3961531,0.0.4138717@1780345547.143859614
0.0.2022247,1175.379855940891,SUCCESS,0.0.731861,0.0.3961531,0.0.4138717@1780345545.231630312
0.0.9405888,0.4463830186327664,SUCCESS,0.0.731861,0.0.3961531&0.0.3964804&0.0.5328590,0.0.4138717@1780345547.654651032
0.0.4346141,150.6781772670696,SUCCESS,0.0.731861,0.0.3961531,0.0.4138717@1780345546.149663754
0.0.3687323,0.00003496947928012992,SUCCESS,0.0.731861,0.0.3961531,0.0.4138717@1780345545.039005568
0.0.10090227,0.3099573994437628,SUCCESS,0.0.731861,0.0.3961531,0.0.4138717@1780345547.323162329
0.0.10124208,0.03132173745826667,SUCCESS,0.0.731861,0.0.3961531,0.0.4138717@1780345545.291983684
0.0.10223842,31.29423356289001,SUCCESS,0.0.731861,0.0.3961531,0.0.4138717@1780345549.089334190
0.0.10291442,1549.032590753838,SUCCESS,0.0.731861,0.0.3961531,0.0.4138717@1780345548.229906134
0.0.7535835,12.8605862011099,SUCCESS,0.0.731861,0.0.3961531&0.0.3964790&0.0.6071119,0.0.4138717@1780345549.938043400
0.0.10359193,493.2386514763218,SUCCESS,0.0.731861,0.0.3961531&0.0.3964804&0.0.3964860&0.0.4601632&0.0.5328590,0.0.4138717@1780345547.251085097
0.0.4712184,0.0005710813848959611,SUCCESS,0.0.731861,0.0.3961531&0.0.3964790,0.0.4138717@1780345550.381217363
0.0.948513,265.9903629064763,SUCCESS,0.0.731861,0.0.3961531,0.0.4138717@1780345551.013155169
0.0.877394,0.140620772673479,NOT_ASSOCIATED,0.0.731861,0.0.3961531&0.0.3964804,
0.0.8767225,7.559093349880742,SUCCESS,0.0.731861,0.0.3961531&0.0.3964804,0.0.4138717@1780345552.095623801
0.0.9279414,0.3235144985404224,SUCCESS,0.0.731861,0.0.3961531,0.0.4138717@1780345550.835423448
0.0.892088,12.66542093488672,SUCCESS,0.0.731861,0.0.3961531,0.0.4138717@1780345552.790547871
0.0.9353895,0.03094680194876996,SUCCESS,0.0.731861,0.0.3961531,0.0.4138717@1780345552.612545778
0.0.1413657,68.21366933538043,SUCCESS,0.0.731861,0.0.3961531&0.0.4601632&0.0.5328590,0.0.4138717@1780345551.226164616
0.0.835929,0.0000298731542453127,SUCCESS,0.0.731861,0.0.3961531&0.0.3964790&0.0.3964804&0.0.4129330&0.0.4601632&0.0.5328590,0.0.4138717@1780345551.781536558
0.0.4707801,0.3275109410242255,NOT_ASSOCIATED,0.0.731861,0.0.3961531,
0.0.4594903,31.35997581217224,SUCCESS,0.0.731861,0.0.3961531&0.0.3964790&0.0.3964804,0.0.4138717@1780345553.419538228
0.0.10268439,119.6926095504892,SUCCESS,0.0.731861,0.0.3961531&0.0.3964790&0.0.3964804&0.0.5328590,0.0.4138717@1780345552.698725588
0.0.10278400,19.52429863297414,NOT_ASSOCIATED,0.0.731861,0.0.3961531&0.0.5328590,
0.0.10224088,16.35612596906761,NOT_ASSOCIATED,0.0.731861,0.0.3961531,
0.0.953101,280.9953562475719,SUCCESS,0.0.731861,0.0.3961531,0.0.4138717@1780345556.171988856
0.0.9183843,3.03418429388921,NOT_ASSOCIATED,0.0.731861,0.0.3961531,
0.0.4853295,58.42359205253222,SUCCESS,0.0.731861,0.0.3961531&0.0.3964804,0.0.4138717@1780345556.334466570
0.0.3854083,0.1168792111949772,SUCCESS,0.0.731861,0.0.3964790,0.0.4138717@1780345557.514315319
0.0.794506,520.4654514032615,SUCCESS,0.0.731861,0.0.3964790&0.0.5328590,0.0.4138717@1780345553.804585555
0.0.1416793,0.3101570078388569,SUCCESS,0.0.731861,0.0.3964790,0.0.4138717@1780345556.670581505
0.0.795838,1.110901484237811,SUCCESS,0.0.731861,0.0.3964790&0.0.3964804,0.0.4138717@1780345556.851015432
0.0.2117864,5.929457582502766,SUCCESS,0.0.731861,0.0.3964790,0.0.4138717@1780345557.368548651
0.0.8267043,0.4734479312723377,SUCCESS,0.0.731861,0.0.3964790&0.0.5328590,0.0.4138717@1780345555.611797847
0.0.8447885,0.9892735174891503,SUCCESS,0.0.731861,0.0.3964790,0.0.4138717@1780345556.280946049
0.0.4330338,0.00001681985516071166,SUCCESS,0.0.731861,0.0.3964790,0.0.4138717@1780345559.269864684
0.0.8352642,132.4360002546419,SUCCESS,0.0.731861,0.0.3964790&0.0.3964804&0.0.4601632,0.0.4138717@1780345559.775404161
0.0.7896827,0.1255990589344644,SUCCESS,0.0.731861,0.0.3964790&0.0.6071041,0.0.4138717@1780345558.373728496
0.0.4574338,0.0001260371443782975,SUCCESS,0.0.731861,0.0.3964790,0.0.4138717@1780345560.156271934
0.0.5326504,0.008909943055328176,SUCCESS,0.0.731861,0.0.3964790,0.0.4138717@1780345560.613500079
0.0.1093612,2.14452450377449,SUCCESS,0.0.731861,0.0.3964790&0.0.3964804,0.0.4138717@1780345559.178792136
0.0.4908409,0.002179262529321984,SUCCESS,0.0.731861,0.0.3964790,0.0.4138717@1780345562.693285268
0.0.3926190,0.0003061827635151194,SUCCESS,0.0.731861,0.0.3964790,0.0.4138717@1780345562.360786729
0.0.3903731,3.222744923416616e-7,NOT_ASSOCIATED,0.0.731861,0.0.3964790,
0.0.5807981,7.618953482609971,SUCCESS,0.0.731861,0.0.3964790,0.0.4138717@1780345562.478713208
0.0.9960625,8.074829293272225e-9,SUCCESS,0.0.731861,0.0.3964790,0.0.4138717@1780345565.113722287
0.0.10135295,24.90074398257958,SUCCESS,0.0.731861,0.0.3964790&0.0.3964827,0.0.4138717@1780345564.644824484
0.0.859176,1.485166655019882,SUCCESS,0.0.731861,0.0.3964790,0.0.4138717@1780345564.426223746
0.0.9400801,5115.377121147191,SUCCESS,0.0.731861,0.0.3964790&0.0.3964855&0.0.4129330&0.0.4601632&0.0.5328590&0.0.6071041,0.0.4138717@1780345563.195392339
0.0.9301501,0.9952268754232596,SUCCESS,0.0.731861,0.0.3964790&0.0.5328590,0.0.4138717@1780345568.140519660
0.0.9365757,37.19966001786015,SUCCESS,0.0.731861,0.0.3964790&0.0.3964804&0.0.5328590,0.0.4138717@1780345565.613996753
0.0.4367730,1.387135479929747,SUCCESS,0.0.731861,0.0.3964790,0.0.4138717@1780345568.272307497
0.0.8291825,14.1046205167316,SUCCESS,0.0.731861,0.0.3964790&0.0.3964804,0.0.4138717@1780345567.472313598
0.0.4371196,2.508994253963598,SUCCESS,0.0.731861,0.0.3964790,0.0.4138717@1780345567.824146318
0.0.966009,0.3449455551264645,SUCCESS,0.0.731861,0.0.3964790,0.0.4138717@1780345566.486215604
0.0.1504445,2.67410843625551,SUCCESS,0.0.731861,0.0.3964790,0.0.4138717@1780345571.403188152
0.0.877481,2655.849352639549,SUCCESS,0.0.731861,0.0.3964790&0.0.5328590,0.0.4138717@1780345568.885477817
0.0.3304469,145.7563979794085,SUCCESS,0.0.731861,0.0.3964790&0.0.3964827,0.0.4138717@1780345572.695375837
0.0.5374006,0.08131200114028131,SUCCESS,0.0.731861,0.0.3964790&0.0.4601632,0.0.4138717@1780345569.079132589
0.0.858310,0.1795635810829808,SUCCESS,0.0.731861,0.0.3964790,0.0.4138717@1780345569.639207750
0.0.4540904,9.165915588199594,SUCCESS,0.0.731861,0.0.3964790&0.0.3964804&0.0.3964855,0.0.4138717@1780345571.635230845
0.0.3938365,1.554827725065502,SUCCESS,0.0.731861,0.0.3964790,0.0.4138717@1780345570.354191457
0.0.2174952,4.860350747118661,SUCCESS,0.0.731861,0.0.3964790&0.0.3964804,0.0.4138717@1780345572.074570549
0.0.4784258,4.170962495904489,SUCCESS,0.0.731861,0.0.3964790&0.0.3964804&0.0.3964855,0.0.4138717@1780345572.656100954
0.0.27463,4.254227445732107,SUCCESS,0.0.731861,0.0.3964790,0.0.4138717@1780345570.740350414
0.0.6075972,0.5762737695860694,SUCCESS,0.0.731861,0.0.3964790,0.0.4138717@1780345575.048249471
0.0.7607102,0.1545481693405581,SUCCESS,0.0.731861,0.0.3964790&0.0.3964804,0.0.4138717@1780345573.900212615
0.0.4355907,0.1884754326106225,SUCCESS,0.0.731861,0.0.3964790,0.0.4138717@1780345577.535240058
0.0.942926,1622.61709566385,SUCCESS,0.0.731861,0.0.3964790,0.0.4138717@1780345573.898715387
0.0.10164571,2.121383615408754,SUCCESS,0.0.731861,0.0.3964790,0.0.4138717@1780345576.050096490
0.0.10060744,0.003460433037146766,SUCCESS,0.0.731861,0.0.3964790,0.0.4138717@1780345574.404849643
0.0.10030621,0.00001273136273686725,SUCCESS,0.0.731861,0.0.3964790,0.0.4138717@1780345577.754316940
0.0.10023501,1.472265633905789e-8,SUCCESS,0.0.731861,0.0.3964790,0.0.4138717@1780345578.400008871
0.0.1380166,0.0003130800119052464,SUCCESS,0.0.731861,0.0.3964790,0.0.4138717@1780345580.715379470
0.0.4363785,20.94169882694802,SUCCESS,0.0.731861,0.0.3964790,0.0.4138717@1780345580.285834586
0.0.4157394,0.0002080756075264278,SUCCESS,0.0.731861,0.0.3964790,0.0.4138717@1780345580.682872988
0.0.837751,0.003899711178647206,SUCCESS,0.0.731861,0.0.3964790,0.0.4138717@1780345581.469299775
0.0.920901,363.5886072165436,SUCCESS,0.0.731861,0.0.3964790&0.0.3964804,0.0.4138717@1780345582.776987857
0.0.842540,18.4139459883482,SUCCESS,0.0.731861,0.0.3964790,0.0.4138717@1780345580.358029076
0.0.1314568,4121.960883456974,SUCCESS,0.0.731861,0.0.3964790,0.0.4138717@1780345582.914263779
0.0.835202,0.0007638625325119448,SUCCESS,0.0.731861,0.0.3964790,0.0.4138717@1780345583.163624914
0.0.6047264,0.05554671890638702,SUCCESS,0.0.731861,0.0.3964790,0.0.4138717@1780345587.169436499
0.0.1288450,4.49118164544792,SUCCESS,0.0.731861,0.0.3964790,0.0.4138717@1780345583.981330313
0.0.817883,0.02013460299454933,SUCCESS,0.0.731861,0.0.3964790,0.0.4138717@1780345587.917198324
0.0.1085174,2869.759572278357,SUCCESS,0.0.731861,0.0.3964790&0.0.10387648,0.0.4138717@1780345585.249798593
0.0.7951,8009.574057375088,SUCCESS,0.0.731861,0.0.3964790&0.0.3964855,0.0.4138717@1780345585.248299611
0.0.1082789,8854.038385180545,SUCCESS,0.0.731861,0.0.3964790,0.0.4138717@1780345592.163514579
0.0.1703452,127.7472583041532,SUCCESS,0.0.731861,0.0.3964790&0.0.3964804,0.0.4138717@1780345591.717039261
0.0.4328823,2.881206116283658,SUCCESS,0.0.731861,0.0.3964790&0.0.5328590,0.0.4138717@1780345592.894956998
0.0.813712,0.3385985419227714,SUCCESS,0.0.731861,0.0.3964790,0.0.4138717@1780345591.446689766
0.0.1073086,0.4120972927309405,SUCCESS,0.0.731861,0.0.3964790&0.0.3964860,0.0.4138717@1780345593.208541189
0.0.6043615,71.45973163279065,SUCCESS,0.0.731861,0.0.3964790&0.0.3964827&0.0.3964855&0.0.5328590&0.0.6071041&0.0.8315114,0.0.4138717@1780345590.294677703
0.0.4337852,1.600036098082965,SUCCESS,0.0.731861,0.0.3964790,0.0.4138717@1780345589.833765958
0.0.4205079,0.5747308065377337,SUCCESS,0.0.731861,0.0.3964790,0.0.4138717@1780345590.678700509
0.0.4384266,1.432267574106659,SUCCESS,0.0.731861,0.0.3964790,0.0.4138717@1780345596.132366848
0.0.4713784,2.30210676782118,SUCCESS,0.0.731861,0.0.3964790&0.0.3964827,0.0.4138717@1780345594.474770667
0.0.732798,2.294029465681049,SUCCESS,0.0.731861,0.0.3964790&0.0.3964804&0.0.4129330,0.0.4138717@1780345595.450694829
0.0.4819535,0.01385024148015947,SUCCESS,0.0.731861,0.0.3964790,0.0.4138717@1780345593.027349283
0.0.3774696,0.003095241947121334,SUCCESS,0.0.731861,0.0.3964790,0.0.4138717@1780345592.890852697
0.0.4759022,0.02426992967315204,SUCCESS,0.0.731861,0.0.3964790,0.0.4138717@1780345595.616058722
0.0.916853,0.1054195222216244,SUCCESS,0.0.731861,0.0.3964790,0.0.4138717@1780345593.196631464
0.0.10062632,0.3559785876609617,SUCCESS,0.0.731861,0.0.3964804&0.0.6071119&0.0.8315114&0.0.10092996&0.0.10414792,0.0.4138717@1780345594.633352474
0.0.8083839,2516.877106197525,SUCCESS,0.0.731861,0.0.3964804&0.0.3964827&0.0.3964860&0.0.5328590,0.0.4138717@1780345595.827610254
0.0.1105845,14.76858075971162,SUCCESS,0.0.731861,0.0.3964804,0.0.4138717@1780345599.204484925
0.0.4573495,25476.65686813794,SUCCESS,0.0.731861,0.0.3964804,0.0.4138717@1780345596.715359956
0.0.1024843,0.0003306370014887116,SUCCESS,0.0.731861,0.0.3964804&0.0.3964855&0.0.3964860,0.0.4138717@1780345597.468075424
0.0.4571567,12.75621012723137,SUCCESS,0.0.731861,0.0.3964804,0.0.4138717@1780345600.787817270
0.0.1082201,634.5115402610429,SUCCESS,0.0.731861,0.0.3964804,0.0.4138717@1780345600.676289185
0.0.4552382,0.0671763087999865,NOT_ASSOCIATED,0.0.731861,0.0.3964804,
0.0.4552309,0.06718012566113273,NOT_ASSOCIATED,0.0.731861,0.0.3964804,
0.0.4552348,0.07143578850188273,NOT_ASSOCIATED,0.0.731861,0.0.3964804,
0.0.10251800,0.01298350816455351,NOT_ASSOCIATED,0.0.731861,0.0.3964804,
0.0.1365779,5.411987876547514,SUCCESS,0.0.731861,0.0.3964804,0.0.4138717@1780345599.305116669
0.0.4499088,0.9738841557052418,NOT_ASSOCIATED,0.0.731861,0.0.3964804,
0.0.9273022,0.006445758955658997,SUCCESS,0.0.731861,0.0.3964804,0.0.4138717@1780345598.122012691
0.0.9251120,32.09149719177953,SUCCESS,0.0.731861,0.0.3964804,0.0.4138717@1780345599.895184122
0.0.10219431,29.12060858330991,NOT_ASSOCIATED,0.0.731861,0.0.3964804,
0.0.9509413,0.645811885590642,NOT_ASSOCIATED,0.0.731861,0.0.3964804,
0.0.10157649,99.3597544172989,NOT_ASSOCIATED,0.0.731861,0.0.3964804,
0.0.10014449,0.8244652309534373,SUCCESS,0.0.731861,0.0.3964804,0.0.4138717@1780345597.781105144
0.0.4749526,614.5686816241562,NOT_ASSOCIATED,0.0.731861,0.0.3964804,
0.0.1704489,0.006065948475139105,NOT_ASSOCIATED,0.0.731861,0.0.3964804,
0.0.9584885,1.525452888152296,SUCCESS,0.0.731861,0.0.3964804&0.0.5328590,0.0.4138717@1780345600.949824814
0.0.3450,1.316831782305882,SUCCESS,0.0.731861,0.0.3964804,0.0.4138717@1780345602.219742609
0.0.7098838,4.81858418362185,SUCCESS,0.0.731861,0.0.3964804,0.0.4138717@1780345604.369223498
0.0.590682,0.1967466724985687,SUCCESS,0.0.731861,0.0.3964804,0.0.4138717@1780345604.771927958
0.0.4914022,11.96661954029155,SUCCESS,0.0.731861,0.0.3964804,0.0.4138717@1780345603.275342503
0.0.1114728,0.05880930073495051,SUCCESS,0.0.731861,0.0.3964804,0.0.4138717@1780345601.434726850
0.0.5957081,3.095404180806054,SUCCESS,0.0.731861,0.0.3964804,0.0.4138717@1780345602.717840472
0.0.4561752,0.8420589802169001,SUCCESS,0.0.731861,0.0.3964804&0.0.5328590&0.0.6071041,0.0.4138717@1780345604.746841188
0.0.6334018,5.951230988018299,SUCCESS,0.0.731861,0.0.3964804,0.0.4138717@1780345606.140069872
0.0.5804427,11.71396244767535,SUCCESS,0.0.731861,0.0.3964804&0.0.4601632,0.0.4138717@1780345606.656435512
0.0.1956746,0.3289420133917802,SUCCESS,0.0.731861,0.0.3964804,0.0.4138717@1780345605.480758714
0.0.6181303,139.1694444016831,SUCCESS,0.0.731861,0.0.3964804,0.0.4138717@1780345608.900122367
0.0.5742160,77.36232981638149,SUCCESS,0.0.731861,0.0.3964804,0.0.4138717@1780345606.445194135
0.0.4558719,0.07861458121256236,NOT_ASSOCIATED,0.0.731861,0.0.3964804,
0.0.4814986,0.131745405950961,SUCCESS,0.0.731861,0.0.3964804,0.0.4138717@1780345610.660203508
0.0.638522,196.6865239063545,SUCCESS,0.0.731861,0.0.3964804,0.0.4138717@1780345611.088137706
0.0.857763,9.731494798038396,SUCCESS,0.0.731861,0.0.3964804,0.0.4138717@1780345611.914489068
0.0.937712,116.8684222396232,SUCCESS,0.0.731861,0.0.3964804,0.0.4138717@1780345609.360546753
0.0.955353,0.9525956854916442,NOT_ASSOCIATED,0.0.731861,0.0.3964804,
0.0.683815,0.3344442843082077,SUCCESS,0.0.731861,0.0.3964804,0.0.4138717@1780345609.379536857
0.0.1052080,5.920941181175595,SUCCESS,0.0.731861,0.0.3964804,0.0.4138717@1780345612.315049413
0.0.4712922,0.4042232023624155,SUCCESS,0.0.731861,0.0.3964804,0.0.4138717@1780345615.827206967
0.0.4140342,2.109650814450247,SUCCESS,0.0.731861,0.0.3964804&0.0.3964827,0.0.4138717@1780345614.017427131
0.0.4576074,2.150722099603868,SUCCESS,0.0.731861,0.0.3964804,0.0.4138717@1780345614.990863723
0.0.9450539,17.27771565437818,NOT_ASSOCIATED,0.0.731861,0.0.3964804,
0.0.9636419,6.65010632585369,NOT_ASSOCIATED,0.0.731861,0.0.3964804,
0.0.5805332,21.28890325266148,SUCCESS,0.0.731861,0.0.3964804,0.0.4138717@1780345615.329151271
0.0.9602777,0.3044765278415144,NOT_ASSOCIATED,0.0.731861,0.0.3964804,
0.0.9590994,200.9968988715807,NOT_ASSOCIATED,0.0.731861,0.0.3964804,
0.0.8080965,0.167939364546787,NOT_ASSOCIATED,0.0.731861,0.0.3964804,
0.0.8070994,27.609646538965,NOT_ASSOCIATED,0.0.731861,0.0.3964804,
0.0.8246604,0.03024584420631402,SUCCESS,0.0.731861,0.0.3964804,0.0.4138717@1780345612.821560806
0.0.190191,1.320961606731789,NOT_ASSOCIATED,0.0.731861,0.0.3964804,
0.0.9364762,0.8424199926040152,SUCCESS,0.0.731861,0.0.3964804&0.0.5328590,0.0.4138717@1780345615.688757898
0.0.887615,0.182621231393958,SUCCESS,0.0.731861,0.0.3964804,0.0.4138717@1780345613.212535733
0.0.1056474,69.31593624595774,SUCCESS,0.0.731861,0.0.3964804,0.0.4138717@1780345615.001573189
0.0.5012902,0.1212835678426376,SUCCESS,0.0.731861,0.0.3964804,0.0.4138717@1780345616.807819185
0.0.9444587,33.77719780953788,SUCCESS,0.0.731861,0.0.3964804,0.0.4138717@1780345616.205074374
0.0.9146353,42.62514722326487,SUCCESS,0.0.731861,0.0.3964804,0.0.4138717@1780345620.481118906
0.0.6160732,1.259896426871824,NOT_ASSOCIATED,0.0.731861,0.0.3964804,
0.0.813564,0.01743596540015541,SUCCESS,0.0.731861,0.0.3964804,0.0.4138717@1780345619.432446843
0.0.9367202,0.03176012197960769,NOT_ASSOCIATED,0.0.731861,0.0.3964804,
0.0.9340462,27.21048255460823,SUCCESS,0.0.731861,0.0.3964804,0.0.4138717@1780345620.807551731
0.0.9318048,0.2729712939531195,NOT_ASSOCIATED,0.0.731861,0.0.3964804,
0.0.5159009,299.8482028754595,SUCCESS,0.0.731861,0.0.3964804,0.0.4138717@1780345621.247692929
0.0.8880678,0.425002260735413,SUCCESS,0.0.731861,0.0.3964804,0.0.4138717@1780345621.243275059
0.0.9285770,1.904801850396773,NOT_ASSOCIATED,0.0.731861,0.0.3964804,
0.0.9275748,24.59245053520771,SUCCESS,0.0.731861,0.0.3964804&0.0.3964827,0.0.4138717@1780345620.093939191
0.0.5922808,0.6185813514774939,SUCCESS,0.0.731861,0.0.3964804,0.0.4138717@1780345621.394339630
0.0.816698,160.7535854393404,SUCCESS,0.0.731861,0.0.3964804,0.0.4138717@1780345620.727832241
0.0.820706,83.86279411147072,SUCCESS,0.0.731861,0.0.3964804,0.0.4138717@1780345622.156760557
0.0.4372819,0.33041815190271,SUCCESS,0.0.731861,0.0.3964804,0.0.4138717@1780345621.403085434
0.0.10072624,0.6654292613192803,SUCCESS,0.0.731861,0.0.3964804,0.0.4138717@1780345623.235490304
0.0.1459068,0.7387926612494702,SUCCESS,0.0.731861,0.0.3964804,0.0.4138717@1780345621.964260463
0.0.9640903,29.21630307216047,SUCCESS,0.0.731861,0.0.3964804&0.0.4601632,0.0.4138717@1780345623.999490651
0.0.2963879,32.78981533003473,NOT_ASSOCIATED,0.0.731861,0.0.3964804,
0.0.1745725,31.12399455603953,SUCCESS,0.0.731861,0.0.3964804,0.0.4138717@1780345625.980451562
0.0.4873525,1.025863589761661,SUCCESS,0.0.731861,0.0.3964804,0.0.4138717@1780345623.079481085
0.0.10004246,9.463450689478076,NOT_ASSOCIATED,0.0.731861,0.0.3964804,
0.0.9401320,64.29134355819711,SUCCESS,0.0.731861,0.0.3964804,0.0.4138717@1780345624.084636973
0.0.10093024,5.739608134479194,SUCCESS,0.0.731861,0.0.3964804,0.0.4138717@1780345623.871323830
0.0.751161,32.88688593678325,SUCCESS,0.0.731861,0.0.3964804,0.0.4138717@1780345624.377761475
0.0.9973346,0.0686381133857193,NOT_ASSOCIATED,0.0.731861,0.0.3964804,
0.0.9477942,0.2995299321679871,NOT_ASSOCIATED,0.0.731861,0.0.3964804,
0.0.9150527,92.76216700812408,SUCCESS,0.0.731861,0.0.3964804&0.0.3964860&0.0.5328590,0.0.4138717@1780345626.993265938
0.0.871471,55.02757762441464,SUCCESS,0.0.731861,0.0.3964804,0.0.4138717@1780345624.357639757
0.0.7983506,0.0006570227601303283,NOT_ASSOCIATED,0.0.731861,0.0.3964804,
0.0.6320740,318.4841639438419,SUCCESS,0.0.731861,0.0.3964804&0.0.4601632&0.0.5328590,0.0.4138717@1780345624.287098934
0.0.9687167,9.396963182496872,SUCCESS,0.0.731861,0.0.3964804&0.0.5328590,0.0.4138717@1780345625.756514802
0.0.9729389,2.335724012071388,NOT_ASSOCIATED,0.0.731861,0.0.3964804,
0.0.9720442,1.142243486081636,NOT_ASSOCIATED,0.0.731861,0.0.3964804,
0.0.3012601,37.02356158163832,SUCCESS,0.0.731861,0.0.3964804&0.0.5328590,0.0.4138717@1780345627.132753477
0.0.10231452,243.1546081410917,SUCCESS,0.0.731861,0.0.3964804,0.0.4138717@1780345629.395704847
0.0.10359145,8.028102000885694,SUCCESS,0.0.731861,0.0.3964804,0.0.4138717@1780345629.979804059
0.0.10358044,2106.259029664484,SUCCESS,0.0.731861,0.0.3964804,0.0.4138717@1780345630.254898180
0.0.4157253,343.6771126018274,SUCCESS,0.0.731861,0.0.3964804,0.0.4138717@1780345630.905754200
0.0.10308209,737.853526617904,NOT_ASSOCIATED,0.0.731861,0.0.3964804,
0.0.10307970,0.008274055505011627,NOT_ASSOCIATED,0.0.731861,0.0.3964804,
0.0.10303974,15.95846860631771,SUCCESS,0.0.731861,0.0.3964804,0.0.4138717@1780345628.960079565
0.0.1920276,26.31799767183375,SUCCESS,0.0.731861,0.0.3964804,0.0.4138717@1780345628.333702434
0.0.9270286,0.3094919946676996,SUCCESS,0.0.731861,0.0.3964804,0.0.4138717@1780345627.454030805
0.0.10277044,82.2374614324519,SUCCESS,0.0.731861,0.0.3964804,0.0.4138717@1780345629.072884235
0.0.10256319,169.7329758790523,SUCCESS,0.0.731861,0.0.3964804,0.0.4138717@1780345630.650545472
0.0.10267167,20.07010461283673,NOT_ASSOCIATED,0.0.731861,0.0.3964804,
0.0.10267166,725.7635975169807,NOT_ASSOCIATED,0.0.731861,0.0.3964804,
0.0.10244829,0.1484447691227759,SUCCESS,0.0.731861,0.0.3964804,0.0.4138717@1780345630.065752001
0.0.3953598,82.80248154653668,SUCCESS,0.0.731861,0.0.3964804,0.0.4138717@1780345632.442040859
0.0.10248120,5.501255815000848,SUCCESS,0.0.731861,0.0.3964804,0.0.4138717@1780345633.077734373
0.0.3959322,173.9062381076699,SUCCESS,0.0.731861,0.0.3964804,0.0.4138717@1780345634.842161289
0.0.2216740,1243.925157845292,SUCCESS,0.0.731861,0.0.3964804,0.0.4138717@1780345632.658867294
0.0.818498,0.1131414576788644,SUCCESS,0.0.731861,0.0.3964804,0.0.4138717@1780345634.136572458
0.0.10190094,2425.592146379531,SUCCESS,0.0.731861,0.0.3964804,0.0.4138717@1780345634.070246089
0.0.10088400,1.571093153825065,SUCCESS,0.0.731861,0.0.3964804,0.0.4138717@1780345637.358548206
0.0.10164472,7080.356649574442,SUCCESS,0.0.731861,0.0.3964804,0.0.4138717@1780345637.917142049
0.0.10115705,0.004868315614644066,SUCCESS,0.0.731861,0.0.3964804,0.0.4138717@1780345636.736824426
0.0.10035851,223.4438395526709,SUCCESS,0.0.731861,0.0.3964804,0.0.4138717@1780345636.431436179
0.0.10007904,0.01253768865101264,SUCCESS,0.0.731861,0.0.3964804,0.0.4138717@1780345640.620709927
0.0.1365923,0.1178757867449915,SUCCESS,0.0.731861,0.0.3964804,0.0.4138717@1780345640.356149315
0.0.10048918,46.5323935463046,SUCCESS,0.0.731861,0.0.3964804,0.0.4138717@1780345639.753843329
0.0.3003013,69.61495611527323,SUCCESS,0.0.731861,0.0.3964804,0.0.4138717@1780345640.715827510
0.0.5850916,4.266865419256311,SUCCESS,0.0.731861,0.0.3964804,0.0.4138717@1780345641.828752497
0.0.10237154,13.6800697146944,SUCCESS,0.0.731861,0.0.3964804,0.0.4138717@1780345641.089174392
0.0.8495235,12.45286288870244,SUCCESS,0.0.731861,0.0.3964804,0.0.4138717@1780345640.671230217
0.0.10465417,9.316128298127742,NOT_ASSOCIATED,0.0.731861,0.0.3964804,
0.0.604463,0.3773425567403315,SUCCESS,0.0.731861,0.0.3964804,0.0.4138717@1780345641.029726933
0.0.10456759,124.8279047013219,SUCCESS,0.0.731861,0.0.3964804,0.0.4138717@1780345641.960424755
0.0.10454179,3.531137736577668,SUCCESS,0.0.731861,0.0.3964804,0.0.4138717@1780345642.771612949
0.0.10386407,219.5058343312907,SUCCESS,0.0.731861,0.0.3964804,0.0.4138717@1780345645.891349513
0.0.10295710,1.990188852104538,SUCCESS,0.0.731861,0.0.3964804,0.0.4138717@1780345646.635563659
0.0.10442094,35.54021425441132,SUCCESS,0.0.731861,0.0.3964804,0.0.4138717@1780345647.678773428
0.0.9593512,0.02504222674188886,SUCCESS,0.0.731861,0.0.3964804,0.0.4138717@1780345646.047232040
0.0.10435638,1.774777495017152,SUCCESS,0.0.731861,0.0.3964804,0.0.4138717@1780345645.572252907
0.0.10422583,26.73057956943593,SUCCESS,0.0.731861,0.0.3964804,0.0.4138717@1780345646.934723711
0.0.10420688,8.826420129414219,SUCCESS,0.0.731861,0.0.3964804,0.0.4138717@1780345644.955173250
0.0.10420709,2.676384669882052,SUCCESS,0.0.731861,0.0.3964804,0.0.4138717@1780345647.475246121
0.0.10420713,0.8257672966804783,SUCCESS,0.0.731861,0.0.3964804,0.0.4138717@1780345646.631309733
0.0.10371833,693.9165123264307,SUCCESS,0.0.731861,0.0.3964804,0.0.4138717@1780345651.347064390
0.0.851469,2.824137265255747,SUCCESS,0.0.731861,0.0.3964804,0.0.4138717@1780345650.497716930
0.0.8085300,5.56836944735733,SUCCESS,0.0.731861,0.0.3964804,0.0.4138717@1780345652.152192493
0.0.10359238,0.8529676058222153,SUCCESS,0.0.731861,0.0.3964804,0.0.4138717@1780345651.633725109
0.0.8304314,0.5208258045037998,SUCCESS,0.0.731861,0.0.3964804,0.0.4138717@1780345653.179142876
0.0.8188301,3.499453014988539,SUCCESS,0.0.731861,0.0.3964804,0.0.4138717@1780345652.331679935
0.0.8108637,0.001921232564548843,SUCCESS,0.0.731861,0.0.3964804&0.0.8315114,0.0.4138717@1780345650.999462394
0.0.8868403,0.3447847360000186,SUCCESS,0.0.731861,0.0.3964804,0.0.4138717@1780345651.475623154
0.0.9034617,0.5395186179598781,SUCCESS,0.0.731861,0.0.3964804,0.0.4138717@1780345652.287741191
0.0.8673292,163.1079750817652,SUCCESS,0.0.731861,0.0.3964804,0.0.4138717@1780345655.689000181
0.0.8602366,10.62814544758307,SUCCESS,0.0.731861,0.0.3964804,0.0.4138717@1780345654.285337161
0.0.8241599,13.31237693526815,SUCCESS,0.0.731861,0.0.3964804,0.0.4138717@1780345657.138825950
0.0.8548028,0.00252020885604852,SUCCESS,0.0.731861,0.0.3964804,0.0.4138717@1780345655.198540361
0.0.8538714,4.195839920698135,SUCCESS,0.0.731861,0.0.3964804,0.0.4138717@1780345655.774975842
0.0.9177203,0.03636656660354297,SUCCESS,0.0.731861,0.0.3964804,0.0.4138717@1780345653.978556535
0.0.8152447,5.1491669754665,SUCCESS,0.0.731861,0.0.3964804,0.0.4138717@1780345658.426930975
0.0.8146497,13.57421434430259,SUCCESS,0.0.731861,0.0.3964804&0.0.5328590,0.0.4138717@1780345654.870039230
0.0.2015584,17.81473539438318,SUCCESS,0.0.731861,0.0.3964804,0.0.4138717@1780345658.828202535
0.0.8115823,0.8028548623318564,SUCCESS,0.0.731861,0.0.3964804,0.0.4138717@1780345659.040202816
0.0.8104363,2129.734359257242,SUCCESS,0.0.731861,0.0.3964804,0.0.4138717@1780345661.305544889
0.0.8084528,282.6895849892708,SUCCESS,0.0.731861,0.0.3964804,0.0.4138717@1780345658.578611980
0.0.1181772,0.4277276545504582,SUCCESS,0.0.731861,0.0.3964804&0.0.6126395,0.0.4138717@1780345658.772086350
0.0.8068660,0.05120542039549477,SUCCESS,0.0.731861,0.0.3964804,0.0.4138717@1780345662.598960463
0.0.7931472,1.352896557630696,SUCCESS,0.0.731861,0.0.3964804,0.0.4138717@1780345660.122462336
0.0.8055246,46.59996779550156,SUCCESS,0.0.731861,0.0.3964804,0.0.4138717@1780345659.525769643
0.0.8002619,2.123972731902758,SUCCESS,0.0.731861,0.0.3964804,0.0.4138717@1780345662.319353759
0.0.9579116,11.18645300802821,SUCCESS,0.0.731861,0.0.3964804,0.0.4138717@1780345662.435075413
0.0.10025532,1.108728846408684,SUCCESS,0.0.731861,0.0.3964804,0.0.4138717@1780345661.827087057
0.0.10044419,8.11016127691162,SUCCESS,0.0.731861,0.0.3964804,0.0.4138717@1780345666.773568321
0.0.10035663,3.52985495961987,SUCCESS,0.0.731861,0.0.3964804,0.0.4138717@1780345664.369049699
0.0.9812108,5.130990521598108,SUCCESS,0.0.731861,0.0.3964804,0.0.4138717@1780345663.293791983
0.0.10009527,59.8451018095445,SUCCESS,0.0.731861,0.0.3964804,0.0.4138717@1780345663.364043656
0.0.1400807,5.723342765473521,SUCCESS,0.0.731861,0.0.3964804,0.0.4138717@1780345666.081398079
0.0.8414341,20.02431009317577,SUCCESS,0.0.731861,0.0.3964804,0.0.4138717@1780345666.521179785
0.0.1412348,559.1412798321776,SUCCESS,0.0.731861,0.0.3964804,0.0.4138717@1780345665.620376344
0.0.9774219,0.03649266660238232,SUCCESS,0.0.731861,0.0.3964804,0.0.4138717@1780345667.045641940
0.0.9707531,7851.846181747678,NOT_ASSOCIATED,0.0.731861,0.0.3964804,
0.0.9707528,3963.560902337732,NOT_ASSOCIATED,0.0.731861,0.0.3964804,
0.0.9640625,0.1073594004879527,SUCCESS,0.0.731861,0.0.3964804,0.0.4138717@1780345667.361001067
0.0.7809201,0.0006416217979978891,SUCCESS,0.0.731861,0.0.3964804,0.0.4138717@1780345666.815369585
0.0.9275976,432.8858417183599,SUCCESS,0.0.731861,0.0.3964804,0.0.4138717@1780345669.356327418
0.0.9425366,140.7221575265111,SUCCESS,0.0.731861,0.0.3964804,0.0.4138717@1780345668.816495770
0.0.1503602,3.432332617455917,SUCCESS,0.0.731861,0.0.3964804,0.0.4138717@1780345672.370793259
0.0.9208631,36.51091573782066,SUCCESS,0.0.731861,0.0.3964804,0.0.4138717@1780345668.883633904
0.0.9362153,4.843703087290964,SUCCESS,0.0.731861,0.0.3964804,0.0.4138717@1780345673.856141911
0.0.1703381,10.12394572584648,SUCCESS,0.0.731861,0.0.3964804,0.0.4138717@1780345670.859235457
0.0.9317965,7.802127731317593,SUCCESS,0.0.731861,0.0.3964804,0.0.4138717@1780345671.387013761
0.0.9301506,0.07569611928526479,SUCCESS,0.0.731861,0.0.3964804,0.0.4138717@1780345671.778448106
0.0.8198609,140.2923507288813,SUCCESS,0.0.731861,0.0.3964804,0.0.4138717@1780345673.818603707
0.0.9221480,0.4283335760101041,SUCCESS,0.0.731861,0.0.3964804,0.0.4138717@1780345675.381546538
0.0.9144627,492.1646726159238,SUCCESS,0.0.731861,0.0.3964804&0.0.4601632,0.0.4138717@1780345676.204558803
0.0.4765612,223.4007381742938,SUCCESS,0.0.731861,0.0.3964804&0.0.5328590,0.0.4138717@1780345675.508583149
0.0.3240624,0.02006513731011693,SUCCESS,0.0.731861,0.0.3964804,0.0.4138717@1780345674.255837834
0.0.4312267,70.42375070147521,SUCCESS,0.0.731861,0.0.3964804,0.0.4138717@1780345673.756981059
0.0.4883729,2.993552492324208,SUCCESS,0.0.731861,0.0.3964804,0.0.4138717@1780345676.030945828
0.0.1746011,14.6352279191802,SUCCESS,0.0.731861,0.0.3964804,0.0.4138717@1780345675.070531184
0.0.791414,3.055470161108027,SUCCESS,0.0.731861,0.0.3964804,0.0.4138717@1780345678.672088421
0.0.7937765,8.00629785507314,NOT_ASSOCIATED,0.0.731861,0.0.3964804,
0.0.7798912,19.85611909085048,SUCCESS,0.0.731861,0.0.3964804,0.0.4138717@1780345677.686178089
0.0.862835,78.62115627103103,SUCCESS,0.0.731861,0.0.3964804&0.0.3964827&0.0.6071911,0.0.4138717@1780345679.171623908
0.0.1337171,97.80623170261012,SUCCESS,0.0.731861,0.0.3964804&0.0.3964827&0.0.3964860&0.0.6071911,0.0.4138717@1780345679.692733003
0.0.7776311,384.6508181441054,SUCCESS,0.0.731861,0.0.3964804,0.0.4138717@1780345681.884900202
0.0.2004450,1.645878666961262,SUCCESS,0.0.731861,0.0.3964804,0.0.4138717@1780345679.406061098
0.0.4337383,5.766164803718971,SUCCESS,0.0.731861,0.0.3964804,0.0.4138717@1780345682.734467827
0.0.4504544,76.03759613047757,SUCCESS,0.0.731861,0.0.3964804,0.0.4138717@1780345679.585370770
0.0.6343911,34.41029936575201,SUCCESS,0.0.731861,0.0.3964804,0.0.4138717@1780345682.358961829
0.0.1313215,0.1225648679321057,SUCCESS,0.0.731861,0.0.3964804,0.0.4138717@1780345684.278064098
0.0.7703838,0.07599876852703787,SUCCESS,0.0.731861,0.0.3964804,0.0.4138717@1780345680.046722561
0.0.7961490,1.45736856323907,NOT_ASSOCIATED,0.0.731861,0.0.3964804,
0.0.3384906,37.736967234862,SUCCESS,0.0.731861,0.0.3964804,0.0.4138717@1780345683.848319519
0.0.7965412,0.02690119528395998,NOT_ASSOCIATED,0.0.731861,0.0.3964804,
0.0.710849,0.1482775050537077,SUCCESS,0.0.731861,0.0.3964804,0.0.4138717@1780345683.214085796
0.0.5112630,8.287143872772456,SUCCESS,0.0.731861,0.0.3964804,0.0.4138717@1780345686.680840906
0.0.4861986,1.17603724142476,SUCCESS,0.0.731861,0.0.3964804,0.0.4138717@1780345681.952597499
0.0.7916029,219.3754773760104,SUCCESS,0.0.731861,0.0.3964804,0.0.4138717@1780345686.397835432
0.0.2891280,6.198153525126262,NOT_ASSOCIATED,0.0.731861,0.0.3964804,
0.0.7732676,1488.473639646494,SUCCESS,0.0.731861,0.0.3964804,0.0.4138717@1780345685.856314616
0.0.4343570,2.771115190436501,SUCCESS,0.0.731861,0.0.3964804,0.0.4138717@1780345685.256285098
0.0.7865510,2242.027260274332,SUCCESS,0.0.731861,0.0.3964804&0.0.3964860,0.0.4138717@1780345683.977749918
0.0.4804985,1.43313525106256,SUCCESS,0.0.731861,0.0.3964804,0.0.4138717@1780345685.797046197
0.0.3288713,158.9360525993383,SUCCESS,0.0.731861,0.0.3964804&0.0.3964827&0.0.4601632&0.0.6071119,0.0.4138717@1780345685.904473855
0.0.7662545,0.03930713420752825,NOT_ASSOCIATED,0.0.731861,0.0.3964804,
0.0.7290965,6.306610076607084,SUCCESS,0.0.731861,0.0.3964804,0.0.4138717@1780345688.282972805
0.0.1524063,42.40772885609579,SUCCESS,0.0.731861,0.0.3964804,0.0.4138717@1780345686.299899004
0.0.3872629,4.465187308653948,SUCCESS,0.0.731861,0.0.3964804,0.0.4138717@1780345688.847317061
0.0.7631749,0.03378836582364422,SUCCESS,0.0.731861,0.0.3964804,0.0.4138717@1780345686.694555611
0.0.794930,0.4909225959475503,SUCCESS,0.0.731861,0.0.3964804,0.0.4138717@1780345687.637959301
0.0.4887338,7.971447494957937,SUCCESS,0.0.731861,0.0.3964804,0.0.4138717@1780345690.592262553
0.0.3687848,77.17763347185574,SUCCESS,0.0.731861,0.0.3964804,0.0.4138717@1780345687.530823717
0.0.892270,131.1419961728173,SUCCESS,0.0.731861,0.0.3964804,0.0.4138717@1780345687.664545591
0.0.4423729,8.979785967383119,SUCCESS,0.0.731861,0.0.3964804,0.0.4138717@1780345692.467729611
0.0.1124401,39.00216106938099,SUCCESS,0.0.731861,0.0.3964804,0.0.4138717@1780345690.019030526
0.0.857760,3.130907923823706,SUCCESS,0.0.731861,0.0.3964804&0.0.3964827,0.0.4138717@1780345689.833357152
0.0.1673276,434.9629048921017,SUCCESS,0.0.731861,0.0.3964804&0.0.5328590,0.0.4138717@1780345689.465889975
0.0.146930,13115.24595031644,SUCCESS,0.0.731861,0.0.3964804,0.0.4138717@1780345691.812007878
0.0.496172,13.77432464838988,SUCCESS,0.0.731861,0.0.3964804,0.0.4138717@1780345691.939913644
0.0.838791,15.25220660075973,SUCCESS,0.0.731861,0.0.3964804,0.0.4138717@1780345692.786695131
0.0.7710235,1.113236583163566,SUCCESS,0.0.731861,0.0.3964804,0.0.4138717@1780345691.723788017
0.0.4431727,1.470624081371972,SUCCESS,0.0.731861,0.0.3964804&0.0.3964827,0.0.4138717@1780345694.540273743
0.0.1359581,187.0904695668392,SUCCESS,0.0.731861,0.0.3964804&0.0.3964827,0.0.4138717@1780345695.712453591
0.0.1486421,18.09186135069788,SUCCESS,0.0.731861,0.0.3964804,0.0.4138717@1780345694.577078844
0.0.3916542,0.3260409722556665,SUCCESS,0.0.731861,0.0.3964804&0.0.3964827,0.0.4138717@1780345693.583871878
0.0.4566469,24.43928400959311,SUCCESS,0.0.731861,0.0.3964804,0.0.4138717@1780345694.039207632
0.0.887612,18.21091978716559,SUCCESS,0.0.731861,0.0.3964804,0.0.4138717@1780345696.880708416
0.0.811739,203.9515098283942,SUCCESS,0.0.731861,0.0.3964804&0.0.5328590,0.0.4138717@1780345695.285698876
0.0.1463093,13.84547333721514,SUCCESS,0.0.731861,0.0.3964804,0.0.4138717@1780345697.883110815
0.0.4135513,8.23176964753572,SUCCESS,0.0.731861,0.0.3964804,0.0.4138717@1780345699.794919752
0.0.4838474,59.92495611420641,SUCCESS,0.0.731861,0.0.3964804&0.0.5328590,0.0.4138717@1780345698.301070293
0.0.840324,32.95342671564568,SUCCESS,0.0.731861,0.0.3964804,0.0.4138717@1780345696.766798924
0.0.919311,1309.88457942907,NOT_ASSOCIATED,0.0.731861,0.0.3964804,
0.0.7920736,36.60635106204442,SUCCESS,0.0.731861,0.0.3964804,0.0.4138717@1780345699.683477323
0.0.8057884,39.9156212138494,SUCCESS,0.0.731861,0.0.3964804,0.0.4138717@1780345700.055470672
0.0.8382708,0.1363458109017948,SUCCESS,0.0.731861,0.0.3964804,0.0.4138717@1780345698.090600803
0.0.7550116,0.8638984766587872,NOT_ASSOCIATED,0.0.731861,0.0.3964804,
0.0.8551680,857.5938809869862,SUCCESS,0.0.731861,0.0.3964804&0.0.5328590,0.0.4138717@1780345701.103690995
0.0.4319619,1.436887628593403,SUCCESS,0.0.731861,0.0.3964804,0.0.4138717@1780345702.973041019
0.0.8120693,16.28776617373485,SUCCESS,0.0.731861,0.0.3964804,0.0.4138717@1780345698.665949905
0.0.6469391,21.31749888951518,SUCCESS,0.0.731861,0.0.3964804,0.0.4138717@1780345700.608919504
0.0.658160,2.328081940797509,SUCCESS,0.0.731861,0.0.3964804&0.0.8315114,0.0.4138717@1780345702.072303841
0.0.7920282,0.06910668955796356,SUCCESS,0.0.731861,0.0.3964804,0.0.4138717@1780345701.749747416
0.0.4743054,0.7547983471956407,SUCCESS,0.0.731861,0.0.3964804&0.0.8315114,0.0.4138717@1780345702.157190765
0.0.1681033,3.084687410777037,SUCCESS,0.0.731861,0.0.3964804,0.0.4138717@1780345702.057424647
0.0.5719491,0.5704852034069652,SUCCESS,0.0.731861,0.0.3964804,0.0.4138717@1780345703.416253297
0.0.6045318,2.961893782636058,SUCCESS,0.0.731861,0.0.3964804,0.0.4138717@1780345702.889194491
0.0.2185671,0.7194010219250915,SUCCESS,0.0.731861,0.0.3964804,0.0.4138717@1780345707.927068991
0.0.1056579,48.54734880780031,SUCCESS,0.0.731861,0.0.3964804,0.0.4138717@1780345704.791129114
0.0.8717466,0.01367003372306975,SUCCESS,0.0.731861,0.0.3964804,0.0.4138717@1780345705.316414903
0.0.4724806,213.4280209747102,SUCCESS,0.0.731861,0.0.3964804&0.0.5328590,0.0.4138717@1780345709.563619465
0.0.3288501,1.2458441670132,SUCCESS,0.0.731861,0.0.3964804,0.0.4138717@1780345706.300757197
0.0.8903303,10.31733935270504,FAIL,0.0.731861,0.0.3964804,
0.0.8514597,59.95842812735626,SUCCESS,0.0.731861,0.0.3964804,0.0.4138717@1780345709.950499966
0.0.8041705,0.3263060507315921,SUCCESS,0.0.731861,0.0.3964804,0.0.4138717@1780345709.579723430
0.0.9104016,50.62474761402666,SUCCESS,0.0.731861,0.0.3964804&0.0.3964860&0.0.5328590,0.0.4138717@1780345707.105267620
0.0.5580759,0.3844421210604289,SUCCESS,0.0.731861,0.0.3964804,0.0.4138717@1780345708.634792161
0.0.9149385,0.9041280222237598,SUCCESS,0.0.731861,0.0.3964804,0.0.4138717@1780345711.484694437
0.0.4315395,0.7922841004807921,SUCCESS,0.0.731861,0.0.3964804,0.0.4138717@1780345712.406756579
0.0.6294131,0.0002602072386199158,SUCCESS,0.0.731861,0.0.3964804,0.0.4138717@1780345710.228066021
0.0.844131,2.469234420706696,SUCCESS,0.0.731861,0.0.3964804,0.0.4138717@1780345713.072628817
0.0.7924085,0.1523410068802001,SUCCESS,0.0.731861,0.0.3964804,0.0.4138717@1780345713.341732391
0.0.7732467,13.66977675672414,SUCCESS,0.0.731861,0.0.3964804&0.0.3964827,0.0.4138717@1780345711.622651941
0.0.981571,0.7293308064463122,SUCCESS,0.0.731861,0.0.3964804,0.0.4138717@1780345713.120558662
0.0.3847179,4.899488806468187,SUCCESS,0.0.731861,0.0.3964804,0.0.4138717@1780345715.561953863
0.0.1467538,7.488409874545305,SUCCESS,0.0.731861,0.0.3964804,0.0.4138717@1780345713.940142882
0.0.8131537,10.40971753610707,SUCCESS,0.0.731861,0.0.3964804,0.0.4138717@1780345717.473015142
0.0.7965335,15.27305345777008,NOT_ASSOCIATED,0.0.731861,0.0.3964804,
0.0.4388693,2.60406345670608,SUCCESS,0.0.731861,0.0.3964804&0.0.4601632,0.0.4138717@1780345713.702758380
0.0.8083173,4.019291308718353,SUCCESS,0.0.731861,0.0.3964804,0.0.4138717@1780345715.607077038
0.0.2964523,245.0224154493623,SUCCESS,0.0.731861,0.0.3964804&0.0.3964860,0.0.4138717@1780345717.658909027
0.0.8076778,0.01372406193769315,SUCCESS,0.0.731861,0.0.3964804,0.0.4138717@1780345719.068574305
0.0.6313326,66.75771941481216,SUCCESS,0.0.731861,0.0.3964804,0.0.4138717@1780345718.449181471
0.0.7583284,1.824690972850528,SUCCESS,0.0.731861,0.0.3964804,0.0.4138717@1780345716.969952177
0.0.7312670,8.903083187070814,SUCCESS,0.0.731861,0.0.3964804,0.0.4138717@1780345719.457326309
0.0.2116216,30.88640818999613,SUCCESS,0.0.731861,0.0.3964804,0.0.4138717@1780345720.807633260
0.0.1754370,0.3259524754372601,SUCCESS,0.0.731861,0.0.3964804,0.0.4138717@1780345720.021667638
0.0.8227507,3.982050075598665,SUCCESS,0.0.731861,0.0.3964804,0.0.4138717@1780345719.318481725
0.0.3241611,3.317994060911547,SUCCESS,0.0.731861,0.0.3964804,0.0.4138717@1780345721.991935543
0.0.7938061,0.4619397310148307,SUCCESS,0.0.731861,0.0.3964804,0.0.4138717@1780345722.866099522
0.0.8002341,2.022375901038082,SUCCESS,0.0.731861,0.0.3964804,0.0.4138717@1780345723.524131833
0.0.7166497,0.552002945563761,SUCCESS,0.0.731861,0.0.3964804,0.0.4138717@1780345722.737783855
0.0.8209705,0.9540126394749807,SUCCESS,0.0.731861,0.0.3964804,0.0.4138717@1780345720.290623642
0.0.1369825,1169.625106220131,SUCCESS,0.0.731861,0.0.3964804&0.0.3964827&0.0.4601632&0.0.6071041&0.0.6126395,0.0.4138717@1780345721.988791259
0.0.1404010,0.0508487955878664,NOT_ASSOCIATED,0.0.731861,0.0.3964804,
0.0.1261132,4.359453772245415,SUCCESS,0.0.731861,0.0.3964804,0.0.4138717@1780345721.414129972
0.0.7816479,199.8664024492994,SUCCESS,0.0.731861,0.0.3964804&0.0.8315114,0.0.4138717@1780345725.740431554
0.0.6148704,0.6867180507720377,NOT_ASSOCIATED,0.0.731861,0.0.3964804,
0.0.7285744,0.1731327694181883,SUCCESS,0.0.731861,0.0.3964804,0.0.4138717@1780345724.805262647
0.0.4337103,0.02338880587936498,SUCCESS,0.0.731861,0.0.3964804,0.0.4138717@1780345724.873015877
0.0.4346529,29.14035975695179,SUCCESS,0.0.731861,0.0.3964804,0.0.4138717@1780345724.169881379
0.0.2150506,0.9044768788894857,SUCCESS,0.0.731861,0.0.3964804,0.0.4138717@1780345726.649473896
0.0.4345412,1.541918800191781,SUCCESS,0.0.731861,0.0.3964804,0.0.4138717@1780345726.254112505
0.0.4345654,811.7370598357262,SUCCESS,0.0.731861,0.0.3964804,0.0.4138717@1780345728.680283140
0.0.842806,1539.970518405731,SUCCESS,0.0.731861,0.0.3964804,0.0.4138717@1780345726.818548282
0.0.1088670,5.143324800605679,SUCCESS,0.0.731861,0.0.3964804,0.0.4138717@1780345727.800204457
0.0.4351860,15.66412933972439,NOT_ASSOCIATED,0.0.731861,0.0.3964804,
0.0.3291464,0.2261510247794363,SUCCESS,0.0.731861,0.0.3964804,0.0.4138717@1780345728.225939696
0.0.4231312,5.195090304176701,SUCCESS,0.0.731861,0.0.3964804,0.0.4138717@1780345727.737716218
0.0.846778,654.9096671646453,SUCCESS,0.0.731861,0.0.3964804,0.0.4138717@1780345730.142950412
0.0.1018824,109.2762698532379,SUCCESS,0.0.731861,0.0.3964804&0.0.5328590,0.0.4138717@1780345730.353368035
0.0.4319631,1.583537334276236,SUCCESS,0.0.731861,0.0.3964804,0.0.4138717@1780345733.683638329
0.0.1048940,28.81039953839621,SUCCESS,0.0.731861,0.0.3964804&0.0.5328590,0.0.4138717@1780345730.478085934
0.0.3945405,0.006608268470165946,SUCCESS,0.0.731861,0.0.3964804,0.0.4138717@1780345735.160207306
0.0.4356154,0.5614736548197465,SUCCESS,0.0.731861,0.0.3964804,0.0.4138717@1780345731.716422278
0.0.3023498,5.631260004479588,SUCCESS,0.0.731861,0.0.3964804,0.0.4138717@1780345734.671179176
0.0.4341116,13.79558365745693,SUCCESS,0.0.731861,0.0.3964804,0.0.4138717@1780345733.226716467
0.0.4329185,32.37834695964271,SUCCESS,0.0.731861,0.0.3964804,0.0.4138717@1780345737.195732076
0.0.1440806,195.5307897594955,SUCCESS,0.0.731861,0.0.3964804,0.0.4138717@1780345735.497870576
0.0.4350498,0.001396318113439181,SUCCESS,0.0.731861,0.0.3964804,0.0.4138717@1780345734.984413295
0.0.1728462,1.839749696478185,SUCCESS,0.0.731861,0.0.3964804,0.0.4138717@1780345735.960857849
0.0.4360122,2.049533606904538,SUCCESS,0.0.731861,0.0.3964804,0.0.4138717@1780345739.311916708
0.0.4368518,0.8130942298898933,SUCCESS,0.0.731861,0.0.3964804,0.0.4138717@1780345735.562129041
0.0.4333378,0.08579146003034897,SUCCESS,0.0.731861,0.0.3964804,0.0.4138717@1780345737.582133094
0.0.4356553,0.2935395837290804,SUCCESS,0.0.731861,0.0.3964804,0.0.4138717@1780345738.483980436
0.0.835055,0.03950200564018363,SUCCESS,0.0.731861,0.0.3964804,0.0.4138717@1780345737.331743789
0.0.4535053,35.07004831329868,SUCCESS,0.0.731861,0.0.3964804,0.0.4138717@1780345740.108726941
0.0.481717,2.452799695626708,SUCCESS,0.0.731861,0.0.3964804,0.0.4138717@1780345739.749543465
0.0.859565,208.7407250425726,SUCCESS,0.0.731861,0.0.3964804&0.0.10414792,0.0.4138717@1780345740.932150391
0.0.859149,226.7801884350657,SUCCESS,0.0.731861,0.0.3964804,0.0.4138717@1780345741.324443885
0.0.1448131,2.81703494554568,SUCCESS,0.0.731861,0.0.3964804,0.0.4138717@1780345743.507782881
0.0.1088394,367.5306194437487,SUCCESS,0.0.731861,0.0.3964804&0.0.3964860&0.0.5328590&0.0.6078473&0.0.8315114,0.0.4138717@1780345741.935992544
0.0.1432019,36.83679000125105,SUCCESS,0.0.731861,0.0.3964804,0.0.4138717@1780345743.801340680
0.0.837554,973.3950505678422,SUCCESS,0.0.731861,0.0.3964804&0.0.3964860&0.0.4129330&0.0.4601632,0.0.4138717@1780345743.282167869
0.0.1088074,200.4294938660588,SUCCESS,0.0.731861,0.0.3964804&0.0.3964860,0.0.4138717@1780345742.114071382
0.0.965222,92.7330240729682,SUCCESS,0.0.731861,0.0.3964804,0.0.4138717@1780345745.189438603
0.0.1198079,280.3843192318267,SUCCESS,0.0.731861,0.0.3964804,0.0.4138717@1780345741.977302102
0.0.1512214,0.3710705585872414,SUCCESS,0.0.731861,0.0.3964804&0.0.4601632,0.0.4138717@1780345743.444652978
0.0.793748,2136.03869502226,SUCCESS,0.0.731861,0.0.3964804,0.0.4138717@1780345745.310965666
0.0.4229971,5.587149438973896,SUCCESS,0.0.731861,0.0.3964804,0.0.4138717@1780345746.438053354
0.0.2145447,384.1963903217808,SUCCESS,0.0.731861,0.0.3964804,0.0.4138717@1780345748.038998260
0.0.835670,11.11821980823391,SUCCESS,0.0.731861,0.0.3964804&0.0.4601632,0.0.4138717@1780345748.979377041
0.0.1268672,0.244478684608052,SUCCESS,0.0.731861,0.0.3964804,0.0.4138717@1780345749.725228961
0.0.1877641,12.6047810780132,SUCCESS,0.0.731861,0.0.3964804,0.0.4138717@1780345747.852377216
0.0.3878869,21.47529550779591,SUCCESS,0.0.731861,0.0.3964804,0.0.4138717@1780345747.431562212
0.0.1097802,24.50278118688019,SUCCESS,0.0.731861,0.0.3964804,0.0.4138717@1780345749.323189224
0.0.3768895,0.01975717044369257,SUCCESS,0.0.731861,0.0.3964804,0.0.4138717@1780345752.134799612
0.0.4184148,3.98172670020727,SUCCESS,0.0.731861,0.0.3964804,0.0.4138717@1780345753.705920825
0.0.1313705,11.29504238408746,SUCCESS,0.0.731861,0.0.3964804,0.0.4138717@1780345749.446514711
0.0.833050,0.5661009364696741,SUCCESS,0.0.731861,0.0.3964804,0.0.4138717@1780345753.414076505
0.0.3872024,28.2960212219322,SUCCESS,0.0.731861,0.0.3964804,0.0.4138717@1780345750.421465442
0.0.1121794,2.557472202944699,SUCCESS,0.0.731861,0.0.3964804,0.0.4138717@1780345752.799823114
0.0.1350500,16.24857044141139,SUCCESS,0.0.731861,0.0.3964804&0.0.6071119&0.0.6078473,0.0.4138717@1780345755.763138909
0.0.1104374,836.2262594695117,SUCCESS,0.0.731861,0.0.3964804,0.0.4138717@1780345754.157075724
0.0.5068116,0.3539264660576902,NOT_ASSOCIATED,0.0.731861,0.0.3964804,
0.0.433061,1.575561415019788,SUCCESS,0.0.731861,0.0.3964804&0.0.3964860,0.0.4138717@1780345753.193035430
0.0.5957030,18.47018580864547,NOT_ASSOCIATED,0.0.731861,0.0.3964804,
0.0.6275653,0.117637706493719,SUCCESS,0.0.731861,0.0.3964804,0.0.4138717@1780345757.467105591
0.0.6154587,142.4345571482158,SUCCESS,0.0.731861,0.0.3964804,0.0.4138717@1780345756.539508216
0.0.6139137,6.471693675240421,SUCCESS,0.0.731861,0.0.3964804,0.0.4138717@1780345754.128274576
0.0.753351,4.696511194665209,SUCCESS,0.0.731861,0.0.3964804,0.0.4138717@1780345757.421652894
0.0.1463629,1.369876790096239,SUCCESS,0.0.731861,0.0.3964804,0.0.4138717@1780345755.267510625
0.0.805713,209.5628360966643,SUCCESS,0.0.731861,0.0.3964804,0.0.4138717@1780345757.622157612
0.0.4965217,2.466004366060046,SUCCESS,0.0.731861,0.0.3964804,0.0.4138717@1780345759.089073562
0.0.3967246,5.20729630780394,SUCCESS,0.0.731861,0.0.3964804,0.0.4138717@1780345759.514564923
0.0.4358173,272.5760640118743,SUCCESS,0.0.731861,0.0.3964804&0.0.4601632&0.0.6126395,0.0.4138717@1780345758.963343043
0.0.4717832,2.199060107988938,SUCCESS,0.0.731861,0.0.3964804,0.0.4138717@1780345762.172349607
0.0.6852334,28.65023138824739,SUCCESS,0.0.731861,0.0.3964804,0.0.4138717@1780345762.067562113
0.0.6828202,215.8811036303113,SUCCESS,0.0.731861,0.0.3964804&0.0.4601632,0.0.4138717@1780345761.849644889
0.0.3048811,1696.762127685895,SUCCESS,0.0.731861,0.0.3964804&0.0.4601632&0.0.5328590&0.0.6071041,0.0.4138717@1780345761.119760811
0.0.4314332,37.42529326412942,SUCCESS,0.0.731861,0.0.3964804,0.0.4138717@1780345759.238113493
0.0.6416166,8.367638199822716,SUCCESS,0.0.731861,0.0.3964804,0.0.4138717@1780345762.861767827
0.0.2967389,4.040013698984457,SUCCESS,0.0.731861,0.0.3964804,0.0.4138717@1780345760.383893498
0.0.6270761,325.1890035690968,SUCCESS,0.0.731861,0.0.3964804,0.0.4138717@1780345761.983958089
0.0.6157135,2390.864979707372,SUCCESS,0.0.731861,0.0.3964804&0.0.3964827&0.0.5328590,0.0.4138717@1780345764.905496088
0.0.6004536,0.5053008951808232,SUCCESS,0.0.731861,0.0.3964804,0.0.4138717@1780345765.147213659
0.0.7450449,5.548597136140418,NOT_ASSOCIATED,0.0.731861,0.0.3964804,
0.0.6475509,1.555342354420542,SUCCESS,0.0.731861,0.0.3964804,0.0.4138717@1780345763.060922856
0.0.662621,3.779055670286514,SUCCESS,0.0.731861,0.0.3964804,0.0.4138717@1780345764.853381877
0.0.4327294,0.1649726184659478,SUCCESS,0.0.731861,0.0.3964804,0.0.4138717@1780345766.634309623
0.0.3100704,5755.676060887747,SUCCESS,0.0.731861,0.0.3964804&0.0.3964860&0.0.4601632&0.0.5328590,0.0.4138717@1780345764.447062111
0.0.1860252,1.619017516732951,SUCCESS,0.0.731861,0.0.3964804,0.0.4138717@1780345763.935787398
0.0.2101943,0.03076756688243279,SUCCESS,0.0.731861,0.0.3964804,0.0.4138717@1780345764.350850432
0.0.4639295,7.538993191389694,SUCCESS,0.0.731861,0.0.3964804,0.0.4138717@1780345766.927946342
0.0.1357334,1.845323620156497,SUCCESS,0.0.731861,0.0.3964804,0.0.4138717@1780345765.837284789
0.0.3165925,0.6837701101792752,SUCCESS,0.0.731861,0.0.3964804,0.0.4138717@1780345766.645247981
0.0.1353334,0.4855555951326277,SUCCESS,0.0.731861,0.0.3964804,0.0.4138717@1780345767.321480725
0.0.1402758,8.528092941627493,SUCCESS,0.0.731861,0.0.3964804,0.0.4138717@1780345768.786089463
0.0.728698,12.12893311310753,SUCCESS,0.0.731861,0.0.3964804&0.0.4601632,0.0.4138717@1780345771.304478522
0.0.6068301,17.36680664938631,SUCCESS,0.0.731861,0.0.3964804&0.0.5328590,0.0.4138717@1780345771.856939711
0.0.838198,18.64492746842044,SUCCESS,0.0.731861,0.0.3964804&0.0.3964855&0.0.4601632,0.0.4138717@1780345768.137684575
0.0.5315914,16.96461120176339,SUCCESS,0.0.731861,0.0.3964804,0.0.4138717@1780345768.468272219
0.0.5421455,0.04196942691606285,SUCCESS,0.0.731861,0.0.3964804,0.0.4138717@1780345771.803538946
0.0.4093788,21.89690070557523,SUCCESS,0.0.731861,0.0.3964804,0.0.4138717@1780345772.336755579
0.0.5495538,14.03163786846817,SUCCESS,0.0.731861,0.0.3964804&0.0.3964860&0.0.4601632,0.0.4138717@1780345772.355408988
0.0.4533464,1.311062425220755,SUCCESS,0.0.731861,0.0.3964804,0.0.4138717@1780345772.885933294
0.0.859649,1.943464745815487,SUCCESS,0.0.731861,0.0.3964804,0.0.4138717@1780345775.029463691
0.0.5147407,3.855648289461927,SUCCESS,0.0.731861,0.0.3964804,0.0.4138717@1780345773.629743680
0.0.796454,576.7042541762139,SUCCESS,0.0.731861,0.0.3964804,0.0.4138717@1780345774.941908192
0.0.3937438,2.969927318807041,SUCCESS,0.0.731861,0.0.3964804,0.0.4138717@1780345775.046427804
0.0.5023507,150.5583931111979,SUCCESS,0.0.731861,0.0.3964804&0.0.4601632&0.0.5328590,0.0.4138717@1780345774.070307034
0.0.4589167,0.2299324680711519,NOT_ASSOCIATED,0.0.731861,0.0.3964804,
0.0.5698429,0.06632732116933719,SUCCESS,0.0.731861,0.0.3964804,0.0.4138717@1780345774.569714068
0.0.4351736,0.1553192974413263,SUCCESS,0.0.731861,0.0.3964804,0.0.4138717@1780345777.389583349
0.0.1481135,140.2666408791466,SUCCESS,0.0.731861,0.0.3964804&0.0.4601632,0.0.4138717@1780345777.148103784
0.0.7896816,242.1889775596198,NOT_ASSOCIATED,0.0.731861,0.0.3964804,
0.0.7910977,27.9099562595519,SUCCESS,0.0.731861,0.0.3964804,0.0.4138717@1780345776.773182132
0.0.3947850,0.04681330481284035,SUCCESS,0.0.731861,0.0.3964804&0.0.5328590,0.0.4138717@1780345780.810693472
0.0.5905014,5.944427607080823,SUCCESS,0.0.731861,0.0.3964804,0.0.4138717@1780345779.858421637
0.0.5042398,25.69253038859479,SUCCESS,0.0.731861,0.0.3964804,0.0.4138717@1780345778.193787936
0.0.1479857,17.093230857198,SUCCESS,0.0.731861,0.0.3964804,0.0.4138717@1780345780.261447832
0.0.7965413,0.0149082579052898,NOT_ASSOCIATED,0.0.731861,0.0.3964804,
0.0.7835479,0.5876474434827086,SUCCESS,0.0.731861,0.0.3964804&0.0.3964827,0.0.4138717@1780345777.455382882
0.0.7570262,1.226606198222844,SUCCESS,0.0.731861,0.0.3964804,0.0.4138717@1780345781.153535883
0.0.7421912,0.6735320882838907,SUCCESS,0.0.731861,0.0.3964804,0.0.4138717@1780345783.049754497
0.0.7791729,0.01483102880240083,NOT_ASSOCIATED,0.0.731861,0.0.3964804,
0.0.5739319,15.00348834977116,SUCCESS,0.0.731861,0.0.3964804,0.0.4138717@1780345782.394845156
0.0.7777028,9.739196610506154,NOT_ASSOCIATED,0.0.731861,0.0.3964804,
0.0.8032303,0.8743103996137543,SUCCESS,0.0.731861,0.0.3964804,0.0.4138717@1780345781.106062450
0.0.7746903,1.263413218327019,SUCCESS,0.0.731861,0.0.3964804,0.0.4138717@1780345782.797214166
0.0.7974195,624.0106093477325,SUCCESS,0.0.731861,0.0.3964804,0.0.4138717@1780345782.961385921
0.0.8056304,8.515640710840236,NOT_ASSOCIATED,0.0.731861,0.0.3964804,
0.0.7912110,0.005045326433741711,NOT_ASSOCIATED,0.0.731861,0.0.3964804,
0.0.2006292,0.8889190032707652,SUCCESS,0.0.731861,0.0.3964804,0.0.4138717@1780345784.673268121
0.0.1092596,14.00645770075869,SUCCESS,0.0.731861,0.0.3964804&0.0.3964860&0.0.4601632,0.0.4138717@1780345783.562243552
0.0.8059253,8.89913557875038,SUCCESS,0.0.731861,0.0.3964804,0.0.4138717@1780345781.250082218
0.0.2477582,4.998416857238932,NOT_ASSOCIATED,0.0.731861,0.0.3964804,
0.0.8042105,1.745469238599953,NOT_ASSOCIATED,0.0.731861,0.0.3964804,
0.0.7913251,1.047084530363068,SUCCESS,0.0.731861,0.0.3964804,0.0.4138717@1780345783.462025217
0.0.4746343,0.02705033609111593,SUCCESS,0.0.731861,0.0.3964804,0.0.4138717@1780345786.611213516
0.0.5007636,1.498771998695632,NOT_ASSOCIATED,0.0.731861,0.0.3964804,
0.0.760653,2.913868409558116,SUCCESS,0.0.731861,0.0.3964804,0.0.4138717@1780345786.432084264
0.0.4978453,129.6548439006676,SUCCESS,0.0.731861,0.0.3964804,0.0.4138717@1780345784.855588294
0.0.1233065,5.264804247563547,SUCCESS,0.0.731861,0.0.3964804,0.0.4138717@1780345789.425975948
0.0.6612734,0.116613643817967,NOT_ASSOCIATED,0.0.731861,0.0.3964804,
0.0.6344703,14560.82467615508,SUCCESS,0.0.731861,0.0.3964804&0.0.4129330&0.0.6071041&0.0.6126395&0.0.8315114,0.0.4138717@1780345787.693986861
0.0.1448239,0.7964982766617954,SUCCESS,0.0.731861,0.0.3964804,0.0.4138717@1780345788.091738731
0.0.6232417,0.3102817558832878,SUCCESS,0.0.731861,0.0.3964804,0.0.4138717@1780345789.968810054
0.0.6933072,7.759963983231884,NOT_ASSOCIATED,0.0.731861,0.0.3964804,
0.0.1859919,1.973884555342842,NOT_ASSOCIATED,0.0.731861,0.0.3964804,
0.0.835625,47.01260198535822,SUCCESS,0.0.731861,0.0.3964804&0.0.3964827,0.0.4138717@1780345786.844266598
0.0.6674918,0.2227099940798832,SUCCESS,0.0.731861,0.0.3964804,0.0.4138717@1780345789.207524561
0.0.4360598,0.5863587005815236,SUCCESS,0.0.731861,0.0.3964804,0.0.4138717@1780345791.565630914
0.0.2123622,23.92629132881169,SUCCESS,0.0.731861,0.0.3964804,0.0.4138717@1780345790.867228577
0.0.6324031,0.01166357556157137,SUCCESS,0.0.731861,0.0.3964804,0.0.4138717@1780345788.916846419
0.0.833836,36.42050106408992,SUCCESS,0.0.731861,0.0.3964804,0.0.4138717@1780345790.247475305
0.0.7200618,0.2927923214242932,SUCCESS,0.0.731861,0.0.3964804,0.0.4138717@1780345793.370889563
0.0.3159220,8.702848926358952,SUCCESS,0.0.731861,0.0.3964804,0.0.4138717@1780345790.722877343
0.0.4595460,1.676255896025194,SUCCESS,0.0.731861,0.0.3964804,0.0.4138717@1780345790.192868222
0.0.4899880,1.019864654399027,SUCCESS,0.0.731861,0.0.3964804,0.0.4138717@1780345793.000957983
0.0.5437974,15.50406784509459,SUCCESS,0.0.731861,0.0.3964804,0.0.4138717@1780345792.906092244
0.0.7610560,2.311421047542048,NOT_ASSOCIATED,0.0.731861,0.0.3964804,
0.0.7638910,0.6879577386328591,SUCCESS,0.0.731861,0.0.3964804,0.0.4138717@1780345790.971645100
0.0.6256886,0.6854548673285625,SUCCESS,0.0.731861,0.0.3964804,0.0.4138717@1780345793.746348445
0.0.831661,39.02138797838052,SUCCESS,0.0.731861,0.0.3964804,0.0.4138717@1780345792.080615218
0.0.2557514,15.14781932900857,SUCCESS,0.0.731861,0.0.3964804,0.0.4138717@1780345797.104384653
0.0.4250725,2.335724012071388,SUCCESS,0.0.731861,0.0.3964804,0.0.4138717@1780345793.624065760
0.0.3912896,2.888808751197087,SUCCESS,0.0.731861,0.0.3964804,0.0.4138717@1780345795.053300496
0.0.4752954,4.081410752215244,SUCCESS,0.0.731861,0.0.3964804,0.0.4138717@1780345797.979518026
0.0.9095016,32.63136186493487,NOT_ASSOCIATED,0.0.731861,0.0.3964804,
0.0.53756,57.73632854685803,SUCCESS,0.0.731861,0.0.3964804,0.0.4138717@1780345795.859385736
0.0.689277,132.9829309800742,SUCCESS,0.0.731861,0.0.3964804,0.0.4138717@1780345796.491687304
0.0.1090802,1.211783983632519,SUCCESS,0.0.731861,0.0.3964804,0.0.4138717@1780345796.679781284
0.0.2091507,37.54112371081449,SUCCESS,0.0.731861,0.0.3964804,0.0.4138717@1780345796.860688511
0.0.7550890,2.093719462538858,SUCCESS,0.0.731861,0.0.3964804,0.0.4138717@1780345800.066430038
0.0.958821,263.0038254455533,SUCCESS,0.0.731861,0.0.3964804,0.0.4138717@1780345801.899587767
0.0.9065767,12.73077883510649,SUCCESS,0.0.731861,0.0.3964804,0.0.4138717@1780345802.488978443
0.0.9009997,6.983323164830636,NOT_ASSOCIATED,0.0.731861,0.0.3964804,
0.0.7788265,3.080555240779245,NOT_ASSOCIATED,0.0.731861,0.0.3964804,
0.0.8792600,0.04974803662246784,NOT_ASSOCIATED,0.0.731861,0.0.3964804,
0.0.8256574,0.09961335343240567,SUCCESS,0.0.731861,0.0.3964804,0.0.4138717@1780345800.989569717
0.0.8585468,0.01535101904438123,SUCCESS,0.0.731861,0.0.3964804,0.0.4138717@1780345799.645241888
0.0.9169121,5.4233661303682,SUCCESS,0.0.731861,0.0.3964804,0.0.4138717@1780345798.696809250
0.0.8392843,6.09576105785968,NOT_ASSOCIATED,0.0.731861,0.0.3964804,
0.0.9086562,0.02010897922851642,SUCCESS,0.0.731861,0.0.3964804,0.0.4138717@1780345799.563547089
0.0.9177141,0.8575797101991463,NOT_ASSOCIATED,0.0.731861,0.0.3964804,
0.0.1403937,0.1442544838476832,SUCCESS,0.0.731861,0.0.3964804,0.0.4138717@1780345802.861296691
0.0.1118731,0.2521918247002944,SUCCESS,0.0.731861,0.0.3964804,0.0.4138717@1780345802.384679376
0.0.9196038,3.059904729338131,SUCCESS,0.0.731861,0.0.3964804,0.0.4138717@1780345801.787353468
0.0.1862342,5.503153789527551,SUCCESS,0.0.731861,0.0.3964804,0.0.4138717@1780345802.478334520
0.0.8113254,13.16724533317345,SUCCESS,0.0.731861,0.0.3964804&0.0.4601632&0.0.5328590,0.0.4138717@1780345805.073932744
0.0.4345655,56.25498520882961,SUCCESS,0.0.731861,0.0.3964804,0.0.4138717@1780345802.582083200
0.0.4795853,4.848933189353072,SUCCESS,0.0.731861,0.0.3964804,0.0.4138717@1780345804.812347911
0.0.7997139,1.788070233225477,SUCCESS,0.0.731861,0.0.3964804,0.0.4138717@1780345803.941881118
0.0.8298814,27.9623550010269,SUCCESS,0.0.731861,0.0.3964804,0.0.4138717@1780345803.796062082
0.0.8181079,19.85686883438303,SUCCESS,0.0.731861,0.0.3964804,0.0.4138717@1780345808.102327200
0.0.7964752,0.06928811180772546,SUCCESS,0.0.731861,0.0.3964804,0.0.4138717@1780345804.907654743
0.0.2025203,1.38428445288777,SUCCESS,0.0.731861,0.0.3964804,0.0.4138717@1780345806.022550483
0.0.7049977,0.1387990503722571,NOT_ASSOCIATED,0.0.731861,0.0.3964804,
0.0.4867972,0.5524202904160284,SUCCESS,0.0.731861,0.0.3964804,0.0.4138717@1780345807.031672251
0.0.8209324,9.429613605100403,SUCCESS,0.0.731861,0.0.3964804,0.0.4138717@1780345810.403349734
0.0.8306798,34.87506459998798,SUCCESS,0.0.731861,0.0.3964804&0.0.3964827&0.0.5328590,0.0.4138717@1780345812.549214764
0.0.5761971,0.002606071922333008,SUCCESS,0.0.731861,0.0.3964804,0.0.4138717@1780345809.737959196
0.0.1906790,0.1894697544671982,SUCCESS,0.0.731861,0.0.3964804,0.0.4138717@1780345809.778127004
0.0.8178093,1.496099516077918,NOT_ASSOCIATED,0.0.731861,0.0.3964804,
0.0.3273594,44.39089294347809,SUCCESS,0.0.731861,0.0.3964804,0.0.4138717@1780345811.190109974
0.0.8175769,1.284906534299239,SUCCESS,0.0.731861,0.0.3964804,0.0.4138717@1780345812.197169372
0.0.8142528,0.4201696531942455,NOT_ASSOCIATED,0.0.731861,0.0.3964804,
0.0.3828375,334.2548189482684,SUCCESS,0.0.731861,0.0.3964804,0.0.4138717@1780345812.375724534
0.0.7993090,71.82435071020369,SUCCESS,0.0.731861,0.0.3964804,0.0.4138717@1780345810.422175312
0.0.8156060,1.765877713515156,SUCCESS,0.0.731861,0.0.3964804,0.0.4138717@1780345812.660476927
0.0.8323906,282.0764473502825,NOT_ASSOCIATED,0.0.731861,0.0.3964804,
0.0.8346544,50.36832729198463,NOT_ASSOCIATED,0.0.731861,0.0.3964804,
0.0.8357708,279.748510784365,SUCCESS,0.0.731861,0.0.3964804,0.0.4138717@1780345813.323337908
0.0.8357089,10.57636426604219,NOT_ASSOCIATED,0.0.731861,0.0.3964804,
0.0.3077609,43.48211677566676,SUCCESS,0.0.731861,0.0.3964804,0.0.4138717@1780345815.971307569
0.0.1714233,4.797871474737637,SUCCESS,0.0.731861,0.0.3964804,0.0.4138717@1780345813.461136240
0.0.8414409,0.2681002745970372,SUCCESS,0.0.731861,0.0.3964804,0.0.4138717@1780345817.759254185
0.0.8385016,5.48667144850288,SUCCESS,0.0.731861,0.0.3964804,0.0.4138717@1780345817.714967096
0.0.8198608,6.709014184346811,SUCCESS,0.0.731861,0.0.3964804,0.0.4138717@1780345815.104683881
0.0.5524338,0.8149191766812584,SUCCESS,0.0.731861,0.0.3964804,0.0.4138717@1780345816.514518299
0.0.1459865,28.27265071416021,NOT_ASSOCIATED,0.0.731861,0.0.3964804,
0.0.1365814,5.155828084721447,SUCCESS,0.0.731861,0.0.3964804,0.0.4138717@1780345819.355291348
0.0.5482082,4.982862075506431,SUCCESS,0.0.731861,0.0.3964804,0.0.4138717@1780345816.070971464
0.0.8213249,351.9653310017999,SUCCESS,0.0.731861,0.0.3964804,0.0.4138717@1780345820.785616175
0.0.6460255,32.89340272613492,NOT_ASSOCIATED,0.0.731861,0.0.3964804,
0.0.3907868,0.03764225322313491,SUCCESS,0.0.731861,0.0.3964804,0.0.4138717@1780345818.118912061
0.0.1043461,564.1917851556395,SUCCESS,0.0.731861,0.0.3964804,0.0.4138717@1780345820.294516436
0.0.9317309,0.009340349863979133,SUCCESS,0.0.731861,0.0.3964804&0.0.9774523,0.0.4138717@1780345817.170459308
0.0.7550127,1.531683630754143,SUCCESS,0.0.731861,0.0.3964804,0.0.4138717@1780345819.415805640
0.0.10068662,0.3804938824018897,SUCCESS,0.0.731861,0.0.3964804,0.0.4138717@1780345821.081154900
0.0.9695749,24.04766338641946,NOT_ASSOCIATED,0.0.731861,0.0.3964804,
0.0.834767,9.395092681742325,SUCCESS,0.0.731861,0.0.3964804,0.0.4138717@1780345823.578012704
0.0.9612822,1.181060259160285,NOT_ASSOCIATED,0.0.731861,0.0.3964804,
0.0.6258977,32.48445642716734,SUCCESS,0.0.731861,0.0.3964804&0.0.5328590,0.0.4138717@1780345823.554325040
0.0.946029,3.885786811277912,NOT_ASSOCIATED,0.0.731861,0.0.3964804,
0.0.1461428,11.83798018561714,SUCCESS,0.0.731861,0.0.3964804,0.0.4138717@1780345823.752137468
0.0.4154591,881.6600225652018,SUCCESS,0.0.731861,0.0.3964804&0.0.3964860&0.0.4601632&0.0.5328590,0.0.4138717@1780345824.664372239
0.0.1517175,6.640992191651065,SUCCESS,0.0.731861,0.0.3964804,0.0.4138717@1780345823.102497979
0.0.4911466,0.06745600203261778,SUCCESS,0.0.731861,0.0.3964804,0.0.4138717@1780345823.861787779
0.0.10085318,12.45819081864038,SUCCESS,0.0.731861,0.0.3964804,0.0.4138717@1780345824.526353196
0.0.9690555,2.034656829558416,SUCCESS,0.0.731861,0.0.3964804,0.0.4138717@1780345821.931944359
0.0.10167174,1.917361185030009,SUCCESS,0.0.731861,0.0.3964804,0.0.4138717@1780345823.135998280
0.0.1711144,1.159720055964589,NOT_ASSOCIATED,0.0.731861,0.0.3964804,
0.0.1486871,216.871468496445,SUCCESS,0.0.731861,0.0.3964804,0.0.4138717@1780345827.110941805
0.0.7164995,57.44490371903423,SUCCESS,0.0.731861,0.0.3964804,0.0.4138717@1780345826.633335005
0.0.10056907,301.6565392544774,SUCCESS,0.0.731861,0.0.3964804&0.0.5328590,0.0.4138717@1780345827.234478435
0.0.2030460,3723.017643283029,SUCCESS,0.0.731861,0.0.3964804&0.0.5328590&0.0.6078473,0.0.4138717@1780345826.725675427
0.0.3948696,0.4304033968456633,SUCCESS,0.0.731861,0.0.3964804,0.0.4138717@1780345826.255429941
0.0.10242536,12.23978353694434,NOT_ASSOCIATED,0.0.731861,0.0.3964804,
0.0.10261941,8.205939373032901,SUCCESS,0.0.731861,0.0.3964804,0.0.4138717@1780345828.153729396
0.0.6094118,0.1551860325223861,SUCCESS,0.0.731861,0.0.3964804,0.0.4138717@1780345828.006792509
0.0.9272301,6.930558376986733,NOT_ASSOCIATED,0.0.731861,0.0.3964804,
0.0.9273859,0.5157062411724186,SUCCESS,0.0.731861,0.0.3964804,0.0.4138717@1780345829.562918381
0.0.2149252,0.0009789529262061113,SUCCESS,0.0.731861,0.0.3964804,0.0.4138717@1780345826.057782099
0.0.9150672,0.2301559774867251,SUCCESS,0.0.731861,0.0.3964804,0.0.4138717@1780345831.162491789
0.0.9144684,1.234298143622514,SUCCESS,0.0.731861,0.0.3964804,0.0.4138717@1780345831.779624668
0.0.853379,165.0124670048131,SUCCESS,0.0.731861,0.0.3964804,0.0.4138717@1780345831.254959380
0.0.9168967,18.44667589923831,SUCCESS,0.0.731861,0.0.3964804&0.0.3964827&0.0.5328590,0.0.4138717@1780345832.451753665
0.0.4310363,33.07978018176942,SUCCESS,0.0.731861,0.0.3964804&0.0.3964860,0.0.4138717@1780345829.380769836
0.0.9201440,0.6090898041021036,SUCCESS,0.0.731861,0.0.3964804,0.0.4138717@1780345829.589912529
0.0.3681629,44.54498539591608,SUCCESS,0.0.731861,0.0.3964804,0.0.4138717@1780345832.552252118
0.0.6295630,0.4030969489584917,NOT_ASSOCIATED,0.0.731861,0.0.3964804,
0.0.2017766,10.76637002848715,SUCCESS,0.0.731861,0.0.3964804,0.0.4138717@1780345833.328337691
0.0.9303899,17.12644478182513,SUCCESS,0.0.731861,0.0.3964804,0.0.4138717@1780345832.402751216
0.0.966444,29.83649114726749,SUCCESS,0.0.731861,0.0.3964804,0.0.4138717@1780345834.657987478
0.0.9178066,0.09088502355103248,SUCCESS,0.0.731861,0.0.3964804,0.0.4138717@1780345836.098824047
0.0.9404882,3.607817484035288,SUCCESS,0.0.731861,0.0.3964804,0.0.4138717@1780345836.110230439
0.0.915984,220.3611025524245,SUCCESS,0.0.731861,0.0.3964804,0.0.4138717@1780345833.679889506
0.0.1736150,21.65285613044388,SUCCESS,0.0.731861,0.0.3964804,0.0.4138717@1780345833.826912664
0.0.9477910,36.22933309218946,SUCCESS,0.0.731861,0.0.3964804,0.0.4138717@1780345835.795292320
0.0.9464371,739.2756997174619,SUCCESS,0.0.731861,0.0.3964804,0.0.4138717@1780345835.954290211
0.0.2657839,60.87099953569417,SUCCESS,0.0.731861,0.0.3964804,0.0.4138717@1780345835.347200152
0.0.9226909,3.504951535710201,SUCCESS,0.0.731861,0.0.3964804,0.0.4138717@1780345838.304262200
0.0.4785387,65.41947506425709,SUCCESS,0.0.731861,0.0.3964804&0.0.4601632,0.0.4138717@1780345836.735866717
0.0.5314183,5.234642413514408,SUCCESS,0.0.731861,0.0.3964804,0.0.4138717@1780345837.881607178
0.0.840487,43.34584444999989,SUCCESS,0.0.731861,0.0.3964804,0.0.4138717@1780345839.752643733
0.0.789990,0.983526600578808,SUCCESS,0.0.731861,0.0.3964804,0.0.4138717@1780345839.002049465
0.0.4362017,22.13938523990402,SUCCESS,0.0.731861,0.0.3964804,0.0.4138717@1780345838.779512519
0.0.1046906,0.3408720603647636,SUCCESS,0.0.731861,0.0.3964804,0.0.4138717@1780345842.542065756
0.0.4923529,0.02460289102381938,NOT_ASSOCIATED,0.0.731861,0.0.3964804,
0.0.4741573,12.52570674552831,SUCCESS,0.0.731861,0.0.3964804,0.0.4138717@1780345842.696838062
0.0.1747288,51.90582291862629,SUCCESS,0.0.731861,0.0.3964804,0.0.4138717@1780345840.555104842
0.0.4640278,1.289435104815783,SUCCESS,0.0.731861,0.0.3964804,0.0.4138717@1780345844.683261121
0.0.4758052,2.375291651121581,SUCCESS,0.0.731861,0.0.3964804,0.0.4138717@1780345843.724757151
0.0.3295745,54.70777591203233,SUCCESS,0.0.731861,0.0.3964804,0.0.4138717@1780345841.626246834
0.0.5060252,2.900474646596912,SUCCESS,0.0.731861,0.0.3964804&0.0.3964860,0.0.4138717@1780345846.102038261
0.0.4322023,8.756067401716864,SUCCESS,0.0.731861,0.0.3964804&0.0.3964855&0.0.4601632,0.0.4138717@1780345841.978136672
0.0.9796301,5.152246576609517,NOT_ASSOCIATED,0.0.731861,0.0.3964804,
0.0.1388678,67.75215256717885,SUCCESS,0.0.731861,0.0.3964804,0.0.4138717@1780345842.610872442
0.0.848151,5.020497952951317,SUCCESS,0.0.731861,0.0.3964804,0.0.4138717@1780345844.277358415
0.0.6061106,6.116386723456103,NOT_ASSOCIATED,0.0.731861,0.0.3964804,
0.0.846992,17.42341369725995,SUCCESS,0.0.731861,0.0.3964804,0.0.4138717@1780345848.371027191
0.0.4799094,1.458416062084661,SUCCESS,0.0.731861,0.0.3964804,0.0.4138717@1780345849.170700508
0.0.1334605,150.1238131591659,SUCCESS,0.0.731861,0.0.3964804,0.0.4138717@1780345848.816161424
0.0.6058490,0.4372411504422852,SUCCESS,0.0.731861,0.0.3964804,0.0.4138717@1780345846.075945975
0.0.6078189,53.09125403885156,SUCCESS,0.0.731861,0.0.3964804,0.0.4138717@1780345850.266538100
0.0.6247418,0.7543751610043348,NOT_ASSOCIATED,0.0.731861,0.0.3964804,
0.0.4659519,25.23916481592455,SUCCESS,0.0.731861,0.0.3964804,0.0.4138717@1780345847.133855409
0.0.827132,1.521777387634397,SUCCESS,0.0.731861,0.0.3964804,0.0.4138717@1780345848.238899732
0.0.876236,2.063170847734148,SUCCESS,0.0.731861,0.0.3964804,0.0.4138717@1780345851.278641792
0.0.836096,4.032346655545611,SUCCESS,0.0.731861,0.0.3964804,0.0.4138717@1780345847.720981997
0.0.837799,18.06044719565877,SUCCESS,0.0.731861,0.0.3964804,0.0.4138717@1780345851.204605995
0.0.4144365,26.61783010531373,SUCCESS,0.0.731861,0.0.3964804,0.0.4138717@1780345850.117673726
0.0.2005484,0.2881408232541371,SUCCESS,0.0.731861,0.0.3964804,0.0.4138717@1780345850.556376431
0.0.4644030,0.3494300675291634,SUCCESS,0.0.731861,0.0.3964804,0.0.4138717@1780345852.142430394
0.0.435679,3216.529361702811,SUCCESS,0.0.731861,0.0.3964804&0.0.3964827&0.0.3964860&0.0.5328590,0.0.4138717@1780345852.500669783
0.0.1505544,0.1031348850607979,SUCCESS,0.0.731861,0.0.3964804,0.0.4138717@1780345851.424977376
0.0.10427913,1.23341037190998,NOT_ASSOCIATED,0.0.731861,0.0.3964804,
0.0.10171350,54.70352267075505,SUCCESS,0.0.731861,0.0.3964804&0.0.5328590,0.0.4138717@1780345851.537394819
0.0.4853191,0.06752397322180397,SUCCESS,0.0.731861,0.0.3964804,0.0.4138717@1780345856.248810804
0.0.10383503,373.7197537210848,SUCCESS,0.0.731861,0.0.3964804,0.0.4138717@1780345855.293982735
0.0.10356782,5.117286755030307,SUCCESS,0.0.731861,0.0.3964804,0.0.4138717@1780345852.791431881
0.0.10279551,1.782743025029902,SUCCESS,0.0.731861,0.0.3964804,0.0.4138717@1780345853.157288120
0.0.4340392,0.7478197389623303,SUCCESS,0.0.731861,0.0.3964804,0.0.4138717@1780345854.861398745
0.0.2302824,0.03326028929027987,SUCCESS,0.0.731861,0.0.3964804,0.0.4138717@1780345856.090218405
0.0.4433604,1.067279147686806,SUCCESS,0.0.731861,0.0.3964804&0.0.4601632,0.0.4138717@1780345858.955337016
0.0.4345176,1.342024078805736,SUCCESS,0.0.731861,0.0.3964804,0.0.4138717@1780345857.821825976
0.0.5432163,0.5979347731250997,NOT_ASSOCIATED,0.0.731861,0.0.3964804,
0.0.4329551,67.33821660930533,SUCCESS,0.0.731861,0.0.3964804&0.0.3964827&0.0.3964855,0.0.4138717@1780345859.749869667
0.0.5029689,42.72641256570736,SUCCESS,0.0.731861,0.0.3964804,0.0.4138717@1780345860.200806494
0.0.834666,103.362309270078,SUCCESS,0.0.731861,0.0.3964804,0.0.4138717@1780345856.340685091
0.0.4323897,0.2055554829799127,SUCCESS,0.0.731861,0.0.3964804,0.0.4138717@1780345863.123254391
0.0.4782567,37.0698005026662,SUCCESS,0.0.731861,0.0.3964804,0.0.4138717@1780345861.893101843
0.0.1415516,124.2241102108113,SUCCESS,0.0.731861,0.0.3964804,0.0.4138717@1780345861.587624704
0.0.4161393,2.395991773917385,SUCCESS,0.0.731861,0.0.3964804,0.0.4138717@1780345864.848823704
0.0.1872027,0.03344630385329656,SUCCESS,0.0.731861,0.0.3964804&0.0.3964860,0.0.4138717@1780345863.067327659
0.0.1183511,0.7667387414133056,SUCCESS,0.0.731861,0.0.3964804,0.0.4138717@1780345862.587314663
0.0.8131527,0.02659029661414836,NOT_ASSOCIATED,0.0.731861,0.0.3964804,
0.0.6497488,8.068769665775966,SUCCESS,0.0.731861,0.0.3964804,0.0.4138717@1780345862.369739770
0.0.8197490,125.7604200128626,SUCCESS,0.0.731861,0.0.3964804,0.0.4138717@1780345863.367151578
0.0.9112742,0.3726178975840958,SUCCESS,0.0.731861,0.0.3964804,0.0.4138717@1780345867.631728877
0.0.10495365,0.238952226866887,NOT_ASSOCIATED,0.0.731861,0.0.3964804,
0.0.912648,19.17223085942897,NOT_ASSOCIATED,0.0.731861,0.0.3964804,
0.0.10495727,10.6849490219708,SUCCESS,0.0.731861,0.0.3964804,0.0.4138717@1780345864.375645273
0.0.4821795,2.016086953512751,SUCCESS,0.0.731861,0.0.3964804,0.0.4138717@1780345865.564579565
0.0.10496154,0.4843986876958555,NOT_ASSOCIATED,0.0.731861,0.0.3964804,
0.0.835034,88.8633680910407,SUCCESS,0.0.731861,0.0.3964804&0.0.5328590,0.0.4138717@1780345868.618768625
0.0.912615,247.3580868299551,SUCCESS,0.0.731861,0.0.3964804&0.0.3964827,0.0.4138717@1780345867.294207919
0.0.4320892,3.924289403438073,SUCCESS,0.0.731861,0.0.3964804,0.0.4138717@1780345865.450955389
0.0.3008234,14.89271134235736,SUCCESS,0.0.731861,0.0.3964804,0.0.4138717@1780345868.640846141
0.0.4766806,1.301249377041257,SUCCESS,0.0.731861,0.0.3964804,0.0.4138717@1780345869.612281315
0.0.1478185,4.452168803750583,SUCCESS,0.0.731861,0.0.3964804,0.0.4138717@1780345869.139388284
0.0.4138268,20.09718907243693,SUCCESS,0.0.731861,0.0.3964804,0.0.4138717@1780345870.573167971
0.0.3327498,3.498055949456452,SUCCESS,0.0.731861,0.0.3964804,0.0.4138717@1780345871.890573313
0.0.832543,13.93653778691768,SUCCESS,0.0.731861,0.0.3964804,0.0.4138717@1780345869.507141616
0.0.885953,161.1007801123176,SUCCESS,0.0.731861,0.0.3964804,0.0.4138717@1780345874.140323265
0.0.1067361,165.3292593037002,SUCCESS,0.0.731861,0.0.3964804&0.0.5328590,0.0.4138717@1780345875.254225398
0.0.4766862,1.957926298783403,SUCCESS,0.0.731861,0.0.3964804,0.0.4138717@1780345873.518826500
0.0.4393392,0.007248041060857932,NOT_ASSOCIATED,0.0.731861,0.0.3964804,
0.0.8120088,0.6046005263815858,SUCCESS,0.0.731861,0.0.3964804,0.0.4138717@1780345872.253869239
0.0.6063136,0.01562129319925113,SUCCESS,0.0.731861,0.0.3964804,0.0.4138717@1780345874.036750815
0.0.6064013,11.19689134151344,SUCCESS,0.0.731861,0.0.3964804,0.0.4138717@1780345876.658821615
0.0.4725260,0.9028554513070753,SUCCESS,0.0.731861,0.0.3964804,0.0.4138717@1780345879.087419884
0.0.1316658,2.57373483647347,SUCCESS,0.0.731861,0.0.3964804,0.0.4138717@1780345877.260683008
0.0.1385696,210.3225626890829,SUCCESS,0.0.731861,0.0.3964804,0.0.4138717@1780345877.877359221
0.0.823147,447.1404314648147,SUCCESS,0.0.731861,0.0.3964804,0.0.4138717@1780345876.429294874
0.0.1686527,0.03319927832969284,SUCCESS,0.0.731861,0.0.3964804,0.0.4138717@1780345878.939695831
0.0.7553528,157.9250541921532,SUCCESS,0.0.731861,0.0.3964804,0.0.4138717@1780345880.383937361
0.0.10129507,116.7008750821028,SUCCESS,0.0.731861,0.0.3964804&0.0.5328590,0.0.4138717@1780345877.784341097
0.0.732615,299.7812767051035,SUCCESS,0.0.731861,0.0.3964804,0.0.4138717@1780345879.044360717
0.0.4731571,0.01079902263217939,SUCCESS,0.0.731861,0.0.3964804,0.0.4138717@1780345880.062444457
0.0.844877,10.4864754995083,SUCCESS,0.0.731861,0.0.3964804,0.0.4138717@1780345882.469314965
0.0.5807966,0.005756589618681801,SUCCESS,0.0.731861,0.0.3964804,0.0.4138717@1780345879.712864300
0.0.6076526,0.3699481916662746,SUCCESS,0.0.731861,0.0.3964804,0.0.4138717@1780345882.402087127
0.0.1395051,0.04259985302070533,SUCCESS,0.0.731861,0.0.3964804,0.0.4138717@1780345880.599238436
0.0.7581801,0.006851692870501745,SUCCESS,0.0.731861,0.0.3964804,0.0.4138717@1780345884.503471398
0.0.3709566,0.07390646453624752,SUCCESS,0.0.731861,0.0.3964804,0.0.4138717@1780345883.597967979
0.0.684625,21.92975177092015,SUCCESS,0.0.731861,0.0.3964804&0.0.3964860,0.0.4138717@1780345881.518108844
0.0.8023334,1.08382906260819,SUCCESS,0.0.731861,0.0.3964804,0.0.4138717@1780345885.978161925
0.0.8273575,0.6216107341717486,SUCCESS,0.0.731861,0.0.3964804,0.0.4138717@1780345882.154614813
0.0.8570223,1.297204147829133,SUCCESS,0.0.731861,0.0.3964804,0.0.4138717@1780345884.603219799
0.0.8640197,2.160485418055412,SUCCESS,0.0.731861,0.0.3964804,0.0.4138717@1780345887.933259209
0.0.9125858,313308.3188084423,SUCCESS,0.0.731861,0.0.3964804&0.0.6071041&0.0.6071119&0.0.6126395&0.0.8315114&0.0.9774523&0.0.10018365&0.0.10092996&0.0.10093026,0.0.4138717@1780345888.631157258
0.0.8213379,0.001015721068380458,SUCCESS,0.0.731861,0.0.3964804,0.0.4138717@1780345886.046851618
0.0.1321462,1.680351772158414,SUCCESS,0.0.731861,0.0.3964804,0.0.4138717@1780345887.484268369
0.0.7950871,80.69945300333019,SUCCESS,0.0.731861,0.0.3964804&0.0.3964827,0.0.4138717@1780345884.991128525
0.0.7989176,137.5486605322039,SUCCESS,0.0.731861,0.0.3964804,0.0.4138717@1780345886.842072587
0.0.9377932,0.4949928861560624,SUCCESS,0.0.731861,0.0.3964804,0.0.4138717@1780345888.716351405
0.0.3051653,12.40149963260416,SUCCESS,0.0.731861,0.0.3964804,0.0.4138717@1780345888.837424247
0.0.8244642,1293.20835272203,SUCCESS,0.0.731861,0.0.3964804,0.0.4138717@1780345892.061275292
0.0.1696471,35.47961465151774,SUCCESS,0.0.731861,0.0.3964804,0.0.4138717@1780345892.342817004
0.0.10227517,3.903932846998999,SUCCESS,0.0.731861,0.0.3964804,0.0.4138717@1780345891.101272870
0.0.10502045,1.151594729420171,NOT_ASSOCIATED,0.0.731861,0.0.3964804,
0.0.4575958,3.690277109980412,SUCCESS,0.0.731861,0.0.3964804,0.0.4138717@1780345891.069833858
0.0.10151415,25.05112883179766,SUCCESS,0.0.731861,0.0.3964804,0.0.4138717@1780345893.308363393
0.0.9417458,6.372676576886309,SUCCESS,0.0.731861,0.0.3964804,0.0.4138717@1780345893.489915679
0.0.1178547,1.34980650890081,SUCCESS,0.0.731861,0.0.3964804,0.0.4138717@1780345891.669265444
0.0.8742796,6.476852049097055,SUCCESS,0.0.731861,0.0.3964804,0.0.4138717@1780345892.175003543
0.0.7789171,1.206171209971116,SUCCESS,0.0.731861,0.0.3964804,0.0.4138717@1780345892.334550961
0.0.815643,38.23832811715705,SUCCESS,0.0.731861,0.0.3964804,0.0.4138717@1780345896.559715598
0.0.5313474,0.3682415517649393,SUCCESS,0.0.731861,0.0.3964804,0.0.4138717@1780345893.848126526
0.0.838388,124.239999852993,SUCCESS,0.0.731861,0.0.3964804,0.0.4138717@1780345897.417273937
0.0.1391028,24.0373665820864,SUCCESS,0.0.731861,0.0.3964827,0.0.4138717@1780345895.161102409
0.0.3443413,19.36025490391661,SUCCESS,0.0.731861,0.0.3964827&0.0.4601632,0.0.4138717@1780345895.370439583
0.0.4364640,17.46120666289381,SUCCESS,0.0.731861,0.0.3964827,0.0.4138717@1780345896.709833161
0.0.4348609,214.1141250885414,SUCCESS,0.0.731861,0.0.3964827&0.0.5328590,0.0.4138717@1780345898.351170772
0.0.4344919,9.918437009239936,SUCCESS,0.0.731861,0.0.3964827,0.0.4138717@1780345898.386276395
0.0.5447658,0.6359092508307888,SUCCESS,0.0.731861,0.0.3964827,0.0.4138717@1780345903.400320722
0.0.1087560,65.16063428633416,SUCCESS,0.0.731861,0.0.3964827&0.0.3964855,0.0.4138717@1780345902.633578429
0.0.1006425,178.3486928831711,SUCCESS,0.0.731861,0.0.3964827,0.0.4138717@1780345900.708921526
0.0.1750137,211.9839561636727,SUCCESS,0.0.731861,0.0.3964827,0.0.4138717@1780345902.508041540
0.0.611948,38.1769661193042,SUCCESS,0.0.731861,0.0.3964827,0.0.4138717@1780345902.559024919
0.0.1392115,252.3571546869399,SUCCESS,0.0.731861,0.0.3964827&0.0.4129330,0.0.4138717@1780345904.079751450
0.0.7486751,5.226014954584697,SUCCESS,0.0.731861,0.0.3964827&0.0.4601632,0.0.4138717@1780345902.035798524
0.0.479120,3377.229993207457,SUCCESS,0.0.731861,0.0.3964827&0.0.4129330,0.0.4138717@1780345906.982649114
0.0.4793606,59.62703151314663,SUCCESS,0.0.731861,0.0.3964827&0.0.5328590,0.0.4138717@1780345905.170689754
0.0.1061257,282.6267530067493,SUCCESS,0.0.731861,0.0.3964827&0.0.4601632&0.0.5328590,0.0.4138717@1780345906.017122995
0.0.1107354,10.56472814342255,SUCCESS,0.0.731861,0.0.3964827,0.0.4138717@1780345906.402505351
0.0.4733298,8.308573571584903,SUCCESS,0.0.731861,0.0.3964827,0.0.4138717@1780345907.797805729
0.0.3169781,13.2791305533425,SUCCESS,0.0.731861,0.0.3964827,0.0.4138717@1780345907.183567941
0.0.1065704,102.9233868736278,SUCCESS,0.0.731861,0.0.3964827,0.0.4138717@1780345908.182695528
0.0.839408,114.3442579110579,SUCCESS,0.0.731861,0.0.3964827,0.0.4138717@1780345906.862698592
0.0.834607,39.17158678795148,SUCCESS,0.0.731861,0.0.3964827,0.0.4138717@1780345909.281180434
0.0.849606,206.4101137702832,SUCCESS,0.0.731861,0.0.3964827&0.0.6071119,0.0.4138717@1780345911.247969017
0.0.835079,1.283306946444367,SUCCESS,0.0.731861,0.0.3964827,0.0.4138717@1780345909.895672546
0.0.1400872,37.41630918231406,SUCCESS,0.0.731861,0.0.3964827&0.0.4129330&0.0.6071911,0.0.4138717@1780345909.058374637
0.0.4338112,0.09180419220645657,SUCCESS,0.0.731861,0.0.3964827,0.0.4138717@1780345910.319827566
0.0.1436265,4.874486868974209,SUCCESS,0.0.731861,0.0.3964827,0.0.4138717@1780345913.348086870
0.0.4737222,1.109322239351644,SUCCESS,0.0.731861,0.0.3964827,0.0.4138717@1780345912.562811930
0.0.913930,0.9158208941734756,SUCCESS,0.0.731861,0.0.3964827,0.0.4138717@1780345912.760495801
0.0.6109726,46.83666218211175,SUCCESS,0.0.731861,0.0.3964827,0.0.4138717@1780345912.425321484
0.0.7870892,4.582378667593846,SUCCESS,0.0.731861,0.0.3964827,0.0.4138717@1780345912.886114012
0.0.7595440,261.7731692231599,SUCCESS,0.0.731861,0.0.3964827,0.0.4138717@1780345911.782605762
0.0.7947570,0.1661163214288835,SUCCESS,0.0.731861,0.0.3964827,0.0.4138717@1780345913.119921919
0.0.7776243,3.414519456877833,SUCCESS,0.0.731861,0.0.3964827,0.0.4138717@1780345914.086261912
0.0.885667,5.145258094558367,SUCCESS,0.0.731861,0.0.3964827,0.0.4138717@1780345911.876342966
0.0.4882076,22.58360249695719,SUCCESS,0.0.731861,0.0.3964827&0.0.3964855&0.0.4129330&0.0.5328590,0.0.4138717@1780345913.422907019
0.0.836080,4.105034339073959e-9,SUCCESS,0.0.731861,0.0.3964827&0.0.3964855,0.0.4138717@1780345916.152334198
0.0.1120301,0.1625861341054601,SUCCESS,0.0.731861,0.0.3964827&0.0.3964855,0.0.4138717@1780345914.710196847
0.0.6288848,0.08983356911762007,SUCCESS,0.0.731861,0.0.3964827&0.0.6071119,0.0.4138717@1780345916.722795528
0.0.2960128,547.1706609592732,SUCCESS,0.0.731861,0.0.3964827&0.0.5328590,0.0.4138717@1780345919.554091542
0.0.8778454,0.06499658385151717,SUCCESS,0.0.731861,0.0.3964827,0.0.4138717@1780345920.497962099
0.0.1406579,0.7582558189543551,SUCCESS,0.0.731861,0.0.3964827,0.0.4138717@1780345917.827460117
0.0.9541852,1.29310942011187,SUCCESS,0.0.731861,0.0.3964827,0.0.4138717@1780345919.744037072
0.0.3283790,2666.064452672397,SUCCESS,0.0.731861,0.0.3964827&0.0.6071119,0.0.4138717@1780345916.507169579
0.0.8377520,174.9320818809502,SUCCESS,0.0.731861,0.0.3964827,0.0.4138717@1780345917.666453141
0.0.10233326,82.32334646998112,SUCCESS,0.0.731861,0.0.3964827,0.0.4138717@1780345917.689159718
0.0.10237841,34.77581489072885,SUCCESS,0.0.731861,0.0.3964827,0.0.4138717@1780345921.522642572
0.0.4410999,5.708357532698034,SUCCESS,0.0.731861,0.0.3964827,0.0.4138717@1780345922.219328490
0.0.2288443,283.7441777952938,SUCCESS,0.0.731861,0.0.3964827&0.0.4129330&0.0.5328590,0.0.4138717@1780345922.111482265
0.0.7965416,0.1567854310442824,NOT_ASSOCIATED,0.0.731861,0.0.3964827,
0.0.5239780,309.1672468255558,SUCCESS,0.0.731861,0.0.3964827,0.0.4138717@1780345921.495931678
0.0.4975045,228.522370838696,SUCCESS,0.0.731861,0.0.3964827,0.0.4138717@1780345921.957993980
0.0.6630516,14.32495249409636,SUCCESS,0.0.731861,0.0.3964827,0.0.4138717@1780345923.698092837
0.0.7677057,53.20409594698891,SUCCESS,0.0.731861,0.0.3964827,0.0.4138717@1780345923.951792895
0.0.1079751,125.7341917856051,SUCCESS,0.0.731861,0.0.3964827,0.0.4138717@1780345922.303172167
0.0.5377617,21.48416287809152,SUCCESS,0.0.731861,0.0.3964855,0.0.4138717@1780345925.041992108
0.0.1008009,43.24685017974285,SUCCESS,0.0.731861,0.0.3964855&0.0.4601632&0.0.5328590,0.0.4138717@1780345925.867229905
0.0.1228872,2.379996728903045,SUCCESS,0.0.731861,0.0.3964855,0.0.4138717@1780345922.725496639
0.0.4861302,21.69461624986506,SUCCESS,0.0.731861,0.0.3964855&0.0.4601632,0.0.4138717@1780345926.394290928
0.0.1423973,4.06142468210745e-8,SUCCESS,0.0.731861,0.0.3964855,0.0.4138717@1780345927.720179032
0.0.1054756,4409.70311782858,SUCCESS,0.0.731861,0.0.3964855,0.0.4138717@1780345926.272046794
0.0.4315666,5.484697493290918,SUCCESS,0.0.731861,0.0.3964860,0.0.4138717@1780345925.377051567
0.0.5734968,21.56872542855043,SUCCESS,0.0.731861,0.0.3964860,0.0.4138717@1780345929.624983116
0.0.1509692,550.1821766871618,SUCCESS,0.0.731861,0.0.3964860,0.0.4138717@1780345927.082263171
0.0.2014278,1737.067941911077,SUCCESS,0.0.731861,0.0.3964860,0.0.4138717@1780345927.725017196
0.0.8257213,12.95675069287456,SUCCESS,0.0.731861,0.0.3964860,0.0.4138717@1780345929.421518601
0.0.9144335,10.76676107228594,SUCCESS,0.0.731861,0.0.3964860,0.0.4138717@1780345931.549318587
0.0.4614528,75.09804737374414,SUCCESS,0.0.731861,0.0.3964860&0.0.5328590,0.0.4138717@1780345929.943409428
0.0.1048482,426.4846258182136,SUCCESS,0.0.731861,0.0.3964860,0.0.4138717@1780345928.967484419
0.0.9428633,0.0001061189617360609,SUCCESS,0.0.731861,0.0.3964860,0.0.4138717@1780345932.030274267
0.0.9377844,0.008885465203975113,SUCCESS,0.0.731861,0.0.3964860,0.0.4138717@1780345930.847705364
0.0.9377806,0.0005736480068449371,SUCCESS,0.0.731861,0.0.3964860,0.0.4138717@1780345934.451653285
0.0.9377965,0.001135980604124775,SUCCESS,0.0.731861,0.0.3964860,0.0.4138717@1780345932.237306648
0.0.9377988,0.009786759204886714,SUCCESS,0.0.731861,0.0.3964860,0.0.4138717@1780345933.781343696
0.0.9379489,0.00001181629288586356,SUCCESS,0.0.731861,0.0.3964860,0.0.4138717@1780345932.321327106
0.0.9384218,0.004158128422373077,SUCCESS,0.0.731861,0.0.3964860,0.0.4138717@1780345932.011211988
0.0.9389956,0.02659221424459325,SUCCESS,0.0.731861,0.0.3964860,0.0.4138717@1780345934.636483027
0.0.9412510,0.01170664497346905,SUCCESS,0.0.731861,0.0.3964860,0.0.4138717@1780345934.905753386
0.0.9377518,0.001121045174195635,SUCCESS,0.0.731861,0.0.3964860,0.0.4138717@1780345934.100764932
0.0.9428581,0.009631530910289504,SUCCESS,0.0.731861,0.0.3964860,0.0.4138717@1780345934.020181376
0.0.9692993,0.1011378592502948,SUCCESS,0.0.731861,0.0.3964860,0.0.4138717@1780345936.270344598
0.0.9738472,0.111660962471588,SUCCESS,0.0.731861,0.0.3964860,0.0.4138717@1780345935.444106892
0.0.10023494,0.00007244594212503959,SUCCESS,0.0.731861,0.0.3964860,0.0.4138717@1780345939.415565109
0.0.10111308,0.1607758029652655,SUCCESS,0.0.731861,0.0.3964860,0.0.4138717@1780345935.913151769
0.0.10164768,10170.07626366353,SUCCESS,0.0.731861,0.0.3964860,0.0.4138717@1780345938.871420202
0.0.9377397,0.001120954104500951,SUCCESS,0.0.731861,0.0.3964860,0.0.4138717@1780345937.637297975
0.0.9375318,0.0005598054132522332,SUCCESS,0.0.731861,0.0.3964860,0.0.4138717@1780345940.809088665
0.0.9371968,0.001089466757562356,SUCCESS,0.0.731861,0.0.3964860,0.0.4138717@1780345938.645223009
0.0.9371874,0.0008310109640354286,SUCCESS,0.0.731861,0.0.3964860,0.0.4138717@1780345942.111662015
0.0.868627,1354.296814597313,SUCCESS,0.0.731861,0.0.3964860,0.0.4138717@1780345938.152375899
0.0.3870061,336.7330001512482,SUCCESS,0.0.731861,0.0.3964860&0.0.4601632,0.0.4138717@1780345938.627813709
0.0.8316,57.58405591061291,SUCCESS,0.0.731861,0.0.3964860&0.0.4601632&0.0.5328590,0.0.4138717@1780345943.012900805
0.0.509141,28.07516521727722,SUCCESS,0.0.731861,0.0.3964860,0.0.4138717@1780345941.630492987
0.0.9451180,0.005260065479585737,SUCCESS,0.0.731861,0.0.3964860,0.0.4138717@1780345945.685967264
0.0.1008120,0.002635585950698051,SUCCESS,0.0.731861,0.0.3964860,0.0.4138717@1780345945.001921826
0.0.9947585,6.852720374126628,SUCCESS,0.0.731861,0.0.3964860,0.0.4138717@1780345942.386158888
0.0.9451478,0.002549137422308508,SUCCESS,0.0.731861,0.0.3964860,0.0.4138717@1780345942.911400590
0.0.9451434,2.337303882119462e-7,SUCCESS,0.0.731861,0.0.3964860,0.0.4138717@1780345943.662972300
0.0.4625345,3.570317126672474,SUCCESS,0.0.731861,0.0.4129330,0.0.4138717@1780345944.552767605
0.0.3293439,2.453109005779099,SUCCESS,0.0.731861,0.0.4129330,0.0.4138717@1780345949.150700965
0.0.856304,0.006855375593941468,SUCCESS,0.0.731861,0.0.4129330,0.0.4138717@1780345948.232173741
0.0.972955,4.5643643957747e-9,SUCCESS,0.0.731861,0.0.4129330,0.0.4138717@1780345948.990818533
0.0.842464,0.09911707533651454,SUCCESS,0.0.731861,0.0.4129330,0.0.4138717@1780345947.514345969
0.0.795325,0.2113790114128924,SUCCESS,0.0.731861,0.0.4129330,0.0.4138717@1780345946.639719520
0.0.4606843,0.03241563330547823,SUCCESS,0.0.731861,0.0.4129330&0.0.4601632,0.0.4138717@1780345950.860303021
0.0.4718583,0.003189237091161456,SUCCESS,0.0.731861,0.0.4129330,0.0.4138717@1780345949.389874720
0.0.261557,0.7870650797799474,SUCCESS,0.0.731861,0.0.4129330,0.0.4138717@1780345948.456826015
0.0.4754452,0.138044629675099,SUCCESS,0.0.731861,0.0.4129330,0.0.4138717@1780345953.395760225
0.0.839840,26.83001387737013,SUCCESS,0.0.731861,0.0.4129330&0.0.4601632&0.0.5328590,0.0.4138717@1780345954.123975084
0.0.2960424,0.1545334507521586,SUCCESS,0.0.731861,0.0.4129330,0.0.4138717@1780345952.022790811
0.0.8410631,0.5228697509979552,SUCCESS,0.0.731861,0.0.4129330&0.0.4601632,0.0.4138717@1780345952.499197307
0.0.853115,0.08818705842743446,SUCCESS,0.0.731861,0.0.4601632,0.0.4138717@1780345953.435398571
0.0.4403472,0.7690338106092921,SUCCESS,0.0.731861,0.0.4601632,0.0.4138717@1780345950.686595592
0.0.816727,19.86834100452919,SUCCESS,0.0.731861,0.0.4601632,0.0.4138717@1780345951.562895775
0.0.5002435,2.669974481620552,SUCCESS,0.0.731861,0.0.4601632,0.0.4138717@1780345954.543964601
0.0.837339,15.91736806399935,SUCCESS,0.0.731861,0.0.4601632,0.0.4138717@1780345953.219622513
0.0.2999419,0.1342218901933128,SUCCESS,0.0.731861,0.0.4601632,0.0.4138717@1780345955.482213783
0.0.707819,6.441626541502191,SUCCESS,0.0.731861,0.0.4601632,0.0.4138717@1780345955.066920782
0.0.3828466,50.86122980814242,SUCCESS,0.0.731861,0.0.4601632,0.0.4138717@1780345958.674210042
0.0.912306,1.974431925945723,SUCCESS,0.0.731861,0.0.4601632,0.0.4138717@1780345956.471325741
0.0.4153394,4929.97454387276,SUCCESS,0.0.731861,0.0.4601632&0.0.5328590,0.0.4138717@1780345955.469168103
0.0.1060925,3.43573468758441,SUCCESS,0.0.731861,0.0.4601632,0.0.4138717@1780345958.488904832
0.0.1425168,8040.796685713336,SUCCESS,0.0.731861,0.0.4601632&0.0.5328590,0.0.4138717@1780345960.118468879
0.0.3932850,246.3073871153699,SUCCESS,0.0.731861,0.0.4601632,0.0.4138717@1780345960.339646457
0.0.1111312,34.54211268416137,SUCCESS,0.0.731861,0.0.4601632,0.0.4138717@1780345958.533282525
0.0.4367704,0.001679539976357738,SUCCESS,0.0.731861,0.0.4601632,0.0.4138717@1780345961.764402891
0.0.10045691,140.8729249134138,SUCCESS,0.0.731861,0.0.4601632,0.0.4138717@1780345962.615101737
0.0.8831938,35.09665968412784,SUCCESS,0.0.731861,0.0.4601632,0.0.4138717@1780345960.541448861
0.0.9745450,71.12991016780826,SUCCESS,0.0.731861,0.0.4601632,0.0.4138717@1780345960.476972185
0.0.9210897,41.10944327574894,SUCCESS,0.0.731861,0.0.4601632,0.0.4138717@1780345961.874893911
0.0.1217090,1647.303729337031,SUCCESS,0.0.731861,0.0.4601632,0.0.4138717@1780345965.282331551
0.0.9386020,4096.509687447519,SUCCESS,0.0.731861,0.0.4601632,0.0.4138717@1780345961.156693959
0.0.1278461,23.85026215612635,SUCCESS,0.0.731861,0.0.4601632,0.0.4138717@1780345964.658791965
0.0.4753601,3.889376384075078,SUCCESS,0.0.731861,0.0.4601632,0.0.4138717@1780345965.071640580
0.0.7482624,16.08813443620864,NOT_ASSOCIATED,0.0.731861,0.0.4601632,
0.0.821010,41.35532616214423,SUCCESS,0.0.731861,0.0.4601632,0.0.4138717@1780345965.617375771
0.0.3273852,68.80460850109912,SUCCESS,0.0.731861,0.0.4601632,0.0.4138717@1780345963.285633040
0.0.864984,149.0719760969909,SUCCESS,0.0.731861,0.0.4601632,0.0.4138717@1780345965.583069520
0.0.8431266,6.783482947631145,SUCCESS,0.0.731861,0.0.4601632,0.0.4138717@1780345967.250507966
0.0.4414004,362.3200420256327,NOT_ASSOCIATED,0.0.731861,0.0.4601632,
0.0.10031150,0.7782629271877988,NOT_ASSOCIATED,0.0.731861,0.0.4601632,
0.0.10031144,21.0417155484504,NOT_ASSOCIATED,0.0.731861,0.0.4601632,
0.0.1075845,12.95781636813696,SUCCESS,0.0.731861,0.0.4601632,0.0.4138717@1780345968.717716269
0.0.8229616,93.90389966768161,SUCCESS,0.0.731861,0.0.4601632&0.0.10414792,0.0.4138717@1780345966.370106731
0.0.7778674,298.8908195723984,SUCCESS,0.0.731861,0.0.4601632&0.0.5328590,0.0.4138717@1780345970.108900212
0.0.7480837,71.04449408353521,SUCCESS,0.0.731861,0.0.4601632,0.0.4138717@1780345968.189763545
0.0.3917694,84.08804071592745,SUCCESS,0.0.731861,0.0.4601632,0.0.4138717@1780345970.710268269
0.0.6463609,0.4768901801729467,NOT_ASSOCIATED,0.0.731861,0.0.4601632,
0.0.704807,35.27820375833441,SUCCESS,0.0.731861,0.0.4601632,0.0.4138717@1780345972.077192789
0.0.1337729,21.2276519236434,SUCCESS,0.0.731861,0.0.4601632,0.0.4138717@1780345971.360300320
0.0.4730774,94.09477478472007,SUCCESS,0.0.731861,0.0.4601632,0.0.4138717@1780345971.545936525
0.0.1405765,36.07947550413024,SUCCESS,0.0.731861,0.0.4601632,0.0.4138717@1780345971.285971159
0.0.1460111,0.6489288729118704,SUCCESS,0.0.731861,0.0.4601632,0.0.4138717@1780345972.471980581
0.0.5972520,19.0363508388741,SUCCESS,0.0.731861,0.0.4601632,0.0.4138717@1780345972.079149201
0.0.5255642,0.7388708379222806,SUCCESS,0.0.731861,0.0.4601632,0.0.4138717@1780345972.285792270
0.0.7684662,204.2173044459319,SUCCESS,0.0.731861,0.0.4601632&0.0.5328590,0.0.4138717@1780345974.688747892
0.0.1020586,206.0487915294689,SUCCESS,0.0.731861,0.0.4601632&0.0.5328590,0.0.4138717@1780345972.175051728
0.0.4559156,0.1397015742828132,SUCCESS,0.0.731861,0.0.4601632,0.0.4138717@1780345972.161230114
0.0.6049415,0.0005104632953659087,SUCCESS,0.0.731861,0.0.4601632,0.0.4138717@1780345976.082655804
0.0.3161895,1.658770486331495,SUCCESS,0.0.731861,0.0.4601632,0.0.4138717@1780345974.112052630
0.0.731707,0.3139804521585988,SUCCESS,0.0.731861,0.0.4601632,0.0.4138717@1780345977.852311445
0.0.1518521,1.995418402837659,SUCCESS,0.0.731861,0.0.4601632,0.0.4138717@1780345978.823845568
0.0.1074067,35.22697293877923,SUCCESS,0.0.731861,0.0.4601632,0.0.4138717@1780345975.933384257
0.0.2114355,0.0004073850294121154,SUCCESS,0.0.731861,0.0.4601632,0.0.4138717@1780345977.367414119
0.0.3158284,12.36298814963807,SUCCESS,0.0.731861,0.0.4601632&0.0.5328590,0.0.4138717@1780345980.251546743
0.0.660703,30.89926201965359,SUCCESS,0.0.731861,0.0.4601632,0.0.4138717@1780345980.646501339
0.0.175313,2.018988514114762,SUCCESS,0.0.731861,0.0.4601632,0.0.4138717@1780345980.600181128
0.0.1860200,0.01381547883703901,SUCCESS,0.0.731861,0.0.4601632,0.0.4138717@1780345978.386398211
0.0.860846,0.01972934611087139,SUCCESS,0.0.731861,0.0.4601632,0.0.4138717@1780345981.716759599
0.0.877043,42.45344372308458,SUCCESS,0.0.731861,0.0.4601632,0.0.4138717@1780345981.393457130
0.0.1287040,11.781905350125,SUCCESS,0.0.731861,0.0.4601632,0.0.4138717@1780345982.467510360
0.0.4797402,0.004437977862486188,SUCCESS,0.0.731861,0.0.4601632,0.0.4138717@1780345982.114082340
0.0.851606,0.001303342866716762,SUCCESS,0.0.731861,0.0.4601632,0.0.4138717@1780345984.923010511
0.0.3705687,0.002902881855434686,SUCCESS,0.0.731861,0.0.4601632,0.0.4138717@1780345981.843752698
0.0.7288906,21.03487692550152,NOT_ASSOCIATED,0.0.731861,0.0.4601632,
0.0.227955,0.4811216309254828,SUCCESS,0.0.731861,0.0.4601632&0.0.8315114,0.0.4138717@1780345985.330680260
0.0.933942,84.57107965591366,SUCCESS,0.0.731861,0.0.4601632,0.0.4138717@1780345984.565802597
0.0.4358401,5.946329855654447,SUCCESS,0.0.731861,0.0.4601632&0.0.5328590,0.0.4138717@1780345987.111770180
0.0.9570073,339.8037888655078,SUCCESS,0.0.731861,0.0.4601632&0.0.5328590,0.0.4138717@1780345986.361948071
0.0.4742691,3.591009828035602,SUCCESS,0.0.731861,0.0.5328590,0.0.4138717@1780345986.519445407
0.0.701191,7.447406854366825,SUCCESS,0.0.731861,0.0.5328590,0.0.4138717@1780345985.918445423
0.0.4337803,18.8221445458445,SUCCESS,0.0.731861,0.0.5328590,0.0.4138717@1780345984.711306687
0.0.1422243,1471.992676595554,SUCCESS,0.0.731861,0.0.5328590,0.0.4138717@1780345987.439766139
0.0.5151429,3.579427521025006,SUCCESS,0.0.731861,0.0.5328590,0.0.4138717@1780345990.116759694
0.0.5068949,0.1893993141869411,SUCCESS,0.0.731861,0.0.5328590,0.0.4138717@1780345986.883745921
0.0.6298433,0.2999000544784284,SUCCESS,0.0.731861,0.0.5328590,0.0.4138717@1780345988.971012648
0.0.7852259,1.861300777622946,SUCCESS,0.0.731861,0.0.5328590,0.0.4138717@1780345989.431845708
0.0.9093010,0.3097807132064174,SUCCESS,0.0.731861,0.0.5328590,0.0.4138717@1780345990.856487937
0.0.6822106,9.131722410531776,SUCCESS,0.0.731861,0.0.5328590,0.0.4138717@1780345990.948368624
0.0.1404223,0.1319339776304851,SUCCESS,0.0.731861,0.0.5328590&0.0.6071041,0.0.4138717@1780345991.932178185
0.0.696926,31.50013115950187,SUCCESS,0.0.731861,0.0.5328590,0.0.4138717@1780345992.316969553
0.0.6003880,44.14471825579068,SUCCESS,0.0.731861,0.0.5328590,0.0.4138717@1780345991.097349367
0.0.7326025,0.5419538918716889,SUCCESS,0.0.731861,0.0.5328590&0.0.6071119,0.0.4138717@1780345994.135211825
0.0.7171484,1.111549313656108,SUCCESS,0.0.731861,0.0.5328590,0.0.4138717@1780345991.367518589
0.0.4362489,85.40785915710114,SUCCESS,0.0.731861,0.0.5328590,0.0.4138717@1780345991.336110585
0.0.8128261,0.01924294506013454,SUCCESS,0.0.731861,0.0.5328590,0.0.4138717@1780345995.155925910
0.0.7562963,141.9286206365145,SUCCESS,0.0.731861,0.0.5328590,0.0.4138717@1780345996.723262857
0.0.1212407,14.18987045862273,SUCCESS,0.0.731861,0.0.5328590,0.0.4138717@1780345996.826123270
0.0.7206642,1.857364807337967,SUCCESS,0.0.731861,0.0.5328590,0.0.4138717@1780345994.268398238
0.0.9168105,5.545466410161748,SUCCESS,0.0.731861,0.0.5328590,0.0.4138717@1780345998.200430911
0.0.7523706,460.5898928017621,NOT_ASSOCIATED,0.0.731861,0.0.5328590,
0.0.4348988,1.126892962449528,SUCCESS,0.0.731861,0.0.5328590,0.0.4138717@1780345996.815312385
0.0.1444388,12.05263204250937,SUCCESS,0.0.731861,0.0.5328590,0.0.4138717@1780345996.216295400
0.0.8426856,7.937423836472029,SUCCESS,0.0.731861,0.0.5328590,0.0.4138717@1780345998.043571399
0.0.4320148,0.1178124205551067,SUCCESS,0.0.731861,0.0.5328590&0.0.10092996&0.0.10093026,0.0.4138717@1780345996.806933415
0.0.9214791,10.22816198301689,SUCCESS,0.0.731861,0.0.5328590,0.0.4138717@1780345996.796173361
0.0.1251063,141.2417484710522,SUCCESS,0.0.731861,0.0.5328590,0.0.4138717@1780345999.364268600
0.0.1027780,5306.550329626599,SUCCESS,0.0.731861,0.0.5328590,0.0.4138717@1780345999.277237043
0.0.10010228,481.3320893658699,SUCCESS,0.0.731861,0.0.5328590,0.0.4138717@1780346000.071719115
0.0.10047974,24.54601408260983,SUCCESS,0.0.731861,0.0.5328590,0.0.4138717@1780346000.928567702
0.0.9364499,1.330151369683821,SUCCESS,0.0.731861,0.0.5328590,0.0.4138717@1780346001.812460682
0.0.7731260,4.702201039506527,SUCCESS,0.0.731861,0.0.5328590,0.0.4138717@1780346003.014473688
0.0.818068,122.6957367170483,NOT_ASSOCIATED,0.0.731861,0.0.5328590,
0.0.5702106,1.368537128843227,SUCCESS,0.0.731861,0.0.5328590,0.0.4138717@1780346004.140527537
0.0.5052897,4.925727684615318,SUCCESS,0.0.731861,0.0.5328590,0.0.4138717@1780346002.044635493
0.0.822616,568.6399283284123,SUCCESS,0.0.731861,0.0.5328590,0.0.4138717@1780346002.363865323
0.0.9641103,105.0101568069669,SUCCESS,0.0.731861,0.0.5328590&0.0.6071119,0.0.4138717@1780346004.884878287
0.0.1105713,60.81502881738918,SUCCESS,0.0.731861,0.0.5328590,0.0.4138717@1780346003.142255435
0.0.9401455,17.77071445972074,SUCCESS,0.0.731861,0.0.5328590,0.0.4138717@1780346007.295930845
0.0.10091451,110.9368501468917,SUCCESS,0.0.731861,0.0.5328590,0.0.4138717@1780346004.127412319
0.0.1002430,5208.298359340091,SUCCESS,0.0.731861,0.0.5328590,0.0.4138717@1780346004.790574087
0.0.9237387,199.8140818286513,SUCCESS,0.0.731861,0.0.5328590,0.0.4138717@1780346008.588185395
0.0.10375094,78.58902161137723,NOT_ASSOCIATED,0.0.731861,0.0.5328590,
0.0.52671,459.5376042731414,SUCCESS,0.0.731861,0.0.5328590,0.0.4138717@1780346005.928529112
0.0.10307911,0.6045638191917146,SUCCESS,0.0.731861,0.0.5328590,0.0.4138717@1780346009.693140424
0.0.4362264,0.8887839032543587,NOT_ASSOCIATED,0.0.731861,0.0.5328590,
0.0.9276478,0.1015938692739526,SUCCESS,0.0.731861,0.0.5328590,0.0.4138717@1780346007.987864211
0.0.1324089,2.799972188503723,SUCCESS,0.0.731861,0.0.5328590&0.0.6071041,0.0.4138717@1780346006.498464946
0.0.3868695,170.9292124703116,SUCCESS,0.0.731861,0.0.5328590,0.0.4138717@1780346008.834146312
0.0.9312249,18.60214260884271,SUCCESS,0.0.731861,0.0.5328590,0.0.4138717@1780346009.033462530
0.0.4587141,6.299974826066359,SUCCESS,0.0.731861,0.0.5328590,0.0.4138717@1780346009.610330363
0.0.9151827,0.01239589455944626,NOT_ASSOCIATED,0.0.731861,0.0.5328590,
0.0.3092477,22.91039743975475,SUCCESS,0.0.731861,0.0.5328590,0.0.4138717@1780346011.603352254
0.0.1009100,0.02275642897895305,NOT_ASSOCIATED,0.0.731861,0.0.5328590,
0.0.946745,893.6715100655795,SUCCESS,0.0.731861,0.0.5328590,0.0.4138717@1780346008.346032271
0.0.9885066,18.97022290345279,SUCCESS,0.0.731861,0.0.5328590,0.0.4138717@1780346009.372721257
0.0.8267927,27.75150081149806,SUCCESS,0.0.731861,0.0.5328590,0.0.4138717@1780346012.836631994
0.0.9320918,16.70213722058901,SUCCESS,0.0.731861,0.0.5328590,0.0.4138717@1780346010.960343299
0.0.5769518,4.625402453735672,SUCCESS,0.0.731861,0.0.5328590,0.0.4138717@1780346015.631775696
0.0.8198184,166.1289267733669,SUCCESS,0.0.731861,0.0.5328590,0.0.4138717@1780346015.783499354
0.0.9802061,36.93121577098651,SUCCESS,0.0.731861,0.0.5328590&0.0.6071119,0.0.4138717@1780346015.557989172
0.0.8113026,1.391245152196183,SUCCESS,0.0.731861,0.0.5328590,0.0.4138717@1780346016.182036819
0.0.2183535,1.048144855539468,SUCCESS,0.0.731861,0.0.5328590&0.0.6071119,0.0.4138717@1780346014.827699084
0.0.7800894,179.1796104661404,SUCCESS,0.0.731861,0.0.5328590,0.0.4138717@1780346016.512298443
0.0.712902,2654.693584544641,SUCCESS,0.0.731861,0.0.5328590,0.0.4138717@1780346015.855161273
0.0.638193,1834.249068430576,SUCCESS,0.0.731861,0.0.5328590,0.0.4138717@1780346017.707742367
0.0.8041828,218.2031406840296,SUCCESS,0.0.731861,0.0.5328590,0.0.4138717@1780346017.888401211
0.0.10421961,4.887577566445094,SUCCESS,0.0.731861,0.0.5328590,0.0.4138717@1780346015.342412166
0.0.7214343,1947.547106580012,SUCCESS,0.0.731861,0.0.5328590,0.0.4138717@1780346017.657833380
0.0.4361068,6.641914816619773,SUCCESS,0.0.731861,0.0.5328590,0.0.4138717@1780346020.149114903
0.0.10235120,53.34071714912975,SUCCESS,0.0.731861,0.0.5328590,0.0.4138717@1780346016.349244923
0.0.9214238,42.29555032793625,SUCCESS,0.0.731861,0.0.5328590,0.0.4138717@1780346019.109132575
0.0.7734907,22.87732177070266,SUCCESS,0.0.731861,0.0.5328590,0.0.4138717@1780346019.045086592
0.0.4362583,0.07717172729444594,SUCCESS,0.0.731861,0.0.5328590,0.0.4138717@1780346019.290779443
0.0.10031113,26324.95982561092,NOT_ASSOCIATED,0.0.731861,0.0.5328590,
0.0.10031110,45423.50641846053,NOT_ASSOCIATED,0.0.731861,0.0.5328590,
0.0.4971932,3.205870354855588,SUCCESS,0.0.731861,0.0.5328590,0.0.4138717@1780346021.521239508
0.0.9588454,12.41929713837763,SUCCESS,0.0.731861,0.0.5328590,0.0.4138717@1780346021.384861978
0.0.806166,103.9719190557041,SUCCESS,0.0.731861,0.0.5328590,0.0.4138717@1780346020.108298795
0.0.4364713,226.4067919931937,SUCCESS,0.0.731861,0.0.5328590,0.0.4138717@1780346021.816385133
0.0.2174129,214.7226395223132,SUCCESS,0.0.731861,0.0.5328590,0.0.4138717@1780346024.989571003
0.0.540025,6.379130309626502,SUCCESS,0.0.731861,0.0.5328590,0.0.4138717@1780346025.520231873
0.0.4358351,10.76087036344104,SUCCESS,0.0.731861,0.0.5328590,0.0.4138717@1780346021.899735721
0.0.787993,361.7102150129712,SUCCESS,0.0.731861,0.0.5328590,0.0.4138717@1780346024.762622609
0.0.851709,425.5661381152426,SUCCESS,0.0.731861,0.0.5328590,0.0.4138717@1780346026.496031066
0.0.4839415,2.461850930038663,SUCCESS,0.0.731861,0.0.5328590,0.0.4138717@1780346023.856303951
0.0.8499794,24.74837808390473,SUCCESS,0.0.731861,0.0.5328590,0.0.4138717@1780346024.508352088
0.0.599260,3.00809461557649,SUCCESS,0.0.731861,0.0.5328590,0.0.4138717@1780346028.432974475
0.0.608244,19.59802516447054,SUCCESS,0.0.731861,0.0.5328590,0.0.4138717@1780346029.520631146
0.0.1017499,1744.811945201785,SUCCESS,0.0.731861,0.0.5328590,0.0.4138717@1780346025.871503580
0.0.1082181,1795.912024571315,SUCCESS,0.0.731861,0.0.5328590,0.0.4138717@1780346026.602459043
0.0.4356483,211.6400893433741,SUCCESS,0.0.731861,0.0.5328590,0.0.4138717@1780346027.754588356
0.0.1462131,0.005146200772394826,SUCCESS,0.0.731861,0.0.6071041,0.0.4138717@1780346028.240807745
0.0.896352,1.90189165421237,SUCCESS,0.0.731861,0.0.6071041,0.0.4138717@1780346027.685669732
0.0.2328171,1328.074890114666,NOT_ASSOCIATED,0.0.731861,0.0.6071041,
0.0.5500943,0.7694957027934748,SUCCESS,0.0.731861,0.0.6071041,0.0.4138717@1780346029.629514977
0.0.2174967,71.73895892195776,SUCCESS,0.0.731861,0.0.6071119,0.0.4138717@1780346031.278837403
0.0.10031183,165.8420820720637,NOT_ASSOCIATED,0.0.731861,0.0.6071119,
0.0.10031184,1260.518277999725,NOT_ASSOCIATED,0.0.731861,0.0.6071119,
0.0.4041275,320.4227732260975,SUCCESS,0.0.731861,0.0.6071119,0.0.4138717@1780346030.527786259
0.0.1465466,72.3956947158886,SUCCESS,0.0.731861,0.0.6071119,0.0.4138717@1780346031.436895560
0.0.9536657,23.01887722299363,SUCCESS,0.0.731861,0.0.6071119,0.0.4138717@1780346031.773336074
0.0.2137399,11.00409603725939,SUCCESS,0.0.731861,0.0.6071119,0.0.4138717@1780346031.042204699
0.0.6892983,515.819146140793,SUCCESS,0.0.731861,0.0.6071119,0.0.4138717@1780346029.932568087
0.0.9119461,0.001179603395752573,SUCCESS,0.0.731861,0.0.6071119&0.0.8315114,0.0.4138717@1780346033.125162819
0.0.833139,7.277691531189552,SUCCESS,0.0.731861,0.0.6071119,0.0.4138717@1780346034.137244030
0.0.1700952,583.7196090868944,SUCCESS,0.0.731861,0.0.6071119,0.0.4138717@1780346034.576039913
0.0.5729027,7.224463068879126,SUCCESS,0.0.731861,0.0.6071119,0.0.4138717@1780346032.050017163
0.0.5740497,1432.762461430224,SUCCESS,0.0.731861,0.0.6071119,0.0.4138717@1780346036.796461252
0.0.5030626,1.082924804424271,SUCCESS,0.0.731861,0.0.6071119,0.0.4138717@1780346034.117463284
0.0.3704330,66.89387145502903,SUCCESS,0.0.731861,0.0.6071911,0.0.4138717@1780346038.014447513
0.0.9689618,741.8878079695945,SUCCESS,0.0.731861,0.0.6071911,0.0.4138717@1780346037.902727045
0.0.1196088,3469.574372000648,SUCCESS,0.0.731861,0.0.6071911,0.0.4138717@1780346036.888534181
0.0.7857493,3531.483339430723,NOT_ASSOCIATED,0.0.731861,0.0.6078459,
0.0.6082528,2335.71035909861,SUCCESS,0.0.731861,0.0.6078459,0.0.4138717@1780346035.973240173
0.0.2997555,0.08412590235280142,SUCCESS,0.0.731861,0.0.6078459,0.0.4138717@1780346036.155528536
0.0.7200098,88.85342088359221,SUCCESS,0.0.731861,0.0.6078459,0.0.4138717@1780346039.147138106
0.0.8208716,2459.96824686753,SUCCESS,0.0.731861,0.0.6078473,0.0.4138717@1780346036.889925813
0.0.9471068,57.7450763480591,SUCCESS,0.0.731861,0.0.6078473,0.0.4138717@1780346037.096592369
0.0.4987474,0.00005215900244008113,SUCCESS,0.0.731861,0.0.6126395,0.0.4138717@1780346041.456852289
0.0.972940,0.01629612992732859,SUCCESS,0.0.731861,0.0.6126395,0.0.4138717@1780346041.133322581
0.0.1109176,0.02786526425224063,SUCCESS,0.0.731861,0.0.8315114,0.0.4138717@1780346042.930456381
0.0.10031160,165.8117554642816,NOT_ASSOCIATED,0.0.731861,0.0.8315114,
0.0.4544022,92.42840703696972,NOT_ASSOCIATED,0.0.731861,0.0.8315114,
0.0.10031155,0.1549303719848581,NOT_ASSOCIATED,0.0.731861,0.0.8315114,
0.0.10267181,0.5002975086939537,NOT_ASSOCIATED,0.0.731861,0.0.8315114,
0.0.10267182,0.1006404804828485,NOT_ASSOCIATED,0.0.731861,0.0.8315114,
0.0.10432879,0.008072591574772206,SUCCESS,0.0.731861,0.0.8315114,0.0.4138717@1780346039.476803332
0.0.9940020,0.05703664570881452,SUCCESS,0.0.731861,0.0.8315114,0.0.4138717@1780346040.465676837
0.0.1033719,8.028847276782278,SUCCESS,0.0.731861,0.0.8315114,0.0.4138717@1780346041.586773482
0.0.9695763,3479.243374202676,SUCCESS,0.0.731861,0.0.8315114,0.0.4138717@1780346041.086597946
0.0.8192889,195.3973092111396,SUCCESS,0.0.731861,0.0.8315114,0.0.4138717@1780346044.428224666
0.0.8712714,1.350274474561573,SUCCESS,0.0.731861,0.0.8315114,0.0.4138717@1780346041.019227422
0.0.8326917,1.981435652853254,NOT_ASSOCIATED,0.0.731861,0.0.8315114,
0.0.7688939,0.04112583808338666,SUCCESS,0.0.731861,0.0.8315114,0.0.4138717@1780346044.845213375
0.0.3311267,0.003499579378266835,NOT_ASSOCIATED,0.0.731861,0.0.8315114,
0.0.4340961,0.005343211088050106,SUCCESS,0.0.731861,0.0.8315114,0.0.4138717@1780346043.698942186
0.0.5679713,0.03189816048785626,SUCCESS,0.0.731861,0.0.8315114,0.0.4138717@1780346042.804440472
0.0.10033160,3.439262398394593e-7,NOT_ASSOCIATED,0.0.731861,0.0.9774523,
0.0.10120444,0.0003475275602127672,NOT_ASSOCIATED,0.0.731861,0.0.10018365,
0.0.10120460,5.960412140270331,NOT_ASSOCIATED,0.0.731861,0.0.10092996,
0.0.10120462,0.01583081507953928,NOT_ASSOCIATED,0.0.731861,0.0.10092996,
0.0.10120424,2.551602790691569,NOT_ASSOCIATED,0.0.731861,0.0.10093026,
0.0.10120438,0.3369145902324072,NOT_ASSOCIATED,0.0.731861,0.0.10093026,
0.0.10454159,2.216520511979014e-8,NOT_ASSOCIATED,0.0.731861,0.0.10387648,
0.0.10449777,0.000985991606343692,NOT_ASSOCIATED,0.0.731861,0.0.10387648,
0.0.10382204,11103.5281629794,SUCCESS,0.0.731861,0.0.10387648&0.0.10414792&0.0.10418141,0.0.4138717@1780346043.865605849
0.0.1483886,3620.901060909773,SUCCESS,0.0.731861,0.0.10418141,0.0.4138717@1780346045.687632772
0.0.4865794,343.194894161882,SUCCESS,0.0.731861,0.0.10418141,0.0.4138717@1780346043.487375538
0.0.10204901,0.1779002575384639,SUCCESS,0.0.731861,0.0.10418141,0.0.4138717@1780346046.327265842
0.0.2174015,0.00005107697698356177,SUCCESS,hbar,0.0.3951117,0.0.4138717@1780346115.400550017
0.0.4343858,0.5334654634772771,SUCCESS,hbar,0.0.3951117,0.0.4138717@1780346115.367759877
0.0.1338331,0.05554133934620816,SUCCESS,hbar,0.0.3951117,0.0.4138717@1780346114.994072401
0.0.1890696,0.002094063180333321,SUCCESS,hbar,0.0.3951117,0.0.4138717@1780346116.641552161
0.0.8638339,0.002041250235263935,SUCCESS,hbar,0.0.3951117,0.0.4138717@1780346118.440694659
0.0.10483303,678.4563086601286,SUCCESS,hbar,0.0.3951117,0.0.4138717@1780346117.673253536
0.0.10493411,0.6902424255318985,SUCCESS,hbar,0.0.3951117,0.0.4138717@1780346117.257195566
0.0.4352091,0.7697462949938485,SUCCESS,hbar,0.0.3951117,0.0.4138717@1780346119.140749312
0.0.8013259,1437.878961901528,SUCCESS,hbar,0.0.3951117,0.0.4138717@1780346114.818942884
0.0.1792818,0.00188560005206725,SUCCESS,hbar,0.0.3951117,0.0.4138717@1780346117.963568272
0.0.1734809,0.00266790454208051,SUCCESS,hbar,0.0.3951117&0.0.3964804,0.0.4138717@1780346122.478940500
0.0.1408633,0.004075755836188441,SUCCESS,hbar,0.0.3951117,0.0.4138717@1780346120.758207941
0.0.10076636,0.7924721039241597,SUCCESS,hbar,0.0.3951117,0.0.4138717@1780346121.752476507
0.0.7786995,7.776501068592634,SUCCESS,hbar,0.0.3951117,0.0.4138717@1780346124.131981998
0.0.8054459,0.1783474019054478,SUCCESS,hbar,0.0.3951117&0.0.3964804,0.0.4138717@1780346122.365955481
0.0.10504552,0.004110090672047517,SUCCESS,hbar,0.0.3951117,0.0.4138717@1780346122.254671492
0.0.666234,0.1141897371713295,SUCCESS,hbar,0.0.3951117,0.0.4138717@1780346119.812869966
0.0.6313910,117.2083735655493,SUCCESS,hbar,0.0.3951117&0.0.3964804,0.0.4138717@1780346126.829080408
0.0.4758169,0.5940230342269517,SUCCESS,hbar,0.0.3951117,0.0.4138717@1780346124.461753894
0.0.3071320,30.78054475745862,SUCCESS,hbar,0.0.3951117,0.0.4138717@1780346127.847341906
0.0.4330219,0.1909559403700479,SUCCESS,hbar,0.0.3951117,0.0.4138717@1780346128.951896364
0.0.2968839,4.809408194171327,SUCCESS,hbar,0.0.3951117&0.0.3964804,0.0.4138717@1780346127.670912757
0.0.4923080,0.1581113784385623,SUCCESS,hbar,0.0.3951117,0.0.4138717@1780346132.084397141
0.0.3242760,22.76444738371786,SUCCESS,hbar,0.0.3951117&0.0.3964804,0.0.4138717@1780346136.134626995
0.0.5797983,0.1050426782736021,SUCCESS,hbar,0.0.3951117&0.0.3964804,0.0.4138717@1780346132.504071182
0.0.850535,132.7130466550356,SUCCESS,hbar,0.0.3951117,0.0.4138717@1780346133.669492438
0.0.6244791,1.195106589897175,SUCCESS,hbar,0.0.3951117,0.0.4138717@1780346134.645734867
0.0.4775299,0.9972087734360158,SUCCESS,hbar,0.0.3951117,0.0.4138717@1780346135.466058415
0.0.6289117,6.40436512278635,SUCCESS,hbar,0.0.3951117&0.0.3964804,0.0.4138717@1780346137.037175147
0.0.6440477,0.4874935662920142,SUCCESS,hbar,0.0.3951117&0.0.3964804,0.0.4138717@1780346137.481533350
0.0.874760,22.92003319867664,SUCCESS,hbar,0.0.3951117&0.0.3964804,0.0.4138717@1780346139.430410668
0.0.4345324,0.1235600920623406,SUCCESS,hbar,0.0.3951117,0.0.4138717@1780346139.590032062
0.0.4702708,0.1441866860755833,SUCCESS,hbar,0.0.3951117,0.0.4138717@1780346137.521491181
0.0.6026305,0.2159419388049139,SUCCESS,hbar,0.0.3951117,0.0.4138717@1780346140.577599242
0.0.6781119,2.050588602244362,SUCCESS,hbar,0.0.3951117&0.0.3964804,0.0.4138717@1780346141.861003979
0.0.7262531,0.01252584136532003,SUCCESS,hbar,0.0.3951117&0.0.3964804,0.0.4138717@1780346143.353170372
0.0.7138336,0.01379556284008769,SUCCESS,hbar,0.0.3951117,0.0.4138717@1780346144.042934235
0.0.5976303,0.4600070123930795,SUCCESS,hbar,0.0.3951117&0.0.3964804,0.0.4138717@1780346144.083212220
0.0.4709377,13.89706523783302,SUCCESS,hbar,0.0.3951117,0.0.4138717@1780346143.352439373
0.0.4695027,0.3945130488382015,SUCCESS,hbar,0.0.3951117,0.0.4138717@1780346144.721011060
0.0.4340758,0.6279789753737006,SUCCESS,hbar,0.0.3951117&0.0.3964804,0.0.4138717@1780346143.667097134
0.0.4817549,1.095972545366829,SUCCESS,hbar,0.0.3951117&0.0.3964804,0.0.4138717@1780346142.782778483
0.0.4938729,1.643280246680922,SUCCESS,hbar,0.0.3951117,0.0.4138717@1780346146.731445467
0.0.4322002,0.4745450154128311,SUCCESS,hbar,0.0.3951117,0.0.4138717@1780346148.588405437
0.0.4968045,3.086428028484139,SUCCESS,hbar,0.0.3951117,0.0.4138717@1780346149.398308159
0.0.2930231,0.356554744078237,SUCCESS,hbar,0.0.3951117&0.0.3964804,0.0.4138717@1780346149.610157968
0.0.4558891,4.359909813207173,SUCCESS,hbar,0.0.3951117,0.0.4138717@1780346146.911802591
0.0.1340928,14.73401254268362,SUCCESS,hbar,0.0.3951117,0.0.4138717@1780346150.488666273
0.0.4318411,5.966864456302961,SUCCESS,hbar,0.0.3951117,0.0.4138717@1780346151.440456915
0.0.3681428,95.73491237102087,SUCCESS,hbar,0.0.3951117&0.0.3964804,0.0.4138717@1780346153.859417436
0.0.4329852,24.11935285020562,SUCCESS,hbar,0.0.3951117&0.0.3964804,0.0.4138717@1780346150.200581550
0.0.5975196,0.177931179657549,SUCCESS,hbar,0.0.3951117,0.0.4138717@1780346153.628783693
0.0.3969243,0.03204319160488628,SUCCESS,hbar,0.0.3951117,0.0.4138717@1780346152.819009598
0.0.4732964,0.1350041055624659,SUCCESS,hbar,0.0.3951117,0.0.4138717@1780346155.319756379
0.0.4432149,0.3605136728789533,SUCCESS,hbar,0.0.3951117,0.0.4138717@1780346155.121517705
0.0.1412123,0.3575486177205918,SUCCESS,hbar,0.0.3951117&0.0.3964804,0.0.4138717@1780346157.631991801
0.0.4184733,108.2327745771034,SUCCESS,hbar,0.0.3951117,0.0.4138717@1780346156.487617978
0.0.8190429,1.023283631973578,SUCCESS,hbar,0.0.3951117,0.0.4138717@1780346158.549374863
0.0.7991960,1.941413226911079,SUCCESS,hbar,0.0.3951117&0.0.3964804,0.0.4138717@1780346160.408394294
0.0.1601282,0.07909976849186079,SUCCESS,hbar,0.0.3951117,0.0.4138717@1780346159.574691380
0.0.2125030,37.29712432545629,SUCCESS,hbar,0.0.3951117,0.0.4138717@1780346159.090908532
0.0.856667,6.621046918384074,SUCCESS,hbar,0.0.3951117&0.0.3964804,0.0.4138717@1780346161.371259503
0.0.1991961,20.67971289797125,SUCCESS,hbar,0.0.3951117,0.0.4138717@1780346163.499745867
0.0.8068689,5.441134590570912,SUCCESS,hbar,0.0.3951117&0.0.3964804,0.0.4138717@1780346161.195935417
0.0.7889838,0.036658996254779,SUCCESS,hbar,0.0.3951117,0.0.4138717@1780346161.347344503
0.0.6258771,3.005574389776011,SUCCESS,hbar,0.0.3951117,0.0.4138717@1780346165.331828240
0.0.1379217,3.749571845275812,SUCCESS,hbar,0.0.3951117,0.0.4138717@1780346165.866887416
0.0.4302086,0.1273942606482507,SUCCESS,hbar,0.0.3951117,0.0.4138717@1780346166.513664676
0.0.4912200,75.76712897966961,SUCCESS,hbar,0.0.3951117&0.0.3964804,0.0.4138717@1780346166.370201738
0.0.4342759,22.46032191379407,SUCCESS,hbar,0.0.3951117,0.0.4138717@1780346167.151826095
0.0.1691323,16.1079912569842,SUCCESS,hbar,0.0.3951117&0.0.3964804,0.0.4138717@1780346166.804321506
0.0.8616856,42.27651725275811,SUCCESS,hbar,0.0.3951117&0.0.3964804,0.0.4138717@1780346167.876348698
0.0.2960169,0.6591359840549953,SUCCESS,hbar,0.0.3951117,0.0.4138717@1780346166.210124464
0.0.4339505,105.1704742257524,SUCCESS,hbar,0.0.3951117&0.0.3964804,0.0.4138717@1780346172.028031844
0.0.8531519,3.760093884356267,SUCCESS,hbar,0.0.3951117,0.0.4138717@1780346171.833878871
0.0.2122027,2.642955885365766,SUCCESS,hbar,0.0.3951117&0.0.3964804,0.0.4138717@1780346168.370626200
0.0.8673695,0.04133993161548336,SUCCESS,hbar,0.0.3951117&0.0.3964804,0.0.4138717@1780346168.216171980
0.0.1506598,1.828429027760638,SUCCESS,hbar,0.0.3951117,0.0.4138717@1780346172.516276477
0.0.7479340,0.8782873526536501,SUCCESS,hbar,0.0.3951117&0.0.3964804,0.0.4138717@1780346171.009924453
0.0.5078033,2.063958782959321,SUCCESS,hbar,0.0.3951117,0.0.4138717@1780346174.799726023
0.0.4229805,0.5707241557614636,SUCCESS,hbar,0.0.3951117,0.0.4138717@1780346172.941057826
0.0.1726157,3.905157698895641,SUCCESS,hbar,0.0.3951117&0.0.3964804,0.0.4138717@1780346177.111959854
0.0.4551977,0.0986166748471233,SUCCESS,hbar,0.0.3951117,0.0.4138717@1780346175.672482208
0.0.4766933,18.30744463246026,SUCCESS,hbar,0.0.3951117,0.0.4138717@1780346176.650159077
0.0.1110477,10.02308256921421,SUCCESS,hbar,0.0.3951117,0.0.4138717@1780346179.962331457
0.0.1490591,13.71879377542552,SUCCESS,hbar,0.0.3951117&0.0.3964804,0.0.4138717@1780346175.885815886
0.0.1023917,2.708523773403251,SUCCESS,hbar,0.0.3951117&0.0.3964804,0.0.4138717@1780346180.416728859
0.0.5716339,0.001626815089724525,SUCCESS,hbar,0.0.3951117,0.0.4138717@1780346177.837417609
0.0.4559340,0.1194895500820548,SUCCESS,hbar,0.0.3951117,0.0.4138717@1780346177.240403819
0.0.7798148,2.822674749290092,SUCCESS,hbar,0.0.3951117,0.0.4138717@1780346181.045191656
0.0.7843482,1.046324503015566,SUCCESS,hbar,0.0.3951117&0.0.3964804,0.0.4138717@1780346183.457999669
0.0.7835270,5.856131632741637,SUCCESS,hbar,0.0.3951117,0.0.4138717@1780346183.593689010
0.0.4503599,1.406047935628257,SUCCESS,hbar,0.0.3951117,0.0.4138717@1780346185.002792891
0.0.4347838,2.545446717160899,SUCCESS,hbar,0.0.3951117,0.0.4138717@1780346181.655608977
0.0.1877739,0.1116332677614841,SUCCESS,hbar,0.0.3951117,0.0.4138717@1780346181.648285528
0.0.4864609,0.1069214711354682,SUCCESS,hbar,0.0.3951117,0.0.4138717@1780346183.353782688
0.0.598828,0.02044157376805529,SUCCESS,hbar,0.0.3951117&0.0.3964804,0.0.4138717@1780346183.916231166
0.0.4205604,0.5089633430627323,SUCCESS,hbar,0.0.3951117,0.0.4138717@1780346188.747991723
0.0.896788,130.376960781194,SUCCESS,hbar,0.0.3951117,0.0.4138717@1780346185.819223961
0.0.837404,30.49136697652865,SUCCESS,hbar,0.0.3951117,0.0.4138717@1780346184.794672938
0.0.925802,1.133693971313444,SUCCESS,hbar,0.0.3951117,0.0.4138717@1780346189.557743731
0.0.819461,0.07324134403443311,SUCCESS,hbar,0.0.3951117,0.0.4138717@1780346186.629352418
0.0.2020001,0.3590153268018825,SUCCESS,hbar,0.0.3951117,0.0.4138717@1780346189.481043381
0.0.1412849,0.000003055015111127077,SUCCESS,hbar,0.0.3951117,0.0.4138717@1780346193.753371778
0.0.914261,27.44118594829012,SUCCESS,hbar,0.0.3951117,0.0.4138717@1780346193.829026457
0.0.2174139,0.1987678990880972,SUCCESS,hbar,0.0.3951117&0.0.3964804,0.0.4138717@1780346190.893948897
0.0.1261552,0.2384447493891062,SUCCESS,hbar,0.0.3951117&0.0.3964804,0.0.4138717@1780346193.090789725
0.0.2116956,0.2103947493981767,SUCCESS,hbar,0.0.3951117,0.0.4138717@1780346195.291118448
0.0.639876,0.02944560370870217,SUCCESS,hbar,0.0.3951117,0.0.4138717@1780346192.808985244
0.0.4329215,0.0364771422606119,SUCCESS,hbar,0.0.3951117&0.0.3964804,0.0.4138717@1780346194.385029681
0.0.854331,0.01959627172549541,SUCCESS,hbar,0.0.3951117,0.0.4138717@1780346192.675147069
0.0.1438402,0.07428087552073254,SUCCESS,hbar,0.0.3951117,0.0.4138717@1780346197.549228917
0.0.4333286,0.04632062043727551,SUCCESS,hbar,0.0.3951117,0.0.4138717@1780346199.126654268
0.0.700741,0.3274647607474011,SUCCESS,hbar,0.0.3951117,0.0.4138717@1780346196.161898598
0.0.1453803,0.9114782422919977,SUCCESS,hbar,0.0.3951117&0.0.3964804,0.0.4138717@1780346196.029106717
0.0.1414140,4995.518845030431,SUCCESS,hbar,0.0.3951117,0.0.4138717@1780346202.701775269
0.0.4346579,0.001317420626326994,SUCCESS,hbar,0.0.3951117,0.0.4138717@1780346199.548160397
0.0.1290358,7.883870319489195,SUCCESS,hbar,0.0.3951117,0.0.4138717@1780346204.406614871
0.0.1265153,0.001336029377310651,SUCCESS,hbar,0.0.3951117,0.0.4138717@1780346200.024141755
0.0.187153,76.27107583277376,SUCCESS,hbar,0.0.3951117&0.0.3964804,0.0.4138717@1780346202.583749094
0.0.1274087,458.7844498153724,SUCCESS,hbar,0.0.3951117,0.0.4138717@1780346202.209589978
0.0.2773436,79.80825080614886,SUCCESS,hbar,0.0.3951117&0.0.3964804,0.0.4138717@1780346204.029049232
0.0.1022050,8.119965258431069,SUCCESS,hbar,0.0.3951117&0.0.3964804,0.0.4138717@1780346205.657654141
0.0.834820,6.990514248539295,SUCCESS,hbar,0.0.3951117&0.0.3964804,0.0.4138717@1780346205.000270342
0.0.731977,10.99326601348852,SUCCESS,hbar,0.0.3951117,0.0.4138717@1780346205.494733876
0.0.836838,1690.395326699583,SUCCESS,hbar,0.0.3951117&0.0.3964804,0.0.4138717@1780346204.132011471
0.0.860438,0.3559225498300452,SUCCESS,hbar,0.0.3951117&0.0.3964804,0.0.4138717@1780346204.289546794
0.0.508876,2.390530421709759,SUCCESS,hbar,0.0.3951117,0.0.4138717@1780346209.078489840
0.0.3241044,2.842813171768953,SUCCESS,hbar,0.0.3951117,0.0.4138717@1780346209.736054376
0.0.956549,35.74786562494047,SUCCESS,hbar,0.0.3951117,0.0.4138717@1780346206.297477320
0.0.832415,44.11192899998155,SUCCESS,hbar,0.0.3951117,0.0.4138717@1780346206.060798223
0.0.3845966,0.2599671513596571,SUCCESS,hbar,0.0.3951117&0.0.3964804,0.0.4138717@1780346208.149721794
0.0.1724832,0.0846131586072916,SUCCESS,hbar,0.0.3951117,0.0.4138717@1780346208.485899442
0.0.832624,0.0008189954072416341,SUCCESS,hbar,0.0.3951117&0.0.3964804,0.0.4138717@1780346210.821110493
0.0.3947779,2.576508640138098,SUCCESS,hbar,0.0.3951117,0.0.4138717@1780346209.610107250
0.0.525256,11.41914188325395,SUCCESS,hbar,0.0.3951117,0.0.4138717@1780346209.482831037
0.0.1120388,1.809439936997945,SUCCESS,hbar,0.0.3951117&0.0.3964804,0.0.4138717@1780346212.906165511
0.0.4986167,0.2111725738305892,SUCCESS,hbar,0.0.3951117,0.0.4138717@1780346212.620868645
0.0.5118232,0.4408341260072023,SUCCESS,hbar,0.0.3951117&0.0.3964804,0.0.4138717@1780346210.649236684
0.0.5118190,0.8693254559843447,SUCCESS,hbar,0.0.3951117&0.0.3964804,0.0.4138717@1780346212.694142087
0.0.5119346,4.490274555475502,SUCCESS,hbar,0.0.3951117&0.0.3964804,0.0.4138717@1780346217.565585024
0.0.841339,2.088957489546582,SUCCESS,hbar,0.0.3951117,0.0.4138717@1780346216.515097812
0.0.5182107,0.4466265924701882,SUCCESS,hbar,0.0.3951117&0.0.3964804,0.0.4138717@1780346219.015040260
0.0.5202236,0.6568082473772587,SUCCESS,hbar,0.0.3951117,0.0.4138717@1780346216.818993031
0.0.4590627,1.051164315226847,SUCCESS,hbar,0.0.3951117,0.0.4138717@1780346219.518912437
0.0.4323088,7.902741627818363,SUCCESS,hbar,0.0.3951117&0.0.3964804,0.0.4138717@1780346217.680399195
0.0.4335807,7.387229079210648,SUCCESS,hbar,0.0.3951117,0.0.4138717@1780346217.397269496
0.0.5118079,1.427036278550935,SUCCESS,hbar,0.0.3951117&0.0.3964804,0.0.4138717@1780346220.776793896
0.0.5281334,0.2108065847610497,SUCCESS,hbar,0.0.3951117,0.0.4138717@1780346220.747831443
0.0.5310061,0.7869315876708496,SUCCESS,hbar,0.0.3951117&0.0.3964804,0.0.4138717@1780346221.808696169
0.0.5117832,65.31260601755143,SUCCESS,hbar,0.0.3951117&0.0.3964804,0.0.4138717@1780346220.713331254
0.0.1711779,0.02095020644304918,SUCCESS,hbar,0.0.3951117,0.0.4138717@1780346221.589538045
0.0.853268,50.62079691770307,SUCCESS,hbar,0.0.3951117,0.0.4138717@1780346222.342627340
0.0.662296,53.89485773928647,SUCCESS,hbar,0.0.3951117,0.0.4138717@1780346223.620214399
0.0.3829916,27.39652340857872,SUCCESS,hbar,0.0.3951117,0.0.4138717@1780346221.084643143
0.0.4354394,11.77085207093912,SUCCESS,hbar,0.0.3951117,0.0.4138717@1780346223.380108206
0.0.1322785,32.35370504006806,SUCCESS,hbar,0.0.3951117,0.0.4138717@1780346225.739248360
0.0.104926,0.002826081413609609,SUCCESS,hbar,0.0.3951117,0.0.4138717@1780346226.512253482
0.0.1409958,0.06176816863234691,SUCCESS,hbar,0.0.3951117,0.0.4138717@1780346224.582430850
0.0.1075892,0.781012750880226,SUCCESS,hbar,0.0.3951117,0.0.4138717@1780346224.388608250
0.0.1097257,5.119093279890263,SUCCESS,hbar,0.0.3951117,0.0.4138717@1780346227.882546165
0.0.4350041,0.1357332959519639,SUCCESS,hbar,0.0.3951117,0.0.4138717@1780346230.556469599
0.0.1910285,0.087655133309719,SUCCESS,hbar,0.0.3951117,0.0.4138717@1780346227.418463028
0.0.1735540,0.6880983255723512,SUCCESS,hbar,0.0.3951117,0.0.4138717@1780346228.962474809
0.0.4349304,0.003168759422548702,SUCCESS,hbar,0.0.3951117,0.0.4138717@1780346231.206017803
0.0.4322065,0.7301174268219451,SUCCESS,hbar,0.0.3951117,0.0.4138717@1780346231.143972006
0.0.4370057,0.04790115342229657,SUCCESS,hbar,0.0.3951117,0.0.4138717@1780346230.534249291
0.0.10169145,0.01880046460904987,SUCCESS,hbar,0.0.3951117,0.0.4138717@1780346230.784400632
0.0.4348824,0.01260576714691019,SUCCESS,hbar,0.0.3951117,0.0.4138717@1780346233.125139887
0.0.4544530,0.2175700178842674,SUCCESS,hbar,0.0.3951117&0.0.3964804,0.0.4138717@1780346230.065845131
0.0.1506629,0.1294746580081759,SUCCESS,hbar,0.0.3951117,0.0.4138717@1780346232.091879970
0.0.795933,2.087167837643132,SUCCESS,hbar,0.0.3951117,0.0.4138717@1780346232.310492751
0.0.4324445,0.1083742744852685,SUCCESS,hbar,0.0.3951117&0.0.3964804,0.0.4138717@1780346234.547155426
0.0.4321631,5.448387887770019,SUCCESS,hbar,0.0.3951117&0.0.3964804,0.0.4138717@1780346236.593702021
0.0.4582751,0.2121141143961731,SUCCESS,hbar,0.0.3951117,0.0.4138717@1780346237.589067565
0.0.4324463,0.1356529912590284,SUCCESS,hbar,0.0.3951117,0.0.4138717@1780346234.610840515
0.0.1266990,0.08940038044381954,SUCCESS,hbar,0.0.3951117,0.0.4138717@1780346234.107283745
0.0.9202687,16.21014000444972,SUCCESS,hbar,0.0.3951117,0.0.4138717@1780346236.529288136
0.0.4331763,33.6338872434063,SUCCESS,hbar,0.0.3951117,0.0.4138717@1780346239.718464275
0.0.8383256,0.007196026268009595,SUCCESS,hbar,0.0.3951117&0.0.3964804,0.0.4138717@1780346239.698887690
0.0.8546442,1.336651245770065,SUCCESS,hbar,0.0.3951117,0.0.4138717@1780346241.057326205
0.0.8684349,87.04991916162248,SUCCESS,hbar,0.0.3951117,0.0.4138717@1780346242.395321771
0.0.9073081,0.008203809250433463,SUCCESS,hbar,0.0.3951117,0.0.4138717@1780346241.009322412
0.0.9099631,0.1262963878970669,SUCCESS,hbar,0.0.3951117,0.0.4138717@1780346243.973857368
0.0.9112426,0.08288530520388418,SUCCESS,hbar,0.0.3951117&0.0.3964804,0.0.4138717@1780346245.017131257
0.0.8419510,0.05854592179614561,SUCCESS,hbar,0.0.3951117,0.0.4138717@1780346243.764573981
0.0.1707146,0.2037674060876113,SUCCESS,hbar,0.0.3951117,0.0.4138717@1780346244.474037116
0.0.8490555,0.3238977192138262,SUCCESS,hbar,0.0.3951117,0.0.4138717@1780346248.389453706
0.0.1368197,0.4793689724816039,SUCCESS,hbar,0.0.3951117&0.0.3964804,0.0.4138717@1780346245.186789618
0.0.7810768,0.06128542243284613,SUCCESS,hbar,0.0.3951117,0.0.4138717@1780346247.435365143
0.0.1120575,30.02052949462595,SUCCESS,hbar,0.0.3951117&0.0.3964804,0.0.4138717@1780346249.215759082
0.0.9273872,0.002618916950279402,SUCCESS,hbar,0.0.3951117,0.0.4138717@1780346250.913523628
0.0.1515633,0.6072158658760581,SUCCESS,hbar,0.0.3951117,0.0.4138717@1780346248.261111672
0.0.850481,15.29523111610929,SUCCESS,hbar,0.0.3951117,0.0.4138717@1780346249.122162135
0.0.1758196,0.138596473894193,SUCCESS,hbar,0.0.3951117,0.0.4138717@1780346249.185095234
0.0.4555391,0.3044800115094441,SUCCESS,hbar,0.0.3951117,0.0.4138717@1780346250.875797789
0.0.942605,0.1601469929839483,SUCCESS,hbar,0.0.3951117,0.0.4138717@1780346248.781314639
0.0.8071373,0.2331218744169319,SUCCESS,hbar,0.0.3951117,0.0.4138717@1780346251.691100212
0.0.7726808,0.2708854744918491,SUCCESS,hbar,0.0.3951117,0.0.4138717@1780346253.151143305
0.0.834595,0.6451653096894089,SUCCESS,hbar,0.0.3951117&0.0.3964804,0.0.4138717@1780346252.812770344
0.0.1464418,1.266954125833044,SUCCESS,hbar,0.0.3951117,0.0.4138717@1780346254.062693362
0.0.7555632,0.01537761384359553,SUCCESS,hbar,0.0.3951117,0.0.4138717@1780346254.507787468
0.0.7989790,0.006378837132216445,SUCCESS,hbar,0.0.3951117,0.0.4138717@1780346256.604979323
0.0.3706536,0.001766558399241022,SUCCESS,hbar,0.0.3951117,0.0.4138717@1780346256.858718722
0.0.5688804,0.3282495849579309,SUCCESS,hbar,0.0.3951117,0.0.4138717@1780346255.880911410
0.0.8049278,0.01094030769070855,SUCCESS,hbar,0.0.3951117,0.0.4138717@1780346255.125887112
0.0.8068996,0.03975173816621443,SUCCESS,hbar,0.0.3951117&0.0.3964804,0.0.4138717@1780346257.043229275
0.0.9359586,0.008894710267720256,SUCCESS,hbar,0.0.3951117,0.0.4138717@1780346254.544944033
0.0.819005,1.610614747390273,SUCCESS,hbar,0.0.3951117,0.0.4138717@1780346257.210826832
0.0.8212757,0.3840356214338913,SUCCESS,hbar,0.0.3951117,0.0.4138717@1780346259.191773911
0.0.4713153,1.111317454318449,SUCCESS,hbar,0.0.3951117,0.0.4138717@1780346257.265758543
0.0.8260017,0.03960142617577051,SUCCESS,hbar,0.0.3951117&0.0.3964804,0.0.4138717@1780346257.149456116
0.0.2137668,7.044162282886127,SUCCESS,hbar,0.0.3951117&0.0.3964804,0.0.4138717@1780346261.348898939
0.0.8382774,0.09468859674454526,SUCCESS,hbar,0.0.3951117&0.0.3964804,0.0.4138717@1780346262.295694371
0.0.3943340,0.02228043480291321,SUCCESS,hbar,0.0.3951117,0.0.4138717@1780346258.974957237
0.0.1374442,3.581558403163327,SUCCESS,hbar,0.0.3951117&0.0.3964804,0.0.4138717@1780346261.702979033
0.0.5352069,0.0995050898519651,SUCCESS,hbar,0.0.3951117,0.0.4138717@1780346261.543073636
0.0.1988559,0.4936436595049831,SUCCESS,hbar,0.0.3951117&0.0.3964804,0.0.4138717@1780346260.571458901
0.0.9774619,0.8873878378547614,SUCCESS,hbar,0.0.3951117&0.0.3964804,0.0.4138717@1780346261.235287119
0.0.9299646,0.7965945502861647,SUCCESS,hbar,0.0.3951117,0.0.4138717@1780346262.812590869
0.0.4432398,0.07457563519115205,SUCCESS,hbar,0.0.3951117,0.0.4138717@1780346263.823908062
0.0.10352676,0.1735804393755339,SUCCESS,hbar,0.0.3951117,0.0.4138717@1780346263.418571559
0.0.10301803,0.03001760921006079,SUCCESS,hbar,0.0.3951117,0.0.4138717@1780346265.504630049
0.0.8309441,0.05566516211790976,SUCCESS,hbar,0.0.3951117,0.0.4138717@1780346264.225187850
0.0.10413601,2.699664818070749,SUCCESS,hbar,0.0.3951117&0.0.3964804,0.0.4138717@1780346265.934208337
0.0.10430673,78.30523470634535,SUCCESS,hbar,0.0.3951117&0.0.3964804,0.0.4138717@1780346267.305968348
0.0.1216661,161.9892042239368,SUCCESS,hbar,0.0.3951117,0.0.4138717@1780346271.406821475
0.0.8373509,3.752014730172263,SUCCESS,hbar,0.0.3951117&0.0.3964804,0.0.4138717@1780346270.751014804
0.0.560837,16.4769777070112,SUCCESS,hbar,0.0.3951117&0.0.3964804,0.0.4138717@1780346269.150012559
0.0.2017173,1.237964103780358,SUCCESS,hbar,0.0.3951117,0.0.4138717@1780346268.910072376
0.0.1104990,3.582251666047052,SUCCESS,hbar,0.0.3951117,0.0.4138717@1780346269.080952596
0.0.10021410,0.0127384348505324,SUCCESS,hbar,0.0.3951117,0.0.4138717@1780346268.518455403
0.0.10076247,0.1644779415536844,SUCCESS,hbar,0.0.3951117,0.0.4138717@1780346274.010959250
0.0.1340164,6.939523584294458,SUCCESS,hbar,0.0.3951117,0.0.4138717@1780346275.517877410
0.0.735239,0.00001588411598644245,SUCCESS,hbar,0.0.3951117,0.0.4138717@1780346275.675877378
0.0.9302147,1.542288903595874,SUCCESS,hbar,0.0.3951117,0.0.4138717@1780346272.009111629
0.0.10122546,0.01096142423084583,SUCCESS,hbar,0.0.3951117,0.0.4138717@1780346275.660940091
0.0.9755401,0.002501673810479151,SUCCESS,hbar,0.0.3951117,0.0.4138717@1780346273.316343413
0.0.832852,6.585231663026801,SUCCESS,hbar,0.0.3951117,0.0.4138717@1780346275.000107265
0.0.9404406,0.006973768158581694,SUCCESS,hbar,0.0.3951117,0.0.4138717@1780346277.876865798
0.0.1110198,2.538222893175093,SUCCESS,hbar,0.0.3951117,0.0.4138717@1780346276.655682442
0.0.650437,0.09764784549394952,SUCCESS,hbar,0.0.3951117,0.0.4138717@1780346276.373809990
0.0.8585089,17.87513755145238,SUCCESS,hbar,0.0.3951117,0.0.4138717@1780346278.624972207
0.0.1115297,0.1727029595315827,SUCCESS,hbar,0.0.3951117,0.0.4138717@1780346279.721329238
0.0.7542917,0.0324934744998108,SUCCESS,hbar,0.0.3951117,0.0.4138717@1780346277.475387796
0.0.9626972,0.08641372187013996,SUCCESS,hbar,0.0.3951117,0.0.4138717@1780346279.382432385
0.0.9344085,1.330724407343885,SUCCESS,hbar,0.0.3951117,0.0.4138717@1780346281.985378393
0.0.9104463,6.450627176563586,SUCCESS,hbar,0.0.3951117&0.0.3964804,0.0.4138717@1780346282.787510395
0.0.5060063,0.5063258004436794,SUCCESS,hbar,0.0.3951117,0.0.4138717@1780346283.531655318
0.0.4329703,0.1539644250566787,SUCCESS,hbar,0.0.3951117,0.0.4138717@1780346282.273006441
0.0.4570964,1.626040072852502,SUCCESS,hbar,0.0.3951117,0.0.4138717@1780346282.920489654
0.0.9958383,0.01011340270867122,SUCCESS,hbar,0.0.3951117,0.0.4138717@1780346284.055036911
0.0.9723151,0.0006693715421220522,SUCCESS,hbar,0.0.3951117,0.0.4138717@1780346283.946463959
0.0.10031117,0.5911889222184267,SUCCESS,hbar,0.0.3951117,0.0.4138717@1780346285.553656135
0.0.10031118,0.5585744461258758,SUCCESS,hbar,0.0.3951117,0.0.4138717@1780346283.817072891
0.0.1157855,0.1383515841509411,SUCCESS,hbar,0.0.3951117,0.0.4138717@1780346284.770447498
0.0.10230141,1.899784325461175,SUCCESS,hbar,0.0.3951117,0.0.4138717@1780346285.127388068
0.0.139500,7.619929208203891,SUCCESS,hbar,0.0.3951117,0.0.4138717@1780346289.202589082
0.0.7680254,1.075800291384182,SUCCESS,hbar,0.0.3951117&0.0.3964804,0.0.4138717@1780346287.099401732
0.0.52231,4.112889175909622,SUCCESS,hbar,0.0.3951117,0.0.4138717@1780346287.972351609
0.0.4570908,23.55727272979582,SUCCESS,hbar,0.0.3951117,0.0.4138717@1780346290.078241224
0.0.835242,0.009746508350297894,SUCCESS,hbar,0.0.3951117,0.0.4138717@1780346290.785096159
0.0.8341357,0.0746309661978446,SUCCESS,hbar,0.0.3951117,0.0.4138717@1780346292.281373154
0.0.4349716,0.5329044836781688,SUCCESS,hbar,0.0.3951117&0.0.3964804,0.0.4138717@1780346291.654904988
0.0.10064213,0.6452012489996303,SUCCESS,hbar,0.0.3951117&0.0.3964804,0.0.4138717@1780346290.673775671
0.0.6374996,8.64577952619669,SUCCESS,hbar,0.0.3951117,0.0.4138717@1780346291.167649722
0.0.10088944,0.8272128219244923,SUCCESS,hbar,0.0.3951117&0.0.3964804,0.0.4138717@1780346295.786575273
0.0.9597272,0.9588643774429774,SUCCESS,hbar,0.0.3951117,0.0.4138717@1780346293.431716802
0.0.7920605,0.2836719761040885,SUCCESS,hbar,0.0.3951117,0.0.4138717@1780346295.645666948
0.0.1123753,1.912733287044531,SUCCESS,hbar,0.0.3951117&0.0.3964804,0.0.4138717@1780346297.589613602
0.0.3525426,5.725832385782586,SUCCESS,hbar,0.0.3951117&0.0.3964804,0.0.4138717@1780346297.624195576
0.0.8485588,320.100454268723,SUCCESS,hbar,0.0.3951117,0.0.4138717@1780346296.859253103
0.0.1462225,1129.710818962894,SUCCESS,hbar,0.0.3951117,0.0.4138717@1780346295.242916164
0.0.9430013,29.79051566346601,SUCCESS,hbar,0.0.3951117,0.0.4138717@1780346296.661609863
0.0.4569835,0.001311256688571466,SUCCESS,hbar,0.0.3951117,0.0.4138717@1780346298.270949052
0.0.490092,0.02558458884739872,SUCCESS,hbar,0.0.3951117,0.0.4138717@1780346296.574767753
0.0.516971,2.943886574561315e-8,SUCCESS,hbar,0.0.3951117,0.0.4138717@1780346300.496526654
0.0.9200436,0.4075214783539923,SUCCESS,hbar,0.0.3951117,0.0.4138717@1780346302.127419259
0.0.4531253,0.04197090786320225,SUCCESS,hbar,0.0.3951117&0.0.3964804,0.0.4138717@1780346299.319176306
0.0.7788937,0.0214820392398761,SUCCESS,hbar,0.0.3951117,0.0.4138717@1780346299.546471840
0.0.9150357,4.053222013649069,SUCCESS,hbar,0.0.3951117,0.0.4138717@1780346301.848607675
0.0.7526203,1.013369457949493,SUCCESS,hbar,0.0.3951117&0.0.3964804,0.0.4138717@1780346299.909768052
0.0.8899262,2.579952943160859,SUCCESS,hbar,0.0.3951117,0.0.4138717@1780346300.773909986
0.0.3310398,0.1039359518944572,SUCCESS,hbar,0.0.3951117&0.0.3964804,0.0.4138717@1780346303.830178207
0.0.9120392,0.4381582331254842,SUCCESS,hbar,0.0.3951117&0.0.3964804,0.0.4138717@1780346305.101967250
0.0.9195929,9.85241257377084,SUCCESS,hbar,0.0.3951117&0.0.3964804,0.0.4138717@1780346301.437119127
0.0.7891604,8.192520083102838,SUCCESS,hbar,0.0.3951117,0.0.4138717@1780346304.626512045
0.0.5060163,0.06975577081303609,SUCCESS,hbar,0.0.3951117,0.0.4138717@1780346302.522953474
0.0.657648,58.14177959344315,SUCCESS,hbar,0.0.3951117,0.0.4138717@1780346302.959972101
0.0.6872459,263.1772338464857,SUCCESS,hbar,0.0.3951117,0.0.4138717@1780346305.801211446
0.0.9301583,29.70648602975191,SUCCESS,hbar,0.0.3951117,0.0.4138717@1780346304.260305639
0.0.4351536,1.04683657669647,SUCCESS,hbar,0.0.3951117,0.0.4138717@1780346303.542585296
0.0.844585,8.313320926000372,SUCCESS,hbar,0.0.3951117&0.0.3964804,0.0.4138717@1780346304.603192241
0.0.9318600,111.4406150550917,SUCCESS,hbar,0.0.3951117,0.0.4138717@1780346307.906513985
0.0.9154738,1.059452033383049,SUCCESS,hbar,0.0.3951117&0.0.3964804,0.0.4138717@1780346309.069752546
0.0.2994397,1.382171046308169,SUCCESS,hbar,0.0.3951117,0.0.4138717@1780346306.969479843
0.0.9619890,7.500705475401683,SUCCESS,hbar,0.0.3951117&0.0.3964804,0.0.4138717@1780346307.811182300
0.0.1872630,21.19989359777144,SUCCESS,hbar,0.0.3951117,0.0.4138717@1780346310.178461593
0.0.4383878,0.01359314244676718,SUCCESS,hbar,0.0.3951117,0.0.4138717@1780346309.893280352
0.0.4324518,0.7506963224228553,SUCCESS,hbar,0.0.3951117,0.0.4138717@1780346307.692334841
0.0.5028724,0.001135471125028044,SUCCESS,hbar,0.0.3951117,0.0.4138717@1780346306.915976916
0.0.5156210,0.001864121591671079,SUCCESS,hbar,0.0.3951117&0.0.3964804,0.0.4138717@1780346309.689852225
0.0.5702270,3.947022252910803,SUCCESS,hbar,0.0.3951117,0.0.4138717@1780346307.642661929
0.0.1458130,0.008358881152229143,SUCCESS,hbar,0.0.3951117,0.0.4138717@1780346310.271390109
0.0.589629,0.0003763743379399574,SUCCESS,hbar,0.0.3951117,0.0.4138717@1780346308.439723406
0.0.1904506,0.0001209763426928688,SUCCESS,hbar,0.0.3951117,0.0.4138717@1780346311.323270327
0.0.6198709,1.152001017061517,SUCCESS,hbar,0.0.3951117,0.0.4138717@1780346312.912244803
0.0.1508462,6.500128667191623,SUCCESS,hbar,0.0.3951117,0.0.4138717@1780346313.853007113
0.0.696790,1.769615014038406,SUCCESS,hbar,0.0.3951117&0.0.3964804,0.0.4138717@1780346310.659751807
0.0.1023730,0.4545113916501902,SUCCESS,hbar,0.0.3951117,0.0.4138717@1780346315.732953108
0.0.7129552,10.51406322671097,SUCCESS,hbar,0.0.3951117,0.0.4138717@1780346312.183143723
0.0.1380352,0.3012287238693484,SUCCESS,hbar,0.0.3951117,0.0.4138717@1780346315.112969981
0.0.7287636,0.3563962212643708,SUCCESS,hbar,0.0.3951117&0.0.3964804,0.0.4138717@1780346314.910423914
0.0.5126364,3.225815273500393,SUCCESS,hbar,0.0.3951117,0.0.4138717@1780346314.023641976
0.0.6270084,141.5129214139866,SUCCESS,hbar,0.0.3951117&0.0.3964804,0.0.4138717@1780346316.526719433
0.0.7490874,0.3031955354394279,SUCCESS,hbar,0.0.3951117&0.0.3964804,0.0.4138717@1780346318.399789984
0.0.1123889,0.359128847114445,SUCCESS,hbar,0.0.3951117&0.0.3964804,0.0.4138717@1780346318.207775197
0.0.834443,23.25301161127134,SUCCESS,hbar,0.0.3951117,0.0.4138717@1780346317.022984502
0.0.4575306,0.0008529075136686309,SUCCESS,hbar,0.0.3951117,0.0.4138717@1780346315.710631830
0.0.3872466,0.02414229333143812,SUCCESS,hbar,0.0.3951117,0.0.4138717@1780346316.162228151
0.0.4591423,0.01033263069244512,SUCCESS,hbar,0.0.3951117,0.0.4138717@1780346318.940325823
0.0.3925109,0.000008824066377924442,SUCCESS,hbar,0.0.3951117,0.0.4138717@1780346318.714468169
0.0.4433722,0.0136212901442916,SUCCESS,hbar,0.0.3951117,0.0.4138717@1780346320.776618398
0.0.4331665,0.2378167044342713,SUCCESS,hbar,0.0.3951117,0.0.4138717@1780346321.526309319
0.0.4691881,0.1292153419123619,SUCCESS,hbar,0.0.3951117,0.0.4138717@1780346318.791628631
0.0.1512938,0.0001434312729954874,SUCCESS,hbar,0.0.3951117,0.0.4138717@1780346322.450300435
0.0.4339712,0.06804997436022116,SUCCESS,hbar,0.0.3951117,0.0.4138717@1780346320.779975510
0.0.4754443,0.4105305115495813,SUCCESS,hbar,0.0.3951117&0.0.3964804,0.0.4138717@1780346321.590399322
0.0.1339713,16.07811603844412,SUCCESS,hbar,0.0.3951117&0.0.3964804,0.0.4138717@1780346323.273504110
0.0.4745055,0.001244782763196028,SUCCESS,hbar,0.0.3951117,0.0.4138717@1780346321.196664915
0.0.4338219,1.303433879585899,SUCCESS,hbar,0.0.3951117,0.0.4138717@1780346322.885772637
0.0.4792831,0.0006568752958394754,SUCCESS,hbar,0.0.3951117,0.0.4138717@1780346324.491366909
0.0.664329,0.01203826993619433,SUCCESS,hbar,0.0.3951117,0.0.4138717@1780346323.618933263
0.0.4858736,0.008622844551150475,SUCCESS,hbar,0.0.3951117,0.0.4138717@1780346328.198373588
0.0.4430933,0.1641926669116522,SUCCESS,hbar,0.0.3951117,0.0.4138717@1780346327.124964537
0.0.1784251,0.009911807161493017,SUCCESS,hbar,0.0.3951117&0.0.3964804,0.0.4138717@1780346326.855218973
0.0.4821795,0.1013647510636866,SUCCESS,hbar,0.0.3964804,0.0.4138717@1780346328.223386807
0.0.5313474,0.0185144361759408,SUCCESS,hbar,0.0.3964804,0.0.4138717@1780346331.447298247
0.0.8244642,65.01988543636483,SUCCESS,hbar,0.0.3964804,0.0.4138717@1780346331.344894747
0.0.3051653,0.6235221754126447,SUCCESS,hbar,0.0.3964804,0.0.4138717@1780346330.199767513
0.0.912615,11.36885922274603,SUCCESS,hbar,0.0.3964804,0.0.4138717@1780346330.007901837
0.0.844877,0.5272386573858088,SUCCESS,hbar,0.0.3964804,0.0.4138717@1780346331.463938854
0.0.6063136,0.0007854068465033281,SUCCESS,hbar,0.0.3964804,0.0.4138717@1780346328.905082297
0.0.1316658,0.1294021522973074,SUCCESS,hbar,0.0.3964804,0.0.4138717@1780346329.694256756
0.0.835034,3.8367686237918,SUCCESS,hbar,0.0.3964804,0.0.4138717@1780346330.258976925
0.0.4725260,0.04539373557711748,SUCCESS,hbar,0.0.3964804,0.0.4138717@1780346335.598474471
0.0.6064013,0.5629569208521144,SUCCESS,hbar,0.0.3964804,0.0.4138717@1780346333.313576734
0.0.7989176,6.915666861341161,SUCCESS,hbar,0.0.3964804,0.0.4138717@1780346332.669064317
0.0.1178547,0.06786552560170081,SUCCESS,hbar,0.0.3964804,0.0.4138717@1780346333.265774241
0.0.8120088,0.0303980846376008,SUCCESS,hbar,0.0.3964804,0.0.4138717@1780346334.371261723
0.0.4766806,0.06542417178274255,SUCCESS,hbar,0.0.3964804,0.0.4138717@1780346337.079780042
0.0.10502045,0.0578998405155797,SUCCESS,hbar,0.0.3964804,0.0.4138717@1780346335.832273628
0.0.4575958,0.1855396266304045,SUCCESS,hbar,0.0.3964804,0.0.4138717@1780346337.900411640
0.0.10227517,0.1962818024867003,SUCCESS,hbar,0.0.3964804,0.0.4138717@1780346338.067977037
0.0.9377932,0.02488723544194479,SUCCESS,hbar,0.0.3964804,0.0.4138717@1780346341.324950640
0.0.10151415,1.259519800708562,SUCCESS,hbar,0.0.3964804,0.0.4138717@1780346338.980674210
0.0.1067361,8.051256370155915,SUCCESS,hbar,0.0.3964804,0.0.4138717@1780346341.344418747
0.0.8131527,0.001336906025956133,SUCCESS,hbar,0.0.3964804,0.0.4138717@1780346339.840986451
0.0.815643,1.922545356455867,SUCCESS,hbar,0.0.3964804,0.0.4138717@1780346340.797706483
0.0.1872027,0.00118159532389301,SUCCESS,hbar,0.0.3964804,0.0.4138717@1780346339.774031361
0.0.1696471,1.783842854952476,SUCCESS,hbar,0.0.3964804,0.0.4138717@1780346344.884900274
0.0.6497488,0.4056813259649091,SUCCESS,hbar,0.0.3964804,0.0.4138717@1780346343.885833593
0.0.9417458,0.3204052155091643,SUCCESS,hbar,0.0.3964804,0.0.4138717@1780346342.909220054
0.0.8742796,0.3256429463467085,SUCCESS,hbar,0.0.3964804,0.0.4138717@1780346342.790071087
0.0.7789171,0.06064383494267508,SUCCESS,hbar,0.0.3964804,0.0.4138717@1780346347.009162077
0.0.1183511,0.03855006428112009,SUCCESS,hbar,0.0.3964804,0.0.4138717@1780346347.713448475
0.0.838388,6.24653447377782,SUCCESS,hbar,0.0.3964804,0.0.4138717@1780346347.642490948
0.0.1686527,0.001669192183164474,SUCCESS,hbar,0.0.3964804,0.0.4138717@1780346345.278203443
0.0.8570223,0.06522078588643086,SUCCESS,hbar,0.0.3964804,0.0.4138717@1780346346.144310675
0.0.8273575,0.03125332328451888,SUCCESS,hbar,0.0.3964804,0.0.4138717@1780346348.139239024
0.0.8023334,0.05449272063164175,SUCCESS,hbar,0.0.3964804,0.0.4138717@1780346349.018426515
0.0.3327498,0.1758751376797988,SUCCESS,hbar,0.0.3964804,0.0.4138717@1780346348.780475951
0.0.832543,0.7007007713626568,SUCCESS,hbar,0.0.3964804,0.0.4138717@1780346347.099969587
0.0.885953,8.099819526036885,SUCCESS,hbar,0.0.3964804,0.0.4138717@1780346350.462268890
0.0.684625,0.1103547533358699,SUCCESS,hbar,0.0.3964804,0.0.4138717@1780346348.429760903
0.0.8197490,6.322978106701919,SUCCESS,hbar,0.0.3964804,0.0.4138717@1780346348.270721075
0.0.9112742,0.01873446994172381,SUCCESS,hbar,0.0.3964804,0.0.4138717@1780346351.079248364
0.0.3709566,0.003715866702406363,SUCCESS,hbar,0.0.3964804,0.0.4138717@1780346348.987547527
0.0.7553528,7.940150486572547,SUCCESS,hbar,0.0.3964804,0.0.4138717@1780346350.129054045
0.0.10489509,74.50722408228091,SUCCESS,hbar,0.0.3964804,0.0.4138717@1780346350.179451382
0.0.10129507,0.4390378626217349,SUCCESS,hbar,0.0.3964804,0.0.4138717@1780346350.953571590
0.0.10478184,73.49000249619026,SUCCESS,hbar,0.0.3964804,0.0.4138717@1780346354.331474814
0.0.7581801,0.0003444891803764423,SUCCESS,hbar,0.0.3964804,0.0.4138717@1780346354.709191835
0.0.732615,15.07239280221591,SUCCESS,hbar,0.0.3964804,0.0.4138717@1780346354.749698056
0.0.4731571,0.0005429528914587358,SUCCESS,hbar,0.0.3964804,0.0.4138717@1780346356.097867506
0.0.4393392,0.0003644167611685291,SUCCESS,hbar,0.0.3964804,0.0.4138717@1780346354.410192990
0.0.5807966,0.0002894296164442657,SUCCESS,hbar,0.0.3964804,0.0.4138717@1780346356.721146952
0.0.6076526,0.01860024255867285,SUCCESS,hbar,0.0.3964804,0.0.4138717@1780346357.521481149
0.0.1395051,0.002141833956749587,SUCCESS,hbar,0.0.3964804,0.0.4138717@1780346355.419209246
0.0.8640197,0.1086248121373634,SUCCESS,hbar,0.0.3964804,0.0.4138717@1780346359.836148388
0.0.10495365,0.01201403190982079,SUCCESS,hbar,0.0.3964804,0.0.4138717@1780346356.154739295
0.0.912648,0.9639407690305547,SUCCESS,hbar,0.0.3964804,0.0.4138717@1780346357.873541660
0.0.7950871,4.057360448583822,SUCCESS,hbar,0.0.3964804,0.0.4138717@1780346358.539441233
0.0.10495727,0.5372175023766415,SUCCESS,hbar,0.0.3964804,0.0.4138717@1780346362.938579268
0.0.1385696,10.57459063107849,SUCCESS,hbar,0.0.3964804,0.0.4138717@1780346362.981915841
0.0.823147,22.4813113576124,SUCCESS,hbar,0.0.3964804,0.0.4138717@1780346364.040494403
0.0.1478185,0.223845991215495,SUCCESS,hbar,0.0.3964804,0.0.4138717@1780346364.261843519
0.0.4161393,0.1204655926623656,SUCCESS,hbar,0.0.3964804,0.0.4138717@1780346363.795675767
0.0.1321462,0.08448466907019501,SUCCESS,hbar,0.0.3964804,0.0.4138717@1780346364.876662542
0.0.10496154,0.02435458069321629,SUCCESS,hbar,0.0.3964804,0.0.4138717@1780346363.346291613
0.0.4766862,0.09844055164953469,SUCCESS,hbar,0.0.3964804,0.0.4138717@1780346363.106886879
0.0.4320892,0.1973052887368173,SUCCESS,hbar,0.0.3964804,0.0.4138717@1780346364.828531850
0.0.3008234,0.7487752327602418,SUCCESS,hbar,0.0.3964804,0.0.4138717@1780346363.706411338
0.0.4138268,1.010445786506365,SUCCESS,hbar,0.0.3964804,0.0.4138717@1780346368.022835916
0.0.8213379,0.00005106838922157423,SUCCESS,hbar,0.0.3964804,0.0.4138717@1780346368.028687578
0.0.9125858,11.61259286164155,SUCCESS,hbar,0.0.3964804,0.0.4138717@1780346369.011903607
0.0.6045318,0.1489179945492299,SUCCESS,hbar,0.0.3964804,0.0.4138717@1780346365.347665519
0.0.5719491,0.02868283559303234,SUCCESS,hbar,0.0.3964804,0.0.4138717@1780346368.301462958
0.0.1681033,0.1550918083954185,SUCCESS,hbar,0.0.3964804,0.0.4138717@1780346368.366763015
0.0.8551680,0.1981965647983331,SUCCESS,hbar,0.0.3964804,0.0.4138717@1780346366.577841243
0.0.840324,1.656831264101397,SUCCESS,hbar,0.0.3964804,0.0.4138717@1780346368.532631241
0.0.919311,65.85833219378043,SUCCESS,hbar,0.0.3964804,0.0.4138717@1780346369.550733215
0.0.7920736,1.840492869758847,SUCCESS,hbar,0.0.3964804,0.0.4138717@1780346368.130814086
0.0.8352642,0.1634243785908437,SUCCESS,hbar,0.0.3964804,0.0.4138717@1780346371.888996532
0.0.8057884,2.006876241545335,SUCCESS,hbar,0.0.3964804,0.0.4138717@1780346371.523375687
0.0.8382708,0.006855190028662379,SUCCESS,hbar,0.0.3964804,0.0.4138717@1780346371.621054688
0.0.7550116,0.04343505813488825,SUCCESS,hbar,0.0.3964804,0.0.4138717@1780346372.966318652
0.0.4838474,1.599537412499049,SUCCESS,hbar,0.0.3964804,0.0.4138717@1780346372.954797952
0.0.4319619,0.07224378716656386,SUCCESS,hbar,0.0.3964804,0.0.4138717@1780346371.918492982
0.0.840487,2.179340888379859,SUCCESS,hbar,0.0.3964804,0.0.4138717@1780346373.504322926
0.0.8120693,0.8189157519756387,SUCCESS,hbar,0.0.3964804,0.0.4138717@1780346376.494288922
0.0.9104016,0.4801432162247836,SUCCESS,hbar,0.0.3964804,0.0.4138717@1780346376.197126142
0.0.9201440,0.03062379638966744,SUCCESS,hbar,0.0.3964804,0.0.4138717@1780346375.436986530
0.0.7993090,3.611182254498269,SUCCESS,hbar,0.0.3964804,0.0.4138717@1780346375.587127176
0.0.4795853,0.2437944974579757,SUCCESS,hbar,0.0.3964804,0.0.4138717@1780346377.259634489
0.0.9149385,0.04545771785424885,SUCCESS,hbar,0.0.3964804,0.0.4138717@1780346377.842088200
0.0.5580759,0.01932896784624701,SUCCESS,hbar,0.0.3964804,0.0.4138717@1780346379.385989617
0.0.2185671,0.03617002003576403,SUCCESS,hbar,0.0.3964804,0.0.4138717@1780346376.387193908
0.0.8041705,0.01640600448574519,SUCCESS,hbar,0.0.3964804,0.0.4138717@1780346376.411578449
0.0.8514597,3.014587803720429,SUCCESS,hbar,0.0.3964804,0.0.4138717@1780346377.500668542
0.0.8903303,0.5187348359674359,FAIL,hbar,0.0.3964804,
0.0.3288501,0.06263851052327161,SUCCESS,hbar,0.0.3964804,0.0.4138717@1780346380.704185915
0.0.4724806,0.005305918244207192,SUCCESS,hbar,0.0.3964804,0.0.4138717@1780346382.050176503
0.0.8717466,0.0006873014891331187,SUCCESS,hbar,0.0.3964804,0.0.4138717@1780346379.730363096
0.0.1056579,2.440861947015977,SUCCESS,hbar,0.0.3964804,0.0.4138717@1780346382.080642354
0.0.10242536,0.6153914190725037,SUCCESS,hbar,0.0.3964804,0.0.4138717@1780346379.861198283
0.0.4644030,0.01756863301334629,SUCCESS,hbar,0.0.3964804,0.0.4138717@1780346381.503079813
0.0.876236,0.1037320334909377,SUCCESS,hbar,0.0.3964804,0.0.4138717@1780346383.083386134
0.0.1505544,0.005185412232321949,SUCCESS,hbar,0.0.3964804,0.0.4138717@1780346380.556998134
0.0.10427913,0.06201336459728921,SUCCESS,hbar,0.0.3964804,0.0.4138717@1780346382.576026862
0.0.10171350,1.677482622894495,SUCCESS,hbar,0.0.3964804,0.0.4138717@1780346383.742408090
0.0.4853191,0.003394968021857155,SUCCESS,hbar,0.0.3964804,0.0.4138717@1780346382.114346710
0.0.10383503,18.78986902698612,SUCCESS,hbar,0.0.3964804,0.0.4138717@1780346383.722322581
0.0.10356782,0.2572867688773858,SUCCESS,hbar,0.0.3964804,0.0.4138717@1780346384.448307988
0.0.9796301,0.2590444775939831,SUCCESS,hbar,0.0.3964804,0.0.4138717@1780346386.981927817
0.0.10279551,0.08963269298867413,SUCCESS,hbar,0.0.3964804,0.0.4138717@1780346385.531088648
0.0.10261941,0.4125779398264056,SUCCESS,hbar,0.0.3964804,0.0.4138717@1780346386.926733006
0.0.2005484,0.01448713448075821,SUCCESS,hbar,0.0.3964804,0.0.4138717@1780346388.499013128
0.0.3948696,0.02163980730206628,SUCCESS,hbar,0.0.3964804,0.0.4138717@1780346390.220777246
0.0.2030460,6.545498140070566,SUCCESS,hbar,0.0.3964804,0.0.4138717@1780346388.011441625
0.0.10056907,7.25630019522362,SUCCESS,hbar,0.0.3964804,0.0.4138717@1780346387.835625024
0.0.7164995,2.888212909275456,SUCCESS,hbar,0.0.3964804,0.0.4138717@1780346389.745846746
0.0.1486871,10.90385629382491,SUCCESS,hbar,0.0.3964804,0.0.4138717@1780346388.641763617
0.0.1711144,0.05830836540635935,SUCCESS,hbar,0.0.3964804,0.0.4138717@1780346389.188403513
0.0.10167174,0.09640102024424559,SUCCESS,hbar,0.0.3964804,0.0.4138717@1780346390.077800309
0.0.9690555,0.102298406657942,SUCCESS,hbar,0.0.3964804,0.0.4138717@1780346391.665456529
0.0.8495235,0.626104615450338,SUCCESS,hbar,0.0.3964804,0.0.4138717@1780346388.957955796
0.0.5314183,0.2631871726706989,SUCCESS,hbar,0.0.3964804,0.0.4138717@1780346392.139556347
0.0.1372179,0.121578746465554,SUCCESS,hbar,0.0.3964804,0.0.4138717@1780346391.701105217
0.0.435679,23.382537104615,SUCCESS,hbar,0.0.3964804,0.0.4138717@1780346393.286073053
0.0.2302824,0.001672259690159291,SUCCESS,hbar,0.0.3964804,0.0.4138717@1780346394.036975839
0.0.4433604,0.05303643369029099,SUCCESS,hbar,0.0.3964804,0.0.4138717@1780346392.688459557
0.0.4345176,0.06747424084690229,SUCCESS,hbar,0.0.3964804,0.0.4138717@1780346392.814476735
0.0.5432163,0.03006294412279394,SUCCESS,hbar,0.0.3964804,0.0.4138717@1780346393.345390504
0.0.1415516,6.245735574890332,SUCCESS,hbar,0.0.3964804,0.0.4138717@1780346393.879573344
0.0.4329551,0.7027836973727978,SUCCESS,hbar,0.0.3964804,0.0.4138717@1780346394.507964155
0.0.10085318,0.6263724929299792,SUCCESS,hbar,0.0.3964804,0.0.4138717@1780346393.980925027
0.0.5029689,2.148197113235229,SUCCESS,hbar,0.0.3964804,0.0.4138717@1780346399.053357444
0.0.834666,5.196846658956858,SUCCESS,hbar,0.0.3964804,0.0.4138717@1780346397.703583662
0.0.4323897,0.01033491156010446,SUCCESS,hbar,0.0.3964804,0.0.4138717@1780346398.595655140
0.0.4782567,1.863794164922421,SUCCESS,hbar,0.0.3964804,0.0.4138717@1780346400.316098518
0.0.4340392,0.0375988553213701,SUCCESS,hbar,0.0.3964804,0.0.4138717@1780346401.906621308
0.0.836096,0.2027381875715735,SUCCESS,hbar,0.0.3964804,0.0.4138717@1780346398.513247772
0.0.837799,0.9080425479154467,SUCCESS,hbar,0.0.3964804,0.0.4138717@1780346397.635688082
0.0.4144365,1.338290353885555,SUCCESS,hbar,0.0.3964804,0.0.4138717@1780346399.228470622
0.0.853379,8.296491186158503,SUCCESS,hbar,0.0.3964804,0.0.4138717@1780346399.374999799
0.0.9477910,1.821537173133611,SUCCESS,hbar,0.0.3964804,0.0.4138717@1780346402.411806291
0.0.1736150,1.088661561772457,SUCCESS,hbar,0.0.3964804,0.0.4138717@1780346403.626136468
0.0.9405888,0.005201624344599282,SUCCESS,hbar,0.0.3964804,0.0.4138717@1780346402.596001505
0.0.915984,11.07930799583182,SUCCESS,hbar,0.0.3964804,0.0.4138717@1780346403.321673040
0.0.9404882,0.1813937243705001,SUCCESS,hbar,0.0.3964804,0.0.4138717@1780346404.035032783
0.0.9178066,0.004569514113275789,SUCCESS,hbar,0.0.3964804,0.0.4138717@1780346404.813272867
0.0.966444,1.500118083938353,SUCCESS,hbar,0.0.3964804,0.0.4138717@1780346403.195387294
0.0.9303899,0.8610828064190933,SUCCESS,hbar,0.0.3964804,0.0.4138717@1780346402.871499272
0.0.2017766,0.5413111849643417,SUCCESS,hbar,0.0.3964804,0.0.4138717@1780346406.961380664
0.0.6295630,0.0202668946468388,SUCCESS,hbar,0.0.3964804,0.0.4138717@1780346409.037550687
0.0.3681629,2.23963125594624,SUCCESS,hbar,0.0.3964804,0.0.4138717@1780346406.896005836
0.0.9464371,37.16927840772287,SUCCESS,hbar,0.0.3964804,0.0.4138717@1780346409.101041990
0.0.9272301,0.3484543776207544,SUCCESS,hbar,0.0.3964804,0.0.4138717@1780346408.158640601
0.0.9273859,0.02592866079875713,SUCCESS,hbar,0.0.3964804,0.0.4138717@1780346409.873965679
0.0.2149252,0.00004921976182379104,SUCCESS,hbar,0.0.3964804,0.0.4138717@1780346411.634389369
0.0.9150672,0.0115717743835962,SUCCESS,hbar,0.0.3964804,0.0.4138717@1780346408.639077656
0.0.9144684,0.0620579999531629,SUCCESS,hbar,0.0.3964804,0.0.4138717@1780346408.559986360
0.0.6094118,0.007802438048510173,SUCCESS,hbar,0.0.3964804,0.0.4138717@1780346413.690397558
0.0.9168967,0.06863879153226321,SUCCESS,hbar,0.0.3964804,0.0.4138717@1780346412.166064686
0.0.7550127,0.07700993732894346,SUCCESS,hbar,0.0.3964804,0.0.4138717@1780346413.149236511
0.0.5850916,0.2145293139720888,SUCCESS,hbar,0.0.3964804,0.0.4138717@1780346412.761612808
0.0.10237154,0.6878060783776142,SUCCESS,hbar,0.0.3964804,0.0.4138717@1780346413.880899535
0.0.4911466,0.003391550568726299,SUCCESS,hbar,0.0.3964804,0.0.4138717@1780346414.163307773
0.0.10068662,0.01913045843767933,SUCCESS,hbar,0.0.3964804,0.0.4138717@1780346411.431753009
0.0.8213249,17.69610090372517,SUCCESS,hbar,0.0.3964804,0.0.4138717@1780346413.248911370
0.0.6460255,1.653813380004678,SUCCESS,hbar,0.0.3964804,0.0.4138717@1780346413.427041024
0.0.3161254,7565.744691873009,SUCCESS,hbar,0.0.3964804,0.0.4138717@1780346416.748312516
0.0.3907868,0.001892575923271156,SUCCESS,hbar,0.0.3964804,0.0.4138717@1780346417.843602789
0.0.1043461,28.36641532491157,SUCCESS,hbar,0.0.3964804,0.0.4138717@1780346414.296251828
0.0.9317309,0.0002019177059612619,SUCCESS,hbar,0.0.3964804,0.0.4138717@1780346414.591043203
0.0.4310363,0.1400273579015635,SUCCESS,hbar,0.0.3964804,0.0.4138717@1780346416.084580175
0.0.5482082,0.2505281694265971,SUCCESS,hbar,0.0.3964804,0.0.4138717@1780346419.324304496
0.0.9695749,1.209067599282158,SUCCESS,hbar,0.0.3964804,0.0.4138717@1780346420.986233742
0.0.834767,0.4723661493100634,SUCCESS,hbar,0.0.3964804,0.0.4138717@1780346418.211253084
0.0.9612822,0.0593813074145457,SUCCESS,hbar,0.0.3964804,0.0.4138717@1780346418.910975501
0.0.6258977,0.05848865137644348,SUCCESS,hbar,0.0.3964804,0.0.4138717@1780346420.186538694
0.0.946029,0.1953694567218235,SUCCESS,hbar,0.0.3964804,0.0.4138717@1780346418.586379160
0.0.1461428,0.5951895638832364,SUCCESS,hbar,0.0.3964804,0.0.4138717@1780346422.638153435
0.0.4154591,2.454045039632637,SUCCESS,hbar,0.0.3964804,0.0.4138717@1780346424.317218122
0.0.1517175,0.3338955788338916,SUCCESS,hbar,0.0.3964804,0.0.4138717@1780346425.404149745
0.0.9226909,0.1762218337302006,SUCCESS,hbar,0.0.3964804,0.0.4138717@1780346425.664927337
0.0.2657839,3.060470037853654,SUCCESS,hbar,0.0.3964804,0.0.4138717@1780346422.571164577
0.0.795838,0.04004305770105759,SUCCESS,hbar,0.0.3964804,0.0.4138717@1780346426.151885259
0.0.5495538,0.009065838803608966,SUCCESS,hbar,0.0.3964804,0.0.4138717@1780346426.822107336
0.0.4093788,1.100931626594577,SUCCESS,hbar,0.0.3964804,0.0.4138717@1780346424.939957706
0.0.5421455,0.002110137414569304,SUCCESS,hbar,0.0.3964804,0.0.4138717@1780346425.215782768
0.0.5315914,0.8529461432022011,SUCCESS,hbar,0.0.3964804,0.0.4138717@1780346424.573698787
0.0.838198,0.5095357154444536,SUCCESS,hbar,0.0.3964804,0.0.4138717@1780346425.978262538
0.0.4327294,0.008294487682680988,SUCCESS,hbar,0.0.3964804,0.0.4138717@1780346427.505784848
0.0.728698,0.07036391835162495,SUCCESS,hbar,0.0.3964804,0.0.4138717@1780346427.650397945
0.0.1402758,0.4287751659569414,SUCCESS,hbar,0.0.3964804,0.0.4138717@1780346431.058341430
0.0.1353334,0.02441274764585085,SUCCESS,hbar,0.0.3964804,0.0.4138717@1780346429.633927863
0.0.3165925,0.03437857027066639,SUCCESS,hbar,0.0.3964804,0.0.4138717@1780346430.155805379
0.0.1357334,0.09277911801531898,SUCCESS,hbar,0.0.3964804,0.0.4138717@1780346429.346520157
0.0.4533464,0.06591755188430896,SUCCESS,hbar,0.0.3964804,0.0.4138717@1780346429.809148658
0.0.4639295,0.3790452424606753,SUCCESS,hbar,0.0.3964804,0.0.4138717@1780346432.066133796
0.0.732798,0.0338561589909216,SUCCESS,hbar,0.0.3964804,0.0.4138717@1780346435.318694486
0.0.2101943,0.001546930677984472,SUCCESS,hbar,0.0.3964804,0.0.4138717@1780346434.059789362
0.0.1860252,0.08140090746852094,SUCCESS,hbar,0.0.3964804,0.0.4138717@1780346433.413410390
0.0.3100704,15.44151083999067,SUCCESS,hbar,0.0.3964804,0.0.4138717@1780346433.025624052
0.0.4229971,0.2809105088698862,SUCCESS,hbar,0.0.3964804,0.0.4138717@1780346432.719196937
0.0.1703452,0.2421145811942065,SUCCESS,hbar,0.0.3964804,0.0.4138717@1780346433.611057673
0.0.4535053,1.763250692573118,SUCCESS,hbar,0.0.3964804,0.0.4138717@1780346433.677855899
0.0.835055,0.001986080491844339,SUCCESS,hbar,0.0.3964804,0.0.4138717@1780346437.621017789
0.0.4356553,0.01475857317572203,SUCCESS,hbar,0.0.3964804,0.0.4138717@1780346438.896732447
0.0.4333378,0.004313420100365501,SUCCESS,hbar,0.0.3964804,0.0.4138717@1780346437.989538995
0.0.4368518,0.04088072394918545,SUCCESS,hbar,0.0.3964804,0.0.4138717@1780346440.131529940
0.0.3967246,0.2618122661007848,SUCCESS,hbar,0.0.3964804,0.0.4138717@1780346438.587482989
0.0.4784258,0.1046016572542551,SUCCESS,hbar,0.0.3964804,0.0.4138717@1780346438.818080495
0.0.1463629,0.06887461851488501,SUCCESS,hbar,0.0.3964804,0.0.4138717@1780346437.754160199
0.0.6306847,0.01267488003821241,SUCCESS,hbar,0.0.3964804,0.0.4138717@1780346438.576930932
0.0.433061,0.007420113328757087,SUCCESS,hbar,0.0.3964804,0.0.4138717@1780346441.042643707
0.0.5957030,0.9286433719196948,SUCCESS,hbar,0.0.3964804,0.0.4138717@1780346440.655202221
0.0.6275653,0.005914584593517853,SUCCESS,hbar,0.0.3964804,0.0.4138717@1780346442.977458252
0.0.6154587,7.16131980470357,SUCCESS,hbar,0.0.3964804,0.0.4138717@1780346443.952398183
0.0.6139137,0.3253835938019385,SUCCESS,hbar,0.0.3964804,0.0.4138717@1780346442.767557029
0.0.753351,0.236131029609406,SUCCESS,hbar,0.0.3964804,0.0.4138717@1780346444.951586654
0.0.5068116,0.01779470278515505,SUCCESS,hbar,0.0.3964804,0.0.4138717@1780346442.427442474
0.0.805713,10.53639312338529,SUCCESS,hbar,0.0.3964804,0.0.4138717@1780346443.207389030
0.0.4965217,0.1239856833814187,SUCCESS,hbar,0.0.3964804,0.0.4138717@1780346447.593600635
0.0.4360122,0.1030463807617831,SUCCESS,hbar,0.0.3964804,0.0.4138717@1780346444.841554365
0.0.4358173,1.017677441738005,SUCCESS,hbar,0.0.3964804,0.0.4138717@1780346443.152864230
0.0.4717832,0.1105642690817466,SUCCESS,hbar,0.0.3964804,0.0.4138717@1780346445.991705660
0.0.4540904,0.4263985862469181,SUCCESS,hbar,0.0.3964804,0.0.4138717@1780346445.945319070
0.0.4351736,0.007809138337557904,SUCCESS,hbar,0.0.3964804,0.0.4138717@1780346448.805189291
0.0.5698429,0.003334802790790708,SUCCESS,hbar,0.0.3964804,0.0.4138717@1780346447.055155320
0.0.4589167,0.01156053678482572,SUCCESS,hbar,0.0.3964804,0.0.4138717@1780346449.939784313
0.0.5023507,0.1616240130476234,SUCCESS,hbar,0.0.3964804,0.0.4138717@1780346447.364178891
0.0.3937438,0.1493219044067457,SUCCESS,hbar,0.0.3964804,0.0.4138717@1780346451.523346322
0.0.796454,28.99551681542652,SUCCESS,hbar,0.0.3964804,0.0.4138717@1780346451.418336729
0.0.5147407,0.193854153150228,SUCCESS,hbar,0.0.3964804,0.0.4138717@1780346450.857580646
0.0.859649,0.09771345418281432,SUCCESS,hbar,0.0.3964804,0.0.4138717@1780346449.040653282
0.0.859149,11.40204657683233,SUCCESS,hbar,0.0.3964804,0.0.4138717@1780346452.822674906
0.0.1121794,0.1285845001635978,SUCCESS,hbar,0.0.3964804,0.0.4138717@1780346451.375580882
0.0.3872024,1.422666389590231,SUCCESS,hbar,0.0.3964804,0.0.4138717@1780346449.237762080
0.0.833050,0.02846240356954201,SUCCESS,hbar,0.0.3964804,0.0.4138717@1780346453.176122334
0.0.1313705,0.5678917556219255,SUCCESS,hbar,0.0.3964804,0.0.4138717@1780346452.771482011
0.0.4184148,0.2001931191841284,SUCCESS,hbar,0.0.3964804,0.0.4138717@1780346454.565490698
0.0.3768895,0.0009933503414911408,SUCCESS,hbar,0.0.3964804,0.0.4138717@1780346457.054063545
0.0.1097802,1.231949996525974,SUCCESS,hbar,0.0.3964804,0.0.4138717@1780346454.726575603
0.0.3878869,1.07973417484499,SUCCESS,hbar,0.0.3964804,0.0.4138717@1780346455.304374081
0.0.1877641,0.6337427529893468,SUCCESS,hbar,0.0.3964804,0.0.4138717@1780346455.358125575
0.0.1268672,0.01229189096357893,SUCCESS,hbar,0.0.3964804,0.0.4138717@1780346453.902105190
0.0.835670,0.03310950073121887,SUCCESS,hbar,0.0.3964804,0.0.4138717@1780346460.019861137
0.0.2145447,19.31661300455313,SUCCESS,hbar,0.0.3964804,0.0.4138717@1780346457.307904921
0.0.859565,9.81499524327041,SUCCESS,hbar,0.0.3964804,0.0.4138717@1780346457.285064332
0.0.1448131,0.141634786880306,SUCCESS,hbar,0.0.3964804,0.0.4138717@1780346457.774491831
0.0.1088394,0.05237917520365997,SUCCESS,hbar,0.0.3964804,0.0.4138717@1780346457.158991894
0.0.1432019,1.852078870882142,SUCCESS,hbar,0.0.3964804,0.0.4138717@1780346457.677141214
0.0.837554,4.049667613923137,SUCCESS,hbar,0.0.3964804,0.0.4138717@1780346462.236273518
0.0.1088074,8.257267777342468,SUCCESS,hbar,0.0.3964804,0.0.4138717@1780346457.656297157
0.0.481717,0.1233217794118894,SUCCESS,hbar,0.0.3964804,0.0.4138717@1780346458.788813155
0.0.965222,4.662427820467433,SUCCESS,hbar,0.0.3964804,0.0.4138717@1780346461.338990866
0.0.1198079,14.09715323616155,SUCCESS,hbar,0.0.3964804,0.0.4138717@1780346463.054215981
0.0.1512214,0.01267005471446135,SUCCESS,hbar,0.0.3964804,0.0.4138717@1780346464.675251462
0.0.793748,107.395680630778,SUCCESS,hbar,0.0.3964804,0.0.4138717@1780346462.682250726
0.0.1728462,0.09249887247079237,SUCCESS,hbar,0.0.3964804,0.0.4138717@1780346462.274944500
0.0.4350498,0.00007020403446779409,SUCCESS,hbar,0.0.3964804,0.0.4138717@1780346464.670380182
0.0.1440806,9.830890376391674,SUCCESS,hbar,0.0.3964804,0.0.4138717@1780346465.764653380
0.0.4329185,1.6279174237497,SUCCESS,hbar,0.0.3964804,0.0.4138717@1780346465.844057951
0.0.4341116,0.6936138844507139,SUCCESS,hbar,0.0.3964804,0.0.4138717@1780346464.904072649
0.0.3023498,0.2831282983774133,SUCCESS,hbar,0.0.3964804,0.0.4138717@1780346468.884011792
0.0.4356154,0.02822975326062094,SUCCESS,hbar,0.0.3964804,0.0.4138717@1780346469.706078207
0.0.4351860,0.7875605605125559,SUCCESS,hbar,0.0.3964804,0.0.4138717@1780346468.604609138
0.0.920901,18.27615974705193,SUCCESS,hbar,0.0.3964804,0.0.4138717@1780346466.309923910
0.0.4346529,1.465118013646731,SUCCESS,hbar,0.0.3964804,0.0.4138717@1780346469.230580057
0.0.2150506,0.0454752576577859,SUCCESS,hbar,0.0.3964804,0.0.4138717@1780346469.706080800
0.0.4345412,0.0775245408287246,SUCCESS,hbar,0.0.3964804,0.0.4138717@1780346469.320708039
0.0.4345654,40.81248819950608,SUCCESS,hbar,0.0.3964804,0.0.4138717@1780346468.738845921
0.0.842806,77.42658518355722,SUCCESS,hbar,0.0.3964804,0.0.4138717@1780346471.960077100
0.0.1088670,0.258595908844456,SUCCESS,hbar,0.0.3964804,0.0.4138717@1780346474.358142558
0.0.4337103,0.001175941584021429,SUCCESS,hbar,0.0.3964804,0.0.4138717@1780346475.095629485
0.0.3291464,0.01137041350802045,SUCCESS,hbar,0.0.3964804,0.0.4138717@1780346476.218046312
0.0.4231312,0.26119857306686,SUCCESS,hbar,0.0.3964804,0.0.4138717@1780346474.892979076
0.0.846778,32.92752590143989,SUCCESS,hbar,0.0.3964804,0.0.4138717@1780346475.738861765
0.0.1018824,3.97885473723704,SUCCESS,hbar,0.0.3964804,0.0.4138717@1780346476.337619528
0.0.4319631,0.07961703606547814,SUCCESS,hbar,0.0.3964804,0.0.4138717@1780346473.821418830
0.0.1048940,0.07933124597396256,SUCCESS,hbar,0.0.3964804,0.0.4138717@1780346478.305017416
0.0.3945405,0.0003322502966815335,SUCCESS,hbar,0.0.3964804,0.0.4138717@1780346478.669770619
0.0.1104374,42.04375534316893,SUCCESS,hbar,0.0.3964804,0.0.4138717@1780346476.511908893
0.0.1350500,0.2761738357249391,SUCCESS,hbar,0.0.3964804,0.0.4138717@1780346476.472403415
0.0.7916029,11.02975276683971,SUCCESS,hbar,0.0.3964804,0.0.4138717@1780346477.172739787
0.0.4315395,0.03983443297275643,SUCCESS,hbar,0.0.3964804,0.0.4138717@1780346477.325930705
0.0.4388693,0.06710430887472672,SUCCESS,hbar,0.0.3964804,0.0.4138717@1780346478.850735610
0.0.8083173,0.2020817912892161,SUCCESS,hbar,0.0.3964804,0.0.4138717@1780346478.758702468
0.0.2964523,11.23393653848473,SUCCESS,hbar,0.0.3964804,0.0.4138717@1780346480.522664377
0.0.8076778,0.000690017917864615,SUCCESS,hbar,0.0.3964804,0.0.4138717@1780346481.024859068
0.0.6313326,3.356442339092334,SUCCESS,hbar,0.0.3964804,0.0.4138717@1780346483.845738012
0.0.7583284,0.09174175047801587,SUCCESS,hbar,0.0.3964804,0.0.4138717@1780346482.342239588
0.0.1673276,0.9842402115793015,SUCCESS,hbar,0.0.3964804,0.0.4138717@1780346481.372138691
0.0.4804985,0.07205512525709207,SUCCESS,hbar,0.0.3964804,0.0.4138717@1780346482.626227313
0.0.7865510,17.4006678241619,SUCCESS,hbar,0.0.3964804,0.0.4138717@1780346481.963652853
0.0.4343570,0.1393260349996209,SUCCESS,hbar,0.0.3964804,0.0.4138717@1780346483.773001338
0.0.7732676,74.83742687027527,SUCCESS,hbar,0.0.3964804,0.0.4138717@1780346484.109984323
0.0.2891280,0.3116305514671651,SUCCESS,hbar,0.0.3964804,0.0.4138717@1780346487.257231443
0.0.8131537,0.5233794231207564,SUCCESS,hbar,0.0.3964804,0.0.4138717@1780346487.129025027
0.0.4861986,0.05912876030021468,SUCCESS,hbar,0.0.3964804,0.0.4138717@1780346488.763673381
0.0.5112630,0.4166607368937687,SUCCESS,hbar,0.0.3964804,0.0.4138717@1780346487.004607665
0.0.710849,0.007455091340145691,SUCCESS,hbar,0.0.3964804,0.0.4138717@1780346489.853236375
0.0.7965412,0.001352537378669654,SUCCESS,hbar,0.0.3964804,0.0.4138717@1780346487.671165174
0.0.3384906,1.89733795112131,SUCCESS,hbar,0.0.3964804,0.0.4138717@1780346491.412951002
0.0.7961490,0.07327352689990842,SUCCESS,hbar,0.0.3964804,0.0.4138717@1780346488.509543334
0.0.7703838,0.003821063491069913,SUCCESS,hbar,0.0.3964804,0.0.4138717@1780346489.548561640
0.0.1313215,0.006162312248211743,SUCCESS,hbar,0.0.3964804,0.0.4138717@1780346491.797425484
0.0.6343911,1.730079857497737,SUCCESS,hbar,0.0.3964804,0.0.4138717@1780346489.772868047
0.0.7937765,0.402540370397811,SUCCESS,hbar,0.0.3964804,0.0.4138717@1780346491.509782781
0.0.4765612,2.215698546142325,SUCCESS,hbar,0.0.3964804,0.0.4138717@1780346491.742005237
0.0.3240624,0.001008834289093985,SUCCESS,hbar,0.0.3964804,0.0.4138717@1780346495.265660007
0.0.8002341,0.1016809465527984,SUCCESS,hbar,0.0.3964804,0.0.4138717@1780346493.687882923
0.0.6469391,1.07180048185479,SUCCESS,hbar,0.0.3964804,0.0.4138717@1780346495.129445651
0.0.4853295,2.823789686311422,SUCCESS,hbar,0.0.3964804,0.0.4138717@1780346496.191558535
0.0.658160,0.001741669971563524,SUCCESS,hbar,0.0.3964804,0.0.4138717@1780346496.841738282
0.0.7920282,0.003474543779807336,SUCCESS,hbar,0.0.3964804,0.0.4138717@1780346496.544395514
0.0.4743054,0.0001746514968748646,SUCCESS,hbar,0.0.3964804,0.0.4138717@1780346496.048173601
0.0.7285744,0.008704763473849008,SUCCESS,hbar,0.0.3964804,0.0.4138717@1780346498.573556888
0.0.6148704,0.03452678672721121,SUCCESS,hbar,0.0.3964804,0.0.4138717@1780346497.540461945
0.0.7816479,0.01124249114540683,SUCCESS,hbar,0.0.3964804,0.0.4138717@1780346496.284995850
0.0.1261132,0.2191844680247376,SUCCESS,hbar,0.0.3964804,0.0.4138717@1780346499.356228891
0.0.1404010,0.002556574009703182,SUCCESS,hbar,0.0.3964804,0.0.4138717@1780346498.154011690
0.0.1369825,43.26228113715216,SUCCESS,hbar,0.0.3964804,0.0.4138717@1780346501.028869538
0.0.8209705,0.04796581493843809,SUCCESS,hbar,0.0.3964804,0.0.4138717@1780346501.880501537
0.0.7166497,0.02775358526377097,SUCCESS,hbar,0.0.3964804,0.0.4138717@1780346503.412293529
0.0.4312267,3.540762935045209,SUCCESS,hbar,0.0.3964804,0.0.4138717@1780346503.930945826
0.0.7938061,0.02322539003546433,SUCCESS,hbar,0.0.3964804,0.0.4138717@1780346503.425171526
0.0.3241611,0.166821992190905,SUCCESS,hbar,0.0.3964804,0.0.4138717@1780346503.127527242
0.0.8227507,0.200209377841024,SUCCESS,hbar,0.0.3964804,0.0.4138717@1780346501.529741980
0.0.1754370,0.01638822743916008,SUCCESS,hbar,0.0.3964804,0.0.4138717@1780346502.347963689
0.0.2116216,1.552905777191504,SUCCESS,hbar,0.0.3964804,0.0.4138717@1780346503.049885689
0.0.7965335,0.7678980606624176,SUCCESS,hbar,0.0.3964804,0.0.4138717@1780346504.465658398
0.0.6294131,0.00001308269066555926,SUCCESS,hbar,0.0.3964804,0.0.4138717@1780346505.942145804
0.0.844131,0.1241480839587397,SUCCESS,hbar,0.0.3964804,0.0.4138717@1780346502.638023728
0.0.7924085,0.007659395946339171,SUCCESS,hbar,0.0.3964804,0.0.4138717@1780346505.730909663
0.0.7732467,0.07995741213028706,SUCCESS,hbar,0.0.3964804,0.0.4138717@1780346506.396962741
0.0.981571,0.03666926940313673,SUCCESS,hbar,0.0.3964804,0.0.4138717@1780346505.862173957
0.0.3847179,0.2463363310504286,SUCCESS,hbar,0.0.3964804,0.0.4138717@1780346507.031924743
0.0.1467538,0.376502016182179,SUCCESS,hbar,0.0.3964804,0.0.4138717@1780346505.741054693
0.0.7662545,0.001976282752601932,SUCCESS,hbar,0.0.3964804,0.0.4138717@1780346507.323050394
0.0.7290965,0.3170835262621879,SUCCESS,hbar,0.0.3964804,0.0.4138717@1780346507.484762629
0.0.1524063,2.132174344556257,SUCCESS,hbar,0.0.3964804,0.0.4138717@1780346510.641111920
0.0.3872629,0.22450053516086,SUCCESS,hbar,0.0.3964804,0.0.4138717@1780346511.592656028
0.0.7631749,0.001698810304086824,SUCCESS,hbar,0.0.3964804,0.0.4138717@1780346511.153595027
0.0.794930,0.02468258952971174,SUCCESS,hbar,0.0.3964804,0.0.4138717@1780346510.257773382
0.0.3687848,3.880334422544851,SUCCESS,hbar,0.0.3964804,0.0.4138717@1780346510.282435126
0.0.892270,6.593552809263043,SUCCESS,hbar,0.0.3964804,0.0.4138717@1780346515.156776769
0.0.4423729,0.4514853724949813,SUCCESS,hbar,0.0.3964804,0.0.4138717@1780346512.174360682
0.0.1124401,1.960949323567264,SUCCESS,hbar,0.0.3964804,0.0.4138717@1780346513.580141876
0.0.857760,0.06932661100951959,SUCCESS,hbar,0.0.3964804,0.0.4138717@1780346516.459387995
0.0.3288713,7.292354257589657,SUCCESS,hbar,0.0.3964804,0.0.4138717@1780346516.906038388
0.0.7312670,0.4476289127233913,SUCCESS,hbar,0.0.3964804,0.0.4138717@1780346519.458846578
0.0.662621,0.1900032320565201,SUCCESS,hbar,0.0.3964804,0.0.4138717@1780346515.733345359
0.0.6475509,0.07819944983025227,SUCCESS,hbar,0.0.3964804,0.0.4138717@1780346518.712468711
0.0.7450449,0.2789721775033554,SUCCESS,hbar,0.0.3964804,0.0.4138717@1780346516.896928622
0.0.6004536,0.02540550116800219,SUCCESS,hbar,0.0.3964804,0.0.4138717@1780346518.555935317
0.0.6157135,1.209224992860528,SUCCESS,hbar,0.0.3964804,0.0.4138717@1780346518.641965921
0.0.6270761,16.34984162662076,SUCCESS,hbar,0.0.3964804,0.0.4138717@1780346521.467186955
0.0.2967389,0.203123670920007,SUCCESS,hbar,0.0.3964804,0.0.4138717@1780346521.673883486
0.0.6416166,0.4207078279228894,SUCCESS,hbar,0.0.3964804,0.0.4138717@1780346523.084335401
0.0.4314332,1.881667617854536,SUCCESS,hbar,0.0.3964804,0.0.4138717@1780346520.402654849
0.0.3048811,55.98483347892763,SUCCESS,hbar,0.0.3964804,0.0.4138717@1780346521.449439816
0.0.6828202,10.71609277521899,SUCCESS,hbar,0.0.3964804,0.0.4138717@1780346523.615819653
0.0.6852334,1.440475356247253,SUCCESS,hbar,0.0.3964804,0.0.4138717@1780346524.076626451
0.0.811739,0.9762307023704044,SUCCESS,hbar,0.0.3964804,0.0.4138717@1780346523.134478405
0.0.4883729,0.1505097300747961,SUCCESS,hbar,0.0.3964804,0.0.4138717@1780346525.957078920
0.0.1746011,0.7358294899945816,SUCCESS,hbar,0.0.3964804,0.0.4138717@1780346524.486439627
0.0.791414,0.1536228245133966,SUCCESS,hbar,0.0.3964804,0.0.4138717@1780346525.188310865
0.0.7798912,0.9983252781970078,SUCCESS,hbar,0.0.3964804,0.0.4138717@1780346526.974175069
0.0.862835,0.2211480622165253,SUCCESS,hbar,0.0.3964804,0.0.4138717@1780346525.561334151
0.0.1337171,0.3843196068494336,SUCCESS,hbar,0.0.3964804,0.0.4138717@1780346523.634812560
0.0.7776311,19.33946071109976,SUCCESS,hbar,0.0.3964804,0.0.4138717@1780346528.383633840
0.0.2004450,0.08275143146324891,SUCCESS,hbar,0.0.3964804,0.0.4138717@1780346526.479132264
0.0.4337383,0.2899110372708775,SUCCESS,hbar,0.0.3964804,0.0.4138717@1780346528.419546680
0.0.4504544,3.823015663990931,SUCCESS,hbar,0.0.3964804,0.0.4138717@1780346527.732468148
0.0.4135513,0.4138766334865787,SUCCESS,hbar,0.0.3964804,0.0.4138717@1780346526.296194610
0.0.1463093,0.6961222360674568,SUCCESS,hbar,0.0.3964804,0.0.4138717@1780346529.263361378
0.0.8291825,0.7086580840033838,SUCCESS,hbar,0.0.3964804,0.0.4138717@1780346529.444174815
0.0.887612,0.9156080037373899,SUCCESS,hbar,0.0.3964804,0.0.4138717@1780346528.152373211
0.0.4566469,1.228757487612736,SUCCESS,hbar,0.0.3964804,0.0.4138717@1780346528.950389931
0.0.3916542,0.01377639170314258,SUCCESS,hbar,0.0.3964804,0.0.4138717@1780346527.836221263
0.0.1486421,0.9096219877307119,SUCCESS,hbar,0.0.3964804,0.0.4138717@1780346530.888493059
0.0.1359581,6.537861634956679,SUCCESS,hbar,0.0.3964804,0.0.4138717@1780346529.646725319
0.0.4431727,0.05347568297922726,SUCCESS,hbar,0.0.3964804,0.0.4138717@1780346528.781140614
0.0.7710235,0.05597127094679664,SUCCESS,hbar,0.0.3964804,0.0.4138717@1780346531.719536083
0.0.838791,0.766849923096906,SUCCESS,hbar,0.0.3964804,0.0.4138717@1780346534.085757221
0.0.496172,0.6925450247181575,SUCCESS,hbar,0.0.3964804,0.0.4138717@1780346532.717478434
0.0.146930,659.4078884229249,SUCCESS,hbar,0.0.3964804,0.0.4138717@1780346531.132523885
0.0.4887338,0.4007881651809664,SUCCESS,hbar,0.0.3964804,0.0.4138717@1780346534.589962314
0.0.4558719,0.003952581232026192,SUCCESS,hbar,0.0.3964804,0.0.4138717@1780346535.297399231
0.0.4814986,0.00662389102550137,SUCCESS,hbar,0.0.3964804,0.0.4138717@1780346534.903875272
0.0.638522,9.888998338396014,SUCCESS,hbar,0.0.3964804,0.0.4138717@1780346535.212826245
0.0.857763,0.489279763435801,SUCCESS,hbar,0.0.3964804,0.0.4138717@1780346533.678534626
0.0.937712,5.875906546036929,SUCCESS,hbar,0.0.3964804,0.0.4138717@1780346537.010296301
0.0.955353,0.04789457337440766,SUCCESS,hbar,0.0.3964804,0.0.4138717@1780346535.425863039
0.0.683815,0.01681517831584932,SUCCESS,hbar,0.0.3964804,0.0.4138717@1780346537.890626411
0.0.835929,0.000001268591263700198,SUCCESS,hbar,0.0.3964804,0.0.4138717@1780346539.629617621
0.0.1052080,0.297692878695968,SUCCESS,hbar,0.0.3964804,0.0.4138717@1780346536.747208937
0.0.4712922,0.02032352037705567,SUCCESS,hbar,0.0.3964804,0.0.4138717@1780346539.259730663
0.0.4140342,0.1047366411643227,SUCCESS,hbar,0.0.3964804,0.0.4138717@1780346538.981241055
0.0.4576074,0.1081339323453624,SUCCESS,hbar,0.0.3964804,0.0.4138717@1780346536.184222876
0.0.1093612,0.1076721263589961,SUCCESS,hbar,0.0.3964804,0.0.4138717@1780346537.549921255
0.0.4552348,0.003591646137045307,SUCCESS,hbar,0.0.3964804,0.0.4138717@1780346541.201389324
0.0.4552309,0.003377680065933147,SUCCESS,hbar,0.0.3964804,0.0.4138717@1780346541.378701874
0.0.4552382,0.003377488161918661,SUCCESS,hbar,0.0.3964804,0.0.4138717@1780346542.745368091
0.0.1082201,31.90194957292561,SUCCESS,hbar,0.0.3964804,0.0.4138717@1780346540.385181344
0.0.4571567,0.6413562975594684,SUCCESS,hbar,0.0.3964804,0.0.4138717@1780346543.790780188
0.0.1024843,0.00001239142295398103,SUCCESS,hbar,0.0.3964804,0.0.4138717@1780346541.010313077
0.0.4573495,1280.914484801477,SUCCESS,hbar,0.0.3964804,0.0.4138717@1780346541.210797215
0.0.1105845,0.7425341995610769,SUCCESS,hbar,0.0.3964804,0.0.4138717@1780346541.185834905
0.0.8083839,6.921139622604263,SUCCESS,hbar,0.0.3964804,0.0.4138717@1780346542.368971821
0.0.4914022,0.6016572889686278,SUCCESS,hbar,0.0.3964804,0.0.4138717@1780346547.342893311
0.0.8104363,107.0787114522763,SUCCESS,hbar,0.0.3964804,0.0.4138717@1780346548.491448359
0.0.8084528,14.21305730926307,SUCCESS,hbar,0.0.3964804,0.0.4138717@1780346548.908884746
0.0.1181772,0.02147158314917663,SUCCESS,hbar,0.0.3964804,0.0.4138717@1780346545.007292134
0.0.8068660,0.002574504379613765,SUCCESS,hbar,0.0.3964804,0.0.4138717@1780346549.222638815
0.0.7931472,0.06802088696631546,SUCCESS,hbar,0.0.3964804,0.0.4138717@1780346546.811939663
0.0.8055246,2.342951590920533,SUCCESS,hbar,0.0.3964804,0.0.4138717@1780346546.634193247
0.0.8002619,0.1067890285487232,SUCCESS,hbar,0.0.3964804,0.0.4138717@1780346548.153782661
0.0.7809201,0.00003225943886883039,SUCCESS,hbar,0.0.3964804,0.0.4138717@1780346549.919561511
0.0.7098838,0.2422686111832713,SUCCESS,hbar,0.0.3964804,0.0.4138717@1780346549.248755887
0.0.590682,0.009892022487263204,SUCCESS,hbar,0.0.3964804,0.0.4138717@1780346550.030241937
0.0.1114728,0.00295681201589108,SUCCESS,hbar,0.0.3964804,0.0.4138717@1780346553.331255101
0.0.5957081,0.1556306257933017,SUCCESS,hbar,0.0.3964804,0.0.4138717@1780346552.907163459
0.0.4561752,0.0170994510918699,SUCCESS,hbar,0.0.3964804,0.0.4138717@1780346553.668202122
0.0.6334018,0.2992157885709752,SUCCESS,hbar,0.0.3964804,0.0.4138717@1780346554.144522331
0.0.5804427,0.08082538287996947,SUCCESS,hbar,0.0.3964804,0.0.4138717@1780346552.845790125
0.0.1956746,0.01653853532644012,SUCCESS,hbar,0.0.3964804,0.0.4138717@1780346554.269892693
0.0.6181303,6.997156577432795,SUCCESS,hbar,0.0.3964804,0.0.4138717@1780346552.988385151
0.0.5742160,3.889620579053431,SUCCESS,hbar,0.0.3964804,0.0.4138717@1780346554.529318724
0.0.3450,0.06620762342299555,SUCCESS,hbar,0.0.3964804,0.0.4138717@1780346557.288189072
0.0.2963879,1.648605216437757,SUCCESS,hbar,0.0.3964804,0.0.4138717@1780346556.885069687
0.0.1745725,1.564851136397442,SUCCESS,hbar,0.0.3964804,0.0.4138717@1780346558.093037614
0.0.4873525,0.05157833456553493,SUCCESS,hbar,0.0.3964804,0.0.4138717@1780346558.674518001
0.0.10004246,0.4758030508907571,SUCCESS,hbar,0.0.3964804,0.0.4138717@1780346557.882978643
0.0.9401320,3.232437977921466,SUCCESS,hbar,0.0.3964804,0.0.4138717@1780346557.085711083
0.0.5922808,0.03110101208477388,SUCCESS,hbar,0.0.3964804,0.0.4138717@1780346556.499254110
0.0.751161,1.653485729091996,SUCCESS,hbar,0.0.3964804,0.0.4138717@1780346558.740890740
0.0.9973346,0.00345098472300616,SUCCESS,hbar,0.0.3964804,0.0.4138717@1780346558.850241795
0.0.9477942,0.01505975571015416,SUCCESS,hbar,0.0.3964804,0.0.4138717@1780346557.041627024
0.0.9150527,1.167583975638284,SUCCESS,hbar,0.0.3964804,0.0.4138717@1780346558.636861347
0.0.871471,2.76667467036471,SUCCESS,hbar,0.0.3964804,0.0.4138717@1780346560.317688333
0.0.9640903,0.3762171626609087,SUCCESS,hbar,0.0.3964804,0.0.4138717@1780346562.783481027
0.0.7983506,0.00003303376791747381,SUCCESS,hbar,0.0.3964804,0.0.4138717@1780346560.670964457
0.0.6320740,0.7293546331044543,SUCCESS,hbar,0.0.3964804,0.0.4138717@1780346563.591158947
0.0.9687167,0.2212732823494821,SUCCESS,hbar,0.0.3964804,0.0.4138717@1780346562.259354624
0.0.9729389,0.1174354521884933,SUCCESS,hbar,0.0.3964804,0.0.4138717@1780346561.085336314
0.0.9720442,0.05742967902205137,SUCCESS,hbar,0.0.3964804,0.0.4138717@1780346561.692220047
0.0.3012601,0.3031978036022762,SUCCESS,hbar,0.0.3964804,0.0.4138717@1780346564.065044604
0.0.5012902,0.006097891086028975,SUCCESS,hbar,0.0.3964804,0.0.4138717@1780346565.677251255
0.0.9636419,0.3343538189623743,SUCCESS,hbar,0.0.3964804,0.0.4138717@1780346565.009570824
0.0.5805332,1.070362751400689,SUCCESS,hbar,0.0.3964804,0.0.4138717@1780346563.381181149
0.0.9602777,0.01530846047865939,SUCCESS,hbar,0.0.3964804,0.0.4138717@1780346563.876421917
0.0.10014449,0.04145243475270152,SUCCESS,hbar,0.0.3964804,0.0.4138717@1780346562.785093661
0.0.10062632,0.008776853688312044,SUCCESS,hbar,0.0.3964804,0.0.4138717@1780346565.057391724
0.0.1071830,0.002008793964845876,SUCCESS,hbar,0.0.3964804,0.0.4138717@1780346566.753711925
0.0.10251800,0.0006527843805249774,SUCCESS,hbar,0.0.3964804,0.0.4138717@1780346565.469427038
0.0.10268439,4.471376129490629,SUCCESS,hbar,0.0.3964804,0.0.4138717@1780346567.179315362
0.0.1365779,0.2721037418103898,SUCCESS,hbar,0.0.3964804,0.0.4138717@1780346565.597977066
0.0.4499088,0.04896491435348507,SUCCESS,hbar,0.0.3964804,0.0.4138717@1780346568.002839186
0.0.9273022,0.0003240796488556666,SUCCESS,hbar,0.0.3964804,0.0.4138717@1780346569.993376702
0.0.9251120,1.61349520090784,SUCCESS,hbar,0.0.3964804,0.0.4138717@1780346569.581192579
0.0.10219431,1.464124964812237,SUCCESS,hbar,0.0.3964804,0.0.4138717@1780346571.454204020
0.0.9509413,0.03247010794986104,SUCCESS,hbar,0.0.3964804,0.0.4138717@1780346569.627947296
0.0.10157649,4.995606342628339,SUCCESS,hbar,0.0.3964804,0.0.4138717@1780346571.004074151
0.0.8115823,0.04036590937645008,SUCCESS,hbar,0.0.3964804,0.0.4138717@1780346569.926100524
0.0.4749526,30.89926320679238,SUCCESS,hbar,0.0.3964804,0.0.4138717@1780346571.127995842
0.0.1704489,0.000304983550474494,SUCCESS,hbar,0.0.3964804,0.0.4138717@1780346573.038989002
0.0.9584885,0.007219120741587915,SUCCESS,hbar,0.0.3964804,0.0.4138717@1780346573.677327017
0.0.10093024,0.2885758219609027,SUCCESS,hbar,0.0.3964804,0.0.4138717@1780346571.399430730
0.0.816698,8.082363284114551,SUCCESS,hbar,0.0.3964804,0.0.4138717@1780346573.167880954
0.0.820706,4.216450701098529,SUCCESS,hbar,0.0.3964804,0.0.4138717@1780346572.845277393
0.0.4372819,0.01661275256812963,SUCCESS,hbar,0.0.3964804,0.0.4138717@1780346574.835282893
0.0.842210,0.07869710058683214,SUCCESS,hbar,0.0.3964804,0.0.4138717@1780346574.766883449
0.0.10072624,0.03345642969743821,SUCCESS,hbar,0.0.3964804,0.0.4138717@1780346573.697980030
0.0.1459068,0.03714499221610953,SUCCESS,hbar,0.0.3964804,0.0.4138717@1780346573.657339335
0.0.10244829,0.007463501037303573,SUCCESS,hbar,0.0.3964804,0.0.4138717@1780346577.069185133
0.0.10358044,105.8984196319449,SUCCESS,hbar,0.0.3964804,0.0.4138717@1780346575.285889414
0.0.4157253,17.2793861417895,SUCCESS,hbar,0.0.3964804,0.0.4138717@1780346575.141502429
0.0.10308209,37.09777443714513,SUCCESS,hbar,0.0.3964804,0.0.4138717@1780346577.345784548
0.0.10307970,0.0004160026803860398,SUCCESS,hbar,0.0.3964804,0.0.4138717@1780346578.283323601
0.0.10303974,0.8023593401160425,SUCCESS,hbar,0.0.3964804,0.0.4138717@1780346580.147090556
0.0.1920276,1.323215389024758,SUCCESS,hbar,0.0.3964804,0.0.4138717@1780346578.868319895
0.0.9270286,0.0155606279486282,SUCCESS,hbar,0.0.3964804,0.0.4138717@1780346582.382037507
0.0.10277044,4.13473228011606,SUCCESS,hbar,0.0.3964804,0.0.4138717@1780346580.597497721
0.0.10256319,8.533828770282774,SUCCESS,hbar,0.0.3964804,0.0.4138717@1780346582.757442468
0.0.10267167,1.009084034970656,SUCCESS,hbar,0.0.3964804,0.0.4138717@1780346582.885853482
0.0.10267166,36.48991739429414,SUCCESS,hbar,0.0.3964804,0.0.4138717@1780346583.346562550
0.0.10359145,0.4036366384970589,SUCCESS,hbar,0.0.3964804,0.0.4138717@1780346580.423131412
0.0.10231452,12.22531909214805,SUCCESS,hbar,0.0.3964804,0.0.4138717@1780346581.894027879
0.0.10248120,0.2765919521742953,SUCCESS,hbar,0.0.3964804,0.0.4138717@1780346584.412114421
0.0.3959322,8.743651906229491,SUCCESS,hbar,0.0.3964804,0.0.4138717@1780346584.858339070
0.0.2216740,62.54202664580048,SUCCESS,hbar,0.0.3964804,0.0.4138717@1780346582.404601077
0.0.818498,0.005688522349007993,SUCCESS,hbar,0.0.3964804,0.0.4138717@1780346586.504194696
0.0.10190094,121.9538391791094,SUCCESS,hbar,0.0.3964804,0.0.4138717@1780346583.028862671
0.0.10088400,0.07899136798532579,SUCCESS,hbar,0.0.3964804,0.0.4138717@1780346587.599326226
0.0.10164472,355.9859300590888,SUCCESS,hbar,0.0.3964804,0.0.4138717@1780346584.732341594
0.0.10115705,0.000244769006375465,SUCCESS,hbar,0.0.3964804,0.0.4138717@1780346586.825391786
0.0.10035851,11.23430174155312,SUCCESS,hbar,0.0.3964804,0.0.4138717@1780346583.502056936
0.0.10420688,0.4437744501261298,SUCCESS,hbar,0.0.3964804,0.0.4138717@1780346584.918935139
0.0.10465417,0.468395980724803,SUCCESS,hbar,0.0.3964804,0.0.4138717@1780346587.829166077
0.0.604463,0.0189720161935847,SUCCESS,hbar,0.0.3964804,0.0.4138717@1780346590.865476076
0.0.10456759,6.276093133683912,SUCCESS,hbar,0.0.3964804,0.0.4138717@1780346587.810614615
0.0.10454179,0.1775384226439921,SUCCESS,hbar,0.0.3964804,0.0.4138717@1780346590.721867472
0.0.10386407,11.03630684938977,SUCCESS,hbar,0.0.3964804,0.0.4138717@1780346587.606994245
0.0.10295710,0.1000626472046782,SUCCESS,hbar,0.0.3964804,0.0.4138717@1780346590.285574166
0.0.10442094,1.786889679719217,SUCCESS,hbar,0.0.3964804,0.0.4138717@1780346592.616519815
0.0.3003013,3.500098388434669,SUCCESS,hbar,0.0.3964804,0.0.4138717@1780346588.176399014
0.0.10435638,0.0892322023424617,SUCCESS,hbar,0.0.3964804,0.0.4138717@1780346592.037885138
0.0.10422583,1.343959167595895,SUCCESS,hbar,0.0.3964804,0.0.4138717@1780346590.213185186
0.0.10007904,0.000630369482233678,SUCCESS,hbar,0.0.3964804,0.0.4138717@1780346593.029006292
0.0.10420709,0.1345631771192083,SUCCESS,hbar,0.0.3964804,0.0.4138717@1780346592.182008532
0.0.10420713,0.0415178999689017,SUCCESS,hbar,0.0.3964804,0.0.4138717@1780346591.860117069
0.0.10371833,34.88871073164525,SUCCESS,hbar,0.0.3964804,0.0.4138717@1780346593.804551623
0.0.851469,0.1419918770683712,SUCCESS,hbar,0.0.3964804,0.0.4138717@1780346595.610104407
0.0.8085300,0.2799662890921258,SUCCESS,hbar,0.0.3964804,0.0.4138717@1780346596.377522665
0.0.10359193,0.3426563734490768,SUCCESS,hbar,0.0.3964804,0.0.4138717@1780346593.117827369
0.0.10359238,0.04288547618390747,SUCCESS,hbar,0.0.3964804,0.0.4138717@1780346597.365923106
0.0.3953598,4.163140342134611,SUCCESS,hbar,0.0.3964804,0.0.4138717@1780346595.925556998
0.0.9301506,0.003805846902817859,SUCCESS,hbar,0.0.3964804,0.0.4138717@1780346600.682606773
0.0.8198609,7.05361402344025,SUCCESS,hbar,0.0.3964804,0.0.4138717@1780346597.364853743
0.0.9221480,0.02153574092071436,SUCCESS,hbar,0.0.3964804,0.0.4138717@1780346596.924863938
0.0.9144627,0.2578915180159844,SUCCESS,hbar,0.0.3964804,0.0.4138717@1780346599.582668704
0.0.9177203,0.001828436994935298,SUCCESS,hbar,0.0.3964804,0.0.4138717@1780346601.678856238
0.0.8188301,0.1759453792929559,SUCCESS,hbar,0.0.3964804,0.0.4138717@1780346601.438542928
0.0.8108637,0.00006109688154990457,SUCCESS,hbar,0.0.3964804,0.0.4138717@1780346599.702831287
0.0.8868403,0.01733507519321377,SUCCESS,hbar,0.0.3964804,0.0.4138717@1780346599.682537263
0.0.9034617,0.02712589866644431,SUCCESS,hbar,0.0.3964804,0.0.4138717@1780346602.364816420
0.0.9317965,0.3922751118815234,SUCCESS,hbar,0.0.3964804,0.0.4138717@1780346604.265961592
0.0.8673292,8.20073720622912,SUCCESS,hbar,0.0.3964804,0.0.4138717@1780346602.894885642
0.0.8602366,0.5343615342016046,SUCCESS,hbar,0.0.3964804,0.0.4138717@1780346605.023225455
0.0.8241599,0.6693192333585952,SUCCESS,hbar,0.0.3964804,0.0.4138717@1780346602.519071814
0.0.8548028,0.0001267109748797058,SUCCESS,hbar,0.0.3964804,0.0.4138717@1780346603.402481410
0.0.8538714,0.2109582963788349,SUCCESS,hbar,0.0.3964804,0.0.4138717@1780346601.863048619
0.0.8304314,0.02618606202926262,SUCCESS,hbar,0.0.3964804,0.0.4138717@1780346602.411984884
0.0.8152447,0.2588896415127845,SUCCESS,hbar,0.0.3964804,0.0.4138717@1780346603.045547477
0.0.8146497,0.3954343422745765,SUCCESS,hbar,0.0.3964804,0.0.4138717@1780346603.329059224
0.0.2015584,0.8956886583541288,SUCCESS,hbar,0.0.3964804,0.0.4138717@1780346607.045656520
0.0.9774219,0.001834777046374652,SUCCESS,hbar,0.0.3964804,0.0.4138717@1780346604.283984015
0.0.1365923,0.00592655478426849,SUCCESS,hbar,0.0.3964804,0.0.4138717@1780346607.226862148
0.0.10048918,2.339554095124913,SUCCESS,hbar,0.0.3964804,0.0.4138717@1780346606.925042700
0.0.9593512,0.00125907222173585,SUCCESS,hbar,0.0.3964804,0.0.4138717@1780346607.402851721
0.0.10025532,0.05574463111203001,SUCCESS,hbar,0.0.3964804,0.0.4138717@1780346609.078719789
0.0.10044419,0.407762411977385,SUCCESS,hbar,0.0.3964804,0.0.4138717@1780346608.493735802
0.0.10035663,0.1774739272278738,SUCCESS,hbar,0.0.3964804,0.0.4138717@1780346608.499139494
0.0.9812108,0.2579757663853354,SUCCESS,hbar,0.0.3964804,0.0.4138717@1780346607.709357299
0.0.10009527,3.008889986979967,SUCCESS,hbar,0.0.3964804,0.0.4138717@1780346608.413569260
0.0.1400807,0.2877580322929787,SUCCESS,hbar,0.0.3964804,0.0.4138717@1780346612.784985799
0.0.8414341,1.006781579673564,SUCCESS,hbar,0.0.3964804,0.0.4138717@1780346608.352479872
0.0.1412348,28.11248619057213,SUCCESS,hbar,0.0.3964804,0.0.4138717@1780346608.706399566
0.0.4362017,1.113123255738452,SUCCESS,hbar,0.0.3964804,0.0.4138717@1780346612.172015388
0.0.9707531,394.7748544359489,SUCCESS,hbar,0.0.3964804,0.0.4138717@1780346613.759696036
0.0.9707528,199.279779818626,SUCCESS,hbar,0.0.3964804,0.0.4138717@1780346610.094092481
0.0.9640625,0.005397812274836062,SUCCESS,hbar,0.0.3964804,0.0.4138717@1780346611.935168099
0.0.9579116,0.5624321026772799,SUCCESS,hbar,0.0.3964804,0.0.4138717@1780346615.832355113
0.0.9275976,21.76461958067946,SUCCESS,hbar,0.0.3964804,0.0.4138717@1780346612.784916966
0.0.9425366,7.075223834947295,SUCCESS,hbar,0.0.3964804,0.0.4138717@1780346613.684620637
0.0.1503602,0.1725707022358302,SUCCESS,hbar,0.0.3964804,0.0.4138717@1780346614.691806286
0.0.9208631,1.835694575783595,SUCCESS,hbar,0.0.3964804,0.0.4138717@1780346618.607008373
0.0.9362153,0.2435315385649381,SUCCESS,hbar,0.0.3964804,0.0.4138717@1780346619.259741408
0.0.1703381,0.5090113977944615,SUCCESS,hbar,0.0.3964804,0.0.4138717@1780346617.534753050
0.0.831661,1.961916013441957,SUCCESS,hbar,0.0.3964804,0.0.4138717@1780346617.072191062
0.0.7421912,0.03386382335511195,SUCCESS,hbar,0.0.3964804,0.0.4138717@1780346618.659519596
0.0.7791729,0.0007456739601207974,SUCCESS,hbar,0.0.3964804,0.0.4138717@1780346618.699170335
0.0.5739319,0.7543448753594932,SUCCESS,hbar,0.0.3964804,0.0.4138717@1780346621.143873656
0.0.7607102,0.005709043968694236,SUCCESS,hbar,0.0.3964804,0.0.4138717@1780346619.092560636
0.0.7777028,0.4896669949002839,SUCCESS,hbar,0.0.3964804,0.0.4138717@1780346619.817420273
0.0.4752954,0.2052050305499562,SUCCESS,hbar,0.0.3964804,0.0.4138717@1780346620.961953842
0.0.3912896,0.1452434278320626,SUCCESS,hbar,0.0.3964804,0.0.4138717@1780346621.937685489
0.0.4250725,0.1174354521884933,SUCCESS,hbar,0.0.3964804,0.0.4138717@1780346622.074103557
0.0.2557514,0.7616015434092949,SUCCESS,hbar,0.0.3964804,0.0.4138717@1780346623.137614321
0.0.7570262,0.06167126458479275,SUCCESS,hbar,0.0.3964804,0.0.4138717@1780346622.050172848
0.0.6256886,0.03446327643313757,SUCCESS,hbar,0.0.3964804,0.0.4138717@1780346623.652850824
0.0.7638910,0.03458911571118181,SUCCESS,hbar,0.0.3964804,0.0.4138717@1780346623.788495760
0.0.7610560,0.1162135485670577,SUCCESS,hbar,0.0.3964804,0.0.4138717@1780346624.982492002
0.0.5437974,0.7795129941465503,SUCCESS,hbar,0.0.3964804,0.0.4138717@1780346622.567156366
0.0.4899880,0.05127672029804459,SUCCESS,hbar,0.0.3964804,0.0.4138717@1780346625.784818451
0.0.4595460,0.08427873674971242,SUCCESS,hbar,0.0.3964804,0.0.4138717@1780346624.233422969
0.0.3159220,0.43756154139493,SUCCESS,hbar,0.0.3964804,0.0.4138717@1780346626.302792375
0.0.7200618,0.0147210023470571,SUCCESS,hbar,0.0.3964804,0.0.4138717@1780346628.174383175
0.0.1859919,0.09924290032836501,SUCCESS,hbar,0.0.3964804,0.0.4138717@1780346630.494029488
0.0.7965413,0.0007495568823209397,SUCCESS,hbar,0.0.3964804,0.0.4138717@1780346626.149878940
0.0.2477582,0.2513102322118443,SUCCESS,hbar,0.0.3964804,0.0.4138717@1780346626.749075543
0.0.8059253,0.4474304350069414,SUCCESS,hbar,0.0.3964804,0.0.4138717@1780346627.328899048
0.0.1092596,0.0966625793720288,SUCCESS,hbar,0.0.3964804,0.0.4138717@1780346631.219913506
0.0.2006292,0.04469303931823281,SUCCESS,hbar,0.0.3964804,0.0.4138717@1780346629.758600515
0.0.7912110,0.0002536687502987861,SUCCESS,hbar,0.0.3964804,0.0.4138717@1780346630.773573984
0.0.8056304,0.4281490931222658,SUCCESS,hbar,0.0.3964804,0.0.4138717@1780346633.099053859
0.0.7974195,31.37398412673786,SUCCESS,hbar,0.0.3964804,0.0.4138717@1780346633.923431243
0.0.7746903,0.0635218466858054,SUCCESS,hbar,0.0.3964804,0.0.4138717@1780346633.637750965
0.0.8032303,0.04395854844198321,SUCCESS,hbar,0.0.3964804,0.0.4138717@1780346633.617788660
0.0.4978453,6.51878181806269,SUCCESS,hbar,0.0.3964804,0.0.4138717@1780346635.173657455
0.0.1481135,0.285061425388742,SUCCESS,hbar,0.0.3964804,0.0.4138717@1780346632.086795128
0.0.7896816,12.17676915071828,SUCCESS,hbar,0.0.3964804,0.0.4138717@1780346633.201898867
0.0.7910977,1.403255828583471,SUCCESS,hbar,0.0.3964804,0.0.4138717@1780346637.935094500
0.0.3947850,0.0002420311476581057,SUCCESS,hbar,0.0.3964804,0.0.4138717@1780346635.148852246
0.0.5905014,0.2988737284163192,SUCCESS,hbar,0.0.3964804,0.0.4138717@1780346637.149043923
0.0.5042398,1.291768166297815,SUCCESS,hbar,0.0.3964804,0.0.4138717@1780346637.631766194
0.0.1479857,0.8594128778498857,SUCCESS,hbar,0.0.3964804,0.0.4138717@1780346639.458408161
0.0.7835479,0.01177316223268526,SUCCESS,hbar,0.0.3964804,0.0.4138717@1780346638.037392678
0.0.1334605,7.54791995607942,SUCCESS,hbar,0.0.3964804,0.0.4138717@1780346638.132217450
0.0.4799094,0.07332619301112839,SUCCESS,hbar,0.0.3964804,0.0.4138717@1780346637.883203071
0.0.846992,0.8760137994173143,SUCCESS,hbar,0.0.3964804,0.0.4138717@1780346638.645550235
0.0.6061106,0.3075194830025196,SUCCESS,hbar,0.0.3964804,0.0.4138717@1780346642.344355436
0.0.848151,0.252420424788707,SUCCESS,hbar,0.0.3964804,0.0.4138717@1780346640.364155613
0.0.1388678,3.406440415198872,SUCCESS,hbar,0.0.3964804,0.0.4138717@1780346643.707102977
0.0.4785387,0.3384420231764603,SUCCESS,hbar,0.0.3964804,0.0.4138717@1780346641.253195189
0.0.4322023,0.398170638233455,SUCCESS,hbar,0.0.3964804,0.0.4138717@1780346640.708947144
0.0.5060252,0.01785026408452392,SUCCESS,hbar,0.0.3964804,0.0.4138717@1780346641.265501875
0.0.3295745,2.750595690780575,SUCCESS,hbar,0.0.3964804,0.0.4138717@1780346641.897545320
0.0.4758052,0.1194248325946868,SUCCESS,hbar,0.0.3964804,0.0.4138717@1780346646.758358336
0.0.4640278,0.06483017420687055,SUCCESS,hbar,0.0.3964804,0.0.4138717@1780346646.113756734
0.0.1747288,2.609719193775378,SUCCESS,hbar,0.0.3964804,0.0.4138717@1780346646.396531700
0.0.4741573,0.6297670563985365,SUCCESS,hbar,0.0.3964804,0.0.4138717@1780346646.975179721
0.0.4923529,0.001236983315492047,SUCCESS,hbar,0.0.3964804,0.0.4138717@1780346645.554799795
0.0.1046906,0.01713835382111742,SUCCESS,hbar,0.0.3964804,0.0.4138717@1780346648.066333350
0.0.789990,0.04944971686785647,SUCCESS,hbar,0.0.3964804,0.0.4138717@1780346650.911072638
0.0.9590994,10.10571522383592,SUCCESS,hbar,0.0.3964804,0.0.4138717@1780346649.358115555
0.0.2123622,1.202965259110736,SUCCESS,hbar,0.0.3964804,0.0.4138717@1780346652.202298014
0.0.1233065,0.2647036483339575,SUCCESS,hbar,0.0.3964804,0.0.4138717@1780346653.269954678
0.0.6612734,0.005863096805245451,SUCCESS,hbar,0.0.3964804,0.0.4138717@1780346653.114201217
0.0.6344703,85.62873619334299,SUCCESS,hbar,0.0.3964804,0.0.4138717@1780346653.960715184
0.0.1448239,0.04004631317900529,SUCCESS,hbar,0.0.3964804,0.0.4138717@1780346652.730660387
0.0.6232417,0.01560033553608041,SUCCESS,hbar,0.0.3964804,0.0.4138717@1780346656.116856904
0.0.6933072,0.3901552043938165,SUCCESS,hbar,0.0.3964804,0.0.4138717@1780346659.030342274
0.0.760653,0.1465033764801509,SUCCESS,hbar,0.0.3964804,0.0.4138717@1780346655.612421992
0.0.835625,0.02352909895061973,SUCCESS,hbar,0.0.3964804,0.0.4138717@1780346660.521111057
0.0.6674918,0.0111974054839097,SUCCESS,hbar,0.0.3964804,0.0.4138717@1780346657.685328230
0.0.4360598,0.02948092274240145,SUCCESS,hbar,0.0.3964804,0.0.4138717@1780346657.764633055
0.0.9365757,0.5989894977202171,SUCCESS,hbar,0.0.3964804,0.0.4138717@1780346664.063846744
0.0.6324031,0.0005864208541458149,SUCCESS,hbar,0.0.3964804,0.0.4138717@1780346662.607858426
0.0.2174952,0.1946569841496339,SUCCESS,hbar,0.0.3964804,0.0.4138717@1780346665.532224914
0.0.827132,0.07651187157535091,SUCCESS,hbar,0.0.3964804,0.0.4138717@1780346666.272569054
0.0.4659519,1.268973867503067,SUCCESS,hbar,0.0.3964804,0.0.4138717@1780346662.239309859
0.0.6247418,0.03792844860713956,SUCCESS,hbar,0.0.3964804,0.0.4138717@1780346662.314047535
0.0.6078189,2.669320259193424,SUCCESS,hbar,0.0.3964804,0.0.4138717@1780346665.558562695
0.0.6058490,0.02198359564410618,SUCCESS,hbar,0.0.3964804,0.0.4138717@1780346664.043472369
0.0.6095958,6.376632007678129,SUCCESS,hbar,0.0.3964804,0.0.4138717@1780346668.287524715
0.0.6068301,0.08273436788504623,SUCCESS,hbar,0.0.3964804,0.0.4138717@1780346667.031680651
0.0.8113254,0.02672202060529897,SUCCESS,hbar,0.0.3964804,0.0.4138717@1780346664.818290989
0.0.1862342,0.2766873784727936,SUCCESS,hbar,0.0.3964804,0.0.4138717@1780346669.695178787
0.0.9196038,0.1538457855835708,SUCCESS,hbar,0.0.3964804,0.0.4138717@1780346670.068323990
0.0.1118731,0.01267969195797912,SUCCESS,hbar,0.0.3964804,0.0.4138717@1780346670.133060928
0.0.1403937,0.007252822017206974,SUCCESS,hbar,0.0.3964804,0.0.4138717@1780346667.703590850
0.0.9177141,0.04311736341041464,SUCCESS,hbar,0.0.3964804,0.0.4138717@1780346668.994266845
0.0.9086562,0.001011038571571472,SUCCESS,hbar,0.0.3964804,0.0.4138717@1780346670.287996863
0.0.4345655,2.828386227017129,SUCCESS,hbar,0.0.3964804,0.0.4138717@1780346670.062790913
0.0.8392843,0.3064824664913708,SUCCESS,hbar,0.0.3964804,0.0.4138717@1780346673.170685274
0.0.9169121,0.272675817267782,SUCCESS,hbar,0.0.3964804,0.0.4138717@1780346669.289695619
0.0.958821,13.22329736256448,SUCCESS,hbar,0.0.3964804,0.0.4138717@1780346670.332787767
0.0.877394,0.005673768477704462,SUCCESS,hbar,0.0.3964804,0.0.4138717@1780346670.008126028
0.0.53756,2.902865156825923,SUCCESS,hbar,0.0.3964804,0.0.4138717@1780346674.729727791
0.0.689277,6.686111266693134,SUCCESS,hbar,0.0.3964804,0.0.4138717@1780346676.142554769
0.0.1090802,0.060926033785326,SUCCESS,hbar,0.0.3964804,0.0.4138717@1780346674.424839310
0.0.2091507,1.887491337101055,SUCCESS,hbar,0.0.3964804,0.0.4138717@1780346677.597688077
0.0.9146353,2.143105697802886,SUCCESS,hbar,0.0.3964804,0.0.4138717@1780346673.326720106
0.0.8042105,0.08775864282625938,SUCCESS,hbar,0.0.3964804,0.0.4138717@1780346675.173947025
0.0.8080965,0.008443649640913728,SUCCESS,hbar,0.0.3964804,0.0.4138717@1780346679.635440876
0.0.8070994,1.388156866697796,SUCCESS,hbar,0.0.3964804,0.0.4138717@1780346679.851929662
0.0.8246604,0.001520699523074752,SUCCESS,hbar,0.0.3964804,0.0.4138717@1780346678.467062730
0.0.190191,0.06641526259457958,SUCCESS,hbar,0.0.3964804,0.0.4138717@1780346679.505515274
0.0.4594903,0.02670360822663006,SUCCESS,hbar,0.0.3964804,0.0.4138717@1780346677.700271682
0.0.9364762,0.008431175029678311,SUCCESS,hbar,0.0.3964804,0.0.4138717@1780346679.330452038
0.0.887615,0.009181824041338597,SUCCESS,hbar,0.0.3964804,0.0.4138717@1780346679.059108338
0.0.1056474,3.485064277647211,SUCCESS,hbar,0.0.3964804,0.0.4138717@1780346678.159201678
0.0.9450539,0.8686883981882432,SUCCESS,hbar,0.0.3964804,0.0.4138717@1780346679.825797085
0.0.9444587,1.698248799054616,SUCCESS,hbar,0.0.3964804,0.0.4138717@1780346679.532245870
0.0.7913251,0.05264528029307458,SUCCESS,hbar,0.0.3964804,0.0.4138717@1780346680.206838379
0.0.6160732,0.06334502956500732,SUCCESS,hbar,0.0.3964804,0.0.4138717@1780346682.569180215
0.0.813564,0.0008766448735072519,SUCCESS,hbar,0.0.3964804,0.0.4138717@1780346682.181083619
0.0.9367202,0.001596834329296152,SUCCESS,hbar,0.0.3964804,0.0.4138717@1780346681.126073002
0.0.9340462,1.368087713511017,SUCCESS,hbar,0.0.3964804,0.0.4138717@1780346682.222016721
0.0.9318048,0.01372444140411695,SUCCESS,hbar,0.0.3964804,0.0.4138717@1780346683.174400264
0.0.5159009,15.07575771392567,SUCCESS,hbar,0.0.3964804,0.0.4138717@1780346682.581005859
0.0.8880678,0.02136824916499155,SUCCESS,hbar,0.0.3964804,0.0.4138717@1780346686.316208517
0.0.9285770,0.0957695624460562,SUCCESS,hbar,0.0.3964804,0.0.4138717@1780346684.270530642
0.0.9275748,0.1376974867380951,SUCCESS,hbar,0.0.3964804,0.0.4138717@1780346686.065901994
0.0.5761971,0.0001310279951968738,SUCCESS,hbar,0.0.3964804,0.0.4138717@1780346685.393388126
0.0.8156060,0.08878473943174786,SUCCESS,hbar,0.0.3964804,0.0.4138717@1780346684.796902224
0.0.8306798,0.01204030162557297,SUCCESS,hbar,0.0.3964804,0.0.4138717@1780346688.445385230
0.0.8298814,1.405890330719606,SUCCESS,hbar,0.0.3964804,0.0.4138717@1780346686.652541385
0.0.8181079,0.9983629737767575,SUCCESS,hbar,0.0.3964804,0.0.4138717@1780346690.659428373
0.0.7964752,0.003483665321491085,SUCCESS,hbar,0.0.3964804,0.0.4138717@1780346688.317359083
0.0.2025203,0.06959900649315572,SUCCESS,hbar,0.0.3964804,0.0.4138717@1780346691.623488877
0.0.7049977,0.006978533919058448,SUCCESS,hbar,0.0.3964804,0.0.4138717@1780346691.272044869
0.0.4867972,0.02777456851401427,SUCCESS,hbar,0.0.3964804,0.0.4138717@1780346691.528498269
0.0.8209324,0.474101791116873,SUCCESS,hbar,0.0.3964804,0.0.4138717@1780346689.660044732
0.0.7997139,0.08990053418057711,SUCCESS,hbar,0.0.3964804,0.0.4138717@1780346693.350948649
0.0.9095016,1.640638498525595,SUCCESS,hbar,0.0.3964804,0.0.4138717@1780346694.861241700
0.0.1906790,0.009526153850756471,SUCCESS,hbar,0.0.3964804,0.0.4138717@1780346690.731891617
0.0.8178093,0.07522084042531409,SUCCESS,hbar,0.0.3964804,0.0.4138717@1780346692.390839572
0.0.3273594,2.231883800879902,SUCCESS,hbar,0.0.3964804,0.0.4138717@1780346695.512706310
0.0.8175769,0.06460248689294591,SUCCESS,hbar,0.0.3964804,0.0.4138717@1780346694.467942288
0.0.8142528,0.02112527548791605,SUCCESS,hbar,0.0.3964804,0.0.4138717@1780346695.691715033
0.0.3828375,16.80565238294648,SUCCESS,hbar,0.0.3964804,0.0.4138717@1780346697.227025574
0.0.833836,1.831148709902537,SUCCESS,hbar,0.0.3964804,0.0.4138717@1780346695.963069033
0.0.5007636,0.07535520741518749,SUCCESS,hbar,0.0.3964804,0.0.4138717@1780346693.811914682
0.0.4746343,0.001360035875083442,SUCCESS,hbar,0.0.3964804,0.0.4138717@1780346695.351581914
0.0.7550890,0.1052679557038287,SUCCESS,hbar,0.0.3964804,0.0.4138717@1780346695.241199479
0.0.8346544,2.532417041115497,SUCCESS,hbar,0.0.3964804,0.0.4138717@1780346694.248785699
0.0.8323906,14.1822299959691,SUCCESS,hbar,0.0.3964804,0.0.4138717@1780346699.382866017
0.0.9065767,0.640077663921681,SUCCESS,hbar,0.0.3964804,0.0.4138717@1780346695.597129630
0.0.8767225,0.2367522221205793,SUCCESS,hbar,0.0.3964804,0.0.4138717@1780346696.432501761
0.0.9009997,0.3511072838237366,SUCCESS,hbar,0.0.3964804,0.0.4138717@1780346699.300247009
0.0.7788265,0.1548840512932512,SUCCESS,hbar,0.0.3964804,0.0.4138717@1780346698.287510356
0.0.8792600,0.002501230087996661,SUCCESS,hbar,0.0.3964804,0.0.4138717@1780346697.062456064
0.0.8256574,0.005008356785257564,SUCCESS,hbar,0.0.3964804,0.0.4138717@1780346701.212760983
0.0.8585468,0.0007718180117660162,SUCCESS,hbar,0.0.3964804,0.0.4138717@1780346699.252316503
0.0.1365814,0.2592245485366405,SUCCESS,hbar,0.0.3964804,0.0.4138717@1780346700.644458691
0.0.1459865,1.421491367997828,SUCCESS,hbar,0.0.3964804,0.0.4138717@1780346702.867675787
0.0.8198608,0.3373155862618681,SUCCESS,hbar,0.0.3964804,0.0.4138717@1780346700.989746354
0.0.8385016,0.2758586798931011,SUCCESS,hbar,0.0.3964804,0.0.4138717@1780346702.819463522
0.0.8414409,0.01347953645912169,SUCCESS,hbar,0.0.3964804,0.0.4138717@1780346704.581984032
0.0.1714233,0.2412272183126688,SUCCESS,hbar,0.0.3964804,0.0.4138717@1780346701.717061423
0.0.3077609,2.186192383720387,SUCCESS,hbar,0.0.3964804,0.0.4138717@1780346703.852308948
0.0.8357089,0.5317580817227668,SUCCESS,hbar,0.0.3964804,0.0.4138717@1780346704.773094188
0.0.8357708,14.06518608073264,SUCCESS,hbar,0.0.3964804,0.0.4138717@1780346706.578935877
0.0.5524338,0.04097247856169801,SUCCESS,hbar,0.0.3964804,0.0.4138717@1780346703.975433727