account,amount,state,token address,pool address,tx id
0.0.4775299,1.411242439100028,SUCCESS,hbar,0.0.3951117,0.0.4138717@1773086148.922780304
0.0.2968839,7.703514345577327,SUCCESS,hbar,0.0.3951117&0.0.3964804,0.0.4138717@1773086146.241363672
0.0.4330219,0.2702394265143885,SUCCESS,hbar,0.0.3951117,0.0.4138717@1773086146.186675125
0.0.3071320,43.56039800037986,SUCCESS,hbar,0.0.3951117,0.0.4138717@1773086149.943090408
0.0.4758169,0.8406569797972515,SUCCESS,hbar,0.0.3951117,0.0.4138717@1773086146.451631056
0.0.6026305,0.3055994256578702,SUCCESS,hbar,0.0.3951117,0.0.4138717@1773086149.197412741
0.0.4923080,0.2237580467611291,SUCCESS,hbar,0.0.3951117,0.0.4138717@1773086146.583825600
0.0.3242760,32.77888852868323,SUCCESS,hbar,0.0.3951117&0.0.3964804,0.0.4138717@1773086145.613136772
0.0.5797983,0.1810199025232082,SUCCESS,hbar,0.0.3951117&0.0.3964804,0.0.4138717@1773086146.935567967
0.0.850535,27.87668471702305,SUCCESS,hbar,0.0.3951117,0.0.4138717@1773086146.706144104
0.0.6244791,1.691305957026082,SUCCESS,hbar,0.0.3951117,0.0.4138717@1773086152.367503224
0.0.6313910,170.4324216719704,SUCCESS,hbar,0.0.3951117&0.0.3964804,0.0.4138717@1773086150.742604679
0.0.6289117,12.92929102263709,SUCCESS,hbar,0.0.3951117&0.0.3964804,0.0.4138717@1773086151.853176889
0.0.6440477,0.704633046818063,SUCCESS,hbar,0.0.3951117&0.0.3964804,0.0.4138717@1773086150.028514426
0.0.874760,42.98154218841198,SUCCESS,hbar,0.0.3951117&0.0.3964804,0.0.4138717@1773086150.321889113
0.0.4345324,0.1748613232680007,SUCCESS,hbar,0.0.3951117,0.0.4138717@1773086151.128361418
0.0.4702708,0.2040519256984979,SUCCESS,hbar,0.0.3951117,0.0.4138717@1773086154.330779071
0.0.4503599,1.989828580559412,SUCCESS,hbar,0.0.3951117,0.0.4138717@1773086156.515521486
0.0.5976303,0.6662450554977525,SUCCESS,hbar,0.0.3951117&0.0.3964804,0.0.4138717@1773086158.387073732
0.0.4340758,0.9373994023037472,SUCCESS,hbar,0.0.3951117&0.0.3964804,0.0.4138717@1773086157.308038769
0.0.4817549,1.839531930070784,SUCCESS,hbar,0.0.3951117&0.0.3964804,0.0.4138717@1773086159.344598110
0.0.4938729,2.325557982668189,SUCCESS,hbar,0.0.3951117,0.0.4138717@1773086155.920779819
0.0.3868695,5.695252514746485,SUCCESS,hbar,0.0.3951117,0.0.4138717@1773086161.615078038
0.0.4322002,0.671572576228376,SUCCESS,hbar,0.0.3951117,0.0.4138717@1773086159.925655872
0.0.4968045,4.367889989592157,SUCCESS,hbar,0.0.3951117,0.0.4138717@1773086162.606255006
0.0.2930231,0.5216434470604998,SUCCESS,hbar,0.0.3951117&0.0.3964804,0.0.4138717@1773086161.668336911
0.0.4558891,6.170111939394631,SUCCESS,hbar,0.0.3951117,0.0.4138717@1773086163.283338726
0.0.4184733,153.1702175648331,SUCCESS,hbar,0.0.3951117,0.0.4138717@1773086159.683013425
0.0.4318411,8.444262198052705,SUCCESS,hbar,0.0.3951117,0.0.4138717@1773086160.983644037
0.0.3681428,159.6742994920958,SUCCESS,hbar,0.0.3951117&0.0.3964804,0.0.4138717@1773086160.468337431
0.0.4329852,34.84186441519181,SUCCESS,hbar,0.0.3951117&0.0.3964804,0.0.4138717@1773086160.401795556
0.0.5975196,0.2518068820299809,SUCCESS,hbar,0.0.3951117,0.0.4138717@1773086161.796726643
0.0.3969243,0.04534728642751044,SUCCESS,hbar,0.0.3951117,0.0.4138717@1773086160.626657982
0.0.4732964,0.1910568060547821,SUCCESS,hbar,0.0.3951117,0.0.4138717@1773086164.445685196
0.0.4432149,0.479289307523346,SUCCESS,hbar,0.0.3951117,0.0.4138717@1773086163.463519975
0.0.1412123,0.5228463008655915,SUCCESS,hbar,0.0.3951117&0.0.3964804,0.0.4138717@1773086168.169920672
0.0.1601282,0.1119414040392651,SUCCESS,hbar,0.0.3951117,0.0.4138717@1773086167.468288664
0.0.7835270,8.287553929760335,SUCCESS,hbar,0.0.3951117,0.0.4138717@1773086164.732668217
0.0.5119346,6.545493501912975,SUCCESS,hbar,0.0.3951117&0.0.3964804,0.0.4138717@1773086165.570524773
0.0.4347838,3.602297261533064,SUCCESS,hbar,0.0.3951117,0.0.4138717@1773086165.982449384
0.0.1877739,0.1579825702270877,SUCCESS,hbar,0.0.3951117,0.0.4138717@1773086168.821579485
0.0.4864609,0.1513144706874795,SUCCESS,hbar,0.0.3951117,0.0.4138717@1773086168.267074280
0.0.598828,0.03163114057349038,SUCCESS,hbar,0.0.3951117&0.0.3964804,0.0.4138717@1773086169.857236126
0.0.4302086,0.1802874101328968,SUCCESS,hbar,0.0.3951117,0.0.4138717@1773086170.134065876
0.0.7991960,2.917708387451338,SUCCESS,hbar,0.0.3951117&0.0.3964804,0.0.4138717@1773086169.415311056
0.0.1896081,0.5340330943632766,SUCCESS,hbar,0.0.3951117&0.0.3964804,0.0.4138717@1773086170.779562501
0.0.2125030,52.78261293581687,SUCCESS,hbar,0.0.3951117,0.0.4138717@1773086169.971113302
0.0.856667,9.422256968251734,SUCCESS,hbar,0.0.3951117&0.0.3964804,0.0.4138717@1773086168.997844981
0.0.1991961,29.26577588107612,SUCCESS,hbar,0.0.3951117,0.0.4138717@1773086172.045285487
0.0.8068689,8.406491756127226,SUCCESS,hbar,0.0.3951117&0.0.3964804,0.0.4138717@1773086172.324451038
0.0.7889838,5.18795371242659,SUCCESS,hbar,0.0.3951117,0.0.4138717@1773086170.933613897
0.0.6258771,4.253466521467815,SUCCESS,hbar,0.0.3951117,0.0.4138717@1773086172.487661032
0.0.1379217,5.306366186766559,SUCCESS,hbar,0.0.3951117,0.0.4138717@1773086171.035857606
0.0.8190429,1.448143384962091,SUCCESS,hbar,0.0.3951117,0.0.4138717@1773086172.951856545
0.0.4766933,25.90855947624661,SUCCESS,hbar,0.0.3951117,0.0.4138717@1773086171.908342660
0.0.7262531,0.02412028426739676,SUCCESS,hbar,0.0.3951117&0.0.3964804,0.0.4138717@1773086173.673831498
0.0.7138336,0.01952337792227838,SUCCESS,hbar,0.0.3951117,0.0.4138717@1773086173.459960041
0.0.1340928,37.24455036800266,SUCCESS,hbar,0.0.3951117,0.0.4138717@1773086176.219369359
0.0.7479340,1.337199221743121,SUCCESS,hbar,0.0.3951117&0.0.3964804,0.0.4138717@1773086172.845538969
0.0.5078033,2.920899118275085,SUCCESS,hbar,0.0.3951117,0.0.4138717@1773086177.588708649
0.0.4229805,0.8076845802859267,SUCCESS,hbar,0.0.3951117,0.0.4138717@1773086178.231218817
0.0.1726157,5.783480432299983,SUCCESS,hbar,0.0.3951117&0.0.3964804,0.0.4138717@1773086178.638178984
0.0.4551977,0.1395615847498541,SUCCESS,hbar,0.0.3951117,0.0.4138717@1773086175.019972839
0.0.6781119,2.64990433380756,SUCCESS,hbar,0.0.3951117&0.0.3964804,0.0.4138717@1773086179.860138061
0.0.1110477,14.18459190199496,SUCCESS,hbar,0.0.3951117,0.0.4138717@1773086178.461329131
0.0.1490591,19.90779736062331,SUCCESS,hbar,0.0.3951117&0.0.3964804,0.0.4138717@1773086179.946734462
0.0.1023917,6.310439967261827,SUCCESS,hbar,0.0.3951117&0.0.3964804,0.0.4138717@1773086176.745273328
0.0.1506598,1.972405022527254,SUCCESS,hbar,0.0.3951117,0.0.4138717@1773086179.509849152
0.0.4559340,0.1691007225334883,SUCCESS,hbar,0.0.3951117,0.0.4138717@1773086177.259347742
0.0.7798148,3.994628310628079,SUCCESS,hbar,0.0.3951117,0.0.4138717@1773086181.088200598
0.0.7843482,1.548460226689326,SUCCESS,hbar,0.0.3951117&0.0.3964804,0.0.4138717@1773086178.287988554
0.0.973828,17.22285662175167,SUCCESS,hbar,0.0.3951117,0.0.4138717@1773086183.353634955
0.0.1414140,1347.760467749052,SUCCESS,hbar,0.0.3951117,0.0.4138717@1773086179.939768753
0.0.2174139,0.2924373909188227,SUCCESS,hbar,0.0.3951117,0.0.4138717@1773086184.169689622
0.0.1261552,0.3554460747271438,SUCCESS,hbar,0.0.3951117&0.0.3964804,0.0.4138717@1773086185.147040036
0.0.4205604,1.286554549295526,SUCCESS,hbar,0.0.3951117,0.0.4138717@1773086185.302991884
0.0.639876,0.07443242411175884,SUCCESS,hbar,0.0.3951117,0.0.4138717@1773086183.567409557
0.0.4329215,0.08471631281137448,SUCCESS,hbar,0.0.3951117&0.0.3964804,0.0.4138717@1773086185.023377586
0.0.854331,0.04953534057276861,SUCCESS,hbar,0.0.3951117,0.0.4138717@1773086184.036831428
0.0.4333286,0.1170889922860768,SUCCESS,hbar,0.0.3951117,0.0.4138717@1773086183.886749284
0.0.1453803,1.174011707240589,SUCCESS,hbar,0.0.3951117,0.0.4138717@1773086185.368059546
0.0.1412849,0.000007722449254842,SUCCESS,hbar,0.0.3951117,0.0.4138717@1773086186.474161789
0.0.4346579,0.00333016812161245,SUCCESS,hbar,0.0.3951117,0.0.4138717@1773086189.720413093
0.0.508876,3.512851709913153,SUCCESS,hbar,0.0.3951117,0.0.4138717@1773086186.612912607
0.0.1075892,1.974239444546637,SUCCESS,hbar,0.0.3951117,0.0.4138717@1773086189.734815077
0.0.4350041,0.3431058283039285,SUCCESS,hbar,0.0.3951117,0.0.4138717@1773086190.056353882
0.0.1910285,0.2215741311547164,SUCCESS,hbar,0.0.3951117,0.0.4138717@1773086191.438014556
0.0.1735540,1.739370905968424,SUCCESS,hbar,0.0.3951117,0.0.4138717@1773086188.889230009
0.0.4349304,0.00800997145721872,SUCCESS,hbar,0.0.3951117,0.0.4138717@1773086190.695574961
0.0.1338331,0.7589643425580674,SUCCESS,hbar,0.0.3951117,0.0.4138717@1773086189.970737446
0.0.2030667,16.08894668571888,SUCCESS,hbar,0.0.3951117,0.0.4138717@1773086192.527465852
0.0.1265153,0.003377207213053866,SUCCESS,hbar,0.0.3951117,0.0.4138717@1773086191.886933646
0.0.2773436,96.02019094264094,SUCCESS,hbar,0.0.3951117&0.0.3964804,0.0.4138717@1773086191.360797031
0.0.834820,15.92799793102399,SUCCESS,hbar,0.0.3951117&0.0.3964804,0.0.4138717@1773086192.343490928
0.0.836838,2735.763283316624,SUCCESS,hbar,0.0.3951117,0.0.4138717@1773086194.515803035
0.0.860438,0.7779096362631095,SUCCESS,hbar,0.0.3951117&0.0.3964804,0.0.4138717@1773086195.072917760
0.0.1290358,19.92880108920657,SUCCESS,hbar,0.0.3951117,0.0.4138717@1773086194.301426292
0.0.3241044,6.77729284171178,SUCCESS,hbar,0.0.3951117,0.0.4138717@1773086195.940683776
0.0.3845966,0.5337069890418735,SUCCESS,hbar,0.0.3951117&0.0.3964804,0.0.4138717@1773086194.598809056
0.0.4322065,1.845586543316026,SUCCESS,hbar,0.0.3951117,0.0.4138717@1773086195.299155273
0.0.1724832,0.2138846453683745,SUCCESS,hbar,0.0.3951117,0.0.4138717@1773086195.525078604
0.0.1288450,1.086532914878001,SUCCESS,hbar,0.0.3951117,0.0.4138717@1773086198.390867079
0.0.832624,0.001704525212183309,SUCCESS,hbar,0.0.3951117&0.0.3964804,0.0.4138717@1773086196.098524680
0.0.3947779,257.6853028449839,SUCCESS,hbar,0.0.3951117,0.0.4138717@1773086196.303858973
0.0.2116956,0.5318346118155569,SUCCESS,hbar,0.0.3951117,0.0.4138717@1773086196.585365473
0.0.837404,115.5575159488576,SUCCESS,hbar,0.0.3951117,0.0.4138717@1773086197.648772569
0.0.925802,2.86574496215231,SUCCESS,hbar,0.0.3951117,0.0.4138717@1773086199.091188603
0.0.819461,0.1851390392812717,SUCCESS,hbar,0.0.3951117,0.0.4138717@1773086198.000030575
0.0.1711779,0.02964857633418608,SUCCESS,hbar,0.0.3951117,0.0.4138717@1773086198.367290001
0.0.5202236,0.9295101464619946,SUCCESS,hbar,0.0.3951117,0.0.4138717@1773086203.465820381
0.0.4590627,1.487599920530412,SUCCESS,hbar,0.0.3951117,0.0.4138717@1773086200.953681393
0.0.4323088,11.37391906273495,SUCCESS,hbar,0.0.3951117&0.0.3964804,0.0.4138717@1773086201.139803756
0.0.4335807,10.45435164796492,SUCCESS,hbar,0.0.3951117,0.0.4138717@1773086202.620360980
0.0.4986167,0.2988498558199189,SUCCESS,hbar,0.0.3951117,0.0.4138717@1773086206.562296386
0.0.5281334,0.29833191081087,SUCCESS,hbar,0.0.3951117,0.0.4138717@1773086207.732055889
0.0.5310061,1.143647936546372,SUCCESS,hbar,0.0.3951117&0.0.3964804,0.0.4138717@1773086203.038772324
0.0.5117832,93.4661990731542,SUCCESS,hbar,0.0.3951117&0.0.3964804,0.0.4138717@1773086204.436667312
0.0.5182107,0.6445756056949555,SUCCESS,hbar,0.0.3951117&0.0.3964804,0.0.4138717@1773086207.633454256
0.0.853268,71.63817528918901,SUCCESS,hbar,0.0.3951117,0.0.4138717@1773086206.388480858
0.0.662296,76.313243888267,SUCCESS,hbar,0.0.3951117,0.0.4138717@1773086209.728007227
0.0.3829916,38.77135615721134,SUCCESS,hbar,0.0.3951117,0.0.4138717@1773086209.481728352
0.0.4354394,14.34903740794539,SUCCESS,hbar,0.0.3951117,0.0.4138717@1773086210.309578384
0.0.1322785,40.8321080399444,SUCCESS,hbar,0.0.3951117,0.0.4138717@1773086208.906344065
0.0.5716339,0.002302256615008435,SUCCESS,hbar,0.0.3951117,0.0.4138717@1773086208.680446697
0.0.4709377,19.66702336061032,SUCCESS,hbar,0.0.3951117,0.0.4138717@1773086208.952664003
0.0.525256,16.22065043397642,SUCCESS,hbar,0.0.3951117,0.0.4138717@1773086211.587588425
0.0.4582751,0.3001823170253171,SUCCESS,hbar,0.0.3951117,0.0.4138717@1773086207.781464367
0.0.4370057,0.1210842542826563,SUCCESS,hbar,0.0.3951117,0.0.4138717@1773086208.523323752
0.0.104926,0.00714375199887581,SUCCESS,hbar,0.0.3951117,0.0.4138717@1773086214.003375265
0.0.4348824,0.03186478415640719,SUCCESS,hbar,0.0.3951117,0.0.4138717@1773086213.722115878
0.0.4544530,0.3363973672218659,SUCCESS,hbar,0.0.3951117&0.0.3964804,0.0.4138717@1773086212.769151060
0.0.1506629,0.1832315730030268,SUCCESS,hbar,0.0.3951117,0.0.4138717@1773086209.958472578
0.0.795933,2.953744399838675,SUCCESS,hbar,0.0.3951117,0.0.4138717@1773086214.210855268
0.0.4324445,0.178202993295933,SUCCESS,hbar,0.0.3951117&0.0.3964804,0.0.4138717@1773086214.508616731
0.0.4321631,7.90705989862168,SUCCESS,hbar,0.0.3951117&0.0.3964804,0.0.4138717@1773086214.279298000
0.0.4695027,0.5583119323959046,SUCCESS,hbar,0.0.3951117,0.0.4138717@1773086212.967679903
0.0.4606843,0.08983213643313118,SUCCESS,hbar,0.0.3951117,0.0.4138717@1773086216.275459474
0.0.4324463,0.1919751042662576,SUCCESS,hbar,0.0.3951117,0.0.4138717@1773086214.364591956
0.0.1266990,0.1265187534595047,SUCCESS,hbar,0.0.3951117,0.0.4138717@1773086216.801289870
0.0.5118079,2.099311871023988,SUCCESS,hbar,0.0.3951117&0.0.3964804,0.0.4138717@1773086214.938263674
0.0.5118232,0.6360850590809908,SUCCESS,hbar,0.0.3951117&0.0.3964804,0.0.4138717@1773086216.960529667
0.0.5118190,1.277276771587184,SUCCESS,hbar,0.0.3951117&0.0.3964804,0.0.4138717@1773086218.701018238
0.0.8068996,0.0799534211171831,SUCCESS,hbar,0.0.3951117&0.0.3964804,0.0.4138717@1773086217.528442226
0.0.841339,2.956277101901315,SUCCESS,hbar,0.0.3951117,0.0.4138717@1773086217.510289073
0.0.1110198,6.416104921603305,SUCCESS,hbar,0.0.3951117,0.0.4138717@1773086220.079820153
0.0.9273872,0.006620082885210455,SUCCESS,hbar,0.0.3951117,0.0.4138717@1773086217.599456520
0.0.1515633,1.534916699395728,SUCCESS,hbar,0.0.3951117,0.0.4138717@1773086217.859839423
0.0.850481,38.66319538169856,SUCCESS,hbar,0.0.3951117,0.0.4138717@1773086222.175785793
0.0.1758196,0.3503433526899693,SUCCESS,hbar,0.0.3951117,0.0.4138717@1773086221.324218062
0.0.4555391,0.769662784788701,SUCCESS,hbar,0.0.3951117,0.0.4138717@1773086222.007508232
0.0.9359586,0.02248399637337063,SUCCESS,hbar,0.0.3951117,0.0.4138717@1773086219.426696653
0.0.832852,16.64610992070568,SUCCESS,hbar,0.0.3951117,0.0.4138717@1773086223.046692771
0.0.9404406,0.01762825019217475,SUCCESS,hbar,0.0.3951117,0.0.4138717@1773086220.817054102
0.0.1120575,50.62725311105969,SUCCESS,hbar,0.0.3951117&0.0.3964804,0.0.4138717@1773086225.946906116
0.0.650437,0.2468336503237383,SUCCESS,hbar,0.0.3951117,0.0.4138717@1773086226.015365011
0.0.8585089,45.18466771637384,SUCCESS,hbar,0.0.3951117,0.0.4138717@1773086223.605392660
0.0.1115297,0.4365575267662697,SUCCESS,hbar,0.0.3951117,0.0.4138717@1773086227.743557854
0.0.7542917,0.08213681399643959,SUCCESS,hbar,0.0.3951117,0.0.4138717@1773086224.209016639
0.0.9626972,0.21843609860894,SUCCESS,hbar,0.0.3951117,0.0.4138717@1773086227.033211701
0.0.9344085,3.363797341129633,SUCCESS,hbar,0.0.3951117,0.0.4138717@1773086226.723360360
0.0.8011568,15.26754917949686,SUCCESS,hbar,0.0.3951117,0.0.4138717@1773086231.925667333
0.0.9755401,0.006323716365028564,SUCCESS,hbar,0.0.3951117,0.0.4138717@1773086229.120562445
0.0.8382774,0.06990602811938397,SUCCESS,hbar,0.0.3951117&0.0.3964804,0.0.4138717@1773086228.139854739
0.0.1904506,0.0003058032885276963,SUCCESS,hbar,0.0.3951117,0.0.4138717@1773086232.486245414
0.0.1462225,418.4401650494383,SUCCESS,hbar,0.0.3951117,0.0.4138717@1773086230.001127138
0.0.1872630,2144.672504493152,SUCCESS,hbar,0.0.3951117&0.0.3964804,0.0.4138717@1773086229.486174172
0.0.8071373,0.5892841049545624,SUCCESS,hbar,0.0.3951117,0.0.4138717@1773086229.589161672
0.0.819005,4.071302498816732,SUCCESS,hbar,0.0.3951117,0.0.4138717@1773086232.471888327
0.0.8212757,0.9707629883011224,SUCCESS,hbar,0.0.3951117,0.0.4138717@1773086234.904102345
0.0.8260017,0.08183710622190996,SUCCESS,hbar,0.0.3951117&0.0.3964804,0.0.4138717@1773086232.108826814
0.0.2137668,17.14430263222661,SUCCESS,hbar,0.0.3951117&0.0.3964804,0.0.4138717@1773086236.387977371
0.0.4570964,4.11029454592247,SUCCESS,hbar,0.0.3951117,0.0.4138717@1773086235.824581364
0.0.5352069,0.2515283817037622,SUCCESS,hbar,0.0.3951117,0.0.4138717@1773086234.775626519
0.0.8490555,0.8187467522776608,SUCCESS,hbar,0.0.3951117,0.0.4138717@1773086232.702878142
0.0.8684349,220.0442743857671,SUCCESS,hbar,0.0.3951117,0.0.4138717@1773086236.982231439
0.0.9112426,0.1699246354814563,SUCCESS,hbar,0.0.3951117&0.0.3964804,0.0.4138717@1773086235.777015443
0.0.1707146,0.515082052319538,SUCCESS,hbar,0.0.3951117,0.0.4138717@1773086237.711435231
0.0.9125858,10564.38969047453,SUCCESS,hbar,0.0.3951117&0.0.3964804,0.0.4138717@1773086235.745764321
0.0.1368197,1.119017627847772,SUCCESS,hbar,0.0.3951117&0.0.3964804,0.0.4138717@1773086237.977876315
0.0.7810768,0.15491693087759,SUCCESS,hbar,0.0.3951117,0.0.4138717@1773086238.075931143
0.0.5126364,8.154196902147806,SUCCESS,hbar,0.0.3951117,0.0.4138717@1773086239.494887231
0.0.8373509,15.24370729475282,SUCCESS,hbar,0.0.3951117&0.0.3964804,0.0.4138717@1773086238.454910847
0.0.9299646,1.983973335082979,SUCCESS,hbar,0.0.3951117,0.0.4138717@1773086238.775971419
0.0.10284472,7.733931813422469,SUCCESS,hbar,0.0.3951117&0.0.3964804,0.0.4138717@1773086237.777993822
0.0.10296090,0.3552142933155967,SUCCESS,hbar,0.0.3951117,0.0.4138717@1773086239.142459137
0.0.696790,4.054965583167695,SUCCESS,hbar,0.0.3951117&0.0.3964804,0.0.4138717@1773086240.229326709
0.0.7129552,26.57738727214885,SUCCESS,hbar,0.0.3951117,0.0.4138717@1773086238.975090756
0.0.1380352,0.7614441989878803,SUCCESS,hbar,0.0.3951117,0.0.4138717@1773086244.657698758
0.0.3223568,58.56939174090955,SUCCESS,hbar,0.0.3951117,0.0.4138717@1773086242.619677052
0.0.10043707,0.001817945303035117,SUCCESS,hbar,0.0.3951117,0.0.4138717@1773086241.073005558
0.0.6270084,39.03451252943456,SUCCESS,hbar,0.0.3951117&0.0.3964804,0.0.4138717@1773086246.071681053
0.0.7490874,0.6264699773515712,SUCCESS,hbar,0.0.3951117&0.0.3964804,0.0.4138717@1773086243.640793613
0.0.5060163,0.1763282277640695,SUCCESS,hbar,0.0.3951117,0.0.4138717@1773086245.396961036
0.0.1123889,0.8999633830914828,SUCCESS,hbar,0.0.3951117&0.0.3964804,0.0.4138717@1773086244.339693180
0.0.834595,3.981055987254058,SUCCESS,hbar,0.0.3951117&0.0.3964804,0.0.4138717@1773086244.213815494
0.0.7989790,0.01612438703794193,SUCCESS,hbar,0.0.3951117,0.0.4138717@1773086246.757713435
0.0.3706536,0.004465495946060198,SUCCESS,hbar,0.0.3951117,0.0.4138717@1773086242.267516094
0.0.5688804,0.8297473729457608,SUCCESS,hbar,0.0.3951117,0.0.4138717@1773086246.933172894
0.0.735239,0.0000401517750981942,SUCCESS,hbar,0.0.3951117,0.0.4138717@1773086246.899008197
0.0.9958383,0.02556459996785064,SUCCESS,hbar,0.0.3951117,0.0.4138717@1773086249.377294802
0.0.9723151,0.001692033452750774,SUCCESS,hbar,0.0.3951117,0.0.4138717@1773086246.840826473
0.0.9642266,25.9513006399673,SUCCESS,hbar,0.0.3951117,0.0.4138717@1773086246.736516760
0.0.10031117,0.1603897444342341,SUCCESS,hbar,0.0.3951117,0.0.4138717@1773086246.379191144
0.0.10031118,0.9873009192670856,SUCCESS,hbar,0.0.3951117,0.0.4138717@1773086247.183161785
0.0.1157855,0.3497243218352897,SUCCESS,hbar,0.0.3951117,0.0.4138717@1773086250.804806011
0.0.1340164,17.5416869584205,SUCCESS,hbar,0.0.3951117,0.0.4138717@1773086248.995877426
0.0.10076636,4.249742603460723,SUCCESS,hbar,0.0.3951117,0.0.4138717@1773086251.616118437
0.0.4342759,27.62286939542954,SUCCESS,hbar,0.0.3951117,0.0.4138717@1773086250.112292249
0.0.9302147,3.898588832171974,SUCCESS,hbar,0.0.3951117,0.0.4138717@1773086251.571989166
0.0.10169145,0.04752370401783802,SUCCESS,hbar,0.0.3951117,0.0.4138717@1773086251.876143957
0.0.7786995,27.36672589128541,SUCCESS,hbar,0.0.3951117,0.0.4138717@1773086251.689692045
0.0.10021599,0.1915932297116199,SUCCESS,hbar,0.0.3951117,0.0.4138717@1773086250.962077090
0.0.4343858,3.223264447979542,SUCCESS,hbar,0.0.3951117,0.0.4138717@1773086250.775728712
0.0.10204776,0.4131625692831171,SUCCESS,hbar,0.0.3951117,0.0.4138717@1773086254.378375103
0.0.10230141,4.824756842374168,SUCCESS,hbar,0.0.3951117,0.0.4138717@1773086250.853567777
0.0.9154738,1.563918480980819,SUCCESS,hbar,0.0.3951117&0.0.3964804,0.0.4138717@1773086250.432771319
0.0.9200436,0.5767213650922,SUCCESS,hbar,0.0.3951117,0.0.4138717@1773086252.529155406
0.0.657648,82.2818140321262,SUCCESS,hbar,0.0.3951117,0.0.4138717@1773086253.294248389
0.0.6872459,372.4464638727365,SUCCESS,hbar,0.0.3951117,0.0.4138717@1773086255.522877900
0.0.9301583,43.15136824170244,SUCCESS,hbar,0.0.3951117,0.0.4138717@1773086256.808886825
0.0.2183535,16.29650910097612,SUCCESS,hbar,0.0.3951117,0.0.4138717@1773086257.745527281
0.0.4351536,1.481475337151193,SUCCESS,hbar,0.0.3951117,0.0.4138717@1773086254.532774037
0.0.844585,12.00033450366974,SUCCESS,hbar,0.0.3951117&0.0.3964804,0.0.4138717@1773086258.217050122
0.0.9318600,157.7099295499187,SUCCESS,hbar,0.0.3951117,0.0.4138717@1773086257.827334824
0.0.7891604,11.59399348705775,SUCCESS,hbar,0.0.3951117,0.0.4138717@1773086256.486101414
0.0.2994397,1.956038184385803,SUCCESS,hbar,0.0.3951117,0.0.4138717@1773086259.783738311
0.0.9619890,0.06672174911374555,SUCCESS,hbar,0.0.3951117&0.0.3964804,0.0.4138717@1773086259.302853770
0.0.9597272,1.356977735089675,SUCCESS,hbar,0.0.3951117,0.0.4138717@1773086258.196484648
0.0.7680254,1.543060187009165,SUCCESS,hbar,0.0.3951117&0.0.3964804,0.0.4138717@1773086262.290373996
0.0.52231,5.820530170787973,SUCCESS,hbar,0.0.3951117,0.0.4138717@1773086259.715163865
0.0.4570908,33.33807715228124,SUCCESS,hbar,0.0.3951117,0.0.4138717@1773086259.446359480
0.0.835242,0.0137931861244959,SUCCESS,hbar,0.0.3951117,0.0.4138717@1773086260.722224804
0.0.8341357,0.2816263720084478,SUCCESS,hbar,0.0.3951117&0.0.3964804,0.0.4138717@1773086260.508681973
0.0.4531253,0.06113789451047218,SUCCESS,hbar,0.0.3951117&0.0.3964804,0.0.4138717@1773086264.596743240
0.0.4912200,101.0201089844514,SUCCESS,hbar,0.0.3951117,0.0.4138717@1773086262.411722045
0.0.1691323,19.75579540253282,SUCCESS,hbar,0.0.3951117,0.0.4138717@1773086266.750379815
0.0.8616856,61.43535148266775,SUCCESS,hbar,0.0.3951117&0.0.3964804,0.0.4138717@1773086266.813174506
0.0.2960169,0.9328043420950244,SUCCESS,hbar,0.0.3951117,0.0.4138717@1773086265.941176573
0.0.4339505,123.3720998196885,SUCCESS,hbar,0.0.3951117&0.0.3964804,0.0.4138717@1773086268.197489821
0.0.8531519,3.88084738694805,SUCCESS,hbar,0.0.3951117,0.0.4138717@1773086265.343894005
0.0.2122027,4.426245133410655,SUCCESS,hbar,0.0.3951117&0.0.3964804,0.0.4138717@1773086270.247865403
0.0.8673695,0.07722974763365692,SUCCESS,hbar,0.0.3951117&0.0.3964804,0.0.4138717@1773086266.339612342
0.0.5702270,2.881883653088102,SUCCESS,hbar,0.0.3951117,0.0.4138717@1773086269.136008634
0.0.9104463,9.375090829800769,SUCCESS,hbar,0.0.3951117&0.0.3964804,0.0.4138717@1773086267.699345687
0.0.7788937,0.02815760761214954,SUCCESS,hbar,0.0.3951117,0.0.4138717@1773086269.148454772
0.0.9150357,5.736089646550887,SUCCESS,hbar,0.0.3951117,0.0.4138717@1773086268.521773549
0.0.7526203,1.585160878246797,SUCCESS,hbar,0.0.3951117&0.0.3964804,0.0.4138717@1773086267.711679745
0.0.8899262,3.651130215916859,SUCCESS,hbar,0.0.3951117,0.0.4138717@1773086271.827069525
0.0.3310398,0.2017645100211116,SUCCESS,hbar,0.0.3951117&0.0.3964804,0.0.4138717@1773086273.848295898
0.0.9120392,0.623834919858269,SUCCESS,hbar,0.0.3951117&0.0.3964804,0.0.4138717@1773086272.101647887
0.0.9195929,13.92007824920623,SUCCESS,hbar,0.0.3951117&0.0.3964804,0.0.4138717@1773086272.031144534
0.0.4858736,0.02179677581177673,SUCCESS,hbar,0.0.3951117,0.0.4138717@1773086274.662344315
0.0.1512938,0.0003625647294619661,SUCCESS,hbar,0.0.3951117,0.0.4138717@1773086270.930104305
0.0.4339712,0.1720163255093118,SUCCESS,hbar,0.0.3951117,0.0.4138717@1773086275.000850597
0.0.1784251,0.02270082895839198,SUCCESS,hbar,0.0.3951117&0.0.3964804,0.0.4138717@1773086273.390229283
0.0.1339713,0.07208403777288178,SUCCESS,hbar,0.0.3951117,0.0.4138717@1773086274.782547327
0.0.4745055,0.003146554557814697,SUCCESS,hbar,0.0.3951117,0.0.4138717@1773086272.811079530
0.0.4338219,3.294812505348669,SUCCESS,hbar,0.0.3951117,0.0.4138717@1773086273.663898172
0.0.4792831,0.001660445514792067,SUCCESS,hbar,0.0.3951117,0.0.4138717@1773086276.228949424
0.0.664329,0.03043026804024541,SUCCESS,hbar,0.0.3951117,0.0.4138717@1773086279.535923339
0.0.10064213,0.9626674878453085,SUCCESS,hbar,0.0.3951117&0.0.3964804,0.0.4138717@1773086278.012713357
0.0.834443,58.77882617887376,SUCCESS,hbar,0.0.3951117,0.0.4138717@1773086279.817246459
0.0.4430933,0.415045259065179,SUCCESS,hbar,0.0.3951117,0.0.4138717@1773086278.060233597
0.0.4383878,0.03436066564022636,SUCCESS,hbar,0.0.3951117,0.0.4138717@1773086282.116765362
0.0.1281501,16.07947513364936,SUCCESS,hbar,0.0.3951117,0.0.4138717@1773086280.372858179
0.0.5028724,0.002870237240874502,SUCCESS,hbar,0.0.3951117,0.0.4138717@1773086283.314064881
0.0.5156210,0.004526038988708859,SUCCESS,hbar,0.0.3951117&0.0.3964804,0.0.4138717@1773086284.372764185
0.0.1458130,0.02112953068232197,SUCCESS,hbar,0.0.3951117,0.0.4138717@1773086281.261214897
0.0.4349716,0.7941411924033602,SUCCESS,hbar,0.0.3951117&0.0.3964804,0.0.4138717@1773086282.327353637
0.0.1052080,40.04705259559709,SUCCESS,hbar,0.0.3951117&0.0.3964804,0.0.4138717@1773086285.785688268
0.0.4331665,0.6011516686982104,SUCCESS,hbar,0.0.3951117,0.0.4138717@1773086283.430765047
0.0.6374996,12.23544287965872,SUCCESS,hbar,0.0.3951117,0.0.4138717@1773086285.726417081
0.0.10088944,0.4761438544249177,SUCCESS,hbar,0.0.3951117&0.0.3964804,0.0.4138717@1773086285.824232748
0.0.5244199,3.843806833689052,SUCCESS,hbar,0.0.3951117&0.0.3964804,0.0.4138717@1773086289.216850047
0.0.139500,10.78366713973279,SUCCESS,hbar,0.0.3951117,0.0.4138717@1773086286.109673635
0.0.7920605,0.4014504706793429,SUCCESS,hbar,0.0.3951117,0.0.4138717@1773086289.186954932
0.0.1123753,3.071678144759759,SUCCESS,hbar,0.0.3951117&0.0.3964804,0.0.4138717@1773086288.913260747
0.0.4569835,0.00331458695595648,SUCCESS,hbar,0.0.3951117,0.0.4138717@1773086289.473541717
0.0.490092,0.06467257342228544,SUCCESS,hbar,0.0.3951117,0.0.4138717@1773086287.483516246
0.0.516971,7.44153919106e-8,SUCCESS,hbar,0.0.3951117,0.0.4138717@1773086290.494954114
0.0.4575306,0.002155974603663276,SUCCESS,hbar,0.0.3951117,0.0.4138717@1773086289.860678041
0.0.1508462,16.43098706766961,SUCCESS,hbar,0.0.3951117,0.0.4138717@1773086288.309340877
0.0.3872466,0.06102674728808596,SUCCESS,hbar,0.0.3951117,0.0.4138717@1773086290.823351917
0.0.4591423,0.02611876317764071,SUCCESS,hbar,0.0.3951117,0.0.4138717@1773086289.072944114
0.0.3925109,0.0000223054231637025,SUCCESS,hbar,0.0.3951117,0.0.4138717@1773086292.816932712
0.0.4433722,0.03443181722470885,SUCCESS,hbar,0.0.3951117,0.0.4138717@1773086290.844999681
0.0.8054459,0.4293713617045646,SUCCESS,hbar,0.0.3951117&0.0.3964804,0.0.4138717@1773086292.834855935
0.0.8257289,8.57633077847e-7,SUCCESS,hbar,0.0.3951117,0.0.4138717@1773086295.074133882
0.0.832415,13.92008663794484,SUCCESS,hbar,0.0.3951117,0.0.4138717@1773086293.097972485
0.0.1022050,0.5241419155589532,SUCCESS,hbar,0.0.3951117,0.0.4138717@1773086294.479430401
0.0.896788,232.3748586023988,SUCCESS,hbar,0.0.3951117,0.0.4138717@1773086294.396013210
0.0.700741,0.2674826375475969,SUCCESS,hbar,0.0.3951117,0.0.4138717@1773086295.287560783
0.0.4331763,24.76203207606821,SUCCESS,hbar,0.0.3951117,0.0.4138717@1773086292.280917708
0.0.8546442,1.09181519221743,SUCCESS,hbar,0.0.3951117,0.0.4138717@1773086295.539893075
0.0.8485588,0.4405087347614363,SUCCESS,hbar,0.0.3951117,0.0.4138717@1773086296.881819041
0.0.5195606,0.04143147325417666,SUCCESS,hbar,0.0.3951117&0.0.3964804,0.0.4138717@1773086297.413276729
0.0.1023730,0.074583016397022,SUCCESS,hbar,0.0.3951117,0.0.4138717@1773086296.704055022
0.0.4432398,0.04988754637323602,SUCCESS,hbar,0.0.3951117,0.0.4138717@1773086300.270831451
0.0.3943340,0.01287366792098154,SUCCESS,hbar,0.0.3951117,0.0.4138717@1773086297.841612294
0.0.7555632,0.00875429773423031,SUCCESS,hbar,0.0.3951117,0.0.4138717@1773086299.922103564
0.0.9099631,0.07189907313670944,SUCCESS,hbar,0.0.3951117,0.0.4138717@1773086301.112438235
0.0.231224,100.8632853150068,SUCCESS,hbar,0.0.3951117,0.0.4138717@1773086301.386981174
0.0.4329703,0.02774909170951502,SUCCESS,hbar,0.0.3951117,0.0.4138717@1773086300.964079103
0.0.1341996,0.08541515612516318,SUCCESS,hbar,0.0.3951117,0.0.4138717@1773086300.004139124
0.0.1464418,0.512680731796697,SUCCESS,hbar,0.0.3951117,0.0.4138717@1773086304.479648157
0.0.1274087,371.9149289936762,SUCCESS,hbar,0.0.3951117,0.0.4138717@1773086303.225278203
0.0.2020001,0.05438201389667533,SUCCESS,hbar,0.0.3951117,0.0.4138717@1773086300.644553226
0.0.1314568,4956.925467437719,SUCCESS,hbar,0.0.3951117,0.0.4138717@1773086303.949030866
0.0.10122546,0.02082570321172044,SUCCESS,hbar,0.0.3951117,0.0.4138717@1773086306.793812366
0.0.187153,181.056260902918,SUCCESS,hbar,0.0.3951117&0.0.3964804,0.0.4138717@1773086305.170665174
0.0.8419510,0.1027478176737946,SUCCESS,hbar,0.0.3951117,0.0.4138717@1773086302.989880009
0.0.836096,2.341815670293776,SUCCESS,hbar,0.0.3951117&0.0.3964804,0.0.4138717@1773086305.388627020
0.0.10076247,0.2685765669179999,SUCCESS,hbar,0.0.3951117,0.0.4138717@1773086303.797967378
0.0.518487,0.0006351699506615077,SUCCESS,hbar,0.0.3951117&0.0.3964804,0.0.4138717@1773086304.251414237
0.0.7287636,0.5861312166586932,SUCCESS,hbar,0.0.3951117&0.0.3964804,0.0.4138717@1773086304.986563885
0.0.10300628,55.18320470071369,SUCCESS,hbar,0.0.3951117,0.0.4138717@1773086309.264446222
0.0.5807981,1.784063558223606,SUCCESS,hbar,0.0.3951117,0.0.4138717@1773086306.446953448
0.0.836034,0.0001808506699620718,SUCCESS,hbar,0.0.3951117,0.0.4138717@1773086306.449971521
0.0.10034357,55.1690421125336,SUCCESS,hbar,0.0.3951117&0.0.3964804,0.0.4138717@1773086306.981491495
0.0.9202687,2.573901369167137,SUCCESS,hbar,0.0.3951117,0.0.4138717@1773086310.624958796
0.0.6234814,0.05406657357484363,SUCCESS,hbar,0.0.3951117,0.0.4138717@1773086309.230011617
0.0.10021410,0.01562650611090249,SUCCESS,hbar,0.0.3951117,0.0.4138717@1773086307.309142451
0.0.3525426,1.619374600976182,SUCCESS,hbar,0.0.3951117&0.0.3964804,0.0.4138717@1773086311.618249969
0.0.8013259,5364.762991335567,SUCCESS,hbar,0.0.3951117,0.0.4138717@1773086309.625112655
0.0.1409958,0.01247784921243863,SUCCESS,hbar,0.0.3951117,0.0.4138717@1773086310.408872313
0.0.7726808,0.04103250345730354,SUCCESS,hbar,0.0.3951117,0.0.4138717@1773086312.543190549
0.0.8383256,0.0007374353371307702,SUCCESS,hbar,0.0.3951117&0.0.3964804,0.0.4138717@1773086311.585365802
0.0.4754443,0.1578623703855862,SUCCESS,hbar,0.0.3951117&0.0.3964804,0.0.4138717@1773086310.631990689
0.0.6198709,0.1744998907898858,SUCCESS,hbar,0.0.3951117,0.0.4138717@1773086314.289423102
0.0.4691881,0.01957295411908536,SUCCESS,hbar,0.0.3951117,0.0.4138717@1773086313.558166174
0.0.942605,0.01794484183768505,SUCCESS,hbar,0.0.3951117,0.0.4138717@1773086314.404009807
0.0.1890696,0.001268451746790023,SUCCESS,hbar,0.0.3951117,0.0.4138717@1773086313.985049519
0.0.3567813,11.9347288145611,SUCCESS,hbar,0.0.3951117,0.0.4138717@1773086314.738277816
0.0.731977,2.50521200358021,SUCCESS,hbar,0.0.3951117,0.0.4138717@1773086314.702036771
0.0.4352091,0.3027990720298002,SUCCESS,hbar,0.0.3951117,0.0.4138717@1773086313.855518264
0.0.1438402,0.007075847777551859,SUCCESS,hbar,0.0.3951117,0.0.4138717@1773086317.162605063
0.0.8638339,0.002337872411257637,SUCCESS,hbar,0.0.3951117,0.0.4138717@1773086316.446861059
0.0.1120388,0.2358601820869443,SUCCESS,hbar,0.0.3951117&0.0.3964804,0.0.4138717@1773086317.216926496
0.0.4731571,0.1346503094187864,SUCCESS,hbar,0.0.3964804,0.0.4138717@1773086317.484809066
0.0.8241599,1.20472791436289,SUCCESS,hbar,0.0.3964804,0.0.4138717@1773086317.067945218
0.0.4749090,0.000218656917567942,SUCCESS,hbar,0.0.3964804,0.0.4138717@1773086316.280713768
0.0.7581801,0.0868591641933494,SUCCESS,hbar,0.0.3964804,0.0.4138717@1773086320.107370159
0.0.1478185,2.974238726404361,SUCCESS,hbar,0.0.3964804,0.0.4138717@1773086318.064024230
0.0.1395051,0.3412332314011328,SUCCESS,hbar,0.0.3964804,0.0.4138717@1773086317.685877948
0.0.10113345,2.043982158408e-7,SUCCESS,hbar,0.0.3964804,0.0.4138717@1773086320.227004307
0.0.10025532,0.08215922004532011,SUCCESS,hbar,0.0.3964804,0.0.4138717@1773086322.919744685
0.0.4346529,0.09938008146798914,SUCCESS,hbar,0.0.3964804,0.0.4138717@1773086320.451463585
0.0.4393392,0.09037400927529655,SUCCESS,hbar,0.0.3964804,0.0.4138717@1773086321.181978708
0.0.7865510,1.36877892430301,SUCCESS,hbar,0.0.3964804,0.0.4138717@1773086320.181393084
0.0.4639295,0.8571520459049577,SUCCESS,hbar,0.0.3964804,0.0.4138717@1773086320.564163983
0.0.10008144,0.8869925972211994,SUCCESS,hbar,0.0.3964804,0.0.4138717@1773086323.250938760
0.0.5807966,0.5217843365890975,SUCCESS,hbar,0.0.3964804,0.0.4138717@1773086325.098636213
0.0.10104315,1.821555875105982,SUCCESS,hbar,0.0.3964804,0.0.4138717@1773086324.921333257
0.0.10300353,0.00587537364252567,SUCCESS,hbar,0.0.3964804,0.0.4138717@1773086325.575617124
0.0.8640197,30.16333937392921,SUCCESS,hbar,0.0.3964804,0.0.4138717@1773086327.293194657
0.0.837554,0.4176571320519703,SUCCESS,hbar,0.0.3964804,0.0.4138717@1773086327.206788863
0.0.9208631,1.541317790487153,SUCCESS,hbar,0.0.3964804,0.0.4138717@1773086328.490931964
0.0.4161393,1.650260548357692,SUCCESS,hbar,0.0.3964804,0.0.4138717@1773086327.168770093
0.0.4231312,0.9570932586440624,SUCCESS,hbar,0.0.3964804,0.0.4138717@1773086326.126089585
0.0.9652847,0.4558047309924763,SUCCESS,hbar,0.0.3964804,0.0.4138717@1773086328.871363985
0.0.1198079,26.24242049687745,SUCCESS,hbar,0.0.3964804,0.0.4138717@1773086329.979687143
0.0.9596185,0.0000155588055435154,SUCCESS,hbar,0.0.3964804,0.0.4138717@1773086328.512842657
0.0.892416,0.0005180606626693126,SUCCESS,hbar,0.0.3964804,0.0.4138717@1773086330.545744132
0.0.5733936,0.000539151203282051,SUCCESS,hbar,0.0.3964804,0.0.4138717@1773086328.957720275
0.0.1422231,0.02032332959556113,SUCCESS,hbar,0.0.3964804,0.0.4138717@1773086330.751245615
0.0.6181303,15.68223008762067,SUCCESS,hbar,0.0.3964804,0.0.4138717@1773086333.050939691
0.0.4722361,0.0003571869207845341,SUCCESS,hbar,0.0.3964804,0.0.4138717@1773086329.138399157
0.0.2014278,0.4697403103732477,SUCCESS,hbar,0.0.3964804,0.0.4138717@1773086332.697771175
0.0.1106819,1.408190531836699,SUCCESS,hbar,0.0.3964804,0.0.4138717@1773086332.703128025
0.0.1067361,454.2577623712062,SUCCESS,hbar,0.0.3964804,0.0.4138717@1773086332.931304352
0.0.1008009,2.905991385039,SUCCESS,hbar,0.0.3964804,0.0.4138717@1773086336.792177813
0.0.8244642,119.2371766460232,SUCCESS,hbar,0.0.3964804,0.0.4138717@1773086336.245901744
0.0.5705148,0.008351259278097328,SUCCESS,hbar,0.0.3964804,0.0.4138717@1773086335.385358425
0.0.3709566,0.593061792183015,SUCCESS,hbar,0.0.3964804,0.0.4138717@1773086334.264055079
0.0.8023334,4.721115698897288,SUCCESS,hbar,0.0.3964804,0.0.4138717@1773086338.125960745
0.0.8570223,5.353453003900055,SUCCESS,hbar,0.0.3964804,0.0.4138717@1773086337.254721007
0.0.8213379,0.00627309124992901,SUCCESS,hbar,0.0.3964804,0.0.4138717@1773086336.776198894
0.0.6076526,0.7097391687119895,SUCCESS,hbar,0.0.3964804,0.0.4138717@1773086337.181421982
0.0.4862277,0.3987760740036684,SUCCESS,hbar,0.0.3964804,0.0.4138717@1773086338.435535734
0.0.10035851,16.49640086812038,SUCCESS,hbar,0.0.3964804,0.0.4138717@1773086338.329814325
0.0.4369285,162.8283872530144,SUCCESS,hbar,0.0.3964804,0.0.4138717@1773086340.180426114
0.0.9946813,0.008516454553833713,SUCCESS,hbar,0.0.3964804,0.0.4138717@1773086338.349337927
0.0.9796301,0.06651797363172711,SUCCESS,hbar,0.0.3964804,0.0.4138717@1773086340.538101070
0.0.9162845,9.098884586965797,SUCCESS,hbar,0.0.3964804,0.0.4138717@1773086342.499482734
0.0.1190213,0.2589081026374788,SUCCESS,hbar,0.0.3964804,0.0.4138717@1773086341.957175887
0.0.9728042,6.126756511912388,SUCCESS,hbar,0.0.3964804,0.0.4138717@1773086340.476293294
0.0.859565,0.6159566678547453,SUCCESS,hbar,0.0.3964804,0.0.4138717@1773086343.311045671
0.0.9144627,0.4750446620974205,SUCCESS,hbar,0.0.3964804,0.0.4138717@1773086344.325190768
0.0.9210303,0.829403854204945,SUCCESS,hbar,0.0.3964804,0.0.4138717@1773086342.222824067
0.0.1099801,80.16140143805517,SUCCESS,hbar,0.0.3964804,0.0.4138717@1773086343.059690018
0.0.6908258,0.2714252151351843,SUCCESS,hbar,0.0.3964804,0.0.4138717@1773086342.234276780
0.0.10304973,0.2277295544660446,SUCCESS,hbar,0.0.3964804,0.0.4138717@1773086346.608273336
0.0.8087973,9.72867566840817,SUCCESS,hbar,0.0.3964804,0.0.4138717@1773086346.808984500
0.0.845346,17.98163081181846,SUCCESS,hbar,0.0.3964804,0.0.4138717@1773086346.174232497
0.0.2208244,1.444998324766249,SUCCESS,hbar,0.0.3964804,0.0.4138717@1773086346.143440659
0.0.7935176,0.8873728501437851,SUCCESS,hbar,0.0.3964804,0.0.4138717@1773086343.578712485
0.0.4573495,659.1295765727467,SUCCESS,hbar,0.0.3964804,0.0.4138717@1773086348.060276283
0.0.1421971,15.81796516046496,SUCCESS,hbar,0.0.3964804,0.0.4138717@1773086348.163608546
0.0.10251800,0.0005768459556942877,SUCCESS,hbar,0.0.3964804,0.0.4138717@1773086349.185321417
0.0.1686527,0.1385209608908346,SUCCESS,hbar,0.0.3964804,0.0.4138717@1773086347.181679333
0.0.10307970,0.0003472598650438288,SUCCESS,hbar,0.0.3964804,0.0.4138717@1773086350.652748636
0.0.10308209,0.0003441248727920961,SUCCESS,hbar,0.0.3964804,0.0.4138717@1773086351.322007464
0.0.3100704,1.258985035512658,SUCCESS,hbar,0.0.3964804,0.0.4138717@1773086349.905112619
0.0.4157253,4.864657076805871,SUCCESS,hbar,0.0.3964804,0.0.4138717@1773086348.396761294
0.0.8117500,16.62984653382671,SUCCESS,hbar,0.0.3964804,0.0.4138717@1773086351.431439138
0.0.815643,0.0003108211782639948,SUCCESS,hbar,0.0.3964804,0.0.4138717@1773086349.846119812
0.0.4184148,0.0004060261253395974,SUCCESS,hbar,0.0.3964804,0.0.4138717@1773086350.444535755
0.0.4350498,1.011194701e-10,FAIL,hbar,0.0.3964804,
0.0.5802354,0.2550076507113642,SUCCESS,hbar,0.0.3964804,0.0.4138717@1773086349.953110305
0.0.7553528,251.8267561497593,SUCCESS,hbar,0.0.3964804,0.0.4138717@1773086353.021439819
0.0.684625,3.896462825283369,SUCCESS,hbar,0.0.3964804,0.0.4138717@1773086349.515267446
0.0.732615,713.2605917185564,SUCCESS,hbar,0.0.3964804,0.0.4138717@1773086351.151995402
0.0.9689618,12.05240989512486,SUCCESS,hbar,0.0.3964804,0.0.4138717@1773086356.073797151
0.0.1321462,1.301876518461769,SUCCESS,hbar,0.0.3964804,0.0.4138717@1773086354.801487006
0.0.9417458,0.06497318850683546,SUCCESS,hbar,0.0.3964804,0.0.4138717@1773086355.497848444
0.0.10227517,0.05402528077383238,SUCCESS,hbar,0.0.3964804,0.0.4138717@1773086357.015288390
0.0.9997888,0.9044218489642196,SUCCESS,hbar,0.0.3964804,0.0.4138717@1773086357.018881293
0.0.1412348,5.425227646718754,SUCCESS,hbar,0.0.3964804,0.0.4138717@1773086355.058284566
0.0.4337930,9.88030755606088,SUCCESS,hbar,0.0.3964804,0.0.4138717@1773086353.927290622
0.0.10268439,5.680181771714471,SUCCESS,hbar,0.0.3964804,0.0.4138717@1773086355.722136300
0.0.10048918,3.893849910659516,SUCCESS,hbar,0.0.3964804,0.0.4138717@1773086354.510668651
0.0.8057884,3.869618667295733,SUCCESS,hbar,0.0.3964804,0.0.4138717@1773086360.484066657
0.0.2185671,0.08612910159339023,SUCCESS,hbar,0.0.3964804,0.0.4138717@1773086357.209273276
0.0.7920736,3.724867480944732,SUCCESS,hbar,0.0.3964804,0.0.4138717@1773086356.904011268
0.0.919311,148.3518980035249,SUCCESS,hbar,0.0.3964804,0.0.4138717@1773086360.482799289
0.0.840324,3.189571215682922,SUCCESS,hbar,0.0.3964804,0.0.4138717@1773086357.778836636
0.0.8551680,0.4031920580273782,SUCCESS,hbar,0.0.3964804,0.0.4138717@1773086360.428297711
0.0.1681033,0.2914151041659499,SUCCESS,hbar,0.0.3964804,0.0.4138717@1773086361.534539359
0.0.5719491,0.06533141870058759,SUCCESS,hbar,0.0.3964804,0.0.4138717@1773086360.734202641
0.0.6045318,0.359336315518603,SUCCESS,hbar,0.0.3964804,0.0.4138717@1773086359.661705809
0.0.4743054,0.0004214307718608371,SUCCESS,hbar,0.0.3964804,0.0.4138717@1773086361.029632458
0.0.8382708,0.01387382414407653,SUCCESS,hbar,0.0.3964804,0.0.4138717@1773086363.984865586
0.0.7550116,0.09832467397587188,SUCCESS,hbar,0.0.3964804,0.0.4138717@1773086363.110002394
0.0.4838474,3.614340420442744,SUCCESS,hbar,0.0.3964804,0.0.4138717@1773086365.821679204
0.0.4319619,0.1579328156723858,SUCCESS,hbar,0.0.3964804,0.0.4138717@1773086361.754698878
0.0.8120693,1.819638190959808,SUCCESS,hbar,0.0.3964804,0.0.4138717@1773086363.930118723
0.0.8291825,1.59908253815758,SUCCESS,hbar,0.0.3964804,0.0.4138717@1773086362.213590622
0.0.6469391,1.927402807973105,SUCCESS,hbar,0.0.3964804,0.0.4138717@1773086367.224198235
0.0.4853295,0.8272108679821063,SUCCESS,hbar,0.0.3964804,0.0.4138717@1773086367.336487725
0.0.658160,0.004202616831669402,SUCCESS,hbar,0.0.3964804,0.0.4138717@1773086366.028982804
0.0.7920282,0.007706563382158792,SUCCESS,hbar,0.0.3964804,0.0.4138717@1773086367.553324957
0.0.4795853,2.068397312673712,SUCCESS,hbar,0.0.3964804,0.0.4138717@1773086366.303173701
0.0.710849,0.01798899496418466,SUCCESS,hbar,0.0.3964804,0.0.4138717@1773086368.548707171
0.0.9144684,0.1341732923677246,SUCCESS,hbar,0.0.3964804,0.0.4138717@1773086370.572306115
0.0.6094118,0.0188271360281242,SUCCESS,hbar,0.0.3964804,0.0.4138717@1773086366.897013474
0.0.4310363,0.3140485721768545,SUCCESS,hbar,0.0.3964804,0.0.4138717@1773086368.647046431
0.0.9201440,0.06620086084182425,SUCCESS,hbar,0.0.3964804,0.0.4138717@1773086372.448224780
0.0.7993090,7.689915909133616,SUCCESS,hbar,0.0.3964804,0.0.4138717@1773086372.216934931
0.0.1056579,5.674859397490874,SUCCESS,hbar,0.0.3964804,0.0.4138717@1773086371.368341629
0.0.9149385,0.1027859284455705,SUCCESS,hbar,0.0.3964804,0.0.4138717@1773086373.659739520
0.0.1124249,26.40004697838735,SUCCESS,hbar,0.0.3964804,0.0.4138717@1773086373.718494295
0.0.5580759,0.042891230920002,SUCCESS,hbar,0.0.3964804,0.0.4138717@1773086371.314215250
0.0.9104016,1.086483737297012,SUCCESS,hbar,0.0.3964804,0.0.4138717@1773086371.133317350
0.0.8041705,0.04882977857832775,SUCCESS,hbar,0.0.3964804,0.0.4138717@1773086375.553041364
0.0.8514597,6.637536820745688,SUCCESS,hbar,0.0.3964804,0.0.4138717@1773086375.533470488
0.0.8903303,1.061999492172289,FAIL,hbar,0.0.3964804,
0.0.3288501,0.1267704725927679,SUCCESS,hbar,0.0.3964804,0.0.4138717@1773086376.315286548
0.0.4724806,0.0107383422392657,SUCCESS,hbar,0.0.3964804,0.0.4138717@1773086376.975066658
0.0.8717466,0.001658445545839867,SUCCESS,hbar,0.0.3964804,0.0.4138717@1773086374.333513973
0.0.7583284,0.2213711156652675,SUCCESS,hbar,0.0.3964804,0.0.4138717@1773086376.990695031
0.0.981571,0.08248770418878834,SUCCESS,hbar,0.0.3964804,0.0.4138717@1773086375.475671058
0.0.3847179,0.5944049263218443,SUCCESS,hbar,0.0.3964804,0.0.4138717@1773086375.526966948
0.0.1467538,1.028026034692912,SUCCESS,hbar,0.0.3964804,0.0.4138717@1773086375.083621305
0.0.8131537,1.059237460470878,SUCCESS,hbar,0.0.3964804,0.0.4138717@1773086378.610286811
0.0.4315395,0.09529150334245548,SUCCESS,hbar,0.0.3964804,0.0.4138717@1773086380.186912324
0.0.4388693,0.135808544583762,SUCCESS,hbar,0.0.3964804,0.0.4138717@1773086377.545724320
0.0.8083173,0.4876195555484783,SUCCESS,hbar,0.0.3964804,0.0.4138717@1773086381.758713901
0.0.2964523,12.91278736595771,SUCCESS,hbar,0.0.3964804,0.0.4138717@1773086379.966029926
0.0.8076778,0.001665000237196231,SUCCESS,hbar,0.0.3964804,0.0.4138717@1773086380.431040158
0.0.1021958,4.495319224236688,SUCCESS,hbar,0.0.3964804,0.0.4138717@1773086378.828437691
0.0.1673276,2.374953089347692,SUCCESS,hbar,0.0.3964804,0.0.4138717@1773086381.898041749
0.0.4804985,0.1738676598653453,SUCCESS,hbar,0.0.3964804,0.0.4138717@1773086383.940548353
0.0.4343570,0.3361910978194713,SUCCESS,hbar,0.0.3964804,0.0.4138717@1773086382.548154564
0.0.7732676,71.51634318809626,SUCCESS,hbar,0.0.3964804,0.0.4138717@1773086382.689955070
0.0.2891280,0.7519586501698596,SUCCESS,hbar,0.0.3964804,0.0.4138717@1773086381.777051351
0.0.838388,57.55826235841121,SUCCESS,hbar,0.0.3964804,0.0.4138717@1773086384.882794331
0.0.7916029,23.89693841402063,SUCCESS,hbar,0.0.3964804,0.0.4138717@1773086386.037480389
0.0.4861986,0.1426765847322621,SUCCESS,hbar,0.0.3964804,0.0.4138717@1773086386.232473100
0.0.5112630,0.8432556599066973,SUCCESS,hbar,0.0.3964804,0.0.4138717@1773086386.101357373
0.0.931327,61.49147038244009,SUCCESS,hbar,0.0.3964804,0.0.4138717@1773086384.313075049
0.0.7938061,0.05508498895139189,SUCCESS,hbar,0.0.3964804,0.0.4138717@1773086387.271211176
0.0.6148704,0.08137074521510994,SUCCESS,hbar,0.0.3964804,0.0.4138717@1773086386.925180232
0.0.7816479,0.02615555651118072,SUCCESS,hbar,0.0.3964804,0.0.4138717@1773086386.359860248
0.0.1261132,0.4891955521896313,SUCCESS,hbar,0.0.3964804,0.0.4138717@1773086386.798015765
0.0.1404010,0.005174102843777578,SUCCESS,hbar,0.0.3964804,0.0.4138717@1773086390.178010129
0.0.1369825,23.57961906500974,SUCCESS,hbar,0.0.3964804,0.0.4138717@1773086391.587772001
0.0.8209705,0.1157406078627227,SUCCESS,hbar,0.0.3964804,0.0.4138717@1773086390.937190992
0.0.7166497,0.06696887841729578,SUCCESS,hbar,0.0.3964804,0.0.4138717@1773086387.651848663
0.0.8002341,0.245354208558374,SUCCESS,hbar,0.0.3964804,0.0.4138717@1773086391.960015304
0.0.7291414,1.67867073148977,SUCCESS,hbar,0.0.3964804,0.0.4138717@1773086393.553333222
0.0.7285744,0.0210044302813907,SUCCESS,hbar,0.0.3964804,0.0.4138717@1773086391.768398738
0.0.3241611,0.4025383245510739,SUCCESS,hbar,0.0.3964804,0.0.4138717@1773086391.296711874
0.0.8227507,0.4811361701798272,SUCCESS,hbar,0.0.3964804,0.0.4138717@1773086393.876365414
0.0.4606261,0.00828900869774137,SUCCESS,hbar,0.0.3964804,0.0.4138717@1773086395.128986466
0.0.1754370,0.0395444840879982,SUCCESS,hbar,0.0.3964804,0.0.4138717@1773086392.842751690
0.0.2116216,3.837889072151527,SUCCESS,hbar,0.0.3964804,0.0.4138717@1773086394.999979749
0.0.7965335,1.852923554655408,SUCCESS,hbar,0.0.3964804,0.0.4138717@1773086394.284305408
0.0.6294131,0.0000266141695208052,SUCCESS,hbar,0.0.3964804,0.0.4138717@1773086396.536432435
0.0.844131,0.2995669878812396,SUCCESS,hbar,0.0.3964804,0.0.4138717@1773086392.555193020
0.0.7924085,0.01848197813022389,SUCCESS,hbar,0.0.3964804,0.0.4138717@1773086392.549932965
0.0.7732467,0.1655627327707836,SUCCESS,hbar,0.0.3964804,0.0.4138717@1773086394.403522512
0.0.10056907,6.348156044827295,SUCCESS,hbar,0.0.3964804,0.0.4138717@1773086394.340616006
0.0.2005484,0.02931967681380888,SUCCESS,hbar,0.0.3964804,0.0.4138717@1773086395.860555082
0.0.4644030,0.03555614415645087,SUCCESS,hbar,0.0.3964804,0.0.4138717@1773086396.559212154
0.0.876236,0.2099372861647056,SUCCESS,hbar,0.0.3964804,0.0.4138717@1773086400.029456148
0.0.1505544,0.01049445706464496,SUCCESS,hbar,0.0.3964804,0.0.4138717@1773086396.906879379
0.0.10279551,3.089742849926942,SUCCESS,hbar,0.0.3964804,0.0.4138717@1773086397.003071207
0.0.10261941,0.6887032509996309,SUCCESS,hbar,0.0.3964804,0.0.4138717@1773086398.021476724
0.0.10242536,1.484927901430845,SUCCESS,hbar,0.0.3964804,0.0.4138717@1773086397.726969343
0.0.3948696,1.346861468292805,SUCCESS,hbar,0.0.3964804,0.0.4138717@1773086398.612699152
0.0.2030460,14.35758405452259,SUCCESS,hbar,0.0.3964804,0.0.4138717@1773086401.661784996
0.0.4144365,2.708488742965617,SUCCESS,hbar,0.0.3964804,0.0.4138717@1773086402.721607867
0.0.7164995,6.072941331081832,SUCCESS,hbar,0.0.3964804,0.0.4138717@1773086399.819000352
0.0.1486871,26.13089231305409,SUCCESS,hbar,0.0.3964804,0.0.4138717@1773086402.505372872
0.0.1711144,0.1406969873080518,SUCCESS,hbar,0.0.3964804,0.0.4138717@1773086402.098501533
0.0.10167174,0.2412816079965185,SUCCESS,hbar,0.0.3964804,0.0.4138717@1773086400.691302409
0.0.9690555,0.2468441281603241,SUCCESS,hbar,0.0.3964804,0.0.4138717@1773086401.163532977
0.0.10085318,3.028415728550191,SUCCESS,hbar,0.0.3964804,0.0.4138717@1773086403.465422532
0.0.4911466,0.008183747632044963,SUCCESS,hbar,0.0.3964804,0.0.4138717@1773086406.047678481
0.0.5029689,0.5745299797316707,SUCCESS,hbar,0.0.3964804,0.0.4138717@1773086406.382470558
0.0.1372179,0.2460562203334716,SUCCESS,hbar,0.0.3964804,0.0.4138717@1773086405.663595028
0.0.4504544,9.185048246583111,SUCCESS,hbar,0.0.3964804,0.0.4138717@1773086406.490007075
0.0.2302824,0.003384390041339781,SUCCESS,hbar,0.0.3964804,0.0.4138717@1773086405.243984382
0.0.4433604,0.1073373825045739,SUCCESS,hbar,0.0.3964804,0.0.4138717@1773086403.427833128
0.0.4345176,0.1365572285889868,SUCCESS,hbar,0.0.3964804,0.0.4138717@1773086406.522775330
0.0.5432163,0.06084266056359464,SUCCESS,hbar,0.0.3964804,0.0.4138717@1773086405.416823044
0.0.1415516,12.64038438819756,SUCCESS,hbar,0.0.3964804,0.0.4138717@1773086408.259481029
0.0.4329551,1.422323434931338,SUCCESS,hbar,0.0.3964804,0.0.4138717@1773086409.946286872
0.0.9997124,13.46706444687493,SUCCESS,hbar,0.0.3964804,0.0.4138717@1773086410.000618531
0.0.834666,10.51759854192808,SUCCESS,hbar,0.0.3964804,0.0.4138717@1773086408.700893190
0.0.4323897,0.0209162320708784,SUCCESS,hbar,0.0.3964804,0.0.4138717@1773086408.287100735
0.0.4782567,3.77202562974542,SUCCESS,hbar,0.0.3964804,0.0.4138717@1773086410.672869965
0.0.4340392,0.07609415706438871,SUCCESS,hbar,0.0.3964804,0.0.4138717@1773086411.332226917
0.0.844167,0.1802063552141035,SUCCESS,hbar,0.0.3964804,0.0.4138717@1773086411.303492415
0.0.837799,1.837734996760743,SUCCESS,hbar,0.0.3964804,0.0.4138717@1773086411.451426794
0.0.9303899,1.86262403378847,SUCCESS,hbar,0.0.3964804,0.0.4138717@1773086413.526799037
0.0.9226909,0.2529434360369148,SUCCESS,hbar,0.0.3964804,0.0.4138717@1773086413.571548875
0.0.2657839,6.193908983684597,SUCCESS,hbar,0.0.3964804,0.0.4138717@1773086412.560313956
0.0.9464371,75.22476109850335,SUCCESS,hbar,0.0.3964804,0.0.4138717@1773086413.005854340
0.0.9477910,4.265113271487717,SUCCESS,hbar,0.0.3964804,0.0.4138717@1773086412.427982470
0.0.1736150,2.279286494520489,SUCCESS,hbar,0.0.3964804,0.0.4138717@1773086416.519020307
0.0.9405888,0.01255142155491654,SUCCESS,hbar,0.0.3964804,0.0.4138717@1773086417.050063097
0.0.915984,23.11815966770377,SUCCESS,hbar,0.0.3964804,0.0.4138717@1773086416.998003031
0.0.9404882,0.407868283847982,SUCCESS,hbar,0.0.3964804,0.0.4138717@1773086415.405660203
0.0.874926,5.011832393098964,SUCCESS,hbar,0.0.3964804,0.0.4138717@1773086414.829222467
0.0.966444,3.233008646611703,SUCCESS,hbar,0.0.3964804,0.0.4138717@1773086418.937556757
0.0.1517175,0.8056837417754648,SUCCESS,hbar,0.0.3964804,0.0.4138717@1773086417.384144922
0.0.2017766,1.192345377791334,SUCCESS,hbar,0.0.3964804,0.0.4138717@1773086421.362532715
0.0.6295630,0.04890363499349427,SUCCESS,hbar,0.0.3964804,0.0.4138717@1773086417.188062104
0.0.1378130,1.029462694170248,SUCCESS,hbar,0.0.3964804,0.0.4138717@1773086421.230488458
0.0.3681629,5.404188030251611,SUCCESS,hbar,0.0.3964804,0.0.4138717@1773086419.978146137
0.0.853379,20.0192769422584,SUCCESS,hbar,0.0.3964804,0.0.4138717@1773086423.413156442
0.0.9272301,0.7770867735200723,SUCCESS,hbar,0.0.3964804,0.0.4138717@1773086421.633234999
0.0.9273859,0.06256537006128526,SUCCESS,hbar,0.0.3964804,0.0.4138717@1773086424.535948291
0.0.2149252,0.0000996130402074937,SUCCESS,hbar,0.0.3964804,0.0.4138717@1773086421.887797425
0.0.9150672,0.02792247359763766,SUCCESS,hbar,0.0.3964804,0.0.4138717@1773086424.721504667
0.0.8443763,13.64893477515035,SUCCESS,hbar,0.0.3964804,0.0.4138717@1773086421.031082066
0.0.8629477,1.397506981140254,SUCCESS,hbar,0.0.3964804,0.0.4138717@1773086426.521358562
0.0.10068662,0.04616143582906596,SUCCESS,hbar,0.0.3964804,0.0.4138717@1773086425.030501752
0.0.6460255,3.990620531287038,SUCCESS,hbar,0.0.3964804,0.0.4138717@1773086423.364343878
0.0.3161254,15466.54019096027,SUCCESS,hbar,0.0.3964804,0.0.4138717@1773086425.361381704
0.0.3907868,0.004566750050361744,SUCCESS,hbar,0.0.3964804,0.0.4138717@1773086423.373934501
0.0.1043461,63.7769564434877,SUCCESS,hbar,0.0.3964804,0.0.4138717@1773086428.600253292
0.0.9317309,0.0004872236207431642,SUCCESS,hbar,0.0.3964804,0.0.4138717@1773086427.418108930
0.0.1404223,0.003718747299654331,SUCCESS,hbar,0.0.3964804,0.0.4138717@1773086427.400859314
0.0.7550127,0.1816983008397677,SUCCESS,hbar,0.0.3964804,0.0.4138717@1773086429.516377520
0.0.2154173,0.1747409390906878,SUCCESS,hbar,0.0.3964804,0.0.4138717@1773086426.954150430
0.0.5482082,0.6045197533573637,SUCCESS,hbar,0.0.3964804,0.0.4138717@1773086427.694443768
0.0.9695749,2.917457340558981,SUCCESS,hbar,0.0.3964804,0.0.4138717@1773086430.994358655
0.0.834767,1.13981061981516,SUCCESS,hbar,0.0.3964804,0.0.4138717@1773086429.530816376
0.0.9612822,0.143285976161641,SUCCESS,hbar,0.0.3964804,0.0.4138717@1773086427.543708100
0.0.9174064,6.857252047180352,SUCCESS,hbar,0.0.3964804,0.0.4138717@1773086431.516014362
0.0.6258977,0.1411320139576238,SUCCESS,hbar,0.0.3964804,0.0.4138717@1773086431.045705655
0.0.946029,0.4714228186848371,SUCCESS,hbar,0.0.3964804,0.0.4138717@1773086430.589708408
0.0.1461428,1.436181205423252,SUCCESS,hbar,0.0.3964804,0.0.4138717@1773086432.459775594
0.0.4154591,4.677051607855641,SUCCESS,hbar,0.0.3964804,0.0.4138717@1773086434.763019891
0.0.6275653,0.01427178120475692,SUCCESS,hbar,0.0.3964804,0.0.4138717@1773086431.683682276
0.0.3967246,0.588102065571669,SUCCESS,hbar,0.0.3964804,0.0.4138717@1773086435.590484210
0.0.4965217,0.2630305998945086,SUCCESS,hbar,0.0.3964804,0.0.4138717@1773086431.759014132
0.0.6048714,71.92651295506475,SUCCESS,hbar,0.0.3964804,0.0.4138717@1773086436.615859203
0.0.2787506,0.2245947407661766,SUCCESS,hbar,0.0.3964804,0.0.4138717@1773086436.693569898
0.0.805713,21.32399899864318,SUCCESS,hbar,0.0.3964804,0.0.4138717@1773086436.829293752
0.0.5068116,0.04293828260259298,SUCCESS,hbar,0.0.3964804,0.0.4138717@1773086434.817537824
0.0.753351,0.5143793604465071,SUCCESS,hbar,0.0.3964804,0.0.4138717@1773086437.038643948
0.0.6139137,0.7851444822427939,SUCCESS,hbar,0.0.3964804,0.0.4138717@1773086435.013125771
0.0.5746207,48.65434509731145,SUCCESS,hbar,0.0.3964804,0.0.4138717@1773086438.700096721
0.0.6154587,14.49338256044476,SUCCESS,hbar,0.0.3964804,0.0.4138717@1773086439.659188055
0.0.4358173,2.455636495827518,SUCCESS,hbar,0.0.3964804,0.0.4138717@1773086437.192866260
0.0.5957030,2.053540387722212,SUCCESS,hbar,0.0.3964804,0.0.4138717@1773086441.540493296
0.0.433061,0.01790459368162254,SUCCESS,hbar,0.0.3964804,0.0.4138717@1773086439.285219788
0.0.6306847,0.030584246761837,SUCCESS,hbar,0.0.3964804,0.0.4138717@1773086440.348738128
0.0.1463629,0.1393913722698548,SUCCESS,hbar,0.0.3964804,0.0.4138717@1773086439.478425596
0.0.4784258,0.2134871661840451,SUCCESS,hbar,0.0.3964804,0.0.4138717@1773086438.015954777
0.0.6852334,2.248468229709759,SUCCESS,hbar,0.0.3964804,0.0.4138717@1773086440.345659407
0.0.6828202,25.85772999601963,SUCCESS,hbar,0.0.3964804,0.0.4138717@1773086442.667420503
0.0.3048811,109.7739225427627,SUCCESS,hbar,0.0.3964804,0.0.4138717@1773086441.152319553
0.0.796454,32.25050758229982,SUCCESS,hbar,0.0.3964804,0.0.4138717@1773086441.621755212
0.0.4327294,0.02001444252610948,SUCCESS,hbar,0.0.3964804,0.0.4138717@1773086441.848275016
0.0.838198,1.10810265872615,SUCCESS,hbar,0.0.3964804,0.0.4138717@1773086445.854188009
0.0.5315914,2.058142975681554,SUCCESS,hbar,0.0.3964804,0.0.4138717@1773086442.103698740
0.0.5421455,0.005091721830424212,SUCCESS,hbar,0.0.3964804,0.0.4138717@1773086444.123302732
0.0.4093788,2.230843730370536,SUCCESS,hbar,0.0.3964804,0.0.4138717@1773086445.270331685
0.0.5495538,0.02187569825013648,SUCCESS,hbar,0.0.3964804,0.0.4138717@1773086444.961977911
0.0.4533464,0.1590578109369013,SUCCESS,hbar,0.0.3964804,0.0.4138717@1773086443.917985022
0.0.859649,0.2151946685959217,SUCCESS,hbar,0.0.3964804,0.0.4138717@1773086444.418674918
0.0.5147407,0.4677664197119832,SUCCESS,hbar,0.0.3964804,0.0.4138717@1773086447.693590026
0.0.4314332,4.540428514883005,SUCCESS,hbar,0.0.3964804,0.0.4138717@1773086445.868869288
0.0.3937438,0.3603109423959033,SUCCESS,hbar,0.0.3964804,0.0.4138717@1773086447.605026809
0.0.5023507,0.3271015282008459,SUCCESS,hbar,0.0.3964804,0.0.4138717@1773086445.490818194
0.0.4589167,0.02592747763102175,SUCCESS,hbar,0.0.3964804,0.0.4138717@1773086447.931714655
0.0.5698429,0.008084987652695632,SUCCESS,hbar,0.0.3964804,0.0.4138717@1773086448.770783068
0.0.4351736,0.01884330369937571,SUCCESS,hbar,0.0.3964804,0.0.4138717@1773086451.253340962
0.0.4410999,0.6391833070437096,SUCCESS,hbar,0.0.3964804,0.0.4138717@1773086452.525886108
0.0.4540904,0.955924085000562,SUCCESS,hbar,0.0.3964804,0.0.4138717@1773086449.057640105
0.0.4717832,0.2667894984760097,SUCCESS,hbar,0.0.3964804,0.0.4138717@1773086452.670851357
0.0.7710235,0.1350576224034931,SUCCESS,hbar,0.0.3964804,0.0.4138717@1773086452.451107201
0.0.1524063,4.770781329344884,SUCCESS,hbar,0.0.3964804,0.0.4138717@1773086452.687631323
0.0.7290965,0.7093991319620819,SUCCESS,hbar,0.0.3964804,0.0.4138717@1773086455.714599017
0.0.7662545,0.004768733052661213,SUCCESS,hbar,0.0.3964804,0.0.4138717@1773086454.847868942
0.0.4887338,0.8991113854509595,SUCCESS,hbar,0.0.3964804,0.0.4138717@1773086452.139629735
0.0.146930,1420.204367944186,SUCCESS,hbar,0.0.3964804,0.0.4138717@1773086454.602841847
0.0.496172,1.562530605311767,SUCCESS,hbar,0.0.3964804,0.0.4138717@1773086454.199430507
0.0.838791,1.679089410621975,SUCCESS,hbar,0.0.3964804,0.0.4138717@1773086454.089017807
0.0.3872629,0.5417155621847254,SUCCESS,hbar,0.0.3964804,0.0.4138717@1773086453.778014682
0.0.4431727,0.126540302770243,SUCCESS,hbar,0.0.3964804,0.0.4138717@1773086456.874774033
0.0.1359581,15.77573696440778,SUCCESS,hbar,0.0.3964804,0.0.4138717@1773086456.076982471
0.0.1486421,1.887241654581444,SUCCESS,hbar,0.0.3964804,0.0.4138717@1773086456.748845813
0.0.3916542,0.03324217365895141,SUCCESS,hbar,0.0.3964804,0.0.4138717@1773086455.942741003
0.0.4566469,2.486811485542856,SUCCESS,hbar,0.0.3964804,0.0.4138717@1773086460.774413162
0.0.887612,2.143858542089619,SUCCESS,hbar,0.0.3964804,0.0.4138717@1773086457.402892832
0.0.811739,1.806095009958432,SUCCESS,hbar,0.0.3964804,0.0.4138717@1773086460.150147063
0.0.1463093,1.526323307583079,SUCCESS,hbar,0.0.3964804,0.0.4138717@1773086458.065239852
0.0.4135513,1.521237037650332,SUCCESS,hbar,0.0.3964804,0.0.4138717@1773086457.218195992
0.0.6416166,0.9519549548333456,SUCCESS,hbar,0.0.3964804,0.0.4138717@1773086458.421556268
0.0.2967389,0.4901335914705678,SUCCESS,hbar,0.0.3964804,0.0.4138717@1773086460.843012167
0.0.6157135,5.396973374579616,SUCCESS,hbar,0.0.3964804,0.0.4138717@1773086462.448777532
0.0.6004536,0.06130299572759494,SUCCESS,hbar,0.0.3964804,0.0.4138717@1773086459.674227311
0.0.7450449,0.620210771609309,SUCCESS,hbar,0.0.3964804,0.0.4138717@1773086461.165225618
0.0.6475509,0.1875194674258011,SUCCESS,hbar,0.0.3964804,0.0.4138717@1773086464.568735227
0.0.662621,0.4584742196568151,SUCCESS,hbar,0.0.3964804,0.0.4138717@1773086464.016896320
0.0.1102543,11.36830880300062,SUCCESS,hbar,0.0.3964804,0.0.4138717@1773086461.287518073
0.0.7312670,1.080120133933495,SUCCESS,hbar,0.0.3964804,0.0.4138717@1773086465.710907435
0.0.728698,0.1697868094615398,SUCCESS,hbar,0.0.3964804,0.0.4138717@1773086465.910782944
0.0.857760,0.1410313997996538,SUCCESS,hbar,0.0.3964804,0.0.4138717@1773086466.322413086
0.0.1124401,4.073879190799559,SUCCESS,hbar,0.0.3964804,0.0.4138717@1773086467.744287770
0.0.4423729,1.089425698714055,SUCCESS,hbar,0.0.3964804,0.0.4138717@1773086463.632755293
0.0.3728114,6.208395666240053,SUCCESS,hbar,0.0.3964804,0.0.4138717@1773086467.626065900
0.0.892270,13.34431164970159,SUCCESS,hbar,0.0.3964804,0.0.4138717@1773086466.863437879
0.0.3687848,7.893779709311564,SUCCESS,hbar,0.0.3964804,0.0.4138717@1773086467.739107884
0.0.794930,0.05955862356266555,SUCCESS,hbar,0.0.3964804,0.0.4138717@1773086466.382495433
0.0.7631749,0.003438124299180639,SUCCESS,hbar,0.0.3964804,0.0.4138717@1773086467.163247373
0.0.1448131,0.2881282088246363,SUCCESS,hbar,0.0.3964804,0.0.4138717@1773086467.132846486
0.0.643109,576.2599964863969,SUCCESS,hbar,0.0.3964804,0.0.4138717@1773086470.664163257
0.0.1316658,0.9553479975095448,SUCCESS,hbar,0.0.3964804,0.0.4138717@1773086471.136024940
0.0.1512214,0.02577474256852576,SUCCESS,hbar,0.0.3964804,0.0.4138717@1773086468.550190774
0.0.965222,9.484795411318744,SUCCESS,hbar,0.0.3964804,0.0.4138717@1773086472.804139017
0.0.481717,0.2481667701136181,SUCCESS,hbar,0.0.3964804,0.0.4138717@1773086470.614405044
0.0.1088074,33.86062738966776,SUCCESS,hbar,0.0.3964804,0.0.4138717@1773086473.614959786
0.0.1432019,3.76769139434789,SUCCESS,hbar,0.0.3964804,0.0.4138717@1773086472.319334534
0.0.1088394,0.1065551639082591,SUCCESS,hbar,0.0.3964804,0.0.4138717@1773086473.305594957
0.0.1425322,0.5454087452731884,SUCCESS,hbar,0.0.3964804,0.0.4138717@1773086472.752624483
0.0.859149,19.83396368992432,SUCCESS,hbar,0.0.3964804,0.0.4138717@1773086475.882241746
0.0.2145447,9.534083828056088,SUCCESS,hbar,0.0.3964804,0.0.4138717@1773086476.638247786
0.0.4138268,19.94959362797474,SUCCESS,hbar,0.0.3964804,0.0.4138717@1773086473.203657690
0.0.835670,0.067354788684972,SUCCESS,hbar,0.0.3964804,0.0.4138717@1773086473.715500473
0.0.1877641,0.8592018966470566,SUCCESS,hbar,0.0.3964804,0.0.4138717@1773086474.333798007
0.0.1097802,2.506160765155231,SUCCESS,hbar,0.0.3964804,0.0.4138717@1773086476.622701749
0.0.3768895,0.002020776540377978,SUCCESS,hbar,0.0.3964804,0.0.4138717@1773086477.426041509
0.0.3327498,2.170053919194062,SUCCESS,hbar,0.0.3964804,0.0.4138717@1773086480.632947540
0.0.1313705,1.155264451323683,SUCCESS,hbar,0.0.3964804,0.0.4138717@1773086476.463695820
0.0.4312267,7.970603785848409,SUCCESS,hbar,0.0.3964804,0.0.4138717@1773086476.763364125
0.0.3384906,4.578240733856781,SUCCESS,hbar,0.0.3964804,0.0.4138717@1773086480.691503198
0.0.7961490,0.176807640077117,SUCCESS,hbar,0.0.3964804,0.0.4138717@1773086480.863494625
0.0.7703838,0.009220154222462373,SUCCESS,hbar,0.0.3964804,0.0.4138717@1773086478.756527812
0.0.1313215,0.01487599276151705,SUCCESS,hbar,0.0.3964804,0.0.4138717@1773086480.250044010
0.0.6343911,3.501408946765,SUCCESS,hbar,0.0.3964804,0.0.4138717@1773086481.213589831
0.0.7937765,0.971322330683314,SUCCESS,hbar,0.0.3964804,0.0.4138717@1773086480.619629781
0.0.4765612,4.689103228690728,SUCCESS,hbar,0.0.3964804,0.0.4138717@1773086480.278690269
0.0.3240624,0.002334694293904626,SUCCESS,hbar,0.0.3964804,0.0.4138717@1773086482.078008595
0.0.833050,0.05790118049364883,SUCCESS,hbar,0.0.3964804,0.0.4138717@1773086484.134545209
0.0.4883729,0.3631771433565573,SUCCESS,hbar,0.0.3964804,0.0.4138717@1773086483.025373736
0.0.1746011,1.775542697744132,SUCCESS,hbar,0.0.3964804,0.0.4138717@1773086481.655695773
0.0.791414,0.3706889815921864,SUCCESS,hbar,0.0.3964804,0.0.4138717@1773086483.739009652
0.0.7798912,2.408940089760644,SUCCESS,hbar,0.0.3964804,0.0.4138717@1773086483.932012102
0.0.862835,0.5336261081241902,SUCCESS,hbar,0.0.3964804,0.0.4138717@1773086485.742810410
0.0.1337171,0.9273559714852312,SUCCESS,hbar,0.0.3964804,0.0.4138717@1773086488.130165617
0.0.1374442,3.961209727147353,SUCCESS,hbar,0.0.3964804,0.0.4138717@1773086487.399898289
0.0.2004450,0.1674758544973174,SUCCESS,hbar,0.0.3964804,0.0.4138717@1773086487.679130907
0.0.3023498,0.575969020576783,SUCCESS,hbar,0.0.3964804,0.0.4138717@1773086488.057047176
0.0.4341116,0.1869733216064128,SUCCESS,hbar,0.0.3964804,0.0.4138717@1773086489.293679679
0.0.1728462,0.2013769883852261,SUCCESS,hbar,0.0.3964804,0.0.4138717@1773086489.999555862
0.0.4360122,0.2096276611751122,SUCCESS,hbar,0.0.3964804,0.0.4138717@1773086489.722438497
0.0.4368518,0.08316381890620844,SUCCESS,hbar,0.0.3964804,0.0.4138717@1773086488.660267962
0.0.4333378,0.01110142498458377,SUCCESS,hbar,0.0.3964804,0.0.4138717@1773086489.881833866
0.0.4356553,0.03002342395955132,SUCCESS,hbar,0.0.3964804,0.0.4138717@1773086492.762799553
0.0.835055,27.35243623540532,SUCCESS,hbar,0.0.3964804,0.0.4138717@1773086491.252809551
0.0.4535053,4.206533699332197,SUCCESS,hbar,0.0.3964804,0.0.4138717@1773086494.483617062
0.0.1703452,0.4345124202229599,SUCCESS,hbar,0.0.3964804,0.0.4138717@1773086491.435355597
0.0.4356154,0.08312271823130853,SUCCESS,hbar,0.0.3964804,0.0.4138717@1773086495.087867520
0.0.2101943,0.003226826362552998,SUCCESS,hbar,0.0.3964804,0.0.4138717@1773086495.343622634
0.0.732798,0.07391015083873788,SUCCESS,hbar,0.0.3964804,0.0.4138717@1773086495.669472388
0.0.795838,0.08533720121499026,SUCCESS,hbar,0.0.3964804,0.0.4138717@1773086493.396569459
0.0.1357334,0.207839441828188,SUCCESS,hbar,0.0.3964804,0.0.4138717@1773086493.181724249
0.0.3165925,0.06993646188354828,SUCCESS,hbar,0.0.3964804,0.0.4138717@1773086493.625514339
0.0.1353334,0.05890750018021171,SUCCESS,hbar,0.0.3964804,0.0.4138717@1773086495.023777218
0.0.1402758,1.03462639815439,SUCCESS,hbar,0.0.3964804,0.0.4138717@1773086497.797367445
0.0.3291464,0.02313087730650529,SUCCESS,hbar,0.0.3964804,0.0.4138717@1773086496.849874330
0.0.1096529,3.744247714325068,SUCCESS,hbar,0.0.3964804,0.0.4138717@1773086498.781438945
0.0.3872024,2.894135880149669,SUCCESS,hbar,0.0.3964804,0.0.4138717@1773086495.669556394
0.0.1121794,0.261579958785536,SUCCESS,hbar,0.0.3964804,0.0.4138717@1773086496.458094304
0.0.1350500,0.5590198781350764,SUCCESS,hbar,0.0.3964804,0.0.4138717@1773086499.556230881
0.0.1104374,57.65507148733075,SUCCESS,hbar,0.0.3964804,0.0.4138717@1773086498.516883683
0.0.3945405,0.0006758980965969757,SUCCESS,hbar,0.0.3964804,0.0.4138717@1773086499.262960097
0.0.1048940,0.1613838683968307,SUCCESS,hbar,0.0.3964804,0.0.4138717@1773086501.577652114
0.0.4319631,0.1619652523137477,SUCCESS,hbar,0.0.3964804,0.0.4138717@1773086503.885620569
0.0.1018824,8.094199976326113,SUCCESS,hbar,0.0.3964804,0.0.4138717@1773086502.404448135
0.0.846778,109.1512525741317,SUCCESS,hbar,0.0.3964804,0.0.4138717@1773086501.903596536
0.0.7965412,0.003263647215526284,SUCCESS,hbar,0.0.3964804,0.0.4138717@1773086501.795905458
0.0.4337103,0.002392222629408406,SUCCESS,hbar,0.0.3964804,0.0.4138717@1773086500.875164335
0.0.1088670,0.4304557420303977,SUCCESS,hbar,0.0.3964804,0.0.4138717@1773086503.072295068
0.0.842806,93.66221261811634,SUCCESS,hbar,0.0.3964804,0.0.4138717@1773086504.154482635
0.0.4345654,83.02500664994035,SUCCESS,hbar,0.0.3964804,0.0.4138717@1773086506.502660031
0.0.4345412,0.1569072281605238,SUCCESS,hbar,0.0.3964804,0.0.4138717@1773086506.322983684
0.0.2150506,0.09832742426168162,SUCCESS,hbar,0.0.3964804,0.0.4138717@1773086505.065973347
0.0.1092596,0.5035051528468016,SUCCESS,hbar,0.0.3964804,0.0.4138717@1773086504.528347779
0.0.4351860,1.797223024585776,SUCCESS,hbar,0.0.3964804,0.0.4138717@1773086507.767777366
0.0.10157649,10.11031985997081,SUCCESS,hbar,0.0.3964804,0.0.4138717@1773086508.756306659
0.0.1024843,0.0000252079208726147,SUCCESS,hbar,0.0.3964804,0.0.4138717@1773086509.890389784
0.0.1105845,1.510540267846562,SUCCESS,hbar,0.0.3964804,0.0.4138717@1773086510.088381560
0.0.1365779,0.5506950860644757,SUCCESS,hbar,0.0.3964804,0.0.4138717@1773086508.863390519
0.0.1033719,13.15339584382183,SUCCESS,hbar,0.0.3964804,0.0.4138717@1773086510.799055296
0.0.1729400,0.9843240446533787,SUCCESS,hbar,0.0.3964804,0.0.4138717@1773086511.125651777
0.0.4499088,0.09909726909533656,SUCCESS,hbar,0.0.3964804,0.0.4138717@1773086508.880613225
0.0.7205628,1.451528847405928,SUCCESS,hbar,0.0.3964804,0.0.4138717@1773086511.660066056
0.0.9273022,0.0006558861297935827,SUCCESS,hbar,0.0.3964804,0.0.4138717@1773086511.074374880
0.0.10238814,6.495754698887991,SUCCESS,hbar,0.0.3964804,0.0.4138717@1773086512.666606861
0.0.10219431,2.963158162184581,SUCCESS,hbar,0.0.3964804,0.0.4138717@1773086511.653083027
0.0.9509413,0.06571438074685373,SUCCESS,hbar,0.0.3964804,0.0.4138717@1773086512.845895560
0.0.4571567,1.304713660425645,SUCCESS,hbar,0.0.3964804,0.0.4138717@1773086510.863897736
0.0.10014449,0.08389319445532675,SUCCESS,hbar,0.0.3964804,0.0.4138717@1773086514.023439469
0.0.4749526,62.53523857400955,SUCCESS,hbar,0.0.3964804,0.0.4138717@1773086513.683672708
0.0.10018534,27.00703004085396,SUCCESS,hbar,0.0.3964804,0.0.4138717@1773086515.228338678
0.0.1704489,0.000617238636482158,SUCCESS,hbar,0.0.3964804,0.0.4138717@1773086515.902926644
0.0.9584885,0.01461036254646149,SUCCESS,hbar,0.0.3964804,0.0.4138717@1773086516.565409627
0.0.10093024,1.291678173101168,SUCCESS,hbar,0.0.3964804,0.0.4138717@1773086516.229428952
0.0.816698,16.35742939342362,SUCCESS,hbar,0.0.3964804,0.0.4138717@1773086514.926138756
0.0.820706,8.533431647353456,SUCCESS,hbar,0.0.3964804,0.0.4138717@1773086517.750306482
0.0.4372819,0.03362159279547473,SUCCESS,hbar,0.0.3964804,0.0.4138717@1773086517.565003544
0.0.842210,0.1491696608123317,SUCCESS,hbar,0.0.3964804,0.0.4138717@1773086519.409357910
0.0.4725260,0.3351320948931333,SUCCESS,hbar,0.0.3964804,0.0.4138717@1773086519.025768200
0.0.5313474,0.1666163222656639,SUCCESS,hbar,0.0.3964804,0.0.4138717@1773086520.679028335
0.0.1093612,0.219037833794144,SUCCESS,hbar,0.0.3964804,0.0.4138717@1773086519.895831172
0.0.4814986,0.01347369119094785,SUCCESS,hbar,0.0.3964804,0.0.4138717@1773086521.893559756
0.0.638522,21.00875251289987,SUCCESS,hbar,0.0.3964804,0.0.4138717@1773086520.134222665
0.0.857763,0.9953437637607758,SUCCESS,hbar,0.0.3964804,0.0.4138717@1773086521.817133666
0.0.937712,8.546463582436283,SUCCESS,hbar,0.0.3964804,0.0.4138717@1773086523.857401760
0.0.955353,0.09743212061631626,SUCCESS,hbar,0.0.3964804,0.0.4138717@1773086525.422088052
0.0.4762160,10.67384482561518,SUCCESS,hbar,0.0.3964804,0.0.4138717@1773086525.689055598
0.0.1696471,27.98949464291923,SUCCESS,hbar,0.0.3964804,0.0.4138717@1773086524.822065347
0.0.683815,0.03420718395479278,SUCCESS,hbar,0.0.3964804,0.0.4138717@1773086527.252668417
0.0.10072624,0.06771054050583167,SUCCESS,hbar,0.0.3964804,0.0.4138717@1773086525.277261887
0.0.835929,0.0000042984478881772,SUCCESS,hbar,0.0.3964804,0.0.4138717@1773086527.969249551
0.0.4712922,0.0413442181277168,SUCCESS,hbar,0.0.3964804,0.0.4138717@1773086528.362931175
0.0.4140342,0.2130661646173669,SUCCESS,hbar,0.0.3964804,0.0.4138717@1773086524.679624810
0.0.4576074,0.2199772875442219,SUCCESS,hbar,0.0.3964804,0.0.4138717@1773086529.825581690
0.0.4558719,0.008040751680447293,SUCCESS,hbar,0.0.3964804,0.0.4138717@1773086527.871917494
0.0.4552348,0.007306499984875541,SUCCESS,hbar,0.0.3964804,0.0.4138717@1773086529.664344905
0.0.4552309,0.00687122795759534,SUCCESS,hbar,0.0.3964804,0.0.4138717@1773086531.162206901
0.0.4552382,0.006870837566497117,SUCCESS,hbar,0.0.3964804,0.0.4138717@1773086530.190988850
0.0.1082201,18.57764949568111,SUCCESS,hbar,0.0.3964804,0.0.4138717@1773086530.203677724
0.0.190191,0.1344140235160861,SUCCESS,hbar,0.0.3964804,0.0.4138717@1773086527.447560725
0.0.5012902,0.01234117044510371,SUCCESS,hbar,0.0.3964804,0.0.4138717@1773086531.595741471
0.0.9636419,0.6766794307362969,SUCCESS,hbar,0.0.3964804,0.0.4138717@1773086532.296133646
0.0.5805332,2.166245504677968,SUCCESS,hbar,0.0.3964804,0.0.4138717@1773086533.097675423
0.0.9602777,0.03098191118108345,SUCCESS,hbar,0.0.3964804,0.0.4138717@1773086534.008020238
0.0.1031509,4.852061070357791,SUCCESS,hbar,0.0.3964804,0.0.4138717@1773086535.469733231
0.0.9590994,20.45237481082264,SUCCESS,hbar,0.0.3964804,0.0.4138717@1773086531.851553681
0.0.9365757,1.1682819741661,SUCCESS,hbar,0.0.3964804,0.0.4138717@1773086534.266251480
0.0.8080965,0.01708861603579639,SUCCESS,hbar,0.0.3964804,0.0.4138717@1773086536.246679737
0.0.8070994,2.809410705236934,SUCCESS,hbar,0.0.3964804,0.0.4138717@1773086535.717995729
0.0.8246604,0.003077656151165329,SUCCESS,hbar,0.0.3964804,0.0.4138717@1773086536.847878671
0.0.3012601,0.8643342213879406,SUCCESS,hbar,0.0.3964804,0.0.4138717@1773086537.465093401
0.0.5316018,2.742478289627314,SUCCESS,hbar,0.0.3964804,0.0.4138717@1773086538.481627271
0.0.9504249,3.398642187681847,SUCCESS,hbar,0.0.3964804,0.0.4138717@1773086538.259199400
0.0.4594903,0.05404389418813411,SUCCESS,hbar,0.0.3964804,0.0.4138717@1773086539.373057533
0.0.9364762,0.01715157280987156,SUCCESS,hbar,0.0.3964804,0.0.4138717@1773086539.449418044
0.0.887615,0.01858256467563471,SUCCESS,hbar,0.0.3964804,0.0.4138717@1773086537.729078858
0.0.1056474,7.053220803029323,SUCCESS,hbar,0.0.3964804,0.0.4138717@1773086541.411046600
0.0.9450539,1.758088400477924,SUCCESS,hbar,0.0.3964804,0.0.4138717@1773086537.483111679
0.0.9444587,3.436987901496638,SUCCESS,hbar,0.0.3964804,0.0.4138717@1773086539.131077276
0.0.9146353,4.337308148886929,SUCCESS,hbar,0.0.3964804,0.0.4138717@1773086541.119421728
0.0.6160732,0.1282003557759472,SUCCESS,hbar,0.0.3964804,0.0.4138717@1773086541.132974581
0.0.9973346,0.006984249155850866,SUCCESS,hbar,0.0.3964804,0.0.4138717@1773086543.501461706
0.0.1459068,0.07517560967452193,SUCCESS,hbar,0.0.3964804,0.0.4138717@1773086541.978769997
0.0.9640903,0.761404240132986,SUCCESS,hbar,0.0.3964804,0.0.4138717@1773086542.865460578
0.0.2963879,3.336517114803853,SUCCESS,hbar,0.0.3964804,0.0.4138717@1773086541.231225380
0.0.4873525,0.1043864196929063,SUCCESS,hbar,0.0.3964804,0.0.4138717@1773086544.937057876
0.0.10004246,0.9629503817797952,SUCCESS,hbar,0.0.3964804,0.0.4138717@1773086543.161272454
0.0.9695763,173.2990657675138,SUCCESS,hbar,0.0.3964804,0.0.4138717@1773086545.099312864
0.0.9401320,3.214457810488589,SUCCESS,hbar,0.0.3964804,0.0.4138717@1773086542.644835002
0.0.5922808,0.06294354650459597,SUCCESS,hbar,0.0.3964804,0.0.4138717@1773086542.118580789
0.0.751161,3.3463945031789,SUCCESS,hbar,0.0.3964804,0.0.4138717@1773086543.028433523
0.0.3450,0.1107308086481097,SUCCESS,hbar,0.0.3964804,0.0.4138717@1773086545.280466756
0.0.9477942,0.03047857192898303,SUCCESS,hbar,0.0.3964804,0.0.4138717@1773086547.131821347
0.0.9150527,2.363005939108613,SUCCESS,hbar,0.0.3964804,0.0.4138717@1773086548.825816970
0.0.871471,5.599313466150666,SUCCESS,hbar,0.0.3964804,0.0.4138717@1773086545.136045625
0.0.9100153,5.879599994903046,SUCCESS,hbar,0.0.3964804,0.0.4138717@1773086547.376062051
0.0.7983506,0.0000668551396805759,SUCCESS,hbar,0.0.3964804,0.0.4138717@1773086546.975040292
0.0.6320740,1.448481414010747,SUCCESS,hbar,0.0.3964804,0.0.4138717@1773086548.379593872
0.0.9687167,0.4478222477077466,SUCCESS,hbar,0.0.3964804,0.0.4138717@1773086549.283620951
0.0.9729389,0.2376708457578938,SUCCESS,hbar,0.0.3964804,0.0.4138717@1773086547.087336515
0.0.9720442,0.1162286186190777,SUCCESS,hbar,0.0.3964804,0.0.4138717@1773086547.731649888
0.0.9707531,713.1921974058574,SUCCESS,hbar,0.0.3964804,0.0.4138717@1773086549.482457810
0.0.10007904,0.001282363138423051,SUCCESS,hbar,0.0.3964804,0.0.4138717@1773086553.249096037
0.0.1365923,0.01205641390864951,SUCCESS,hbar,0.0.3964804,0.0.4138717@1773086552.786259353
0.0.9593512,0.002561335615495067,SUCCESS,hbar,0.0.3964804,0.0.4138717@1773086552.164450516
0.0.10044419,0.8295126923045046,SUCCESS,hbar,0.0.3964804,0.0.4138717@1773086551.252117230
0.0.10035663,0.3610359142097976,SUCCESS,hbar,0.0.3964804,0.0.4138717@1773086552.141312104
0.0.1400807,0.5853873066476611,SUCCESS,hbar,0.0.3964804,0.0.4138717@1773086550.006405261
0.0.8414341,1.254502784822548,SUCCESS,hbar,0.0.3964804,0.0.4138717@1773086554.820623144
0.0.9072874,0.9185673509136176,SUCCESS,hbar,0.0.3964804,0.0.4138717@1773086553.462574044
0.0.9774219,0.003732494224114796,SUCCESS,hbar,0.0.3964804,0.0.4138717@1773086553.155577022
0.0.1178547,0.5010364420721201,SUCCESS,hbar,0.0.3964804,0.0.4138717@1773086554.129063330
0.0.10115705,0.0004979345606835859,SUCCESS,hbar,0.0.3964804,0.0.4138717@1773086554.345245249
0.0.9707528,286.9244144064468,SUCCESS,hbar,0.0.3964804,0.0.4138717@1773086557.479407767
0.0.9640625,0.01098079092415679,SUCCESS,hbar,0.0.3964804,0.0.4138717@1773086558.168942878
0.0.9579116,1.144157857679607,SUCCESS,hbar,0.0.3964804,0.0.4138717@1773086555.658462273
0.0.9275976,36.15496748296715,SUCCESS,hbar,0.0.3964804,0.0.4138717@1773086558.981123487
0.0.9425366,14.39315591528734,SUCCESS,hbar,0.0.3964804,0.0.4138717@1773086557.698480391
0.0.9362153,0.3404713959400343,SUCCESS,hbar,0.0.3964804,0.0.4138717@1773086559.266645324
0.0.1703381,1.035483905813222,SUCCESS,hbar,0.0.3964804,0.0.4138717@1773086556.236640464
0.0.9317965,0.7980068162804084,SUCCESS,hbar,0.0.3964804,0.0.4138717@1773086558.800925722
0.0.9301506,0.007742249452434147,SUCCESS,hbar,0.0.3964804,0.0.4138717@1773086558.562915486
0.0.9774619,6.435425446914693,SUCCESS,hbar,0.0.3964804,0.0.4138717@1773086558.314537126
0.0.1920276,2.691822315171009,SUCCESS,hbar,0.0.3964804,0.0.4138717@1773086559.683133413
0.0.7785711,93.30979641506478,SUCCESS,hbar,0.0.3964804,0.0.4138717@1773086561.866465618
0.0.9270286,0.0324590949845112,SUCCESS,hbar,0.0.3964804,0.0.4138717@1773086563.223883685
0.0.9234350,1.434569265650774,SUCCESS,hbar,0.0.3964804,0.0.4138717@1773086560.458678715
0.0.10278094,0.667216672952112,SUCCESS,hbar,0.0.3964804,0.0.4138717@1773086560.127050800
0.0.10277044,6.920507488503143,SUCCESS,hbar,0.0.3964804,0.0.4138717@1773086563.740510625
0.0.9377932,0.1981694898589439,SUCCESS,hbar,0.0.3964804,0.0.4138717@1773086562.161009029
0.0.10256319,4.741272284336722,SUCCESS,hbar,0.0.3964804,0.0.4138717@1773086563.320757564
0.0.10267167,7.211383327205741,SUCCESS,hbar,0.0.3964804,0.0.4138717@1773086566.915039166
0.0.10267166,29.79421140012453,SUCCESS,hbar,0.0.3964804,0.0.4138717@1773086564.263950520
0.0.7903445,2.278205811544327,SUCCESS,hbar,0.0.3964804,0.0.4138717@1773086567.594290517
0.0.10244829,0.03248864264756027,SUCCESS,hbar,0.0.3964804,0.0.4138717@1773086566.911734305
0.0.10248120,0.3641154839781559,SUCCESS,hbar,0.0.3964804,0.0.4138717@1773086567.146287056
0.0.3959322,11.5247077782226,SUCCESS,hbar,0.0.3964804,0.0.4138717@1773086568.732187610
0.0.7989176,12.84406533889888,SUCCESS,hbar,0.0.3964804,0.0.4138717@1773086566.239782180
0.0.818498,0.01157218358130976,SUCCESS,hbar,0.0.3964804,0.0.4138717@1773086569.680116062
0.0.10182354,1.830781688761009,SUCCESS,hbar,0.0.3964804,0.0.4138717@1773086568.098448631
0.0.10190094,248.0911788405454,SUCCESS,hbar,0.0.3964804,0.0.4138717@1773086571.118722124
0.0.10088400,0.2894877436686821,SUCCESS,hbar,0.0.3964804,0.0.4138717@1773086571.435772621
0.0.10164472,910.0332012009288,SUCCESS,hbar,0.0.3964804,0.0.4138717@1773086567.898834699
0.0.10133721,7.757445897227313,SUCCESS,hbar,0.0.3964804,0.0.4138717@1773086572.662995178
0.0.4853191,0.005856193490612162,SUCCESS,hbar,0.0.3964804,0.0.4138717@1773086570.695789081
0.0.1181772,0.04367972677947905,SUCCESS,hbar,0.0.3964804,0.0.4138717@1773086571.256196801
0.0.8068660,0.005237324472667787,SUCCESS,hbar,0.0.3964804,0.0.4138717@1773086572.334464049
0.0.7931472,0.138375160198675,SUCCESS,hbar,0.0.3964804,0.0.4138717@1773086571.068125803
0.0.8002619,0.2172413444154015,SUCCESS,hbar,0.0.3964804,0.0.4138717@1773086570.218219878
0.0.7809201,0.0000656255044660514,SUCCESS,hbar,0.0.3964804,0.0.4138717@1773086571.567839780
0.0.7098838,0.4928479968248133,SUCCESS,hbar,0.0.3964804,0.0.4138717@1773086574.157710235
0.0.590682,0.0201233805881095,SUCCESS,hbar,0.0.3964804,0.0.4138717@1773086572.218675539
0.0.4766806,1.707662141010954,SUCCESS,hbar,0.0.3964804,0.0.4138717@1773086575.512749496
0.0.832543,36.51547758573116,SUCCESS,hbar,0.0.3964804,0.0.4138717@1773086577.046465883
0.0.8084528,28.68804776005438,SUCCESS,hbar,0.0.3964804,0.0.4138717@1773086577.840151760
0.0.1114728,0.00601505441378474,SUCCESS,hbar,0.0.3964804,0.0.4138717@1773086574.357939948
0.0.7142968,1.010570377393644,SUCCESS,hbar,0.0.3964804,0.0.4138717@1773086576.212950650
0.0.5957081,0.3165999994477091,SUCCESS,hbar,0.0.3964804,0.0.4138717@1773086579.731217098
0.0.4561752,0.03478548119077938,SUCCESS,hbar,0.0.3964804,0.0.4138717@1773086578.080151176
0.0.6334018,0.6086958656976228,SUCCESS,hbar,0.0.3964804,0.0.4138717@1773086579.177487196
0.0.5804427,0.1644233970320547,SUCCESS,hbar,0.0.3964804,0.0.4138717@1773086576.938814305
0.0.1956746,0.03364440802397773,SUCCESS,hbar,0.0.3964804,0.0.4138717@1773086579.513020254
0.0.6063136,0.005798488237763945,SUCCESS,hbar,0.0.3964804,0.0.4138717@1773086577.111081118
0.0.6064013,1.093126073771022,SUCCESS,hbar,0.0.3964804,0.0.4138717@1773086581.471537622
0.0.5060673,1.76397379224507,SUCCESS,hbar,0.0.3964804,0.0.4138717@1773086580.753486166
0.0.8602366,1.087053788871846,SUCCESS,hbar,0.0.3964804,0.0.4138717@1773086578.785782652
0.0.9177203,0.003719596632320432,SUCCESS,hbar,0.0.3964804,0.0.4138717@1773086581.642532421
0.0.8188301,0.3579263830819493,SUCCESS,hbar,0.0.3964804,0.0.4138717@1773086582.646189805
0.0.8108637,0.000124289628512067,SUCCESS,hbar,0.0.3964804,0.0.4138717@1773086583.161284395
0.0.8868403,0.0352648122348786,SUCCESS,hbar,0.0.3964804,0.0.4138717@1773086584.255210847
0.0.9034617,0.05518232326727891,SUCCESS,hbar,0.0.3964804,0.0.4138717@1773086583.146501870
0.0.8742796,2.930547253853189,SUCCESS,hbar,0.0.3964804,0.0.4138717@1773086585.300965505
0.0.8281107,0.0123842909783562,SUCCESS,hbar,0.0.3964804,0.0.4138717@1773086584.255266447
0.0.8673292,16.68279223146767,SUCCESS,hbar,0.0.3964804,0.0.4138717@1773086582.209196331
0.0.840487,4.410642463441317,SUCCESS,hbar,0.0.3964804,0.0.4138717@1773086581.837749911
0.0.8548028,0.0002577686388680793,SUCCESS,hbar,0.0.3964804,0.0.4138717@1773086587.502975114
0.0.8304314,0.05327040986786964,SUCCESS,hbar,0.0.3964804,0.0.4138717@1773086583.617287070
0.0.8152447,0.526660224760806,SUCCESS,hbar,0.0.3964804,0.0.4138717@1773086585.876472201
0.0.8247367,0.3181091000615278,SUCCESS,hbar,0.0.3964804,0.0.4138717@1773086586.378613758
0.0.8146497,0.8044336512018602,SUCCESS,hbar,0.0.3964804,0.0.4138717@1773086588.994159280
0.0.8131527,0.018393086539782,SUCCESS,hbar,0.0.3964804,0.0.4138717@1773086587.763045267
0.0.8120088,0.2244224595270653,SUCCESS,hbar,0.0.3964804,0.0.4138717@1773086589.316576489
0.0.8115823,0.08211652957859153,SUCCESS,hbar,0.0.3964804,0.0.4138717@1773086588.755011426
0.0.8104363,217.8306474952897,SUCCESS,hbar,0.0.3964804,0.0.4138717@1773086592.438438574
0.0.4595460,0.170566879672421,SUCCESS,hbar,0.0.3964804,0.0.4138717@1773086592.272969834
0.0.3912896,0.2939498055341447,SUCCESS,hbar,0.0.3964804,0.0.4138717@1773086591.139148559
0.0.4250725,0.2376708457578938,SUCCESS,hbar,0.0.3964804,0.0.4138717@1773086591.371926171
0.0.2557514,1.541361484793095,SUCCESS,hbar,0.0.3964804,0.0.4138717@1773086590.594252655
0.0.831661,3.970608785771713,SUCCESS,hbar,0.0.3964804,0.0.4138717@1773086589.024763394
0.0.6256886,0.06974823960574389,SUCCESS,hbar,0.0.3964804,0.0.4138717@1773086589.792775921
0.0.7638910,0.0700029184704731,SUCCESS,hbar,0.0.3964804,0.0.4138717@1773086594.088256268
0.0.7610560,0.2351979054172285,SUCCESS,hbar,0.0.3964804,0.0.4138717@1773086595.217598451
0.0.707587,17.42194248293094,SUCCESS,hbar,0.0.3964804,0.0.4138717@1773086593.685589331
0.0.5437974,1.577611437989864,SUCCESS,hbar,0.0.3964804,0.0.4138717@1773086594.530954961
0.0.4899880,0.1037759999541376,SUCCESS,hbar,0.0.3964804,0.0.4138717@1773086595.597138298
0.0.4752954,0.4153026386469803,SUCCESS,hbar,0.0.3964804,0.0.4138717@1773086598.204164521
0.0.987356,14.44902709000309,SUCCESS,hbar,0.0.3964804,0.0.4138717@1773086597.487228855
0.0.3159220,0.8876022043732947,SUCCESS,hbar,0.0.3964804,0.0.4138717@1773086597.868909237
0.0.7200618,0.02979298851434741,SUCCESS,hbar,0.0.3964804,0.0.4138717@1773086595.705289912
0.0.1859919,0.2008519881939029,SUCCESS,hbar,0.0.3964804,0.0.4138717@1773086597.877827380
0.0.4978453,13.19298694846724,SUCCESS,hbar,0.0.3964804,0.0.4138717@1773086595.887186707
0.0.1233065,0.5357184632265263,SUCCESS,hbar,0.0.3964804,0.0.4138717@1773086596.233810999
0.0.6612734,0.01186598382766418,SUCCESS,hbar,0.0.3964804,0.0.4138717@1773086599.904879448
0.0.6344703,173.2990657675138,SUCCESS,hbar,0.0.3964804,0.0.4138717@1773086596.481581952
0.0.1448239,0.08104742601461415,SUCCESS,hbar,0.0.3964804,0.0.4138717@1773086601.173488975
0.0.7861872,0.01398571835169081,SUCCESS,hbar,0.0.3964804,0.0.4138717@1773086598.388508420
0.0.8032303,0.08896517356382434,SUCCESS,hbar,0.0.3964804,0.0.4138717@1773086602.493820955
0.0.7965413,0.001516984989157444,SUCCESS,hbar,0.0.3964804,0.0.4138717@1773086601.741503099
0.0.1481135,0.5769193953146927,SUCCESS,hbar,0.0.3964804,0.0.4138717@1773086604.045437883
0.0.7896816,24.6438615317344,SUCCESS,hbar,0.0.3964804,0.0.4138717@1773086603.726815391
0.0.7910977,2.839968624285729,SUCCESS,hbar,0.0.3964804,0.0.4138717@1773086604.792010993
0.0.3947850,0.0004898328953620442,SUCCESS,hbar,0.0.3964804,0.0.4138717@1773086604.025401705
0.0.5905014,0.6048733196301496,SUCCESS,hbar,0.0.3964804,0.0.4138717@1773086604.117462430
0.0.5042398,2.614335167836207,SUCCESS,hbar,0.0.3964804,0.0.4138717@1773086602.750666344
0.0.1479857,1.739316209264971,SUCCESS,hbar,0.0.3964804,0.0.4138717@1773086601.551525752
0.0.6232417,0.03173582446855197,SUCCESS,hbar,0.0.3964804,0.0.4138717@1773086605.211197638
0.0.7835479,0.02382702474373712,SUCCESS,hbar,0.0.3964804,0.0.4138717@1773086606.802759391
0.0.7570262,0.1248129192647902,SUCCESS,hbar,0.0.3964804,0.0.4138717@1773086603.461459174
0.0.7421912,0.0685350410580187,SUCCESS,hbar,0.0.3964804,0.0.4138717@1773086608.238931121
0.0.7791729,0.001509126566627318,SUCCESS,hbar,0.0.3964804,0.0.4138717@1773086607.343951573
0.0.5739319,1.52667513241279,SUCCESS,hbar,0.0.3964804,0.0.4138717@1773086605.520764191
0.0.7607102,0.01155420516736864,SUCCESS,hbar,0.0.3964804,0.0.4138717@1773086605.378179900
0.0.7777028,0.991008819303376,SUCCESS,hbar,0.0.3964804,0.0.4138717@1773086608.957223825
0.0.4758052,0.241697038145822,SUCCESS,hbar,0.0.3964804,0.0.4138717@1773086605.269547422
0.0.6061106,0.6223709642206373,SUCCESS,hbar,0.0.3964804,0.0.4138717@1773086606.364865012
0.0.848151,0.5108591547789617,SUCCESS,hbar,0.0.3964804,0.0.4138717@1773086607.098114062
0.0.1388678,6.894098497655511,SUCCESS,hbar,0.0.3964804,0.0.4138717@1773086607.448342673
0.0.4785387,0.6849533117073792,SUCCESS,hbar,0.0.3964804,0.0.4138717@1773086608.528713762
0.0.4322023,0.8058346145166732,SUCCESS,hbar,0.0.3964804,0.0.4138717@1773086612.011266624
0.0.5060252,0.0361261210555142,SUCCESS,hbar,0.0.3964804,0.0.4138717@1773086612.967338327
0.0.3295745,5.595547725539514,SUCCESS,hbar,0.0.3964804,0.0.4138717@1773086612.922432628
0.0.846992,1.816847158776109,SUCCESS,hbar,0.0.3964804,0.0.4138717@1773086610.308162837
0.0.4640278,0.1312060544514875,SUCCESS,hbar,0.0.3964804,0.0.4138717@1773086613.638096069
0.0.1747288,5.282277087189019,SUCCESS,hbar,0.0.3964804,0.0.4138717@1773086611.796293442
0.0.4741573,1.274549262044442,SUCCESS,hbar,0.0.3964804,0.0.4138717@1773086612.282225602
0.0.4923529,0.002503459264664662,SUCCESS,hbar,0.0.3964804,0.0.4138717@1773086613.535573905
0.0.4044502,3.31058573209444,SUCCESS,hbar,0.0.3964804,0.0.4138717@1773086612.637895642
0.0.1046906,0.03468532688940537,SUCCESS,hbar,0.0.3964804,0.0.4138717@1773086612.696803835
0.0.4362017,2.252786025803376,SUCCESS,hbar,0.0.3964804,0.0.4138717@1773086613.844133876
0.0.789990,0.1000784329727596,SUCCESS,hbar,0.0.3964804,0.0.4138717@1773086614.058660125
0.0.5314183,0.5326493555018895,SUCCESS,hbar,0.0.3964804,0.0.4138717@1773086617.437840275
0.0.2174952,0.3939550552525362,SUCCESS,hbar,0.0.3964804,0.0.4138717@1773086613.348355444
0.0.6933072,0.7896126397698514,SUCCESS,hbar,0.0.3964804,0.0.4138717@1773086617.849922071
0.0.760653,0.2964997430123262,SUCCESS,hbar,0.0.3964804,0.0.4138717@1773086614.670630794
0.0.835625,0.04786533933664797,SUCCESS,hbar,0.0.3964804,0.0.4138717@1773086618.330775982
0.0.1307915,0.0006836696835386196,SUCCESS,hbar,0.0.3964804,0.0.4138717@1773086618.752165768
0.0.6674918,0.02266178383154101,SUCCESS,hbar,0.0.3964804,0.0.4138717@1773086617.606070845
0.0.4360598,0.05966474102439952,SUCCESS,hbar,0.0.3964804,0.0.4138717@1773086617.654507545
0.0.2123622,0.2019375870842364,SUCCESS,hbar,0.0.3964804,0.0.4138717@1773086617.088801379
0.0.6324031,0.001186823380653406,SUCCESS,hbar,0.0.3964804,0.0.4138717@1773086621.451033561
0.0.3158284,0.1843424961289664,SUCCESS,hbar,0.0.3964804,0.0.4138717@1773086618.333396088
0.0.813564,0.00177419105247186,SUCCESS,hbar,0.0.3964804,0.0.4138717@1773086620.021518502
0.0.827132,0.1548479687262176,SUCCESS,hbar,0.0.3964804,0.0.4138717@1773086619.284220688
0.0.4659519,2.568203099776296,SUCCESS,hbar,0.0.3964804,0.0.4138717@1773086622.082566811
0.0.6247418,0.07676120192626923,SUCCESS,hbar,0.0.3964804,0.0.4138717@1773086622.922355118
0.0.6078189,0.7024269152476836,SUCCESS,hbar,0.0.3964804,0.0.4138717@1773086620.446971975
0.0.6058490,0.04449133266117931,SUCCESS,hbar,0.0.3964804,0.0.4138717@1773086623.452061532
0.0.6095958,12.90529813704942,SUCCESS,hbar,0.0.3964804,0.0.4138717@1773086624.788886984
0.0.1334605,15.27580033323238,SUCCESS,hbar,0.0.3964804,0.0.4138717@1773086623.470468565
0.0.4799094,0.1484006574197795,SUCCESS,hbar,0.0.3964804,0.0.4138717@1773086624.061501712
0.0.9095016,3.320393733415932,SUCCESS,hbar,0.0.3964804,0.0.4138717@1773086627.135572355
0.0.8392843,0.6202722062503949,SUCCESS,hbar,0.0.3964804,0.0.4138717@1773086625.223694249
0.0.9169121,0.5518528766231354,SUCCESS,hbar,0.0.3964804,0.0.4138717@1773086625.844069722
0.0.958821,26.76186968501126,SUCCESS,hbar,0.0.3964804,0.0.4138717@1773086626.496811924
0.0.877394,0.01148281313351656,SUCCESS,hbar,0.0.3964804,0.0.4138717@1773086627.412653976
0.0.53756,5.87494154522053,SUCCESS,hbar,0.0.3964804,0.0.4138717@1773086627.295338781
0.0.689277,13.53163537903118,SUCCESS,hbar,0.0.3964804,0.0.4138717@1773086627.835445331
0.0.1090802,0.1233046895854783,SUCCESS,hbar,0.0.3964804,0.0.4138717@1773086630.430074128
0.0.2091507,5.039606613711752,SUCCESS,hbar,0.0.3964804,0.0.4138717@1773086628.524790410
0.0.7550890,0.21304575064075,SUCCESS,hbar,0.0.3964804,0.0.4138717@1773086627.328944710
0.0.8826517,10.5113837644926,SUCCESS,hbar,0.0.3964804,0.0.4138717@1773086630.847574632
0.0.9065767,1.29541630657517,SUCCESS,hbar,0.0.3964804,0.0.4138717@1773086628.835491128
0.0.8767225,0.4791491821068006,SUCCESS,hbar,0.0.3964804,0.0.4138717@1773086630.962443165
0.0.9009997,0.7105858030350473,SUCCESS,hbar,0.0.3964804,0.0.4138717@1773086629.401524669
0.0.7788265,0.3134609079223433,SUCCESS,hbar,0.0.3964804,0.0.4138717@1773086632.336809159
0.0.8792600,0.005062095469220614,SUCCESS,hbar,0.0.3964804,0.0.4138717@1773086632.922147402
0.0.8256574,0.0101361247462041,SUCCESS,hbar,0.0.3964804,0.0.4138717@1773086632.307464829
0.0.7571260,0.3193507283267683,SUCCESS,hbar,0.0.3964804,0.0.4138717@1773086634.057360329
0.0.8585468,0.001562038006488465,SUCCESS,hbar,0.0.3964804,0.0.4138717@1773086634.623934475
0.0.6068301,0.167441320504494,SUCCESS,hbar,0.0.3964804,0.0.4138717@1773086630.609916698
0.0.4330332,0.9823809990917012,SUCCESS,hbar,0.0.3964804,0.0.4138717@1773086635.056611878
0.0.9367202,0.003231740999045931,SUCCESS,hbar,0.0.3964804,0.0.4138717@1773086633.952521711
0.0.1263490,2.793180788567667,SUCCESS,hbar,0.0.3964804,0.0.4138717@1773086634.193163621
0.0.4821795,0.8850070977207329,SUCCESS,hbar,0.0.3964804,0.0.4138717@1773086632.648662355
0.0.9318048,0.02777610623779534,SUCCESS,hbar,0.0.3964804,0.0.4138717@1773086634.605970475
0.0.5159009,44.53094292960741,SUCCESS,hbar,0.0.3964804,0.0.4138717@1773086635.385556091
0.0.8880678,0.04324596837467266,SUCCESS,hbar,0.0.3964804,0.0.4138717@1773086638.180637317
0.0.9285770,0.1938224997667944,SUCCESS,hbar,0.0.3964804,0.0.4138717@1773086636.698814385
0.0.9275748,0.212872137422306,SUCCESS,hbar,0.0.3964804,0.0.4138717@1773086639.365974995
0.0.4345655,5.172525618799363,SUCCESS,hbar,0.0.3964804,0.0.4138717@1773086636.695159167
0.0.7974195,63.49599889331508,SUCCESS,hbar,0.0.3964804,0.0.4138717@1773086638.518892755
0.0.8113254,0.05408115794051143,SUCCESS,hbar,0.0.3964804,0.0.4138717@1773086636.893094009
0.0.1862342,0.5599716442238621,SUCCESS,hbar,0.0.3964804,0.0.4138717@1773086640.614547947
0.0.9196038,0.3113596217711641,SUCCESS,hbar,0.0.3964804,0.0.4138717@1773086637.655767033
0.0.1118731,0.025661698025954,SUCCESS,hbar,0.0.3964804,0.0.4138717@1773086637.332651191
0.0.1403937,0.01467856861652158,SUCCESS,hbar,0.0.3964804,0.0.4138717@1773086640.325885365
0.0.9177141,0.08726274764246883,SUCCESS,hbar,0.0.3964804,0.0.4138717@1773086639.601566579
0.0.9086562,0.002056759777001061,SUCCESS,hbar,0.0.3964804,0.0.4138717@1773086638.993080073
0.0.4746343,0.002752498250471433,SUCCESS,hbar,0.0.3964804,0.0.4138717@1773086642.394827358
0.0.7997139,0.1819445115984985,SUCCESS,hbar,0.0.3964804,0.0.4138717@1773086642.610789978
0.0.5761971,0.000265180010431781,SUCCESS,hbar,0.0.3964804,0.0.4138717@1773086644.328851067
0.0.1906790,0.01927943393869728,SUCCESS,hbar,0.0.3964804,0.0.4138717@1773086644.531895417
0.0.8178093,0.1522351251631295,SUCCESS,hbar,0.0.3964804,0.0.4138717@1773086644.456750843
0.0.8175769,0.1314210953684128,SUCCESS,hbar,0.0.3964804,0.0.4138717@1773086642.863596373
0.0.8173226,7.231681791130488,SUCCESS,hbar,0.0.3964804,0.0.4138717@1773086642.384126791
0.0.8142528,0.0427542279483253,SUCCESS,hbar,0.0.3964804,0.0.4138717@1773086643.076876415
0.0.3828375,35.28955826740349,SUCCESS,hbar,0.0.3964804,0.0.4138717@1773086641.817984464
0.0.833836,3.705956374165992,SUCCESS,hbar,0.0.3964804,0.0.4138717@1773086644.288810520
0.0.5007636,0.1525070627725142,SUCCESS,hbar,0.0.3964804,0.0.4138717@1773086649.200606797
0.0.1459865,2.876874481884038,SUCCESS,hbar,0.0.3964804,0.0.4138717@1773086649.355778351
0.0.7913251,0.1065457496798603,SUCCESS,hbar,0.0.3964804,0.0.4138717@1773086646.248014636
0.0.8042105,0.1776096610894279,SUCCESS,hbar,0.0.3964804,0.0.4138717@1773086645.013157058
0.0.2477582,0.5086122999852869,SUCCESS,hbar,0.0.3964804,0.0.4138717@1773086649.285729801
0.0.8059253,0.9102095089190516,SUCCESS,hbar,0.0.3964804,0.0.4138717@1773086645.952159030
0.0.2006292,0.09045166733130684,SUCCESS,hbar,0.0.3964804,0.0.4138717@1773086648.641348858
0.0.7912110,0.0005133855688576444,SUCCESS,hbar,0.0.3964804,0.0.4138717@1773086647.054888861
0.0.8056304,0.866506282187372,SUCCESS,hbar,0.0.3964804,0.0.4138717@1773086649.408888672
0.0.7746903,0.1285582057595886,SUCCESS,hbar,0.0.3964804,0.0.4138717@1773086648.382694372
0.0.4867972,0.05621134901146271,SUCCESS,hbar,0.0.3964804,0.0.4138717@1773086653.426125671
0.0.1365814,0.524629628819604,SUCCESS,hbar,0.0.3964804,0.0.4138717@1773086651.605383960
0.0.5524338,0.08292183877255167,SUCCESS,hbar,0.0.3964804,0.0.4138717@1773086650.467870286
0.0.8198608,0.6826735809344748,SUCCESS,hbar,0.0.3964804,0.0.4138717@1773086649.888904478
0.0.8385016,0.5582944889130645,SUCCESS,hbar,0.0.3964804,0.0.4138717@1773086652.079141596
0.0.8414409,0.02728045722957351,SUCCESS,hbar,0.0.3964804,0.0.4138717@1773086653.723611125
0.0.1714233,0.4882058690775301,SUCCESS,hbar,0.0.3964804,0.0.4138717@1773086654.927762981
0.0.3077609,4.424508810118944,SUCCESS,hbar,0.0.3964804,0.0.4138717@1773086652.153141810
0.0.8357089,1.076194544887431,SUCCESS,hbar,0.0.3964804,0.0.4138717@1773086654.914269880
0.0.8357708,28.46571975713337,SUCCESS,hbar,0.0.3964804,0.0.4138717@1773086657.641455147
0.0.8346544,5.125212946832742,SUCCESS,hbar,0.0.3964804,0.0.4138717@1773086655.487603895
0.0.8323906,28.70259819381205,SUCCESS,hbar,0.0.3964804,0.0.4138717@1773086656.244267547
0.0.8156060,0.1796863188917439,SUCCESS,hbar,0.0.3964804,0.0.4138717@1773086657.838015716
0.0.8306798,0.03701406346735228,SUCCESS,hbar,0.0.3964804,0.0.4138717@1773086656.189616900
0.0.8298814,2.845300441374842,SUCCESS,hbar,0.0.3964804,0.0.4138717@1773086656.419417683
0.0.7964752,0.007050389536264227,SUCCESS,hbar,0.0.3964804,0.0.4138717@1773086658.388375666
0.0.2025203,0.1408574193641864,SUCCESS,hbar,0.0.3964804,0.0.4138717@1773086657.586688762
0.0.7049977,0.01412345273751395,SUCCESS,hbar,0.0.3964804,0.0.4138717@1773086656.526810943
0.0.8209324,0.9595073001398154,SUCCESS,hbar,0.0.3964804,0.0.4138717@1773086659.103805935
0.0.4340290,24.33391656732135,SUCCESS,0.0.731861,0.0.3948521,0.0.4138717@1773085164.383390229
0.0.4363476,30.21832848982768,SUCCESS,0.0.731861,0.0.3948521&0.0.3961531,0.0.4138717@1773085168.197312359
0.0.518487,0.004497690406393165,SUCCESS,0.0.731861,0.0.3948521&0.0.3951117&0.0.3964795&0.0.3964804&0.0.3964837&0.0.3964860&0.0.3964840&0.0.6071041,0.0.4138717@1773085165.165799637
0.0.720300,0.2153374311970514,SUCCESS,0.0.731861,0.0.3948521,0.0.4138717@1773085164.497831914
0.0.2923216,0.8959160296051193,SUCCESS,0.0.731861,0.0.3948521,0.0.4138717@1773085165.552571436
0.0.8271908,9.692849406946134,SUCCESS,0.0.731861,0.0.3948521,0.0.4138717@1773085167.365997275
0.0.845031,0.00006907711910621067,SUCCESS,0.0.731861,0.0.3948521,0.0.4138717@1773085168.385671365
0.0.3918882,0.1655109432723061,SUCCESS,0.0.731861,0.0.3948521,0.0.4138717@1773085167.422156199
0.0.1096529,32.14303310038007,SUCCESS,0.0.731861,0.0.3948521&0.0.3961531&0.0.3964804,0.0.4138717@1773085164.285356710
0.0.4544530,717.7863027255357,SUCCESS,0.0.731861,0.0.3948521&0.0.3951117&0.0.3961531&0.0.3964782&0.0.3964790&0.0.3964795&0.0.3964800&0.0.3964804&0.0.3964808&0.0.3964809&0.0.3964821&0.0.3964825&0.0.3964827&0.0.3964834&0.0.3964837&0.0.3964855&0.0.3964860&0.0.3964840&0.0.4129330&0.0.4601632&0.0.5328590&0.0.6071041&0.0.6078459&0.0.6078473,0.0.4138717@1773085167.001522023
0.0.1181772,1.092405738941786,SUCCESS,0.0.731861,0.0.3948521&0.0.3964804&0.0.6126395,0.0.4138717@1773085171.767883233
0.0.5118079,18.32754028702906,SUCCESS,0.0.731861,0.0.3948521&0.0.3951117&0.0.3964804&0.0.3964808,0.0.4138717@1773085172.185190222
0.0.5118232,4.985778815034505,SUCCESS,0.0.731861,0.0.3948521&0.0.3951117&0.0.3964804,0.0.4138717@1773085171.442602006
0.0.5119346,54.13003376735739,SUCCESS,0.0.731861,0.0.3948521&0.0.3951117&0.0.3964804,0.0.4138717@1773085171.311326514
0.0.5182107,4.901537327901335,NOT_ASSOCIATED,0.0.731861,0.0.3948521&0.0.3951117&0.0.3964804,
0.0.5310061,10.09853410581818,SUCCESS,0.0.731861,0.0.3948521&0.0.3951117&0.0.3964804,0.0.4138717@1773085171.330054054
0.0.4744252,0.0631898172213006,SUCCESS,0.0.731861,0.0.3948521,0.0.4138717@1773085173.168527863
0.0.5687394,1.515439109575061,NOT_ASSOCIATED,0.0.731861,0.0.3948521,
0.0.6440477,4.844541925931861,SUCCESS,0.0.731861,0.0.3948521&0.0.3951117&0.0.3964804,0.0.4138717@1773085171.189665489
0.0.2960520,1.262547664866355,SUCCESS,0.0.731861,0.0.3948521,0.0.4138717@1773085170.369457800
0.0.628683,2.486185430098621,SUCCESS,0.0.731861,0.0.3948521,0.0.4138717@1773085173.585144035
0.0.4777259,2.149130129133626,SUCCESS,0.0.731861,0.0.3948521,0.0.4138717@1773085169.608447500
0.0.4702708,142.451935139156,SUCCESS,0.0.731861,0.0.3948521&0.0.3951117&0.0.3964827,0.0.4138717@1773085174.460627678
0.0.1930336,1203.583511464545,SUCCESS,0.0.731861,0.0.3948521&0.0.3964782,0.0.4138717@1773085175.783239999
0.0.7550890,1.944997452441964,SUCCESS,0.0.731861,0.0.3948521&0.0.3964804,0.0.4138717@1773085172.725235222
0.0.4093788,18.91400835514821,SUCCESS,0.0.731861,0.0.3948521&0.0.3964804,0.0.4138717@1773085175.195959800
0.0.4712184,0.1402552010672266,SUCCESS,0.0.731861,0.0.3948521&0.0.3961531&0.0.3964782&0.0.3964790&0.0.3964837&0.0.3964840,0.0.4138717@1773085176.740995109
0.0.1105470,0.1675785033779171,SUCCESS,0.0.731861,0.0.3948521,0.0.4138717@1773085177.753897061
0.0.4313767,0.1704877947286478,SUCCESS,0.0.731861,0.0.3948521,0.0.4138717@1773085177.436903517
0.0.3971792,0.2610854955492243,SUCCESS,0.0.731861,0.0.3948521,0.0.4138717@1773085175.381842353
0.0.1427613,3.681780269719117,SUCCESS,0.0.731861,0.0.3948521,0.0.4138717@1773085176.208039049
0.0.3210690,0.1068695918389704,SUCCESS,0.0.731861,0.0.3948521,0.0.4138717@1773085178.990386014
0.0.3870061,386.15475718973,SUCCESS,0.0.731861,0.0.3948521&0.0.4601632,0.0.4138717@1773085180.344142116
0.0.428115,0.00008591104255667987,SUCCESS,0.0.731861,0.0.3948521,0.0.4138717@1773085178.460967433
0.0.862835,137.8397993693517,SUCCESS,0.0.731861,0.0.3948521&0.0.3964804&0.0.3964827&0.0.6071911,0.0.4138717@1773085176.517717582
0.0.7789171,4.308681144765e-11,SUCCESS,0.0.731861,0.0.3948521,0.0.4138717@1773085176.911661096
0.0.7730513,0.0009761131783152624,SUCCESS,0.0.731861,0.0.3948521,0.0.4138717@1773085177.665727731
0.0.6033605,0.003255816215795288,SUCCESS,0.0.731861,0.0.3948521,0.0.4138717@1773085180.855431674
0.0.3958740,0.00134515553071057,SUCCESS,0.0.731861,0.0.3948521,0.0.4138717@1773085180.939676282
0.0.1265153,0.0909589089638667,SUCCESS,0.0.731861,0.0.3948521&0.0.3951117&0.0.3964795&0.0.3964825&0.0.3964827&0.0.3964840,0.0.4138717@1773085183.382360747
0.0.732798,2.712059092108202,SUCCESS,0.0.731861,0.0.3948521&0.0.3964790&0.0.3964804&0.0.4129330,0.0.4138717@1773085184.458633129
0.0.3961176,0.03629463491898043,NOT_ASSOCIATED,0.0.731861,0.0.3948521,
0.0.165981,0.0006260130597840959,SUCCESS,0.0.731861,0.0.3948521,0.0.4138717@1773085182.884243127
0.0.7951,17435.59480048775,FAIL,0.0.731861,0.0.3948521&0.0.3964782&0.0.3964790&0.0.3964855&0.0.5328590&0.0.6078473,
0.0.1085174,2454.787596415738,SUCCESS,0.0.731861,0.0.3948521&0.0.3964790,0.0.4138717@1773085187.410321365
0.0.1152713,35133.55893337599,SUCCESS,0.0.731861,0.0.3948521&0.0.3961531&0.0.3964782&0.0.3964790,0.0.4138717@1773085188.641281095
0.0.8419510,0.6935096038129457,SUCCESS,0.0.731861,0.0.3951117,0.0.4138717@1773085188.145613982
0.0.7726808,0.2769541568899481,SUCCESS,0.0.731861,0.0.3951117,0.0.4138717@1773085190.265963832
0.0.8257289,0.000005788704709260655,SUCCESS,0.0.731861,0.0.3951117,0.0.4138717@1773085190.632673641
0.0.1890696,0.008561578126797986,SUCCESS,0.0.731861,0.0.3951117,0.0.4138717@1773085191.370510269
0.0.187153,1252.851661619307,SUCCESS,0.0.731861,0.0.3951117&0.0.3964804,0.0.4138717@1773085193.243925656
0.0.942605,0.1211210168263549,SUCCESS,0.0.731861,0.0.3951117,0.0.4138717@1773085195.280395300
0.0.1409958,0.08422084731015198,SUCCESS,0.0.731861,0.0.3951117,0.0.4138717@1773085194.791445466
0.0.836034,0.001220674845600058,SUCCESS,0.0.731861,0.0.3951117,0.0.4138717@1773085192.421654352
0.0.4352091,12.96263372211239,SUCCESS,0.0.731861,0.0.3951117&0.0.5328590,0.0.4138717@1773085194.360667993
0.0.836096,38.19158562550703,SUCCESS,0.0.731861,0.0.3951117&0.0.3964804&0.0.5328590,0.0.4138717@1773085195.722897513
0.0.4331763,167.1345187028467,SUCCESS,0.0.731861,0.0.3951117,0.0.4138717@1773085196.222605134
0.0.10076247,1.812792064431828,SUCCESS,0.0.731861,0.0.3951117,0.0.4138717@1773085199.845494752
0.0.10034357,453.4445583125467,SUCCESS,0.0.731861,0.0.3951117&0.0.3964795&0.0.3964804,0.0.4138717@1773085200.325907675
0.0.10300628,372.4661340313922,NOT_ASSOCIATED,0.0.731861,0.0.3951117,
0.0.1438402,0.04775934418802019,SUCCESS,0.0.731861,0.0.3951117,0.0.4138717@1773085199.901729560
0.0.10021410,0.1054731118120528,SUCCESS,0.0.731861,0.0.3951117,0.0.4138717@1773085197.561855672
0.0.6234814,0.3649292887023175,SUCCESS,0.0.731861,0.0.3951117,0.0.4138717@1773085200.736518746
0.0.8383256,0.005658684157938525,SUCCESS,0.0.731861,0.0.3951117&0.0.3964804,0.0.4138717@1773085199.519392681
0.0.5807981,62.12387529105019,SUCCESS,0.0.731861,0.0.3951117&0.0.3964790&0.0.5328590,0.0.4138717@1773085202.628256773
0.0.731977,663.8330369451847,SUCCESS,0.0.731861,0.0.3951117&0.0.4601632,0.0.4138717@1773085199.313340430
0.0.1120388,1.686545020750168,SUCCESS,0.0.731861,0.0.3951117&0.0.3964804,0.0.4138717@1773085200.652212966
0.0.1022050,3.537763238486343,SUCCESS,0.0.731861,0.0.3951117,0.0.4138717@1773085202.579470152
0.0.2020001,0.3826103582755576,SUCCESS,0.0.731861,0.0.3951117&0.0.6071119,0.0.4138717@1773085202.362054586
0.0.4691881,0.1321101699665378,SUCCESS,0.0.731861,0.0.3951117,0.0.4138717@1773085204.089175755
0.0.7287636,29.75821887076827,SUCCESS,0.0.731861,0.0.3951117&0.0.3961531&0.0.3964804&0.0.4601632&0.0.8315114&0.0.10093026,0.0.4138717@1773085202.941191533
0.0.4754443,1.347378195913638,SUCCESS,0.0.731861,0.0.3951117&0.0.3964790&0.0.3964804,0.0.4138717@1773085204.982020142
0.0.3943340,0.0868924765666958,SUCCESS,0.0.731861,0.0.3951117,0.0.4138717@1773085205.512940200
0.0.8013259,36210.15746031152,SUCCESS,0.0.731861,0.0.3951117,0.0.4138717@1773085204.231129667
0.0.3525426,25.39459582049666,SUCCESS,0.0.731861,0.0.3951117&0.0.3964790&0.0.3964804&0.0.3964808&0.0.3964860&0.0.4601632&0.0.5328590,0.0.4138717@1773085204.536570880
0.0.1274087,2510.287623600858,SUCCESS,0.0.731861,0.0.3951117,0.0.4138717@1773085203.807004248
0.0.1464418,3.460404505326438,SUCCESS,0.0.731861,0.0.3951117,0.0.4138717@1773085206.716424063
0.0.1341996,0.5765205765444763,SUCCESS,0.0.731861,0.0.3951117,0.0.4138717@1773085208.805733846
0.0.4329703,0.1872960616908852,SUCCESS,0.0.731861,0.0.3951117,0.0.4138717@1773085208.010022267
0.0.1023730,0.5034076569576148,SUCCESS,0.0.731861,0.0.3951117,0.0.4138717@1773085207.051147754
0.0.8054459,3.53734132925735,SUCCESS,0.0.731861,0.0.3951117&0.0.3964790&0.0.3964804,0.0.4138717@1773085213.935540035
0.0.231224,680.7897103971561,SUCCESS,0.0.731861,0.0.3951117,0.0.4138717@1773085211.109639579
0.0.9099631,7.812981553594092,SUCCESS,0.0.731861,0.0.3951117&0.0.6071119,0.0.4138717@1773085214.191256341
0.0.7555632,0.05908825793849497,SUCCESS,0.0.731861,0.0.3951117,0.0.4138717@1773085216.034499275
0.0.896788,1568.443980358529,SUCCESS,0.0.731861,0.0.3951117,0.0.4138717@1773085214.695912120
0.0.4432398,0.336722407383323,SUCCESS,0.0.731861,0.0.3951117,0.0.4138717@1773085215.640798236
0.0.6198709,1.177809445172877,SUCCESS,0.0.731861,0.0.3951117,0.0.4138717@1773085214.127168926
0.0.9202687,17.37287817101698,SUCCESS,0.0.731861,0.0.3951117,0.0.4138717@1773085214.157089467
0.0.700741,1.805408447519632,SUCCESS,0.0.731861,0.0.3951117,0.0.4138717@1773085213.698375541
0.0.8546442,14.13431081293836,SUCCESS,0.0.731861,0.0.3951117&0.0.6071119,0.0.4138717@1773085213.375114614
0.0.10122546,0.1405657610105115,SUCCESS,0.0.731861,0.0.3951117,0.0.4138717@1773085217.290473886
0.0.8638339,0.01577977037764389,SUCCESS,0.0.731861,0.0.3951117,0.0.4138717@1773085216.185729168
0.0.3567813,80.55498636553709,SUCCESS,0.0.731861,0.0.3951117,0.0.4138717@1773085216.439149582
0.0.1314568,33891.60800756021,SUCCESS,0.0.731861,0.0.3951117&0.0.3964790,0.0.4138717@1773085218.361071358
0.0.5195606,66.43968793612993,SUCCESS,0.0.731861,0.0.3951117&0.0.3964790&0.0.3964804&0.0.3964827&0.0.5328590,0.0.4138717@1773085217.751542072
0.0.832415,93.95541421591813,SUCCESS,0.0.731861,0.0.3951117,0.0.4138717@1773085216.867286837
0.0.8485588,2.973270333492068,SUCCESS,0.0.731861,0.0.3951117,0.0.4138717@1773085220.426873271
0.0.10031117,1.082571198459766,SUCCESS,0.0.731861,0.0.3951117,0.0.4138717@1773085219.122972585
0.0.9642266,175.1616397575765,SUCCESS,0.0.731861,0.0.3951117,0.0.4138717@1773085219.963166307
0.0.9723151,0.06232347762562782,SUCCESS,0.0.731861,0.0.3951117&0.0.3964795,0.0.4138717@1773085219.587263213
0.0.9958383,0.1725515538600322,SUCCESS,0.0.731861,0.0.3951117,0.0.4138717@1773085219.557217566
0.0.4570964,27.74296142373657,SUCCESS,0.0.731861,0.0.3951117,0.0.4138717@1773085222.225093868
0.0.9755401,10.11625596659994,SUCCESS,0.0.731861,0.0.3951117&0.0.4601632,0.0.4138717@1773085220.424659356
0.0.8011568,154.2516962475365,SUCCESS,0.0.731861,0.0.3951117&0.0.5328590,0.0.4138717@1773085220.609925646
0.0.9344085,26.72811774454388,SUCCESS,0.0.731861,0.0.3951117&0.0.3964827&0.0.5328590,0.0.4138717@1773085223.259174447
0.0.9626972,1.474362527929075,SUCCESS,0.0.731861,0.0.3951117,0.0.4138717@1773085223.993432167
0.0.7542917,0.554392984909659,SUCCESS,0.0.731861,0.0.3951117,0.0.4138717@1773085227.133811371
0.0.1115297,2.946601147193532,SUCCESS,0.0.731861,0.0.3951117,0.0.4138717@1773085227.539803714
0.0.8585089,304.9797233250057,SUCCESS,0.0.731861,0.0.3951117,0.0.4138717@1773085226.750120794
0.0.650437,4.373103756354413,SUCCESS,0.0.731861,0.0.3951117&0.0.3961531&0.0.5328590,0.0.4138717@1773085224.707687712
0.0.1110198,43.30632497062035,SUCCESS,0.0.731861,0.0.3951117,0.0.4138717@1773085227.348599767
0.0.9404406,0.1189841408165364,SUCCESS,0.0.731861,0.0.3951117,0.0.4138717@1773085228.839402893
0.0.832852,112.3550587982916,SUCCESS,0.0.731861,0.0.3951117,0.0.4138717@1773085230.076338075
0.0.9359586,0.1517586238817495,SUCCESS,0.0.731861,0.0.3951117,0.0.4138717@1773085229.459070236
0.0.4343858,50.25565070541773,SUCCESS,0.0.731861,0.0.3951117&0.0.5328590,0.0.4138717@1773085229.472125534
0.0.664329,22.92567704795454,SUCCESS,0.0.731861,0.0.3951117&0.0.6071119&0.0.6126395,0.0.4138717@1773085230.566518075
0.0.10296090,17.32359184249603,SUCCESS,0.0.731861,0.0.3951117&0.0.3964827,0.0.4138717@1773085232.926632605
0.0.10284472,61.73030475849201,SUCCESS,0.0.731861,0.0.3951117&0.0.3964804,0.0.4138717@1773085228.654670983
0.0.9299646,13.39108306861649,SUCCESS,0.0.731861,0.0.3951117,0.0.4138717@1773085231.545539682
0.0.8373509,376.5225397173862,SUCCESS,0.0.731861,0.0.3951117&0.0.3961531&0.0.3964790&0.0.3964804&0.0.5328590&0.0.6071119,0.0.4138717@1773085234.336904151
0.0.10043707,0.01227045552309615,SUCCESS,0.0.731861,0.0.3951117,0.0.4138717@1773085234.808130892
0.0.10230141,85.78146783831883,SUCCESS,0.0.731861,0.0.3951117&0.0.5328590,0.0.4138717@1773085233.247534580
0.0.10204776,2.788693874195558,SUCCESS,0.0.731861,0.0.3951117,0.0.4138717@1773085233.095556997
0.0.10031118,6.663914473968473,SUCCESS,0.0.731861,0.0.3951117,0.0.4138717@1773085231.972534155
0.0.10021599,94.04990861795821,SUCCESS,0.0.731861,0.0.3951117&0.0.3964827&0.0.4601632&0.0.5328590,0.0.4138717@1773085236.367562429
0.0.7786995,184.715234446905,SUCCESS,0.0.731861,0.0.3951117,0.0.4138717@1773085233.490731018
0.0.10169145,0.3207673495292189,SUCCESS,0.0.731861,0.0.3951117,0.0.4138717@1773085235.470998923
0.0.9302147,67.17961197035585,SUCCESS,0.0.731861,0.0.3951117&0.0.5328590,0.0.4138717@1773085235.837034639
0.0.735239,0.0002710095676108658,SUCCESS,0.0.731861,0.0.3951117,0.0.4138717@1773085234.930905578
0.0.10076636,28.68418401439899,SUCCESS,0.0.731861,0.0.3951117,0.0.4138717@1773085236.258320447
0.0.1340164,442.8838989316622,SUCCESS,0.0.731861,0.0.3951117&0.0.3964834,0.0.4138717@1773085238.415050818
0.0.1157855,2.360509267941376,SUCCESS,0.0.731861,0.0.3951117,0.0.4138717@1773085237.751524520
0.0.2930231,3.582289491690096,SUCCESS,0.0.731861,0.0.3951117&0.0.3964804,0.0.4138717@1773085237.938750820
0.0.4330219,1.965888842613145,SUCCESS,0.0.731861,0.0.3951117&0.0.3964790,0.0.4138717@1773085241.885035603
0.0.3071320,294.0165060740018,SUCCESS,0.0.731861,0.0.3951117,0.0.4138717@1773085240.345006854
0.0.4758169,5.674122353164799,SUCCESS,0.0.731861,0.0.3951117,0.0.4138717@1773085241.680434202
0.0.4775299,9.52536226055428,SUCCESS,0.0.731861,0.0.3951117,0.0.4138717@1773085243.381583858
0.0.4184733,1033.842073771094,SUCCESS,0.0.731861,0.0.3951117,0.0.4138717@1773085242.223667146
0.0.1412123,3.612419508357352,NOT_ASSOCIATED,0.0.731861,0.0.3951117&0.0.3964804,
0.0.4432149,3.235024794663564,SUCCESS,0.0.731861,0.0.3951117,0.0.4138717@1773085244.481302014
0.0.4732964,1.289562473175644,SUCCESS,0.0.731861,0.0.3951117,0.0.4138717@1773085241.515638829
0.0.3969243,0.3470367909810266,SUCCESS,0.0.731861,0.0.3951117&0.0.4129330,0.0.4138717@1773085241.784421546
0.0.5975196,2.122198599391814,SUCCESS,0.0.731861,0.0.3951117&0.0.4601632,0.0.4138717@1773085245.818610718
0.0.4329852,324.2166354931393,SUCCESS,0.0.731861,0.0.3951117&0.0.3964804&0.0.3964827&0.0.3964855&0.0.4601632&0.0.5328590,0.0.4138717@1773085244.405379689
0.0.3681428,3390.00065066719,SUCCESS,0.0.731861,0.0.3951117&0.0.3964795&0.0.3964800&0.0.3964804&0.0.3964834&0.0.3964837&0.0.3964840,0.0.4138717@1773085244.814229203
0.0.4318411,56.99563323141759,SUCCESS,0.0.731861,0.0.3951117,0.0.4138717@1773085248.196404843
0.0.5976303,4.572388592714743,SUCCESS,0.0.731861,0.0.3951117&0.0.3964804,0.0.4138717@1773085246.122262440
0.0.4558891,41.64596371434606,SUCCESS,0.0.731861,0.0.3951117,0.0.4138717@1773085248.043604279
0.0.2968839,83.6166672076062,SUCCESS,0.0.731861,0.0.3951117&0.0.3964804&0.0.4601632,0.0.4138717@1773085249.893682894
0.0.4968045,29.48163498516003,SUCCESS,0.0.731861,0.0.3951117,0.0.4138717@1773085251.366114323
0.0.4322002,4.532865435161117,SUCCESS,0.0.731861,0.0.3951117,0.0.4138717@1773085250.328470490
0.0.3868695,109.9264546406874,SUCCESS,0.0.731861,0.0.3951117&0.0.5328590,0.0.4138717@1773085249.404904059
0.0.4938729,15.69665255883664,SUCCESS,0.0.731861,0.0.3951117,0.0.4138717@1773085249.459761249
0.0.4817549,13.15371798628543,SUCCESS,0.0.731861,0.0.3951117&0.0.3964804,0.0.4138717@1773085253.601551586
0.0.4340758,6.568141238450211,SUCCESS,0.0.731861,0.0.3951117&0.0.3964804,0.0.4138717@1773085254.005097578
0.0.4695027,3.768398159746766,SUCCESS,0.0.731861,0.0.3951117,0.0.4138717@1773085254.034979553
0.0.525256,109.4833652990016,SUCCESS,0.0.731861,0.0.3951117,0.0.4138717@1773085255.031703207
0.0.4709377,132.7451024049871,SUCCESS,0.0.731861,0.0.3951117,0.0.4138717@1773085256.078556642
0.0.5716339,0.01553937698238284,SUCCESS,0.0.731861,0.0.3951117,0.0.4138717@1773085253.363033932
0.0.1322785,275.6015622592778,SUCCESS,0.0.731861,0.0.3951117,0.0.4138717@1773085253.655354844
0.0.4354394,162.257504240427,SUCCESS,0.0.731861,0.0.3951117&0.0.3964790,0.0.4138717@1773085256.641015029
0.0.3829916,261.6922525132716,SUCCESS,0.0.731861,0.0.3951117,0.0.4138717@1773085253.900971795
0.0.662296,515.0860498337452,SUCCESS,0.0.731861,0.0.3951117,0.0.4138717@1773085257.181587837
0.0.853268,483.5310733354771,SUCCESS,0.0.731861,0.0.3951117,0.0.4138717@1773085259.675664612
0.0.7138336,0.160171244849531,SUCCESS,0.0.731861,0.0.3951117&0.0.3961531,0.0.4138717@1773085256.104673747
0.0.973828,116.247884798866,SUCCESS,0.0.731861,0.0.3951117,0.0.4138717@1773085259.450989814
0.0.7843482,10.78674483954783,SUCCESS,0.0.731861,0.0.3951117&0.0.3964804,0.0.4138717@1773085260.258105289
0.0.7798148,26.96225729950672,SUCCESS,0.0.731861,0.0.3951117,0.0.4138717@1773085258.351474846
0.0.4559340,1.141367064953169,SUCCESS,0.0.731861,0.0.3951117,0.0.4138717@1773085259.676183257
0.0.1506598,13.31300125589346,SUCCESS,0.0.731861,0.0.3951117,0.0.4138717@1773085258.003183967
0.0.1023917,52.33362286515703,SUCCESS,0.0.731861,0.0.3951117&0.0.3964804&0.0.3964855&0.0.4601632&0.0.6071119,0.0.4138717@1773085258.270724338
0.0.1490591,137.1169925851043,SUCCESS,0.0.731861,0.0.3951117&0.0.3964790&0.0.3964804,0.0.4138717@1773085258.890943768
0.0.1110477,95.7407264982696,SUCCESS,0.0.731861,0.0.3951117,0.0.4138717@1773085260.498089244
0.0.4766933,174.8731527785873,SUCCESS,0.0.731861,0.0.3951117,0.0.4138717@1773085262.795695061
0.0.4551977,0.9419888571712538,SUCCESS,0.0.731861,0.0.3951117,0.0.4138717@1773085260.929106497
0.0.1726157,40.30834355208786,SUCCESS,0.0.731861,0.0.3951117&0.0.3964804,0.0.4138717@1773085263.641088830
0.0.4229805,5.451570903999635,SUCCESS,0.0.731861,0.0.3951117,0.0.4138717@1773085261.849893276
0.0.5078033,19.71509713573942,SUCCESS,0.0.731861,0.0.3951117&0.0.4601632,0.0.4138717@1773085262.884118515
0.0.7479340,9.364969311019156,SUCCESS,0.0.731861,0.0.3951117&0.0.3964804,0.0.4138717@1773085263.537232580
0.0.1340928,678.7550341274169,SUCCESS,0.0.731861,0.0.3951117&0.0.3964837,0.0.4138717@1773085265.754088422
0.0.1711779,0.200116877347395,SUCCESS,0.0.731861,0.0.3951117,0.0.4138717@1773085265.445333939
0.0.7262531,0.1944571279355874,SUCCESS,0.0.731861,0.0.3951117&0.0.3964804,0.0.4138717@1773085264.960688448
0.0.6781119,1182.479041933322,SUCCESS,0.0.731861,0.0.3951117&0.0.3964795&0.0.3964800&0.0.3964804&0.0.3964808&0.0.3964809&0.0.3964821&0.0.3964827&0.0.3964834&0.0.3964860&0.0.3964840&0.0.5328590&0.0.6071119&0.0.8315114&0.0.10018365,0.0.4138717@1773085265.611122647
0.0.6026305,2.062682608854151,SUCCESS,0.0.731861,0.0.3951117,0.0.4138717@1773085267.418387718
0.0.4345324,1.180248980146733,SUCCESS,0.0.731861,0.0.3951117,0.0.4138717@1773085269.601818575
0.0.874760,402.3203855592139,SUCCESS,0.0.731861,0.0.3951117&0.0.3964804&0.0.6078459,0.0.4138717@1773085268.816209829
0.0.6289117,95.68616557047382,SUCCESS,0.0.731861,0.0.3951117&0.0.3964804&0.0.4601632&0.0.6071041,0.0.4138717@1773085266.358130125
0.0.6313910,1172.930996526617,SUCCESS,0.0.731861,0.0.3951117&0.0.3964804,0.0.4138717@1773085270.344417589
0.0.6244791,11.41568697748396,SUCCESS,0.0.731861,0.0.3951117,0.0.4138717@1773085268.465783274
0.0.850535,335.9398595601689,SUCCESS,0.0.731861,0.0.3951117&0.0.3964834&0.0.4129330&0.0.4601632&0.0.5328590,0.0.4138717@1773085268.510109876
0.0.5797983,1.395974316461979,SUCCESS,0.0.731861,0.0.3951117&0.0.3961531&0.0.3964804,0.0.4138717@1773085272.255687226
0.0.3242760,225.2585272382684,SUCCESS,0.0.731861,0.0.3951117&0.0.3961531&0.0.3964804,0.0.4138717@1773085271.769868624
0.0.4923080,1.51028370112864,SUCCESS,0.0.731861,0.0.3951117,0.0.4138717@1773085269.802086849
0.0.925802,19.3427140189088,SUCCESS,0.0.731861,0.0.3951117,0.0.4138717@1773085268.472755100
0.0.4350041,2.315836895031761,SUCCESS,0.0.731861,0.0.3951117,0.0.4138717@1773085269.206187767
0.0.1075892,13.32538292313166,SUCCESS,0.0.731861,0.0.3951117,0.0.4138717@1773085272.529308415
0.0.508876,23.71044419970041,SUCCESS,0.0.731861,0.0.3951117,0.0.4138717@1773085270.734531195
0.0.4346579,0.02247739783614869,SUCCESS,0.0.731861,0.0.3951117,0.0.4138717@1773085273.055250243
0.0.1414140,9096.882534195009,SUCCESS,0.0.731861,0.0.3951117,0.0.4138717@1773085273.802451059
0.0.1453803,92.80980388964448,SUCCESS,0.0.731861,0.0.3951117&0.0.4601632&0.0.5328590&0.0.6071119,0.0.4138717@1773085274.718229859
0.0.4333286,4.472166055380092,SUCCESS,0.0.731861,0.0.3951117&0.0.3964827&0.0.3964860,0.0.4138717@1773085276.653219774
0.0.854331,0.3343451490563553,SUCCESS,0.0.731861,0.0.3951117,0.0.4138717@1773085272.191846690
0.0.4329215,0.6196236885117652,SUCCESS,0.0.731861,0.0.3951117&0.0.3961531&0.0.3964804,0.0.4138717@1773085273.513648942
0.0.639876,0.5023912149693118,SUCCESS,0.0.731861,0.0.3951117,0.0.4138717@1773085276.284643296
0.0.4205604,8.683765319457917,SUCCESS,0.0.731861,0.0.3951117,0.0.4138717@1773085273.917510111
0.0.1261552,3.617090684830041,SUCCESS,0.0.731861,0.0.3951117&0.0.3961531&0.0.3964790&0.0.3964804&0.0.3964860&0.0.4129330&0.0.6071119,0.0.4138717@1773085277.707792369
0.0.2174139,1.973843763378826,SUCCESS,0.0.731861,0.0.3951117,0.0.4138717@1773085275.283605294
0.0.1412849,0.00005212366398081633,SUCCESS,0.0.731861,0.0.3951117,0.0.4138717@1773085277.000361151
0.0.819461,1.249619745597876,SUCCESS,0.0.731861,0.0.3951117,0.0.4138717@1773085277.239366012
0.0.1910285,1.495543081996731,SUCCESS,0.0.731861,0.0.3951117,0.0.4138717@1773085277.365966528
0.0.837404,1962.327613519614,SUCCESS,0.0.731861,0.0.3951117&0.0.3964790&0.0.3964837&0.0.5328590&0.0.6071119,0.0.4138717@1773085278.847919277
0.0.2116956,3.83318971854491,SUCCESS,0.0.731861,0.0.3951117&0.0.3961531&0.0.3964855,0.0.4138717@1773085277.297744536
0.0.3947779,1739.280077478689,SUCCESS,0.0.731861,0.0.3951117,0.0.4138717@1773085277.662538826
0.0.832624,9.881097216474103,SUCCESS,0.0.731861,0.0.3951117&0.0.3961531&0.0.3964804&0.0.5328590&0.0.6071119,0.0.4138717@1773085279.637821041
0.0.1288450,7.798231805407417,SUCCESS,0.0.731861,0.0.3951117&0.0.3964790&0.0.5328590,0.0.4138717@1773085280.138164366
0.0.1724832,1.443641909184072,SUCCESS,0.0.731861,0.0.3951117,0.0.4138717@1773085277.702756886
0.0.2030667,108.5944139193747,SUCCESS,0.0.731861,0.0.3951117,0.0.4138717@1773085277.561383412
0.0.3845966,6.144490140062469,SUCCESS,0.0.731861,0.0.3951117&0.0.3961531&0.0.3964790&0.0.3964804&0.0.3964827&0.0.6078459,0.0.4138717@1773085279.875048113
0.0.3241044,193.2949362094311,SUCCESS,0.0.731861,0.0.3951117&0.0.3964834&0.0.3964840,0.0.4138717@1773085280.905720132
0.0.1290358,5097.158289889582,SUCCESS,0.0.731861,0.0.3951117&0.0.3964834,0.0.4138717@1773085281.107721612
0.0.860438,9.22574683939042,SUCCESS,0.0.731861,0.0.3951117&0.0.3964804&0.0.6071119,0.0.4138717@1773085282.386380031
0.0.836838,18465.38596822001,SUCCESS,0.0.731861,0.0.3951117,0.0.4138717@1773085284.902789071
0.0.834820,112.2853998997985,SUCCESS,0.0.731861,0.0.3951117&0.0.3964804,0.0.4138717@1773085282.542188860
0.0.2773436,757.0393494979222,SUCCESS,0.0.731861,0.0.3951117&0.0.3964804&0.0.5328590,0.0.4138717@1773085283.420478038
0.0.4324463,1.315275487256465,SUCCESS,0.0.731861,0.0.3951117&0.0.3964790,0.0.4138717@1773085284.481326099
0.0.5117832,635.9925178198416,SUCCESS,0.0.731861,0.0.3951117&0.0.3964804,0.0.4138717@1773085286.597427185
0.0.5281334,2.013629583141729,SUCCESS,0.0.731861,0.0.3951117,0.0.4138717@1773085286.528243134
0.0.4986167,2.017125519563102,SUCCESS,0.0.731861,0.0.3951117,0.0.4138717@1773085285.745663954
0.0.4335807,419.5844180605166,SUCCESS,0.0.731861,0.0.3951117&0.0.3961531&0.0.3964790&0.0.3964827&0.0.3964855&0.0.4129330&0.0.4601632&0.0.5328590,0.0.4138717@1773085286.757074110
0.0.4323088,89.10390383133188,SUCCESS,0.0.731861,0.0.3951117&0.0.3964804&0.0.3964855,0.0.4138717@1773085285.997176020
0.0.4590627,10.04074689736536,SUCCESS,0.0.731861,0.0.3951117,0.0.4138717@1773085286.333630903
0.0.5202236,6.273848223808839,SUCCESS,0.0.731861,0.0.3951117,0.0.4138717@1773085287.536117967
0.0.841339,46.84300857038045,SUCCESS,0.0.731861,0.0.3951117&0.0.3964834,0.0.4138717@1773085286.196726086
0.0.5118190,11.08411996055144,SUCCESS,0.0.731861,0.0.3951117&0.0.3964795&0.0.3964804&0.0.3964808&0.0.3964827&0.0.3964860,0.0.4138717@1773085289.318742200
0.0.1266990,0.8539545906967426,SUCCESS,0.0.731861,0.0.3951117,0.0.4138717@1773085288.644796252
0.0.1758196,2.364687496272607,SUCCESS,0.0.731861,0.0.3951117,0.0.4138717@1773085289.382813598
0.0.4606843,0.7259120079497916,SUCCESS,0.0.731861,0.0.3951117&0.0.3964827&0.0.4129330&0.0.4601632&0.0.6078459,0.0.4138717@1773085289.140239901
0.0.4582751,2.026119137759312,SUCCESS,0.0.731861,0.0.3951117,0.0.4138717@1773085289.943135004
0.0.4321631,421.2771764913944,SUCCESS,0.0.731861,0.0.3951117&0.0.3964795&0.0.3964800&0.0.3964804&0.0.3964808&0.0.4601632&0.0.5328590,0.0.4138717@1773085293.481591022
0.0.4324445,9.506847007909315,SUCCESS,0.0.731861,0.0.3951117&0.0.3964804&0.0.3964809&0.0.3964855,0.0.4138717@1773085292.151888415
0.0.795933,19.93667753606483,SUCCESS,0.0.731861,0.0.3951117,0.0.4138717@1773085292.980717159
0.0.1506629,1.236745056744512,SUCCESS,0.0.731861,0.0.3951117,0.0.4138717@1773085293.306059287
0.0.4348824,0.2150754569411269,SUCCESS,0.0.731861,0.0.3951117,0.0.4138717@1773085290.784516167
0.0.104926,0.04821767245906054,SUCCESS,0.0.731861,0.0.3951117,0.0.4138717@1773085291.623843199
0.0.4370057,0.8172737398875956,SUCCESS,0.0.731861,0.0.3951117,0.0.4138717@1773085292.787669706
0.0.4322065,12.45702362770516,SUCCESS,0.0.731861,0.0.3951117,0.0.4138717@1773085295.582388621
0.0.1338331,5.122727396377988,SUCCESS,0.0.731861,0.0.3951117,0.0.4138717@1773085295.573374314
0.0.4349304,2.84581473563876,SUCCESS,0.0.731861,0.0.3951117&0.0.3964790&0.0.5328590,0.0.4138717@1773085294.496880194
0.0.1735540,11.93421402999154,SUCCESS,0.0.731861,0.0.3951117&0.0.5328590,0.0.4138717@1773085297.310827722
0.0.4338219,22.23876055914586,SUCCESS,0.0.731861,0.0.3951117,0.0.4138717@1773085293.679297539
0.0.7129552,182.5977646065722,SUCCESS,0.0.731861,0.0.3951117&0.0.3964827&0.0.6071119,0.0.4138717@1773085295.743765789
0.0.696790,29.87039246832116,SUCCESS,0.0.731861,0.0.3951117&0.0.3964804,0.0.4138717@1773085294.618873727
0.0.1872630,14701.50202218159,SUCCESS,0.0.731861,0.0.3951117&0.0.3964804&0.0.3964860&0.0.4601632,0.0.4138717@1773085295.945490843
0.0.1462225,2824.315685265126,SUCCESS,0.0.731861,0.0.3951117,0.0.4138717@1773085299.535044284
0.0.1904506,0.002064058607500994,SUCCESS,0.0.731861,0.0.3951117,0.0.4138717@1773085300.419410468
0.0.1458130,0.1426164835809248,SUCCESS,0.0.731861,0.0.3951117,0.0.4138717@1773085298.504913731
0.0.5702270,469.6030217416704,SUCCESS,0.0.731861,0.0.3951117&0.0.4601632&0.0.5328590&0.0.6071119,0.0.4138717@1773085300.543763315
0.0.5156210,0.03637168301674852,SUCCESS,0.0.731861,0.0.3951117&0.0.3964804,0.0.4138717@1773085299.584530175
0.0.5028724,0.01937303523163505,SUCCESS,0.0.731861,0.0.3951117,0.0.4138717@1773085303.096592415
0.0.1281501,212.0949442732534,SUCCESS,0.0.731861,0.0.3951117&0.0.5328590,0.0.4138717@1773085299.062688702
0.0.4383878,0.6071697468085945,SUCCESS,0.0.731861,0.0.3951117&0.0.6078459,0.0.4138717@1773085302.518323210
0.0.4430933,180.878454356617,SUCCESS,0.0.731861,0.0.3951117&0.0.3964827,0.0.4138717@1773085299.697061332
0.0.834443,396.7352434220832,SUCCESS,0.0.731861,0.0.3951117,0.0.4138717@1773085300.507510062
0.0.4858736,0.1471201403577861,SUCCESS,0.0.731861,0.0.3951117,0.0.4138717@1773085302.616621750
0.0.4792831,0.01120739045545804,SUCCESS,0.0.731861,0.0.3951117,0.0.4138717@1773085302.992656235
0.0.1380352,5.13946550614118,SUCCESS,0.0.731861,0.0.3951117,0.0.4138717@1773085304.465622368
0.0.4745055,0.02123807448342954,SUCCESS,0.0.731861,0.0.3951117,0.0.4138717@1773085305.725968108
0.0.1339713,0.8495111755276634,SUCCESS,0.0.731861,0.0.3951117&0.0.5328590,0.0.4138717@1773085306.383317142
0.0.1784251,8.57133498576951,SUCCESS,0.0.731861,0.0.3951117&0.0.3964804&0.0.3964837&0.0.4601632&0.0.5328590,0.0.4138717@1773085304.141553943
0.0.4339712,1.161046302044692,SUCCESS,0.0.731861,0.0.3951117,0.0.4138717@1773085306.033837752
0.0.1512938,0.002447177249875985,SUCCESS,0.0.731861,0.0.3951117,0.0.4138717@1773085304.339758047
0.0.4331665,4.057550467047211,SUCCESS,0.0.731861,0.0.3951117,0.0.4138717@1773085306.897075357
0.0.1052080,271.2043973149936,SUCCESS,0.0.731861,0.0.3951117&0.0.3964804,0.0.4138717@1773085306.253812978
0.0.4433722,0.2324019766325194,SUCCESS,0.0.731861,0.0.3951117,0.0.4138717@1773085306.495237311
0.0.3925109,0.0001505533210471752,SUCCESS,0.0.731861,0.0.3951117,0.0.4138717@1773085307.081792636
0.0.4591423,2.665337881065784,SUCCESS,0.0.731861,0.0.3951117&0.0.3964855&0.0.4601632,0.0.4138717@1773085308.949312616
0.0.3872466,0.4119078759231637,SUCCESS,0.0.731861,0.0.3951117,0.0.4138717@1773085312.187633362
0.0.1508462,110.9030594472805,SUCCESS,0.0.731861,0.0.3951117,0.0.4138717@1773085310.964401452
0.0.4575306,0.0145520277419832,SUCCESS,0.0.731861,0.0.3951117,0.0.4138717@1773085312.639354092
0.0.516971,7.53191859085694e-7,SUCCESS,0.0.731861,0.0.3951117&0.0.3964837&0.0.4129330,0.0.4138717@1773085309.109267950
0.0.490092,0.436515848093695,SUCCESS,0.0.731861,0.0.3951117,0.0.4138717@1773085308.256718478
0.0.8260017,0.6615947192229588,SUCCESS,0.0.731861,0.0.3951117&0.0.3964804,0.0.4138717@1773085314.075189649
0.0.4555391,5.194937907518358,SUCCESS,0.0.731861,0.0.3951117,0.0.4138717@1773085313.313553463
0.0.850481,260.9622074546785,SUCCESS,0.0.731861,0.0.3951117,0.0.4138717@1773085312.928992200
0.0.1515633,10.36011757897702,SUCCESS,0.0.731861,0.0.3951117,0.0.4138717@1773085312.595919052
0.0.9273872,0.04468310045773461,SUCCESS,0.0.731861,0.0.3951117,0.0.4138717@1773085312.905557805
0.0.1120575,3096.363785095178,SUCCESS,0.0.731861,0.0.3951117&0.0.3964804&0.0.3964837,0.0.4138717@1773085313.535890924
0.0.7810768,4.112789445117378,SUCCESS,0.0.731861,0.0.3951117&0.0.3964827,0.0.4138717@1773085314.481080518
0.0.1368197,33.81340018517984,SUCCESS,0.0.731861,0.0.3951117&0.0.3964804&0.0.6071119,0.0.4138717@1773085313.769397038
0.0.9125858,371367.8086944469,SUCCESS,0.0.731861,0.0.3951117&0.0.3961531&0.0.3964804&0.0.6071041&0.0.6071119&0.0.6126395&0.0.8315114&0.0.9774523&0.0.10018365&0.0.10092996&0.0.10093026,0.0.4138717@1773085315.240094665
0.0.1707146,3.476612526889587,SUCCESS,0.0.731861,0.0.3951117,0.0.4138717@1773085315.729269740
0.0.9112426,5.340915980430995,SUCCESS,0.0.731861,0.0.3951117&0.0.3964795&0.0.3964804&0.0.3964860,0.0.4138717@1773085316.903521647
0.0.8684349,2056.912878091303,SUCCESS,0.0.731861,0.0.3951117&0.0.3964800&0.0.3964837,0.0.4138717@1773085318.730048738
0.0.8490555,5.526236455920694,SUCCESS,0.0.731861,0.0.3951117,0.0.4138717@1773085318.020683060
0.0.5352069,2.324543469471696,SUCCESS,0.0.731861,0.0.3951117&0.0.6071119,0.0.4138717@1773085318.919760949
0.0.8382774,0.7521338936155851,SUCCESS,0.0.731861,0.0.3951117&0.0.3964804&0.0.6071119,0.0.4138717@1773085318.375630072
0.0.2137668,119.6753063972175,SUCCESS,0.0.731861,0.0.3951117&0.0.3964804,0.0.4138717@1773085320.808537009
0.0.7835270,55.93791062943797,SUCCESS,0.0.731861,0.0.3951117,0.0.4138717@1773085320.363179713
0.0.8212757,6.552289582931821,SUCCESS,0.0.731861,0.0.3951117,0.0.4138717@1773085320.386135785
0.0.819005,35.78209447698665,SUCCESS,0.0.731861,0.0.3951117&0.0.5328590,0.0.4138717@1773085322.146063828
0.0.8071373,3.977448819961997,SUCCESS,0.0.731861,0.0.3951117,0.0.4138717@1773085320.762536977
0.0.8068996,0.9329467544602043,SUCCESS,0.0.731861,0.0.3951117&0.0.3964790&0.0.3964804&0.0.3964827&0.0.5328590,0.0.4138717@1773085322.046300592
0.0.5688804,9.400105480900555,SUCCESS,0.0.731861,0.0.3951117&0.0.3964827,0.0.4138717@1773085322.879229431
0.0.3706536,0.03014043893576889,SUCCESS,0.0.731861,0.0.3951117,0.0.4138717@1773085322.359007845
0.0.7989790,0.1088336231326277,SUCCESS,0.0.731861,0.0.3951117,0.0.4138717@1773085324.827874849
0.0.834595,34.44804414803681,SUCCESS,0.0.731861,0.0.3951117&0.0.3964804&0.0.5328590,0.0.4138717@1773085325.524035316
0.0.1123889,6.221130718581913,SUCCESS,0.0.731861,0.0.3951117&0.0.3964804,0.0.4138717@1773085323.510422262
0.0.5060163,1.19015004061626,SUCCESS,0.0.731861,0.0.3951117,0.0.4138717@1773085325.066279428
0.0.7490874,5.065217518742351,SUCCESS,0.0.731861,0.0.3951117&0.0.3964804,0.0.4138717@1773085323.392990436
0.0.6270084,293.6632246435071,SUCCESS,0.0.731861,0.0.3951117&0.0.3964804,0.0.4138717@1773085325.709930994
0.0.5126364,55.03780022827249,SUCCESS,0.0.731861,0.0.3951117,0.0.4138717@1773085324.224301253
0.0.3223568,841.7346133262859,SUCCESS,0.0.731861,0.0.3951117&0.0.6071119,0.0.4138717@1773085328.550520987
0.0.1379217,35.81600072085482,NOT_ASSOCIATED,0.0.731861,0.0.3951117,
0.0.7526203,11.44704851029208,SUCCESS,0.0.731861,0.0.3951117&0.0.3964804,0.0.4138717@1773085329.386887619
0.0.9150357,38.71647445442167,NOT_ASSOCIATED,0.0.731861,0.0.3951117,
0.0.7788937,0.198726369155951,SUCCESS,0.0.731861,0.0.3951117&0.0.10018365,0.0.4138717@1773085326.323085310
0.0.9104463,64.70560816468105,SUCCESS,0.0.731861,0.0.3951117&0.0.3964804&0.0.6071119,0.0.4138717@1773085328.250179225
0.0.4531253,13.23700066520305,SUCCESS,0.0.731861,0.0.3951117&0.0.3961531&0.0.3964804&0.0.3964855&0.0.4129330&0.0.8315114,0.0.4138717@1773085326.630638343
0.0.8673695,6.816521202469861,SUCCESS,0.0.731861,0.0.3951117&0.0.3961531&0.0.3964795&0.0.3964800&0.0.3964804&0.0.3964808&0.0.3964809&0.0.3964834&0.0.3964837&0.0.3964860&0.0.3964840&0.0.5328590&0.0.6078459,0.0.4138717@1773085330.027169404
0.0.2122027,34.321358084076,SUCCESS,0.0.731861,0.0.3951117&0.0.3961531&0.0.3964804,0.0.4138717@1773085328.330903779
0.0.8531519,26.19427832837834,SUCCESS,0.0.731861,0.0.3951117,0.0.4138717@1773085326.873927956
0.0.4339505,1026.820621267273,SUCCESS,0.0.731861,0.0.3951117&0.0.3964804&0.0.5328590,0.0.4138717@1773085330.816423220
0.0.2960169,6.296082820708969,SUCCESS,0.0.731861,0.0.3951117,0.0.4138717@1773085330.848568217
0.0.8616856,424.3015815119863,SUCCESS,0.0.731861,0.0.3951117&0.0.3961531&0.0.3964804&0.0.6071119,0.0.4138717@1773085329.242630747
0.0.1691323,871.249378545956,SUCCESS,0.0.731861,0.0.3951117&0.0.3964809,0.0.4138717@1773085332.517268636
0.0.4342759,186.4441079558512,SUCCESS,0.0.731861,0.0.3951117,0.0.4138717@1773085334.934290374
0.0.4912200,681.8482119140477,SUCCESS,0.0.731861,0.0.3951117,0.0.4138717@1773085334.624126827
0.0.8190429,9.774429938335718,SUCCESS,0.0.731861,0.0.3951117,0.0.4138717@1773085335.369250015
0.0.1123753,22.61922517649232,SUCCESS,0.0.731861,0.0.3951117&0.0.3964804&0.0.4129330,0.0.4138717@1773085331.562624577
0.0.6258771,28.70931907770447,SUCCESS,0.0.731861,0.0.3951117,0.0.4138717@1773085334.080739612
0.0.7889838,35.01676050315268,SUCCESS,0.0.731861,0.0.3951117,0.0.4138717@1773085332.025599732
0.0.8068689,235.9686733727411,SUCCESS,0.0.731861,0.0.3951117&0.0.3964804&0.0.3964827,0.0.4138717@1773085332.804349076
0.0.1991961,247.4569723792317,SUCCESS,0.0.731861,0.0.3951117&0.0.3964790&0.0.3964808&0.0.3964827&0.0.4601632&0.0.6071041,0.0.4138717@1773085334.326907909
0.0.856667,63.93271789816279,SUCCESS,0.0.731861,0.0.3951117&0.0.3964804,0.0.4138717@1773085337.820657761
0.0.2125030,5571.10486283275,SUCCESS,0.0.731861,0.0.3951117&0.0.3961531&0.0.3964795&0.0.3964800&0.0.3964808&0.0.3964809&0.0.3964834&0.0.3964837&0.0.3964840,0.0.4138717@1773085338.284978091
0.0.1601282,0.7555628968393693,SUCCESS,0.0.731861,0.0.3951117,0.0.4138717@1773085336.829063012
0.0.7991960,21.07743938782567,SUCCESS,0.0.731861,0.0.3951117&0.0.3964804,0.0.4138717@1773085335.612662251
0.0.4302086,1.21687305097494,SUCCESS,0.0.731861,0.0.3951117,0.0.4138717@1773085339.999881430
0.0.598828,0.2232286909778716,SUCCESS,0.0.731861,0.0.3951117&0.0.3964804,0.0.4138717@1773085338.026871601
0.0.4864609,1.021316471662672,SUCCESS,0.0.731861,0.0.3951117,0.0.4138717@1773085340.629133652
0.0.1877739,1.958982681192741,SUCCESS,0.0.731861,0.0.3951117&0.0.3964827&0.0.4601632,0.0.4138717@1773085340.610100864
0.0.4347838,24.31416844875155,SUCCESS,0.0.731861,0.0.3951117,0.0.4138717@1773085338.536763076
0.0.4503599,13.4306038006624,SUCCESS,0.0.731861,0.0.3951117,0.0.4138717@1773085338.281652541
0.0.1896081,4.159896745846435,SUCCESS,0.0.731861,0.0.3951117&0.0.3964804,0.0.4138717@1773085339.483684691
0.0.3310398,1.558699989236849,SUCCESS,0.0.731861,0.0.3951117&0.0.3964804,0.0.4138717@1773085339.479447249
0.0.4569835,0.0223722307555658,SUCCESS,0.0.731861,0.0.3951117,0.0.4138717@1773085343.216921566
0.0.7920605,35.71194828506577,SUCCESS,0.0.731861,0.0.3951117&0.0.3961531&0.0.3964790&0.0.5328590,0.0.4138717@1773085341.723307389
0.0.139500,186.0353784719585,SUCCESS,0.0.731861,0.0.3951117&0.0.3964790&0.0.3964860,0.0.4138717@1773085341.752879760
0.0.5244199,28.10188600102101,SUCCESS,0.0.731861,0.0.3951117&0.0.3964790&0.0.3964804&0.0.3964827,0.0.4138717@1773085344.227748103
0.0.10088944,3.338237489188926,SUCCESS,0.0.731861,0.0.3951117&0.0.3964804,0.0.4138717@1773085342.587393614
0.0.6374996,132.1802268387843,SUCCESS,0.0.731861,0.0.3951117&0.0.3964827&0.0.5328590,0.0.4138717@1773085344.460783126
0.0.10064213,6.718497856207801,SUCCESS,0.0.731861,0.0.3951117&0.0.3964804,0.0.4138717@1773085346.364402115
0.0.4349716,50.189562915805,SUCCESS,0.0.731861,0.0.3951117&0.0.3964790&0.0.3964804&0.0.3964827&0.0.5328590&0.0.6078473,0.0.4138717@1773085346.979865028
0.0.8341357,2.039302308627955,SUCCESS,0.0.731861,0.0.3951117&0.0.3964804,0.0.4138717@1773085344.433113167
0.0.835242,0.09309888288709668,SUCCESS,0.0.731861,0.0.3951117,0.0.4138717@1773085347.464496944
0.0.4570908,423.0109881293278,SUCCESS,0.0.731861,0.0.3951117&0.0.5328590,0.0.4138717@1773085347.893962829
0.0.52231,39.28641662774682,SUCCESS,0.0.731861,0.0.3951117,0.0.4138717@1773085346.447601423
0.0.7680254,18.81667918624687,SUCCESS,0.0.731861,0.0.3951117&0.0.3961531&0.0.3964804,0.0.4138717@1773085350.038734738
0.0.9597272,9.159095665007452,SUCCESS,0.0.731861,0.0.3951117,0.0.4138717@1773085348.972915953
0.0.9619890,22.5843971172341,SUCCESS,0.0.731861,0.0.3951117&0.0.3964804&0.0.3964808&0.0.3964809&0.0.3964834&0.0.3964840&0.0.6071119&0.0.8315114,0.0.4138717@1773085352.349450780
0.0.2994397,13.20253117787015,SUCCESS,0.0.731861,0.0.3951117,0.0.4138717@1773085349.323246328
0.0.8899262,24.64377275193237,SUCCESS,0.0.731861,0.0.3951117,0.0.4138717@1773085352.337153853
0.0.9120392,4.231016655146401,SUCCESS,0.0.731861,0.0.3951117&0.0.3964804&0.0.8315114,0.0.4138717@1773085353.200637297
0.0.9195929,383.0098666591707,SUCCESS,0.0.731861,0.0.3951117&0.0.3964804&0.0.5328590&0.0.8315114,0.0.4138717@1773085353.066865534
0.0.7891604,78.25514947039109,SUCCESS,0.0.731861,0.0.3951117,0.0.4138717@1773085350.630958232
0.0.9200436,66.94364840428827,SUCCESS,0.0.731861,0.0.3951117&0.0.3961531&0.0.3964808,0.0.4138717@1773085349.478359646
0.0.657648,596.5618641385876,SUCCESS,0.0.731861,0.0.3951117&0.0.3961531&0.0.3964790,0.0.4138717@1773085351.466955842
0.0.6872459,2513.875286596876,SUCCESS,0.0.731861,0.0.3951117,0.0.4138717@1773085353.328107701
0.0.9301583,291.2557071362698,SUCCESS,0.0.731861,0.0.3951117,0.0.4138717@1773085354.913071636
0.0.2183535,156.4677506756387,SUCCESS,0.0.731861,0.0.3951117&0.0.4601632&0.0.5328590&0.0.6071119,0.0.4138717@1773085357.192673544
0.0.4351536,9.999408234520704,SUCCESS,0.0.731861,0.0.3951117,0.0.4138717@1773085357.537373610
0.0.844585,82.1631316196379,SUCCESS,0.0.731861,0.0.3951117&0.0.3964804,0.0.4138717@1773085355.988209485
0.0.9318600,1064.483443402875,SUCCESS,0.0.731861,0.0.3951117,0.0.4138717@1773085355.074191654
0.0.9154738,12.63458478452208,SUCCESS,0.0.731861,0.0.3951117&0.0.3964804&0.0.3964827&0.0.6071119,0.0.4138717@1773085357.406649024
0.0.10095007,1.615754496491589,NOT_ASSOCIATED,0.0.731861,0.0.3961531,
0.0.3161254,145126.1256421485,SUCCESS,0.0.731861,0.0.3961531&0.0.3964804,0.0.4138717@1773085355.035814345
0.0.8355966,45.83354572540362,SUCCESS,0.0.731861,0.0.3961531,0.0.4138717@1773085356.929595698
0.0.1071830,717.997696038676,SUCCESS,0.0.731861,0.0.3961531&0.0.3964795&0.0.3964800&0.0.3964837&0.0.3964855&0.0.3964840,0.0.4138717@1773085358.755521651
0.0.839555,1.975537170935221,SUCCESS,0.0.731861,0.0.3961531,0.0.4138717@1773085356.974123244
0.0.9210701,1.136927856625203,FAIL,0.0.731861,0.0.3961531,
0.0.825672,205.1205975245361,SUCCESS,0.0.731861,0.0.3961531,0.0.4138717@1773085361.165938369
0.0.8183428,0.01312209054293629,SUCCESS,0.0.731861,0.0.3961531,0.0.4138717@1773085361.507156750
0.0.1303938,11.56963757465943,NOT_ASSOCIATED,0.0.731861,0.0.3961531,
0.0.10204459,8.129898794737906,SUCCESS,0.0.731861,0.0.3961531,0.0.4138717@1773085358.619082190
0.0.760653,3.040447040844321,SUCCESS,0.0.731861,0.0.3961531&0.0.3964782&0.0.3964790&0.0.3964804,0.0.4138717@1773085361.553281185
0.0.1910938,0.08353111184353042,SUCCESS,0.0.731861,0.0.3961531,0.0.4138717@1773085361.063357863
0.0.7571792,0.01337554521159777,SUCCESS,0.0.731861,0.0.3961531,0.0.4138717@1773085362.048332473
0.0.7560867,0.008377361905283704,SUCCESS,0.0.731861,0.0.3961531,0.0.4138717@1773085363.789365098
0.0.6435369,6.016003015890541,SUCCESS,0.0.731861,0.0.3961531,0.0.4138717@1773085363.721147756
0.0.6004406,14.55466494431032,SUCCESS,0.0.731861,0.0.3961531&0.0.3964827,0.0.4138717@1773085363.869632079
0.0.4639603,0.004906886736617116,NOT_ASSOCIATED,0.0.731861,0.0.3961531,
0.0.835929,0.00003990474302659285,SUCCESS,0.0.731861,0.0.3961531&0.0.3964790&0.0.3964804&0.0.4129330&0.0.4601632,0.0.4138717@1773085362.090771970
0.0.7910977,43.72014783991031,SUCCESS,0.0.731861,0.0.3961531&0.0.3964804,0.0.4138717@1773085365.485131452
0.0.4707801,0.2506645706399671,NOT_ASSOCIATED,0.0.731861,0.0.3961531,
0.0.10278400,180.751902055879,NOT_ASSOCIATED,0.0.731861,0.0.3961531&0.0.3964840&0.0.5328590,
0.0.10224088,154.4260716930528,NOT_ASSOCIATED,0.0.731861,0.0.3961531,
0.0.1263490,39.85977573561458,SUCCESS,0.0.731861,0.0.3961531&0.0.3964804,0.0.4138717@1773085367.573896487
0.0.9183843,3.292988991005972,NOT_ASSOCIATED,0.0.731861,0.0.3961531,
0.0.4853295,95.22322492574611,SUCCESS,0.0.731861,0.0.3961531&0.0.3964800&0.0.3964804,0.0.4138717@1773085368.046610273
0.0.9353895,0.03358644968579544,SUCCESS,0.0.731861,0.0.3961531,0.0.4138717@1773085368.999944889
0.0.7525727,1840.296705364686,SUCCESS,0.0.731861,0.0.3961531&0.0.3964827&0.0.5328590,0.0.4138717@1773085367.063214396
0.0.10269642,2.987825613670226,SUCCESS,0.0.731861,0.0.3961531,0.0.4138717@1773085368.281936108
0.0.10268439,65.91424198066282,SUCCESS,0.0.731861,0.0.3961531&0.0.3964804,0.0.4138717@1773085368.026437328
0.0.10264118,1.628106299833797,SUCCESS,0.0.731861,0.0.3961531,0.0.4138717@1773085369.153302032
0.0.10223842,2.476237058545772,SUCCESS,0.0.731861,0.0.3961531,0.0.4138717@1773085370.340161413
0.0.10203646,9.597411249162189,SUCCESS,0.0.731861,0.0.3961531,0.0.4138717@1773085369.577941973
0.0.646656,0.7123221658986326,SUCCESS,0.0.731861,0.0.3961531,0.0.4138717@1773085368.088068668
0.0.10124208,0.02397248118527297,SUCCESS,0.0.731861,0.0.3961531,0.0.4138717@1773085369.923601535
0.0.10090227,0.2387602638609892,SUCCESS,0.0.731861,0.0.3961531,0.0.4138717@1773085372.263293803
0.0.1413657,33.38730048505215,SUCCESS,0.0.731861,0.0.3961531&0.0.4601632&0.0.5328590,0.0.4138717@1773085373.068092499
0.0.3687323,0.00002676432574084643,SUCCESS,0.0.731861,0.0.3961531,0.0.4138717@1773085372.094566785
0.0.9405888,0.247049212141165,SUCCESS,0.0.731861,0.0.3961531&0.0.3964804&0.0.5328590,0.0.4138717@1773085371.910819734
0.0.1431202,28.74765461747393,SUCCESS,0.0.731861,0.0.3961531,0.0.4138717@1773085373.588802697
0.0.8378238,1.609886423471832,SUCCESS,0.0.731861,0.0.3961531,0.0.4138717@1773085374.057749504
0.0.1324436,0.003956347270964689,NOT_ASSOCIATED,0.0.731861,0.0.3961531,
0.0.832973,6.560171609873561,SUCCESS,0.0.731861,0.0.3961531,0.0.4138717@1773085373.330033506
0.0.267573,129.174840466916,SUCCESS,0.0.731861,0.0.3961531&0.0.3964837&0.0.3964855&0.0.4601632&0.0.5328590&0.0.6071041&0.0.6126395&0.0.8315114,0.0.4138717@1773085376.248889342
0.0.1501041,1.295067325822295,SUCCESS,0.0.731861,0.0.3961531,0.0.4138717@1773085372.785227130
0.0.4723553,5.93459257128124,SUCCESS,0.0.731861,0.0.3961531,0.0.4138717@1773085372.735142070
0.0.1070346,2386.303917622943,SUCCESS,0.0.731861,0.0.3961531&0.0.3964800&0.0.3964837&0.0.3964840,0.0.4138717@1773085373.463871224
0.0.4361668,3.056723265580563,SUCCESS,0.0.731861,0.0.3961531,0.0.4138717@1773085376.573332284
0.0.6095958,185.4477430748616,NOT_ASSOCIATED,0.0.731861,0.0.3961531&0.0.3964804,
0.0.897444,377.9202450211255,SUCCESS,0.0.731861,0.0.3961531&0.0.3964790,0.0.4138717@1773085374.432953966
0.0.4362462,3.893655820697314,NOT_ASSOCIATED,0.0.731861,0.0.3961531,
0.0.852692,7.905143700823103,SUCCESS,0.0.731861,0.0.3961531,0.0.4138717@1773085375.988156381
0.0.1315254,5.928575652423791,SUCCESS,0.0.731861,0.0.3961531,0.0.4138717@1773085376.618105522
0.0.29723,26.9553228671551,SUCCESS,0.0.731861,0.0.3961531,0.0.4138717@1773085376.946641778
0.0.892088,13.74573449247491,SUCCESS,0.0.731861,0.0.3961531,0.0.4138717@1773085379.877277873
0.0.3870997,0.4048915128310344,SUCCESS,0.0.731861,0.0.3961531,0.0.4138717@1773085376.460835622
0.0.9279414,0.3511090886173205,SUCCESS,0.0.731861,0.0.3961531,0.0.4138717@1773085376.862064525
0.0.8767225,7.040819590512946,SUCCESS,0.0.731861,0.0.3961531&0.0.3964804,0.0.4138717@1773085379.498574114
0.0.877394,0.124743028389999,NOT_ASSOCIATED,0.0.731861,0.0.3961531&0.0.3964804,
0.0.1093567,10.86268420576228,SUCCESS,0.0.731861,0.0.3961531&0.0.3964790,0.0.4138717@1773085379.932324390
0.0.844965,0.1612034401355706,SUCCESS,0.0.731861,0.0.3961531,0.0.4138717@1773085380.630137874
0.0.953848,2.156786958009223,SUCCESS,0.0.731861,0.0.3961531,0.0.4138717@1773085380.437558717
0.0.663264,6.45896184588582,SUCCESS,0.0.731861,0.0.3961531&0.0.3964790,0.0.4138717@1773085383.178264072
0.0.1372179,22.52821837758509,SUCCESS,0.0.731861,0.0.3961531&0.0.3964804,0.0.4138717@1773085382.431498112
0.0.836858,264.3686724449189,SUCCESS,0.0.731861,0.0.3961531,0.0.4138717@1773085383.188039647
0.0.5435669,0.9175713784765616,SUCCESS,0.0.731861,0.0.3961531,0.0.4138717@1773085383.678650053
0.0.935686,3.73654200470714,SUCCESS,0.0.731861,0.0.3961531,0.0.4138717@1773085382.416040376
0.0.6306847,2.49853677594165,SUCCESS,0.0.731861,0.0.3961531&0.0.3964804&0.0.3964827,0.0.4138717@1773085386.434223064
0.0.6143425,0.05012353522642878,SUCCESS,0.0.731861,0.0.3961531,0.0.4138717@1773085385.389304699
0.0.4367595,2.34338563158737,SUCCESS,0.0.731861,0.0.3961531,0.0.4138717@1773085386.537617743
0.0.948513,288.6783569899701,SUCCESS,0.0.731861,0.0.3961531,0.0.4138717@1773085383.346146562
0.0.826988,114.8254487850687,NOT_ASSOCIATED,0.0.731861,0.0.3961531,
0.0.2963242,7.225954266813131,NOT_ASSOCIATED,0.0.731861,0.0.3961531,
0.0.3169776,0.1262278355987393,SUCCESS,0.0.731861,0.0.3961531,0.0.4138717@1773085386.196425454
0.0.793410,809.4764369377444,SUCCESS,0.0.731861,0.0.3961531&0.0.3964827&0.0.5328590&0.0.6071041&0.0.6071119,0.0.4138717@1773085386.409101121
0.0.4715000,2.322454895658255,SUCCESS,0.0.731861,0.0.3961531,0.0.4138717@1773085386.129636696
0.0.863385,400.8099920078095,SUCCESS,0.0.731861,0.0.3961531,0.0.4138717@1773085386.544312858
0.0.1433179,1.567538985308585,SUCCESS,0.0.731861,0.0.3961531,0.0.4138717@1773085385.982176929
0.0.1103540,0.7904745259466717,SUCCESS,0.0.731861,0.0.3961531&0.0.3964827,0.0.4138717@1773085389.230258231
0.0.6480894,13.14528148520423,SUCCESS,0.0.731861,0.0.3961531,0.0.4138717@1773085388.832783813
0.0.842210,13.2310364640585,SUCCESS,0.0.731861,0.0.3961531&0.0.3964804,0.0.4138717@1773085390.777550039
0.0.732888,19.77111570027438,SUCCESS,0.0.731861,0.0.3961531,0.0.4138717@1773085387.872986604
0.0.3000378,3.12172451528368,SUCCESS,0.0.731861,0.0.3961531,0.0.4138717@1773085391.589308467
0.0.1421971,322.4245600390706,SUCCESS,0.0.731861,0.0.3961531&0.0.3964804&0.0.3964808&0.0.5328590,0.0.4138717@1773085391.305035243
0.0.10303974,0.7295217749512086,SUCCESS,0.0.731861,0.0.3961531,0.0.4138717@1773085391.752810543
0.0.1962253,0.05038464600755244,SUCCESS,0.0.731861,0.0.3961531,0.0.4138717@1773085391.237605558
0.0.10291442,1161.215636102049,SUCCESS,0.0.731861,0.0.3961531,0.0.4138717@1773085392.653263206
0.0.862821,11.2041309359892,SUCCESS,0.0.731861,0.0.3961531&0.0.3964790,0.0.4138717@1773085393.748555360
0.0.982207,1954.107502422063,SUCCESS,0.0.731861,0.0.3961531&0.0.3964790,0.0.4138717@1773085392.022122338
0.0.2152309,0.002224509319993111,SUCCESS,0.0.731861,0.0.3964782,0.0.4138717@1773085392.828059817
0.0.1221988,6.225392947045722,SUCCESS,0.0.731861,0.0.3964782,0.0.4138717@1773085394.184606799
0.0.692862,2.739379286886728e-7,SUCCESS,0.0.731861,0.0.3964782,0.0.4138717@1773085395.335697435
0.0.842953,285.0655649271882,SUCCESS,0.0.731861,0.0.3964782,0.0.4138717@1773085392.668510050
0.0.1483886,6721.767709263749,SUCCESS,0.0.731861,0.0.3964782,0.0.4138717@1773085394.442588350
0.0.1416793,2.245800189525083,SUCCESS,0.0.731861,0.0.3964782&0.0.3964790,0.0.4138717@1773085395.871049329
0.0.4713784,5.583124335574084,SUCCESS,0.0.731861,0.0.3964790&0.0.3964827,0.0.4138717@1773085397.149344803
0.0.4759022,0.03296618503298873,SUCCESS,0.0.731861,0.0.3964790,0.0.4138717@1773085393.922746606
0.0.4384266,1.945469084608905,SUCCESS,0.0.731861,0.0.3964790,0.0.4138717@1773085396.916626275
0.0.4205079,0.7806648955164,SUCCESS,0.0.731861,0.0.3964790,0.0.4138717@1773085397.508434151
0.0.6043615,32.73355208407008,SUCCESS,0.0.731861,0.0.3964790&0.0.3964827&0.0.3964855&0.0.3964840&0.0.5328590&0.0.6071041&0.0.8315114,0.0.4138717@1773085398.601815684
0.0.1073086,0.02533432149596008,SUCCESS,0.0.731861,0.0.3964790&0.0.3964860,0.0.4138717@1773085397.363661023
0.0.6047264,0.07180362421156848,SUCCESS,0.0.731861,0.0.3964790,0.0.4138717@1773085399.708793794
0.0.813712,0.4599231367890685,SUCCESS,0.0.731861,0.0.3964790,0.0.4138717@1773085396.811496782
0.0.3854083,0.1587586678104677,SUCCESS,0.0.731861,0.0.3964790,0.0.4138717@1773085397.281245809
0.0.4733020,0.4235878332339504,SUCCESS,0.0.731861,0.0.3964790,0.0.4138717@1773085398.251321626
0.0.795838,1.111168438203263,SUCCESS,0.0.731861,0.0.3964790&0.0.3964804,0.0.4138717@1773085400.253993400
0.0.2117864,11.60465953984631,SUCCESS,0.0.731861,0.0.3964790,0.0.4138717@1773085397.775296691
0.0.8267043,0.2650054637490024,SUCCESS,0.0.731861,0.0.3964790&0.0.5328590,0.0.4138717@1773085400.167229601
0.0.4337852,2.173351417957091,SUCCESS,0.0.731861,0.0.3964790,0.0.4138717@1773085399.330027581
0.0.8447885,1.343744059623685,SUCCESS,0.0.731861,0.0.3964790,0.0.4138717@1773085402.992030978
0.0.1082789,10547.67215080112,SUCCESS,0.0.731861,0.0.3964790&0.0.6071119,0.0.4138717@1773085402.248857712
0.0.817883,0.02505828239515592,SUCCESS,0.0.731861,0.0.3964790,0.0.4138717@1773085403.766343728
0.0.3076299,1.596398847453399,SUCCESS,0.0.731861,0.0.3964790&0.0.3964827,0.0.4138717@1773085401.160592788
0.0.835202,0.0009506560946817724,SUCCESS,0.0.731861,0.0.3964790,0.0.4138717@1773085401.583960787
0.0.920901,0.1073257521641461,SUCCESS,0.0.731861,0.0.3964790,0.0.4138717@1773085401.092320858
0.0.837751,0.004853339497210025,SUCCESS,0.0.731861,0.0.3964790,0.0.4138717@1773085404.807061645
0.0.4157394,0.0002589580402630614,SUCCESS,0.0.731861,0.0.3964790,0.0.4138717@1773085404.464937019
0.0.4328823,0.01981751873832372,SUCCESS,0.0.731861,0.0.3964790,0.0.4138717@1773085407.791589892
0.0.3774696,0.003781408980970294,SUCCESS,0.0.731861,0.0.3964790,0.0.4138717@1773085404.545976098
0.0.4819535,0.01692062475774769,SUCCESS,0.0.731861,0.0.3964790,0.0.4138717@1773085405.998557623
0.0.1093612,1.808264971442273,SUCCESS,0.0.731861,0.0.3964790&0.0.3964804,0.0.4138717@1773085404.873151478
0.0.4367730,1.694641857159805,SUCCESS,0.0.731861,0.0.3964790,0.0.4138717@1773085405.212003830
0.0.9365757,147.5492218618741,SUCCESS,0.0.731861,0.0.3964790&0.0.3964795&0.0.3964800&0.0.3964804&0.0.3964808&0.0.3964840&0.0.5328590,0.0.4138717@1773085405.728754951
0.0.9301501,0.5705394494310768,SUCCESS,0.0.731861,0.0.3964790&0.0.5328590,0.0.4138717@1773085405.629912765
0.0.3167151,3.224765520776425,SUCCESS,0.0.731861,0.0.3964790,0.0.4138717@1773085406.036833403
0.0.9400801,5536.083777479676,SUCCESS,0.0.731861,0.0.3964790&0.0.3964855&0.0.4129330&0.0.4601632&0.0.5328590,0.0.4138717@1773085406.979119358
0.0.859176,1.814405020180273,SUCCESS,0.0.731861,0.0.3964790,0.0.4138717@1773085407.440434233
0.0.10135295,13.18908250032338,SUCCESS,0.0.731861,0.0.3964790&0.0.3964827,0.0.4138717@1773085408.427952529
0.0.7896827,0.1335976288533469,SUCCESS,0.0.731861,0.0.3964790&0.0.6071041,0.0.4138717@1773085413.142132955
0.0.3903731,4.010829136287286e-7,NOT_ASSOCIATED,0.0.731861,0.0.3964790,
0.0.3926190,0.0003810561427393438,SUCCESS,0.0.731861,0.0.3964790,0.0.4138717@1773085413.063352786
0.0.4908409,0.002712175446802371,SUCCESS,0.0.731861,0.0.3964790,0.0.4138717@1773085408.879417669
0.0.8271782,20.76655288964349,SUCCESS,0.0.731861,0.0.3964790&0.0.5328590,0.0.4138717@1773085411.455479076
0.0.5326504,0.01108876441544991,SUCCESS,0.0.731861,0.0.3964790,0.0.4138717@1773085413.981095129
0.0.4574338,0.000156858039712364,SUCCESS,0.0.731861,0.0.3964790,0.0.4138717@1773085410.675006767
0.0.7790024,0.1073127237206743,SUCCESS,0.0.731861,0.0.3964790,0.0.4138717@1773085412.433346495
0.0.9960625,1.004943353538588e-8,SUCCESS,0.0.731861,0.0.3964790,0.0.4138717@1773085411.598019367
0.0.1380166,0.0003896400317766082,SUCCESS,0.0.731861,0.0.3964790,0.0.4138717@1773085410.933872396
0.0.10023501,1.832290832333701e-8,SUCCESS,0.0.731861,0.0.3964790,0.0.4138717@1773085414.915896691
0.0.10030621,0.0000158446671545435,SUCCESS,0.0.731861,0.0.3964790,0.0.4138717@1773085416.514659874
0.0.10060744,0.004306641073470821,SUCCESS,0.0.731861,0.0.3964790,0.0.4138717@1773085415.434147395
0.0.10110159,1.72831337047869e-7,SUCCESS,0.0.731861,0.0.3964790,0.0.4138717@1773085415.949519671
0.0.10164571,15.37235870292462,SUCCESS,0.0.731861,0.0.3964790,0.0.4138717@1773085414.119035717
0.0.9362944,0.01702125467104824,SUCCESS,0.0.731861,0.0.3964790,0.0.4138717@1773085414.529980058
0.0.4330338,0.00002284664458957007,SUCCESS,0.0.731861,0.0.3964790,0.0.4138717@1773085415.743885803
0.0.1504445,3.271826736195929,SUCCESS,0.0.731861,0.0.3964790,0.0.4138717@1773085416.093503003
0.0.3304469,101.7804359435612,SUCCESS,0.0.731861,0.0.3964790&0.0.3964827,0.0.4138717@1773085419.096719191
0.0.5374006,0.0920369437961078,SUCCESS,0.0.731861,0.0.3964790&0.0.4601632,0.0.4138717@1773085419.446479098
0.0.858310,0.2193700362564001,SUCCESS,0.0.731861,0.0.3964790,0.0.4138717@1773085418.382917042
0.0.4540904,8.838810635783432,SUCCESS,0.0.731861,0.0.3964790&0.0.3964804&0.0.3964855,0.0.4138717@1773085420.199567032
0.0.3938365,44.07473720951284,SUCCESS,0.0.731861,0.0.3964790&0.0.3964837,0.0.4138717@1773085421.758056655
0.0.2174952,14.9010497215877,SUCCESS,0.0.731861,0.0.3964790&0.0.3964804&0.0.3964834,0.0.4138717@1773085422.126671041
0.0.4784258,6.887621643124804,SUCCESS,0.0.731861,0.0.3964790&0.0.3964804&0.0.3964855,0.0.4138717@1773085422.769546305
0.0.5976081,13.16842043499092,SUCCESS,0.0.731861,0.0.3964790,0.0.4138717@1773085419.671047942
0.0.8291825,13.18606145767301,SUCCESS,0.0.731861,0.0.3964790&0.0.3964804,0.0.4138717@1773085425.741720493
0.0.4371196,3.065199285620962,SUCCESS,0.0.731861,0.0.3964790,0.0.4138717@1773085422.934674666
0.0.966009,0.4214146236012485,SUCCESS,0.0.731861,0.0.3964790,0.0.4138717@1773085423.323029978
0.0.794506,218.444327532771,SUCCESS,0.0.731861,0.0.3964790&0.0.5328590,0.0.4138717@1773085426.485340218
0.0.7607102,0.145276807397225,SUCCESS,0.0.731861,0.0.3964790&0.0.3964804,0.0.4138717@1773085424.180717575
0.0.6075972,0.7040247079350009,SUCCESS,0.0.731861,0.0.3964790,0.0.4138717@1773085423.511695739
0.0.27463,5.197323551828402,SUCCESS,0.0.731861,0.0.3964790,0.0.4138717@1773085426.738696707
0.0.9689618,6341.121626469163,SUCCESS,0.0.731861,0.0.3964790&0.0.3964804&0.0.4601632&0.0.5328590&0.0.6071911,0.0.4138717@1773085427.026936649
0.0.10300906,1052.476958990292,SUCCESS,0.0.731861,0.0.3964790&0.0.3964827,0.0.4138717@1773085426.390208059
0.0.1703452,135.6289674837765,SUCCESS,0.0.731861,0.0.3964790&0.0.3964804,0.0.4138717@1773085427.884881744
0.0.9715988,0.02023260492786636,SUCCESS,0.0.731861,0.0.3964795,0.0.4138717@1773085426.505784459
0.0.843616,1.224214003964646,SUCCESS,0.0.731861,0.0.3964795,0.0.4138717@1773085431.149978665
0.0.835079,3901.404921851303,SUCCESS,0.0.731861,0.0.3964795&0.0.3964827&0.0.3964840,0.0.4138717@1773085428.167922541
0.0.2101943,1.638776024539503,SUCCESS,0.0.731861,0.0.3964795&0.0.3964804&0.0.3964821,0.0.4138717@1773085432.307550120
0.0.4320148,0.5675314979677769,SUCCESS,0.0.731861,0.0.3964795&0.0.5328590&0.0.10092996&0.0.10093026,0.0.4138717@1773085430.251389325
0.0.4154591,1031.601978531863,SUCCESS,0.0.731861,0.0.3964795&0.0.3964804&0.0.3964837&0.0.4601632&0.0.5328590,0.0.4138717@1773085431.112335041
0.0.1006425,416.1845475186434,SUCCESS,0.0.731861,0.0.3964795&0.0.3964827,0.0.4138717@1773085431.240346055
0.0.851754,0.04983765594869935,NOT_ASSOCIATED,0.0.731861,0.0.3964795,
0.0.837554,1292.428606659858,SUCCESS,0.0.731861,0.0.3964795&0.0.3964804&0.0.3964808&0.0.4601632,0.0.4138717@1773085433.416951272
0.0.883477,12064.58013918582,SUCCESS,0.0.731861,0.0.3964795&0.0.3964800,0.0.4138717@1773085431.950230138
0.0.1512214,8.398937980507716,SUCCESS,0.0.731861,0.0.3964795&0.0.3964800&0.0.3964804&0.0.3964809&0.0.3964840&0.0.4601632&0.0.6071074,0.0.4138717@1773085434.591774131
0.0.1486871,1027.69987643316,SUCCESS,0.0.731861,0.0.3964795&0.0.3964800&0.0.3964804&0.0.3964834&0.0.3964840,0.0.4138717@1773085434.358418438
0.0.2116216,69.26269827652831,SUCCESS,0.0.731861,0.0.3964795&0.0.3964804,0.0.4138717@1773085434.182210741
0.0.10076786,14.31077346230671,SUCCESS,0.0.731861,0.0.3964795,0.0.4138717@1773085432.418388117
0.0.9579116,35.84284724309091,SUCCESS,0.0.731861,0.0.3964795&0.0.3964804,0.0.4138717@1773085434.910907160
0.0.7562274,20.4882153433688,SUCCESS,0.0.731861,0.0.3964795,0.0.4138717@1773085434.630765407
0.0.3100704,3586.347437559118,SUCCESS,0.0.731861,0.0.3964795&0.0.3964804&0.0.4601632&0.0.5328590,0.0.4138717@1773085436.291130010
0.0.4882076,110.1265448611736,SUCCESS,0.0.731861,0.0.3964795&0.0.4601632&0.0.5328590,0.0.4138717@1773085435.006540546
0.0.9823669,41.66459847440543,SUCCESS,0.0.731861,0.0.3964795,0.0.4138717@1773085434.860921997
0.0.1097257,6914.479307975942,SUCCESS,0.0.731861,0.0.3964795&0.0.3964800&0.0.3964808&0.0.3964827&0.0.3964834&0.0.3964837&0.0.3964840&0.0.4601632&0.0.5328590&0.0.6071074,0.0.4138717@1773085437.226581427
0.0.4758211,174.6091503915071,SUCCESS,0.0.731861,0.0.3964795,0.0.4138717@1773085437.691493216
0.0.791357,961.7945093745222,SUCCESS,0.0.731861,0.0.3964800,0.0.4138717@1773085437.727452003
0.0.4423729,358.175957737174,SUCCESS,0.0.731861,0.0.3964800&0.0.3964804&0.0.3964834,0.0.4138717@1773085440.834035710
0.0.2960128,3510.278202047078,SUCCESS,0.0.731861,0.0.3964800&0.0.3964827&0.0.3964837&0.0.5328590,0.0.4138717@1773085439.997343610
0.0.855796,40.35562207768969,SUCCESS,0.0.731861,0.0.3964800,0.0.4138717@1773085438.425824278
0.0.2174015,37.43314609468336,SUCCESS,0.0.731861,0.0.3964800&0.0.3964808&0.0.3964827&0.0.3964837&0.0.3964840&0.0.5328590,0.0.4138717@1773085439.712101771
0.0.731707,339.3536486454556,SUCCESS,0.0.731861,0.0.3964800&0.0.4601632,0.0.4138717@1773085438.618551865
0.0.9364762,0.5884777173529236,SUCCESS,0.0.731861,0.0.3964804&0.0.5328590,0.0.4138717@1773085442.342788428
0.0.7550116,0.8100495180308322,NOT_ASSOCIATED,0.0.731861,0.0.3964804,
0.0.6045318,2.960398417067198,SUCCESS,0.0.731861,0.0.3964804,0.0.4138717@1773085443.035138095
0.0.5719491,0.5382340168620143,SUCCESS,0.0.731861,0.0.3964804,0.0.4138717@1773085443.632186763
0.0.1681033,2.400828348888906,SUCCESS,0.0.731861,0.0.3964804,0.0.4138717@1773085444.854735231
0.0.8551680,235.4228832722603,SUCCESS,0.0.731861,0.0.3964804&0.0.5328590,0.0.4138717@1773085443.668097558
0.0.840324,26.27733733063778,SUCCESS,0.0.731861,0.0.3964804,0.0.4138717@1773085442.839024854
0.0.919311,1222.19966380162,NOT_ASSOCIATED,0.0.731861,0.0.3964804,
0.0.7920736,30.68738482070563,SUCCESS,0.0.731861,0.0.3964804,0.0.4138717@1773085441.311013800
0.0.8057884,31.87991995961485,SUCCESS,0.0.731861,0.0.3964804,0.0.4138717@1773085441.190065103
0.0.8382708,0.114299738882547,SUCCESS,0.0.731861,0.0.3964804,0.0.4138717@1773085443.583096251
0.0.2185671,0.7095760851571711,SUCCESS,0.0.731861,0.0.3964804,0.0.4138717@1773085442.970424890
0.0.4838474,41.53335227798879,SUCCESS,0.0.731861,0.0.3964804&0.0.5328590,0.0.4138717@1773085443.936844442
0.0.4319619,1.301132218837179,SUCCESS,0.0.731861,0.0.3964804,0.0.4138717@1773085446.423654327
0.0.8120693,14.99112053948122,SUCCESS,0.0.731861,0.0.3964804,0.0.4138717@1773085447.855573263
0.0.6469391,59.05532800648331,SUCCESS,0.0.731861,0.0.3964804&0.0.3964837,0.0.4138717@1773085448.288388146
0.0.658160,0.1038445317562733,SUCCESS,0.0.731861,0.0.3964804&0.0.8315114,0.0.4138717@1773085449.091931565
0.0.7920282,0.0634906550000227,SUCCESS,0.0.731861,0.0.3964804,0.0.4138717@1773085447.580897952
0.0.4743054,0.02614862832110786,SUCCESS,0.0.731861,0.0.3964804&0.0.8315114,0.0.4138717@1773085447.118093330
0.0.7285744,0.1730453602127175,SUCCESS,0.0.731861,0.0.3964804,0.0.4138717@1773085448.788064604
0.0.9149385,0.8468036397264618,SUCCESS,0.0.731861,0.0.3964804,0.0.4138717@1773085448.982262783
0.0.9144684,1.105388977356347,SUCCESS,0.0.731861,0.0.3964804,0.0.4138717@1773085449.550380865
0.0.6094118,0.1551076840511608,SUCCESS,0.0.731861,0.0.3964804,0.0.4138717@1773085451.763282521
0.0.4310363,56.22913076102888,SUCCESS,0.0.731861,0.0.3964804&0.0.3964860,0.0.4138717@1773085450.401686692
0.0.9201440,0.5453969308996166,SUCCESS,0.0.731861,0.0.3964804,0.0.4138717@1773085451.644046090
0.0.7993090,63.35350450711809,SUCCESS,0.0.731861,0.0.3964804,0.0.4138717@1773085450.881167243
0.0.4795853,17.04052684312755,SUCCESS,0.0.731861,0.0.3964804,0.0.4138717@1773085452.641257554
0.0.1124249,299.8762665867616,SUCCESS,0.0.731861,0.0.3964804&0.0.3964808,0.0.4138717@1773085449.105187595
0.0.5580759,0.3533601437928253,SUCCESS,0.0.731861,0.0.3964804,0.0.4138717@1773085453.686009146
0.0.9104016,54.09795322265653,SUCCESS,0.0.731861,0.0.3964804&0.0.3964860&0.0.5328590,0.0.4138717@1773085450.431346752
0.0.8041705,0.4022849708368526,SUCCESS,0.0.731861,0.0.3964804,0.0.4138717@1773085451.999643171
0.0.8514597,54.68346128334336,SUCCESS,0.0.731861,0.0.3964804,0.0.4138717@1773085453.934069745
0.0.8903303,8.749301085852117,FAIL,0.0.731861,0.0.3964804,
0.0.3288501,1.044400719289564,SUCCESS,0.0.731861,0.0.3964804,0.0.4138717@1773085455.078499856
0.0.4724806,89.30370080450304,SUCCESS,0.0.731861,0.0.3964804&0.0.5328590,0.0.4138717@1773085456.135787226
0.0.8717466,0.01366313215966147,SUCCESS,0.0.731861,0.0.3964804,0.0.4138717@1773085455.345107222
0.0.1056579,46.75242677090666,SUCCESS,0.0.731861,0.0.3964804,0.0.4138717@1773085459.125821865
0.0.4804985,1.432411706848202,SUCCESS,0.0.731861,0.0.3964804,0.0.4138717@1773085456.308960675
0.0.3847179,4.89701521105799,SUCCESS,0.0.731861,0.0.3964804,0.0.4138717@1773085460.902684790
0.0.1467538,8.46941017196245,SUCCESS,0.0.731861,0.0.3964804,0.0.4138717@1773085460.694072235
0.0.8131537,8.726546040164775,SUCCESS,0.0.731861,0.0.3964804,0.0.4138717@1773085458.267346161
0.0.4315395,0.7850606895877584,SUCCESS,0.0.731861,0.0.3964804,0.0.4138717@1773085458.603109199
0.0.4388693,2.460660191686989,SUCCESS,0.0.731861,0.0.3964804&0.0.4601632,0.0.4138717@1773085462.841393842
0.0.8083173,4.017262096911528,SUCCESS,0.0.731861,0.0.3964804,0.0.4138717@1773085463.404832586
0.0.2964523,378.9600322063398,SUCCESS,0.0.731861,0.0.3964804&0.0.3964808,0.0.4138717@1773085461.872872629
0.0.8076778,0.01371713309716132,SUCCESS,0.0.731861,0.0.3964804,0.0.4138717@1773085463.389320081
0.0.7583284,1.823769744658413,SUCCESS,0.0.731861,0.0.3964804,0.0.4138717@1773085462.778536411
0.0.1673276,19.56609188293904,SUCCESS,0.0.731861,0.0.3964804,0.0.4138717@1773085461.292635306
0.0.981571,0.6795763699963527,SUCCESS,0.0.731861,0.0.3964804,0.0.4138717@1773085461.257559092
0.0.4343570,2.769716142885429,SUCCESS,0.0.731861,0.0.3964804,0.0.4138717@1773085466.003518983
0.0.7732676,589.1886236516888,SUCCESS,0.0.731861,0.0.3964804,0.0.4138717@1773085462.225341135
0.0.2891280,6.195024275378572,NOT_ASSOCIATED,0.0.731861,0.0.3964804,
0.0.838388,474.1947346152872,SUCCESS,0.0.731861,0.0.3964804,0.0.4138717@1773085467.555366291
0.0.7916029,280.8518673693105,SUCCESS,0.0.731861,0.0.3964804&0.0.3964840,0.0.4138717@1773085466.702555292
0.0.4861986,1.175443497783836,SUCCESS,0.0.731861,0.0.3964804,0.0.4138717@1773085467.124994297
0.0.5112630,6.947176260679124,SUCCESS,0.0.731861,0.0.3964804,0.0.4138717@1773085467.244408504
0.0.931327,506.5985365842766,SUCCESS,0.0.731861,0.0.3964804,0.0.4138717@1773085464.852890053
0.0.710849,0.1482026444773436,SUCCESS,0.0.731861,0.0.3964804,0.0.4138717@1773085469.353369712
0.0.7965412,0.02688761372967768,NOT_ASSOCIATED,0.0.731861,0.0.3964804,
0.0.3241611,3.316318911685918,SUCCESS,0.0.731861,0.0.3964804,0.0.4138717@1773085467.117270429
0.0.6148704,0.6703742842766439,NOT_ASSOCIATED,0.0.731861,0.0.3964804,
0.0.7816479,21.32044229301279,SUCCESS,0.0.731861,0.0.3964804&0.0.8315114,0.0.4138717@1773085468.758735791
0.0.1261132,4.030245972351558,SUCCESS,0.0.731861,0.0.3964804,0.0.4138717@1773085469.646110285
0.0.1404010,0.04262693528861834,NOT_ASSOCIATED,0.0.731861,0.0.3964804,
0.0.1369825,776.9176033040003,SUCCESS,0.0.731861,0.0.3964804&0.0.3964827&0.0.4601632&0.0.6071041&0.0.6126395,0.0.4138717@1773085467.796497121
0.0.8209705,0.953530988964184,SUCCESS,0.0.731861,0.0.3964804,0.0.4138717@1773085470.202215906
0.0.7166497,0.5517242569073549,SUCCESS,0.0.731861,0.0.3964804,0.0.4138717@1773085473.364446652
0.0.8002341,2.021354868039721,SUCCESS,0.0.731861,0.0.3964804,0.0.4138717@1773085469.066670470
0.0.7291414,13.82975769957232,SUCCESS,0.0.731861,0.0.3964804,0.0.4138717@1773085472.679105135
0.0.7938061,0.4538186291038048,SUCCESS,0.0.731861,0.0.3964804,0.0.4138717@1773085471.948323946
0.0.8227507,3.963848615018137,SUCCESS,0.0.731861,0.0.3964804,0.0.4138717@1773085473.345429629
0.0.4606261,0.1416537355150741,SUCCESS,0.0.731861,0.0.3964804&0.0.3964860,0.0.4138717@1773085475.552509146
0.0.1754370,0.3257879124432338,SUCCESS,0.0.731861,0.0.3964804,0.0.4138717@1773085476.517280783
0.0.7965335,15.26534258089596,NOT_ASSOCIATED,0.0.731861,0.0.3964804,
0.0.6294131,0.000219261293441049,SUCCESS,0.0.731861,0.0.3964804,0.0.4138717@1773085476.217862283
0.0.844131,2.46798778311428,SUCCESS,0.0.731861,0.0.3964804,0.0.4138717@1773085475.703852606
0.0.7924085,0.1522640947715534,SUCCESS,0.0.731861,0.0.3964804,0.0.4138717@1773085477.722950651
0.0.7732467,7.544444423386132,SUCCESS,0.0.731861,0.0.3964804&0.0.3964827,0.0.4138717@1773085476.589857025
0.0.1021958,37.03476476190752,SUCCESS,0.0.731861,0.0.3964804,0.0.4138717@1773085474.390809751
0.0.4644030,0.2929299053057188,SUCCESS,0.0.731861,0.0.3964804,0.0.4138717@1773085476.603783223
0.0.876236,1.72957194362172,SUCCESS,0.0.731861,0.0.3964804,0.0.4138717@1773085475.591098921
0.0.1505544,0.08645876506335531,SUCCESS,0.0.731861,0.0.3964804,0.0.4138717@1773085477.354642905
0.0.10279551,25.4548996220085,SUCCESS,0.0.731861,0.0.3964804,0.0.4138717@1773085479.345221693
0.0.10261941,5.673893581131209,NOT_ASSOCIATED,0.0.731861,0.0.3964804,
0.0.10242536,12.23360406117151,NOT_ASSOCIATED,0.0.731861,0.0.3964804,
0.0.3948696,11.09614137660517,SUCCESS,0.0.731861,0.0.3964804,0.0.4138717@1773085480.489069514
0.0.2030460,288.5110400003385,SUCCESS,0.0.731861,0.0.3964804&0.0.6078473,0.0.4138717@1773085479.858824962
0.0.10056907,2265.914332740424,SUCCESS,0.0.731861,0.0.3964804&0.0.3964827&0.0.3964837&0.0.3964860&0.0.5328590,0.0.4138717@1773085481.830243338
0.0.7164995,50.03203162900432,SUCCESS,0.0.731861,0.0.3964804,0.0.4138717@1773085480.252874420
0.0.1711144,9.757824013600786,NOT_ASSOCIATED,0.0.731861,0.0.3964804&0.0.3964808,
0.0.10167174,1.987802678249877,SUCCESS,0.0.731861,0.0.3964804,0.0.4138717@1773085482.582833052
0.0.9690555,2.033629596311494,SUCCESS,0.0.731861,0.0.3964804,0.0.4138717@1773085480.429245810
0.0.10085318,24.94965507753489,SUCCESS,0.0.731861,0.0.3964804,0.0.4138717@1773085479.959446207
0.0.4911466,0.0674219456517166,SUCCESS,0.0.731861,0.0.3964804,0.0.4138717@1773085483.631636900
0.0.9997124,110.9486421196594,NOT_ASSOCIATED,0.0.731861,0.0.3964804,
0.0.8629477,11.51338530545428,SUCCESS,0.0.731861,0.0.3964804,0.0.4138717@1773085482.687743829
0.0.4323897,0.1723187377381369,SUCCESS,0.0.731861,0.0.3964804,0.0.4138717@1773085481.575910868
0.0.2302824,0.02788235557728253,SUCCESS,0.0.731861,0.0.3964804,0.0.4138717@1773085482.487660704
0.0.4433604,0.897423769650833,SUCCESS,0.0.731861,0.0.3964804&0.0.4601632,0.0.4138717@1773085482.980639614
0.0.4345176,1.125029076926101,SUCCESS,0.0.731861,0.0.3964804,0.0.4138717@1773085485.347185707
0.0.5432163,0.5012533057302349,NOT_ASSOCIATED,0.0.731861,0.0.3964804,
0.0.1415516,104.1380242348583,SUCCESS,0.0.731861,0.0.3964804,0.0.4138717@1773085483.589498507
0.0.4329551,48.09110410741166,SUCCESS,0.0.731861,0.0.3964804&0.0.3964827&0.0.3964855,0.0.4138717@1773085485.626641278
0.0.5029689,4.733275121665889,SUCCESS,0.0.731861,0.0.3964804,0.0.4138717@1773085486.919264450
0.0.834666,86.64941652205543,SUCCESS,0.0.731861,0.0.3964804,0.0.4138717@1773085486.928666471
0.0.10068662,0.3803017831935252,SUCCESS,0.0.731861,0.0.3964804,0.0.4138717@1773085485.252818579
0.0.4782567,31.07589804086233,SUCCESS,0.0.731861,0.0.3964804,0.0.4138717@1773085485.572474754
0.0.4340392,0.6269030220237142,SUCCESS,0.0.731861,0.0.3964804,0.0.4138717@1773085488.496737702
0.0.844167,1.484633157523603,SUCCESS,0.0.731861,0.0.3964804,0.0.4138717@1773085489.742653073
0.0.837799,15.14021138539181,SUCCESS,0.0.731861,0.0.3964804,0.0.4138717@1773085485.455918253
0.0.4144365,22.3139311030884,SUCCESS,0.0.731861,0.0.3964804,0.0.4138717@1773085488.675348058
0.0.2005484,0.241550661817336,SUCCESS,0.0.731861,0.0.3964804,0.0.4138717@1773085491.833430311
0.0.2017766,9.82315790686654,SUCCESS,0.0.731861,0.0.3964804,0.0.4138717@1773085492.010915901
0.0.9464371,619.740488402538,SUCCESS,0.0.731861,0.0.3964804,0.0.4138717@1773085488.326596040
0.0.9477910,35.13820905994919,SUCCESS,0.0.731861,0.0.3964804,0.0.4138717@1773085491.752646430
0.0.1736150,116.3853496876766,SUCCESS,0.0.731861,0.0.3964804&0.0.3964808,0.0.4138717@1773085492.989548706
0.0.915984,190.4593561243712,SUCCESS,0.0.731861,0.0.3964804,0.0.4138717@1773085493.417872219
0.0.9404882,3.360229873044853,SUCCESS,0.0.731861,0.0.3964804,0.0.4138717@1773085491.709585551
0.0.874926,143.0020091465156,SUCCESS,0.0.731861,0.0.3964804&0.0.4601632,0.0.4138717@1773085492.315770326
0.0.966444,26.63519735259921,SUCCESS,0.0.731861,0.0.3964804,0.0.4138717@1773085493.733484630
0.0.9303899,15.34526014511116,SUCCESS,0.0.731861,0.0.3964804,0.0.4138717@1773085490.824949625
0.0.2657839,51.02862571598025,SUCCESS,0.0.731861,0.0.3964804,0.0.4138717@1773085494.465767640
0.0.6295630,0.4028934381837548,NOT_ASSOCIATED,0.0.731861,0.0.3964804,
0.0.1378130,8.481246115781358,SUCCESS,0.0.731861,0.0.3964804,0.0.4138717@1773085494.197144228
0.0.3681629,44.52249605554304,SUCCESS,0.0.731861,0.0.3964804,0.0.4138717@1773085492.281131977
0.0.853379,164.9291574806706,SUCCESS,0.0.731861,0.0.3964804,0.0.4138717@1773085497.539566068
0.0.9272301,6.402042751878724,NOT_ASSOCIATED,0.0.731861,0.0.3964804,
0.0.9273859,0.5154458775627524,SUCCESS,0.0.731861,0.0.3964804,0.0.4138717@1773085494.165409036
0.0.2149252,0.0008206637453938294,SUCCESS,0.0.731861,0.0.3964804,0.0.4138717@1773085494.629244297
0.0.9150672,0.2300397790848049,SUCCESS,0.0.731861,0.0.3964804,0.0.4138717@1773085494.997357787
0.0.5482082,4.980346387595615,SUCCESS,0.0.731861,0.0.3964804,0.0.4138717@1773085494.163563389
0.0.6460255,32.87679589770381,NOT_ASSOCIATED,0.0.731861,0.0.3964804,
0.0.3907868,0.03762324885176419,SUCCESS,0.0.731861,0.0.3964804,0.0.4138717@1773085496.212933835
0.0.1043461,525.427552815463,SUCCESS,0.0.731861,0.0.3964804,0.0.4138717@1773085494.775769238
0.0.9317309,0.008794561743044405,SUCCESS,0.0.731861,0.0.3964804&0.0.9774523,0.0.4138717@1773085495.562382726
0.0.1404223,0.127108320975877,SUCCESS,0.0.731861,0.0.3964804&0.0.5328590&0.0.6071041,0.0.4138717@1773085500.666582756
0.0.7550127,1.496924577226597,SUCCESS,0.0.731861,0.0.3964804,0.0.4138717@1773085501.933984812
0.0.8443763,112.446983947874,SUCCESS,0.0.731861,0.0.3964804,0.0.4138717@1773085498.613775591
0.0.2154173,1.439606232769221,SUCCESS,0.0.731861,0.0.3964804,0.0.4138717@1773085501.765572062
0.0.3384906,37.71791504541243,SUCCESS,0.0.731861,0.0.3964804,0.0.4138717@1773085500.558725110
0.0.9695749,24.03552248925075,NOT_ASSOCIATED,0.0.731861,0.0.3964804,
0.0.834767,9.390349399523728,SUCCESS,0.0.731861,0.0.3964804,0.0.4138717@1773085502.282913426
0.0.9612822,1.180463979558143,NOT_ASSOCIATED,0.0.731861,0.0.3964804,
0.0.9174064,56.49358895608916,SUCCESS,0.0.731861,0.0.3964804,0.0.4138717@1773085501.962924763
0.0.6258977,22.59394718365666,SUCCESS,0.0.731861,0.0.3964804&0.0.5328590,0.0.4138717@1773085499.783350415
0.0.946029,3.883825001627752,NOT_ASSOCIATED,0.0.731861,0.0.3964804,
0.0.1461428,11.83200356752293,SUCCESS,0.0.731861,0.0.3964804,0.0.4138717@1773085502.590824682
0.0.1517175,6.637639366804781,SUCCESS,0.0.731861,0.0.3964804,0.0.4138717@1773085504.814523535
0.0.9226909,2.083878849179257,SUCCESS,0.0.731861,0.0.3964804,0.0.4138717@1773085503.820909433
0.0.835055,225.3435164696938,SUCCESS,0.0.731861,0.0.3964804,0.0.4138717@1773085503.932003477
0.0.1353334,0.4853104536211459,SUCCESS,0.0.731861,0.0.3964804,0.0.4138717@1773085502.646770798
0.0.3165925,0.5761727443454522,SUCCESS,0.0.731861,0.0.3964804,0.0.4138717@1773085502.686777636
0.0.1357334,1.712288816966077,SUCCESS,0.0.731861,0.0.3964804,0.0.4138717@1773085505.161459208
0.0.4535053,34.65560024700082,SUCCESS,0.0.731861,0.0.3964804,0.0.4138717@1773085505.449598719
0.0.4356553,0.2473484947841062,SUCCESS,0.0.731861,0.0.3964804,0.0.4138717@1773085504.408771862
0.0.4333378,0.091459280713448,SUCCESS,0.0.731861,0.0.3964804,0.0.4138717@1773085505.382696722
0.0.4368518,0.6851465527270283,SUCCESS,0.0.731861,0.0.3964804,0.0.4138717@1773085508.289382975
0.0.4360122,1.727021092818472,SUCCESS,0.0.731861,0.0.3964804,0.0.4138717@1773085508.328040367
0.0.1728462,1.659047783102567,SUCCESS,0.0.731861,0.0.3964804,0.0.4138717@1773085510.275206001
0.0.4341116,1.540382926558851,SUCCESS,0.0.731861,0.0.3964804,0.0.4138717@1773085509.888228095
0.0.3023498,4.745130684424184,SUCCESS,0.0.731861,0.0.3964804,0.0.4138717@1773085510.561369922
0.0.4356154,2.535146818632807,SUCCESS,0.0.731861,0.0.3964804&0.0.5328590,0.0.4138717@1773085507.888934079
0.0.4351860,14.80645280570038,NOT_ASSOCIATED,0.0.731861,0.0.3964804,
0.0.859649,1.772884979224111,SUCCESS,0.0.731861,0.0.3964804,0.0.4138717@1773085509.216040132
0.0.4410999,8.186600217019198,SUCCESS,0.0.731861,0.0.3964804&0.0.3964827,0.0.4138717@1773085511.019930225
0.0.4351736,0.155240881688899,SUCCESS,0.0.731861,0.0.3964804,0.0.4138717@1773085509.497314631
0.0.5698429,0.06660830986287795,SUCCESS,0.0.731861,0.0.3964804,0.0.4138717@1773085512.042796009
0.0.4589167,0.2136039704938988,NOT_ASSOCIATED,0.0.731861,0.0.3964804,
0.0.5023507,102.5302265401405,SUCCESS,0.0.731861,0.0.3964804&0.0.4601632&0.0.5328590,0.0.4138717@1773085512.569041264
0.0.3937438,2.968427897362355,SUCCESS,0.0.731861,0.0.3964804,0.0.4138717@1773085511.112152431
0.0.796454,265.6963615226675,SUCCESS,0.0.731861,0.0.3964804,0.0.4138717@1773085511.027824092
0.0.5147407,3.853701695788817,SUCCESS,0.0.731861,0.0.3964804,0.0.4138717@1773085515.040740835
0.0.1092596,28.26120474107515,SUCCESS,0.0.731861,0.0.3964804&0.0.3964837&0.0.3964860&0.0.4601632,0.0.4138717@1773085512.061006582
0.0.4533464,1.310400511677198,SUCCESS,0.0.731861,0.0.3964804,0.0.4138717@1773085512.028671682
0.0.5495538,22.33947969276892,SUCCESS,0.0.731861,0.0.3964804&0.0.3964860&0.0.4601632,0.0.4138717@1773085516.217506900
0.0.5421455,0.04194823789290501,SUCCESS,0.0.731861,0.0.3964804,0.0.4138717@1773085515.280083833
0.0.5315914,16.95604631141217,SUCCESS,0.0.731861,0.0.3964804,0.0.4138717@1773085512.911819996
0.0.838198,27.45162988063008,SUCCESS,0.0.731861,0.0.3964804&0.0.3964855&0.0.3964840&0.0.4601632&0.0.6071119,0.0.4138717@1773085516.757110270
0.0.4327294,0.1648893290600612,SUCCESS,0.0.731861,0.0.3964804,0.0.4138717@1773085514.433628163
0.0.728698,6.696647322361445,SUCCESS,0.0.731861,0.0.3964804&0.0.4601632,0.0.4138717@1773085515.712930630
0.0.1402758,308.0809512315828,SUCCESS,0.0.731861,0.0.3964804&0.0.3964837,0.0.4138717@1773085516.642864684
0.0.1097802,20.64704857724676,SUCCESS,0.0.731861,0.0.3964804,0.0.4138717@1773085517.824032515
0.0.1877641,7.078549606387887,SUCCESS,0.0.731861,0.0.3964804,0.0.4138717@1773085516.807620007
0.0.835670,16.3480737361504,SUCCESS,0.0.731861,0.0.3964804&0.0.4601632,0.0.4138717@1773085516.349807631
0.0.4138268,164.3550702971818,SUCCESS,0.0.731861,0.0.3964804,0.0.4138717@1773085517.091574306
0.0.2145447,78.54671363240494,SUCCESS,0.0.731861,0.0.3964804,0.0.4138717@1773085517.212415333
0.0.859149,163.4024510633702,SUCCESS,0.0.731861,0.0.3964804,0.0.4138717@1773085518.833715253
0.0.1448131,2.373749205074993,SUCCESS,0.0.731861,0.0.3964804,0.0.4138717@1773085520.305960302
0.0.1425322,71.62148115399536,SUCCESS,0.0.731861,0.0.3964804&0.0.5328590,0.0.4138717@1773085521.685533382
0.0.1088394,416.641985240475,SUCCESS,0.0.731861,0.0.3964804&0.0.3964860&0.0.3964840&0.0.5328590&0.0.6078473&0.0.8315114,0.0.4138717@1773085520.716571357
0.0.3768895,0.01664820229134839,SUCCESS,0.0.731861,0.0.3964804,0.0.4138717@1773085519.773274368
0.0.1432019,31.04019036797788,SUCCESS,0.0.731861,0.0.3964804,0.0.4138717@1773085523.921196329
0.0.1088074,354.2816298319084,SUCCESS,0.0.731861,0.0.3964804&0.0.3964860&0.0.4601632,0.0.4138717@1773085525.570009775
0.0.481717,2.044526204797132,SUCCESS,0.0.731861,0.0.3964804,0.0.4138717@1773085521.561441533
0.0.965222,269.5618022372153,SUCCESS,0.0.731861,0.0.3964804&0.0.3964825,0.0.4138717@1773085523.771372916
0.0.1316658,7.870650912346088,SUCCESS,0.0.731861,0.0.3964804,0.0.4138717@1773085526.409834527
0.0.643109,4747.527894461199,SUCCESS,0.0.731861,0.0.3964804,0.0.4138717@1773085524.951729508
0.0.4319631,1.334353517477098,SUCCESS,0.0.731861,0.0.3964804,0.0.4138717@1773085525.968135970
0.0.2150506,0.8100721763077892,SUCCESS,0.0.731861,0.0.3964804,0.0.4138717@1773085528.438786078
0.0.4345412,1.292682898477509,SUCCESS,0.0.731861,0.0.3964804,0.0.4138717@1773085526.779708338
0.0.4345654,684.0029455657747,SUCCESS,0.0.731861,0.0.3964804,0.0.4138717@1773085526.751958254
0.0.842806,771.6377499265815,SUCCESS,0.0.731861,0.0.3964804,0.0.4138717@1773085526.104659116
0.0.1088670,3.546317035853014,SUCCESS,0.0.731861,0.0.3964804,0.0.4138717@1773085528.502257968
0.0.4337103,0.01970836728581734,SUCCESS,0.0.731861,0.0.3964804,0.0.4138717@1773085527.559872082
0.0.3291464,0.1905641306104192,SUCCESS,0.0.731861,0.0.3964804,0.0.4138717@1773085531.301735749
0.0.846778,899.2444720623649,SUCCESS,0.0.731861,0.0.3964804,0.0.4138717@1773085532.464815082
0.0.1018824,90.51397633171464,SUCCESS,0.0.731861,0.0.3964804&0.0.3964837&0.0.3964840&0.0.5328590,0.0.4138717@1773085531.714102797
0.0.4717832,2.197949872777728,SUCCESS,0.0.731861,0.0.3964804,0.0.4138717@1773085533.563133405
0.0.1048940,19.37784174833811,SUCCESS,0.0.731861,0.0.3964804&0.0.5328590,0.0.4138717@1773085534.569240885
0.0.3945405,0.005568398096297701,SUCCESS,0.0.731861,0.0.3964804,0.0.4138717@1773085534.224650719
0.0.1104374,474.9922982892995,SUCCESS,0.0.731861,0.0.3964804,0.0.4138717@1773085533.555224701
0.0.1350500,14.5585105867269,SUCCESS,0.0.731861,0.0.3964804&0.0.3964840&0.0.6071119&0.0.6078473,0.0.4138717@1773085533.228139740
0.0.1121794,2.155030990417982,SUCCESS,0.0.731861,0.0.3964804,0.0.4138717@1773085534.680767197
0.0.3872024,23.84338823646926,SUCCESS,0.0.731861,0.0.3964804,0.0.4138717@1773085535.495527419
0.0.833050,168.3536313586588,SUCCESS,0.0.731861,0.0.3964804&0.0.3964809,0.0.4138717@1773085535.754446245
0.0.1313705,9.517666056259152,SUCCESS,0.0.731861,0.0.3964804,0.0.4138717@1773085534.572182248
0.0.3327498,17.87802654474534,SUCCESS,0.0.731861,0.0.3964804,0.0.4138717@1773085536.962029669
0.0.496172,12.87293527209479,SUCCESS,0.0.731861,0.0.3964804,0.0.4138717@1773085536.309162287
0.0.811739,32.93312801920408,SUCCESS,0.0.731861,0.0.3964804&0.0.5328590,0.0.4138717@1773085539.842130590
0.0.887612,17.66221547983098,SUCCESS,0.0.731861,0.0.3964804,0.0.4138717@1773085536.227529110
0.0.4566469,20.4876392042943,SUCCESS,0.0.731861,0.0.3964804,0.0.4138717@1773085538.332246744
0.0.3916542,0.278635034736058,SUCCESS,0.0.731861,0.0.3964804&0.0.3964827,0.0.4138717@1773085537.854727271
0.0.1486421,15.54807283751132,SUCCESS,0.0.731861,0.0.3964804,0.0.4138717@1773085542.141108718
0.0.1359581,159.1614180603593,SUCCESS,0.0.731861,0.0.3964804&0.0.3964827,0.0.4138717@1773085542.406075966
0.0.4431727,1.250757685361974,SUCCESS,0.0.731861,0.0.3964804&0.0.3964827,0.0.4138717@1773085542.861153023
0.0.7710235,1.112674545569167,SUCCESS,0.0.731861,0.0.3964804,0.0.4138717@1773085541.016274591
0.0.838791,13.83320699480554,SUCCESS,0.0.731861,0.0.3964804,0.0.4138717@1773085543.066748280
0.0.1463093,12.57464082688239,SUCCESS,0.0.731861,0.0.3964804,0.0.4138717@1773085543.433606192
0.0.146930,11700.37811710191,SUCCESS,0.0.731861,0.0.3964804,0.0.4138717@1773085544.132524403
0.0.4887338,7.407344616462283,SUCCESS,0.0.731861,0.0.3964804,0.0.4138717@1773085542.049067614
0.0.7662545,0.03928728929092451,NOT_ASSOCIATED,0.0.731861,0.0.3964804,
0.0.7290965,5.844396952471865,SUCCESS,0.0.731861,0.0.3964804,0.0.4138717@1773085543.649631162
0.0.1524063,39.30416405361947,SUCCESS,0.0.731861,0.0.3964804,0.0.4138717@1773085547.745478336
0.0.3872629,4.462932978198538,SUCCESS,0.0.731861,0.0.3964804,0.0.4138717@1773085544.800038769
0.0.7631749,0.02832504618489556,SUCCESS,0.0.731861,0.0.3964804,0.0.4138717@1773085544.488221297
0.0.794930,0.4906747448087758,SUCCESS,0.0.731861,0.0.3964804,0.0.4138717@1773085545.989480115
0.0.4883729,2.992041143283994,SUCCESS,0.0.731861,0.0.3964804,0.0.4138717@1773085548.871971627
0.0.7961490,1.4566327843994,NOT_ASSOCIATED,0.0.731861,0.0.3964804,
0.0.7703838,0.07596039917618612,SUCCESS,0.0.731861,0.0.3964804,0.0.4138717@1773085547.378617235
0.0.1313215,0.1225561222776501,SUCCESS,0.0.731861,0.0.3964804,0.0.4138717@1773085545.020305095
0.0.6343911,28.84641784270591,SUCCESS,0.0.731861,0.0.3964804,0.0.4138717@1773085549.173765246
0.0.7937765,8.002255731004842,NOT_ASSOCIATED,0.0.731861,0.0.3964804,
0.0.4765612,27227.37495093835,SUCCESS,0.0.731861,0.0.3964804&0.0.3964808&0.0.3964809&0.0.3964821&0.0.3964825&0.0.5328590,0.0.4138717@1773085549.259711241
0.0.3240624,0.01923441910410877,SUCCESS,0.0.731861,0.0.3964804,0.0.4138717@1773085547.418268077
0.0.4312267,65.66595640811,SUCCESS,0.0.731861,0.0.3964804,0.0.4138717@1773085549.138755298
0.0.1746011,14.62783906004855,SUCCESS,0.0.731861,0.0.3964804,0.0.4138717@1773085551.448004288
0.0.791414,3.053927551814474,SUCCESS,0.0.731861,0.0.3964804,0.0.4138717@1773085550.130825611
0.0.7798912,19.84609437051994,SUCCESS,0.0.731861,0.0.3964804,0.0.4138717@1773085550.096196158
0.0.1337171,291.469283735049,SUCCESS,0.0.731861,0.0.3964804&0.0.3964809&0.0.3964827&0.0.3964860&0.0.6071911,0.0.4138717@1773085550.056970378
0.0.1374442,586.8424045167005,SUCCESS,0.0.731861,0.0.3964804&0.0.4601632&0.0.5328590,0.0.4138717@1773085549.999570612
0.0.2004450,1.379752708365396,SUCCESS,0.0.731861,0.0.3964804,0.0.4138717@1773085550.168418226
0.0.4504544,75.6711779899763,SUCCESS,0.0.731861,0.0.3964804,0.0.4138717@1773085553.534612302
0.0.4135513,12.53273750454229,SUCCESS,0.0.731861,0.0.3964804,0.0.4138717@1773085553.536130168
0.0.6139137,6.46842632380773,SUCCESS,0.0.731861,0.0.3964804,0.0.4138717@1773085555.529999844
0.0.1463629,1.148378218396742,SUCCESS,0.0.731861,0.0.3964804,0.0.4138717@1773085557.060652747
0.0.433061,2.675982821167947,SUCCESS,0.0.731861,0.0.3964804&0.0.3964860,0.0.4138717@1773085555.862081610
0.0.5957030,16.91812781133074,NOT_ASSOCIATED,0.0.731861,0.0.3964804,
0.0.6275653,0.1175783149730227,SUCCESS,0.0.731861,0.0.3964804,0.0.4138717@1773085555.655905756
0.0.6154587,119.403981554068,SUCCESS,0.0.731861,0.0.3964804,0.0.4138717@1773085556.377335032
0.0.5746207,400.8396590855154,SUCCESS,0.0.731861,0.0.3964804,0.0.4138717@1773085557.083769624
0.0.6852334,18.52404419089128,SUCCESS,0.0.731861,0.0.3964804,0.0.4138717@1773085555.842038108
0.0.753351,4.237723209913202,SUCCESS,0.0.731861,0.0.3964804,0.0.4138717@1773085557.338236797
0.0.5068116,0.3537477798892817,NOT_ASSOCIATED,0.0.731861,0.0.3964804,
0.0.805713,175.6781325873467,SUCCESS,0.0.731861,0.0.3964804,0.0.4138717@1773085559.199540946
0.0.2787506,1.850327635508317,SUCCESS,0.0.731861,0.0.3964804,0.0.4138717@1773085557.813620610
0.0.6048714,593.0659995891685,SUCCESS,0.0.731861,0.0.3964804&0.0.10018365,0.0.4138717@1773085561.037868424
0.0.4965217,2.166982122149651,SUCCESS,0.0.731861,0.0.3964804,0.0.4138717@1773085561.664139677
0.0.3967246,4.845088984339478,SUCCESS,0.0.731861,0.0.3964804,0.0.4138717@1773085562.194672251
0.0.4358173,237.2054539543066,SUCCESS,0.0.731861,0.0.3964804&0.0.4601632&0.0.6126395,0.0.4138717@1773085558.673384136
0.0.662621,3.77714774578048,SUCCESS,0.0.731861,0.0.3964804,0.0.4138717@1773085559.790376760
0.0.3687848,65.03303993195564,SUCCESS,0.0.731861,0.0.3964804,0.0.4138717@1773085561.830150032
0.0.892270,109.9373410884289,SUCCESS,0.0.731861,0.0.3964804,0.0.4138717@1773085565.113003153
0.0.3728114,51.14797449942796,SUCCESS,0.0.731861,0.0.3964804,0.0.4138717@1773085561.770073461
0.0.1124401,33.56272379639749,SUCCESS,0.0.731861,0.0.3964804,0.0.4138717@1773085566.278425638
0.0.857760,3.954284727477797,SUCCESS,0.0.731861,0.0.3964804&0.0.3964827,0.0.4138717@1773085562.684078459
0.0.7312670,8.898588304731442,SUCCESS,0.0.731861,0.0.3964804,0.0.4138717@1773085563.007015376
0.0.1102543,93.658007642681,SUCCESS,0.0.731861,0.0.3964804,0.0.4138717@1773085566.965813504
0.0.7785711,768.7343629751208,SUCCESS,0.0.731861,0.0.3964804,0.0.4138717@1773085566.983335983
0.0.6475509,1.544882358287236,SUCCESS,0.0.731861,0.0.3964804,0.0.4138717@1773085568.888766642
0.0.7450449,5.109617111397053,NOT_ASSOCIATED,0.0.731861,0.0.3964804,
0.0.6004536,0.505045784898003,SUCCESS,0.0.731861,0.0.3964804,0.0.4138717@1773085567.240992589
0.0.6157135,5971.906653339784,SUCCESS,0.0.731861,0.0.3964804&0.0.3964827&0.0.3964837,0.0.4138717@1773085568.076393040
0.0.2967389,4.037974025104655,SUCCESS,0.0.731861,0.0.3964804,0.0.4138717@1773085567.557593991
0.0.6416166,7.842697271887665,SUCCESS,0.0.731861,0.0.3964804,0.0.4138717@1773085570.047012137
0.0.4314332,37.40639842891289,SUCCESS,0.0.731861,0.0.3964804,0.0.4138717@1773085570.494631783
0.0.3048811,949.8114310020334,SUCCESS,0.0.731861,0.0.3964804&0.0.4601632&0.0.5328590&0.0.6071041,0.0.4138717@1773085570.157443093
0.0.6828202,215.9300141375582,SUCCESS,0.0.731861,0.0.3964804&0.0.4601632,0.0.4138717@1773085568.365720926
0.0.10014449,0.6911555257358963,SUCCESS,0.0.731861,0.0.3964804,0.0.4138717@1773085570.891508475
0.0.1105845,12.44461198249726,SUCCESS,0.0.731861,0.0.3964804,0.0.4138717@1773085569.915821637
0.0.1365779,4.536910940156724,SUCCESS,0.0.731861,0.0.3964804,0.0.4138717@1773085569.356568970
0.0.1033719,109.2132363125929,SUCCESS,0.0.731861,0.0.3964804&0.0.8315114,0.0.4138717@1773085572.597034672
0.0.1729400,8.10937057521587,SUCCESS,0.0.731861,0.0.3964804,0.0.4138717@1773085569.946061334
0.0.4499088,0.8164145562135056,NOT_ASSOCIATED,0.0.731861,0.0.3964804,
0.0.7205628,11.95844538002289,SUCCESS,0.0.731861,0.0.3964804,0.0.4138717@1773085574.043957980
0.0.9273022,0.00540352916352183,SUCCESS,0.0.731861,0.0.3964804,0.0.4138717@1773085573.964396872
0.0.10238814,53.51538683333908,SUCCESS,0.0.731861,0.0.3964804,0.0.4138717@1773085571.524834835
0.0.10219431,24.41202949440506,NOT_ASSOCIATED,0.0.731861,0.0.3964804,
0.0.9509413,0.5413890562682789,NOT_ASSOCIATED,0.0.731861,0.0.3964804,
0.0.10157649,83.29404409433016,NOT_ASSOCIATED,0.0.731861,0.0.3964804,
0.0.1024843,0.0002509490896553374,SUCCESS,0.0.731861,0.0.3964804&0.0.3964855&0.0.3964860,0.0.4138717@1773085571.897845277
0.0.4749526,515.1976387864789,NOT_ASSOCIATED,0.0.731861,0.0.3964804,
0.0.10018534,222.4978815938552,SUCCESS,0.0.731861,0.0.3964804,0.0.4138717@1773085575.817328498
0.0.1704489,0.00508513112502234,NOT_ASSOCIATED,0.0.731861,0.0.3964804,
0.0.9584885,0.698289621919054,SUCCESS,0.0.731861,0.0.3964804&0.0.5328590,0.0.4138717@1773085572.268727854
0.0.10093024,10.64151284984995,SUCCESS,0.0.731861,0.0.3964804,0.0.4138717@1773085577.459501467
0.0.816698,134.7609634547855,SUCCESS,0.0.731861,0.0.3964804,0.0.4138717@1773085577.466679328
0.0.820706,70.30282342745417,SUCCESS,0.0.731861,0.0.3964804,0.0.4138717@1773085576.413378409
0.0.4372819,0.2769920706382053,SUCCESS,0.0.731861,0.0.3964804,0.0.4138717@1773085575.834929746
0.0.10072624,0.5578344527825803,SUCCESS,0.0.731861,0.0.3964804,0.0.4138717@1773085577.760229981
0.0.4814986,0.1110032366647041,SUCCESS,0.0.731861,0.0.3964804,0.0.4138717@1773085578.666592991
0.0.638522,173.0809689913611,SUCCESS,0.0.731861,0.0.3964804,0.0.4138717@1773085579.370376060
0.0.857763,8.200156720654528,SUCCESS,0.0.731861,0.0.3964804,0.0.4138717@1773085576.780178837
0.0.937712,70.41018724882258,SUCCESS,0.0.731861,0.0.3964804,0.0.4138717@1773085575.882097959
0.0.955353,0.8026962018235266,NOT_ASSOCIATED,0.0.731861,0.0.3964804,
0.0.4762160,87.93665421811838,SUCCESS,0.0.731861,0.0.3964804,0.0.4138717@1773085578.606257658
0.0.1696471,230.591933119321,SUCCESS,0.0.731861,0.0.3964804,0.0.4138717@1773085576.451163712
0.0.683815,0.2818164734781792,SUCCESS,0.0.731861,0.0.3964804,0.0.4138717@1773085580.187127305
0.0.4725260,2.760991529058752,SUCCESS,0.0.731861,0.0.3964804,0.0.4138717@1773085581.871374182
0.0.1459068,0.6193355535505144,SUCCESS,0.0.731861,0.0.3964804,0.0.4138717@1773085582.605646072
0.0.4712922,0.3406150522903031,SUCCESS,0.0.731861,0.0.3964804,0.0.4138717@1773085582.925232311
0.0.4140342,1.797583075684314,SUCCESS,0.0.731861,0.0.3964804&0.0.3964827,0.0.4138717@1773085580.113345713
0.0.4576074,1.812286667705136,SUCCESS,0.0.731861,0.0.3964804,0.0.4138717@1773085583.308379996
0.0.4558719,0.06624387104451804,NOT_ASSOCIATED,0.0.731861,0.0.3964804,
0.0.4552348,0.06019472581920893,NOT_ASSOCIATED,0.0.731861,0.0.3964804,
0.0.4552309,0.0566087297344708,NOT_ASSOCIATED,0.0.731861,0.0.3964804,
0.0.4552382,0.05660551349069218,NOT_ASSOCIATED,0.0.731861,0.0.3964804,
0.0.1082201,153.0522849617084,SUCCESS,0.0.731861,0.0.3964804,0.0.4138717@1773085581.338781377
0.0.4571567,10.7489059364223,SUCCESS,0.0.731861,0.0.3964804,0.0.4138717@1773085583.680676678
0.0.5316018,22.59395456798338,SUCCESS,0.0.731861,0.0.3964804,0.0.4138717@1773085581.025442929
0.0.9636419,5.5748351310458,NOT_ASSOCIATED,0.0.731861,0.0.3964804,
0.0.5805332,17.8466508562383,SUCCESS,0.0.731861,0.0.3964804,0.0.4138717@1773085584.719420184
0.0.9602777,0.2552450082475665,NOT_ASSOCIATED,0.0.731861,0.0.3964804,
0.0.1031509,39.97378859821071,NOT_ASSOCIATED,0.0.731861,0.0.3964804,
0.0.9590994,168.4972417214252,NOT_ASSOCIATED,0.0.731861,0.0.3964804,
0.0.8080965,0.1407848571865866,NOT_ASSOCIATED,0.0.731861,0.0.3964804,
0.0.8070994,23.14537842542243,NOT_ASSOCIATED,0.0.731861,0.0.3964804,
0.0.8246604,0.02535532314633332,SUCCESS,0.0.731861,0.0.3964804,0.0.4138717@1773085582.704500144
0.0.190191,1.107372245063425,NOT_ASSOCIATED,0.0.731861,0.0.3964804,
0.0.5012902,0.1016729450172984,SUCCESS,0.0.731861,0.0.3964804,0.0.4138717@1773085586.022622428
0.0.9504249,27.9997721301015,SUCCESS,0.0.731861,0.0.3964804,0.0.4138717@1773085586.465719024
0.0.4594903,0.4452415519867392,SUCCESS,0.0.731861,0.0.3964804,0.0.4138717@1773085586.341705994
0.0.887615,0.1530927787563121,SUCCESS,0.0.731861,0.0.3964804,0.0.4138717@1773085584.097081194
0.0.1056474,58.10808092240389,SUCCESS,0.0.731861,0.0.3964804,0.0.4138717@1773085587.427265951
0.0.9450539,14.4840415317544,NOT_ASSOCIATED,0.0.731861,0.0.3964804,
0.0.9444587,28.31568395302646,SUCCESS,0.0.731861,0.0.3964804,0.0.4138717@1773085584.489521117
0.0.9146353,35.73298779937198,SUCCESS,0.0.731861,0.0.3964804,0.0.4138717@1773085589.070448198
0.0.6160732,1.056180836492486,NOT_ASSOCIATED,0.0.731861,0.0.3964804,
0.0.4330332,8.09336276092975,SUCCESS,0.0.731861,0.0.3964804,0.0.4138717@1773085587.453868225
0.0.9477942,0.2510982391601857,NOT_ASSOCIATED,0.0.731861,0.0.3964804,
0.0.9640903,15.92350771142319,SUCCESS,0.0.731861,0.0.3964804&0.0.3964834&0.0.4601632,0.0.4138717@1773085585.610250616
0.0.2963879,27.48795364845773,NOT_ASSOCIATED,0.0.731861,0.0.3964804,
0.0.4873525,0.8599893144009089,SUCCESS,0.0.731861,0.0.3964804,0.0.4138717@1773085589.780337155
0.0.10004246,7.933283285940457,NOT_ASSOCIATED,0.0.731861,0.0.3964804,
0.0.9695763,1638.869047746466,SUCCESS,0.0.731861,0.0.3964804&0.0.8315114,0.0.4138717@1773085587.599776448
0.0.9401320,26.48236597006867,SUCCESS,0.0.731861,0.0.3964804,0.0.4138717@1773085589.103502915
0.0.5922808,0.5185614906967417,SUCCESS,0.0.731861,0.0.3964804,0.0.4138717@1773085590.856645703
0.0.751161,27.5693286825064,SUCCESS,0.0.731861,0.0.3964804,0.0.4138717@1773085587.759562797
0.0.9973346,0.05753985682060406,NOT_ASSOCIATED,0.0.731861,0.0.3964804,
0.0.5313474,1.372671437288374,SUCCESS,0.0.731861,0.0.3964804,0.0.4138717@1773085590.767859399
0.0.9150527,104.4363187591109,SUCCESS,0.0.731861,0.0.3964804&0.0.3964860&0.0.5328590,0.0.4138717@1773085593.103030270
0.0.871471,46.13004031594274,SUCCESS,0.0.731861,0.0.3964804,0.0.4138717@1773085593.194890877
0.0.9100153,48.43918570484193,SUCCESS,0.0.731861,0.0.3964804,0.0.4138717@1773085591.287383765
0.0.7983506,0.0005507872183682394,NOT_ASSOCIATED,0.0.731861,0.0.3964804,
0.0.6320740,207.8618429822236,SUCCESS,0.0.731861,0.0.3964804&0.0.4601632&0.0.5328590&0.0.6071074,0.0.4138717@1773085592.739619014
0.0.9687167,6.403065581800629,SUCCESS,0.0.731861,0.0.3964804&0.0.5328590,0.0.4138717@1773085592.530076896
0.0.9729389,1.958055351430978,NOT_ASSOCIATED,0.0.731861,0.0.3964804,
0.0.9720442,0.95755147397567,NOT_ASSOCIATED,0.0.731861,0.0.3964804,
0.0.3012601,17.18871866495428,SUCCESS,0.0.731861,0.0.3964804&0.0.5328590,0.0.4138717@1773085594.069229306
0.0.9707528,2363.831724051848,NOT_ASSOCIATED,0.0.731861,0.0.3964804,
0.0.1365923,0.09932697339305016,SUCCESS,0.0.731861,0.0.3964804,0.0.4138717@1773085593.523542889
0.0.9593512,0.02110160753094514,SUCCESS,0.0.731861,0.0.3964804,0.0.4138717@1773085592.068552183
0.0.10044419,6.833954585668015,SUCCESS,0.0.731861,0.0.3964804,0.0.4138717@1773085595.971268936
0.0.10035663,2.974400590122823,SUCCESS,0.0.731861,0.0.3964804,0.0.4138717@1773085598.312524276
0.0.1400807,4.822723396242007,SUCCESS,0.0.731861,0.0.3964804,0.0.4138717@1773085597.509821720
0.0.8414341,10.33524277398786,SUCCESS,0.0.731861,0.0.3964804,0.0.4138717@1773085597.247286026
0.0.9072874,7.567632922627611,SUCCESS,0.0.731861,0.0.3964804,0.0.4138717@1773085595.929576475
0.0.9774219,0.03075021787551516,SUCCESS,0.0.731861,0.0.3964804,0.0.4138717@1773085596.841786415
0.0.1178547,4.12779734734742,SUCCESS,0.0.731861,0.0.3964804,0.0.4138717@1773085594.934074638
0.0.9707531,5875.646187382562,NOT_ASSOCIATED,0.0.731861,0.0.3964804,
0.0.10007904,0.01056477077640762,SUCCESS,0.0.731861,0.0.3964804,0.0.4138717@1773085598.585264268
0.0.9640625,0.09046543493135108,SUCCESS,0.0.731861,0.0.3964804,0.0.4138717@1773085598.510752870
0.0.9275976,297.8633215827885,SUCCESS,0.0.731861,0.0.3964804,0.0.4138717@1773085600.863268012
0.0.9425366,118.5782626137383,SUCCESS,0.0.731861,0.0.3964804,0.0.4138717@1773085597.506863990
0.0.9362153,2.80497945258571,SUCCESS,0.0.731861,0.0.3964804,0.0.4138717@1773085598.401367002
0.0.1703381,8.53085197148498,SUCCESS,0.0.731861,0.0.3964804,0.0.4138717@1773085598.737776467
0.0.9317965,6.574392884047513,SUCCESS,0.0.731861,0.0.3964804,0.0.4138717@1773085600.539951821
0.0.9301506,0.06378465530389411,SUCCESS,0.0.731861,0.0.3964804,0.0.4138717@1773085598.095549886
0.0.7903445,18.76903777041137,SUCCESS,0.0.731861,0.0.3964804,0.0.4138717@1773085602.830297211
0.0.10244829,0.2676582413544563,SUCCESS,0.0.731861,0.0.3964804,0.0.4138717@1773085600.270596577
0.0.1920276,22.17662445098975,SUCCESS,0.0.731861,0.0.3964804,0.0.4138717@1773085599.644722143
0.0.9270286,0.2674148124241176,SUCCESS,0.0.731861,0.0.3964804,0.0.4138717@1773085603.560946918
0.0.9234350,11.81872357397715,SUCCESS,0.0.731861,0.0.3964804,0.0.4138717@1773085600.735762522
0.0.10278094,5.496876038252851,NOT_ASSOCIATED,0.0.731861,0.0.3964804,
0.0.10277044,57.01471999761113,SUCCESS,0.0.731861,0.0.3964804,0.0.4138717@1773085601.685589544
0.0.9377932,1.632622751315154,SUCCESS,0.0.731861,0.0.3964804,0.0.4138717@1773085603.905198763
0.0.10256319,39.06105327867525,SUCCESS,0.0.731861,0.0.3964804,0.0.4138717@1773085602.055935493
0.0.10267167,59.41110559870322,NOT_ASSOCIATED,0.0.731861,0.0.3964804,
0.0.10267166,245.4601231701221,NOT_ASSOCIATED,0.0.731861,0.0.3964804,
0.0.9774619,87.28334807380098,SUCCESS,0.0.731861,0.0.3964804&0.0.5328590,0.0.4138717@1773085604.742567466
0.0.9177203,0.03064396084363986,SUCCESS,0.0.731861,0.0.3964804,0.0.4138717@1773085605.129299829
0.0.10248120,2.999771678637321,SUCCESS,0.0.731861,0.0.3964804,0.0.4138717@1773085604.910033785
0.0.3959322,94.94650329058078,SUCCESS,0.0.731861,0.0.3964804,0.0.4138717@1773085603.437417731
0.0.7989176,105.8160532511371,SUCCESS,0.0.731861,0.0.3964804,0.0.4138717@1773085605.192997353
0.0.818498,0.09533763351104124,SUCCESS,0.0.731861,0.0.3964804,0.0.4138717@1773085607.369222024
0.0.10182354,15.08292643781816,SUCCESS,0.0.731861,0.0.3964804,0.0.4138717@1773085607.976276810
0.0.10190094,2043.903444793525,SUCCESS,0.0.731861,0.0.3964804,0.0.4138717@1773085608.032141836
0.0.10088400,2.384949756275759,SUCCESS,0.0.731861,0.0.3964804,0.0.4138717@1773085606.914522446
0.0.10164472,7497.32418340654,SUCCESS,0.0.731861,0.0.3964804,0.0.4138717@1773085609.813075136
0.0.10133721,63.90985147574725,SUCCESS,0.0.731861,0.0.3964804,0.0.4138717@1773085610.924851784
0.0.10115705,0.004102242444166277,SUCCESS,0.0.731861,0.0.3964804,0.0.4138717@1773085609.553096244
0.0.1114728,0.04955512926502285,SUCCESS,0.0.731861,0.0.3964804,0.0.4138717@1773085609.812119343
0.0.8068660,0.0431477877658328,SUCCESS,0.0.731861,0.0.3964804,0.0.4138717@1773085608.892398629
0.0.7931472,1.140006137766418,SUCCESS,0.0.731861,0.0.3964804,0.0.4138717@1773085608.106536857
0.0.8002619,1.789746553171886,SUCCESS,0.0.731861,0.0.3964804,0.0.4138717@1773085610.076938820
0.0.7809201,0.000540656847499949,SUCCESS,0.0.731861,0.0.3964804,0.0.4138717@1773085610.216869056
0.0.7098838,4.060336700311557,SUCCESS,0.0.731861,0.0.3964804,0.0.4138717@1773085612.540875225
0.0.590682,0.1657868171579113,SUCCESS,0.0.731861,0.0.3964804,0.0.4138717@1773085611.218154692
0.0.4766806,48.85099351596843,SUCCESS,0.0.731861,0.0.3964804&0.0.3964808,0.0.4138717@1773085611.646294458
0.0.832543,300.8333902662696,SUCCESS,0.0.731861,0.0.3964804,0.0.4138717@1773085612.828301996
0.0.4853191,0.0482463508165791,SUCCESS,0.0.731861,0.0.3964804,0.0.4138717@1773085614.298360461
0.0.7142968,8.325601439012543,SUCCESS,0.0.731861,0.0.3964804,0.0.4138717@1773085611.671744245
0.0.5957081,2.608314541923753,SUCCESS,0.0.731861,0.0.3964804,0.0.4138717@1773085616.897321562
0.0.4561752,0.5843342045565963,SUCCESS,0.0.731861,0.0.3964804&0.0.6071041,0.0.4138717@1773085614.038542746
0.0.6334018,5.014751360952554,SUCCESS,0.0.731861,0.0.3964804,0.0.4138717@1773085614.056350933
0.0.5804427,16.61432620075199,SUCCESS,0.0.731861,0.0.3964804&0.0.4601632,0.0.4138717@1773085614.393663868
0.0.1956746,0.277180034290718,SUCCESS,0.0.731861,0.0.3964804,0.0.4138717@1773085618.529807131
0.0.6063136,0.04777094509828486,SUCCESS,0.0.731861,0.0.3964804,0.0.4138717@1773085616.685238989
0.0.6064013,9.005737963824258,SUCCESS,0.0.731861,0.0.3964804,0.0.4138717@1773085619.246181517
0.0.5060673,14.5325284330745,SUCCESS,0.0.731861,0.0.3964804,0.0.4138717@1773085617.283866506
0.0.3450,0.9122576719509556,SUCCESS,0.0.731861,0.0.3964804,0.0.4138717@1773085618.931913011
0.0.8548028,0.002123631365711831,SUCCESS,0.0.731861,0.0.3964804,0.0.4138717@1773085618.784722204
0.0.8188301,2.948782664432741,SUCCESS,0.0.731861,0.0.3964804,0.0.4138717@1773085621.837427879
0.0.8108637,0.001166834152731265,SUCCESS,0.0.731861,0.0.3964804&0.0.8315114,0.0.4138717@1773085622.307783308
0.0.8868403,0.2905297622580589,SUCCESS,0.0.731861,0.0.3964804,0.0.4138717@1773085617.518081316
0.0.9034617,0.4546205195396835,SUCCESS,0.0.731861,0.0.3964804,0.0.4138717@1773085621.708601620
0.0.8742796,24.14336396511102,SUCCESS,0.0.731861,0.0.3964804,0.0.4138717@1773085620.702673178
0.0.8281107,19.35502924755306,SUCCESS,0.0.731861,0.0.3964804&0.0.4601632,0.0.4138717@1773085624.269340316
0.0.8673292,137.4414707932325,SUCCESS,0.0.731861,0.0.3964804,0.0.4138717@1773085623.152536958
0.0.8602366,8.955711340220798,SUCCESS,0.0.731861,0.0.3964804,0.0.4138717@1773085623.115067495
0.0.5314183,4.388240878475926,SUCCESS,0.0.731861,0.0.3964804,0.0.4138717@1773085623.674295988
0.0.8304314,0.4388691881079797,SUCCESS,0.0.731861,0.0.3964804,0.0.4138717@1773085626.474796247
0.0.8152447,4.338899321834417,SUCCESS,0.0.731861,0.0.3964804,0.0.4138717@1773085625.590098233
0.0.8247367,2.620747293291774,SUCCESS,0.0.731861,0.0.3964804,0.0.4138717@1773085626.880025530
0.0.8146497,10.41112746993894,SUCCESS,0.0.731861,0.0.3964804&0.0.5328590,0.0.4138717@1773085626.296692020
0.0.8131527,0.1515317598744947,NOT_ASSOCIATED,0.0.731861,0.0.3964804,
0.0.8120088,1.848908293556141,SUCCESS,0.0.731861,0.0.3964804,0.0.4138717@1773085628.298553334
0.0.8115823,0.6765184415849249,SUCCESS,0.0.731861,0.0.3964804,0.0.4138717@1773085626.791707570
0.0.8104363,1794.601536733332,SUCCESS,0.0.731861,0.0.3964804,0.0.4138717@1773085626.869928790
0.0.8084528,236.346974992057,SUCCESS,0.0.731861,0.0.3964804,0.0.4138717@1773085626.096985411
0.0.4799094,1.222601369091243,SUCCESS,0.0.731861,0.0.3964804,0.0.4138717@1773085628.791428263
0.0.2006292,0.7451876173501503,SUCCESS,0.0.731861,0.0.3964804,0.0.4138717@1773085629.683769587
0.0.7912110,0.004229535840812148,NOT_ASSOCIATED,0.0.731861,0.0.3964804,
0.0.8056304,7.138726912319213,NOT_ASSOCIATED,0.0.731861,0.0.3964804,
0.0.7974195,523.1128792050495,SUCCESS,0.0.731861,0.0.3964804,0.0.4138717@1773085627.027798873
0.0.7746903,1.059128989738813,SUCCESS,0.0.731861,0.0.3964804,0.0.4138717@1773085629.460004963
0.0.8032303,0.7329411128745745,SUCCESS,0.0.731861,0.0.3964804,0.0.4138717@1773085629.851235796
0.0.7965413,0.01249770692988558,NOT_ASSOCIATED,0.0.731861,0.0.3964804,
0.0.1481135,469.1060584386806,SUCCESS,0.0.731861,0.0.3964804&0.0.3964834&0.0.3964837&0.0.3964840&0.0.4601632,0.0.4138717@1773085632.316415008
0.0.7896816,203.028877177856,NOT_ASSOCIATED,0.0.731861,0.0.3964804,
0.0.6061106,5.127413895387302,NOT_ASSOCIATED,0.0.731861,0.0.3964804,
0.0.846992,14.96812657282166,SUCCESS,0.0.731861,0.0.3964804,0.0.4138717@1773085631.095207679
0.0.8059253,7.498776697575317,SUCCESS,0.0.731861,0.0.3964804,0.0.4138717@1773085630.717395290
0.0.1334605,125.8499438351216,SUCCESS,0.0.731861,0.0.3964804,0.0.4138717@1773085632.709454531
0.0.6058490,0.366542609514085,SUCCESS,0.0.731861,0.0.3964804,0.0.4138717@1773085634.527717468
0.0.6078189,5.786956225127162,SUCCESS,0.0.731861,0.0.3964804,0.0.4138717@1773085630.638083105
0.0.6247418,0.6323984825934981,NOT_ASSOCIATED,0.0.731861,0.0.3964804,
0.0.4659519,21.15818541833747,SUCCESS,0.0.731861,0.0.3964804,0.0.4138717@1773085635.573857115
0.0.827132,1.275717654202511,SUCCESS,0.0.731861,0.0.3964804,0.0.4138717@1773085634.069750161
0.0.3158284,11.085279806435,SUCCESS,0.0.731861,0.0.3964804&0.0.4601632&0.0.5328590,0.0.4138717@1773085634.593330090
0.0.7913251,0.8777789916454108,SUCCESS,0.0.731861,0.0.3964804,0.0.4138717@1773085635.330519734
0.0.840487,36.33715381139946,SUCCESS,0.0.731861,0.0.3964804,0.0.4138717@1773085638.267399871
0.0.789990,0.8244978916966297,SUCCESS,0.0.731861,0.0.3964804,0.0.4138717@1773085636.501370432
0.0.4362017,18.55961642828765,SUCCESS,0.0.731861,0.0.3964804,0.0.4138717@1773085634.504537125
0.0.1046906,0.285755662270484,SUCCESS,0.0.731861,0.0.3964804,0.0.4138717@1773085639.196758652
0.0.4044502,27.27431750590832,SUCCESS,0.0.731861,0.0.3964804,0.0.4138717@1773085635.676848447
0.0.4923529,0.02062479221898126,NOT_ASSOCIATED,0.0.731861,0.0.3964804,
0.0.4741573,10.50039602144023,SUCCESS,0.0.731861,0.0.3964804,0.0.4138717@1773085636.480211890
0.0.1747288,43.51813065388637,SUCCESS,0.0.731861,0.0.3964804,0.0.4138717@1773085640.312537107
0.0.4640278,1.080943336737997,SUCCESS,0.0.731861,0.0.3964804,0.0.4138717@1773085640.208602718
0.0.4758052,1.991225206681563,SUCCESS,0.0.731861,0.0.3964804,0.0.4138717@1773085639.955134795
0.0.3295745,46.09901619713569,SUCCESS,0.0.731861,0.0.3964804,0.0.4138717@1773085640.548264048
0.0.5060252,4.804756264921437,SUCCESS,0.0.731861,0.0.3964804&0.0.3964860,0.0.4138717@1773085640.594651996
0.0.4322023,9.076459910630163,SUCCESS,0.0.731861,0.0.3964804&0.0.3964855&0.0.4601632,0.0.4138717@1773085640.966243891
0.0.4785387,17.87049398340293,SUCCESS,0.0.731861,0.0.3964804&0.0.4601632,0.0.4138717@1773085642.841027313
0.0.1388678,56.79714907219872,SUCCESS,0.0.731861,0.0.3964804,0.0.4138717@1773085644.681549592
0.0.848151,4.208721934962987,SUCCESS,0.0.731861,0.0.3964804,0.0.4138717@1773085642.069591310
0.0.2477582,4.190211183092625,NOT_ASSOCIATED,0.0.731861,0.0.3964804,
0.0.5739319,12.57753934179441,SUCCESS,0.0.731861,0.0.3964804,0.0.4138717@1773085644.298256638
0.0.7638910,0.5767202480800858,SUCCESS,0.0.731861,0.0.3964804,0.0.4138717@1773085642.542441285
0.0.6256886,0.5746220718717705,SUCCESS,0.0.731861,0.0.3964804,0.0.4138717@1773085642.849316088
0.0.831661,32.71192878801349,SUCCESS,0.0.731861,0.0.3964804,0.0.4138717@1773085642.376717585
0.0.2557514,12.69853310852906,SUCCESS,0.0.731861,0.0.3964804,0.0.4138717@1773085646.584930658
0.0.4250725,1.958055351430978,SUCCESS,0.0.731861,0.0.3964804,0.0.4138717@1773085643.307542888
0.0.3912896,2.421710529715279,SUCCESS,0.0.731861,0.0.3964804,0.0.4138717@1773085643.795775398
0.0.4752954,3.4214779329497,SUCCESS,0.0.731861,0.0.3964804,0.0.4138717@1773085645.644081758
0.0.7777028,8.164443206168134,NOT_ASSOCIATED,0.0.731861,0.0.3964804,
0.0.7610560,1.937681989892383,NOT_ASSOCIATED,0.0.731861,0.0.3964804,
0.0.7791729,0.0124329651806826,NOT_ASSOCIATED,0.0.731861,0.0.3964804,
0.0.7421912,0.5646271147656666,SUCCESS,0.0.731861,0.0.3964804,0.0.4138717@1773085646.758753800
0.0.7570262,1.028273382521205,SUCCESS,0.0.731861,0.0.3964804,0.0.4138717@1773085645.539178077
0.0.7835479,0.3771602312458323,SUCCESS,0.0.731861,0.0.3964804&0.0.3964827,0.0.4138717@1773085646.784461807
0.0.7861872,0.1152215812368947,NOT_ASSOCIATED,0.0.731861,0.0.3964804,
0.0.1479857,14.32938651150825,SUCCESS,0.0.731861,0.0.3964804,0.0.4138717@1773085649.496094133
0.0.5042398,21.5382452546596,SUCCESS,0.0.731861,0.0.3964804,0.0.4138717@1773085651.516662861
0.0.5905014,4.983259249416367,SUCCESS,0.0.731861,0.0.3964804,0.0.4138717@1773085652.398161032
0.0.3947850,0.03448705366187413,SUCCESS,0.0.731861,0.0.3964804&0.0.5328590,0.0.4138717@1773085650.075807376
0.0.6612734,0.09775811189488144,NOT_ASSOCIATED,0.0.731861,0.0.3964804,
0.0.6324031,0.009777664838450738,SUCCESS,0.0.731861,0.0.3964804,0.0.4138717@1773085651.099555591
0.0.2123622,1.66366628512835,SUCCESS,0.0.731861,0.0.3964804,0.0.4138717@1773085650.918511023
0.0.4360598,0.4915489953428111,SUCCESS,0.0.731861,0.0.3964804,0.0.4138717@1773085652.069036720
0.0.6674918,0.186699495947105,SUCCESS,0.0.731861,0.0.3964804,0.0.4138717@1773085655.392462197
0.0.1307915,0.005632424449011144,SUCCESS,0.0.731861,0.0.3964804,0.0.4138717@1773085651.990022484
0.0.835625,38.12720215833657,SUCCESS,0.0.731861,0.0.3964804&0.0.3964827&0.0.3964837,0.0.4138717@1773085655.827807881
0.0.6933072,6.505237316460165,NOT_ASSOCIATED,0.0.731861,0.0.3964804,
0.0.6232417,0.2614561358359557,SUCCESS,0.0.731861,0.0.3964804,0.0.4138717@1773085654.704652770
0.0.1448239,0.667710613481295,SUCCESS,0.0.731861,0.0.3964804,0.0.4138717@1773085652.347878423
0.0.6344703,8652.488080453715,SUCCESS,0.0.731861,0.0.3964804&0.0.4129330&0.0.6071041&0.0.6126395&0.0.8315114,0.0.4138717@1773085654.433422556
0.0.8042105,1.463240248306501,NOT_ASSOCIATED,0.0.731861,0.0.3964804,
0.0.1233065,4.413525775263246,SUCCESS,0.0.731861,0.0.3964804,0.0.4138717@1773085655.191181682
0.0.4978453,108.690649934069,SUCCESS,0.0.731861,0.0.3964804,0.0.4138717@1773085659.272705124
0.0.1859919,1.654722559994766,NOT_ASSOCIATED,0.0.731861,0.0.3964804,
0.0.7200618,0.24545004840461,SUCCESS,0.0.731861,0.0.3964804,0.0.4138717@1773085658.912663696
0.0.3159220,7.312526030161353,SUCCESS,0.0.731861,0.0.3964804,0.0.4138717@1773085657.158605884
0.0.987356,119.0385582477865,SUCCESS,0.0.731861,0.0.3964804,0.0.4138717@1773085659.478673785
0.0.4595460,1.405218172445432,SUCCESS,0.0.731861,0.0.3964804,0.0.4138717@1773085658.254840060
0.0.4899880,0.8549603608820047,SUCCESS,0.0.731861,0.0.3964804,0.0.4138717@1773085660.788330681
0.0.5437974,12.99717897154905,SUCCESS,0.0.731861,0.0.3964804,0.0.4138717@1773085658.821098191
0.0.707587,143.5309728555237,SUCCESS,0.0.731861,0.0.3964804,0.0.4138717@1773085662.261072637
0.0.7788265,2.582453082390195,NOT_ASSOCIATED,0.0.731861,0.0.3964804,
0.0.53756,48.40080698699316,SUCCESS,0.0.731861,0.0.3964804,0.0.4138717@1773085659.093448134
0.0.689277,111.4806108550432,SUCCESS,0.0.731861,0.0.3964804,0.0.4138717@1773085660.912398056
0.0.1090802,1.0158478063621,SUCCESS,0.0.731861,0.0.3964804,0.0.4138717@1773085660.682379173
0.0.2091507,41.51888578348068,SUCCESS,0.0.731861,0.0.3964804,0.0.4138717@1773085660.738466597
0.0.9095016,27.35512089352261,NOT_ASSOCIATED,0.0.731861,0.0.3964804,
0.0.8826517,86.59821597124036,SUCCESS,0.0.731861,0.0.3964804,0.0.4138717@1773085663.287188549
0.0.9065767,10.67230952678267,SUCCESS,0.0.731861,0.0.3964804,0.0.4138717@1773085665.581499535
0.0.9009997,5.854173362520808,NOT_ASSOCIATED,0.0.731861,0.0.3964804,
0.0.8792600,0.04170416060646651,NOT_ASSOCIATED,0.0.731861,0.0.3964804,
0.0.8256574,0.6249843091712097,SUCCESS,0.0.731861,0.0.3964804&0.0.3964808,0.0.4138717@1773085665.023660208
0.0.7571260,2.630976469114705,SUCCESS,0.0.731861,0.0.3964804,0.0.4138717@1773085663.330379155
0.0.8585468,0.01286887698821483,SUCCESS,0.0.731861,0.0.3964804,0.0.4138717@1773085665.222691992
0.0.1365814,4.322170222240457,SUCCESS,0.0.731861,0.0.3964804,0.0.4138717@1773085665.673754429
0.0.1459865,23.7011799099098,NOT_ASSOCIATED,0.0.731861,0.0.3964804,
0.0.5524338,0.6831529952331098,SUCCESS,0.0.731861,0.0.3964804,0.0.4138717@1773085664.500915841
0.0.8198608,5.624218040570931,SUCCESS,0.0.731861,0.0.3964804,0.0.4138717@1773085666.081184437
0.0.8385016,4.599518751257446,SUCCESS,0.0.731861,0.0.3964804,0.0.4138717@1773085664.591672638
0.0.8414409,0.2247505161918927,SUCCESS,0.0.731861,0.0.3964804,0.0.4138717@1773085665.684197604
0.0.9367202,0.02662475381632124,NOT_ASSOCIATED,0.0.731861,0.0.3964804,
0.0.4821795,7.291146199360571,SUCCESS,0.0.731861,0.0.3964804,0.0.4138717@1773085668.390806915
0.0.9318048,0.2288339290727844,NOT_ASSOCIATED,0.0.731861,0.0.3964804,
0.0.5159009,366.8689393919459,SUCCESS,0.0.731861,0.0.3964804,0.0.4138717@1773085665.091500035
0.0.8880678,0.3562826544156825,SUCCESS,0.0.731861,0.0.3964804,0.0.4138717@1773085670.379429250
0.0.9285770,1.596809998659654,NOT_ASSOCIATED,0.0.731861,0.0.3964804,
0.0.9275748,12.32939517258339,SUCCESS,0.0.731861,0.0.3964804&0.0.3964827,0.0.4138717@1773085670.265343331
0.0.4345655,42.61394129350229,SUCCESS,0.0.731861,0.0.3964804,0.0.4138717@1773085666.618638162
0.0.6068301,11.78548913790224,SUCCESS,0.0.731861,0.0.3964804&0.0.5328590,0.0.4138717@1773085668.066016627
0.0.8113254,7.350431039472921,SUCCESS,0.0.731861,0.0.3964804&0.0.4601632&0.0.5328590,0.0.4138717@1773085670.510238729
0.0.1862342,4.613336024137577,SUCCESS,0.0.731861,0.0.3964804,0.0.4138717@1773085668.633450772
0.0.1714233,4.022092451006981,SUCCESS,0.0.731861,0.0.3964804,0.0.4138717@1773085669.688072580
0.0.9196038,2.565141600285252,SUCCESS,0.0.731861,0.0.3964804,0.0.4138717@1773085669.537135373
0.0.1118731,0.2114143406453382,SUCCESS,0.0.731861,0.0.3964804,0.0.4138717@1773085669.394394639
0.0.1403937,0.1209296400628149,SUCCESS,0.0.731861,0.0.3964804,0.0.4138717@1773085673.987129704
0.0.9177141,0.7189156476346326,NOT_ASSOCIATED,0.0.731861,0.0.3964804,
0.0.9086562,0.01694465080528773,SUCCESS,0.0.731861,0.0.3964804,0.0.4138717@1773085674.063469108
0.0.8392843,5.1101232417445,NOT_ASSOCIATED,0.0.731861,0.0.3964804,
0.0.9169121,4.546449417591727,SUCCESS,0.0.731861,0.0.3964804,0.0.4138717@1773085673.898227384
0.0.958821,220.4781237847484,SUCCESS,0.0.731861,0.0.3964804,0.0.4138717@1773085674.562674469
0.0.3077609,36.45139194704603,SUCCESS,0.0.731861,0.0.3964804,0.0.4138717@1773085673.983911501
0.0.8178093,1.254191697559229,NOT_ASSOCIATED,0.0.731861,0.0.3964804,
0.0.8175769,1.082714955031438,SUCCESS,0.0.731861,0.0.3964804,0.0.4138717@1773085677.718039047
0.0.8173226,59.57833484294199,SUCCESS,0.0.731861,0.0.3964804,0.0.4138717@1773085678.021917234
0.0.8142528,0.3522314424538029,NOT_ASSOCIATED,0.0.731861,0.0.3964804,
0.0.3828375,290.7336328727216,SUCCESS,0.0.731861,0.0.3964804,0.0.4138717@1773085674.128378587
0.0.833836,30.53158534218097,SUCCESS,0.0.731861,0.0.3964804,0.0.4138717@1773085676.062354342
0.0.5007636,1.256432060232291,NOT_ASSOCIATED,0.0.731861,0.0.3964804,
0.0.4746343,0.02267650418777116,SUCCESS,0.0.731861,0.0.3964804,0.0.4138717@1773085677.574997597
0.0.813564,0.01461670350722057,SUCCESS,0.0.731861,0.0.3964804,0.0.4138717@1773085676.027938870
0.0.1906790,0.1588339481683038,SUCCESS,0.0.731861,0.0.3964804,0.0.4138717@1773085681.498212178
0.0.5761971,0.002184690077837306,SUCCESS,0.0.731861,0.0.3964804,0.0.4138717@1773085680.794630492
0.0.7997139,1.498952988797968,SUCCESS,0.0.731861,0.0.3964804,0.0.4138717@1773085677.894623518
0.0.8209324,7.904917398618108,SUCCESS,0.0.731861,0.0.3964804,0.0.4138717@1773085680.810605621
0.0.7049977,0.116356308343945,NOT_ASSOCIATED,0.0.731861,0.0.3964804,
0.0.8357089,8.866247271843493,NOT_ASSOCIATED,0.0.731861,0.0.3964804,
0.0.8357708,234.5153219152808,SUCCESS,0.0.731861,0.0.3964804,0.0.4138717@1773085680.054811427
0.0.8346544,42.22415503158479,NOT_ASSOCIATED,0.0.731861,0.0.3964804,
0.0.4867972,0.4630981658354846,SUCCESS,0.0.731861,0.0.3964804,0.0.4138717@1773085679.600728816
0.0.8323906,236.4668489908809,NOT_ASSOCIATED,0.0.731861,0.0.3964804,
0.0.8156060,1.480348829335652,SUCCESS,0.0.731861,0.0.3964804,0.0.4138717@1773085683.510370283
0.0.8306798,43.79574029622136,SUCCESS,0.0.731861,0.0.3964804&0.0.3964808&0.0.3964827&0.0.5328590,0.0.4138717@1773085682.249172267
0.0.8298814,23.44105663400617,SUCCESS,0.0.731861,0.0.3964804,0.0.4138717@1773085680.171336438
0.0.7964752,0.05808475548245334,SUCCESS,0.0.731861,0.0.3964804,0.0.4138717@1773085682.884255227
0.0.2025203,1.160456272603819,SUCCESS,0.0.731861,0.0.3964804,0.0.4138717@1773085685.339939246
0.0.2208244,11.90464355691122,SUCCESS,0.0.731861,0.0.3964804,0.0.4138717@1773085683.799678463
0.0.1106819,11.6014019216562,SUCCESS,0.0.731861,0.0.3964804,0.0.4138717@1773085685.967290005
0.0.10104315,15.00691941330943,SUCCESS,0.0.731861,0.0.3964804,0.0.4138717@1773085683.379552536
0.0.9796301,0.5480094700745268,NOT_ASSOCIATED,0.0.731861,0.0.3964804,
0.0.1686527,1.141207319276986,SUCCESS,0.0.731861,0.0.3964804,0.0.4138717@1773085686.540525363
0.0.10113345,0.000001683938217469527,SUCCESS,0.0.731861,0.0.3964804,0.0.4138717@1773085686.186205183
0.0.10025532,0.6768701477294728,SUCCESS,0.0.731861,0.0.3964804,0.0.4138717@1773085684.754345158
0.0.1190213,2.24695847943778,SUCCESS,0.0.731861,0.0.3964804&0.0.5328590,0.0.4138717@1773085687.936963156
0.0.859565,5.074569604431679,SUCCESS,0.0.731861,0.0.3964804,0.0.4138717@1773085687.090052919
0.0.8640197,248.5011903324252,SUCCESS,0.0.731861,0.0.3964804,0.0.4138717@1773085689.002798557
0.0.8087973,80.14986185671147,SUCCESS,0.0.731861,0.0.3964804,0.0.4138717@1773085687.788469811
0.0.9728042,50.47538892206009,SUCCESS,0.0.731861,0.0.3964804,0.0.4138717@1773085689.420097394
0.0.4346529,0.8187445108108289,SUCCESS,0.0.731861,0.0.3964804,0.0.4138717@1773085689.758855999
0.0.1412348,44.69583129775238,SUCCESS,0.0.731861,0.0.3964804,0.0.4138717@1773085689.260847067
0.0.4749090,0.001801408776941213,SUCCESS,0.0.731861,0.0.3964804,0.0.4138717@1773085691.855597631
0.0.5705148,0.06880199322942397,SUCCESS,0.0.731861,0.0.3964804,0.0.4138717@1773085689.672533350
0.0.7865510,11.27670871499152,SUCCESS,0.0.731861,0.0.3964804,0.0.4138717@1773085690.979100398
0.0.10008144,7.307503771151736,SUCCESS,0.0.731861,0.0.3964804,0.0.4138717@1773085692.966115963
0.0.9210303,6.833057921112449,SUCCESS,0.0.731861,0.0.3964804,0.0.4138717@1773085691.513254259
0.0.1478185,24.50331691334881,SUCCESS,0.0.731861,0.0.3964804,0.0.4138717@1773085690.696507280
0.0.9596185,0.0001281814871285805,SUCCESS,0.0.731861,0.0.3964804,0.0.4138717@1773085691.467359342
0.0.9144627,316.0392395855411,SUCCESS,0.0.731861,0.0.3964804&0.0.4601632,0.0.4138717@1773085692.502200238
0.0.845346,273.1872301059895,SUCCESS,0.0.731861,0.0.3964804&0.0.5328590,0.0.4138717@1773085694.466330861
0.0.9652847,3.755155117496077,SUCCESS,0.0.731861,0.0.3964804,0.0.4138717@1773085697.623194598
0.0.9162845,75.19450657503943,SUCCESS,0.0.731861,0.0.3964804&0.0.5328590,0.0.4138717@1773085693.943553587
0.0.9946813,0.07016295735043461,SUCCESS,0.0.731861,0.0.3964804,0.0.4138717@1773085694.364758429
0.0.9997888,7.451094961472246,SUCCESS,0.0.731861,0.0.3964804,0.0.4138717@1773085695.337903066
0.0.4337930,450.1778419962416,SUCCESS,0.0.731861,0.0.3964804&0.0.5328590,0.0.4138717@1773085697.987721365
0.0.10048918,372.3849895562145,SUCCESS,0.0.731861,0.0.3964804&0.0.3964840&0.0.10093026,0.0.4138717@1773085697.629915270
0.0.4639295,7.061661875785497,SUCCESS,0.0.731861,0.0.3964804,0.0.4138717@1773085698.904254815
0.0.10300353,0.04840436682807493,NOT_ASSOCIATED,0.0.731861,0.0.3964804,
0.0.9208631,12.69817313223788,SUCCESS,0.0.731861,0.0.3964804,0.0.4138717@1773085697.981328911
0.0.5802354,2.10088491728542,SUCCESS,0.0.731861,0.0.3964804,0.0.4138717@1773085699.269153435
0.0.4157253,40.07756101402249,SUCCESS,0.0.731861,0.0.3964804,0.0.4138717@1773085698.026489863
0.0.4722361,0.002942690591574507,SUCCESS,0.0.731861,0.0.3964804,0.0.4138717@1773085698.476247045
0.0.1422231,0.1674341004955268,SUCCESS,0.0.731861,0.0.3964804,0.0.4138717@1773085699.822384839
0.0.5733936,0.004441806463264157,SUCCESS,0.0.731861,0.0.3964804,0.0.4138717@1773085702.692235200
0.0.10308209,0.00283507868448223,NOT_ASSOCIATED,0.0.731861,0.0.3964804,
0.0.10307970,0.00286090637207944,NOT_ASSOCIATED,0.0.731861,0.0.3964804,
0.0.10251800,0.004752355329475672,NOT_ASSOCIATED,0.0.731861,0.0.3964804,
0.0.2014278,81.49965975034173,SUCCESS,0.0.731861,0.0.3964804&0.0.3964860,0.0.4138717@1773085701.800551800
0.0.4573495,20635.64335602904,SUCCESS,0.0.731861,0.0.3964804&0.0.3964860,0.0.4138717@1773085701.668443702
0.0.7935176,2753.163541635243,SUCCESS,0.0.731861,0.0.3964804&0.0.4601632&0.0.5328590,0.0.4138717@1773085699.717333643
0.0.4369285,1344.319019939599,SUCCESS,0.0.731861,0.0.3964804&0.0.5328590,0.0.4138717@1773085700.035888082
0.0.10304973,1.876153852102918,SUCCESS,0.0.731861,0.0.3964804,0.0.4138717@1773085701.263683072
0.0.6908258,2.23614130422263,SUCCESS,0.0.731861,0.0.3964804,0.0.4138717@1773085701.648380469
0.0.1099801,660.4110847650218,SUCCESS,0.0.731861,0.0.3964804,0.0.4138717@1773085705.665763254
0.0.892416,138.5003810833371,SUCCESS,0.0.731861,0.0.3964804&0.0.3964840,0.0.4138717@1773085704.570918847
0.0.1198079,216.198632712217,SUCCESS,0.0.731861,0.0.3964804,0.0.4138717@1773085706.682821444
0.0.1321462,10.72553209354552,SUCCESS,0.0.731861,0.0.3964804,0.0.4138717@1773085707.079149438
0.0.8241599,9.925171647428236,SUCCESS,0.0.731861,0.0.3964804,0.0.4138717@1773085705.550444426
0.0.10035851,135.9058823398028,SUCCESS,0.0.731861,0.0.3964804,0.0.4138717@1773085706.417955777
0.0.8213379,0.05168097017860838,SUCCESS,0.0.731861,0.0.3964804,0.0.4138717@1773085708.960088773
0.0.8570223,44.10451466815044,SUCCESS,0.0.731861,0.0.3964804,0.0.4138717@1773085706.087397205
0.0.8023334,38.89499290277848,SUCCESS,0.0.731861,0.0.3964804,0.0.4138717@1773085705.748980264
0.0.3709566,4.885949777349293,SUCCESS,0.0.731861,0.0.3964804,0.0.4138717@1773085707.904004408
0.0.8244642,982.3375310369222,SUCCESS,0.0.731861,0.0.3964804,0.0.4138717@1773085706.619100389
0.0.684625,32.40977838665892,SUCCESS,0.0.731861,0.0.3964804&0.0.3964860,0.0.4138717@1773085706.724499712
0.0.7553528,2074.679062718668,SUCCESS,0.0.731861,0.0.3964804,0.0.4138717@1773085707.061856562
0.0.732615,20343.21092637211,SUCCESS,0.0.731861,0.0.3964804&0.0.3964808&0.0.3964809,0.0.4138717@1773085709.551348761
0.0.1008009,37.06118459780865,SUCCESS,0.0.731861,0.0.3964804&0.0.3964855&0.0.4601632&0.0.5328590,0.0.4138717@1773085711.361987020
0.0.1067361,5686.926040212654,SUCCESS,0.0.731861,0.0.3964804&0.0.5328590,0.0.4138717@1773085711.396754938
0.0.4184148,0.00334505321848285,SUCCESS,0.0.731861,0.0.3964804,0.0.4138717@1773085713.650578868
0.0.9417458,0.5352827312481488,SUCCESS,0.0.731861,0.0.3964804,0.0.4138717@1773085713.532962962
0.0.815643,0.002560705624188588,SUCCESS,0.0.731861,0.0.3964804,0.0.4138717@1773085711.279329809
0.0.4350498,8.33074493978375e-10,SUCCESS,0.0.731861,0.0.3964804,0.0.4138717@1773085710.327422194
0.0.6181303,129.1983223584658,SUCCESS,0.0.731861,0.0.3964804,0.0.4138717@1773085710.868025222
0.0.4862277,3.285323545829074,SUCCESS,0.0.731861,0.0.3964804,0.0.4138717@1773085715.091380000
0.0.6076526,5.847198351085636,SUCCESS,0.0.731861,0.0.3964804,0.0.4138717@1773085714.997492906
0.0.4231312,7.885029276226559,SUCCESS,0.0.731861,0.0.3964804,0.0.4138717@1773085714.632958956
0.0.1395051,2.811255847137835,SUCCESS,0.0.731861,0.0.3964804,0.0.4138717@1773085715.447038587
0.0.7581801,0.7155907184462109,SUCCESS,0.0.731861,0.0.3964804,0.0.4138717@1773085713.995879476
0.0.4393392,0.744547830119757,NOT_ASSOCIATED,0.0.731861,0.0.3964804,
0.0.4731571,1.109318890537651,SUCCESS,0.0.731861,0.0.3964804,0.0.4138717@1773085715.593665786
0.0.4161393,66.97476191861095,SUCCESS,0.0.731861,0.0.3964804&0.0.3964837,0.0.4138717@1773085714.719283732
0.0.5807966,4.298729233251832,SUCCESS,0.0.731861,0.0.3964804,0.0.4138717@1773085718.367248128
0.0.8117500,190.1051042454926,SUCCESS,0.0.731861,0.0.3964804&0.0.3964808,0.0.4138717@1773085718.290833733
0.0.10227517,0.4450882050528076,SUCCESS,0.0.731861,0.0.3964804,0.0.4138717@1773085716.363826468
0.0.4112263,105.0999625673816,SUCCESS,0.0.731861,0.0.3964808,0.0.4138717@1773085718.927720947
0.0.6807978,0.023066329820883,SUCCESS,0.0.731861,0.0.3964808,0.0.4138717@1773085718.070502140
0.0.7582729,415.5230409425522,SUCCESS,0.0.731861,0.0.3964808,0.0.4138717@1773085719.634881921
0.0.3008234,5.474785491119665,SUCCESS,0.0.731861,0.0.3964808,0.0.4138717@1773085721.411651268
0.0.10231452,979.75351688791,SUCCESS,0.0.731861,0.0.3964808,0.0.4138717@1773085722.155130906
0.0.1005072,5.0105434596213,SUCCESS,0.0.731861,0.0.3964808,0.0.4138717@1773085719.809452866
0.0.6235543,14.86176921426408,SUCCESS,0.0.731861,0.0.3964808,0.0.4138717@1773085721.553692038
0.0.435679,1200.067675347909,SUCCESS,0.0.731861,0.0.3964808&0.0.3964827&0.0.5328590,0.0.4138717@1773085722.940975832
0.0.8083839,2308.962469507012,SUCCESS,0.0.731861,0.0.3964808&0.0.3964827&0.0.5328590,0.0.4138717@1773085719.746679638
0.0.7760710,0.6257069046178056,SUCCESS,0.0.731861,0.0.3964808,0.0.4138717@1773085723.439252260
0.0.7710944,0.3360446397985361,SUCCESS,0.0.731861,0.0.3964808,0.0.4138717@1773085723.991924986
0.0.811544,13.26709601157007,SUCCESS,0.0.731861,0.0.3964808,0.0.4138717@1773085721.926662710
0.0.4342823,0.6610440185595349,SUCCESS,0.0.731861,0.0.3964808,0.0.4138717@1773085721.094772285
0.0.1890297,6.740825503667334,SUCCESS,0.0.731861,0.0.3964808,0.0.4138717@1773085725.170469850
0.0.4179053,0.1395199500463098,SUCCESS,0.0.731861,0.0.3964808,0.0.4138717@1773085721.517443336
0.0.842464,9.687510798767615,SUCCESS,0.0.731861,0.0.3964808&0.0.3964837&0.0.3964840&0.0.4129330,0.0.4138717@1773085724.853276664
0.0.4762457,4.088291527507554,SUCCESS,0.0.731861,0.0.3964808,0.0.4138717@1773085724.121652434
0.0.2031271,0.2798489851082569,SUCCESS,0.0.731861,0.0.3964808,0.0.4138717@1773085726.366021552
0.0.2028589,0.2652240280151683,SUCCESS,0.0.731861,0.0.3964808,0.0.4138717@1773085726.572725337
0.0.1332209,0.07807169841610893,SUCCESS,0.0.731861,0.0.3964808,0.0.4138717@1773085724.661023235
0.0.3969121,0.4112439817972054,SUCCESS,0.0.731861,0.0.3964809,0.0.4138717@1773085727.252200261
0.0.829536,343.7149716700388,SUCCESS,0.0.731861,0.0.3964809,0.0.4138717@1773085727.800385238
0.0.10243720,167.8582672330826,NOT_ASSOCIATED,0.0.731861,0.0.3964809,
0.0.4778501,2.75141503576419,SUCCESS,0.0.731861,0.0.3964809,0.0.4138717@1773085726.202995199
0.0.4146647,0.08699407320908739,SUCCESS,0.0.731861,0.0.3964821,0.0.4138717@1773085727.174614966
0.0.3000165,1147.52432068887,SUCCESS,0.0.731861,0.0.3964821,0.0.4138717@1773085728.640037075
0.0.3283790,2929.684219269546,SUCCESS,0.0.731861,0.0.3964827&0.0.6071119,0.0.4138717@1773085730.567562768
0.0.615626,1.678226130577953,SUCCESS,0.0.731861,0.0.3964827,0.0.4138717@1773085728.565975193
0.0.913930,2.279747808768743,SUCCESS,0.0.731861,0.0.3964827,0.0.4138717@1773085731.849129865
0.0.6109726,52.91063917160791,SUCCESS,0.0.731861,0.0.3964827,0.0.4138717@1773085732.349084994
0.0.7870892,2.400022511064704,SUCCESS,0.0.731861,0.0.3964827,0.0.4138717@1773085731.541613185
0.0.7595440,137.5512898893183,SUCCESS,0.0.731861,0.0.3964827,0.0.4138717@1773085729.777215081
0.0.479120,2943.636359038951,SUCCESS,0.0.731861,0.0.3964827&0.0.4129330,0.0.4138717@1773085731.589698732
0.0.7486751,0.3054496965520218,SUCCESS,0.0.731861,0.0.3964827,0.0.4138717@1773085733.681866468
0.0.1392115,292.4065484148929,SUCCESS,0.0.731861,0.0.3964827&0.0.4129330,0.0.4138717@1773085730.883775623
0.0.611948,19.53322073515683,SUCCESS,0.0.731861,0.0.3964827,0.0.4138717@1773085731.183201406
0.0.1750137,108.4614580193963,SUCCESS,0.0.731861,0.0.3964827,0.0.4138717@1773085732.540514921
0.0.4338112,0.1463170893386232,SUCCESS,0.0.731861,0.0.3964827,0.0.4138717@1773085736.576288878
0.0.839408,182.2413399434517,SUCCESS,0.0.731861,0.0.3964827,0.0.4138717@1773085736.886692322
0.0.834607,62.43149060882683,SUCCESS,0.0.731861,0.0.3964827,0.0.4138717@1773085738.521925355
0.0.849606,136.2857597800591,SUCCESS,0.0.731861,0.0.3964827&0.0.6071119,0.0.4138717@1773085735.238955251
0.0.1400872,127.2828965733405,SUCCESS,0.0.731861,0.0.3964827&0.0.4129330&0.0.6071911,0.0.4138717@1773085738.324478548
0.0.1436265,12.1340327886328,SUCCESS,0.0.731861,0.0.3964827,0.0.4138717@1773085738.730817068
0.0.4737222,2.761429620649499,SUCCESS,0.0.731861,0.0.3964827,0.0.4138717@1773085735.229922539
0.0.9178066,250.7726071584398,SUCCESS,0.0.731861,0.0.3964827,0.0.4138717@1773085739.146255862
0.0.6288848,0.7046277492008315,SUCCESS,0.0.731861,0.0.3964827&0.0.6071119,0.0.4138717@1773085740.416356877
0.0.1700952,364.4494725098954,SUCCESS,0.0.731861,0.0.3964827&0.0.6071119,0.0.4138717@1773085738.510341497
0.0.7562963,250.1769467262035,SUCCESS,0.0.731861,0.0.3964827&0.0.5328590,0.0.4138717@1773085740.601470939
0.0.7947570,0.2647554110432441,SUCCESS,0.0.731861,0.0.3964827,0.0.4138717@1773085738.518509842
0.0.8778454,0.1035912493486206,SUCCESS,0.0.731861,0.0.3964827,0.0.4138717@1773085739.077908267
0.0.1406579,1.208504554497594,SUCCESS,0.0.731861,0.0.3964827,0.0.4138717@1773085742.920819486
0.0.1120301,0.08571849848495025,SUCCESS,0.0.731861,0.0.3964827&0.0.3964855,0.0.4138717@1773085743.182027656
0.0.9541852,2.06095170601389,SUCCESS,0.0.731861,0.0.3964827,0.0.4138717@1773085744.095775381
0.0.8377520,278.8059285485026,SUCCESS,0.0.731861,0.0.3964827,0.0.4138717@1773085743.781952364
0.0.1087560,51.37710707424736,SUCCESS,0.0.731861,0.0.3964827&0.0.3964855,0.0.4138717@1773085743.604940714
0.0.3051653,13.41037315520618,SUCCESS,0.0.731861,0.0.3964827,0.0.4138717@1773085744.198141371
0.0.10233326,216.2094574038875,SUCCESS,0.0.731861,0.0.3964827&0.0.3964837,0.0.4138717@1773085743.213857300
0.0.7973422,0.3983893713290877,SUCCESS,0.0.731861,0.0.3964827,0.0.4138717@1773085745.328795161
0.0.749715,100.3691194849012,SUCCESS,0.0.731861,0.0.3964827,0.0.4138717@1773085743.771232245
0.0.834234,1.548253082499308,SUCCESS,0.0.731861,0.0.3964827,0.0.4138717@1773085745.965009701
0.0.6630516,7.329352945789274,SUCCESS,0.0.731861,0.0.3964827,0.0.4138717@1773085744.252848394
0.0.4975045,110.1849814623404,SUCCESS,0.0.731861,0.0.3964827,0.0.4138717@1773085746.002723415
0.0.9168967,17.23226650251929,SUCCESS,0.0.731861,0.0.3964827&0.0.5328590&0.0.6071074,0.0.4138717@1773085747.733357646
0.0.1079751,64.3318202507164,SUCCESS,0.0.731861,0.0.3964827,0.0.4138717@1773085747.665437306
0.0.7677057,27.22184227262369,SUCCESS,0.0.731861,0.0.3964827,0.0.4138717@1773085748.524306323
0.0.2288443,232.5431067694941,SUCCESS,0.0.731861,0.0.3964827&0.0.3964837&0.0.4129330&0.0.5328590,0.0.4138717@1773085747.764888384
0.0.7776243,1.747036735377393,SUCCESS,0.0.731861,0.0.3964827,0.0.4138717@1773085747.792564092
0.0.836080,2.407888339809619e-8,SUCCESS,0.0.731861,0.0.3964827&0.0.3964837&0.0.3964855,0.0.4138717@1773085749.606127881
0.0.5239780,158.1852276436041,SUCCESS,0.0.731861,0.0.3964827,0.0.4138717@1773085752.452041243
0.0.5447658,0.3253625687591017,SUCCESS,0.0.731861,0.0.3964827,0.0.4138717@1773085752.561930756
0.0.4344919,5.07476206579098,SUCCESS,0.0.731861,0.0.3964827,0.0.4138717@1773085752.798851706
0.0.4348609,108.5300673486053,SUCCESS,0.0.731861,0.0.3964827&0.0.5328590,0.0.4138717@1773085752.371349710
0.0.4364640,8.934015421304839,SUCCESS,0.0.731861,0.0.3964827,0.0.4138717@1773085750.513266796
0.0.3443413,7.307467611782866,SUCCESS,0.0.731861,0.0.3964827&0.0.4601632,0.0.4138717@1773085750.451148317
0.0.4793606,29.83635559283192,SUCCESS,0.0.731861,0.0.3964827&0.0.5328590,0.0.4138717@1773085754.306334332
0.0.1061257,170.0602516251611,SUCCESS,0.0.731861,0.0.3964827&0.0.4601632&0.0.5328590,0.0.4138717@1773085754.601349133
0.0.1107354,5.405436518645955,SUCCESS,0.0.731861,0.0.3964827,0.0.4138717@1773085752.728087685
0.0.4733298,4.251076449105122,SUCCESS,0.0.731861,0.0.3964827,0.0.4138717@1773085755.213171297
0.0.7950871,0.0004467059520609978,SUCCESS,0.0.731861,0.0.3964827,0.0.4138717@1773085753.132986843
0.0.3169781,8.108240053688972,SUCCESS,0.0.731861,0.0.3964827,0.0.4138717@1773085753.141886261
0.0.1065704,52.66068624546732,SUCCESS,0.0.731861,0.0.3964827,0.0.4138717@1773085754.862780645
0.0.7965416,0.08021916731345798,NOT_ASSOCIATED,0.0.731861,0.0.3964827,
0.0.4338721,0.6264330543928761,SUCCESS,0.0.731861,0.0.3964834&0.0.3964840,0.0.4138717@1773085754.628483646
0.0.4543305,1629.125155806622,SUCCESS,0.0.731861,0.0.3964837,0.0.4138717@1773085758.648421952
0.0.859023,0.005187751934192877,SUCCESS,0.0.731861,0.0.3964837&0.0.6071119,0.0.4138717@1773085755.860245891
0.0.850401,51.84082341593523,SUCCESS,0.0.731861,0.0.3964837,0.0.4138717@1773085759.202318492
0.0.1284263,54.74066042323457,SUCCESS,0.0.731861,0.0.3964837,0.0.4138717@1773085760.869750068
0.0.1294472,215.9514485585168,SUCCESS,0.0.731861,0.0.3964837,0.0.4138717@1773085759.143002081
0.0.1472060,503.2050717281539,SUCCESS,0.0.731861,0.0.3964837,0.0.4138717@1773085758.506664648
0.0.790151,14.97495434553044,SUCCESS,0.0.731861,0.0.3964837,0.0.4138717@1773085760.474357564
0.0.2799604,946.7527457034768,SUCCESS,0.0.731861,0.0.3964837,0.0.4138717@1773085762.614201320
0.0.8352476,103.5042434005586,SUCCESS,0.0.731861,0.0.3964837&0.0.4601632,0.0.4138717@1773085761.910542512
0.0.1020586,571.9636400124514,SUCCESS,0.0.731861,0.0.3964837&0.0.4601632&0.0.5328590,0.0.4138717@1773085764.744484880
0.0.8378072,133.1327107646462,SUCCESS,0.0.731861,0.0.3964837,0.0.4138717@1773085761.630596632
0.0.5702281,8383.25585621564,SUCCESS,0.0.731861,0.0.3964837&0.0.3964840,0.0.4138717@1773085760.853213257
0.0.913172,0.8285957509223091,SUCCESS,0.0.731861,0.0.3964837,0.0.4138717@1773085765.255420560
0.0.1016797,1729.608718792834,SUCCESS,0.0.731861,0.0.3964855&0.0.4601632&0.0.5328590,0.0.4138717@1773085765.362299920
0.0.1228872,1.070678546217557,SUCCESS,0.0.731861,0.0.3964855,0.0.4138717@1773085766.048482041
0.0.1054756,1983.773534690464,SUCCESS,0.0.731861,0.0.3964855,0.0.4138717@1773085762.676554307
0.0.4861302,1.769453399811288,SUCCESS,0.0.731861,0.0.3964855&0.0.4601632,0.0.4138717@1773085766.976049588
0.0.5377617,62.7128343292413,SUCCESS,0.0.731861,0.0.3964855,0.0.4138717@1773085764.461389921
0.0.1423973,1.82709506594962e-8,SUCCESS,0.0.731861,0.0.3964855,0.0.4138717@1773085767.146888983
0.0.9371874,0.0008632973650268356,SUCCESS,0.0.731861,0.0.3964860,0.0.4138717@1773085767.233407356
0.0.868627,1415.586750299425,SUCCESS,0.0.731861,0.0.3964860,0.0.4138717@1773085769.527498276
0.0.9144335,19.06434218717406,SUCCESS,0.0.731861,0.0.3964860,0.0.4138717@1773085768.331388981
0.0.8257213,22.94208324903611,SUCCESS,0.0.731861,0.0.3964860,0.0.4138717@1773085765.643679706
0.0.9371968,0.001131794671541435,SUCCESS,0.0.731861,0.0.3964860,0.0.4138717@1773085771.777872322
0.0.9375318,0.0005815549482541377,SUCCESS,0.0.731861,0.0.3964860,0.0.4138717@1773085771.113708658
0.0.9377397,0.001164505363481963,SUCCESS,0.0.731861,0.0.3964860,0.0.4138717@1773085769.358958979
0.0.9377518,0.001164599971412426,SUCCESS,0.0.731861,0.0.3964860,0.0.4138717@1773085771.417124671
0.0.9377844,0.0092306829026401,SUCCESS,0.0.731861,0.0.3964860,0.0.4138717@1773085770.115406087
0.0.9377806,0.0005959353536771993,SUCCESS,0.0.731861,0.0.3964860,0.0.4138717@1773085774.211315333
0.0.9377965,0.001180115672000251,SUCCESS,0.0.731861,0.0.3964860,0.0.4138717@1773085772.803758420
0.0.9377988,0.01016699393796394,SUCCESS,0.0.731861,0.0.3964860,0.0.4138717@1773085772.909298162
0.0.9379489,0.00001227537897119765,SUCCESS,0.0.731861,0.0.3964860,0.0.4138717@1773085771.222922521
0.0.9738472,0.1159992092161619,SUCCESS,0.0.731861,0.0.3964860,0.0.4138717@1773085774.276650317
0.0.10164768,2232.48995978096,SUCCESS,0.0.731861,0.0.3964860,0.0.4138717@1773085773.019757248
0.0.509141,29.16594028683853,SUCCESS,0.0.731861,0.0.3964860,0.0.4138717@1773085773.936987805
0.0.5734968,33.50414288023486,SUCCESS,0.0.731861,0.0.3964860,0.0.4138717@1773085774.642682481
0.0.4315666,15.42503101483421,SUCCESS,0.0.731861,0.0.3964860,0.0.4138717@1773085773.735706024
0.0.10111308,0.002569657474413716,SUCCESS,0.0.731861,0.0.3964860,0.0.4138717@1773085776.523260613
0.0.8316,97.1817708097724,SUCCESS,0.0.731861,0.0.3964860&0.0.4601632&0.0.5328590,0.0.4138717@1773085774.363691741
0.0.9412510,0.006379164150423198,SUCCESS,0.0.731861,0.0.3964860,0.0.4138717@1773085778.468589736
0.0.9692993,0.08771515177025055,SUCCESS,0.0.731861,0.0.3964860,0.0.4138717@1773085775.230486579
0.0.9389956,0.02335357357651779,SUCCESS,0.0.731861,0.0.3964860,0.0.4138717@1773085776.476633155
0.0.9384218,0.003606274330426763,SUCCESS,0.0.731861,0.0.3964860,0.0.4138717@1773085778.154918805
0.0.9428581,0.008983246360610351,SUCCESS,0.0.731861,0.0.3964860,0.0.4138717@1773085779.689923615
0.0.9428633,0.00009897624642308892,SUCCESS,0.0.731861,0.0.3964860,0.0.4138717@1773085777.283180976
0.0.10023494,0.0000681241884583098,SUCCESS,0.0.731861,0.0.3964860,0.0.4138717@1773085781.776843643
0.0.4904605,18.48657799801641,SUCCESS,0.0.731861,0.0.3964840,0.0.4138717@1773085782.711518210
0.0.10304503,0.5817786754086206,SUCCESS,0.0.731861,0.0.3964840,0.0.4138717@1773085779.091481164
0.0.1673765,5.159954468251843,SUCCESS,0.0.731861,0.0.3964840,0.0.4138717@1773085781.838992450
0.0.834663,448.4073680672309,SUCCESS,0.0.731861,0.0.3964840,0.0.4138717@1773085782.205602396
0.0.4154537,878.9011147422369,SUCCESS,0.0.731861,0.0.3964840,0.0.4138717@1773085780.434132200
0.0.10191831,2.722211607727417,SUCCESS,0.0.731861,0.0.3964840,0.0.4138717@1773085782.412794368
0.0.7313800,926.583728028094,SUCCESS,0.0.731861,0.0.3964840,0.0.4138717@1773085781.481864265
0.0.9129985,0.3937210573376563,SUCCESS,0.0.731861,0.0.3964840,0.0.4138717@1773085785.693340835
0.0.1334138,0.0527816612920054,SUCCESS,0.0.731861,0.0.3964840,0.0.4138717@1773085784.703849303
0.0.4625345,2.944277805473484,SUCCESS,0.0.731861,0.0.4129330,0.0.4138717@1773085784.460560999
0.0.972955,3.764023244002561e-9,SUCCESS,0.0.731861,0.0.4129330,0.0.4138717@1773085785.873842398
0.0.5060063,66.70561679612103,SUCCESS,0.0.731861,0.0.4129330&0.0.4601632&0.0.5328590,0.0.4138717@1773085787.034207034
0.0.4754452,0.1138391142570585,SUCCESS,0.0.731861,0.0.4129330,0.0.4138717@1773085787.727073512
0.0.839840,23.38373570329603,SUCCESS,0.0.731861,0.0.4129330&0.0.4601632&0.0.5328590,0.0.4138717@1773085783.332252928
0.0.8410631,0.4179894416919565,SUCCESS,0.0.731861,0.0.4129330&0.0.4601632,0.0.4138717@1773085788.769467917
0.0.2960424,0.0697695652691448,SUCCESS,0.0.731861,0.0.4129330,0.0.4138717@1773085786.722556947
0.0.856304,0.005653315796134307,SUCCESS,0.0.731861,0.0.4129330,0.0.4138717@1773085788.662250300
0.0.3293439,2.022967188590892,SUCCESS,0.0.731861,0.0.4129330,0.0.4138717@1773085787.881959157
0.0.4718583,0.001439893332527886,SUCCESS,0.0.731861,0.0.4129330,0.0.4138717@1773085786.491210670
0.0.261557,0.3553482316449511,SUCCESS,0.0.731861,0.0.4129330,0.0.4138717@1773085789.399513068
0.0.795325,0.09543449435392291,SUCCESS,0.0.731861,0.0.4129330,0.0.4138717@1773085789.850356660
0.0.660703,32.66164970098384,SUCCESS,0.0.731861,0.0.4601632,0.0.4138717@1773085789.904955612
0.0.2114355,0.0004306208709974197,SUCCESS,0.0.731861,0.0.4601632,0.0.4138717@1773085789.256003735
0.0.704807,37.29035122268488,SUCCESS,0.0.731861,0.0.4601632,0.0.4138717@1773085791.580144211
0.0.7684662,40.20440978246631,SUCCESS,0.0.731861,0.0.4601632&0.0.5328590,0.0.4138717@1773085789.553417552
0.0.175313,2.134144678160359,SUCCESS,0.0.731861,0.0.4601632,0.0.4138717@1773085789.943815913
0.0.837339,16.82524001826638,SUCCESS,0.0.731861,0.0.4601632,0.0.4138717@1773085794.794370140
0.0.707819,6.809034774658454,SUCCESS,0.0.731861,0.0.4601632,0.0.4138717@1773085791.041356694
0.0.2999419,0.1418774453871908,SUCCESS,0.0.731861,0.0.4601632,0.0.4138717@1773085791.800138453
0.0.851606,0.00137768106325317,SUCCESS,0.0.731861,0.0.4601632,0.0.4138717@1773085795.490228255
0.0.4559156,0.1476696718193131,SUCCESS,0.0.731861,0.0.4601632,0.0.4138717@1773085792.941872697
0.0.1425168,4572.616730567916,SUCCESS,0.0.731861,0.0.4601632&0.0.5328590,0.0.4138717@1773085795.888118019
0.0.6049415,0.0005395783668828141,SUCCESS,0.0.731861,0.0.4601632,0.0.4138717@1773085796.955461924
0.0.3161895,1.753381052415739,SUCCESS,0.0.731861,0.0.4601632,0.0.4138717@1773085796.932545119
0.0.1518521,1.233187365041387,SUCCESS,0.0.731861,0.0.4601632,0.0.4138717@1773085796.816149917
0.0.1074067,37.23619837330157,SUCCESS,0.0.731861,0.0.4601632,0.0.4138717@1773085796.244938143
0.0.5972520,3.966171062419709,SUCCESS,0.0.731861,0.0.4601632,0.0.4138717@1773085796.466312066
0.0.1460111,0.1352025364050247,SUCCESS,0.0.731861,0.0.4601632,0.0.4138717@1773085798.284176246
0.0.1405765,7.517058962768389,SUCCESS,0.0.731861,0.0.4601632,0.0.4138717@1773085797.266603152
0.0.4730774,19.60438615755881,SUCCESS,0.0.731861,0.0.4601632,0.0.4138717@1773085797.677437156
0.0.1337729,4.422722584558759,SUCCESS,0.0.731861,0.0.4601632,0.0.4138717@1773085797.148377824
0.0.6463609,0.0993587504539777,NOT_ASSOCIATED,0.0.731861,0.0.4601632,
0.0.5255642,0.153941696128483,SUCCESS,0.0.731861,0.0.4601632,0.0.4138717@1773085796.044141930
0.0.4153394,2683.228393928247,SUCCESS,0.0.731861,0.0.4601632&0.0.5328590,0.0.4138717@1773085796.897736451
0.0.6857,0.0345216815182407,SUCCESS,0.0.731861,0.0.4601632,0.0.4138717@1773085797.422974628
0.0.1060925,5.187643089031105,SUCCESS,0.0.731861,0.0.4601632,0.0.4138717@1773085801.591082683
0.0.9588454,3.951990513141261,SUCCESS,0.0.731861,0.0.4601632&0.0.5328590,0.0.4138717@1773085801.613029977
0.0.853115,0.1295787716369336,SUCCESS,0.0.731861,0.0.4601632,0.0.4138717@1773085799.654774573
0.0.5002435,4.031415672904158,SUCCESS,0.0.731861,0.0.4601632,0.0.4138717@1773085801.093557832
0.0.816727,29.9993658634699,SUCCESS,0.0.731861,0.0.4601632,0.0.4138717@1773085802.564178875
0.0.961031,262.5305987753493,SUCCESS,0.0.731861,0.0.4601632,0.0.4138717@1773085801.988893221
0.0.4403472,1.161170257777809,SUCCESS,0.0.731861,0.0.4601632,0.0.4138717@1773085803.904601123
0.0.3165849,0.000008301378389835047,SUCCESS,0.0.731861,0.0.4601632,0.0.4138717@1773085803.978920335
0.0.3828466,76.79577479230213,SUCCESS,0.0.731861,0.0.4601632,0.0.4138717@1773085801.231519102
0.0.912306,2.981210444569016,SUCCESS,0.0.731861,0.0.4601632,0.0.4138717@1773085804.715095343
0.0.10045691,148.9078322630601,SUCCESS,0.0.731861,0.0.4601632,0.0.4138717@1773085805.251721612
0.0.3917694,126.9652004464998,SUCCESS,0.0.731861,0.0.4601632,0.0.4138717@1773085803.856616871
0.0.9181254,372.1547770219856,SUCCESS,0.0.731861,0.0.4601632,0.0.4138717@1773085806.478487294
0.0.7535835,31.95242077243111,SUCCESS,0.0.731861,0.0.4601632&0.0.6071119,0.0.4138717@1773085805.172094124
0.0.4753601,4.111213042277167,SUCCESS,0.0.731861,0.0.4601632,0.0.4138717@1773085808.145456440
0.0.3932850,260.3559137305578,SUCCESS,0.0.731861,0.0.4601632,0.0.4138717@1773085806.252250386
0.0.1111312,36.51227604414603,SUCCESS,0.0.731861,0.0.4601632,0.0.4138717@1773085806.611014964
0.0.4367704,0.001775335162752362,SUCCESS,0.0.731861,0.0.4601632,0.0.4138717@1773085807.482744735
0.0.8831938,37.09845249859066,SUCCESS,0.0.731861,0.0.4601632,0.0.4138717@1773085806.452098263
0.0.9745450,75.18691571616527,SUCCESS,0.0.731861,0.0.4601632,0.0.4138717@1773085810.843865631
0.0.9210897,45.54159763993599,SUCCESS,0.0.731861,0.0.4601632,0.0.4138717@1773085808.133125233
0.0.1217090,1741.260271022278,SUCCESS,0.0.731861,0.0.4601632,0.0.4138717@1773085809.098400087
0.0.9386020,3380.353954807682,SUCCESS,0.0.731861,0.0.4601632,0.0.4138717@1773085811.588066760
0.0.1278461,15.5242849667671,SUCCESS,0.0.731861,0.0.4601632,0.0.4138717@1773085813.618340501
0.0.1075845,19.56510983633638,SUCCESS,0.0.731861,0.0.4601632,0.0.4138717@1773085810.379437203
0.0.599260,222.7732587992429,SUCCESS,0.0.731861,0.0.4601632&0.0.5328590,0.0.4138717@1773085813.460472487
0.0.1098804,29.46208721292173,SUCCESS,0.0.731861,0.0.4601632&0.0.5328590,0.0.4138717@1773085810.961535857
0.0.834210,3.354183379187658,SUCCESS,0.0.731861,0.0.4601632,0.0.4138717@1773085811.402038337
0.0.10031150,9.922636700414513,NOT_ASSOCIATED,0.0.731861,0.0.4601632,
0.0.10031144,59.94267219455728,NOT_ASSOCIATED,0.0.731861,0.0.4601632,
0.0.1287040,12.45390472792412,SUCCESS,0.0.731861,0.0.4601632,0.0.4138717@1773085812.663073974
0.0.8128261,0.5389281143412982,SUCCESS,0.0.731861,0.0.4601632&0.0.5328590,0.0.4138717@1773085812.349920232
0.0.8347272,7.541089854072638,SUCCESS,0.0.731861,0.0.4601632,0.0.4138717@1773085814.511558313
0.0.7480837,107.2706458033535,SUCCESS,0.0.731861,0.0.4601632,0.0.4138717@1773085815.331379594
0.0.5500943,194.493433362237,SUCCESS,0.0.731861,0.0.4601632&0.0.6071041,0.0.4138717@1773085815.283978611
0.0.7288906,22.23463399245742,NOT_ASSOCIATED,0.0.731861,0.0.4601632,
0.0.8431266,7.170389494972461,SUCCESS,0.0.731861,0.0.4601632,0.0.4138717@1773085813.181862070
0.0.4414004,143.5259312945483,NOT_ASSOCIATED,0.0.731861,0.0.4601632,
0.0.227955,0.2529347113343005,SUCCESS,0.0.731861,0.0.4601632,0.0.4138717@1773085813.511112504
0.0.860846,0.02085464018826344,SUCCESS,0.0.731861,0.0.4601632,0.0.4138717@1773085814.581613903
0.0.1860200,0.01460346625559267,SUCCESS,0.0.731861,0.0.4601632,0.0.4138717@1773085815.901665827
0.0.3705687,0.003068452257055107,SUCCESS,0.0.731861,0.0.4601632,0.0.4138717@1773085814.580368504
0.0.7482624,17.00574631729254,NOT_ASSOCIATED,0.0.731861,0.0.4601632,
0.0.821010,43.71409179671502,SUCCESS,0.0.731861,0.0.4601632,0.0.4138717@1773085815.989010619
0.0.8352642,104.2431360141512,SUCCESS,0.0.731861,0.0.4601632,0.0.4138717@1773085815.073603399
0.0.864984,228.0334875993698,SUCCESS,0.0.731861,0.0.4601632,0.0.4138717@1773085819.023169982
0.0.877043,44.87484220826592,SUCCESS,0.0.731861,0.0.4601632,0.0.4138717@1773085816.892501704
0.0.4797402,0.004691104863056156,SUCCESS,0.0.731861,0.0.4601632,0.0.4138717@1773085817.198925695
0.0.1997076,322.9813575531912,SUCCESS,0.0.731861,0.0.4601632&0.0.5328590,0.0.4138717@1773085819.200618408
0.0.4753969,15.54110760446985,SUCCESS,0.0.731861,0.0.5328590,0.0.4138717@1773085818.734267379
0.0.10308464,15.23621504675013,SUCCESS,0.0.731861,0.0.5328590,0.0.4138717@1773085818.944599740
0.0.3386002,37.68586379739977,SUCCESS,0.0.731861,0.0.5328590,0.0.4138717@1773085821.779958882
0.0.4620434,13.51501667664343,SUCCESS,0.0.731861,0.0.5328590,0.0.4138717@1773085821.131367943
0.0.7214343,561.847848952444,SUCCESS,0.0.731861,0.0.5328590,0.0.4138717@1773085822.368993586
0.0.10171350,4.268172896051751,SUCCESS,0.0.731861,0.0.5328590,0.0.4138717@1773085825.182923025
0.0.1268672,2.67008575439932,SUCCESS,0.0.731861,0.0.5328590,0.0.4138717@1773085823.364060593
0.0.1002430,824.1661419929445,SUCCESS,0.0.731861,0.0.5328590,0.0.4138717@1773085823.853541808
0.0.9739439,0.00220852004038289,SUCCESS,0.0.731861,0.0.5328590,0.0.4138717@1773085824.143304982
0.0.712902,366.5446138612782,SUCCESS,0.0.731861,0.0.5328590,0.0.4138717@1773085822.034126685
0.0.7523706,333.9491698937806,NOT_ASSOCIATED,0.0.731861,0.0.5328590,
0.0.2969355,921.1449491490836,SUCCESS,0.0.731861,0.0.5328590,0.0.4138717@1773085822.572596145
0.0.540025,1.350029744209599,SUCCESS,0.0.731861,0.0.5328590,0.0.4138717@1773085827.118902534
0.0.6822106,784.8653245633152,SUCCESS,0.0.731861,0.0.5328590,0.0.4138717@1773085825.710936719
0.0.1074016,3.723221198736393,SUCCESS,0.0.731861,0.0.5328590,0.0.4138717@1773085826.949296990
0.0.4839415,1.631583372694129,SUCCESS,0.0.731861,0.0.5328590,0.0.4138717@1773085827.695108723
0.0.4900897,81.90756291236148,SUCCESS,0.0.731861,0.0.5328590,0.0.4138717@1773085825.065392334
0.0.851709,237.9335330494925,SUCCESS,0.0.731861,0.0.5328590,0.0.4138717@1773085828.432326622
0.0.787993,239.7222209305392,SUCCESS,0.0.731861,0.0.5328590,0.0.4138717@1773085826.023981117
0.0.696926,20.87660532586363,SUCCESS,0.0.731861,0.0.5328590,0.0.4138717@1773085828.455952141
0.0.4753513,32.23574512284777,SUCCESS,0.0.731861,0.0.5328590,0.0.4138717@1773085826.869262775
0.0.4364713,150.0503352066534,SUCCESS,0.0.731861,0.0.5328590,0.0.4138717@1773085829.579646892
0.0.4614528,0.007511047033209907,SUCCESS,0.0.731861,0.0.5328590,0.0.4138717@1773085827.624745605
0.0.7731260,1.966543526378309,SUCCESS,0.0.731861,0.0.5328590,0.0.4138717@1773085829.238186576
0.0.9093010,0.2053061193437008,SUCCESS,0.0.731861,0.0.5328590,0.0.4138717@1773085830.016071758
0.0.9168105,487.0262686991488,SUCCESS,0.0.731861,0.0.5328590,0.0.4138717@1773085830.147636437
0.0.9208742,2008.634097143544,SUCCESS,0.0.731861,0.0.5328590,0.0.4138717@1773085829.816913115
0.0.7206642,70.65461383408059,SUCCESS,0.0.731861,0.0.5328590,0.0.4138717@1773085832.376402592
0.0.7778674,59.66620344946217,SUCCESS,0.0.731861,0.0.5328590,0.0.4138717@1773085830.941121842
0.0.4362489,35.54687497636435,SUCCESS,0.0.731861,0.0.5328590,0.0.4138717@1773085834.002966817
0.0.7171484,0.7366755460138258,SUCCESS,0.0.731861,0.0.5328590,0.0.4138717@1773085832.360907546
0.0.7326025,0.359813851509187,SUCCESS,0.0.731861,0.0.5328590&0.0.6071119,0.0.4138717@1773085830.966972275
0.0.6003880,24.3349583227679,SUCCESS,0.0.731861,0.0.5328590,0.0.4138717@1773085832.924216836
0.0.4362264,0.3717051263034754,NOT_ASSOCIATED,0.0.731861,0.0.5328590,
0.0.9276478,0.04248835051114284,SUCCESS,0.0.731861,0.0.5328590,0.0.4138717@1773085833.617826282
0.0.1324089,1.171507248608116,SUCCESS,0.0.731861,0.0.5328590&0.0.6071041,0.0.4138717@1773085832.802282746
0.0.9237387,83.5657781957782,SUCCESS,0.0.731861,0.0.5328590,0.0.4138717@1773085832.967808940
0.0.9312249,7.779744595527725,SUCCESS,0.0.731861,0.0.5328590,0.0.4138717@1773085837.145626543
0.0.4587141,2.634760744267816,SUCCESS,0.0.731861,0.0.5328590,0.0.4138717@1773085834.993393161
0.0.9151827,0.005184182044692767,NOT_ASSOCIATED,0.0.731861,0.0.5328590,
0.0.2174918,1.397951165447545,NOT_ASSOCIATED,0.0.731861,0.0.5328590,
0.0.4356483,78.30978785092842,SUCCESS,0.0.731861,0.0.5328590,0.0.4138717@1773085835.927540745
0.0.3092477,9.58153285947811,SUCCESS,0.0.731861,0.0.5328590,0.0.4138717@1773085837.020879131
0.0.1009100,0.009517140529735048,NOT_ASSOCIATED,0.0.731861,0.0.5328590,
0.0.2025147,4.470787218070525,SUCCESS,0.0.731861,0.0.5328590,0.0.4138717@1773085838.494389251
0.0.946745,373.7492097982754,SUCCESS,0.0.731861,0.0.5328590,0.0.4138717@1773085836.811024375
0.0.9641103,45.88076763625429,SUCCESS,0.0.731861,0.0.5328590&0.0.6071119,0.0.4138717@1773085840.496898868
0.0.9364499,0.5562927963261811,SUCCESS,0.0.731861,0.0.5328590,0.0.4138717@1773085838.260033139
0.0.9801401,10.40974523174529,SUCCESS,0.0.731861,0.0.5328590,0.0.4138717@1773085840.653268508
0.0.2245713,58.54820250601545,SUCCESS,0.0.731861,0.0.5328590,0.0.4138717@1773085839.440900217
0.0.4348988,0.8170499944755268,SUCCESS,0.0.731861,0.0.5328590,0.0.4138717@1773085839.474838518
0.0.1444388,8.738720776409938,SUCCESS,0.0.731861,0.0.5328590,0.0.4138717@1773085840.481858267
0.0.8426856,4.564993877064345,SUCCESS,0.0.731861,0.0.5328590,0.0.4138717@1773085844.300775300
0.0.9214791,6.618168458365312,SUCCESS,0.0.731861,0.0.5328590,0.0.4138717@1773085839.820856064
0.0.1251063,102.4068599711,SUCCESS,0.0.731861,0.0.5328590,0.0.4138717@1773085844.225364834
0.0.7858008,12.58927525175525,SUCCESS,0.0.731861,0.0.5328590,0.0.4138717@1773085843.468540896
0.0.1027780,1447.563801970141,SUCCESS,0.0.731861,0.0.5328590,0.0.4138717@1773085843.207007065
0.0.10010228,125.1065235200746,SUCCESS,0.0.731861,0.0.5328590,0.0.4138717@1773085843.837244600
0.0.877481,1049.554107323914,SUCCESS,0.0.731861,0.0.5328590,0.0.4138717@1773085845.349865310
0.0.10047974,17.79700587267694,SUCCESS,0.0.731861,0.0.5328590,0.0.4138717@1773085845.549282813
0.0.7801753,402.766134712974,SUCCESS,0.0.731861,0.0.5328590,0.0.4138717@1773085844.893156163
0.0.3288713,112.22323115032,SUCCESS,0.0.731861,0.0.5328590,0.0.4138717@1773085848.557100533
0.0.8038,5659.406871470354,SUCCESS,0.0.731861,0.0.5328590,0.0.4138717@1773085846.057373189
0.0.7841603,15.64824051851228,SUCCESS,0.0.731861,0.0.5328590,0.0.4138717@1773085846.564039975
0.0.1372355,43.35840317485357,SUCCESS,0.0.731861,0.0.5328590,0.0.4138717@1773085846.578166677
0.0.7800894,54.90292287139231,SUCCESS,0.0.731861,0.0.5328590,0.0.4138717@1773085846.318822153
0.0.7202503,56.25165547780477,SUCCESS,0.0.731861,0.0.5328590,0.0.4138717@1773085847.676521381
0.0.1117641,971.628954007597,SUCCESS,0.0.731861,0.0.5328590,0.0.4138717@1773085850.305606090
0.0.10091451,37.87414854783459,SUCCESS,0.0.731861,0.0.5328590,0.0.4138717@1773085849.464426748
0.0.9401455,8.164387939320415,SUCCESS,0.0.731861,0.0.5328590,0.0.4138717@1773085850.838205995
0.0.1105713,25.43391918434393,SUCCESS,0.0.731861,0.0.5328590,0.0.4138717@1773085850.923462099
0.0.10031110,47911.14900915854,NOT_ASSOCIATED,0.0.731861,0.0.5328590,
0.0.4361068,4.396331608546913,SUCCESS,0.0.731861,0.0.5328590,0.0.4138717@1773085851.101551894
0.0.10235120,4.668229673519425,SUCCESS,0.0.731861,0.0.5328590,0.0.4138717@1773085852.808343232
0.0.8041828,162.6402556293416,SUCCESS,0.0.731861,0.0.5328590,0.0.4138717@1773085849.103253135
0.0.4362583,0.04291344269754342,SUCCESS,0.0.731861,0.0.5328590,0.0.4138717@1773085852.023381016
0.0.10031113,16716.13005194737,NOT_ASSOCIATED,0.0.731861,0.0.5328590,
0.0.4971932,2.034230998945219,SUCCESS,0.0.731861,0.0.5328590,0.0.4138717@1773085852.188457642
0.0.806166,68.976027581484,SUCCESS,0.0.731861,0.0.5328590,0.0.4138717@1773085853.331589039
0.0.8113026,0.922043016483112,SUCCESS,0.0.731861,0.0.5328590,0.0.4138717@1773085854.741312279
0.0.9885066,12.1595720631228,SUCCESS,0.0.731861,0.0.5328590,0.0.4138717@1773085854.408453072
0.0.9320918,39.8197384120586,SUCCESS,0.0.731861,0.0.5328590,0.0.4138717@1773085853.030358365
0.0.3705198,0.240731590170859,SUCCESS,0.0.731861,0.0.5328590,0.0.4138717@1773085855.070471019
0.0.5769518,845.7773180759509,SUCCESS,0.0.731861,0.0.5328590,0.0.4138717@1773085854.024154591
0.0.8198184,35.51848609390399,SUCCESS,0.0.731861,0.0.5328590&0.0.6071119,0.0.4138717@1773085854.422323914
0.0.1082181,0.5142917058311075,SUCCESS,0.0.731861,0.0.5328590,0.0.4138717@1773085857.984250585
0.0.638193,1188.93451486808,SUCCESS,0.0.731861,0.0.5328590,0.0.4138717@1773085857.347898281
0.0.1140907,222.3843576798641,SUCCESS,0.0.731861,0.0.5328590,0.0.4138717@1773085855.974257696
0.0.53416,2289.568748251106,SUCCESS,0.0.731861,0.0.5328590,0.0.4138717@1773085859.006256591
0.0.608244,12.98852485576333,SUCCESS,0.0.731861,0.0.5328590,0.0.4138717@1773085859.266269107
0.0.1017499,1057.176058730486,SUCCESS,0.0.731861,0.0.5328590,0.0.4138717@1773085859.557157379
0.0.637134,800.9372191707937,SUCCESS,0.0.731861,0.0.5328590,0.0.4138717@1773085857.509249405
0.0.4345750,143.6022358894592,SUCCESS,0.0.731861,0.0.5328590,0.0.4138717@1773085858.399645435
0.0.1989187,3265.551329722003,SUCCESS,0.0.731861,0.0.5328590,0.0.4138717@1773085859.328358430
0.0.4358401,0.8615296242297903,SUCCESS,0.0.731861,0.0.5328590,0.0.4138717@1773085861.369123945
0.0.822616,237.8152615124726,SUCCESS,0.0.731861,0.0.5328590,0.0.4138717@1773085861.572693018
0.0.5052897,2.060026317356104,SUCCESS,0.0.731861,0.0.5328590,0.0.4138717@1773085863.095391009
0.0.818068,51.31352418323029,NOT_ASSOCIATED,0.0.731861,0.0.5328590,
0.0.5702106,0.5723463987872036,SUCCESS,0.0.731861,0.0.5328590,0.0.4138717@1773085860.566952134
0.0.1462131,0.005182006014491468,SUCCESS,0.0.731861,0.0.6071041,0.0.4138717@1773085859.776976317
0.0.2328171,1337.315113158039,NOT_ASSOCIATED,0.0.731861,0.0.6071041,
0.0.6844094,0.4387512816653895,SUCCESS,0.0.731861,0.0.6071041,0.0.4138717@1773085862.309388432
0.0.896352,1.679201013511064,SUCCESS,0.0.731861,0.0.6071041,0.0.4138717@1773085862.965607608
0.0.1212407,132.1886691604999,SUCCESS,0.0.731861,0.0.6071074,0.0.4138717@1773085864.993721451
0.0.6442946,0.6530332752998741,SUCCESS,0.0.731861,0.0.6071074,0.0.4138717@1773085866.182627543
0.0.1453734,1219.728992853566,SUCCESS,0.0.731861,0.0.6071074&0.0.6078473,0.0.4138717@1773085866.565924914
0.0.2137399,8.534272452028157,SUCCESS,0.0.731861,0.0.6071119,0.0.4138717@1773085865.181001580
0.0.6892983,429.208249116933,SUCCESS,0.0.731861,0.0.6071119,0.0.4138717@1773085864.262453990
0.0.9119461,0.0007517468806979603,SUCCESS,0.0.731861,0.0.6071119&0.0.8315114,0.0.4138717@1773085864.017600565
0.0.833139,5.940009857504361,SUCCESS,0.0.731861,0.0.6071119,0.0.4138717@1773085865.135302551
0.0.831264,2.424082881066115,SUCCESS,0.0.731861,0.0.6071119,0.0.4138717@1773085868.432775557
0.0.5729027,5.896565093533711,SUCCESS,0.0.731861,0.0.6071119,0.0.4138717@1773085866.890594460
0.0.5740497,1169.412458316527,SUCCESS,0.0.731861,0.0.6071119,0.0.4138717@1773085866.907707729
0.0.9802061,0.03828821726820017,SUCCESS,0.0.731861,0.0.6071119,0.0.4138717@1773085866.876335941
0.0.8133036,0.003905712667297855,SUCCESS,0.0.731861,0.0.6071119,0.0.4138717@1773085867.509741622
0.0.20002,273.3661559564552,SUCCESS,0.0.731861,0.0.6071119,0.0.4138717@1773085867.388922025
0.0.7833982,308.8025097338445,SUCCESS,0.0.731861,0.0.6071119,0.0.4138717@1773085871.396766582
0.0.820781,16.60118245103721,SUCCESS,0.0.731861,0.0.6071119,0.0.4138717@1773085871.961566007
0.0.8009707,0.03625545752625978,SUCCESS,0.0.731861,0.0.6071119,0.0.4138717@1773085870.484982542
0.0.859879,350.5448992128614,SUCCESS,0.0.731861,0.0.6071119,0.0.4138717@1773085873.926398517
0.0.1666056,4.883631099695598,SUCCESS,0.0.731861,0.0.6071119,0.0.4138717@1773085872.684277273
0.0.1465466,10.47527705763324,SUCCESS,0.0.731861,0.0.6071119,0.0.4138717@1773085874.583416522
0.0.9536657,3.598642187753532,SUCCESS,0.0.731861,0.0.6071119,0.0.4138717@1773085873.923815825
0.0.5030626,0.4368998544824464,SUCCESS,0.0.731861,0.0.6071119,0.0.4138717@1773085873.747435178
0.0.2174967,45.73774571143937,SUCCESS,0.0.731861,0.0.6071119,0.0.4138717@1773085872.165318762
0.0.10031183,292.5707931992353,NOT_ASSOCIATED,0.0.731861,0.0.6071119,
0.0.10031184,1248.372537118029,NOT_ASSOCIATED,0.0.731861,0.0.6071119,
0.0.4041275,203.4501191485839,SUCCESS,0.0.731861,0.0.6071119,0.0.4138717@1773085875.561242329
0.0.3704330,1267.410730116555,SUCCESS,0.0.731861,0.0.6071911,0.0.4138717@1773085873.093725116
0.0.7857493,3198.589149761962,NOT_ASSOCIATED,0.0.731861,0.0.6078459,
0.0.7200098,74.52365248281632,SUCCESS,0.0.731861,0.0.6078459,0.0.4138717@1773085877.504507930
0.0.2997555,0.07055856093551062,SUCCESS,0.0.731861,0.0.6078459,0.0.4138717@1773085876.842395211
0.0.6082528,2115.535341249481,SUCCESS,0.0.731861,0.0.6078459,0.0.4138717@1773085874.906226361
0.0.8208716,498.872621825113,SUCCESS,0.0.731861,0.0.6078473,0.0.4138717@1773085875.978042794
0.0.9471068,8.323515709682223,SUCCESS,0.0.731861,0.0.6078473,0.0.4138717@1773085877.033375464
0.0.972940,0.01475986794217133,SUCCESS,0.0.731861,0.0.6126395,0.0.4138717@1773085879.283372031
0.0.4987474,0.00004724189064779189,SUCCESS,0.0.731861,0.0.6126395,0.0.4138717@1773085878.943594633
0.0.10267181,174.5503530914579,NOT_ASSOCIATED,0.0.731861,0.0.8315114,
0.0.8712714,0.04075431435683008,SUCCESS,0.0.731861,0.0.8315114,0.0.4138717@1773085878.913611376
0.0.10031160,5.506086253246528,NOT_ASSOCIATED,0.0.731861,0.0.8315114,
0.0.9940020,0.0115415743292424,SUCCESS,0.0.731861,0.0.8315114,0.0.4138717@1773085879.100192865
0.0.8192889,5.897529364653903,SUCCESS,0.0.731861,0.0.8315114,0.0.4138717@1773085878.616974376
0.0.8326917,0.059804175369924,NOT_ASSOCIATED,0.0.731861,0.0.8315114,
0.0.7688939,0.00364926082571517,SUCCESS,0.0.731861,0.0.8315114,0.0.4138717@1773085879.892948032
0.0.3311267,0.0001056251605029799,NOT_ASSOCIATED,0.0.731861,0.0.8315114,
0.0.4340961,0.0001612701035677025,SUCCESS,0.0.731861,0.0.8315114,0.0.4138717@1773085883.262746674
0.0.5679713,0.005642412083209667,SUCCESS,0.0.731861,0.0.8315114,0.0.4138717@1773085880.981912695
0.0.4544022,18.70322696388508,NOT_ASSOCIATED,0.0.731861,0.0.8315114,
0.0.1109176,0.005638638362660892,SUCCESS,0.0.731861,0.0.8315114,0.0.4138717@1773085879.717827391
0.0.10031155,0.01055303169330834,NOT_ASSOCIATED,0.0.731861,0.0.8315114,
0.0.10267182,0.00190143317313905,NOT_ASSOCIATED,0.0.731861,0.0.8315114,
0.0.10033160,3.088018578984081e-7,NOT_ASSOCIATED,0.0.731861,0.0.9774523,
0.0.10120444,0.2425645356408156,NOT_ASSOCIATED,0.0.731861,0.0.10018365,
0.0.10120460,5.349058994962411,NOT_ASSOCIATED,0.0.731861,0.0.10092996,
0.0.10120462,0.87756388358865,NOT_ASSOCIATED,0.0.731861,0.0.10092996,
0.0.10062632,0.005526716941163582,SUCCESS,0.0.731861,0.0.10092996,0.0.4138717@1773085883.285799985
0.0.10120438,0.00114693306207763,NOT_ASSOCIATED,0.0.731861,0.0.10093026,
0.0.10120424,0.002203906078817813,NOT_ASSOCIATED,0.0.731861,0.0.10093026,