account,amount,state,token address,pool address,tx id
0.0.7950871,0.006055482437006468,SUCCESS,0.0.731861,0.0.3948521&0.0.3964827,0.0.4138717@1777920860.015379233
0.0.7965399,0.002516013920558231,SUCCESS,0.0.731861,0.0.3948521,0.0.4138717@1777920860.351261019
0.0.10031120,0.02152663424990962,NOT_ASSOCIATED,0.0.731861,0.0.3948521,
0.0.7965397,0.004307221937266816,SUCCESS,0.0.731861,0.0.3948521,0.0.4138717@1777920864.004156255
0.0.1353334,9.471943367415964,SUCCESS,0.0.731861,0.0.3948521&0.0.3964804,0.0.4138717@1777920861.140268264
0.0.10031122,0.02109969180702896,NOT_ASSOCIATED,0.0.731861,0.0.3948521,
0.0.10056907,1736.525659116365,SUCCESS,0.0.731861,0.0.3948521&0.0.3964804&0.0.3964837&0.0.6071911,0.0.4138717@1777920859.881007188
0.0.2960520,4.173107213616597,SUCCESS,0.0.731861,0.0.3948521,0.0.4138717@1777920860.509818567
0.0.4544530,981.9713614328377,SUCCESS,0.0.731861,0.0.3948521&0.0.3951117&0.0.3961531&0.0.3964790&0.0.3964795&0.0.3964800&0.0.3964804&0.0.3964808&0.0.3964821&0.0.3964825&0.0.3964827&0.0.3964834&0.0.3964837&0.0.3964855&0.0.3964860&0.0.3964840&0.0.4129330&0.0.4601632&0.0.5328590&0.0.6071041&0.0.6078459&0.0.6078473,0.0.4138717@1777920863.046278543
0.0.1181772,8.03615515733038,SUCCESS,0.0.731861,0.0.3948521&0.0.3964804&0.0.6126395,0.0.4138717@1777920861.335366645
0.0.4340290,26.34077706047767,SUCCESS,0.0.731861,0.0.3948521,0.0.4138717@1777920864.375997448
0.0.5118079,34.40819011493009,SUCCESS,0.0.731861,0.0.3948521&0.0.3951117&0.0.3964804&0.0.3964808,0.0.4138717@1777920863.764047143
0.0.4712184,0.05551484099141349,SUCCESS,0.0.731861,0.0.3948521&0.0.3961531&0.0.3964790&0.0.3964837&0.0.3964840,0.0.4138717@1777920865.010436888
0.0.5118232,12.21918929866832,SUCCESS,0.0.731861,0.0.3948521&0.0.3951117&0.0.3964804,0.0.4138717@1777920867.824668101
0.0.5119346,147.9585407472753,SUCCESS,0.0.731861,0.0.3948521&0.0.3951117&0.0.3964804,0.0.4138717@1777920868.482765668
0.0.4093788,23.60211772287021,SUCCESS,0.0.731861,0.0.3948521&0.0.3964804,0.0.4138717@1777920868.397659299
0.0.5182107,10.56416894718422,NOT_ASSOCIATED,0.0.731861,0.0.3948521&0.0.3951117&0.0.3964804,
0.0.5310061,32.50974445488791,SUCCESS,0.0.731861,0.0.3948521&0.0.3951117&0.0.3964804,0.0.4138717@1777920869.441444937
0.0.1105470,1.624238349175296,SUCCESS,0.0.731861,0.0.3948521,0.0.4138717@1777920865.641326673
0.0.4744252,0.6390424051631092,SUCCESS,0.0.731861,0.0.3948521,0.0.4138717@1777920867.739110676
0.0.7550890,3.610700030018453,SUCCESS,0.0.731861,0.0.3948521&0.0.3964804,0.0.4138717@1777920868.527738186
0.0.5687394,15.3257264547782,NOT_ASSOCIATED,0.0.731861,0.0.3948521,
0.0.6440477,6.297649973843024,SUCCESS,0.0.731861,0.0.3948521&0.0.3951117&0.0.3964804,0.0.4138717@1777920867.730196884
0.0.3918882,1.673822079578603,SUCCESS,0.0.731861,0.0.3948521,0.0.4138717@1777920868.253159072
0.0.1930336,4983.982808009449,SUCCESS,0.0.731861,0.0.3948521,0.0.4138717@1777920869.585798387
0.0.628683,25.14294211941698,SUCCESS,0.0.731861,0.0.3948521,0.0.4138717@1777920870.310366442
0.0.4363476,176.8448724889953,SUCCESS,0.0.731861,0.0.3948521&0.0.3961531,0.0.4138717@1777920873.742428585
0.0.4777259,21.73428167896489,SUCCESS,0.0.731861,0.0.3948521,0.0.4138717@1777920872.215027224
0.0.4702708,794.2056169797012,SUCCESS,0.0.731861,0.0.3948521&0.0.3951117&0.0.3964827,0.0.4138717@1777920871.135646885
0.0.1427613,38.04774590965972,SUCCESS,0.0.731861,0.0.3948521,0.0.4138717@1777920875.045682006
0.0.10430673,4749.902955767451,SUCCESS,0.0.731861,0.0.3948521&0.0.3951117&0.0.3964804&0.0.3964808&0.0.3964860&0.0.10414792,0.0.4138717@1777920872.349955540
0.0.3210690,1.104396997615612,SUCCESS,0.0.731861,0.0.3948521,0.0.4138717@1777920875.115772001
0.0.2923216,216.6425340630009,SUCCESS,0.0.731861,0.0.3948521,0.0.4138717@1777920875.151165877
0.0.428115,0.0008878100480119444,SUCCESS,0.0.731861,0.0.3948521,0.0.4138717@1777920876.401463982
0.0.2964523,865.8759379531898,SUCCESS,0.0.731861,0.0.3948521&0.0.3964804&0.0.3964808,0.0.4138717@1777920875.478334380
0.0.862835,127.8083960572672,SUCCESS,0.0.731861,0.0.3948521&0.0.3964804&0.0.3964827&0.0.6071911,0.0.4138717@1777920874.225382467
0.0.7789171,1.937162487805223,SUCCESS,0.0.731861,0.0.3948521&0.0.3964804,0.0.4138717@1777920876.164464961
0.0.7730513,0.01008721419174933,SUCCESS,0.0.731861,0.0.3948521,0.0.4138717@1777920877.031820363
0.0.845031,0.001429954406191329,SUCCESS,0.0.731861,0.0.3948521,0.0.4138717@1777920876.867820170
0.0.6033605,0.03364580692822733,SUCCESS,0.0.731861,0.0.3948521,0.0.4138717@1777920876.043128890
0.0.3958740,0.0000954595679406668,SUCCESS,0.0.731861,0.0.3948521,0.0.4138717@1777920879.385500035
0.0.1265153,0.0604063754754569,SUCCESS,0.0.731861,0.0.3948521&0.0.3951117&0.0.3964795&0.0.3964827&0.0.3964840,0.0.4138717@1777920875.969504238
0.0.165981,0.006469257829068646,SUCCESS,0.0.731861,0.0.3948521,0.0.4138717@1777920881.218808820
0.0.7951,18605.84146304563,SUCCESS,0.0.731861,0.0.3948521&0.0.3964790&0.0.3964855&0.0.5328590,0.0.4138717@1777920880.280417302
0.0.3971792,2.698073721849873,SUCCESS,0.0.731861,0.0.3948521,0.0.4138717@1777920877.889320370
0.0.720300,48.8378272207228,SUCCESS,0.0.731861,0.0.3948521,0.0.4138717@1777920881.814532331
0.0.4313767,1.761831456342907,SUCCESS,0.0.731861,0.0.3948521,0.0.4138717@1777920882.341330989
0.0.4324518,7.848228008382901,SUCCESS,0.0.731861,0.0.3951117,0.0.4138717@1777920880.693259556
0.0.10122546,0.07698345812172211,SUCCESS,0.0.731861,0.0.3951117,0.0.4138717@1777920879.956909243
0.0.3241044,157.5119044957402,SUCCESS,0.0.731861,0.0.3951117&0.0.3961531&0.0.3964834&0.0.3964840,0.0.4138717@1777920881.078917969
0.0.10413601,70.52801501860273,SUCCESS,0.0.731861,0.0.3951117&0.0.3964804,0.0.4138717@1777920883.687176158
0.0.187153,993.5457238182189,SUCCESS,0.0.731861,0.0.3951117&0.0.3964804,0.0.4138717@1777920882.546452599
0.0.1988559,2.678077534987843,SUCCESS,0.0.731861,0.0.3951117&0.0.3961531&0.0.3964804,0.0.4138717@1777920885.963851442
0.0.836838,5695.830850120797,SUCCESS,0.0.731861,0.0.3951117,0.0.4138717@1777920884.498179693
0.0.10460982,5.320428109306669,SUCCESS,0.0.731861,0.0.3951117,0.0.4138717@1777920883.609720938
0.0.1872630,381.747921247159,SUCCESS,0.0.731861,0.0.3951117&0.0.3964860&0.0.4601632,0.0.4138717@1777920887.586649981
0.0.6198709,16.42662711430071,SUCCESS,0.0.731861,0.0.3951117,0.0.4138717@1777920885.410231601
0.0.9302147,84.3013111886983,SUCCESS,0.0.731861,0.0.3951117&0.0.5328590,0.0.4138717@1777920888.156534578
0.0.735239,0.0002264949826309377,SUCCESS,0.0.731861,0.0.3951117,0.0.4138717@1777920889.953986996
0.0.10169145,0.26807981688785,SUCCESS,0.0.731861,0.0.3951117,0.0.4138717@1777920890.435836829
0.0.1123889,5.60473842546941,SUCCESS,0.0.731861,0.0.3951117&0.0.3964804,0.0.4138717@1777920891.090001738
0.0.1904506,0.001725027358166387,SUCCESS,0.0.731861,0.0.3951117,0.0.4138717@1777920891.368306568
0.0.2960128,2543.369135345054,SUCCESS,0.0.731861,0.0.3951117&0.0.3964800&0.0.3964827&0.0.3964837&0.0.5328590,0.0.4138717@1777920889.735993171
0.0.1340164,449.3223407163589,SUCCESS,0.0.731861,0.0.3951117&0.0.3964834,0.0.4138717@1777920891.520630461
0.0.696790,26.73161150773433,SUCCESS,0.0.731861,0.0.3951117&0.0.3964804,0.0.4138717@1777920894.279105094
0.0.10076247,2.29881806714659,SUCCESS,0.0.731861,0.0.3951117,0.0.4138717@1777920894.099723321
0.0.1023730,6.480974442959949,SUCCESS,0.0.731861,0.0.3951117,0.0.4138717@1777920896.198338310
0.0.7129552,150.4856808531041,SUCCESS,0.0.731861,0.0.3951117&0.0.6071119,0.0.4138717@1777920896.550862079
0.0.1380352,4.295284335546906,SUCCESS,0.0.731861,0.0.3951117,0.0.4138717@1777920893.276405698
0.0.7287636,66673.32541812307,SUCCESS,0.0.731861,0.0.3951117&0.0.3961531&0.0.3964804&0.0.4601632&0.0.8315114&0.0.10093026,0.0.4138717@1777920893.864434941
0.0.5126364,45.99758494360537,SUCCESS,0.0.731861,0.0.3951117,0.0.4138717@1777920894.818754693
0.0.6270084,1506.000602751964,SUCCESS,0.0.731861,0.0.3951117&0.0.3964804,0.0.4138717@1777920895.921004666
0.0.7490874,4.824648987089118,SUCCESS,0.0.731861,0.0.3951117&0.0.3964804,0.0.4138717@1777920900.303456424
0.0.5060163,0.9946623477287914,SUCCESS,0.0.731861,0.0.3951117,0.0.4138717@1777920899.669005666
0.0.1464418,18.06576790103031,SUCCESS,0.0.731861,0.0.3951117,0.0.4138717@1777920897.799125803
0.0.10301803,0.7367261103977317,SUCCESS,0.0.731861,0.0.3951117,0.0.4138717@1777920898.733334214
0.0.4691881,1.842508997479378,SUCCESS,0.0.731861,0.0.3951117,0.0.4138717@1777920900.299951909
0.0.1512938,0.002045216977357049,SUCCESS,0.0.731861,0.0.3951117,0.0.4138717@1777920902.837940256
0.0.4339712,0.9703390339050249,SUCCESS,0.0.731861,0.0.3951117,0.0.4138717@1777920901.632661398
0.0.10419614,44.93541230014816,SUCCESS,0.0.731861,0.0.3951117&0.0.5328590&0.0.8315114,0.0.4138717@1777920904.022370905
0.0.1216661,2309.838459271794,SUCCESS,0.0.731861,0.0.3951117,0.0.4138717@1777920903.057232556
0.0.1784251,5.695927865378,SUCCESS,0.0.731861,0.0.3951117&0.0.3964804&0.0.3964837&0.0.4601632&0.0.5328590,0.0.4138717@1777920905.188297448
0.0.8309441,1.951706438314737,SUCCESS,0.0.731861,0.0.3951117&0.0.3964804,0.0.4138717@1777920904.917785058
0.0.4754443,6.02754199438623,SUCCESS,0.0.731861,0.0.3951117&0.0.3964790&0.0.3964804,0.0.4138717@1777920903.206634386
0.0.1339713,181.3465310280544,SUCCESS,0.0.731861,0.0.3951117&0.0.5328590,0.0.4138717@1777920903.727254431
0.0.4745055,0.0177496217333981,SUCCESS,0.0.731861,0.0.3951117,0.0.4138717@1777920904.909988185
0.0.10117265,2.53316796906693,SUCCESS,0.0.731861,0.0.3951117,0.0.4138717@1777920905.901166400
0.0.4338219,18.58594045578046,SUCCESS,0.0.731861,0.0.3951117,0.0.4138717@1777920906.993498821
0.0.8085300,4.096675401555184,SUCCESS,0.0.731861,0.0.3951117&0.0.3964804,0.0.4138717@1777920905.963856964
0.0.4792831,0.009366524322065388,SUCCESS,0.0.731861,0.0.3951117,0.0.4138717@1777920908.685839513
0.0.589629,0.005366801602747184,SUCCESS,0.0.731861,0.0.3951117,0.0.4138717@1777920906.577703829
0.0.664329,22.95805740821424,SUCCESS,0.0.731861,0.0.3951117&0.0.6071119&0.0.6126395,0.0.4138717@1777920907.275248561
0.0.10352676,2.475120342542296,SUCCESS,0.0.731861,0.0.3951117,0.0.4138717@1777920907.581162150
0.0.4858736,0.1229549714006599,SUCCESS,0.0.731861,0.0.3951117,0.0.4138717@1777920910.063857677
0.0.4432398,1.063389817330135,SUCCESS,0.0.731861,0.0.3951117,0.0.4138717@1777920910.543137539
0.0.834443,331.5696300313785,SUCCESS,0.0.731861,0.0.3951117,0.0.4138717@1777920912.520279027
0.0.9299646,11.35881083873742,SUCCESS,0.0.731861,0.0.3951117,0.0.4138717@1777920910.937683208
0.0.4430933,235.8869384762018,SUCCESS,0.0.731861,0.0.3951117&0.0.3964827,0.0.4138717@1777920912.630619622
0.0.4383878,1.236377265205263,SUCCESS,0.0.731861,0.0.3951117&0.0.6078459,0.0.4138717@1777920908.767394725
0.0.8373509,83.57373811882016,SUCCESS,0.0.731861,0.0.3951117&0.0.3961531&0.0.3964804&0.0.5328590,0.0.4138717@1777920911.742253058
0.0.10230141,26.55224457333449,SUCCESS,0.0.731861,0.0.3951117,0.0.4138717@1777920915.934225813
0.0.5028724,0.01619092387389523,SUCCESS,0.0.731861,0.0.3951117,0.0.4138717@1777920911.671844520
0.0.5702270,401.5767320654772,SUCCESS,0.0.731861,0.0.3951117&0.0.4601632&0.0.5328590&0.0.6071119,0.0.4138717@1777920916.273672208
0.0.1458130,0.119191061246341,SUCCESS,0.0.731861,0.0.3951117,0.0.4138717@1777920915.974935092
0.0.10182354,28.05492251556907,SUCCESS,0.0.731861,0.0.3951117&0.0.3964804,0.0.4138717@1777920912.402211619
0.0.9273872,0.03734369288604951,SUCCESS,0.0.731861,0.0.3951117,0.0.4138717@1777920913.830940101
0.0.8546442,19.05959393346427,SUCCESS,0.0.731861,0.0.3951117,0.0.4138717@1777920914.565984028
0.0.8684349,1631.267772044257,SUCCESS,0.0.731861,0.0.3951117&0.0.3964860,0.0.4138717@1777920914.122704298
0.0.4329703,2.195411429171249,SUCCESS,0.0.731861,0.0.3951117,0.0.4138717@1777920916.141759053
0.0.9073081,0.1169798580711892,SUCCESS,0.0.731861,0.0.3951117,0.0.4138717@1777920918.678372924
0.0.9099631,11.83804357814462,SUCCESS,0.0.731861,0.0.3951117&0.0.6071119,0.0.4138717@1777920918.641236852
0.0.9112426,4.217127350446133,SUCCESS,0.0.731861,0.0.3951117&0.0.3964795&0.0.3964804&0.0.3964860,0.0.4138717@1777920920.193428197
0.0.8419510,0.8348187303353198,SUCCESS,0.0.731861,0.0.3951117,0.0.4138717@1777920919.302894633
0.0.1707146,2.905562710688767,SUCCESS,0.0.731861,0.0.3951117,0.0.4138717@1777920916.947829628
0.0.9202687,231.1438283300448,SUCCESS,0.0.731861,0.0.3951117,0.0.4138717@1777920921.154428875
0.0.9755401,5.269314707456392,SUCCESS,0.0.731861,0.0.3951117&0.0.4601632,0.0.4138717@1777920921.407769365
0.0.1368197,7.016868045224296,SUCCESS,0.0.731861,0.0.3951117&0.0.3964804,0.0.4138717@1777920923.252797683
0.0.7810768,3.379647930426749,SUCCESS,0.0.731861,0.0.3951117&0.0.3964827,0.0.4138717@1777920923.555377115
0.0.9344085,28.16179541939643,SUCCESS,0.0.731861,0.0.3951117&0.0.3964827&0.0.5328590,0.0.4138717@1777920920.591966284
0.0.1120575,708.6215313992019,SUCCESS,0.0.731861,0.0.3951117&0.0.3964804&0.0.3964837,0.0.4138717@1777920923.917296760
0.0.8383256,0.1031795162804775,SUCCESS,0.0.731861,0.0.3951117&0.0.3964804,0.0.4138717@1777920923.392577765
0.0.1515633,8.658419965700949,SUCCESS,0.0.731861,0.0.3951117,0.0.4138717@1777920922.575801720
0.0.9626972,1.232191608945324,SUCCESS,0.0.731861,0.0.3951117,0.0.4138717@1777920923.501884371
0.0.850481,218.0979482225231,SUCCESS,0.0.731861,0.0.3951117,0.0.4138717@1777920922.023495143
0.0.7542917,0.4633313524478658,SUCCESS,0.0.731861,0.0.3951117,0.0.4138717@1777920923.907406945
0.0.1758196,1.976276550366315,SUCCESS,0.0.731861,0.0.3951117,0.0.4138717@1777920928.563652843
0.0.4555391,4.341645136374512,SUCCESS,0.0.731861,0.0.3951117,0.0.4138717@1777920925.873880260
0.0.942605,2.283569978031862,SUCCESS,0.0.731861,0.0.3951117,0.0.4138717@1777920928.119113970
0.0.1115297,2.462608171126278,SUCCESS,0.0.731861,0.0.3951117,0.0.4138717@1777920929.337997625
0.0.9359586,0.1268315623802792,SUCCESS,0.0.731861,0.0.3951117,0.0.4138717@1777920929.330400421
0.0.8585089,254.8853818927337,SUCCESS,0.0.731861,0.0.3951117,0.0.4138717@1777920926.947498834
0.0.832852,93.9002165690372,SUCCESS,0.0.731861,0.0.3951117,0.0.4138717@1777920929.081607493
0.0.9404406,0.0994404409596862,SUCCESS,0.0.731861,0.0.3951117,0.0.4138717@1777920931.961146151
0.0.231224,2842.161823589912,SUCCESS,0.0.731861,0.0.3951117,0.0.4138717@1777920930.727669161
0.0.650437,4.299139405826179,SUCCESS,0.0.731861,0.0.3951117&0.0.3961531&0.0.5328590,0.0.4138717@1777920933.309600761
0.0.5156210,0.0485954702013542,SUCCESS,0.0.731861,0.0.3951117&0.0.3964804,0.0.4138717@1777920934.300154054
0.0.7726808,3.862613499689648,SUCCESS,0.0.731861,0.0.3951117,0.0.4138717@1777920930.421248097
0.0.834595,72.69067140347636,SUCCESS,0.0.731861,0.0.3951117&0.0.3964804&0.0.5328590,0.0.4138717@1777920931.181230539
0.0.1341996,0.1625564248248529,SUCCESS,0.0.731861,0.0.3951117,0.0.4138717@1777920933.041801567
0.0.1157855,1.972784615518221,SUCCESS,0.0.731861,0.0.3951117,0.0.4138717@1777920931.988969727
0.0.1110198,36.193059191494,SUCCESS,0.0.731861,0.0.3951117,0.0.4138717@1777920935.957984589
0.0.7555632,0.2192726610266209,SUCCESS,0.0.731861,0.0.3951117,0.0.4138717@1777920933.575911326
0.0.7989790,0.0909571931290927,SUCCESS,0.0.731861,0.0.3951117,0.0.4138717@1777920934.230494323
0.0.3706536,0.02518973131984532,SUCCESS,0.0.731861,0.0.3951117,0.0.4138717@1777920934.095601200
0.0.10031118,302.5000628215242,SUCCESS,0.0.731861,0.0.3951117,0.0.4138717@1777920938.877258286
0.0.10031117,450.3780838347365,SUCCESS,0.0.731861,0.0.3951117,0.0.4138717@1777920938.820231404
0.0.8013259,53317.70076376059,SUCCESS,0.0.731861,0.0.3951117,0.0.4138717@1777920938.186970145
0.0.5688804,6.321255105276871,SUCCESS,0.0.731861,0.0.3951117&0.0.3964827,0.0.4138717@1777920938.771699230
0.0.8049278,0.2181358314774651,SUCCESS,0.0.731861,0.0.3951117,0.0.4138717@1777920936.582644116
0.0.8068996,0.9422135437312802,SUCCESS,0.0.731861,0.0.3951117&0.0.3964790&0.0.3964804&0.0.3964827&0.0.5328590,0.0.4138717@1777920936.843601871
0.0.10021410,0.1816400473701432,SUCCESS,0.0.731861,0.0.3951117,0.0.4138717@1777920938.454373943
0.0.8071373,3.324134307625604,SUCCESS,0.0.731861,0.0.3951117,0.0.4138717@1777920941.068695122
0.0.9723151,0.04716435626606821,SUCCESS,0.0.731861,0.0.3951117&0.0.3964795,0.0.4138717@1777920940.881908346
0.0.819005,31.85114035438025,SUCCESS,0.0.731861,0.0.3951117&0.0.5328590,0.0.4138717@1777920941.794956617
0.0.8212757,5.476045470857784,SUCCESS,0.0.731861,0.0.3951117,0.0.4138717@1777920942.101988180
0.0.9958383,0.1442091566688528,SUCCESS,0.0.731861,0.0.3951117,0.0.4138717@1777920942.057542701
0.0.8260017,0.6301223956101127,SUCCESS,0.0.731861,0.0.3951117&0.0.3964804,0.0.4138717@1777920943.092122413
0.0.2137668,102.8152506068088,SUCCESS,0.0.731861,0.0.3951117&0.0.3964804,0.0.4138717@1777920940.460107739
0.0.8382774,1.59830954200712,SUCCESS,0.0.731861,0.0.3951117&0.0.3964804&0.0.6071119,0.0.4138717@1777920941.492781467
0.0.3943340,0.3177014508073132,SUCCESS,0.0.731861,0.0.3951117,0.0.4138717@1777920943.310783332
0.0.1374442,881.3895005595625,SUCCESS,0.0.731861,0.0.3951117&0.0.3964804&0.0.4601632&0.0.5328590,0.0.4138717@1777920945.261218799
0.0.4570964,23.18605066668276,SUCCESS,0.0.731861,0.0.3951117,0.0.4138717@1777920946.176770557
0.0.5352069,1.418864204775207,SUCCESS,0.0.731861,0.0.3951117,0.0.4138717@1777920945.916141676
0.0.8490555,4.618526353622026,SUCCESS,0.0.731861,0.0.3951117,0.0.4138717@1777920944.487492294
0.0.4331763,479.5927399102005,SUCCESS,0.0.731861,0.0.3951117,0.0.4138717@1777920946.716159593
0.0.7262531,0.1938437568207217,SUCCESS,0.0.731861,0.0.3951117&0.0.3964804,0.0.4138717@1777920946.629188694
0.0.700741,4.669389556262869,SUCCESS,0.0.731861,0.0.3951117,0.0.4138717@1777920948.377938955
0.0.4551977,1.224225153922227,SUCCESS,0.0.731861,0.0.3951117,0.0.4138717@1777920946.578760637
0.0.1453803,92.26513859645958,SUCCESS,0.0.731861,0.0.3951117&0.0.3964804&0.0.4601632&0.0.5328590&0.0.6071119,0.0.4138717@1777920947.999486735
0.0.1726157,50.01953408505155,SUCCESS,0.0.731861,0.0.3951117&0.0.3964804,0.0.4138717@1777920949.679908093
0.0.1414140,71185.7352381981,SUCCESS,0.0.731861,0.0.3951117,0.0.4138717@1777920951.263704599
0.0.4346579,0.01878538044746139,SUCCESS,0.0.731861,0.0.3951117,0.0.4138717@1777920951.172182524
0.0.4229805,7.084956661916811,SUCCESS,0.0.731861,0.0.3951117,0.0.4138717@1777920948.788513832
0.0.5078033,25.62198742219473,SUCCESS,0.0.731861,0.0.3951117&0.0.4601632,0.0.4138717@1777920949.366148561
0.0.508876,29.89124657580357,SUCCESS,0.0.731861,0.0.3951117,0.0.4138717@1777920949.692950324
0.0.1409958,0.8807654321737695,SUCCESS,0.0.731861,0.0.3951117,0.0.4138717@1777920951.724169234
0.0.7479340,12.36046703300667,SUCCESS,0.0.731861,0.0.3951117&0.0.3964804,0.0.4138717@1777920948.773159530
0.0.1340928,1295.33495932014,SUCCESS,0.0.731861,0.0.3951117&0.0.3964837,0.0.4138717@1777920951.677365403
0.0.1075892,11.13662665242127,SUCCESS,0.0.731861,0.0.3951117,0.0.4138717@1777920953.772773397
0.0.7138336,0.2001981041962087,SUCCESS,0.0.731861,0.0.3951117&0.0.3961531,0.0.4138717@1777920952.899398460
0.0.1097257,6141.753646487501,SUCCESS,0.0.731861,0.0.3951117&0.0.3964795&0.0.3964800&0.0.3964821&0.0.3964827&0.0.3964834&0.0.3964837&0.0.3964840&0.0.4601632&0.0.5328590&0.0.6071074,0.0.4138717@1777920954.638913311
0.0.4766933,227.2682004117489,SUCCESS,0.0.731861,0.0.3951117,0.0.4138717@1777920954.667784518
0.0.4350041,1.935449888130499,SUCCESS,0.0.731861,0.0.3951117,0.0.4138717@1777920956.643102392
0.0.6781119,1559.189526654257,SUCCESS,0.0.731861,0.0.3951117&0.0.3964795&0.0.3964800&0.0.3964804&0.0.3964808&0.0.3964821&0.0.3964827&0.0.3964834&0.0.3964837&0.0.3964860&0.0.3964840&0.0.5328590&0.0.6071119&0.0.8315114&0.0.10018365,0.0.4138717@1777920954.844961851
0.0.6026305,2.680698306665946,SUCCESS,0.0.731861,0.0.3951117,0.0.4138717@1777920956.285374397
0.0.1910285,1.24989315825941,SUCCESS,0.0.731861,0.0.3951117,0.0.4138717@1777920953.547051413
0.0.1735540,15.82286675741902,SUCCESS,0.0.731861,0.0.3951117&0.0.5328590,0.0.4138717@1777920954.834909847
0.0.4345324,1.533872166732011,SUCCESS,0.0.731861,0.0.3951117,0.0.4138717@1777920959.542563059
0.0.874760,514.4847682604175,SUCCESS,0.0.731861,0.0.3951117&0.0.3964804&0.0.6078459,0.0.4138717@1777920956.492008711
0.0.4349304,3.631907820225927,SUCCESS,0.0.731861,0.0.3951117&0.0.3964790&0.0.5328590,0.0.4138717@1777920957.840060709
0.0.4322065,10.41089941973235,SUCCESS,0.0.731861,0.0.3951117,0.0.4138717@1777920960.022610674
0.0.6289117,97.47275763982597,SUCCESS,0.0.731861,0.0.3951117&0.0.3964804&0.0.4601632&0.0.6071041,0.0.4138717@1777920961.204033316
0.0.4370057,0.6830327178183025,SUCCESS,0.0.731861,0.0.3951117,0.0.4138717@1777920959.307137496
0.0.6313910,1482.371689697277,SUCCESS,0.0.731861,0.0.3951117&0.0.3964804,0.0.4138717@1777920961.197058144
0.0.1261552,3.7759535759177,SUCCESS,0.0.731861,0.0.3951117&0.0.3961531&0.0.3964790&0.0.3964804&0.0.3964860&0.0.4129330&0.0.6071119,0.0.4138717@1777920960.894888925
0.0.856667,82.64096763632772,SUCCESS,0.0.731861,0.0.3951117&0.0.3964804,0.0.4138717@1777920959.339055797
0.0.2125030,4774.118351092971,SUCCESS,0.0.731861,0.0.3951117&0.0.3961531&0.0.3964795&0.0.3964800&0.0.3964808&0.0.3964834&0.0.3964837&0.0.3964840,0.0.4138717@1777920962.102655052
0.0.1601282,0.9819427232491554,SUCCESS,0.0.731861,0.0.3951117,0.0.4138717@1777920963.110270272
0.0.2020001,5.139991496643667,SUCCESS,0.0.731861,0.0.3951117&0.0.6071119,0.0.4138717@1777920964.254442245
0.0.7991960,31.32515127101387,SUCCESS,0.0.731861,0.0.3951117&0.0.3964804,0.0.4138717@1777920961.521219115
0.0.4302086,1.581469448170736,SUCCESS,0.0.731861,0.0.3951117,0.0.4138717@1777920961.787816535
0.0.1412849,0.00004356210915953865,SUCCESS,0.0.731861,0.0.3951117,0.0.4138717@1777920964.850294037
0.0.598828,0.2955476942055668,SUCCESS,0.0.731861,0.0.3951117&0.0.3964804,0.0.4138717@1777920965.232346541
0.0.4864609,1.327320705766299,SUCCESS,0.0.731861,0.0.3951117,0.0.4138717@1777920964.513639627
0.0.914261,464.4424764291246,SUCCESS,0.0.731861,0.0.3951117&0.0.5328590,0.0.4138717@1777920965.240638443
0.0.1877739,3.513802019510511,SUCCESS,0.0.731861,0.0.3951117&0.0.3964827&0.0.4601632,0.0.4138717@1777920962.345157062
0.0.4347838,31.59911753207958,SUCCESS,0.0.731861,0.0.3951117,0.0.4138717@1777920966.093021203
0.0.4503599,17.45464702683334,SUCCESS,0.0.731861,0.0.3951117,0.0.4138717@1777920965.760448752
0.0.2174139,2.739602347722639,SUCCESS,0.0.731861,0.0.3951117&0.0.3964804,0.0.4138717@1777920968.966217386
0.0.104926,0.04029769495727937,SUCCESS,0.0.731861,0.0.3951117,0.0.4138717@1777920967.812561120
0.0.1896081,1.031371347873424,SUCCESS,0.0.731861,0.0.3951117&0.0.3964804,0.0.4138717@1777920968.055893633
0.0.7843482,13.39515143164866,SUCCESS,0.0.731861,0.0.3951117&0.0.3964804,0.0.4138717@1777920969.411347407
0.0.7798148,35.04062000446616,SUCCESS,0.0.731861,0.0.3951117,0.0.4138717@1777920968.088078726
0.0.4205604,7.257416380295569,SUCCESS,0.0.731861,0.0.3951117,0.0.4138717@1777920971.178361091
0.0.639876,0.4198711156628177,SUCCESS,0.0.731861,0.0.3951117,0.0.4138717@1777920969.225992349
0.0.4559340,1.483340551362831,SUCCESS,0.0.731861,0.0.3951117,0.0.4138717@1777920971.045778778
0.0.1506598,21.17473952917983,SUCCESS,0.0.731861,0.0.3951117,0.0.4138717@1777920970.945894336
0.0.4329215,0.5606324526795423,SUCCESS,0.0.731861,0.0.3951117&0.0.3961531&0.0.3964804,0.0.4138717@1777920973.157708408
0.0.1023917,49.79189944711952,SUCCESS,0.0.731861,0.0.3951117&0.0.3964804&0.0.3964855&0.0.4601632&0.0.6071119,0.0.4138717@1777920973.170288936
0.0.854331,0.2794273995402529,SUCCESS,0.0.731861,0.0.3951117,0.0.4138717@1777920971.731954333
0.0.1490591,173.4629087644964,SUCCESS,0.0.731861,0.0.3951117&0.0.3964790&0.0.3964804,0.0.4138717@1777920970.659197978
0.0.1438402,1.059186776601346,SUCCESS,0.0.731861,0.0.3951117,0.0.4138717@1777920975.249873341
0.0.1110477,124.4263185723239,SUCCESS,0.0.731861,0.0.3951117,0.0.4138717@1777920972.580957614
0.0.4333286,2.681110845221161,SUCCESS,0.0.731861,0.0.3951117&0.0.3964827&0.0.3964860,0.0.4138717@1777920974.743647784
0.0.5976303,5.801961087915327,SUCCESS,0.0.731861,0.0.3951117&0.0.3964804,0.0.4138717@1777920977.279750164
0.0.4590627,13.04912985152912,SUCCESS,0.0.731861,0.0.3951117,0.0.4138717@1777920976.448580522
0.0.4732964,1.675937889495404,SUCCESS,0.0.731861,0.0.3951117,0.0.4138717@1777920976.786865600
0.0.4323088,128.1215932646641,SUCCESS,0.0.731861,0.0.3951117&0.0.3964804&0.0.3964855,0.0.4138717@1777920977.447717702
0.0.4335807,870.2613901272443,SUCCESS,0.0.731861,0.0.3951117&0.0.3961531&0.0.3964790&0.0.3964827&0.0.3964855&0.0.4129330&0.0.4601632&0.0.5328590,0.0.4138717@1777920976.246398860
0.0.3969243,0.4421015215034059,SUCCESS,0.0.731861,0.0.3951117&0.0.4129330,0.0.4138717@1777920975.509084305
0.0.4986167,2.621491518576049,SUCCESS,0.0.731861,0.0.3951117,0.0.4138717@1777920977.452740724
0.0.5281334,2.616948138608255,SUCCESS,0.0.731861,0.0.3951117,0.0.4138717@1777920979.311614602
0.0.5975196,4.395436526853493,SUCCESS,0.0.731861,0.0.3951117&0.0.4601632,0.0.4138717@1777920981.251955952
0.0.4329852,425.0847865452902,SUCCESS,0.0.731861,0.0.3951117&0.0.3964804&0.0.3964827&0.0.3964855&0.0.4601632&0.0.5328590,0.0.4138717@1777920979.173263858
0.0.5117832,817.0045463029394,SUCCESS,0.0.731861,0.0.3951117&0.0.3964804,0.0.4138717@1777920981.643345200
0.0.3681428,4873.039750983351,SUCCESS,0.0.731861,0.0.3951117&0.0.3964795&0.0.3964800&0.0.3964804&0.0.3964834&0.0.3964837&0.0.3964840,0.0.4138717@1777920979.072613946
0.0.4318411,74.07251936626854,SUCCESS,0.0.731861,0.0.3951117,0.0.4138717@1777920983.806890281
0.0.1711779,0.2600753852956793,SUCCESS,0.0.731861,0.0.3951117,0.0.4138717@1777920984.129726055
0.0.853268,628.4054192083572,SUCCESS,0.0.731861,0.0.3951117,0.0.4138717@1777920985.564705462
0.0.5202236,8.153602613242716,SUCCESS,0.0.731861,0.0.3951117,0.0.4138717@1777920985.784259361
0.0.662296,669.1185984647759,SUCCESS,0.0.731861,0.0.3951117,0.0.4138717@1777920986.049865449
0.0.4558891,54.12382105191485,SUCCESS,0.0.731861,0.0.3951117,0.0.4138717@1777920983.047704758
0.0.2930231,4.68990139885842,SUCCESS,0.0.731861,0.0.3951117&0.0.3964804,0.0.4138717@1777920983.266524640
0.0.3829916,340.0998171840055,SUCCESS,0.0.731861,0.0.3951117,0.0.4138717@1777920983.634179006
0.0.4354394,184.695700694923,SUCCESS,0.0.731861,0.0.3951117&0.0.3964790,0.0.4138717@1777920986.819843238
0.0.4968045,38.31484720102675,SUCCESS,0.0.731861,0.0.3951117,0.0.4138717@1777920985.374410404
0.0.1322785,389.4813264410919,SUCCESS,0.0.731861,0.0.3951117,0.0.4138717@1777920987.348359365
0.0.4322002,5.890991005703582,SUCCESS,0.0.731861,0.0.3951117,0.0.4138717@1777920985.815156358
0.0.4938729,20.39964352934162,SUCCESS,0.0.731861,0.0.3951117,0.0.4138717@1777920986.691602747
0.0.5716339,0.02019524544615138,SUCCESS,0.0.731861,0.0.3951117,0.0.4138717@1777920990.677331481
0.0.4709377,172.5178511263668,SUCCESS,0.0.731861,0.0.3951117,0.0.4138717@1777920990.517870692
0.0.4817549,15.85774958595574,SUCCESS,0.0.731861,0.0.3951117&0.0.3964804,0.0.4138717@1777920988.824801107
0.0.4695027,4.897475996701204,SUCCESS,0.0.731861,0.0.3951117,0.0.4138717@1777920989.589781171
0.0.4340758,8.087734927816935,SUCCESS,0.0.731861,0.0.3951117&0.0.3964804,0.0.4138717@1777920991.227996377
0.0.4582751,2.633179781698007,SUCCESS,0.0.731861,0.0.3951117,0.0.4138717@1777920989.032333585
0.0.6244791,14.83602596861452,SUCCESS,0.0.731861,0.0.3951117,0.0.4138717@1777920989.869420602
0.0.4348824,0.1797483104139818,SUCCESS,0.0.731861,0.0.3951117,0.0.4138717@1777920991.589743909
0.0.850535,1695.209461337253,SUCCESS,0.0.731861,0.0.3951117&0.0.3964834&0.0.4129330&0.0.4601632&0.0.5328590,0.0.4138717@1777920991.796649401
0.0.3100704,4640.065943101789,SUCCESS,0.0.731861,0.0.3951117&0.0.3964795&0.0.3964804&0.0.3964860&0.0.4601632&0.0.5328590,0.0.4138717@1777920993.026918270
0.0.1506629,1.607295453581301,SUCCESS,0.0.731861,0.0.3951117,0.0.4138717@1777920996.614233260
0.0.5797983,1.845458656362709,SUCCESS,0.0.731861,0.0.3951117&0.0.3961531&0.0.3964804,0.0.4138717@1777920993.860962625
0.0.3242760,286.8461798057169,SUCCESS,0.0.731861,0.0.3951117&0.0.3961531&0.0.3964804,0.0.4138717@1777920994.352525685
0.0.4923080,1.962791048327976,SUCCESS,0.0.731861,0.0.3951117,0.0.4138717@1777920997.503993532
0.0.795933,25.91005396664637,SUCCESS,0.0.731861,0.0.3951117,0.0.4138717@1777920997.525804114
0.0.4324445,11.64210717290302,SUCCESS,0.0.731861,0.0.3951117&0.0.3964804&0.0.3964855,0.0.4138717@1777920996.864140967
0.0.2968839,142.1480228495438,SUCCESS,0.0.731861,0.0.3951117&0.0.3964804&0.0.4601632,0.0.4138717@1777920998.443676343
0.0.4321631,309.128784912791,SUCCESS,0.0.731861,0.0.3951117&0.0.3964795&0.0.3964800&0.0.3964804&0.0.3964808&0.0.5328590,0.0.4138717@1777920998.671017542
0.0.4330219,2.463735892097234,SUCCESS,0.0.731861,0.0.3951117&0.0.3964790,0.0.4138717@1777920996.424645432
0.0.7835270,72.69788461835445,SUCCESS,0.0.731861,0.0.3951117,0.0.4138717@1777921000.459166656
0.0.3071320,382.1089810818028,SUCCESS,0.0.731861,0.0.3951117,0.0.4138717@1777920997.101788389
0.0.4324463,1.696814747718978,SUCCESS,0.0.731861,0.0.3951117&0.0.3964790,0.0.4138717@1777921000.375530556
0.0.4758169,7.374188408169097,SUCCESS,0.0.731861,0.0.3951117,0.0.4138717@1777920998.898399541
0.0.1266990,1.109814285253536,SUCCESS,0.0.731861,0.0.3951117,0.0.4138717@1777921002.026355910
0.0.4775299,12.37932698546986,SUCCESS,0.0.731861,0.0.3951117,0.0.4138717@1777921000.743231791
0.0.4184733,1343.59919680408,SUCCESS,0.0.731861,0.0.3951117,0.0.4138717@1777921001.739161737
0.0.5118190,14.17336209730574,SUCCESS,0.0.731861,0.0.3951117&0.0.3964795&0.0.3964804&0.0.3964808&0.0.3964827&0.0.3964860&0.0.5328590,0.0.4138717@1777921002.264641934
0.0.841339,31.27139518977366,SUCCESS,0.0.731861,0.0.3951117&0.0.3964834,0.0.4138717@1777920999.273796312
0.0.1412123,4.539638881454687,NOT_ASSOCIATED,0.0.731861,0.0.3951117&0.0.3964804,
0.0.4432149,4.475408518442639,SUCCESS,0.0.731861,0.0.3951117,0.0.4138717@1777921000.046245248
0.0.1290358,5470.966197982899,SUCCESS,0.0.731861,0.0.3951117&0.0.3964834,0.0.4138717@1777921004.252521646
0.0.4349716,299.0971024244479,SUCCESS,0.0.731861,0.0.3951117&0.0.3964790&0.0.3964804&0.0.3964827&0.0.5328590&0.0.6078473,0.0.4138717@1777921003.867200701
0.0.8341357,40.61814848484424,SUCCESS,0.0.731861,0.0.3951117&0.0.3964804&0.0.5328590,0.0.4138717@1777921001.396071154
0.0.834820,103.67523775759,SUCCESS,0.0.731861,0.0.3951117&0.0.3964804,0.0.4138717@1777921002.858640895
0.0.835242,0.1209929325222593,SUCCESS,0.0.731861,0.0.3951117,0.0.4138717@1777921003.573552543
0.0.4570908,594.3252315074585,SUCCESS,0.0.731861,0.0.3951117&0.0.5328590,0.0.4138717@1777921007.198951382
0.0.52231,51.05731249049399,SUCCESS,0.0.731861,0.0.3951117,0.0.4138717@1777921006.696845904
0.0.731977,688.338797200706,SUCCESS,0.0.731861,0.0.3951117&0.0.4601632,0.0.4138717@1777921004.883243579
0.0.7680254,21.93729925041884,SUCCESS,0.0.731861,0.0.3951117&0.0.3961531&0.0.3964804,0.0.4138717@1777921004.180492991
0.0.9597272,11.9033205275417,SUCCESS,0.0.731861,0.0.3951117,0.0.4138717@1777921004.593078998
0.0.9619890,222.287798574013,SUCCESS,0.0.731861,0.0.3951117&0.0.3964804&0.0.3964808&0.0.3964834&0.0.3964840&0.0.6071119&0.0.8315114,0.0.4138717@1777921008.195977392
0.0.819461,1.044363876407584,SUCCESS,0.0.731861,0.0.3951117,0.0.4138717@1777921009.073640755
0.0.2994397,17.15823986700583,SUCCESS,0.0.731861,0.0.3951117,0.0.4138717@1777921007.522102439
0.0.9154738,17.69872270577224,SUCCESS,0.0.731861,0.0.3951117&0.0.3964804&0.0.3964827&0.0.6071119,0.0.4138717@1777921010.356415954
0.0.1022050,49.34033919957765,SUCCESS,0.0.731861,0.0.3951117,0.0.4138717@1777921006.309605174
0.0.9318600,1383.421255386069,SUCCESS,0.0.731861,0.0.3951117,0.0.4138717@1777921009.589477565
0.0.844585,104.6131466490474,SUCCESS,0.0.731861,0.0.3951117&0.0.3964804,0.0.4138717@1777921011.533615073
0.0.4351536,12.99540540404903,SUCCESS,0.0.731861,0.0.3951117,0.0.4138717@1777921008.777599966
0.0.832415,629.0013621893446,SUCCESS,0.0.731861,0.0.3951117,0.0.4138717@1777921010.946631801
0.0.2183535,207.3211684791473,SUCCESS,0.0.731861,0.0.3951117&0.0.5328590&0.0.6071119,0.0.4138717@1777921011.678318922
0.0.9301583,384.8768979174322,SUCCESS,0.0.731861,0.0.3951117,0.0.4138717@1777921012.414985080
0.0.3845966,6.130102508056397,SUCCESS,0.0.731861,0.0.3951117&0.0.3961531&0.0.3964790&0.0.3964804&0.0.3964827&0.0.6078459,0.0.4138717@1777921012.270540481
0.0.1724832,1.206516995054823,SUCCESS,0.0.731861,0.0.3951117,0.0.4138717@1777921014.837676909
0.0.6872459,3267.076182744951,SUCCESS,0.0.731861,0.0.3951117,0.0.4138717@1777921013.185974589
0.0.657648,751.0722423129247,SUCCESS,0.0.731861,0.0.3951117&0.0.3961531&0.0.3964790,0.0.4138717@1777921013.280973842
0.0.832624,9.874736133117967,SUCCESS,0.0.731861,0.0.3951117&0.0.3961531&0.0.3964804&0.0.5328590&0.0.6071119,0.0.4138717@1777921015.482900336
0.0.9200436,87.00239268007309,SUCCESS,0.0.731861,0.0.3951117&0.0.3961531&0.0.3964808,0.0.4138717@1777921011.734438293
0.0.8485588,3803.401559574068,SUCCESS,0.0.731861,0.0.3951117,0.0.4138717@1777921015.476962595
0.0.4331665,3.391078885727259,SUCCESS,0.0.731861,0.0.3951117,0.0.4138717@1777921016.476227233
0.0.4433722,0.1942288684663805,SUCCESS,0.0.731861,0.0.3951117,0.0.4138717@1777921017.604474484
0.0.3925109,0.0001258242361555942,SUCCESS,0.0.731861,0.0.3951117,0.0.4138717@1777921014.746494638
0.0.4591423,1.582996398749584,SUCCESS,0.0.731861,0.0.3951117&0.0.3964855&0.0.4601632,0.0.4138717@1777921016.921291046
0.0.3872466,0.344250086906326,SUCCESS,0.0.731861,0.0.3951117,0.0.4138717@1777921017.644835725
0.0.1508462,92.68671488093956,SUCCESS,0.0.731861,0.0.3951117,0.0.4138717@1777921015.745080112
0.0.4575306,0.01216178934091304,SUCCESS,0.0.731861,0.0.3951117,0.0.4138717@1777921016.198745460
0.0.516971,6.340265956948931e-7,SUCCESS,0.0.731861,0.0.3951117&0.0.4129330,0.0.4138717@1777921017.528696174
0.0.490092,0.3648160849205846,SUCCESS,0.0.731861,0.0.3951117,0.0.4138717@1777921017.658301113
0.0.4569835,0.01869748755017346,SUCCESS,0.0.731861,0.0.3951117,0.0.4138717@1777921017.750724538
0.0.9430013,357.3334033720744,SUCCESS,0.0.731861,0.0.3951117,0.0.4138717@1777921020.558979475
0.0.1462225,12836.08721049202,SUCCESS,0.0.731861,0.0.3951117&0.0.3964804&0.0.4601632,0.0.4138717@1777921021.520097758
0.0.860438,8.837273374484116,SUCCESS,0.0.731861,0.0.3951117&0.0.3964804&0.0.6071119,0.0.4138717@1777921022.038312182
0.0.10300628,2004.231605529495,SUCCESS,0.0.731861,0.0.3951117,0.0.4138717@1777921021.481928559
0.0.3525426,100.7666762103513,SUCCESS,0.0.731861,0.0.3951117&0.0.3964790&0.0.3964804&0.0.3964808&0.0.3964860&0.0.4601632&0.0.5328590,0.0.4138717@1777921020.724874137
0.0.1123753,26.01969438110215,SUCCESS,0.0.731861,0.0.3951117&0.0.3964804&0.0.4129330,0.0.4138717@1777921021.732830262
0.0.7920605,56.3824049565789,SUCCESS,0.0.731861,0.0.3951117&0.0.3961531&0.0.3964790&0.0.5328590,0.0.4138717@1777921020.924405207
0.0.139500,157.6655121212586,SUCCESS,0.0.731861,0.0.3951117&0.0.3964790&0.0.3964860,0.0.4138717@1777921022.017869070
0.0.5244199,82.60050003181456,SUCCESS,0.0.731861,0.0.3951117&0.0.3964827,0.0.4138717@1777921022.845905269
0.0.1274087,6541.904886664081,SUCCESS,0.0.731861,0.0.3951117,0.0.4138717@1777921022.639285494
0.0.10088944,12.27612896038075,SUCCESS,0.0.731861,0.0.3951117&0.0.3964804,0.0.4138717@1777921023.592766903
0.0.2773436,1219.162003282401,SUCCESS,0.0.731861,0.0.3951117&0.0.3964804&0.0.5328590,0.0.4138717@1777921026.364634044
0.0.6374996,180.7939794735064,SUCCESS,0.0.731861,0.0.3951117&0.0.3964827&0.0.5328590,0.0.4138717@1777921022.514520977
0.0.10064213,8.479540736764168,SUCCESS,0.0.731861,0.0.3951117&0.0.3964804,0.0.4138717@1777921023.677022613
0.0.1691323,200.4686564521399,SUCCESS,0.0.731861,0.0.3951117&0.0.3964804,0.0.4138717@1777921023.088514006
0.0.9104463,81.59887810712033,SUCCESS,0.0.731861,0.0.3951117&0.0.3964804&0.0.6071119,0.0.4138717@1777921025.760178547
0.0.4531253,16.66171500926796,SUCCESS,0.0.731861,0.0.3951117&0.0.3961531&0.0.3964804&0.0.3964855&0.0.4129330&0.0.8315114,0.0.4138717@1777921026.060761711
0.0.8673695,5.46602573274159,SUCCESS,0.0.731861,0.0.3951117&0.0.3961531&0.0.3964795&0.0.3964800&0.0.3964804&0.0.3964808&0.0.3964834&0.0.3964837&0.0.3964860&0.0.3964840&0.0.5328590&0.0.6078459,0.0.4138717@1777921026.297454492
0.0.1120388,33.08584806184037,SUCCESS,0.0.731861,0.0.3951117&0.0.5328590,0.0.4138717@1777921028.009123198
0.0.2116956,3.266220766959973,SUCCESS,0.0.731861,0.0.3951117&0.0.3961531&0.0.3964855,0.0.4138717@1777921028.791688744
0.0.2122027,45.43027895811366,SUCCESS,0.0.731861,0.0.3951117&0.0.3961531&0.0.3964804,0.0.4138717@1777921029.906131100
0.0.8531519,48.5558346761309,SUCCESS,0.0.731861,0.0.3951117,0.0.4138717@1777921029.290906902
0.0.4339505,1644.850262931648,SUCCESS,0.0.731861,0.0.3951117&0.0.3964804&0.0.5328590,0.0.4138717@1777921026.924455590
0.0.2960169,8.290336883491188,SUCCESS,0.0.731861,0.0.3951117&0.0.3961531&0.0.3964827,0.0.4138717@1777921027.251422363
0.0.8616856,536.1062590199641,SUCCESS,0.0.731861,0.0.3951117&0.0.3961531&0.0.3964804&0.0.6071119,0.0.4138717@1777921027.545075346
0.0.7891604,101.7017575911511,SUCCESS,0.0.731861,0.0.3951117,0.0.4138717@1777921030.242063243
0.0.896788,2282.370686263323,SUCCESS,0.0.731861,0.0.3951117&0.0.4601632,0.0.4138717@1777921028.605176599
0.0.4342759,278.8219243315866,SUCCESS,0.0.731861,0.0.3951117,0.0.4138717@1777921031.152787075
0.0.4912200,956.5772185657999,SUCCESS,0.0.731861,0.0.3951117&0.0.3964804,0.0.4138717@1777921029.582777798
0.0.8190429,12.7030196850679,SUCCESS,0.0.731861,0.0.3951117,0.0.4138717@1777921030.370107501
0.0.1379217,46.54709942858236,NOT_ASSOCIATED,0.0.731861,0.0.3951117,
0.0.837404,1016.789526429114,SUCCESS,0.0.731861,0.0.3951117&0.0.3964790&0.0.3964837&0.0.5328590&0.0.6071119,0.0.4138717@1777921034.588250453
0.0.6258771,37.31113197288634,SUCCESS,0.0.731861,0.0.3951117,0.0.4138717@1777921035.754586979
0.0.7889838,45.50839289708954,SUCCESS,0.0.731861,0.0.3951117,0.0.4138717@1777921031.625119952
0.0.925802,16.16558306172242,SUCCESS,0.0.731861,0.0.3951117,0.0.4138717@1777921035.555088656
0.0.8068689,319.8131338215859,SUCCESS,0.0.731861,0.0.3951117&0.0.3964804&0.0.3964827,0.0.4138717@1777921034.593457214
0.0.1991961,337.4353038975603,SUCCESS,0.0.731861,0.0.3951117&0.0.3964790&0.0.3964808&0.0.3964827&0.0.4601632&0.0.6071041,0.0.4138717@1777921035.704062843
0.0.9150357,50.31660569810047,NOT_ASSOCIATED,0.0.731861,0.0.3951117,
0.0.8899262,32.02747703519164,SUCCESS,0.0.731861,0.0.3951117,0.0.4138717@1777921036.443577070
0.0.9120392,5.574273257121948,SUCCESS,0.0.731861,0.0.3951117&0.0.3964804&0.0.8315114,0.0.4138717@1777921034.629494621
0.0.3947779,1453.595215883097,SUCCESS,0.0.731861,0.0.3951117,0.0.4138717@1777921038.189673187
0.0.7526203,13.48588836464753,SUCCESS,0.0.731861,0.0.3951117&0.0.3964804,0.0.4138717@1777921037.738915747
0.0.525256,142.631846443572,SUCCESS,0.0.731861,0.0.3951117,0.0.4138717@1777921040.005105690
0.0.3310398,2.135691913783802,SUCCESS,0.0.731861,0.0.3951117&0.0.3964804,0.0.4138717@1777921039.719338540
0.0.9195929,390.4642381301539,SUCCESS,0.0.731861,0.0.3951117&0.0.3964804&0.0.5328590&0.0.8315114,0.0.4138717@1777921039.163912513
0.0.7788937,0.2883421533330377,SUCCESS,0.0.731861,0.0.3951117&0.0.10018365,0.0.4138717@1777921039.358901405
0.0.897444,350.0841280943325,SUCCESS,0.0.731861,0.0.3961531&0.0.3964790,0.0.4138717@1777921041.131917095
0.0.9183843,2.343900654897058,NOT_ASSOCIATED,0.0.731861,0.0.3961531,
0.0.8378238,1.780624297484318,SUCCESS,0.0.731861,0.0.3961531,0.0.4138717@1777921037.939831825
0.0.1372179,16.54546442741508,SUCCESS,0.0.731861,0.0.3961531&0.0.3964804,0.0.4138717@1777921042.328996285
0.0.862821,20.42798885145326,SUCCESS,0.0.731861,0.0.3961531&0.0.3964790,0.0.4138717@1777921040.028463912
0.0.9405888,0.3636380670307485,SUCCESS,0.0.731861,0.0.3961531&0.0.3964804&0.0.5328590,0.0.4138717@1777921042.840232084
0.0.1501041,1.432416792648084,SUCCESS,0.0.731861,0.0.3961531,0.0.4138717@1777921044.228586021
0.0.6095958,183.0821384427113,NOT_ASSOCIATED,0.0.731861,0.0.3961531&0.0.3964804,
0.0.4346141,82.59130988133047,SUCCESS,0.0.731861,0.0.3961531,0.0.4138717@1777921043.904655635
0.0.1431202,4.845254457571315,SUCCESS,0.0.731861,0.0.3961531,0.0.4138717@1777921041.062149644
0.0.10278400,175.0190280490121,NOT_ASSOCIATED,0.0.731861,0.0.3961531&0.0.3964840&0.0.5328590,
0.0.2022247,1343.611270818162,SUCCESS,0.0.731861,0.0.3961531,0.0.4138717@1777921044.589640394
0.0.646656,0.7878680991050375,SUCCESS,0.0.731861,0.0.3961531,0.0.4138717@1777921042.239006729
0.0.1340980,0.3748773431275839,SUCCESS,0.0.731861,0.0.3961531,0.0.4138717@1777921043.034077908
0.0.7535835,10.20604296775752,SUCCESS,0.0.731861,0.0.3961531&0.0.3964790&0.0.6071119,0.0.4138717@1777921042.511161755
0.0.10303974,8.886910696682696,SUCCESS,0.0.731861,0.0.3961531&0.0.3964804,0.0.4138717@1777921045.061214864
0.0.10224088,109.9181842281081,NOT_ASSOCIATED,0.0.731861,0.0.3961531,
0.0.10291442,1823.057395508814,SUCCESS,0.0.731861,0.0.3961531,0.0.4138717@1777921044.185562097
0.0.953101,237.8720096067767,SUCCESS,0.0.731861,0.0.3961531,0.0.4138717@1777921043.349194269
0.0.852692,8.05675775360096,SUCCESS,0.0.731861,0.0.3961531,0.0.4138717@1777921044.020739143
0.0.10223842,16.80373853256578,SUCCESS,0.0.731861,0.0.3961531,0.0.4138717@1777921048.506983370
0.0.4707801,0.2772490148947515,NOT_ASSOCIATED,0.0.731861,0.0.3961531,
0.0.10124208,0.02651490306839586,SUCCESS,0.0.731861,0.0.3961531,0.0.4138717@1777921045.828058036
0.0.10090227,0.2640821867345119,SUCCESS,0.0.731861,0.0.3961531,0.0.4138717@1777921049.158818909
0.0.7525727,2646.191136550616,SUCCESS,0.0.731861,0.0.3961531&0.0.3964827&0.0.5328590,0.0.4138717@1777921046.009485888
0.0.4362462,3.968332886850653,NOT_ASSOCIATED,0.0.731861,0.0.3961531,
0.0.3687323,0.00002960283907294511,SUCCESS,0.0.731861,0.0.3961531,0.0.4138717@1777921050.057850687
0.0.7560867,0.009265830147941651,SUCCESS,0.0.731861,0.0.3961531,0.0.4138717@1777921047.172251780
0.0.8767225,6.005097042321591,SUCCESS,0.0.731861,0.0.3961531&0.0.3964804,0.0.4138717@1777921047.831268103
0.0.10268439,95.40282293978527,SUCCESS,0.0.731861,0.0.3961531&0.0.3964790&0.0.3964804&0.0.5328590,0.0.4138717@1777921046.446271176
0.0.1413657,33.44134723011078,SUCCESS,0.0.731861,0.0.3961531&0.0.4601632&0.0.5328590,0.0.4138717@1777921051.291342791
0.0.1070346,2186.355669328208,SUCCESS,0.0.731861,0.0.3961531&0.0.3964795&0.0.3964800&0.0.3964837&0.0.3964840,0.0.4138717@1777921047.800243546
0.0.6306847,2.22080689588025,SUCCESS,0.0.731861,0.0.3961531&0.0.3964804&0.0.3964827,0.0.4138717@1777921047.765005554
0.0.4639603,0.005427290783272182,NOT_ASSOCIATED,0.0.731861,0.0.3961531,
0.0.6143425,0.03567718791768321,SUCCESS,0.0.731861,0.0.3961531,0.0.4138717@1777921050.568558782
0.0.9279414,0.2499142344533133,SUCCESS,0.0.731861,0.0.3961531,0.0.4138717@1777921054.171283301
0.0.835929,0.00002622496593429041,SUCCESS,0.0.731861,0.0.3961531&0.0.3964790&0.0.3964804&0.0.4129330&0.0.4601632&0.0.5328590,0.0.4138717@1777921053.427629990
0.0.4723553,6.048413099455021,SUCCESS,0.0.731861,0.0.3961531,0.0.4138717@1777921051.223756364
0.0.4367595,1.667987087583928,SUCCESS,0.0.731861,0.0.3961531,0.0.4138717@1777921052.643972223
0.0.267573,153.9883638755695,SUCCESS,0.0.731861,0.0.3961531&0.0.3964837&0.0.3964855&0.0.4601632&0.0.5328590&0.0.6071041&0.0.6126395,0.0.4138717@1777921053.736010910
0.0.4594903,24.36402130012036,SUCCESS,0.0.731861,0.0.3961531&0.0.3964790&0.0.3964804,0.0.4138717@1777921053.338192429
0.0.892088,9.784009654132054,SUCCESS,0.0.731861,0.0.3961531,0.0.4138717@1777921054.495822840
0.0.948513,205.476966929274,SUCCESS,0.0.731861,0.0.3961531,0.0.4138717@1777921053.535655360
0.0.1152713,42510.61852076254,SUCCESS,0.0.731861,0.0.3961531&0.0.3964790&0.0.10387648&0.0.10418141,0.0.4138717@1777921054.632898375
0.0.7571792,0.01479410003626734,SUCCESS,0.0.731861,0.0.3961531,0.0.4138717@1777921054.352422103
0.0.1324436,0.004032226706766281,NOT_ASSOCIATED,0.0.731861,0.0.3961531,
0.0.842210,44.04068032528932,SUCCESS,0.0.731861,0.0.3961531&0.0.3964804,0.0.4138717@1777921057.459266909
0.0.982207,6248.281209379798,SUCCESS,0.0.731861,0.0.3961531&0.0.3964790,0.0.4138717@1777921058.257931612
0.0.10359193,493.8237940388764,SUCCESS,0.0.731861,0.0.3961531&0.0.3964804&0.0.3964837&0.0.3964860&0.0.4601632&0.0.5328590,0.0.4138717@1777921058.684599079
0.0.844965,0.1783000080989737,SUCCESS,0.0.731861,0.0.3961531,0.0.4138717@1777921057.105599406
0.0.836858,188.173694528087,SUCCESS,0.0.731861,0.0.3961531,0.0.4138717@1777921060.248435958
0.0.1910938,0.09239007496175229,SUCCESS,0.0.731861,0.0.3961531,0.0.4138717@1777921058.878768453
0.0.4853295,52.66525631684938,SUCCESS,0.0.731861,0.0.3961531&0.0.3964800&0.0.3964804,0.0.4138717@1777921059.690265905
0.0.6435369,6.654035332959661,SUCCESS,0.0.731861,0.0.3961531,0.0.4138717@1777921059.489605328
0.0.877394,0.1126005764869668,NOT_ASSOCIATED,0.0.731861,0.0.3961531&0.0.3964804,
0.0.9353895,0.02390633604582854,SUCCESS,0.0.731861,0.0.3961531,0.0.4138717@1777921058.750501370
0.0.5435669,0.6531136790314609,SUCCESS,0.0.731861,0.0.3961531,0.0.4138717@1777921061.780717482
0.0.6004406,9.871168840282582,SUCCESS,0.0.731861,0.0.3961531&0.0.3964827,0.0.4138717@1777921061.947342071
0.0.935686,2.659615102207776,SUCCESS,0.0.731861,0.0.3961531,0.0.4138717@1777921060.899313411
0.0.826988,81.73104900783524,NOT_ASSOCIATED,0.0.731861,0.0.3961531,
0.0.825672,184.5979632942205,SUCCESS,0.0.731861,0.0.3961531,0.0.4138717@1777921063.837141847
0.0.8355966,46.71259484627971,SUCCESS,0.0.731861,0.0.3961531,0.0.4138717@1777921062.201495902
0.0.4715000,1.653088900621954,SUCCESS,0.0.731861,0.0.3961531,0.0.4138717@1777921062.778100568
0.0.2963242,5.143326924110196,NOT_ASSOCIATED,0.0.731861,0.0.3961531,
0.0.1103540,0.2911347745150724,SUCCESS,0.0.731861,0.0.3961531&0.0.3964827,0.0.4138717@1777921062.850760097
0.0.1315254,6.042280781119997,SUCCESS,0.0.731861,0.0.3961531,0.0.4138717@1777921064.455262102
0.0.3161254,134733.9404863495,SUCCESS,0.0.731861,0.0.3961531&0.0.3964804,0.0.4138717@1777921067.821349957
0.0.3169776,0.08984709858861063,SUCCESS,0.0.731861,0.0.3961531,0.0.4138717@1777921065.312279752
0.0.793410,1361.111110230218,SUCCESS,0.0.731861,0.0.3961531&0.0.3964827&0.0.5328590&0.0.6071041&0.0.8315114,0.0.4138717@1777921064.418833419
0.0.8183428,0.01176975659900888,SUCCESS,0.0.731861,0.0.3961531,0.0.4138717@1777921066.707688954
0.0.1093567,1.158579612508174,SUCCESS,0.0.731861,0.0.3961531&0.0.3964790,0.0.4138717@1777921069.001189765
0.0.663264,4.58432505953389,SUCCESS,0.0.731861,0.0.3961531&0.0.3964790,0.0.4138717@1777921070.185292935
0.0.10095007,1.399924505657109,NOT_ASSOCIATED,0.0.731861,0.0.3961531,
0.0.1303938,11.79153355887568,NOT_ASSOCIATED,0.0.731861,0.0.3961531,
0.0.10204459,7.35245874957447,SUCCESS,0.0.731861,0.0.3961531,0.0.4138717@1777921072.136129772
0.0.9210701,0.8092483622000937,FAIL,0.0.731861,0.0.3961531,
0.0.1433179,1.115750967973642,SUCCESS,0.0.731861,0.0.3961531,0.0.4138717@1777921070.781217952
0.0.839555,2.013426323648233,SUCCESS,0.0.731861,0.0.3961531,0.0.4138717@1777921072.928579136
0.0.863385,285.2905993072861,SUCCESS,0.0.731861,0.0.3961531,0.0.4138717@1777921070.704326643
0.0.1071830,791.6577408110104,SUCCESS,0.0.731861,0.0.3961531&0.0.3964795&0.0.3964800&0.0.3964804&0.0.3964837&0.0.3964855&0.0.3964840,0.0.4138717@1777921071.072173021
0.0.1421971,45.2465023709947,SUCCESS,0.0.731861,0.0.3961531&0.0.6126395,0.0.4138717@1777921073.229405899
0.0.916853,20.17980421083807,SUCCESS,0.0.731861,0.0.3964790,0.0.4138717@1777921074.044218574
0.0.1037917,4.703791994916106,SUCCESS,0.0.731861,0.0.3964790,0.0.4138717@1777921074.566179271
0.0.1288450,0.7019008492666623,SUCCESS,0.0.731861,0.0.3964790,0.0.4138717@1777921075.806307769
0.0.877481,2774.833364896572,SUCCESS,0.0.731861,0.0.3964790&0.0.5328590,0.0.4138717@1777921075.556959296
0.0.794506,332.1087100766232,SUCCESS,0.0.731861,0.0.3964790&0.0.5328590,0.0.4138717@1777921075.145204691
0.0.4540904,10.74390834659943,SUCCESS,0.0.731861,0.0.3964790&0.0.3964804&0.0.3964855,0.0.4138717@1777921074.449195947
0.0.4157394,0.0001841393773430764,SUCCESS,0.0.731861,0.0.3964790,0.0.4138717@1777921075.213763051
0.0.858310,0.1556294553832769,SUCCESS,0.0.731861,0.0.3964790,0.0.4138717@1777921075.119173267
0.0.4784258,13.49742129376533,SUCCESS,0.0.731861,0.0.3964790&0.0.3964804&0.0.3964855,0.0.4138717@1777921077.981335369
0.0.966009,0.2989675777094534,SUCCESS,0.0.731861,0.0.3964790,0.0.4138717@1777921079.685779215
0.0.4363785,18.53264507232993,SUCCESS,0.0.731861,0.0.3964790,0.0.4138717@1777921077.320107113
0.0.920901,308.4349539326701,SUCCESS,0.0.731861,0.0.3964790&0.0.3964804,0.0.4138717@1777921076.428626823
0.0.4371196,2.174569068789503,SUCCESS,0.0.731861,0.0.3964790,0.0.4138717@1777921081.664973697
0.0.8291825,16.38290089312885,SUCCESS,0.0.731861,0.0.3964790&0.0.3964804,0.0.4138717@1777921077.945016576
0.0.813712,0.3021778583887124,SUCCESS,0.0.731861,0.0.3964790,0.0.4138717@1777921079.087032411
0.0.5374006,0.05282738275847009,SUCCESS,0.0.731861,0.0.3964790&0.0.4601632,0.0.4138717@1777921077.966795459
0.0.7607102,0.1272466926226241,SUCCESS,0.0.731861,0.0.3964790&0.0.3964804,0.0.4138717@1777921082.578256653
0.0.842540,16.29567535103573,SUCCESS,0.0.731861,0.0.3964790,0.0.4138717@1777921082.492303860
0.0.3938365,79.26862353425354,SUCCESS,0.0.731861,0.0.3964790&0.0.3964837,0.0.4138717@1777921078.932648304
0.0.6075972,0.4994619308182665,SUCCESS,0.0.731861,0.0.3964790,0.0.4138717@1777921082.441004364
0.0.835202,0.0006759906785059701,SUCCESS,0.0.731861,0.0.3964790,0.0.4138717@1777921081.872760221
0.0.837751,0.003451103167688911,SUCCESS,0.0.731861,0.0.3964790,0.0.4138717@1777921084.626652660
0.0.2174952,15.26499865198875,SUCCESS,0.0.731861,0.0.3964790&0.0.3964804&0.0.3964834,0.0.4138717@1777921085.889608930
0.0.1314568,4120.165629646851,SUCCESS,0.0.731861,0.0.3964790,0.0.4138717@1777921084.773821543
0.0.27463,3.68717919559597,SUCCESS,0.0.731861,0.0.3964790,0.0.4138717@1777921084.641432394
0.0.4908409,0.001928568417925017,SUCCESS,0.0.731861,0.0.3964790,0.0.4138717@1777921086.233810819
0.0.1082789,7786.946828982754,SUCCESS,0.0.731861,0.0.3964790,0.0.4138717@1777921085.890825956
0.0.10169893,3.706268509407423,SUCCESS,0.0.731861,0.0.3964790,0.0.4138717@1777921083.539314181
0.0.1093612,1.810749920193474,SUCCESS,0.0.731861,0.0.3964790&0.0.3964804,0.0.4138717@1777921085.518146037
0.0.4355907,0.1667939323495445,SUCCESS,0.0.731861,0.0.3964790,0.0.4138717@1777921083.782613192
0.0.942926,1289.765026757124,SUCCESS,0.0.731861,0.0.3964790,0.0.4138717@1777921085.027648367
0.0.5326504,0.007884976936378496,SUCCESS,0.0.731861,0.0.3964790,0.0.4138717@1777921088.893592096
0.0.1408633,5.411218803348339,SUCCESS,0.0.731861,0.0.3964790&0.0.3964837&0.0.3964855&0.0.6078459,0.0.4138717@1777921088.639066212
0.0.4574338,0.0001115383084245858,SUCCESS,0.0.731861,0.0.3964790,0.0.4138717@1777921087.879401010
0.0.10164571,1.649123285108341,SUCCESS,0.0.731861,0.0.3964790,0.0.4138717@1777921091.746343560
0.0.10110159,1.228965694455255e-7,SUCCESS,0.0.731861,0.0.3964790,0.0.4138717@1777921088.786163635
0.0.8054459,4.935150456672202,SUCCESS,0.0.731861,0.0.3964790&0.0.3964804,0.0.4138717@1777921089.537588874
0.0.10060744,0.003062357920623175,SUCCESS,0.0.731861,0.0.3964790,0.0.4138717@1777921092.642697435
0.0.9960625,7.14593165497596e-9,SUCCESS,0.0.731861,0.0.3964790,0.0.4138717@1777921092.381319218
0.0.10030621,0.00001126679496462284,SUCCESS,0.0.731861,0.0.3964790,0.0.4138717@1777921095.123511763
0.0.1380166,0.000277064472554458,SUCCESS,0.0.731861,0.0.3964790,0.0.4138717@1777921094.264256087
0.0.10023501,1.3029017656743e-8,SUCCESS,0.0.731861,0.0.3964790,0.0.4138717@1777921093.777689630
0.0.10135295,18.07347453828033,SUCCESS,0.0.731861,0.0.3964790&0.0.3964827,0.0.4138717@1777921093.291325555
0.0.4367730,1.202243450382758,SUCCESS,0.0.731861,0.0.3964790,0.0.4138717@1777921093.508201706
0.0.9365757,107.9560930163128,SUCCESS,0.0.731861,0.0.3964790&0.0.3964795&0.0.3964800&0.0.3964804&0.0.3964808&0.0.3964840&0.0.5328590,0.0.4138717@1777921093.101054556
0.0.9301501,0.6794214708153207,SUCCESS,0.0.731861,0.0.3964790&0.0.5328590,0.0.4138717@1777921096.414990326
0.0.9400801,6591.082964259323,SUCCESS,0.0.731861,0.0.3964790&0.0.3964855&0.0.4129330&0.0.4601632&0.0.5328590,0.0.4138717@1777921093.711973678
0.0.859176,1.287207997747237,SUCCESS,0.0.731861,0.0.3964790,0.0.4138717@1777921096.714465339
0.0.7896827,0.2270074117720054,SUCCESS,0.0.731861,0.0.3964790&0.0.6071041,0.0.4138717@1777921099.409314057
0.0.817883,0.01781839448908895,SUCCESS,0.0.731861,0.0.3964790,0.0.4138717@1777921099.060544283
0.0.1085174,3711.475867947357,SUCCESS,0.0.731861,0.0.3964790&0.0.10387648,0.0.4138717@1777921100.186247698
0.0.10408931,0.5841032917701857,SUCCESS,0.0.731861,0.0.3964790,0.0.4138717@1777921100.495877224
0.0.3903731,2.852012547485619e-7,NOT_ASSOCIATED,0.0.731861,0.0.3964790,
0.0.3926190,0.0002709606575082171,SUCCESS,0.0.731861,0.0.3964790,0.0.4138717@1777921098.725265111
0.0.3774696,0.00268267549357557,SUCCESS,0.0.731861,0.0.3964790,0.0.4138717@1777921097.689340458
0.0.1073086,0.2587159383861283,SUCCESS,0.0.731861,0.0.3964790&0.0.3964860,0.0.4138717@1777921099.322321448
0.0.1703452,92.91782646304321,SUCCESS,0.0.731861,0.0.3964790&0.0.3964804,0.0.4138717@1777921101.931002326
0.0.1416793,0.2767955817552613,SUCCESS,0.0.731861,0.0.3964790,0.0.4138717@1777921102.457214695
0.0.8352642,63.3921454363537,SUCCESS,0.0.731861,0.0.3964790&0.0.3964804&0.0.4601632,0.0.4138717@1777921102.208082110
0.0.732798,2.185425204928477,SUCCESS,0.0.731861,0.0.3964790&0.0.3964804&0.0.4129330,0.0.4138717@1777921101.117511630
0.0.1504445,2.318599656326802,SUCCESS,0.0.731861,0.0.3964790,0.0.4138717@1777921102.181371321
0.0.4819535,0.0120041353902826,SUCCESS,0.0.731861,0.0.3964790,0.0.4138717@1777921103.943255413
0.0.4384266,1.278208540785331,SUCCESS,0.0.731861,0.0.3964790,0.0.4138717@1777921101.934171002
0.0.4205079,0.5129110222488822,SUCCESS,0.0.731861,0.0.3964790,0.0.4138717@1777921104.871095481
0.0.8447885,0.8828642650910234,SUCCESS,0.0.731861,0.0.3964790,0.0.4138717@1777921101.291008289
0.0.8267043,0.3362076717526115,SUCCESS,0.0.731861,0.0.3964790&0.0.5328590,0.0.4138717@1777921105.143597343
0.0.3304469,106.0544828446382,SUCCESS,0.0.731861,0.0.3964790&0.0.3964827,0.0.4138717@1777921104.509374618
0.0.4337852,1.427931374771303,SUCCESS,0.0.731861,0.0.3964790,0.0.4138717@1777921106.682433440
0.0.6047264,0.04888535029766207,SUCCESS,0.0.731861,0.0.3964790,0.0.4138717@1777921104.440306492
0.0.4328823,0.8655362082670395,SUCCESS,0.0.731861,0.0.3964790&0.0.5328590,0.0.4138717@1777921107.125727722
0.0.795838,1.05036965857872,SUCCESS,0.0.731861,0.0.3964790&0.0.3964804,0.0.4138717@1777921105.949661860
0.0.2117864,7.624472192381001,SUCCESS,0.0.731861,0.0.3964790,0.0.4138717@1777921105.043719823
0.0.3854083,0.1043073296432438,SUCCESS,0.0.731861,0.0.3964790,0.0.4138717@1777921108.720398644
0.0.4330338,0.00001501066065443099,SUCCESS,0.0.731861,0.0.3964790,0.0.4138717@1777921105.086981135
0.0.4759022,0.02165938261349777,SUCCESS,0.0.731861,0.0.3964790,0.0.4138717@1777921108.463091208
0.0.6043615,41.94351745366752,SUCCESS,0.0.731861,0.0.3964790&0.0.3964827&0.0.3964855&0.0.3964840&0.0.5328590&0.0.6071041&0.0.8315114,0.0.4138717@1777921109.784473049
0.0.4713784,1.810358164877695,SUCCESS,0.0.731861,0.0.3964790&0.0.3964827,0.0.4138717@1777921106.777554514
0.0.851754,1.257948017767841,NOT_ASSOCIATED,0.0.731861,0.0.3964795,
0.0.837554,7405.540715302008,SUCCESS,0.0.731861,0.0.3964795&0.0.3964804&0.0.3964860&0.0.4129330&0.0.4601632,0.0.4138717@1777921108.596105589
0.0.883477,13762.24165682113,SUCCESS,0.0.731861,0.0.3964795&0.0.3964800,0.0.4138717@1777921108.383084161
0.0.1512214,8.324763785028257,SUCCESS,0.0.731861,0.0.3964795&0.0.3964800&0.0.3964804&0.0.3964840&0.0.4601632&0.0.6071074,0.0.4138717@1777921112.052250232
0.0.9823669,30.49718969974222,SUCCESS,0.0.731861,0.0.3964795,0.0.4138717@1777921109.483137602
0.0.4154591,942.9133670702656,SUCCESS,0.0.731861,0.0.3964795&0.0.3964804&0.0.3964837&0.0.3964860&0.0.4601632&0.0.5328590,0.0.4138717@1777921110.835217576
0.0.1486871,748.7979986170494,SUCCESS,0.0.731861,0.0.3964795&0.0.3964800&0.0.3964804&0.0.3964834&0.0.3964840,0.0.4138717@1777921111.493076107
0.0.4882076,96.41269024675763,SUCCESS,0.0.731861,0.0.3964795&0.0.3964834&0.0.4601632&0.0.5328590,0.0.4138717@1777921113.818631550
0.0.4758211,130.9889299222852,SUCCESS,0.0.731861,0.0.3964795,0.0.4138717@1777921112.502797279
0.0.4320148,1.815146759217935,SUCCESS,0.0.731861,0.0.3964795&0.0.5328590&0.0.10092996&0.0.10093026,0.0.4138717@1777921112.961527125
0.0.2101943,1.522527205343027,SUCCESS,0.0.731861,0.0.3964795&0.0.3964804&0.0.3964821,0.0.4138717@1777921111.241675963
0.0.1006425,366.3890144564231,SUCCESS,0.0.731861,0.0.3964795&0.0.3964827,0.0.4138717@1777921112.933538857
0.0.9579116,28.96793868603169,SUCCESS,0.0.731861,0.0.3964795&0.0.3964804,0.0.4138717@1777921115.803082284
0.0.1989187,756.386147569479,SUCCESS,0.0.731861,0.0.3964795&0.0.3964860&0.0.5328590,0.0.4138717@1777921117.623615650
0.0.4423729,240.0771855408668,SUCCESS,0.0.731861,0.0.3964800&0.0.3964804&0.0.3964834,0.0.4138717@1777921116.924969853
0.0.855796,48.12149523333885,SUCCESS,0.0.731861,0.0.3964800,0.0.4138717@1777921117.576000188
0.0.791357,458.4708667651084,SUCCESS,0.0.731861,0.0.3964800,0.0.4138717@1777921114.031352798
0.0.4639295,4.320869873255253,SUCCESS,0.0.731861,0.0.3964804,0.0.4138717@1777921116.426030590
0.0.8055246,20.91388653519467,SUCCESS,0.0.731861,0.0.3964804,0.0.4138717@1777921119.454080219
0.0.885953,91.9395578751556,SUCCESS,0.0.731861,0.0.3964804,0.0.4138717@1777921119.285376694
0.0.834924,1.146380487549231,SUCCESS,0.0.731861,0.0.3964804,0.0.4138717@1777921119.713376701
0.0.10454179,1.412375989738302,SUCCESS,0.0.731861,0.0.3964804,0.0.4138717@1777921119.418659951
0.0.10151415,3.21275467664495,SUCCESS,0.0.731861,0.0.3964804,0.0.4138717@1777921121.249740697
0.0.2015584,2.953165629798412,SUCCESS,0.0.731861,0.0.3964804,0.0.4138717@1777921117.716823701
0.0.10064341,0.5457024577344074,SUCCESS,0.0.731861,0.0.3964804,0.0.4138717@1777921119.412126729
0.0.10456759,4.125220963577961,SUCCESS,0.0.731861,0.0.3964804,0.0.4138717@1777921120.953324955
0.0.10386407,160.7004204721439,SUCCESS,0.0.731861,0.0.3964804,0.0.4138717@1777921120.789656261
0.0.7865510,3339.794527147745,SUCCESS,0.0.731861,0.0.3964804&0.0.3964860&0.0.10414792,0.0.4138717@1777921120.956907275
0.0.9417458,8.848212923883088,SUCCESS,0.0.731861,0.0.3964804,0.0.4138717@1777921121.196060049
0.0.10295710,1.497160964789469,SUCCESS,0.0.731861,0.0.3964804,0.0.4138717@1777921123.138462307
0.0.4157253,161.2082101831961,SUCCESS,0.0.731861,0.0.3964804,0.0.4138717@1777921121.727751384
0.0.7776311,362.8918907791735,SUCCESS,0.0.731861,0.0.3964804,0.0.4138717@1777921125.742054884
0.0.4369285,19.72050162381615,SUCCESS,0.0.731861,0.0.3964804,0.0.4138717@1777921125.434561565
0.0.3878869,6.711924141381836,SUCCESS,0.0.731861,0.0.3964804,0.0.4138717@1777921123.446693289
0.0.815643,178.4893300235267,SUCCESS,0.0.731861,0.0.3964804,0.0.4138717@1777921123.536090984
0.0.846778,408.1044439934161,SUCCESS,0.0.731861,0.0.3964804,0.0.4138717@1777921125.788823866
0.0.10358044,1687.32409237806,SUCCESS,0.0.731861,0.0.3964804,0.0.4138717@1777921125.585933620
0.0.791245,17.32207177469866,SUCCESS,0.0.731861,0.0.3964804,0.0.4138717@1777921129.493053029
0.0.1643938,1159.286162628387,SUCCESS,0.0.731861,0.0.3964804,0.0.4138717@1777921128.806894288
0.0.6157135,1753.929112933104,SUCCESS,0.0.731861,0.0.3964804&0.0.3964827&0.0.5328590,0.0.4138717@1777921128.680214411
0.0.838388,189.2223002691262,SUCCESS,0.0.731861,0.0.3964804,0.0.4138717@1777921125.829043728
0.0.10171350,25.06681279704348,SUCCESS,0.0.731861,0.0.3964804&0.0.5328590,0.0.4138717@1777921129.536617060
0.0.5313474,0.5848516371303173,SUCCESS,0.0.731861,0.0.3964804,0.0.4138717@1777921128.160397637
0.0.8742796,10.28671942698977,SUCCESS,0.0.731861,0.0.3964804,0.0.4138717@1777921128.180061588
0.0.4138268,0.6562519979799001,SUCCESS,0.0.731861,0.0.3964804,0.0.4138717@1777921132.029138843
0.0.1478185,0.1453807625670528,SUCCESS,0.0.731861,0.0.3964804,0.0.4138717@1777921129.306224749
0.0.4161393,162.7828774370332,SUCCESS,0.0.731861,0.0.3964804&0.0.3964837,0.0.4138717@1777921129.700608180
0.0.3327498,1.842680114692234,SUCCESS,0.0.731861,0.0.3964804,0.0.4138717@1777921129.800834651
0.0.832543,3.335273252908447,SUCCESS,0.0.731861,0.0.3964804,0.0.4138717@1777921134.075680940
0.0.9112742,0.01216743490302377,SUCCESS,0.0.731861,0.0.3964804,0.0.4138717@1777921134.550610200
0.0.9196038,2.471453623989483,SUCCESS,0.0.731861,0.0.3964804,0.0.4138717@1777921131.857920715
0.0.9401320,54.28137350654961,SUCCESS,0.0.731861,0.0.3964804,0.0.4138717@1777921134.307212476
0.0.1862342,4.444840797197376,SUCCESS,0.0.731861,0.0.3964804,0.0.4138717@1777921133.339721664
0.0.8113254,7.72840721644462,SUCCESS,0.0.731861,0.0.3964804&0.0.4601632&0.0.5328590,0.0.4138717@1777921135.718777573
0.0.1118731,0.2036927467447276,SUCCESS,0.0.731861,0.0.3964804,0.0.4138717@1777921134.756434834
0.0.9009997,5.640358399963506,NOT_ASSOCIATED,0.0.731861,0.0.3964804,
0.0.9065767,10.28251931720706,SUCCESS,0.0.731861,0.0.3964804,0.0.4138717@1777921133.965515914
0.0.9169121,4.38039712433124,SUCCESS,0.0.731861,0.0.3964804,0.0.4138717@1777921135.739967291
0.0.53756,46.63303960246001,SUCCESS,0.0.731861,0.0.3964804,0.0.4138717@1777921134.757798564
0.0.689277,107.4089475885539,SUCCESS,0.0.731861,0.0.3964804,0.0.4138717@1777921135.742593758
0.0.1090802,0.9787454782910205,SUCCESS,0.0.731861,0.0.3964804,0.0.4138717@1777921137.601903662
0.0.2091507,40.00247032061621,SUCCESS,0.0.731861,0.0.3964804,0.0.4138717@1777921135.897980005
0.0.958821,212.4254887050383,SUCCESS,0.0.731861,0.0.3964804,0.0.4138717@1777921139.235068485
0.0.1403937,0.1165128650783865,SUCCESS,0.0.731861,0.0.3964804,0.0.4138717@1777921140.759925475
0.0.8392843,4.923483601621799,NOT_ASSOCIATED,0.0.731861,0.0.3964804,
0.0.9086562,0.01697807126009861,SUCCESS,0.0.731861,0.0.3964804,0.0.4138717@1777921140.002894125
0.0.9095016,26.35601584701944,NOT_ASSOCIATED,0.0.731861,0.0.3964804,
0.0.9177141,0.6926583243949481,NOT_ASSOCIATED,0.0.731861,0.0.3964804,
0.0.9602777,0.2459225644964509,NOT_ASSOCIATED,0.0.731861,0.0.3964804,
0.0.871471,44.44520930187231,SUCCESS,0.0.731861,0.0.3964804,0.0.4138717@1777921140.856527995
0.0.7983506,0.000530670535589035,NOT_ASSOCIATED,0.0.731861,0.0.3964804,
0.0.6320740,382.3360650531509,SUCCESS,0.0.731861,0.0.3964804&0.0.4601632&0.0.5328590&0.0.6071074,0.0.4138717@1777921138.083633541
0.0.9687167,7.098098580957741,SUCCESS,0.0.731861,0.0.3964804&0.0.5328590,0.0.4138717@1777921141.316625265
0.0.9729389,1.886540296148937,NOT_ASSOCIATED,0.0.731861,0.0.3964804,
0.0.9720442,0.9225783326154309,NOT_ASSOCIATED,0.0.731861,0.0.3964804,
0.0.3012601,30.67860534836662,SUCCESS,0.0.731861,0.0.3964804&0.0.5328590,0.0.4138717@1777921139.278531520
0.0.5012902,0.09795949213748793,SUCCESS,0.0.731861,0.0.3964804,0.0.4138717@1777921143.062102422
0.0.9636419,5.371222581332307,NOT_ASSOCIATED,0.0.731861,0.0.3964804,
0.0.5805332,17.19482851543958,SUCCESS,0.0.731861,0.0.3964804,0.0.4138717@1777921141.663300422
0.0.9150527,77.11783346162758,SUCCESS,0.0.731861,0.0.3964804&0.0.3964860&0.0.5328590,0.0.4138717@1777921140.007212868
0.0.9590994,162.3431309360621,NOT_ASSOCIATED,0.0.731861,0.0.3964804,
0.0.9565816,80.36263428119693,SUCCESS,0.0.731861,0.0.3964804,0.0.4138717@1777921140.537879732
0.0.9364762,0.6201429413276996,SUCCESS,0.0.731861,0.0.3964804&0.0.5328590,0.0.4138717@1777921142.849968811
0.0.9504249,3.278886853227948,SUCCESS,0.0.731861,0.0.3964804,0.0.4138717@1777921143.222410801
0.0.8080965,0.1356428999700994,NOT_ASSOCIATED,0.0.731861,0.0.3964804,
0.0.190191,1.066927123190015,NOT_ASSOCIATED,0.0.731861,0.0.3964804,
0.0.8246604,0.02442925773394374,SUCCESS,0.0.731861,0.0.3964804,0.0.4138717@1777921143.096524482
0.0.8070994,22.30002795235832,NOT_ASSOCIATED,0.0.731861,0.0.3964804,
0.0.4330332,3.237575437891892,SUCCESS,0.0.731861,0.0.3964804,0.0.4138717@1777921144.817620335
0.0.4345655,47.49625213481126,SUCCESS,0.0.731861,0.0.3964804,0.0.4138717@1777921144.826950323
0.0.9275748,17.16308896668422,SUCCESS,0.0.731861,0.0.3964804&0.0.3964827,0.0.4138717@1777921144.130746558
0.0.6933072,6.267643212713576,NOT_ASSOCIATED,0.0.731861,0.0.3964804,
0.0.5922808,0.4996218046213654,SUCCESS,0.0.731861,0.0.3964804,0.0.4138717@1777921143.863521336
0.0.9285770,1.53848889183006,NOT_ASSOCIATED,0.0.731861,0.0.3964804,
0.0.8880678,0.3432699611289716,SUCCESS,0.0.731861,0.0.3964804,0.0.4138717@1777921148.188883900
0.0.5159009,279.4356817510333,SUCCESS,0.0.731861,0.0.3964804,0.0.4138717@1777921145.303734161
0.0.9318048,0.2204761106504978,NOT_ASSOCIATED,0.0.731861,0.0.3964804,
0.0.9367202,0.0256523243394662,NOT_ASSOCIATED,0.0.731861,0.0.3964804,
0.0.813564,0.01408285018249321,SUCCESS,0.0.731861,0.0.3964804,0.0.4138717@1777921145.412958609
0.0.6068301,12.47961207478987,SUCCESS,0.0.731861,0.0.3964804&0.0.5328590,0.0.4138717@1777921149.163203700
0.0.6160732,1.017605404569996,NOT_ASSOCIATED,0.0.731861,0.0.3964804,
0.0.9146353,34.42789364256122,SUCCESS,0.0.731861,0.0.3964804,0.0.4138717@1777921150.926567268
0.0.9444587,27.28149577148724,SUCCESS,0.0.731861,0.0.3964804,0.0.4138717@1777921148.645536340
0.0.9450539,13.95503348808811,NOT_ASSOCIATED,0.0.731861,0.0.3964804,
0.0.1056474,55.98576981589603,SUCCESS,0.0.731861,0.0.3964804,0.0.4138717@1777921150.359976989
0.0.887615,0.1475012930365453,SUCCESS,0.0.731861,0.0.3964804,0.0.4138717@1777921149.125568207
0.0.751161,26.56240001556276,SUCCESS,0.0.731861,0.0.3964804,0.0.4138717@1777921150.236889606
0.0.9973346,0.05543829925307218,NOT_ASSOCIATED,0.0.731861,0.0.3964804,
0.0.9477942,0.2419272499735701,NOT_ASSOCIATED,0.0.731861,0.0.3964804,
0.0.3947850,0.05296950349577593,SUCCESS,0.0.731861,0.0.3964804&0.0.5328590,0.0.4138717@1777921150.464297111
0.0.7777028,7.866249078607082,NOT_ASSOCIATED,0.0.731861,0.0.3964804,
0.0.5739319,12.11816345097338,SUCCESS,0.0.731861,0.0.3964804,0.0.4138717@1777921151.481747759
0.0.7791729,0.01197886964576107,NOT_ASSOCIATED,0.0.731861,0.0.3964804,
0.0.7421912,0.5440049503836952,SUCCESS,0.0.731861,0.0.3964804,0.0.4138717@1777921153.409788716
0.0.7570262,0.9907172287882103,SUCCESS,0.0.731861,0.0.3964804,0.0.4138717@1777921152.905068730
0.0.7835479,0.4444006278331957,SUCCESS,0.0.731861,0.0.3964804&0.0.3964827,0.0.4138717@1777921152.054437997
0.0.1479857,13.80602701210526,SUCCESS,0.0.731861,0.0.3964804,0.0.4138717@1777921151.818810573
0.0.5042398,20.75159292691029,SUCCESS,0.0.731861,0.0.3964804,0.0.4138717@1777921153.441588236
0.0.5905014,4.801253127655656,SUCCESS,0.0.731861,0.0.3964804,0.0.4138717@1777921153.652718794
0.0.7910977,22.54258502942925,SUCCESS,0.0.731861,0.0.3964804,0.0.4138717@1777921153.032296761
0.0.7896816,195.6135498406516,NOT_ASSOCIATED,0.0.731861,0.0.3964804,
0.0.1481135,940.3521246581544,SUCCESS,0.0.731861,0.0.3964804&0.0.3964834&0.0.3964837&0.0.3964840&0.0.4601632,0.0.4138717@1777921155.355562865
0.0.7965413,0.01204124679900419,NOT_ASSOCIATED,0.0.731861,0.0.3964804,
0.0.8032303,0.7061715304072546,SUCCESS,0.0.731861,0.0.3964804,0.0.4138717@1777921155.270948117
0.0.7746903,1.020445880910133,SUCCESS,0.0.731861,0.0.3964804,0.0.4138717@1777921153.844290829
0.0.7974195,504.0069604434796,SUCCESS,0.0.731861,0.0.3964804,0.0.4138717@1777921154.332182609
0.0.8056304,6.877995544636064,NOT_ASSOCIATED,0.0.731861,0.0.3964804,
0.0.7912110,0.00407505834391596,NOT_ASSOCIATED,0.0.731861,0.0.3964804,
0.0.2006292,0.7179707495474383,SUCCESS,0.0.731861,0.0.3964804,0.0.4138717@1777921156.744545103
0.0.4899880,0.8237342071229983,SUCCESS,0.0.731861,0.0.3964804,0.0.4138717@1777921157.339862172
0.0.6232417,0.261971813796718,SUCCESS,0.0.731861,0.0.3964804,0.0.4138717@1777921157.731239520
0.0.1448239,0.643323477846634,SUCCESS,0.0.731861,0.0.3964804,0.0.4138717@1777921157.318374947
0.0.6344703,11301.82120474763,SUCCESS,0.0.731861,0.0.3964804&0.0.4129330&0.0.6071041&0.0.6126395&0.0.8315114,0.0.4138717@1777921158.327203588
0.0.6612734,0.09418764246391186,NOT_ASSOCIATED,0.0.731861,0.0.3964804,
0.0.1233065,4.252328320055455,SUCCESS,0.0.731861,0.0.3964804,0.0.4138717@1777921160.326421994
0.0.4978453,104.7208858347061,SUCCESS,0.0.731861,0.0.3964804,0.0.4138717@1777921160.876569595
0.0.1859919,1.594286283120372,NOT_ASSOCIATED,0.0.731861,0.0.3964804,
0.0.7200618,0.2364853509726373,SUCCESS,0.0.731861,0.0.3964804,0.0.4138717@1777921157.139049090
0.0.3159220,7.171663535244489,SUCCESS,0.0.731861,0.0.3964804,0.0.4138717@1777921162.003699582
0.0.4595460,1.35389467170153,SUCCESS,0.0.731861,0.0.3964804,0.0.4138717@1777921163.288037758
0.0.1092596,42.92875191092464,SUCCESS,0.0.731861,0.0.3964804&0.0.3964837&0.0.3964860&0.0.4601632,0.0.4138717@1777921162.124509400
0.0.5437974,12.52247636828421,SUCCESS,0.0.731861,0.0.3964804,0.0.4138717@1777921159.461012536
0.0.7610560,1.866911041295398,NOT_ASSOCIATED,0.0.731861,0.0.3964804,
0.0.7638910,0.5556564000159453,SUCCESS,0.0.731861,0.0.3964804,0.0.4138717@1777921162.359329072
0.0.6256886,0.553634856568505,SUCCESS,0.0.731861,0.0.3964804,0.0.4138717@1777921160.254253989
0.0.831661,31.51717431187095,SUCCESS,0.0.731861,0.0.3964804,0.0.4138717@1777921162.188038845
0.0.2557514,12.23473810059242,SUCCESS,0.0.731861,0.0.3964804,0.0.4138717@1777921161.630633932
0.0.4250725,1.886540296148937,SUCCESS,0.0.731861,0.0.3964804,0.0.4138717@1777921164.853174925
0.0.3912896,2.333261159638419,SUCCESS,0.0.731861,0.0.3964804,0.0.4138717@1777921163.042839765
0.0.4752954,3.296513547575015,SUCCESS,0.0.731861,0.0.3964804,0.0.4138717@1777921167.594303575
0.0.1714233,3.875191514946598,SUCCESS,0.0.731861,0.0.3964804,0.0.4138717@1777921167.972769254
0.0.8181079,10.30690251802648,SUCCESS,0.0.731861,0.0.3964804,0.0.4138717@1777921167.709502260
0.0.8298814,22.58490695477197,SUCCESS,0.0.731861,0.0.3964804,0.0.4138717@1777921167.835031954
0.0.8306798,61.29824181861347,SUCCESS,0.0.731861,0.0.3964804&0.0.3964808&0.0.3964827&0.0.5328590,0.0.4138717@1777921164.247189736
0.0.8156060,1.426281293252325,SUCCESS,0.0.731861,0.0.3964804,0.0.4138717@1777921165.246252056
0.0.8323906,227.8302495374515,NOT_ASSOCIATED,0.0.731861,0.0.3964804,
0.0.8346544,40.68198065989785,NOT_ASSOCIATED,0.0.731861,0.0.3964804,
0.0.8357708,225.9499990815823,SUCCESS,0.0.731861,0.0.3964804,0.0.4138717@1777921167.594873498
0.0.8357089,8.542420796086944,NOT_ASSOCIATED,0.0.731861,0.0.3964804,
0.0.3077609,35.12005914876978,SUCCESS,0.0.731861,0.0.3964804,0.0.4138717@1777921169.348460044
0.0.7964752,0.05596329630289851,SUCCESS,0.0.731861,0.0.3964804,0.0.4138717@1777921170.160664738
0.0.8414409,0.2165418383430353,SUCCESS,0.0.731861,0.0.3964804,0.0.4138717@1777921168.328191962
0.0.8385016,4.43152817962903,SUCCESS,0.0.731861,0.0.3964804,0.0.4138717@1777921168.664398745
0.0.8198608,5.418801853640494,SUCCESS,0.0.731861,0.0.3964804,0.0.4138717@1777921171.991901512
0.0.5524338,0.6582018496056463,SUCCESS,0.0.731861,0.0.3964804,0.0.4138717@1777921168.840762663
0.0.1459865,22.83552961546429,NOT_ASSOCIATED,0.0.731861,0.0.3964804,
0.0.1365814,4.164309392537135,SUCCESS,0.0.731861,0.0.3964804,0.0.4138717@1777921169.189220471
0.0.8585468,0.01239886042379316,SUCCESS,0.0.731861,0.0.3964804,0.0.4138717@1777921170.677910273
0.0.8256574,0.7920361726955458,SUCCESS,0.0.731861,0.0.3964804&0.0.3964808,0.0.4138717@1777921172.100711827
0.0.8792600,0.04018097825664951,NOT_ASSOCIATED,0.0.731861,0.0.3964804,
0.0.8173226,57.40232490185874,SUCCESS,0.0.731861,0.0.3964804,0.0.4138717@1777921173.996236878
0.0.8059253,7.513566764992335,SUCCESS,0.0.731861,0.0.3964804,0.0.4138717@1777921173.857376504
0.0.2477582,4.037169960747555,NOT_ASSOCIATED,0.0.731861,0.0.3964804,
0.0.8042105,1.409797577662858,NOT_ASSOCIATED,0.0.731861,0.0.3964804,
0.0.7913251,0.8457194213850182,SUCCESS,0.0.731861,0.0.3964804,0.0.4138717@1777921174.841762775
0.0.4746343,0.02184827864787251,SUCCESS,0.0.731861,0.0.3964804,0.0.4138717@1777921173.020024712
0.0.5007636,1.21054275062724,NOT_ASSOCIATED,0.0.731861,0.0.3964804,
0.0.833836,29.4164646628811,SUCCESS,0.0.731861,0.0.3964804,0.0.4138717@1777921174.219087585
0.0.3828375,294.718989087484,SUCCESS,0.0.731861,0.0.3964804,0.0.4138717@1777921175.734326626
0.0.8142528,0.3393667136499174,NOT_ASSOCIATED,0.0.731861,0.0.3964804,
0.0.7788265,2.48813282999516,NOT_ASSOCIATED,0.0.731861,0.0.3964804,
0.0.8175769,1.084850426965615,SUCCESS,0.0.731861,0.0.3964804,0.0.4138717@1777921175.759216041
0.0.3273594,37.47936357828642,SUCCESS,0.0.731861,0.0.3964804,0.0.4138717@1777921175.051879602
0.0.8178093,1.208384213863898,NOT_ASSOCIATED,0.0.731861,0.0.3964804,
0.0.1906790,0.1530327747869606,SUCCESS,0.0.731861,0.0.3964804,0.0.4138717@1777921173.986020020
0.0.5761971,0.002104897526734184,SUCCESS,0.0.731861,0.0.3964804,0.0.4138717@1777921178.134129508
0.0.7997139,1.444205963500276,SUCCESS,0.0.731861,0.0.3964804,0.0.4138717@1777921174.212175759
0.0.8209324,7.616202064626651,SUCCESS,0.0.731861,0.0.3964804,0.0.4138717@1777921179.034265902
0.0.4867972,0.446184195090719,SUCCESS,0.0.731861,0.0.3964804,0.0.4138717@1777921179.311432975
0.0.7049977,0.1121065674887883,NOT_ASSOCIATED,0.0.731861,0.0.3964804,
0.0.2025203,1.118072335690594,SUCCESS,0.0.731861,0.0.3964804,0.0.4138717@1777921180.492091846
0.0.8414341,16.90658485608923,SUCCESS,0.0.731861,0.0.3964804,0.0.4138717@1777921180.216833952
0.0.9208631,30.32889252015759,SUCCESS,0.0.731861,0.0.3964804,0.0.4138717@1777921181.445244031
0.0.9425366,118.8121381602413,SUCCESS,0.0.731861,0.0.3964804,0.0.4138717@1777921179.394964934
0.0.9275976,153.3961897202127,SUCCESS,0.0.731861,0.0.3964804&0.0.10414792,0.0.4138717@1777921180.164577747
0.0.9640625,0.09064386268503774,SUCCESS,0.0.731861,0.0.3964804,0.0.4138717@1777921182.325486559
0.0.9707528,4546.185610624394,NOT_ASSOCIATED,0.0.731861,0.0.3964804,
0.0.9707531,8461.119670522492,NOT_ASSOCIATED,0.0.731861,0.0.3964804,
0.0.1178547,1.882896524688393,SUCCESS,0.0.731861,0.0.3964804,0.0.4138717@1777921183.271635144
0.0.9774219,0.0308108674739531,SUCCESS,0.0.731861,0.0.3964804,0.0.4138717@1777921181.730158173
0.0.1412348,555.2505270874198,SUCCESS,0.0.731861,0.0.3964804,0.0.4138717@1777921183.332677942
0.0.1385696,260.1085022173576,SUCCESS,0.0.731861,0.0.3964804,0.0.4138717@1777921180.513426401
0.0.1400807,4.832235401605109,SUCCESS,0.0.731861,0.0.3964804,0.0.4138717@1777921182.629466526
0.0.10009527,51.97359512718587,SUCCESS,0.0.731861,0.0.3964804,0.0.4138717@1777921183.179468907
0.0.9812108,4.477597500878804,SUCCESS,0.0.731861,0.0.3964804,0.0.4138717@1777921182.501771285
0.0.10035663,2.980267091690652,SUCCESS,0.0.731861,0.0.3964804,0.0.4138717@1777921183.378502813
0.0.10044419,6.847433404030421,SUCCESS,0.0.731861,0.0.3964804,0.0.4138717@1777921183.385105280
0.0.10025532,0.8810196779383536,SUCCESS,0.0.731861,0.0.3964804,0.0.4138717@1777921186.945616598
0.0.9593512,0.02114322687908402,SUCCESS,0.0.731861,0.0.3964804,0.0.4138717@1777921187.118667848
0.0.10048918,341.5449496595536,SUCCESS,0.0.731861,0.0.3964804&0.0.3964840,0.0.4138717@1777921185.782138191
0.0.1365923,0.09952287903100518,SUCCESS,0.0.731861,0.0.3964804,0.0.4138717@1777921185.901800629
0.0.10007904,0.01058560799804058,SUCCESS,0.0.731861,0.0.3964804,0.0.4138717@1777921184.388220955
0.0.823147,552.9840756127919,SUCCESS,0.0.731861,0.0.3964804,0.0.4138717@1777921185.767418948
0.0.8538714,3.542560184683965,SUCCESS,0.0.731861,0.0.3964804,0.0.4138717@1777921188.300719001
0.0.8548028,0.002127819869028691,SUCCESS,0.0.731861,0.0.3964804,0.0.4138717@1777921189.474698133
0.0.8241599,11.23967963166223,SUCCESS,0.0.731861,0.0.3964804,0.0.4138717@1777921187.883071147
0.0.8602366,8.973374964546622,SUCCESS,0.0.731861,0.0.3964804,0.0.4138717@1777921190.421126330
0.0.8673292,137.7125508241371,SUCCESS,0.0.731861,0.0.3964804,0.0.4138717@1777921188.421174189
0.0.9034617,0.4555171815426101,SUCCESS,0.0.731861,0.0.3964804,0.0.4138717@1777921192.467791409
0.0.8868403,0.2911027830244784,SUCCESS,0.0.731861,0.0.3964804,0.0.4138717@1777921191.554549757
0.0.10035851,192.0160143907773,SUCCESS,0.0.731861,0.0.3964804,0.0.4138717@1777921192.869591105
0.0.9162845,177.7244261613462,SUCCESS,0.0.731861,0.0.3964804,0.0.4138717@1777921192.847751458
0.0.8108637,0.001394884071638038,SUCCESS,0.0.731861,0.0.3964804&0.0.8315114,0.0.4138717@1777921191.085251648
0.0.8188301,2.954598638979522,SUCCESS,0.0.731861,0.0.3964804,0.0.4138717@1777921191.771317437
0.0.9177203,0.03070440086807026,SUCCESS,0.0.731861,0.0.3964804,0.0.4138717@1777921195.474373128
0.0.9144627,121.3097856148865,SUCCESS,0.0.731861,0.0.3964804&0.0.4601632,0.0.4138717@1777921196.047084779
0.0.8198609,172.6994518355096,SUCCESS,0.0.731861,0.0.3964804,0.0.4138717@1777921193.008371612
0.0.9301506,0.06391045973709338,SUCCESS,0.0.731861,0.0.3964804,0.0.4138717@1777921195.610681077
0.0.9317965,6.587359760899902,SUCCESS,0.0.731861,0.0.3964804,0.0.4138717@1777921196.304622508
0.0.1703381,8.547677632638974,SUCCESS,0.0.731861,0.0.3964804,0.0.4138717@1777921192.823269338
0.0.10307970,0.006985809790626723,NOT_ASSOCIATED,0.0.731861,0.0.3964804,
0.0.10308209,617.1652444609858,NOT_ASSOCIATED,0.0.731861,0.0.3964804,
0.0.10359145,7.972238910425771,SUCCESS,0.0.731861,0.0.3964804,0.0.4138717@1777921195.769686147
0.0.3953598,68.41440928019655,SUCCESS,0.0.731861,0.0.3964804,0.0.4138717@1777921193.827771710
0.0.10359238,0.8684118167972185,SUCCESS,0.0.731861,0.0.3964804,0.0.4138717@1777921195.382476130
0.0.851469,2.384427533239307,SUCCESS,0.0.731861,0.0.3964804,0.0.4138717@1777921196.133191375
0.0.10371833,738.4269828079312,SUCCESS,0.0.731861,0.0.3964804,0.0.4138717@1777921196.658987621
0.0.10288826,430.0417819548285,SUCCESS,0.0.731861,0.0.3964804,0.0.4138717@1777921198.004753736
0.0.1920276,22.22036408799188,SUCCESS,0.0.731861,0.0.3964804,0.0.4138717@1777921197.283486080
0.0.10420713,0.6971977964658941,SUCCESS,0.0.731861,0.0.3964804,0.0.4138717@1777921202.120585070
0.0.10420709,2.072103900178409,SUCCESS,0.0.731861,0.0.3964804&0.0.3964840,0.0.4138717@1777921201.543555992
0.0.10307911,905.2477711102366,SUCCESS,0.0.731861,0.0.3964804&0.0.5328590,0.0.4138717@1777921200.217701356
0.0.911691,7936.897671876245,SUCCESS,0.0.731861,0.0.3964804&0.0.5328590,0.0.4138717@1777921201.856161236
0.0.10420688,6.800242649240143,SUCCESS,0.0.731861,0.0.3964804&0.0.3964840,0.0.4138717@1777921199.168639086
0.0.10422583,110.3412232906009,SUCCESS,0.0.731861,0.0.3964804&0.0.3964808,0.0.4138717@1777921200.785239543
0.0.10435638,1.49844994312242,SUCCESS,0.0.731861,0.0.3964804,0.0.4138717@1777921201.877015213
0.0.3003013,59.5315203760939,SUCCESS,0.0.731861,0.0.3964804,0.0.4138717@1777921201.383338014
0.0.10427998,0.1850929936017265,SUCCESS,0.0.731861,0.0.3964804,0.0.4138717@1777921202.571197455
0.0.10442094,19.87185650296025,SUCCESS,0.0.731861,0.0.3964804,0.0.4138717@1777921203.012170142
0.0.10248120,2.338228875511406,SUCCESS,0.0.731861,0.0.3964804,0.0.4138717@1777921205.486653189
0.0.10115705,0.004110333422836176,SUCCESS,0.0.731861,0.0.3964804,0.0.4138717@1777921204.304168433
0.0.10133721,104.7869462201495,SUCCESS,0.0.731861,0.0.3964804,0.0.4138717@1777921202.122544529
0.0.10164472,5976.703847982582,SUCCESS,0.0.731861,0.0.3964804,0.0.4138717@1777921207.048149334
0.0.10088400,1.560613855974614,SUCCESS,0.0.731861,0.0.3964804,0.0.4138717@1777921204.192979160
0.0.10190094,2047.934698284798,SUCCESS,0.0.731861,0.0.3964804,0.0.4138717@1777921207.456751457
0.0.818498,0.09552567085151265,SUCCESS,0.0.731861,0.0.3964804,0.0.4138717@1777921207.088971562
0.0.7989176,381.599704731303,SUCCESS,0.0.731861,0.0.3964804,0.0.4138717@1777921209.065268334
0.0.2216740,1050.249728349082,SUCCESS,0.0.731861,0.0.3964804,0.0.4138717@1777921208.533885255
0.0.3959322,145.0690317733417,SUCCESS,0.0.731861,0.0.3964804,0.0.4138717@1777921206.115888332
0.0.8304314,0.439734783276518,SUCCESS,0.0.731861,0.0.3964804,0.0.4138717@1777921206.315886900
0.0.10231452,4527.129155542434,SUCCESS,0.0.731861,0.0.3964804&0.0.3964808,0.0.4138717@1777921208.659038554
0.0.10244829,0.1253323622106751,SUCCESS,0.0.731861,0.0.3964804,0.0.4138717@1777921208.382669203
0.0.9774619,55.64254180119448,SUCCESS,0.0.731861,0.0.3964804&0.0.3964860,0.0.4138717@1777921211.685392833
0.0.10267166,592.8843857157432,NOT_ASSOCIATED,0.0.731861,0.0.3964804,
0.0.10267167,102.4287322314561,NOT_ASSOCIATED,0.0.731861,0.0.3964804,
0.0.10256319,132.7862463517483,SUCCESS,0.0.731861,0.0.3964804,0.0.4138717@1777921210.931537322
0.0.10277044,70.31414644707966,SUCCESS,0.0.731861,0.0.3964804,0.0.4138717@1777921210.475069814
0.0.9234350,17.12068388722287,SUCCESS,0.0.731861,0.0.3964804,0.0.4138717@1777921211.199410532
0.0.9270286,0.2679422428655837,SUCCESS,0.0.731861,0.0.3964804,0.0.4138717@1777921212.737948859
0.0.1105845,12.46915687263371,SUCCESS,0.0.731861,0.0.3964804,0.0.4138717@1777921212.212328585
0.0.4499088,0.7865962305578974,NOT_ASSOCIATED,0.0.731861,0.0.3964804,
0.0.1729400,7.813187893472322,SUCCESS,0.0.731861,0.0.3964804,0.0.4138717@1777921210.846704137
0.0.1365779,4.37120702557745,SUCCESS,0.0.731861,0.0.3964804,0.0.4138717@1777921213.685057376
0.0.10251800,0.01048664620101519,NOT_ASSOCIATED,0.0.731861,0.0.3964804,
0.0.9360820,691.854490001888,SUCCESS,0.0.731861,0.0.3964804,0.0.4138717@1777921210.927033349
0.0.10062632,0.1862898198724937,SUCCESS,0.0.731861,0.0.3964804&0.0.8315114&0.0.10092996&0.0.10414792,0.0.4138717@1777921213.398771986
0.0.8083839,2331.479269299556,SUCCESS,0.0.731861,0.0.3964804&0.0.3964827&0.0.3964860&0.0.5328590,0.0.4138717@1777921217.026802466
0.0.9273022,0.005206173309120227,SUCCESS,0.0.731861,0.0.3964804,0.0.4138717@1777921214.754861318
0.0.4573495,35440.68709987942,SUCCESS,0.0.731861,0.0.3964804&0.0.3964860,0.0.4138717@1777921217.140188232
0.0.1024843,0.0002505900714679278,SUCCESS,0.0.731861,0.0.3964804&0.0.3964855&0.0.3964860,0.0.4138717@1777921213.855808296
0.0.4571567,10.7701063334831,SUCCESS,0.0.731861,0.0.3964804,0.0.4138717@1777921215.716209054
0.0.1082201,185.2308374259322,SUCCESS,0.0.731861,0.0.3964804,0.0.4138717@1777921217.553633343
0.0.4552382,0.05671715828216627,NOT_ASSOCIATED,0.0.731861,0.0.3964804,
0.0.4552309,0.05672038086944008,NOT_ASSOCIATED,0.0.731861,0.0.3964804,
0.0.4552348,0.06031344972430933,NOT_ASSOCIATED,0.0.731861,0.0.3964804,
0.0.4558719,0.06637452586439208,NOT_ASSOCIATED,0.0.731861,0.0.3964804,
0.0.4576074,1.815861096318672,SUCCESS,0.0.731861,0.0.3964804,0.0.4138717@1777921215.090939004
0.0.4140342,1.782836093445705,SUCCESS,0.0.731861,0.0.3964804&0.0.3964827,0.0.4138717@1777921216.652387365
0.0.816698,129.8390199845526,SUCCESS,0.0.731861,0.0.3964804,0.0.4138717@1777921218.737060721
0.0.4873525,0.828579485605007,SUCCESS,0.0.731861,0.0.3964804,0.0.4138717@1777921218.803996700
0.0.1745725,33.20520099318709,SUCCESS,0.0.731861,0.0.3964804,0.0.4138717@1777921221.345751269
0.0.2963879,26.48399708342854,NOT_ASSOCIATED,0.0.731861,0.0.3964804,
0.0.9640903,53.98008899574504,SUCCESS,0.0.731861,0.0.3964804&0.0.3964834&0.0.4601632,0.0.4138717@1777921219.671459331
0.0.1459068,0.5967152449275067,SUCCESS,0.0.731861,0.0.3964804,0.0.4138717@1777921221.591781485
0.0.10072624,0.5374603802622011,SUCCESS,0.0.731861,0.0.3964804,0.0.4138717@1777921223.231654798
0.0.4372819,0.2668753478244703,SUCCESS,0.0.731861,0.0.3964804,0.0.4138717@1777921219.624706935
0.0.820706,67.73511751442994,SUCCESS,0.0.731861,0.0.3964804,0.0.4138717@1777921220.456652975
0.0.4712922,0.3412868578113643,SUCCESS,0.0.731861,0.0.3964804,0.0.4138717@1777921222.643535573
0.0.10093024,4.910193345142873,SUCCESS,0.0.731861,0.0.3964804,0.0.4138717@1777921223.844498298
0.0.9584885,0.997153428517128,SUCCESS,0.0.731861,0.0.3964804&0.0.5328590,0.0.4138717@1777921222.544939039
0.0.1704489,0.004899404284738609,NOT_ASSOCIATED,0.0.731861,0.0.3964804,
0.0.4749526,496.3808123918286,NOT_ASSOCIATED,0.0.731861,0.0.3964804,
0.0.10014449,0.6659120996012005,SUCCESS,0.0.731861,0.0.3964804,0.0.4138717@1777921224.565468075
0.0.10157649,80.25185319624467,NOT_ASSOCIATED,0.0.731861,0.0.3964804,
0.0.9509413,0.5216156273609571,NOT_ASSOCIATED,0.0.731861,0.0.3964804,
0.0.10219431,23.52041647766202,NOT_ASSOCIATED,0.0.731861,0.0.3964804,
0.0.9251120,28.32004524504124,SUCCESS,0.0.731861,0.0.3964804,0.0.4138717@1777921226.984193428
0.0.8002619,1.793276525225773,SUCCESS,0.0.731861,0.0.3964804,0.0.4138717@1777921226.692104087
0.0.5957081,2.613459000743591,SUCCESS,0.0.731861,0.0.3964804,0.0.4138717@1777921228.958091218
0.0.7142968,8.017957436018419,SUCCESS,0.0.731861,0.0.3964804,0.0.4138717@1777921224.266731344
0.0.1114728,0.04965286836731121,SUCCESS,0.0.731861,0.0.3964804,0.0.4138717@1777921224.919446809
0.0.7313800,2618.288532287697,SUCCESS,0.0.731861,0.0.3964804&0.0.3964840,0.0.4138717@1777921227.050714336
0.0.4914022,10.5602803379975,SUCCESS,0.0.731861,0.0.3964804,0.0.4138717@1777921229.190578561
0.0.590682,0.1661138035853649,SUCCESS,0.0.731861,0.0.3964804,0.0.4138717@1777921228.630432900
0.0.7098838,4.068345026996738,SUCCESS,0.0.731861,0.0.3964804,0.0.4138717@1777921230.649593762
0.0.7809201,0.0005417232015928635,SUCCESS,0.0.731861,0.0.3964804,0.0.4138717@1777921232.197901404
0.0.7980177,635.0481816969806,SUCCESS,0.0.731861,0.0.3964804&0.0.3964860&0.0.10414792,0.0.4138717@1777921233.682604178
0.0.4561752,0.5675175569206619,SUCCESS,0.0.731861,0.0.3964804&0.0.6071041,0.0.4138717@1777921232.035184563
0.0.7931472,1.14225460685856,SUCCESS,0.0.731861,0.0.3964804,0.0.4138717@1777921231.573190761
0.0.8068660,0.04323288947184123,SUCCESS,0.0.731861,0.0.3964804,0.0.4138717@1777921230.822606558
0.0.8084528,294.4862295737198,SUCCESS,0.0.731861,0.0.3964804,0.0.4138717@1777921233.645150579
0.0.8104363,1798.141084420298,SUCCESS,0.0.731861,0.0.3964804,0.0.4138717@1777921235.144852489
0.0.8115823,0.6778527596695164,SUCCESS,0.0.731861,0.0.3964804,0.0.4138717@1777921234.926984330
0.0.8120088,0.8433803085419249,SUCCESS,0.0.731861,0.0.3964804,0.0.4138717@1777921237.398722134
0.0.8146497,10.68977745807871,SUCCESS,0.0.731861,0.0.3964804&0.0.5328590,0.0.4138717@1777921236.774609643
0.0.8152447,4.347457066127076,SUCCESS,0.0.731861,0.0.3964804,0.0.4138717@1777921237.344641043
0.0.4814986,0.1112330399771867,SUCCESS,0.0.731861,0.0.3964804,0.0.4138717@1777921236.037730673
0.0.1052080,4.999068334522707,SUCCESS,0.0.731861,0.0.3964804,0.0.4138717@1777921236.557421738
0.0.4725260,1.259427466345834,SUCCESS,0.0.731861,0.0.3964804,0.0.4138717@1777921236.853690896
0.0.683815,0.2823723087577287,SUCCESS,0.0.731861,0.0.3964804,0.0.4138717@1777921240.405249012
0.0.1696471,157.9449794324662,SUCCESS,0.0.731861,0.0.3964804,0.0.4138717@1777921239.959325049
0.0.4762160,88.11009437999618,SUCCESS,0.0.731861,0.0.3964804,0.0.4138717@1777921241.016085383
0.0.955353,0.8042793841770135,NOT_ASSOCIATED,0.0.731861,0.0.3964804,
0.0.937712,98.90122473976716,SUCCESS,0.0.731861,0.0.3964804,0.0.4138717@1777921241.725959456
0.0.857763,8.216330141416318,SUCCESS,0.0.731861,0.0.3964804,0.0.4138717@1777921239.848906524
0.0.638522,173.4223418983332,SUCCESS,0.0.731861,0.0.3964804,0.0.4138717@1777921242.241606338
0.0.10004246,7.643531930164174,NOT_ASSOCIATED,0.0.731861,0.0.3964804,
0.0.3450,1.147361123395886,SUCCESS,0.0.731861,0.0.3964804,0.0.4138717@1777921243.449276517
0.0.6064013,19.23947079496482,SUCCESS,0.0.731861,0.0.3964804,0.0.4138717@1777921239.604494336
0.0.6063136,0.02179073702938582,SUCCESS,0.0.731861,0.0.3964804,0.0.4138717@1777921240.247567057
0.0.5742160,65.31724626813264,SUCCESS,0.0.731861,0.0.3964804,0.0.4138717@1777921240.060728914
0.0.6181303,145.0438446375362,SUCCESS,0.0.731861,0.0.3964804,0.0.4138717@1777921244.278311822
0.0.1956746,0.2777267249789664,SUCCESS,0.0.731861,0.0.3964804,0.0.4138717@1777921246.070830371
0.0.5804427,10.13331081761981,SUCCESS,0.0.731861,0.0.3964804&0.0.4601632,0.0.4138717@1777921243.326879435
0.0.6334018,5.024642108963767,SUCCESS,0.0.731861,0.0.3964804,0.0.4138717@1777921244.035827287
0.0.6416166,9.800571754355843,SUCCESS,0.0.731861,0.0.3964804,0.0.4138717@1777921244.665122065
0.0.1046906,0.2753188623253264,SUCCESS,0.0.731861,0.0.3964804,0.0.4138717@1777921244.195755195
0.0.4362017,17.88175408189765,SUCCESS,0.0.731861,0.0.3964804,0.0.4138717@1777921246.074341676
0.0.6852334,23.37424004803779,SUCCESS,0.0.731861,0.0.3964804,0.0.4138717@1777921247.380788734
0.0.789990,0.7943843342522405,SUCCESS,0.0.731861,0.0.3964804,0.0.4138717@1777921248.133981178
0.0.6828202,299.650544756917,SUCCESS,0.0.731861,0.0.3964804&0.0.4601632,0.0.4138717@1777921246.086541081
0.0.840487,35.00999339087551,SUCCESS,0.0.731861,0.0.3964804,0.0.4138717@1777921247.901854389
0.0.3048811,1307.819456605119,SUCCESS,0.0.731861,0.0.3964804&0.0.4601632&0.0.5328590&0.0.6071041,0.0.4138717@1777921247.987047105
0.0.5314183,4.227966916462657,SUCCESS,0.0.731861,0.0.3964804,0.0.4138717@1777921245.772424500
0.0.4314332,52.39058491600927,SUCCESS,0.0.731861,0.0.3964804,0.0.4138717@1777921247.238132844
0.0.435679,2834.880546375104,SUCCESS,0.0.731861,0.0.3964804&0.0.3964827&0.0.3964860&0.0.5328590,0.0.4138717@1777921249.119142266
0.0.4044502,2.339084008756761,SUCCESS,0.0.731861,0.0.3964804,0.0.4138717@1777921247.355782707
0.0.2302824,0.02686399406924628,SUCCESS,0.0.731861,0.0.3964804,0.0.4138717@1777921251.598477537
0.0.2967389,5.655498255276251,SUCCESS,0.0.731861,0.0.3964804,0.0.4138717@1777921248.161257758
0.0.4433604,0.8578223838153501,SUCCESS,0.0.731861,0.0.3964804&0.0.4601632,0.0.4138717@1777921251.080013890
0.0.4345176,1.083939065567904,SUCCESS,0.0.731861,0.0.3964804,0.0.4138717@1777921249.910066824
0.0.6270761,428.2412176704854,SUCCESS,0.0.731861,0.0.3964804,0.0.4138717@1777921251.301979442
0.0.5432163,0.4829457753310528,NOT_ASSOCIATED,0.0.731861,0.0.3964804,
0.0.6004536,0.7073560992634804,SUCCESS,0.0.731861,0.0.3964804,0.0.4138717@1777921253.465504269
0.0.1415516,100.3345380082428,SUCCESS,0.0.731861,0.0.3964804,0.0.4138717@1777921252.039304153
0.0.7450449,6.164857886625094,NOT_ASSOCIATED,0.0.731861,0.0.3964804,
0.0.4329551,74.98195667656603,SUCCESS,0.0.731861,0.0.3964804&0.0.3964827&0.0.3964855,0.0.4138717@1777921254.636865005
0.0.5746207,386.1995875687495,SUCCESS,0.0.731861,0.0.3964804,0.0.4138717@1777921250.807465431
0.0.4785387,91.47109705131756,SUCCESS,0.0.731861,0.0.3964804&0.0.4601632,0.0.4138717@1777921254.255390816
0.0.4322023,12.56901638406963,SUCCESS,0.0.731861,0.0.3964804&0.0.3964855&0.0.4601632,0.0.4138717@1777921250.884274592
0.0.6154587,115.0429289742752,SUCCESS,0.0.731861,0.0.3964804,0.0.4138717@1777921256.573302676
0.0.5060252,2.773404004594474,SUCCESS,0.0.731861,0.0.3964804&0.0.3964860,0.0.4138717@1777921254.008128849
0.0.6275653,0.1646776207707328,SUCCESS,0.0.731861,0.0.3964804,0.0.4138717@1777921257.702842073
0.0.1121794,2.159281424177978,SUCCESS,0.0.731861,0.0.3964804,0.0.4138717@1777921258.841905468
0.0.5957030,20.18808248213088,NOT_ASSOCIATED,0.0.731861,0.0.3964804,
0.0.3295745,46.18993870155355,SUCCESS,0.0.731861,0.0.3964804,0.0.4138717@1777921259.103119289
0.0.433061,1.601591758790722,SUCCESS,0.0.731861,0.0.3964804&0.0.3964860,0.0.4138717@1777921255.916945653
0.0.4758052,1.918498671841391,SUCCESS,0.0.731861,0.0.3964804,0.0.4138717@1777921258.365084515
0.0.4640278,1.04146349137659,SUCCESS,0.0.731861,0.0.3964804,0.0.4138717@1777921258.933853956
0.0.3872024,23.89041528283824,SUCCESS,0.0.731861,0.0.3964804,0.0.4138717@1777921260.241746408
0.0.1514634,2232.021169849719,SUCCESS,0.0.731861,0.0.3964804,0.0.4138717@1777921259.740189896
0.0.833050,0.4779607125040387,SUCCESS,0.0.731861,0.0.3964804,0.0.4138717@1777921261.320467045
0.0.1747288,41.96673243936213,SUCCESS,0.0.731861,0.0.3964804,0.0.4138717@1777921259.632421634
0.0.1463629,1.106435414423751,SUCCESS,0.0.731861,0.0.3964804,0.0.4138717@1777921262.428144563
0.0.4741573,10.11688469659038,SUCCESS,0.0.731861,0.0.3964804,0.0.4138717@1777921262.808208979
0.0.4923529,0.01987150240281632,NOT_ASSOCIATED,0.0.731861,0.0.3964804,
0.0.876236,1.6664019044949,SUCCESS,0.0.731861,0.0.3964804,0.0.4138717@1777921261.312378390
0.0.1313705,9.53643804111773,SUCCESS,0.0.731861,0.0.3964804,0.0.4138717@1777921261.714592794
0.0.1505544,0.08330098744557408,SUCCESS,0.0.731861,0.0.3964804,0.0.4138717@1777921261.927066072
0.0.794930,0.687228334288807,SUCCESS,0.0.731861,0.0.3964804,0.0.4138717@1777921263.977109997
0.0.10435633,13.0133689760728,SUCCESS,0.0.731861,0.0.3964804,0.0.4138717@1777921266.447113450
0.0.4853191,0.05701141449173434,SUCCESS,0.0.731861,0.0.3964804,0.0.4138717@1777921266.376986270
0.0.7631749,0.02729051606178383,SUCCESS,0.0.731861,0.0.3964804,0.0.4138717@1777921265.904600443
0.0.10383503,730.4050797613514,SUCCESS,0.0.731861,0.0.3964804,0.0.4138717@1777921266.779144126
0.0.3872629,6.250686486514116,SUCCESS,0.0.731861,0.0.3964804,0.0.4138717@1777921264.425730864
0.0.10356782,6.979473398960404,SUCCESS,0.0.731861,0.0.3964804,0.0.4138717@1777921264.146698310
0.0.3687848,65.1613065924682,SUCCESS,0.0.731861,0.0.3964804,0.0.4138717@1777921264.322744409
0.0.9796301,7.212480871560595,NOT_ASSOCIATED,0.0.731861,0.0.3964804,
0.0.10279551,2.495610366419529,SUCCESS,0.0.731861,0.0.3964804,0.0.4138717@1777921267.231013553
0.0.10261941,11.48725704042936,SUCCESS,0.0.731861,0.0.3964804,0.0.4138717@1777921264.144805463
0.0.10242536,17.13411874210924,NOT_ASSOCIATED,0.0.731861,0.0.3964804,
0.0.3948696,0.9621784210983119,SUCCESS,0.0.731861,0.0.3964804,0.0.4138717@1777921267.942130851
0.0.2030460,2405.110650278387,SUCCESS,0.0.731861,0.0.3964804&0.0.6078473,0.0.4138717@1777921267.182683304
0.0.7164995,48.60885786038641,SUCCESS,0.0.731861,0.0.3964804,0.0.4138717@1777921267.441536254
0.0.1711144,12.9233724475703,NOT_ASSOCIATED,0.0.731861,0.0.3964804&0.0.3964808,
0.0.857760,2.752635010157904,SUCCESS,0.0.731861,0.0.3964804&0.0.3964827,0.0.4138717@1777921267.411688788
0.0.6475509,2.141734989727853,SUCCESS,0.0.731861,0.0.3964804,0.0.4138717@1777921270.504236289
0.0.5029689,12.49810522271762,SUCCESS,0.0.731861,0.0.3964804,0.0.4138717@1777921268.722113176
0.0.662621,5.290190663281567,SUCCESS,0.0.731861,0.0.3964804,0.0.4138717@1777921272.318182115
0.0.834666,83.4846756437126,SUCCESS,0.0.731861,0.0.3964804,0.0.4138717@1777921269.005927929
0.0.1102543,52.43234712417117,SUCCESS,0.0.731861,0.0.3964804,0.0.4138717@1777921272.422654120
0.0.4323897,0.1660250525026969,SUCCESS,0.0.731861,0.0.3964804,0.0.4138717@1777921273.241601554
0.0.4782567,29.94089715097062,SUCCESS,0.0.731861,0.0.3964804,0.0.4138717@1777921269.731384060
0.0.7312670,12.46316848967992,SUCCESS,0.0.731861,0.0.3964804,0.0.4138717@1777921271.199928336
0.0.4340392,0.6040063228861041,SUCCESS,0.0.731861,0.0.3964804,0.0.4138717@1777921270.574138460
0.0.836096,19.83999331566424,SUCCESS,0.0.731861,0.0.3964804&0.0.5328590,0.0.4138717@1777921272.129719796
0.0.1388678,54.72271779894986,SUCCESS,0.0.731861,0.0.3964804,0.0.4138717@1777921271.317642199
0.0.1124401,34.68656841577998,SUCCESS,0.0.731861,0.0.3964804,0.0.4138717@1777921271.237438385
0.0.837799,14.58723771515475,SUCCESS,0.0.731861,0.0.3964804,0.0.4138717@1777921276.827559493
0.0.4144365,21.49894800507187,SUCCESS,0.0.731861,0.0.3964804,0.0.4138717@1777921276.858369461
0.0.2005484,0.2327283836725163,SUCCESS,0.0.731861,0.0.3964804,0.0.4138717@1777921276.407568591
0.0.892270,105.9220434515393,SUCCESS,0.0.731861,0.0.3964804,0.0.4138717@1777921273.642878317
0.0.4644030,0.28223107681939,SUCCESS,0.0.731861,0.0.3964804,0.0.4138717@1777921277.614094063
0.0.3945405,0.005579380818754997,SUCCESS,0.0.731861,0.0.3964804,0.0.4138717@1777921278.047057133
0.0.4333378,0.0724339860989871,SUCCESS,0.0.731861,0.0.3964804,0.0.4138717@1777921278.123511067
0.0.4356553,0.2478363478114597,SUCCESS,0.0.731861,0.0.3964804,0.0.4138717@1777921276.104760438
0.0.1104374,703.9940534111747,SUCCESS,0.0.731861,0.0.3964804,0.0.4138717@1777921279.213166050
0.0.835055,0.03140836108022963,SUCCESS,0.0.731861,0.0.3964804,0.0.4138717@1777921279.235285758
0.0.1350500,19.00330249842444,SUCCESS,0.0.731861,0.0.3964804&0.0.3964840&0.0.6071119&0.0.6078473,0.0.4138717@1777921279.954203097
0.0.4535053,20.24825424278909,SUCCESS,0.0.731861,0.0.3964804,0.0.4138717@1777921278.637612605
0.0.1860252,1.16556168015461,SUCCESS,0.0.731861,0.0.3964804,0.0.4138717@1777921281.479887073
0.0.4368518,0.6864978883000228,SUCCESS,0.0.731861,0.0.3964804,0.0.4138717@1777921281.623239620
0.0.1357334,2.097885674254682,SUCCESS,0.0.731861,0.0.3964804,0.0.4138717@1777921280.432420147
0.0.3165925,0.5773091475317838,SUCCESS,0.0.731861,0.0.3964804,0.0.4138717@1777921281.096874191
0.0.1402758,545.3110913175409,SUCCESS,0.0.731861,0.0.3964804&0.0.3964837,0.0.4138717@1777921280.050476918
0.0.728698,14.08964815616936,SUCCESS,0.0.731861,0.0.3964804&0.0.4601632,0.0.4138717@1777921282.077223217
0.0.4327294,0.2309403941221926,SUCCESS,0.0.731861,0.0.3964804,0.0.4138717@1777921281.735147080
0.0.4351860,15.27436787108584,NOT_ASSOCIATED,0.0.731861,0.0.3964804,
0.0.1088670,3.731591435414406,SUCCESS,0.0.731861,0.0.3964804,0.0.4138717@1777921285.370462868
0.0.4337103,0.01974723870346383,SUCCESS,0.0.731861,0.0.3964804,0.0.4138717@1777921284.213150265
0.0.842806,2755.04271592345,SUCCESS,0.0.731861,0.0.3964804,0.0.4138717@1777921282.778254206
0.0.4345654,685.3520255672671,SUCCESS,0.0.731861,0.0.3964804,0.0.4138717@1777921281.805557274
0.0.4345412,1.246072506624144,SUCCESS,0.0.731861,0.0.3964804,0.0.4138717@1777921286.728043700
0.0.2150506,0.7842270969524646,SUCCESS,0.0.731861,0.0.3964804,0.0.4138717@1777921286.688354155
0.0.4346529,24.60329283133563,SUCCESS,0.0.731861,0.0.3964804,0.0.4138717@1777921284.861772497
0.0.3291464,0.1909399860936082,SUCCESS,0.0.731861,0.0.3964804,0.0.4138717@1777921285.896076657
0.0.4231312,4.081903591882443,SUCCESS,0.0.731861,0.0.3964804,0.0.4138717@1777921286.784574284
0.0.838198,36.69405935603669,SUCCESS,0.0.731861,0.0.3964804&0.0.3964855&0.0.3964840&0.0.4601632,0.0.4138717@1777921288.928164805
0.0.1018824,135.9093216839535,SUCCESS,0.0.731861,0.0.3964804&0.0.5328590&0.0.10414792,0.0.4138717@1777921285.312136591
0.0.4356154,2.318370734200846,SUCCESS,0.0.731861,0.0.3964804&0.0.5328590,0.0.4138717@1777921285.521770433
0.0.4319631,1.336985303870739,SUCCESS,0.0.731861,0.0.3964804,0.0.4138717@1777921290.554691248
0.0.3023498,4.754489651300459,SUCCESS,0.0.731861,0.0.3964804,0.0.4138717@1777921290.883129633
0.0.4341116,12.00934297116153,SUCCESS,0.0.731861,0.0.3964804,0.0.4138717@1777921291.163090272
0.0.1440806,165.868541224785,SUCCESS,0.0.731861,0.0.3964804,0.0.4138717@1777921289.377111199
0.0.4350498,0.0003763562979861374,SUCCESS,0.0.731861,0.0.3964804,0.0.4138717@1777921292.079031498
0.0.1728462,1.925215524513848,SUCCESS,0.0.731861,0.0.3964804,0.0.4138717@1777921290.270744057
0.0.4360122,1.730427349521872,SUCCESS,0.0.731861,0.0.3964804,0.0.4138717@1777921289.213366597
0.0.1048940,20.64724730412513,SUCCESS,0.0.731861,0.0.3964804&0.0.5328590,0.0.4138717@1777921293.221065295
0.0.4965217,2.358094128120933,SUCCESS,0.0.731861,0.0.3964804,0.0.4138717@1777921289.934054501
0.0.4659519,20.38541421002904,SUCCESS,0.0.731861,0.0.3964804,0.0.4138717@1777921292.100612619
0.0.6247418,0.6093010699437987,NOT_ASSOCIATED,0.0.731861,0.0.3964804,
0.0.4717832,3.078400602231941,SUCCESS,0.0.731861,0.0.3964804,0.0.4138717@1777921292.023509680
0.0.6078189,44.8251044529085,SUCCESS,0.0.731861,0.0.3964804,0.0.4138717@1777921294.301108452
0.0.6058490,0.353155186649115,SUCCESS,0.0.731861,0.0.3964804,0.0.4138717@1777921295.549311974
0.0.4358173,208.3926417796824,SUCCESS,0.0.731861,0.0.3964804&0.0.4601632&0.0.6126395,0.0.4138717@1777921296.186412631
0.0.3967246,5.968500390440433,SUCCESS,0.0.731861,0.0.3964804,0.0.4138717@1777921297.699601285
0.0.1334605,121.2534620839632,SUCCESS,0.0.731861,0.0.3964804,0.0.4138717@1777921294.324200734
0.0.4799094,1.177947675090936,SUCCESS,0.0.731861,0.0.3964804,0.0.4138717@1777921297.383273796
0.0.846992,14.99764866823091,SUCCESS,0.0.731861,0.0.3964804,0.0.4138717@1777921297.323686198
0.0.805713,169.2617504586962,SUCCESS,0.0.731861,0.0.3964804,0.0.4138717@1777921298.429748407
0.0.6061106,4.940142739893892,NOT_ASSOCIATED,0.0.731861,0.0.3964804,
0.0.5068116,0.4954514168574495,NOT_ASSOCIATED,0.0.731861,0.0.3964804,
0.0.848151,4.055004634976722,SUCCESS,0.0.731861,0.0.3964804,0.0.4138717@1777921296.787669558
0.0.753351,4.897695158857584,SUCCESS,0.0.731861,0.0.3964804,0.0.4138717@1777921299.762812188
0.0.6139137,9.059536678849604,SUCCESS,0.0.731861,0.0.3964804,0.0.4138717@1777921300.143130107
0.0.760653,2.3535015883284,SUCCESS,0.0.731861,0.0.3964804,0.0.4138717@1777921302.159869458
0.0.5315914,23.74826824897405,SUCCESS,0.0.731861,0.0.3964804,0.0.4138717@1777921298.816585608
0.0.5421455,0.0587517861036982,SUCCESS,0.0.731861,0.0.3964804,0.0.4138717@1777921299.990540138
0.0.5495538,12.0984309821356,SUCCESS,0.0.731861,0.0.3964804&0.0.3964860&0.0.4601632,0.0.4138717@1777921301.658245910
0.0.4533464,1.835318345642756,SUCCESS,0.0.731861,0.0.3964804,0.0.4138717@1777921303.950659519
0.0.859649,2.097517421258038,SUCCESS,0.0.731861,0.0.3964804,0.0.4138717@1777921303.062065730
0.0.835625,61.51005460331779,SUCCESS,0.0.731861,0.0.3964804&0.0.3964827&0.0.3964837,0.0.4138717@1777921305.725423357
0.0.1307915,0.003565839496855518,SUCCESS,0.0.731861,0.0.3964804,0.0.4138717@1777921304.959929312
0.0.5147407,5.397410454200213,SUCCESS,0.0.731861,0.0.3964804,0.0.4138717@1777921303.167792726
0.0.6674918,0.1798805749375292,SUCCESS,0.0.731861,0.0.3964804,0.0.4138717@1777921305.478753223
0.0.796454,488.7889139731562,SUCCESS,0.0.731861,0.0.3964804,0.0.4138717@1777921303.608952321
0.0.4360598,0.4735959004264274,SUCCESS,0.0.731861,0.0.3964804,0.0.4138717@1777921304.682458212
0.0.10167174,1.915201146162983,SUCCESS,0.0.731861,0.0.3964804,0.0.4138717@1777921305.411393529
0.0.3937438,4.15751530100817,SUCCESS,0.0.731861,0.0.3964804,0.0.4138717@1777921306.121918567
0.0.2123622,1.6029033520147,SUCCESS,0.0.731861,0.0.3964804,0.0.4138717@1777921311.124082116
0.0.5023507,105.6974041897612,SUCCESS,0.0.731861,0.0.3964804&0.0.4601632&0.0.5328590,0.0.4138717@1777921310.326984997
0.0.6324031,0.009420550193586284,SUCCESS,0.0.731861,0.0.3964804,0.0.4138717@1777921311.980996942
0.0.4589167,0.2623135593171028,NOT_ASSOCIATED,0.0.731861,0.0.3964804,
0.0.5698429,0.09284969732766885,SUCCESS,0.0.731861,0.0.3964804,0.0.4138717@1777921310.260158786
0.0.827132,1.229123967002659,SUCCESS,0.0.731861,0.0.3964804,0.0.4138717@1777921310.799899439
0.0.4351736,0.2174269893963366,SUCCESS,0.0.731861,0.0.3964804,0.0.4138717@1777921308.720444594
0.0.1261132,4.901293434826424,SUCCESS,0.0.731861,0.0.3964804,0.0.4138717@1777921308.554120268
0.0.4319619,1.515375228547874,SUCCESS,0.0.731861,0.0.3964804,0.0.4138717@1777921311.591632507
0.0.8120693,18.06727950048928,SUCCESS,0.0.731861,0.0.3964804,0.0.4138717@1777921312.249688931
0.0.6469391,87.61342120866394,SUCCESS,0.0.731861,0.0.3964804&0.0.3964837,0.0.4138717@1777921314.029157747
0.0.658160,1.958633107948848,SUCCESS,0.0.731861,0.0.3964804&0.0.8315114,0.0.4138717@1777921313.741341935
0.0.7920282,0.07623607005208506,SUCCESS,0.0.731861,0.0.3964804,0.0.4138717@1777921318.598418454
0.0.4743054,0.630619196040295,SUCCESS,0.0.731861,0.0.3964804&0.0.8315114,0.0.4138717@1777921318.503422446
0.0.7285744,0.2423635532775153,SUCCESS,0.0.731861,0.0.3964804,0.0.4138717@1777921315.911339247
0.0.6148704,0.9025456349519413,NOT_ASSOCIATED,0.0.731861,0.0.3964804,
0.0.7816479,90.45548989810919,SUCCESS,0.0.731861,0.0.3964804&0.0.8315114,0.0.4138717@1777921314.123998452
0.0.4838474,55.88157023755614,SUCCESS,0.0.731861,0.0.3964804&0.0.5328590,0.0.4138717@1777921316.154823316
0.0.1404010,0.04107004996796596,NOT_ASSOCIATED,0.0.731861,0.0.3964804,
0.0.1369825,957.5722512727916,SUCCESS,0.0.731861,0.0.3964804&0.0.3964827&0.0.4601632&0.0.6071041&0.0.6126395,0.0.4138717@1777921316.386563975
0.0.8209705,1.335494683945871,SUCCESS,0.0.731861,0.0.3964804,0.0.4138717@1777921318.295433260
0.0.7166497,0.7727329479917247,SUCCESS,0.0.731861,0.0.3964804,0.0.4138717@1777921314.611594518
0.0.8002341,2.831065494334505,SUCCESS,0.0.731861,0.0.3964804,0.0.4138717@1777921322.698648755
0.0.7938061,0.6187176398537004,SUCCESS,0.0.731861,0.0.3964804,0.0.4138717@1777921319.594529430
0.0.3241611,4.644763859889677,SUCCESS,0.0.731861,0.0.3964804,0.0.4138717@1777921318.310274065
0.0.8227507,5.517008903274221,SUCCESS,0.0.731861,0.0.3964804,0.0.4138717@1777921319.616055477
0.0.1754370,0.456291436982449,SUCCESS,0.0.731861,0.0.3964804,0.0.4138717@1777921319.067946168
0.0.2116216,27.31936885925573,SUCCESS,0.0.731861,0.0.3964804,0.0.4138717@1777921320.396301602
0.0.7965335,21.38030551848679,NOT_ASSOCIATED,0.0.731861,0.0.3964804,
0.0.6294131,0.0002196937492187961,SUCCESS,0.0.731861,0.0.3964804,0.0.4138717@1777921319.403827972
0.0.9149385,1.056737478149406,SUCCESS,0.0.731861,0.0.3964804,0.0.4138717@1777921319.922803731
0.0.5580759,0.4246914135087872,SUCCESS,0.0.731861,0.0.3964804,0.0.4138717@1777921320.657920350
0.0.9104016,44.39409124491593,SUCCESS,0.0.731861,0.0.3964804&0.0.3964860&0.0.5328590,0.0.4138717@1777921322.863553679
0.0.8041705,0.38759211146109,SUCCESS,0.0.731861,0.0.3964804,0.0.4138717@1777921322.645821843
0.0.8514597,64.66575275032872,SUCCESS,0.0.731861,0.0.3964804,0.0.4138717@1777921322.562365922
0.0.8903303,8.70131724422415,FAIL,0.0.731861,0.0.3964804,
0.0.3288501,1.006255538601994,SUCCESS,0.0.731861,0.0.3964804,0.0.4138717@1777921324.346003454
0.0.4724806,136.1154748611486,SUCCESS,0.0.731861,0.0.3964804&0.0.5328590,0.0.4138717@1777921323.313475714
0.0.8717466,0.01913628458483545,SUCCESS,0.0.731861,0.0.3964804,0.0.4138717@1777921325.475718066
0.0.1056579,61.45576994947207,SUCCESS,0.0.731861,0.0.3964804,0.0.4138717@1777921324.947674418
0.0.2185671,0.9735557622078057,SUCCESS,0.0.731861,0.0.3964804,0.0.4138717@1777921325.880442602
0.0.6045318,4.146269386220775,SUCCESS,0.0.731861,0.0.3964804,0.0.4138717@1777921326.821676246
0.0.844131,3.456609803497725,SUCCESS,0.0.731861,0.0.3964804,0.0.4138717@1777921325.800153572
0.0.5719491,0.681177296731973,SUCCESS,0.0.731861,0.0.3964804,0.0.4138717@1777921326.598135106
0.0.1681033,2.695597214806039,SUCCESS,0.0.731861,0.0.3964804,0.0.4138717@1777921328.950184510
0.0.8551680,765.6027515179077,SUCCESS,0.0.731861,0.0.3964804&0.0.5328590,0.0.4138717@1777921328.343162650
0.0.840324,26.61614431926147,SUCCESS,0.0.731861,0.0.3964804,0.0.4138717@1777921332.097115583
0.0.919311,1513.956378292636,NOT_ASSOCIATED,0.0.731861,0.0.3964804,
0.0.7920736,29.56657379750845,SUCCESS,0.0.731861,0.0.3964804,0.0.4138717@1777921330.557271400
0.0.8057884,33.05794326587082,SUCCESS,0.0.731861,0.0.3964804,0.0.4138717@1777921328.791204407
0.0.8382708,0.1101251111638079,SUCCESS,0.0.731861,0.0.3964804,0.0.4138717@1777921330.647039066
0.0.7550116,1.013114928759019,NOT_ASSOCIATED,0.0.731861,0.0.3964804,
0.0.4883729,4.190587497679316,SUCCESS,0.0.731861,0.0.3964804,0.0.4138717@1777921333.270287531
0.0.7965412,0.03765820473121894,NOT_ASSOCIATED,0.0.731861,0.0.3964804,
0.0.3384906,52.82688828748949,SUCCESS,0.0.731861,0.0.3964804,0.0.4138717@1777921332.589097546
0.0.7961490,2.040128074012433,NOT_ASSOCIATED,0.0.731861,0.0.3964804,
0.0.7703838,0.1063884765826034,SUCCESS,0.0.731861,0.0.3964804,0.0.4138717@1777921334.393489272
0.0.1313215,0.1716494289971846,SUCCESS,0.0.731861,0.0.3964804,0.0.4138717@1777921332.913879358
0.0.6343911,27.79284539634867,SUCCESS,0.0.731861,0.0.3964804,0.0.4138717@1777921334.005252632
0.0.7937765,11.2077846572575,NOT_ASSOCIATED,0.0.731861,0.0.3964804,
0.0.4765612,21120.12538730239,SUCCESS,0.0.731861,0.0.3964804&0.0.3964808&0.0.3964821&0.0.3964825&0.0.5328590,0.0.4138717@1777921336.806349724
0.0.3240624,0.02507387385263091,SUCCESS,0.0.731861,0.0.3964804,0.0.4138717@1777921334.423894209
0.0.4312267,81.23528947115449,SUCCESS,0.0.731861,0.0.3964804,0.0.4138717@1777921334.868436559
0.0.710849,0.2075693880292422,SUCCESS,0.0.731861,0.0.3964804,0.0.4138717@1777921336.755992944
0.0.1746011,20.48743200630724,SUCCESS,0.0.731861,0.0.3964804,0.0.4138717@1777921338.220308467
0.0.791414,4.27726425025213,SUCCESS,0.0.731861,0.0.3964804,0.0.4138717@1777921337.054189449
0.0.7798912,27.79600645985195,SUCCESS,0.0.731861,0.0.3964804,0.0.4138717@1777921339.875507273
0.0.1337171,182.8904191834482,SUCCESS,0.0.731861,0.0.3964804&0.0.3964827&0.0.3964860&0.0.6071911,0.0.4138717@1777921340.003163101
0.0.2004450,1.329359295767437,SUCCESS,0.0.731861,0.0.3964804,0.0.4138717@1777921338.733385191
0.0.4504544,105.2376945605166,SUCCESS,0.0.731861,0.0.3964804,0.0.4138717@1777921340.540529412
0.0.4135513,12.42306157342433,SUCCESS,0.0.731861,0.0.3964804,0.0.4138717@1777921338.332081585
0.0.1463093,14.73868842033358,SUCCESS,0.0.731861,0.0.3964804,0.0.4138717@1777921339.727232784
0.0.8076778,0.01921191711885303,SUCCESS,0.0.731861,0.0.3964804,0.0.4138717@1777921340.082654042
0.0.7924085,0.2132577666344501,SUCCESS,0.0.731861,0.0.3964804,0.0.4138717@1777921340.343533146
0.0.7732467,10.12094089818778,SUCCESS,0.0.731861,0.0.3964804&0.0.3964827,0.0.4138717@1777921344.817479679
0.0.1021958,35.68212514047411,SUCCESS,0.0.731861,0.0.3964804,0.0.4138717@1777921342.961437528
0.0.981571,0.842107683278176,SUCCESS,0.0.731861,0.0.3964804,0.0.4138717@1777921341.540192428
0.0.3847179,6.858652584195843,SUCCESS,0.0.731861,0.0.3964804,0.0.4138717@1777921342.405675364
0.0.1467538,6.628168565982002,SUCCESS,0.0.731861,0.0.3964804,0.0.4138717@1777921345.447517384
0.0.8131537,8.407821943817046,SUCCESS,0.0.731861,0.0.3964804,0.0.4138717@1777921345.057324836
0.0.4315395,1.084027273614141,SUCCESS,0.0.731861,0.0.3964804,0.0.4138717@1777921345.603959825
0.0.4388693,1.673010482487494,SUCCESS,0.0.731861,0.0.3964804&0.0.4601632,0.0.4138717@1777921346.423619528
0.0.8083173,5.626489580868895,SUCCESS,0.0.731861,0.0.3964804,0.0.4138717@1777921344.415445069
0.0.4795853,7.6297854490304,SUCCESS,0.0.731861,0.0.3964804,0.0.4138717@1777921344.771625672
0.0.6313326,93.4521993753626,SUCCESS,0.0.731861,0.0.3964804,0.0.4138717@1777921349.383908713
0.0.7583284,2.554332084559149,SUCCESS,0.0.731861,0.0.3964804,0.0.4138717@1777921348.292534094
0.0.1673276,27.40384108926224,SUCCESS,0.0.731861,0.0.3964804,0.0.4138717@1777921350.500104852
0.0.4804985,2.006204561632199,SUCCESS,0.0.731861,0.0.3964804,0.0.4138717@1777921350.723395536
0.0.4343570,3.879203956318922,SUCCESS,0.0.731861,0.0.3964804,0.0.4138717@1777921352.006196419
0.0.7732676,1496.283019576855,SUCCESS,0.0.731861,0.0.3964804,0.0.4138717@1777921349.313401375
0.0.2891280,8.676615739223209,NOT_ASSOCIATED,0.0.731861,0.0.3964804,
0.0.7916029,296.4457442467859,SUCCESS,0.0.731861,0.0.3964804&0.0.3964840,0.0.4138717@1777921351.033836293
0.0.4861986,1.646300498607097,SUCCESS,0.0.731861,0.0.3964804,0.0.4138717@1777921349.973553446
0.0.5112630,6.693440995241673,SUCCESS,0.0.731861,0.0.3964804,0.0.4138717@1777921351.302389126
0.0.931327,702.9924552667937,SUCCESS,0.0.731861,0.0.3964804,0.0.4138717@1777921349.429885885
0.0.2145447,313.8841194724828,SUCCESS,0.0.731861,0.0.3964804,0.0.4138717@1777921353.210202846
0.0.9226909,2.647764170220336,SUCCESS,0.0.731861,0.0.3964804,0.0.4138717@1777921353.825674457
0.0.2657839,49.16488116638006,SUCCESS,0.0.731861,0.0.3964804,0.0.4138717@1777921354.929275742
0.0.9464371,597.1053901371915,SUCCESS,0.0.731861,0.0.3964804,0.0.4138717@1777921355.092023485
0.0.9477910,65.80562254834473,SUCCESS,0.0.731861,0.0.3964804,0.0.4138717@1777921356.595656669
0.0.1736150,148.0594772411941,SUCCESS,0.0.731861,0.0.3964804&0.0.3964808,0.0.4138717@1777921353.683987408
0.0.4184148,3.80298637354797,SUCCESS,0.0.731861,0.0.3964804,0.0.4138717@1777921358.019975138
0.0.3768895,0.01668103805166049,SUCCESS,0.0.731861,0.0.3964804,0.0.4138717@1777921355.972951454
0.0.1097802,20.68777138481065,SUCCESS,0.0.731861,0.0.3964804,0.0.4138717@1777921356.747329845
0.0.1877641,10.67070847739805,SUCCESS,0.0.731861,0.0.3964804,0.0.4138717@1777921357.882803003
0.0.1268672,0.2289381284285146,SUCCESS,0.0.731861,0.0.3964804,0.0.4138717@1777921359.239989869
0.0.835670,9.638824512921516,SUCCESS,0.0.731861,0.0.3964804&0.0.4601632,0.0.4138717@1777921360.042202642
0.0.1517175,9.296532772308876,SUCCESS,0.0.731861,0.0.3964804,0.0.4138717@1777921360.831100777
0.0.859565,167.8811471782058,SUCCESS,0.0.731861,0.0.3964804,0.0.4138717@1777921359.305652342
0.0.915984,199.0308152407476,SUCCESS,0.0.731861,0.0.3964804,0.0.4138717@1777921361.137474269
0.0.859149,178.1446466415734,SUCCESS,0.0.731861,0.0.3964804,0.0.4138717@1777921358.643000655
0.0.1448131,2.378431023482186,SUCCESS,0.0.731861,0.0.3964804,0.0.4138717@1777921361.320345451
0.0.9404882,4.147567131839306,SUCCESS,0.0.731861,0.0.3964804,0.0.4138717@1777921358.596655282
0.0.1425322,76.34197188940615,SUCCESS,0.0.731861,0.0.3964804&0.0.5328590,0.0.4138717@1777921359.193784996
0.0.1088394,304.4735179839709,SUCCESS,0.0.731861,0.0.3964804&0.0.3964860&0.0.3964840&0.0.5328590&0.0.6078473&0.0.8315114,0.0.4138717@1777921361.708901848
0.0.9178066,248.7254635248611,SUCCESS,0.0.731861,0.0.3964804,0.0.4138717@1777921366.282246857
0.0.1432019,31.10141188805967,SUCCESS,0.0.731861,0.0.3964804,0.0.4138717@1777921366.363880653
0.0.9317309,0.01035716919505512,SUCCESS,0.0.731861,0.0.3964804&0.0.9774523,0.0.4138717@1777921363.478385134
0.0.9690555,2.848257210748087,SUCCESS,0.0.731861,0.0.3964804,0.0.4138717@1777921363.561608769
0.0.10085318,30.14893614866579,SUCCESS,0.0.731861,0.0.3964804,0.0.4138717@1777921363.338447493
0.0.4911466,0.09442970500304956,SUCCESS,0.0.731861,0.0.3964804,0.0.4138717@1777921366.661879700
0.0.8629477,7.583329614242992,SUCCESS,0.0.731861,0.0.3964804,0.0.4138717@1777921364.818923608
0.0.10068662,0.5326423741107849,SUCCESS,0.0.731861,0.0.3964804,0.0.4138717@1777921367.617830097
0.0.8213249,418.735591039417,SUCCESS,0.0.731861,0.0.3964804,0.0.4138717@1777921365.100621574
0.0.6460255,46.04652250919774,NOT_ASSOCIATED,0.0.731861,0.0.3964804,
0.0.3907868,0.05269430088358844,SUCCESS,0.0.731861,0.0.3964804,0.0.4138717@1777921364.742259243
0.0.1043461,648.4275843866209,SUCCESS,0.0.731861,0.0.3964804,0.0.4138717@1777921368.277141935
0.0.966444,30.06145355151354,SUCCESS,0.0.731861,0.0.3964804,0.0.4138717@1777921369.272306913
0.0.7550127,2.023784031379853,SUCCESS,0.0.731861,0.0.3964804,0.0.4138717@1777921366.469766447
0.0.8443763,127.7416945763547,SUCCESS,0.0.731861,0.0.3964804,0.0.4138717@1777921369.882581647
0.0.5482082,6.975364410618855,SUCCESS,0.0.731861,0.0.3964804,0.0.4138717@1777921371.117851340
0.0.9695749,33.6636280118438,NOT_ASSOCIATED,0.0.731861,0.0.3964804,
0.0.834767,13.15191834203649,SUCCESS,0.0.731861,0.0.3964804,0.0.4138717@1777921370.441601323
0.0.9612822,1.653332075764034,NOT_ASSOCIATED,0.0.731861,0.0.3964804,
0.0.9174064,75.7914534984499,SUCCESS,0.0.731861,0.0.3964804,0.0.4138717@1777921368.985310639
0.0.6258977,36.01940098405758,SUCCESS,0.0.731861,0.0.3964804&0.0.5328590,0.0.4138717@1777921372.543067024
0.0.946029,5.439600498652232,NOT_ASSOCIATED,0.0.731861,0.0.3964804,
0.0.1461428,16.57164585916671,SUCCESS,0.0.731861,0.0.3964804,0.0.4138717@1777921369.315357097
0.0.2149252,0.0007906902244342001,SUCCESS,0.0.731861,0.0.3964804,0.0.4138717@1777921371.729556219
0.0.838791,16.16619660985208,SUCCESS,0.0.731861,0.0.3964804,0.0.4138717@1777921371.617185925
0.0.7710235,1.558387674619483,SUCCESS,0.0.731861,0.0.3964804,0.0.4138717@1777921372.281022532
0.0.4431727,1.707304642164261,SUCCESS,0.0.731861,0.0.3964804&0.0.3964827,0.0.4138717@1777921371.996703275
0.0.1359581,223.2345349731203,SUCCESS,0.0.731861,0.0.3964804&0.0.3964827,0.0.4138717@1777921372.518706614
0.0.1486421,16.32680832261512,SUCCESS,0.0.731861,0.0.3964804,0.0.4138717@1777921371.699649329
0.0.3916542,0.4307488416518199,SUCCESS,0.0.731861,0.0.3964804&0.0.3964827,0.0.4138717@1777921375.614921840
0.0.4566469,19.73935869770756,SUCCESS,0.0.731861,0.0.3964804,0.0.4138717@1777921374.556605951
0.0.887612,23.5108507726439,SUCCESS,0.0.731861,0.0.3964804,0.0.4138717@1777921376.353712490
0.0.811739,144.8539328311693,SUCCESS,0.0.731861,0.0.3964804&0.0.5328590,0.0.4138717@1777921374.662118589
0.0.496172,15.99624246354298,SUCCESS,0.0.731861,0.0.3964804,0.0.4138717@1777921379.057545860
0.0.9150672,0.3221886919454696,SUCCESS,0.0.731861,0.0.3964804,0.0.4138717@1777921375.587004740
0.0.9144684,1.25655249421052,SUCCESS,0.0.731861,0.0.3964804,0.0.4138717@1777921378.662736598
0.0.6094118,0.2172404356931316,SUCCESS,0.0.731861,0.0.3964804,0.0.4138717@1777921377.346711168
0.0.4310363,32.77228870514907,SUCCESS,0.0.731861,0.0.3964804&0.0.3964860,0.0.4138717@1777921378.207036319
0.0.9201440,0.619777784113287,SUCCESS,0.0.731861,0.0.3964804,0.0.4138717@1777921380.531369372
0.0.7993090,69.55728723395583,SUCCESS,0.0.731861,0.0.3964804,0.0.4138717@1777921377.598590334
0.0.3681629,62.35723588047137,SUCCESS,0.0.731861,0.0.3964804,0.0.4138717@1777921378.099153554
0.0.1088074,157.6341912461253,SUCCESS,0.0.731861,0.0.3964804&0.0.3964860,0.0.4138717@1777921380.982363121
0.0.481717,2.068010671477786,SUCCESS,0.0.731861,0.0.3964804,0.0.4138717@1777921377.953313125
0.0.9303899,17.46274507420736,SUCCESS,0.0.731861,0.0.3964804,0.0.4138717@1777921378.973690631
0.0.965222,264.0147170590394,SUCCESS,0.0.731861,0.0.3964804&0.0.3964825,0.0.4138717@1777921380.244562580
0.0.1198079,495.5470933838463,SUCCESS,0.0.731861,0.0.3964804,0.0.4138717@1777921381.551143669
0.0.2017766,15.07152981364231,SUCCESS,0.0.731861,0.0.3964804,0.0.4138717@1777921380.590345041
0.0.1316658,3.590200778489105,SUCCESS,0.0.731861,0.0.3964804,0.0.4138717@1777921383.651564295
0.0.6295630,0.5642837528286043,NOT_ASSOCIATED,0.0.731861,0.0.3964804,
0.0.793748,2460.935819248709,SUCCESS,0.0.731861,0.0.3964804,0.0.4138717@1777921384.005414947
0.0.853379,230.9961769384933,SUCCESS,0.0.731861,0.0.3964804,0.0.4138717@1777921385.037430355
0.0.9272301,7.773046816471048,NOT_ASSOCIATED,0.0.731861,0.0.3964804,
0.0.9273859,0.7219222419762664,SUCCESS,0.0.731861,0.0.3964804,0.0.4138717@1777921385.041521285
0.0.1524063,48.04192609264543,SUCCESS,0.0.731861,0.0.3964804,0.0.4138717@1777921386.230523985
0.0.7290965,7.142028919421223,SUCCESS,0.0.731861,0.0.3964804,0.0.4138717@1777921385.573266271
0.0.7662545,0.05502491959036422,NOT_ASSOCIATED,0.0.731861,0.0.3964804,
0.0.4887338,9.101345186540748,SUCCESS,0.0.731861,0.0.3964804,0.0.4138717@1777921387.884273788
0.0.146930,11312.9989043938,SUCCESS,0.0.731861,0.0.3964804,0.0.4138717@1777921384.373028081
0.0.842464,12.21369580119646,SUCCESS,0.0.731861,0.0.3964808&0.0.3964840&0.0.4129330,0.0.4138717@1777921385.040966392
0.0.4179053,0.3366379066585168,SUCCESS,0.0.731861,0.0.3964808,0.0.4138717@1777921385.728568327
0.0.1005072,24.51399192293111,SUCCESS,0.0.731861,0.0.3964808,0.0.4138717@1777921388.943176449
0.0.5702281,5075.560484713955,SUCCESS,0.0.731861,0.0.3964808&0.0.3964837&0.0.3964840,0.0.4138717@1777921388.829377314
0.0.6235543,35.85892107810557,SUCCESS,0.0.731861,0.0.3964808,0.0.4138717@1777921390.916090563
0.0.7582729,2822.319918767794,SUCCESS,0.0.731861,0.0.3964808,0.0.4138717@1777921392.188046209
0.0.7760710,0.8222688099094417,SUCCESS,0.0.731861,0.0.3964808,0.0.4138717@1777921389.374276745
0.0.1890297,23.18353425936773,SUCCESS,0.0.731861,0.0.3964808,0.0.4138717@1777921390.843681117
0.0.4762457,11.72840736449919,SUCCESS,0.0.731861,0.0.3964808,0.0.4138717@1777921392.789276996
0.0.1332209,0.2239704963556469,SUCCESS,0.0.731861,0.0.3964808,0.0.4138717@1777921392.712554960
0.0.2028589,0.7608692830453962,SUCCESS,0.0.731861,0.0.3964808,0.0.4138717@1777921391.142765451
0.0.2031271,0.8028250617177255,SUCCESS,0.0.731861,0.0.3964808,0.0.4138717@1777921390.771734411
0.0.4342823,0.8687068568800893,SUCCESS,0.0.731861,0.0.3964808,0.0.4138717@1777921393.727053679
0.0.811544,17.43487113195839,SUCCESS,0.0.731861,0.0.3964808,0.0.4138717@1777921395.157274923
0.0.7710944,0.441610958748123,SUCCESS,0.0.731861,0.0.3964808,0.0.4138717@1777921394.428955688
0.0.3000165,1186.349154926951,SUCCESS,0.0.731861,0.0.3964821,0.0.4138717@1777921394.632087441
0.0.4146647,0.08993739250188519,SUCCESS,0.0.731861,0.0.3964821,0.0.4138717@1777921395.981514379
0.0.1016797,116.8212532855104,SUCCESS,0.0.731861,0.0.3964827&0.0.4601632,0.0.4138717@1777921395.215754013
0.0.885667,3.715661494265681,SUCCESS,0.0.731861,0.0.3964827,0.0.4138717@1777921396.269529189
0.0.7776243,2.465804092657651,SUCCESS,0.0.731861,0.0.3964827,0.0.4138717@1777921395.336263430
0.0.6109726,34.67027309252057,SUCCESS,0.0.731861,0.0.3964827,0.0.4138717@1777921397.738444284
0.0.1436265,3.802215100162329,SUCCESS,0.0.731861,0.0.3964827,0.0.4138717@1777921396.005653954
0.0.2288443,378.2343007134086,SUCCESS,0.0.731861,0.0.3964827&0.0.3964837&0.0.4129330&0.0.5328590,0.0.4138717@1777921397.496556043
0.0.7870892,3.310799305752309,SUCCESS,0.0.731861,0.0.3964827,0.0.4138717@1777921398.255873502
0.0.7677057,38.42147604928099,SUCCESS,0.0.731861,0.0.3964827,0.0.4138717@1777921398.011199214
0.0.1079751,90.79927310633562,SUCCESS,0.0.731861,0.0.3964827,0.0.4138717@1777921397.535261492
0.0.9168967,19.02634384346693,SUCCESS,0.0.731861,0.0.3964827&0.0.5328590&0.0.6071074,0.0.4138717@1777921401.249453005
0.0.4975045,163.2027176910545,SUCCESS,0.0.731861,0.0.3964827,0.0.4138717@1777921400.469084175
0.0.6630516,10.34480164285472,SUCCESS,0.0.731861,0.0.3964827,0.0.4138717@1777921399.779490958
0.0.3283790,3248.470742387247,SUCCESS,0.0.731861,0.0.3964827&0.0.6071119,0.0.4138717@1777921398.591802685
0.0.8377520,158.5987330415834,SUCCESS,0.0.731861,0.0.3964827,0.0.4138717@1777921402.703364867
0.0.9541852,1.172372234462115,SUCCESS,0.0.731861,0.0.3964827,0.0.4138717@1777921400.899382210
0.0.4737222,0.8652975959901036,SUCCESS,0.0.731861,0.0.3964827,0.0.4138717@1777921404.253649117
0.0.1406579,0.6874577316778904,SUCCESS,0.0.731861,0.0.3964827,0.0.4138717@1777921405.312348269
0.0.8778454,0.05892787497891325,SUCCESS,0.0.731861,0.0.3964827,0.0.4138717@1777921401.973089095
0.0.7947570,0.1506060971370535,SUCCESS,0.0.731861,0.0.3964827,0.0.4138717@1777921404.112179445
0.0.10021599,30.92047001920677,SUCCESS,0.0.731861,0.0.3964827&0.0.4601632&0.0.5328590,0.0.4138717@1777921403.183499102
0.0.4338112,0.08323246608222976,SUCCESS,0.0.731861,0.0.3964827,0.0.4138717@1777921407.824354575
0.0.10233326,74.63684367952483,SUCCESS,0.0.731861,0.0.3964827,0.0.4138717@1777921406.658547027
0.0.6288848,0.4421067823489215,SUCCESS,0.0.731861,0.0.3964827&0.0.6071119,0.0.4138717@1777921406.711706277
0.0.913930,0.7143619680328201,SUCCESS,0.0.731861,0.0.3964827,0.0.4138717@1777921406.128398221
0.0.10237841,33.66308234701264,SUCCESS,0.0.731861,0.0.3964827,0.0.4138717@1777921408.934520874
0.0.1120301,0.08548516226406135,SUCCESS,0.0.731861,0.0.3964827&0.0.3964855,0.0.4138717@1777921408.186608679
0.0.836080,2.2298786145859e-9,SUCCESS,0.0.731861,0.0.3964827&0.0.3964855,0.0.4138717@1777921408.536253504
0.0.1065704,74.3263911037243,SUCCESS,0.0.731861,0.0.3964827,0.0.4138717@1777921407.635759624
0.0.7965416,0.1132230061712949,NOT_ASSOCIATED,0.0.731861,0.0.3964827,
0.0.839408,103.667973537384,SUCCESS,0.0.731861,0.0.3964827,0.0.4138717@1777921409.018652603
0.0.4348609,153.6996482228095,SUCCESS,0.0.731861,0.0.3964827&0.0.5328590,0.0.4138717@1777921409.961876545
0.0.4410999,4.122305215782974,SUCCESS,0.0.731861,0.0.3964827,0.0.4138717@1777921410.897938830
0.0.4364640,12.60965573512182,SUCCESS,0.0.731861,0.0.3964827,0.0.4138717@1777921410.712831892
0.0.834607,35.51414908573194,SUCCESS,0.0.731861,0.0.3964827,0.0.4138717@1777921411.044458641
0.0.3169781,11.44413915504646,SUCCESS,0.0.731861,0.0.3964827,0.0.4138717@1777921412.443749899
0.0.4733298,6.000057980543603,SUCCESS,0.0.731861,0.0.3964827,0.0.4138717@1777921414.466847068
0.0.1107354,7.629345863410859,SUCCESS,0.0.731861,0.0.3964827,0.0.4138717@1777921412.544632673
0.0.1061257,179.2088488877509,SUCCESS,0.0.731861,0.0.3964827&0.0.4601632&0.0.5328590,0.0.4138717@1777921414.357914121
0.0.4793606,42.45241236015194,SUCCESS,0.0.731861,0.0.3964827&0.0.5328590,0.0.4138717@1777921415.668774512
0.0.3443413,20.35275773908886,SUCCESS,0.0.731861,0.0.3964827&0.0.4601632,0.0.4138717@1777921415.163125532
0.0.7595440,236.7321341314733,SUCCESS,0.0.731861,0.0.3964827,0.0.4138717@1777921415.435828209
0.0.1400872,79.83202495949875,SUCCESS,0.0.731861,0.0.3964827&0.0.4129330&0.0.6071911,0.0.4138717@1777921415.710542260
0.0.479120,2458.914504180167,SUCCESS,0.0.731861,0.0.3964827&0.0.4129330,0.0.4138717@1777921413.086085866
0.0.7486751,0.431118073596954,SUCCESS,0.0.731861,0.0.3964827,0.0.4138717@1777921414.816747610
0.0.1392115,191.3983042233748,SUCCESS,0.0.731861,0.0.3964827&0.0.4129330,0.0.4138717@1777921418.043639552
0.0.611948,27.56959522155122,SUCCESS,0.0.731861,0.0.3964827,0.0.4138717@1777921416.419878530
0.0.1750137,153.084764426588,SUCCESS,0.0.731861,0.0.3964827,0.0.4138717@1777921419.532944107
0.0.4344919,7.162625042562756,SUCCESS,0.0.731861,0.0.3964827,0.0.4138717@1777921415.572039013
0.0.835079,111.2123623649043,SUCCESS,0.0.731861,0.0.3964827,0.0.4138717@1777921417.280416505
0.0.1087560,97.07946610504024,SUCCESS,0.0.731861,0.0.3964827&0.0.3964855,0.0.4138717@1777921419.472701099
0.0.5239780,223.2659301450363,SUCCESS,0.0.731861,0.0.3964827,0.0.4138717@1777921418.151515795
0.0.5447658,0.4592235168257591,SUCCESS,0.0.731861,0.0.3964827,0.0.4138717@1777921421.587527146
0.0.849606,164.3116802624231,SUCCESS,0.0.731861,0.0.3964827&0.0.6071119,0.0.4138717@1777921420.613484066
0.0.4338721,0.6542275010936958,SUCCESS,0.0.731861,0.0.3964834&0.0.3964840,0.0.4138717@1777921418.648704654
0.0.658363,4801.076972710082,SUCCESS,0.0.731861,0.0.3964837&0.0.3964840,0.0.4138717@1777921422.530630168
0.0.4543305,2855.926515156802,SUCCESS,0.0.731861,0.0.3964837,0.0.4138717@1777921419.930890576
0.0.2799604,1775.837795988176,SUCCESS,0.0.731861,0.0.3964837,0.0.4138717@1777921419.677691266
0.0.790151,205.1127747180822,SUCCESS,0.0.731861,0.0.3964837,0.0.4138717@1777921420.348890233
0.0.1020586,996.7643506406109,SUCCESS,0.0.731861,0.0.3964837&0.0.4601632&0.0.5328590,0.0.4138717@1777921424.945298569
0.0.6018293,33.70193149988943,SUCCESS,0.0.731861,0.0.3964837,0.0.4138717@1777921422.182382950
0.0.850401,104.1769141183298,SUCCESS,0.0.731861,0.0.3964837,0.0.4138717@1777921426.052340719
0.0.913172,43.65977026898417,SUCCESS,0.0.731861,0.0.3964837,0.0.4138717@1777921423.233317276
0.0.859023,0.007643638776681829,SUCCESS,0.0.731861,0.0.3964837,0.0.4138717@1777921423.631056367
0.0.1423973,2.02325130599568e-8,SUCCESS,0.0.731861,0.0.3964855,0.0.4138717@1777921427.002971548
0.0.4861302,16.7661227965216,SUCCESS,0.0.731861,0.0.3964855&0.0.4601632,0.0.4138717@1777921426.351154950
0.0.1008009,32.51853993713137,SUCCESS,0.0.731861,0.0.3964855&0.0.4601632&0.0.5328590,0.0.4138717@1777921427.502892544
0.0.1054756,2196.750717432153,SUCCESS,0.0.731861,0.0.3964855,0.0.4138717@1777921428.115479859
0.0.1228872,1.185626193420122,SUCCESS,0.0.731861,0.0.3964855,0.0.4138717@1777921426.869942183
0.0.5377617,158.9499929820527,SUCCESS,0.0.731861,0.0.3964855,0.0.4138717@1777921430.381100045
0.0.868627,763.4531901516546,SUCCESS,0.0.731861,0.0.3964860,0.0.4138717@1777921430.105101339
0.0.9738472,0.06256060697969644,SUCCESS,0.0.731861,0.0.3964860,0.0.4138717@1777921427.900116801
0.0.9451478,0.003367621523211792,SUCCESS,0.0.731861,0.0.3964860,0.0.4138717@1777921431.498374660
0.0.9947585,6.864010120504227,SUCCESS,0.0.731861,0.0.3964860,0.0.4138717@1777921430.769451838
0.0.9371968,0.0006103986579432136,SUCCESS,0.0.731861,0.0.3964860,0.0.4138717@1777921431.861840199
0.0.9692993,0.05666479782435613,SUCCESS,0.0.731861,0.0.3964860,0.0.4138717@1777921429.583310045
0.0.9375318,0.0003136437808556125,SUCCESS,0.0.731861,0.0.3964860,0.0.4138717@1777921428.398507714
0.0.9377806,0.0003213994103806261,SUCCESS,0.0.731861,0.0.3964860,0.0.4138717@1777921430.884339824
0.0.9377965,0.0006364591038634224,SUCCESS,0.0.731861,0.0.3964860,0.0.4138717@1777921431.406171846
0.0.9377844,0.004978285017013945,SUCCESS,0.0.731861,0.0.3964860,0.0.4138717@1777921430.787737881
0.0.9377518,0.0006280911877971264,SUCCESS,0.0.731861,0.0.3964860,0.0.4138717@1777921430.936551897
0.0.9377397,0.0006280401639185219,SUCCESS,0.0.731861,0.0.3964860,0.0.4138717@1777921433.043507801
0.0.9377988,0.005483255586101775,SUCCESS,0.0.731861,0.0.3964860,0.0.4138717@1777921432.198895894
0.0.9379489,0.000006620348229464506,SUCCESS,0.0.731861,0.0.3964860,0.0.4138717@1777921435.953942018
0.0.9384218,0.002329686510353824,SUCCESS,0.0.731861,0.0.3964860,0.0.4138717@1777921433.727495283
0.0.9389956,0.01489889597270133,SUCCESS,0.0.731861,0.0.3964860,0.0.4138717@1777921433.976557804
0.0.9412510,0.006558915479726226,SUCCESS,0.0.731861,0.0.3964860,0.0.4138717@1777921435.970718757
0.0.9428633,0.00005945557436837357,SUCCESS,0.0.731861,0.0.3964860,0.0.4138717@1777921434.660232541
0.0.9428581,0.005396285385277204,SUCCESS,0.0.731861,0.0.3964860,0.0.4138717@1777921433.187621679
0.0.9451180,0.006948981866389076,SUCCESS,0.0.731861,0.0.3964860,0.0.4138717@1777921436.899214748
0.0.9451434,3.087771882585479e-7,SUCCESS,0.0.731861,0.0.3964860,0.0.4138717@1777921435.814146019
0.0.9371874,0.0004655928908912787,SUCCESS,0.0.731861,0.0.3964860,0.0.4138717@1777921439.103863364
0.0.10023494,0.00004058949531010617,SUCCESS,0.0.731861,0.0.3964860,0.0.4138717@1777921437.282138193
0.0.684625,13.20865242986686,SUCCESS,0.0.731861,0.0.3964860,0.0.4138717@1777921437.910335937
0.0.8316,63.54109681863532,SUCCESS,0.0.731861,0.0.3964860&0.0.4601632&0.0.5328590,0.0.4138717@1777921438.661008938
0.0.8257213,12.65747676338834,SUCCESS,0.0.731861,0.0.3964860,0.0.4138717@1777921436.819385640
0.0.9144335,10.51807133746575,SUCCESS,0.0.731861,0.0.3964860,0.0.4138717@1777921438.008201428
0.0.10111308,0.1099496336242647,SUCCESS,0.0.731861,0.0.3964860,0.0.4138717@1777921437.525131983
0.0.10164768,4423.109903420396,SUCCESS,0.0.731861,0.0.3964860,0.0.4138717@1777921440.774093308
0.0.9570073,30.94810925868149,SUCCESS,0.0.731861,0.0.3964860&0.0.5328590&0.0.10414792,0.0.4138717@1777921437.702040867
0.0.509141,15.72975315786875,SUCCESS,0.0.731861,0.0.3964860,0.0.4138717@1777921438.468849902
0.0.4315666,8.51021110530629,SUCCESS,0.0.731861,0.0.3964860,0.0.4138717@1777921442.640897123
0.0.2014278,1012.80697214621,SUCCESS,0.0.731861,0.0.3964860,0.0.4138717@1777921442.522778195
0.0.5734968,21.07053283644002,SUCCESS,0.0.731861,0.0.3964860,0.0.4138717@1777921440.677768309
0.0.4614528,21.04650116402007,SUCCESS,0.0.731861,0.0.3964860&0.0.5328590,0.0.4138717@1777921441.465319720
0.0.1483886,6219.659398441285,SUCCESS,0.0.731861,0.0.3964860&0.0.10418141,0.0.4138717@1777921441.938279549
0.0.9129985,0.7506803276484246,SUCCESS,0.0.731861,0.0.3964840,0.0.4138717@1777921442.397003814
0.0.1334138,0.05470594443468635,SUCCESS,0.0.731861,0.0.3964840,0.0.4138717@1777921443.268436907
0.0.834663,608.0667022017135,SUCCESS,0.0.731861,0.0.3964840,0.0.4138717@1777921446.199042914
0.0.4154537,1675.739116537636,SUCCESS,0.0.731861,0.0.3964840,0.0.4138717@1777921445.280055296
0.0.892416,264.0608257319461,SUCCESS,0.0.731861,0.0.3964840,0.0.4138717@1777921446.099285993
0.0.1673765,21.56698251766449,SUCCESS,0.0.731861,0.0.3964840,0.0.4138717@1777921446.650288975
0.0.10191831,1.405548242798484,SUCCESS,0.0.731861,0.0.3964840,0.0.4138717@1777921445.639302570
0.0.4904605,215.3371932735508,SUCCESS,0.0.731861,0.0.3964840,0.0.4138717@1777921448.814284427
0.0.8410631,0.2494862195418618,SUCCESS,0.0.731861,0.0.4129330&0.0.4601632,0.0.4138717@1777921446.119792615
0.0.839840,13.7062037052727,SUCCESS,0.0.731861,0.0.4129330&0.0.4601632&0.0.5328590,0.0.4138717@1777921450.781758640
0.0.4754452,0.09720483410418199,SUCCESS,0.0.731861,0.0.4129330,0.0.4138717@1777921450.658510302
0.0.4625345,2.514057119167454,SUCCESS,0.0.731861,0.0.4129330,0.0.4138717@1777921450.490728507
0.0.5060063,64.3641849151976,SUCCESS,0.0.731861,0.0.4129330&0.0.4601632&0.0.5328590,0.0.4138717@1777921447.093131195
0.0.2960424,0.07549057496558696,SUCCESS,0.0.731861,0.0.4129330,0.0.4138717@1777921448.450258885
0.0.261557,0.3844863045426677,SUCCESS,0.0.731861,0.0.4129330,0.0.4138717@1777921450.512629297
0.0.4718583,0.001557962632307192,SUCCESS,0.0.731861,0.0.4129330,0.0.4138717@1777921450.572334762
0.0.4606843,0.02386510268831015,SUCCESS,0.0.731861,0.0.4129330&0.0.4601632,0.0.4138717@1777921449.855209106
0.0.795325,0.1032599934159803,SUCCESS,0.0.731861,0.0.4129330,0.0.4138717@1777921451.019294789
0.0.3293439,1.727369289971338,SUCCESS,0.0.731861,0.0.4129330,0.0.4138717@1777921454.213981785
0.0.856304,0.004827247890043337,SUCCESS,0.0.731861,0.0.4129330,0.0.4138717@1777921453.189838996
0.0.972955,3.214020615497055e-9,SUCCESS,0.0.731861,0.0.4129330,0.0.4138717@1777921451.742364453
0.0.1074067,16.51220752539261,SUCCESS,0.0.731861,0.0.4601632,0.0.4138717@1777921453.153379143
0.0.1278461,22.56104802193907,SUCCESS,0.0.731861,0.0.4601632,0.0.4138717@1777921452.893770021
0.0.7482624,7.541113877958381,NOT_ASSOCIATED,0.0.731861,0.0.4601632,
0.0.821010,19.38479724205586,SUCCESS,0.0.731861,0.0.4601632,0.0.4138717@1777921453.453418404
0.0.3273852,32.25130857107683,SUCCESS,0.0.731861,0.0.4601632,0.0.4138717@1777921454.491065846
0.0.9386020,3512.673528328186,SUCCESS,0.0.731861,0.0.4601632,0.0.4138717@1777921455.486149511
0.0.864984,131.3142684558982,SUCCESS,0.0.731861,0.0.4601632,0.0.4138717@1777921456.665993883
0.0.8431266,3.179673665713758,SUCCESS,0.0.731861,0.0.4601632,0.0.4138717@1777921454.846055986
0.0.4414004,451.2008768214507,NOT_ASSOCIATED,0.0.731861,0.0.4601632,
0.0.227955,0.1121626435130879,SUCCESS,0.0.731861,0.0.4601632,0.0.4138717@1777921458.759434633
0.0.1217090,772.1532327923284,SUCCESS,0.0.731861,0.0.4601632,0.0.4138717@1777921454.546802178
0.0.9210897,19.26954268259776,SUCCESS,0.0.731861,0.0.4601632,0.0.4138717@1777921459.476269817
0.0.9745450,33.34126494475021,SUCCESS,0.0.731861,0.0.4601632,0.0.4138717@1777921455.535160255
0.0.8831938,16.45112480029294,SUCCESS,0.0.731861,0.0.4601632,0.0.4138717@1777921455.642767025
0.0.10045691,66.0324398273419,SUCCESS,0.0.731861,0.0.4601632,0.0.4138717@1777921457.788464375
0.0.4367704,0.0007872635745626544,SUCCESS,0.0.731861,0.0.4601632,0.0.4138717@1777921456.979038550
0.0.1111312,16.1911877582444,SUCCESS,0.0.731861,0.0.4601632,0.0.4138717@1777921458.002877129
0.0.3932850,115.4535389161697,SUCCESS,0.0.731861,0.0.4601632,0.0.4138717@1777921458.562332059
0.0.4753601,1.823097037313431,SUCCESS,0.0.731861,0.0.4601632,0.0.4138717@1777921460.298818281
0.0.6049415,0.0002392733511853641,SUCCESS,0.0.731861,0.0.4601632,0.0.4138717@1777921459.320171799
0.0.877043,19.89952625624159,SUCCESS,0.0.731861,0.0.4601632,0.0.4138717@1777921462.136952150
0.0.1287040,5.522622296383423,SUCCESS,0.0.731861,0.0.4601632,0.0.4138717@1777921460.324867566
0.0.4797402,0.0020802471897267,SUCCESS,0.0.731861,0.0.4601632,0.0.4138717@1777921460.663647797
0.0.851606,0.000610925835988486,SUCCESS,0.0.731861,0.0.4601632,0.0.4138717@1777921460.194702100
0.0.4559156,0.06548338371823233,SUCCESS,0.0.731861,0.0.4601632,0.0.4138717@1777921464.815702132
0.0.3161895,0.7775281331979037,SUCCESS,0.0.731861,0.0.4601632,0.0.4138717@1777921465.652515334
0.0.731707,0.147174450497621,SUCCESS,0.0.731861,0.0.4601632,0.0.4138717@1777921463.655805956
0.0.1518521,1.964688304041734,SUCCESS,0.0.731861,0.0.4601632,0.0.4138717@1777921464.549727297
0.0.860846,0.009247886779518887,SUCCESS,0.0.731861,0.0.4601632,0.0.4138717@1777921466.894117968
0.0.3705687,0.001360689937847716,SUCCESS,0.0.731861,0.0.4601632,0.0.4138717@1777921465.402401032
0.0.1860200,0.006475834696790805,SUCCESS,0.0.731861,0.0.4601632,0.0.4138717@1777921463.570392430
0.0.2114355,0.0001909566899227174,SUCCESS,0.0.731861,0.0.4601632,0.0.4138717@1777921463.670764310
0.0.7288906,9.85983818900933,NOT_ASSOCIATED,0.0.731861,0.0.4601632,
0.0.837339,7.461069254732352,SUCCESS,0.0.731861,0.0.4601632,0.0.4138717@1777921468.947860440
0.0.5002435,2.318511651102121,SUCCESS,0.0.731861,0.0.4601632,0.0.4138717@1777921468.712219133
0.0.2999419,0.06291484962883814,SUCCESS,0.0.731861,0.0.4601632,0.0.4138717@1777921466.295111366
0.0.707819,3.01943270684124,SUCCESS,0.0.731861,0.0.4601632,0.0.4138717@1777921467.852281053
0.0.816727,17.25296643251497,SUCCESS,0.0.731861,0.0.4601632,0.0.4138717@1777921467.811049168
0.0.175313,0.9463758749406285,SUCCESS,0.0.731861,0.0.4601632,0.0.4138717@1777921470.776222159
0.0.704807,16.53622133792375,SUCCESS,0.0.731861,0.0.4601632,0.0.4138717@1777921470.579229880
0.0.660703,14.48364660048147,SUCCESS,0.0.731861,0.0.4601632,0.0.4138717@1777921471.419329179
0.0.4403472,0.6678018319137259,SUCCESS,0.0.731861,0.0.4601632,0.0.4138717@1777921471.084015856
0.0.853115,0.07342334341241859,SUCCESS,0.0.731861,0.0.4601632,0.0.4138717@1777921471.638526247
0.0.3828466,44.16609773288442,SUCCESS,0.0.731861,0.0.4601632,0.0.4138717@1777921472.264856934
0.0.1997076,201.7357451356895,SUCCESS,0.0.731861,0.0.4601632,0.0.4138717@1777921472.387143084
0.0.912306,1.714527032421179,SUCCESS,0.0.731861,0.0.4601632,0.0.4138717@1777921474.195092397
0.0.4153394,5426.34950795925,SUCCESS,0.0.731861,0.0.4601632&0.0.5328590,0.0.4138717@1777921474.163272551
0.0.1060925,2.983470800224762,SUCCESS,0.0.731861,0.0.4601632,0.0.4138717@1777921472.619706823
0.0.6463609,0.6991007582087985,NOT_ASSOCIATED,0.0.731861,0.0.4601632,
0.0.1337729,31.11883652003416,SUCCESS,0.0.731861,0.0.4601632,0.0.4138717@1777921474.975812638
0.0.4730774,137.9389451291026,SUCCESS,0.0.731861,0.0.4601632,0.0.4138717@1777921475.514624948
0.0.1405765,52.89097936880543,SUCCESS,0.0.731861,0.0.4601632,0.0.4138717@1777921473.046883944
0.0.1460111,0.9513021780229255,SUCCESS,0.0.731861,0.0.4601632,0.0.4138717@1777921476.055703770
0.0.5972520,27.90648215939202,SUCCESS,0.0.731861,0.0.4601632,0.0.4138717@1777921477.602543442
0.0.5255642,1.083153280326529,SUCCESS,0.0.731861,0.0.4601632,0.0.4138717@1777921477.195658707
0.0.7684662,108.5718743735449,SUCCESS,0.0.731861,0.0.4601632&0.0.5328590,0.0.4138717@1777921475.208582177
0.0.9181254,165.0301904653964,SUCCESS,0.0.731861,0.0.4601632,0.0.4138717@1777921474.402345111
0.0.933942,582.6678631521836,SUCCESS,0.0.731861,0.0.4601632,0.0.4138717@1777921474.309607866
0.0.10031150,0.9778166013257117,NOT_ASSOCIATED,0.0.731861,0.0.4601632,
0.0.10031144,34.47126668963618,NOT_ASSOCIATED,0.0.731861,0.0.4601632,
0.0.1075845,11.25211062097219,SUCCESS,0.0.731861,0.0.4601632,0.0.4138717@1777921477.739944832
0.0.3870061,236.517783020149,SUCCESS,0.0.731861,0.0.4601632,0.0.4138717@1777921477.841721619
0.0.7480837,61.69253242426353,SUCCESS,0.0.731861,0.0.4601632,0.0.4138717@1777921480.106358995
0.0.4363256,179.4077901196545,SUCCESS,0.0.731861,0.0.4601632,0.0.4138717@1777921478.502943216
0.0.3158284,6.720989872113504,SUCCESS,0.0.731861,0.0.4601632&0.0.5328590,0.0.4138717@1777921481.780250218
0.0.3917694,73.01908818240693,SUCCESS,0.0.731861,0.0.4601632,0.0.4138717@1777921480.124403551
0.0.1096207,2068.833756442658,SUCCESS,0.0.731861,0.0.4601632,0.0.4138717@1777921479.388157741
0.0.1425168,3689.975645763493,SUCCESS,0.0.731861,0.0.4601632&0.0.5328590,0.0.4138717@1777921480.379966791
0.0.9689618,4227.445279929033,SUCCESS,0.0.731861,0.0.4601632&0.0.6071911,0.0.4138717@1777921482.697352604
0.0.835095,57.92316248880662,SUCCESS,0.0.731861,0.0.4601632,0.0.4138717@1777921479.581161494
0.0.8229616,1108.528939932154,SUCCESS,0.0.731861,0.0.4601632&0.0.6071074,0.0.4138717@1777921481.573491831
0.0.4753969,444.6097001091625,SUCCESS,0.0.731861,0.0.5328590,0.0.4138717@1777921480.916884700
0.0.4753513,66.67629232251609,SUCCESS,0.0.731861,0.0.5328590,0.0.4138717@1777921486.307744208
0.0.1074016,2.077625880109438,SUCCESS,0.0.731861,0.0.5328590,0.0.4138717@1777921485.052852645
0.0.8235369,44.15830431110689,SUCCESS,0.0.731861,0.0.5328590,0.0.4138717@1777921484.610213075
0.0.9168105,559.6949619130417,SUCCESS,0.0.731861,0.0.5328590,0.0.4138717@1777921483.108157655
0.0.1082181,565.8338477410931,SUCCESS,0.0.731861,0.0.5328590,0.0.4138717@1777921484.898420481
0.0.1453734,2087.888534775399,SUCCESS,0.0.731861,0.0.5328590&0.0.6071074&0.0.6078473,0.0.4138717@1777921487.430227140
0.0.604463,0.8482295796224772,SUCCESS,0.0.731861,0.0.5328590,0.0.4138717@1777921483.954958269
0.0.4345750,158.7367732545953,SUCCESS,0.0.731861,0.0.5328590,0.0.4138717@1777921486.273172410
0.0.1067361,524.2596311832168,SUCCESS,0.0.731861,0.0.5328590,0.0.4138717@1777921488.114231045
0.0.4587141,4.017331120880813,SUCCESS,0.0.731861,0.0.5328590,0.0.4138717@1777921486.810086698
0.0.7731260,2.998472072378516,SUCCESS,0.0.731861,0.0.5328590,0.0.4138717@1777921489.715712560
0.0.9151827,0.00790454158305102,NOT_ASSOCIATED,0.0.731861,0.0.5328590,
0.0.2174918,2.13151525604071,NOT_ASSOCIATED,0.0.731861,0.0.5328590,
0.0.3092477,14.60936831773705,SUCCESS,0.0.731861,0.0.5328590,0.0.4138717@1777921489.136455937
0.0.1009100,0.01451118660966795,NOT_ASSOCIATED,0.0.731861,0.0.5328590,
0.0.946745,569.8712246240311,SUCCESS,0.0.731861,0.0.5328590,0.0.4138717@1777921489.755459481
0.0.9641103,79.82472254190539,SUCCESS,0.0.731861,0.0.5328590&0.0.6071119,0.0.4138717@1777921488.584962798
0.0.9364499,0.8482031500829951,SUCCESS,0.0.731861,0.0.5328590,0.0.4138717@1777921488.453065583
0.0.4352091,16.64843606294929,SUCCESS,0.0.731861,0.0.5328590,0.0.4138717@1777921492.212765267
0.0.818068,78.23990017759553,NOT_ASSOCIATED,0.0.731861,0.0.5328590,
0.0.5702106,0.8726807566016237,SUCCESS,0.0.731861,0.0.5328590,0.0.4138717@1777921490.933675445
0.0.5052897,3.141009236817048,SUCCESS,0.0.731861,0.0.5328590,0.0.4138717@1777921492.510573892
0.0.822616,362.6069855386282,SUCCESS,0.0.731861,0.0.5328590,0.0.4138717@1777921494.889417692
0.0.9312249,11.86210556086112,SUCCESS,0.0.731861,0.0.5328590,0.0.4138717@1777921494.068765585
0.0.1027780,2340.976666642811,SUCCESS,0.0.731861,0.0.5328590,0.0.4138717@1777921493.642955048
0.0.10010228,417.1300146731683,SUCCESS,0.0.731861,0.0.5328590,0.0.4138717@1777921494.975142503
0.0.1404223,0.1569970660541302,SUCCESS,0.0.731861,0.0.5328590&0.0.6071041,0.0.4138717@1777921492.833865384
0.0.3288713,234.8284560724224,SUCCESS,0.0.731861,0.0.5328590,0.0.4138717@1777921493.294112644
0.0.4358401,1.313610648901972,SUCCESS,0.0.731861,0.0.5328590,0.0.4138717@1777921496.374616569
0.0.10375094,64.44783150630158,NOT_ASSOCIATED,0.0.731861,0.0.5328590,
0.0.52671,398.268211548556,SUCCESS,0.0.731861,0.0.5328590,0.0.4138717@1777921493.434526510
0.0.4362264,0.5667545240829271,NOT_ASSOCIATED,0.0.731861,0.0.5328590,
0.0.9276478,0.06478378469645084,SUCCESS,0.0.731861,0.0.5328590,0.0.4138717@1777921493.342112977
0.0.1324089,1.786774265957412,SUCCESS,0.0.731861,0.0.5328590&0.0.6071041,0.0.4138717@1777921493.876178237
0.0.9237387,127.4162756967199,SUCCESS,0.0.731861,0.0.5328590,0.0.4138717@1777921497.508603724
0.0.3868695,108.9971410494329,SUCCESS,0.0.731861,0.0.5328590,0.0.4138717@1777921495.460955092
0.0.9588454,8.808558721389199,SUCCESS,0.0.731861,0.0.5328590,0.0.4138717@1777921499.237052994
0.0.5769518,460.9266758489629,SUCCESS,0.0.731861,0.0.5328590,0.0.4138717@1777921499.977689066
0.0.9320918,57.05056826143558,SUCCESS,0.0.731861,0.0.5328590,0.0.4138717@1777921497.651925020
0.0.8267927,19.15685231894059,SUCCESS,0.0.731861,0.0.5328590,0.0.4138717@1777921497.041104709
0.0.9885066,13.45489366596594,SUCCESS,0.0.731861,0.0.5328590,0.0.4138717@1777921497.704894362
0.0.4361068,4.710870191185634,SUCCESS,0.0.731861,0.0.5328590,0.0.4138717@1777921502.538142987
0.0.8113026,0.986759917443204,SUCCESS,0.0.731861,0.0.5328590,0.0.4138717@1777921499.192682227
0.0.806166,73.81735782943474,SUCCESS,0.0.731861,0.0.5328590,0.0.4138717@1777921502.258561722
0.0.10235120,21.73525127122623,SUCCESS,0.0.731861,0.0.5328590,0.0.4138717@1777921504.190126678
0.0.4971932,2.273808006947744,SUCCESS,0.0.731861,0.0.5328590,0.0.4138717@1777921502.893287380
0.0.4343858,72.70424820559941,SUCCESS,0.0.731861,0.0.5328590,0.0.4138717@1777921502.722440563
0.0.10031110,29778.03906726954,NOT_ASSOCIATED,0.0.731861,0.0.5328590,
0.0.10031113,28486.31413671416,NOT_ASSOCIATED,0.0.731861,0.0.5328590,
0.0.9214238,29.99870560837289,SUCCESS,0.0.731861,0.0.5328590,0.0.4138717@1777921505.282374720
0.0.7734907,16.22605771969431,SUCCESS,0.0.731861,0.0.5328590,0.0.4138717@1777921503.675345519
0.0.8041828,238.3735430690357,SUCCESS,0.0.731861,0.0.5328590,0.0.4138717@1777921505.322170923
0.0.9289480,0.4561141647207572,SUCCESS,0.0.731861,0.0.5328590,0.0.4138717@1777921505.657595118
0.0.4362583,0.05473511777116234,SUCCESS,0.0.731861,0.0.5328590,0.0.4138717@1777921507.181531551
0.0.1002430,3321.197252922014,SUCCESS,0.0.731861,0.0.5328590,0.0.4138717@1777921505.445075787
0.0.1105713,38.78017208489518,SUCCESS,0.0.731861,0.0.5328590,0.0.4138717@1777921504.384916710
0.0.9401455,11.57088229934929,SUCCESS,0.0.731861,0.0.5328590,0.0.4138717@1777921504.417379981
0.0.10076636,53.66238582208687,SUCCESS,0.0.731861,0.0.5328590,0.0.4138717@1777921507.955026776
0.0.10091451,91.11647779522416,SUCCESS,0.0.731861,0.0.5328590,0.0.4138717@1777921506.313173909
0.0.10047974,28.6849673243968,SUCCESS,0.0.731861,0.0.5328590,0.0.4138717@1777921506.048639854
0.0.7800894,184.0015317009433,SUCCESS,0.0.731861,0.0.5328590,0.0.4138717@1777921507.203509485
0.0.7841603,32.01357875959393,SUCCESS,0.0.731861,0.0.5328590,0.0.4138717@1777921508.891934057
0.0.7202503,77.95591960603505,SUCCESS,0.0.731861,0.0.5328590,0.0.4138717@1777921512.066737296
0.0.9802061,26.20173381061001,SUCCESS,0.0.731861,0.0.5328590&0.0.6071119,0.0.4138717@1777921508.356243843
0.0.8198184,15.31592135055897,SUCCESS,0.0.731861,0.0.5328590,0.0.4138717@1777921510.990004572
0.0.10421961,3.676840547567441,SUCCESS,0.0.731861,0.0.5328590,0.0.4138717@1777921513.310193950
0.0.851709,288.8227623594654,SUCCESS,0.0.731861,0.0.5328590,0.0.4138717@1777921512.842829866
0.0.4364713,160.5821569427333,SUCCESS,0.0.731861,0.0.5328590,0.0.4138717@1777921513.742271129
0.0.1281501,57.98493273906755,SUCCESS,0.0.731861,0.0.5328590,0.0.4138717@1777921511.769300959
0.0.2174129,104.4818476161871,SUCCESS,0.0.731861,0.0.5328590,0.0.4138717@1777921510.985948962
0.0.540025,4.524486635407056,SUCCESS,0.0.731861,0.0.5328590,0.0.4138717@1777921515.155995770
0.0.4358351,5.236129827911121,SUCCESS,0.0.731861,0.0.5328590,0.0.4138717@1777921515.464484633
0.0.787993,256.5479860548923,SUCCESS,0.0.731861,0.0.5328590,0.0.4138717@1777921513.524049814
0.0.4900897,247.590463026513,SUCCESS,0.0.731861,0.0.5328590,0.0.4138717@1777921515.498789937
0.0.8499794,4.761954690364539,SUCCESS,0.0.731861,0.0.5328590,0.0.4138717@1777921513.765369016
0.0.4839415,1.746101912123586,SUCCESS,0.0.731861,0.0.5328590,0.0.4138717@1777921517.371409668
0.0.6822106,902.538117990238,SUCCESS,0.0.731861,0.0.5328590,0.0.4138717@1777921513.585818044
0.0.696926,22.34190485647568,SUCCESS,0.0.731861,0.0.5328590,0.0.4138717@1777921516.492258686
0.0.6003880,31.31025360474712,SUCCESS,0.0.731861,0.0.5328590,0.0.4138717@1777921517.509263066
0.0.712902,3025.879285933243,SUCCESS,0.0.731861,0.0.5328590,0.0.4138717@1777921516.317374792
0.0.638193,1300.966588438901,SUCCESS,0.0.731861,0.0.5328590,0.0.4138717@1777921520.610618586
0.0.608244,13.90017112571099,SUCCESS,0.0.731861,0.0.5328590,0.0.4138717@1777921520.149465512
0.0.1017499,1226.726752506756,SUCCESS,0.0.731861,0.0.5328590,0.0.4138717@1777921520.719929410
0.0.4356483,136.7037460695151,SUCCESS,0.0.731861,0.0.5328590,0.0.4138717@1777921520.521668285
0.0.599260,17.1184322045895,SUCCESS,0.0.731861,0.0.5328590&0.0.10414792,0.0.4138717@1777921519.976933442
0.0.7523706,538.2546420979328,NOT_ASSOCIATED,0.0.731861,0.0.5328590,
0.0.4348988,1.316909853354102,SUCCESS,0.0.731861,0.0.5328590,0.0.4138717@1777921520.455341000
0.0.1444388,14.08494899207683,SUCCESS,0.0.731861,0.0.5328590,0.0.4138717@1777921522.002895800
0.0.8426856,8.369471982295554,SUCCESS,0.0.731861,0.0.5328590,0.0.4138717@1777921522.093050350
0.0.9214791,10.57242709778771,SUCCESS,0.0.731861,0.0.5328590,0.0.4138717@1777921522.885393765
0.0.1251063,165.0579571126047,SUCCESS,0.0.731861,0.0.5328590,0.0.4138717@1777921523.326432216
0.0.7778674,63.85409025113422,SUCCESS,0.0.731861,0.0.5328590,0.0.4138717@1777921521.404157473
0.0.7326025,0.3847362071112826,SUCCESS,0.0.731861,0.0.5328590&0.0.6071119,0.0.4138717@1777921522.707969613
0.0.7171484,0.7883817652452699,SUCCESS,0.0.731861,0.0.5328590,0.0.4138717@1777921523.055931409
0.0.9093010,0.2197162667604078,SUCCESS,0.0.731861,0.0.5328590,0.0.4138717@1777921522.361979353
0.0.4362489,88.36379044192896,SUCCESS,0.0.731861,0.0.5328590,0.0.4138717@1777921525.185584884
0.0.7562963,147.9564147739006,SUCCESS,0.0.731861,0.0.5328590,0.0.4138717@1777921524.903064085
0.0.1212407,10.14028187960888,SUCCESS,0.0.731861,0.0.5328590,0.0.4138717@1777921526.847010851
0.0.7206642,90.90682828171438,SUCCESS,0.0.731861,0.0.5328590,0.0.4138717@1777921527.773742400
0.0.8128261,0.01320004613850293,SUCCESS,0.0.731861,0.0.5328590,0.0.4138717@1777921524.437631247
0.0.1462131,0.01103924056999139,SUCCESS,0.0.731861,0.0.6071041,0.0.4138717@1777921527.585914785
0.0.2328171,2848.885781057074,NOT_ASSOCIATED,0.0.731861,0.0.6071041,
0.0.5500943,1.650663966761373,SUCCESS,0.0.731861,0.0.6071041,0.0.4138717@1777921526.107690930
0.0.9125858,204802.9568555387,SUCCESS,0.0.731861,0.0.6071041&0.0.6071119&0.0.6126395&0.0.8315114&0.0.9774523&0.0.10018365&0.0.10092996&0.0.10093026,0.0.4138717@1777921527.274709800
0.0.896352,1.581174700007779,SUCCESS,0.0.731861,0.0.6071041,0.0.4138717@1777921525.964449225
0.0.6442946,0.5242556122693163,SUCCESS,0.0.731861,0.0.6071074,0.0.4138717@1777921529.666499235
0.0.2174967,56.90577855988309,SUCCESS,0.0.731861,0.0.6071119,0.0.4138717@1777921528.729062560
0.0.10031183,140.6627671405935,NOT_ASSOCIATED,0.0.731861,0.0.6071119,
0.0.10031184,458.8568753277161,NOT_ASSOCIATED,0.0.731861,0.0.6071119,
0.0.4041275,254.1702256731096,SUCCESS,0.0.731861,0.0.6071119,0.0.4138717@1777921530.710602547
0.0.8009707,0.03000058598559494,SUCCESS,0.0.731861,0.0.6071119,0.0.4138717@1777921531.912555791
0.0.833139,5.77291208186531,SUCCESS,0.0.731861,0.0.6071119,0.0.4138717@1777921529.136965972
0.0.9119461,0.0008426185815377106,SUCCESS,0.0.731861,0.0.6071119&0.0.8315114,0.0.4138717@1777921533.096835993
0.0.6892983,409.1652645693968,SUCCESS,0.0.731861,0.0.6071119,0.0.4138717@1777921531.750405221
0.0.2137399,8.728822689344941,SUCCESS,0.0.731861,0.0.6071119,0.0.4138717@1777921529.584267852
0.0.5030626,1.241597816827843,SUCCESS,0.0.731861,0.0.6071119,0.0.4138717@1777921530.716457152
0.0.859879,2612.644573942353,SUCCESS,0.0.731861,0.0.6071119,0.0.4138717@1777921534.829708300
0.0.5740497,1136.515842775996,SUCCESS,0.0.731861,0.0.6071119,0.0.4138717@1777921534.195804821
0.0.5729027,5.73068945785685,SUCCESS,0.0.731861,0.0.6071119,0.0.4138717@1777921533.217919754
0.0.1666056,11.49034852104315,SUCCESS,0.0.731861,0.0.6071119,0.0.4138717@1777921534.764194974
0.0.820781,13.39792601042044,SUCCESS,0.0.731861,0.0.6071119,0.0.4138717@1777921537.166527169
0.0.9536657,16.51253331089633,SUCCESS,0.0.731861,0.0.6071119,0.0.4138717@1777921537.650498736
0.0.1465466,11.25432511068883,SUCCESS,0.0.731861,0.0.6071119,0.0.4138717@1777921535.800593276
0.0.10178497,1363.160300812217,SUCCESS,0.0.731861,0.0.6071911,0.0.4138717@1777921535.467786389
0.0.3704330,1339.427806693928,SUCCESS,0.0.731861,0.0.6071911,0.0.4138717@1777921536.027734702
0.0.2997555,0.1960325104993917,SUCCESS,0.0.731861,0.0.6078459,0.0.4138717@1777921538.678380235
0.0.7200098,207.0487052753691,SUCCESS,0.0.731861,0.0.6078459,0.0.4138717@1777921536.522671826
0.0.7857493,2983.57295005996,NOT_ASSOCIATED,0.0.731861,0.0.6078459,
0.0.6082528,1973.324401327861,SUCCESS,0.0.731861,0.0.6078459,0.0.4138717@1777921536.292424593
0.0.9471068,18.02131303933331,SUCCESS,0.0.731861,0.0.6078473,0.0.4138717@1777921536.171791265
0.0.8208716,938.443858175522,SUCCESS,0.0.731861,0.0.6078473,0.0.4138717@1777921539.672504289
0.0.4987474,0.0000466910798582037,SUCCESS,0.0.731861,0.0.6126395,0.0.4138717@1777921538.173682165
0.0.972940,0.01458777714722115,SUCCESS,0.0.731861,0.0.6126395,0.0.4138717@1777921539.025286926
0.0.8077069,1021.356999503707,SUCCESS,0.0.731861,0.0.8315114,0.0.4138717@1777921538.028502812
0.0.5679713,0.01813075343944374,SUCCESS,0.0.731861,0.0.8315114,0.0.4138717@1777921543.047961286
0.0.4340961,0.004450205158570569,SUCCESS,0.0.731861,0.0.8315114,0.0.4138717@1777921541.746096578
0.0.4544022,48.2926438032781,NOT_ASSOCIATED,0.0.731861,0.0.8315114,
0.0.1109176,0.01455923913607457,SUCCESS,0.0.731861,0.0.8315114,0.0.4138717@1777921543.111851728
0.0.9695763,2792.273331528497,SUCCESS,0.0.731861,0.0.8315114,0.0.4138717@1777921544.515576832
0.0.10432879,0.004217824389571958,SUCCESS,0.0.731861,0.0.8315114,0.0.4138717@1777921544.193043904
0.0.10267182,0.04717172281592043,NOT_ASSOCIATED,0.0.731861,0.0.8315114,
0.0.10267181,0.3869872781727863,NOT_ASSOCIATED,0.0.731861,0.0.8315114,
0.0.10031155,0.08695346702622976,NOT_ASSOCIATED,0.0.731861,0.0.8315114,
0.0.10031160,26.94209599714006,NOT_ASSOCIATED,0.0.731861,0.0.8315114,
0.0.9940020,0.02980090756998342,SUCCESS,0.0.731861,0.0.8315114,0.0.4138717@1777921545.634427029
0.0.1033719,3.62635882460757,SUCCESS,0.0.731861,0.0.8315114,0.0.4138717@1777921544.748937649
0.0.8192889,162.7407375626518,SUCCESS,0.0.731861,0.0.8315114,0.0.4138717@1777921543.639590119
0.0.8712714,1.124604349923386,SUCCESS,0.0.731861,0.0.8315114,0.0.4138717@1777921547.032282965
0.0.8326917,1.650280143980047,NOT_ASSOCIATED,0.0.731861,0.0.8315114,
0.0.7688939,0.02209945026595284,SUCCESS,0.0.731861,0.0.8315114,0.0.4138717@1777921545.749066682
0.0.3311267,0.002914697912051413,NOT_ASSOCIATED,0.0.731861,0.0.8315114,
0.0.10033160,3.058748260699872e-7,NOT_ASSOCIATED,0.0.731861,0.0.9774523,
0.0.29723,218.9590691913084,SUCCESS,0.0.731861,0.0.10018365,0.0.4138717@1777921544.757455360
0.0.10120444,0.0003063724965158703,NOT_ASSOCIATED,0.0.731861,0.0.10018365,
0.0.10120462,0.01403306711908857,NOT_ASSOCIATED,0.0.731861,0.0.10092996,
0.0.10120460,4.675416184025938,NOT_ASSOCIATED,0.0.731861,0.0.10092996,
0.0.10120438,454.9765147119132,NOT_ASSOCIATED,0.0.731861,0.0.10093026,
0.0.10120424,3157.403012471623,NOT_ASSOCIATED,0.0.731861,0.0.10093026,
0.0.10449777,0.0009407301619067584,NOT_ASSOCIATED,0.0.731861,0.0.10387648,
0.0.10454159,0.000001523042582643419,NOT_ASSOCIATED,0.0.731861,0.0.10387648,
0.0.10382204,10181.47723164222,SUCCESS,0.0.731861,0.0.10387648&0.0.10414792&0.0.10418141,0.0.4138717@1777921548.922240541
0.0.4865794,369.9845457523412,SUCCESS,0.0.731861,0.0.10418141,0.0.4138717@1777921549.053100780
0.0.10204901,0.1397414436837188,SUCCESS,0.0.731861,0.0.10418141,0.0.4138717@1777921549.344046340
0.0.4329215,0.0451960708758682,SUCCESS,hbar,0.0.3951117&0.0.3964804,0.0.4138717@1777921588.157175026
0.0.5702270,3.296665001728251,SUCCESS,hbar,0.0.3951117,0.0.4138717@1777921585.044409997
0.0.639876,0.03702528098836386,SUCCESS,hbar,0.0.3951117,0.0.4138717@1777921586.190628634
0.0.4205604,0.6399770565446254,SUCCESS,hbar,0.0.3951117,0.0.4138717@1777921588.347126564
0.0.1412849,0.000003841415310342412,SUCCESS,hbar,0.0.3951117,0.0.4138717@1777921586.331187207
0.0.1261552,0.2686209010702541,SUCCESS,hbar,0.0.3951117&0.0.3964804,0.0.4138717@1777921586.147803880
0.0.5156210,0.003566187419966818,SUCCESS,hbar,0.0.3951117&0.0.3964804,0.0.4138717@1777921588.720050318
0.0.914261,32.53370095296711,SUCCESS,hbar,0.0.3951117,0.0.4138717@1777921587.975932282
0.0.589629,0.0004732579354424804,SUCCESS,hbar,0.0.3951117,0.0.4138717@1777921587.083220784
0.0.2174139,0.2242156520875414,SUCCESS,hbar,0.0.3951117&0.0.3964804,0.0.4138717@1777921588.845796369
0.0.2960128,0.01791722036508902,SUCCESS,hbar,0.0.3951117,0.0.4138717@1777921589.393756437
0.0.8212757,0.4828913318876384,SUCCESS,hbar,0.0.3951117,0.0.4138717@1777921593.621426906
0.0.7287636,0.4796600837897889,SUCCESS,hbar,0.0.3951117&0.0.3964804,0.0.4138717@1777921590.020716613
0.0.1022050,4.350954030361572,SUCCESS,hbar,0.0.3951117,0.0.4138717@1777921591.327920434
0.0.834820,8.72026037782264,SUCCESS,hbar,0.0.3951117&0.0.3964804,0.0.4138717@1777921592.256888130
0.0.1380352,0.3787688733898431,SUCCESS,hbar,0.0.3951117,0.0.4138717@1777921593.362642035
0.0.731977,13.82307413887232,SUCCESS,hbar,0.0.3951117,0.0.4138717@1777921593.909238487
0.0.7129552,13.2205183887383,SUCCESS,hbar,0.0.3951117,0.0.4138717@1777921591.753957373
0.0.860438,0.4366354852036736,SUCCESS,hbar,0.0.3951117&0.0.3964804,0.0.4138717@1777921591.254709925
0.0.1290358,9.913279983749923,SUCCESS,hbar,0.0.3951117,0.0.4138717@1777921592.899279054
0.0.1023730,0.5715084721895937,SUCCESS,hbar,0.0.3951117,0.0.4138717@1777921595.792936394
0.0.832415,55.46690712543935,SUCCESS,hbar,0.0.3951117,0.0.4138717@1777921596.471839755
0.0.3845966,0.3204189335262705,SUCCESS,hbar,0.0.3951117&0.0.3964804,0.0.4138717@1777921597.459588665
0.0.696790,2.144794654456009,SUCCESS,hbar,0.0.3951117&0.0.3964804,0.0.4138717@1777921596.023158212
0.0.1724832,0.1063936743746272,SUCCESS,hbar,0.0.3951117,0.0.4138717@1777921597.070655069
0.0.2020001,0.4514304914740319,SUCCESS,hbar,0.0.3951117,0.0.4138717@1777921594.862709283
0.0.832624,0.000997064917413822,SUCCESS,hbar,0.0.3951117&0.0.3964804,0.0.4138717@1777921596.337396658
0.0.3947779,128.1816474240007,SUCCESS,hbar,0.0.3951117,0.0.4138717@1777921598.217163977
0.0.1872630,30.23071271984714,SUCCESS,hbar,0.0.3951117,0.0.4138717@1777921600.725690002
0.0.525256,12.57763155278196,SUCCESS,hbar,0.0.3951117,0.0.4138717@1777921601.782876128
0.0.1120388,2.274884052716652,SUCCESS,hbar,0.0.3951117,0.0.4138717@1777921600.822636352
0.0.6198709,1.448540901981175,SUCCESS,hbar,0.0.3951117,0.0.4138717@1777921602.280112871
0.0.2116956,0.2645530651029483,SUCCESS,hbar,0.0.3951117,0.0.4138717@1777921603.678351085
0.0.1904506,0.0001521172099392917,SUCCESS,hbar,0.0.3951117,0.0.4138717@1777921603.535787331
0.0.896788,156.3687896220045,SUCCESS,hbar,0.0.3951117,0.0.4138717@1777921599.672977256
0.0.2773436,89.9022067548995,SUCCESS,hbar,0.0.3951117&0.0.3964804,0.0.4138717@1777921601.952498650
0.0.837404,37.34636089931002,SUCCESS,hbar,0.0.3951117,0.0.4138717@1777921602.141593465
0.0.925802,1.425521387095531,SUCCESS,hbar,0.0.3951117,0.0.4138717@1777921601.785865785
0.0.1458130,0.01051056471693814,SUCCESS,hbar,0.0.3951117,0.0.4138717@1777921604.873543187
0.0.819461,0.09209460840631006,SUCCESS,hbar,0.0.3951117,0.0.4138717@1777921605.525545096
0.0.104926,0.003553551133474104,SUCCESS,hbar,0.0.3951117,0.0.4138717@1777921606.548756062
0.0.1339713,15.75017614813471,SUCCESS,hbar,0.0.3951117,0.0.4138717@1777921603.943142982
0.0.1735540,0.8652236885335005,SUCCESS,hbar,0.0.3951117,0.0.4138717@1777921604.700872267
0.0.4349304,0.003984438871250449,SUCCESS,hbar,0.0.3951117,0.0.4138717@1777921607.757779149
0.0.8085300,0.3042169850867428,SUCCESS,hbar,0.0.3951117&0.0.3964804,0.0.4138717@1777921605.100032626
0.0.4754443,0.5098320199929266,SUCCESS,hbar,0.0.3951117&0.0.3964804,0.0.4138717@1777921606.542347886
0.0.4322065,0.9180590471165867,SUCCESS,hbar,0.0.3951117,0.0.4138717@1777921606.283854988
0.0.1784251,0.01218936270318732,SUCCESS,hbar,0.0.3951117&0.0.3964804,0.0.4138717@1777921609.753984110
0.0.4370057,0.06023152667109757,SUCCESS,hbar,0.0.3951117,0.0.4138717@1777921610.642035012
0.0.10117265,0.223381062298999,SUCCESS,hbar,0.0.3951117,0.0.4138717@1777921609.527209399
0.0.1910285,0.1102186925074217,SUCCESS,hbar,0.0.3951117,0.0.4138717@1777921608.582682363
0.0.8309441,0.1536535143001512,SUCCESS,hbar,0.0.3951117&0.0.3964804,0.0.4138717@1777921612.897759410
0.0.4339712,0.08556691337911113,SUCCESS,hbar,0.0.3951117,0.0.4138717@1777921612.906362612
0.0.1216661,203.6873097528037,SUCCESS,hbar,0.0.3951117,0.0.4138717@1777921611.934526443
0.0.4348824,0.01585065381255205,SUCCESS,hbar,0.0.3951117,0.0.4138717@1777921611.693189324
0.0.1512938,0.0001803523282359546,SUCCESS,hbar,0.0.3951117,0.0.4138717@1777921613.899029331
0.0.3100704,18.21284818789237,SUCCESS,hbar,0.0.3951117&0.0.3964804,0.0.4138717@1777921616.432577790
0.0.4544530,0.2513502740614864,SUCCESS,hbar,0.0.3951117&0.0.3964804,0.0.4138717@1777921617.096823882
0.0.4691881,0.1624770335715281,SUCCESS,hbar,0.0.3951117,0.0.4138717@1777921614.192257582
0.0.1506629,0.1417353172918855,SUCCESS,hbar,0.0.3951117,0.0.4138717@1777921616.981588867
0.0.4858736,0.01084247569123465,SUCCESS,hbar,0.0.3951117,0.0.4138717@1777921617.081801073
0.0.854331,0.0246406042184956,SUCCESS,hbar,0.0.3951117,0.0.4138717@1777921616.572054979
0.0.1438402,0.0934017286731332,SUCCESS,hbar,0.0.3951117,0.0.4138717@1777921617.392211561
0.0.4383878,0.01709219221943375,SUCCESS,hbar,0.0.3951117,0.0.4138717@1777921614.328002231
0.0.4333286,0.05824414415855994,SUCCESS,hbar,0.0.3951117,0.0.4138717@1777921618.262565633
0.0.700741,0.4117584037469298,SUCCESS,hbar,0.0.3951117,0.0.4138717@1777921621.173769444
0.0.1453803,1.100687819912268,SUCCESS,hbar,0.0.3951117&0.0.3964804,0.0.4138717@1777921619.165992082
0.0.1414140,6277.335475665743,SUCCESS,hbar,0.0.3951117,0.0.4138717@1777921618.331494992
0.0.834443,29.23863600319291,SUCCESS,hbar,0.0.3951117,0.0.4138717@1777921619.361859577
0.0.4346579,0.001656541647173298,SUCCESS,hbar,0.0.3951117,0.0.4138717@1777921621.442096492
0.0.5028724,0.001427756003043548,SUCCESS,hbar,0.0.3951117,0.0.4138717@1777921619.773347437
0.0.508876,2.635884589999685,SUCCESS,hbar,0.0.3951117,0.0.4138717@1777921619.333008216
0.0.664329,0.01513707551764826,SUCCESS,hbar,0.0.3951117,0.0.4138717@1777921620.410578466
0.0.1409958,0.07766809002708311,SUCCESS,hbar,0.0.3951117,0.0.4138717@1777921619.015885234
0.0.1075892,0.9820554824722246,SUCCESS,hbar,0.0.3951117,0.0.4138717@1777921624.329046733
0.0.4792831,0.0008259634491916695,SUCCESS,hbar,0.0.3951117,0.0.4138717@1777921623.368034628
0.0.1097257,6.43681375897782,SUCCESS,hbar,0.0.3951117,0.0.4138717@1777921623.735159763
0.0.4338219,1.638954531849477,SUCCESS,hbar,0.0.3951117,0.0.4138717@1777921624.193565351
0.0.4745055,0.001565205863420228,SUCCESS,hbar,0.0.3951117,0.0.4138717@1777921622.514842032
0.0.4350041,0.1706727928493109,SUCCESS,hbar,0.0.3951117,0.0.4138717@1777921626.550684043
0.0.4555391,0.3828570843037516,SUCCESS,hbar,0.0.3951117,0.0.4138717@1777921627.204396722
0.0.9404406,0.008768905816078828,SUCCESS,hbar,0.0.3951117,0.0.4138717@1777921623.990733539
0.0.9302147,1.939293912455831,SUCCESS,hbar,0.0.3951117,0.0.4138717@1777921624.176712651
0.0.10169145,0.0236399461103982,SUCCESS,hbar,0.0.3951117,0.0.4138717@1777921627.107907594
0.0.832852,8.280355027157457,SUCCESS,hbar,0.0.3951117,0.0.4138717@1777921627.911999540
0.0.9359586,0.01118432314142369,SUCCESS,hbar,0.0.3951117,0.0.4138717@1777921627.489490800
0.0.10182354,2.311399229164877,SUCCESS,hbar,0.0.3951117&0.0.3964804,0.0.4138717@1777921629.350657060
0.0.10230141,2.341443075091077,SUCCESS,hbar,0.0.3951117,0.0.4138717@1777921628.918707447
0.0.8373509,4.772813614319926,SUCCESS,hbar,0.0.3951117&0.0.3964804,0.0.4138717@1777921629.186116622
0.0.942605,0.201370889635381,SUCCESS,hbar,0.0.3951117,0.0.4138717@1777921627.137107330
0.0.231224,250.6289101756759,SUCCESS,hbar,0.0.3951117,0.0.4138717@1777921630.979953647
0.0.9299646,1.001648237540741,SUCCESS,hbar,0.0.3951117,0.0.4138717@1777921631.175166653
0.0.4432398,0.09377236327547603,SUCCESS,hbar,0.0.3951117,0.0.4138717@1777921629.092541834
0.0.1758196,0.1742729896352027,SUCCESS,hbar,0.0.3951117,0.0.4138717@1777921632.449232047
0.0.10352676,0.2182622779801745,SUCCESS,hbar,0.0.3951117,0.0.4138717@1777921633.829789042
0.0.850481,19.23242041352848,SUCCESS,hbar,0.0.3951117,0.0.4138717@1777921634.479306442
0.0.1515633,0.7635210429735376,SUCCESS,hbar,0.0.3951117,0.0.4138717@1777921633.144379677
0.0.10301803,0.06496634379309363,SUCCESS,hbar,0.0.3951117,0.0.4138717@1777921635.933957994
0.0.9273872,0.003293059871638108,SUCCESS,hbar,0.0.3951117,0.0.4138717@1777921634.453427619
0.0.1120575,36.6273949164608,SUCCESS,hbar,0.0.3951117&0.0.3964804,0.0.4138717@1777921638.178069880
0.0.1157855,0.173965062120971,SUCCESS,hbar,0.0.3951117,0.0.4138717@1777921637.426922471
0.0.9958383,0.01271672269794123,SUCCESS,hbar,0.0.3951117,0.0.4138717@1777921637.204587867
0.0.4570964,2.044603710329469,SUCCESS,hbar,0.0.3951117,0.0.4138717@1777921635.793857572
0.0.9723151,0.000841676390060066,SUCCESS,hbar,0.0.3951117,0.0.4138717@1777921635.794987834
0.0.4329703,0.1935968491707546,SUCCESS,hbar,0.0.3951117,0.0.4138717@1777921638.509089940
0.0.10031117,39.71546144263318,SUCCESS,hbar,0.0.3951117,0.0.4138717@1777921637.216858355
0.0.9755401,0.003145636839051969,SUCCESS,hbar,0.0.3951117,0.0.4138717@1777921641.146926024
0.0.9344085,1.673269992607429,SUCCESS,hbar,0.0.3951117,0.0.4138717@1777921640.568798924
0.0.10031118,26.67520914670173,SUCCESS,hbar,0.0.3951117,0.0.4138717@1777921638.439525918
0.0.9626972,0.1086577257896974,SUCCESS,hbar,0.0.3951117,0.0.4138717@1777921639.531720995
0.0.7810768,0.07706107874419675,SUCCESS,hbar,0.0.3951117,0.0.4138717@1777921642.100597653
0.0.7542917,0.04085771293893286,SUCCESS,hbar,0.0.3951117,0.0.4138717@1777921641.856858725
0.0.10021410,0.01601747189015994,SUCCESS,hbar,0.0.3951117,0.0.4138717@1777921643.663991970
0.0.1115297,0.217158923533605,SUCCESS,hbar,0.0.3951117,0.0.4138717@1777921644.531871373
0.0.8585089,22.47642796172611,SUCCESS,hbar,0.0.3951117,0.0.4138717@1777921645.737499235
0.0.650437,0.1227836573869715,SUCCESS,hbar,0.0.3951117,0.0.4138717@1777921642.391313001
0.0.10076247,0.2027155041205123,SUCCESS,hbar,0.0.3951117,0.0.4138717@1777921646.471782819
0.0.1340164,8.725846247735339,SUCCESS,hbar,0.0.3951117,0.0.4138717@1777921645.624642737
0.0.735239,0.00001997289182688043,SUCCESS,hbar,0.0.3951117,0.0.4138717@1777921646.162756008
0.0.1110198,3.191594125921488,SUCCESS,hbar,0.0.3951117,0.0.4138717@1777921647.955819969
0.0.1464418,1.593084420085166,SUCCESS,hbar,0.0.3951117,0.0.4138717@1777921646.258677207
0.0.819005,2.025207707611167,SUCCESS,hbar,0.0.3951117,0.0.4138717@1777921648.766931908
0.0.8071373,0.2931304445379776,SUCCESS,hbar,0.0.3951117,0.0.4138717@1777921647.584856279
0.0.8068996,0.04825549834112238,SUCCESS,hbar,0.0.3951117&0.0.3964804,0.0.4138717@1777921650.062646655
0.0.8049278,0.0192357610533264,SUCCESS,hbar,0.0.3951117,0.0.4138717@1777921646.840171218
0.0.5688804,0.4127452518078087,SUCCESS,hbar,0.0.3951117,0.0.4138717@1777921649.671878569
0.0.8013259,4701.687681743424,SUCCESS,hbar,0.0.3951117,0.0.4138717@1777921651.358344122
0.0.3706536,0.002221293262020062,SUCCESS,hbar,0.0.3951117,0.0.4138717@1777921648.425768251
0.0.7989790,0.008020831888378857,SUCCESS,hbar,0.0.3951117,0.0.4138717@1777921651.611059652
0.0.7555632,0.01933600951511192,SUCCESS,hbar,0.0.3951117,0.0.4138717@1777921650.203375907
0.0.4430933,0.2064579720889246,SUCCESS,hbar,0.0.3951117,0.0.4138717@1777921652.389288220
0.0.1341996,0.01433463051180069,SUCCESS,hbar,0.0.3951117,0.0.4138717@1777921654.010910892
0.0.834595,0.7818326291467348,SUCCESS,hbar,0.0.3951117&0.0.3964804,0.0.4138717@1777921652.411635741
0.0.7726808,0.340614881187269,SUCCESS,hbar,0.0.3951117,0.0.4138717@1777921654.245790851
0.0.1123889,0.4769668990789049,SUCCESS,hbar,0.0.3951117&0.0.3964804,0.0.4138717@1777921652.392765634
0.0.5060163,0.08771180378785344,SUCCESS,hbar,0.0.3951117,0.0.4138717@1777921654.176341260
0.0.7490874,0.3543600660202383,SUCCESS,hbar,0.0.3951117&0.0.3964804,0.0.4138717@1777921657.487306549
0.0.1265153,0.00167994053010415,SUCCESS,hbar,0.0.3951117,0.0.4138717@1777921655.766406467
0.0.6270084,108.9106091947839,SUCCESS,hbar,0.0.3951117&0.0.3964804,0.0.4138717@1777921656.440311011
0.0.1274087,576.8814705091607,SUCCESS,hbar,0.0.3951117,0.0.4138717@1777921654.998341085
0.0.8383256,0.009038436166172023,SUCCESS,hbar,0.0.3951117&0.0.3964804,0.0.4138717@1777921658.891378993
0.0.1368197,0.599599795467493,SUCCESS,hbar,0.0.3951117&0.0.3964804,0.0.4138717@1777921657.540013347
0.0.9202687,20.38283862212322,SUCCESS,hbar,0.0.3951117,0.0.4138717@1777921659.165871922
0.0.1707146,0.2562197583483131,SUCCESS,hbar,0.0.3951117,0.0.4138717@1777921659.151234045
0.0.8419510,0.07361639539366771,SUCCESS,hbar,0.0.3951117,0.0.4138717@1777921660.287437170
0.0.9112426,0.1006755939999724,SUCCESS,hbar,0.0.3951117&0.0.3964804,0.0.4138717@1777921662.149531571
0.0.9099631,0.1588067032336763,SUCCESS,hbar,0.0.3951117,0.0.4138717@1777921662.922900045
0.0.9073081,0.01031557531226542,SUCCESS,hbar,0.0.3951117,0.0.4138717@1777921660.343593384
0.0.8684349,109.4576884501409,SUCCESS,hbar,0.0.3951117,0.0.4138717@1777921662.497830040
0.0.8546442,1.680722475506841,SUCCESS,hbar,0.0.3951117,0.0.4138717@1777921661.320191433
0.0.5126364,4.056181632391204,SUCCESS,hbar,0.0.3951117,0.0.4138717@1777921665.596031263
0.0.4331763,42.2916825967483,SUCCESS,hbar,0.0.3951117,0.0.4138717@1777921662.350086771
0.0.8490555,0.4072731598244647,SUCCESS,hbar,0.0.3951117,0.0.4138717@1777921663.633538463
0.0.5352069,0.1251189803404371,SUCCESS,hbar,0.0.3951117,0.0.4138717@1777921663.878463328
0.0.1374442,4.169143220580739,SUCCESS,hbar,0.0.3951117&0.0.3964804,0.0.4138717@1777921662.543338807
0.0.3943340,0.02801570540993829,SUCCESS,hbar,0.0.3951117,0.0.4138717@1777921664.932301461
0.0.8382774,0.1149023538107124,SUCCESS,hbar,0.0.3951117&0.0.3964804,0.0.4138717@1777921665.208330779
0.0.2137668,8.730279420198926,SUCCESS,hbar,0.0.3951117&0.0.3964804,0.0.4138717@1777921668.252441460
0.0.8260017,0.04628644711162205,SUCCESS,hbar,0.0.3951117&0.0.3964804,0.0.4138717@1777921663.825159480
0.0.4766933,20.04107609708092,SUCCESS,hbar,0.0.3951117,0.0.4138717@1777921669.199300942
0.0.7138336,0.01510193968796963,SUCCESS,hbar,0.0.3951117,0.0.4138717@1777921665.485624247
0.0.1340928,18.52673695794243,SUCCESS,hbar,0.0.3951117,0.0.4138717@1777921666.807152172
0.0.7479340,1.048064950772969,SUCCESS,hbar,0.0.3951117&0.0.3964804,0.0.4138717@1777921667.340246608
0.0.844585,9.126045732291537,SUCCESS,hbar,0.0.3951117&0.0.3964804,0.0.4138717@1777921671.075250533
0.0.5078033,2.259406261275009,SUCCESS,hbar,0.0.3951117,0.0.4138717@1777921670.640594853
0.0.4229805,0.6247691289355363,SUCCESS,hbar,0.0.3951117,0.0.4138717@1777921671.395800364
0.0.4351536,1.145967223496787,SUCCESS,hbar,0.0.3951117,0.0.4138717@1777921667.674827832
0.0.1726157,4.302782884827893,SUCCESS,hbar,0.0.3951117&0.0.3964804,0.0.4138717@1777921669.492095761
0.0.4551977,0.1079552239392291,SUCCESS,hbar,0.0.3951117,0.0.4138717@1777921671.882923756
0.0.9318600,121.9935327656079,SUCCESS,hbar,0.0.3951117,0.0.4138717@1777921672.802809732
0.0.2183535,12.60585635063448,SUCCESS,hbar,0.0.3951117,0.0.4138717@1777921674.734500764
0.0.1110477,10.9722227503442,SUCCESS,hbar,0.0.3951117,0.0.4138717@1777921670.847604797
0.0.1490591,15.07129772639674,SUCCESS,hbar,0.0.3951117&0.0.3964804,0.0.4138717@1777921674.441465205
0.0.9301583,33.93940368778911,SUCCESS,hbar,0.0.3951117,0.0.4138717@1777921675.650302329
0.0.1023917,3.357720904913921,SUCCESS,hbar,0.0.3951117&0.0.3964804,0.0.4138717@1777921673.801746465
0.0.1506598,1.867241283520202,SUCCESS,hbar,0.0.3951117,0.0.4138717@1777921674.854543771
0.0.6872459,288.0989169392277,SUCCESS,hbar,0.0.3951117,0.0.4138717@1777921676.340619667
0.0.4559340,0.1308046652100461,SUCCESS,hbar,0.0.3951117,0.0.4138717@1777921675.270602509
0.0.7798148,3.089969167380702,SUCCESS,hbar,0.0.3951117,0.0.4138717@1777921676.358525176
0.0.9619890,8.211452315790764,SUCCESS,hbar,0.0.3951117&0.0.3964804,0.0.4138717@1777921677.596847520
0.0.4923080,0.1730838044695348,SUCCESS,hbar,0.0.3951117,0.0.4138717@1777921675.059277408
0.0.3242760,24.98108705426652,SUCCESS,hbar,0.0.3951117&0.0.3964804,0.0.4138717@1777921677.067283221
0.0.7680254,1.179904096512182,SUCCESS,hbar,0.0.3951117&0.0.3964804,0.0.4138717@1777921677.989851345
0.0.5797983,0.1447286847656623,SUCCESS,hbar,0.0.3951117&0.0.3964804,0.0.4138717@1777921677.700185165
0.0.850535,144.1442570214668,SUCCESS,hbar,0.0.3951117,0.0.4138717@1777921676.353197368
0.0.9597272,1.049664458416138,SUCCESS,hbar,0.0.3951117,0.0.4138717@1777921677.015191738
0.0.6244791,1.308277730349386,SUCCESS,hbar,0.0.3951117,0.0.4138717@1777921681.498654971
0.0.6313910,128.8013026454038,SUCCESS,hbar,0.0.3951117&0.0.3964804,0.0.4138717@1777921680.027939828
0.0.6289117,7.829796902028251,SUCCESS,hbar,0.0.3951117&0.0.3964804,0.0.4138717@1777921677.955031662
0.0.7843482,1.152739347311511,SUCCESS,hbar,0.0.3951117&0.0.3964804,0.0.4138717@1777921682.005966056
0.0.6440477,0.5352528109897245,SUCCESS,hbar,0.0.3951117&0.0.3964804,0.0.4138717@1777921680.669504829
0.0.874760,26.23246955225246,SUCCESS,hbar,0.0.3951117&0.0.3964804,0.0.4138717@1777921682.154678836
0.0.2994397,1.513056337154217,SUCCESS,hbar,0.0.3951117,0.0.4138717@1777921680.064405187
0.0.4345324,0.1352606689408249,SUCCESS,hbar,0.0.3951117,0.0.4138717@1777921684.611077007
0.0.4702708,0.1578405072821107,SUCCESS,hbar,0.0.3951117,0.0.4138717@1777921681.315799704
0.0.9154738,1.166772140139167,SUCCESS,hbar,0.0.3951117&0.0.3964804,0.0.4138717@1777921685.213162353
0.0.6026305,0.2363906550052959,SUCCESS,hbar,0.0.3951117,0.0.4138717@1777921685.256850157
0.0.6781119,2.065010365213159,SUCCESS,hbar,0.0.3951117&0.0.3964804,0.0.4138717@1777921685.546082814
0.0.7262531,0.0144044062752228,SUCCESS,hbar,0.0.3951117&0.0.3964804,0.0.4138717@1777921684.264546828
0.0.9150357,4.437043642337552,SUCCESS,hbar,0.0.3951117,0.0.4138717@1777921685.996486422
0.0.3310398,0.1640181738106128,SUCCESS,hbar,0.0.3951117&0.0.3964804,0.0.4138717@1777921687.776807862
0.0.6258771,3.290188569197594,SUCCESS,hbar,0.0.3951117,0.0.4138717@1777921684.196745829
0.0.1379217,4.104639188661371,SUCCESS,hbar,0.0.3951117,0.0.4138717@1777921686.881688066
0.0.8899262,2.82426271381962,SUCCESS,hbar,0.0.3951117,0.0.4138717@1777921687.792391666
0.0.8190429,1.120183922387418,SUCCESS,hbar,0.0.3951117,0.0.4138717@1777921687.236177149
0.0.4912200,83.23093491347674,SUCCESS,hbar,0.0.3951117&0.0.3964804,0.0.4138717@1777921688.872032664
0.0.7526203,1.125688839346303,SUCCESS,hbar,0.0.3951117&0.0.3964804,0.0.4138717@1777921691.358720476
0.0.4342759,24.58721190619764,SUCCESS,hbar,0.0.3951117,0.0.4138717@1777921689.194740698
0.0.1691323,17.244822878034,SUCCESS,hbar,0.0.3951117&0.0.3964804,0.0.4138717@1777921687.832192163
0.0.7889838,4.013043459023577,SUCCESS,hbar,0.0.3951117,0.0.4138717@1777921692.750975596
0.0.8616856,46.45382755641363,SUCCESS,hbar,0.0.3951117&0.0.3964804,0.0.4138717@1777921689.007781661
0.0.2960169,0.721553153920164,SUCCESS,hbar,0.0.3951117,0.0.4138717@1777921688.803765340
0.0.7788937,0.02467168898120145,SUCCESS,hbar,0.0.3951117,0.0.4138717@1777921694.327260581
0.0.4339505,115.1081153971746,SUCCESS,hbar,0.0.3951117&0.0.3964804,0.0.4138717@1777921690.719755363
0.0.8531519,4.281774467077241,SUCCESS,hbar,0.0.3951117,0.0.4138717@1777921695.912472337
0.0.9104463,7.088135871426768,SUCCESS,hbar,0.0.3951117&0.0.3964804,0.0.4138717@1777921693.448314765
0.0.2122027,3.523541861183247,SUCCESS,hbar,0.0.3951117&0.0.3964804,0.0.4138717@1777921695.345346075
0.0.8673695,0.06518683394967047,SUCCESS,hbar,0.0.3951117&0.0.3964804,0.0.4138717@1777921697.133957519
0.0.4531253,0.04703401552136,SUCCESS,hbar,0.0.3951117&0.0.3964804,0.0.4138717@1777921697.176335904
0.0.7891604,8.968314350175001,SUCCESS,hbar,0.0.3951117,0.0.4138717@1777921697.415647681
0.0.657648,63.64754080347645,SUCCESS,hbar,0.0.3951117,0.0.4138717@1777921696.770083354
0.0.1896081,0.07540434995004854,SUCCESS,hbar,0.0.3951117&0.0.3964804,0.0.4138717@1777921695.343416580
0.0.7835270,6.410680575169159,SUCCESS,hbar,0.0.3951117,0.0.4138717@1777921699.084738564
0.0.9200436,0.446111902717781,SUCCESS,hbar,0.0.3951117,0.0.4138717@1777921696.905419625
0.0.4503599,1.539194258935885,SUCCESS,hbar,0.0.3951117,0.0.4138717@1777921696.479193102
0.0.4347838,2.78648890567918,SUCCESS,hbar,0.0.3951117,0.0.4138717@1777921697.755752555
0.0.1877739,0.1222044288041667,SUCCESS,hbar,0.0.3951117,0.0.4138717@1777921699.415994632
0.0.4864609,0.1170464465389342,SUCCESS,hbar,0.0.3951117,0.0.4138717@1777921697.547672786
0.0.598828,0.02486046221980302,SUCCESS,hbar,0.0.3951117&0.0.3964804,0.0.4138717@1777921698.642352382
0.0.795933,2.284813107527864,SUCCESS,hbar,0.0.3951117,0.0.4138717@1777921702.761814653
0.0.4302086,0.1394579157954199,SUCCESS,hbar,0.0.3951117,0.0.4138717@1777921700.504651072
0.0.7991960,2.591409066064339,SUCCESS,hbar,0.0.3951117&0.0.3964804,0.0.4138717@1777921698.865352125
0.0.1601282,0.08659015561331411,SUCCESS,hbar,0.0.3951117,0.0.4138717@1777921704.858299844
0.0.9195929,11.70566120234657,SUCCESS,hbar,0.0.3951117&0.0.3964804,0.0.4138717@1777921700.142266065
0.0.2125030,40.82899180169785,SUCCESS,hbar,0.0.3951117,0.0.4138717@1777921701.641739889
0.0.856667,7.256108966543908,SUCCESS,hbar,0.0.3951117&0.0.3964804,0.0.4138717@1777921702.045099112
0.0.1991961,22.63798734200144,SUCCESS,hbar,0.0.3951117,0.0.4138717@1777921702.465526448
0.0.9120392,0.4793497460456571,SUCCESS,hbar,0.0.3951117&0.0.3964804,0.0.4138717@1777921702.813257607
0.0.8068689,6.03286814956814,SUCCESS,hbar,0.0.3951117&0.0.3964804,0.0.4138717@1777921704.582775817
0.0.1123753,2.133366007953649,SUCCESS,hbar,0.0.3951117&0.0.3964804,0.0.4138717@1777921704.665030524
0.0.5310061,0.8646980264849181,SUCCESS,hbar,0.0.3951117&0.0.3964804,0.0.4138717@1777921703.645766660
0.0.9430013,31.51054972070101,SUCCESS,hbar,0.0.3951117,0.0.4138717@1777921708.665374782
0.0.5117832,71.60963746252344,SUCCESS,hbar,0.0.3951117&0.0.3964804,0.0.4138717@1777921708.490329247
0.0.1462225,1083.888967072939,SUCCESS,hbar,0.0.3951117&0.0.3964804,0.0.4138717@1777921709.342590921
0.0.1711779,0.02293409539145934,SUCCESS,hbar,0.0.3951117,0.0.4138717@1777921708.555846416
0.0.853268,55.41435538872541,SUCCESS,hbar,0.0.3951117,0.0.4138717@1777921706.610662514
0.0.8485588,335.393424795384,SUCCESS,hbar,0.0.3951117,0.0.4138717@1777921708.557717575
0.0.662296,59.00454496277812,SUCCESS,hbar,0.0.3951117,0.0.4138717@1777921708.842378230
0.0.10300628,176.738136042876,SUCCESS,hbar,0.0.3951117,0.0.4138717@1777921707.370830267
0.0.3829916,29.99084915724797,SUCCESS,hbar,0.0.3951117,0.0.4138717@1777921710.133790734
0.0.3525426,6.279931887745504,SUCCESS,hbar,0.0.3951117&0.0.3964804,0.0.4138717@1777921712.083195719
0.0.4354394,12.19507454439585,SUCCESS,hbar,0.0.3951117,0.0.4138717@1777921710.185038873
0.0.1322785,34.34543366584609,SUCCESS,hbar,0.0.3951117,0.0.4138717@1777921709.939166061
0.0.5281334,0.2307690063675579,SUCCESS,hbar,0.0.3951117,0.0.4138717@1777921712.425850016
0.0.5716339,0.001780867055101755,SUCCESS,hbar,0.0.3951117,0.0.4138717@1777921713.845632069
0.0.7920605,0.3105344177652914,SUCCESS,hbar,0.0.3951117,0.0.4138717@1777921710.351851896
0.0.4709377,15.21305389959721,SUCCESS,hbar,0.0.3951117,0.0.4138717@1777921711.076822532
0.0.4695027,0.431871634288006,SUCCESS,hbar,0.0.3951117,0.0.4138717@1777921715.700492149
0.0.139500,8.341501732318031,SUCCESS,hbar,0.0.3951117,0.0.4138717@1777921716.384834385
0.0.4340758,0.6927184680633326,SUCCESS,hbar,0.0.3951117&0.0.3964804,0.0.4138717@1777921713.183542006
0.0.4817549,1.333567420596963,SUCCESS,hbar,0.0.3951117&0.0.3964804,0.0.4138717@1777921716.902233068
0.0.5244199,6.752847227617529,SUCCESS,hbar,0.0.3951117,0.0.4138717@1777921716.807586604
0.0.4938729,1.798891387286775,SUCCESS,hbar,0.0.3951117,0.0.4138717@1777921714.146385424
0.0.4322002,0.5194822628886422,SUCCESS,hbar,0.0.3951117,0.0.4138717@1777921716.859397352
0.0.10088944,0.9417872692263287,SUCCESS,hbar,0.0.3951117&0.0.3964804,0.0.4138717@1777921714.765730617
0.0.4968045,3.378698678533246,SUCCESS,hbar,0.0.3951117,0.0.4138717@1777921715.533907372
0.0.2930231,0.4059856207804869,SUCCESS,hbar,0.0.3951117&0.0.3964804,0.0.4138717@1777921716.433365852
0.0.5118232,0.4938077306970436,SUCCESS,hbar,0.0.3951117&0.0.3964804,0.0.4138717@1777921717.792390875
0.0.4331665,0.2990337842115067,SUCCESS,hbar,0.0.3951117,0.0.4138717@1777921717.477322678
0.0.4433722,0.0171275854964856,SUCCESS,hbar,0.0.3951117,0.0.4138717@1777921721.950566708
0.0.4324445,0.1414549733280013,SUCCESS,hbar,0.0.3951117&0.0.3964804,0.0.4138717@1777921720.309967187
0.0.4321631,5.985610094887704,SUCCESS,hbar,0.0.3951117&0.0.3964804,0.0.4138717@1777921723.140047965
0.0.3925109,0.00001109549460541679,SUCCESS,hbar,0.0.3951117,0.0.4138717@1777921723.122094640
0.0.4582751,0.232200353092498,SUCCESS,hbar,0.0.3951117,0.0.4138717@1777921720.704034410
0.0.4591423,0.01299238278560785,SUCCESS,hbar,0.0.3951117,0.0.4138717@1777921721.832435351
0.0.4324463,0.148498710508103,SUCCESS,hbar,0.0.3951117,0.0.4138717@1777921722.735038828
0.0.3872466,0.03035683028077403,SUCCESS,hbar,0.0.3951117,0.0.4138717@1777921721.727035557
0.0.1266990,0.09786618851250321,SUCCESS,hbar,0.0.3951117,0.0.4138717@1777921725.377153234
0.0.10419614,0.03784252188008584,SUCCESS,hbar,0.0.3951117,0.0.4138717@1777921723.101644450
0.0.5118079,1.570810052518607,SUCCESS,hbar,0.0.3951117&0.0.3964804,0.0.4138717@1777921727.677145435
0.0.1508462,8.17334542514961,SUCCESS,hbar,0.0.3951117,0.0.4138717@1777921724.388418244
0.0.2968839,5.362008734331986,SUCCESS,hbar,0.0.3951117&0.0.3964804,0.0.4138717@1777921726.079111501
0.0.5118190,0.9948467701057607,SUCCESS,hbar,0.0.3951117&0.0.3964804,0.0.4138717@1777921727.893777588
0.0.4575306,0.001072456882292916,SUCCESS,hbar,0.0.3951117,0.0.4138717@1777921727.726469928
0.0.5119346,4.936155762461579,SUCCESS,hbar,0.0.3951117&0.0.3964804,0.0.4138717@1777921727.655531969
0.0.841339,2.28677223129988,SUCCESS,hbar,0.0.3951117,0.0.4138717@1777921730.006513648
0.0.516971,3.7016808662148e-8,SUCCESS,hbar,0.0.3951117,0.0.4138717@1777921729.934371280
0.0.5182107,0.4902752000652509,SUCCESS,hbar,0.0.3951117&0.0.3964804,0.0.4138717@1777921728.193687019
0.0.5202236,0.7190049912011695,SUCCESS,hbar,0.0.3951117,0.0.4138717@1777921730.420150355
0.0.4590627,1.15070477911729,SUCCESS,hbar,0.0.3951117,0.0.4138717@1777921731.136264264
0.0.490092,0.0321703912209735,SUCCESS,hbar,0.0.3951117,0.0.4138717@1777921730.400360287
0.0.4323088,8.67167341055633,SUCCESS,hbar,0.0.3951117&0.0.3964804,0.0.4138717@1777921729.314279156
0.0.4335807,8.086765962985957,SUCCESS,hbar,0.0.3951117,0.0.4138717@1777921731.963346827
0.0.4569835,0.001648791032526159,SUCCESS,hbar,0.0.3951117,0.0.4138717@1777921731.475530209
0.0.4986167,0.2311696529318707,SUCCESS,hbar,0.0.3951117,0.0.4138717@1777921735.113149433
0.0.4329852,26.48005555267314,SUCCESS,hbar,0.0.3951117&0.0.3964804,0.0.4138717@1777921734.516999963
0.0.5975196,0.1947804504205733,SUCCESS,hbar,0.0.3951117,0.0.4138717@1777921733.594528458
0.0.3969243,0.03507753562767815,SUCCESS,hbar,0.0.3951117,0.0.4138717@1777921735.332057743
0.0.4184733,118.481924432642,SUCCESS,hbar,0.0.3951117,0.0.4138717@1777921735.858571937
0.0.3681428,125.5828592348234,SUCCESS,hbar,0.0.3951117&0.0.3964804,0.0.4138717@1777921738.610716941
0.0.835242,0.01066945821498317,SUCCESS,hbar,0.0.3951117,0.0.4138717@1777921735.883853558
0.0.4570908,25.7880389587764,SUCCESS,hbar,0.0.3951117,0.0.4138717@1777921737.262121412
0.0.4758169,0.6502743048723013,SUCCESS,hbar,0.0.3951117,0.0.4138717@1777921734.790512315
0.0.10064213,0.7264532448493085,SUCCESS,hbar,0.0.3951117&0.0.3964804,0.0.4138717@1777921738.243365395
0.0.4318411,6.531899291816391,SUCCESS,hbar,0.0.3951117,0.0.4138717@1777921736.672431552
0.0.1412123,0.393231214737591,SUCCESS,hbar,0.0.3951117&0.0.3964804,0.0.4138717@1777921738.140346312
0.0.4732964,0.1477883782971259,SUCCESS,hbar,0.0.3951117,0.0.4138717@1777921737.110020273
0.0.4558891,4.772773377010209,SUCCESS,hbar,0.0.3951117,0.0.4138717@1777921736.740369673
0.0.52231,4.502361012585959,SUCCESS,hbar,0.0.3951117,0.0.4138717@1777921739.744760761
0.0.4349716,0.6201038237743762,SUCCESS,hbar,0.0.3951117&0.0.3964804,0.0.4138717@1777921739.569578325
0.0.6374996,9.464495394178174,SUCCESS,hbar,0.0.3951117,0.0.4138717@1777921743.646230319
0.0.4330219,0.2090385965368605,SUCCESS,hbar,0.0.3951117,0.0.4138717@1777921742.856949951
0.0.3071320,33.69532188561555,SUCCESS,hbar,0.0.3951117,0.0.4138717@1777921742.163446547
0.0.8341357,0.407156857672794,SUCCESS,hbar,0.0.3951117&0.0.3964804,0.0.4138717@1777921741.205396120
0.0.5976303,0.5052187208849521,SUCCESS,hbar,0.0.3951117&0.0.3964804,0.0.4138717@1777921741.835571461
0.0.4432149,0.394652672574233,SUCCESS,hbar,0.0.3951117,0.0.4138717@1777921743.408184386
0.0.4775299,1.091639893733339,SUCCESS,hbar,0.0.3951117,0.0.4138717@1777921745.895783026
0.0.187153,84.99760641652762,SUCCESS,hbar,0.0.3951117&0.0.3964804,0.0.4138717@1777921745.134312539
0.0.836838,502.2725541741511,SUCCESS,hbar,0.0.3951117,0.0.4138717@1777921747.036663913
0.0.10122546,0.006788593123185203,SUCCESS,hbar,0.0.3951117,0.0.4138717@1777921745.818689421
0.0.10430673,27.95544120190713,SUCCESS,hbar,0.0.3951117&0.0.3964804,0.0.4138717@1777921746.966983505
0.0.4324518,0.6920762977762921,SUCCESS,hbar,0.0.3951117,0.0.4138717@1777921749.398758516
0.0.1988559,0.2021910046622321,SUCCESS,hbar,0.0.3951117&0.0.3964804,0.0.4138717@1777921750.148196157
0.0.3241044,2.598567448919559,SUCCESS,hbar,0.0.3951117,0.0.4138717@1777921749.293140271
0.0.10413601,5.098364525352777,SUCCESS,hbar,0.0.3951117&0.0.3964804,0.0.4138717@1777921752.568883410
0.0.10460982,0.4691686052623449,SUCCESS,hbar,0.0.3951117,0.0.4138717@1777921752.673154502
0.0.1877641,0.7709259440812019,SUCCESS,hbar,0.0.3964804,0.0.4138717@1777921748.729904443
0.0.833050,0.03453119484065863,SUCCESS,hbar,0.0.3964804,0.0.4138717@1777921750.593674871
0.0.835670,0.04016915219521803,SUCCESS,hbar,0.0.3964804,0.0.4138717@1777921753.053983301
0.0.1514634,161.256680493178,SUCCESS,hbar,0.0.3964804,0.0.4138717@1777921753.991128187
0.0.859149,12.87040407729846,SUCCESS,hbar,0.0.3964804,0.0.4138717@1777921752.447678894
0.0.732798,0.0510815379100124,SUCCESS,hbar,0.0.3964804,0.0.4138717@1777921750.267684621
0.0.795838,0.05586928604216364,SUCCESS,hbar,0.0.3964804,0.0.4138717@1777921754.977612549
0.0.5315914,1.715739508666459,SUCCESS,hbar,0.0.3964804,0.0.4138717@1777921752.196697472
0.0.5421455,0.004244636264254377,SUCCESS,hbar,0.0.3964804,0.0.4138717@1777921756.924903050
0.0.1268672,0.01654007727497889,SUCCESS,hbar,0.0.3964804,0.0.4138717@1777921755.181204987
0.0.1313705,0.6889783856051196,SUCCESS,hbar,0.0.3964804,0.0.4138717@1777921757.343857455
0.0.4327294,0.0166847348273307,SUCCESS,hbar,0.0.3964804,0.0.4138717@1777921756.263663314
0.0.728698,0.1415401847615182,SUCCESS,hbar,0.0.3964804,0.0.4138717@1777921756.094237313
0.0.4184148,0.274754095903322,SUCCESS,hbar,0.0.3964804,0.0.4138717@1777921757.752482818
0.0.1402758,0.8625005206136954,SUCCESS,hbar,0.0.3964804,0.0.4138717@1777921759.085535855
0.0.3768895,0.001205153812932819,SUCCESS,hbar,0.0.3964804,0.0.4138717@1777921754.531034800
0.0.1357334,0.1515658025355019,SUCCESS,hbar,0.0.3964804,0.0.4138717@1777921755.984025757
0.0.838198,0.7594925962853333,SUCCESS,hbar,0.0.3964804,0.0.4138717@1777921757.270451927
0.0.1353334,0.0491073392908947,SUCCESS,hbar,0.0.3964804,0.0.4138717@1777921757.912737570
0.0.1097802,1.494628001463326,SUCCESS,hbar,0.0.3964804,0.0.4138717@1777921757.398649178
0.0.2145447,22.67716446841076,SUCCESS,hbar,0.0.3964804,0.0.4138717@1777921762.410659385
0.0.3165925,0.04170881441755763,SUCCESS,hbar,0.0.3964804,0.0.4138717@1777921761.509158227
0.0.859565,12.12889773494705,SUCCESS,hbar,0.0.3964804,0.0.4138717@1777921758.045117126
0.0.4341116,0.8676381786127852,SUCCESS,hbar,0.0.3964804,0.0.4138717@1777921760.452599954
0.0.3291464,0.01379482808979895,SUCCESS,hbar,0.0.3964804,0.0.4138717@1777921760.196724106
0.0.965222,5.656556836659992,SUCCESS,hbar,0.0.3964804,0.0.4138717@1777921762.023524098
0.0.4368518,0.04959736588891391,SUCCESS,hbar,0.0.3964804,0.0.4138717@1777921761.866209477
0.0.1198079,35.80175689485161,SUCCESS,hbar,0.0.3964804,0.0.4138717@1777921762.454561120
0.0.1512214,0.01537158051033535,SUCCESS,hbar,0.0.3964804,0.0.4138717@1777921761.943873182
0.0.4360122,0.1250180661311976,SUCCESS,hbar,0.0.3964804,0.0.4138717@1777921763.221916572
0.0.4337103,0.001426677401290682,SUCCESS,hbar,0.0.3964804,0.0.4138717@1777921763.488123710
0.0.1728462,0.1390909140606128,SUCCESS,hbar,0.0.3964804,0.0.4138717@1777921763.006574089
0.0.1316658,0.2593809895997342,SUCCESS,hbar,0.0.3964804,0.0.4138717@1777921762.940361530
0.0.4350498,0.00002719058766814119,SUCCESS,hbar,0.0.3964804,0.0.4138717@1777921767.512762932
0.0.1088670,0.2695960307008268,SUCCESS,hbar,0.0.3964804,0.0.4138717@1777921764.829936169
0.0.1440806,11.98349313055824,SUCCESS,hbar,0.0.3964804,0.0.4138717@1777921766.664302232
0.0.4333378,0.005233133229644995,SUCCESS,hbar,0.0.3964804,0.0.4138717@1777921766.196865320
0.0.842806,199.0433822886355,SUCCESS,hbar,0.0.3964804,0.0.4138717@1777921767.538774990
0.0.3023498,0.3434972880026494,SUCCESS,hbar,0.0.3964804,0.0.4138717@1777921768.701451134
0.0.4356154,0.04957285420537047,SUCCESS,hbar,0.0.3964804,0.0.4138717@1777921768.445806847
0.0.4345654,49.51458082258881,SUCCESS,hbar,0.0.3964804,0.0.4138717@1777921768.960403209
0.0.4351860,1.103526208798813,SUCCESS,hbar,0.0.3964804,0.0.4138717@1777921768.789459900
0.0.793748,177.7950614803199,SUCCESS,hbar,0.0.3964804,0.0.4138717@1777921768.158084409
0.0.920901,22.27796531102893,SUCCESS,hbar,0.0.3964804,0.0.4138717@1777921772.444126257
0.0.4345412,0.09002491499018894,SUCCESS,hbar,0.0.3964804,0.0.4138717@1777921771.641395931
0.0.4346529,1.777512411071761,SUCCESS,hbar,0.0.3964804,0.0.4138717@1777921771.027880352
0.0.2150506,0.05665800132884525,SUCCESS,hbar,0.0.3964804,0.0.4138717@1777921773.347961200
0.0.3872024,1.72600919568042,SUCCESS,hbar,0.0.3964804,0.0.4138717@1777921770.540583175
0.0.1448131,0.1718343431547975,SUCCESS,hbar,0.0.3964804,0.0.4138717@1777921772.764638637
0.0.1121794,0.1560014570726345,SUCCESS,hbar,0.0.3964804,0.0.4138717@1777921774.945063170
0.0.2101943,0.002005487932519427,SUCCESS,hbar,0.0.3964804,0.0.4138717@1777921771.994947207
0.0.1425322,0.3252717041389775,SUCCESS,hbar,0.0.3964804,0.0.4138717@1777921774.061076811
0.0.1350500,0.3350599856406784,SUCCESS,hbar,0.0.3964804,0.0.4138717@1777921774.809426271
0.0.1088394,0.063547532102528,SUCCESS,hbar,0.0.3964804,0.0.4138717@1777921775.143783786
0.0.1860252,0.08420825482781534,SUCCESS,hbar,0.0.3964804,0.0.4138717@1777921776.030527231
0.0.1104374,50.86141013065149,SUCCESS,hbar,0.0.3964804,0.0.4138717@1777921779.215627419
0.0.5739319,0.8755001243600627,SUCCESS,hbar,0.0.3964804,0.0.4138717@1777921777.692131283
0.0.3945405,0.0004030931436462664,SUCCESS,hbar,0.0.3964804,0.0.4138717@1777921779.740770398
0.0.1703452,0.259135183695452,SUCCESS,hbar,0.0.3964804,0.0.4138717@1777921779.903205646
0.0.1432019,2.246981573233575,SUCCESS,hbar,0.0.3964804,0.0.4138717@1777921779.800788823
0.0.1048940,0.0962463589902362,SUCCESS,hbar,0.0.3964804,0.0.4138717@1777921779.431717104
0.0.4319631,0.0965930856224246,SUCCESS,hbar,0.0.3964804,0.0.4138717@1777921777.665513815
0.0.4535053,1.4628742366247,SUCCESS,hbar,0.0.3964804,0.0.4138717@1777921779.896394880
0.0.837554,4.913143089782118,SUCCESS,hbar,0.0.3964804,0.0.4138717@1777921779.024502862
0.0.835055,0.002269157710484425,SUCCESS,hbar,0.0.3964804,0.0.4138717@1777921779.205872222
0.0.1018824,4.82723139802704,SUCCESS,hbar,0.0.3964804,0.0.4138717@1777921782.962501180
0.0.1088074,9.923398228349448,SUCCESS,hbar,0.0.3964804,0.0.4138717@1777921781.835058064
0.0.4231312,0.2949050090615679,SUCCESS,hbar,0.0.3964804,0.0.4138717@1777921781.864292162
0.0.4356553,0.01790541563560508,SUCCESS,hbar,0.0.3964804,0.0.4138717@1777921785.805262416
0.0.481717,0.1494074252572743,SUCCESS,hbar,0.0.3964804,0.0.4138717@1777921783.391973043
0.0.9317309,0.0004061665421409393,SUCCESS,hbar,0.0.3964804,0.0.4138717@1777921786.159071178
0.0.8629477,0.547872294939197,SUCCESS,hbar,0.0.3964804,0.0.4138717@1777921788.364214070
0.0.10068662,0.03848177709931563,SUCCESS,hbar,0.0.3964804,0.0.4138717@1777921789.435795290
0.0.8213249,30.25236154902226,SUCCESS,hbar,0.0.3964804,0.0.4138717@1777921789.017258422
0.0.7777028,0.5683123580920626,SUCCESS,hbar,0.0.3964804,0.0.4138717@1777921786.841523732
0.0.6460255,3.326719956060082,SUCCESS,hbar,0.0.3964804,0.0.4138717@1777921788.360664319
0.0.831661,2.277019132573623,SUCCESS,hbar,0.0.3964804,0.0.4138717@1777921791.080989908
0.0.3161254,8822.035706492397,SUCCESS,hbar,0.0.3964804,0.0.4138717@1777921792.871050669
0.0.3907868,0.003807001544688901,SUCCESS,hbar,0.0.3964804,0.0.4138717@1777921792.592676197
0.0.1043461,46.84690325111779,SUCCESS,hbar,0.0.3964804,0.0.4138717@1777921792.611702905
0.0.4911466,0.006822256425895401,SUCCESS,hbar,0.0.3964804,0.0.4138717@1777921791.522015452
0.0.7550127,0.1462121862210606,SUCCESS,hbar,0.0.3964804,0.0.4138717@1777921795.170624965
0.0.8443763,9.228945453659517,SUCCESS,hbar,0.0.3964804,0.0.4138717@1777921793.876030359
0.0.5482082,0.5039486745380571,SUCCESS,hbar,0.0.3964804,0.0.4138717@1777921794.631290726
0.0.9695749,2.43209382593472,SUCCESS,hbar,0.0.3964804,0.0.4138717@1777921797.070650771
0.0.2557514,0.8839222850819916,SUCCESS,hbar,0.0.3964804,0.0.4138717@1777921794.207409792
0.0.834767,0.9501857431293723,SUCCESS,hbar,0.0.3964804,0.0.4138717@1777921797.238507097
0.0.9612822,0.1194481691715112,SUCCESS,hbar,0.0.3964804,0.0.4138717@1777921796.905163512
0.0.9174064,5.475699946759907,SUCCESS,hbar,0.0.3964804,0.0.4138717@1777921798.815769474
0.0.6258977,0.1176525514242151,SUCCESS,hbar,0.0.3964804,0.0.4138717@1777921797.894163323
0.0.7164995,3.511840822575352,SUCCESS,hbar,0.0.3964804,0.0.4138717@1777921797.830236408
0.0.10356782,0.5042455363371716,SUCCESS,hbar,0.0.3964804,0.0.4138717@1777921799.288486309
0.0.9796301,0.5210796112416411,SUCCESS,hbar,0.0.3964804,0.0.4138717@1777921801.703292225
0.0.10279551,0.1803001911134528,SUCCESS,hbar,0.0.3964804,0.0.4138717@1777921798.251224541
0.0.10261941,0.8299190721547894,SUCCESS,hbar,0.0.3964804,0.0.4138717@1777921800.184093316
0.0.10242536,1.237887502525128,SUCCESS,hbar,0.0.3964804,0.0.4138717@1777921802.462439033
0.0.3948696,0.06951443844904376,SUCCESS,hbar,0.0.3964804,0.0.4138717@1777921802.666710822
0.0.2030460,10.30901908725673,SUCCESS,hbar,0.0.3964804,0.0.4138717@1777921802.605148267
0.0.10056907,8.813539433137086,SUCCESS,hbar,0.0.3964804,0.0.4138717@1777921802.243298326
0.0.6256886,0.03999841954078098,SUCCESS,hbar,0.0.3964804,0.0.4138717@1777921800.812677239
0.0.946029,0.3929944444392319,SUCCESS,hbar,0.0.3964804,0.0.4138717@1777921803.830457309
0.0.1486871,21.54019086945676,SUCCESS,hbar,0.0.3964804,0.0.4138717@1777921802.524765276
0.0.7607102,0.006625972904219455,SUCCESS,hbar,0.0.3964804,0.0.4138717@1777921803.353544509
0.0.1711144,0.1172898980911801,SUCCESS,hbar,0.0.3964804,0.0.4138717@1777921806.402821681
0.0.10167174,0.1383674059542035,SUCCESS,hbar,0.0.3964804,0.0.4138717@1777921805.052108703
0.0.9690555,0.205777843508052,SUCCESS,hbar,0.0.3964804,0.0.4138717@1777921805.293680870
0.0.10085318,2.178168123764687,SUCCESS,hbar,0.0.3964804,0.0.4138717@1777921807.174592906
0.0.6094118,0.01569495486959237,SUCCESS,hbar,0.0.3964804,0.0.4138717@1777921807.932348661
0.0.4093788,1.330434005934245,SUCCESS,hbar,0.0.3964804,0.0.4138717@1777921809.391114520
0.0.853379,16.68876496463706,SUCCESS,hbar,0.0.3964804,0.0.4138717@1777921809.808932699
0.0.9272301,0.5615787806468613,SUCCESS,hbar,0.0.3964804,0.0.4138717@1777921809.015489808
0.0.9273859,0.05215666674125841,SUCCESS,hbar,0.0.3964804,0.0.4138717@1777921806.462572375
0.0.2149252,0.00005712494245708691,SUCCESS,hbar,0.0.3964804,0.0.4138717@1777921809.602556786
0.0.9150672,0.02327714434673738,SUCCESS,hbar,0.0.3964804,0.0.4138717@1777921808.393399250
0.0.9144684,0.09078206193512695,SUCCESS,hbar,0.0.3964804,0.0.4138717@1777921812.123577071
0.0.3681629,4.505118947188095,SUCCESS,hbar,0.0.3964804,0.0.4138717@1777921808.561876987
0.0.4310363,0.2295514331804177,SUCCESS,hbar,0.0.3964804,0.0.4138717@1777921809.576855990
0.0.9201440,0.04477704309419937,SUCCESS,hbar,0.0.3964804,0.0.4138717@1777921813.787893039
0.0.7993090,5.02530056388911,SUCCESS,hbar,0.0.3964804,0.0.4138717@1777921811.772956996
0.0.4795853,0.55122858645137,SUCCESS,hbar,0.0.3964804,0.0.4138717@1777921811.761192686
0.0.9149385,0.07634604016348949,SUCCESS,hbar,0.0.3964804,0.0.4138717@1777921815.264067763
0.0.5580759,0.0306826514468022,SUCCESS,hbar,0.0.3964804,0.0.4138717@1777921814.351904311
0.0.9104016,0.8081833587565944,SUCCESS,hbar,0.0.3964804,0.0.4138717@1777921813.345049680
0.0.1461428,1.197250562698591,SUCCESS,hbar,0.0.3964804,0.0.4138717@1777921813.790979713
0.0.4154591,3.863460975232255,SUCCESS,hbar,0.0.3964804,0.0.4138717@1777921814.876754747
0.0.1517175,0.6716459660906828,SUCCESS,hbar,0.0.3964804,0.0.4138717@1777921818.239505474
0.0.9226909,0.1912928365492398,SUCCESS,hbar,0.0.3964804,0.0.4138717@1777921817.269987749
0.0.2657839,3.552011800258065,SUCCESS,hbar,0.0.3964804,0.0.4138717@1777921818.688939953
0.0.4250725,0.1362967474874252,SUCCESS,hbar,0.0.3964804,0.0.4138717@1777921817.320622597
0.0.9464371,43.13903220039371,SUCCESS,hbar,0.0.3964804,0.0.4138717@1777921821.525420702
0.0.9477910,4.754254302456983,SUCCESS,hbar,0.0.3964804,0.0.4138717@1777921821.557358790
0.0.1736150,1.42971709838949,SUCCESS,hbar,0.0.3964804,0.0.4138717@1777921822.969047566
0.0.10383503,52.7695257413713,SUCCESS,hbar,0.0.3964804,0.0.4138717@1777921821.723657436
0.0.9405888,0.0104633011924583,SUCCESS,hbar,0.0.3964804,0.0.4138717@1777921822.120872688
0.0.915984,14.37936566871134,SUCCESS,hbar,0.0.3964804,0.0.4138717@1777921824.181309937
0.0.9404882,0.2996489983327753,SUCCESS,hbar,0.0.3964804,0.0.4138717@1777921825.305081663
0.0.9178066,17.96965151761827,SUCCESS,hbar,0.0.3964804,0.0.4138717@1777921822.524870131
0.0.3912896,0.1685709590972596,SUCCESS,hbar,0.0.3964804,0.0.4138717@1777921824.408123394
0.0.966444,2.171847774563588,SUCCESS,hbar,0.0.3964804,0.0.4138717@1777921826.344324778
0.0.4752954,0.2381629883548677,SUCCESS,hbar,0.0.3964804,0.0.4138717@1777921825.845565767
0.0.9303899,1.261629746618789,SUCCESS,hbar,0.0.3964804,0.0.4138717@1777921824.144886027
0.0.2017766,1.088871781563596,SUCCESS,hbar,0.0.3964804,0.0.4138717@1777921825.236398796
0.0.6295630,0.04076776961909385,SUCCESS,hbar,0.0.3964804,0.0.4138717@1777921827.767384673
0.0.7638910,0.04014446985168772,SUCCESS,hbar,0.0.3964804,0.0.4138717@1777921825.362821183
0.0.827132,0.0888004350096734,SUCCESS,hbar,0.0.3964804,0.0.4138717@1777921826.169741219
0.0.4659519,1.472783623378032,SUCCESS,hbar,0.0.3964804,0.0.4138717@1777921829.555899559
0.0.6247418,0.0440201326435869,SUCCESS,hbar,0.0.3964804,0.0.4138717@1777921829.854704819
0.0.6078189,3.238476249453619,SUCCESS,hbar,0.0.3964804,0.0.4138717@1777921830.607914872
0.0.5437974,0.9047104919886307,SUCCESS,hbar,0.0.3964804,0.0.4138717@1777921828.115186109
0.0.6058490,0.02551437856739473,SUCCESS,hbar,0.0.3964804,0.0.4138717@1777921831.419939048
0.0.7610560,0.1348785940572544,SUCCESS,hbar,0.0.3964804,0.0.4138717@1777921830.123725641
0.0.6095958,7.400782186079049,SUCCESS,hbar,0.0.3964804,0.0.4138717@1777921832.836595265
0.0.4899880,0.0595122688098331,SUCCESS,hbar,0.0.3964804,0.0.4138717@1777921833.066917267
0.0.1334605,8.760190565433486,SUCCESS,hbar,0.0.3964804,0.0.4138717@1777921831.485595464
0.0.4799094,0.08510310495514267,SUCCESS,hbar,0.0.3964804,0.0.4138717@1777921830.902852726
0.0.846992,1.083534095514284,SUCCESS,hbar,0.0.3964804,0.0.4138717@1777921832.293831748
0.0.6061106,0.356910153971075,SUCCESS,hbar,0.0.3964804,0.0.4138717@1777921832.362883052
0.0.848151,0.2929616419654406,SUCCESS,hbar,0.0.3964804,0.0.4138717@1777921830.971063036
0.0.1388678,3.953548442561477,SUCCESS,hbar,0.0.3964804,0.0.4138717@1777921832.850775738
0.0.4785387,0.3927991599842892,SUCCESS,hbar,0.0.3964804,0.0.4138717@1777921836.343984029
0.0.4322023,0.462120781457932,SUCCESS,hbar,0.0.3964804,0.0.4138717@1777921835.027174274
0.0.1859919,0.1151822918369129,SUCCESS,hbar,0.0.3964804,0.0.4138717@1777921835.462699838
0.0.6344703,99.38155826980304,SUCCESS,hbar,0.0.3964804,0.0.4138717@1777921836.295326357
0.0.6612734,0.006804768150219357,SUCCESS,hbar,0.0.3964804,0.0.4138717@1777921837.052072201
0.0.1448239,0.04647814721571817,SUCCESS,hbar,0.0.3964804,0.0.4138717@1777921837.444798050
0.0.1233065,0.3072176727183299,SUCCESS,hbar,0.0.3964804,0.0.4138717@1777921839.595284175
0.0.6232417,0.01892665967790978,SUCCESS,hbar,0.0.3964804,0.0.4138717@1777921840.159124506
0.0.6933072,0.4528179896545689,SUCCESS,hbar,0.0.3964804,0.0.4138717@1777921838.379202572
0.0.760653,0.1700332679617069,SUCCESS,hbar,0.0.3964804,0.0.4138717@1777921840.500533603
0.0.4978453,7.565762662164516,SUCCESS,hbar,0.0.3964804,0.0.4138717@1777921841.498104151
0.0.835625,0.02854600449690901,SUCCESS,hbar,0.0.3964804,0.0.4138717@1777921840.066512582
0.0.5060252,0.02071719307221773,SUCCESS,hbar,0.0.3964804,0.0.4138717@1777921842.391846384
0.0.1307915,0.0002576209617550806,SUCCESS,hbar,0.0.3964804,0.0.4138717@1777921841.190841206
0.0.7200618,0.0170853409448976,SUCCESS,hbar,0.0.3964804,0.0.4138717@1777921843.640145429
0.0.6674918,0.01299581956992968,SUCCESS,hbar,0.0.3964804,0.0.4138717@1777921843.720993063
0.0.4360598,0.03421585056161691,SUCCESS,hbar,0.0.3964804,0.0.4138717@1777921844.183493115
0.0.3159220,0.5181306839421067,SUCCESS,hbar,0.0.3964804,0.0.4138717@1777921844.162480787
0.0.2123622,0.1158048486227762,SUCCESS,hbar,0.0.3964804,0.0.4138717@1777921842.433125411
0.0.6324031,0.0006806058442265454,SUCCESS,hbar,0.0.3964804,0.0.4138717@1777921843.210166083
0.0.4595460,0.09781473556126238,SUCCESS,hbar,0.0.3964804,0.0.4138717@1777921845.344201708
0.0.2174952,0.2259208213608428,SUCCESS,hbar,0.0.3964804,0.0.4138717@1777921845.735970739
0.0.1415516,7.248862491351368,SUCCESS,hbar,0.0.3964804,0.0.4138717@1777921844.324028895
0.0.4329551,0.8156577111429115,SUCCESS,hbar,0.0.3964804,0.0.4138717@1777921843.917256283
0.0.5029689,0.9029497515050855,SUCCESS,hbar,0.0.3964804,0.0.4138717@1777921843.685478993
0.0.834666,6.031511639856527,SUCCESS,hbar,0.0.3964804,0.0.4138717@1777921847.595239543
0.0.4323897,0.0119948005901275,SUCCESS,hbar,0.0.3964804,0.0.4138717@1777921847.813967781
0.0.4782567,2.163137944555539,SUCCESS,hbar,0.0.3964804,0.0.4138717@1777921848.171904652
0.0.4340392,0.04363760341576944,SUCCESS,hbar,0.0.3964804,0.0.4138717@1777921845.587179617
0.0.836096,0.09033627181758086,SUCCESS,hbar,0.0.3964804,0.0.4138717@1777921846.273867621
0.0.837799,1.053883163513688,SUCCESS,hbar,0.0.3964804,0.0.4138717@1777921851.123552938
0.0.4144365,1.553233023155753,SUCCESS,hbar,0.0.3964804,0.0.4138717@1777921848.107919413
0.0.2005484,0.01681391158583837,SUCCESS,hbar,0.0.3964804,0.0.4138717@1777921850.142068241
0.0.4644030,0.02039032926510022,SUCCESS,hbar,0.0.3964804,0.0.4138717@1777921852.359863899
0.0.876236,0.1203924241921281,SUCCESS,hbar,0.0.3964804,0.0.4138717@1777921848.175202439
0.0.1505544,0.006018240731194139,SUCCESS,hbar,0.0.3964804,0.0.4138717@1777921849.327917905
0.0.10435633,0.9401759765816633,SUCCESS,hbar,0.0.3964804,0.0.4138717@1777921851.518733130
0.0.4853191,0.004118899755676034,SUCCESS,hbar,0.0.3964804,0.0.4138717@1777921850.620283017
0.0.4362017,1.29190186168185,SUCCESS,hbar,0.0.3964804,0.0.4138717@1777921854.632667872
0.0.3295745,3.337081335880608,SUCCESS,hbar,0.0.3964804,0.0.4138717@1777921852.083182030
0.0.4758052,0.1386056420659054,SUCCESS,hbar,0.0.3964804,0.0.4138717@1777921852.714200143
0.0.4640278,0.07524254148787125,SUCCESS,hbar,0.0.3964804,0.0.4138717@1777921856.541159105
0.0.1747288,3.031967642480987,SUCCESS,hbar,0.0.3964804,0.0.4138717@1777921853.965398975
0.0.4741573,0.7309138753438613,SUCCESS,hbar,0.0.3964804,0.0.4138717@1777921854.845184646
0.0.4923529,0.001435655072261757,SUCCESS,hbar,0.0.3964804,0.0.4138717@1777921852.402235703
0.0.4044502,0.1689916420784607,SUCCESS,hbar,0.0.3964804,0.0.4138717@1777921856.276633790
0.0.1046906,0.01989094297825574,SUCCESS,hbar,0.0.3964804,0.0.4138717@1777921855.202844807
0.0.5495538,0.01823634228083493,SUCCESS,hbar,0.0.3964804,0.0.4138717@1777921856.732405470
0.0.789990,0.05739183055594601,SUCCESS,hbar,0.0.3964804,0.0.4138717@1777921855.005815640
0.0.840487,2.529364593204463,SUCCESS,hbar,0.0.3964804,0.0.4138717@1777921854.522726578
0.0.5314183,0.3054576360624977,SUCCESS,hbar,0.0.3964804,0.0.4138717@1777921858.301629469
0.0.1372179,0.1411054958110594,SUCCESS,hbar,0.0.3964804,0.0.4138717@1777921855.734023527
0.0.435679,27.13800386486126,SUCCESS,hbar,0.0.3964804,0.0.4138717@1777921859.721357748
0.0.2302824,0.001940841138476634,SUCCESS,hbar,0.0.3964804,0.0.4138717@1777921858.609148495
0.0.4433604,0.0615546095800485,SUCCESS,hbar,0.0.3964804,0.0.4138717@1777921861.546797246
0.0.4345176,0.07831127138553354,SUCCESS,hbar,0.0.3964804,0.0.4138717@1777921857.930021468
0.0.5432163,0.03489135033308542,SUCCESS,hbar,0.0.3964804,0.0.4138717@1777921863.047403298
0.0.7662545,0.003975381594675286,SUCCESS,hbar,0.0.3964804,0.0.4138717@1777921862.559083118
0.0.3916542,0.02771183118691127,SUCCESS,hbar,0.0.3964804,0.0.4138717@1777921860.713487567
0.0.1486421,1.179561801974563,SUCCESS,hbar,0.0.3964804,0.0.4138717@1777921859.156076841
0.0.1359581,13.15120256851983,SUCCESS,hbar,0.0.3964804,0.0.4138717@1777921862.821869683
0.0.4431727,0.1021117681570614,SUCCESS,hbar,0.0.3964804,0.0.4138717@1777921862.684069828
0.0.7710235,0.1125887275287539,SUCCESS,hbar,0.0.3964804,0.0.4138717@1777921863.931335777
0.0.838791,1.167958098569619,SUCCESS,hbar,0.0.3964804,0.0.4138717@1777921864.195241804
0.0.496172,1.155679433008529,SUCCESS,hbar,0.0.3964804,0.0.4138717@1777921862.906788278
0.0.146930,817.3294565428936,SUCCESS,hbar,0.0.3964804,0.0.4138717@1777921865.518424622
0.0.4887338,0.6575442619582955,SUCCESS,hbar,0.0.3964804,0.0.4138717@1777921864.623362493
0.0.4566469,1.426108095054841,SUCCESS,hbar,0.0.3964804,0.0.4138717@1777921865.794820861
0.0.7290965,0.5159896738836438,SUCCESS,hbar,0.0.3964804,0.0.4138717@1777921867.573926078
0.0.1524063,3.470881742004357,SUCCESS,hbar,0.0.3964804,0.0.4138717@1777921867.063274201
0.0.3872629,0.4515929182189154,SUCCESS,hbar,0.0.3964804,0.0.4138717@1777921867.045915579
0.0.7631749,0.001971656043641073,SUCCESS,hbar,0.0.3964804,0.0.4138717@1777921865.442010216
0.0.794930,0.04965013837020665,SUCCESS,hbar,0.0.3964804,0.0.4138717@1777921865.902286115
0.0.3687848,4.707704451749055,SUCCESS,hbar,0.0.3964804,0.0.4138717@1777921866.573448791
0.0.892270,7.652542614190091,SUCCESS,hbar,0.0.3964804,0.0.4138717@1777921869.605211479
0.0.4423729,0.9081831219336401,SUCCESS,hbar,0.0.3964804,0.0.4138717@1777921868.514311919
0.0.791414,0.309019217158339,SUCCESS,hbar,0.0.3964804,0.0.4138717@1777921868.274942241
0.0.7703838,0.007686240976644463,SUCCESS,hbar,0.0.3964804,0.0.4138717@1777921870.640122283
0.0.1313215,0.01240114453327479,SUCCESS,hbar,0.0.3964804,0.0.4138717@1777921871.889050740
0.0.6343911,2.007947796649728,SUCCESS,hbar,0.0.3964804,0.0.4138717@1777921870.258682330
0.0.7937765,0.8097280500405837,SUCCESS,hbar,0.0.3964804,0.0.4138717@1777921870.716081048
0.0.4765612,3.019572466912424,SUCCESS,hbar,0.0.3964804,0.0.4138717@1777921874.172428188
0.0.3240624,0.001811510445867406,SUCCESS,hbar,0.0.3964804,0.0.4138717@1777921870.615921790
0.0.4312267,5.869000391202735,SUCCESS,hbar,0.0.3964804,0.0.4138717@1777921872.591540603
0.0.4883729,0.3027570877553453,SUCCESS,hbar,0.0.3964804,0.0.4138717@1777921872.428534794
0.0.1746011,1.480154096114256,SUCCESS,hbar,0.0.3964804,0.0.4138717@1777921875.606796768
0.0.1124401,2.505998131193709,SUCCESS,hbar,0.0.3964804,0.0.4138717@1777921871.982845510
0.0.7798912,2.008176173788015,SUCCESS,hbar,0.0.3964804,0.0.4138717@1777921874.435894737
0.0.862835,0.4448492681911004,SUCCESS,hbar,0.0.3964804,0.0.4138717@1777921872.346682018
0.0.1337171,0.7730761651036822,SUCCESS,hbar,0.0.3964804,0.0.4138717@1777921875.364193699
0.0.2004450,0.09604212993761124,SUCCESS,hbar,0.0.3964804,0.0.4138717@1777921878.742397457
0.0.4504544,7.603100506760192,SUCCESS,hbar,0.0.3964804,0.0.4138717@1777921875.878282816
0.0.4135513,0.8975280781174877,SUCCESS,hbar,0.0.3964804,0.0.4138717@1777921875.818289225
0.0.1463093,1.064825012231518,SUCCESS,hbar,0.0.3964804,0.0.4138717@1777921875.136254803
0.0.811739,1.963731941317943,SUCCESS,hbar,0.0.3964804,0.0.4138717@1777921877.920667246
0.0.887612,1.698586824524737,SUCCESS,hbar,0.0.3964804,0.0.4138717@1777921879.233771402
0.0.4717832,0.2224049973403908,SUCCESS,hbar,0.0.3964804,0.0.4138717@1777921879.690816245
0.0.6275653,0.01189745278213054,SUCCESS,hbar,0.0.3964804,0.0.4138717@1777921876.984282914
0.0.6154587,8.311498605478334,SUCCESS,hbar,0.0.3964804,0.0.4138717@1777921878.994171565
0.0.5746207,27.90173513603549,SUCCESS,hbar,0.0.3964804,0.0.4138717@1777921878.544536797
0.0.6139137,0.6545237255683556,SUCCESS,hbar,0.0.3964804,0.0.4138717@1777921880.656446884
0.0.753351,0.3538434464929641,SUCCESS,hbar,0.0.3964804,0.0.4138717@1777921883.288966243
0.0.5068116,0.03579484455940593,SUCCESS,hbar,0.0.3964804,0.0.4138717@1777921879.891192892
0.0.805713,12.22864208553709,SUCCESS,hbar,0.0.3964804,0.0.4138717@1777921884.377805598
0.0.4965217,0.1703650648693619,SUCCESS,hbar,0.0.3964804,0.0.4138717@1777921881.105676365
0.0.3967246,0.4312058386746677,SUCCESS,hbar,0.0.3964804,0.0.4138717@1777921882.055415447
0.0.4358173,2.047103920668737,SUCCESS,hbar,0.0.3964804,0.0.4138717@1777921884.546593868
0.0.5957030,1.458527011556119,SUCCESS,hbar,0.0.3964804,0.0.4138717@1777921883.196650415
0.0.4540904,0.6981605237901484,SUCCESS,hbar,0.0.3964804,0.0.4138717@1777921883.791767404
0.0.4351736,0.01570843280220291,SUCCESS,hbar,0.0.3964804,0.0.4138717@1777921885.780793046
0.0.5698429,0.006708105719653312,SUCCESS,hbar,0.0.3964804,0.0.4138717@1777921885.023056636
0.0.4589167,0.0189513497431005,SUCCESS,hbar,0.0.3964804,0.0.4138717@1777921887.772397408
0.0.5023507,0.1875824283360208,SUCCESS,hbar,0.0.3964804,0.0.4138717@1777921884.832610206
0.0.3937438,0.3003677230289499,SUCCESS,hbar,0.0.3964804,0.0.4138717@1777921885.694184420
0.0.796454,35.31349917011928,SUCCESS,hbar,0.0.3964804,0.0.4138717@1777921885.344089419
0.0.5147407,0.3899463431890765,SUCCESS,hbar,0.0.3964804,0.0.4138717@1777921886.034062535
0.0.859649,0.1515391973864905,SUCCESS,hbar,0.0.3964804,0.0.4138717@1777921885.504053942
0.0.4533464,0.1325961187395497,SUCCESS,hbar,0.0.3964804,0.0.4138717@1777921890.052993141
0.0.2967389,0.4085923948661346,SUCCESS,hbar,0.0.3964804,0.0.4138717@1777921891.775410347
0.0.857760,0.08410852254846303,SUCCESS,hbar,0.0.3964804,0.0.4138717@1777921887.645095682
0.0.7312670,0.9004256797475966,SUCCESS,hbar,0.0.3964804,0.0.4138717@1777921892.303511330
0.0.1102543,3.788076189384506,SUCCESS,hbar,0.0.3964804,0.0.4138717@1777921892.672559221
0.0.662621,0.3822000423025675,SUCCESS,hbar,0.0.3964804,0.0.4138717@1777921891.103978843
0.0.6475509,0.1547337810254092,SUCCESS,hbar,0.0.3964804,0.0.4138717@1777921889.366386907
0.0.7450449,0.445392065244742,SUCCESS,hbar,0.0.3964804,0.0.4138717@1777921891.560214805
0.0.6004536,0.05110430762693517,SUCCESS,hbar,0.0.3964804,0.0.4138717@1777921891.484188406
0.0.6270761,30.93911390479711,SUCCESS,hbar,0.0.3964804,0.0.4138717@1777921892.205723178
0.0.8514597,4.671902207277318,SUCCESS,hbar,0.0.3964804,0.0.4138717@1777921895.704474165
0.0.6416166,0.7080612358838125,SUCCESS,hbar,0.0.3964804,0.0.4138717@1777921895.929550249
0.0.4314332,3.785058997993482,SUCCESS,hbar,0.0.3964804,0.0.4138717@1777921897.318796289
0.0.3048811,66.49852258926178,SUCCESS,hbar,0.0.3964804,0.0.4138717@1777921895.011047798
0.0.6828202,21.5559023269067,SUCCESS,hbar,0.0.3964804,0.0.4138717@1777921896.742100460
0.0.6852334,1.688717118866331,SUCCESS,hbar,0.0.3964804,0.0.4138717@1777921895.198665483
0.0.4784258,0.1283714177086201,SUCCESS,hbar,0.0.3964804,0.0.4138717@1777921894.242905527
0.0.1463629,0.07993656355960133,SUCCESS,hbar,0.0.3964804,0.0.4138717@1777921896.666741846
0.0.6306847,0.02549609095777761,SUCCESS,hbar,0.0.3964804,0.0.4138717@1777921898.553957384
0.0.433061,0.01492589150955692,SUCCESS,hbar,0.0.3964804,0.0.4138717@1777921899.633596908
0.0.6148704,0.06520615263508316,SUCCESS,hbar,0.0.3964804,0.0.4138717@1777921899.495790139
0.0.7816479,0.02048849725827468,SUCCESS,hbar,0.0.3964804,0.0.4138717@1777921897.695793250
0.0.5719491,0.04921296947452799,SUCCESS,hbar,0.0.3964804,0.0.4138717@1777921898.964799425
0.0.1261132,0.3541034108902877,SUCCESS,hbar,0.0.3964804,0.0.4138717@1777921898.795268466
0.0.1404010,0.002967185085421503,SUCCESS,hbar,0.0.3964804,0.0.4138717@1777921899.855636170
0.0.1369825,54.6970846966953,SUCCESS,hbar,0.0.3964804,0.0.4138717@1777921900.763831755
0.0.8209705,0.0964853929068679,SUCCESS,hbar,0.0.3964804,0.0.4138717@1777921903.643229210
0.0.7166497,0.0558275843365961,SUCCESS,hbar,0.0.3964804,0.0.4138717@1777921905.624501633
0.0.8002341,0.2045357947505032,SUCCESS,hbar,0.0.3964804,0.0.4138717@1777921905.855333219
0.0.7938061,0.04470045092453086,SUCCESS,hbar,0.0.3964804,0.0.4138717@1777921902.963382159
0.0.8054459,0.3565492754323105,SUCCESS,hbar,0.0.3964804,0.0.4138717@1777921907.081566638
0.0.3241611,0.3355699362703265,SUCCESS,hbar,0.0.3964804,0.0.4138717@1777921903.769429024
0.0.8227507,0.3985869641430012,SUCCESS,hbar,0.0.3964804,0.0.4138717@1777921906.352959341
0.0.1754370,0.03296565617708991,SUCCESS,hbar,0.0.3964804,0.0.4138717@1777921905.084606032
0.0.6045318,0.2995552401940104,SUCCESS,hbar,0.0.3964804,0.0.4138717@1777921905.202971274
0.0.2116216,1.973740569722684,SUCCESS,hbar,0.0.3964804,0.0.4138717@1777921904.888293675
0.0.2185671,0.07033641643246902,SUCCESS,hbar,0.0.3964804,0.0.4138717@1777921907.473439500
0.0.7965335,1.544661467558253,SUCCESS,hbar,0.0.3964804,0.0.4138717@1777921908.749759268
0.0.6294131,0.00001587219924375048,SUCCESS,hbar,0.0.3964804,0.0.4138717@1777921908.691237746
0.0.844131,0.2497294515847934,SUCCESS,hbar,0.0.3964804,0.0.4138717@1777921908.471404852
0.0.7924085,0.01540721925105023,SUCCESS,hbar,0.0.3964804,0.0.4138717@1777921910.436166734
0.0.4853295,0.5642324978183211,SUCCESS,hbar,0.0.3964804,0.0.4138717@1777921908.299070073
0.0.7550116,0.07319444482722429,SUCCESS,hbar,0.0.3964804,0.0.4138717@1777921912.303392493
0.0.8382708,0.00795620135915357,SUCCESS,hbar,0.0.3964804,0.0.4138717@1777921910.463985808
0.0.4838474,2.742194891460477,SUCCESS,hbar,0.0.3964804,0.0.4138717@1777921912.645049329
0.0.4319619,0.1094812102851489,SUCCESS,hbar,0.0.3964804,0.0.4138717@1777921910.819394923
0.0.8057884,2.388334961601219,SUCCESS,hbar,0.0.3964804,0.0.4138717@1777921910.113031993
0.0.8120693,1.305305503884404,SUCCESS,hbar,0.0.3964804,0.0.4138717@1777921915.042581638
0.0.8352642,0.1896719503947898,SUCCESS,hbar,0.0.3964804,0.0.4138717@1777921914.297147000
0.0.8291825,1.182999647949734,SUCCESS,hbar,0.0.3964804,0.0.4138717@1777921911.631379560
0.0.7920736,2.1360942308911,SUCCESS,hbar,0.0.3964804,0.0.4138717@1777921914.495003313
0.0.6469391,1.455402469165992,SUCCESS,hbar,0.0.3964804,0.0.4138717@1777921914.064399093
0.0.3384906,3.816580577772055,SUCCESS,hbar,0.0.3964804,0.0.4138717@1777921915.529405513
0.0.919311,109.3787027079954,SUCCESS,hbar,0.0.3964804,0.0.4138717@1777921912.487436966
0.0.658160,0.003503447439308267,SUCCESS,hbar,0.0.3964804,0.0.4138717@1777921915.802554645
0.0.7920282,0.00550782212843991,SUCCESS,hbar,0.0.3964804,0.0.4138717@1777921914.468825847
0.0.840324,1.922934754575128,SUCCESS,hbar,0.0.3964804,0.0.4138717@1777921915.450639689
0.0.8551680,0.2404562980451971,SUCCESS,hbar,0.0.3964804,0.0.4138717@1777921918.859129089
0.0.4743054,0.0003513193368938419,SUCCESS,hbar,0.0.3964804,0.0.4138717@1777921918.362315751
0.0.7285744,0.01751002302397294,SUCCESS,hbar,0.0.3964804,0.0.4138717@1777921919.106519065
0.0.1681033,0.1947486272433271,SUCCESS,hbar,0.0.3964804,0.0.4138717@1777921919.847656054
0.0.7732676,108.1018567720476,SUCCESS,hbar,0.0.3964804,0.0.4138717@1777921916.684447692
0.0.8076778,0.001388002059453984,SUCCESS,hbar,0.0.3964804,0.0.4138717@1777921917.340579273
0.0.6313326,6.751634643802352,SUCCESS,hbar,0.0.3964804,0.0.4138717@1777921920.199292020
0.0.1673276,1.979843429134911,SUCCESS,hbar,0.0.3964804,0.0.4138717@1777921919.801961641
0.0.710849,0.01499625135179593,SUCCESS,hbar,0.0.3964804,0.0.4138717@1777921922.599252124
0.0.4804985,0.1449421234749587,SUCCESS,hbar,0.0.3964804,0.0.4138717@1777921924.762627555
0.0.4724806,0.006158101200639815,SUCCESS,hbar,0.0.3964804,0.0.4138717@1777921921.764480915
0.0.4343570,0.2802605823824288,SUCCESS,hbar,0.0.3964804,0.0.4138717@1777921921.501031049
0.0.8041705,0.02800234071425292,SUCCESS,hbar,0.0.3964804,0.0.4138717@1777921921.631831543
0.0.7583284,0.184542655059567,SUCCESS,hbar,0.0.3964804,0.0.4138717@1777921922.926489716
0.0.2891280,0.6268588626855189,SUCCESS,hbar,0.0.3964804,0.0.4138717@1777921922.631584256
0.0.7916029,16.24412729105953,SUCCESS,hbar,0.0.3964804,0.0.4138717@1777921922.709725033
0.0.931327,50.78904773815596,SUCCESS,hbar,0.0.3964804,0.0.4138717@1777921925.899382675
0.0.4861986,0.1189401592985423,SUCCESS,hbar,0.0.3964804,0.0.4138717@1777921925.529818589
0.0.3288501,0.0726988749366377,SUCCESS,hbar,0.0.3964804,0.0.4138717@1777921927.466328714
0.0.8903303,0.6286434706244776,FAIL,hbar,0.0.3964804,
0.0.5112630,0.4835805728680874,SUCCESS,hbar,0.0.3964804,0.0.4138717@1777921928.556544789
0.0.1021958,2.577924049655156,SUCCESS,hbar,0.0.3964804,0.0.4138717@1777921928.785527818
0.0.981571,0.0608396960824445,SUCCESS,hbar,0.0.3964804,0.0.4138717@1777921928.494471396
0.0.7732467,0.1009810246765743,SUCCESS,hbar,0.0.3964804,0.0.4138717@1777921928.969461854
0.0.3847179,0.4955166032129729,SUCCESS,hbar,0.0.3964804,0.0.4138717@1777921930.918541171
0.0.1467538,0.4788648401446164,SUCCESS,hbar,0.0.3964804,0.0.4138717@1777921928.176228880
0.0.8131537,0.6074393357697959,SUCCESS,hbar,0.0.3964804,0.0.4138717@1777921927.551793297
0.0.1056579,4.439990799850484,SUCCESS,hbar,0.0.3964804,0.0.4138717@1777921928.970699839
0.0.7965412,0.002720689736422941,SUCCESS,hbar,0.0.3964804,0.0.4138717@1777921929.040558779
0.0.4315395,0.07831764414620493,SUCCESS,hbar,0.0.3964804,0.0.4138717@1777921933.008037514
0.0.8717466,0.001382537840952067,SUCCESS,hbar,0.0.3964804,0.0.4138717@1777921930.401509466
0.0.4388693,0.07788192467924067,SUCCESS,hbar,0.0.3964804,0.0.4138717@1777921931.036404401
0.0.8083173,0.4064966071542498,SUCCESS,hbar,0.0.3964804,0.0.4138717@1777921932.994347020
0.0.2964523,8.006975105831383,SUCCESS,hbar,0.0.3964804,0.0.4138717@1777921933.329653903
0.0.7961490,0.1473929931490461,SUCCESS,hbar,0.0.3964804,0.0.4138717@1777921935.207072674
0.0.9144627,0.3457681869054457,SUCCESS,hbar,0.0.3964804,0.0.4138717@1777921931.124602467
0.0.9425366,8.583812403225254,SUCCESS,hbar,0.0.3964804,0.0.4138717@1777921931.976252553
0.0.9208631,2.191169419403078,SUCCESS,hbar,0.0.3964804,0.0.4138717@1777921933.349685128
0.0.1385696,18.79204113393225,SUCCESS,hbar,0.0.3964804,0.0.4138717@1777921935.661531213
0.0.1703381,0.6175434801355187,SUCCESS,hbar,0.0.3964804,0.0.4138717@1777921937.115224608
0.0.9317965,0.4759165292005605,SUCCESS,hbar,0.0.3964804,0.0.4138717@1777921936.760866184
0.0.9301506,0.004617334604711872,SUCCESS,hbar,0.0.3964804,0.0.4138717@1777921937.221619890
0.0.8198609,12.47700546131506,SUCCESS,hbar,0.0.3964804,0.0.4138717@1777921938.811606896
0.0.9579116,0.6823546182506408,SUCCESS,hbar,0.0.3964804,0.0.4138717@1777921935.626117179
0.0.9177203,0.002218298745280373,SUCCESS,hbar,0.0.3964804,0.0.4138717@1777921938.804978758
0.0.8188301,0.2134606853856939,SUCCESS,hbar,0.0.3964804,0.0.4138717@1777921936.996072937
0.0.8108637,0.000074124039306752,SUCCESS,hbar,0.0.3964804,0.0.4138717@1777921938.409100668
0.0.9162845,12.84004443706205,SUCCESS,hbar,0.0.3964804,0.0.4138717@1777921939.762401517
0.0.8868403,0.02103128281530315,SUCCESS,hbar,0.0.3964804,0.0.4138717@1777921936.887431068
0.0.9034617,0.03290971859738917,SUCCESS,hbar,0.0.3964804,0.0.4138717@1777921938.281402679
0.0.8673292,9.949309221669978,SUCCESS,hbar,0.0.3964804,0.0.4138717@1777921939.616541081
0.0.10009527,3.754932765297517,SUCCESS,hbar,0.0.3964804,0.0.4138717@1777921941.872833684
0.0.10115705,0.000296958977110128,SUCCESS,hbar,0.0.3964804,0.0.4138717@1777921942.016616362
0.0.10035851,13.87256783244212,SUCCESS,hbar,0.0.3964804,0.0.4138717@1777921941.524510136
0.0.10007904,0.0007647776955811717,SUCCESS,hbar,0.0.3964804,0.0.4138717@1777921940.423162339
0.0.1365923,0.007190222620847525,SUCCESS,hbar,0.0.3964804,0.0.4138717@1777921941.437144488
0.0.10048918,3.278172359459806,SUCCESS,hbar,0.0.3964804,0.0.4138717@1777921939.866700090
0.0.9593512,0.001527533263344802,SUCCESS,hbar,0.0.3964804,0.0.4138717@1777921943.355321061
0.0.10025532,0.06365096829394015,SUCCESS,hbar,0.0.3964804,0.0.4138717@1777921944.920232584
0.0.10044419,0.4947060518724348,SUCCESS,hbar,0.0.3964804,0.0.4138717@1777921945.821802143
0.0.10035663,0.2153151523296036,SUCCESS,hbar,0.0.3964804,0.0.4138717@1777921945.060077586
0.0.9812108,0.3234926797871189,SUCCESS,hbar,0.0.3964804,0.0.4138717@1777921944.766462558
0.0.9275976,9.068076934969422,SUCCESS,hbar,0.0.3964804,0.0.4138717@1777921942.387825063
0.0.1400807,0.3491141798968349,SUCCESS,hbar,0.0.3964804,0.0.4138717@1777921942.415451825
0.0.8414341,1.2214488774552,SUCCESS,hbar,0.0.3964804,0.0.4138717@1777921944.695604569
0.0.1412348,40.11514677803583,SUCCESS,hbar,0.0.3964804,0.0.4138717@1777921946.037479829
0.0.9774219,0.002225990630859218,SUCCESS,hbar,0.0.3964804,0.0.4138717@1777921947.669451735
0.0.1178547,0.1360334961804303,SUCCESS,hbar,0.0.3964804,0.0.4138717@1777921944.562935859
0.0.9707531,611.2899329784825,SUCCESS,hbar,0.0.3964804,0.0.4138717@1777921948.572883287
0.0.9707528,328.4479602514257,SUCCESS,hbar,0.0.3964804,0.0.4138717@1777921948.029588513
0.0.9640625,0.006548740935397483,SUCCESS,hbar,0.0.3964804,0.0.4138717@1777921947.386994205
0.0.8548028,0.0001537284562538885,SUCCESS,hbar,0.0.3964804,0.0.4138717@1777921948.645037102
0.0.8068660,0.003123443602834185,SUCCESS,hbar,0.0.3964804,0.0.4138717@1777921947.208076070
0.0.7931472,0.08252439030067682,SUCCESS,hbar,0.0.3964804,0.0.4138717@1777921950.055494793
0.0.8002619,0.1295587262210955,SUCCESS,hbar,0.0.3964804,0.0.4138717@1777921948.909957924
0.0.7980177,12.77008327541337,SUCCESS,hbar,0.0.3964804,0.0.4138717@1777921947.971820138
0.0.6063136,0.001574313884798467,SUCCESS,hbar,0.0.3964804,0.0.4138717@1777921951.635426616
0.0.7809201,0.00003913783902008578,SUCCESS,hbar,0.0.3964804,0.0.4138717@1777921949.684201765
0.0.7098838,0.2939254443534664,SUCCESS,hbar,0.0.3964804,0.0.4138717@1777921950.291719402
0.0.590682,0.01200121258351473,SUCCESS,hbar,0.0.3964804,0.0.4138717@1777921950.911469105
0.0.4914022,0.7629478498617953,SUCCESS,hbar,0.0.3964804,0.0.4138717@1777921952.900404449
0.0.6064013,1.389992728003723,SUCCESS,hbar,0.0.3964804,0.0.4138717@1777921951.516428631
0.0.7313800,45.90424071417483,SUCCESS,hbar,0.0.3964804,0.0.4138717@1777921950.844455179
0.0.1114728,0.003587267378120981,SUCCESS,hbar,0.0.3964804,0.0.4138717@1777921952.226046642
0.0.7142968,0.5792728213930769,SUCCESS,hbar,0.0.3964804,0.0.4138717@1777921951.601021983
0.0.5957081,0.1888143933210565,SUCCESS,hbar,0.0.3964804,0.0.4138717@1777921952.961972224
0.0.4561752,0.02074541863195056,SUCCESS,hbar,0.0.3964804,0.0.4138717@1777921953.921638712
0.0.6334018,0.3630149740973526,SUCCESS,hbar,0.0.3964804,0.0.4138717@1777921955.268917783
0.0.5742160,4.718970614809921,SUCCESS,hbar,0.0.3964804,0.0.4138717@1777921955.457023138
0.0.6181303,10.47897270337813,SUCCESS,hbar,0.0.3964804,0.0.4138717@1777921955.770757434
0.0.1956746,0.02006490366637754,SUCCESS,hbar,0.0.3964804,0.0.4138717@1777921957.457734690
0.0.8115823,0.04897278187321398,SUCCESS,hbar,0.0.3964804,0.0.4138717@1777921959.502004530
0.0.8241599,0.8120323640705747,SUCCESS,hbar,0.0.3964804,0.0.4138717@1777921960.108916642
0.0.5804427,0.09805907774021408,SUCCESS,hbar,0.0.3964804,0.0.4138717@1777921957.524355417
0.0.8538714,0.2559391028840011,SUCCESS,hbar,0.0.3964804,0.0.4138717@1777921960.610574252
0.0.823147,39.95140261367293,SUCCESS,hbar,0.0.3964804,0.0.4138717@1777921961.717379017
0.0.8304314,0.0317694887514587,SUCCESS,hbar,0.0.3964804,0.0.4138717@1777921961.184111381
0.0.8152447,0.3140904327163996,SUCCESS,hbar,0.0.3964804,0.0.4138717@1777921963.147560545
0.0.8146497,0.4797493748694972,SUCCESS,hbar,0.0.3964804,0.0.4138717@1777921962.351642944
0.0.8120088,0.06093163935265897,SUCCESS,hbar,0.0.3964804,0.0.4138717@1777921959.314266565
0.0.7791729,0.0008654365743609766,SUCCESS,hbar,0.0.3964804,0.0.4138717@1777921960.812755085
0.0.8104363,129.9101756958441,SUCCESS,hbar,0.0.3964804,0.0.4138717@1777921964.837495229
0.0.8084528,21.27572644627172,SUCCESS,hbar,0.0.3964804,0.0.4138717@1777921965.235853721
0.0.1181772,0.02604978245951964,SUCCESS,hbar,0.0.3964804,0.0.4138717@1777921965.341117664
0.0.638522,12.52923205014274,SUCCESS,hbar,0.0.3964804,0.0.4138717@1777921963.956759957
0.0.8602366,0.6482988060999457,SUCCESS,hbar,0.0.3964804,0.0.4138717@1777921966.501957069
0.0.4814986,0.008036245816205134,SUCCESS,hbar,0.0.3964804,0.0.4138717@1777921966.533630906
0.0.1093612,0.1306301193125252,SUCCESS,hbar,0.0.3964804,0.0.4138717@1777921965.532049409
0.0.3450,0.082893320450989,SUCCESS,hbar,0.0.3964804,0.0.4138717@1777921964.964153617
0.0.10064341,0.03942532806583738,SUCCESS,hbar,0.0.3964804,0.0.4138717@1777921968.145475689
0.0.4138268,0.04741219312376844,SUCCESS,hbar,0.0.3964804,0.0.4138717@1777921967.602090594
0.0.10151415,0.2321116669469493,SUCCESS,hbar,0.0.3964804,0.0.4138717@1777921965.960820279
0.0.10386407,11.61011226472402,SUCCESS,hbar,0.0.3964804,0.0.4138717@1777921968.277561022
0.0.10295710,0.108165285619656,SUCCESS,hbar,0.0.3964804,0.0.4138717@1777921966.462064454
0.0.7776311,26.2178255634029,SUCCESS,hbar,0.0.3964804,0.0.4138717@1777921970.444639423
0.0.4369285,1.424745729329723,SUCCESS,hbar,0.0.3964804,0.0.4138717@1777921968.911026907
0.0.4157253,11.64679851317854,SUCCESS,hbar,0.0.3964804,0.0.4138717@1777921970.904131053
0.0.9417458,0.6392562327257368,SUCCESS,hbar,0.0.3964804,0.0.4138717@1777921972.254704188
0.0.1478185,0.01050331398994224,SUCCESS,hbar,0.0.3964804,0.0.4138717@1777921970.383514163
0.0.8742796,0.743183913471906,SUCCESS,hbar,0.0.3964804,0.0.4138717@1777921973.638730742
0.0.7789171,0.1399540454666063,SUCCESS,hbar,0.0.3964804,0.0.4138717@1777921970.753904554
0.0.5313474,0.04225373614668072,SUCCESS,hbar,0.0.3964804,0.0.4138717@1777921972.353638337
0.0.838388,13.67073055975411,SUCCESS,hbar,0.0.3964804,0.0.4138717@1777921975.231585704
0.0.1643938,83.75486794317231,SUCCESS,hbar,0.0.3964804,0.0.4138717@1777921971.821774007
0.0.815643,12.89530639397258,SUCCESS,hbar,0.0.3964804,0.0.4138717@1777921973.693802327
0.0.846778,29.48429379696398,SUCCESS,hbar,0.0.3964804,0.0.4138717@1777921973.861513896
0.0.10358044,121.9039880662826,SUCCESS,hbar,0.0.3964804,0.0.4138717@1777921973.428372702
0.0.834924,0.0828224725201807,SUCCESS,hbar,0.0.3964804,0.0.4138717@1777921977.302633713
0.0.7865510,10.99574603624644,SUCCESS,hbar,0.0.3964804,0.0.4138717@1777921974.118032967
0.0.10456759,0.2980345562458263,SUCCESS,hbar,0.0.3964804,0.0.4138717@1777921978.895693296
0.0.2015584,0.2133571548695933,SUCCESS,hbar,0.0.3964804,0.0.4138717@1777921979.492410223
0.0.10454179,0.1020398313376212,SUCCESS,hbar,0.0.3964804,0.0.4138717@1777921979.701763957
0.0.8055246,1.510964127236989,SUCCESS,hbar,0.0.3964804,0.0.4138717@1777921975.207728497
0.0.4639295,0.3121695896150636,SUCCESS,hbar,0.0.3964804,0.0.4138717@1777921977.982607539
0.0.10303974,0.6054049115533954,SUCCESS,hbar,0.0.3964804,0.0.4138717@1777921981.164700152
0.0.10442094,1.435680654910588,SUCCESS,hbar,0.0.3964804,0.0.4138717@1777921977.648640726
0.0.791245,1.251466532389811,SUCCESS,hbar,0.0.3964804,0.0.4138717@1777921977.653986840
0.0.6157135,0.5942245020676444,SUCCESS,hbar,0.0.3964804,0.0.4138717@1777921981.201389866
0.0.10171350,0.8278963287334786,SUCCESS,hbar,0.0.3964804,0.0.4138717@1777921978.998610128
0.0.3878869,0.4849159234605881,SUCCESS,hbar,0.0.3964804,0.0.4138717@1777921980.455475570
0.0.885953,6.642350937001297,SUCCESS,hbar,0.0.3964804,0.0.4138717@1777921980.757623418
0.0.9112742,0.0008790598355796744,SUCCESS,hbar,0.0.3964804,0.0.4138717@1777921982.403797780
0.0.832543,0.2409632581298106,SUCCESS,hbar,0.0.3964804,0.0.4138717@1777921984.710894825
0.0.3327498,0.1331279839635503,SUCCESS,hbar,0.0.3964804,0.0.4138717@1777921984.619903790
0.0.4161393,0.05712149250129766,SUCCESS,hbar,0.0.3964804,0.0.4138717@1777921984.720432028
0.0.10231452,12.25306155217652,SUCCESS,hbar,0.0.3964804,0.0.4138717@1777921981.881532225
0.0.1920276,1.605353121458363,SUCCESS,hbar,0.0.3964804,0.0.4138717@1777921985.959815969
0.0.9270286,0.01935800485768245,SUCCESS,hbar,0.0.3964804,0.0.4138717@1777921982.300369741
0.0.9234350,1.23691687548487,SUCCESS,hbar,0.0.3964804,0.0.4138717@1777921985.286213459
0.0.10277044,5.079981319590565,SUCCESS,hbar,0.0.3964804,0.0.4138717@1777921983.542263953
0.0.10256319,9.593398840062976,SUCCESS,hbar,0.0.3964804,0.0.4138717@1777921984.908869059
0.0.10267167,7.400161597876471,SUCCESS,hbar,0.0.3964804,0.0.4138717@1777921988.973773170
0.0.10267166,42.83407758323137,SUCCESS,hbar,0.0.3964804,0.0.4138717@1777921988.336108042
0.0.9774619,3.802422951925571,SUCCESS,hbar,0.0.3964804,0.0.4138717@1777921987.451409230
0.0.10244829,0.009054878583352716,SUCCESS,hbar,0.0.3964804,0.0.4138717@1777921989.515275380
0.0.10307970,0.0005047033211916424,SUCCESS,hbar,0.0.3964804,0.0.4138717@1777921988.152246242
0.0.10248120,0.1689298613254876,SUCCESS,hbar,0.0.3964804,0.0.4138717@1777921990.482549478
0.0.3959322,10.48079239665255,SUCCESS,hbar,0.0.3964804,0.0.4138717@1777921991.848956114
0.0.2216740,75.87732014828414,SUCCESS,hbar,0.0.3964804,0.0.4138717@1777921989.469515416
0.0.7989176,27.56940771591783,SUCCESS,hbar,0.0.3964804,0.0.4138717@1777921987.891858578
0.0.818498,0.006901436595440542,SUCCESS,hbar,0.0.3964804,0.0.4138717@1777921989.966993850
0.0.10190094,147.9569977978478,SUCCESS,hbar,0.0.3964804,0.0.4138717@1777921990.377679469
0.0.10088400,0.1127495623005534,SUCCESS,hbar,0.0.3964804,0.0.4138717@1777921993.271707042
0.0.10164472,431.7985133095157,SUCCESS,hbar,0.0.3964804,0.0.4138717@1777921994.767186139
0.0.10427998,0.01337240082394427,SUCCESS,hbar,0.0.3964804,0.0.4138717@1777921992.477220403
0.0.3003013,4.300969672795372,SUCCESS,hbar,0.0.3964804,0.0.4138717@1777921994.804511679
0.0.10435638,0.1082584103489403,SUCCESS,hbar,0.0.3964804,0.0.4138717@1777921991.738226576
0.0.10422583,1.845457935893974,SUCCESS,hbar,0.0.3964804,0.0.4138717@1777921996.634519663
0.0.10420688,0.1031124656387461,SUCCESS,hbar,0.0.3964804,0.0.4138717@1777921994.199712872
0.0.911691,72.26166941380556,SUCCESS,hbar,0.0.3964804,0.0.4138717@1777921995.473230861
0.0.10307911,1.55377715937222,SUCCESS,hbar,0.0.3964804,0.0.4138717@1777921995.144388694
0.0.10420709,0.03145672794251433,SUCCESS,hbar,0.0.3964804,0.0.4138717@1777921993.575632113
0.0.10420713,0.05037040142088713,SUCCESS,hbar,0.0.3964804,0.0.4138717@1777921995.962143562
0.0.10133721,7.570535322304396,SUCCESS,hbar,0.0.3964804,0.0.4138717@1777921998.162321732
0.0.10288826,31.06919914925171,SUCCESS,hbar,0.0.3964804,0.0.4138717@1777922000.069648920
0.0.10371833,53.3490836210202,SUCCESS,hbar,0.0.3964804,0.0.4138717@1777921997.461394069
0.0.851469,0.1722675725842672,SUCCESS,hbar,0.0.3964804,0.0.4138717@1777921999.291555135
0.0.10359193,0.4157180178425099,SUCCESS,hbar,0.0.3964804,0.0.4138717@1777922000.939469594
0.0.10359238,0.06274008901411894,SUCCESS,hbar,0.0.3964804,0.0.4138717@1777921999.689742334
0.0.3953598,4.942731138687616,SUCCESS,hbar,0.0.3964804,0.0.4138717@1777921999.345019753
0.0.10359145,0.5759697982077685,SUCCESS,hbar,0.0.3964804,0.0.4138717@1777922000.734539885
0.0.10308209,44.58829512098223,SUCCESS,hbar,0.0.3964804,0.0.4138717@1777922002.373471413
0.0.5524338,0.04755306392054643,SUCCESS,hbar,0.0.3964804,0.0.4138717@1777922001.133852146
0.0.9095016,1.904141270668193,SUCCESS,hbar,0.0.3964804,0.0.4138717@1777922002.890709435
0.0.857763,0.5936046406450735,SUCCESS,hbar,0.0.3964804,0.0.4138717@1777922004.650492198
0.0.8767225,0.2747769709581548,SUCCESS,hbar,0.0.3964804,0.0.4138717@1777922003.292226469
0.0.9009997,0.4074985867769198,SUCCESS,hbar,0.0.3964804,0.0.4138717@1777922000.712170386
0.0.7788265,0.1797599620518522,SUCCESS,hbar,0.0.3964804,0.0.4138717@1777922001.995257333
0.0.8792600,0.002902952382423917,SUCCESS,hbar,0.0.3964804,0.0.4138717@1777922002.045709979
0.0.8256574,0.005812748427889675,SUCCESS,hbar,0.0.3964804,0.0.4138717@1777922001.415787203
0.0.8585468,0.0008957796193186383,SUCCESS,hbar,0.0.3964804,0.0.4138717@1777922005.856121103
0.0.1365814,0.3008585752940301,SUCCESS,hbar,0.0.3964804,0.0.4138717@1777922006.068009212
0.0.1459865,1.649796943163116,SUCCESS,hbar,0.0.3964804,0.0.4138717@1777922007.487745070
0.0.7550890,0.1221750307058299,SUCCESS,hbar,0.0.3964804,0.0.4138717@1777922003.740142453
0.0.8198608,0.3914918061584423,SUCCESS,hbar,0.0.3964804,0.0.4138717@1777922009.173834703
0.0.8385016,0.3201643126920108,SUCCESS,hbar,0.0.3964804,0.0.4138717@1777922006.364669647
0.0.8414409,0.01564448335471626,SUCCESS,hbar,0.0.3964804,0.0.4138717@1777922005.762731746
0.0.1714233,0.2799706958055834,SUCCESS,hbar,0.0.3964804,0.0.4138717@1777922008.658215376
0.0.3077609,2.53731650647202,SUCCESS,hbar,0.0.3964804,0.0.4138717@1777922009.226545599
0.0.8357089,0.6171636898254058,SUCCESS,hbar,0.0.3964804,0.0.4138717@1777922010.039179860
0.0.8357708,16.32419409883366,SUCCESS,hbar,0.0.3964804,0.0.4138717@1777922009.297043050
0.0.8346544,2.939148268716687,SUCCESS,hbar,0.0.3964804,0.0.4138717@1777922008.184206163
0.0.8323906,16.46003642466145,SUCCESS,hbar,0.0.3964804,0.0.4138717@1777922011.763899533
0.0.4345655,3.431458472968859,SUCCESS,hbar,0.0.3964804,0.0.4138717@1777922009.335733793
0.0.6068301,0.09602232577995543,SUCCESS,hbar,0.0.3964804,0.0.4138717@1777922011.357565999
0.0.8113254,0.03101384145009552,SUCCESS,hbar,0.0.3964804,0.0.4138717@1777922013.499199280
0.0.1862342,0.3211261084611303,SUCCESS,hbar,0.0.3964804,0.0.4138717@1777922011.233534620
0.0.9196038,0.17855494059862,SUCCESS,hbar,0.0.3964804,0.0.4138717@1777922014.035870394
0.0.1118731,0.01471617591458773,SUCCESS,hbar,0.0.3964804,0.0.4138717@1777922010.973288476
0.0.1403937,0.008417696978454353,SUCCESS,hbar,0.0.3964804,0.0.4138717@1777922012.688486812
0.0.9177141,0.05004243849327675,SUCCESS,hbar,0.0.3964804,0.0.4138717@1777922011.605340842
0.0.9086562,0.001226613550786557,SUCCESS,hbar,0.0.3964804,0.0.4138717@1777922014.266179564
0.0.8156060,0.1030444468476401,SUCCESS,hbar,0.0.3964804,0.0.4138717@1777922017.267721206
0.0.8392843,0.3557065823500158,SUCCESS,hbar,0.0.3964804,0.0.4138717@1777922013.267986183
0.0.9169121,0.3164702508440266,SUCCESS,hbar,0.0.3964804,0.0.4138717@1777922016.066682276
0.0.958821,15.34708972452171,SUCCESS,hbar,0.0.3964804,0.0.4138717@1777922018.351990363
0.0.877394,0.006585031820429915,SUCCESS,hbar,0.0.3964804,0.0.4138717@1777922015.374147652
0.0.53756,3.36909401630179,SUCCESS,hbar,0.0.3964804,0.0.4138717@1777922018.259133120
0.0.689277,7.759966875476418,SUCCESS,hbar,0.0.3964804,0.0.4138717@1777922018.832675018
0.0.1090802,0.07071135749467124,SUCCESS,hbar,0.0.3964804,0.0.4138717@1777922018.957678489
0.0.2091507,2.890055731802833,SUCCESS,hbar,0.0.3964804,0.0.4138717@1777922016.593275718
0.0.2477582,0.2916731414786524,SUCCESS,hbar,0.0.3964804,0.0.4138717@1777922016.620941880
0.0.8059253,0.542832143150375,SUCCESS,hbar,0.0.3964804,0.0.4138717@1777922019.514633729
0.0.1092596,0.1408261287834511,SUCCESS,hbar,0.0.3964804,0.0.4138717@1777922021.055125736
0.0.2006292,0.05187118353855668,SUCCESS,hbar,0.0.3964804,0.0.4138717@1777922018.387577697
0.0.7912110,0.0002944104609008521,SUCCESS,hbar,0.0.3964804,0.0.4138717@1777922022.132946558
0.0.8056304,0.496914072750285,SUCCESS,hbar,0.0.3964804,0.0.4138717@1777922022.773398493
0.0.7974195,36.41295633053702,SUCCESS,hbar,0.0.3964804,0.0.4138717@1777922020.941824670
0.0.7746903,0.07372408362488077,SUCCESS,hbar,0.0.3964804,0.0.4138717@1777922023.976436815
0.0.8032303,0.05101872616196033,SUCCESS,hbar,0.0.3964804,0.0.4138717@1777922020.770138505
0.0.7965413,0.0008699431322764992,SUCCESS,hbar,0.0.3964804,0.0.4138717@1777922023.052103342
0.0.1481135,0.3308451101482776,SUCCESS,hbar,0.0.3964804,0.0.4138717@1777922023.077241739
0.0.7896816,14.13247872954276,SUCCESS,hbar,0.0.3964804,0.0.4138717@1777922024.752041463
0.0.7910977,1.628632595731931,SUCCESS,hbar,0.0.3964804,0.0.4138717@1777922027.092652793
0.0.3947850,0.0002809037441563283,SUCCESS,hbar,0.0.3964804,0.0.4138717@1777922027.497448150
0.0.5905014,0.346875805674087,SUCCESS,hbar,0.0.3964804,0.0.4138717@1777922024.434076055
0.0.5042398,1.499238912041579,SUCCESS,hbar,0.0.3964804,0.0.4138717@1777922026.461679170
0.0.1479857,0.9974430873884313,SUCCESS,hbar,0.0.3964804,0.0.4138717@1777922028.470253853
0.0.7835479,0.01366404854797343,SUCCESS,hbar,0.0.3964804,0.0.4138717@1777922027.942300162
0.0.7570262,0.07157627973239328,SUCCESS,hbar,0.0.3964804,0.0.4138717@1777922030.070477077
0.0.7421912,0.03930268836860411,SUCCESS,hbar,0.0.3964804,0.0.4138717@1777922027.111106393
0.0.1906790,0.01105614839238595,SUCCESS,hbar,0.0.3964804,0.0.4138717@1777922027.082039047
0.0.8306798,0.02122640009045226,SUCCESS,hbar,0.0.3964804,0.0.4138717@1777922027.664097555
0.0.8298814,1.631690224971759,SUCCESS,hbar,0.0.3964804,0.0.4138717@1777922031.687856165
0.0.8181079,0.7446420798668474,SUCCESS,hbar,0.0.3964804,0.0.4138717@1777922028.743053411
0.0.7964752,0.004043176432716885,SUCCESS,hbar,0.0.3964804,0.0.4138717@1777922028.292675407
0.0.2025203,0.08077729541286505,SUCCESS,hbar,0.0.3964804,0.0.4138717@1777922029.100947874
0.0.7049977,0.00809935549847119,SUCCESS,hbar,0.0.3964804,0.0.4138717@1777922031.595692862
0.0.4867972,0.03223543896480796,SUCCESS,hbar,0.0.3964804,0.0.4138717@1777922034.859098955
0.0.8209324,0.5502472286092494,SUCCESS,hbar,0.0.3964804,0.0.4138717@1777922034.716021466
0.0.7997139,0.1043394492706297,SUCCESS,hbar,0.0.3964804,0.0.4138717@1777922034.792720438
0.0.5761971,0.000152072387361052,SUCCESS,hbar,0.0.3964804,0.0.4138717@1777922031.331667111
0.0.9065767,0.7428804684282765,SUCCESS,hbar,0.0.3964804,0.0.4138717@1777922035.408639414
0.0.8178093,0.08730205148599489,SUCCESS,hbar,0.0.3964804,0.0.4138717@1777922033.225864888
0.0.3273594,2.707769011903373,SUCCESS,hbar,0.0.3964804,0.0.4138717@1777922032.834103360
0.0.8175769,0.07837711444997651,SUCCESS,hbar,0.0.3964804,0.0.4138717@1777922037.668623009
0.0.8173226,4.147141833286405,SUCCESS,hbar,0.0.3964804,0.0.4138717@1777922037.901366992
0.0.8142528,0.02451820370357383,SUCCESS,hbar,0.0.3964804,0.0.4138717@1777922034.681057651
0.0.3828375,21.29254260691115,SUCCESS,hbar,0.0.3964804,0.0.4138717@1777922035.764605083
0.0.833836,2.125249306528962,SUCCESS,hbar,0.0.3964804,0.0.4138717@1777922036.091273444
0.0.5007636,0.08745799914360713,SUCCESS,hbar,0.0.3964804,0.0.4138717@1777922039.431027372
0.0.4746343,0.001578471090165832,SUCCESS,hbar,0.0.3964804,0.0.4138717@1777922037.484723575
0.0.7913251,0.06110063307792977,SUCCESS,hbar,0.0.3964804,0.0.4138717@1777922036.474964896
0.0.8042105,0.1018535489771105,SUCCESS,hbar,0.0.3964804,0.0.4138717@1777922038.366718086
0.0.842210,0.0895771712167387,SUCCESS,hbar,0.0.3964804,0.0.4138717@1777922041.702932050
0.0.4499088,0.05682916396207541,SUCCESS,hbar,0.0.3964804,0.0.4138717@1777922042.274293091
0.0.9273022,0.0003761300462743536,SUCCESS,hbar,0.0.3964804,0.0.4138717@1777922041.438337698
0.0.9251120,2.04603636798814,SUCCESS,hbar,0.0.3964804,0.0.4138717@1777922039.930545250
0.0.10219431,1.699277917359625,SUCCESS,hbar,0.0.3964804,0.0.4138717@1777922041.880831223
0.0.9509413,0.03768512848256624,SUCCESS,hbar,0.0.3964804,0.0.4138717@1777922042.721203829
0.0.10157649,5.797950138046215,SUCCESS,hbar,0.0.3964804,0.0.4138717@1777922042.452445080
0.0.10014449,0.0481101058235761,SUCCESS,hbar,0.0.3964804,0.0.4138717@1777922042.627469795
0.0.4749526,35.86199053488485,SUCCESS,hbar,0.0.3964804,0.0.4138717@1777922042.262198533
0.0.1704489,0.0003539669255933606,SUCCESS,hbar,0.0.3964804,0.0.4138717@1777922043.017275096
0.0.9584885,0.008378582944595987,SUCCESS,hbar,0.0.3964804,0.0.4138717@1777922044.400768389
0.0.10093024,0.3547464021009912,SUCCESS,hbar,0.0.3964804,0.0.4138717@1777922042.849892004
0.0.816698,9.380470778691611,SUCCESS,hbar,0.0.3964804,0.0.4138717@1777922045.037601692
0.0.820706,4.893654393039523,SUCCESS,hbar,0.0.3964804,0.0.4138717@1777922046.474967240
0.0.4372819,0.01928092496476362,SUCCESS,hbar,0.0.3964804,0.0.4138717@1777922044.907641816
0.0.1729400,0.5644788502860226,SUCCESS,hbar,0.0.3964804,0.0.4138717@1777922046.263350850
0.0.10072624,0.03882986325954924,SUCCESS,hbar,0.0.3964804,0.0.4138717@1777922047.858361653
0.0.1459068,0.04311084540616706,SUCCESS,hbar,0.0.3964804,0.0.4138717@1777922047.466174053
0.0.9640903,0.436641360543539,SUCCESS,hbar,0.0.3964804,0.0.4138717@1777922046.814515829
0.0.2963879,1.913387522284226,SUCCESS,hbar,0.0.3964804,0.0.4138717@1777922050.732515283
0.0.1745725,2.398973880534766,SUCCESS,hbar,0.0.3964804,0.0.4138717@1777922049.311381103
0.0.4873525,0.059862325312266,SUCCESS,hbar,0.0.3964804,0.0.4138717@1777922048.859246360
0.0.10004246,0.5522217275317673,SUCCESS,hbar,0.0.3964804,0.0.4138717@1777922052.020777744
0.0.9401320,3.921662671714659,SUCCESS,hbar,0.0.3964804,0.0.4138717@1777922049.996819969
0.0.5922808,0.0360961422783804,SUCCESS,hbar,0.0.3964804,0.0.4138717@1777922048.376694849
0.0.751161,1.919051893549015,SUCCESS,hbar,0.0.3964804,0.0.4138717@1777922051.810599277
0.0.9973346,0.004005247006837198,SUCCESS,hbar,0.0.3964804,0.0.4138717@1777922052.809107577
0.0.9477942,0.01747850144907357,SUCCESS,hbar,0.0.3964804,0.0.4138717@1777922054.282834504
0.0.4552382,0.004097640647469346,SUCCESS,hbar,0.0.3964804,0.0.4138717@1777922051.405732749
0.0.937712,7.145310005871687,SUCCESS,hbar,0.0.3964804,0.0.4138717@1777922054.105115001
0.0.955353,0.05810671754973316,SUCCESS,hbar,0.0.3964804,0.0.4138717@1777922051.489987586
0.0.4762160,6.365683950307444,SUCCESS,hbar,0.0.3964804,0.0.4138717@1777922054.223853202
0.0.1696471,11.4110401047664,SUCCESS,hbar,0.0.3964804,0.0.4138717@1777922053.331766742
0.0.683815,0.02040053283927046,SUCCESS,hbar,0.0.3964804,0.0.4138717@1777922053.093283363
0.0.4725260,0.09098976984995931,SUCCESS,hbar,0.0.3964804,0.0.4138717@1777922056.731650920
0.0.835929,0.000001642275857665325,SUCCESS,hbar,0.0.3964804,0.0.4138717@1777922054.836044764
0.0.1052080,0.361167347367932,SUCCESS,hbar,0.0.3964804,0.0.4138717@1777922057.005762185
0.0.4712922,0.02465692822721448,SUCCESS,hbar,0.0.3964804,0.0.4138717@1777922055.311727174
0.0.4140342,0.1270687260886021,SUCCESS,hbar,0.0.3964804,0.0.4138717@1777922058.838826936
0.0.4576074,0.1311903921810775,SUCCESS,hbar,0.0.3964804,0.0.4138717@1777922057.303744414
0.0.4558719,0.004795355821343353,SUCCESS,hbar,0.0.3964804,0.0.4138717@1777922058.798051968
0.0.4552348,0.004357461668828682,SUCCESS,hbar,0.0.3964804,0.0.4138717@1777922059.285351620
0.0.4552309,0.004097873469511267,SUCCESS,hbar,0.0.3964804,0.0.4138717@1777922060.727013296
0.0.9285770,0.1111511015322706,SUCCESS,hbar,0.0.3964804,0.0.4138717@1777922061.935702308
0.0.1082201,13.38235961726495,SUCCESS,hbar,0.0.3964804,0.0.4138717@1777922058.959381387
0.0.4571567,0.7781071341778409,SUCCESS,hbar,0.0.3964804,0.0.4138717@1777922058.512611545
0.0.1024843,0.00001503353851791197,SUCCESS,hbar,0.0.3964804,0.0.4138717@1777922061.908333293
0.0.4573495,2061.166471091843,SUCCESS,hbar,0.0.3964804,0.0.4138717@1777922063.233878619
0.0.1105845,0.900858322040463,SUCCESS,hbar,0.0.3964804,0.0.4138717@1777922061.825139145
0.0.8083839,8.032743110259313,SUCCESS,hbar,0.0.3964804,0.0.4138717@1777922062.740678394
0.0.10062632,0.008107839186868367,SUCCESS,hbar,0.0.3964804,0.0.4138717@1777922060.092740053
0.0.9360820,49.98436392496976,SUCCESS,hbar,0.0.3964804,0.0.4138717@1777922061.077136527
0.0.1071830,0.05638203168634649,SUCCESS,hbar,0.0.3964804,0.0.4138717@1777922063.020952638
0.0.10251800,0.0007576280094135315,SUCCESS,hbar,0.0.3964804,0.0.4138717@1777922062.525696564
0.0.10268439,5.188459693293656,SUCCESS,hbar,0.0.3964804,0.0.4138717@1777922065.364144208
0.0.1365779,0.3158062944091778,SUCCESS,hbar,0.0.3964804,0.0.4138717@1777922066.914176893
0.0.9364762,0.01022888130210729,SUCCESS,hbar,0.0.3964804,0.0.4138717@1777922064.870197913
0.0.3012601,0.3518943701088803,SUCCESS,hbar,0.0.3964804,0.0.4138717@1777922063.554787748
0.0.5012902,0.007077272715093671,SUCCESS,hbar,0.0.3964804,0.0.4138717@1777922067.503117285
0.0.9636419,0.3880543497326971,SUCCESS,hbar,0.0.3964804,0.0.4138717@1777922067.264479129
0.0.5805332,1.242273597358361,SUCCESS,hbar,0.0.3964804,0.0.4138717@1777922066.024951899
0.0.9602777,0.0177671506636011,SUCCESS,hbar,0.0.3964804,0.0.4138717@1777922069.723037077
0.0.9590994,11.72879305503242,SUCCESS,hbar,0.0.3964804,0.0.4138717@1777922069.725765699
0.0.9565816,5.805953731498708,SUCCESS,hbar,0.0.3964804,0.0.4138717@1777922067.399123413
0.0.9365757,0.6699729313423322,SUCCESS,hbar,0.0.3964804,0.0.4138717@1777922066.981949198
0.0.8080965,0.009799783298255697,SUCCESS,hbar,0.0.3964804,0.0.4138717@1777922071.488110699
0.0.8070994,1.611108591207718,SUCCESS,hbar,0.0.3964804,0.0.4138717@1777922071.354042726
0.0.8246604,0.001764938909317468,SUCCESS,hbar,0.0.3964804,0.0.4138717@1777922069.035639371
0.0.190191,0.07708221075042121,SUCCESS,hbar,0.0.3964804,0.0.4138717@1777922072.585074614
0.0.9504249,0.2368895137763685,SUCCESS,hbar,0.0.3964804,0.0.4138717@1777922073.631978392
0.0.4594903,0.03099247186127623,SUCCESS,hbar,0.0.3964804,0.0.4138717@1777922071.939020628
0.0.871471,3.211029990511695,SUCCESS,hbar,0.0.3964804,0.0.4138717@1777922072.446915049
0.0.887615,0.0106565158094474,SUCCESS,hbar,0.0.3964804,0.0.4138717@1777922069.359298691
0.0.1056474,4.044800075070261,SUCCESS,hbar,0.0.3964804,0.0.4138717@1777922070.111448623
0.0.9450539,1.008208348047047,SUCCESS,hbar,0.0.3964804,0.0.4138717@1777922074.392328060
0.0.9444587,1.971004355346195,SUCCESS,hbar,0.0.3964804,0.0.4138717@1777922076.659400001
0.0.9146353,2.487309672580481,SUCCESS,hbar,0.0.3964804,0.0.4138717@1777922074.940214946
0.0.6160732,0.0735188679253985,SUCCESS,hbar,0.0.3964804,0.0.4138717@1777922073.359953796
0.0.4330332,0.2339048907837398,SUCCESS,hbar,0.0.3964804,0.0.4138717@1777922074.711044807
0.0.813564,0.001017442712008194,SUCCESS,hbar,0.0.3964804,0.0.4138717@1777922076.934800115
0.0.9367202,0.001853301718547405,SUCCESS,hbar,0.0.3964804,0.0.4138717@1777922074.805148819
0.0.9318048,0.01592872245648981,SUCCESS,hbar,0.0.3964804,0.0.4138717@1777922077.537359879
0.0.5159009,20.18837054917076,SUCCESS,hbar,0.0.3964804,0.0.4138717@1777922077.919088001
0.0.8880678,0.02480020135669556,SUCCESS,hbar,0.0.3964804,0.0.4138717@1777922078.457834092
0.0.9275748,0.1220754689908906,SUCCESS,hbar,0.0.3964804,0.0.4138717@1777922081.214389582
0.0.9150527,1.355109511925803,SUCCESS,hbar,0.0.3964804,0.0.4138717@1777922079.245443501
0.0.9729389,0.1362967474874252,SUCCESS,hbar,0.0.3964804,0.0.4138717@1777922078.861867189
0.0.9720442,0.06665345357029574,SUCCESS,hbar,0.0.3964804,0.0.4138717@1777922083.700122438
0.0.9687167,0.2568119603413606,SUCCESS,hbar,0.0.3964804,0.0.4138717@1777922082.906644375
0.0.6320740,0.8464962019941183,SUCCESS,hbar,0.0.3964804,0.0.4138717@1777922082.999653757
0.0.7983506,0.00003833931781676889,SUCCESS,hbar,0.0.3964804,0.0.4138717@1777922084.401808468