account,amount,state,token address,pool address,tx id
0.0.1464418,16.01045979839613,SUCCESS,0.0.731861,0.0.3951117,0.0.4138717@1782759345.189424636
0.0.4713153,14.04368403151334,SUCCESS,0.0.731861,0.0.3951117,0.0.4138717@1782759347.382441751
0.0.8212757,4.853046178034736,SUCCESS,0.0.731861,0.0.3951117,0.0.4138717@1782759344.196746010
0.0.819005,29.4611904792534,SUCCESS,0.0.731861,0.0.3951117&0.0.5328590,0.0.4138717@1782759343.910342518
0.0.8071373,2.945953860819494,SUCCESS,0.0.731861,0.0.3951117,0.0.4138717@1782759343.427636845
0.0.8068996,1.036040936648263,SUCCESS,0.0.731861,0.0.3951117&0.0.3964790&0.0.3964804&0.0.3964827&0.0.5328590,0.0.4138717@1782759343.655486872
0.0.5688804,7.15095182137012,SUCCESS,0.0.731861,0.0.3951117&0.0.3964827,0.0.4138717@1782759343.594461913
0.0.3706536,0.02232394342926369,SUCCESS,0.0.731861,0.0.3951117,0.0.4138717@1782759343.731291267
0.0.7989790,0.08060916601752834,SUCCESS,0.0.731861,0.0.3951117,0.0.4138717@1782759346.124451012
0.0.7555632,0.1943264268359086,SUCCESS,0.0.731861,0.0.3951117,0.0.4138717@1782759345.819751371
0.0.834595,19.73377649375501,SUCCESS,0.0.731861,0.0.3951117&0.0.3964804&0.0.5328590,0.0.4138717@1782759350.115833655
0.0.1123889,4.924761736545902,SUCCESS,0.0.731861,0.0.3951117&0.0.3964804,0.0.4138717@1782759351.011236793
0.0.7726808,3.423171297910696,SUCCESS,0.0.731861,0.0.3951117,0.0.4138717@1782759351.152927269
0.0.8260017,0.3175274263729507,SUCCESS,0.0.731861,0.0.3951117&0.0.3964804,0.0.4138717@1782759352.463282503
0.0.2137668,82.38915664727458,SUCCESS,0.0.731861,0.0.3951117&0.0.3964804,0.0.4138717@1782759350.687650345
0.0.8382774,1.099738086986704,SUCCESS,0.0.731861,0.0.3951117&0.0.3964804,0.0.4138717@1782759352.236060970
0.0.3943340,0.2815571601444355,SUCCESS,0.0.731861,0.0.3951117,0.0.4138717@1782759353.046921605
0.0.1374442,53.37351431231779,SUCCESS,0.0.731861,0.0.3951117&0.0.3964804&0.0.4601632,0.0.4138717@1782759353.312888776
0.0.5352069,1.257442718980199,SUCCESS,0.0.731861,0.0.3951117,0.0.4138717@1782759357.078220958
0.0.8490555,4.093085382121033,SUCCESS,0.0.731861,0.0.3951117,0.0.4138717@1782759360.073717679
0.0.4331763,425.0303847586244,SUCCESS,0.0.731861,0.0.3951117,0.0.4138717@1782759360.530831814
0.0.8638339,0.2179205341640174,SUCCESS,0.0.731861,0.0.3951117,0.0.4138717@1782759361.583375665
0.0.8546442,16.89122013064728,SUCCESS,0.0.731861,0.0.3951117,0.0.4138717@1782759359.533032903
0.0.8684349,1100.047115182172,SUCCESS,0.0.731861,0.0.3951117,0.0.4138717@1782759359.555311182
0.0.4184733,422.7584660977907,SUCCESS,0.0.731861,0.0.3951117,0.0.4138717@1782759359.347683506
0.0.9112426,1.805441070357464,SUCCESS,0.0.731861,0.0.3951117&0.0.3964804&0.0.3964860,0.0.4138717@1782759361.058374309
0.0.9099631,15.24186146875092,SUCCESS,0.0.731861,0.0.3951117&0.0.6071119,0.0.4138717@1782759366.840256438
0.0.1512938,0.001812536526226741,SUCCESS,0.0.731861,0.0.3951117,0.0.4138717@1782759365.394467370
0.0.4858736,0.1089666178270187,SUCCESS,0.0.731861,0.0.3951117,0.0.4138717@1782759363.832304748
0.0.664329,27.92106229804076,SUCCESS,0.0.731861,0.0.3951117&0.0.6071119&0.0.6126395,0.0.4138717@1782759366.232732944
0.0.4792831,0.008300912639343792,SUCCESS,0.0.731861,0.0.3951117,0.0.4138717@1782759365.156668466
0.0.4338219,16.47145330953171,SUCCESS,0.0.731861,0.0.3951117,0.0.4138717@1782759367.520149026
0.0.4745055,0.01573028097981264,SUCCESS,0.0.731861,0.0.3951117,0.0.4138717@1782759367.635134094
0.0.1339713,11.27139585684698,SUCCESS,0.0.731861,0.0.3951117&0.0.3964804,0.0.4138717@1782759368.209464897
0.0.1784251,9.069789434534954,SUCCESS,0.0.731861,0.0.3951117&0.0.3964804&0.0.4601632&0.0.5328590&0.0.10414792&0.0.10498274,0.0.4138717@1782759367.071428319
0.0.4339712,0.8599454049370869,SUCCESS,0.0.731861,0.0.3951117,0.0.4138717@1782759370.226294090
0.0.834443,293.8475829573628,SUCCESS,0.0.731861,0.0.3951117,0.0.4138717@1782759368.499691733
0.0.4691881,1.632890248227112,SUCCESS,0.0.731861,0.0.3951117,0.0.4138717@1782759369.773408789
0.0.4331665,3.005282281415221,SUCCESS,0.0.731861,0.0.3951117,0.0.4138717@1782759372.569233033
0.0.4361868,130.2294465133351,SUCCESS,0.0.731861,0.0.3951117,0.0.4138717@1782759372.233442145
0.0.4433722,0.172131818990745,SUCCESS,0.0.731861,0.0.3951117,0.0.4138717@1782759374.978337002
0.0.3925109,0.0001115094517817531,SUCCESS,0.0.731861,0.0.3951117,0.0.4138717@1782759377.813654342
0.0.4591423,2.826158762971207,SUCCESS,0.0.731861,0.0.3951117&0.0.3964855&0.0.4601632,0.0.4138717@1782759381.458426579
0.0.3872466,0.3050854083370451,SUCCESS,0.0.731861,0.0.3951117,0.0.4138717@1782759382.518935321
0.0.1508462,82.14192336446744,SUCCESS,0.0.731861,0.0.3951117,0.0.4138717@1782759379.889836912
0.0.6198709,14.5578009458295,SUCCESS,0.0.731861,0.0.3951117,0.0.4138717@1782759383.237887079
0.0.7490874,2.430150967440714,SUCCESS,0.0.731861,0.0.3951117&0.0.3964804,0.0.4138717@1782759384.742607917
0.0.6270084,2639.684609263805,SUCCESS,0.0.731861,0.0.3951117&0.0.3964804,0.0.4138717@1782759383.324637411
0.0.5126364,40.76452706562809,SUCCESS,0.0.731861,0.0.3951117,0.0.4138717@1782759385.128886814
0.0.7287636,308.5554590507567,SUCCESS,0.0.731861,0.0.3951117&0.0.3961531&0.0.3964804&0.0.4601632&0.0.8315114&0.0.10093026,0.0.4138717@1782759386.404700408
0.0.1380352,3.806617994523909,SUCCESS,0.0.731861,0.0.3951117,0.0.4138717@1782759388.475144977
0.0.7129552,144.2618865180133,SUCCESS,0.0.731861,0.0.3951117&0.0.3964827&0.0.6071119,0.0.4138717@1782759389.383696792
0.0.1023730,5.743646289595326,SUCCESS,0.0.731861,0.0.3951117,0.0.4138717@1782759388.371147376
0.0.696790,18.1744350558342,SUCCESS,0.0.731861,0.0.3951117&0.0.3964804,0.0.4138717@1782759389.562957678
0.0.5060163,0.8815015015432541,SUCCESS,0.0.731861,0.0.3951117,0.0.4138717@1782759389.326624030
0.0.1904506,0.001528774271892396,SUCCESS,0.0.731861,0.0.3951117,0.0.4138717@1782759390.428102021
0.0.1458130,0.1056309205823382,SUCCESS,0.0.731861,0.0.3951117,0.0.4138717@1782759390.307096605
0.0.5702270,280.4307709433932,SUCCESS,0.0.731861,0.0.3951117&0.0.4601632&0.0.5328590&0.0.6071119,0.0.4138717@1782759390.933381274
0.0.5156210,0.03962891963345094,SUCCESS,0.0.731861,0.0.3951117&0.0.3964804,0.0.4138717@1782759392.128944739
0.0.5028724,0.01434891321542337,SUCCESS,0.0.731861,0.0.3951117,0.0.4138717@1782759394.405836854
0.0.4324518,2.778095292083395,SUCCESS,0.0.731861,0.0.3951117,0.0.4138717@1782759393.890656149
0.0.4383878,0.9354985456270947,SUCCESS,0.0.731861,0.0.3951117&0.0.6078459,0.0.4138717@1782759393.096399097
0.0.4430933,393.6444403358058,SUCCESS,0.0.731861,0.0.3951117&0.0.3964827,0.0.4138717@1782759394.180552580
0.0.1877739,3.742890619920266,SUCCESS,0.0.731861,0.0.3951117&0.0.3964827&0.0.4601632,0.0.4138717@1782759395.334333408
0.0.4551977,0.3851978696188217,SUCCESS,0.0.731861,0.0.3951117,0.0.4138717@1782759398.724499080
0.0.4766933,71.50908993352601,SUCCESS,0.0.731861,0.0.3951117,0.0.4138717@1782759397.079142776
0.0.1110477,39.15027614407025,SUCCESS,0.0.731861,0.0.3951117,0.0.4138717@1782759401.626605198
0.0.1490591,56.80508464039546,SUCCESS,0.0.731861,0.0.3951117&0.0.3964790&0.0.3964804,0.0.4138717@1782759402.338201253
0.0.1023917,48.74271491126476,SUCCESS,0.0.731861,0.0.3951117&0.0.3964804&0.0.3964855&0.0.4601632&0.0.6071119,0.0.4138717@1782759400.202660623
0.0.1506598,7.141864875635244,SUCCESS,0.0.731861,0.0.3951117,0.0.4138717@1782759405.202800996
0.0.4559340,0.4667275610810322,SUCCESS,0.0.731861,0.0.3951117,0.0.4138717@1782759403.634952210
0.0.7798148,11.02540013378988,SUCCESS,0.0.731861,0.0.3951117,0.0.4138717@1782759402.895806059
0.0.7843482,4.496865689239164,SUCCESS,0.0.731861,0.0.3951117&0.0.3964804,0.0.4138717@1782759405.185250535
0.0.7835270,22.87411771524838,SUCCESS,0.0.731861,0.0.3951117,0.0.4138717@1782759404.259089765
0.0.4503599,5.492039457075104,SUCCESS,0.0.731861,0.0.3951117,0.0.4138717@1782759404.887787415
0.0.4347838,9.942544242123208,SUCCESS,0.0.731861,0.0.3951117,0.0.4138717@1782759406.499914483
0.0.1726157,16.80903325726512,SUCCESS,0.0.731861,0.0.3951117&0.0.3964804,0.0.4138717@1782759410.095706352
0.0.4864609,0.4176364997272479,SUCCESS,0.0.731861,0.0.3951117,0.0.4138717@1782759410.836874589
0.0.598828,0.1303499547491939,SUCCESS,0.0.731861,0.0.3951117&0.0.3964804,0.0.4138717@1782759412.289704762
0.0.4302086,0.4976034517432585,SUCCESS,0.0.731861,0.0.3951117,0.0.4138717@1782759409.013205006
0.0.7991960,20.82777156339207,SUCCESS,0.0.731861,0.0.3951117&0.0.3964804,0.0.4138717@1782759412.097163652
0.0.1601282,0.3089646082433861,SUCCESS,0.0.731861,0.0.3951117,0.0.4138717@1782759412.506219980
0.0.2125030,188.254371831503,SUCCESS,0.0.731861,0.0.3951117&0.0.3961531,0.0.4138717@1782759414.502949857
0.0.856667,26.31352250667531,SUCCESS,0.0.731861,0.0.3951117&0.0.3964804,0.0.4138717@1782759411.269969667
0.0.1991961,179.8034422141884,SUCCESS,0.0.731861,0.0.3951117&0.0.3964790&0.0.3964827&0.0.4601632&0.0.6071041,0.0.4138717@1782759415.798316523
0.0.8068689,412.7651966864108,SUCCESS,0.0.731861,0.0.3951117&0.0.3964804&0.0.3964827,0.0.4138717@1782759413.546738977
0.0.7889838,0.1431904622782681,SUCCESS,0.0.731861,0.0.3951117,0.0.4138717@1782759414.454169066
0.0.6258771,11.73980823950264,SUCCESS,0.0.731861,0.0.3951117,0.0.4138717@1782759414.343326422
0.0.1379217,14.64587088362055,NOT_ASSOCIATED,0.0.731861,0.0.3951117,
0.0.6440477,1.993365099432282,SUCCESS,0.0.731861,0.0.3951117&0.0.3964804,0.0.4138717@1782759413.744694741
0.0.4775299,3.895108973084149,SUCCESS,0.0.731861,0.0.3951117,0.0.4138717@1782759417.287123970
0.0.4758169,2.320260824484745,SUCCESS,0.0.731861,0.0.3951117,0.0.4138717@1782759418.725489714
0.0.3071320,120.2291629144878,SUCCESS,0.0.731861,0.0.3951117,0.0.4138717@1782759420.390428674
0.0.4330219,0.8546250723322861,SUCCESS,0.0.731861,0.0.3951117&0.0.3964790,0.0.4138717@1782759418.357330368
0.0.2968839,133.0229375092291,SUCCESS,0.0.731861,0.0.3951117&0.0.3964804&0.0.4601632,0.0.4138717@1782759418.329568681
0.0.4923080,0.6175848681923611,SUCCESS,0.0.731861,0.0.3951117,0.0.4138717@1782759418.422097601
0.0.3242760,92.67421570886398,SUCCESS,0.0.731861,0.0.3951117&0.0.3961531&0.0.3964804,0.0.4138717@1782759421.648805121
0.0.5797983,1.031539026492427,SUCCESS,0.0.731861,0.0.3951117&0.0.3961531&0.0.3964804,0.0.4138717@1782759419.049385999
0.0.850535,745.4489428851431,SUCCESS,0.0.731861,0.0.3951117&0.0.3964790&0.0.4129330&0.0.4601632&0.0.5328590,0.0.4138717@1782759426.238419639
0.0.6244791,4.668100127178804,SUCCESS,0.0.731861,0.0.3951117,0.0.4138717@1782759422.710103464
0.0.6313910,485.4232732852085,SUCCESS,0.0.731861,0.0.3951117&0.0.3964804,0.0.4138717@1782759427.767676888
0.0.6289117,57.16593992138009,SUCCESS,0.0.731861,0.0.3951117&0.0.3964804&0.0.4601632&0.0.6071041,0.0.4138717@1782759428.054048236
0.0.8190429,3.996957671337779,SUCCESS,0.0.731861,0.0.3951117,0.0.4138717@1782759425.518848458
0.0.874760,275.4891191925719,SUCCESS,0.0.731861,0.0.3951117&0.0.3964804&0.0.6078459,0.0.4138717@1782759430.940560060
0.0.4345324,0.4826271450147903,SUCCESS,0.0.731861,0.0.3951117,0.0.4138717@1782759426.677132569
0.0.4702708,161.1859437724895,SUCCESS,0.0.731861,0.0.3951117&0.0.3964827,0.0.4138717@1782759431.531697965
0.0.6026305,0.8434717041307475,SUCCESS,0.0.731861,0.0.3951117,0.0.4138717@1782759430.136254076
0.0.6781119,1395.845607747639,SUCCESS,0.0.731861,0.0.3951117&0.0.3961531&0.0.3964804&0.0.3964827&0.0.3964860&0.0.4601632&0.0.5328590&0.0.6071119&0.0.8315114&0.0.10018365,0.0.4138717@1782759431.198289070
0.0.7262531,0.08763384296285735,SUCCESS,0.0.731861,0.0.3951117&0.0.3964804,0.0.4138717@1782759429.865580452
0.0.7138336,0.08447002632238486,SUCCESS,0.0.731861,0.0.3951117&0.0.3961531,0.0.4138717@1782759430.664497434
0.0.1340928,186.1932572567245,SUCCESS,0.0.731861,0.0.3951117,0.0.4138717@1782759428.811769446
0.0.7479340,5.192111042495123,SUCCESS,0.0.731861,0.0.3951117&0.0.3964804,0.0.4138717@1782759431.159341285
0.0.5078033,8.061856406023612,SUCCESS,0.0.731861,0.0.3951117&0.0.4601632,0.0.4138717@1782759432.800484140
0.0.4229805,2.229255136417017,SUCCESS,0.0.731861,0.0.3951117,0.0.4138717@1782759433.588391883
0.0.10088944,5.257047474229593,SUCCESS,0.0.731861,0.0.3951117&0.0.3964804,0.0.4138717@1782759435.486818412
0.0.9154738,11.01688490503442,SUCCESS,0.0.731861,0.0.3951117&0.0.3964804&0.0.3964827&0.0.6071119,0.0.4138717@1782759433.002523122
0.0.2994397,5.398776051941233,SUCCESS,0.0.731861,0.0.3951117,0.0.4138717@1782759432.329662512
0.0.9619890,30.54094894887963,SUCCESS,0.0.731861,0.0.3951117&0.0.3964804&0.0.6071119&0.0.8315114,0.0.4138717@1782759435.493278002
0.0.9597272,3.745335319985057,SUCCESS,0.0.731861,0.0.3951117,0.0.4138717@1782759434.161270946
0.0.7680254,13.26613009824898,SUCCESS,0.0.731861,0.0.3951117&0.0.3961531&0.0.3964804,0.0.4138717@1782759433.284966059
0.0.52231,16.06499256839335,SUCCESS,0.0.731861,0.0.3951117,0.0.4138717@1782759433.670913000
0.0.4570908,481.7479648554685,SUCCESS,0.0.731861,0.0.3951117&0.0.5328590,0.0.4138717@1782759434.893404122
0.0.835242,0.03806997405435585,SUCCESS,0.0.731861,0.0.3951117,0.0.4138717@1782759435.917969594
0.0.8341357,0.9431091936658713,SUCCESS,0.0.731861,0.0.3951117,0.0.4138717@1782759435.615572854
0.0.4349716,215.114437742158,SUCCESS,0.0.731861,0.0.3951117&0.0.3964790&0.0.3964804&0.0.3964827&0.0.5328590&0.0.6078473,0.0.4138717@1782759439.147047335
0.0.10064213,3.050797788425171,SUCCESS,0.0.731861,0.0.3951117&0.0.3964804,0.0.4138717@1782759438.843153346
0.0.6374996,126.5919511523873,SUCCESS,0.0.731861,0.0.3951117&0.0.3964827&0.0.5328590,0.0.4138717@1782759436.530012872
0.0.9318600,435.2883280112412,SUCCESS,0.0.731861,0.0.3951117,0.0.4138717@1782759440.667201943
0.0.139500,64.91216325353977,SUCCESS,0.0.731861,0.0.3951117&0.0.3964790&0.0.3964860,0.0.4138717@1782759439.453430555
0.0.7920605,46.19618171465552,SUCCESS,0.0.731861,0.0.3951117&0.0.3961531&0.0.3964790&0.0.5328590,0.0.4138717@1782759436.987634679
0.0.1123753,5.439144639295519,SUCCESS,0.0.731861,0.0.3951117&0.0.4129330,0.0.4138717@1782759440.750338283
0.0.3525426,28.0470566703814,SUCCESS,0.0.731861,0.0.3951117&0.0.3964790&0.0.3964804&0.0.3964860&0.0.4601632&0.0.5328590,0.0.4138717@1782759437.806779293
0.0.8485588,578.8814489064569,SUCCESS,0.0.731861,0.0.3951117,0.0.4138717@1782759443.033753658
0.0.1462225,4412.663491487977,SUCCESS,0.0.731861,0.0.3951117,0.0.4138717@1782759444.570928962
0.0.9430013,157.7782380490943,SUCCESS,0.0.731861,0.0.3951117,0.0.4138717@1782759441.170070255
0.0.1792818,0.01626432195026256,SUCCESS,0.0.731861,0.0.3951117,0.0.4138717@1782759444.394767962
0.0.10206048,3.236973424277914,SUCCESS,0.0.731861,0.0.3951117,0.0.4138717@1782759443.996176856
0.0.4569835,0.01657030990285344,SUCCESS,0.0.731861,0.0.3951117,0.0.4138717@1782759445.754492269
0.0.490092,0.3233116518172579,SUCCESS,0.0.731861,0.0.3951117,0.0.4138717@1782759445.662971625
0.0.516971,8.991191004491002e-7,SUCCESS,0.0.731861,0.0.3951117&0.0.4129330,0.0.4138717@1782759444.429457452
0.0.7526203,4.872669011156281,SUCCESS,0.0.731861,0.0.3951117&0.0.3964804,0.0.4138717@1782759445.123596414
0.0.4912200,312.1031404243977,SUCCESS,0.0.731861,0.0.3951117&0.0.3964804,0.0.4138717@1782759445.679454407
0.0.4342759,87.73027650301874,SUCCESS,0.0.731861,0.0.3951117,0.0.4138717@1782759445.731064155
0.0.1691323,70.83353685936926,SUCCESS,0.0.731861,0.0.3951117&0.0.3964804,0.0.4138717@1782759449.546081202
0.0.8616856,177.09252999469,SUCCESS,0.0.731861,0.0.3951117&0.0.3961531&0.0.3964804&0.0.6071119,0.0.4138717@1782759446.715982234
0.0.2960169,2.755354983072621,SUCCESS,0.0.731861,0.0.3951117&0.0.3961531&0.0.3964827,0.0.4138717@1782759449.614636045
0.0.4339505,369.496884980841,SUCCESS,0.0.731861,0.0.3951117,0.0.4138717@1782759448.331588952
0.0.8531519,10.711358347267,SUCCESS,0.0.731861,0.0.3951117,0.0.4138717@1782759450.419357456
0.0.2122027,25.27154814178643,SUCCESS,0.0.731861,0.0.3951117&0.0.3961531&0.0.3964804,0.0.4138717@1782759450.315544780
0.0.4531253,12.94658403856053,SUCCESS,0.0.731861,0.0.3951117&0.0.3961531&0.0.3964804&0.0.3964855&0.0.4129330&0.0.8315114,0.0.4138717@1782759451.611268228
0.0.9104463,26.6867737014587,SUCCESS,0.0.731861,0.0.3951117&0.0.3964804,0.0.4138717@1782759451.164265375
0.0.7788937,0.08659133723508511,SUCCESS,0.0.731861,0.0.3951117&0.0.10018365,0.0.4138717@1782759451.171714364
0.0.9150357,15.83193194426873,NOT_ASSOCIATED,0.0.731861,0.0.3951117,
0.0.4575306,0.01077816566591516,SUCCESS,0.0.731861,0.0.3951117,0.0.4138717@1782759456.244042346
0.0.8899262,10.07732595895127,SUCCESS,0.0.731861,0.0.3951117,0.0.4138717@1782759454.430209244
0.0.3310398,1.427802469882086,SUCCESS,0.0.731861,0.0.3951117&0.0.3964804,0.0.4138717@1782759454.911410367
0.0.9120392,4.256660940289057,SUCCESS,0.0.731861,0.0.3951117&0.0.3964804&0.0.8315114,0.0.4138717@1782759457.285161873
0.0.9195929,313.713189192915,SUCCESS,0.0.731861,0.0.3951117&0.0.3964804&0.0.5328590&0.0.8315114,0.0.4138717@1782759457.720427988
0.0.7891604,32.00007795550493,SUCCESS,0.0.731861,0.0.3951117,0.0.4138717@1782759458.993824137
0.0.9200436,2.023462371639335,SUCCESS,0.0.731861,0.0.3951117&0.0.3961531,0.0.4138717@1782759456.136019524
0.0.657648,242.7311271063132,SUCCESS,0.0.731861,0.0.3951117&0.0.3961531&0.0.3964790,0.0.4138717@1782759459.113608348
0.0.6872459,1027.973311480984,SUCCESS,0.0.731861,0.0.3951117,0.0.4138717@1782759460.232444227
0.0.9301583,192.2189597916017,SUCCESS,0.0.731861,0.0.3951117,0.0.4138717@1782759461.177764136
0.0.4351536,4.088955745137896,SUCCESS,0.0.731861,0.0.3951117,0.0.4138717@1782759461.982126821
0.0.844585,33.8969329219228,SUCCESS,0.0.731861,0.0.3951117&0.0.3964804,0.0.4138717@1782759459.701389771
0.0.4370057,0.6053253827641337,SUCCESS,0.0.731861,0.0.3951117,0.0.4138717@1782759461.693812017
0.0.1266990,0.3491989173581022,SUCCESS,0.0.731861,0.0.3951117,0.0.4138717@1782759462.644974614
0.0.4324463,0.5448207210526497,SUCCESS,0.0.731861,0.0.3951117&0.0.3964790,0.0.4138717@1782759463.417253121
0.0.4582751,0.8285201778314911,SUCCESS,0.0.731861,0.0.3951117,0.0.4138717@1782759462.625962120
0.0.4321631,22.47131993909262,SUCCESS,0.0.731861,0.0.3951117&0.0.3964804,0.0.4138717@1782759462.679474811
0.0.4324445,4.358120871445183,SUCCESS,0.0.731861,0.0.3951117&0.0.3964804&0.0.3964855,0.0.4138717@1782759461.467856512
0.0.795933,8.152501651910141,SUCCESS,0.0.731861,0.0.3951117,0.0.4138717@1782759463.303448058
0.0.1506629,0.5057295078310956,SUCCESS,0.0.731861,0.0.3951117,0.0.4138717@1782759462.837911899
0.0.4544530,247.3230527816795,SUCCESS,0.0.731861,0.0.3951117&0.0.3961531&0.0.3964790&0.0.3964804&0.0.3964827&0.0.3964855&0.0.3964860&0.0.4129330&0.0.4601632&0.0.5328590&0.0.6071041&0.0.6078459&0.0.6078473,0.0.4138717@1782759464.405289112
0.0.4348824,0.1592986865257225,SUCCESS,0.0.731861,0.0.3951117,0.0.4138717@1782759464.575418608
0.0.104926,0.0357131027375128,SUCCESS,0.0.731861,0.0.3951117,0.0.4138717@1782759466.412612931
0.0.5118079,6.057008498099829,SUCCESS,0.0.731861,0.0.3951117&0.0.3964804,0.0.4138717@1782759465.123846935
0.0.4322065,9.226471165682602,SUCCESS,0.0.731861,0.0.3951117,0.0.4138717@1782759469.474133481
0.0.1338331,3.794220676214689,SUCCESS,0.0.731861,0.0.3951117,0.0.4138717@1782759468.716099808
0.0.4349304,0.3914874011952902,SUCCESS,0.0.731861,0.0.3951117&0.0.3964790,0.0.4138717@1782759469.779658420
0.0.4352091,41.56257823646247,SUCCESS,0.0.731861,0.0.3951117&0.0.5328590,0.0.4138717@1782759470.130284669
0.0.1735540,14.85737804189534,SUCCESS,0.0.731861,0.0.3951117&0.0.5328590,0.0.4138717@1782759468.794026413
0.0.1910285,1.107695187507718,SUCCESS,0.0.731861,0.0.3951117,0.0.4138717@1782759470.260318626
0.0.4350041,1.71525743026713,SUCCESS,0.0.731861,0.0.3951117,0.0.4138717@1782759472.197412856
0.0.1097257,807.6720073447389,SUCCESS,0.0.731861,0.0.3951117&0.0.3964827&0.0.4601632&0.0.5328590,0.0.4138717@1782759473.797286316
0.0.1075892,9.869633789448216,SUCCESS,0.0.731861,0.0.3951117,0.0.4138717@1782759472.853695660
0.0.4986167,0.824842509520481,SUCCESS,0.0.731861,0.0.3951117,0.0.4138717@1782759473.470619759
0.0.1322785,143.7759769920549,SUCCESS,0.0.731861,0.0.3951117,0.0.4138717@1782759476.997900641
0.0.4354394,102.6888320570528,SUCCESS,0.0.731861,0.0.3951117&0.0.3964790,0.0.4138717@1782759478.845113150
0.0.3829916,107.0111364868692,SUCCESS,0.0.731861,0.0.3951117,0.0.4138717@1782759479.378700932
0.0.662296,347.5313552565984,SUCCESS,0.0.731861,0.0.3951117&0.0.5328590,0.0.4138717@1782759478.851890644
0.0.853268,197.7254167343795,SUCCESS,0.0.731861,0.0.3951117,0.0.4138717@1782759478.566100627
0.0.1711779,0.0818317480532301,SUCCESS,0.0.731861,0.0.3951117,0.0.4138717@1782759480.880703902
0.0.5117832,261.3854051400917,SUCCESS,0.0.731861,0.0.3951117&0.0.3964804,0.0.4138717@1782759482.037663199
0.0.5310061,3.255310850445909,SUCCESS,0.0.731861,0.0.3951117&0.0.3964804,0.0.4138717@1782759482.418548225
0.0.5281334,0.823412951992719,SUCCESS,0.0.731861,0.0.3951117,0.0.4138717@1782759480.427337368
0.0.1409958,0.7805624217518542,SUCCESS,0.0.731861,0.0.3951117,0.0.4138717@1782759482.214235483
0.0.4335807,673.8082283996162,SUCCESS,0.0.731861,0.0.3951117&0.0.3961531&0.0.3964790&0.0.3964827&0.0.3964855&0.0.4129330&0.0.4601632&0.0.5328590,0.0.4138717@1782759484.017796254
0.0.4323088,43.0831090626284,SUCCESS,0.0.731861,0.0.3951117&0.0.3964804&0.0.3964855,0.0.4138717@1782759482.185144704
0.0.4590627,4.105859941763395,SUCCESS,0.0.731861,0.0.3951117,0.0.4138717@1782759482.717647148
0.0.5202236,2.565500591355342,SUCCESS,0.0.731861,0.0.3951117,0.0.4138717@1782759484.124947251
0.0.5182107,1.820281493985253,NOT_ASSOCIATED,0.0.731861,0.0.3951117&0.0.3964804,
0.0.841339,8.159492052890878,SUCCESS,0.0.731861,0.0.3951117,0.0.4138717@1782759486.325199311
0.0.5119346,18.69470412041067,SUCCESS,0.0.731861,0.0.3951117&0.0.3964804,0.0.4138717@1782759484.943440521
0.0.5118190,5.608145064969495,SUCCESS,0.0.731861,0.0.3951117&0.0.3964804&0.0.3964827&0.0.3964860&0.0.5328590,0.0.4138717@1782759487.346095004
0.0.5118232,1.950281476893594,SUCCESS,0.0.731861,0.0.3951117&0.0.3964804,0.0.4138717@1782759487.626664033
0.0.3241044,20.68222853139585,SUCCESS,0.0.731861,0.0.3951117&0.0.3961531,0.0.4138717@1782759487.210200232
0.0.2116956,3.429373052282139,SUCCESS,0.0.731861,0.0.3951117&0.0.3961531&0.0.3964855,0.0.4138717@1782759493.500010569
0.0.1120388,11.67395320488708,SUCCESS,0.0.731861,0.0.3951117&0.0.5328590,0.0.4138717@1782759490.709439501
0.0.525256,48.74289940888919,SUCCESS,0.0.731861,0.0.3951117,0.0.4138717@1782759494.516913569
0.0.832624,13.1237472882839,SUCCESS,0.0.731861,0.0.3951117&0.0.3961531&0.0.3964804&0.0.5328590&0.0.6071119,0.0.4138717@1782759495.267438573
0.0.1724832,1.069253848008602,SUCCESS,0.0.731861,0.0.3951117,0.0.4138717@1782759493.282101411
0.0.3845966,7.465326227656585,SUCCESS,0.0.731861,0.0.3951117&0.0.3961531&0.0.3964790&0.0.3964804&0.0.3964827&0.0.6078459,0.0.4138717@1782759495.876182657
0.0.1375637,6.814636610148835,SUCCESS,0.0.731861,0.0.3951117&0.0.3964790,0.0.4138717@1782759499.065611715
0.0.832415,574.9555482224516,SUCCESS,0.0.731861,0.0.3951117,0.0.4138717@1782759497.465964939
0.0.956549,1345.900519371814,SUCCESS,0.0.731861,0.0.3951117&0.0.3961531,0.0.4138717@1782759496.304811555
0.0.896788,3084.213692974522,SUCCESS,0.0.731861,0.0.3951117&0.0.4601632,0.0.4138717@1782759498.898105598
0.0.1290358,99.6282234946396,SUCCESS,0.0.731861,0.0.3951117,0.0.4138717@1782759500.711209706
0.0.860438,10.25090183277473,SUCCESS,0.0.731861,0.0.3951117&0.0.3964804&0.0.6071119,0.0.4138717@1782759502.362028932
0.0.836838,22711.57102684171,SUCCESS,0.0.731861,0.0.3951117&0.0.3964790&0.0.3964860&0.0.5328590,0.0.4138717@1782759503.576665278
0.0.731977,234.176443297014,SUCCESS,0.0.731861,0.0.3951117&0.0.4601632,0.0.4138717@1782759500.761595537
0.0.834820,97.85182920784337,SUCCESS,0.0.731861,0.0.3951117&0.0.3964804,0.0.4138717@1782759503.630138585
0.0.2773436,1437.890367912769,SUCCESS,0.0.731861,0.0.3951117&0.0.3964804&0.0.5328590,0.0.4138717@1782759502.192929747
0.0.1274087,5797.644792441572,SUCCESS,0.0.731861,0.0.3951117,0.0.4138717@1782759502.132755723
0.0.187153,407.0773677587571,SUCCESS,0.0.731861,0.0.3951117&0.0.3964804,0.0.4138717@1782759505.493928666
0.0.1265153,0.02121566969802395,SUCCESS,0.0.731861,0.0.3951117&0.0.3964827,0.0.4138717@1782759502.603516187
0.0.639876,0.3721031762753859,SUCCESS,0.0.731861,0.0.3951117,0.0.4138717@1782759506.927658881
0.0.508876,10.35595159767853,SUCCESS,0.0.731861,0.0.3951117,0.0.4138717@1782759507.187914818
0.0.4346579,0.01664820339214487,SUCCESS,0.0.731861,0.0.3951117,0.0.4138717@1782759504.453878591
0.0.1414140,63365.3049737793,SUCCESS,0.0.731861,0.0.3951117,0.0.4138717@1782759505.145164396
0.0.1453803,85.44117595904454,SUCCESS,0.0.731861,0.0.3951117&0.0.3964804&0.0.4601632&0.0.5328590&0.0.6071119,0.0.4138717@1782759507.961771773
0.0.700741,4.138161974799524,SUCCESS,0.0.731861,0.0.3951117,0.0.4138717@1782759508.004082985
0.0.4333286,3.268632606391658,SUCCESS,0.0.731861,0.0.3951117&0.0.3964827&0.0.3964860,0.0.4138717@1782759510.099993624
0.0.1438402,0.08726705046462159,SUCCESS,0.0.731861,0.0.3951117,0.0.4138717@1782759510.637004694
0.0.854331,0.2476374749979184,SUCCESS,0.0.731861,0.0.3951117,0.0.4138717@1782759509.264397695
0.0.4329215,0.5551091110667734,SUCCESS,0.0.731861,0.0.3951117&0.0.3961531&0.0.3964804,0.0.4138717@1782759512.686522413
0.0.8054459,3.986020437380849,SUCCESS,0.0.731861,0.0.3951117&0.0.3964790&0.0.3964804,0.0.4138717@1782759511.090924983
0.0.4205604,6.431753902380043,SUCCESS,0.0.731861,0.0.3951117,0.0.4138717@1782759513.218218352
0.0.1261552,1.515565965178354,SUCCESS,0.0.731861,0.0.3951117&0.0.3961531&0.0.3964790&0.0.3964804&0.0.3964860&0.0.4129330&0.0.6071119,0.0.4138717@1782759512.579673273
0.0.2174139,2.674808293973937,SUCCESS,0.0.731861,0.0.3951117&0.0.3964804,0.0.4138717@1782759513.585482533
0.0.1412849,0.00003860613073731701,SUCCESS,0.0.731861,0.0.3951117,0.0.4138717@1782759512.809901721
0.0.2020001,4.566358243568091,SUCCESS,0.0.731861,0.0.3951117&0.0.6071119,0.0.4138717@1782759515.299787307
0.0.4210667,0.1258375935869682,SUCCESS,0.0.731861,0.0.3951117,0.0.4138717@1782759516.116815908
0.0.819461,0.9255485817000418,SUCCESS,0.0.731861,0.0.3951117,0.0.4138717@1782759518.025158788
0.0.925802,14.32645537932432,SUCCESS,0.0.731861,0.0.3951117,0.0.4138717@1782759516.068676014
0.0.837404,104.1254738066653,SUCCESS,0.0.731861,0.0.3951117,0.0.4138717@1782759519.059519599
0.0.9723151,0.008458827314121007,SUCCESS,0.0.731861,0.0.3951117,0.0.4138717@1782759515.577184700
0.0.1890696,0.1329923938086155,SUCCESS,0.0.731861,0.0.3951117,0.0.4138717@1782759519.677254258
0.0.1115297,2.182441916613492,SUCCESS,0.0.731861,0.0.3951117,0.0.4138717@1782759518.752520937
0.0.7542917,0.4106190244633892,SUCCESS,0.0.731861,0.0.3951117,0.0.4138717@1782759518.134166424
0.0.9626972,1.092007509839371,SUCCESS,0.0.731861,0.0.3951117,0.0.4138717@1782759519.495654013
0.0.9344085,17.89573567611969,SUCCESS,0.0.731861,0.0.3951117&0.0.3964827,0.0.4138717@1782759522.938838260
0.0.9755401,6.65155142925063,SUCCESS,0.0.731861,0.0.3951117&0.0.4601632,0.0.4138717@1782759522.643335281
0.0.5060063,106.0512433728418,SUCCESS,0.0.731861,0.0.3951117&0.0.4129330&0.0.4601632&0.0.5328590,0.0.4138717@1782759522.375649431
0.0.4329703,1.945643640516442,SUCCESS,0.0.731861,0.0.3951117,0.0.4138717@1782759524.354842545
0.0.4570964,20.54821771851333,SUCCESS,0.0.731861,0.0.3951117,0.0.4138717@1782759522.162477176
0.0.9958383,0.1278027548043273,SUCCESS,0.0.731861,0.0.3951117,0.0.4138717@1782759523.082629326
0.0.8585089,225.8875560866541,SUCCESS,0.0.731861,0.0.3951117,0.0.4138717@1782759526.594217460
0.0.10031117,3.348758575043079,SUCCESS,0.0.731861,0.0.3951117,0.0.4138717@1782759524.960719472
0.0.10031118,0.5674516858864247,SUCCESS,0.0.731861,0.0.3951117,0.0.4138717@1782759529.075176960
0.0.1157855,1.748344656628047,SUCCESS,0.0.731861,0.0.3951117,0.0.4138717@1782759529.131661692
0.0.10021410,0.1609752041612694,SUCCESS,0.0.731861,0.0.3951117,0.0.4138717@1782759527.563504139
0.0.10076247,2.078502620792786,SUCCESS,0.0.731861,0.0.3951117,0.0.4138717@1782759529.812409369
0.0.1340164,87.694543236374,SUCCESS,0.0.731861,0.0.3951117,0.0.4138717@1782759530.697211901
0.0.10076636,135.247950194128,SUCCESS,0.0.731861,0.0.3951117&0.0.5328590,0.0.4138717@1782759531.122964519
0.0.735239,0.0002007270786278046,SUCCESS,0.0.731861,0.0.3951117,0.0.4138717@1782759531.686278398
0.0.9302147,99.93108106355439,SUCCESS,0.0.731861,0.0.3951117&0.0.5328590,0.0.4138717@1782759528.719265652
0.0.850481,193.2853588764552,SUCCESS,0.0.731861,0.0.3951117,0.0.4138717@1782759531.818485940
0.0.8419510,0.7398429889171484,SUCCESS,0.0.731861,0.0.3951117,0.0.4138717@1782759532.243277639
0.0.1707146,2.575002359492748,SUCCESS,0.0.731861,0.0.3951117,0.0.4138717@1782759533.219179038
0.0.9125858,337403.3506372379,SUCCESS,0.0.731861,0.0.3951117&0.0.6071041&0.0.6071119&0.0.6126395&0.0.8315114&0.0.9774523&0.0.10018365&0.0.10092996&0.0.10093026,0.0.4138717@1782759533.140863007
0.0.9202687,204.8470339815726,SUCCESS,0.0.731861,0.0.3951117,0.0.4138717@1782759536.326547047
0.0.1368197,6.489717235546953,SUCCESS,0.0.731861,0.0.3951117&0.0.3964804,0.0.4138717@1782759533.171925117
0.0.7810768,4.828606034404801,SUCCESS,0.0.731861,0.0.3951117&0.0.3964827,0.0.4138717@1782759533.680125607
0.0.1120575,401.5358383333516,SUCCESS,0.0.731861,0.0.3951117&0.0.3964804,0.0.4138717@1782759536.175382990
0.0.9273872,0.03309517187152846,SUCCESS,0.0.731861,0.0.3951117,0.0.4138717@1782759536.266983032
0.0.1515633,7.673367970734282,SUCCESS,0.0.731861,0.0.3951117,0.0.4138717@1782759537.025071763
0.0.4709377,54.28209713890208,SUCCESS,0.0.731861,0.0.3951117,0.0.4138717@1782759539.823444621
0.0.1758196,1.751439320680543,SUCCESS,0.0.731861,0.0.3951117,0.0.4138717@1782759538.199449391
0.0.4555391,3.847704415092253,SUCCESS,0.0.731861,0.0.3951117,0.0.4138717@1782759538.091197099
0.0.942605,1.881449159221052,SUCCESS,0.0.731861,0.0.3951117,0.0.4138717@1782759541.480238762
0.0.9359586,0.1124021764135142,SUCCESS,0.0.731861,0.0.3951117,0.0.4138717@1782759542.576494637
0.0.832852,83.2173672702571,SUCCESS,0.0.731861,0.0.3951117,0.0.4138717@1782759544.261269679
0.0.2174015,0.4266355895304186,SUCCESS,0.0.731861,0.0.3951117&0.0.5328590,0.0.4138717@1782759542.053848631
0.0.9404406,0.08812729085427205,SUCCESS,0.0.731861,0.0.3951117,0.0.4138717@1782759541.336863105
0.0.1110198,32.0754435870583,SUCCESS,0.0.731861,0.0.3951117,0.0.4138717@1782759542.246635084
0.0.650437,4.288198051145168,SUCCESS,0.0.731861,0.0.3951117&0.0.3961531&0.0.5328590,0.0.4138717@1782759540.895705040
0.0.5976303,1.889094509111688,SUCCESS,0.0.731861,0.0.3951117&0.0.3964804,0.0.4138717@1782759541.763964002
0.0.8188541,3.047969035372829,SUCCESS,0.0.731861,0.0.3951117,0.0.4138717@1782759545.435980717
0.0.1412123,1.498574750735768,NOT_ASSOCIATED,0.0.731861,0.0.3951117&0.0.3964804,
0.0.4432149,1.40817056523865,SUCCESS,0.0.731861,0.0.3951117,0.0.4138717@1782759545.003899966
0.0.4732964,0.5273275937672057,SUCCESS,0.0.731861,0.0.3951117,0.0.4138717@1782759544.622735205
0.0.3969243,0.282323558060196,SUCCESS,0.0.731861,0.0.3951117&0.0.4129330,0.0.4138717@1782759547.422178878
0.0.5975196,4.00594419798652,SUCCESS,0.0.731861,0.0.3951117&0.0.4601632,0.0.4138717@1782759547.443746836
0.0.4329852,274.6520989287995,SUCCESS,0.0.731861,0.0.3951117&0.0.3964804&0.0.3964827&0.0.3964855&0.0.4601632&0.0.5328590,0.0.4138717@1782759548.301209601
0.0.3681428,803.5032954255577,SUCCESS,0.0.731861,0.0.3951117&0.0.3964804,0.0.4138717@1782759549.580763007
0.0.4318411,23.30664140151971,SUCCESS,0.0.731861,0.0.3951117,0.0.4138717@1782759550.935508949
0.0.10169145,0.2375808852719475,SUCCESS,0.0.731861,0.0.3951117,0.0.4138717@1782759550.692462280
0.0.4558891,17.02985802736776,SUCCESS,0.0.731861,0.0.3951117,0.0.4138717@1782759548.174976387
0.0.2930231,1.711352390754289,SUCCESS,0.0.731861,0.0.3951117&0.0.3964804,0.0.4138717@1782759549.070180033
0.0.4968045,12.05562348504384,SUCCESS,0.0.731861,0.0.3951117,0.0.4138717@1782759551.634616594
0.0.4322002,1.853578304669291,SUCCESS,0.0.731861,0.0.3951117,0.0.4138717@1782759555.212913755
0.0.4938729,6.418671600816483,SUCCESS,0.0.731861,0.0.3951117,0.0.4138717@1782759555.792241059
0.0.4817549,6.359121133765321,SUCCESS,0.0.731861,0.0.3951117&0.0.3964804,0.0.4138717@1782759556.103120119
0.0.4340758,2.747649030994871,SUCCESS,0.0.731861,0.0.3951117&0.0.3964804,0.0.4138717@1782759556.621611216
0.0.4695027,1.540972519960547,SUCCESS,0.0.731861,0.0.3951117,0.0.4138717@1782759554.563743374
0.0.5716339,0.006354358507797713,SUCCESS,0.0.731861,0.0.3951117,0.0.4138717@1782759558.678176047
0.0.10504552,0.4199198372845492,SUCCESS,0.0.731861,0.0.3951117,0.0.4138717@1782759556.449836308
0.0.10122546,0.1385191763480226,SUCCESS,0.0.731861,0.0.3951117,0.0.4138717@1782759555.404096444
0.0.7786995,257.2584963996664,SUCCESS,0.0.731861,0.0.3951117,0.0.4138717@1782759557.800267212
0.0.4343858,202.0614061732891,SUCCESS,0.0.731861,0.0.3951117&0.0.3964827&0.0.5328590,0.0.4138717@1782759560.630525935
0.0.10230141,24.00751530638092,SUCCESS,0.0.731861,0.0.3951117,0.0.4138717@1782759557.554429550
0.0.8373509,72.73191135802021,SUCCESS,0.0.731861,0.0.3951117&0.0.3961531&0.0.3964804&0.0.5328590,0.0.4138717@1782759561.882166061
0.0.9774619,33.03550958084251,SUCCESS,0.0.731861,0.0.3951117&0.0.3964827,0.0.4138717@1782759558.955989140
0.0.9299646,10.06654050287118,SUCCESS,0.0.731861,0.0.3951117,0.0.4138717@1782759559.770875308
0.0.4432398,0.9424099774589134,SUCCESS,0.0.731861,0.0.3951117,0.0.4138717@1782759563.935874750
0.0.10352676,2.193530602051291,SUCCESS,0.0.731861,0.0.3951117,0.0.4138717@1782759562.288638693
0.0.1408633,7.407513973559325,SUCCESS,0.0.731861,0.0.3951117&0.0.3964790&0.0.3964855&0.0.6078459,0.0.4138717@1782759564.567054567
0.0.8309441,0.6091601117693424,SUCCESS,0.0.731861,0.0.3951117&0.0.3964804,0.0.4138717@1782759564.648938225
0.0.1216661,289.8730043235973,SUCCESS,0.0.731861,0.0.3951117,0.0.4138717@1782759563.816210228
0.0.1988559,2.123991809747719,SUCCESS,0.0.731861,0.0.3951117&0.0.3961531&0.0.3964804,0.0.4138717@1782759565.734130184
0.0.2017173,17.42248076973494,SUCCESS,0.0.731861,0.0.3951117&0.0.3964804,0.0.4138717@1782759566.007296867
0.0.1104990,591.7454382518581,SUCCESS,0.0.731861,0.0.3951117,0.0.4138717@1782759565.685306145
0.0.10483303,13580.3351696305,SUCCESS,0.0.731861,0.0.3951117,0.0.4138717@1782759564.270574790
0.0.1734809,0.2149497334503062,SUCCESS,0.0.731861,0.0.3951117&0.0.3964804&0.0.6071119,0.0.4138717@1782759564.809542665
0.0.10493411,85.64621372229716,SUCCESS,0.0.731861,0.0.3951117&0.0.3961531,0.0.4138717@1782759566.075808986
0.0.4560992,9.089347045134636,SUCCESS,0.0.731861,0.0.3951117,0.0.4138717@1782759565.766262527
0.0.4594273,18.10008356596395,SUCCESS,0.0.731861,0.0.3951117,0.0.4138717@1782759567.280039440
0.0.1628961,2367.144400833392,SUCCESS,0.0.731861,0.0.3951117&0.0.3964804,0.0.4138717@1782759566.693835943
0.0.823348,1.186216681059464,SUCCESS,0.0.731861,0.0.3951117,0.0.4138717@1782759570.121432423
0.0.9761018,48.16497287947001,SUCCESS,0.0.731861,0.0.3951117,0.0.4138717@1782759568.174245133
0.0.912615,300.7557532526397,SUCCESS,0.0.731861,0.0.3951117&0.0.3964804&0.0.3964827,0.0.4138717@1782759571.406308158
0.0.8013259,28745.81525952036,SUCCESS,0.0.731861,0.0.3951117,0.0.4138717@1782759568.617763651
0.0.10601475,687.8842180107791,SUCCESS,0.0.731861,0.0.3961531,0.0.4138717@1782759570.216797795
0.0.10062632,0.2061765575929161,SUCCESS,0.0.731861,0.0.3961531&0.0.3964804&0.0.6071119&0.0.8315114&0.0.10092996&0.0.10414792,0.0.4138717@1782759572.022242825
0.0.10291442,2334.30066738576,SUCCESS,0.0.731861,0.0.3961531,0.0.4138717@1782759569.962369008
0.0.7535835,13.86810269849761,SUCCESS,0.0.731861,0.0.3961531&0.0.3964790&0.0.6071119,0.0.4138717@1782759572.786605292
0.0.1177017,0.9855017929684255,SUCCESS,0.0.731861,0.0.3961531,0.0.4138717@1782759570.036673068
0.0.10359193,710.4813747745028,SUCCESS,0.0.731861,0.0.3961531&0.0.3964804&0.0.3964860&0.0.4601632&0.0.5328590,0.0.4138717@1782759573.678655000
0.0.10204459,6.349343975604029,SUCCESS,0.0.731861,0.0.3961531,0.0.4138717@1782759572.847366609
0.0.1303938,12.46141003784926,NOT_ASSOCIATED,0.0.731861,0.0.3961531,
0.0.8183428,0.0099967115219354,SUCCESS,0.0.731861,0.0.3961531,0.0.4138717@1782759572.223686580
0.0.825672,157.8559687574102,SUCCESS,0.0.731861,0.0.3961531,0.0.4138717@1782759573.228679716
0.0.9210701,0.3232210081563268,FAIL,0.0.731861,0.0.3961531,
0.0.839555,2.127808980460753,SUCCESS,0.0.731861,0.0.3961531,0.0.4138717@1782759577.155624213
0.0.1071830,491.8935935666882,SUCCESS,0.0.731861,0.0.3961531&0.0.3964804&0.0.10498271,0.0.4138717@1782759574.401544641
0.0.8355966,49.36633521033875,SUCCESS,0.0.731861,0.0.3961531,0.0.4138717@1782759575.235024255
0.0.3161254,62640.55758197142,SUCCESS,0.0.731861,0.0.3961531&0.0.3964804,0.0.4138717@1782759578.371903270
0.0.10095007,1.103736017929111,NOT_ASSOCIATED,0.0.731861,0.0.3961531,
0.0.4363476,34.9884135897351,SUCCESS,0.0.731861,0.0.3961531,0.0.4138717@1782759576.196566749
0.0.10268439,44.15401396011572,SUCCESS,0.0.731861,0.0.3961531&0.0.3964790&0.0.3964804&0.0.5328590,0.0.4138717@1782759577.558462363
0.0.10510695,18.31721882066135,NOT_ASSOCIATED,0.0.731861,0.0.3961531,
0.0.10489509,62640.55758197142,SUCCESS,0.0.731861,0.0.3961531&0.0.3964804,0.0.4138717@1782759578.416705239
0.0.663264,1.951305470634585,SUCCESS,0.0.731861,0.0.3961531&0.0.3964790,0.0.4138717@1782759577.114785976
0.0.1093567,0.966165063754443,SUCCESS,0.0.731861,0.0.3961531&0.0.3964790,0.0.4138717@1782759579.100544790
0.0.3169776,0.03588573192385524,SUCCESS,0.0.731861,0.0.3961531,0.0.4138717@1782759581.627673468
0.0.793410,2013.416124171956,SUCCESS,0.0.731861,0.0.3961531&0.0.3964827&0.0.5328590&0.0.6071041&0.0.8315114,0.0.4138717@1782759581.170268915
0.0.4715000,0.6602584397927376,SUCCESS,0.0.731861,0.0.3961531,0.0.4138717@1782759578.416858536
0.0.863385,113.9476079691138,SUCCESS,0.0.731861,0.0.3961531,0.0.4138717@1782759579.884443494
0.0.1501041,1.825958091337992,SUCCESS,0.0.731861,0.0.3961531,0.0.4138717@1782759580.750034822
0.0.1152713,55997.34786998665,SUCCESS,0.0.731861,0.0.3961531&0.0.3964790&0.0.10387648&0.0.10418141,0.0.4138717@1782759580.199284460
0.0.1288450,59.07096559411932,SUCCESS,0.0.731861,0.0.3961531,0.0.4138717@1782759583.373717424
0.0.1070346,869.163579148824,SUCCESS,0.0.731861,0.0.3961531&0.0.10498271&0.0.10498280,0.0.4138717@1782759584.634835706
0.0.842210,55.29105438489684,SUCCESS,0.0.731861,0.0.3961531&0.0.3964804,0.0.4138717@1782759584.355111316
0.0.844965,0.2272860414265865,SUCCESS,0.0.731861,0.0.3961531,0.0.4138717@1782759582.582826291
0.0.862821,25.87153983933634,SUCCESS,0.0.731861,0.0.3961531&0.0.3964790,0.0.4138717@1782759586.398687859
0.0.267573,194.5119879659218,SUCCESS,0.0.731861,0.0.3961531&0.0.3964855&0.0.4601632&0.0.5328590&0.0.6071041&0.0.6126395,0.0.4138717@1782759585.071186227
0.0.1340980,0.4778709112154838,SUCCESS,0.0.731861,0.0.3961531,0.0.4138717@1782759584.504492381
0.0.4723553,6.392023169359016,SUCCESS,0.0.731861,0.0.3961531,0.0.4138717@1782759589.394319835
0.0.1324436,0.004261297320462593,NOT_ASSOCIATED,0.0.731861,0.0.3961531,
0.0.6095958,133.6296311800216,NOT_ASSOCIATED,0.0.731861,0.0.3961531&0.0.3964804,
0.0.897444,319.1828312433612,SUCCESS,0.0.731861,0.0.3961531&0.0.3964790,0.0.4138717@1782759588.371604950
0.0.4362462,4.193773695577151,NOT_ASSOCIATED,0.0.731861,0.0.3961531,
0.0.852692,8.51446179090685,SUCCESS,0.0.731861,0.0.3961531,0.0.4138717@1782759591.721012054
0.0.1315254,6.385542474301516,SUCCESS,0.0.731861,0.0.3961531,0.0.4138717@1782759590.797352388
0.0.982207,662.5920650394116,SUCCESS,0.0.731861,0.0.3961531&0.0.3964790,0.0.4138717@1782759591.932872116
0.0.9183843,0.9361748111969355,NOT_ASSOCIATED,0.0.731861,0.0.3961531,
0.0.953101,303.2248175765641,SUCCESS,0.0.731861,0.0.3961531,0.0.4138717@1782759594.313139038
0.0.4594903,10.60240477563931,SUCCESS,0.0.731861,0.0.3961531&0.0.3964790&0.0.3964804,0.0.4138717@1782759590.387956026
0.0.10478184,24824.33429941717,SUCCESS,0.0.731861,0.0.3961531&0.0.3964804,0.0.4138717@1782759591.018606698
0.0.10541900,0.4753217322944104,SUCCESS,0.0.731861,0.0.3961531&0.0.3964804,0.0.4138717@1782759592.951510923
0.0.4707801,0.3534202368059872,NOT_ASSOCIATED,0.0.731861,0.0.3961531,
0.0.4712184,0.0004698859554662869,SUCCESS,0.0.731861,0.0.3961531&0.0.3964790,0.0.4138717@1782759595.472733593
0.0.835929,0.0000076509319621308,SUCCESS,0.0.731861,0.0.3961531&0.0.3964790&0.0.4129330&0.0.4601632&0.0.5328590,0.0.4138717@1782759594.949920022
0.0.4639603,0.006918381277448952,NOT_ASSOCIATED,0.0.731861,0.0.3961531,
0.0.6004406,15.26275101960598,SUCCESS,0.0.731861,0.0.3961531&0.0.3964827,0.0.4138717@1782759591.816679325
0.0.1292697,165.3657826229971,SUCCESS,0.0.731861,0.0.3961531,0.0.4138717@1782759594.513808794
0.0.6435369,8.482160861717563,SUCCESS,0.0.731861,0.0.3961531,0.0.4138717@1782759596.652034230
0.0.4853295,53.20017418475278,SUCCESS,0.0.731861,0.0.3961531&0.0.3964804,0.0.4138717@1782759597.036773498
0.0.7560867,0.01181151855970629,SUCCESS,0.0.731861,0.0.3961531,0.0.4138717@1782759594.331754708
0.0.7571792,0.01885862187872502,SUCCESS,0.0.731861,0.0.3961531,0.0.4138717@1782759594.586443201
0.0.1910938,0.1177732666927632,SUCCESS,0.0.731861,0.0.3961531,0.0.4138717@1782759595.257200715
0.0.8378238,2.269831909477835,SUCCESS,0.0.731861,0.0.3961531,0.0.4138717@1782759598.032399219
0.0.1431202,6.17643665363493,SUCCESS,0.0.731861,0.0.3961531,0.0.4138717@1782759599.795027995
0.0.9405888,0.3997912369409584,SUCCESS,0.0.731861,0.0.3961531&0.0.3964804&0.0.5328590,0.0.4138717@1782759599.280803022
0.0.4346141,79.2370534374778,SUCCESS,0.0.731861,0.0.3961531,0.0.4138717@1782759603.181195774
0.0.3687323,0.00003773590466765444,SUCCESS,0.0.731861,0.0.3961531,0.0.4138717@1782759602.980745749
0.0.10124208,0.03379959104589658,SUCCESS,0.0.731861,0.0.3961531,0.0.4138717@1782759600.173159258
0.0.4367595,0.6662089084430036,SUCCESS,0.0.731861,0.0.3961531,0.0.4138717@1782759605.158909899
0.0.1433179,0.4456408805566027,SUCCESS,0.0.731861,0.0.3961531,0.0.4138717@1782759603.950592573
0.0.2963242,2.054290612549213,NOT_ASSOCIATED,0.0.731861,0.0.3961531,
0.0.1103540,0.4684885579679593,SUCCESS,0.0.731861,0.0.3961531&0.0.3964827,0.0.4138717@1782759602.256010355
0.0.826988,32.64410938832989,NOT_ASSOCIATED,0.0.731861,0.0.3961531,
0.0.1372179,6.751193569041204,SUCCESS,0.0.731861,0.0.3961531&0.0.3964804,0.0.4138717@1782759604.916471249
0.0.836858,75.15825066177925,SUCCESS,0.0.731861,0.0.3961531,0.0.4138717@1782759607.172184048
0.0.5435669,0.2608594241739599,SUCCESS,0.0.731861,0.0.3961531,0.0.4138717@1782759609.762128289
0.0.935686,1.062273975206187,SUCCESS,0.0.731861,0.0.3961531,0.0.4138717@1782759605.727405424
0.0.6306847,1.662021286790868,SUCCESS,0.0.731861,0.0.3961531&0.0.3964804&0.0.3964827,0.0.4138717@1782759608.609639711
0.0.6143425,0.0142497868214222,SUCCESS,0.0.731861,0.0.3961531,0.0.4138717@1782759610.220499172
0.0.10223842,24.84146652873529,SUCCESS,0.0.731861,0.0.3961531,0.0.4138717@1782759610.866304362
0.0.948513,82.06933187139727,SUCCESS,0.0.731861,0.0.3961531,0.0.4138717@1782759610.639084814
0.0.877394,0.05163720593403531,NOT_ASSOCIATED,0.0.731861,0.0.3961531&0.0.3964804,
0.0.8767225,2.676541872310665,SUCCESS,0.0.731861,0.0.3961531&0.0.3964804,0.0.4138717@1782759615.071890927
0.0.9279414,0.09981797256037388,SUCCESS,0.0.731861,0.0.3961531,0.0.4138717@1782759614.185144852
0.0.892088,3.907820654245413,SUCCESS,0.0.731861,0.0.3961531,0.0.4138717@1782759614.801011862
0.0.1413657,6.609097624327741,SUCCESS,0.0.731861,0.0.3961531&0.0.4601632&0.0.5328590,0.0.4138717@1782759616.265200722
0.0.9353895,0.00954840367801229,SUCCESS,0.0.731861,0.0.3961531,0.0.4138717@1782759613.039706990
0.0.10380727,9.83039903628734,SUCCESS,0.0.731861,0.0.3961531,0.0.4138717@1782759612.301261012
0.0.6043615,17.80464474570422,SUCCESS,0.0.731861,0.0.3964790&0.0.3964827&0.0.3964855&0.0.5328590&0.0.6071041&0.0.8315114,0.0.4138717@1782759617.944120213
0.0.3304469,170.8082036027392,SUCCESS,0.0.731861,0.0.3964790&0.0.3964827,0.0.4138717@1782759614.501254237
0.0.1073086,0.005478777757283731,SUCCESS,0.0.731861,0.0.3964790,0.0.4138717@1782759615.915505883
0.0.6047264,0.05690923413156904,SUCCESS,0.0.731861,0.0.3964790,0.0.4138717@1782759616.935384069
0.0.813712,0.3525415881129619,SUCCESS,0.0.731861,0.0.3964790,0.0.4138717@1782759617.747622121
0.0.3854083,0.1216921446208286,SUCCESS,0.0.731861,0.0.3964790,0.0.4138717@1782759617.044355201
0.0.1416793,0.3229288687628616,SUCCESS,0.0.731861,0.0.3964790,0.0.4138717@1782759618.511331495
0.0.795838,0.791749412272119,SUCCESS,0.0.731861,0.0.3964790&0.0.3964804,0.0.4138717@1782759619.192687477
0.0.8267043,0.31434067232771,SUCCESS,0.0.731861,0.0.3964790&0.0.5328590,0.0.4138717@1782759620.954891839
0.0.8447885,1.03001051024392,SUCCESS,0.0.731861,0.0.3964790,0.0.4138717@1782759618.148089768
0.0.4330338,0.00001751247485147353,SUCCESS,0.0.731861,0.0.3964790,0.0.4138717@1782759621.138643747
0.0.8352642,13.34700700568876,SUCCESS,0.0.731861,0.0.3964790&0.0.3964804&0.0.4601632,0.0.4138717@1782759623.070320490
0.0.4754443,0.5638023592435192,SUCCESS,0.0.731861,0.0.3964790&0.0.3964804,0.0.4138717@1782759620.621994149
0.0.1504445,2.700493683057815,SUCCESS,0.0.731861,0.0.3964790,0.0.4138717@1782759621.549816582
0.0.877481,2436.384541020305,SUCCESS,0.0.731861,0.0.3964790&0.0.5328590,0.0.4138717@1782759623.111544739
0.0.9400801,337.0145860252314,SUCCESS,0.0.731861,0.0.3964790,0.0.4138717@1782759621.575501347
0.0.7951,7849.2634154839,SUCCESS,0.0.731861,0.0.3964790&0.0.3964855,0.0.4138717@1782759624.334333499
0.0.4328823,2.733476711967981,SUCCESS,0.0.731861,0.0.3964790&0.0.5328590,0.0.4138717@1782759623.119133778
0.0.835202,0.000766117826255109,SUCCESS,0.0.731861,0.0.3964790,0.0.4138717@1782759623.383277663
0.0.817883,0.02019405013617875,SUCCESS,0.0.731861,0.0.3964790,0.0.4138717@1782759623.503942941
0.0.1085174,2951.771026455095,SUCCESS,0.0.731861,0.0.3964790&0.0.10387648,0.0.4138717@1782759624.128407954
0.0.1314568,3889.039487679631,SUCCESS,0.0.731861,0.0.3964790,0.0.4138717@1782759627.040875422
0.0.920901,145.8454567795984,SUCCESS,0.0.731861,0.0.3964790&0.0.3964804,0.0.4138717@1782759629.941975281
0.0.837751,0.003911225022889269,SUCCESS,0.0.731861,0.0.3964790,0.0.4138717@1782759626.119626430
0.0.4157394,0.0002086899479291935,SUCCESS,0.0.731861,0.0.3964790,0.0.4138717@1782759628.089529343
0.0.4337852,1.665923497050652,SUCCESS,0.0.731861,0.0.3964790,0.0.4138717@1782759625.605127182
0.0.1703452,46.86667903121705,SUCCESS,0.0.731861,0.0.3964790&0.0.3964804,0.0.4138717@1782759629.370564761
0.0.3774696,0.003115436580503066,SUCCESS,0.0.731861,0.0.3964790,0.0.4138717@1782759627.361433669
0.0.4819535,0.01394060616043952,SUCCESS,0.0.731861,0.0.3964790,0.0.4138717@1782759631.343582028
0.0.732798,2.176083666254524,SUCCESS,0.0.731861,0.0.3964790&0.0.3964804&0.0.4129330,0.0.4138717@1782759627.091751763
0.0.4713784,3.606442251139101,SUCCESS,0.0.731861,0.0.3964790&0.0.3964827,0.0.4138717@1782759630.856763836
0.0.4759022,0.02526933371235378,SUCCESS,0.0.731861,0.0.3964790,0.0.4138717@1782759633.588956520
0.0.4384266,1.491246484142946,SUCCESS,0.0.731861,0.0.3964790,0.0.4138717@1782759633.052418914
0.0.4205079,0.5983974713053236,SUCCESS,0.0.731861,0.0.3964790,0.0.4138717@1782759630.819806131
0.0.4574338,0.0001264092673338225,SUCCESS,0.0.731861,0.0.3964790,0.0.4138717@1782759630.845829098
0.0.5807981,63.78957807426509,SUCCESS,0.0.731861,0.0.3964790&0.0.3964860,0.0.4138717@1782759632.671104871
0.0.1082789,9023.54692369963,SUCCESS,0.0.731861,0.0.3964790,0.0.4138717@1782759631.312951351
0.0.3903731,3.232260033988916e-7,NOT_ASSOCIATED,0.0.731861,0.0.3964790,
0.0.3926190,0.0003070867639621067,SUCCESS,0.0.731861,0.0.3964790,0.0.4138717@1782759635.090877831
0.0.4908409,0.002185696772314602,SUCCESS,0.0.731861,0.0.3964790,0.0.4138717@1782759636.423103640
0.0.1093612,2.013041968782637,SUCCESS,0.0.731861,0.0.3964790&0.0.3964804,0.0.4138717@1782759637.285600918
0.0.5326504,5.203532127383759,SUCCESS,0.0.731861,0.0.3964790&0.0.3964804,0.0.4138717@1782759637.526146174
0.0.858310,0.1807351278475444,SUCCESS,0.0.731861,0.0.3964790,0.0.4138717@1782759637.762480917
0.0.9960625,8.09867028373249e-9,SUCCESS,0.0.731861,0.0.3964790,0.0.4138717@1782759638.164823733
0.0.1380166,0.0003140043763844972,SUCCESS,0.0.731861,0.0.3964790,0.0.4138717@1782759639.673947080
0.0.5374006,0.04118789954174423,SUCCESS,0.0.731861,0.0.3964790&0.0.4601632,0.0.4138717@1782759641.451873015
0.0.10023501,1.476612502090143e-8,SUCCESS,0.0.731861,0.0.3964790,0.0.4138717@1782759639.946188667
0.0.10030621,0.0000127689519122956,SUCCESS,0.0.731861,0.0.3964790,0.0.4138717@1782759641.675288403
0.0.10060744,0.003470649918647531,SUCCESS,0.0.731861,0.0.3964790,0.0.4138717@1782759643.907960341
0.0.10164571,0.3950713041667437,SUCCESS,0.0.731861,0.0.3964790,0.0.4138717@1782759642.645266493
0.0.942926,1932.957063601448,SUCCESS,0.0.731861,0.0.3964790,0.0.4138717@1782759644.836524597
0.0.4355907,0.1890319037632504,SUCCESS,0.0.731861,0.0.3964790,0.0.4138717@1782759644.915434016
0.0.10135295,27.99804494390583,SUCCESS,0.0.731861,0.0.3964790&0.0.3964827,0.0.4138717@1782759643.327440903
0.0.7896827,0.1593221319340539,SUCCESS,0.0.731861,0.0.3964790&0.0.6071041,0.0.4138717@1782759645.382797201
0.0.4540904,7.636926469676407,SUCCESS,0.0.731861,0.0.3964790&0.0.3964804&0.0.3964855,0.0.4138717@1782759645.263602525
0.0.3938365,1.564972061571647,SUCCESS,0.0.731861,0.0.3964790,0.0.4138717@1782759643.160041551
0.0.2174952,2.472777017004492,SUCCESS,0.0.731861,0.0.3964790&0.0.3964804,0.0.4138717@1782759646.511998354
0.0.4784258,6.837447682878743,SUCCESS,0.0.731861,0.0.3964790&0.0.3964804&0.0.3964855,0.0.4138717@1782759645.625485316
0.0.27463,4.281983777888692,SUCCESS,0.0.731861,0.0.3964790,0.0.4138717@1782759649.794000755
0.0.6075972,0.5800336170238937,SUCCESS,0.0.731861,0.0.3964790,0.0.4138717@1782759649.024103655
0.0.7607102,0.0846019358157051,SUCCESS,0.0.731861,0.0.3964790&0.0.3964804,0.0.4138717@1782759650.765449974
0.0.794506,428.6420075910924,SUCCESS,0.0.731861,0.0.3964790&0.0.5328590,0.0.4138717@1782759648.913318406
0.0.966009,0.3471961220099141,SUCCESS,0.0.731861,0.0.3964790,0.0.4138717@1782759648.352550149
0.0.859176,1.494856494011911,SUCCESS,0.0.731861,0.0.3964790,0.0.4138717@1782759649.233783712
0.0.9301501,0.7898947587780393,SUCCESS,0.0.731861,0.0.3964790&0.0.5328590,0.0.4138717@1782759648.391176776
0.0.9365757,26.97421991833464,SUCCESS,0.0.731861,0.0.3964790&0.0.3964804&0.0.5328590,0.0.4138717@1782759648.624829197
0.0.4367730,1.396185723156808,SUCCESS,0.0.731861,0.0.3964790,0.0.4138717@1782759653.426036407
0.0.8291825,11.72865012548954,SUCCESS,0.0.731861,0.0.3964790&0.0.3964804,0.0.4138717@1782759654.669796492
0.0.4371196,2.525363965921956,SUCCESS,0.0.731861,0.0.3964790,0.0.4138717@1782759655.009927267
0.0.859476,44.92878740079006,SUCCESS,0.0.731861,0.0.3964790&0.0.3964827,0.0.4138717@1782759653.246068854
0.0.4766806,52.44322507875496,SUCCESS,0.0.731861,0.0.3964804,0.0.4138717@1782759656.210780451
0.0.4320892,29.61965989682673,SUCCESS,0.0.731861,0.0.3964804,0.0.4138717@1782759651.820480531
0.0.3008234,112.406858810101,SUCCESS,0.0.731861,0.0.3964804,0.0.4138717@1782759653.983061648
0.0.7993090,42.07901357242038,SUCCESS,0.0.731861,0.0.3964804,0.0.4138717@1782759653.145973286
0.0.8733798,172.1310405412088,SUCCESS,0.0.731861,0.0.3964804,0.0.4138717@1782759654.981727451
0.0.9144684,0.8008920981155496,SUCCESS,0.0.731861,0.0.3964804,0.0.4138717@1782759658.099740145
0.0.6094118,0.1759742886892517,SUCCESS,0.0.731861,0.0.3964804,0.0.4138717@1782759657.207118331
0.0.9168967,21.31750140120396,SUCCESS,0.0.731861,0.0.3964804&0.0.3964827&0.0.5328590,0.0.4138717@1782759657.264001526
0.0.4310363,17.61558939481712,SUCCESS,0.0.731861,0.0.3964804&0.0.3964860,0.0.4138717@1782759656.528655385
0.0.9201440,0.3948433219965016,SUCCESS,0.0.731861,0.0.3964804,0.0.4138717@1782759660.433241497
0.0.9150672,0.2609869829616475,SUCCESS,0.0.731861,0.0.3964804,0.0.4138717@1782759658.787993540
0.0.4795853,0.4300097385949851,SUCCESS,0.0.731861,0.0.3964804,0.0.4138717@1782759660.544063060
0.0.9149385,0.7598228340623003,SUCCESS,0.0.731861,0.0.3964804,0.0.4138717@1782759660.664328986
0.0.5580759,0.2917778984496752,SUCCESS,0.0.731861,0.0.3964804,0.0.4138717@1782759660.531122475
0.0.9104016,35.34144738922875,SUCCESS,0.0.731861,0.0.3964804&0.0.3964860&0.0.5328590,0.0.4138717@1782759658.858709373
0.0.8514597,43.51172582063995,SUCCESS,0.0.731861,0.0.3964804,0.0.4138717@1782759663.502989702
0.0.8903303,4.405230085405753,FAIL,0.0.731861,0.0.3964804,
0.0.3288501,0.475472950264707,SUCCESS,0.0.731861,0.0.3964804,0.0.4138717@1782759662.258934445
0.0.4724806,175.6546091636194,SUCCESS,0.0.731861,0.0.3964804&0.0.5328590,0.0.4138717@1782759663.321484693
0.0.8717466,0.01550123050171066,SUCCESS,0.0.731861,0.0.3964804,0.0.4138717@1782759660.873142547
0.0.1056579,46.78756715185335,SUCCESS,0.0.731861,0.0.3964804,0.0.4138717@1782759661.970739592
0.0.9178066,0.0815035098337791,SUCCESS,0.0.731861,0.0.3964804,0.0.4138717@1782759664.543110426
0.0.1517175,7.530599617256652,SUCCESS,0.0.731861,0.0.3964804,0.0.4138717@1782759661.819145075
0.0.9226909,1.900415781442003,SUCCESS,0.0.731861,0.0.3964804,0.0.4138717@1782759664.351241676
0.0.2657839,23.23124713437089,SUCCESS,0.0.731861,0.0.3964804,0.0.4138717@1782759666.886726170
0.0.9464371,20.87592292448398,SUCCESS,0.0.731861,0.0.3964804,0.0.4138717@1782759669.177361118
0.0.9477910,24.1670779069352,SUCCESS,0.0.731861,0.0.3964804,0.0.4138717@1782759667.738250000
0.0.1736150,11.18634666225835,SUCCESS,0.0.731861,0.0.3964804,0.0.4138717@1782759667.938373841
0.0.915984,110.8389307099722,SUCCESS,0.0.731861,0.0.3964804,0.0.4138717@1782759665.984088859
0.0.9404882,2.944046296641087,SUCCESS,0.0.731861,0.0.3964804,0.0.4138717@1782759668.789826915
0.0.2185671,0.8039854997017362,SUCCESS,0.0.731861,0.0.3964804,0.0.4138717@1782759667.586983568
0.0.966444,18.96221437866686,SUCCESS,0.0.731861,0.0.3964804,0.0.4138717@1782759668.829812797
0.0.9303899,11.14769019788721,SUCCESS,0.0.731861,0.0.3964804,0.0.4138717@1782759668.210862786
0.0.2017766,12.20860071446818,SUCCESS,0.0.731861,0.0.3964804,0.0.4138717@1782759667.733149237
0.0.6295630,0.4570946090495916,NOT_ASSOCIATED,0.0.731861,0.0.3964804,
0.0.3681629,50.5120982366025,SUCCESS,0.0.731861,0.0.3964804,0.0.4138717@1782759669.917920259
0.0.853379,187.1170429068188,SUCCESS,0.0.731861,0.0.3964804,0.0.4138717@1782759673.901285713
0.0.9272301,5.408546679962204,NOT_ASSOCIATED,0.0.731861,0.0.3964804,
0.0.9273859,0.5847887048071295,SUCCESS,0.0.731861,0.0.3964804,0.0.4138717@1782759670.434202234
0.0.2149252,0.0003736146528730165,SUCCESS,0.0.731861,0.0.3964804,0.0.4138717@1782759671.367609554
0.0.8227507,4.495308071733946,SUCCESS,0.0.731861,0.0.3964804,0.0.4138717@1782759672.162936607
0.0.6148704,0.7040456900180669,NOT_ASSOCIATED,0.0.731861,0.0.3964804,
0.0.7816479,154.3217510341506,SUCCESS,0.0.731861,0.0.3964804&0.0.8315114,0.0.4138717@1782759671.430936952
0.0.1261132,3.417194984666209,SUCCESS,0.0.731861,0.0.3964804,0.0.4138717@1782759672.369964724
0.0.1404010,0.01940630096100413,NOT_ASSOCIATED,0.0.731861,0.0.3964804,
0.0.1369825,1103.882645877898,SUCCESS,0.0.731861,0.0.3964804&0.0.3964827&0.0.4601632&0.0.6071041&0.0.6126395,0.0.4138717@1782759671.591287413
0.0.8209705,1.081809315589958,SUCCESS,0.0.731861,0.0.3964804,0.0.4138717@1782759670.736500270
0.0.7166497,0.6259476070176693,SUCCESS,0.0.731861,0.0.3964804,0.0.4138717@1782759673.610279523
0.0.8002341,2.293287320146672,SUCCESS,0.0.731861,0.0.3964804,0.0.4138717@1782759675.442498967
0.0.7938061,0.51399565311317,SUCCESS,0.0.731861,0.0.3964804,0.0.4138717@1782759677.885209038
0.0.3241611,3.762462608610334,SUCCESS,0.0.731861,0.0.3964804,0.0.4138717@1782759676.484831957
0.0.1754370,0.3696160928870824,SUCCESS,0.0.731861,0.0.3964804,0.0.4138717@1782759676.150004764
0.0.7965335,17.31898595935993,NOT_ASSOCIATED,0.0.731861,0.0.3964804,
0.0.6294131,0.0002442303949692208,SUCCESS,0.0.731861,0.0.3964804,0.0.4138717@1782759673.919573956
0.0.844131,2.800005668861928,SUCCESS,0.0.731861,0.0.3964804,0.0.4138717@1782759677.575895929
0.0.7924085,0.1727481519322971,SUCCESS,0.0.731861,0.0.3964804,0.0.4138717@1782759678.647321855
0.0.7732467,14.3698556770788,SUCCESS,0.0.731861,0.0.3964804&0.0.3964827,0.0.4138717@1782759675.902992628
0.0.981571,0.6633708074704423,SUCCESS,0.0.731861,0.0.3964804,0.0.4138717@1782759679.386270755
0.0.3847179,5.555809654034478,SUCCESS,0.0.731861,0.0.3964804,0.0.4138717@1782759679.590837541
0.0.1467538,2.481087224548649,SUCCESS,0.0.731861,0.0.3964804,0.0.4138717@1782759676.113551211
0.0.8131537,3.972839653117417,SUCCESS,0.0.731861,0.0.3964804,0.0.4138717@1782759679.627830016
0.0.7550116,0.7303302994765605,NOT_ASSOCIATED,0.0.731861,0.0.3964804,
0.0.6045318,3.358660203503205,SUCCESS,0.0.731861,0.0.3964804,0.0.4138717@1782759677.385340910
0.0.5719491,0.497724093966971,SUCCESS,0.0.731861,0.0.3964804,0.0.4138717@1782759681.174418703
0.0.8551680,580.0537826381774,SUCCESS,0.0.731861,0.0.3964804&0.0.5328590,0.0.4138717@1782759682.241662715
0.0.840324,13.67597440094032,SUCCESS,0.0.731861,0.0.3964804,0.0.4138717@1782759678.172296874
0.0.919311,1079.187805574864,NOT_ASSOCIATED,0.0.731861,0.0.3964804,
0.0.7920736,13.97071174609546,SUCCESS,0.0.731861,0.0.3964804,0.0.4138717@1782759682.148190872
0.0.8057884,6.326151494801481,SUCCESS,0.0.731861,0.0.3964804,0.0.4138717@1782759682.894011044
0.0.8382708,0.05203599830717965,SUCCESS,0.0.731861,0.0.3964804,0.0.4138717@1782759681.135400792
0.0.4154591,127.1887119719414,SUCCESS,0.0.731861,0.0.3964804&0.0.4601632&0.0.5328590,0.0.4138717@1782759683.827042206
0.0.4838474,52.03175188478501,SUCCESS,0.0.731861,0.0.3964804&0.0.5328590,0.0.4138717@1782759685.207210153
0.0.4319619,0.9991437863570326,SUCCESS,0.0.731861,0.0.3964804,0.0.4138717@1782759681.920991860
0.0.8120693,12.45617600742944,SUCCESS,0.0.731861,0.0.3964804,0.0.4138717@1782759682.950344935
0.0.8244642,4566.027189147742,SUCCESS,0.0.731861,0.0.3964804,0.0.4138717@1782759683.860349502
0.0.658160,2.999057535687548,SUCCESS,0.0.731861,0.0.3964804&0.0.8315114,0.0.4138717@1782759686.013908754
0.0.7920282,0.05231515325182177,SUCCESS,0.0.731861,0.0.3964804,0.0.4138717@1782759683.303629153
0.0.4743054,0.9735531508477105,SUCCESS,0.0.731861,0.0.3964804&0.0.8315114,0.0.4138717@1782759685.278020627
0.0.7285744,0.1963251167128762,SUCCESS,0.0.731861,0.0.3964804,0.0.4138717@1782759688.678346693
0.0.1415516,47.40978505967245,SUCCESS,0.0.731861,0.0.3964804,0.0.4138717@1782759685.805658588
0.0.789990,0.3753601829369632,SUCCESS,0.0.731861,0.0.3964804,0.0.4138717@1782759688.306512914
0.0.840487,16.54282059349894,SUCCESS,0.0.731861,0.0.3964804,0.0.4138717@1782759688.575901202
0.0.5314183,1.997786671748401,SUCCESS,0.0.731861,0.0.3964804,0.0.4138717@1782759685.309840555
0.0.435679,2365.818626065002,SUCCESS,0.0.731861,0.0.3964804&0.0.3964827&0.0.3964860&0.0.5328590,0.0.4138717@1782759686.153336868
0.0.2302824,0.01269369660687232,SUCCESS,0.0.731861,0.0.3964804,0.0.4138717@1782759688.624432990
0.0.4433604,0.4036991843335179,SUCCESS,0.0.731861,0.0.3964804&0.0.4601632,0.0.4138717@1782759687.280153000
0.0.4345176,0.5121797452451998,SUCCESS,0.0.731861,0.0.3964804,0.0.4138717@1782759686.857262251
0.0.5432163,0.2282001378432728,NOT_ASSOCIATED,0.0.731861,0.0.3964804,
0.0.4362017,8.449434604891902,SUCCESS,0.0.731861,0.0.3964804,0.0.4138717@1782759689.431547748
0.0.4329551,71.92942067233845,SUCCESS,0.0.731861,0.0.3964804&0.0.3964827&0.0.3964855,0.0.4138717@1782759692.288102309
0.0.5029689,19.51603144359455,SUCCESS,0.0.731861,0.0.3964804,0.0.4138717@1782759688.914063410
0.0.834666,39.44793693792388,SUCCESS,0.0.731861,0.0.3964804,0.0.4138717@1782759691.132263808
0.0.4323897,0.07844967655132813,SUCCESS,0.0.731861,0.0.3964804,0.0.4138717@1782759690.552382027
0.0.4782567,14.14758593202134,SUCCESS,0.0.731861,0.0.3964804,0.0.4138717@1782759692.601845369
0.0.4340392,0.285403316855466,SUCCESS,0.0.731861,0.0.3964804,0.0.4138717@1782759694.181438776
0.0.4785387,135.6647146975805,SUCCESS,0.0.731861,0.0.3964804&0.0.4601632,0.0.4138717@1782759693.225879637
0.0.6058490,0.1668718651035939,SUCCESS,0.0.731861,0.0.3964804,0.0.4138717@1782759696.618625068
0.0.1334605,57.29433442619303,SUCCESS,0.0.731861,0.0.3964804,0.0.4138717@1782759693.938953838
0.0.4799094,0.5566004209140257,SUCCESS,0.0.731861,0.0.3964804,0.0.4138717@1782759696.450644511
0.0.6061106,2.334301927450243,NOT_ASSOCIATED,0.0.731861,0.0.3964804,
0.0.848151,1.916059035866875,SUCCESS,0.0.731861,0.0.3964804,0.0.4138717@1782759697.357145026
0.0.1388678,25.85741998947748,SUCCESS,0.0.731861,0.0.3964804,0.0.4138717@1782759696.819806429
0.0.837799,6.892719281101578,SUCCESS,0.0.731861,0.0.3964804,0.0.4138717@1782759696.153195188
0.0.4322023,5.387251296707119,SUCCESS,0.0.731861,0.0.3964804&0.0.3964855&0.0.4601632,0.0.4138717@1782759697.234054819
0.0.5060252,1.427255784600519,SUCCESS,0.0.731861,0.0.3964804&0.0.3964860,0.0.4138717@1782759697.344353126
0.0.3295745,51.34869340987807,SUCCESS,0.0.731861,0.0.3964804,0.0.4138717@1782759701.309806809
0.0.4758052,0.9065234312614789,SUCCESS,0.0.731861,0.0.3964804,0.0.4138717@1782759697.343635185
0.0.4640278,0.4921093100523752,SUCCESS,0.0.731861,0.0.3964804,0.0.4138717@1782759699.834530230
0.0.1747288,20.46278939639534,SUCCESS,0.0.731861,0.0.3964804,0.0.4138717@1782759701.957053845
0.0.4741573,4.780401030993294,SUCCESS,0.0.731861,0.0.3964804,0.0.4138717@1782759698.151467684
0.0.4923529,0.009389624713805288,NOT_ASSOCIATED,0.0.731861,0.0.3964804,
0.0.1046906,0.1300928707584721,SUCCESS,0.0.731861,0.0.3964804,0.0.4138717@1782759699.976457283
0.0.1043461,460.1744782420314,SUCCESS,0.0.731861,0.0.3964804,0.0.4138717@1782759700.963043697
0.0.1711144,1.31507268154166,NOT_ASSOCIATED,0.0.731861,0.0.3964804,
0.0.9690555,2.307213365072768,SUCCESS,0.0.731861,0.0.3964804,0.0.4138717@1782759698.476999761
0.0.4911466,0.07649220604823707,SUCCESS,0.0.731861,0.0.3964804,0.0.4138717@1782759700.970058742
0.0.10068662,0.4314637033885432,SUCCESS,0.0.731861,0.0.3964804,0.0.4138717@1782759701.650734851
0.0.8213249,362.4643036735741,SUCCESS,0.0.731861,0.0.3964804,0.0.4138717@1782759701.389614184
0.0.6460255,37.29970444643997,NOT_ASSOCIATED,0.0.731861,0.0.3964804,
0.0.3907868,0.04268469673419843,SUCCESS,0.0.731861,0.0.3964804,0.0.4138717@1782759706.346365748
0.0.9317309,0.009878324913578512,SUCCESS,0.0.731861,0.0.3964804&0.0.9774523,0.0.4138717@1782759702.733627775
0.0.7550127,1.694535062891524,SUCCESS,0.0.731861,0.0.3964804,0.0.4138717@1782759703.824706366
0.0.5482082,5.650351356507516,SUCCESS,0.0.731861,0.0.3964804,0.0.4138717@1782759702.615703964
0.0.1027780,2360.320437280445,SUCCESS,0.0.731861,0.0.3964804&0.0.5328590,0.0.4138717@1782759703.411542888
0.0.9695749,27.2690163559226,NOT_ASSOCIATED,0.0.731861,0.0.3964804,
0.0.834767,10.65363116104337,SUCCESS,0.0.731861,0.0.3964804,0.0.4138717@1782759707.632032179
0.0.9612822,1.339271554447989,NOT_ASSOCIATED,0.0.731861,0.0.3964804,
0.0.6258977,30.82265231104302,SUCCESS,0.0.731861,0.0.3964804&0.0.5328590,0.0.4138717@1782759707.961077679
0.0.946029,4.40631517539479,NOT_ASSOCIATED,0.0.731861,0.0.3964804,
0.0.1461428,13.42376055899815,SUCCESS,0.0.731861,0.0.3964804,0.0.4138717@1782759710.180953933
0.0.10171350,43.96882180582908,SUCCESS,0.0.731861,0.0.3964804&0.0.5328590,0.0.4138717@1782759706.214779794
0.0.4144365,10.15862059230089,SUCCESS,0.0.731861,0.0.3964804,0.0.4138717@1782759710.691069984
0.0.2005484,0.1099681412425738,SUCCESS,0.0.731861,0.0.3964804,0.0.4138717@1782759706.876833209
0.0.4644030,0.1333590103147519,SUCCESS,0.0.731861,0.0.3964804,0.0.4138717@1782759708.642429457
0.0.876236,0.7874033975084593,SUCCESS,0.0.731861,0.0.3964804,0.0.4138717@1782759711.769266621
0.0.1505544,0.03936114112299711,SUCCESS,0.0.731861,0.0.3964804,0.0.4138717@1782759713.754972855
0.0.10491625,34.82346555592978,SUCCESS,0.0.731861,0.0.3964804,0.0.4138717@1782759710.039633740
0.0.560837,186.1600416973477,SUCCESS,0.0.731861,0.0.3964804,0.0.4138717@1782759710.704582539
0.0.10427913,1.398634331523953,NOT_ASSOCIATED,0.0.731861,0.0.3964804,
0.0.4315395,0.8665692143479009,SUCCESS,0.0.731861,0.0.3964804,0.0.4138717@1782759711.658684870
0.0.4853191,0.06337822424956319,SUCCESS,0.0.731861,0.0.3964804,0.0.4138717@1782759712.022118542
0.0.9796301,5.842426098107079,NOT_ASSOCIATED,0.0.731861,0.0.3964804,
0.0.10279551,2.021553941718974,SUCCESS,0.0.731861,0.0.3964804,0.0.4138717@1782759714.204390379
0.0.10261941,9.30518243636564,SUCCESS,0.0.731861,0.0.3964804,0.0.4138717@1782759714.857445333
0.0.10242536,13.87938828395181,NOT_ASSOCIATED,0.0.731861,0.0.3964804,
0.0.2030460,2301.856268005342,SUCCESS,0.0.731861,0.0.3964804&0.0.5328590&0.0.6078473,0.0.4138717@1782759715.036315290
0.0.10056907,1.820593562404679,SUCCESS,0.0.731861,0.0.3964804,0.0.4138717@1782759712.885497271
0.0.7164995,103.8650807625255,SUCCESS,0.0.731861,0.0.3964804,0.0.4138717@1782759717.312156479
0.0.1486871,239.0051875927204,SUCCESS,0.0.731861,0.0.3964804,0.0.4138717@1782759715.113439017
0.0.4327294,0.1870718563770269,SUCCESS,0.0.731861,0.0.3964804,0.0.4138717@1782759713.707623722
0.0.3937438,3.367769888120884,SUCCESS,0.0.731861,0.0.3964804,0.0.4138717@1782759713.909050809
0.0.796454,27.33250414601935,SUCCESS,0.0.731861,0.0.3964804,0.0.4138717@1782759718.024910015
0.0.5147407,4.372139387454927,SUCCESS,0.0.731861,0.0.3964804,0.0.4138717@1782759717.538245595
0.0.859649,1.412238516766855,SUCCESS,0.0.731861,0.0.3964804,0.0.4138717@1782759717.175862782
0.0.4533464,1.486688421344519,SUCCESS,0.0.731861,0.0.3964804,0.0.4138717@1782759716.142451417
0.0.5495538,5.8480011122202,SUCCESS,0.0.731861,0.0.3964804&0.0.3964860&0.0.4601632,0.0.4138717@1782759716.580061938
0.0.4093788,21.57052550529094,SUCCESS,0.0.731861,0.0.3964804,0.0.4138717@1782759718.789940970
0.0.5421455,0.04759152565605055,SUCCESS,0.0.731861,0.0.3964804,0.0.4138717@1782759718.760737687
0.0.5315914,19.23713971287556,SUCCESS,0.0.731861,0.0.3964804,0.0.4138717@1782759719.636651604
0.0.838198,25.99059591574833,SUCCESS,0.0.731861,0.0.3964804&0.0.3964855&0.0.4601632,0.0.4138717@1782759718.855190018
0.0.5023507,80.74262355313267,SUCCESS,0.0.731861,0.0.3964804&0.0.4601632&0.0.5328590,0.0.4138717@1782759722.116677794
0.0.728698,18.05995501446661,SUCCESS,0.0.731861,0.0.3964804&0.0.4601632,0.0.4138717@1782759721.153341004
0.0.1402758,9.670490732226344,SUCCESS,0.0.731861,0.0.3964804,0.0.4138717@1782759721.034246215
0.0.1353334,0.5505991685187515,SUCCESS,0.0.731861,0.0.3964804,0.0.4138717@1782759723.893181745
0.0.3165925,0.6426852452600681,SUCCESS,0.0.731861,0.0.3964804,0.0.4138717@1782759723.605628318
0.0.1357334,1.475952945597203,SUCCESS,0.0.731861,0.0.3964804,0.0.4138717@1782759724.102906310
0.0.433061,4.751956292523163,SUCCESS,0.0.731861,0.0.3964804&0.0.3964860&0.0.5328590,0.0.4138717@1782759721.337132907
0.0.5957030,13.74400322071873,NOT_ASSOCIATED,0.0.731861,0.0.3964804,
0.0.6275653,0.1333961013551969,SUCCESS,0.0.731861,0.0.3964804,0.0.4138717@1782759723.595888664
0.0.6154587,54.3597513236915,SUCCESS,0.0.731861,0.0.3964804,0.0.4138717@1782759722.999917420
0.0.6139137,7.338622378601421,SUCCESS,0.0.731861,0.0.3964804,0.0.4138717@1782759726.408094186
0.0.753351,3.195408607945772,SUCCESS,0.0.731861,0.0.3964804,0.0.4138717@1782759725.365360900
0.0.5068116,0.4013373955147515,NOT_ASSOCIATED,0.0.731861,0.0.3964804,
0.0.805713,79.97907168727338,SUCCESS,0.0.731861,0.0.3964804,0.0.4138717@1782759726.958632146
0.0.4766862,9.280529350857424,SUCCESS,0.0.731861,0.0.3964804,0.0.4138717@1782759728.112833002
0.0.2101943,0.01543688225393713,SUCCESS,0.0.731861,0.0.3964804,0.0.4138717@1782759728.304480817
0.0.4965217,1.406528061375084,SUCCESS,0.0.731861,0.0.3964804,0.0.4138717@1782759727.030736803
0.0.3967246,4.226591213366898,SUCCESS,0.0.731861,0.0.3964804,0.0.4138717@1782759731.007985788
0.0.4358173,181.4439707304145,SUCCESS,0.0.731861,0.0.3964804&0.0.4601632&0.0.6126395,0.0.4138717@1782759728.433678313
0.0.4717832,2.493639614328277,SUCCESS,0.0.731861,0.0.3964804,0.0.4138717@1782759731.032848353
0.0.4351736,0.1761254053776301,SUCCESS,0.0.731861,0.0.3964804,0.0.4138717@1782759729.509339693
0.0.5698429,0.07521233047667404,SUCCESS,0.0.731861,0.0.3964804,0.0.4138717@1782759728.826626062
0.0.4589167,0.1850653876988387,NOT_ASSOCIATED,0.0.731861,0.0.3964804,
0.0.1121794,2.400442238128162,SUCCESS,0.0.731861,0.0.3964804,0.0.4138717@1782759730.456296050
0.0.4337103,0.021952722484164,SUCCESS,0.0.731861,0.0.3964804,0.0.4138717@1782759732.857273418
0.0.3291464,0.2122652482601658,SUCCESS,0.0.731861,0.0.3964804,0.0.4138717@1782759731.438126098
0.0.1018824,97.72232116121998,SUCCESS,0.0.731861,0.0.3964804&0.0.5328590,0.0.4138717@1782759732.851275459
0.0.4319631,0.9652555942555257,SUCCESS,0.0.731861,0.0.3964804,0.0.4138717@1782759733.558447811
0.0.1048940,21.28050421234638,SUCCESS,0.0.731861,0.0.3964804&0.0.5328590,0.0.4138717@1782759735.700156428
0.0.3945405,0.006202517758908534,SUCCESS,0.0.731861,0.0.3964804,0.0.4138717@1782759734.238794694
0.0.1104374,615.9340441730147,SUCCESS,0.0.731861,0.0.3964804,0.0.4138717@1782759733.326398066
0.0.1350500,17.07480823586452,SUCCESS,0.0.731861,0.0.3964804&0.0.6071119&0.0.6078473,0.0.4138717@1782759733.837709303
0.0.1088670,5.657778528072314,SUCCESS,0.0.731861,0.0.3964804,0.0.4138717@1782759734.514606503
0.0.3872024,26.55863255674479,SUCCESS,0.0.731861,0.0.3964804,0.0.4138717@1782759736.004341594
0.0.833050,0.5313420796445291,SUCCESS,0.0.731861,0.0.3964804,0.0.4138717@1782759737.294780171
0.0.1313705,3.557534210735844,SUCCESS,0.0.731861,0.0.3964804,0.0.4138717@1782759734.575730289
0.0.4184148,4.249443875626067,SUCCESS,0.0.731861,0.0.3964804,0.0.4138717@1782759739.307750760
0.0.3768895,0.01854407112786055,SUCCESS,0.0.731861,0.0.3964804,0.0.4138717@1782759737.532028507
0.0.1097802,22.99829919749518,SUCCESS,0.0.731861,0.0.3964804,0.0.4138717@1782759739.786602377
0.0.1877641,11.86247380868835,SUCCESS,0.0.731861,0.0.3964804,0.0.4138717@1782759740.795270847
0.0.1268672,0.1321161759124136,SUCCESS,0.0.731861,0.0.3964804,0.0.4138717@1782759736.479442459
0.0.835670,17.59736314935004,SUCCESS,0.0.731861,0.0.3964804&0.0.4601632,0.0.4138717@1782759740.545453562
0.0.836096,3.260266191102344,SUCCESS,0.0.731861,0.0.3964804,0.0.4138717@1782759737.256478087
0.0.4350498,0.0063958563527032,SUCCESS,0.0.731861,0.0.3964804,0.0.4138717@1782759742.140826985
0.0.1860252,1.863312622338485,SUCCESS,0.0.731861,0.0.3964804,0.0.4138717@1782759740.931063988
0.0.3100704,2465.952816650354,SUCCESS,0.0.731861,0.0.3964804&0.0.3964860&0.0.4601632&0.0.5328590,0.0.4138717@1782759739.072793251
0.0.4535053,12.99820710398396,SUCCESS,0.0.731861,0.0.3964804,0.0.4138717@1782759742.890980865
0.0.4356553,0.2755161188201901,SUCCESS,0.0.731861,0.0.3964804,0.0.4138717@1782759740.006034163
0.0.4333378,0.08052382508416601,SUCCESS,0.0.731861,0.0.3964804,0.0.4138717@1782759741.576261271
0.0.4368518,0.7631698717032698,SUCCESS,0.0.731861,0.0.3964804,0.0.4138717@1782759741.416910973
0.0.4360122,1.923691304567111,SUCCESS,0.0.731861,0.0.3964804,0.0.4138717@1782759740.292605410
0.0.1728462,1.513406573796386,SUCCESS,0.0.731861,0.0.3964804,0.0.4138717@1782759744.879193452
0.0.1440806,7.855363351338593,SUCCESS,0.0.731861,0.0.3964804,0.0.4138717@1782759743.586378759
0.0.4329185,10.19802078461257,SUCCESS,0.0.731861,0.0.3964804,0.0.4138717@1782759743.426975393
0.0.4341116,13.35061460602256,SUCCESS,0.0.731861,0.0.3964804,0.0.4138717@1782759745.167656545
0.0.3023498,5.285498060573397,SUCCESS,0.0.731861,0.0.3964804,0.0.4138717@1782759745.786171867
0.0.4346529,27.35112831893004,SUCCESS,0.0.731861,0.0.3964804,0.0.4138717@1782759745.076607828
0.0.4345412,0.5988210339830973,SUCCESS,0.0.731861,0.0.3964804,0.0.4138717@1782759745.810061675
0.0.4345654,761.8960325121382,SUCCESS,0.0.731861,0.0.3964804,0.0.4138717@1782759748.734140385
0.0.791414,3.46477179339352,SUCCESS,0.0.731861,0.0.3964804,0.0.4138717@1782759749.573202960
0.0.6343911,13.13259474349051,SUCCESS,0.0.731861,0.0.3964804,0.0.4138717@1782759750.135297742
0.0.7937765,9.07879753854474,NOT_ASSOCIATED,0.0.731861,0.0.3964804,
0.0.4765612,172.3287225141792,SUCCESS,0.0.731861,0.0.3964804&0.0.5328590,0.0.4138717@1782759746.419056598
0.0.3240624,0.01892307513074517,SUCCESS,0.0.731861,0.0.3964804,0.0.4138717@1782759748.907520613
0.0.2150506,0.3245438696055355,SUCCESS,0.0.731861,0.0.3964804,0.0.4138717@1782759750.568444424
0.0.4312267,57.81740982683515,SUCCESS,0.0.731861,0.0.3964804,0.0.4138717@1782759748.179724481
0.0.4883729,3.39455981912994,SUCCESS,0.0.731861,0.0.3964804,0.0.4138717@1782759749.985178285
0.0.1746011,16.59571922177515,SUCCESS,0.0.731861,0.0.3964804,0.0.4138717@1782759750.006545371
0.0.7703838,0.0861793359584424,SUCCESS,0.0.731861,0.0.3964804,0.0.4138717@1782759752.085293376
0.0.7798912,22.51598533932107,SUCCESS,0.0.731861,0.0.3964804,0.0.4138717@1782759749.795223628
0.0.862835,472.317144887283,SUCCESS,0.0.731861,0.0.3964804&0.0.3964827&0.0.6071911,0.0.4138717@1782759753.982684009
0.0.1337171,393.8548400833566,SUCCESS,0.0.731861,0.0.3964804&0.0.3964827&0.0.3964860&0.0.6071911,0.0.4138717@1782759752.870483208
0.0.2004450,0.6281450010188326,SUCCESS,0.0.731861,0.0.3964804,0.0.4138717@1782759752.287736126
0.0.4337383,2.200640708949696,SUCCESS,0.0.731861,0.0.3964804,0.0.4138717@1782759751.844730320
0.0.4504544,84.69235508658092,SUCCESS,0.0.731861,0.0.3964804,0.0.4138717@1782759754.395203065
0.0.1463093,9.801443513830456,SUCCESS,0.0.731861,0.0.3964804,0.0.4138717@1782759754.537014608
0.0.811739,173.9330296615897,SUCCESS,0.0.731861,0.0.3964804&0.0.5328590,0.0.4138717@1782759753.861545899
0.0.4343570,3.14232548243473,SUCCESS,0.0.731861,0.0.3964804,0.0.4138717@1782759756.778973913
0.0.4388693,0.6231897417016374,SUCCESS,0.0.731861,0.0.3964804&0.0.4601632,0.0.4138717@1782759754.784574569
0.0.8083173,4.557703535494197,SUCCESS,0.0.731861,0.0.3964804,0.0.4138717@1782759758.381996039
0.0.2964523,225.4952562832369,SUCCESS,0.0.731861,0.0.3964804&0.0.3964860,0.0.4138717@1782759758.975119311
0.0.8076778,0.01556249617415927,SUCCESS,0.0.731861,0.0.3964804,0.0.4138717@1782759760.550319185
0.0.6313326,75.70038358215945,SUCCESS,0.0.731861,0.0.3964804,0.0.4138717@1782759757.252583819
0.0.7583284,2.069121111004287,SUCCESS,0.0.731861,0.0.3964804,0.0.4138717@1782759760.762058203
0.0.1673276,365.7367028020046,SUCCESS,0.0.731861,0.0.3964804&0.0.5328590,0.0.4138717@1782759759.862937553
0.0.4804985,1.625113757353409,SUCCESS,0.0.731861,0.0.3964804,0.0.4138717@1782759760.995381178
0.0.7865510,280.0828980766679,SUCCESS,0.0.731861,0.0.3964804,0.0.4138717@1782759757.970362706
0.0.887612,18.13234563945002,SUCCESS,0.0.731861,0.0.3964804,0.0.4138717@1782759759.375594334
0.0.7732676,122.8485610054267,SUCCESS,0.0.731861,0.0.3964804,0.0.4138717@1782759762.875904204
0.0.2891280,7.028439609173727,NOT_ASSOCIATED,0.0.731861,0.0.3964804,
0.0.838388,231.783064428028,SUCCESS,0.0.731861,0.0.3964804,0.0.4138717@1782759760.322184486
0.0.7916029,144.2644525411606,SUCCESS,0.0.731861,0.0.3964804,0.0.4138717@1782759760.000705795
0.0.4861986,1.333575668299504,SUCCESS,0.0.731861,0.0.3964804,0.0.4138717@1782759760.319897625
0.0.5112630,3.162765336777032,SUCCESS,0.0.731861,0.0.3964804,0.0.4138717@1782759765.090419620
0.0.710849,0.1681403155704672,SUCCESS,0.0.731861,0.0.3964804,0.0.4138717@1782759761.206046757
0.0.7965412,0.03050479884072618,NOT_ASSOCIATED,0.0.731861,0.0.3964804,
0.0.3384906,42.79209835128958,SUCCESS,0.0.731861,0.0.3964804,0.0.4138717@1782759764.979638159
0.0.7961490,1.652593291455364,NOT_ASSOCIATED,0.0.731861,0.0.3964804,
0.0.6157135,782.4721999824874,SUCCESS,0.0.731861,0.0.3964804&0.0.3964827&0.0.5328590,0.0.4138717@1782759765.304891152
0.0.4423729,10.18269120298569,SUCCESS,0.0.731861,0.0.3964804,0.0.4138717@1782759762.993147102
0.0.1124401,18.93120691084532,SUCCESS,0.0.731861,0.0.3964804,0.0.4138717@1782759765.197630238
0.0.7312670,10.09571354793159,SUCCESS,0.0.731861,0.0.3964804,0.0.4138717@1782759766.188156964
0.0.662621,4.285286650393712,SUCCESS,0.0.731861,0.0.3964804,0.0.4138717@1782759763.235259029
0.0.6475509,1.718536408590983,SUCCESS,0.0.731861,0.0.3964804,0.0.4138717@1782759766.920564485
0.0.7450449,4.256094895719673,NOT_ASSOCIATED,0.0.731861,0.0.3964804,
0.0.6004536,0.5729894898283415,SUCCESS,0.0.731861,0.0.3964804,0.0.4138717@1782759765.943158760
0.0.892270,50.04997693522259,SUCCESS,0.0.731861,0.0.3964804,0.0.4138717@1782759767.947169753
0.0.6270761,368.7503486138991,SUCCESS,0.0.731861,0.0.3964804,0.0.4138717@1782759769.662118148
0.0.2967389,4.581201835101106,SUCCESS,0.0.731861,0.0.3964804,0.0.4138717@1782759766.186064423
0.0.6416166,7.058203876964481,SUCCESS,0.0.731861,0.0.3964804,0.0.4138717@1782759766.565142126
0.0.4314332,42.43867346883627,SUCCESS,0.0.731861,0.0.3964804,0.0.4138717@1782759767.540761547
0.0.3048811,1313.509572983654,SUCCESS,0.0.731861,0.0.3964804&0.0.4601632&0.0.5328590&0.0.6071041,0.0.4138717@1782759769.665809824
0.0.6828202,241.9341966540967,SUCCESS,0.0.731861,0.0.3964804&0.0.4601632,0.0.4138717@1782759769.205428165
0.0.6852334,10.93428087125455,SUCCESS,0.0.731861,0.0.3964804,0.0.4138717@1782759769.535934145
0.0.1463629,0.5228096547963403,SUCCESS,0.0.731861,0.0.3964804,0.0.4138717@1782759770.803490039
0.0.146930,6653.49466088007,SUCCESS,0.0.731861,0.0.3964804,0.0.4138717@1782759769.243868588
0.0.4566469,9.32718455331114,SUCCESS,0.0.731861,0.0.3964804,0.0.4138717@1782759770.344932624
0.0.3916542,0.389809059712936,SUCCESS,0.0.731861,0.0.3964804&0.0.3964827,0.0.4138717@1782759772.279608597
0.0.1486421,16.7913759040419,SUCCESS,0.0.731861,0.0.3964804,0.0.4138717@1782759771.624288342
0.0.1359581,211.7815365489915,SUCCESS,0.0.731861,0.0.3964804&0.0.3964827,0.0.4138717@1782759771.012143354
0.0.4431727,1.569021294365913,SUCCESS,0.0.731861,0.0.3964804&0.0.3964827,0.0.4138717@1782759772.080843995
0.0.7710235,1.262362421932528,SUCCESS,0.0.731861,0.0.3964804,0.0.4138717@1782759775.453412801
0.0.838791,10.70839346521406,SUCCESS,0.0.731861,0.0.3964804,0.0.4138717@1782759775.401635835
0.0.496172,11.44489721169183,SUCCESS,0.0.731861,0.0.3964804,0.0.4138717@1782759774.518942234
0.0.6078189,42.70646150592104,SUCCESS,0.0.731861,0.0.3964804,0.0.4138717@1782759773.076409492
0.0.4887338,6.425226618032463,SUCCESS,0.0.731861,0.0.3964804,0.0.4138717@1782759775.501186853
0.0.7662545,0.04457260018929244,NOT_ASSOCIATED,0.0.731861,0.0.3964804,
0.0.7290965,5.008999358302519,SUCCESS,0.0.731861,0.0.3964804,0.0.4138717@1782759777.827296860
0.0.1524063,33.70321017260866,SUCCESS,0.0.731861,0.0.3964804,0.0.4138717@1782759778.988543896
0.0.3872629,5.063330428215544,SUCCESS,0.0.731861,0.0.3964804,0.0.4138717@1782759776.752120301
0.0.7631749,0.01289523554242551,SUCCESS,0.0.731861,0.0.3964804,0.0.4138717@1782759777.365938346
0.0.794930,0.5566851166897898,SUCCESS,0.0.731861,0.0.3964804,0.0.4138717@1782759780.001909070
0.0.3687848,4.292011391019802,SUCCESS,0.0.731861,0.0.3964804,0.0.4138717@1782759780.842056127
0.0.1114728,0.05519838272979491,SUCCESS,0.0.731861,0.0.3964804,0.0.4138717@1782759777.546933140
0.0.1088394,224.0467003514322,SUCCESS,0.0.731861,0.0.3964804&0.0.3964860&0.0.5328590&0.0.6078473,0.0.4138717@1782759778.140298545
0.0.1448131,2.644067709430011,SUCCESS,0.0.731861,0.0.3964804,0.0.4138717@1782759776.780649615
0.0.859149,165.9482993484103,SUCCESS,0.0.731861,0.0.3964804,0.0.4138717@1782759779.140987815
0.0.859565,91.12740873450262,SUCCESS,0.0.731861,0.0.3964804,0.0.4138717@1782759781.921319405
0.0.664593,69.59297400085357,SUCCESS,0.0.731861,0.0.3964804,0.0.4138717@1782759780.183128471
0.0.7098838,4.522720907396036,SUCCESS,0.0.731861,0.0.3964804,0.0.4138717@1782759781.594390870
0.0.590682,0.1846663366792202,SUCCESS,0.0.731861,0.0.3964804,0.0.4138717@1782759782.817119265
0.0.4914022,3.939474929256073,SUCCESS,0.0.731861,0.0.3964804,0.0.4138717@1782759783.530916718
0.0.5957081,2.90534494612688,SUCCESS,0.0.731861,0.0.3964804,0.0.4138717@1782759781.177491626
0.0.4561752,4.598926606816828,SUCCESS,0.0.731861,0.0.3964804&0.0.5328590&0.0.6071041,0.0.4138717@1782759785.426314923
0.0.6334018,5.585822679146914,SUCCESS,0.0.731861,0.0.3964804,0.0.4138717@1782759783.362195690
0.0.5804427,17.91462118573112,SUCCESS,0.0.731861,0.0.3964804&0.0.4601632,0.0.4138717@1782759784.066320891
0.0.1956746,0.3087448230840538,SUCCESS,0.0.731861,0.0.3964804,0.0.4138717@1782759785.891300089
0.0.5742160,72.61224732664643,SUCCESS,0.0.731861,0.0.3964804,0.0.4138717@1782759786.163110588
0.0.4814986,0.1172252841762873,SUCCESS,0.0.731861,0.0.3964804,0.0.4138717@1782759787.478918546
0.0.857763,9.133976559525864,SUCCESS,0.0.731861,0.0.3964804,0.0.4138717@1782759788.434935890
0.0.937712,109.9470752675613,SUCCESS,0.0.731861,0.0.3964804,0.0.4138717@1782759784.952690657
0.0.8115823,0.7535592060038628,SUCCESS,0.0.731861,0.0.3964804,0.0.4138717@1782759788.387915049
0.0.8383256,0.004198977547253676,SUCCESS,0.0.731861,0.0.3964804,0.0.4138717@1782759787.498882313
0.0.8673292,10.56541941899005,SUCCESS,0.0.731861,0.0.3964804,0.0.4138717@1782759785.935911027
0.0.8602366,9.975572448440646,SUCCESS,0.0.731861,0.0.3964804,0.0.4138717@1782759788.595894773
0.0.8241599,12.97053389023528,SUCCESS,0.0.731861,0.0.3964804,0.0.4138717@1782759788.964823822
0.0.8548028,0.002365466877801298,SUCCESS,0.0.731861,0.0.3964804,0.0.4138717@1782759792.089287749
0.0.8538714,3.728963241064494,SUCCESS,0.0.731861,0.0.3964804,0.0.4138717@1782759789.200931256
0.0.8304314,0.4888468615215023,SUCCESS,0.0.731861,0.0.3964804,0.0.4138717@1782759790.346877100
0.0.8152447,4.833005764384329,SUCCESS,0.0.731861,0.0.3964804,0.0.4138717@1782759789.900853699
0.0.8146497,11.53298473949298,SUCCESS,0.0.731861,0.0.3964804&0.0.5328590,0.0.4138717@1782759791.418346136
0.0.955353,0.8941058740266751,NOT_ASSOCIATED,0.0.731861,0.0.3964804,
0.0.8104363,1998.967693986094,SUCCESS,0.0.731861,0.0.3964804,0.0.4138717@1782759791.413977576
0.0.1181772,0.401566720202734,SUCCESS,0.0.731861,0.0.3964804&0.0.6126395,0.0.4138717@1782759792.213347871
0.0.8068660,0.04806138412645593,SUCCESS,0.0.731861,0.0.3964804,0.0.4138717@1782759794.538534275
0.0.7931472,1.269828089242048,SUCCESS,0.0.731861,0.0.3964804,0.0.4138717@1782759793.772438991
0.0.8002619,1.993559833190525,SUCCESS,0.0.731861,0.0.3964804,0.0.4138717@1782759792.017198921
0.0.7950871,15086.69503428739,SUCCESS,0.0.731861,0.0.3964804&0.0.3964827&0.0.3964860&0.0.4601632&0.0.8315114&0.0.10498271&0.0.10498278&0.0.10498280,0.0.4138717@1782759796.783821513
0.0.7809201,0.0006022259256787115,SUCCESS,0.0.731861,0.0.3964804,0.0.4138717@1782759792.881472326
0.0.837554,1019.090828533333,SUCCESS,0.0.731861,0.0.3964804&0.0.3964860&0.0.4129330&0.0.4601632,0.0.4138717@1782759796.576974544
0.0.1432019,34.57499422056169,SUCCESS,0.0.731861,0.0.3964804,0.0.4138717@1782759797.054967005
0.0.10014449,0.3146548550224503,SUCCESS,0.0.731861,0.0.3964804,0.0.4138717@1782759798.556315668
0.0.10251800,0.004955119665235663,NOT_ASSOCIATED,0.0.731861,0.0.3964804,
0.0.1365779,2.065470072896849,SUCCESS,0.0.731861,0.0.3964804,0.0.4138717@1782759798.665401283
0.0.4499088,0.3716801707547087,NOT_ASSOCIATED,0.0.731861,0.0.3964804,
0.0.9273022,0.002460005920877425,SUCCESS,0.0.731861,0.0.3964804,0.0.4138717@1782759799.136491246
0.0.10219431,11.11379901533335,NOT_ASSOCIATED,0.0.731861,0.0.3964804,
0.0.9509413,0.2464723042320434,NOT_ASSOCIATED,0.0.731861,0.0.3964804,
0.0.10157649,37.92037304603703,NOT_ASSOCIATED,0.0.731861,0.0.3964804,
0.0.8083839,2229.195270979281,SUCCESS,0.0.731861,0.0.3964804&0.0.3964827&0.0.3964860&0.0.5328590,0.0.4138717@1782759796.029408833
0.0.4749526,234.548422611054,NOT_ASSOCIATED,0.0.731861,0.0.3964804,
0.0.1704489,0.002315052310708264,NOT_ASSOCIATED,0.0.731861,0.0.3964804,
0.0.9584885,1.192399849927183,SUCCESS,0.0.731861,0.0.3964804&0.0.5328590,0.0.4138717@1782759799.576337426
0.0.10093024,1.624053419528699,SUCCESS,0.0.731861,0.0.3964804,0.0.4138717@1782759799.836600887
0.0.816698,61.35115735840088,SUCCESS,0.0.731861,0.0.3964804,0.0.4138717@1782759801.138977726
0.0.820706,32.00600138395973,SUCCESS,0.0.731861,0.0.3964804,0.0.4138717@1782759802.715973039
0.0.4372819,0.126103165761764,SUCCESS,0.0.731861,0.0.3964804,0.0.4138717@1782759800.405354104
0.0.10072624,0.2539592209437144,SUCCESS,0.0.731861,0.0.3964804,0.0.4138717@1782759802.805763440
0.0.1459068,0.2819581578331364,SUCCESS,0.0.731861,0.0.3964804,0.0.4138717@1782759799.265140970
0.0.4552382,0.06305165266678463,NOT_ASSOCIATED,0.0.731861,0.0.3964804,
0.0.1696471,21.13678529423657,SUCCESS,0.0.731861,0.0.3964804,0.0.4138717@1782759800.696252155
0.0.683815,0.3139092520456701,SUCCESS,0.0.731861,0.0.3964804,0.0.4138717@1782759801.876259432
0.0.1052080,5.557392680319849,SUCCESS,0.0.731861,0.0.3964804,0.0.4138717@1782759802.185712918
0.0.4712922,0.3794037125662378,SUCCESS,0.0.731861,0.0.3964804,0.0.4138717@1782759801.960408486
0.0.4140342,1.995525957853576,SUCCESS,0.0.731861,0.0.3964804&0.0.3964827,0.0.4138717@1782759806.274138609
0.0.4576074,0.6774005078463048,SUCCESS,0.0.731861,0.0.3964804,0.0.4138717@1782759804.154180872
0.0.4558719,0.07378760991345645,NOT_ASSOCIATED,0.0.731861,0.0.3964804,
0.0.4552348,0.06704959836375583,NOT_ASSOCIATED,0.0.731861,0.0.3964804,
0.0.4552309,0.06305523517090966,NOT_ASSOCIATED,0.0.731861,0.0.3964804,
0.0.9034617,0.5063919276683634,SUCCESS,0.0.731861,0.0.3964804,0.0.4138717@1782759803.948261593
0.0.1082201,595.5522410248067,SUCCESS,0.0.731861,0.0.3964804,0.0.4138717@1782759803.935782551
0.0.4571567,11.97297298191065,SUCCESS,0.0.731861,0.0.3964804,0.0.4138717@1782759805.868617354
0.0.1024843,0.0003577052203400139,SUCCESS,0.0.731861,0.0.3964804&0.0.3964855&0.0.3964860,0.0.4138717@1782759804.085978157
0.0.4573495,20832.28649487488,SUCCESS,0.0.731861,0.0.3964804,0.0.4138717@1782759808.730001511
0.0.1105845,13.86178313570716,SUCCESS,0.0.731861,0.0.3964804,0.0.4138717@1782759806.437178725
0.0.10129507,118.2279156253968,SUCCESS,0.0.731861,0.0.3964804&0.0.5328590,0.0.4138717@1782759809.579234354
0.0.10420709,2.512053425122796,SUCCESS,0.0.731861,0.0.3964804,0.0.4138717@1782759811.012427160
0.0.10456759,192.0517881499068,SUCCESS,0.0.731861,0.0.3964804&0.0.3964860,0.0.4138717@1782759807.268629544
0.0.10454179,2.493095619227844,SUCCESS,0.0.731861,0.0.3964804,0.0.4138717@1782759811.426183930
0.0.10295710,1.233440868169138,SUCCESS,0.0.731861,0.0.3964804,0.0.4138717@1782759811.003424191
0.0.10442094,30.72032738507849,SUCCESS,0.0.731861,0.0.3964804,0.0.4138717@1782759812.309537380
0.0.3003013,6.060623177086766,SUCCESS,0.0.731861,0.0.3964804,0.0.4138717@1782759810.785176771
0.0.10435638,1.665805343812991,SUCCESS,0.0.731861,0.0.3964804,0.0.4138717@1782759810.326998699
0.0.10422583,15.79247584171749,SUCCESS,0.0.731861,0.0.3964804,0.0.4138717@1782759812.314510354
0.0.10420688,8.28447389016203,SUCCESS,0.0.731861,0.0.3964804,0.0.4138717@1782759812.017415215
0.0.10430673,1100.512378400786,SUCCESS,0.0.731861,0.0.3964804&0.0.5328590,0.0.4138717@1782759812.651515716
0.0.10465417,5.937831417731712,NOT_ASSOCIATED,0.0.731861,0.0.3964804,
0.0.10420713,0.7750648063874932,SUCCESS,0.0.731861,0.0.3964804,0.0.4138717@1782759813.557218823
0.0.10413601,14.34458711440728,SUCCESS,0.0.731861,0.0.3964804,0.0.4138717@1782759816.515220996
0.0.10371833,259.4529170135469,SUCCESS,0.0.731861,0.0.3964804,0.0.4138717@1782759813.876516390
0.0.851469,1.639802440687081,SUCCESS,0.0.731861,0.0.3964804,0.0.4138717@1782759813.496410752
0.0.4157253,21.47959657587928,SUCCESS,0.0.731861,0.0.3964804,0.0.4138717@1782759814.256360868
0.0.10308209,1191.086828134975,NOT_ASSOCIATED,0.0.731861,0.0.3964804,
0.0.10307970,0.007766024706731093,NOT_ASSOCIATED,0.0.731861,0.0.3964804,
0.0.10303974,4.394208183225246,SUCCESS,0.0.731861,0.0.3964804,0.0.4138717@1782759813.806990556
0.0.1920276,12.1340057050197,SUCCESS,0.0.731861,0.0.3964804,0.0.4138717@1782759817.849669296
0.0.10506008,3.002970755491866,SUCCESS,0.0.731861,0.0.3964804,0.0.4138717@1782759816.944936344
0.0.1512214,0.2472034411161989,SUCCESS,0.0.731861,0.0.3964804&0.0.4601632,0.0.4138717@1782759818.451262043
0.0.1198079,769.0967042717441,SUCCESS,0.0.731861,0.0.3964804,0.0.4138717@1782759819.608765720
0.0.965222,68.92663556776611,SUCCESS,0.0.731861,0.0.3964804,0.0.4138717@1782759819.608746059
0.0.481717,2.320813155289798,SUCCESS,0.0.731861,0.0.3964804,0.0.4138717@1782759817.955158162
0.0.1088074,174.7815756665189,SUCCESS,0.0.731861,0.0.3964804&0.0.3964860,0.0.4138717@1782759820.572550103
0.0.10584246,112.7236014465614,SUCCESS,0.0.731861,0.0.3964804,0.0.4138717@1782759819.054107864
0.0.10543839,9.339957311302522,SUCCESS,0.0.731861,0.0.3964804,0.0.4138717@1782759823.732149770
0.0.10277044,21.41505236516171,SUCCESS,0.0.731861,0.0.3964804,0.0.4138717@1782759821.685989471
0.0.10502045,12.06606961703839,NOT_ASSOCIATED,0.0.731861,0.0.3964804,
0.0.10496154,0.01420683831581843,NOT_ASSOCIATED,0.0.731861,0.0.3964804,
0.0.10495365,0.000001953116601310947,NOT_ASSOCIATED,0.0.731861,0.0.3964804,
0.0.835034,217.9260855339557,SUCCESS,0.0.731861,0.0.3964804&0.0.5328590,0.0.4138717@1782759820.887977621
0.0.844877,14.84790749534475,SUCCESS,0.0.731861,0.0.3964804,0.0.4138717@1782759825.940249771
0.0.5850916,4.004877927900102,SUCCESS,0.0.731861,0.0.3964804,0.0.4138717@1782759826.529361929
0.0.10237154,31.58656313273348,SUCCESS,0.0.731861,0.0.3964804,0.0.4138717@1782759826.082233852
0.0.9362153,2.772716300207731,SUCCESS,0.0.731861,0.0.3964804,0.0.4138717@1782759826.501311716
0.0.10035663,3.313120248103409,SUCCESS,0.0.731861,0.0.3964804,0.0.4138717@1782759829.096697097
0.0.1400807,5.371926897859992,SUCCESS,0.0.731861,0.0.3964804,0.0.4138717@1782759827.971877885
0.0.8414341,0.001655597976574545,SUCCESS,0.0.731861,0.0.3964804,0.0.4138717@1782759829.616949488
0.0.9774219,0.0342520001560246,SUCCESS,0.0.731861,0.0.3964804,0.0.4138717@1782759827.179198307
0.0.9707531,5798.274469042879,NOT_ASSOCIATED,0.0.731861,0.0.3964804,
0.0.9707528,3053.201756405898,NOT_ASSOCIATED,0.0.731861,0.0.3964804,
0.0.9640625,0.1007674841175849,SUCCESS,0.0.731861,0.0.3964804,0.0.4138717@1782759831.637454251
0.0.9579116,6.100684822919076,SUCCESS,0.0.731861,0.0.3964804,0.0.4138717@1782759827.509451384
0.0.9425366,56.0445949426195,SUCCESS,0.0.731861,0.0.3964804,0.0.4138717@1782759831.122973113
0.0.1503602,3.221585822422459,SUCCESS,0.0.731861,0.0.3964804,0.0.4138717@1782759832.301924121
0.0.10044419,2.554410618046492,SUCCESS,0.0.731861,0.0.3964804,0.0.4138717@1782759832.008354529
0.0.1703381,9.50233082058818,SUCCESS,0.0.731861,0.0.3964804,0.0.4138717@1782759832.788470033
0.0.9317965,2.457391072723773,SUCCESS,0.0.731861,0.0.3964804,0.0.4138717@1782759829.551950463
0.0.9301506,0.07104834288541736,SUCCESS,0.0.731861,0.0.3964804,0.0.4138717@1782759831.460235730
0.0.9144627,510.5243380943502,SUCCESS,0.0.731861,0.0.3964804&0.0.4601632,0.0.4138717@1782759835.856735991
0.0.9177203,0.03413364275487713,SUCCESS,0.0.731861,0.0.3964804,0.0.4138717@1782759834.483008113
0.0.8188301,3.284584996799309,SUCCESS,0.0.731861,0.0.3964804,0.0.4138717@1782759834.373420839
0.0.8108637,0.001799502784777216,SUCCESS,0.0.731861,0.0.3964804&0.0.8315114,0.0.4138717@1782759832.211673997
0.0.8868403,0.1373154108149498,SUCCESS,0.0.731861,0.0.3964804,0.0.4138717@1782759836.645209645
0.0.10190094,898.4200583898634,SUCCESS,0.0.731861,0.0.3964804,0.0.4138717@1782759834.944268144
0.0.10256319,74.50571930874435,SUCCESS,0.0.731861,0.0.3964804,0.0.4138717@1782759832.115234902
0.0.10267167,0.3070024144122007,NOT_ASSOCIATED,0.0.731861,0.0.3964804,
0.0.10267166,733.9037048476387,NOT_ASSOCIATED,0.0.731861,0.0.3964804,
0.0.10244829,0.1393301922973832,SUCCESS,0.0.731861,0.0.3964804,0.0.4138717@1782759835.514512070
0.0.10231452,4130.113385363994,SUCCESS,0.0.731861,0.0.3964804&0.0.10414792,0.0.4138717@1782759836.411141336
0.0.10248120,1.732698745021678,SUCCESS,0.0.731861,0.0.3964804,0.0.4138717@1782759836.006298215
0.0.3959322,106.4345756553067,SUCCESS,0.0.731861,0.0.3964804,0.0.4138717@1782759837.150123058
0.0.2216740,1164.568355371838,SUCCESS,0.0.731861,0.0.3964804,0.0.4138717@1782759840.209240705
0.0.3051653,13.93868294678838,SUCCESS,0.0.731861,0.0.3964804,0.0.4138717@1782759837.938104529
0.0.818498,0.1061945203482653,SUCCESS,0.0.731861,0.0.3964804,0.0.4138717@1782759837.342533129
0.0.6247418,0.2879051753872701,NOT_ASSOCIATED,0.0.731861,0.0.3964804,
0.0.10164472,6970.045109712638,SUCCESS,0.0.731861,0.0.3964804,0.0.4138717@1782759837.477286128
0.0.10151415,23.41926105409553,SUCCESS,0.0.731861,0.0.3964804,0.0.4138717@1782759838.242685285
0.0.10115705,0.004569398805773271,SUCCESS,0.0.731861,0.0.3964804,0.0.4138717@1782759839.845519306
0.0.10035851,107.4081114675947,SUCCESS,0.0.731861,0.0.3964804,0.0.4138717@1782759838.873540201
0.0.10007904,0.01176786882443641,SUCCESS,0.0.731861,0.0.3964804,0.0.4138717@1782759842.303138642
0.0.1365923,0.1106381594409764,SUCCESS,0.0.731861,0.0.3964804,0.0.4138717@1782759844.893437099
0.0.10048918,7.906631499208235,SUCCESS,0.0.731861,0.0.3964804,0.0.4138717@1782759840.857832666
0.0.9593512,0.0235046225483095,SUCCESS,0.0.731861,0.0.3964804,0.0.4138717@1782759845.548369506
0.0.10025532,0.6297290871342323,SUCCESS,0.0.731861,0.0.3964804,0.0.4138717@1782759844.426431485
0.0.7965413,0.005689695033473137,NOT_ASSOCIATED,0.0.731861,0.0.3964804,
0.0.2477582,1.907631847297525,NOT_ASSOCIATED,0.0.731861,0.0.3964804,
0.0.8059253,8.352724577598636,SUCCESS,0.0.731861,0.0.3964804,0.0.4138717@1782759845.164226149
0.0.1092596,9.339886080747256,SUCCESS,0.0.731861,0.0.3964804&0.0.3964860&0.0.4601632,0.0.4138717@1782759841.832340567
0.0.2006292,0.339253457392504,SUCCESS,0.0.731861,0.0.3964804,0.0.4138717@1782759844.702554795
0.0.7912110,0.001925534756285372,NOT_ASSOCIATED,0.0.731861,0.0.3964804,
0.0.8056304,3.249970517488122,NOT_ASSOCIATED,0.0.731861,0.0.3964804,
0.0.7974195,238.1519079824852,SUCCESS,0.0.731861,0.0.3964804,0.0.4138717@1782759843.348685273
0.0.7746903,0.4821781296785665,SUCCESS,0.0.731861,0.0.3964804,0.0.4138717@1782759842.770642716
0.0.8032303,0.3336781245668111,SUCCESS,0.0.731861,0.0.3964804,0.0.4138717@1782759845.384201532
0.0.1481135,307.5348643343769,SUCCESS,0.0.731861,0.0.3964804&0.0.4601632,0.0.4138717@1782759848.019415700
0.0.7896816,92.43074754520651,NOT_ASSOCIATED,0.0.731861,0.0.3964804,
0.0.7910977,10.65175693385692,SUCCESS,0.0.731861,0.0.3964804,0.0.4138717@1782759846.615386576
0.0.3947850,0.03994772507720191,SUCCESS,0.0.731861,0.0.3964804&0.0.5328590,0.0.4138717@1782759848.059351484
0.0.5905014,2.268674210475107,SUCCESS,0.0.731861,0.0.3964804,0.0.4138717@1782759847.004551642
0.0.5042398,9.80548253712806,SUCCESS,0.0.731861,0.0.3964804,0.0.4138717@1782759847.587221161
0.0.1479857,6.523583864194098,SUCCESS,0.0.731861,0.0.3964804,0.0.4138717@1782759849.477639262
0.0.7835479,0.4879063997326847,SUCCESS,0.0.731861,0.0.3964804&0.0.3964827,0.0.4138717@1782759849.505794379
0.0.5761971,0.00099460007786124,SUCCESS,0.0.731861,0.0.3964804,0.0.4138717@1782759852.747927881
0.0.8323906,107.6536890993085,NOT_ASSOCIATED,0.0.731861,0.0.3964804,
0.0.8156060,0.6739423023223484,SUCCESS,0.0.731861,0.0.3964804,0.0.4138717@1782759852.188904362
0.0.8298814,10.67175476734119,SUCCESS,0.0.731861,0.0.3964804,0.0.4138717@1782759849.742575303
0.0.7964752,0.02644361454809583,SUCCESS,0.0.731861,0.0.3964804,0.0.4138717@1782759852.830092372
0.0.2025203,0.5283082991013739,SUCCESS,0.0.731861,0.0.3964804,0.0.4138717@1782759850.090175531
0.0.7049977,0.05297227030620831,NOT_ASSOCIATED,0.0.731861,0.0.3964804,
0.0.4867972,0.2108296625089968,SUCCESS,0.0.731861,0.0.3964804,0.0.4138717@1782759850.349392138
0.0.8209324,3.598785722472944,SUCCESS,0.0.731861,0.0.3964804,0.0.4138717@1782759855.681636026
0.0.7997139,0.682412015549623,SUCCESS,0.0.731861,0.0.3964804,0.0.4138717@1782759851.456693947
0.0.7570262,0.4681308331524349,SUCCESS,0.0.731861,0.0.3964804,0.0.4138717@1782759855.721943526
0.0.1906790,0.07231060314583809,SUCCESS,0.0.731861,0.0.3964804,0.0.4138717@1782759854.290016609
0.0.8178093,0.5709822059885519,NOT_ASSOCIATED,0.0.731861,0.0.3964804,
0.0.3273594,6.263158418423948,SUCCESS,0.0.731861,0.0.3964804,0.0.4138717@1782759854.741679477
0.0.8175769,1.206012684488776,SUCCESS,0.0.731861,0.0.3964804,0.0.4138717@1782759859.015875469
0.0.8142528,0.1603565758106958,NOT_ASSOCIATED,0.0.731861,0.0.3964804,
0.0.833836,13.89978261292308,SUCCESS,0.0.731861,0.0.3964804,0.0.4138717@1782759859.663869657
0.0.5007636,0.5720021515230089,NOT_ASSOCIATED,0.0.731861,0.0.3964804,
0.0.4746343,0.01032368529503207,SUCCESS,0.0.731861,0.0.3964804,0.0.4138717@1782759860.009937258
0.0.7913251,0.3996168895037951,SUCCESS,0.0.731861,0.0.3964804,0.0.4138717@1782759857.688242421
0.0.8042105,0.6661534648134018,NOT_ASSOCIATED,0.0.731861,0.0.3964804,
0.0.835625,52.91618584761694,SUCCESS,0.0.731861,0.0.3964804&0.0.3964827,0.0.4138717@1782759859.122644677
0.0.1859919,0.7533275331383049,NOT_ASSOCIATED,0.0.731861,0.0.3964804,
0.0.4978453,49.48240941991521,SUCCESS,0.0.731861,0.0.3964804,0.0.4138717@1782759857.692296779
0.0.1233065,2.009297851557606,SUCCESS,0.0.731861,0.0.3964804,0.0.4138717@1782759858.420344229
0.0.6612734,0.04450527179508822,NOT_ASSOCIATED,0.0.731861,0.0.3964804,
0.0.6344703,18073.58232494012,SUCCESS,0.0.731861,0.0.3964804&0.0.4129330&0.0.6071041&0.0.6126395&0.0.8315114,0.0.4138717@1782759860.361682503
0.0.1448239,0.3039813449486786,SUCCESS,0.0.731861,0.0.3964804,0.0.4138717@1782759860.556625154
0.0.6232417,0.2912303139346859,SUCCESS,0.0.731861,0.0.3964804,0.0.4138717@1782759862.519348131
0.0.6933072,2.961568602837979,NOT_ASSOCIATED,0.0.731861,0.0.3964804,
0.0.760653,1.112069748415851,SUCCESS,0.0.731861,0.0.3964804,0.0.4138717@1782759863.858149029
0.0.7200618,0.1117433725408966,SUCCESS,0.0.731861,0.0.3964804,0.0.4138717@1782759862.614384902
0.0.6674918,0.08499664784919667,SUCCESS,0.0.731861,0.0.3964804,0.0.4138717@1782759864.290611917
0.0.4360598,0.2506471251873391,SUCCESS,0.0.731861,0.0.3964804&0.0.5328590,0.0.4138717@1782759863.851432920
0.0.2123622,0.7573992455539316,SUCCESS,0.0.731861,0.0.3964804,0.0.4138717@1782759863.463104006
0.0.6324031,0.004451371070099379,SUCCESS,0.0.731861,0.0.3964804,0.0.4138717@1782759862.549523407
0.0.827132,5.170824851763359,SUCCESS,0.0.731861,0.0.3964804,0.0.4138717@1782759862.693583820
0.0.3000165,82.64519348433667,SUCCESS,0.0.731861,0.0.3964804,0.0.4138717@1782759863.130716945
0.0.4659519,9.632456831270517,SUCCESS,0.0.731861,0.0.3964804,0.0.4138717@1782759863.163492145
0.0.2557514,5.781122982425249,SUCCESS,0.0.731861,0.0.3964804,0.0.4138717@1782759863.685870805
0.0.7421912,0.257051642246761,SUCCESS,0.0.731861,0.0.3964804,0.0.4138717@1782759864.436089941
0.0.7791729,0.005660220761834546,NOT_ASSOCIATED,0.0.731861,0.0.3964804,
0.0.5739319,5.726039466902495,SUCCESS,0.0.731861,0.0.3964804,0.0.4138717@1782759866.087282464
0.0.7777028,3.716937212707059,NOT_ASSOCIATED,0.0.731861,0.0.3964804,
0.0.4752954,1.557659025887879,SUCCESS,0.0.731861,0.0.3964804,0.0.4138717@1782759865.169462966
0.0.3912896,1.102505799722244,SUCCESS,0.0.731861,0.0.3964804,0.0.4138717@1782759866.588075024
0.0.4250725,0.8914225522171049,SUCCESS,0.0.731861,0.0.3964804,0.0.4138717@1782759867.921758198
0.0.2963879,12.51414153263145,NOT_ASSOCIATED,0.0.731861,0.0.3964804,
0.0.831661,14.89240384693132,SUCCESS,0.0.731861,0.0.3964804,0.0.4138717@1782759869.961514989
0.0.6256886,0.2616019376029741,SUCCESS,0.0.731861,0.0.3964804,0.0.4138717@1782759869.881097592
0.0.7638910,0.2625571514529044,SUCCESS,0.0.731861,0.0.3964804,0.0.4138717@1782759867.930946050
0.0.7610560,0.8821473936130827,NOT_ASSOCIATED,0.0.731861,0.0.3964804,
0.0.5437974,5.917084234607318,SUCCESS,0.0.731861,0.0.3964804,0.0.4138717@1782759867.715308497
0.0.4899880,0.3892284997893029,SUCCESS,0.0.731861,0.0.3964804,0.0.4138717@1782759870.094042670
0.0.4595460,0.6397383857344542,SUCCESS,0.0.731861,0.0.3964804,0.0.4138717@1782759872.765597041
0.0.3159220,10.12372838511647,SUCCESS,0.0.731861,0.0.3964804,0.0.4138717@1782759869.043046131
0.0.9444587,12.89097330100145,SUCCESS,0.0.731861,0.0.3964804,0.0.4138717@1782759873.375703586
0.0.8080965,0.06409358990545014,NOT_ASSOCIATED,0.0.731861,0.0.3964804,
0.0.8070994,10.53714456690019,NOT_ASSOCIATED,0.0.731861,0.0.3964804,
0.0.8246604,0.01154324205129168,SUCCESS,0.0.731861,0.0.3964804,0.0.4138717@1782759870.169066849
0.0.190191,0.504141311545361,NOT_ASSOCIATED,0.0.731861,0.0.3964804,
0.0.9364762,0.6479591667245943,SUCCESS,0.0.731861,0.0.3964804&0.0.5328590,0.0.4138717@1782759874.006234348
0.0.887615,0.0696968834232536,SUCCESS,0.0.731861,0.0.3964804,0.0.4138717@1782759871.875472978
0.0.1056474,26.45423366731277,SUCCESS,0.0.731861,0.0.3964804,0.0.4138717@1782759876.180730574
0.0.9450539,6.593991972300064,NOT_ASSOCIATED,0.0.731861,0.0.3964804,
0.0.9590994,76.70990564545842,NOT_ASSOCIATED,0.0.731861,0.0.3964804,
0.0.9146353,16.2677685077595,SUCCESS,0.0.731861,0.0.3964804,0.0.4138717@1782759875.733838161
0.0.6160732,0.4808359560320205,NOT_ASSOCIATED,0.0.731861,0.0.3964804,
0.0.813564,0.006654387546237229,SUCCESS,0.0.731861,0.0.3964804,0.0.4138717@1782759874.446258156
0.0.9367202,0.01212116193842609,NOT_ASSOCIATED,0.0.731861,0.0.3964804,
0.0.4821795,4.422975575986122,SUCCESS,0.0.731861,0.0.3964804,0.0.4138717@1782759874.066433502
0.0.9318048,0.1041787327099063,NOT_ASSOCIATED,0.0.731861,0.0.3964804,
0.0.8880678,0.1622009269951474,SUCCESS,0.0.731861,0.0.3964804,0.0.4138717@1782759875.619085185
0.0.9285770,0.7269623115458475,NOT_ASSOCIATED,0.0.731861,0.0.3964804,
0.0.9275748,26.52200423045718,SUCCESS,0.0.731861,0.0.3964804&0.0.3964827,0.0.4138717@1782759873.835900733
0.0.7983506,0.0002507509032210223,NOT_ASSOCIATED,0.0.731861,0.0.3964804,
0.0.9640903,51.77708579938319,SUCCESS,0.0.731861,0.0.3964804&0.0.4601632,0.0.4138717@1782759874.050918960
0.0.4873525,0.3915179767325992,SUCCESS,0.0.731861,0.0.3964804,0.0.4138717@1782759878.488119799
0.0.10004246,3.611699551315582,NOT_ASSOCIATED,0.0.731861,0.0.3964804,
0.0.5922808,0.2360798468646836,SUCCESS,0.0.731861,0.0.3964804,0.0.4138717@1782759879.402310127
0.0.751161,12.55118825885673,SUCCESS,0.0.731861,0.0.3964804,0.0.4138717@1782759876.802546658
0.0.9973346,0.02619554446392064,NOT_ASSOCIATED,0.0.731861,0.0.3964804,
0.0.9477942,0.1143147628823729,NOT_ASSOCIATED,0.0.731861,0.0.3964804,
0.0.9150527,53.0625409540803,SUCCESS,0.0.731861,0.0.3964804&0.0.3964860&0.0.5328590,0.0.4138717@1782759879.192281464
0.0.871471,21.00112146587862,SUCCESS,0.0.731861,0.0.3964804,0.0.4138717@1782759878.249568488
0.0.8357708,106.765238604188,SUCCESS,0.0.731861,0.0.3964804,0.0.4138717@1782759878.259236911
0.0.6320740,443.6876567206721,SUCCESS,0.0.731861,0.0.3964804&0.0.4601632&0.0.5328590,0.0.4138717@1782759877.473481788
0.0.9687167,5.261536090191525,SUCCESS,0.0.731861,0.0.3964804&0.0.5328590,0.0.4138717@1782759878.669990795
0.0.9729389,0.8914225522171049,NOT_ASSOCIATED,0.0.731861,0.0.3964804,
0.0.9720442,0.4359340394472657,NOT_ASSOCIATED,0.0.731861,0.0.3964804,
0.0.3012601,15.75020522298762,SUCCESS,0.0.731861,0.0.3964804&0.0.5328590,0.0.4138717@1782759879.624979563
0.0.5012902,0.04628753526937562,SUCCESS,0.0.731861,0.0.3964804,0.0.4138717@1782759880.726968085
0.0.9636419,2.537994524554482,NOT_ASSOCIATED,0.0.731861,0.0.3964804,
0.0.5805332,8.124850527422034,SUCCESS,0.0.731861,0.0.3964804,0.0.4138717@1782759883.830945578
0.0.9602777,0.1162026173194951,NOT_ASSOCIATED,0.0.731861,0.0.3964804,
0.0.1459865,10.79017826049098,NOT_ASSOCIATED,0.0.731861,0.0.3964804,
0.0.9095016,12.45366820978296,NOT_ASSOCIATED,0.0.731861,0.0.3964804,
0.0.9065767,4.858666221801585,SUCCESS,0.0.731861,0.0.3964804,0.0.4138717@1782759882.798318089
0.0.9009997,2.66516580142941,NOT_ASSOCIATED,0.0.731861,0.0.3964804,
0.0.7788265,1.175685312472303,NOT_ASSOCIATED,0.0.731861,0.0.3964804,
0.0.8792600,0.01898619937312759,NOT_ASSOCIATED,0.0.731861,0.0.3964804,
0.0.8256574,0.03801715840257602,SUCCESS,0.0.731861,0.0.3964804,0.0.4138717@1782759882.694737062
0.0.8585468,0.005858673586842916,SUCCESS,0.0.731861,0.0.3964804,0.0.4138717@1782759884.765991627
0.0.1365814,1.967707403067341,SUCCESS,0.0.731861,0.0.3964804,0.0.4138717@1782759881.974656573
0.0.6068301,9.404142177007339,SUCCESS,0.0.731861,0.0.3964804&0.0.5328590,0.0.4138717@1782759886.061712036
0.0.5524338,0.3110116300442732,SUCCESS,0.0.731861,0.0.3964804,0.0.4138717@1782759883.740624374
0.0.8198608,2.560476544387388,SUCCESS,0.0.731861,0.0.3964804,0.0.4138717@1782759884.658248780
0.0.8385016,2.093972849756219,SUCCESS,0.0.731861,0.0.3964804,0.0.4138717@1782759885.528133179
0.0.8414409,0.1023197217634684,SUCCESS,0.0.731861,0.0.3964804,0.0.4138717@1782759885.922117716
0.0.1714233,1.831094261614993,SUCCESS,0.0.731861,0.0.3964804,0.0.4138717@1782759889.325551466
0.0.3077609,16.59482854637125,SUCCESS,0.0.731861,0.0.3964804,0.0.4138717@1782759887.611379411
0.0.8357089,4.036439912629953,NOT_ASSOCIATED,0.0.731861,0.0.3964804,
0.0.8346544,19.22293157645335,NOT_ASSOCIATED,0.0.731861,0.0.3964804,
0.0.4345655,3.643951271189641,SUCCESS,0.0.731861,0.0.3964804,0.0.4138717@1782759890.396758997
0.0.8113254,7.302546846951401,SUCCESS,0.0.731861,0.0.3964804&0.0.4601632&0.0.5328590,0.0.4138717@1782759888.886365201
0.0.1862342,2.100263289220296,SUCCESS,0.0.731861,0.0.3964804,0.0.4138717@1782759890.618900466
0.0.9196038,1.167804102398558,SUCCESS,0.0.731861,0.0.3964804,0.0.4138717@1782759892.200765960
0.0.1118731,0.09624830624713038,SUCCESS,0.0.731861,0.0.3964804,0.0.4138717@1782759891.250312807
0.0.1403937,0.05505432127069917,SUCCESS,0.0.731861,0.0.3964804,0.0.4138717@1782759894.413290738
0.0.9177141,0.3272929036326404,NOT_ASSOCIATED,0.0.731861,0.0.3964804,
0.0.9086562,0.01887427869213913,SUCCESS,0.0.731861,0.0.3964804,0.0.4138717@1782759892.073216965
0.0.8392843,2.326430199723799,NOT_ASSOCIATED,0.0.731861,0.0.3964804,
0.0.9169121,2.069812551720629,SUCCESS,0.0.731861,0.0.3964804,0.0.4138717@1782759893.562324884
0.0.958821,100.3746761645963,SUCCESS,0.0.731861,0.0.3964804,0.0.4138717@1782759895.246823066
0.0.53756,22.03490869764302,SUCCESS,0.0.731861,0.0.3964804,0.0.4138717@1782759896.817495486
0.0.689277,50.75256456795191,SUCCESS,0.0.731861,0.0.3964804,0.0.4138717@1782759896.749669424
0.0.1090802,0.4624739763100472,SUCCESS,0.0.731861,0.0.3964804,0.0.4138717@1782759898.136154795
0.0.7550890,0.7990621911138572,SUCCESS,0.0.731861,0.0.3964804,0.0.4138717@1782759900.422996153
0.0.6258091,7.967180809304129,SUCCESS,0.0.731861,0.0.3964804,0.0.4138717@1782759896.293149459
0.0.2299836,14478.42735772737,SUCCESS,0.0.731861,0.0.3964804,0.0.4138717@1782759900.069716793
0.0.836080,0.01955332582885244,SUCCESS,0.0.731861,0.0.3964804&0.0.3964827&0.0.3964855,0.0.4138717@1782759899.623022036
0.0.835055,0.0001028265065303458,SUCCESS,0.0.731861,0.0.3964804,0.0.4138717@1782759900.628112540
0.0.8640197,0.251567913292951,SUCCESS,0.0.731861,0.0.3964804,0.0.4138717@1782759898.018864563
0.0.6315303,5.898318115055695,SUCCESS,0.0.731861,0.0.3964804,0.0.4138717@1782759899.940497910
0.0.6181303,62.93254412298037,SUCCESS,0.0.731861,0.0.3964804,0.0.4138717@1782759900.766735186
0.0.9541852,6.496168106063112,SUCCESS,0.0.731861,0.0.3964804&0.0.3964827,0.0.4138717@1782759900.750805254
0.0.3293949,0.007165239719079765,SUCCESS,0.0.731861,0.0.3964804,0.0.4138717@1782759902.864708947
0.0.7188749,1.778950552195689,SUCCESS,0.0.731861,0.0.3964804,0.0.4138717@1782759904.844670792
0.0.3450,0.003774017089304859,SUCCESS,0.0.731861,0.0.3964804,0.0.4138717@1782759903.885121246
0.0.1681033,0.007360137427217449,SUCCESS,0.0.731861,0.0.3964804,0.0.4138717@1782759901.728269735
0.0.5060673,78.27727711507863,SUCCESS,0.0.731861,0.0.3964804,0.0.4138717@1782759905.361280559
0.0.8535071,1225.127520496508,SUCCESS,0.0.731861,0.0.3964804,0.0.4138717@1782759905.106288024
0.0.10608781,612.1481674880158,SUCCESS,0.0.731861,0.0.3964804&0.0.6126395,0.0.4138717@1782759903.326974928
0.0.3828375,142.1161996591907,SUCCESS,0.0.731861,0.0.3964804,0.0.4138717@1782759903.830529429
0.0.10610396,2.459352293281233,NOT_ASSOCIATED,0.0.731861,0.0.3964804,
0.0.9270286,0.002023751832939284,SUCCESS,0.0.731861,0.0.3964804,0.0.4138717@1782759905.361237964
0.0.9162845,18.90865464401207,SUCCESS,0.0.731861,0.0.3964804,0.0.4138717@1782759905.361231194
0.0.1895961,0.0744812207755138,SUCCESS,0.0.731861,0.0.3964804,0.0.4138717@1782759908.662248161
0.0.8197490,412.1095578485737,SUCCESS,0.0.731861,0.0.3964804,0.0.4138717@1782759909.621960621
0.0.3000378,87.36767182330537,SUCCESS,0.0.731861,0.0.3964804,0.0.4138717@1782759907.339465985
0.0.10253402,8.805590956422645,SUCCESS,0.0.731861,0.0.3964804,0.0.4138717@1782759906.415851820
0.0.3953598,156.0413112602001,SUCCESS,0.0.731861,0.0.3964804,0.0.4138717@1782759907.618893901
0.0.10612841,1.109322841016118,SUCCESS,0.0.731861,0.0.3964804,0.0.4138717@1782759911.757801879
0.0.846778,24.54813233789895,SUCCESS,0.0.731861,0.0.3964804,0.0.4138717@1782759910.470048402
0.0.8042510,3.601611292347315,SUCCESS,0.0.731861,0.0.3964804,0.0.4138717@1782759910.681176807
0.0.4138268,137.2273119844733,SUCCESS,0.0.731861,0.0.3964804,0.0.4138717@1782759912.459787211
0.0.1269724,19.51193778978246,SUCCESS,0.0.731861,0.0.3964804,0.0.4138717@1782759910.954843761
0.0.9275976,166.1576376829683,SUCCESS,0.0.731861,0.0.3964804,0.0.4138717@1782759913.952718454
0.0.3961176,0.5239416746527112,NOT_ASSOCIATED,0.0.731861,0.0.3964804,
0.0.10029552,278.1386899221654,SUCCESS,0.0.731861,0.0.3964804&0.0.6126395,0.0.4138717@1782759913.392903545
0.0.4375828,3.277438968683651,SUCCESS,0.0.731861,0.0.3964804,0.0.4138717@1782759912.007200019
0.0.8085300,1.683341180986019,SUCCESS,0.0.731861,0.0.3964804,0.0.4138717@1782759916.002177629
0.0.479120,15073.97511331256,SUCCESS,0.0.731861,0.0.3964804&0.0.3964827&0.0.4129330,0.0.4138717@1782759912.759709683
0.0.8197583,8.887305691208496,SUCCESS,0.0.731861,0.0.3964804,0.0.4138717@1782759914.830929747
0.0.10505731,12405.39596715643,SUCCESS,0.0.731861,0.0.3964827&0.0.10498274,0.0.4138717@1782759917.003221144
0.0.1700952,690.4323376338375,SUCCESS,0.0.731861,0.0.3964827&0.0.6071119,0.0.4138717@1782759918.213729445
0.0.2288443,274.9005452813587,SUCCESS,0.0.731861,0.0.3964827&0.0.4129330&0.0.5328590,0.0.4138717@1782759915.098127258
0.0.7965416,0.1767684282709772,NOT_ASSOCIATED,0.0.731861,0.0.3964827,
0.0.5239780,348.5719810202462,SUCCESS,0.0.731861,0.0.3964827,0.0.4138717@1782759914.190794680
0.0.6630516,16.15073110155645,SUCCESS,0.0.731861,0.0.3964827,0.0.4138717@1782759917.020979490
0.0.4975045,263.5031770152015,SUCCESS,0.0.731861,0.0.3964827,0.0.4138717@1782759920.480900037
0.0.1079751,141.75957111465,SUCCESS,0.0.731861,0.0.3964827,0.0.4138717@1782759918.342501193
0.0.7677057,59.98519349333679,SUCCESS,0.0.731861,0.0.3964827,0.0.4138717@1782759918.430938816
0.0.10237841,51.53405471317104,SUCCESS,0.0.731861,0.0.3964827,0.0.4138717@1782759920.385668418
0.0.10233326,125.1383228450742,SUCCESS,0.0.731861,0.0.3964827,0.0.4138717@1782759922.230149953
0.0.8377520,265.9112909891443,SUCCESS,0.0.731861,0.0.3964827,0.0.4138717@1782759918.351866533
0.0.1406579,1.152611811110793,SUCCESS,0.0.731861,0.0.3964827,0.0.4138717@1782759920.958133650
0.0.8778454,0.09880020483380074,SUCCESS,0.0.731861,0.0.3964827,0.0.4138717@1782759919.391675143
0.0.7947570,0.2525106030326869,SUCCESS,0.0.731861,0.0.3964827,0.0.4138717@1782759924.995689823
0.0.7776243,3.849715076667361,SUCCESS,0.0.731861,0.0.3964827,0.0.4138717@1782759921.797705347
0.0.615626,22.30280092322311,SUCCESS,0.0.731861,0.0.3964827,0.0.4138717@1782759922.060076324
0.0.857760,2.663248208522944,SUCCESS,0.0.731861,0.0.3964827,0.0.4138717@1782759924.403330493
0.0.2960128,2084.914440733366,SUCCESS,0.0.731861,0.0.3964827&0.0.5328590&0.0.10498274,0.0.4138717@1782759926.006715730
0.0.6288848,0.1331773471729592,SUCCESS,0.0.731861,0.0.3964827&0.0.6071119,0.0.4138717@1782759924.713474233
0.0.1120301,0.2601524206859248,SUCCESS,0.0.731861,0.0.3964827&0.0.3964855,0.0.4138717@1782759927.106293978
0.0.4882076,27.53342888783321,SUCCESS,0.0.731861,0.0.3964827&0.0.3964855&0.0.4129330&0.0.5328590,0.0.4138717@1782759926.011921185
0.0.885667,5.801044015159297,SUCCESS,0.0.731861,0.0.3964827,0.0.4138717@1782759924.118223490
0.0.611948,43.04278944870655,SUCCESS,0.0.731861,0.0.3964827,0.0.4138717@1782759925.662058998
0.0.913930,1.463605618098252,SUCCESS,0.0.731861,0.0.3964827,0.0.4138717@1782759926.808025025
0.0.6109726,59.69553303181745,SUCCESS,0.0.731861,0.0.3964827,0.0.4138717@1782759926.086161711
0.0.7870892,5.179620569081578,SUCCESS,0.0.731861,0.0.3964827,0.0.4138717@1782759930.447672440
0.0.7595440,397.9563288232816,SUCCESS,0.0.731861,0.0.3964827,0.0.4138717@1782759932.282591617
0.0.7486751,7.870603267755654,SUCCESS,0.0.731861,0.0.3964827&0.0.4601632,0.0.4138717@1782759930.726397518
0.0.1392115,330.183765495249,SUCCESS,0.0.731861,0.0.3964827&0.0.4129330,0.0.4138717@1782759930.149610583
0.0.1750137,239.0022497634524,SUCCESS,0.0.731861,0.0.3964827,0.0.4138717@1782759928.256537015
0.0.1006425,201.0800232850528,SUCCESS,0.0.731861,0.0.3964827,0.0.4138717@1782759929.364930977
0.0.1087560,86.2579684479697,SUCCESS,0.0.731861,0.0.3964827&0.0.3964855,0.0.4138717@1782759930.025345496
0.0.5447658,0.7169586998206766,SUCCESS,0.0.731861,0.0.3964827,0.0.4138717@1782759930.799668416
0.0.4344919,11.18258571188826,SUCCESS,0.0.731861,0.0.3964827,0.0.4138717@1782759933.720591856
0.0.4348609,238.0785233019244,SUCCESS,0.0.731861,0.0.3964827&0.0.5328590,0.0.4138717@1782759933.434926250
0.0.4364640,19.68671474738413,SUCCESS,0.0.731861,0.0.3964827,0.0.4138717@1782759931.720846840
0.0.3443413,31.59683852654317,SUCCESS,0.0.731861,0.0.3964827&0.0.4601632,0.0.4138717@1782759932.453036217
0.0.4793606,65.03940416370656,SUCCESS,0.0.731861,0.0.3964827&0.0.5328590,0.0.4138717@1782759933.966546513
0.0.1061257,220.9786427271119,SUCCESS,0.0.731861,0.0.3964827&0.0.4601632&0.0.5328590,0.0.4138717@1782759934.167860922
0.0.849606,224.8582247010429,SUCCESS,0.0.731861,0.0.3964827&0.0.6071119,0.0.4138717@1782759934.119364391
0.0.1065704,116.0414281403373,SUCCESS,0.0.731861,0.0.3964827,0.0.4138717@1782759936.130821598
0.0.4733298,9.367538052741809,SUCCESS,0.0.731861,0.0.3964827,0.0.4138717@1782759934.575621487
0.0.1107354,11.9112495120513,SUCCESS,0.0.731861,0.0.3964827,0.0.4138717@1782759935.891795127
0.0.839408,173.8127672831189,SUCCESS,0.0.731861,0.0.3964827,0.0.4138717@1782759939.688061918
0.0.834607,59.54406476432491,SUCCESS,0.0.731861,0.0.3964827,0.0.4138717@1782759935.122460978
0.0.4410999,6.435912969355083,SUCCESS,0.0.731861,0.0.3964827,0.0.4138717@1782759939.814996332
0.0.1400872,203.1083132566585,SUCCESS,0.0.731861,0.0.3964827&0.0.4129330&0.0.5328590&0.0.6071911,0.0.4138717@1782759938.931739482
0.0.1391028,47.88970025290628,SUCCESS,0.0.731861,0.0.3964827,0.0.4138717@1782759938.334822379
0.0.4338112,0.1395499956631615,SUCCESS,0.0.731861,0.0.3964827,0.0.4138717@1782759937.966594521
0.0.1436265,7.790089101663824,SUCCESS,0.0.731861,0.0.3964827,0.0.4138717@1782759941.433662023
0.0.4737222,1.772846931235066,SUCCESS,0.0.731861,0.0.3964827,0.0.4138717@1782759938.873923025
0.0.4861302,17.76240138135272,SUCCESS,0.0.731861,0.0.3964855&0.0.4601632,0.0.4138717@1782759941.822358572
0.0.5377617,60.90251674196068,SUCCESS,0.0.731861,0.0.3964855,0.0.4138717@1782759941.620099998
0.0.1008009,36.98567286475433,SUCCESS,0.0.731861,0.0.3964855&0.0.4601632&0.0.5328590,0.0.4138717@1782759942.872038689
0.0.1228872,3.822018489475586,SUCCESS,0.0.731861,0.0.3964855,0.0.4138717@1782759939.907119602
0.0.1054756,7081.508409134271,SUCCESS,0.0.731861,0.0.3964855,0.0.4138717@1782759939.888516946
0.0.1423973,6.522210747568923e-8,SUCCESS,0.0.731861,0.0.3964855,0.0.4138717@1782759941.887035410
0.0.5734968,10.94567577717382,SUCCESS,0.0.731861,0.0.3964860,0.0.4138717@1782759944.491391011
0.0.1509692,591.2397294783585,SUCCESS,0.0.731861,0.0.3964860,0.0.4138717@1782759944.955040743
0.0.643109,16407.50672680779,SUCCESS,0.0.731861,0.0.3964860,0.0.4138717@1782759945.698198753
0.0.509141,18.15163434302032,SUCCESS,0.0.731861,0.0.3964860,0.0.4138717@1782759943.562763465
0.0.9377965,0.0004588810093524137,SUCCESS,0.0.731861,0.0.3964860,0.0.4138717@1782759947.422411715
0.0.9377806,0.0002317259427126383,SUCCESS,0.0.731861,0.0.3964860,0.0.4138717@1782759946.259902992
0.0.9377844,0.003624795572658419,SUCCESS,0.0.731861,0.0.3964860,0.0.4138717@1782759946.342334999
0.0.9377518,0.000496698802925226,SUCCESS,0.0.731861,0.0.3964860,0.0.4138717@1782759948.454491630
0.0.9377397,0.0004872585442977953,SUCCESS,0.0.731861,0.0.3964860,0.0.4138717@1782759947.883009906
0.0.9375318,0.0002583888800545134,SUCCESS,0.0.731861,0.0.3964860,0.0.4138717@1782759948.448453807
0.0.9371968,0.0006594995783082316,SUCCESS,0.0.731861,0.0.3964860,0.0.4138717@1782759947.500756812
0.0.9371874,0.0004764488698116114,SUCCESS,0.0.731861,0.0.3964860,0.0.4138717@1782759946.419321313
0.0.3870061,460.7492066442468,SUCCESS,0.0.731861,0.0.3964860&0.0.4601632,0.0.4138717@1782759946.901530073
0.0.868627,881.0006747443982,SUCCESS,0.0.731861,0.0.3964860,0.0.4138717@1782759949.658587721
0.0.10164768,2939.642080796352,SUCCESS,0.0.731861,0.0.3964860,0.0.4138717@1782759950.718705335
0.0.10023494,0.000006409782601535078,SUCCESS,0.0.731861,0.0.3964860,0.0.4138717@1782759951.980536041
0.0.9738472,0.04422989865808863,SUCCESS,0.0.731861,0.0.3964860,0.0.4138717@1782759950.578120597
0.0.9692993,0.003960588847045519,SUCCESS,0.0.731861,0.0.3964860,0.0.4138717@1782759953.659029334
0.0.9428581,0.0006581435301137282,SUCCESS,0.0.731861,0.0.3964860,0.0.4138717@1782759954.095973722
0.0.9428633,0.000007251340284306105,SUCCESS,0.0.731861,0.0.3964860,0.0.4138717@1782759952.999448070
0.0.9389956,0.001062738804898334,SUCCESS,0.0.731861,0.0.3964860,0.0.4138717@1782759950.891288215
0.0.9384218,0.0001628335538868187,SUCCESS,0.0.731861,0.0.3964860,0.0.4138717@1782759953.042723966
0.0.9379489,0.000004680538527385475,SUCCESS,0.0.731861,0.0.3964860,0.0.4138717@1782759954.473944653
0.0.9377988,0.003953375547012592,SUCCESS,0.0.731861,0.0.3964860,0.0.4138717@1782759954.204590903
0.0.4614528,39.4809649160245,SUCCESS,0.0.731861,0.0.3964860&0.0.5328590,0.0.4138717@1782759952.555554287
0.0.9144335,5.46390542445041,SUCCESS,0.0.731861,0.0.3964860,0.0.4138717@1782759953.062757959
0.0.8257213,6.575279224527107,SUCCESS,0.0.731861,0.0.3964860,0.0.4138717@1782759957.155599786
0.0.8316,31.00277404621558,SUCCESS,0.0.731861,0.0.3964860&0.0.4601632&0.0.5328590,0.0.4138717@1782759953.593717562
0.0.4606843,0.01685609802756907,SUCCESS,0.0.731861,0.0.4129330&0.0.4601632,0.0.4138717@1782759953.986137985
0.0.4718583,0.005524908176760285,SUCCESS,0.0.731861,0.0.4129330,0.0.4138717@1782759958.415892378
0.0.261557,1.363480409459056,SUCCESS,0.0.731861,0.0.4129330,0.0.4138717@1782759958.646407859
0.0.2960424,0.2677076370426494,SUCCESS,0.0.731861,0.0.4129330,0.0.4138717@1782759955.930220042
0.0.795325,0.3661846376323555,SUCCESS,0.0.731861,0.0.4129330,0.0.4138717@1782759955.540005128
0.0.702183,1646.844385521465,SUCCESS,0.0.731861,0.0.4129330,0.0.4138717@1782759956.415930958
0.0.8410631,0.4122949890064845,SUCCESS,0.0.731861,0.0.4129330&0.0.4601632,0.0.4138717@1782759956.031155523
0.0.839840,15.78941170552968,SUCCESS,0.0.731861,0.0.4129330&0.0.4601632&0.0.5328590,0.0.4138717@1782759957.210880226
0.0.4625345,6.185076155500441,SUCCESS,0.0.731861,0.0.4129330,0.0.4138717@1782759956.878071341
0.0.4754452,0.2391430556741883,SUCCESS,0.0.731861,0.0.4129330,0.0.4138717@1782759960.896421121
0.0.842464,0.1717065004357679,SUCCESS,0.0.731861,0.0.4129330,0.0.4138717@1782759958.603393911
0.0.972955,7.90712431999768e-9,SUCCESS,0.0.731861,0.0.4129330,0.0.4138717@1782759958.348240528
0.0.856304,0.01187598149372371,SUCCESS,0.0.731861,0.0.4129330,0.0.4138717@1782759961.449613394
0.0.3293439,4.249669001428057,SUCCESS,0.0.731861,0.0.4129330,0.0.4138717@1782759962.227577492
0.0.3917694,136.5005351115366,SUCCESS,0.0.731861,0.0.4601632,0.0.4138717@1782759965.085998920
0.0.1405765,81.82282517262749,SUCCESS,0.0.731861,0.0.4601632,0.0.4138717@1782759965.566585983
0.0.4730774,213.392800180439,SUCCESS,0.0.731861,0.0.4601632,0.0.4138717@1782759962.613470391
0.0.1337729,48.14112256079858,SUCCESS,0.0.731861,0.0.4601632,0.0.4138717@1782759963.984314506
0.0.6463609,1.08151521865574,NOT_ASSOCIATED,0.0.731861,0.0.4601632,
0.0.821010,3.708045942119626,SUCCESS,0.0.731861,0.0.4601632,0.0.4138717@1782759965.801588354
0.0.3273852,6.169233156361155,SUCCESS,0.0.731861,0.0.4601632,0.0.4138717@1782759964.486349009
0.0.864984,128.0123211921589,SUCCESS,0.0.731861,0.0.4601632,0.0.4138717@1782759966.323799712
0.0.8431266,0.6082279781516096,SUCCESS,0.0.731861,0.0.4601632,0.0.4138717@1782759968.844819431
0.0.4414004,647.0669596137433,NOT_ASSOCIATED,0.0.731861,0.0.4601632,
0.0.227955,0.5563455484033789,SUCCESS,0.0.731861,0.0.4601632&0.0.8315114,0.0.4138717@1782759965.177095349
0.0.7482624,1.442511694347749,NOT_ASSOCIATED,0.0.731861,0.0.4601632,
0.0.7288906,1.886051864777446,NOT_ASSOCIATED,0.0.731861,0.0.4601632,
0.0.1860200,0.001238738392227227,SUCCESS,0.0.731861,0.0.4601632,0.0.4138717@1782759969.126066692
0.0.3705687,0.0002602813297202797,SUCCESS,0.0.731861,0.0.4601632,0.0.4138717@1782759965.694813761
0.0.10045691,12.63110041815767,SUCCESS,0.0.731861,0.0.4601632,0.0.4138717@1782759966.133645558
0.0.1460111,1.471673104329352,SUCCESS,0.0.731861,0.0.4601632,0.0.4138717@1782759970.686621822
0.0.5972520,43.17158120648643,SUCCESS,0.0.731861,0.0.4601632,0.0.4138717@1782759968.956413863
0.0.5255642,1.675647956399663,SUCCESS,0.0.731861,0.0.4601632,0.0.4138717@1782759970.274877294
0.0.7684662,14.248084100767,SUCCESS,0.0.731861,0.0.4601632,0.0.4138717@1782759970.708719548
0.0.1020586,182.8934818561345,SUCCESS,0.0.731861,0.0.4601632&0.0.5328590,0.0.4138717@1782759972.984415540
0.0.4753601,0.3487334681341983,SUCCESS,0.0.731861,0.0.4601632,0.0.4138717@1782759973.118592130
0.0.3932850,22.08467909855993,SUCCESS,0.0.731861,0.0.4601632,0.0.4138717@1782759973.682630714
0.0.1111312,3.097152233029382,SUCCESS,0.0.731861,0.0.4601632,0.0.4138717@1782759971.867238630
0.0.4367704,0.0001505927282386022,SUCCESS,0.0.731861,0.0.4601632,0.0.4138717@1782759974.693836958
0.0.860846,0.001768993950144496,SUCCESS,0.0.731861,0.0.4601632,0.0.4138717@1782759971.569243451
0.0.8831938,3.14687462537319,SUCCESS,0.0.731861,0.0.4601632,0.0.4138717@1782759972.573287379
0.0.9745450,6.377726867077853,SUCCESS,0.0.731861,0.0.4601632,0.0.4138717@1782759971.822883433
0.0.9210897,3.685999325063336,SUCCESS,0.0.731861,0.0.4601632,0.0.4138717@1782759973.886918207
0.0.1217090,172.7652116692668,SUCCESS,0.0.731861,0.0.4601632,0.0.4138717@1782759977.664279121
0.0.9386020,6478.758581808772,SUCCESS,0.0.731861,0.0.4601632,0.0.4138717@1782759974.776668293
0.0.1278461,5.790112856327722,SUCCESS,0.0.731861,0.0.4601632,0.0.4138717@1782759976.182814199
0.0.4403472,1.248376413260263,SUCCESS,0.0.731861,0.0.4601632,0.0.4138717@1782759979.403757305
0.0.704807,3.163152426327731,SUCCESS,0.0.731861,0.0.4601632,0.0.4138717@1782759977.400336239
0.0.175313,0.181028729832685,SUCCESS,0.0.731861,0.0.4601632,0.0.4138717@1782759977.524726056
0.0.837339,1.427200255355865,SUCCESS,0.0.731861,0.0.4601632,0.0.4138717@1782759979.598396560
0.0.707819,0.5775760796618226,SUCCESS,0.0.731861,0.0.4601632,0.0.4138717@1782759980.290509420
0.0.2999419,0.01203474815610391,SUCCESS,0.0.731861,0.0.4601632,0.0.4138717@1782759978.953371730
0.0.5002435,4.334182868008249,SUCCESS,0.0.731861,0.0.4601632,0.0.4138717@1782759981.317182447
0.0.816727,32.25237686365811,SUCCESS,0.0.731861,0.0.4601632,0.0.4138717@1782759980.727965636
0.0.853115,0.1310458847312116,SUCCESS,0.0.731861,0.0.4601632,0.0.4138717@1782759983.401801493
0.0.3828466,82.56328755115416,SUCCESS,0.0.731861,0.0.4601632,0.0.4138717@1782759980.339943327
0.0.3288713,1.762568039389103,SUCCESS,0.0.731861,0.0.4601632,0.0.4138717@1782759982.129027890
0.0.912306,3.205105174746258,SUCCESS,0.0.731861,0.0.4601632,0.0.4138717@1782759983.903611510
0.0.1186570,53.53820750928313,SUCCESS,0.0.731861,0.0.4601632,0.0.4138717@1782759986.060709339
0.0.4153394,9175.1217515162,SUCCESS,0.0.731861,0.0.4601632,0.0.4138717@1782759986.244548172
0.0.3161895,0.1487304717809144,SUCCESS,0.0.731861,0.0.4601632,0.0.4138717@1782759984.947365332
0.0.877043,3.806506545473359,SUCCESS,0.0.731861,0.0.4601632,0.0.4138717@1782759985.637642798
0.0.1287040,1.056401928803053,SUCCESS,0.0.731861,0.0.4601632,0.0.4138717@1782759986.897179924
0.0.4797402,0.0003979227666997311,SUCCESS,0.0.731861,0.0.4601632,0.0.4138717@1782759983.838968024
0.0.851606,0.000116861736482856,SUCCESS,0.0.731861,0.0.4601632,0.0.4138717@1782759988.741854202
0.0.4559156,0.01252607351217777,SUCCESS,0.0.731861,0.0.4601632,0.0.4138717@1782759989.187959342
0.0.1425168,1357.35205419195,SUCCESS,0.0.731861,0.0.4601632&0.0.5328590,0.0.4138717@1782759989.343899751
0.0.6049415,0.00004576971158603332,SUCCESS,0.0.731861,0.0.4601632,0.0.4138717@1782759990.811187531
0.0.1872630,7.345285533840579,SUCCESS,0.0.731861,0.0.4601632,0.0.4138717@1782759990.474028373
0.0.1060925,7.194188121928971,SUCCESS,0.0.731861,0.0.4601632,0.0.4138717@1782759988.849999269
0.0.731707,0.02815245458267743,SUCCESS,0.0.731861,0.0.4601632,0.0.4138717@1782759988.050656464
0.0.1518521,2.427305528972751,SUCCESS,0.0.731861,0.0.4601632,0.0.4138717@1782759990.322831347
0.0.1074067,3.158558913225737,SUCCESS,0.0.731861,0.0.4601632,0.0.4138717@1782759990.012592435
0.0.2114355,0.00003652739671962235,SUCCESS,0.0.731861,0.0.4601632,0.0.4138717@1782759993.457003202
0.0.3158284,0.6170331519813473,SUCCESS,0.0.731861,0.0.4601632,0.0.4138717@1782759994.367430049
0.0.660703,2.770523020353975,SUCCESS,0.0.731861,0.0.4601632,0.0.4138717@1782759991.379351238
0.0.10031150,1.222414361123121,NOT_ASSOCIATED,0.0.731861,0.0.4601632,
0.0.10031144,12.77687978124984,NOT_ASSOCIATED,0.0.731861,0.0.4601632,
0.0.1075845,21.03448781858343,SUCCESS,0.0.731861,0.0.4601632,0.0.4138717@1782759993.029072941
0.0.7778674,338.7823813124812,SUCCESS,0.0.731861,0.0.4601632&0.0.5328590,0.0.4138717@1782759992.496995597
0.0.7480837,115.4541286198846,SUCCESS,0.0.731861,0.0.4601632&0.0.5328590,0.0.4138717@1782759994.653680871
0.0.795227,0.009613701153745005,SUCCESS,0.0.731861,0.0.4601632,0.0.4138717@1782759995.125980426
0.0.8229616,1651.87017679715,SUCCESS,0.0.731861,0.0.4601632&0.0.10498271&0.0.10498274&0.0.10498280,0.0.4138717@1782759994.505696800
0.0.4358401,144.1609810702136,SUCCESS,0.0.731861,0.0.4601632&0.0.5328590,0.0.4138717@1782759993.961777585
0.0.7562963,2.157530940836677,SUCCESS,0.0.731861,0.0.5328590,0.0.4138717@1782759994.659068693
0.0.2365584,37.08770023637801,SUCCESS,0.0.731861,0.0.5328590,0.0.4138717@1782759998.001650098
0.0.9119461,0.001851107679267706,SUCCESS,0.0.731861,0.0.5328590&0.0.6071119&0.0.8315114,0.0.4138717@1782759998.443281731
0.0.712902,867.7925889671334,SUCCESS,0.0.731861,0.0.5328590,0.0.4138717@1782759998.162879009
0.0.806166,32.61394023405628,SUCCESS,0.0.731861,0.0.5328590,0.0.4138717@1782759997.276997339
0.0.10307911,21.2255917717113,SUCCESS,0.0.731861,0.0.5328590,0.0.4138717@1782759998.054648462
0.0.4426658,51.08880644345877,SUCCESS,0.0.731861,0.0.5328590,0.0.4138717@1782759997.435616365
0.0.1460265,436.2593847593156,SUCCESS,0.0.731861,0.0.5328590,0.0.4138717@1782759996.410849789
0.0.1316556,151.3717364147428,SUCCESS,0.0.731861,0.0.5328590,0.0.4138717@1782759999.895338770
0.0.1054113,93.84041311133596,SUCCESS,0.0.731861,0.0.5328590,0.0.4138717@1782759998.226991653
0.0.1212407,7.923385148272774,SUCCESS,0.0.731861,0.0.5328590,0.0.4138717@1782759999.854541080
0.0.8128261,0.02812265027086276,SUCCESS,0.0.731861,0.0.5328590,0.0.4138717@1782760001.890617854
0.0.5068949,0.9954880655546585,SUCCESS,0.0.731861,0.0.5328590,0.0.4138717@1782759999.125414086
0.0.7852259,44.61613757531556,SUCCESS,0.0.731861,0.0.5328590,0.0.4138717@1782760002.068733825
0.0.9093010,0.2252273088247918,SUCCESS,0.0.731861,0.0.5328590,0.0.4138717@1782760002.032923442
0.0.696926,22.90229658021077,SUCCESS,0.0.731861,0.0.5328590,0.0.4138717@1782759999.388103926
0.0.7171484,0.8081563824601059,SUCCESS,0.0.731861,0.0.5328590,0.0.4138717@1782760003.151374445
0.0.635990,204.1840637659871,SUCCESS,0.0.731861,0.0.5328590,0.0.4138717@1782760003.181258568
0.0.7326025,0.3954855175665442,SUCCESS,0.0.731861,0.0.5328590&0.0.6071119,0.0.4138717@1782760001.677658267
0.0.6003880,26.95465499364241,SUCCESS,0.0.731861,0.0.5328590,0.0.4138717@1782760003.322904694
0.0.1251063,128.1635469066553,SUCCESS,0.0.731861,0.0.5328590,0.0.4138717@1782760004.212957059
0.0.9214791,9.062253003430095,SUCCESS,0.0.731861,0.0.5328590,0.0.4138717@1782760006.390210647
0.0.8426856,6.90645401914418,SUCCESS,0.0.731861,0.0.5328590,0.0.4138717@1782760006.190539129
0.0.1444388,10.9366252460787,SUCCESS,0.0.731861,0.0.5328590,0.0.4138717@1782760006.144945120
0.0.4320148,0.0189829631050468,SUCCESS,0.0.731861,0.0.5328590&0.0.10092996&0.0.10093026,0.0.4138717@1782760004.119224716
0.0.4348988,1.022548931991454,SUCCESS,0.0.731861,0.0.5328590,0.0.4138717@1782760007.839200332
0.0.7523706,417.9418264772367,NOT_ASSOCIATED,0.0.731861,0.0.5328590,
0.0.4364713,164.6099653282906,SUCCESS,0.0.731861,0.0.5328590,0.0.4138717@1782760008.158260174
0.0.599260,2.185624014798633,SUCCESS,0.0.731861,0.0.5328590,0.0.4138717@1782760007.155833636
0.0.4356483,171.883147026008,SUCCESS,0.0.731861,0.0.5328590,0.0.4138717@1782760006.611705359
0.0.1082181,1345.177756788244,SUCCESS,0.0.731861,0.0.5328590,0.0.4138717@1782760006.293266259
0.0.1017499,1283.011364927863,SUCCESS,0.0.731861,0.0.5328590,0.0.4138717@1782760007.412763310
0.0.608244,14.24882272490944,SUCCESS,0.0.731861,0.0.5328590,0.0.4138717@1782760011.842942953
0.0.638193,1214.389380495808,SUCCESS,0.0.731861,0.0.5328590,0.0.4138717@1782760012.179128952
0.0.6298433,3.905295254731695,SUCCESS,0.0.731861,0.0.5328590,0.0.4138717@1782760008.976403942
0.0.4839415,1.789898583295447,SUCCESS,0.0.731861,0.0.5328590,0.0.4138717@1782760011.719541184
0.0.4337803,38.13793669039325,SUCCESS,0.0.731861,0.0.5328590,0.0.4138717@1782760009.960171647
0.0.1422243,1351.029477510526,SUCCESS,0.0.731861,0.0.5328590,0.0.4138717@1782760011.697945010
0.0.8499794,57.15202816025642,SUCCESS,0.0.731861,0.0.5328590,0.0.4138717@1782760013.068531257
0.0.5151429,2.644825851672912,SUCCESS,0.0.731861,0.0.5328590,0.0.4138717@1782760011.884351359
0.0.701191,6.837676904157777,SUCCESS,0.0.731861,0.0.5328590,0.0.4138717@1782760011.241190973
0.0.851709,465.8698593347439,SUCCESS,0.0.731861,0.0.5328590,0.0.4138717@1782760010.627517806
0.0.787993,262.9828611942157,SUCCESS,0.0.731861,0.0.5328590,0.0.4138717@1782760013.415508053
0.0.540025,4.637320363130764,SUCCESS,0.0.731861,0.0.5328590,0.0.4138717@1782760012.873890244
0.0.4742691,8.331526376091363,SUCCESS,0.0.731861,0.0.5328590,0.0.4138717@1782760014.999972049
0.0.1281501,84.27273256077267,SUCCESS,0.0.731861,0.0.5328590,0.0.4138717@1782760014.054271790
0.0.1002430,4287.648465893802,SUCCESS,0.0.731861,0.0.5328590,0.0.4138717@1782760012.886653280
0.0.10091451,65.14002369935793,SUCCESS,0.0.731861,0.0.5328590,0.0.4138717@1782760014.185244031
0.0.9401455,13.13132806725631,SUCCESS,0.0.731861,0.0.5328590,0.0.4138717@1782760016.448444496
0.0.1105713,50.06500146915629,SUCCESS,0.0.731861,0.0.5328590,0.0.4138717@1782760014.989253751
0.0.4362583,0.05109258481514726,SUCCESS,0.0.731861,0.0.5328590,0.0.4138717@1782760014.747588878
0.0.7214343,3405.551863618538,SUCCESS,0.0.731861,0.0.5328590,0.0.4138717@1782760014.703904432
0.0.4361068,3.707734536152605,SUCCESS,0.0.731861,0.0.5328590,0.0.4138717@1782760016.276230243
0.0.10235120,29.77653652860718,SUCCESS,0.0.731861,0.0.5328590,0.0.4138717@1782760021.209405864
0.0.9214238,19.8657893629127,SUCCESS,0.0.731861,0.0.5328590,0.0.4138717@1782760020.000320882
0.0.7734907,16.63304846257759,SUCCESS,0.0.731861,0.0.5328590,0.0.4138717@1782760022.002740197
0.0.10010228,68.98559512115274,SUCCESS,0.0.731861,0.0.5328590,0.0.4138717@1782760020.077498813
0.0.10031113,33556.26411082447,NOT_ASSOCIATED,0.0.731861,0.0.5328590,
0.0.10031110,39352.39816303747,NOT_ASSOCIATED,0.0.731861,0.0.5328590,
0.0.4971932,1.790104119062986,SUCCESS,0.0.731861,0.0.5328590,0.0.4138717@1782760019.884700883
0.0.9588454,9.02949974845074,SUCCESS,0.0.731861,0.0.5328590,0.0.4138717@1782760020.752810818
0.0.8113026,1.011510362608958,SUCCESS,0.0.731861,0.0.5328590,0.0.4138717@1782760018.007650938
0.0.9885066,13.14841986913894,SUCCESS,0.0.731861,0.0.5328590,0.0.4138717@1782760022.948594945
0.0.8267927,15.37651056646385,SUCCESS,0.0.731861,0.0.5328590,0.0.4138717@1782760023.780857075
0.0.9802061,26.87887613445787,SUCCESS,0.0.731861,0.0.5328590&0.0.6071119,0.0.4138717@1782760024.113003364
0.0.3868695,140.7147450204112,SUCCESS,0.0.731861,0.0.5328590,0.0.4138717@1782760023.882607123
0.0.9237387,164.493752528637,SUCCESS,0.0.731861,0.0.5328590,0.0.4138717@1782760023.729406138
0.0.1324089,2.305499059761634,SUCCESS,0.0.731861,0.0.5328590&0.0.6071041,0.0.4138717@1782760023.705109767
0.0.9276478,0.08363553077859219,SUCCESS,0.0.731861,0.0.5328590,0.0.4138717@1782760022.613942123
0.0.4362264,0.731677157562551,NOT_ASSOCIATED,0.0.731861,0.0.5328590,
0.0.52671,394.9897045614642,SUCCESS,0.0.731861,0.0.5328590,0.0.4138717@1782760024.553238148
0.0.10375094,66.9694872273291,NOT_ASSOCIATED,0.0.731861,0.0.5328590,
0.0.822616,468.1237417919731,SUCCESS,0.0.731861,0.0.5328590,0.0.4138717@1782760024.349121232
0.0.1404223,0.1210303216352263,SUCCESS,0.0.731861,0.0.5328590&0.0.6071041,0.0.4138717@1782760023.754051466
0.0.10047974,22.27318948754552,SUCCESS,0.0.731861,0.0.5328590,0.0.4138717@1782760026.874306086
0.0.5052897,4.05502666959875,SUCCESS,0.0.731861,0.0.5328590,0.0.4138717@1782760028.196780388
0.0.5702106,1.126626340536075,SUCCESS,0.0.731861,0.0.5328590,0.0.4138717@1782760026.563777804
0.0.818068,101.0073062275982,SUCCESS,0.0.731861,0.0.5328590,0.0.4138717@1782760027.037208395
0.0.7731260,3.871011927957005,SUCCESS,0.0.731861,0.0.5328590,0.0.4138717@1782760028.743966270
0.0.9364499,1.095025877195329,SUCCESS,0.0.731861,0.0.5328590,0.0.4138717@1782760026.645836931
0.0.9641103,106.3249260312121,SUCCESS,0.0.731861,0.0.5328590&0.0.6071119,0.0.4138717@1782760027.153343529
0.0.946745,735.7008018317856,SUCCESS,0.0.731861,0.0.5328590,0.0.4138717@1782760030.587621636
0.0.1009100,0.01873386681580029,NOT_ASSOCIATED,0.0.731861,0.0.5328590,
0.0.3092477,18.86061889281397,SUCCESS,0.0.731861,0.0.5328590,0.0.4138717@1782760028.424272658
0.0.9151827,0.01020472227668639,NOT_ASSOCIATED,0.0.731861,0.0.5328590,
0.0.4587141,5.186353686845143,SUCCESS,0.0.731861,0.0.5328590,0.0.4138717@1782760029.479062828
0.0.9312249,15.31391689112986,SUCCESS,0.0.731861,0.0.5328590,0.0.4138717@1782760027.809223141
0.0.896352,1.859812648870355,SUCCESS,0.0.731861,0.0.6071041,0.0.4138717@1782760027.372984645
0.0.1462131,0.007011965300774718,SUCCESS,0.0.731861,0.0.6071041,0.0.4138717@1782760029.625502798
0.0.5500943,1.048477781128638,SUCCESS,0.0.731861,0.0.6071041,0.0.4138717@1782760030.628409837
0.0.2328171,1809.570877270782,NOT_ASSOCIATED,0.0.731861,0.0.6071041,
0.0.833139,7.848471598410955,SUCCESS,0.0.731861,0.0.6071119,0.0.4138717@1782760031.647599877
0.0.6892983,556.2741840668378,SUCCESS,0.0.731861,0.0.6071119,0.0.4138717@1782760034.495815019
0.0.2137399,11.86713325846338,SUCCESS,0.0.731861,0.0.6071119,0.0.4138717@1782760034.312743544
0.0.5729027,7.791068495671565,SUCCESS,0.0.731861,0.0.6071119,0.0.4138717@1782760033.525777758
0.0.5740497,1545.132194407046,SUCCESS,0.0.731861,0.0.6071119,0.0.4138717@1782760036.222801277
0.0.2174967,77.36535399797656,SUCCESS,0.0.731861,0.0.6071119,0.0.4138717@1782760036.666493975
0.0.10031183,130.1918813761298,NOT_ASSOCIATED,0.0.731861,0.0.6071119,
0.0.10031184,1343.164323693933,NOT_ASSOCIATED,0.0.731861,0.0.6071119,
0.0.4041275,345.5531227685941,SUCCESS,0.0.731861,0.0.6071119,0.0.4138717@1782760035.306337169
0.0.3704330,5889.170593328281,SUCCESS,0.0.731861,0.0.6071911,0.0.4138717@1782760033.735288891
0.0.10178497,80.4228234022828,SUCCESS,0.0.731861,0.0.6071911,0.0.4138717@1782760037.584563651
0.0.7857493,4858.716180701074,NOT_ASSOCIATED,0.0.731861,0.0.6078459,
0.0.7200098,151.6740456011954,SUCCESS,0.0.731861,0.0.6078459,0.0.4138717@1782760036.896818134
0.0.2997555,0.1436041046344986,SUCCESS,0.0.731861,0.0.6078459,0.0.4138717@1782760037.289771560
0.0.6082528,3213.537379171927,SUCCESS,0.0.731861,0.0.6078459,0.0.4138717@1782760038.254320498
0.0.8208716,3122.690915259455,SUCCESS,0.0.731861,0.0.6078473,0.0.4138717@1782760038.533609888
0.0.9471068,66.16724995003182,SUCCESS,0.0.731861,0.0.6078473,0.0.4138717@1782760035.452150124
0.0.6080537,3313.347535982872,SUCCESS,0.0.731861,0.0.6078473,0.0.4138717@1782760037.275321817
0.0.972940,0.01776959261323211,SUCCESS,0.0.731861,0.0.6126395,0.0.4138717@1782760040.767836444
0.0.4987474,0.00005687511259446336,SUCCESS,0.0.731861,0.0.6126395,0.0.4138717@1782760037.233334513
0.0.1421971,108.7598556342911,SUCCESS,0.0.731861,0.0.6126395,0.0.4138717@1782760040.329962163
0.0.838563,3.839068841455943,SUCCESS,0.0.731861,0.0.6126395,0.0.4138717@1782760041.926365473
0.0.9695763,3914.078795957444,SUCCESS,0.0.731861,0.0.8315114,0.0.4138717@1782760042.597408514
0.0.1033719,6.197519715751938,SUCCESS,0.0.731861,0.0.8315114,0.0.4138717@1782760040.031236343
0.0.9940020,0.05323040499372433,SUCCESS,0.0.731861,0.0.8315114,0.0.4138717@1782760039.642483511
0.0.10031160,32.64056949580694,NOT_ASSOCIATED,0.0.731861,0.0.8315114,
0.0.10031155,0.1301392309212351,NOT_ASSOCIATED,0.0.731861,0.0.8315114,
0.0.10267181,0.5612425798808657,NOT_ASSOCIATED,0.0.731861,0.0.8315114,
0.0.10267182,0.09367980329968895,NOT_ASSOCIATED,0.0.731861,0.0.8315114,
0.0.10432879,0.007533881306201061,SUCCESS,0.0.731861,0.0.8315114,0.0.4138717@1782760043.960411130
0.0.1109176,0.02600572461740506,SUCCESS,0.0.731861,0.0.8315114,0.0.4138717@1782760043.800938499
0.0.4544022,86.2603590789765,NOT_ASSOCIATED,0.0.731861,0.0.8315114,
0.0.5679713,0.03145509053434358,SUCCESS,0.0.731861,0.0.8315114,0.0.4138717@1782760043.372040740
0.0.4340961,0.006895624914445972,SUCCESS,0.0.731861,0.0.8315114,0.0.4138717@1782760043.317953002
0.0.3311267,0.004516345387294873,NOT_ASSOCIATED,0.0.731861,0.0.8315114,
0.0.7688939,0.03654014938429397,SUCCESS,0.0.731861,0.0.8315114,0.0.4138717@1782760044.594734090
0.0.8326917,2.557120957609857,NOT_ASSOCIATED,0.0.731861,0.0.8315114,
0.0.8712714,1.742582532243732,SUCCESS,0.0.731861,0.0.8315114,0.0.4138717@1782760042.741573111
0.0.8192889,252.1679438466141,SUCCESS,0.0.731861,0.0.8315114,0.0.4138717@1782760046.769877356
0.0.10033160,3.439262398394593e-7,NOT_ASSOCIATED,0.0.731861,0.0.9774523,
0.0.10120444,0.0003175542430964265,NOT_ASSOCIATED,0.0.731861,0.0.10018365,
0.0.10120462,0.006366513902193323,NOT_ASSOCIATED,0.0.731861,0.0.10092996,
0.0.10120460,2.928499507989503,NOT_ASSOCIATED,0.0.731861,0.0.10092996,
0.0.10120424,13.09637631451395,NOT_ASSOCIATED,0.0.731861,0.0.10093026,
0.0.10120438,0.00005848165457138584,NOT_ASSOCIATED,0.0.731861,0.0.10093026,
0.0.10449777,0.001010982526761477,NOT_ASSOCIATED,0.0.731861,0.0.10387648,
0.0.10382204,10612.47780164394,SUCCESS,0.0.731861,0.0.10387648&0.0.10414792&0.0.10418141&0.0.10498271&0.0.10498274&0.0.10498278&0.0.10498280,0.0.4138717@1782760047.381558007
0.0.10454159,2.272700392292088e-8,NOT_ASSOCIATED,0.0.731861,0.0.10387648,
0.0.820781,79.40042305998492,SUCCESS,0.0.731861,0.0.10414792,0.0.4138717@1782760045.330992759
0.0.7582729,1779.344305607653,SUCCESS,0.0.731861,0.0.10414792,0.0.4138717@1782760048.712130738
0.0.1483886,4714.750359928692,SUCCESS,0.0.731861,0.0.10418141,0.0.4138717@1782760044.483149365
0.0.4865794,373.1715901245128,SUCCESS,0.0.731861,0.0.10418141,0.0.4138717@1782760048.331138116
0.0.10204901,0.1864417699312931,SUCCESS,0.0.731861,0.0.10418141,0.0.4138717@1782760045.841151232
0.0.10353912,1893.775267997068,SUCCESS,0.0.731861,0.0.10498271&0.0.10498274&0.0.10498278&0.0.10498280,0.0.4138717@1782760047.628843953
0.0.10508396,1858.953372477789,SUCCESS,0.0.731861,0.0.10498271&0.0.10498274&0.0.10498278&0.0.10498280,0.0.4138717@1782760048.852590427
0.0.10573597,27423.82304247317,SUCCESS,0.0.731861,0.0.10498271&0.0.10498274&0.0.10498278&0.0.10498280,0.0.4138717@1782760048.431204549
0.0.912615,10.98700151615501,SUCCESS,hbar,0.0.3951117&0.0.3964804,0.0.4138717@1782760100.858006428
0.0.1628961,176.2984583721393,SUCCESS,hbar,0.0.3951117&0.0.3964804,0.0.4138717@1782760100.643347130
0.0.8013259,2148.543541203872,SUCCESS,hbar,0.0.3951117,0.0.4138717@1782760103.969837030
0.0.4594273,1.352851442542495,SUCCESS,hbar,0.0.3951117,0.0.4138717@1782760102.574641323
0.0.823348,0.08866119000450053,SUCCESS,hbar,0.0.3951117,0.0.4138717@1782760105.054996327
0.0.9761018,3.599986309595856,SUCCESS,hbar,0.0.3951117,0.0.4138717@1782760104.988571729
0.0.4351536,0.305620118169196,SUCCESS,hbar,0.0.3951117,0.0.4138717@1782760100.939952884
0.0.7788937,0.005808757763281469,SUCCESS,hbar,0.0.3951117,0.0.4138717@1782760104.076744677
0.0.9150357,1.183323374777905,SUCCESS,hbar,0.0.3951117,0.0.4138717@1782760100.535682075
0.0.7526203,0.3390712179620282,SUCCESS,hbar,0.0.3951117&0.0.3964804,0.0.4138717@1782760103.387192539
0.0.8899262,0.7532078462982561,SUCCESS,hbar,0.0.3951117,0.0.4138717@1782760107.874669833
0.0.3310398,0.09023412911773229,SUCCESS,hbar,0.0.3951117&0.0.3964804,0.0.4138717@1782760107.864601883
0.0.9120392,0.3021888974293396,SUCCESS,hbar,0.0.3951117&0.0.3964804,0.0.4138717@1782760105.517873236
0.0.9195929,1.229420417595629,SUCCESS,hbar,0.0.3951117&0.0.3964804,0.0.4138717@1782760109.472050921
0.0.7891604,2.391776339916119,SUCCESS,hbar,0.0.3951117,0.0.4138717@1782760109.221620995
0.0.9200436,0.1189744083685614,SUCCESS,hbar,0.0.3951117,0.0.4138717@1782760105.965278605
0.0.657648,16.97428036569996,SUCCESS,hbar,0.0.3951117,0.0.4138717@1782760114.115883982
0.0.6872459,76.83363296439961,SUCCESS,hbar,0.0.3951117,0.0.4138717@1782760114.067352707
0.0.9301583,14.36698875396807,SUCCESS,hbar,0.0.3951117,0.0.4138717@1782760110.929480396
0.0.9104463,1.953689313035692,SUCCESS,hbar,0.0.3951117&0.0.3964804,0.0.4138717@1782760113.005784992
0.0.844585,2.494397952933874,SUCCESS,hbar,0.0.3951117&0.0.3964804,0.0.4138717@1782760114.959120154
0.0.9318600,32.53468086629559,SUCCESS,hbar,0.0.3951117,0.0.4138717@1782760117.283073598
0.0.9154738,0.3277852517212132,SUCCESS,hbar,0.0.3951117&0.0.3964804,0.0.4138717@1782760116.510041370
0.0.2994397,0.403519792779675,SUCCESS,hbar,0.0.3951117,0.0.4138717@1782760119.056880201
0.0.9619890,2.191030280029463,SUCCESS,hbar,0.0.3951117&0.0.3964804,0.0.4138717@1782760119.374555564
0.0.9597272,0.2799369556489281,SUCCESS,hbar,0.0.3951117,0.0.4138717@1782760120.599961279
0.0.7680254,0.3199693131544365,SUCCESS,hbar,0.0.3951117&0.0.3964804,0.0.4138717@1782760122.142084139
0.0.52231,1.200742985046431,SUCCESS,hbar,0.0.3951117,0.0.4138717@1782760119.455256801
0.0.4570908,6.877459801934011,SUCCESS,hbar,0.0.3951117,0.0.4138717@1782760119.482960867
0.0.835242,0.002845457543292165,SUCCESS,hbar,0.0.3951117,0.0.4138717@1782760122.994794563
0.0.8341357,0.0704906487572901,SUCCESS,hbar,0.0.3951117,0.0.4138717@1782760120.019788751
0.0.6258771,0.8774664743453952,SUCCESS,hbar,0.0.3951117,0.0.4138717@1782760124.477198974
0.0.1877739,0.03259092512084689,SUCCESS,hbar,0.0.3951117,0.0.4138717@1782760123.169954922
0.0.4864609,0.03121533329143587,SUCCESS,hbar,0.0.3951117,0.0.4138717@1782760125.541091742
0.0.598828,0.008927991323919287,SUCCESS,hbar,0.0.3951117&0.0.3964804,0.0.4138717@1782760126.501727087
0.0.4302086,0.03719228947488788,SUCCESS,hbar,0.0.3951117,0.0.4138717@1782760128.249496695
0.0.7991960,1.44084211888876,SUCCESS,hbar,0.0.3951117&0.0.3964804,0.0.4138717@1782760128.757983347
0.0.1601282,0.02309288873906817,SUCCESS,hbar,0.0.3951117,0.0.4138717@1782760125.861118683
0.0.2125030,10.88875933212851,SUCCESS,hbar,0.0.3951117,0.0.4138717@1782760128.457059965
0.0.856667,1.954337533000811,SUCCESS,hbar,0.0.3951117&0.0.3964804,0.0.4138717@1782760128.171545542
0.0.1991961,6.037366710597413,SUCCESS,hbar,0.0.3951117,0.0.4138717@1782760130.983046796
0.0.8068689,1.7906064141754,SUCCESS,hbar,0.0.3951117&0.0.3964804,0.0.4138717@1782760131.771358011
0.0.7889838,0.0107024601707227,SUCCESS,hbar,0.0.3951117,0.0.4138717@1782760132.944426140
0.0.4349716,0.1993716918246792,SUCCESS,hbar,0.0.3951117&0.0.3964804,0.0.4138717@1782760131.377143481
0.0.1379217,1.094673816283123,SUCCESS,hbar,0.0.3951117,0.0.4138717@1782760134.611925618
0.0.8190429,0.2987439219130828,SUCCESS,hbar,0.0.3951117,0.0.4138717@1782760136.644434133
0.0.4912200,22.88355900677518,SUCCESS,hbar,0.0.3951117&0.0.3964804,0.0.4138717@1782760137.296793970
0.0.4342759,6.557209014489986,SUCCESS,hbar,0.0.3951117,0.0.4138717@1782760135.866716819
0.0.1691323,5.076804702186912,SUCCESS,hbar,0.0.3951117&0.0.3964804,0.0.4138717@1782760135.489184975
0.0.8616856,12.80200716002016,SUCCESS,hbar,0.0.3951117&0.0.3964804,0.0.4138717@1782760138.990353251
0.0.2960169,0.1924323450487019,SUCCESS,hbar,0.0.3951117,0.0.4138717@1782760139.379674465
0.0.4339505,27.61724232043166,SUCCESS,hbar,0.0.3951117,0.0.4138717@1782760140.981308833
0.0.8531519,0.8005972203873644,SUCCESS,hbar,0.0.3951117,0.0.4138717@1782760139.780700330
0.0.2122027,1.522985846052658,SUCCESS,hbar,0.0.3951117&0.0.3964804,0.0.4138717@1782760141.161168559
0.0.4531253,0.01365004681894582,SUCCESS,hbar,0.0.3951117&0.0.3964804,0.0.4138717@1782760140.704599401
0.0.4324518,0.2076427000858092,SUCCESS,hbar,0.0.3951117,0.0.4138717@1782760142.851743706
0.0.1512938,0.0001354741068034522,SUCCESS,hbar,0.0.3951117,0.0.4138717@1782760142.490862850
0.0.4339712,0.06427475195554273,SUCCESS,hbar,0.0.3951117,0.0.4138717@1782760143.191069312
0.0.1784251,0.009974182301163183,SUCCESS,hbar,0.0.3951117&0.0.3964804,0.0.4138717@1782760141.192178104
0.0.1339713,0.7786004740358223,SUCCESS,hbar,0.0.3951117&0.0.3964804,0.0.4138717@1782760145.276787004
0.0.4745055,0.001175725694170571,SUCCESS,hbar,0.0.3951117,0.0.4138717@1782760144.936462891
0.0.4338219,1.231123010529846,SUCCESS,hbar,0.0.3951117,0.0.4138717@1782760146.915708053
0.0.4792831,0.000620433690133486,SUCCESS,hbar,0.0.3951117,0.0.4138717@1782760143.368687757
0.0.664329,0.01137042036234845,SUCCESS,hbar,0.0.3951117,0.0.4138717@1782760145.020688602
0.0.4858736,0.008144473232900691,SUCCESS,hbar,0.0.3951117,0.0.4138717@1782760144.020336884
0.0.834443,21.96299951007008,SUCCESS,hbar,0.0.3951117,0.0.4138717@1782760147.321581167
0.0.4430933,0.1550837166051093,SUCCESS,hbar,0.0.3951117,0.0.4138717@1782760147.466671939
0.0.4383878,0.0128390328912899,SUCCESS,hbar,0.0.3951117,0.0.4138717@1782760149.137929064
0.0.4691881,0.1220468358489579,SUCCESS,hbar,0.0.3951117,0.0.4138717@1782760149.870339287
0.0.5028724,0.001072478360205226,SUCCESS,hbar,0.0.3951117,0.0.4138717@1782760150.168276962
0.0.5156210,0.002474439265486169,SUCCESS,hbar,0.0.3951117&0.0.3964804,0.0.4138717@1782760151.841050297
0.0.5702270,5.100948235923189,SUCCESS,hbar,0.0.3951117,0.0.4138717@1782760149.791043708
0.0.1458130,0.007895153785677974,SUCCESS,hbar,0.0.3951117,0.0.4138717@1782760150.823380491
0.0.1904506,0.0001142649132814285,SUCCESS,hbar,0.0.3951117,0.0.4138717@1782760153.777781819
0.0.6198709,1.08809122002322,SUCCESS,hbar,0.0.3951117,0.0.4138717@1782760152.796713619
0.0.696790,1.274380018751121,SUCCESS,hbar,0.0.3951117&0.0.3964804,0.0.4138717@1782760157.938535552
0.0.1023730,0.4292963698214322,SUCCESS,hbar,0.0.3951117,0.0.4138717@1782760156.068778065
0.0.7129552,9.93077238155103,SUCCESS,hbar,0.0.3951117,0.0.4138717@1782760157.679131590
0.0.1380352,0.2845173960844987,SUCCESS,hbar,0.0.3951117,0.0.4138717@1782760158.583157583
0.0.7287636,0.9691591690486601,SUCCESS,hbar,0.0.3951117&0.0.3964804,0.0.4138717@1782760161.554207361
0.0.10206048,0.2419405496414832,SUCCESS,hbar,0.0.3951117,0.0.4138717@1782760158.996422127
0.0.10064213,0.2173124061510832,SUCCESS,hbar,0.0.3951117&0.0.3964804,0.0.4138717@1782760161.861787342
0.0.6374996,2.524103780171211,SUCCESS,hbar,0.0.3951117,0.0.4138717@1782760158.540835191
0.0.10088944,0.3372599771708753,SUCCESS,hbar,0.0.3951117&0.0.3964804,0.0.4138717@1782760159.593780371
0.0.139500,2.224610523641856,SUCCESS,hbar,0.0.3951117,0.0.4138717@1782760161.250624157
0.0.7920605,0.08281699817158597,SUCCESS,hbar,0.0.3951117,0.0.4138717@1782760164.756534498
0.0.1123753,0.3834384400394072,SUCCESS,hbar,0.0.3951117,0.0.4138717@1782760161.975729171
0.0.3525426,1.728405489144959,SUCCESS,hbar,0.0.3951117&0.0.3964804,0.0.4138717@1782760166.880796389
0.0.8485588,43.26723688098522,SUCCESS,hbar,0.0.3951117,0.0.4138717@1782760164.791739956
0.0.1462225,329.8149507519242,SUCCESS,hbar,0.0.3951117,0.0.4138717@1782760164.643892884
0.0.9430013,11.79279179395119,SUCCESS,hbar,0.0.3951117,0.0.4138717@1782760166.780649919
0.0.1792818,0.001215641426858598,SUCCESS,hbar,0.0.3951117,0.0.4138717@1782760170.941930626
0.0.4347838,0.7431338795469598,SUCCESS,hbar,0.0.3951117,0.0.4138717@1782760168.679655510
0.0.4569835,0.001238511831934606,SUCCESS,hbar,0.0.3951117,0.0.4138717@1782760170.707066412
0.0.490092,0.02416522735697547,SUCCESS,hbar,0.0.3951117,0.0.4138717@1782760173.870096184
0.0.516971,2.780567985054765e-8,SUCCESS,hbar,0.0.3951117,0.0.4138717@1782760171.354957729
0.0.4575306,0.0008055905883503453,SUCCESS,hbar,0.0.3951117,0.0.4138717@1782760173.479719028
0.0.1508462,6.139519694030578,SUCCESS,hbar,0.0.3951117,0.0.4138717@1782760175.302561313
0.0.3872466,0.02280294636559357,SUCCESS,hbar,0.0.3951117,0.0.4138717@1782760174.540028052
0.0.4591423,0.009759405217253903,SUCCESS,hbar,0.0.3951117,0.0.4138717@1782760172.684093436
0.0.3925109,0.000008334531835186778,SUCCESS,hbar,0.0.3951117,0.0.4138717@1782760179.512705392
0.0.4433722,0.0128656190332175,SUCCESS,hbar,0.0.3951117,0.0.4138717@1782760178.196826027
0.0.4361868,9.733717191691497,SUCCESS,hbar,0.0.3951117,0.0.4138717@1782760176.799938623
0.0.4331665,0.224623298276107,SUCCESS,hbar,0.0.3951117,0.0.4138717@1782760177.157600096
0.0.662296,15.75883144053696,SUCCESS,hbar,0.0.3951117,0.0.4138717@1782760181.285862549
0.0.841339,0.6098635154881159,SUCCESS,hbar,0.0.3951117,0.0.4138717@1782760183.221061197
0.0.5182107,0.1339715356857714,SUCCESS,hbar,0.0.3951117&0.0.3964804,0.0.4138717@1782760183.205752286
0.0.5202236,0.1917527708206389,SUCCESS,hbar,0.0.3951117,0.0.4138717@1782760180.903793866
0.0.4590627,0.3068835856391934,SUCCESS,hbar,0.0.3951117,0.0.4138717@1782760181.067677225
0.0.4323088,2.361549353390965,SUCCESS,hbar,0.0.3951117&0.0.3964804,0.0.4138717@1782760182.364041710
0.0.4335807,2.156674570214121,SUCCESS,hbar,0.0.3951117,0.0.4138717@1782760186.716199386
0.0.4986167,0.06165106226213856,SUCCESS,hbar,0.0.3951117,0.0.4138717@1782760184.340939785
0.0.5281334,0.06154421308895204,SUCCESS,hbar,0.0.3951117,0.0.4138717@1782760187.681881697
0.0.5310061,0.2383227974010349,SUCCESS,hbar,0.0.3951117&0.0.3964804,0.0.4138717@1782760189.018190347
0.0.5117832,19.36430527276465,SUCCESS,hbar,0.0.3951117&0.0.3964804,0.0.4138717@1782760186.392743700
0.0.1711779,0.006116336313925217,SUCCESS,hbar,0.0.3951117,0.0.4138717@1782760188.776510786
0.0.853268,14.77855692110864,SUCCESS,hbar,0.0.3951117,0.0.4138717@1782760186.139142708
0.0.5119346,1.365541695473358,SUCCESS,hbar,0.0.3951117&0.0.3964804,0.0.4138717@1782760188.114659140
0.0.3829916,7.998315026379428,SUCCESS,hbar,0.0.3951117,0.0.4138717@1782760189.564331881
0.0.4354394,3.64754644171685,SUCCESS,hbar,0.0.3951117,0.0.4138717@1782760189.610621794
0.0.1322785,10.74622319658331,SUCCESS,hbar,0.0.3951117,0.0.4138717@1782760189.664606187
0.0.5716339,0.0004749427284342204,SUCCESS,hbar,0.0.3951117,0.0.4138717@1782760192.395580281
0.0.4709377,4.057197479280511,SUCCESS,hbar,0.0.3951117,0.0.4138717@1782760190.686541205
0.0.4695027,0.1151766448452828,SUCCESS,hbar,0.0.3951117,0.0.4138717@1782760191.341107196
0.0.4340758,0.1972680901810556,SUCCESS,hbar,0.0.3951117&0.0.3964804,0.0.4138717@1782760192.889282740
0.0.4817549,0.4399641258095865,SUCCESS,hbar,0.0.3951117&0.0.3964804,0.0.4138717@1782760195.840860889
0.0.4938729,0.4797496709186421,SUCCESS,hbar,0.0.3951117,0.0.4138717@1782760191.756157370
0.0.4322002,0.1385416854125875,SUCCESS,hbar,0.0.3951117,0.0.4138717@1782760195.511389145
0.0.4968045,0.9010713990934078,SUCCESS,hbar,0.0.3951117,0.0.4138717@1782760196.180059005
0.0.4348824,0.01190643441374472,SUCCESS,hbar,0.0.3951117,0.0.4138717@1782760196.052617054
0.0.1075892,0.7376843460838509,SUCCESS,hbar,0.0.3951117,0.0.4138717@1782760193.723105628
0.0.1097257,4.835100290567732,SUCCESS,hbar,0.0.3951117,0.0.4138717@1782760199.075592833
0.0.4350041,0.1282031920135524,SUCCESS,hbar,0.0.3951117,0.0.4138717@1782760197.162764337
0.0.1910285,0.08279227147520565,SUCCESS,hbar,0.0.3951117,0.0.4138717@1782760198.760274913
0.0.1735540,0.649924553432901,SUCCESS,hbar,0.0.3951117,0.0.4138717@1782760197.528165916
0.0.4352091,1.500053696574324,SUCCESS,hbar,0.0.3951117,0.0.4138717@1782760200.221068256
0.0.4349304,0.002992965505217997,SUCCESS,hbar,0.0.3951117,0.0.4138717@1782760198.718775852
0.0.1338331,0.2835907854477486,SUCCESS,hbar,0.0.3951117,0.0.4138717@1782760201.696650258
0.0.4322065,0.6896125523719754,SUCCESS,hbar,0.0.3951117,0.0.4138717@1782760198.274014950
0.0.4370057,0.04524373129525016,SUCCESS,hbar,0.0.3951117,0.0.4138717@1782760202.165528173
0.0.104926,0.002669298314564962,SUCCESS,hbar,0.0.3951117,0.0.4138717@1782760202.464736976
0.0.2930231,0.1227710092405828,SUCCESS,hbar,0.0.3951117&0.0.3964804,0.0.4138717@1782760201.462811573
0.0.4544530,0.08174702845094431,SUCCESS,hbar,0.0.3951117&0.0.3964804,0.0.4138717@1782760204.984323086
0.0.1506629,0.03779965389177289,SUCCESS,hbar,0.0.3951117,0.0.4138717@1782760203.778575830
0.0.795933,0.6093410331461823,SUCCESS,hbar,0.0.3951117,0.0.4138717@1782760201.801628480
0.0.4324445,0.05884069442599533,SUCCESS,hbar,0.0.3951117&0.0.3964804,0.0.4138717@1782760205.761733588
0.0.4321631,1.646876547925855,SUCCESS,hbar,0.0.3951117&0.0.3964804,0.0.4138717@1782760204.422829551
0.0.4582751,0.06192594159413782,SUCCESS,hbar,0.0.3951117,0.0.4138717@1782760206.430319519
0.0.4324463,0.03960339573672543,SUCCESS,hbar,0.0.3951117,0.0.4138717@1782760205.537279717
0.0.1266990,0.02610011480668139,SUCCESS,hbar,0.0.3951117,0.0.4138717@1782760207.751451181
0.0.5118079,0.4394469393136088,SUCCESS,hbar,0.0.3951117&0.0.3964804,0.0.4138717@1782760207.666908803
0.0.5118232,0.1420854121961887,SUCCESS,hbar,0.0.3951117&0.0.3964804,0.0.4138717@1782760205.358356926
0.0.5118190,0.3052947458370449,SUCCESS,hbar,0.0.3951117&0.0.3964804,0.0.4138717@1782760208.392792906
0.0.1726157,1.213616004245484,SUCCESS,hbar,0.0.3951117&0.0.3964804,0.0.4138717@1782760209.364765243
0.0.874760,9.708905596957472,SUCCESS,hbar,0.0.3951117&0.0.3964804,0.0.4138717@1782760209.715461697
0.0.4345324,0.03607291794890962,SUCCESS,hbar,0.0.3951117,0.0.4138717@1782760209.835449062
0.0.4702708,0.04209477679496632,SUCCESS,hbar,0.0.3951117,0.0.4138717@1782760208.253276842
0.0.6026305,0.06304346096074433,SUCCESS,hbar,0.0.3951117,0.0.4138717@1782760206.168121913
0.0.6781119,1.900337405980979,SUCCESS,hbar,0.0.3951117&0.0.3964804,0.0.4138717@1782760211.411418336
0.0.7262531,0.005486433093152024,SUCCESS,hbar,0.0.3951117&0.0.3964804,0.0.4138717@1782760207.787716279
0.0.7138336,0.00402756422468858,SUCCESS,hbar,0.0.3951117,0.0.4138717@1782760212.776571646
0.0.1340928,13.91661070256671,SUCCESS,hbar,0.0.3951117,0.0.4138717@1782760210.491139978
0.0.7479340,0.3596568161105607,SUCCESS,hbar,0.0.3951117&0.0.3964804,0.0.4138717@1782760214.398201145
0.0.5078033,0.6025652343319627,SUCCESS,hbar,0.0.3951117,0.0.4138717@1782760209.976112301
0.0.4229805,0.1666208344346069,SUCCESS,hbar,0.0.3951117,0.0.4138717@1782760213.010024787
0.0.6440477,0.1465385449728835,SUCCESS,hbar,0.0.3951117&0.0.3964804,0.0.4138717@1782760215.127450458
0.0.4551977,0.02879077832314782,SUCCESS,hbar,0.0.3951117,0.0.4138717@1782760211.572832741
0.0.4766933,5.344791648000304,SUCCESS,hbar,0.0.3951117,0.0.4138717@1782760212.900932111
0.0.1110477,2.926202377155807,SUCCESS,hbar,0.0.3951117,0.0.4138717@1782760215.573849187
0.0.1490591,4.146239407497525,SUCCESS,hbar,0.0.3951117&0.0.3964804,0.0.4138717@1782760215.373364357
0.0.1023917,2.777503324274504,SUCCESS,hbar,0.0.3951117&0.0.3964804,0.0.4138717@1782760217.093187549
0.0.1506598,0.5338031818601805,SUCCESS,hbar,0.0.3951117,0.0.4138717@1782760217.510921564
0.0.4559340,0.03488453807308088,SUCCESS,hbar,0.0.3951117,0.0.4138717@1782760218.146017717
0.0.7798148,0.8240695917920473,SUCCESS,hbar,0.0.3951117,0.0.4138717@1782760219.786311794
0.0.7843482,0.3248454137588637,SUCCESS,hbar,0.0.3951117&0.0.3964804,0.0.4138717@1782760218.498241487
0.0.7835270,1.709676258409726,SUCCESS,hbar,0.0.3951117,0.0.4138717@1782760220.264597109
0.0.4503599,0.4104905634787142,SUCCESS,hbar,0.0.3951117,0.0.4138717@1782760221.064633517
0.0.4775299,0.291131462122422,SUCCESS,hbar,0.0.3951117,0.0.4138717@1782760221.720943058
0.0.4558891,1.272859758611363,SUCCESS,hbar,0.0.3951117,0.0.4138717@1782760222.704002770
0.0.5976303,0.1386601019634901,SUCCESS,hbar,0.0.3951117&0.0.3964804,0.0.4138717@1782760223.079811440
0.0.4318411,1.742004302132479,SUCCESS,hbar,0.0.3951117,0.0.4138717@1782760222.507746656
0.0.3681428,53.0039759389464,SUCCESS,hbar,0.0.3951117&0.0.3964804,0.0.4138717@1782760223.478970946
0.0.4329852,7.244244146330401,SUCCESS,hbar,0.0.3951117&0.0.3964804,0.0.4138717@1782760225.463098620
0.0.5975196,0.05194635854674755,SUCCESS,hbar,0.0.3951117,0.0.4138717@1782760227.642730046
0.0.3969243,0.009354892848421196,SUCCESS,hbar,0.0.3951117,0.0.4138717@1782760227.103820678
0.0.4732964,0.03941395592570205,SUCCESS,hbar,0.0.3951117,0.0.4138717@1782760227.342024449
0.0.4432149,0.1052506511136393,SUCCESS,hbar,0.0.3951117,0.0.4138717@1782760225.300759529
0.0.1412123,0.1092054669826464,SUCCESS,hbar,0.0.3951117&0.0.3964804,0.0.4138717@1782760226.824725945
0.0.4184733,31.59816354566039,SUCCESS,hbar,0.0.3951117,0.0.4138717@1782760231.177869942
0.0.5126364,3.04685605700741,SUCCESS,hbar,0.0.3951117,0.0.4138717@1782760231.910958089
0.0.4758169,0.173422856974078,SUCCESS,hbar,0.0.3951117,0.0.4138717@1782760232.877134489
0.0.3071320,8.986267709304867,SUCCESS,hbar,0.0.3951117,0.0.4138717@1782760233.364882815
0.0.4330219,0.05574888990330475,SUCCESS,hbar,0.0.3951117,0.0.4138717@1782760234.011918341
0.0.2968839,1.660840612779205,SUCCESS,hbar,0.0.3951117&0.0.3964804,0.0.4138717@1782760234.003890779
0.0.4923080,0.04616003991260891,SUCCESS,hbar,0.0.3951117,0.0.4138717@1782760235.351955096
0.0.3242760,6.807043465484885,SUCCESS,hbar,0.0.3951117&0.0.3964804,0.0.4138717@1782760234.802908091
0.0.5797983,0.06611823665711605,SUCCESS,hbar,0.0.3951117&0.0.3964804,0.0.4138717@1782760237.767317205
0.0.850535,52.90120852067427,SUCCESS,hbar,0.0.3951117,0.0.4138717@1782760233.952776180
0.0.6244791,0.3489070074163672,SUCCESS,hbar,0.0.3951117,0.0.4138717@1782760237.479302019
0.0.6313910,35.52338158508591,SUCCESS,hbar,0.0.3951117&0.0.3964804,0.0.4138717@1782760237.802185864
0.0.6289117,3.921057238581898,SUCCESS,hbar,0.0.3951117&0.0.3964804,0.0.4138717@1782760240.485084501
0.0.854331,0.01850912533401186,SUCCESS,hbar,0.0.3951117,0.0.4138717@1782760241.978959587
0.0.1409958,0.05834144325428264,SUCCESS,hbar,0.0.3951117,0.0.4138717@1782760241.354181780
0.0.508876,0.7740331146406797,SUCCESS,hbar,0.0.3951117,0.0.4138717@1782760243.036525371
0.0.4346579,0.00124433381164915,SUCCESS,hbar,0.0.3951117,0.0.4138717@1782760241.664779080
0.0.1414140,4736.102125081935,SUCCESS,hbar,0.0.3951117,0.0.4138717@1782760242.951019270
0.0.1453803,0.8511397482063252,SUCCESS,hbar,0.0.3951117&0.0.3964804,0.0.4138717@1782760240.506473243
0.0.700741,0.3092979309559275,SUCCESS,hbar,0.0.3951117,0.0.4138717@1782760243.690296461
0.0.4333286,0.043750881863272,SUCCESS,hbar,0.0.3951117,0.0.4138717@1782760242.201674524
0.0.1438402,0.006522586190126498,SUCCESS,hbar,0.0.3951117,0.0.4138717@1782760245.521633646
0.0.1216661,21.66592826072517,SUCCESS,hbar,0.0.3951117,0.0.4138717@1782760247.852555698
0.0.4329215,0.03751643891181696,SUCCESS,hbar,0.0.3951117&0.0.3964804,0.0.4138717@1782760245.525340108
0.0.639876,0.02781204390378685,SUCCESS,hbar,0.0.3951117,0.0.4138717@1782760244.730087081
0.0.4205604,0.4807274791413244,SUCCESS,hbar,0.0.3951117,0.0.4138717@1782760248.862398070
0.0.1261552,0.08067783297102053,SUCCESS,hbar,0.0.3951117&0.0.3964804,0.0.4138717@1782760247.035960448
0.0.2174139,0.1837457710715748,SUCCESS,hbar,0.0.3951117&0.0.3964804,0.0.4138717@1782760245.607495019
0.0.1412849,0.000002885531410317661,SUCCESS,hbar,0.0.3951117,0.0.4138717@1782760248.185763954
0.0.2020001,0.3390981597770891,SUCCESS,hbar,0.0.3951117,0.0.4138717@1782760249.310035830
0.0.10230141,1.794389600232145,SUCCESS,hbar,0.0.3951117,0.0.4138717@1782760251.903002659
0.0.1340164,6.554538209067961,SUCCESS,hbar,0.0.3951117,0.0.4138717@1782760253.057712606
0.0.10076636,1.587937371081407,SUCCESS,hbar,0.0.3951117,0.0.4138717@1782760252.390318262
0.0.735239,0.00001500290962134595,SUCCESS,hbar,0.0.3951117,0.0.4138717@1782760250.494217270
0.0.9302147,1.456727025313291,SUCCESS,hbar,0.0.3951117,0.0.4138717@1782760255.000795619
0.0.10122546,0.01035331504737396,SUCCESS,hbar,0.0.3951117,0.0.4138717@1782760255.300366714
0.0.10169145,0.01775746737241983,SUCCESS,hbar,0.0.3951117,0.0.4138717@1782760250.971323359
0.0.7786995,19.22822768702875,SUCCESS,hbar,0.0.3951117,0.0.4138717@1782760256.554920745
0.0.4343858,1.204388724544574,SUCCESS,hbar,0.0.3951117,0.0.4138717@1782760257.454095743
0.0.4210667,0.00940545768144026,SUCCESS,hbar,0.0.3951117,0.0.4138717@1782760257.226944960
0.0.8373509,3.300610776546121,SUCCESS,hbar,0.0.3951117&0.0.3964804,0.0.4138717@1782760256.152430956
0.0.9774619,0.2618612895879073,SUCCESS,hbar,0.0.3951117,0.0.4138717@1782760257.246143632
0.0.9299646,0.7524017108037289,SUCCESS,hbar,0.0.3951117,0.0.4138717@1782760255.654261786
0.0.4432398,0.07043838736022058,SUCCESS,hbar,0.0.3951117,0.0.4138717@1782760256.527331329
0.0.10352676,0.1639506816878144,SUCCESS,hbar,0.0.3951117,0.0.4138717@1782760256.578306375
0.0.1408633,0.006085705653731834,SUCCESS,hbar,0.0.3951117,0.0.4138717@1782760259.357844066
0.0.8309441,0.04519084195667963,SUCCESS,hbar,0.0.3951117&0.0.3964804,0.0.4138717@1782760258.367073619
0.0.2017173,1.278485730520974,SUCCESS,hbar,0.0.3951117&0.0.3964804,0.0.4138717@1782760260.008774890
0.0.836838,1677.964239731818,SUCCESS,hbar,0.0.3951117,0.0.4138717@1782760259.658340144
0.0.731977,10.38339033690087,SUCCESS,hbar,0.0.3951117,0.0.4138717@1782760261.653890883
0.0.834820,6.920988230570299,SUCCESS,hbar,0.0.3951117&0.0.3964804,0.0.4138717@1782760261.596338894
0.0.2773436,90.2256393689585,SUCCESS,hbar,0.0.3951117&0.0.3964804,0.0.4138717@1782760261.326155615
0.0.1274087,433.3323706611216,SUCCESS,hbar,0.0.3951117,0.0.4138717@1782760263.447719427
0.0.187153,29.14807111212319,SUCCESS,hbar,0.0.3951117&0.0.3964804,0.0.4138717@1782760262.393115749
0.0.1265153,0.001261910201132364,SUCCESS,hbar,0.0.3951117,0.0.4138717@1782760262.641171536
0.0.1988559,0.1498886131306565,SUCCESS,hbar,0.0.3951117&0.0.3964804,0.0.4138717@1782760265.813092348
0.0.860438,0.3859786332939659,SUCCESS,hbar,0.0.3951117&0.0.3964804,0.0.4138717@1782760264.887173128
0.0.1104990,44.22872783097745,SUCCESS,hbar,0.0.3951117,0.0.4138717@1782760266.397850048
0.0.10483303,1015.032663108413,SUCCESS,hbar,0.0.3951117,0.0.4138717@1782760267.773454750
0.0.1734809,0.00330233738157606,SUCCESS,hbar,0.0.3951117&0.0.3964804,0.0.4138717@1782760269.084860499
0.0.10493411,1.284454687675819,SUCCESS,hbar,0.0.3951117,0.0.4138717@1782760270.150700631
0.0.10504552,0.03138599639898169,SUCCESS,hbar,0.0.3951117,0.0.4138717@1782760268.139265015
0.0.4560992,0.6793635077410697,SUCCESS,hbar,0.0.3951117,0.0.4138717@1782760270.295365025
0.0.8188541,0.2278138270081179,SUCCESS,hbar,0.0.3951117,0.0.4138717@1782760268.338141568
0.0.6270084,162.4485974967326,SUCCESS,hbar,0.0.3951117&0.0.3964804,0.0.4138717@1782760269.580161753
0.0.1290358,7.446495226470589,SUCCESS,hbar,0.0.3951117,0.0.4138717@1782760273.773485631
0.0.3241044,0.7863224917906393,SUCCESS,hbar,0.0.3951117,0.0.4138717@1782760273.482074620
0.0.956549,96.44368691278504,SUCCESS,hbar,0.0.3951117,0.0.4138717@1782760275.478178257
0.0.832415,42.97380395929295,SUCCESS,hbar,0.0.3951117,0.0.4138717@1782760273.055799626
0.0.1375637,0.1479651947552542,SUCCESS,hbar,0.0.3951117,0.0.4138717@1782760275.294593186
0.0.3845966,0.2983807663516937,SUCCESS,hbar,0.0.3951117&0.0.3964804,0.0.4138717@1782760276.716667390
0.0.1724832,0.0799190570281499,SUCCESS,hbar,0.0.3951117,0.0.4138717@1782760273.169967832
0.0.832624,0.0009231115181814137,SUCCESS,hbar,0.0.3951117&0.0.3964804,0.0.4138717@1782760276.998403343
0.0.525256,3.643182173093333,SUCCESS,hbar,0.0.3951117,0.0.4138717@1782760277.008207065
0.0.1120388,0.2419761680167621,SUCCESS,hbar,0.0.3951117,0.0.4138717@1782760276.933944014
0.0.2116956,0.1987226366718711,SUCCESS,hbar,0.0.3951117,0.0.4138717@1782760279.852373416
0.0.896788,171.6532668977326,SUCCESS,hbar,0.0.3951117,0.0.4138717@1782760279.843957397
0.0.837404,7.782632435446761,SUCCESS,hbar,0.0.3951117,0.0.4138717@1782760280.060837547
0.0.925802,1.070799798012281,SUCCESS,hbar,0.0.3951117,0.0.4138717@1782760279.314843171
0.0.819461,0.069178118948059,SUCCESS,hbar,0.0.3951117,0.0.4138717@1782760282.999053725
0.0.8638339,0.0162879971205106,SUCCESS,hbar,0.0.3951117,0.0.4138717@1782760279.631805123
0.0.8260017,0.02006299064750941,SUCCESS,hbar,0.0.3951117&0.0.3964804,0.0.4138717@1782760279.771486778
0.0.2137668,6.025023661347489,SUCCESS,hbar,0.0.3951117&0.0.3964804,0.0.4138717@1782760280.216560560
0.0.8382774,0.0676213204628795,SUCCESS,hbar,0.0.3951117&0.0.3964804,0.0.4138717@1782760283.359831748
0.0.3943340,0.02104437854507122,SUCCESS,hbar,0.0.3951117,0.0.4138717@1782760282.980890904
0.0.1374442,3.105857056599119,SUCCESS,hbar,0.0.3951117&0.0.3964804,0.0.4138717@1782760283.238168934
0.0.5352069,0.09398482554444068,SUCCESS,hbar,0.0.3951117,0.0.4138717@1782760284.617828538
0.0.8490555,0.3059287789181618,SUCCESS,hbar,0.0.3951117,0.0.4138717@1782760284.450330963
0.0.4331763,31.76797317258541,SUCCESS,hbar,0.0.3951117,0.0.4138717@1782760286.883398446
0.0.4713153,1.049664667646632,SUCCESS,hbar,0.0.3951117,0.0.4138717@1782760288.495994677
0.0.8546442,1.262497570067546,SUCCESS,hbar,0.0.3951117,0.0.4138717@1782760285.998552129
0.0.8684349,82.2206329167108,SUCCESS,hbar,0.0.3951117,0.0.4138717@1782760287.802880783
0.0.9099631,0.1192898172451066,SUCCESS,hbar,0.0.3951117,0.0.4138717@1782760287.675211936
0.0.9112426,0.09447703260185478,SUCCESS,hbar,0.0.3951117&0.0.3964804,0.0.4138717@1782760288.269051475
0.0.8419510,0.05529795766764522,SUCCESS,hbar,0.0.3951117,0.0.4138717@1782760289.628713699
0.0.8054459,0.2447926171786792,SUCCESS,hbar,0.0.3951117&0.0.3964804,0.0.4138717@1782760289.975370923
0.0.1707146,0.1924629598473662,SUCCESS,hbar,0.0.3951117,0.0.4138717@1782760290.967701066
0.0.10021410,0.0120317420839238,SUCCESS,hbar,0.0.3951117,0.0.4138717@1782760288.919806844
0.0.8212757,0.3627303983847647,SUCCESS,hbar,0.0.3951117,0.0.4138717@1782760288.570896075
0.0.819005,1.521262342237749,SUCCESS,hbar,0.0.3951117,0.0.4138717@1782760289.999675536
0.0.8071373,0.2201889243079323,SUCCESS,hbar,0.0.3951117,0.0.4138717@1782760290.843612816
0.0.8068996,0.04544104034896534,SUCCESS,hbar,0.0.3951117&0.0.3964804,0.0.4138717@1782760290.127855981
0.0.5688804,0.3100392153125312,SUCCESS,hbar,0.0.3951117,0.0.4138717@1782760294.400030207
0.0.3706536,0.001668554676084891,SUCCESS,hbar,0.0.3951117,0.0.4138717@1782760293.402568576
0.0.10076247,0.1553531650072315,SUCCESS,hbar,0.0.3951117,0.0.4138717@1782760294.241001057
0.0.7490874,0.1535209340303612,SUCCESS,hbar,0.0.3951117&0.0.3964804,0.0.4138717@1782760296.810416124
0.0.5060163,0.06588591558818344,SUCCESS,hbar,0.0.3951117,0.0.4138717@1782760293.867811703
0.0.1123889,0.3558427906492295,SUCCESS,hbar,0.0.3951117&0.0.3964804,0.0.4138717@1782760296.727380860
0.0.7726808,0.2558575053850541,SUCCESS,hbar,0.0.3951117,0.0.4138717@1782760297.808800047
0.0.834595,0.464042096134503,SUCCESS,hbar,0.0.3951117&0.0.3964804,0.0.4138717@1782760293.325820220
0.0.1464418,1.196667051568682,SUCCESS,hbar,0.0.3951117,0.0.4138717@1782760299.169309367
0.0.7555632,0.01452450680191579,SUCCESS,hbar,0.0.3951117,0.0.4138717@1782760298.905656039
0.0.7989790,0.006024957074453868,SUCCESS,hbar,0.0.3951117,0.0.4138717@1782760296.962265813
0.0.9202687,15.31084673794782,SUCCESS,hbar,0.0.3951117,0.0.4138717@1782760296.593086279
0.0.1157855,0.1306762249003325,SUCCESS,hbar,0.0.3951117,0.0.4138717@1782760300.064328720
0.0.10031118,0.04241294406331856,SUCCESS,hbar,0.0.3951117,0.0.4138717@1782760301.755354567
0.0.10031117,0.2502956879985161,SUCCESS,hbar,0.0.3951117,0.0.4138717@1782760302.639527899
0.0.9723151,0.0006322366795944137,SUCCESS,hbar,0.0.3951117,0.0.4138717@1782760298.995225493
0.0.9958383,0.009552339389364083,SUCCESS,hbar,0.0.3951117,0.0.4138717@1782760302.000766248
0.0.4570964,1.535831913751032,SUCCESS,hbar,0.0.3951117,0.0.4138717@1782760301.827069220
0.0.4329703,0.1454229090243496,SUCCESS,hbar,0.0.3951117,0.0.4138717@1782760304.556353242
0.0.5060063,0.4782362600158858,SUCCESS,hbar,0.0.3951117,0.0.4138717@1782760306.386446435
0.0.9755401,0.002362887938664964,SUCCESS,hbar,0.0.3951117,0.0.4138717@1782760306.241517017
0.0.9344085,1.256899536074075,SUCCESS,hbar,0.0.3951117,0.0.4138717@1782760303.539259928
0.0.9626972,0.08161973007303923,SUCCESS,hbar,0.0.3951117,0.0.4138717@1782760308.112240537
0.0.7542917,0.03069082734100094,SUCCESS,hbar,0.0.3951117,0.0.4138717@1782760306.537313291
0.0.1115297,0.1631218819733957,SUCCESS,hbar,0.0.3951117,0.0.4138717@1782760309.372609450
0.0.1890696,0.009940227687649527,SUCCESS,hbar,0.0.3951117,0.0.4138717@1782760309.508394237
0.0.8585089,16.88347487405393,SUCCESS,hbar,0.0.3951117,0.0.4138717@1782760310.058793248
0.0.1110198,2.397409380393171,SUCCESS,hbar,0.0.3951117,0.0.4138717@1782760310.257185618
0.0.9125858,2908.116601224711,SUCCESS,hbar,0.0.3951117,0.0.4138717@1782760312.431173167
0.0.1368197,0.4672272112769607,SUCCESS,hbar,0.0.3951117&0.0.3964804,0.0.4138717@1782760310.019719588
0.0.7810768,0.05788547846484507,SUCCESS,hbar,0.0.3951117,0.0.4138717@1782760312.033834063
0.0.1120575,26.87523287597053,SUCCESS,hbar,0.0.3951117&0.0.3964804,0.0.4138717@1782760314.712736746
0.0.9273872,0.002473626756717388,SUCCESS,hbar,0.0.3951117,0.0.4138717@1782760314.997806228
0.0.1515633,0.5735292265659989,SUCCESS,hbar,0.0.3951117,0.0.4138717@1782760315.297048504
0.0.850481,14.44669443792319,SUCCESS,hbar,0.0.3951117,0.0.4138717@1782760316.854676423
0.0.650437,0.09223061591314262,SUCCESS,hbar,0.0.3951117,0.0.4138717@1782760315.896485728
0.0.4555391,0.2875883113723879,SUCCESS,hbar,0.0.3951117,0.0.4138717@1782760317.845601250
0.0.942605,0.1406248319156315,SUCCESS,hbar,0.0.3951117,0.0.4138717@1782760318.218383936
0.0.9359586,0.008401256599272523,SUCCESS,hbar,0.0.3951117,0.0.4138717@1782760320.662655248
0.0.832852,6.219901413486113,SUCCESS,hbar,0.0.3951117,0.0.4138717@1782760320.654328429
0.0.2174015,0.003184062356670266,SUCCESS,hbar,0.0.3951117,0.0.4138717@1782760319.318245223
0.0.9404406,0.006586882990073895,SUCCESS,hbar,0.0.3951117,0.0.4138717@1782760319.752739478
0.0.1758196,0.1309075288449991,SUCCESS,hbar,0.0.3951117,0.0.4138717@1782760322.404713987
0.0.8197583,0.5457239635481905,SUCCESS,hbar,0.0.3964804,0.0.4138717@1782760321.144230873
0.0.10253402,0.5407062798432475,SUCCESS,hbar,0.0.3964804,0.0.4138717@1782760324.689185319
0.0.4375828,0.2012507554507361,SUCCESS,hbar,0.0.3964804,0.0.4138717@1782760325.063104252
0.0.3961176,0.03217257707725745,SUCCESS,hbar,0.0.3964804,0.0.4138717@1782760323.903114668
0.0.1269724,1.198128251364095,SUCCESS,hbar,0.0.3964804,0.0.4138717@1782760322.204319621
0.0.846778,1.507375186879846,SUCCESS,hbar,0.0.3964804,0.0.4138717@1782760325.043909792
0.0.3953598,9.581698415348852,SUCCESS,hbar,0.0.3964804,0.0.4138717@1782760326.966583675
0.0.5326504,0.3189735505881898,SUCCESS,hbar,0.0.3964804,0.0.4138717@1782760325.405182976
0.0.3008234,6.902329980674801,SUCCESS,hbar,0.0.3964804,0.0.4138717@1782760324.078419290
0.0.8085300,0.1033653677739834,SUCCESS,hbar,0.0.3964804,0.0.4138717@1782760328.769954593
0.0.10029552,16.78899536899793,SUCCESS,hbar,0.0.3964804,0.0.4138717@1782760327.084586222
0.0.8042510,0.2211565189620963,SUCCESS,hbar,0.0.3964804,0.0.4138717@1782760327.231000583
0.0.8535071,75.22881169696863,SUCCESS,hbar,0.0.3964804,0.0.4138717@1782760325.735335196
0.0.10612841,0.06811783893657598,SUCCESS,hbar,0.0.3964804,0.0.4138717@1782760327.694800773
0.0.8640197,0.0154474982085497,SUCCESS,hbar,0.0.3964804,0.0.4138717@1782760328.410697552
0.0.1895961,0.004573510625580176,SUCCESS,hbar,0.0.3964804,0.0.4138717@1782760326.879466841
0.0.9162845,1.161083720559071,SUCCESS,hbar,0.0.3964804,0.0.4138717@1782760329.546453097
0.0.10610396,0.1510162391036494,SUCCESS,hbar,0.0.3964804,0.0.4138717@1782760332.453089041
0.0.10608781,22.16088658527947,SUCCESS,hbar,0.0.3964804,0.0.4138717@1782760333.050703356
0.0.3293949,0.0004399807045162433,SUCCESS,hbar,0.0.3964804,0.0.4138717@1782760333.912465153
0.0.5060673,4.806607019859583,SUCCESS,hbar,0.0.3964804,0.0.4138717@1782760333.359920538
0.0.7188749,0.1092362499987848,SUCCESS,hbar,0.0.3964804,0.0.4138717@1782760332.057831955
0.0.6258091,0.4892238030992387,SUCCESS,hbar,0.0.3964804,0.0.4138717@1782760333.204018524
0.0.836080,0.00120066927663792,SUCCESS,hbar,0.0.3964804,0.0.4138717@1782760332.331184178
0.0.2299836,889.0461336802657,SUCCESS,hbar,0.0.3964804,0.0.4138717@1782760332.538640300
0.0.6315303,0.3621855320224263,SUCCESS,hbar,0.0.3964804,0.0.4138717@1782760334.186333132
0.0.6181303,3.864365490312527,SUCCESS,hbar,0.0.3964804,0.0.4138717@1782760335.670032835
0.0.4138268,8.42642699657691,SUCCESS,hbar,0.0.3964804,0.0.4138717@1782760337.845203746
0.0.4766806,3.220270084727595,SUCCESS,hbar,0.0.3964804,0.0.4138717@1782760336.160094336
0.0.9275976,10.2028902527627,SUCCESS,hbar,0.0.3964804,0.0.4138717@1782760336.070000895
0.0.835055,0.000006314049572646547,SUCCESS,hbar,0.0.3964804,0.0.4138717@1782760337.290908162
0.0.1681033,0.0004519483754242632,SUCCESS,hbar,0.0.3964804,0.0.4138717@1782760338.768376639
0.0.3450,0.0002317430767022477,SUCCESS,hbar,0.0.3964804,0.0.4138717@1782760338.996879530
0.0.3828375,8.726628570809682,SUCCESS,hbar,0.0.3964804,0.0.4138717@1782760338.984818614
0.0.4320892,1.818791741780142,SUCCESS,hbar,0.0.3964804,0.0.4138717@1782760338.337490829
0.0.479120,671.492222208225,SUCCESS,hbar,0.0.3964804,0.0.4138717@1782760339.088994765
0.0.9270286,0.0001242682439293211,SUCCESS,hbar,0.0.3964804,0.0.4138717@1782760343.540497983
0.0.9541852,0.278196933825986,SUCCESS,hbar,0.0.3964804,0.0.4138717@1782760342.163846605
0.0.3000378,5.364801640676819,SUCCESS,hbar,0.0.3964804,0.0.4138717@1782760344.879763942
0.0.8197490,25.30553906204551,SUCCESS,hbar,0.0.3964804,0.0.4138717@1782760343.997808443
0.0.8385016,0.1285801572305177,SUCCESS,hbar,0.0.3964804,0.0.4138717@1782760342.119625165
0.0.8198608,0.1572257618816364,SUCCESS,hbar,0.0.3964804,0.0.4138717@1782760342.376201467
0.0.5524338,0.01909763266332126,SUCCESS,hbar,0.0.3964804,0.0.4138717@1782760346.271591064
0.0.1459865,0.6625696304709805,SUCCESS,hbar,0.0.3964804,0.0.4138717@1782760343.045637085
0.0.1365814,0.1208268422866646,SUCCESS,hbar,0.0.3964804,0.0.4138717@1782760347.261860343
0.0.8585468,0.0003597511644175539,SUCCESS,hbar,0.0.3964804,0.0.4138717@1782760347.622204723
0.0.8256574,0.002334439152556259,SUCCESS,hbar,0.0.3964804,0.0.4138717@1782760347.472358423
0.0.8792600,0.00116584534555494,SUCCESS,hbar,0.0.3964804,0.0.4138717@1782760349.189828483
0.0.7788265,0.07219281871247676,SUCCESS,hbar,0.0.3964804,0.0.4138717@1782760346.191765781
0.0.9009997,0.1636541934309645,SUCCESS,hbar,0.0.3964804,0.0.4138717@1782760348.380403729
0.0.8767225,0.1103522932710876,SUCCESS,hbar,0.0.3964804,0.0.4138717@1782760349.506663219
0.0.9065767,0.2983458294612485,SUCCESS,hbar,0.0.3964804,0.0.4138717@1782760351.965043230
0.0.9095016,0.7647160356912058,SUCCESS,hbar,0.0.3964804,0.0.4138717@1782760347.797030435
0.0.7550890,0.04906632012079011,SUCCESS,hbar,0.0.3964804,0.0.4138717@1782760349.191982940
0.0.1090802,0.0283981602702688,SUCCESS,hbar,0.0.3964804,0.0.4138717@1782760353.147402837
0.0.8142528,0.009846676728920882,SUCCESS,hbar,0.0.3964804,0.0.4138717@1782760352.022476358
0.0.689277,3.116455274364704,SUCCESS,hbar,0.0.3964804,0.0.4138717@1782760352.966502924
0.0.53756,1.353050984033957,SUCCESS,hbar,0.0.3964804,0.0.4138717@1782760353.953360434
0.0.7964752,0.001623767049669823,SUCCESS,hbar,0.0.3964804,0.0.4138717@1782760351.919698485
0.0.8175769,0.07405506743395401,SUCCESS,hbar,0.0.3964804,0.0.4138717@1782760351.798484536
0.0.3273594,0.3845885080574695,SUCCESS,hbar,0.0.3964804,0.0.4138717@1782760351.399149286
0.0.8178093,0.03506109538640059,SUCCESS,hbar,0.0.3964804,0.0.4138717@1782760353.583010221
0.0.1906790,0.004440224104628613,SUCCESS,hbar,0.0.3964804,0.0.4138717@1782760356.304895529
0.0.5761971,0.00006107330112124994,SUCCESS,hbar,0.0.3964804,0.0.4138717@1782760353.998744413
0.0.7997139,0.04190342977253994,SUCCESS,hbar,0.0.3964804,0.0.4138717@1782760355.545249102
0.0.8209324,0.2209830151753806,SUCCESS,hbar,0.0.3964804,0.0.4138717@1782760353.946206324
0.0.4867972,0.01294597069748052,SUCCESS,hbar,0.0.3964804,0.0.4138717@1782760357.694206733
0.0.7049977,0.003252756044865964,SUCCESS,hbar,0.0.3964804,0.0.4138717@1782760355.945458666
0.0.2025203,0.03244070913935225,SUCCESS,hbar,0.0.3964804,0.0.4138717@1782760354.562349252
0.0.8414409,0.00628293051347884,SUCCESS,hbar,0.0.3964804,0.0.4138717@1782760359.001818185
0.0.8298814,0.6552978497643875,SUCCESS,hbar,0.0.3964804,0.0.4138717@1782760359.786663152
0.0.8156060,0.04138334802525886,SUCCESS,hbar,0.0.3964804,0.0.4138717@1782760360.125415718
0.0.8323906,6.610462152098036,SUCCESS,hbar,0.0.3964804,0.0.4138717@1782760356.703092446
0.0.8346544,1.180381858733083,SUCCESS,hbar,0.0.3964804,0.0.4138717@1782760359.053754413
0.0.8357708,6.555906953654358,SUCCESS,hbar,0.0.3964804,0.0.4138717@1782760358.137038051
0.0.8357089,0.2478571193881141,SUCCESS,hbar,0.0.3964804,0.0.4138717@1782760358.701144324
0.0.3077609,1.019003500429489,SUCCESS,hbar,0.0.3964804,0.0.4138717@1782760362.582438316
0.0.1714233,0.1124381283595749,SUCCESS,hbar,0.0.3964804,0.0.4138717@1782760358.323096187
0.0.190191,0.03095673810309843,SUCCESS,hbar,0.0.3964804,0.0.4138717@1782760363.406164325
0.0.9367202,0.00074429852709926,SUCCESS,hbar,0.0.3964804,0.0.4138717@1782760363.392195726
0.0.813564,0.0004086118867623302,SUCCESS,hbar,0.0.3964804,0.0.4138717@1782760358.812214547
0.0.6160732,0.02952567548136133,SUCCESS,hbar,0.0.3964804,0.0.4138717@1782760364.361914510
0.0.9146353,0.998920417120451,SUCCESS,hbar,0.0.3964804,0.0.4138717@1782760362.292830829
0.0.9444587,0.791568703524567,SUCCESS,hbar,0.0.3964804,0.0.4138717@1782760364.601004161
0.0.9450539,0.4049033036287083,SUCCESS,hbar,0.0.3964804,0.0.4138717@1782760364.835525152
0.0.1056474,1.624419115439789,SUCCESS,hbar,0.0.3964804,0.0.4138717@1782760366.838464080
0.0.887615,0.004279728951634846,SUCCESS,hbar,0.0.3964804,0.0.4138717@1782760363.138592751
0.0.9364762,0.009664817337526936,SUCCESS,hbar,0.0.3964804,0.0.4138717@1782760362.636294173
0.0.4594903,0.01244678668705588,SUCCESS,hbar,0.0.3964804,0.0.4138717@1782760364.113976102
0.0.8246604,0.0007088114242158406,SUCCESS,hbar,0.0.3964804,0.0.4138717@1782760366.074065953
0.0.8070994,0.6470321261951681,SUCCESS,hbar,0.0.3964804,0.0.4138717@1782760365.542202450
0.0.8080965,0.003935659370402316,SUCCESS,hbar,0.0.3964804,0.0.4138717@1782760367.588002839
0.0.9365757,0.373779999467842,SUCCESS,hbar,0.0.3964804,0.0.4138717@1782760366.539752154
0.0.9590994,4.710362758609559,SUCCESS,hbar,0.0.3964804,0.0.4138717@1782760367.640776413
0.0.9602777,0.007135408086727503,SUCCESS,hbar,0.0.3964804,0.0.4138717@1782760371.096652382
0.0.5805332,0.498905493646684,SUCCESS,hbar,0.0.3964804,0.0.4138717@1782760369.695027753
0.0.9636419,0.1558452560907848,SUCCESS,hbar,0.0.3964804,0.0.4138717@1782760369.543956438
0.0.5012902,0.002842280674003174,SUCCESS,hbar,0.0.3964804,0.0.4138717@1782760369.642527986
0.0.9196038,0.07170887393231075,SUCCESS,hbar,0.0.3964804,0.0.4138717@1782760368.468542532
0.0.958821,6.163495216620707,SUCCESS,hbar,0.0.3964804,0.0.4138717@1782760368.788414500
0.0.9169121,0.1270965969634808,SUCCESS,hbar,0.0.3964804,0.0.4138717@1782760372.452502390
0.0.8392843,0.142854173539612,SUCCESS,hbar,0.0.3964804,0.0.4138717@1782760374.704779696
0.0.9086562,0.001158972869266378,SUCCESS,hbar,0.0.3964804,0.0.4138717@1782760373.473530895
0.0.9177141,0.02009738235833237,SUCCESS,hbar,0.0.3964804,0.0.4138717@1782760373.211341304
0.0.1403937,0.003380604140130119,SUCCESS,hbar,0.0.3964804,0.0.4138717@1782760375.603583075
0.0.1118731,0.005910115955833821,SUCCESS,hbar,0.0.3964804,0.0.4138717@1782760374.265831299
0.0.877394,0.0026445933955586,SUCCESS,hbar,0.0.3964804,0.0.4138717@1782760373.586418380
0.0.1862342,0.1289664209279837,SUCCESS,hbar,0.0.3964804,0.0.4138717@1782760374.366082030
0.0.8113254,0.01245536885871393,SUCCESS,hbar,0.0.3964804,0.0.4138717@1782760375.289632207
0.0.6068301,0.03856321662653175,SUCCESS,hbar,0.0.3964804,0.0.4138717@1782760375.203225565
0.0.4345655,0.2237564003967179,SUCCESS,hbar,0.0.3964804,0.0.4138717@1782760377.139099314
0.0.9275748,0.07514129877846583,SUCCESS,hbar,0.0.3964804,0.0.4138717@1782760375.851342134
0.0.9285770,0.0446390354727416,SUCCESS,hbar,0.0.3964804,0.0.4138717@1782760377.325799290
0.0.8880678,0.00995992889707229,SUCCESS,hbar,0.0.3964804,0.0.4138717@1782760377.526780290
0.0.9318048,0.006397082862595531,SUCCESS,hbar,0.0.3964804,0.0.4138717@1782760377.457728912
0.0.4821795,0.2715922964584973,SUCCESS,hbar,0.0.3964804,0.0.4138717@1782760376.228068869
0.0.6344703,39.91230715472557,SUCCESS,hbar,0.0.3964804,0.0.4138717@1782760377.539765354
0.0.6324031,0.0002733359184439236,SUCCESS,hbar,0.0.3964804,0.0.4138717@1782760380.184419069
0.0.2123622,0.04650801183546281,SUCCESS,hbar,0.0.3964804,0.0.4138717@1782760380.576343776
0.0.4360598,0.01374131741291466,SUCCESS,hbar,0.0.3964804,0.0.4138717@1782760377.758483854
0.0.6674918,0.005219209191651648,SUCCESS,hbar,0.0.3964804,0.0.4138717@1782760379.363127421
0.0.835625,0.02697185655307311,SUCCESS,hbar,0.0.3964804,0.0.4138717@1782760382.178390308
0.0.760653,0.06828651246326303,SUCCESS,hbar,0.0.3964804,0.0.4138717@1782760383.819646929
0.0.6933072,0.1818547726854266,SUCCESS,hbar,0.0.3964804,0.0.4138717@1782760381.553366903
0.0.6232417,0.01788296326782579,SUCCESS,hbar,0.0.3964804,0.0.4138717@1782760380.286369272
0.0.1448239,0.01866593883163086,SUCCESS,hbar,0.0.3964804,0.0.4138717@1782760384.772428820
0.0.2174952,0.09073133257100133,SUCCESS,hbar,0.0.3964804,0.0.4138717@1782760382.080449466
0.0.6612734,0.002732840994411931,SUCCESS,hbar,0.0.3964804,0.0.4138717@1782760384.876550217
0.0.1233065,0.1233806988979329,SUCCESS,hbar,0.0.3964804,0.0.4138717@1782760386.629779386
0.0.4978453,3.038461546480065,SUCCESS,hbar,0.0.3964804,0.0.4138717@1782760385.169409330
0.0.1859919,0.04625798881216541,SUCCESS,hbar,0.0.3964804,0.0.4138717@1782760387.138872221
0.0.7200618,0.006861588684136723,SUCCESS,hbar,0.0.3964804,0.0.4138717@1782760383.304188111
0.0.3159220,0.6216463540436433,SUCCESS,hbar,0.0.3964804,0.0.4138717@1782760383.990513381
0.0.4595460,0.03928306053906582,SUCCESS,hbar,0.0.3964804,0.0.4138717@1782760386.708705493
0.0.4899880,0.02390053037570835,SUCCESS,hbar,0.0.3964804,0.0.4138717@1782760384.306123805
0.0.5437974,0.3633378633923556,SUCCESS,hbar,0.0.3964804,0.0.4138717@1782760385.694652990
0.0.1334605,3.518151885204922,SUCCESS,hbar,0.0.3964804,0.0.4138717@1782760390.307837747
0.0.2030460,6.239494358617578,SUCCESS,hbar,0.0.3964804,0.0.4138717@1782760388.426349159
0.0.5060252,0.008320165105857018,SUCCESS,hbar,0.0.3964804,0.0.4138717@1782760389.924172985
0.0.4322023,0.1855908369041449,SUCCESS,hbar,0.0.3964804,0.0.4138717@1782760387.930986223
0.0.4785387,0.1577508040359912,SUCCESS,hbar,0.0.3964804,0.0.4138717@1782760392.887939860
0.0.1388678,1.587771841554496,SUCCESS,hbar,0.0.3964804,0.0.4138717@1782760390.786989493
0.0.848151,0.117655380356722,SUCCESS,hbar,0.0.3964804,0.0.4138717@1782760393.022837817
0.0.6061106,0.1433375360573542,SUCCESS,hbar,0.0.3964804,0.0.4138717@1782760390.112996843
0.0.4799094,0.03417798356078482,SUCCESS,hbar,0.0.3964804,0.0.4138717@1782760393.484669829
0.0.7610560,0.05416815723492631,SUCCESS,hbar,0.0.3964804,0.0.4138717@1782760394.836166478
0.0.6095958,2.972204269469177,SUCCESS,hbar,0.0.3964804,0.0.4138717@1782760393.214843291
0.0.6058490,0.0102467473037522,SUCCESS,hbar,0.0.3964804,0.0.4138717@1782760393.766589018
0.0.6078189,2.622385259593823,SUCCESS,hbar,0.0.3964804,0.0.4138717@1782760393.138817327
0.0.6247418,0.01767878352533784,SUCCESS,hbar,0.0.3964804,0.0.4138717@1782760394.397442075
0.0.4659519,0.5914798819025419,SUCCESS,hbar,0.0.3964804,0.0.4138717@1782760394.859989948
0.0.3000165,5.074818412187012,SUCCESS,hbar,0.0.3964804,0.0.4138717@1782760398.154218903
0.0.827132,0.3175138935199686,SUCCESS,hbar,0.0.3964804,0.0.4138717@1782760397.744829127
0.0.7912110,0.0001182372358575823,SUCCESS,hbar,0.0.3964804,0.0.4138717@1782760397.226577971
0.0.3947850,0.0001128128468990325,SUCCESS,hbar,0.0.3964804,0.0.4138717@1782760401.142749030
0.0.7910977,0.6540698851448958,SUCCESS,hbar,0.0.3964804,0.0.4138717@1782760400.875241429
0.0.7896816,5.675699211515839,SUCCESS,hbar,0.0.3964804,0.0.4138717@1782760398.168225554
0.0.1481135,0.132869637856034,SUCCESS,hbar,0.0.3964804,0.0.4138717@1782760399.835706900
0.0.7965413,0.0003493750561679169,SUCCESS,hbar,0.0.3964804,0.0.4138717@1782760399.673666084
0.0.8032303,0.02048946610085216,SUCCESS,hbar,0.0.3964804,0.0.4138717@1782760400.218539613
0.0.7746903,0.02960809149669966,SUCCESS,hbar,0.0.3964804,0.0.4138717@1782760404.069894528
0.0.7974195,14.62368997606665,SUCCESS,hbar,0.0.3964804,0.0.4138717@1782760402.166216471
0.0.8056304,0.199564058426937,SUCCESS,hbar,0.0.3964804,0.0.4138717@1782760401.284199421
0.0.5905014,0.1393076737941805,SUCCESS,hbar,0.0.3964804,0.0.4138717@1782760402.912572699
0.0.2006292,0.02083181875906524,SUCCESS,hbar,0.0.3964804,0.0.4138717@1782760401.717959569
0.0.1092596,0.02905999327976895,SUCCESS,hbar,0.0.3964804,0.0.4138717@1782760404.607583507
0.0.8059253,0.5128980729697031,SUCCESS,hbar,0.0.3964804,0.0.4138717@1782760402.317632856
0.0.2477582,0.1171379098310729,SUCCESS,hbar,0.0.3964804,0.0.4138717@1782760406.764615411
0.0.8042105,0.04090507537159961,SUCCESS,hbar,0.0.3964804,0.0.4138717@1782760405.914649608
0.0.7913251,0.02453842822763935,SUCCESS,hbar,0.0.3964804,0.0.4138717@1782760404.335410260
0.0.4746343,0.0006339246846434262,SUCCESS,hbar,0.0.3964804,0.0.4138717@1782760407.106209309
0.0.5007636,0.03512372502231126,SUCCESS,hbar,0.0.3964804,0.0.4138717@1782760406.070922450
0.0.7777028,0.2282380935748408,SUCCESS,hbar,0.0.3964804,0.0.4138717@1782760406.234052726
0.0.7638910,0.0161222910887988,SUCCESS,hbar,0.0.3964804,0.0.4138717@1782760406.202213267
0.0.6256886,0.01606363629438391,SUCCESS,hbar,0.0.3964804,0.0.4138717@1782760406.976505231
0.0.831661,0.9144663114432101,SUCCESS,hbar,0.0.3964804,0.0.4138717@1782760406.264579765
0.0.2557514,0.3549891786494451,SUCCESS,hbar,0.0.3964804,0.0.4138717@1782760410.013086835
0.0.4250725,0.05473769726109332,SUCCESS,hbar,0.0.3964804,0.0.4138717@1782760412.131112946
0.0.3912896,0.06769923931551813,SUCCESS,hbar,0.0.3964804,0.0.4138717@1782760409.023416402
0.0.4752954,0.09564786978184352,SUCCESS,hbar,0.0.3964804,0.0.4138717@1782760412.833706943
0.0.833836,0.8535145209966485,SUCCESS,hbar,0.0.3964804,0.0.4138717@1782760412.794690180
0.0.7607102,0.002661035612202268,SUCCESS,hbar,0.0.3964804,0.0.4138717@1782760410.653472817
0.0.5739319,0.3516067818396919,SUCCESS,hbar,0.0.3964804,0.0.4138717@1782760411.753860217
0.0.7791729,0.0003475651919750806,SUCCESS,hbar,0.0.3964804,0.0.4138717@1782760413.726727593
0.0.7421912,0.01578422594175431,SUCCESS,hbar,0.0.3964804,0.0.4138717@1782760415.311709381
0.0.7570262,0.02874551890116481,SUCCESS,hbar,0.0.3964804,0.0.4138717@1782760416.449886136
0.0.7835479,0.00548757447677805,SUCCESS,hbar,0.0.3964804,0.0.4138717@1782760412.600899445
0.0.1479857,0.4005799020088534,SUCCESS,hbar,0.0.3964804,0.0.4138717@1782760413.466447413
0.0.5042398,0.6021045050759868,SUCCESS,hbar,0.0.3964804,0.0.4138717@1782760414.347886625
0.0.10048918,0.4855057798148223,SUCCESS,hbar,0.0.3964804,0.0.4138717@1782760416.336652115
0.0.9640625,0.006187615542900277,SUCCESS,hbar,0.0.3964804,0.0.4138717@1782760415.627540675
0.0.9707528,187.4814957323194,SUCCESS,hbar,0.0.3964804,0.0.4138717@1782760418.037019763
0.0.9707531,356.0423636734481,SUCCESS,hbar,0.0.3964804,0.0.4138717@1782760419.463751271
0.0.9774219,0.002103240052054205,SUCCESS,hbar,0.0.3964804,0.0.4138717@1782760417.089521885
0.0.8414341,0.0001016617995611859,SUCCESS,hbar,0.0.3964804,0.0.4138717@1782760419.620078002
0.0.1400807,0.3298625410726311,SUCCESS,hbar,0.0.3964804,0.0.4138717@1782760416.937973500
0.0.10035663,0.2034417602283351,SUCCESS,hbar,0.0.3964804,0.0.4138717@1782760421.802011182
0.0.10044419,0.1568532843861656,SUCCESS,hbar,0.0.3964804,0.0.4138717@1782760417.918874342
0.0.10025532,0.03866844073254179,SUCCESS,hbar,0.0.3964804,0.0.4138717@1782760418.709886567
0.0.9593512,0.001443298590646701,SUCCESS,hbar,0.0.3964804,0.0.4138717@1782760419.256444934
0.0.9579116,0.3746118359825397,SUCCESS,hbar,0.0.3964804,0.0.4138717@1782760419.437921217
0.0.1365923,0.006793723203370097,SUCCESS,hbar,0.0.3964804,0.0.4138717@1782760423.032557809
0.0.10007904,0.0007226046048736015,SUCCESS,hbar,0.0.3964804,0.0.4138717@1782760423.055744811
0.0.10035851,6.595382486427235,SUCCESS,hbar,0.0.3964804,0.0.4138717@1782760424.529291565
0.0.10115705,0.0002805833977091289,SUCCESS,hbar,0.0.3964804,0.0.4138717@1782760422.853991302
0.0.10151415,1.438056978106815,SUCCESS,hbar,0.0.3964804,0.0.4138717@1782760423.556575100
0.0.10164472,427.994802423054,SUCCESS,hbar,0.0.3964804,0.0.4138717@1782760426.031416802
0.0.10190094,55.1673783068717,SUCCESS,hbar,0.0.3964804,0.0.4138717@1782760422.252663073
0.0.818498,0.006520862066090791,SUCCESS,hbar,0.0.3964804,0.0.4138717@1782760424.901329675
0.0.3051653,0.8559031914349026,SUCCESS,hbar,0.0.3964804,0.0.4138717@1782760425.585882573
0.0.2216740,71.51018326566614,SUCCESS,hbar,0.0.3964804,0.0.4138717@1782760425.786059044
0.0.8108637,0.00007003652492011537,SUCCESS,hbar,0.0.3964804,0.0.4138717@1782760427.150791036
0.0.8538714,0.2289765504355578,SUCCESS,hbar,0.0.3964804,0.0.4138717@1782760428.178665666
0.0.8548028,0.0001452512161782242,SUCCESS,hbar,0.0.3964804,0.0.4138717@1782760428.803128945
0.0.8241599,0.7964541121745542,SUCCESS,hbar,0.0.3964804,0.0.4138717@1782760427.805447252
0.0.8602366,0.6125488561297472,SUCCESS,hbar,0.0.3964804,0.0.4138717@1782760432.231164382
0.0.8673292,0.6487683401712985,SUCCESS,hbar,0.0.3964804,0.0.4138717@1782760428.614359006
0.0.8383256,0.0002578377237776255,SUCCESS,hbar,0.0.3964804,0.0.4138717@1782760430.286602553
0.0.9034617,0.03109493692214944,SUCCESS,hbar,0.0.3964804,0.0.4138717@1782760430.995049148
0.0.8868403,0.008431836694928923,SUCCESS,hbar,0.0.3964804,0.0.4138717@1782760432.303550223
0.0.3959322,6.535602634062819,SUCCESS,hbar,0.0.3964804,0.0.4138717@1782760432.525065064
0.0.8188301,0.2016895564689976,SUCCESS,hbar,0.0.3964804,0.0.4138717@1782760436.033242752
0.0.9177203,0.002095972329719262,SUCCESS,hbar,0.0.3964804,0.0.4138717@1782760435.725725492
0.0.9144627,0.7273365300243048,SUCCESS,hbar,0.0.3964804,0.0.4138717@1782760434.367978160
0.0.9301506,0.004362715161392016,SUCCESS,hbar,0.0.3964804,0.0.4138717@1782760434.785995270
0.0.9317965,0.1508958105853564,SUCCESS,hbar,0.0.3964804,0.0.4138717@1782760436.587154632
0.0.1703381,0.5834895094794884,SUCCESS,hbar,0.0.3964804,0.0.4138717@1782760434.053677528
0.0.9362153,0.1702583191935059,SUCCESS,hbar,0.0.3964804,0.0.4138717@1782760435.429377216
0.0.1503602,0.1978210995557615,SUCCESS,hbar,0.0.3964804,0.0.4138717@1782760437.255898962
0.0.9425366,3.441411778802025,SUCCESS,hbar,0.0.3964804,0.0.4138717@1782760438.168350585
0.0.10435638,0.102288581749208,SUCCESS,hbar,0.0.3964804,0.0.4138717@1782760436.395990013
0.0.3003013,0.3721518553191652,SUCCESS,hbar,0.0.3964804,0.0.4138717@1782760438.378195259
0.0.10442094,1.886378099795437,SUCCESS,hbar,0.0.3964804,0.0.4138717@1782760439.880516530
0.0.10295710,0.07573929183570735,SUCCESS,hbar,0.0.3964804,0.0.4138717@1782760437.837342820
0.0.10454179,0.1530882440755386,SUCCESS,hbar,0.0.3964804,0.0.4138717@1782760441.981546812
0.0.10456759,5.963581033307681,SUCCESS,hbar,0.0.3964804,0.0.4138717@1782760437.414990267
0.0.10465417,0.3646118417386056,SUCCESS,hbar,0.0.3964804,0.0.4138717@1782760442.047074282
0.0.10237154,1.939569204276634,SUCCESS,hbar,0.0.3964804,0.0.4138717@1782760440.312216224
0.0.5850916,0.2459190594177836,SUCCESS,hbar,0.0.3964804,0.0.4138717@1782760442.629522042
0.0.10422583,0.9697351267107357,SUCCESS,hbar,0.0.3964804,0.0.4138717@1782760443.583056981
0.0.844877,0.9117340181931556,SUCCESS,hbar,0.0.3964804,0.0.4138717@1782760444.843959298
0.0.835034,11.38539880398608,SUCCESS,hbar,0.0.3964804,0.0.4138717@1782760444.184963178
0.0.10495365,1.19930895816215e-7,SUCCESS,hbar,0.0.3964804,0.0.4138717@1782760443.438077016
0.0.10496154,0.0008723692404173937,SUCCESS,hbar,0.0.3964804,0.0.4138717@1782760445.139547925
0.0.10502045,0.7409155895664022,SUCCESS,hbar,0.0.3964804,0.0.4138717@1782760444.013035418
0.0.10506008,0.1843970670129478,SUCCESS,hbar,0.0.3964804,0.0.4138717@1782760444.464733964
0.0.10543839,0.5735189831871101,SUCCESS,hbar,0.0.3964804,0.0.4138717@1782760442.452963322
0.0.10584246,6.921779525114894,SUCCESS,hbar,0.0.3964804,0.0.4138717@1782760447.442076940
0.0.10308209,73.13854697525021,SUCCESS,hbar,0.0.3964804,0.0.4138717@1782760447.587533673
0.0.10248120,0.1063961632042868,SUCCESS,hbar,0.0.3964804,0.0.4138717@1782760448.023034755
0.0.10231452,10.76499107437961,SUCCESS,hbar,0.0.3964804,0.0.4138717@1782760447.848866562
0.0.10244829,0.008555554115537595,SUCCESS,hbar,0.0.3964804,0.0.4138717@1782760450.422994708
0.0.10267166,45.06527091425991,SUCCESS,hbar,0.0.3964804,0.0.4138717@1782760447.858854971
0.0.10267167,0.01885144724768755,SUCCESS,hbar,0.0.3964804,0.0.4138717@1782760446.510161851
0.0.10256319,4.575014955139686,SUCCESS,hbar,0.0.3964804,0.0.4138717@1782760450.405766315
0.0.10277044,1.314988778642871,SUCCESS,hbar,0.0.3964804,0.0.4138717@1782760452.123686100
0.0.1920276,0.7450871970804543,SUCCESS,hbar,0.0.3964804,0.0.4138717@1782760448.857391699
0.0.10303974,0.269825838080235,SUCCESS,hbar,0.0.3964804,0.0.4138717@1782760453.132024951
0.0.10307970,0.0004768718362149832,SUCCESS,hbar,0.0.3964804,0.0.4138717@1782760452.402079284
0.0.8304314,0.03001758419331827,SUCCESS,hbar,0.0.3964804,0.0.4138717@1782760449.893598164
0.0.4157253,1.318952108331387,SUCCESS,hbar,0.0.3964804,0.0.4138717@1782760454.612082205
0.0.10359193,0.3927935604784953,SUCCESS,hbar,0.0.3964804,0.0.4138717@1782760453.018731197
0.0.851469,0.100691876532725,SUCCESS,hbar,0.0.3964804,0.0.4138717@1782760454.025826005
0.0.10371833,15.93167593715562,SUCCESS,hbar,0.0.3964804,0.0.4138717@1782760455.941967582
0.0.10413601,0.8808276892377453,SUCCESS,hbar,0.0.3964804,0.0.4138717@1782760454.160343666
0.0.10420713,0.04759276352639762,SUCCESS,hbar,0.0.3964804,0.0.4138717@1782760454.564967742
0.0.10420709,0.1542523459228965,SUCCESS,hbar,0.0.3964804,0.0.4138717@1782760455.027781703
0.0.10430673,47.2799161655139,SUCCESS,hbar,0.0.3964804,0.0.4138717@1782760456.003413881
0.0.10420688,0.5087071475129994,SUCCESS,hbar,0.0.3964804,0.0.4138717@1782760460.686441578
0.0.1365779,0.1268299475606499,SUCCESS,hbar,0.0.3964804,0.0.4138717@1782760458.052340608
0.0.10093024,0.0997248097357476,SUCCESS,hbar,0.0.3964804,0.0.4138717@1782760459.279048522
0.0.9584885,0.003364895679117963,SUCCESS,hbar,0.0.3964804,0.0.4138717@1782760458.344432253
0.0.1704489,0.000142155515599162,SUCCESS,hbar,0.0.3964804,0.0.4138717@1782760462.938951780
0.0.4749526,14.40241837949823,SUCCESS,hbar,0.0.3964804,0.0.4138717@1782760462.432339885
0.0.10014449,0.01932134446578073,SUCCESS,hbar,0.0.3964804,0.0.4138717@1782760461.131971415
0.0.10157649,2.328496059090246,SUCCESS,hbar,0.0.3964804,0.0.4138717@1782760462.571113718
0.0.9509413,0.01513460293184493,SUCCESS,hbar,0.0.3964804,0.0.4138717@1782760463.116772446
0.0.10219431,0.6824415249635644,SUCCESS,hbar,0.0.3964804,0.0.4138717@1782760461.210299157
0.0.9273022,0.0001510563750295275,SUCCESS,hbar,0.0.3964804,0.0.4138717@1782760463.863100377
0.0.4499088,0.02282297728963866,SUCCESS,hbar,0.0.3964804,0.0.4138717@1782760462.655228454
0.0.816698,3.767260621519427,SUCCESS,hbar,0.0.3964804,0.0.4138717@1782760467.662767436
0.0.10268439,2.084147745466927,SUCCESS,hbar,0.0.3964804,0.0.4138717@1782760464.891695652
0.0.10251800,0.0003042685418419856,SUCCESS,hbar,0.0.3964804,0.0.4138717@1782760466.380891288
0.0.10062632,0.0005226483082810459,SUCCESS,hbar,0.0.3964804,0.0.4138717@1782760466.980257963
0.0.8083839,3.226004058431944,SUCCESS,hbar,0.0.3964804,0.0.4138717@1782760470.223686256
0.0.10489509,3526.460151349821,SUCCESS,hbar,0.0.3964804,0.0.4138717@1782760470.609258833
0.0.10129507,3.706560324161025,SUCCESS,hbar,0.0.3964804,0.0.4138717@1782760466.740883549
0.0.10478184,1216.264740047663,SUCCESS,hbar,0.0.3964804,0.0.4138717@1782760469.497288977
0.0.10541900,0.02240245929467784,SUCCESS,hbar,0.0.3964804,0.0.4138717@1782760467.288628174
0.0.751161,0.7707042428661428,SUCCESS,hbar,0.0.3964804,0.0.4138717@1782760470.128289260
0.0.9720442,0.02676847856016366,SUCCESS,hbar,0.0.3964804,0.0.4138717@1782760472.999439646
0.0.9729389,0.05473769726109332,SUCCESS,hbar,0.0.3964804,0.0.4138717@1782760473.651488024
0.0.9687167,0.1031374232865699,SUCCESS,hbar,0.0.3964804,0.0.4138717@1782760473.819430221
0.0.6320740,0.3399586101032548,SUCCESS,hbar,0.0.3964804,0.0.4138717@1782760470.717829104
0.0.7983506,0.00001539732980091264,SUCCESS,hbar,0.0.3964804,0.0.4138717@1782760472.354556216
0.0.871471,1.28957140032367,SUCCESS,hbar,0.0.3964804,0.0.4138717@1782760474.314051366
0.0.9150527,0.5442211614496969,SUCCESS,hbar,0.0.3964804,0.0.4138717@1782760474.151325999
0.0.9477942,0.007019484606448492,SUCCESS,hbar,0.0.3964804,0.0.4138717@1782760474.345839421
0.0.9973346,0.001608534335247978,SUCCESS,hbar,0.0.3964804,0.0.4138717@1782760474.228303779
0.0.1105845,0.851181167555285,SUCCESS,hbar,0.0.3964804,0.0.4138717@1782760478.978788278
0.0.5922808,0.01449645530616671,SUCCESS,hbar,0.0.3964804,0.0.4138717@1782760474.985561525
0.0.10004246,0.2217759873207586,SUCCESS,hbar,0.0.3964804,0.0.4138717@1782760476.425691923
0.0.4873525,0.02404111543887141,SUCCESS,hbar,0.0.3964804,0.0.4138717@1782760478.423244299
0.0.2963879,0.7684293929876083,SUCCESS,hbar,0.0.3964804,0.0.4138717@1782760478.084731768
0.0.9640903,0.1528148058023082,SUCCESS,hbar,0.0.3964804,0.0.4138717@1782760478.185380165
0.0.1459068,0.01731360760997094,SUCCESS,hbar,0.0.3964804,0.0.4138717@1782760477.423479177
0.0.10072624,0.01559433617436071,SUCCESS,hbar,0.0.3964804,0.0.4138717@1782760478.975843245
0.0.842210,0.04489817872197772,SUCCESS,hbar,0.0.3964804,0.0.4138717@1782760482.166802781
0.0.4372819,0.00774335010255808,SUCCESS,hbar,0.0.3964804,0.0.4138717@1782760481.104184070
0.0.820706,1.96532476089593,SUCCESS,hbar,0.0.3964804,0.0.4138717@1782760483.392480054
0.0.7809201,0.00003697961232929918,SUCCESS,hbar,0.0.3964804,0.0.4138717@1782760483.247562854
0.0.1956746,0.01895843964781001,SUCCESS,hbar,0.0.3964804,0.0.4138717@1782760483.917599835
0.0.5804427,0.09265168366459389,SUCCESS,hbar,0.0.3964804,0.0.4138717@1782760481.976155135
0.0.6334018,0.3429967864340353,SUCCESS,hbar,0.0.3964804,0.0.4138717@1782760485.056526148
0.0.4561752,0.01960142812753373,SUCCESS,hbar,0.0.3964804,0.0.4138717@1782760481.512691141
0.0.5957081,0.1784023656397338,SUCCESS,hbar,0.0.3964804,0.0.4138717@1782760483.974097693
0.0.1114728,0.003389450217128464,SUCCESS,hbar,0.0.3964804,0.0.4138717@1782760484.547202284
0.0.4914022,0.2419029959573735,SUCCESS,hbar,0.0.3964804,0.0.4138717@1782760484.180789190
0.0.590682,0.01133941474368314,SUCCESS,hbar,0.0.3964804,0.0.4138717@1782760485.315825483
0.0.7098838,0.2777171468342745,SUCCESS,hbar,0.0.3964804,0.0.4138717@1782760485.462063112
0.0.5742160,4.458746530170339,SUCCESS,hbar,0.0.3964804,0.0.4138717@1782760487.795493254
0.0.7950871,22.61311476820129,SUCCESS,hbar,0.0.3964804,0.0.4138717@1782760488.808255932
0.0.8002619,0.1224143077260647,SUCCESS,hbar,0.0.3964804,0.0.4138717@1782760485.190617681
0.0.7931472,0.07797364487771603,SUCCESS,hbar,0.0.3964804,0.0.4138717@1782760489.390963567
0.0.8068660,0.002951203655011793,SUCCESS,hbar,0.0.3964804,0.0.4138717@1782760486.051744160
0.0.1181772,0.02461328680211622,SUCCESS,hbar,0.0.3964804,0.0.4138717@1782760489.239224907
0.0.8104363,122.7463767839113,SUCCESS,hbar,0.0.3964804,0.0.4138717@1782760488.489482111
0.0.8115823,0.04627221465730135,SUCCESS,hbar,0.0.3964804,0.0.4138717@1782760488.907958623
0.0.8146497,0.4532939564907467,SUCCESS,hbar,0.0.3964804,0.0.4138717@1782760490.237700732
0.0.8152447,0.2967701520833388,SUCCESS,hbar,0.0.3964804,0.0.4138717@1782760487.345705813
0.0.4712922,0.02329724046865672,SUCCESS,hbar,0.0.3964804,0.0.4138717@1782760491.668608212
0.0.4573495,1279.204108732379,SUCCESS,hbar,0.0.3964804,0.0.4138717@1782760493.712447988
0.0.1024843,0.00001420452534556515,SUCCESS,hbar,0.0.3964804,0.0.4138717@1782760489.602592997
0.0.4571567,0.7351990016059852,SUCCESS,hbar,0.0.3964804,0.0.4138717@1782760494.316924538
0.0.1082201,36.56981550590394,SUCCESS,hbar,0.0.3964804,0.0.4138717@1782760492.941845921
0.0.4552382,0.003871679336474206,SUCCESS,hbar,0.0.3964804,0.0.4138717@1782760492.998665275
0.0.4552309,0.0038718993197198,SUCCESS,hbar,0.0.3964804,0.0.4138717@1782760491.348909317
0.0.4552348,0.004117172723064904,SUCCESS,hbar,0.0.3964804,0.0.4138717@1782760494.032655205
0.0.4558719,0.004530919531951377,SUCCESS,hbar,0.0.3964804,0.0.4138717@1782760493.843874293
0.0.4576074,0.04159569872983342,SUCCESS,hbar,0.0.3964804,0.0.4138717@1782760493.528417468
0.0.4140342,0.1200616167777389,SUCCESS,hbar,0.0.3964804,0.0.4138717@1782760495.642897103
0.0.3012601,0.1413231632741649,SUCCESS,hbar,0.0.3964804,0.0.4138717@1782760498.481471438
0.0.1052080,0.3412510456907047,SUCCESS,hbar,0.0.3964804,0.0.4138717@1782760493.948200409
0.0.683815,0.01927556080244569,SUCCESS,hbar,0.0.3964804,0.0.4138717@1782760498.021390365
0.0.1696471,1.297901821791547,SUCCESS,hbar,0.0.3964804,0.0.4138717@1782760496.116177641
0.0.955353,0.05490246632207459,SUCCESS,hbar,0.0.3964804,0.0.4138717@1782760494.125740728
0.0.937712,6.751287260761016,SUCCESS,hbar,0.0.3964804,0.0.4138717@1782760497.043044966
0.0.857763,0.5608707592844044,SUCCESS,hbar,0.0.3964804,0.0.4138717@1782760495.112273412
0.0.4814986,0.007198204825116966,SUCCESS,hbar,0.0.3964804,0.0.4138717@1782760497.216147339
0.0.1093612,0.1234266196514387,SUCCESS,hbar,0.0.3964804,0.0.4138717@1782760500.897632623
0.0.7312670,0.6199261062522556,SUCCESS,hbar,0.0.3964804,0.0.4138717@1782760501.290194015
0.0.3048811,40.52002541374269,SUCCESS,hbar,0.0.3964804,0.0.4138717@1782760498.514463408
0.0.4314332,2.605941766586347,SUCCESS,hbar,0.0.3964804,0.0.4138717@1782760502.261574175
0.0.6416166,0.43340818118573,SUCCESS,hbar,0.0.3964804,0.0.4138717@1782760503.602558133
0.0.2967389,0.2813081613405896,SUCCESS,hbar,0.0.3964804,0.0.4138717@1782760502.392458598
0.0.6270761,22.64307190473044,SUCCESS,hbar,0.0.3964804,0.0.4138717@1782760501.850177240
0.0.6157135,0.05737647661872985,SUCCESS,hbar,0.0.3964804,0.0.4138717@1782760501.343909377
0.0.6004536,0.03518435241514214,SUCCESS,hbar,0.0.3964804,0.0.4138717@1782760504.043076377
0.0.7450449,0.2613450078607039,SUCCESS,hbar,0.0.3964804,0.0.4138717@1782760505.745483928
0.0.6475509,0.1055265265969056,SUCCESS,hbar,0.0.3964804,0.0.4138717@1782760504.260647527
0.0.662621,0.2631375241324692,SUCCESS,hbar,0.0.3964804,0.0.4138717@1782760503.553003431
0.0.6828202,14.84083239387296,SUCCESS,hbar,0.0.3964804,0.0.4138717@1782760507.337974842
0.0.1124401,1.16246853985874,SUCCESS,hbar,0.0.3964804,0.0.4138717@1782760505.681255372
0.0.4423729,0.6252669589589654,SUCCESS,hbar,0.0.3964804,0.0.4138717@1782760506.789792931
0.0.892270,3.073312963185708,SUCCESS,hbar,0.0.3964804,0.0.4138717@1782760508.374212963
0.0.3687848,0.2635504560418478,SUCCESS,hbar,0.0.3964804,0.0.4138717@1782760507.480930420
0.0.794930,0.03418318429496137,SUCCESS,hbar,0.0.3964804,0.0.4138717@1782760510.464592651
0.0.7631749,0.0007918304259592794,SUCCESS,hbar,0.0.3964804,0.0.4138717@1782760511.028552079
0.0.3872629,0.3109132110503792,SUCCESS,hbar,0.0.3964804,0.0.4138717@1782760511.153450895
0.0.6139137,0.4506272463875647,SUCCESS,hbar,0.0.3964804,0.0.4138717@1782760507.588045513
0.0.4717832,0.1531216480308737,SUCCESS,hbar,0.0.3964804,0.0.4138717@1782760507.951168973
0.0.4358173,1.409392458675359,SUCCESS,hbar,0.0.3964804,0.0.4138717@1782760511.404684628
0.0.3967246,0.2595333377064129,SUCCESS,hbar,0.0.3964804,0.0.4138717@1782760511.468167514
0.0.4965217,0.08636769063256883,SUCCESS,hbar,0.0.3964804,0.0.4138717@1782760513.175601827
0.0.4766862,0.569869816246474,SUCCESS,hbar,0.0.3964804,0.0.4138717@1782760513.304871862
0.0.805713,4.911105515956281,SUCCESS,hbar,0.0.3964804,0.0.4138717@1782760515.923648546
0.0.5068116,0.02464407569743848,SUCCESS,hbar,0.0.3964804,0.0.4138717@1782760515.853713037
0.0.753351,0.1962136907712296,SUCCESS,hbar,0.0.3964804,0.0.4138717@1782760516.371890726
0.0.6154587,3.33795415400244,SUCCESS,hbar,0.0.3964804,0.0.4138717@1782760512.788024537
0.0.6275653,0.008191171957261123,SUCCESS,hbar,0.0.3964804,0.0.4138717@1782760513.398131786
0.0.5957030,0.8439489056902026,SUCCESS,hbar,0.0.3964804,0.0.4138717@1782760512.966833769
0.0.433061,0.01027619493088758,SUCCESS,hbar,0.0.3964804,0.0.4138717@1782760515.343577072
0.0.6306847,0.01755357798828999,SUCCESS,hbar,0.0.3964804,0.0.4138717@1782760518.916107068
0.0.1463629,0.03210306553075521,SUCCESS,hbar,0.0.3964804,0.0.4138717@1782760517.706716008
0.0.4784258,0.1203451559843675,SUCCESS,hbar,0.0.3964804,0.0.4138717@1782760517.607621535
0.0.6852334,0.6714182343826621,SUCCESS,hbar,0.0.3964804,0.0.4138717@1782760520.481611080
0.0.3240624,0.001161969208855492,SUCCESS,hbar,0.0.3964804,0.0.4138717@1782760516.725851312
0.0.1337171,0.5322483661322197,SUCCESS,hbar,0.0.3964804,0.0.4138717@1782760517.416076066
0.0.862835,0.3062703351332428,SUCCESS,hbar,0.0.3964804,0.0.4138717@1782760520.326456377
0.0.7798912,1.382591438789183,SUCCESS,hbar,0.0.3964804,0.0.4138717@1782760519.849065247
0.0.791414,0.2127539055791803,SUCCESS,hbar,0.0.3964804,0.0.4138717@1782760521.724363632
0.0.1746011,1.019058192248195,SUCCESS,hbar,0.0.3964804,0.0.4138717@1782760521.534067650
0.0.4883729,0.2084425475349118,SUCCESS,hbar,0.0.3964804,0.0.4138717@1782760520.512945550
0.0.4312267,3.550271268828167,SUCCESS,hbar,0.0.3964804,0.0.4138717@1782760522.207872903
0.0.4754443,0.03069255028389536,SUCCESS,hbar,0.0.3964804,0.0.4138717@1782760522.117688846
0.0.2150506,0.01992857824634097,SUCCESS,hbar,0.0.3964804,0.0.4138717@1782760523.235912064
0.0.4765612,1.516498815796438,SUCCESS,hbar,0.0.3964804,0.0.4138717@1782760523.449337656
0.0.7937765,0.5574824979731823,SUCCESS,hbar,0.0.3964804,0.0.4138717@1782760524.452843411
0.0.6343911,0.8064054398600567,SUCCESS,hbar,0.0.3964804,0.0.4138717@1782760524.232347714
0.0.7703838,0.005291832016278617,SUCCESS,hbar,0.0.3964804,0.0.4138717@1782760522.526261626
0.0.7961490,0.1014772972238717,SUCCESS,hbar,0.0.3964804,0.0.4138717@1782760524.296117438
0.0.3384906,2.62764378003906,SUCCESS,hbar,0.0.3964804,0.0.4138717@1782760529.446783484
0.0.7965412,0.001873143594809515,SUCCESS,hbar,0.0.3964804,0.0.4138717@1782760527.456232616
0.0.710849,0.01032463635588995,SUCCESS,hbar,0.0.3964804,0.0.4138717@1782760526.051203680
0.0.5112630,0.1942092345339467,SUCCESS,hbar,0.0.3964804,0.0.4138717@1782760529.816102442
0.0.1359581,9.054355050294111,SUCCESS,hbar,0.0.3964804,0.0.4138717@1782760527.001285397
0.0.1524063,2.069541667491879,SUCCESS,hbar,0.0.3964804,0.0.4138717@1782760530.951355199
0.0.7290965,0.3075770180750346,SUCCESS,hbar,0.0.3964804,0.0.4138717@1782760529.888383595
0.0.7662545,0.002736975286560878,SUCCESS,hbar,0.0.3964804,0.0.4138717@1782760532.123369633
0.0.4887338,0.3945402868449336,SUCCESS,hbar,0.0.3964804,0.0.4138717@1782760530.440808044
0.0.146930,408.5570592417032,SUCCESS,hbar,0.0.3964804,0.0.4138717@1782760531.857440620
0.0.496172,0.7027725708753925,SUCCESS,hbar,0.0.3964804,0.0.4138717@1782760530.468530026
0.0.838791,0.6575476447098012,SUCCESS,hbar,0.0.3964804,0.0.4138717@1782760532.023102196
0.0.7710235,0.07751521645224693,SUCCESS,hbar,0.0.3964804,0.0.4138717@1782760535.029774971
0.0.4431727,0.06816685315175429,SUCCESS,hbar,0.0.3964804,0.0.4138717@1782760533.133481415
0.0.4540904,0.4182388264560031,SUCCESS,hbar,0.0.3964804,0.0.4138717@1782760531.500795695
0.0.1486421,1.031072467873588,SUCCESS,hbar,0.0.3964804,0.0.4138717@1782760531.654579711
0.0.3916542,0.01907907336631863,SUCCESS,hbar,0.0.3964804,0.0.4138717@1782760534.262806107
0.0.4566469,0.5727346734808068,SUCCESS,hbar,0.0.3964804,0.0.4138717@1782760535.307138803
0.0.887612,1.113414557189701,SUCCESS,hbar,0.0.3964804,0.0.4138717@1782760535.664393846
0.0.811739,1.351992422568027,SUCCESS,hbar,0.0.3964804,0.0.4138717@1782760537.465217215
0.0.1463093,0.6018564893241474,SUCCESS,hbar,0.0.3964804,0.0.4138717@1782760536.933267260
0.0.4504544,5.200524130254698,SUCCESS,hbar,0.0.3964804,0.0.4138717@1782760537.652272159
0.0.4337383,0.1351300846128793,SUCCESS,hbar,0.0.3964804,0.0.4138717@1782760538.775780213
0.0.2004450,0.03857117011042819,SUCCESS,hbar,0.0.3964804,0.0.4138717@1782760535.358716227
0.0.4319631,0.05927140654734925,SUCCESS,hbar,0.0.3964804,0.0.4138717@1782760537.226592322
0.0.3768895,0.001138696512512952,SUCCESS,hbar,0.0.3964804,0.0.4138717@1782760538.140797449
0.0.4184148,0.2609366027519754,SUCCESS,hbar,0.0.3964804,0.0.4138717@1782760538.551895300
0.0.1313705,0.2184499709356855,SUCCESS,hbar,0.0.3964804,0.0.4138717@1782760541.807030058
0.0.833050,0.03262699807776288,SUCCESS,hbar,0.0.3964804,0.0.4138717@1782760540.264949491
0.0.3872024,1.630829717000083,SUCCESS,hbar,0.0.3964804,0.0.4138717@1782760540.121847965
0.0.1121794,0.1473988740767236,SUCCESS,hbar,0.0.3964804,0.0.4138717@1782760542.456773030
0.0.1350500,0.3176314010419503,SUCCESS,hbar,0.0.3964804,0.0.4138717@1782760541.431181908
0.0.1104374,37.82135773757287,SUCCESS,hbar,0.0.3964804,0.0.4138717@1782760543.530795896
0.0.3945405,0.0003808648754726622,SUCCESS,hbar,0.0.3964804,0.0.4138717@1782760543.475403499
0.0.1048940,0.09093892592643964,SUCCESS,hbar,0.0.3964804,0.0.4138717@1782760539.991160504
0.0.1097802,1.412207864678231,SUCCESS,hbar,0.0.3964804,0.0.4138717@1782760544.089553388
0.0.1018824,4.321301873412877,SUCCESS,hbar,0.0.3964804,0.0.4138717@1782760539.734287080
0.0.3291464,0.01303412267214662,SUCCESS,hbar,0.0.3964804,0.0.4138717@1782760542.733041478
0.0.4337103,0.001348004349235162,SUCCESS,hbar,0.0.3964804,0.0.4138717@1782760541.280237944
0.0.1088670,0.3474152268973681,SUCCESS,hbar,0.0.3964804,0.0.4138717@1782760543.384490504
0.0.4345654,46.78413651118899,SUCCESS,hbar,0.0.3964804,0.0.4138717@1782760546.747134638
0.0.4345412,0.03677053535410061,SUCCESS,hbar,0.0.3964804,0.0.4138717@1782760547.794764895
0.0.4346529,1.67949282632271,SUCCESS,hbar,0.0.3964804,0.0.4138717@1782760547.624496644
0.0.920901,8.95031213414144,SUCCESS,hbar,0.0.3964804,0.0.4138717@1782760544.605660516
0.0.1512214,0.0145239262665874,SUCCESS,hbar,0.0.3964804,0.0.4138717@1782760543.904273119
0.0.1198079,47.2262929159978,SUCCESS,hbar,0.0.3964804,0.0.4138717@1782760547.008247314
0.0.965222,4.232431972413467,SUCCESS,hbar,0.0.3964804,0.0.4138717@1782760549.154593457
0.0.481717,0.1425092595849833,SUCCESS,hbar,0.0.3964804,0.0.4138717@1782760549.151103784
0.0.1088074,9.295395744377103,SUCCESS,hbar,0.0.3964804,0.0.4138717@1782760546.403693751
0.0.837554,3.918183172560654,SUCCESS,hbar,0.0.3964804,0.0.4138717@1782760550.892630796
0.0.1432019,2.123073464702099,SUCCESS,hbar,0.0.3964804,0.0.4138717@1782760548.305621793
0.0.1088394,0.06004325124928717,SUCCESS,hbar,0.0.3964804,0.0.4138717@1782760547.448770303
0.0.1448131,0.162358667566404,SUCCESS,hbar,0.0.3964804,0.0.4138717@1782760548.147708108
0.0.859149,10.19003585688313,SUCCESS,hbar,0.0.3964804,0.0.4138717@1782760550.996569513
0.0.859565,5.595667844717338,SUCCESS,hbar,0.0.3964804,0.0.4138717@1782760550.048506484
0.0.664593,4.27334840574024,SUCCESS,hbar,0.0.3964804,0.0.4138717@1782760548.467714640
0.0.836096,0.2001962630576058,SUCCESS,hbar,0.0.3964804,0.0.4138717@1782760549.523506752
0.0.835670,0.03795405451524034,SUCCESS,hbar,0.0.3964804,0.0.4138717@1782760551.222932560
0.0.1268672,0.00811257828557356,SUCCESS,hbar,0.0.3964804,0.0.4138717@1782760550.407264205
0.0.1877641,0.7284138128350708,SUCCESS,hbar,0.0.3964804,0.0.4138717@1782760555.469594550
0.0.5495538,0.01255537788039358,SUCCESS,hbar,0.0.3964804,0.0.4138717@1782760550.631992765
0.0.1402758,0.5938153491296168,SUCCESS,hbar,0.0.3964804,0.0.4138717@1782760552.591879243
0.0.728698,0.09744774898249117,SUCCESS,hbar,0.0.3964804,0.0.4138717@1782760553.118941721
0.0.4327294,0.01148712539857586,SUCCESS,hbar,0.0.3964804,0.0.4138717@1782760555.306815882
0.0.838198,0.4190280444259652,SUCCESS,hbar,0.0.3964804,0.0.4138717@1782760556.129755170
0.0.5315914,1.181254307683571,SUCCESS,hbar,0.0.3964804,0.0.4138717@1782760556.271147602
0.0.5421455,0.002922352050747751,SUCCESS,hbar,0.0.3964804,0.0.4138717@1782760557.734488056
0.0.4093788,1.324535588576566,SUCCESS,hbar,0.0.3964804,0.0.4138717@1782760556.864812439
0.0.1353334,0.03380947736135905,SUCCESS,hbar,0.0.3964804,0.0.4138717@1782760556.916913242
0.0.4533464,0.09128992813422732,SUCCESS,hbar,0.0.3964804,0.0.4138717@1782760557.540012497
0.0.859649,0.08671834047610293,SUCCESS,hbar,0.0.3964804,0.0.4138717@1782760555.886512173
0.0.5147407,0.2684707062644781,SUCCESS,hbar,0.0.3964804,0.0.4138717@1782760557.327295736
0.0.796454,1.678349211169618,SUCCESS,hbar,0.0.3964804,0.0.4138717@1782760557.318183832
0.0.3937438,0.2067975149635774,SUCCESS,hbar,0.0.3964804,0.0.4138717@1782760561.181793458
0.0.5023507,0.07533437417283317,SUCCESS,hbar,0.0.3964804,0.0.4138717@1782760561.826722992
0.0.4589167,0.01136391842473684,SUCCESS,hbar,0.0.3964804,0.0.4138717@1782760563.431835325
0.0.5698429,0.004618404331025728,SUCCESS,hbar,0.0.3964804,0.0.4138717@1782760560.028467281
0.0.4351736,0.0108149598589021,SUCCESS,hbar,0.0.3964804,0.0.4138717@1782760561.530873115
0.0.4535053,0.7981533826189127,SUCCESS,hbar,0.0.3964804,0.0.4138717@1782760560.992956368
0.0.3023498,0.3245553884565621,SUCCESS,hbar,0.0.3964804,0.0.4138717@1782760562.476180714
0.0.4341116,0.8197929239465918,SUCCESS,hbar,0.0.3964804,0.0.4138717@1782760563.909439797
0.0.4329185,0.6262082701207085,SUCCESS,hbar,0.0.3964804,0.0.4138717@1782760565.436459707
0.0.1440806,0.4823576652082918,SUCCESS,hbar,0.0.3964804,0.0.4138717@1782760563.245677352
0.0.4350498,0.0003927368091473225,SUCCESS,hbar,0.0.3964804,0.0.4138717@1782760566.185827999
0.0.1728462,0.09293055315167682,SUCCESS,hbar,0.0.3964804,0.0.4138717@1782760566.012948101
0.0.4360122,0.1181240389210468,SUCCESS,hbar,0.0.3964804,0.0.4138717@1782760565.494555708
0.0.4368518,0.04686235645730776,SUCCESS,hbar,0.0.3964804,0.0.4138717@1782760565.589602928
0.0.4333378,0.004944556034396608,SUCCESS,hbar,0.0.3964804,0.0.4138717@1782760569.070333867
0.0.4356553,0.01691803495998831,SUCCESS,hbar,0.0.3964804,0.0.4138717@1782760567.821086910
0.0.4758052,0.05566496496758277,SUCCESS,hbar,0.0.3964804,0.0.4138717@1782760567.553364712
0.0.1703452,0.4309582957800671,SUCCESS,hbar,0.0.3964804,0.0.4138717@1782760568.761760331
0.0.3100704,17.89379653062441,SUCCESS,hbar,0.0.3964804,0.0.4138717@1782760570.333825477
0.0.1860252,0.1144164930208065,SUCCESS,hbar,0.0.3964804,0.0.4138717@1782760567.261160904
0.0.2101943,0.0009478999441617905,SUCCESS,hbar,0.0.3964804,0.0.4138717@1782760568.228213799
0.0.732798,0.02850853825736866,SUCCESS,hbar,0.0.3964804,0.0.4138717@1782760568.560228459
0.0.795838,0.02880863680261058,SUCCESS,hbar,0.0.3964804,0.0.4138717@1782760568.681803375
0.0.1357334,0.09063071750516165,SUCCESS,hbar,0.0.3964804,0.0.4138717@1782760572.149774220
0.0.3165925,0.03946401210258958,SUCCESS,hbar,0.0.3964804,0.0.4138717@1782760574.358377195
0.0.10068662,0.0264939780988178,SUCCESS,hbar,0.0.3964804,0.0.4138717@1782760571.090394932
0.0.9695749,1.674450750865412,SUCCESS,hbar,0.0.3964804,0.0.4138717@1782760573.596340450
0.0.1027780,1.085926841231409,SUCCESS,hbar,0.0.3964804,0.0.4138717@1782760571.799411263
0.0.5482082,0.3469591622985884,SUCCESS,hbar,0.0.3964804,0.0.4138717@1782760573.725878423
0.0.7550127,0.1040527267794248,SUCCESS,hbar,0.0.3964804,0.0.4138717@1782760576.702764693
0.0.9317309,0.0002796380074700096,SUCCESS,hbar,0.0.3964804,0.0.4138717@1782760576.063943075
0.0.1043461,28.25695986111777,SUCCESS,hbar,0.0.3964804,0.0.4138717@1782760574.283953402
0.0.3907868,0.002621048796339056,SUCCESS,hbar,0.0.3964804,0.0.4138717@1782760576.108911941
0.0.3161254,3526.460151349821,SUCCESS,hbar,0.0.3964804,0.0.4138717@1782760574.494014196
0.0.6460255,2.290383976532191,SUCCESS,hbar,0.0.3964804,0.0.4138717@1782760578.799476996
0.0.8213249,22.25707805248007,SUCCESS,hbar,0.0.3964804,0.0.4138717@1782760577.237880950
0.0.834767,0.6541849718454457,SUCCESS,hbar,0.0.3964804,0.0.4138717@1782760579.879586259
0.0.4911466,0.004696994940376864,SUCCESS,hbar,0.0.3964804,0.0.4138717@1782760580.412235330
0.0.9690555,0.1416741660618694,SUCCESS,hbar,0.0.3964804,0.0.4138717@1782760580.510318405
0.0.1711144,0.08075188376099102,SUCCESS,hbar,0.0.3964804,0.0.4138717@1782760577.922782641
0.0.1486871,14.67608551044925,SUCCESS,hbar,0.0.3964804,0.0.4138717@1782760579.413819898
0.0.7164995,6.377823101555851,SUCCESS,hbar,0.0.3964804,0.0.4138717@1782760581.260147563
0.0.10056907,0.1117933341562261,SUCCESS,hbar,0.0.3964804,0.0.4138717@1782760582.685561752
0.0.10242536,0.8522622096182838,SUCCESS,hbar,0.0.3964804,0.0.4138717@1782760580.372415135
0.0.1736150,0.6868963047136492,SUCCESS,hbar,0.0.3964804,0.0.4138717@1782760581.017749127
0.0.3681629,3.101689467493258,SUCCESS,hbar,0.0.3964804,0.0.4138717@1782760583.645871515
0.0.6295630,0.02806784085460369,SUCCESS,hbar,0.0.3964804,0.0.4138717@1782760582.826076188
0.0.2017766,0.7496676948861511,SUCCESS,hbar,0.0.3964804,0.0.4138717@1782760585.589382163
0.0.9303899,0.6845226090530796,SUCCESS,hbar,0.0.3964804,0.0.4138717@1782760583.860041970
0.0.966444,1.164372549783356,SUCCESS,hbar,0.0.3964804,0.0.4138717@1782760585.522053112
0.0.9178066,0.005004713461536247,SUCCESS,hbar,0.0.3964804,0.0.4138717@1782760583.482417797
0.0.9404882,0.1807788175286537,SUCCESS,hbar,0.0.3964804,0.0.4138717@1782760586.076147966
0.0.915984,6.806051539593686,SUCCESS,hbar,0.0.3964804,0.0.4138717@1782760586.480544378
0.0.9405888,0.007203785623488015,SUCCESS,hbar,0.0.3964804,0.0.4138717@1782760585.020817042
0.0.10261941,0.5713836360704668,SUCCESS,hbar,0.0.3964804,0.0.4138717@1782760586.105187800
0.0.9477910,1.483976584241608,SUCCESS,hbar,0.0.3964804,0.0.4138717@1782760589.570365419
0.0.9464371,1.281883598574269,SUCCESS,hbar,0.0.3964804,0.0.4138717@1782760587.283165402
0.0.2657839,1.426512005418876,SUCCESS,hbar,0.0.3964804,0.0.4138717@1782760588.661887094
0.0.9226909,0.11669480815361,SUCCESS,hbar,0.0.3964804,0.0.4138717@1782760588.997163069
0.0.1517175,0.4624155862095657,SUCCESS,hbar,0.0.3964804,0.0.4138717@1782760588.771155420
0.0.4154591,1.10895866508958,SUCCESS,hbar,0.0.3964804,0.0.4138717@1782760591.814732901
0.0.1461428,0.8242844426095353,SUCCESS,hbar,0.0.3964804,0.0.4138717@1782760589.289390414
0.0.946029,0.270569266514338,SUCCESS,hbar,0.0.3964804,0.0.4138717@1782760591.735323796
0.0.6258977,0.08100156374427486,SUCCESS,hbar,0.0.3964804,0.0.4138717@1782760590.093666076
0.0.9612822,0.08223781271344102,SUCCESS,hbar,0.0.3964804,0.0.4138717@1782760590.055319774
0.0.1372179,0.05666892316924031,SUCCESS,hbar,0.0.3964804,0.0.4138717@1782760591.031645398
0.0.5029689,1.198379621696269,SUCCESS,hbar,0.0.3964804,0.0.4138717@1782760591.718584839
0.0.4329551,0.3275736632331317,SUCCESS,hbar,0.0.3964804,0.0.4138717@1782760591.708585662
0.0.1415516,2.911192290744089,SUCCESS,hbar,0.0.3964804,0.0.4138717@1782760593.227091325
0.0.5432163,0.01401260269794322,SUCCESS,hbar,0.0.3964804,0.0.4138717@1782760594.416293766
0.0.4345176,0.03145033718158347,SUCCESS,hbar,0.0.3964804,0.0.4138717@1782760596.213993806
0.0.4433604,0.02472074826677978,SUCCESS,hbar,0.0.3964804,0.0.4138717@1782760598.442693775
0.0.2302824,0.0007794549512607809,SUCCESS,hbar,0.0.3964804,0.0.4138717@1782760598.592024206
0.0.435679,10.89880622398716,SUCCESS,hbar,0.0.3964804,0.0.4138717@1782760596.424365901
0.0.834666,2.422295940698711,SUCCESS,hbar,0.0.3964804,0.0.4138717@1782760595.813903884
0.0.5314183,0.1226738562519317,SUCCESS,hbar,0.0.3964804,0.0.4138717@1782760598.560763468
0.0.840487,1.015809958183544,SUCCESS,hbar,0.0.3964804,0.0.4138717@1782760597.007275247
0.0.789990,0.02304894800604961,SUCCESS,hbar,0.0.3964804,0.0.4138717@1782760597.289951123
0.0.4362017,0.5188365408522182,SUCCESS,hbar,0.0.3964804,0.0.4138717@1782760599.159709803
0.0.1046906,0.007988337469915702,SUCCESS,hbar,0.0.3964804,0.0.4138717@1782760599.579750820
0.0.4923529,0.0005765688042121442,SUCCESS,hbar,0.0.3964804,0.0.4138717@1782760602.120884178
0.0.4741573,0.2935399645996395,SUCCESS,hbar,0.0.3964804,0.0.4138717@1782760601.118303777
0.0.1747288,1.256515182739738,SUCCESS,hbar,0.0.3964804,0.0.4138717@1782760603.178818763
0.0.4640278,0.03021791446269351,SUCCESS,hbar,0.0.3964804,0.0.4138717@1782760599.876123977
0.0.3295745,3.153060495981324,SUCCESS,hbar,0.0.3964804,0.0.4138717@1782760603.946219923
0.0.4644030,0.008188894386273122,SUCCESS,hbar,0.0.3964804,0.0.4138717@1782760603.545653288
0.0.10279551,0.1241332826767357,SUCCESS,hbar,0.0.3964804,0.0.4138717@1782760604.059778077
0.0.9796301,0.3587534892774497,SUCCESS,hbar,0.0.3964804,0.0.4138717@1782760604.844148220
0.0.4853191,0.0038917324262101,SUCCESS,hbar,0.0.3964804,0.0.4138717@1782760605.000818760
0.0.10171350,1.79288914784988,SUCCESS,hbar,0.0.3964804,0.0.4138717@1782760605.814518540
0.0.10427913,0.08588297707694088,SUCCESS,hbar,0.0.3964804,0.0.4138717@1782760605.743271460
0.0.560837,11.43113552511982,SUCCESS,hbar,0.0.3964804,0.0.4138717@1782760606.739121982
0.0.1071830,0.5610246493094044,SUCCESS,hbar,0.0.3964804,0.0.4138717@1782760605.187079226
0.0.10491625,2.13833081790638,SUCCESS,hbar,0.0.3964804,0.0.4138717@1782760604.703284672
0.0.1505544,0.00241696625386369,SUCCESS,hbar,0.0.3964804,0.0.4138717@1782760609.190863321
0.0.876236,0.04835041326694779,SUCCESS,hbar,0.0.3964804,0.0.4138717@1782760605.727448453
0.0.7916029,8.8585417870516,SUCCESS,hbar,0.0.3964804,0.0.4138717@1782760605.552051592
0.0.2005484,0.00675258081448576,SUCCESS,hbar,0.0.3964804,0.0.4138717@1782760608.143455033
0.0.4144365,0.623788905933184,SUCCESS,hbar,0.0.3964804,0.0.4138717@1782760607.857103754
0.0.837799,0.4232466189869852,SUCCESS,hbar,0.0.3964804,0.0.4138717@1782760608.254258793
0.0.4340392,0.01752515719564339,SUCCESS,hbar,0.0.3964804,0.0.4138717@1782760610.602430403
0.0.4782567,0.8687308547402347,SUCCESS,hbar,0.0.3964804,0.0.4138717@1782760612.390179442
0.0.4323897,0.004817193187021203,SUCCESS,hbar,0.0.3964804,0.0.4138717@1782760611.216931301
0.0.1369825,44.96156003302456,SUCCESS,hbar,0.0.3964804,0.0.4138717@1782760609.909552244
0.0.844131,0.1719340196748596,SUCCESS,hbar,0.0.3964804,0.0.4138717@1782760614.764517879
0.0.6294131,0.000014996938756522,SUCCESS,hbar,0.0.3964804,0.0.4138717@1782760612.727678058
0.0.7965335,1.063470301435323,SUCCESS,hbar,0.0.3964804,0.0.4138717@1782760615.147401383
0.0.1754370,0.02269623283027935,SUCCESS,hbar,0.0.3964804,0.0.4138717@1782760613.519523554
0.0.8227507,0.2760338648757829,SUCCESS,hbar,0.0.3964804,0.0.4138717@1782760616.600425956
0.0.3241611,0.2310335751704624,SUCCESS,hbar,0.0.3964804,0.0.4138717@1782760617.814243444
0.0.7938061,0.03156184279122255,SUCCESS,hbar,0.0.3964804,0.0.4138717@1782760617.540061143
0.0.8002341,0.1408190389066127,SUCCESS,hbar,0.0.3964804,0.0.4138717@1782760617.767659458
0.0.7166497,0.03843623938952612,SUCCESS,hbar,0.0.3964804,0.0.4138717@1782760618.852432037
0.0.8209705,0.06642837413493186,SUCCESS,hbar,0.0.3964804,0.0.4138717@1782760617.282098928
0.0.7924085,0.01060758000722027,SUCCESS,hbar,0.0.3964804,0.0.4138717@1782760621.762777091
0.0.1404010,0.001191641634283443,SUCCESS,hbar,0.0.3964804,0.0.4138717@1782760619.981247176
0.0.1261132,0.2098324572197156,SUCCESS,hbar,0.0.3964804,0.0.4138717@1782760618.644400489
0.0.7816479,0.01327398523992477,SUCCESS,hbar,0.0.3964804,0.0.4138717@1782760618.543972707
0.0.6148704,0.04323184301579197,SUCCESS,hbar,0.0.3964804,0.0.4138717@1782760618.439174519
0.0.7285744,0.01205532076415423,SUCCESS,hbar,0.0.3964804,0.0.4138717@1782760618.508727877
0.0.4743054,0.0002418767406020199,SUCCESS,hbar,0.0.3964804,0.0.4138717@1782760622.143450258
0.0.7920282,0.003212405849216716,SUCCESS,hbar,0.0.3964804,0.0.4138717@1782760623.779308466
0.0.658160,0.002412057517194132,SUCCESS,hbar,0.0.3964804,0.0.4138717@1782760622.798015527
0.0.4853295,3.223931902200093,SUCCESS,hbar,0.0.3964804,0.0.4138717@1782760621.625250540
0.0.8076778,0.0009556132521993734,SUCCESS,hbar,0.0.3964804,0.0.4138717@1782760625.202910029
0.0.4861986,0.08188805749258198,SUCCESS,hbar,0.0.3964804,0.0.4138717@1782760626.505714344
0.0.838388,14.2326118846272,SUCCESS,hbar,0.0.3964804,0.0.4138717@1782760623.861529608
0.0.2891280,0.4315805098131848,SUCCESS,hbar,0.0.3964804,0.0.4138717@1782760624.201323781
0.0.7732676,7.543501479238178,SUCCESS,hbar,0.0.3964804,0.0.4138717@1782760623.488882966
0.0.4343570,0.1929541276755134,SUCCESS,hbar,0.0.3964804,0.0.4138717@1782760624.938758434
0.0.7865510,17.1984575045802,SUCCESS,hbar,0.0.3964804,0.0.4138717@1782760623.868360231
0.0.4804985,0.09978991965550348,SUCCESS,hbar,0.0.3964804,0.0.4138717@1782760626.480107443
0.0.1673276,1.363084878206457,SUCCESS,hbar,0.0.3964804,0.0.4138717@1782760629.206226195
0.0.7583284,0.1270541391273951,SUCCESS,hbar,0.0.3964804,0.0.4138717@1782760628.492293381
0.0.6313326,4.648373174722753,SUCCESS,hbar,0.0.3964804,0.0.4138717@1782760626.798538123
0.0.9272301,0.3321111744973662,SUCCESS,hbar,0.0.3964804,0.0.4138717@1782760626.249009743
0.0.2964523,12.91968657417215,SUCCESS,hbar,0.0.3964804,0.0.4138717@1782760628.778379247
0.0.8083173,0.2798652510094179,SUCCESS,hbar,0.0.3964804,0.0.4138717@1782760627.046408536
0.0.4388693,0.03127790863532431,SUCCESS,hbar,0.0.3964804,0.0.4138717@1782760631.344301717
0.0.4315395,0.05321158096436222,SUCCESS,hbar,0.0.3964804,0.0.4138717@1782760630.314148247
0.0.8131537,0.2439517529126244,SUCCESS,hbar,0.0.3964804,0.0.4138717@1782760631.318847616
0.0.1467538,0.1523508700087656,SUCCESS,hbar,0.0.3964804,0.0.4138717@1782760628.369126839
0.0.3847179,0.3411538401473297,SUCCESS,hbar,0.0.3964804,0.0.4138717@1782760631.784253716
0.0.981571,0.04073420662384195,SUCCESS,hbar,0.0.3964804,0.0.4138717@1782760631.868288225
0.0.7732467,0.04610304846947016,SUCCESS,hbar,0.0.3964804,0.0.4138717@1782760630.519822754
0.0.9168967,0.05154518628486525,SUCCESS,hbar,0.0.3964804,0.0.4138717@1782760635.167637710
0.0.9104016,0.4947360199690103,SUCCESS,hbar,0.0.3964804,0.0.4138717@1782760631.541766267
0.0.5580759,0.01791658763074077,SUCCESS,hbar,0.0.3964804,0.0.4138717@1782760632.123732840
0.0.9149385,0.04665683200354877,SUCCESS,hbar,0.0.3964804,0.0.4138717@1782760633.993728852
0.0.4795853,0.02640469756120953,SUCCESS,hbar,0.0.3964804,0.0.4138717@1782760633.215999724
0.0.7993090,2.583856892832587,SUCCESS,hbar,0.0.3964804,0.0.4138717@1782760635.549187552
0.0.9201440,0.02424530787476097,SUCCESS,hbar,0.0.3964804,0.0.4138717@1782760636.738034709
0.0.4310363,0.1376486470353758,SUCCESS,hbar,0.0.3964804,0.0.4138717@1782760632.744962978
0.0.8291825,0.7195896819374515,SUCCESS,hbar,0.0.3964804,0.0.4138717@1782760635.678049294
0.0.6094118,0.01080568055637719,SUCCESS,hbar,0.0.3964804,0.0.4138717@1782760638.334003831
0.0.9144684,0.0491786853455934,SUCCESS,hbar,0.0.3964804,0.0.4138717@1782760637.709671926
0.0.8733798,10.56968635463346,SUCCESS,hbar,0.0.3964804,0.0.4138717@1782760637.384622982
0.0.9150672,0.01602587507676324,SUCCESS,hbar,0.0.3964804,0.0.4138717@1782760635.373161227
0.0.2149252,0.00002294176393721176,SUCCESS,hbar,0.0.3964804,0.0.4138717@1782760635.655933794
0.0.9273859,0.03590888182694701,SUCCESS,hbar,0.0.3964804,0.0.4138717@1782760637.078385204
0.0.853379,11.48990007213767,SUCCESS,hbar,0.0.3964804,0.0.4138717@1782760636.775691022
0.0.8903303,0.2705026366908349,FAIL,hbar,0.0.3964804,
0.0.8244642,280.376363985706,SUCCESS,hbar,0.0.3964804,0.0.4138717@1782760638.317455122
0.0.8120693,0.7648700267115409,SUCCESS,hbar,0.0.3964804,0.0.4138717@1782760641.818133175
0.0.4319619,0.061352307008488,SUCCESS,hbar,0.0.3964804,0.0.4138717@1782760640.763163908
0.0.4838474,1.75910897995162,SUCCESS,hbar,0.0.3964804,0.0.4138717@1782760642.752163659
0.0.7550116,0.04484584637658497,SUCCESS,hbar,0.0.3964804,0.0.4138717@1782760640.866828099
0.0.8382708,0.003195264372583942,SUCCESS,hbar,0.0.3964804,0.0.4138717@1782760641.034461936
0.0.8057884,0.3884565905237728,SUCCESS,hbar,0.0.3964804,0.0.4138717@1782760641.136328876
0.0.8352642,0.07617354038906156,SUCCESS,hbar,0.0.3964804,0.0.4138717@1782760641.337599306
0.0.7920736,0.8578699160995942,SUCCESS,hbar,0.0.3964804,0.0.4138717@1782760643.071904920
0.0.919311,66.26740061994029,SUCCESS,hbar,0.0.3964804,0.0.4138717@1782760644.824809705
0.0.840324,0.8397716039910271,SUCCESS,hbar,0.0.3964804,0.0.4138717@1782760642.047206118
0.0.8551680,0.1500186921038584,SUCCESS,hbar,0.0.3964804,0.0.4138717@1782760644.381117807
0.0.5719491,0.03056268961039333,SUCCESS,hbar,0.0.3964804,0.0.4138717@1782760646.897882621
0.0.6045318,0.2062381358481328,SUCCESS,hbar,0.0.3964804,0.0.4138717@1782760644.890570214
0.0.2185671,0.04936863530715822,SUCCESS,hbar,0.0.3964804,0.0.4138717@1782760644.982464969
0.0.1056579,2.872985073096382,SUCCESS,hbar,0.0.3964804,0.0.4138717@1782760644.617935366
0.0.8717466,0.0009518512407687128,SUCCESS,hbar,0.0.3964804,0.0.4138717@1782760645.813720845
0.0.4724806,0.002473135166008992,SUCCESS,hbar,0.0.3964804,0.0.4138717@1782760647.799361766
0.0.3288501,0.02919636074126352,SUCCESS,hbar,0.0.3964804,0.0.4138717@1782760645.398762690
0.0.8514597,2.671832420387115,SUCCESS,hbar,0.0.3964804,0.0.4138717@1782760650.451131755