account,amount,state,token address,pool address,tx id
0.0.4346579,0.001262942887953348,SUCCESS,hbar,0.0.3951117,0.0.4138717@1771896748.543251426
0.0.8068996,0.02496476376911862,SUCCESS,hbar,0.0.3951117&0.0.3964804,0.0.4138717@1771896748.392936345
0.0.4544530,0.1635426041664165,SUCCESS,hbar,0.0.3951117&0.0.3964804,0.0.4138717@1771896746.981965732
0.0.508876,1.829027559984751,SUCCESS,hbar,0.0.3951117,0.0.4138717@1771896748.201640092
0.0.7490874,0.2118316074579893,SUCCESS,hbar,0.0.3951117&0.0.3964804,0.0.4138717@1771896749.325159883
0.0.1414140,140.9260607907245,SUCCESS,hbar,0.0.3951117,0.0.4138717@1771896746.247127279
0.0.4348824,0.01208449575423187,SUCCESS,hbar,0.0.3951117,0.0.4138717@1771896749.859530140
0.0.3706536,0.001693507997287118,SUCCESS,hbar,0.0.3951117,0.0.4138717@1771896747.603047367
0.0.1075892,0.7487164535104418,SUCCESS,hbar,0.0.3951117,0.0.4138717@1771896747.015760984
0.0.5126364,3.092421946418928,SUCCESS,hbar,0.0.3951117,0.0.4138717@1771896749.362472776
0.0.4350041,0.1301204773595594,SUCCESS,hbar,0.0.3951117,0.0.4138717@1771896751.174329921
0.0.104926,0.002709217808473507,SUCCESS,hbar,0.0.3951117,0.0.4138717@1771896750.930021675
0.0.7989790,0.00611506061811563,SUCCESS,hbar,0.0.3951117,0.0.4138717@1771896750.712532510
0.0.1910285,0.0840304341634269,SUCCESS,hbar,0.0.3951117,0.0.4138717@1771896753.873952076
0.0.4322065,0.6999257436452906,SUCCESS,hbar,0.0.3951117,0.0.4138717@1771896755.850822361
0.0.1735540,0.6596442086359897,SUCCESS,hbar,0.0.3951117,0.0.4138717@1771896757.256024262
0.0.6270084,31.83439630170837,SUCCESS,hbar,0.0.3951117&0.0.3964804,0.0.4138717@1771896758.061831731
0.0.1338331,0.2878319002644852,SUCCESS,hbar,0.0.3951117,0.0.4138717@1771896756.401209576
0.0.696790,1.460849949032655,SUCCESS,hbar,0.0.3951117&0.0.3964804,0.0.4138717@1771896755.618343103
0.0.4349304,0.003037725458649186,SUCCESS,hbar,0.0.3951117,0.0.4138717@1771896758.388987171
0.0.1123889,0.3384510083631063,SUCCESS,hbar,0.0.3951117&0.0.3964804,0.0.4138717@1771896758.202453968
0.0.834443,22.29145730003342,SUCCESS,hbar,0.0.3951117,0.0.4138717@1771896759.390294616
0.0.5202236,0.4960116758644351,SUCCESS,hbar,0.0.3951117,0.0.4138717@1771896760.890173860
0.0.4590627,0.7938234266797854,SUCCESS,hbar,0.0.3951117,0.0.4138717@1771896759.914431013
0.0.1281501,6.098028093618553,SUCCESS,hbar,0.0.3951117,0.0.4138717@1771896762.212767078
0.0.4323088,5.942932643589351,SUCCESS,hbar,0.0.3951117&0.0.3964804,0.0.4138717@1771896760.404080446
0.0.4335807,5.578723912504618,SUCCESS,hbar,0.0.3951117,0.0.4138717@1771896764.206997131
0.0.4383878,0.01303104129008838,SUCCESS,hbar,0.0.3951117,0.0.4138717@1771896761.549982682
0.0.4986167,0.1594743407388331,SUCCESS,hbar,0.0.3951117,0.0.4138717@1771896765.351235837
0.0.5281334,0.1591979513170265,SUCCESS,hbar,0.0.3951117,0.0.4138717@1771896767.227386528
0.0.4430933,0.1574030015821936,SUCCESS,hbar,0.0.3951117,0.0.4138717@1771896764.430336353
0.0.5310061,0.5903178580646887,SUCCESS,hbar,0.0.3951117&0.0.3964804,0.0.4138717@1771896767.310174366
0.0.5117832,49.18621639940619,SUCCESS,hbar,0.0.3951117&0.0.3964804,0.0.4138717@1771896765.337126704
0.0.5182107,0.3356328825207474,SUCCESS,hbar,0.0.3951117&0.0.3964804,0.0.4138717@1771896766.100850965
0.0.1711779,0.01582127972512194,SUCCESS,hbar,0.0.3951117,0.0.4138717@1771896767.693225638
0.0.853268,38.22806186281224,SUCCESS,hbar,0.0.3951117,0.0.4138717@1771896768.870071907
0.0.4858736,0.008266274249982497,SUCCESS,hbar,0.0.3951117,0.0.4138717@1771896771.576356484
0.0.662296,40.70819833793786,SUCCESS,hbar,0.0.3951117,0.0.4138717@1771896769.778580803
0.0.3829916,20.6894410096271,SUCCESS,hbar,0.0.3951117,0.0.4138717@1771896770.444180303
0.0.4792831,0.000629712307955619,SUCCESS,hbar,0.0.3951117,0.0.4138717@1771896774.706313923
0.0.4354394,7.657033243636004,SUCCESS,hbar,0.0.3951117,0.0.4138717@1771896773.438011258
0.0.1322785,21.74231558545588,SUCCESS,hbar,0.0.3951117,0.0.4138717@1771896774.399992316
0.0.4338219,1.249534518622183,SUCCESS,hbar,0.0.3951117,0.0.4138717@1771896773.132309275
0.0.1691323,10.54222508806779,SUCCESS,hbar,0.0.3951117,0.0.4138717@1771896772.993641013
0.0.4324463,0.1024430917228826,SUCCESS,hbar,0.0.3951117,0.0.4138717@1771896776.662440998
0.0.1506629,0.09777730769528936,SUCCESS,hbar,0.0.3951117,0.0.4138717@1771896776.796525053
0.0.7129552,10.07928759449258,SUCCESS,hbar,0.0.3951117,0.0.4138717@1771896779.110711752
0.0.795933,1.57619765143583,SUCCESS,hbar,0.0.3951117,0.0.4138717@1771896777.114492421
0.0.5716339,0.001228546203854659,SUCCESS,hbar,0.0.3951117,0.0.4138717@1771896777.052695554
0.0.4324445,0.08454773029974785,SUCCESS,hbar,0.0.3951117&0.0.3964804,0.0.4138717@1771896778.753408180
0.0.4321631,4.088580016714351,SUCCESS,hbar,0.0.3951117&0.0.3964804,0.0.4138717@1771896777.217052829
0.0.1872630,1436.790862284066,SUCCESS,hbar,0.0.3951117&0.0.3964804,0.0.4138717@1771896780.274592448
0.0.4582751,0.1601853779642249,SUCCESS,hbar,0.0.3951117,0.0.4138717@1771896779.996261828
0.0.4606843,0.0479368500798844,SUCCESS,hbar,0.0.3951117,0.0.4138717@1771896779.109312337
0.0.1904506,0.000115973750950366,SUCCESS,hbar,0.0.3951117,0.0.4138717@1771896779.816241383
0.0.1380352,0.2887723684110788,SUCCESS,hbar,0.0.3951117,0.0.4138717@1771896783.680442345
0.0.1458130,0.008013226217573137,SUCCESS,hbar,0.0.3951117,0.0.4138717@1771896781.253596043
0.0.1266990,0.06751381807997733,SUCCESS,hbar,0.0.3951117,0.0.4138717@1771896784.772588478
0.0.5118079,1.067138399163212,SUCCESS,hbar,0.0.3951117&0.0.3964804,0.0.4138717@1771896780.840185143
0.0.5702270,1.68411199244842,SUCCESS,hbar,0.0.3951117,0.0.4138717@1771896781.881678167
0.0.5118232,0.3342424432407325,SUCCESS,hbar,0.0.3951117&0.0.3964804,0.0.4138717@1771896785.148280073
0.0.5118190,0.6616228854645146,SUCCESS,hbar,0.0.3951117&0.0.3964804,0.0.4138717@1771896785.818137276
0.0.5156210,0.00163344385964083,SUCCESS,hbar,0.0.3951117&0.0.3964804,0.0.4138717@1771896784.467338444
0.0.5119346,3.365773772596701,SUCCESS,hbar,0.0.3951117&0.0.3964804,0.0.4138717@1771896785.985850071
0.0.841339,1.577549169543876,SUCCESS,hbar,0.0.3951117,0.0.4138717@1771896785.041492231
0.0.5028724,0.001088517329373203,SUCCESS,hbar,0.0.3951117,0.0.4138717@1771896785.819570161
0.0.9404406,0.00668539016477348,SUCCESS,hbar,0.0.3951117,0.0.4138717@1771896786.394115185
0.0.1096261,0.1247203219806662,SUCCESS,hbar,0.0.3951117,0.0.4138717@1771896787.242940505
0.0.9626972,0.08284035734414141,SUCCESS,hbar,0.0.3951117,0.0.4138717@1771896786.228387202
0.0.7542917,0.0311498102461342,SUCCESS,hbar,0.0.3951117,0.0.4138717@1771896786.313274016
0.0.1115297,0.1655613781279659,SUCCESS,hbar,0.0.3951117,0.0.4138717@1771896786.907813074
0.0.9364762,0.6856907971648222,SUCCESS,hbar,0.0.3951117&0.0.3964804,0.0.4138717@1771896790.062055897
0.0.8585089,17.13596811121358,SUCCESS,hbar,0.0.3951117,0.0.4138717@1771896787.878905172
0.0.650437,0.09360992952902182,SUCCESS,hbar,0.0.3951117,0.0.4138717@1771896790.352017958
0.0.1110198,2.43326276127406,SUCCESS,hbar,0.0.3951117,0.0.4138717@1771896788.646583121
0.0.9755401,0.002346694805428029,SUCCESS,hbar,0.0.3951117,0.0.4138717@1771896791.649525813
0.0.832852,6.312920359788361,SUCCESS,hbar,0.0.3951117,0.0.4138717@1771896790.989453520
0.0.9359586,0.008526897824836822,SUCCESS,hbar,0.0.3951117,0.0.4138717@1771896794.269770453
0.0.4555391,0.2918892093954177,SUCCESS,hbar,0.0.3951117,0.0.4138717@1771896792.777111643
0.0.1758196,0.132865257687741,SUCCESS,hbar,0.0.3951117,0.0.4138717@1771896790.727168640
0.0.850481,14.66274549803364,SUCCESS,hbar,0.0.3951117,0.0.4138717@1771896791.654653788
0.0.1265153,0.001280782133247365,SUCCESS,hbar,0.0.3951117,0.0.4138717@1771896791.549454412
0.0.2773436,33.92546183302392,SUCCESS,hbar,0.0.3951117&0.0.3964804,0.0.4138717@1771896793.005796282
0.0.1515633,0.5821063857172744,SUCCESS,hbar,0.0.3951117,0.0.4138717@1771896794.391081731
0.0.836838,1132.944673639073,SUCCESS,hbar,0.0.3951117,0.0.4138717@1771896795.225584220
0.0.4570964,1.55880035920014,SUCCESS,hbar,0.0.3951117,0.0.4138717@1771896797.758474092
0.0.8378072,0.05250964806337172,SUCCESS,hbar,0.0.3951117,0.0.4138717@1771896794.621626032
0.0.9958383,0.009695195117397635,SUCCESS,hbar,0.0.3951117,0.0.4138717@1771896799.096320450
0.0.9723151,0.000641691811732315,SUCCESS,hbar,0.0.3951117,0.0.4138717@1771896799.120711548
0.0.10031117,0.0988054673169828,SUCCESS,hbar,0.0.3951117,0.0.4138717@1771896795.483443472
0.0.10043707,0.005459137852841735,SUCCESS,hbar,0.0.3951117,0.0.4138717@1771896796.892592419
0.0.10031118,1.317796224534077,SUCCESS,hbar,0.0.3951117,0.0.4138717@1771896797.567786268
0.0.10230141,1.825048192671226,SUCCESS,hbar,0.0.3951117,0.0.4138717@1771896799.890620456
0.0.1157855,0.1326304945806572,SUCCESS,hbar,0.0.3951117,0.0.4138717@1771896797.836086522
0.0.10204776,0.4428810971666859,SUCCESS,hbar,0.0.3951117,0.0.4138717@1771896802.709095172
0.0.1340164,6.652561665900151,SUCCESS,hbar,0.0.3951117,0.0.4138717@1771896802.200280826
0.0.735239,0.0000152272789082064,SUCCESS,hbar,0.0.3951117,0.0.4138717@1771896801.775336206
0.0.10169145,0.01802303121245082,SUCCESS,hbar,0.0.3951117,0.0.4138717@1771896800.551042339
0.0.9302147,1.478512453077604,SUCCESS,hbar,0.0.3951117,0.0.4138717@1771896803.662363547
0.0.2137668,6.380056092906634,SUCCESS,hbar,0.0.3951117&0.0.3964804,0.0.4138717@1771896802.842911279
0.0.9112426,0.05328509215299448,SUCCESS,hbar,0.0.3951117&0.0.3964804,0.0.4138717@1771896805.856402905
0.0.819461,0.07021268128336679,SUCCESS,hbar,0.0.3951117,0.0.4138717@1771896804.594130584
0.0.1412849,0.048721630132053,SUCCESS,hbar,0.0.3951117,0.0.4138717@1771896804.228693330
0.0.8684349,83.45024672081928,SUCCESS,hbar,0.0.3951117,0.0.4138717@1771896804.235318247
0.0.2174139,0.1178631167860854,SUCCESS,hbar,0.0.3951117&0.0.3964804,0.0.4138717@1771896804.916367902
0.0.1261552,0.1796908223261975,SUCCESS,hbar,0.0.3951117&0.0.3964804,0.0.4138717@1771896805.644921234
0.0.8490555,0.3105039595788713,SUCCESS,hbar,0.0.3951117,0.0.4138717@1771896805.373170828
0.0.4205604,0.4879167833755212,SUCCESS,hbar,0.0.3951117,0.0.4138717@1771896808.344271287
0.0.925802,1.086813664196044,SUCCESS,hbar,0.0.3951117,0.0.4138717@1771896805.499064329
0.0.639876,0.02822797445420244,SUCCESS,hbar,0.0.3951117,0.0.4138717@1771896809.858727960
0.0.8260017,0.02767464264799351,SUCCESS,hbar,0.0.3951117&0.0.3964804,0.0.4138717@1771896808.140953533
0.0.4329215,0.0300171780907348,SUCCESS,hbar,0.0.3951117&0.0.3964804,0.0.4138717@1771896811.268642292
0.0.854331,0.01878593025760974,SUCCESS,hbar,0.0.3951117,0.0.4138717@1771896808.860201122
0.0.8212757,0.3681550501929732,SUCCESS,hbar,0.0.3951117,0.0.4138717@1771896807.856125653
0.0.4333286,0.04440517855708961,SUCCESS,hbar,0.0.3951117,0.0.4138717@1771896808.721884250
0.0.1453803,0.4452357003872781,SUCCESS,hbar,0.0.3951117,0.0.4138717@1771896812.020267056
0.0.819005,1.54401289899375,SUCCESS,hbar,0.0.3951117,0.0.4138717@1771896809.493114245
0.0.2116956,0.201694543948334,SUCCESS,hbar,0.0.3951117,0.0.4138717@1771896810.406028153
0.0.1707146,0.1953412533342046,SUCCESS,hbar,0.0.3951117,0.0.4138717@1771896812.424752636
0.0.3947779,97.72534258739094,SUCCESS,hbar,0.0.3951117,0.0.4138717@1771896812.476577828
0.0.9125858,3278.164179921068,SUCCESS,hbar,0.0.3951117&0.0.3964804,0.0.4138717@1771896811.627062251
0.0.832624,0.0005433627805415838,SUCCESS,hbar,0.0.3951117&0.0.3964804,0.0.4138717@1771896815.311064333
0.0.1368197,0.4050618899506149,SUCCESS,hbar,0.0.3951117&0.0.3964804,0.0.4138717@1771896813.944569360
0.0.1288450,0.4120599823374678,SUCCESS,hbar,0.0.3951117,0.0.4138717@1771896815.688053138
0.0.1724832,0.0811142506461885,SUCCESS,hbar,0.0.3951117,0.0.4138717@1771896816.306088781
0.0.7810768,0.05875115877954052,SUCCESS,hbar,0.0.3951117,0.0.4138717@1771896816.189824535
0.0.3845966,0.1675054202799357,SUCCESS,hbar,0.0.3951117&0.0.3964804,0.0.4138717@1771896813.738988136
0.0.1120575,18.53442595642484,SUCCESS,hbar,0.0.3951117&0.0.3964804,0.0.4138717@1771896815.172418785
0.0.1290358,7.557857946482384,SUCCESS,hbar,0.0.3951117,0.0.4138717@1771896816.449522667
0.0.860438,0.2606949827404,SUCCESS,hbar,0.0.3951117&0.0.3964804,0.0.4138717@1771896815.276533805
0.0.9273872,0.002510619972390507,SUCCESS,hbar,0.0.3951117,0.0.4138717@1771896816.553992457
0.0.834820,3.019939302566864,SUCCESS,hbar,0.0.3951117&0.0.3964804,0.0.4138717@1771896819.928540591
0.0.1506598,1.052528500555936,SUCCESS,hbar,0.0.3951117,0.0.4138717@1771896817.483019729
0.0.6872459,198.747475128129,SUCCESS,hbar,0.0.3951117,0.0.4138717@1771896820.655620632
0.0.4551977,0.0744738245209698,SUCCESS,hbar,0.0.3951117,0.0.4138717@1771896821.893257194
0.0.657648,43.90779447280563,SUCCESS,hbar,0.0.3951117,0.0.4138717@1771896818.627007322
0.0.4766933,13.82550589034577,SUCCESS,hbar,0.0.3951117,0.0.4138717@1771896822.459211223
0.0.1110477,7.56928068783517,SUCCESS,hbar,0.0.3951117,0.0.4138717@1771896819.715438185
0.0.9200436,0.3077540701358047,SUCCESS,hbar,0.0.3951117,0.0.4138717@1771896820.736182641
0.0.1490591,10.29509972552156,SUCCESS,hbar,0.0.3951117&0.0.3964804,0.0.4138717@1771896819.525743680
0.0.7891604,6.186867525186281,SUCCESS,hbar,0.0.3951117,0.0.4138717@1771896824.322775529
0.0.9301583,15.84425459103358,SUCCESS,hbar,0.0.3951117,0.0.4138717@1771896823.876973716
0.0.9195929,4.850234408322496,SUCCESS,hbar,0.0.3951117&0.0.3964804,0.0.4138717@1771896823.692007444
0.0.4559340,0.09023670488480448,SUCCESS,hbar,0.0.3951117,0.0.4138717@1771896825.084376979
0.0.9120392,0.2976113956514643,SUCCESS,hbar,0.0.3951117&0.0.3964804,0.0.4138717@1771896823.006147414
0.0.7798148,2.131641370835928,SUCCESS,hbar,0.0.3951117,0.0.4138717@1771896826.432983333
0.0.7843482,0.7812250359734962,SUCCESS,hbar,0.0.3951117&0.0.3964804,0.0.4138717@1771896824.392972250
0.0.3310398,0.08444685850189809,SUCCESS,hbar,0.0.3951117&0.0.3964804,0.0.4138717@1771896825.290330403
0.0.1896081,0.2143334473718072,SUCCESS,hbar,0.0.3951117&0.0.3964804,0.0.4138717@1771896827.744620762
0.0.8899262,1.948341526006403,SUCCESS,hbar,0.0.3951117,0.0.4138717@1771896825.592762736
0.0.1726157,2.915179447560064,SUCCESS,hbar,0.0.3951117&0.0.3964804,0.0.4138717@1771896825.648897909
0.0.2183535,8.696256647313199,SUCCESS,hbar,0.0.3951117,0.0.4138717@1771896827.701375500
0.0.4229805,0.4310022690579266,SUCCESS,hbar,0.0.3951117,0.0.4138717@1771896830.555917758
0.0.5078033,1.55867052360984,SUCCESS,hbar,0.0.3951117,0.0.4138717@1771896829.263046494
0.0.4351536,0.790555183855906,SUCCESS,hbar,0.0.3951117,0.0.4138717@1771896829.562979616
0.0.7479340,0.6735367916564964,SUCCESS,hbar,0.0.3951117&0.0.3964804,0.0.4138717@1771896832.031173323
0.0.844585,6.247003663717396,SUCCESS,hbar,0.0.3951117&0.0.3964804,0.0.4138717@1771896829.892333737
0.0.1340928,14.12473433308673,SUCCESS,hbar,0.0.3951117,0.0.4138717@1771896832.251467295
0.0.9318600,84.15827062702817,SUCCESS,hbar,0.0.3951117,0.0.4138717@1771896831.521541092
0.0.7138336,0.01041820085409901,SUCCESS,hbar,0.0.3951117,0.0.4138717@1771896830.249897234
0.0.9154738,0.7915508190584682,SUCCESS,hbar,0.0.3951117&0.0.3964804,0.0.4138717@1771896833.536255381
0.0.7262531,0.008614798631310183,SUCCESS,hbar,0.0.3951117&0.0.3964804,0.0.4138717@1771896830.838032023
0.0.6781119,1.220520749683223,SUCCESS,hbar,0.0.3951117&0.0.3964804,0.0.4138717@1771896834.559903658
0.0.2994397,1.043794714436395,SUCCESS,hbar,0.0.3951117,0.0.4138717@1771896835.461273437
0.0.6026305,0.1630760931881519,SUCCESS,hbar,0.0.3951117,0.0.4138717@1771896836.334626544
0.0.4531253,0.03173347837429109,SUCCESS,hbar,0.0.3951117&0.0.3964804,0.0.4138717@1771896835.324084743
0.0.6844094,0.220825864793543,SUCCESS,hbar,0.0.3951117,0.0.4138717@1771896837.317904901
0.0.8190429,0.7727683554623921,SUCCESS,hbar,0.0.3951117,0.0.4138717@1771896836.006521844
0.0.2960169,0.4977695474732429,SUCCESS,hbar,0.0.3951117,0.0.4138717@1771896835.920949666
0.0.1379217,2.831620068986595,SUCCESS,hbar,0.0.3951117,0.0.4138717@1771896838.193821207
0.0.6258771,2.269764419008183,SUCCESS,hbar,0.0.3951117,0.0.4138717@1771896836.991961563
0.0.4339505,65.779716149217,SUCCESS,hbar,0.0.3951117&0.0.3964804,0.0.4138717@1771896837.684932488
0.0.7889838,2.768431980008565,SUCCESS,hbar,0.0.3951117,0.0.4138717@1771896836.806133441
0.0.8531519,2.070924802167205,SUCCESS,hbar,0.0.3951117,0.0.4138717@1771896837.654679075
0.0.7991960,0.9837539807025141,SUCCESS,hbar,0.0.3951117&0.0.3964804,0.0.4138717@1771896840.924756577
0.0.8068689,4.015779010774316,SUCCESS,hbar,0.0.3951117&0.0.3964804,0.0.4138717@1771896840.021186325
0.0.1991961,15.61700708216966,SUCCESS,hbar,0.0.3951117,0.0.4138717@1771896840.433254334
0.0.1601282,0.05973495139076895,SUCCESS,hbar,0.0.3951117,0.0.4138717@1771896838.406638503
0.0.2125030,28.16622540211163,SUCCESS,hbar,0.0.3951117,0.0.4138717@1771896841.441957693
0.0.2122027,2.070644273259734,SUCCESS,hbar,0.0.3951117&0.0.3964804,0.0.4138717@1771896840.312249501
0.0.856667,4.978055241801743,SUCCESS,hbar,0.0.3951117&0.0.3964804,0.0.4138717@1771896842.158122462
0.0.8673695,0.204553917434377,SUCCESS,hbar,0.0.3951117&0.0.3964804,0.0.4138717@1771896841.747683506
0.0.525256,8.26550859671856,SUCCESS,hbar,0.0.3951117,0.0.4138717@1771896843.111565687
0.0.4912200,53.90705388651113,SUCCESS,hbar,0.0.3951117,0.0.4138717@1771896845.029475789
0.0.4302086,0.09620622300644598,SUCCESS,hbar,0.0.3951117,0.0.4138717@1771896844.480042277
0.0.9104463,4.838895412770324,SUCCESS,hbar,0.0.3951117&0.0.3964804,0.0.4138717@1771896846.963480918
0.0.4342759,14.74030788492488,SUCCESS,hbar,0.0.3951117,0.0.4138717@1771896846.670911505
0.0.598828,0.01573154959155245,SUCCESS,hbar,0.0.3951117&0.0.3964804,0.0.4138717@1771896842.942979775
0.0.8616856,31.71446693356845,SUCCESS,hbar,0.0.3951117&0.0.3964804,0.0.4138717@1771896847.733065133
0.0.4864609,0.08074548134188154,SUCCESS,hbar,0.0.3951117,0.0.4138717@1771896847.133992441
0.0.7788937,0.01502565861512793,SUCCESS,hbar,0.0.3951117,0.0.4138717@1771896848.274839377
0.0.1877739,0.08430375904337971,SUCCESS,hbar,0.0.3951117,0.0.4138717@1771896846.265715114
0.0.4347838,1.922282944899448,SUCCESS,hbar,0.0.3951117,0.0.4138717@1771896846.957820904
0.0.4709377,10.49485393300134,SUCCESS,hbar,0.0.3951117,0.0.4138717@1771896850.865558028
0.0.9150357,3.060932093451518,SUCCESS,hbar,0.0.3951117,0.0.4138717@1771896847.002120791
0.0.4503599,1.061826180900737,SUCCESS,hbar,0.0.3951117,0.0.4138717@1771896850.217376414
0.0.7526203,0.7453301095419244,SUCCESS,hbar,0.0.3951117&0.0.3964804,0.0.4138717@1771896850.033977790
0.0.7835270,4.422462228265075,SUCCESS,hbar,0.0.3951117,0.0.4138717@1771896850.572306091
0.0.4433722,0.01305802502913906,SUCCESS,hbar,0.0.3951117,0.0.4138717@1771896849.806607836
0.0.490092,0.02452661957792393,SUCCESS,hbar,0.0.3951117,0.0.4138717@1771896848.490512434
0.0.516971,2.82215151666e-8,SUCCESS,hbar,0.0.3951117,0.0.4138717@1771896848.344186851
0.0.4432149,0.2557616972267012,SUCCESS,hbar,0.0.3951117,0.0.4138717@1771896849.653471524
0.0.4575306,0.0008176382371308816,SUCCESS,hbar,0.0.3951117,0.0.4138717@1771896854.719340477
0.0.4732964,0.1019530630378262,SUCCESS,hbar,0.0.3951117,0.0.4138717@1771896851.228668135
0.0.3969243,0.02419853470392825,SUCCESS,hbar,0.0.3951117,0.0.4138717@1771896851.769968438
0.0.1508462,6.231336527574335,SUCCESS,hbar,0.0.3951117,0.0.4138717@1771896856.096545738
0.0.5975196,0.134370941538717,SUCCESS,hbar,0.0.3951117,0.0.4138717@1771896852.858870566
0.0.3872466,0.0231439656040842,SUCCESS,hbar,0.0.3951117,0.0.4138717@1771896856.723888647
0.0.4329852,18.12101055216349,SUCCESS,hbar,0.0.3951117&0.0.3964804,0.0.4138717@1771896854.148789011
0.0.4591423,0.009905357625418698,SUCCESS,hbar,0.0.3951117,0.0.4138717@1771896854.047379461
0.0.3681428,74.50273103403764,SUCCESS,hbar,0.0.3951117&0.0.3964804,0.0.4138717@1771896857.453952971
0.0.3925109,0.0000084591751883877,SUCCESS,hbar,0.0.3951117,0.0.4138717@1771896856.331475987
0.0.4318411,4.506085985438004,SUCCESS,hbar,0.0.3951117,0.0.4138717@1771896856.764170732
0.0.5976303,0.3453765081656119,SUCCESS,hbar,0.0.3951117&0.0.3964804,0.0.4138717@1771896856.995338235
0.0.9597272,0.7241199066567428,SUCCESS,hbar,0.0.3951117,0.0.4138717@1771896860.883042079
0.0.4558891,3.292538091143284,SUCCESS,hbar,0.0.3951117,0.0.4138717@1771896858.234884146
0.0.1052080,15.14616293050418,SUCCESS,hbar,0.0.3951117&0.0.3964804,0.0.4138717@1771896859.001896732
0.0.2930231,0.2711220723398542,SUCCESS,hbar,0.0.3951117&0.0.3964804,0.0.4138717@1771896862.472085387
0.0.4331665,0.2279825512821556,SUCCESS,hbar,0.0.3951117,0.0.4138717@1771896859.544581333
0.0.4968045,2.330823866716854,SUCCESS,hbar,0.0.3951117,0.0.4138717@1771896863.277156433
0.0.1512938,0.0001375001290550916,SUCCESS,hbar,0.0.3951117,0.0.4138717@1771896863.933511005
0.0.4322002,0.3583692338029285,SUCCESS,hbar,0.0.3951117,0.0.4138717@1771896860.527550545
0.0.3868695,3.039140298858531,SUCCESS,hbar,0.0.3951117,0.0.4138717@1771896861.864994547
0.0.4938729,1.240980441895937,SUCCESS,hbar,0.0.3951117,0.0.4138717@1771896863.180271939
0.0.4339712,0.065235984184687,SUCCESS,hbar,0.0.3951117,0.0.4138717@1771896863.261564514
0.0.4817549,0.8802023793192046,SUCCESS,hbar,0.0.3951117&0.0.3964804,0.0.4138717@1771896863.105658600
0.0.1784251,0.008005830945230503,SUCCESS,hbar,0.0.3951117&0.0.3964804,0.0.4138717@1771896862.672602601
0.0.4340758,0.4678092468114663,SUCCESS,hbar,0.0.3951117&0.0.3964804,0.0.4138717@1771896868.369105555
0.0.4695027,0.2979303004887928,SUCCESS,hbar,0.0.3951117,0.0.4138717@1771896867.347825234
0.0.4745055,0.001193308732540846,SUCCESS,hbar,0.0.3951117,0.0.4138717@1771896869.808160326
0.0.835242,0.007360416011769692,SUCCESS,hbar,0.0.3951117,0.0.4138717@1771896868.426864728
0.0.4923080,0.119403326778723,SUCCESS,hbar,0.0.3951117,0.0.4138717@1771896867.064906083
0.0.6374996,6.529162216015931,SUCCESS,hbar,0.0.3951117,0.0.4138717@1771896867.264607502
0.0.3242760,17.11702793653703,SUCCESS,hbar,0.0.3951117&0.0.3964804,0.0.4138717@1771896869.053792048
0.0.10064213,0.4850930774316924,SUCCESS,hbar,0.0.3951117&0.0.3964804,0.0.4138717@1771896868.827472954
0.0.5797983,0.08285222604299232,SUCCESS,hbar,0.0.3951117&0.0.3964804,0.0.4138717@1771896870.875144004
0.0.6244791,0.9025264601329558,SUCCESS,hbar,0.0.3951117,0.0.4138717@1771896873.181538263
0.0.4349716,0.4067964784354143,SUCCESS,hbar,0.0.3951117&0.0.3964804,0.0.4138717@1771896871.678689993
0.0.8341357,0.1025445272546113,SUCCESS,hbar,0.0.3951117&0.0.3964804,0.0.4138717@1771896869.704679479
0.0.6313910,87.9116855282422,SUCCESS,hbar,0.0.3951117&0.0.3964804,0.0.4138717@1771896873.161030396
0.0.4569835,0.001257033840231872,SUCCESS,hbar,0.0.3951117,0.0.4138717@1771896872.363091061
0.0.6289117,5.075924263729695,SUCCESS,hbar,0.0.3951117&0.0.3964804,0.0.4138717@1771896873.555765179
0.0.4570908,17.79009683900956,SUCCESS,hbar,0.0.3951117,0.0.4138717@1771896872.096293549
0.0.6440477,0.366201404741626,SUCCESS,hbar,0.0.3951117&0.0.3964804,0.0.4138717@1771896876.285150153
0.0.52231,3.105991833893438,SUCCESS,hbar,0.0.3951117,0.0.4138717@1771896877.711293552
0.0.874760,15.91598671974143,SUCCESS,hbar,0.0.3951117&0.0.3964804,0.0.4138717@1771896876.056735514
0.0.7680254,0.8097077664070242,SUCCESS,hbar,0.0.3951117&0.0.3964804,0.0.4138717@1771896878.833776752
0.0.4345324,0.09331071675566692,SUCCESS,hbar,0.0.3951117,0.0.4138717@1771896877.833587212
0.0.4702708,0.1088876092577602,SUCCESS,hbar,0.0.3951117,0.0.4138717@1771896875.950447810
0.0.9619890,0.03275065303274444,SUCCESS,hbar,0.0.3951117&0.0.3964804,0.0.4138717@1771896878.304472019
0.0.5244199,1.832520522515124,SUCCESS,hbar,0.0.3951117&0.0.3964804,0.0.4138717@1771896877.901686801
0.0.4330219,0.1442070442590121,SUCCESS,hbar,0.0.3951117,0.0.4138717@1771896876.429229172
0.0.7920605,0.2142247951742707,SUCCESS,hbar,0.0.3951117,0.0.4138717@1771896881.241899930
0.0.1123753,1.396283629821753,SUCCESS,hbar,0.0.3951117&0.0.3964804,0.0.4138717@1771896881.042758353
0.0.4775299,0.7530770158167807,SUCCESS,hbar,0.0.3951117,0.0.4138717@1771896881.267792624
0.0.4758169,0.4485972304482191,SUCCESS,hbar,0.0.3951117,0.0.4138717@1771896882.199012419
0.0.4184733,81.73575791080339,SUCCESS,hbar,0.0.3951117,0.0.4138717@1771896883.395674634
0.0.139500,5.754455538008266,SUCCESS,hbar,0.0.3951117,0.0.4138717@1771896883.830964031
0.0.1412123,0.2677901907496688,SUCCESS,hbar,0.0.3951117&0.0.3964804,0.0.4138717@1771896880.427006343
0.0.2968839,3.513475583851958,SUCCESS,hbar,0.0.3951117&0.0.3964804,0.0.4138717@1771896882.441667327
0.0.10088944,0.2329045221334654,SUCCESS,hbar,0.0.3951117&0.0.3964804,0.0.4138717@1771896885.415829104
0.0.3071320,23.24500286062626,SUCCESS,hbar,0.0.3951117,0.0.4138717@1771896887.262003587
0.0.7865510,2.550754853557544,SUCCESS,hbar,0.0.3951117&0.0.3964804,0.0.4138717@1771896886.555983127
0.0.1023917,1.98876128791355,SUCCESS,hbar,0.0.3951117&0.0.3964804,0.0.4138717@1771896889.061095219
0.0.8373509,3.535058232434166,SUCCESS,hbar,0.0.3951117&0.0.3964804,0.0.4138717@1771896886.389947640
0.0.3241044,2.292006080117275,SUCCESS,hbar,0.0.3951117,0.0.4138717@1771896889.627405095
0.0.4370057,0.0264497397492542,SUCCESS,hbar,0.0.3951117,0.0.4138717@1771896889.363654349
0.0.1514634,1.762296310537963,SUCCESS,hbar,0.0.3951117,0.0.4138717@1771896889.445180210
0.0.973828,3.762174347794625,SUCCESS,hbar,0.0.3951117,0.0.4138717@1771896888.035091493
0.0.9642266,57.31625478098668,SUCCESS,hbar,0.0.3951117,0.0.4138717@1771896891.101548513
0.0.664329,0.009703347226837506,SUCCESS,hbar,0.0.3951117,0.0.4138717@1771896889.886643015
0.0.5060163,0.04621980619557546,SUCCESS,hbar,0.0.3951117,0.0.4138717@1771896891.137157356
0.0.834595,1.08736237491008,SUCCESS,hbar,0.0.3951117&0.0.3964804,0.0.4138717@1771896890.624865993
0.0.3223568,15.53487489127132,SUCCESS,hbar,0.0.3951117,0.0.4138717@1771896893.498495397
0.0.5688804,0.2637432733207104,SUCCESS,hbar,0.0.3951117,0.0.4138717@1771896891.448693059
0.0.850535,1.914781689870172,SUCCESS,hbar,0.0.3951117,0.0.4138717@1771896890.269063181
0.0.8071373,0.1544653256628663,SUCCESS,hbar,0.0.3951117,0.0.4138717@1771896891.406868136
0.0.2136428,0.2753903413581698,SUCCESS,hbar,0.0.3951117,0.0.4138717@1771896895.384368454
0.0.8382774,0.01675760539861148,SUCCESS,hbar,0.0.3951117&0.0.3964804,0.0.4138717@1771896891.499314803
0.0.5352069,0.05494405754926059,SUCCESS,hbar,0.0.3951117,0.0.4138717@1771896895.085628599
0.0.9344085,0.7347905371281289,SUCCESS,hbar,0.0.3951117,0.0.4138717@1771896894.708388309
0.0.1462225,117.6967800145481,SUCCESS,hbar,0.0.3951117,0.0.4138717@1771896896.954492168
0.0.10076636,1.113958224407789,SUCCESS,hbar,0.0.3951117,0.0.4138717@1771896895.513961608
0.0.7786995,7.173467248789512,SUCCESS,hbar,0.0.3951117,0.0.4138717@1771896896.224429896
0.0.8013259,2296.622394036503,SUCCESS,hbar,0.0.3951117&0.0.3964804,0.0.4138717@1771896898.543976843
0.0.4343858,1.024545957006564,SUCCESS,hbar,0.0.3951117,0.0.4138717@1771896895.043629789
0.0.10122546,0.001529473836951932,SUCCESS,hbar,0.0.3951117,0.0.4138717@1771896897.326216865
0.0.8011568,0.6568479686184538,SUCCESS,hbar,0.0.3951117,0.0.4138717@1771896897.114913299
0.0.8419510,0.0005684003405723286,SUCCESS,hbar,0.0.3951117,0.0.4138717@1771896897.339606431
0.0.187153,7.78210925861331,SUCCESS,hbar,0.0.3951117&0.0.3964804,0.0.4138717@1771896899.564711003
0.0.837404,6.527543889516694,SUCCESS,hbar,0.0.3951117,0.0.4138717@1771896901.908941639
0.0.831525,0.01932090164483741,SUCCESS,hbar,0.0.3951117,0.0.4138717@1771896899.387136844
0.0.1339713,0.001536275577091812,SUCCESS,hbar,0.0.3951117,0.0.4138717@1771896902.735851915
0.0.10021599,0.1767345219517135,SUCCESS,hbar,0.0.3951117,0.0.4138717@1771896900.049963024
0.0.9275976,18.71523106146773,SUCCESS,hbar,0.0.3951117&0.0.3964804,0.0.4138717@1771896901.847607846
0.0.10284472,2.04433524684157,SUCCESS,hbar,0.0.3951117&0.0.3964804,0.0.4138717@1771896900.262404793
0.0.2030667,0.8222769674747846,SUCCESS,hbar,0.0.3951117,0.0.4138717@1771896900.025214291
0.0.9299646,0.6336951639467943,SUCCESS,hbar,0.0.3951117,0.0.4138717@1771896901.846378896
0.0.10296090,0.003244373933563656,SUCCESS,hbar,0.0.3951117,0.0.4138717@1771896903.759330235
0.0.8057884,0.6067196705001093,SUCCESS,hbar,0.0.3964804,0.0.4138717@1771896905.692544261
0.0.1033719,2.941704624471262,SUCCESS,hbar,0.0.3964804,0.0.4138717@1771896906.991496852
0.0.1313705,0.1532063016746748,SUCCESS,hbar,0.0.3964804,0.0.4138717@1771896902.799509865
0.0.8673292,5.186340058834621,SUCCESS,hbar,0.0.3964804,0.0.4138717@1771896905.518612912
0.0.8281107,0.003850023635741348,SUCCESS,hbar,0.0.3964804,0.0.4138717@1771896903.484217701
0.0.8742796,0.8381929044209951,SUCCESS,hbar,0.0.3964804,0.0.4138717@1771896906.942972928
0.0.9707528,107.722831349472,SUCCESS,hbar,0.0.3964804,0.0.4138717@1771896907.564798434
0.0.1956746,0.01045936067952709,SUCCESS,hbar,0.0.3964804,0.0.4138717@1771896907.986637928
0.0.1729400,0.1599450721963069,SUCCESS,hbar,0.0.3964804,0.0.4138717@1771896906.709829741
0.0.859649,0.03624745945928763,SUCCESS,hbar,0.0.3964804,0.0.4138717@1771896909.393181430
0.0.8383256,0.00014224892975771,SUCCESS,hbar,0.0.3964804,0.0.4138717@1771896909.940581157
0.0.3709566,0.2145516036658188,SUCCESS,hbar,0.0.3964804,0.0.4138717@1771896909.268461920
0.0.4499088,0.01936827131489097,SUCCESS,hbar,0.0.3964804,0.0.4138717@1771896909.579502435
0.0.9234350,0.2285791656727566,SUCCESS,hbar,0.0.3964804,0.0.4138717@1771896910.830408793
0.0.9034617,0.01715505952060117,SUCCESS,hbar,0.0.3964804,0.0.4138717@1771896914.879195573
0.0.4231312,0.3285979361546266,SUCCESS,hbar,0.0.3964804,0.0.4138717@1771896913.794631499
0.0.1120388,0.02081384895043353,SUCCESS,hbar,0.0.3964804,0.0.4138717@1771896913.626480788
0.0.3687848,1.699055246688881,SUCCESS,hbar,0.0.3964804,0.0.4138717@1771896912.359814720
0.0.4749090,0.0000823211230193226,SUCCESS,hbar,0.0.3964804,0.0.4138717@1771896912.956175623
0.0.4731571,0.0465108142016963,SUCCESS,hbar,0.0.3964804,0.0.4138717@1771896912.095976521
0.0.4393392,0.03121692606730276,SUCCESS,hbar,0.0.3964804,0.0.4138717@1771896912.476335269
0.0.5705148,0.002871708348642166,SUCCESS,hbar,0.0.3964804,0.0.4138717@1771896916.152216483
0.0.10279551,0.4230833220269256,SUCCESS,hbar,0.0.3964804,0.0.4138717@1771896917.338143056
0.0.832543,12.49386597272262,SUCCESS,hbar,0.0.3964804,0.0.4138717@1771896917.314780104
0.0.9774219,0.00116035637471896,SUCCESS,hbar,0.0.3964804,0.0.4138717@1771896914.941452355
0.0.7785711,11.59954924934232,SUCCESS,hbar,0.0.3964804,0.0.4138717@1771896919.058903468
0.0.1178547,0.1452740221247815,SUCCESS,hbar,0.0.3964804,0.0.4138717@1771896918.267794936
0.0.9707531,272.2511325482521,SUCCESS,hbar,0.0.3964804,0.0.4138717@1771896916.884593146
0.0.7205628,1.837684444338918,SUCCESS,hbar,0.0.3964804,0.0.4138717@1771896916.659148897
0.0.8247367,2.311904985235103,SUCCESS,hbar,0.0.3964804,0.0.4138717@1771896917.939787645
0.0.837554,0.0004418820631156018,SUCCESS,hbar,0.0.3964804,0.0.4138717@1771896919.179990167
0.0.10277044,1.41316182421871,SUCCESS,hbar,0.0.3964804,0.0.4138717@1771896918.529971802
0.0.1395051,0.08846841848502711,SUCCESS,hbar,0.0.3964804,0.0.4138717@1771896917.848755397
0.0.8304314,0.01656068461532145,SUCCESS,hbar,0.0.3964804,0.0.4138717@1771896919.336204816
0.0.8548028,0.0000801350157170556,SUCCESS,hbar,0.0.3964804,0.0.4138717@1771896918.256846398
0.0.1365779,0.08292044891057454,SUCCESS,hbar,0.0.3964804,0.0.4138717@1771896918.853776221
0.0.8570223,1.7595340485473,SUCCESS,hbar,0.0.3964804,0.0.4138717@1771896922.674756491
0.0.8602366,0.3379428655054356,SUCCESS,hbar,0.0.3964804,0.0.4138717@1771896921.195044499
0.0.8640197,25.31716675022211,SUCCESS,hbar,0.0.3964804,0.0.4138717@1771896922.962920633
0.0.1198079,9.191280879232943,SUCCESS,hbar,0.0.3964804,0.0.4138717@1771896923.542163849
0.0.8023334,1.65354794376092,SUCCESS,hbar,0.0.3964804,0.0.4138717@1771896926.735701912
0.0.9270286,0.004098050616774246,SUCCESS,hbar,0.0.3964804,0.0.4138717@1771896925.835796400
0.0.846992,0.2378914686214025,SUCCESS,hbar,0.0.3964804,0.0.4138717@1771896924.497689816
0.0.10113345,9.218903412915e-8,SUCCESS,hbar,0.0.3964804,0.0.4138717@1771896922.674548658
0.0.4346529,0.04537596747879608,SUCCESS,hbar,0.0.3964804,0.0.4138717@1771896923.266845909
0.0.5159009,4.449242626117564,SUCCESS,hbar,0.0.3964804,0.0.4138717@1771896925.353055546
0.0.4722361,0.0001670936357338952,SUCCESS,hbar,0.0.3964804,0.0.4138717@1771896924.976106130
0.0.1645238,4.82545988505e-9,FAIL,hbar,0.0.3964804,
0.0.1422231,0.007262274911330659,SUCCESS,hbar,0.0.3964804,0.0.4138717@1771896927.114151410
0.0.5733936,0.0004260522535560837,SUCCESS,hbar,0.0.3964804,0.0.4138717@1771896928.132211384
0.0.1109176,0.0006224187100206789,SUCCESS,hbar,0.0.3964804,0.0.4138717@1771896926.708919214
0.0.9835351,0.0004727910886795152,SUCCESS,hbar,0.0.3964804,0.0.4138717@1771896928.488669240
0.0.9596185,0.00006275974682611305,SUCCESS,hbar,0.0.3964804,0.0.4138717@1771896928.701874724
0.0.10009527,0.0002216029172653769,SUCCESS,hbar,0.0.3964804,0.0.4138717@1771896930.565608843
0.0.892416,0.002089707718148389,SUCCESS,hbar,0.0.3964804,0.0.4138717@1771896931.412527206
0.0.10151415,0.0001627112632365486,SUCCESS,hbar,0.0.3964804,0.0.4138717@1771896927.343197292
0.0.9301506,0.00240690754422457,SUCCESS,hbar,0.0.3964804,0.0.4138717@1771896931.779793432
0.0.9643187,0.05613542496300811,SUCCESS,hbar,0.0.3964804,0.0.4138717@1771896930.566439939
0.0.10278094,0.1417395148971582,SUCCESS,hbar,0.0.3964804,0.0.4138717@1771896933.194235369
0.0.9317965,0.2480840533811561,SUCCESS,hbar,0.0.3964804,0.0.4138717@1771896935.485699883
0.0.1703381,0.3219108400132124,SUCCESS,hbar,0.0.3964804,0.0.4138717@1771896931.761217042
0.0.1067361,92.44949271533709,SUCCESS,hbar,0.0.3964804,0.0.4138717@1771896933.064531179
0.0.3948696,0.3129629003529774,SUCCESS,hbar,0.0.3964804,0.0.4138717@1771896932.115906285
0.0.8108637,0.0000386391121045713,SUCCESS,hbar,0.0.3964804,0.0.4138717@1771896934.429122246
0.0.8152447,0.1637279289446329,SUCCESS,hbar,0.0.3964804,0.0.4138717@1771896936.080203236
0.0.7581801,0.02867654579310933,SUCCESS,hbar,0.0.3964804,0.0.4138717@1771896936.502749516
0.0.10025532,0.04525205894713098,SUCCESS,hbar,0.0.3964804,0.0.4138717@1771896936.118001778
0.0.10008144,0.4116752811002885,SUCCESS,hbar,0.0.3964804,0.0.4138717@1771896934.531701161
0.0.10104315,0.6857890751823336,SUCCESS,hbar,0.0.3964804,0.0.4138717@1771896937.724624608
0.0.1370457,0.4019263612919335,SUCCESS,hbar,0.0.3964804,0.0.4138717@1771896937.095365087
0.0.9640625,0.003413704076480704,SUCCESS,hbar,0.0.3964804,0.0.4138717@1771896937.256394825
0.0.9579116,0.3556953565435673,SUCCESS,hbar,0.0.3964804,0.0.4138717@1771896941.511333963
0.0.8868403,0.01096311131994132,SUCCESS,hbar,0.0.3964804,0.0.4138717@1771896937.917982002
0.0.5807966,0.1833663265231489,SUCCESS,hbar,0.0.3964804,0.0.4138717@1771896937.584141175
0.0.8188301,0.1112720168743832,SUCCESS,hbar,0.0.3964804,0.0.4138717@1771896940.098483346
0.0.4345654,15.40093016202556,SUCCESS,hbar,0.0.3964804,0.0.4138717@1771896939.704963934
0.0.2145447,1.726299615173302,SUCCESS,hbar,0.0.3964804,0.0.4138717@1771896938.994301066
0.0.1008009,0.535834833312145,SUCCESS,hbar,0.0.3964804,0.0.4138717@1771896940.026096925
0.0.5802354,0.08990853274736454,SUCCESS,hbar,0.0.3964804,0.0.4138717@1771896941.455611709
0.0.9177203,0.001156346776322108,SUCCESS,hbar,0.0.3964804,0.0.4138717@1771896942.543444059
0.0.4319631,0.03234407323059233,SUCCESS,hbar,0.0.3964804,0.0.4138717@1771896945.877738360
0.0.7903445,0.7043618432072325,SUCCESS,hbar,0.0.3964804,0.0.4138717@1771896945.078941852
0.0.2014278,0.2197466137300605,SUCCESS,hbar,0.0.3964804,0.0.4138717@1771896942.888710931
0.0.10133721,2.996085389536759,SUCCESS,hbar,0.0.3964804,0.0.4138717@1771896942.422183798
0.0.10267167,8.628823342447436,SUCCESS,hbar,0.0.3964804,0.0.4138717@1771896944.915959618
0.0.10267166,3.118157553841681,SUCCESS,hbar,0.0.3964804,0.0.4138717@1771896945.138289726
0.0.10244829,0.01010005678200437,SUCCESS,hbar,0.0.3964804,0.0.4138717@1771896943.929128695
0.0.10248120,0.1356396349784583,SUCCESS,hbar,0.0.3964804,0.0.4138717@1771896944.007561072
0.0.1099801,0.0724699485060887,SUCCESS,hbar,0.0.3964804,0.0.4138717@1771896945.530255501
0.0.9766114,0.04925800283923819,SUCCESS,hbar,0.0.3964804,0.0.4138717@1771896947.040003638
0.0.3959322,3.582796739733805,SUCCESS,hbar,0.0.3964804,0.0.4138717@1771896948.460925501
0.0.7989176,3.891147320531362,SUCCESS,hbar,0.0.3964804,0.0.4138717@1771896946.117043212
0.0.818498,0.003597555999212633,SUCCESS,hbar,0.0.3964804,0.0.4138717@1771896948.498954694
0.0.10182354,0.9073615302863756,SUCCESS,hbar,0.0.3964804,0.0.4138717@1771896950.411342736
0.0.10190094,77.12649065048198,SUCCESS,hbar,0.0.3964804,0.0.4138717@1771896948.874589494
0.0.10088400,0.08691562306090174,SUCCESS,hbar,0.0.3964804,0.0.4138717@1771896948.912630353
0.0.10164472,233.831668956372,SUCCESS,hbar,0.0.3964804,0.0.4138717@1771896951.448581273
0.0.815643,1.556203638451737,SUCCESS,hbar,0.0.3964804,0.0.4138717@1771896949.232415474
0.0.10115705,0.0001547977054992764,SUCCESS,hbar,0.0.3964804,0.0.4138717@1771896949.666287030
0.0.10035851,0.8877081531929694,SUCCESS,hbar,0.0.3964804,0.0.4138717@1771896952.784023280
0.0.10007904,0.0003986605612836787,SUCCESS,hbar,0.0.3964804,0.0.4138717@1771896951.226143166
0.0.1365923,0.003748093337899197,SUCCESS,hbar,0.0.3964804,0.0.4138717@1771896952.549664859
0.0.9593512,0.0007962670350653445,SUCCESS,hbar,0.0.3964804,0.0.4138717@1771896952.607856833
0.0.10044419,0.2578785880516914,SUCCESS,hbar,0.0.3964804,0.0.4138717@1771896955.558469668
0.0.4765901,0.2395686967907762,SUCCESS,hbar,0.0.3964804,0.0.4138717@1771896952.418006859
0.0.9072874,0.2757900994918569,SUCCESS,hbar,0.0.3964804,0.0.4138717@1771896952.732473352
0.0.590682,0.006255948849283545,SUCCESS,hbar,0.0.3964804,0.0.4138717@1771896956.346488821
0.0.10256319,1.657339568878492,SUCCESS,hbar,0.0.3964804,0.0.4138717@1771896952.734239972
0.0.7098838,0.1532163964751395,SUCCESS,hbar,0.0.3964804,0.0.4138717@1771896955.881854130
0.0.7809201,0.00002040163169159115,SUCCESS,hbar,0.0.3964804,0.0.4138717@1771896957.565660980
0.0.4341116,0.0392141780467852,SUCCESS,hbar,0.0.3964804,0.0.4138717@1771896956.248618985
0.0.1098804,1.729388793045198,SUCCESS,hbar,0.0.3964804,0.0.4138717@1771896957.126642599
0.0.5804427,0.05111588268950067,SUCCESS,hbar,0.0.3964804,0.0.4138717@1771896955.361431233
0.0.9689618,7.526007877764548,SUCCESS,hbar,0.0.3964804,0.0.4138717@1771896960.119261061
0.0.1920276,0.009058553389338348,SUCCESS,hbar,0.0.3964804,0.0.4138717@1771896957.252831950
0.0.9425366,0.05422856170583769,SUCCESS,hbar,0.0.3964804,0.0.4138717@1771896960.365022114
0.0.6181303,3.222567972178404,SUCCESS,hbar,0.0.3964804,0.0.4138717@1771896959.911617483
0.0.2198528,0.6224987041849449,SUCCESS,hbar,0.0.3964804,0.0.4138717@1771896957.733159414
0.0.6334018,0.1892311375765945,SUCCESS,hbar,0.0.3964804,0.0.4138717@1771896961.227816529
0.0.857760,0.0395259444040182,SUCCESS,hbar,0.0.3964804,0.0.4138717@1771896959.100010242
0.0.4561752,0.01081409706855206,SUCCESS,hbar,0.0.3964804,0.0.4138717@1771896960.648047844
0.0.8733798,4.24590613147616,SUCCESS,hbar,0.0.3964804,0.0.4138717@1771896962.558644231
0.0.5957081,0.098424486559599,SUCCESS,hbar,0.0.3964804,0.0.4138717@1771896963.511918377
0.0.2964523,3.371400275793409,SUCCESS,hbar,0.0.3964804,0.0.4138717@1771896964.096717668
0.0.7142968,0.3141657318408735,SUCCESS,hbar,0.0.3964804,0.0.4138717@1771896962.863590446
0.0.3728114,0.2026050575963481,SUCCESS,hbar,0.0.3964804,0.0.4138717@1771896962.353418841
0.0.10003889,2.605138418560452,SUCCESS,hbar,0.0.3964804,0.0.4138717@1771896965.694067100
0.0.1114728,0.00186995781218438,SUCCESS,hbar,0.0.3964804,0.0.4138717@1771896961.282985336
0.0.4853191,0.00182057118923771,SUCCESS,hbar,0.0.3964804,0.0.4138717@1771896965.544288431
0.0.1860252,0.008108450488655843,SUCCESS,hbar,0.0.3964804,0.0.4138717@1771896965.064541172
0.0.4350498,0.00000259933891891905,SUCCESS,hbar,0.0.3964804,0.0.4138717@1771896965.125158396
0.0.9362153,0.08087920728327348,SUCCESS,hbar,0.0.3964804,0.0.4138717@1771896964.404274384
0.0.1681033,0.08575358598359163,SUCCESS,hbar,0.0.3964804,0.0.4138717@1771896967.524485009
0.0.835929,0.00000165637987909065,SUCCESS,hbar,0.0.3964804,0.0.4138717@1771896969.143891564
0.0.7920421,36.57705235941685,SUCCESS,hbar,0.0.3964804,0.0.4138717@1771896966.430256876
0.0.5060673,0.09821817377081513,SUCCESS,hbar,0.0.3964804,0.0.4138717@1771896965.487695636
0.0.10085318,0.1380509645338252,SUCCESS,hbar,0.0.3964804,0.0.4138717@1771896970.978103423
0.0.931327,0.009939228312165925,SUCCESS,hbar,0.0.3964804,0.0.4138717@1771896970.220728744
0.0.732615,222.7482397634932,SUCCESS,hbar,0.0.3964804,0.0.4138717@1771896969.729121942
0.0.1321462,0.2552958866682001,SUCCESS,hbar,0.0.3964804,0.0.4138717@1771896969.067249426
0.0.6076526,0.2079254322843241,SUCCESS,hbar,0.0.3964804,0.0.4138717@1771896973.750881263
0.0.684625,1.104183808703492,SUCCESS,hbar,0.0.3964804,0.0.4138717@1771896972.533552079
0.0.9377932,0.01490993954441126,SUCCESS,hbar,0.0.3964804,0.0.4138717@1771896971.472737593
0.0.6048714,15.45369897070824,SUCCESS,hbar,0.0.3964804,0.0.4138717@1771896974.884287816
0.0.8115823,0.0255283552619333,SUCCESS,hbar,0.0.3964804,0.0.4138717@1771896974.454237433
0.0.8002619,0.06753590594094247,SUCCESS,hbar,0.0.3964804,0.0.4138717@1771896974.359601860
0.0.1400807,0.1819849816671233,SUCCESS,hbar,0.0.3964804,0.0.4138717@1771896973.908636670
0.0.8213379,0.0008259775603321977,SUCCESS,hbar,0.0.3964804,0.0.4138717@1771896976.401677079
0.0.8120088,0.06507062283892691,SUCCESS,hbar,0.0.3964804,0.0.4138717@1771896976.129430529
0.0.4161393,1.319954548287744,SUCCESS,hbar,0.0.3964804,0.0.4138717@1771896976.013883897
0.0.8146497,0.2500820253598379,SUCCESS,hbar,0.0.3964804,0.0.4138717@1771896975.777739393
0.0.9774619,0.347738542186474,SUCCESS,hbar,0.0.3964804,0.0.4138717@1771896977.891716217
0.0.4862277,1.721707520908194,SUCCESS,hbar,0.0.3964804,0.0.4138717@1771896976.178074231
0.0.1124249,11.31246251660358,SUCCESS,hbar,0.0.3964804,0.0.4138717@1771896979.486705077
0.0.8414341,0.3010922494109258,SUCCESS,hbar,0.0.3964804,0.0.4138717@1771896978.140979942
0.0.10035663,0.1122387067203512,SUCCESS,hbar,0.0.3964804,0.0.4138717@1771896978.848992942
0.0.8131527,0.003583473345562982,SUCCESS,hbar,0.0.3964804,0.0.4138717@1771896981.331347817
0.0.10034357,16.75203217459327,SUCCESS,hbar,0.0.3964804,0.0.4138717@1771896982.015910310
0.0.7931472,0.04301801680011157,SUCCESS,hbar,0.0.3964804,0.0.4138717@1771896978.857571127
0.0.1181772,0.01357913673036455,SUCCESS,hbar,0.0.3964804,0.0.4138717@1771896982.149796634
0.0.4766806,0.4513547785851059,SUCCESS,hbar,0.0.3964804,0.0.4138717@1771896983.939677874
0.0.8084528,7.462571489965282,SUCCESS,hbar,0.0.3964804,0.0.4138717@1771896981.177481320
0.0.846778,26.19077788175614,SUCCESS,hbar,0.0.3964804,0.0.4138717@1771896983.770241537
0.0.8104363,67.71910825669471,SUCCESS,hbar,0.0.3964804,0.0.4138717@1771896982.973438568
0.0.8068660,0.001628177425987288,SUCCESS,hbar,0.0.3964804,0.0.4138717@1771896983.778045621
0.0.1704489,0.0002058002245297688,SUCCESS,hbar,0.0.3964804,0.0.4138717@1771896983.425644435
0.0.7937765,0.3477458942503118,SUCCESS,hbar,0.0.3964804,0.0.4138717@1771896983.395226887
0.0.10093024,0.3717790141804678,SUCCESS,hbar,0.0.3964804,0.0.4138717@1771896983.184027383
0.0.1524063,1.660152217710105,SUCCESS,hbar,0.0.3964804,0.0.4138717@1771896984.677128861
0.0.4571567,0.4056088830028528,SUCCESS,hbar,0.0.3964804,0.0.4138717@1771896986.432441769
0.0.1109470,10.14411525764342,SUCCESS,hbar,0.0.3964804,0.0.4138717@1771896986.220369092
0.0.710849,0.006440291696047003,SUCCESS,hbar,0.0.3964804,0.0.4138717@1771896989.112195447
0.0.7290965,0.2468478230511884,SUCCESS,hbar,0.0.3964804,0.0.4138717@1771896988.617942938
0.0.4765612,1.594686847864165,SUCCESS,hbar,0.0.3964804,0.0.4138717@1771896989.731440023
0.0.9584885,0.004871399349949641,SUCCESS,hbar,0.0.3964804,0.0.4138717@1771896986.466983324
0.0.1337171,0.3320053718580055,SUCCESS,hbar,0.0.3964804,0.0.4138717@1771896989.787973261
0.0.7916029,8.207827601193157,SUCCESS,hbar,0.0.3964804,0.0.4138717@1771896987.256516283
0.0.10018534,9.004706636588525,SUCCESS,hbar,0.0.3964804,0.0.4138717@1771896991.209788043
0.0.7662545,0.001707267801278778,SUCCESS,hbar,0.0.3964804,0.0.4138717@1771896988.635054889
0.0.4140342,0.06623792764456715,SUCCESS,hbar,0.0.3964804,0.0.4138717@1771896990.131444386
0.0.4749526,20.85055176212278,SUCCESS,hbar,0.0.3964804,0.0.4138717@1771896990.563520371
0.0.10014449,0.02797173934837473,SUCCESS,hbar,0.0.3964804,0.0.4138717@1771896993.190734395
0.0.10157649,3.370991338306863,SUCCESS,hbar,0.0.3964804,0.0.4138717@1771896989.092096388
0.0.7703838,0.003300933865033653,SUCCESS,hbar,0.0.3964804,0.0.4138717@1771896991.115868959
0.0.3872629,0.1939411425543104,SUCCESS,hbar,0.0.3964804,0.0.4138717@1771896991.514572252
0.0.2004450,0.05583994005186966,SUCCESS,hbar,0.0.3964804,0.0.4138717@1771896992.382982612
0.0.863008,0.1366238049660936,SUCCESS,hbar,0.0.3964804,0.0.4138717@1771896991.897130215
0.0.1024843,0.00000783662878541025,SUCCESS,hbar,0.0.3964804,0.0.4138717@1771896996.631198650
0.0.4504544,3.283272986322252,SUCCESS,hbar,0.0.3964804,0.0.4138717@1771896995.164402057
0.0.7631749,0.001146342291152238,SUCCESS,hbar,0.0.3964804,0.0.4138717@1771896995.854386406
0.0.1105845,0.4695961798791874,SUCCESS,hbar,0.0.3964804,0.0.4138717@1771896995.636903915
0.0.838388,16.71702412886805,SUCCESS,hbar,0.0.3964804,0.0.4138717@1771896996.739156738
0.0.4552348,0.002271441916656933,SUCCESS,hbar,0.0.3964804,0.0.4138717@1771896994.877331887
0.0.1374442,1.320806064302125,SUCCESS,hbar,0.0.3964804,0.0.4138717@1771896998.351081770
0.0.4135513,0.5095890885543938,SUCCESS,hbar,0.0.3964804,0.0.4138717@1771896999.685641306
0.0.3384906,1.639069099717116,SUCCESS,hbar,0.0.3964804,0.0.4138717@1771896996.063329317
0.0.4712922,0.01285307469528501,SUCCESS,hbar,0.0.3964804,0.0.4138717@1771896999.031861322
0.0.791414,0.1327114257754464,SUCCESS,hbar,0.0.3964804,0.0.4138717@1771896998.530271676
0.0.816698,5.453907845241632,SUCCESS,hbar,0.0.3964804,0.0.4138717@1771897001.750591764
0.0.4431727,0.04498388367162637,SUCCESS,hbar,0.0.3964804,0.0.4138717@1771896998.378835480
0.0.862835,0.1910450138981324,SUCCESS,hbar,0.0.3964804,0.0.4138717@1771896997.875781664
0.0.5112630,0.2811590102879218,SUCCESS,hbar,0.0.3964804,0.0.4138717@1771897000.501151809
0.0.6343911,1.16744271149588,SUCCESS,hbar,0.0.3964804,0.0.4138717@1771897002.342441995
0.0.4883729,0.1300220910178743,SUCCESS,hbar,0.0.3964804,0.0.4138717@1771897001.210216484
0.0.3240624,0.0008231113882858072,SUCCESS,hbar,0.0.3964804,0.0.4138717@1771897002.541392494
0.0.838791,0.5792259084215946,SUCCESS,hbar,0.0.3964804,0.0.4138717@1771897001.020555612
0.0.4576074,0.06838645489286965,SUCCESS,hbar,0.0.3964804,0.0.4138717@1771897003.092831189
0.0.4754443,0.04443396876436334,SUCCESS,hbar,0.0.3964804,0.0.4138717@1771897002.023039446
0.0.4552309,0.002136124715540256,SUCCESS,hbar,0.0.3964804,0.0.4138717@1771897001.348681803
0.0.4312267,2.780268342009045,SUCCESS,hbar,0.0.3964804,0.0.4138717@1771897003.054416008
0.0.4861986,0.05108005342716371,SUCCESS,hbar,0.0.3964804,0.0.4138717@1771897003.905192554
0.0.887612,0.7591533237058707,SUCCESS,hbar,0.0.3964804,0.0.4138717@1771897004.027492946
0.0.1313215,0.005325796846527535,SUCCESS,hbar,0.0.3964804,0.0.4138717@1771897007.191226258
0.0.4725260,0.09717055144108952,SUCCESS,hbar,0.0.3964804,0.0.4138717@1771897008.673051521
0.0.4558719,0.002499705802532588,SUCCESS,hbar,0.0.3964804,0.0.4138717@1771897006.169454913
0.0.1082201,5.775412559337698,SUCCESS,hbar,0.0.3964804,0.0.4138717@1771897005.322047339
0.0.7710235,0.04835236686567659,SUCCESS,hbar,0.0.3964804,0.0.4138717@1771897008.165858001
0.0.4566469,0.8291547739213849,SUCCESS,hbar,0.0.3964804,0.0.4138717@1771897009.863730305
0.0.10247726,0.4330272450757711,SUCCESS,hbar,0.0.3964804,0.0.4138717@1771897009.989760824
0.0.1486421,0.6002767363034012,SUCCESS,hbar,0.0.3964804,0.0.4138717@1771897007.916613565
0.0.7798912,0.8624315525824775,SUCCESS,hbar,0.0.3964804,0.0.4138717@1771897010.110663388
0.0.3916542,0.011901125960652,SUCCESS,hbar,0.0.3964804,0.0.4138717@1771897008.390739914
0.0.7961490,0.06329941047031315,SUCCESS,hbar,0.0.3964804,0.0.4138717@1771897013.093349104
0.0.4887338,0.3131985128772077,SUCCESS,hbar,0.0.3964804,0.0.4138717@1771897009.597435446
0.0.1746011,0.6356671351026016,SUCCESS,hbar,0.0.3964804,0.0.4138717@1771897014.005022516
0.0.10238814,2.16581998680512,SUCCESS,hbar,0.0.3964804,0.0.4138717@1771897014.450565367
0.0.1463093,0.526822871255079,SUCCESS,hbar,0.0.3964804,0.0.4138717@1771897013.056313563
0.0.146930,435.4037252633877,SUCCESS,hbar,0.0.3964804,0.0.4138717@1771897011.379222487
0.0.9273022,0.0002186861042056162,SUCCESS,hbar,0.0.3964804,0.0.4138717@1771897011.190283708
0.0.10219431,0.9879786828807946,SUCCESS,hbar,0.0.3964804,0.0.4138717@1771897015.827725904
0.0.9509413,0.02191054401521997,SUCCESS,hbar,0.0.3964804,0.0.4138717@1771897012.386359606
0.0.4552382,0.00213600335090516,SUCCESS,hbar,0.0.3964804,0.0.4138717@1771897014.359036214
0.0.811739,0.6287354797884716,SUCCESS,hbar,0.0.3964804,0.0.4138717@1771897014.058346293
0.0.496172,0.5455204103395718,SUCCESS,hbar,0.0.3964804,0.0.4138717@1771897014.244879829
0.0.1359581,5.647916849895111,SUCCESS,hbar,0.0.3964804,0.0.4138717@1771897016.193629940
0.0.7965412,0.00116842770276097,SUCCESS,hbar,0.0.3964804,0.0.4138717@1771897019.191837627
0.0.5315914,0.7368416713634961,SUCCESS,hbar,0.0.3964804,0.0.4138717@1771897017.637899251
0.0.838198,0.3811884244291636,SUCCESS,hbar,0.0.3964804,0.0.4138717@1771897016.756965528
0.0.4327294,0.007165427988531,SUCCESS,hbar,0.0.3964804,0.0.4138717@1771897018.333943863
0.0.728698,0.0607858627594556,SUCCESS,hbar,0.0.3964804,0.0.4138717@1771897020.352756192
0.0.1402758,0.3704095650596967,SUCCESS,hbar,0.0.3964804,0.0.4138717@1771897020.259628369
0.0.4138268,5.013366780407917,SUCCESS,hbar,0.0.3964804,0.0.4138717@1771897019.616182817
0.0.859149,6.200589737256188,SUCCESS,hbar,0.0.3964804,0.0.4138717@1771897023.030399778
0.0.1353334,0.02108964314019967,SUCCESS,hbar,0.0.3964804,0.0.4138717@1771897022.745061355
0.0.835670,0.02093923090718008,SUCCESS,hbar,0.0.3964804,0.0.4138717@1771897020.959275858
0.0.3165925,0.02174182048228367,SUCCESS,hbar,0.0.3964804,0.0.4138717@1771897025.484481490
0.0.1357334,0.07235835998312999,SUCCESS,hbar,0.0.3964804,0.0.4138717@1771897021.709886505
0.0.1268672,0.02176355549616478,SUCCESS,hbar,0.0.3964804,0.0.4138717@1771897021.331815627
0.0.795838,0.02910835746200402,SUCCESS,hbar,0.0.3964804,0.0.4138717@1771897025.742464107
0.0.1877641,0.2522401588188348,SUCCESS,hbar,0.0.3964804,0.0.4138717@1771897024.891863853
0.0.1097802,0.7791142987255628,SUCCESS,hbar,0.0.3964804,0.0.4138717@1771897023.745938511
0.0.3937438,0.1289959541890602,SUCCESS,hbar,0.0.3964804,0.0.4138717@1771897025.159266857
0.0.1432019,1.171298457519294,SUCCESS,hbar,0.0.3964804,0.0.4138717@1771897025.231510449
0.0.4410999,0.2288358495180685,SUCCESS,hbar,0.0.3964804,0.0.4138717@1771897028.206979149
0.0.4351736,0.00674614521727284,SUCCESS,hbar,0.0.3964804,0.0.4138717@1771897027.506389983
0.0.5698429,0.003034836000401918,SUCCESS,hbar,0.0.3964804,0.0.4138717@1771897027.999064901
0.0.4589167,0.0090306811361915,SUCCESS,hbar,0.0.3964804,0.0.4138717@1771897029.825287384
0.0.5023507,0.1090624662309322,SUCCESS,hbar,0.0.3964804,0.0.4138717@1771897026.842188916
0.0.1088394,0.03312582854150162,SUCCESS,hbar,0.0.3964804,0.0.4138717@1771897028.062759844
0.0.3768895,0.0006282182368457604,SUCCESS,hbar,0.0.3964804,0.0.4138717@1771897027.499635766
0.0.796454,8.940687766266374,SUCCESS,hbar,0.0.3964804,0.0.4138717@1771897028.336190607
0.0.5147407,0.1674663979037505,SUCCESS,hbar,0.0.3964804,0.0.4138717@1771897030.452238884
0.0.1425322,0.1695564618201932,SUCCESS,hbar,0.0.3964804,0.0.4138717@1771897032.640423479
0.0.4533464,0.05694474321705195,SUCCESS,hbar,0.0.3964804,0.0.4138717@1771897033.358441207
0.0.5495538,0.007831781490076692,SUCCESS,hbar,0.0.3964804,0.0.4138717@1771897030.702858251
0.0.1448131,0.08957318719637465,SUCCESS,hbar,0.0.3964804,0.0.4138717@1771897031.223288187
0.0.4093788,0.6935238444076043,SUCCESS,hbar,0.0.3964804,0.0.4138717@1771897033.240069061
0.0.5421455,0.001822901940233476,SUCCESS,hbar,0.0.3964804,0.0.4138717@1771897031.910061482
0.0.3023498,0.1790570285009367,SUCCESS,hbar,0.0.3964804,0.0.4138717@1771897034.910404542
0.0.3291464,0.007190918277123634,SUCCESS,hbar,0.0.3964804,0.0.4138717@1771897035.691005023
0.0.4356553,0.00933367054053977,SUCCESS,hbar,0.0.3964804,0.0.4138717@1771897038.085891479
0.0.4333378,0.003526828143592515,SUCCESS,hbar,0.0.3964804,0.0.4138717@1771897036.931522468
0.0.827132,0.05162953977323504,SUCCESS,hbar,0.0.3964804,0.0.4138717@1771897037.258677622
0.0.4368518,0.02585393616695497,SUCCESS,hbar,0.0.3964804,0.0.4138717@1771897039.290837315
0.0.4337103,0.0007436932547268388,SUCCESS,hbar,0.0.3964804,0.0.4138717@1771897038.089469652
0.0.4360122,0.06516896701150428,SUCCESS,hbar,0.0.3964804,0.0.4138717@1771897038.543600607
0.0.1728462,0.06812113043694025,SUCCESS,hbar,0.0.3964804,0.0.4138717@1771897038.491515413
0.0.835055,5.179664882802141,SUCCESS,hbar,0.0.3964804,0.0.4138717@1771897040.067769828
0.0.1088670,0.1513791950743936,SUCCESS,hbar,0.0.3964804,0.0.4138717@1771897039.219779566
0.0.4356154,0.0238940807064933,SUCCESS,hbar,0.0.3964804,0.0.4138717@1771897042.835124120
0.0.3525426,0.0296290407865703,SUCCESS,hbar,0.0.3964804,0.0.4138717@1771897043.092085684
0.0.842806,24.47076420834586,SUCCESS,hbar,0.0.3964804,0.0.4138717@1771897043.742126213
0.0.4345412,0.05227328706775761,SUCCESS,hbar,0.0.3964804,0.0.4138717@1771897041.421516824
0.0.4351860,0.5477824455664345,SUCCESS,hbar,0.0.3964804,0.0.4138717@1771897040.300557299
0.0.1092596,0.1444471562693017,SUCCESS,hbar,0.0.3964804,0.0.4138717@1771897044.495088979
0.0.2150506,0.03251847951549304,SUCCESS,hbar,0.0.3964804,0.0.4138717@1771897042.848664633
0.0.1350500,0.1737878855907643,SUCCESS,hbar,0.0.3964804,0.0.4138717@1771897043.173341535
0.0.3327498,0.564369966401593,SUCCESS,hbar,0.0.3964804,0.0.4138717@1771897043.159641503
0.0.4184148,0.03341153598606429,SUCCESS,hbar,0.0.3964804,0.0.4138717@1771897042.650059659
0.0.833050,0.01800029681371903,SUCCESS,hbar,0.0.3964804,0.0.4138717@1771897043.163498581
0.0.1096529,1.162987556183083,SUCCESS,hbar,0.0.3964804,0.0.4138717@1771897043.549046170
0.0.3872024,0.8997278538672014,SUCCESS,hbar,0.0.3964804,0.0.4138717@1771897048.465502023
0.0.732798,0.02546520498190431,SUCCESS,hbar,0.0.3964804,0.0.4138717@1771897048.083245444
0.0.1121794,0.08131987739311328,SUCCESS,hbar,0.0.3964804,0.0.4138717@1771897047.272456572
0.0.4540904,0.3329006449880841,SUCCESS,hbar,0.0.3964804,0.0.4138717@1771897045.037704475
0.0.2101943,0.001090542856050465,SUCCESS,hbar,0.0.3964804,0.0.4138717@1771897051.169504224
0.0.1104374,15.98369121544238,SUCCESS,hbar,0.0.3964804,0.0.4138717@1771897051.722458097
0.0.3945405,0.0002101229413777841,SUCCESS,hbar,0.0.3964804,0.0.4138717@1771897049.548563688
0.0.1703452,0.1350810547656904,SUCCESS,hbar,0.0.3964804,0.0.4138717@1771897052.195611679
0.0.1048940,0.05017095519162641,SUCCESS,hbar,0.0.3964804,0.0.4138717@1771897050.593542427
0.0.4535053,0.8425159656771357,SUCCESS,hbar,0.0.3964804,0.0.4138717@1771897051.439297011
0.0.1018824,2.516321788282874,SUCCESS,hbar,0.0.3964804,0.0.4138717@1771897053.482910934
0.0.9150527,0.7878754246580092,SUCCESS,hbar,0.0.3964804,0.0.4138717@1771897054.045888450
0.0.662621,0.1641396707034566,SUCCESS,hbar,0.0.3964804,0.0.4138717@1771897053.394637067
0.0.6475509,0.06698418684615401,SUCCESS,hbar,0.0.3964804,0.0.4138717@1771897051.614569431
0.0.9401320,0.999309412876632,SUCCESS,hbar,0.0.3964804,0.0.4138717@1771897055.025333745
0.0.5922808,0.02098669013523385,SUCCESS,hbar,0.0.3964804,0.0.4138717@1771897055.174336226
0.0.751161,1.115757665535059,SUCCESS,hbar,0.0.3964804,0.0.4138717@1771897055.586323280
0.0.7450449,0.2152719832594065,SUCCESS,hbar,0.0.3964804,0.0.4138717@1771897055.955874973
0.0.9973346,0.002328694218880857,SUCCESS,hbar,0.0.3964804,0.0.4138717@1771897055.238540164
0.0.9477942,0.01016219104831173,SUCCESS,hbar,0.0.3964804,0.0.4138717@1771897056.094363179
0.0.7287636,0.03611030594593405,SUCCESS,hbar,0.0.3964804,0.0.4138717@1771897054.439398080
0.0.9695763,57.78152004388184,SUCCESS,hbar,0.0.3964804,0.0.4138717@1771897055.334141117
0.0.6004536,0.0219472613735944,SUCCESS,hbar,0.0.3964804,0.0.4138717@1771897056.389005136
0.0.871471,1.866927798159035,SUCCESS,hbar,0.0.3964804,0.0.4138717@1771897056.573573117
0.0.9100153,1.28490484935613,SUCCESS,hbar,0.0.3964804,0.0.4138717@1771897060.173715971
0.0.6157135,1.810664895835126,SUCCESS,hbar,0.0.3964804,0.0.4138717@1771897061.047183513
0.0.2967389,0.1754741332345831,SUCCESS,hbar,0.0.3964804,0.0.4138717@1771897061.248530119
0.0.7983506,0.0000222908968168866,SUCCESS,hbar,0.0.3964804,0.0.4138717@1771897060.927834214
0.0.6416166,0.3327282655453218,SUCCESS,hbar,0.0.3964804,0.0.4138717@1771897062.671634730
0.0.9640903,0.2538680411685633,SUCCESS,hbar,0.0.3964804,0.0.4138717@1771897061.502925782
0.0.820706,2.845223946193252,SUCCESS,hbar,0.0.3964804,0.0.4138717@1771897061.160731252
0.0.4372819,0.01121013970511056,SUCCESS,hbar,0.0.3964804,0.0.4138717@1771897061.333753604
0.0.892270,4.449271596728818,SUCCESS,hbar,0.0.3964804,0.0.4138717@1771897064.170782149
0.0.842210,0.04944241585029856,SUCCESS,hbar,0.0.3964804,0.0.4138717@1771897063.755681206
0.0.10072624,0.02257610527842328,SUCCESS,hbar,0.0.3964804,0.0.4138717@1771897064.244339858
0.0.4423729,0.390028419867664,SUCCESS,hbar,0.0.3964804,0.0.4138717@1771897064.234058011
0.0.1459068,0.02506511490977522,SUCCESS,hbar,0.0.3964804,0.0.4138717@1771897061.893571271
0.0.1124401,1.374362350301546,SUCCESS,hbar,0.0.3964804,0.0.4138717@1771897064.460211821
0.0.6320740,0.4829538894868162,SUCCESS,hbar,0.0.3964804,0.0.4138717@1771897066.790041117
0.0.2963879,1.11246433840807,SUCCESS,hbar,0.0.3964804,0.0.4138717@1771897064.825942850
0.0.7312670,0.3866969079236902,SUCCESS,hbar,0.0.3964804,0.0.4138717@1771897064.407291895
0.0.4873525,0.03480460771719523,SUCCESS,hbar,0.0.3964804,0.0.4138717@1771897064.533749701
0.0.10004246,0.3210677249738711,SUCCESS,hbar,0.0.3964804,0.0.4138717@1771897064.676968414
0.0.1102543,3.457938034948338,SUCCESS,hbar,0.0.3964804,0.0.4138717@1771897066.270481434
0.0.2787506,0.5426102695595273,SUCCESS,hbar,0.0.3964804,0.0.4138717@1771897064.920910793
0.0.6154587,4.832395784772737,SUCCESS,hbar,0.0.3964804,0.0.4138717@1771897068.761244913
0.0.5746207,16.22237260201809,SUCCESS,hbar,0.0.3964804,0.0.4138717@1771897070.497267343
0.0.1316658,0.2770003027186794,SUCCESS,hbar,0.0.3964804,0.0.4138717@1771897070.046362638
0.0.6139137,0.281091828601474,SUCCESS,hbar,0.0.3964804,0.0.4138717@1771897070.440694957
0.0.753351,0.1770687890476183,SUCCESS,hbar,0.0.3964804,0.0.4138717@1771897070.688547010
0.0.1512214,0.008012842097089107,SUCCESS,hbar,0.0.3964804,0.0.4138717@1771897068.008595112
0.0.5068116,0.01537245774088921,SUCCESS,hbar,0.0.3964804,0.0.4138717@1771897072.529186489
0.0.805713,7.109865653913929,SUCCESS,hbar,0.0.3964804,0.0.4138717@1771897072.165257336
0.0.965222,2.948629564467433,SUCCESS,hbar,0.0.3964804,0.0.4138717@1771897068.603291546
0.0.6275653,0.005109481333659449,SUCCESS,hbar,0.0.3964804,0.0.4138717@1771897071.025635962
0.0.4965217,0.08954549836228047,SUCCESS,hbar,0.0.3964804,0.0.4138717@1771897073.874564808
0.0.3967246,0.2049658356791269,SUCCESS,hbar,0.0.3964804,0.0.4138717@1771897073.059349713
0.0.481717,0.0771499950637293,SUCCESS,hbar,0.0.3964804,0.0.4138717@1771897070.030549049
0.0.4358173,0.8791494668865554,SUCCESS,hbar,0.0.3964804,0.0.4138717@1771897073.419357480
0.0.1088074,11.51870748576636,SUCCESS,hbar,0.0.3964804,0.0.4138717@1771897074.862901465
0.0.4717832,0.09551407374611276,SUCCESS,hbar,0.0.3964804,0.0.4138717@1771897072.208387906
0.0.4784258,0.0665777244384879,SUCCESS,hbar,0.0.3964804,0.0.4138717@1771897073.632775402
0.0.4314332,1.625531838722226,SUCCESS,hbar,0.0.3964804,0.0.4138717@1771897076.534741079
0.0.9687167,0.1493132699095716,SUCCESS,hbar,0.0.3964804,0.0.4138717@1771897074.658354167
0.0.3048811,33.43008748898898,SUCCESS,hbar,0.0.3964804,0.0.4138717@1771897076.997336641
0.0.9729389,0.07924441298736909,SUCCESS,hbar,0.0.3964804,0.0.4138717@1771897079.197705457
0.0.6828202,9.257400099535698,SUCCESS,hbar,0.0.3964804,0.0.4138717@1771897076.672643962
0.0.6852334,0.7496861654020552,SUCCESS,hbar,0.0.3964804,0.0.4138717@1771897079.325702344
0.0.794930,0.02132275369037039,SUCCESS,hbar,0.0.3964804,0.0.4138717@1771897078.900021323
0.0.1463629,0.04647598840238323,SUCCESS,hbar,0.0.3964804,0.0.4138717@1771897080.473375565
0.0.643109,149.792978032641,SUCCESS,hbar,0.0.3964804,0.0.4138717@1771897080.910573521
0.0.6306847,0.01094955392684655,SUCCESS,hbar,0.0.3964804,0.0.4138717@1771897079.815678348
0.0.433061,0.006410074950736664,SUCCESS,hbar,0.0.3964804,0.0.4138717@1771897081.941654436
0.0.5957030,0.7112437345775017,SUCCESS,hbar,0.0.3964804,0.0.4138717@1771897080.554712587
0.0.7835479,0.007944426599871504,SUCCESS,hbar,0.0.3964804,0.0.4138717@1771897084.529858270
0.0.7965413,0.0005057944090411937,SUCCESS,hbar,0.0.3964804,0.0.4138717@1771897080.731679606
0.0.1481135,0.1923569492798101,SUCCESS,hbar,0.0.3964804,0.0.4138717@1771897083.295873439
0.0.7896816,8.21677700770094,SUCCESS,hbar,0.0.3964804,0.0.4138717@1771897084.235996761
0.0.7910977,0.9469047237006096,SUCCESS,hbar,0.0.3964804,0.0.4138717@1771897084.418494635
0.0.3947850,0.000163320495330803,SUCCESS,hbar,0.0.3964804,0.0.4138717@1771897082.771487780
0.0.5905014,0.2016773702006337,SUCCESS,hbar,0.0.3964804,0.0.4138717@1771897082.612718025
0.0.5042398,0.8716738271653766,SUCCESS,hbar,0.0.3964804,0.0.4138717@1771897085.066385660
0.0.1479857,0.579924271162067,SUCCESS,hbar,0.0.3964804,0.0.4138717@1771897087.276497787
0.0.7861872,0.00466312995795615,SUCCESS,hbar,0.0.3964804,0.0.4138717@1771897087.116472541
0.0.8032303,0.02966284288215229,SUCCESS,hbar,0.0.3964804,0.0.4138717@1771897089.382447461
0.0.7570262,0.0416152283585236,SUCCESS,hbar,0.0.3964804,0.0.4138717@1771897086.305275395
0.0.7421912,0.02285101094494481,SUCCESS,hbar,0.0.3964804,0.0.4138717@1771897085.801719445
0.0.7791729,0.0005031742472017349,SUCCESS,hbar,0.0.3964804,0.0.4138717@1771897088.244199255
0.0.5739319,0.5090253047431138,SUCCESS,hbar,0.0.3964804,0.0.4138717@1771897091.002417284
0.0.7607102,0.003852412790067012,SUCCESS,hbar,0.0.3964804,0.0.4138717@1771897086.281555329
0.0.7777028,0.3304229927763171,SUCCESS,hbar,0.0.3964804,0.0.4138717@1771897091.286219999
0.0.4752954,0.1384705545467279,SUCCESS,hbar,0.0.3964804,0.0.4138717@1771897087.450678187
0.0.3912896,0.0980089910187519,SUCCESS,hbar,0.0.3964804,0.0.4138717@1771897091.346906175
0.0.4250725,0.07924441298736909,SUCCESS,hbar,0.0.3964804,0.0.4138717@1771897090.255101341
0.0.7913251,0.03552457333483977,SUCCESS,hbar,0.0.3964804,0.0.4138717@1771897089.344613170
0.0.7997139,0.06066409185325038,SUCCESS,hbar,0.0.3964804,0.0.4138717@1771897094.088059702
0.0.5761971,0.000088416541775016,SUCCESS,hbar,0.0.3964804,0.0.4138717@1771897093.882305075
0.0.1906790,0.006428165054611456,SUCCESS,hbar,0.0.3964804,0.0.4138717@1771897092.249276594
0.0.8178093,0.05075836327817741,SUCCESS,hbar,0.0.3964804,0.0.4138717@1771897092.119453380
0.0.8175769,0.04085613978932599,SUCCESS,hbar,0.0.3964804,0.0.4138717@1771897091.847897464
0.0.8173226,2.411193415928456,SUCCESS,hbar,0.0.3964804,0.0.4138717@1771897095.063706978
0.0.8142528,0.01425515058731466,SUCCESS,hbar,0.0.3964804,0.0.4138717@1771897092.005925965
0.0.3828375,11.81191388875344,SUCCESS,hbar,0.0.3964804,0.0.4138717@1771897097.533895347
0.0.833836,1.235643086517812,SUCCESS,hbar,0.0.3964804,0.0.4138717@1771897094.802733437
0.0.5007636,0.05084903294427033,SUCCESS,hbar,0.0.3964804,0.0.4138717@1771897096.775653829
0.0.4746343,0.0009177402782063156,SUCCESS,hbar,0.0.3964804,0.0.4138717@1771897094.872500877
0.0.2557514,0.5139220406872792,SUCCESS,hbar,0.0.3964804,0.0.4138717@1771897096.581028793
0.0.8042105,0.05921876235613052,SUCCESS,hbar,0.0.3964804,0.0.4138717@1771897095.202749812
0.0.2477582,0.169581940191127,SUCCESS,hbar,0.0.3964804,0.0.4138717@1771897100.114408021
0.0.8059253,0.2829655834911615,SUCCESS,hbar,0.0.3964804,0.0.4138717@1771897098.917803787
0.0.2006292,0.03015847088245632,SUCCESS,hbar,0.0.3964804,0.0.4138717@1771897099.565255483
0.0.7912110,0.000171173447507182,SUCCESS,hbar,0.0.3964804,0.0.4138717@1771897099.847690066
0.0.8056304,0.2889112522944993,SUCCESS,hbar,0.0.3964804,0.0.4138717@1771897101.288134291
0.0.7974195,21.17088927462729,SUCCESS,hbar,0.0.3964804,0.0.4138717@1771897102.072176556
0.0.7746903,0.04286398492689186,SUCCESS,hbar,0.0.3964804,0.0.4138717@1771897102.923602556
0.0.6247418,0.02559378440992514,SUCCESS,hbar,0.0.3964804,0.0.4138717@1771897103.590029455
0.0.1307915,0.0002052645675410956,SUCCESS,hbar,0.0.3964804,0.0.4138717@1771897104.063219005
0.0.6674918,0.007555910996363606,SUCCESS,hbar,0.0.3964804,0.0.4138717@1771897102.783639088
0.0.4360598,0.0198934680585025,SUCCESS,hbar,0.0.3964804,0.0.4138717@1771897105.271798142
0.0.2123622,0.06733019987178855,SUCCESS,hbar,0.0.3964804,0.0.4138717@1771897104.763184945
0.0.6324031,0.0003957116482657296,SUCCESS,hbar,0.0.3964804,0.0.4138717@1771897104.316130700
0.0.3158284,0.06146362986921425,SUCCESS,hbar,0.0.3964804,0.0.4138717@1771897106.559645812
0.0.2174952,0.1313528253637601,SUCCESS,hbar,0.0.3964804,0.0.4138717@1771897104.930618433
0.0.6063136,0.001681254371557133,SUCCESS,hbar,0.0.3964804,0.0.4138717@1771897105.651087771
0.0.4659519,0.8562924342913639,SUCCESS,hbar,0.0.3964804,0.0.4138717@1771897103.980958318
0.0.835625,0.01488035835890353,SUCCESS,hbar,0.0.3964804,0.0.4138717@1771897106.045807814
0.0.6078189,0.2183702103584969,SUCCESS,hbar,0.0.3964804,0.0.4138717@1771897104.831921688
0.0.6058490,0.01483433749948611,SUCCESS,hbar,0.0.3964804,0.0.4138717@1771897105.782657749
0.0.6095958,4.302895342659006,SUCCESS,hbar,0.0.3964804,0.0.4138717@1771897108.960250226
0.0.1334605,5.093270175646067,SUCCESS,hbar,0.0.3964804,0.0.4138717@1771897109.014215133
0.0.4799094,0.04947987182302303,SUCCESS,hbar,0.0.3964804,0.0.4138717@1771897106.161791226
0.0.6061106,0.2075114495544274,SUCCESS,hbar,0.0.3964804,0.0.4138717@1771897110.193109745
0.0.848151,0.1703310884033313,SUCCESS,hbar,0.0.3964804,0.0.4138717@1771897110.875738028
0.0.1388678,2.29863611071729,SUCCESS,hbar,0.0.3964804,0.0.4138717@1771897109.888175032
0.0.7200618,0.009933603250454594,SUCCESS,hbar,0.0.3964804,0.0.4138717@1771897109.958661873
0.0.831661,1.323883715849146,SUCCESS,hbar,0.0.3964804,0.0.4138717@1771897112.089338022
0.0.6256886,0.02325551662356543,SUCCESS,hbar,0.0.3964804,0.0.4138717@1771897113.315907420
0.0.7638910,0.02334043186452139,SUCCESS,hbar,0.0.3964804,0.0.4138717@1771897114.300513525
0.0.7610560,0.07841988314222166,SUCCESS,hbar,0.0.3964804,0.0.4138717@1771897112.849796385
0.0.707587,4.235458383828879,SUCCESS,hbar,0.0.3964804,0.0.4138717@1771897114.226727333
0.0.5437974,0.5260085305246731,SUCCESS,hbar,0.0.3964804,0.0.4138717@1771897114.050447570
0.0.4899880,0.0346010810552676,SUCCESS,hbar,0.0.3964804,0.0.4138717@1771897115.524420210
0.0.4595460,0.05687055226157996,SUCCESS,hbar,0.0.3964804,0.0.4138717@1771897113.239093249
0.0.987356,4.817606746568576,SUCCESS,hbar,0.0.3964804,0.0.4138717@1771897116.940004922
0.0.3159220,0.28697427240239,SUCCESS,hbar,0.0.3964804,0.0.4138717@1771897117.695924379
0.0.8209324,0.3199197298019866,SUCCESS,hbar,0.0.3964804,0.0.4138717@1771897118.012032709
0.0.1859919,0.06696823857809311,SUCCESS,hbar,0.0.3964804,0.0.4138717@1771897117.916424068
0.0.4978453,4.398816787761546,SUCCESS,hbar,0.0.3964804,0.0.4138717@1771897117.603904189
0.0.1233065,0.1786196999026396,SUCCESS,hbar,0.0.3964804,0.0.4138717@1771897116.397121610
0.0.6612734,0.003956366292812902,SUCCESS,hbar,0.0.3964804,0.0.4138717@1771897116.221531125
0.0.6344703,57.78152004388184,SUCCESS,hbar,0.0.3964804,0.0.4138717@1771897115.679538638
0.0.1448239,0.02702290084501035,SUCCESS,hbar,0.0.3964804,0.0.4138717@1771897119.767492248
0.0.6232417,0.00986602095486961,SUCCESS,hbar,0.0.3964804,0.0.4138717@1771897121.219436367
0.0.6933072,0.2632733094647581,SUCCESS,hbar,0.0.3964804,0.0.4138717@1771897119.267741902
0.0.760653,0.0988591933141518,SUCCESS,hbar,0.0.3964804,0.0.4138717@1771897121.686453761
0.0.6068301,0.05582842569898098,SUCCESS,hbar,0.0.3964804,0.0.4138717@1771897119.159859240
0.0.6160732,0.04274467028482558,SUCCESS,hbar,0.0.3964804,0.0.4138717@1771897120.090173828
0.0.4330332,0.3275462977157408,SUCCESS,hbar,0.0.3964804,0.0.4138717@1771897120.430311059
0.0.813564,0.0005915522706718275,SUCCESS,hbar,0.0.3964804,0.0.4138717@1771897120.988663240
0.0.9367202,0.001077529797901595,SUCCESS,hbar,0.0.3964804,0.0.4138717@1771897122.518095649
0.0.1263490,0.9313046842233064,SUCCESS,hbar,0.0.3964804,0.0.4138717@1771897125.201881573
0.0.4821795,0.2197895288835515,SUCCESS,hbar,0.0.3964804,0.0.4138717@1771897126.737076891
0.0.9318048,0.00926113266803895,SUCCESS,hbar,0.0.3964804,0.0.4138717@1771897126.371698565
0.0.8880678,0.01441910709322844,SUCCESS,hbar,0.0.3964804,0.0.4138717@1771897127.591477670
0.0.9285770,0.06462446064339784,SUCCESS,hbar,0.0.3964804,0.0.4138717@1771897125.454235673
0.0.9275748,0.07097600682828781,SUCCESS,hbar,0.0.3964804,0.0.4138717@1771897128.348773615
0.0.4345655,1.449434457448874,SUCCESS,hbar,0.0.3964804,0.0.4138717@1771897125.061313963
0.0.9146353,1.446148925451288,SUCCESS,hbar,0.0.3964804,0.0.4138717@1771897128.270424751
0.0.8113254,0.0180317850976078,SUCCESS,hbar,0.0.3964804,0.0.4138717@1771897127.998056619
0.0.1862342,0.1867062158784698,SUCCESS,hbar,0.0.3964804,0.0.4138717@1771897129.144053510
0.0.9196038,0.1038137865691744,SUCCESS,hbar,0.0.3964804,0.0.4138717@1771897128.311493603
0.0.1118731,0.008556144906377523,SUCCESS,hbar,0.0.3964804,0.0.4138717@1771897129.313695742
0.0.1403937,0.004894140675108195,SUCCESS,hbar,0.0.3964804,0.0.4138717@1771897129.368228232
0.0.9177141,0.02909521860176528,SUCCESS,hbar,0.0.3964804,0.0.4138717@1771897129.688745737
0.0.9086562,0.000639404691664284,SUCCESS,hbar,0.0.3964804,0.0.4138717@1771897129.311729547
0.0.8246604,0.001026154698521583,SUCCESS,hbar,0.0.3964804,0.0.4138717@1771897133.403863276
0.0.9720442,0.03875304362817793,SUCCESS,hbar,0.0.3964804,0.0.4138717@1771897133.149367454
0.0.3012601,0.2045952182051224,SUCCESS,hbar,0.0.3964804,0.0.4138717@1771897132.401564209
0.0.5012902,0.004114803413858895,SUCCESS,hbar,0.0.3964804,0.0.4138717@1771897135.068393219
0.0.9636419,0.2256190240680537,SUCCESS,hbar,0.0.3964804,0.0.4138717@1771897134.218068351
0.0.5805332,0.7222713953717277,SUCCESS,hbar,0.0.3964804,0.0.4138717@1771897135.088016951
0.0.9602777,0.01033001484444892,SUCCESS,hbar,0.0.3964804,0.0.4138717@1771897132.517350010
0.0.1031509,1.82331120138583,SUCCESS,hbar,0.0.3964804,0.0.4138717@1771897136.571563672
0.0.9590994,6.819247985225228,SUCCESS,hbar,0.0.3964804,0.0.4138717@1771897132.864739443
0.0.9365757,0.3895295569437438,SUCCESS,hbar,0.0.3964804,0.0.4138717@1771897136.787789118
0.0.8080965,0.005697700709588395,SUCCESS,hbar,0.0.3964804,0.0.4138717@1771897137.953627307
0.0.8070994,0.9367160766689748,SUCCESS,hbar,0.0.3964804,0.0.4138717@1771897135.486765094
0.0.8392843,0.2068116799094629,SUCCESS,hbar,0.0.3964804,0.0.4138717@1771897138.060229477
0.0.190191,0.04481643660094937,SUCCESS,hbar,0.0.3964804,0.0.4138717@1771897135.311915724
0.0.5316018,0.914399414446912,SUCCESS,hbar,0.0.3964804,0.0.4138717@1771897139.531313376
0.0.9504249,1.133178132379372,SUCCESS,hbar,0.0.3964804,0.0.4138717@1771897139.163087301
0.0.4594903,0.01801936058599628,SUCCESS,hbar,0.0.3964804,0.0.4138717@1771897138.511210644
0.0.887615,0.00619581431969377,SUCCESS,hbar,0.0.3964804,0.0.4138717@1771897141.468729873
0.0.1056474,2.351690803405132,SUCCESS,hbar,0.0.3964804,0.0.4138717@1771897140.890185682
0.0.9450539,0.5861833109210809,SUCCESS,hbar,0.0.3964804,0.0.4138717@1771897140.604634159
0.0.9449215,0.6367991167005465,SUCCESS,hbar,0.0.3964804,0.0.4138717@1771897141.650624736
0.0.9444587,1.145963392482035,SUCCESS,hbar,0.0.3964804,0.0.4138717@1771897141.497323244
0.0.8357708,9.491064186790638,SUCCESS,hbar,0.0.3964804,0.0.4138717@1771897139.036950112
0.0.1459865,0.95920990573439,SUCCESS,hbar,0.0.3964804,0.0.4138717@1771897143.226271104
0.0.7684662,0.3215325076292071,SUCCESS,hbar,0.0.3964804,0.0.4138717@1771897140.468663825
0.0.5524338,0.02764786912088426,SUCCESS,hbar,0.0.3964804,0.0.4138717@1771897141.978986565
0.0.8198608,0.2276175986609872,SUCCESS,hbar,0.0.3964804,0.0.4138717@1771897142.398878139
0.0.8385016,0.1861470173462771,SUCCESS,hbar,0.0.3964804,0.0.4138717@1771897143.461457557
0.0.8414409,0.009095872959474212,SUCCESS,hbar,0.0.3964804,0.0.4138717@1771897144.368116011
0.0.1714233,0.1627780108606454,SUCCESS,hbar,0.0.3964804,0.0.4138717@1771897143.928789100
0.0.3077609,1.47522344314994,SUCCESS,hbar,0.0.3964804,0.0.4138717@1771897145.577852287
0.0.8357089,0.3588256889390937,SUCCESS,hbar,0.0.3964804,0.0.4138717@1771897143.988450691
0.0.1365814,0.1749224514223365,SUCCESS,hbar,0.0.3964804,0.0.4138717@1771897143.305910823
0.0.8346544,1.708852804860839,SUCCESS,hbar,0.0.3964804,0.0.4138717@1771897144.159315171
0.0.8323906,9.570044394077357,SUCCESS,hbar,0.0.3964804,0.0.4138717@1771897147.623494006
0.0.8156060,0.0599111633445455,SUCCESS,hbar,0.0.3964804,0.0.4138717@1771897146.931274072
0.0.8306798,0.01234126012550753,SUCCESS,hbar,0.0.3964804,0.0.4138717@1771897146.163604657
0.0.8298814,0.9486824626320948,SUCCESS,hbar,0.0.3964804,0.0.4138717@1771897146.479136209
0.0.7964752,0.002350746800062637,SUCCESS,hbar,0.0.3964804,0.0.4138717@1771897147.935861941
0.0.2025203,0.04696479905575414,SUCCESS,hbar,0.0.3964804,0.0.4138717@1771897149.634078907
0.0.7049977,0.004709053472545986,SUCCESS,hbar,0.0.3964804,0.0.4138717@1771897150.678250690
0.0.4867972,0.018742035193408,SUCCESS,hbar,0.0.3964804,0.0.4138717@1771897152.307834021
0.0.8826517,4.107449687475968,SUCCESS,hbar,0.0.3964804,0.0.4138717@1771897149.896341739
0.0.9169121,0.1839992495669356,SUCCESS,hbar,0.0.3964804,0.0.4138717@1771897152.806817550
0.0.958821,8.922965064859026,SUCCESS,hbar,0.0.3964804,0.0.4138717@1771897154.303857600
0.0.877394,0.003828609198185417,SUCCESS,hbar,0.0.3964804,0.0.4138717@1771897154.168198898
0.0.53756,1.958827943753574,SUCCESS,hbar,0.0.3964804,0.0.4138717@1771897152.334768205
0.0.689277,4.51172923187541,SUCCESS,hbar,0.0.3964804,0.0.4138717@1771897151.876368476
0.0.1090802,0.04111235315224383,SUCCESS,hbar,0.0.3964804,0.0.4138717@1771897152.661522984
0.0.2091507,1.680309869379873,SUCCESS,hbar,0.0.3964804,0.0.4138717@1771897155.150841690
0.0.7550890,0.07103389309338086,SUCCESS,hbar,0.0.3964804,0.0.4138717@1771897156.400775570
0.0.9095016,1.107088467045374,SUCCESS,hbar,0.0.3964804,0.0.4138717@1771897155.026741193
0.0.4785387,0.2283777084097952,SUCCESS,hbar,0.0.3964804,0.0.4138717@1771897157.635027672
0.0.9065767,0.4319187928223442,SUCCESS,hbar,0.0.3964804,0.0.4138717@1771897155.879001929
0.0.8767225,0.159758322685105,SUCCESS,hbar,0.0.3964804,0.0.4138717@1771897160.616069177
0.0.9009997,0.2369241151943026,SUCCESS,hbar,0.0.3964804,0.0.4138717@1771897160.013985585
0.0.7788265,0.10451439916235,SUCCESS,hbar,0.0.3964804,0.0.4138717@1771897157.346436716
0.0.8792600,0.001687808122469705,SUCCESS,hbar,0.0.3964804,0.0.4138717@1771897158.750121332
0.0.8256574,0.003379595225145596,SUCCESS,hbar,0.0.3964804,0.0.4138717@1771897160.021674942
0.0.8342430,0.05342593726818119,SUCCESS,hbar,0.0.3964804,0.0.4138717@1771897160.595407474
0.0.7571260,0.09927963209989704,SUCCESS,hbar,0.0.3964804,0.0.4138717@1771897162.761462935
0.0.8585468,0.000520816023915034,SUCCESS,hbar,0.0.3964804,0.0.4138717@1771897159.830251194
0.0.5580759,0.01487609381171796,SUCCESS,hbar,0.0.3964804,0.0.4138717@1771897159.059562772
0.0.9104016,0.3797545758467445,SUCCESS,hbar,0.0.3964804,0.0.4138717@1771897161.553039288
0.0.8041705,0.01628086578058663,SUCCESS,hbar,0.0.3964804,0.0.4138717@1771897164.792054089
0.0.8514597,2.294902345207245,SUCCESS,hbar,0.0.3964804,0.0.4138717@1771897160.646251815
0.0.8903303,0.3559473477365725,FAIL,hbar,0.0.3964804,
0.0.3288501,0.04226791743308125,SUCCESS,hbar,0.0.3964804,0.0.4138717@1771897163.343803093
0.0.4724806,0.003580387087421381,SUCCESS,hbar,0.0.3964804,0.0.4138717@1771897164.171784264
0.0.8717466,0.000593744847807425,SUCCESS,hbar,0.0.3964804,0.0.4138717@1771897165.343521977
0.0.1056579,2.004187940328271,SUCCESS,hbar,0.0.3964804,0.0.4138717@1771897166.834658240
0.0.2185671,0.03054452583009814,SUCCESS,hbar,0.0.3964804,0.0.4138717@1771897164.131696696
0.0.6045318,0.128647025224595,SUCCESS,hbar,0.0.3964804,0.0.4138717@1771897168.651820469
0.0.9149385,0.03591583941444704,SUCCESS,hbar,0.0.3964804,0.0.4138717@1771897168.556839111
0.0.5719491,0.02289327660666013,SUCCESS,hbar,0.0.3964804,0.0.4138717@1771897165.324185284
0.0.8551680,0.1253441925631056,SUCCESS,hbar,0.0.3964804,0.0.4138717@1771897166.097168293
0.0.840324,1.058542072273515,SUCCESS,hbar,0.0.3964804,0.0.4138717@1771897170.092776519
0.0.919311,51.76089119441674,SUCCESS,hbar,0.0.3964804,0.0.4138717@1771897168.971240132
0.0.7920736,1.241948443621431,SUCCESS,hbar,0.0.3964804,0.0.4138717@1771897166.387367590
0.0.8382708,0.004625822097285266,SUCCESS,hbar,0.0.3964804,0.0.4138717@1771897168.524845957
0.0.7550116,0.03437229179231557,SUCCESS,hbar,0.0.3964804,0.0.4138717@1771897167.112526751
0.0.4838474,1.244881213825155,SUCCESS,hbar,0.0.3964804,0.0.4138717@1771897171.178444450
0.0.4319619,0.05444570828277461,SUCCESS,hbar,0.0.3964804,0.0.4138717@1771897170.302422538
0.0.8120693,0.6314517806836113,SUCCESS,hbar,0.0.3964804,0.0.4138717@1771897170.218337539
0.0.2017766,0.4247572115862667,SUCCESS,hbar,0.0.3964804,0.0.4138717@1771897171.269178677
0.0.6295630,0.01750813066445199,SUCCESS,hbar,0.0.3964804,0.0.4138717@1771897172.872544641
0.0.1378130,0.9667764221588986,SUCCESS,hbar,0.0.3964804,0.0.4138717@1771897171.573099173
0.0.3681629,1.934768860873014,SUCCESS,hbar,0.0.3964804,0.0.4138717@1771897171.653364598
0.0.853379,7.167158771726037,SUCCESS,hbar,0.0.3964804,0.0.4138717@1771897175.334990777
0.0.9272301,0.270056447326111,SUCCESS,hbar,0.0.3964804,0.0.4138717@1771897174.103359359
0.0.9273859,0.02239920763044506,SUCCESS,hbar,0.0.3964804,0.0.4138717@1771897171.129442079
0.0.2149252,0.0000332130635205831,SUCCESS,hbar,0.0.3964804,0.0.4138717@1771897175.973130584
0.0.9150672,0.009996604879927411,SUCCESS,hbar,0.0.3964804,0.0.4138717@1771897177.161229885
0.0.8291825,0.5583086505978037,SUCCESS,hbar,0.0.3964804,0.0.4138717@1771897174.478546788
0.0.9144684,0.04604418979501874,SUCCESS,hbar,0.0.3964804,0.0.4138717@1771897176.854182837
0.0.6094118,0.006740356982904465,SUCCESS,hbar,0.0.3964804,0.0.4138717@1771897173.733167950
0.0.4310363,0.1093849868826716,SUCCESS,hbar,0.0.3964804,0.0.4138717@1771897176.089947973
0.0.9201440,0.02271673434109896,SUCCESS,hbar,0.0.3964804,0.0.4138717@1771897177.819069338
0.0.7993090,2.622146190711477,SUCCESS,hbar,0.0.3964804,0.0.4138717@1771897177.048210718
0.0.4795853,0.5949135617761395,SUCCESS,hbar,0.0.3964804,0.0.4138717@1771897179.674611579
0.0.7787466,2.47272335087643,SUCCESS,hbar,0.0.3964804,0.0.4138717@1771897179.269621686
0.0.7965335,0.6633704776846022,SUCCESS,hbar,0.0.3964804,0.0.4138717@1771897180.197771681
0.0.6294131,0.00000827380282644405,SUCCESS,hbar,0.0.3964804,0.0.4138717@1771897179.773318518
0.0.844131,0.1072488367639498,SUCCESS,hbar,0.0.3964804,0.0.4138717@1771897180.165287309
0.0.7924085,0.006616786013648071,SUCCESS,hbar,0.0.3964804,0.0.4138717@1771897180.517928926
0.0.8177027,0.1197596682648756,SUCCESS,hbar,0.0.3964804,0.0.4138717@1771897180.471504265
0.0.7732467,0.05577261495357051,SUCCESS,hbar,0.0.3964804,0.0.4138717@1771897183.984633968
0.0.1021958,1.498833110891306,SUCCESS,hbar,0.0.3964804,0.0.4138717@1771897181.524001506
0.0.981571,0.02846785600177195,SUCCESS,hbar,0.0.3964804,0.0.4138717@1771897184.665180136
0.0.3847179,0.2128046129704112,SUCCESS,hbar,0.0.3964804,0.0.4138717@1771897181.077279051
0.0.1467538,0.3268313127365384,SUCCESS,hbar,0.0.3964804,0.0.4138717@1771897184.388846017
0.0.8131537,0.3531718436124527,SUCCESS,hbar,0.0.3964804,0.0.4138717@1771897181.870439838
0.0.2116216,1.132179599738823,SUCCESS,hbar,0.0.3964804,0.0.4138717@1771897182.675679248
0.0.4315395,0.03400965446809837,SUCCESS,hbar,0.0.3964804,0.0.4138717@1771897182.862923605
0.0.4388693,0.04528139898644557,SUCCESS,hbar,0.0.3964804,0.0.4138717@1771897182.840176798
0.0.8083173,0.1745740760215574,SUCCESS,hbar,0.0.3964804,0.0.4138717@1771897184.731924892
0.0.8076778,0.0005960915116647938,SUCCESS,hbar,0.0.3964804,0.0.4138717@1771897185.755815413
0.0.7583284,0.07925370821450431,SUCCESS,hbar,0.0.3964804,0.0.4138717@1771897188.038744425
0.0.1673276,0.8502637690587803,SUCCESS,hbar,0.0.3964804,0.0.4138717@1771897187.395408538
0.0.4804985,0.06224685972013989,SUCCESS,hbar,0.0.3964804,0.0.4138717@1771897185.815084190
0.0.4343570,0.1203607394344387,SUCCESS,hbar,0.0.3964804,0.0.4138717@1771897188.327177371
0.0.7732676,8.415035674702597,SUCCESS,hbar,0.0.3964804,0.0.4138717@1771897190.009400605
0.0.1404010,0.00172515371535766,SUCCESS,hbar,0.0.3964804,0.0.4138717@1771897188.027368571
0.0.8244642,97.30364213042375,SUCCESS,hbar,0.0.3964804,0.0.4138717@1771897187.169159279
0.0.6469391,0.599190246681016,SUCCESS,hbar,0.0.3964804,0.0.4138717@1771897190.871573184
0.0.4853295,0.2631085772216112,SUCCESS,hbar,0.0.3964804,0.0.4138717@1771897192.190920553
0.0.658160,0.001504590908861505,SUCCESS,hbar,0.0.3964804,0.0.4138717@1771897188.973824844
0.0.7920282,0.00267240440972611,SUCCESS,hbar,0.0.3964804,0.0.4138717@1771897188.500189514
0.0.4743054,0.0001508776396833951,SUCCESS,hbar,0.0.3964804,0.0.4138717@1771897191.459101247
0.0.7285744,0.007519856344991213,SUCCESS,hbar,0.0.3964804,0.0.4138717@1771897192.576802340
0.0.8054459,0.1535805054620987,SUCCESS,hbar,0.0.3964804,0.0.4138717@1771897190.996186666
0.0.6148704,0.02888342758782451,SUCCESS,hbar,0.0.3964804,0.0.4138717@1771897193.731310667
0.0.7816479,0.009239661763771112,SUCCESS,hbar,0.0.3964804,0.0.4138717@1771897191.570336650
0.0.1261132,0.1700616867787155,SUCCESS,hbar,0.0.3964804,0.0.4138717@1771897195.399156153
0.0.9303899,0.6393256155423896,SUCCESS,hbar,0.0.3964804,0.0.4138717@1771897194.766723954
0.0.1369825,6.918799467001067,SUCCESS,hbar,0.0.3964804,0.0.4138717@1771897196.032123696
0.0.8209705,0.04143662707103932,SUCCESS,hbar,0.0.3964804,0.0.4138717@1771897192.996716820
0.0.7166497,0.02397572029027682,SUCCESS,hbar,0.0.3964804,0.0.4138717@1771897194.558757971
0.0.8002341,0.0878399641066493,SUCCESS,hbar,0.0.3964804,0.0.4138717@1771897197.342128049
0.0.7291414,0.5597038050324944,SUCCESS,hbar,0.0.3964804,0.0.4138717@1771897197.682198060
0.0.7938061,0.01947870539673538,SUCCESS,hbar,0.0.3964804,0.0.4138717@1771897197.661486304
0.0.3241611,0.144113900421254,SUCCESS,hbar,0.0.3964804,0.0.4138717@1771897195.776714882
0.0.8227507,0.1717553180450415,SUCCESS,hbar,0.0.3964804,0.0.4138717@1771897197.223285324
0.0.4606261,0.002812721780731666,SUCCESS,hbar,0.0.3964804,0.0.4138717@1771897195.011633822
0.0.1754370,0.01415743419815564,SUCCESS,hbar,0.0.3964804,0.0.4138717@1771897198.573050484
0.0.844167,0.1271517579131985,SUCCESS,hbar,0.0.3964804,0.0.4138717@1771897197.023257394
0.0.4329551,0.474232274134821,SUCCESS,hbar,0.0.3964804,0.0.4138717@1771897198.036939144
0.0.5029689,0.1833277988901131,SUCCESS,hbar,0.0.3964804,0.0.4138717@1771897198.374755187
0.0.834666,3.506786538475628,SUCCESS,hbar,0.0.3964804,0.0.4138717@1771897198.348992646
0.0.4323897,0.006973907662417979,SUCCESS,hbar,0.0.3964804,0.0.4138717@1771897199.378301260
0.0.4782567,1.257671953197731,SUCCESS,hbar,0.0.3964804,0.0.4138717@1771897202.196896452
0.0.4340392,0.02537137775189608,SUCCESS,hbar,0.0.3964804,0.0.4138717@1771897200.150980900
0.0.836096,0.05252249201553451,SUCCESS,hbar,0.0.3964804,0.0.4138717@1771897201.952878428
0.0.1415516,4.214567578043596,SUCCESS,hbar,0.0.3964804,0.0.4138717@1771897199.269786940
0.0.837799,0.6127391459405065,SUCCESS,hbar,0.0.3964804,0.0.4138717@1771897204.157450014
0.0.4144365,0.90306659125472,SUCCESS,hbar,0.0.3964804,0.0.4138717@1771897201.434420175
0.0.2005484,0.009775791265776186,SUCCESS,hbar,0.0.3964804,0.0.4138717@1771897201.607978099
0.0.4644030,0.01185515944451364,SUCCESS,hbar,0.0.3964804,0.0.4138717@1771897204.559414517
0.0.876236,0.06999746625730545,SUCCESS,hbar,0.0.3964804,0.0.4138717@1771897205.614860562
0.0.1505544,0.003499070687685815,SUCCESS,hbar,0.0.3964804,0.0.4138717@1771897203.549213504
0.0.10261941,0.1120162543919203,SUCCESS,hbar,0.0.3964804,0.0.4138717@1771897206.251659921
0.0.7935176,0.9997178254708587,SUCCESS,hbar,0.0.3964804,0.0.4138717@1771897206.384408532
0.0.10242536,0.5316232981249821,SUCCESS,hbar,0.0.3964804,0.0.4138717@1771897206.816453579
0.0.1046906,0.01156481082002729,SUCCESS,hbar,0.0.3964804,0.0.4138717@1771897207.036037339
0.0.4322023,0.2686820539079756,SUCCESS,hbar,0.0.3964804,0.0.4138717@1771897206.606942762
0.0.5060252,0.0120452016208629,SUCCESS,hbar,0.0.3964804,0.0.4138717@1771897207.594513660
0.0.3295745,1.739541733628212,SUCCESS,hbar,0.0.3964804,0.0.4138717@1771897209.871192569
0.0.4758052,0.08058682943452798,SUCCESS,hbar,0.0.3964804,0.0.4138717@1771897205.332717765
0.0.4640278,0.04374683286139474,SUCCESS,hbar,0.0.3964804,0.0.4138717@1771897209.086396301
0.0.1747288,1.758517818828143,SUCCESS,hbar,0.0.3964804,0.0.4138717@1771897211.573150399
0.0.4741573,0.4249612853108705,SUCCESS,hbar,0.0.3964804,0.0.4138717@1771897212.053672794
0.0.4923529,0.0008347054904169218,SUCCESS,hbar,0.0.3964804,0.0.4138717@1771897211.091387976
0.0.4044502,1.103818275008053,SUCCESS,hbar,0.0.3964804,0.0.4138717@1771897210.273126445
0.0.2030460,2.977604723809428,SUCCESS,hbar,0.0.3964804,0.0.4138717@1771897209.517925870
0.0.4362017,0.7511258086016523,SUCCESS,hbar,0.0.3964804,0.0.4138717@1771897208.852330206
0.0.789990,0.03336823516713847,SUCCESS,hbar,0.0.3964804,0.0.4138717@1771897209.588346317
0.0.840487,1.470600114195799,SUCCESS,hbar,0.0.3964804,0.0.4138717@1771897209.645802340
0.0.5314183,0.1775963954276701,SUCCESS,hbar,0.0.3964804,0.0.4138717@1771897212.510389376
0.0.1372179,0.08204027162035332,SUCCESS,hbar,0.0.3964804,0.0.4138717@1771897211.560449582
0.0.2302824,0.00112842616977709,SUCCESS,hbar,0.0.3964804,0.0.4138717@1771897215.570097345
0.0.4433604,0.03578852021606501,SUCCESS,hbar,0.0.3964804,0.0.4138717@1771897214.124349884
0.0.4345176,0.04553102583620872,SUCCESS,hbar,0.0.3964804,0.0.4138717@1771897216.016155375
0.0.5432163,0.02028621098047188,SUCCESS,hbar,0.0.3964804,0.0.4138717@1771897215.971492088
0.0.9226909,0.08560277837739122,SUCCESS,hbar,0.0.3964804,0.0.4138717@1771897216.162448514
0.0.2154173,1.734716939718257,SUCCESS,hbar,0.0.3964804,0.0.4138717@1771897215.708755617
0.0.5482082,0.2164258512159888,SUCCESS,hbar,0.0.3964804,0.0.4138717@1771897217.324612597
0.0.9695749,1.044487272434174,SUCCESS,hbar,0.0.3964804,0.0.4138717@1771897218.374230856
0.0.834767,0.4080668700211876,SUCCESS,hbar,0.0.3964804,0.0.4138717@1771897218.190608491
0.0.9612822,0.05129822340108863,SUCCESS,hbar,0.0.3964804,0.0.4138717@1771897221.508560690
0.0.9174064,2.439105576548311,SUCCESS,hbar,0.0.3964804,0.0.4138717@1771897217.845819322
0.0.6258977,0.05052707721289135,SUCCESS,hbar,0.0.3964804,0.0.4138717@1771897217.615499343
0.0.946029,0.1687754357899242,SUCCESS,hbar,0.0.3964804,0.0.4138717@1771897218.972317529
0.0.1461428,0.5141713536371174,SUCCESS,hbar,0.0.3964804,0.0.4138717@1771897220.562123280
0.0.4154591,1.822325719004004,SUCCESS,hbar,0.0.3964804,0.0.4138717@1771897223.194806145
0.0.1517175,0.2884451478321801,SUCCESS,hbar,0.0.3964804,0.0.4138717@1771897223.015209381
0.0.8443763,4.886494296501786,SUCCESS,hbar,0.0.3964804,0.0.4138717@1771897223.017899895
0.0.2657839,2.065178334953501,SUCCESS,hbar,0.0.3964804,0.0.4138717@1771897223.138222209
0.0.9464371,13.4313514828236,SUCCESS,hbar,0.0.3964804,0.0.4138717@1771897222.199928043
0.0.9477910,1.31713464476085,SUCCESS,hbar,0.0.3964804,0.0.4138717@1771897224.653054590
0.0.1736150,0.771552001703282,SUCCESS,hbar,0.0.3964804,0.0.4138717@1771897224.193229068
0.0.9405888,0.004493570439852428,SUCCESS,hbar,0.0.3964804,0.0.4138717@1771897224.777790940
0.0.915984,7.814116295736062,SUCCESS,hbar,0.0.3964804,0.0.4138717@1771897225.934642950
0.0.9404882,0.1422066991666866,SUCCESS,hbar,0.0.3964804,0.0.4138717@1771897225.061509531
0.0.874926,1.391310340209842,SUCCESS,hbar,0.0.3964804,0.0.4138717@1771897225.738175773
0.0.966444,1.10799408342205,SUCCESS,hbar,0.0.3964804,0.0.4138717@1771897227.392043190
0.0.9997124,4.687927946856551,SUCCESS,hbar,0.0.3964804,0.0.4138717@1771897226.105626448
0.0.10056907,1.130134875279321,SUCCESS,hbar,0.0.3964804,0.0.4138717@1771897226.138334974
0.0.7164995,1.89282873134113,SUCCESS,hbar,0.0.3964804,0.0.4138717@1771897227.186719172
0.0.1486871,9.332185765004308,SUCCESS,hbar,0.0.3964804,0.0.4138717@1771897230.113679241
0.0.1703792,0.08770858262697262,SUCCESS,hbar,0.0.3964804,0.0.4138717@1771897230.968980831
0.0.1711144,0.05037133207402304,SUCCESS,hbar,0.0.3964804,0.0.4138717@1771897228.359740895
0.0.10167174,0.08044831636527115,SUCCESS,hbar,0.0.3964804,0.0.4138717@1771897226.926544960
0.0.9690555,0.08837337449779802,SUCCESS,hbar,0.0.3964804,0.0.4138717@1771897227.332581978
0.0.4911466,0.00292988696823465,SUCCESS,hbar,0.0.3964804,0.0.4138717@1771897229.381884603
0.0.2891280,0.2692108736536712,SUCCESS,hbar,0.0.3964804,0.0.4138717@1771897229.505352750
0.0.8629477,0.3894640105186346,SUCCESS,hbar,0.0.3964804,0.0.4138717@1771897230.252865450
0.0.10068662,0.01652638807445538,SUCCESS,hbar,0.0.3964804,0.0.4138717@1771897233.161426075
0.0.6460255,1.428693505161998,SUCCESS,hbar,0.0.3964804,0.0.4138717@1771897230.957542364
0.0.3161254,5156.866819192062,SUCCESS,hbar,0.0.3964804,0.0.4138717@1771897233.456985962
0.0.3907868,0.001634955287153218,SUCCESS,hbar,0.0.3964804,0.0.4138717@1771897235.026868881
0.0.1043461,22.23559803881612,SUCCESS,hbar,0.0.3964804,0.0.4138717@1771897231.778952153
0.0.9317309,0.0001744323262659967,SUCCESS,hbar,0.0.3964804,0.0.4138717@1771897233.567142576
0.0.1404223,0.008898400222156645,SUCCESS,hbar,0.0.3964804,0.0.4138717@1771897236.908177104
0.0.7550127,0.06400579742110374,SUCCESS,hbar,0.0.3964804,0.0.4138717@1771897233.387809932
0.0.6064013,0.37778855542776,SUCCESS,hbar,0.0.3964804,0.0.4138717@1771897238.803873106
0.0.683815,0.01063431624533638,SUCCESS,hbar,0.0.3964804,0.0.4138717@1771897238.076582091
0.0.1696471,8.50014427607046,SUCCESS,hbar,0.0.3964804,0.0.4138717@1771897238.701051610
0.0.4762160,3.318280790937028,SUCCESS,hbar,0.0.3964804,0.0.4138717@1771897237.061604577
0.0.955353,0.03028966033734224,SUCCESS,hbar,0.0.3964804,0.0.4138717@1771897237.181389843
0.0.937712,2.594136670791062,SUCCESS,hbar,0.0.3964804,0.0.4138717@1771897237.155800108
0.0.857763,0.3094320880270048,SUCCESS,hbar,0.0.3964804,0.0.4138717@1771897241.395048895
0.0.638522,6.531192934134473,SUCCESS,hbar,0.0.3964804,0.0.4138717@1771897238.453518509
0.0.4814986,0.004183806411345576,SUCCESS,hbar,0.0.3964804,0.0.4138717@1771897242.068606336
0.0.1093612,0.06809439787088854,SUCCESS,hbar,0.0.3964804,0.0.4138717@1771897239.960331166
0.0.5313474,0.04765547421225702,SUCCESS,hbar,0.0.3964804,0.0.4138717@1771897238.801037935
0.0.3450,0.033645949653532,SUCCESS,hbar,0.0.3964804,0.0.4138717@1771897243.1940869220.0.1427613,3.624457700021459,SUCCESS,0.0.731861,0.0.3948521,0.0.4138717@1771895961.759429930
0.0.732798,2.968044011527166,SUCCESS,0.0.731861,0.0.3948521&0.0.3964790&0.0.3964804&0.0.4129330,0.0.4138717@1771895962.175628646
0.0.7550890,2.057023585339393,SUCCESS,0.0.731861,0.0.3948521&0.0.3964804,0.0.4138717@1771895960.824502185
0.0.3961176,0.03572955455367305,NOT_ASSOCIATED,0.0.731861,0.0.3948521,
0.0.1930336,1055.937598772146,SUCCESS,0.0.731861,0.0.3948521&0.0.3964782,0.0.4138717@1771895962.617287409
0.0.4702708,166.889543224157,SUCCESS,0.0.731861,0.0.3948521&0.0.3951117&0.0.3964827,0.0.4138717@1771895957.924896947
0.0.7951,12344.25050371236,SUCCESS,0.0.731861,0.0.3948521&0.0.3964782&0.0.3964790&0.0.3964855&0.0.5328590&0.0.6078473,0.0.4138717@1771895961.704338070
0.0.1325925,659.1773885363192,SUCCESS,0.0.731861,0.0.3948521&0.0.3964782,0.0.4138717@1771895961.406745521
0.0.4777259,2.103071110128546,SUCCESS,0.0.731861,0.0.3948521,0.0.4138717@1771895958.582471840
0.0.1085174,2101.0650968649,SUCCESS,0.0.731861,0.0.3948521&0.0.3964790,0.0.4138717@1771895961.423704854
0.0.628683,2.43290282034747,SUCCESS,0.0.731861,0.0.3948521,0.0.4138717@1771895961.454296739
0.0.1152713,40189.51571245525,SUCCESS,0.0.731861,0.0.3948521&0.0.3961531&0.0.3964782&0.0.3964790,0.0.4138717@1771895961.675550821
0.0.3918882,0.1619638003709122,SUCCESS,0.0.731861,0.0.3948521,0.0.4138717@1771895966.346810834
0.0.165981,0.0006162665038729712,SUCCESS,0.0.731861,0.0.3948521,0.0.4138717@1771895964.870504312
0.0.6440477,7.99658450746522,SUCCESS,0.0.731861,0.0.3948521&0.0.3951117&0.0.3964804,0.0.4138717@1771895965.250248469
0.0.2960520,1.242890740440108,SUCCESS,0.0.731861,0.0.3948521,0.0.4138717@1771895962.881157597
0.0.5687394,1.482961020974117,NOT_ASSOCIATED,0.0.731861,0.0.3948521,
0.0.1096529,31.89758363932364,SUCCESS,0.0.731861,0.0.3948521&0.0.3961531&0.0.3964804,0.0.4138717@1771895964.916780024
0.0.4744252,0.06183556651639027,SUCCESS,0.0.731861,0.0.3948521,0.0.4138717@1771895963.944401880
0.0.4544530,684.7281198976412,SUCCESS,0.0.731861,0.0.3948521&0.0.3951117&0.0.3961531&0.0.3964782&0.0.3964790&0.0.3964795&0.0.3964800&0.0.3964804&0.0.3964808&0.0.3964809&0.0.3964821&0.0.3964825&0.0.3964827&0.0.3964834&0.0.3964837&0.0.3964855&0.0.3964860&0.0.3964840&0.0.4129330&0.0.4601632&0.0.5328590&0.0.6071041&0.0.6078459&0.0.6078473,0.0.4138717@1771895965.427676901
0.0.1181772,1.078875357113275,SUCCESS,0.0.731861,0.0.3948521&0.0.3964804&0.0.6126395,0.0.4138717@1771895965.819696519
0.0.5310061,15.081912757973,SUCCESS,0.0.731861,0.0.3948521&0.0.3951117&0.0.3964804,0.0.4138717@1771895966.597251460
0.0.5118079,27.09153006333053,SUCCESS,0.0.731861,0.0.3948521&0.0.3951117&0.0.3964804&0.0.3964808,0.0.4138717@1771895967.868523643
0.0.5182107,7.788325684762294,NOT_ASSOCIATED,0.0.731861,0.0.3948521&0.0.3951117&0.0.3964804,
0.0.5118232,7.898720318834057,SUCCESS,0.0.731861,0.0.3948521&0.0.3951117&0.0.3964804,0.0.4138717@1771895970.384120505
0.0.5119346,82.4618968882578,SUCCESS,0.0.731861,0.0.3948521&0.0.3951117&0.0.3964804,0.0.4138717@1771895968.592123105
0.0.1265153,0.1075048450026259,SUCCESS,0.0.731861,0.0.3948521&0.0.3951117&0.0.3964795&0.0.3964825&0.0.3964827&0.0.3964840,0.0.4138717@1771895968.215438781
0.0.3210690,0.1052057120911393,SUCCESS,0.0.731861,0.0.3948521,0.0.4138717@1771895971.201431430
0.0.3870061,312.9046225605377,SUCCESS,0.0.731861,0.0.3948521&0.0.4601632,0.0.4138717@1771895969.765455643
0.0.428115,0.00008457347177196758,SUCCESS,0.0.731861,0.0.3948521,0.0.4138717@1771895968.073364156
0.0.2964523,301.8264548279777,SUCCESS,0.0.731861,0.0.3948521&0.0.3964804&0.0.3964808,0.0.4138717@1771895967.225256976
0.0.862835,62.27036031256942,SUCCESS,0.0.731861,0.0.3948521&0.0.3964804&0.0.3964827&0.0.6071911,0.0.4138717@1771895971.992958439
0.0.7789171,4.241588968719001e-11,SUCCESS,0.0.731861,0.0.3948521,0.0.4138717@1771895970.920246327
0.0.7730513,0.0009609158249705516,SUCCESS,0.0.731861,0.0.3948521,0.0.4138717@1771895971.553668011
0.0.6033605,0.003205125588359474,SUCCESS,0.0.731861,0.0.3948521,0.0.4138717@1771895973.193581835
0.0.3971792,0.2570205893301441,SUCCESS,0.0.731861,0.0.3948521,0.0.4138717@1771895970.439651814
0.0.4313767,0.1678334270640943,SUCCESS,0.0.731861,0.0.3948521,0.0.4138717@1771895971.951136915
0.0.4093788,18.79661760125944,SUCCESS,0.0.731861,0.0.3948521&0.0.3964804,0.0.4138717@1771895972.884360992
0.0.4712184,0.1386703368612895,SUCCESS,0.0.731861,0.0.3948521&0.0.3961531&0.0.3964782&0.0.3964790&0.0.3964837&0.0.3964840,0.0.4138717@1771895973.690166274
0.0.707587,111.5786197230571,SUCCESS,0.0.731861,0.0.3948521&0.0.3964804,0.0.4138717@1771895972.398906466
0.0.3958740,0.001324212463494576,SUCCESS,0.0.731861,0.0.3948521,0.0.4138717@1771895975.466729523
0.0.1105470,0.1649694312073927,SUCCESS,0.0.731861,0.0.3948521,0.0.4138717@1771895976.948716896
0.0.3241044,201.7035721013677,SUCCESS,0.0.731861,0.0.3951117&0.0.3964834&0.0.3964840,0.0.4138717@1771895979.171250625
0.0.834595,29.78468751143579,SUCCESS,0.0.731861,0.0.3951117&0.0.3964804&0.0.5328590,0.0.4138717@1771895977.509129578
0.0.4370057,0.5708529920454074,SUCCESS,0.0.731861,0.0.3951117,0.0.4138717@1771895978.832609820
0.0.973828,81.19733893017221,SUCCESS,0.0.731861,0.0.3951117,0.0.4138717@1771895975.229064674
0.0.9275976,455.8321623640022,SUCCESS,0.0.731861,0.0.3951117&0.0.3964804,0.0.4138717@1771895975.878606944
0.0.664329,7.091634550656553,SUCCESS,0.0.731861,0.0.3951117&0.0.6071119&0.0.6126395,0.0.4138717@1771895977.120557034
0.0.5060163,0.9975415602812154,SUCCESS,0.0.731861,0.0.3951117,0.0.4138717@1771895976.151744863
0.0.5352069,1.185833204577935,SUCCESS,0.0.731861,0.0.3951117,0.0.4138717@1771895977.444151929
0.0.5688804,10.73534666578076,SUCCESS,0.0.731861,0.0.3951117&0.0.3964827,0.0.4138717@1771895982.520187595
0.0.8071373,3.333756557071675,SUCCESS,0.0.731861,0.0.3951117,0.0.4138717@1771895983.464804501
0.0.2136428,5.943627492559738,SUCCESS,0.0.731861,0.0.3951117,0.0.4138717@1771895981.044174980
0.0.8382774,0.6672840506089079,SUCCESS,0.0.731861,0.0.3951117&0.0.3964804&0.0.6071119,0.0.4138717@1771895984.334613418
0.0.4343858,39.05197747090099,SUCCESS,0.0.731861,0.0.3951117&0.0.5328590,0.0.4138717@1771895985.303060062
0.0.7786995,154.821759349322,SUCCESS,0.0.731861,0.0.3951117,0.0.4138717@1771895982.018252946
0.0.10076636,24.04206587456901,SUCCESS,0.0.731861,0.0.3951117,0.0.4138717@1771895985.750602905
0.0.9299646,13.67676142801869,SUCCESS,0.0.731861,0.0.3951117,0.0.4138717@1771895983.759618723
0.0.9344085,21.11035991448852,SUCCESS,0.0.731861,0.0.3951117&0.0.3964827&0.0.5328590,0.0.4138717@1771895985.151526887
0.0.10122546,0.03300995489393421,SUCCESS,0.0.731861,0.0.3951117,0.0.4138717@1771895985.153550159
0.0.8011568,106.6190640044614,SUCCESS,0.0.731861,0.0.3951117&0.0.5328590,0.0.4138717@1771895985.058080199
0.0.837404,352.5275138871131,SUCCESS,0.0.731861,0.0.3951117&0.0.3964790&0.0.3964837&0.0.5328590&0.0.6071119,0.0.4138717@1771895986.651717670
0.0.8419510,0.01226753223931028,SUCCESS,0.0.731861,0.0.3951117,0.0.4138717@1771895983.973494250
0.0.187153,200.7834718466821,SUCCESS,0.0.731861,0.0.3951117&0.0.3964804,0.0.4138717@1771895984.467148331
0.0.831525,0.4169944437083343,SUCCESS,0.0.731861,0.0.3951117,0.0.4138717@1771895987.781197340
0.0.1339713,0.03315675383210053,SUCCESS,0.0.731861,0.0.3951117,0.0.4138717@1771895990.606206628
0.0.10021599,5.027991453359392,SUCCESS,0.0.731861,0.0.3951117&0.0.5328590,0.0.4138717@1771895988.283377106
0.0.10284472,50.97828799021335,SUCCESS,0.0.731861,0.0.3951117&0.0.3964804,0.0.4138717@1771895991.185817423
0.0.1023917,55.22879682331775,SUCCESS,0.0.731861,0.0.3951117&0.0.3964804&0.0.3964855&0.0.4601632&0.0.6071119,0.0.4138717@1771895991.931454463
0.0.850535,159.5263965678235,SUCCESS,0.0.731861,0.0.3951117&0.0.3964834&0.0.4129330&0.0.4601632&0.0.5328590,0.0.4138717@1771895991.467177785
0.0.8373509,163.6499832995492,SUCCESS,0.0.731861,0.0.3951117&0.0.3961531&0.0.3964790&0.0.3964804&0.0.5328590&0.0.6071119,0.0.4138717@1771895992.008970074
0.0.1514634,38.03485899212091,SUCCESS,0.0.731861,0.0.3951117,0.0.4138717@1771895990.001313635
0.0.9642266,1237.031284418809,SUCCESS,0.0.731861,0.0.3951117,0.0.4138717@1771895993.203170442
0.0.8013259,49569.03397628932,SUCCESS,0.0.731861,0.0.3951117&0.0.3964804,0.0.4138717@1771895995.850595784
0.0.1462225,2540.197357794774,SUCCESS,0.0.731861,0.0.3951117,0.0.4138717@1771895994.190487533
0.0.10296090,0.07002188243992698,SUCCESS,0.0.731861,0.0.3951117,0.0.4138717@1771895996.602861694
0.0.3223568,561.1241212828859,SUCCESS,0.0.731861,0.0.3951117&0.0.6071119,0.0.4138717@1771895993.161092525
0.0.7865510,55.50065606914457,SUCCESS,0.0.731861,0.0.3951117&0.0.3964804,0.0.4138717@1771895997.314047182
0.0.2030667,17.74683878264778,SUCCESS,0.0.731861,0.0.3951117,0.0.4138717@1771895997.213181263
0.0.9154738,19.78162650296751,SUCCESS,0.0.731861,0.0.3951117&0.0.3964804&0.0.3964827&0.0.6071119,0.0.4138717@1771895994.737731710
0.0.9619890,22.61707785159986,SUCCESS,0.0.731861,0.0.3951117&0.0.3964804&0.0.3964808&0.0.3964809&0.0.3964834&0.0.3964840&0.0.6071119&0.0.8315114,0.0.4138717@1771895996.298484045
0.0.4864609,1.742693881116899,SUCCESS,0.0.731861,0.0.3951117,0.0.4138717@1771895999.814975842
0.0.7680254,25.10941730928636,SUCCESS,0.0.731861,0.0.3951117&0.0.3961531&0.0.3964804,0.0.4138717@1771895998.765923097
0.0.52231,67.03524301015729,SUCCESS,0.0.731861,0.0.3951117,0.0.4138717@1771895997.694666051
0.0.9597272,15.62835851064654,SUCCESS,0.0.731861,0.0.3951117,0.0.4138717@1771896000.324090701
0.0.2994397,22.52775798423495,SUCCESS,0.0.731861,0.0.3951117,0.0.4138717@1771896001.302094435
0.0.10064213,10.71017054380557,SUCCESS,0.0.731861,0.0.3951117&0.0.3964804,0.0.4138717@1771895999.733105079
0.0.598828,0.3506660274237642,SUCCESS,0.0.731861,0.0.3951117&0.0.3964804,0.0.4138717@1771896000.209668268
0.0.9318600,1816.350597330955,SUCCESS,0.0.731861,0.0.3951117,0.0.4138717@1771896003.754617341
0.0.844585,136.0687175916104,SUCCESS,0.0.731861,0.0.3951117&0.0.3964804,0.0.4138717@1771896004.856322994
0.0.4351536,17.06220160800925,SUCCESS,0.0.731861,0.0.3951117,0.0.4138717@1771896003.233697805
0.0.2183535,247.5471505688774,SUCCESS,0.0.731861,0.0.3951117&0.0.4601632&0.0.5328590&0.0.6071119,0.0.4138717@1771896001.620134092
0.0.4570908,480.3090923046818,SUCCESS,0.0.731861,0.0.3951117&0.0.5328590,0.0.4138717@1771896002.414029362
0.0.835242,0.1588565915147097,SUCCESS,0.0.731861,0.0.3951117,0.0.4138717@1771896004.151649782
0.0.8341357,2.360758120254469,SUCCESS,0.0.731861,0.0.3951117&0.0.3964804,0.0.4138717@1771896003.313525127
0.0.4349716,47.08096305676018,SUCCESS,0.0.731861,0.0.3951117&0.0.3964790&0.0.3964804&0.0.3964827&0.0.5328590&0.0.6078473,0.0.4138717@1771896004.713253574
0.0.9200436,66.85917624285545,SUCCESS,0.0.731861,0.0.3951117&0.0.3961531&0.0.3964808,0.0.4138717@1771896006.509539830
0.0.6374996,198.6852033476432,SUCCESS,0.0.731861,0.0.3951117&0.0.3964827&0.0.5328590,0.0.4138717@1771896005.990141983
0.0.10088944,5.138186536712641,SUCCESS,0.0.731861,0.0.3951117&0.0.3964804,0.0.4138717@1771896009.112772781
0.0.5244199,43.25170116922865,SUCCESS,0.0.731861,0.0.3951117&0.0.3964790&0.0.3964804&0.0.3964827,0.0.4138717@1771896006.693234562
0.0.139500,563.7773196922466,SUCCESS,0.0.731861,0.0.3951117&0.0.3964790&0.0.3964860,0.0.4138717@1771896009.492043143
0.0.7920605,30.34791146098982,SUCCESS,0.0.731861,0.0.3951117&0.0.3961531&0.0.3964790&0.0.5328590,0.0.4138717@1771896010.218724489
0.0.1123753,32.16748992978884,SUCCESS,0.0.731861,0.0.3951117&0.0.3964804&0.0.4129330,0.0.4138717@1771896006.827485017
0.0.4569835,0.02713000338004938,SUCCESS,0.0.731861,0.0.3951117,0.0.4138717@1771896008.250985785
0.0.490092,0.5293471430550516,SUCCESS,0.0.731861,0.0.3951117,0.0.4138717@1771896011.057267249
0.0.516971,9.170880815300356e-7,SUCCESS,0.0.731861,0.0.3951117&0.0.3964800&0.0.4129330,0.0.4138717@1771896008.597595289
0.0.1877739,2.818403563539304,SUCCESS,0.0.731861,0.0.3951117&0.0.3964827&0.0.4601632,0.0.4138717@1771896012.925815478
0.0.4575306,0.01764672312475427,SUCCESS,0.0.731861,0.0.3951117,0.0.4138717@1771896011.119319895
0.0.4912200,1163.45201484773,SUCCESS,0.0.731861,0.0.3951117,0.0.4138717@1771896015.131430601
0.0.4339505,1514.393188032287,SUCCESS,0.0.731861,0.0.3951117&0.0.3964804&0.0.5328590,0.0.4138717@1771896011.877580402
0.0.2960169,10.74313918465687,SUCCESS,0.0.731861,0.0.3951117,0.0.4138717@1771896013.806241481
0.0.1601282,1.289232939695331,SUCCESS,0.0.731861,0.0.3951117,0.0.4138717@1771896013.446156881
0.0.6844094,5.048525304689516,SUCCESS,0.0.731861,0.0.3951117&0.0.6071041,0.0.4138717@1771896017.405911422
0.0.8616856,694.5260329714787,SUCCESS,0.0.731861,0.0.3951117&0.0.3961531&0.0.3964804&0.0.6071119,0.0.4138717@1771896016.627657280
0.0.1691323,893.6794375175682,SUCCESS,0.0.731861,0.0.3951117&0.0.3964809,0.0.4138717@1771896019.085428831
0.0.4342759,318.1335219004242,SUCCESS,0.0.731861,0.0.3951117,0.0.4138717@1771896019.430691629
0.0.2125030,6608.609542730875,SUCCESS,0.0.731861,0.0.3951117&0.0.3961531&0.0.3964795&0.0.3964800&0.0.3964808&0.0.3964809&0.0.3964834&0.0.3964837&0.0.3964840,0.0.4138717@1771896016.702490162
0.0.8531519,44.69585072766271,SUCCESS,0.0.731861,0.0.3951117,0.0.4138717@1771896016.926552502
0.0.8190429,16.67831638631356,SUCCESS,0.0.731861,0.0.3951117,0.0.4138717@1771896018.788462055
0.0.1379217,61.11359900100339,NOT_ASSOCIATED,0.0.731861,0.0.3951117,
0.0.6258771,48.98731791361244,SUCCESS,0.0.731861,0.0.3951117,0.0.4138717@1771896017.736890878
0.0.7889838,59.74983852559996,SUCCESS,0.0.731861,0.0.3951117,0.0.4138717@1771896019.410126040
0.0.8068689,326.222887701912,SUCCESS,0.0.731861,0.0.3951117&0.0.3964804&0.0.3964827,0.0.4138717@1771896019.143689263
0.0.1991961,394.0472665653047,SUCCESS,0.0.731861,0.0.3951117&0.0.3964790&0.0.3964808&0.0.3964827&0.0.4601632&0.0.6071041,0.0.4138717@1771896020.955607731
0.0.856667,107.7748130407457,SUCCESS,0.0.731861,0.0.3951117&0.0.3964804,0.0.4138717@1771896018.854182435
0.0.7526203,16.88339264469005,SUCCESS,0.0.731861,0.0.3951117&0.0.3964804,0.0.4138717@1771896018.988225541
0.0.6872459,4289.478532262751,SUCCESS,0.0.731861,0.0.3951117,0.0.4138717@1771896020.920632901
0.0.657648,979.9300354572604,SUCCESS,0.0.731861,0.0.3951117&0.0.3961531&0.0.3964790,0.0.4138717@1771896024.430535281
0.0.7891604,133.5284154635488,SUCCESS,0.0.731861,0.0.3951117,0.0.4138717@1771896023.659546552
0.0.9195929,310.6726941668668,SUCCESS,0.0.731861,0.0.3951117&0.0.3964804&0.0.5328590&0.0.8315114,0.0.4138717@1771896026.448030267
0.0.4302086,2.076376205484819,SUCCESS,0.0.731861,0.0.3951117,0.0.4138717@1771896025.518101664
0.0.9120392,6.441008628454099,SUCCESS,0.0.731861,0.0.3951117&0.0.3964804&0.0.8315114,0.0.4138717@1771896025.266662830
0.0.3310398,2.047945391523549,SUCCESS,0.0.731861,0.0.3951117&0.0.3964804,0.0.4138717@1771896024.771496354
0.0.8899262,42.05019029264481,SUCCESS,0.0.731861,0.0.3951117,0.0.4138717@1771896024.182948150
0.0.9301583,341.9595136196278,SUCCESS,0.0.731861,0.0.3951117,0.0.4138717@1771896027.879882561
0.0.9150357,66.0627386340874,NOT_ASSOCIATED,0.0.731861,0.0.3951117,
0.0.7991960,22.81628990243725,SUCCESS,0.0.731861,0.0.3951117&0.0.3964804,0.0.4138717@1771896024.119980891
0.0.7788937,0.3329651009516294,SUCCESS,0.0.731861,0.0.3951117&0.0.10018365,0.0.4138717@1771896027.983961291
0.0.9104463,105.7523039660186,SUCCESS,0.0.731861,0.0.3951117&0.0.3964804&0.0.6071119,0.0.4138717@1771896027.367114300
0.0.4531253,11.73090185007482,SUCCESS,0.0.731861,0.0.3951117&0.0.3961531&0.0.3964804&0.0.3964855&0.0.4129330&0.0.8315114,0.0.4138717@1771896031.666223437
0.0.8673695,50.75144777894219,SUCCESS,0.0.731861,0.0.3951117&0.0.3961531&0.0.3964795&0.0.3964800&0.0.3964804&0.0.3964808&0.0.3964809&0.0.3964827&0.0.3964834&0.0.3964837&0.0.3964860&0.0.3964840&0.0.5328590&0.0.6071074&0.0.6078459,0.0.4138717@1771896030.583326594
0.0.2122027,49.30883683653094,SUCCESS,0.0.731861,0.0.3951117&0.0.3961531&0.0.3964804,0.0.4138717@1771896030.849843185
0.0.1758196,2.86757187817206,SUCCESS,0.0.731861,0.0.3951117,0.0.4138717@1771896032.117499679
0.0.1115297,3.57323773192042,SUCCESS,0.0.731861,0.0.3951117,0.0.4138717@1771896032.984368744
0.0.9364762,15.090135770681,SUCCESS,0.0.731861,0.0.3951117&0.0.3964804&0.0.5328590,0.0.4138717@1771896034.255302478
0.0.8585089,369.8379931377883,SUCCESS,0.0.731861,0.0.3951117,0.0.4138717@1771896033.394542511
0.0.650437,3.719781278288308,SUCCESS,0.0.731861,0.0.3951117&0.0.3961531&0.0.5328590,0.0.4138717@1771896035.458343048
0.0.1110198,52.51603005829704,SUCCESS,0.0.731861,0.0.3951117,0.0.4138717@1771896032.604246619
0.0.9404406,0.1442878083010057,SUCCESS,0.0.731861,0.0.3951117,0.0.4138717@1771896036.151056345
0.0.832852,136.2489578382778,SUCCESS,0.0.731861,0.0.3951117,0.0.4138717@1771896032.641745133
0.0.9359586,0.1840322506882446,SUCCESS,0.0.731861,0.0.3951117,0.0.4138717@1771896038.182708622
0.0.4555391,6.299715237608,SUCCESS,0.0.731861,0.0.3951117,0.0.4138717@1771896039.909040277
0.0.7542917,0.6722925272319095,SUCCESS,0.0.731861,0.0.3951117,0.0.4138717@1771896037.612937995
0.0.850481,316.4595273338691,SUCCESS,0.0.731861,0.0.3951117,0.0.4138717@1771896040.044963909
0.0.1515633,12.56334372759996,SUCCESS,0.0.731861,0.0.3951117,0.0.4138717@1771896040.510636809
0.0.9273872,0.05418559640718171,SUCCESS,0.0.731861,0.0.3951117,0.0.4138717@1771896040.656471308
0.0.1120575,3172.06519868583,SUCCESS,0.0.731861,0.0.3951117&0.0.3964804&0.0.3964837,0.0.4138717@1771896038.885517724
0.0.7810768,3.616876895522228,SUCCESS,0.0.731861,0.0.3951117&0.0.3964827,0.0.4138717@1771896038.025148745
0.0.1368197,32.65917623962777,SUCCESS,0.0.731861,0.0.3951117&0.0.3964804&0.0.6071119,0.0.4138717@1771896037.725213416
0.0.9125858,370678.6389843818,SUCCESS,0.0.731861,0.0.3951117&0.0.3961531&0.0.3964804&0.0.6071041&0.0.6071119&0.0.6126395&0.0.8315114&0.0.9774523&0.0.10018365&0.0.10092996&0.0.10093026,0.0.4138717@1771896042.607771373
0.0.1707146,4.215963559296455,SUCCESS,0.0.731861,0.0.3951117,0.0.4138717@1771896040.110714477
0.0.9112426,11.3949674125828,SUCCESS,0.0.731861,0.0.3951117&0.0.3964795&0.0.3964804&0.0.3964860,0.0.4138717@1771896041.701843515
0.0.1157855,2.862505090242532,SUCCESS,0.0.731861,0.0.3951117,0.0.4138717@1771896041.905598736
0.0.836838,24500.97470950711,SUCCESS,0.0.731861,0.0.3951117&0.0.5328590,0.0.4138717@1771896040.617104985
0.0.8378072,377.8471682937117,SUCCESS,0.0.731861,0.0.3951117&0.0.3964837&0.0.3964840,0.0.4138717@1771896042.857128831
0.0.10043707,0.1178221489824269,SUCCESS,0.0.731861,0.0.3951117,0.0.4138717@1771896044.279062892
0.0.10230141,72.5727276649356,SUCCESS,0.0.731861,0.0.3951117&0.0.5328590,0.0.4138717@1771896043.616249005
0.0.10204776,9.55850612651432,SUCCESS,0.0.731861,0.0.3951117,0.0.4138717@1771896043.625775039
0.0.10169145,0.3889830822870546,SUCCESS,0.0.731861,0.0.3951117,0.0.4138717@1771896043.259753100
0.0.9302147,51.79748818071902,SUCCESS,0.0.731861,0.0.3951117&0.0.5328590,0.0.4138717@1771896047.104276591
0.0.735239,0.0003286436013308847,SUCCESS,0.0.731861,0.0.3951117,0.0.4138717@1771896045.678727607
0.0.1340164,471.3075812924503,SUCCESS,0.0.731861,0.0.3951117&0.0.3964834,0.0.4138717@1771896049.202970364
0.0.8684349,2931.662762965509,SUCCESS,0.0.731861,0.0.3951117&0.0.3964800,0.0.4138717@1771896049.011068829
0.0.10031118,28.44141094819776,SUCCESS,0.0.731861,0.0.3951117,0.0.4138717@1771896045.343251168
0.0.10031117,2.132474541642126,SUCCESS,0.0.731861,0.0.3951117,0.0.4138717@1771896046.398868085
0.0.9723151,0.1275283446526437,SUCCESS,0.0.731861,0.0.3951117&0.0.3964795,0.0.4138717@1771896046.592431371
0.0.9958383,0.2092470925498056,SUCCESS,0.0.731861,0.0.3951117,0.0.4138717@1771896047.717548223
0.0.4570964,33.64289620565915,SUCCESS,0.0.731861,0.0.3951117,0.0.4138717@1771896048.086393574
0.0.9755401,9.940831417406905,SUCCESS,0.0.731861,0.0.3951117&0.0.4601632,0.0.4138717@1771896046.967033017
0.0.1096261,2.691783346319597,SUCCESS,0.0.731861,0.0.3951117,0.0.4138717@1771896051.740173478
0.0.9626972,1.787906659964293,SUCCESS,0.0.731861,0.0.3951117,0.0.4138717@1771896050.807652623
0.0.4745055,0.02575465266814441,SUCCESS,0.0.731861,0.0.3951117,0.0.4138717@1771896051.135843939
0.0.5156210,0.04191948495986241,SUCCESS,0.0.731861,0.0.3951117&0.0.3964804,0.0.4138717@1771896052.047383092
0.0.5028724,0.02349298633017705,SUCCESS,0.0.731861,0.0.3951117,0.0.4138717@1771896053.116449795
0.0.1281501,293.4476871010732,SUCCESS,0.0.731861,0.0.3951117&0.0.3964790&0.0.5328590,0.0.4138717@1771896051.062990087
0.0.4383878,0.5528494503696679,SUCCESS,0.0.731861,0.0.3951117&0.0.6078459,0.0.4138717@1771896053.565692687
0.0.4430933,3.397159112412696,SUCCESS,0.0.731861,0.0.3951117,0.0.4138717@1771896053.587800831
0.0.834443,481.1066277933919,SUCCESS,0.0.731861,0.0.3951117,0.0.4138717@1771896053.466357805
0.0.4858736,0.1784073277622125,SUCCESS,0.0.731861,0.0.3951117,0.0.4138717@1771896053.868966197
0.0.4792831,0.01359080121513938,SUCCESS,0.0.731861,0.0.3951117,0.0.4138717@1771896053.846636079
0.0.4338219,26.96814885067457,SUCCESS,0.0.731861,0.0.3951117,0.0.4138717@1771896054.467386261
0.0.5702270,402.9819280228443,SUCCESS,0.0.731861,0.0.3951117&0.0.4601632&0.0.5328590&0.0.6071119,0.0.4138717@1771896056.587526389
0.0.1784251,5.775603852527133,SUCCESS,0.0.731861,0.0.3951117&0.0.3964804&0.0.3964837&0.0.4601632&0.0.5328590,0.0.4138717@1771896054.070471158
0.0.4339712,1.407959288593965,SUCCESS,0.0.731861,0.0.3951117,0.0.4138717@1771896058.512353643
0.0.1512938,0.002967604249487633,SUCCESS,0.0.731861,0.0.3951117,0.0.4138717@1771896054.966659724
0.0.4331665,4.920446203529612,SUCCESS,0.0.731861,0.0.3951117,0.0.4138717@1771896056.352553724
0.0.1052080,327.7892284620945,SUCCESS,0.0.731861,0.0.3951117&0.0.3964804,0.0.4138717@1771896056.781356287
0.0.4433722,0.2818255577844784,SUCCESS,0.0.731861,0.0.3951117,0.0.4138717@1771896058.891911573
0.0.3925109,0.0001825706230876451,SUCCESS,0.0.731861,0.0.3951117,0.0.4138717@1771896059.495865492
0.0.4591423,1.860619910102686,SUCCESS,0.0.731861,0.0.3951117&0.0.3964855&0.0.4601632,0.0.4138717@1771896059.648014486
0.0.3872466,0.4995059360937567,SUCCESS,0.0.731861,0.0.3951117,0.0.4138717@1771896059.755853179
0.0.7490874,5.463993012464661,SUCCESS,0.0.731861,0.0.3951117&0.0.3964804,0.0.4138717@1771896059.196033808
0.0.8490555,6.701469127783873,SUCCESS,0.0.731861,0.0.3951117,0.0.4138717@1771896062.379236442
0.0.2137668,141.9173228408414,SUCCESS,0.0.731861,0.0.3951117&0.0.3964804,0.0.4138717@1771896062.949875293
0.0.8260017,0.7137387009261117,SUCCESS,0.0.731861,0.0.3951117&0.0.3964804,0.0.4138717@1771896060.578970573
0.0.8212757,7.945727025356152,SUCCESS,0.0.731861,0.0.3951117,0.0.4138717@1771896060.497414288
0.0.819005,38.25845689187184,SUCCESS,0.0.731861,0.0.3951117&0.0.5328590,0.0.4138717@1771896065.127833243
0.0.8068996,0.816674026487195,SUCCESS,0.0.731861,0.0.3951117&0.0.3964790&0.0.3964804&0.0.3964827&0.0.5328590,0.0.4138717@1771896065.489821086
0.0.3706536,0.03655023136216062,SUCCESS,0.0.731861,0.0.3951117,0.0.4138717@1771896062.656353373
0.0.7989790,0.1319786388631206,SUCCESS,0.0.731861,0.0.3951117,0.0.4138717@1771896062.061656871
0.0.1123889,7.46896399428505,SUCCESS,0.0.731861,0.0.3951117&0.0.3964804,0.0.4138717@1771896063.435099835
0.0.1508462,134.488170202429,SUCCESS,0.0.731861,0.0.3951117,0.0.4138717@1771896067.795819832
0.0.6270084,806.8816236803934,SUCCESS,0.0.731861,0.0.3951117&0.0.3964804,0.0.4138717@1771896067.079546288
0.0.5126364,66.74237015242862,SUCCESS,0.0.731861,0.0.3951117,0.0.4138717@1771896064.094422365
0.0.1380352,6.232445842199683,SUCCESS,0.0.731861,0.0.3951117,0.0.4138717@1771896066.174561898
0.0.7129552,218.0771142799907,SUCCESS,0.0.731861,0.0.3951117&0.0.6071119,0.0.4138717@1771896064.653436519
0.0.696790,34.19517450474564,SUCCESS,0.0.731861,0.0.3951117&0.0.3964804,0.0.4138717@1771896067.850977600
0.0.1872630,31132.73443127968,SUCCESS,0.0.731861,0.0.3951117&0.0.3964804&0.0.4601632,0.0.4138717@1771896069.539860973
0.0.1904506,0.002503009986350136,SUCCESS,0.0.731861,0.0.3951117,0.0.4138717@1771896068.604703165
0.0.1458130,0.1729459044060088,SUCCESS,0.0.731861,0.0.3951117,0.0.4138717@1771896067.615640628
0.0.795933,34.0183742413745,SUCCESS,0.0.731861,0.0.3951117,0.0.4138717@1771896067.953137598
0.0.4330219,3.26925799421596,SUCCESS,0.0.731861,0.0.3951117&0.0.3964790,0.0.4138717@1771896069.697769917
0.0.4322065,15.10618663008914,SUCCESS,0.0.731861,0.0.3951117,0.0.4138717@1771896070.562093755
0.0.104926,0.05847184534635777,SUCCESS,0.0.731861,0.0.3951117,0.0.4138717@1771896068.821512215
0.0.4348824,0.2608143075909773,SUCCESS,0.0.731861,0.0.3951117,0.0.4138717@1771896073.006388978
0.0.3071320,501.686578351559,SUCCESS,0.0.731861,0.0.3951117,0.0.4138717@1771896070.919935686
0.0.4758169,9.681874893754664,SUCCESS,0.0.731861,0.0.3951117,0.0.4138717@1771896072.050092611
0.0.4775299,16.25332694367088,SUCCESS,0.0.731861,0.0.3951117,0.0.4138717@1771896070.944007905
0.0.1506629,2.11028422892419,SUCCESS,0.0.731861,0.0.3951117,0.0.4138717@1771896072.646366280
0.0.2968839,105.7053535075716,SUCCESS,0.0.731861,0.0.3951117&0.0.3964804&0.0.4601632,0.0.4138717@1771896071.561644554
0.0.4184733,1764.066580723042,SUCCESS,0.0.731861,0.0.3951117,0.0.4138717@1771896074.546132254
0.0.4324445,3.814012477423684,SUCCESS,0.0.731861,0.0.3951117&0.0.3964804&0.0.3964809&0.0.3964855,0.0.4138717@1771896073.936777604
0.0.4321631,660.0921725844375,SUCCESS,0.0.731861,0.0.3951117&0.0.3964795&0.0.3964800&0.0.3964804&0.0.3964808&0.0.4601632&0.0.5328590,0.0.4138717@1771896075.500118582
0.0.1412123,5.868514466886336,NOT_ASSOCIATED,0.0.731861,0.0.3951117&0.0.3964804,
0.0.4582751,3.457209906777273,SUCCESS,0.0.731861,0.0.3951117,0.0.4138717@1771896077.662977344
0.0.4606843,1.19686453435195,SUCCESS,0.0.731861,0.0.3951117&0.0.3964827&0.0.4129330&0.0.4601632&0.0.6078459,0.0.4138717@1771896077.240488780
0.0.4432149,5.519991179368441,SUCCESS,0.0.731861,0.0.3951117,0.0.4138717@1771896075.659976024
0.0.4324463,2.232565777284398,SUCCESS,0.0.731861,0.0.3951117&0.0.3964790,0.0.4138717@1771896078.162283777
0.0.4732964,2.20040770287648,SUCCESS,0.0.731861,0.0.3951117,0.0.4138717@1771896078.104529663
0.0.5797983,1.962600496425455,SUCCESS,0.0.731861,0.0.3951117&0.0.3961531&0.0.3964804,0.0.4138717@1771896076.817252291
0.0.854331,0.4054483937300463,SUCCESS,0.0.731861,0.0.3951117,0.0.4138717@1771896079.143796517
0.0.4333286,13.85605991047742,SUCCESS,0.0.731861,0.0.3951117&0.0.3964827&0.0.3964860,0.0.4138717@1771896076.098053586
0.0.6289117,118.6747768830011,SUCCESS,0.0.731861,0.0.3951117&0.0.3964804&0.0.4601632&0.0.6071041,0.0.4138717@1771896080.631849604
0.0.1453803,72.32203915728296,SUCCESS,0.0.731861,0.0.3951117&0.0.4601632&0.0.5328590&0.0.6071119,0.0.4138717@1771896080.758564469
0.0.1414140,3041.544613376639,SUCCESS,0.0.731861,0.0.3951117,0.0.4138717@1771896077.714729044
0.0.4346579,0.02725753573401286,SUCCESS,0.0.731861,0.0.3951117,0.0.4138717@1771896082.598086088
0.0.6313910,1921.427566394317,SUCCESS,0.0.731861,0.0.3951117&0.0.3964804,0.0.4138717@1771896079.739249634
0.0.6244791,19.4788279601721,SUCCESS,0.0.731861,0.0.3951117,0.0.4138717@1771896081.488666716
0.0.1266990,1.457120766432158,SUCCESS,0.0.731861,0.0.3951117,0.0.4138717@1771896079.122652240
0.0.508876,39.47508992712288,SUCCESS,0.0.731861,0.0.3951117,0.0.4138717@1771896081.788343727
0.0.4350041,2.808332502748941,SUCCESS,0.0.731861,0.0.3951117,0.0.4138717@1771896083.904150366
0.0.1910285,1.813591559683284,SUCCESS,0.0.731861,0.0.3951117,0.0.4138717@1771896085.249789843
0.0.3242760,373.273497406749,SUCCESS,0.0.731861,0.0.3951117&0.0.3961531&0.0.3964804,0.0.4138717@1771896085.799409131
0.0.4923080,2.577028999074803,SUCCESS,0.0.731861,0.0.3951117,0.0.4138717@1771896085.162327320
0.0.1735540,14.23680814083993,SUCCESS,0.0.731861,0.0.3951117,0.0.4138717@1771896083.707883221
0.0.4349304,2.429253675486849,SUCCESS,0.0.731861,0.0.3951117&0.0.3964790&0.0.5328590,0.0.4138717@1771896086.464744841
0.0.1338331,6.212148135662837,SUCCESS,0.0.731861,0.0.3951117,0.0.4138717@1771896085.627479914
0.0.3829916,446.5310213279362,SUCCESS,0.0.731861,0.0.3951117,0.0.4138717@1771896085.569210361
0.0.2930231,5.921785303755347,SUCCESS,0.0.731861,0.0.3951117&0.0.3964804,0.0.4138717@1771896086.636784595
0.0.4968045,50.30513686939699,SUCCESS,0.0.731861,0.0.3951117,0.0.4138717@1771896087.953174745
0.0.5117832,1067.03452534039,SUCCESS,0.0.731861,0.0.3951117&0.0.3964790&0.0.3964804,0.0.4138717@1771896090.492502499
0.0.1711779,0.3414636572871332,SUCCESS,0.0.731861,0.0.3951117,0.0.4138717@1771896089.948681368
0.0.4322002,7.734524094105325,SUCCESS,0.0.731861,0.0.3951117,0.0.4138717@1771896087.361860885
0.0.3868695,100.3811935626284,SUCCESS,0.0.731861,0.0.3951117&0.0.5328590,0.0.4138717@1771896091.156393768
0.0.853268,825.0592898593126,SUCCESS,0.0.731861,0.0.3951117,0.0.4138717@1771896092.197509354
0.0.662296,878.5869744765623,SUCCESS,0.0.731861,0.0.3951117,0.0.4138717@1771896090.681205137
0.0.5281334,3.435898715766616,SUCCESS,0.0.731861,0.0.3951117,0.0.4138717@1771896090.564432342
0.0.4938729,26.78353000982185,SUCCESS,0.0.731861,0.0.3951117,0.0.4138717@1771896095.399676561
0.0.4354394,238.4608594689373,SUCCESS,0.0.731861,0.0.3951117&0.0.3964790,0.0.4138717@1771896093.421190482
0.0.4817549,19.77267957886513,SUCCESS,0.0.731861,0.0.3951117&0.0.3964804,0.0.4138717@1771896094.327600163
0.0.1322785,469.2547459300787,SUCCESS,0.0.731861,0.0.3951117,0.0.4138717@1771896093.969110780
0.0.4340758,10.35350629058368,SUCCESS,0.0.731861,0.0.3951117&0.0.3964804,0.0.4138717@1771896095.151548722
0.0.5716339,0.02651516736969915,SUCCESS,0.0.731861,0.0.3951117,0.0.4138717@1771896096.597397087
0.0.4695027,6.430097425053502,SUCCESS,0.0.731861,0.0.3951117,0.0.4138717@1771896097.139988212
0.0.4709377,226.505773800752,SUCCESS,0.0.731861,0.0.3951117,0.0.4138717@1771896101.076050379
0.0.525256,178.3908030076882,SUCCESS,0.0.731861,0.0.3951117,0.0.4138717@1771896097.816244180
0.0.3681428,4476.298202171591,SUCCESS,0.0.731861,0.0.3951117&0.0.3964795&0.0.3964800&0.0.3964804&0.0.3964834&0.0.3964837&0.0.3964840,0.0.4138717@1771896097.331430782
0.0.3969243,0.5765121108816187,SUCCESS,0.0.731861,0.0.3951117&0.0.4129330,0.0.4138717@1771896098.021789210
0.0.5975196,3.085687235022501,SUCCESS,0.0.731861,0.0.3951117&0.0.4601632,0.0.4138717@1771896100.970939385
0.0.5118190,20.41327039462014,SUCCESS,0.0.731861,0.0.3951117&0.0.3964795&0.0.3964804&0.0.3964808&0.0.3964827&0.0.3964860,0.0.4138717@1771896102.879669618
0.0.841339,55.09708647377179,SUCCESS,0.0.731861,0.0.3951117&0.0.3964834,0.0.4138717@1771896102.390885016
0.0.4329852,493.7677205948644,SUCCESS,0.0.731861,0.0.3951117&0.0.3964804&0.0.3964827&0.0.3964855&0.0.4601632&0.0.5328590,0.0.4138717@1771896103.428489472
0.0.1075892,16.15921486305412,SUCCESS,0.0.731861,0.0.3951117,0.0.4138717@1771896102.057652830
0.0.4318411,97.25285358521134,SUCCESS,0.0.731861,0.0.3951117,0.0.4138717@1771896103.252821711
0.0.5202236,10.70519982203808,SUCCESS,0.0.731861,0.0.3951117,0.0.4138717@1771896103.796368159
0.0.4590627,17.13273864211353,SUCCESS,0.0.731861,0.0.3951117,0.0.4138717@1771896104.838816407
0.0.4323088,136.9249500989184,SUCCESS,0.0.731861,0.0.3951117&0.0.3964804&0.0.3964855,0.0.4138717@1771896101.608774085
0.0.4335807,347.5848743478792,SUCCESS,0.0.731861,0.0.3951117&0.0.3961531&0.0.3964790&0.0.3964827&0.0.3964855&0.0.4129330&0.0.4601632&0.0.5328590,0.0.4138717@1771896106.164426433
0.0.5976303,7.534582462983528,SUCCESS,0.0.731861,0.0.3951117&0.0.3964804,0.0.4138717@1771896103.001817058
0.0.4558891,71.06138807303827,SUCCESS,0.0.731861,0.0.3951117,0.0.4138717@1771896103.931491165
0.0.4986167,3.441863905969005,SUCCESS,0.0.731861,0.0.3951117,0.0.4138717@1771896103.601678794
0.0.4229805,9.302130652420304,SUCCESS,0.0.731861,0.0.3951117,0.0.4138717@1771896108.292236743
0.0.3947779,2109.162689067578,SUCCESS,0.0.731861,0.0.3951117,0.0.4138717@1771896105.747458848
0.0.7835270,95.44803915449124,SUCCESS,0.0.731861,0.0.3951117,0.0.4138717@1771896106.675418243
0.0.7138336,0.2505973347928596,SUCCESS,0.0.731861,0.0.3951117&0.0.3961531,0.0.4138717@1771896107.918423815
0.0.832624,9.1795448138485,SUCCESS,0.0.731861,0.0.3951117&0.0.3961531&0.0.3964804&0.0.5328590&0.0.6071119,0.0.4138717@1771896107.769014298
0.0.1288450,9.38207771100842,SUCCESS,0.0.731861,0.0.3951117&0.0.3964790&0.0.5328590,0.0.4138717@1771896110.222781975
0.0.1340928,766.5083133113951,SUCCESS,0.0.731861,0.0.3951117&0.0.3964837,0.0.4138717@1771896108.129865483
0.0.1724832,1.750652865316132,SUCCESS,0.0.731861,0.0.3951117,0.0.4138717@1771896109.803196215
0.0.3845966,6.131634622630186,SUCCESS,0.0.731861,0.0.3951117&0.0.3961531&0.0.3964790&0.0.3964804&0.0.3964827&0.0.6078459,0.0.4138717@1771896110.473434525
0.0.5078033,33.64025475112744,SUCCESS,0.0.731861,0.0.3951117&0.0.4601632,0.0.4138717@1771896110.756984973
0.0.1290358,5175.38189050512,SUCCESS,0.0.731861,0.0.3951117&0.0.3964834,0.0.4138717@1771896112.108919944
0.0.860438,9.377787548094442,SUCCESS,0.0.731861,0.0.3951117&0.0.3964804&0.0.6071119,0.0.4138717@1771896110.682635134
0.0.834820,69.92699140445744,SUCCESS,0.0.731861,0.0.3951117&0.0.3964804,0.0.4138717@1771896111.646727639
0.0.7479340,14.92515068018697,SUCCESS,0.0.731861,0.0.3951117&0.0.3964804,0.0.4138717@1771896113.970866151
0.0.2773436,847.5466134543401,SUCCESS,0.0.731861,0.0.3951117&0.0.3964804,0.0.4138717@1771896114.368368812
0.0.1896081,5.237194346349946,SUCCESS,0.0.731861,0.0.3951117&0.0.3964804,0.0.4138717@1771896113.648392663
0.0.7843482,17.21821891107313,SUCCESS,0.0.731861,0.0.3951117&0.0.3964804,0.0.4138717@1771896114.701626213
0.0.1726157,64.27315759182032,SUCCESS,0.0.731861,0.0.3951117&0.0.3964804,0.0.4138717@1771896112.625922161
0.0.7798148,46.00626947733106,SUCCESS,0.0.731861,0.0.3951117,0.0.4138717@1771896116.217410048
0.0.4551977,1.60733549592143,SUCCESS,0.0.731861,0.0.3951117,0.0.4138717@1771896118.818010107
0.0.4766933,298.3897565293749,SUCCESS,0.0.731861,0.0.3951117,0.0.4138717@1771896118.051673760
0.0.1110477,163.3644251038071,SUCCESS,0.0.731861,0.0.3951117,0.0.4138717@1771896118.783478970
0.0.4559340,1.947538745717207,SUCCESS,0.0.731861,0.0.3951117,0.0.4138717@1771896118.238316006
0.0.1506598,22.71625541315068,SUCCESS,0.0.731861,0.0.3951117,0.0.4138717@1771896119.313928671
0.0.1490591,225.1351659722012,SUCCESS,0.0.731861,0.0.3951117&0.0.3964790&0.0.3964804,0.0.4138717@1771896120.185618087
0.0.4205604,10.53049135074915,SUCCESS,0.0.731861,0.0.3951117,0.0.4138717@1771896119.756751518
0.0.4329215,0.695264007911432,SUCCESS,0.0.731861,0.0.3951117&0.0.3961531&0.0.3964804,0.0.4138717@1771896118.883913388
0.0.639876,0.6092318423290785,SUCCESS,0.0.731861,0.0.3951117,0.0.4138717@1771896122.649035811
0.0.874760,442.5990091803486,SUCCESS,0.0.731861,0.0.3951117&0.0.3964804&0.0.6078459,0.0.4138717@1771896121.288563940
0.0.4345324,2.01388377938108,SUCCESS,0.0.731861,0.0.3951117,0.0.4138717@1771896121.088177473
0.0.4347838,41.48777950394195,SUCCESS,0.0.731861,0.0.3951117,0.0.4138717@1771896122.556408045
0.0.7262531,0.2196772672771297,SUCCESS,0.0.731861,0.0.3951117&0.0.3964804,0.0.4138717@1771896124.151203259
0.0.1261552,8.294417266296307,SUCCESS,0.0.731861,0.0.3951117&0.0.3961531&0.0.3964790&0.0.3964804&0.0.3964860&0.0.4129330&0.0.6071119,0.0.4138717@1771896120.618073117
0.0.2174139,2.576914754660244,SUCCESS,0.0.731861,0.0.3951117&0.0.3964804,0.0.4138717@1771896121.744754009
0.0.1412849,134.9687589506841,SUCCESS,0.0.731861,0.0.3951117&0.0.4601632,0.0.4138717@1771896121.833427154
0.0.4503599,22.91692312081918,SUCCESS,0.0.731861,0.0.3951117,0.0.4138717@1771896122.601512707
0.0.925802,23.45621688091044,SUCCESS,0.0.731861,0.0.3951117,0.0.4138717@1771896126.204559006
0.0.2116956,4.595828417109852,SUCCESS,0.0.731861,0.0.3951117&0.0.3961531&0.0.3964855,0.0.4138717@1771896125.030435087
0.0.6781119,1933.341160084045,SUCCESS,0.0.731861,0.0.3951117&0.0.3964795&0.0.3964800&0.0.3964804&0.0.3964808&0.0.3964809&0.0.3964821&0.0.3964827&0.0.3964834&0.0.3964860&0.0.3964840&0.0.5328590&0.0.6071119&0.0.8315114&0.0.10018365,0.0.4138717@1771896124.939187924
0.0.6026305,3.51959893027519,SUCCESS,0.0.731861,0.0.3951117,0.0.4138717@1771896122.964841529
0.0.819461,1.515369132933366,SUCCESS,0.0.731861,0.0.3951117,0.0.4138717@1771896126.921263052
0.0.982207,4971.502575308803,SUCCESS,0.0.731861,0.0.3961531&0.0.3964790,0.0.4138717@1771896128.398984459
0.0.832973,6.124527976649795,SUCCESS,0.0.731861,0.0.3961531,0.0.4138717@1771896127.774563194
0.0.267573,101.1062518923996,SUCCESS,0.0.731861,0.0.3961531&0.0.3964837&0.0.3964855&0.0.4601632&0.0.5328590&0.0.6071041&0.0.6126395&0.0.8315114,0.0.4138717@1771896130.074276419
0.0.4361668,2.771482865358766,SUCCESS,0.0.731861,0.0.3961531,0.0.4138717@1771896129.648140592
0.0.844965,0.1497985114454373,SUCCESS,0.0.731861,0.0.3961531,0.0.4138717@1771896129.676844065
0.0.1070346,2946.458913635334,SUCCESS,0.0.731861,0.0.3961531&0.0.3964800&0.0.3964837&0.0.3964840,0.0.4138717@1771896127.248059286
0.0.4628341,49.76217706758276,SUCCESS,0.0.731861,0.0.3961531&0.0.3964840&0.0.5328590,0.0.4138717@1771896129.152681445
0.0.29723,25.16529122059069,SUCCESS,0.0.731861,0.0.3961531,0.0.4138717@1771896128.481213854
0.0.4723553,5.380801660848904,SUCCESS,0.0.731861,0.0.3961531,0.0.4138717@1771896128.220733162
0.0.4363476,22.31887704295137,SUCCESS,0.0.731861,0.0.3961531,0.0.4138717@1771896132.186905898
0.0.4715000,1.653802524983915,SUCCESS,0.0.731861,0.0.3961531,0.0.4138717@1771896130.809558315
0.0.1431202,26.71379634096851,SUCCESS,0.0.731861,0.0.3961531,0.0.4138717@1771896133.541829930
0.0.663264,4.693351520538035,SUCCESS,0.0.731861,0.0.3961531&0.0.3964790,0.0.4138717@1771896134.872102303
0.0.1910938,0.07762139693185198,SUCCESS,0.0.731861,0.0.3961531,0.0.4138717@1771896131.392549980
0.0.8378238,1.495989103144989,SUCCESS,0.0.731861,0.0.3961531,0.0.4138717@1771896133.799691409
0.0.7571792,0.01242924320215138,SUCCESS,0.0.731861,0.0.3961531,0.0.4138717@1771896131.358096838
0.0.1093567,9.177652835647686,SUCCESS,0.0.731861,0.0.3961531&0.0.3964790,0.0.4138717@1771896132.100491799
0.0.3169776,0.0898858848138284,SUCCESS,0.0.731861,0.0.3961531,0.0.4138717@1771896132.700116419
0.0.793410,1108.960510474622,SUCCESS,0.0.731861,0.0.3961531&0.0.3964827&0.0.5328590&0.0.6071041&0.0.6071119,0.0.4138717@1771896132.027338203
0.0.842210,63.21911685160828,SUCCESS,0.0.731861,0.0.3961531&0.0.3964804,0.0.4138717@1771896134.956576583
0.0.953848,2.01356044468713,SUCCESS,0.0.731861,0.0.3961531,0.0.4138717@1771896138.261331009
0.0.7560867,0.00778467470790839,SUCCESS,0.0.731861,0.0.3961531,0.0.4138717@1771896138.846066752
0.0.760653,3.26978217980154,SUCCESS,0.0.731861,0.0.3961531&0.0.3964782&0.0.3964790&0.0.3964804,0.0.4138717@1771896137.103224780
0.0.1501041,1.203443037361059,SUCCESS,0.0.731861,0.0.3961531,0.0.4138717@1771896136.467769065
0.0.10203646,8.960072570424753,SUCCESS,0.0.731861,0.0.3961531,0.0.4138717@1771896140.411116704
0.0.8183428,0.01088219834188524,SUCCESS,0.0.731861,0.0.3961531,0.0.4138717@1771896140.821438812
0.0.10090227,0.2218682931866539,SUCCESS,0.0.731861,0.0.3961531,0.0.4138717@1771896139.087021485
0.0.3161254,148512.6495566592,SUCCESS,0.0.731861,0.0.3961531&0.0.3964804,0.0.4138717@1771896139.103659103
0.0.825672,170.49763179677,SUCCESS,0.0.731861,0.0.3961531,0.0.4138717@1771896138.987612416
0.0.10124208,0.02227646006926151,SUCCESS,0.0.731861,0.0.3961531,0.0.4138717@1771896140.522733446
0.0.646656,0.6619263213704814,SUCCESS,0.0.731861,0.0.3961531,0.0.4138717@1771896142.924785829
0.0.7287636,25.2922265745308,SUCCESS,0.0.731861,0.0.3961531&0.0.3964804&0.0.4601632&0.0.8315114&0.0.10093026,0.0.4138717@1771896140.270478693
0.0.7525727,2101.486357633026,SUCCESS,0.0.731861,0.0.3961531&0.0.3964827&0.0.5328590,0.0.4138717@1771896144.452927691
0.0.10223842,2.301046584640068,SUCCESS,0.0.731861,0.0.3961531,0.0.4138717@1771896143.367495051
0.0.9210701,0.8095977078075349,FAIL,0.0.731861,0.0.3961531,
0.0.8355966,41.55655438846782,SUCCESS,0.0.731861,0.0.3961531,0.0.4138717@1771896143.747617745
0.0.9774619,15.76288006492278,SUCCESS,0.0.731861,0.0.3961531&0.0.3964804,0.0.4138717@1771896143.993281934
0.0.10268439,0.2976456124547708,SUCCESS,0.0.731861,0.0.3961531,0.0.4138717@1771896145.914433125
0.0.1071830,859.1510981698701,SUCCESS,0.0.731861,0.0.3961531&0.0.3964795&0.0.3964800&0.0.3964837&0.0.3964855&0.0.3964840,0.0.4138717@1771896147.547191450
0.0.839555,1.7911884535895,SUCCESS,0.0.731861,0.0.3961531,0.0.4138717@1771896145.651051531
0.0.10264118,1.512919947520561,SUCCESS,0.0.731861,0.0.3961531,0.0.4138717@1771896144.672585186
0.0.10095007,1.308733683941363,NOT_ASSOCIATED,0.0.731861,0.0.3961531,
0.0.732888,184.7173485146387,SUCCESS,0.0.731861,0.0.3961531,0.0.4138717@1771896145.609770666
0.0.10204459,6.780396698270411,SUCCESS,0.0.731861,0.0.3961531,0.0.4138717@1771896149.728430945
0.0.1324436,0.003587157788981357,NOT_ASSOCIATED,0.0.731861,0.0.3961531,
0.0.6095958,185.0963605775866,NOT_ASSOCIATED,0.0.731861,0.0.3961531&0.0.3964804,
0.0.897444,322.4044991590273,SUCCESS,0.0.731861,0.0.3961531&0.0.3964790,0.0.4138717@1771896150.222245152
0.0.4362462,3.53031643792506,NOT_ASSOCIATED,0.0.731861,0.0.3961531,
0.0.852692,7.167469349198297,SUCCESS,0.0.731861,0.0.3961531,0.0.4138717@1771896148.160304370
0.0.9405888,0.1885020529501583,SUCCESS,0.0.731861,0.0.3961531&0.0.3964804&0.0.5328590,0.0.4138717@1771896148.526282525
0.0.1962253,0.3871206404252801,SUCCESS,0.0.731861,0.0.3961531,0.0.4138717@1771896152.002787493
0.0.1315254,5.375346215240381,SUCCESS,0.0.731861,0.0.3961531,0.0.4138717@1771896152.917219923
0.0.3687323,0.0000248707853406194,SUCCESS,0.0.731861,0.0.3961531,0.0.4138717@1771896152.661664410
0.0.1303938,10.49000825741725,NOT_ASSOCIATED,0.0.731861,0.0.3961531,
0.0.4707801,0.2329303861158189,NOT_ASSOCIATED,0.0.731861,0.0.3961531,
0.0.4853295,96.71829061414216,SUCCESS,0.0.731861,0.0.3961531&0.0.3964800&0.0.3964804,0.0.4138717@1771896150.716847581
0.0.877394,0.1223222955688051,NOT_ASSOCIATED,0.0.731861,0.0.3961531&0.0.3964804,
0.0.1103540,1.341746484084539,SUCCESS,0.0.731861,0.0.3961531&0.0.3964827,0.0.4138717@1771896149.294168220
0.0.835929,0.00004604848175540584,SUCCESS,0.0.731861,0.0.3961531&0.0.3964790&0.0.3964804&0.0.4129330&0.0.4601632,0.0.4138717@1771896150.855325167
0.0.8767225,6.411324186365597,SUCCESS,0.0.731861,0.0.3961531&0.0.3964804,0.0.4138717@1771896154.742049851
0.0.892088,9.788233327549872,SUCCESS,0.0.731861,0.0.3961531,0.0.4138717@1771896154.140969079
0.0.9183843,2.344912496794199,NOT_ASSOCIATED,0.0.731861,0.0.3961531,
0.0.836858,188.2549275051185,SUCCESS,0.0.731861,0.0.3961531,0.0.4138717@1771896152.056313059
0.0.826988,229.6295442535047,NOT_ASSOCIATED,0.0.731861,0.0.3961531&0.0.3964837,
0.0.1372179,16.7598844786505,SUCCESS,0.0.731861,0.0.3961531&0.0.3964804,0.0.4138717@1771896153.430217762
0.0.3870997,0.2883201768595524,SUCCESS,0.0.731861,0.0.3961531,0.0.4138717@1771896155.475350960
0.0.10224088,109.9656349696007,NOT_ASSOCIATED,0.0.731861,0.0.3961531,
0.0.1263490,36.53115472999501,SUCCESS,0.0.731861,0.0.3961531&0.0.3964804,0.0.4138717@1771896153.579868313
0.0.1433179,1.116232628138638,SUCCESS,0.0.731861,0.0.3961531,0.0.4138717@1771896157.424531715
0.0.9279414,0.2500221202942015,SUCCESS,0.0.731861,0.0.3961531,0.0.4138717@1771896159.870241279
0.0.6435369,5.590378814954399,SUCCESS,0.0.731861,0.0.3961531,0.0.4138717@1771896159.164196188
0.0.935686,2.6607632353358,SUCCESS,0.0.731861,0.0.3961531,0.0.4138717@1771896161.480062373
0.0.6143425,0.0356925894550443,SUCCESS,0.0.731861,0.0.3961531,0.0.4138717@1771896157.013580564
0.0.6306847,2.130235110196817,SUCCESS,0.0.731861,0.0.3961531&0.0.3964804&0.0.3964827,0.0.4138717@1771896158.701467154
0.0.948513,205.5656695812411,SUCCESS,0.0.731861,0.0.3961531,0.0.4138717@1771896161.693343451
0.0.863385,285.4137568227877,SUCCESS,0.0.731861,0.0.3961531,0.0.4138717@1771896160.032693916
0.0.9353895,0.02391665620695322,SUCCESS,0.0.731861,0.0.3961531,0.0.4138717@1771896161.245415812
0.0.4639603,0.004559731035258403,NOT_ASSOCIATED,0.0.731861,0.0.3961531,
0.0.6004406,8.869128816035438,SUCCESS,0.0.731861,0.0.3961531&0.0.3964827,0.0.4138717@1771896161.193470603
0.0.4367595,1.668707143365978,SUCCESS,0.0.731861,0.0.3961531,0.0.4138717@1771896159.601685354
0.0.2963242,5.145547254422252,NOT_ASSOCIATED,0.0.731861,0.0.3961531,
0.0.1413657,41.33390091422405,SUCCESS,0.0.731861,0.0.3961531&0.0.4601632&0.0.5328590,0.0.4138717@1771896161.790558430
0.0.5435669,0.6533956226294797,SUCCESS,0.0.731861,0.0.3961531,0.0.4138717@1771896164.404604412
0.0.10278400,155.2112357737511,NOT_ASSOCIATED,0.0.731861,0.0.3961531&0.0.3964840&0.0.5328590,
0.0.10291442,141.3716318220357,SUCCESS,0.0.731861,0.0.3961531,0.0.4138717@1771896165.359161223
0.0.10269642,1.006830014517402,SUCCESS,0.0.731861,0.0.3961531,0.0.4138717@1771896163.690681758
0.0.7910977,35.03786896152518,SUCCESS,0.0.731861,0.0.3961531&0.0.3964804,0.0.4138717@1771896162.415270392
0.0.8342430,37.65747235992531,SUCCESS,0.0.731861,0.0.3964782&0.0.3964800&0.0.3964804,0.0.4138717@1771896162.943968566
0.0.1221988,5.02469972138073,SUCCESS,0.0.731861,0.0.3964782,0.0.4138717@1771896165.899514092
0.0.842953,230.0848921263064,SUCCESS,0.0.731861,0.0.3964782,0.0.4138717@1771896167.438990373
0.0.1416793,1.938532836899885,SUCCESS,0.0.731861,0.0.3964782&0.0.3964790,0.0.4138717@1771896165.589435658
0.0.692862,2.211034460609611e-7,SUCCESS,0.0.731861,0.0.3964782,0.0.4138717@1771896166.669164480
0.0.1483886,5425.338548621499,SUCCESS,0.0.731861,0.0.3964782,0.0.4138717@1771896166.559765348
0.0.2152309,0.001795467604287198,SUCCESS,0.0.731861,0.0.3964782,0.0.4138717@1771896168.550198609
0.0.5374006,0.1171880210347873,SUCCESS,0.0.731861,0.0.3964790&0.0.4601632,0.0.4138717@1771896167.279704384
0.0.837751,0.005408317839267371,SUCCESS,0.0.731861,0.0.3964790,0.0.4138717@1771896170.965138098
0.0.9400801,5405.472889487008,SUCCESS,0.0.731861,0.0.3964790&0.0.3964855&0.0.4129330&0.0.4601632&0.0.5328590,0.0.4138717@1771896169.219203851
0.0.4328823,0.02208364780252954,SUCCESS,0.0.731861,0.0.3964790,0.0.4138717@1771896170.196480568
0.0.859176,2.030659460076448,SUCCESS,0.0.731861,0.0.3964790,0.0.4138717@1771896170.366876586
0.0.4157394,0.0002885698372391423,SUCCESS,0.0.731861,0.0.3964790,0.0.4138717@1771896169.403605460
0.0.3903731,4.46946659721716e-7,NOT_ASSOCIATED,0.0.731861,0.0.3964790,
0.0.10135295,17.52723865713257,SUCCESS,0.0.731861,0.0.3964790&0.0.3964827,0.0.4138717@1771896170.297714815
0.0.3774696,0.004232105750491178,SUCCESS,0.0.731861,0.0.3964790,0.0.4138717@1771896173.683625471
0.0.3304469,154.1535858388173,SUCCESS,0.0.731861,0.0.3964790&0.0.3964827,0.0.4138717@1771896174.441442453
0.0.10060744,0.004799104566734517,SUCCESS,0.0.731861,0.0.3964790,0.0.4138717@1771896172.950171839
0.0.7896827,0.1002233819401469,SUCCESS,0.0.731861,0.0.3964790&0.0.6071041,0.0.4138717@1771896171.303832759
0.0.3926190,0.0004246298318351905,SUCCESS,0.0.731861,0.0.3964790,0.0.4138717@1771896173.105322153
0.0.1504445,3.661140399009102,SUCCESS,0.0.731861,0.0.3964790,0.0.4138717@1771896174.010900506
0.0.1703452,126.4274372625906,SUCCESS,0.0.731861,0.0.3964790&0.0.3964804,0.0.4138717@1771896176.200757161
0.0.1016797,2167.141373302372,SUCCESS,0.0.731861,0.0.3964790&0.0.3964855&0.0.4601632&0.0.5328590,0.0.4138717@1771896171.914744726
0.0.5976081,96.96136107988328,SUCCESS,0.0.731861,0.0.3964790,0.0.4138717@1771896176.980046901
0.0.1082789,11668.51523859347,SUCCESS,0.0.731861,0.0.3964790&0.0.6071119,0.0.4138717@1771896177.371499749
0.0.4784258,5.514498140464805,SUCCESS,0.0.731861,0.0.3964790&0.0.3964804&0.0.3964855,0.0.4138717@1771896173.518534532
0.0.8291825,14.72117776915108,SUCCESS,0.0.731861,0.0.3964790&0.0.3964804,0.0.4138717@1771896178.761080619
0.0.4371196,3.430532795674994,SUCCESS,0.0.731861,0.0.3964790,0.0.4138717@1771896176.192111706
0.0.966009,0.4716419887029447,SUCCESS,0.0.731861,0.0.3964790,0.0.4138717@1771896178.661229745
0.0.27463,5.816779671690867,SUCCESS,0.0.731861,0.0.3964790,0.0.4138717@1771896178.331134378
0.0.794506,107.0536607971497,SUCCESS,0.0.731861,0.0.3964790&0.0.5328590,0.0.4138717@1771896179.422012178
0.0.7607102,0.15754277459114,SUCCESS,0.0.731861,0.0.3964790&0.0.3964804,0.0.4138717@1771896180.756550112
0.0.6075972,0.7879356689355523,SUCCESS,0.0.731861,0.0.3964790,0.0.4138717@1771896180.471054535
0.0.4367730,1.896622022320666,SUCCESS,0.0.731861,0.0.3964790,0.0.4138717@1771896177.355585049
0.0.3167151,3.609117335137429,SUCCESS,0.0.731861,0.0.3964790,0.0.4138717@1771896178.984867873
0.0.858310,0.2455162074767145,SUCCESS,0.0.731861,0.0.3964790,0.0.4138717@1771896178.480814136
0.0.9301501,0.3564331154910895,SUCCESS,0.0.731861,0.0.3964790&0.0.5328590,0.0.4138717@1771896180.058988393
0.0.1314568,5145.2791665124,SUCCESS,0.0.731861,0.0.3964790,0.0.4138717@1771896182.660666822
0.0.4540904,9.750771042089124,SUCCESS,0.0.731861,0.0.3964790&0.0.3964804&0.0.3964855,0.0.4138717@1771896183.587117776
0.0.835202,0.001059363417463572,SUCCESS,0.0.731861,0.0.3964790,0.0.4138717@1771896181.333467122
0.0.9365757,214.0034862574311,SUCCESS,0.0.731861,0.0.3964790&0.0.3964795&0.0.3964800&0.0.3964804&0.0.3964808&0.0.3964840&0.0.5328590,0.0.4138717@1771896180.927920289
0.0.3076299,0.8419564124136456,SUCCESS,0.0.731861,0.0.3964790&0.0.3964827,0.0.4138717@1771896182.829266938
0.0.920901,0.1195984291591015,SUCCESS,0.0.731861,0.0.3964790,0.0.4138717@1771896185.137405314
0.0.3938365,43.74189985540142,SUCCESS,0.0.731861,0.0.3964790&0.0.3964837,0.0.4138717@1771896182.665469692
0.0.2174952,15.36415208806051,SUCCESS,0.0.731861,0.0.3964790&0.0.3964804&0.0.3964834,0.0.4138717@1771896182.378839088
0.0.817883,0.02792369167189469,SUCCESS,0.0.731861,0.0.3964790,0.0.4138717@1771896184.225695511
0.0.4337852,2.403569335753876,SUCCESS,0.0.731861,0.0.3964790,0.0.4138717@1771896186.365630285
0.0.4574338,0.0001747947232819537,SUCCESS,0.0.731861,0.0.3964790,0.0.4138717@1771896188.564556392
0.0.4759022,0.03645821416978247,SUCCESS,0.0.731861,0.0.3964790,0.0.4138717@1771896186.980006126
0.0.7897802,39.64458673735212,SUCCESS,0.0.731861,0.0.3964790,0.0.4138717@1771896187.327266748
0.0.6043615,8.291559032513934,SUCCESS,0.0.731861,0.0.3964790&0.0.3964827&0.0.3964855&0.0.3964840&0.0.5328590&0.0.6071041&0.0.8315114,0.0.4138717@1771896186.844875606
0.0.4908409,0.003022312133860899,SUCCESS,0.0.731861,0.0.3964790,0.0.4138717@1771896188.638429699
0.0.8267043,0.1890193912744536,SUCCESS,0.0.731861,0.0.3964790&0.0.5328590,0.0.4138717@1771896186.188043081
0.0.4754443,1.262827924075458,SUCCESS,0.0.731861,0.0.3964790&0.0.3964804,0.0.4138717@1771896190.351800455
0.0.1073086,0.007904698047738155,SUCCESS,0.0.731861,0.0.3964790,0.0.4138717@1771896188.026270713
0.0.8447885,1.486083654087037,SUCCESS,0.0.731861,0.0.3964790,0.0.4138717@1771896190.752400731
0.0.1093612,1.797982081970458,SUCCESS,0.0.731861,0.0.3964790&0.0.3964804,0.0.4138717@1771896189.889986402
0.0.4205079,0.8633588608171272,SUCCESS,0.0.731861,0.0.3964790,0.0.4138717@1771896192.739084006
0.0.4713784,10.22415771055229,SUCCESS,0.0.731861,0.0.3964790&0.0.3964827,0.0.4138717@1771896190.291437366
0.0.5997510,0.1594751138669626,SUCCESS,0.0.731861,0.0.3964790,0.0.4138717@1771896193.488514489
0.0.4330338,0.00002526673500964046,SUCCESS,0.0.731861,0.0.3964790,0.0.4138717@1771896190.802685265
0.0.8271782,11.00517661156389,SUCCESS,0.0.731861,0.0.3964790&0.0.5328590,0.0.4138717@1771896192.650682655
0.0.4384266,2.151547971850104,SUCCESS,0.0.731861,0.0.3964790,0.0.4138717@1771896194.522580790
0.0.5326504,0.01235676227430341,SUCCESS,0.0.731861,0.0.3964790,0.0.4138717@1771896191.256902055
0.0.1380166,0.0004341952867630713,SUCCESS,0.0.731861,0.0.3964790,0.0.4138717@1771896192.286964189
0.0.10030621,0.00001765650148299207,SUCCESS,0.0.731861,0.0.3964790,0.0.4138717@1771896196.750285598
0.0.10164571,28.40217916646484,SUCCESS,0.0.731861,0.0.3964790,0.0.4138717@1771896193.377012676
0.0.4733020,0.4684574793323421,SUCCESS,0.0.731861,0.0.3964790,0.0.4138717@1771896197.321706783
0.0.10110159,1.925945637864279e-7,SUCCESS,0.0.731861,0.0.3964790,0.0.4138717@1771896197.871616452
0.0.10023501,2.041812893205597e-8,SUCCESS,0.0.731861,0.0.3964790,0.0.4138717@1771896196.571405268
0.0.2117864,12.83391337055688,SUCCESS,0.0.731861,0.0.3964790,0.0.4138717@1771896197.524508499
0.0.3854083,0.1755755937956233,SUCCESS,0.0.731861,0.0.3964790,0.0.4138717@1771896195.965029805
0.0.795838,1.220417009542563,SUCCESS,0.0.731861,0.0.3964790&0.0.3964804,0.0.4138717@1771896197.891145475
0.0.813712,0.508641694691533,SUCCESS,0.0.731861,0.0.3964790,0.0.4138717@1771896198.617589838
0.0.9960625,1.11985841905872e-8,SUCCESS,0.0.731861,0.0.3964790,0.0.4138717@1771896197.452496112
0.0.8054459,4.045839216484465,SUCCESS,0.0.731861,0.0.3964790&0.0.3964804,0.0.4138717@1771896200.596990979
0.0.6047264,0.07984192804895711,SUCCESS,0.0.731861,0.0.3964790,0.0.4138717@1771896199.684854724
0.0.4819535,0.01893735210857708,SUCCESS,0.0.731861,0.0.3964790,0.0.4138717@1771896202.271838216
0.0.844721,0.01449173134201438,SUCCESS,0.0.731861,0.0.3964790,0.0.4138717@1771896199.527499033
0.0.7790024,0.08925993871668834,SUCCESS,0.0.731861,0.0.3964790,0.0.4138717@1771896201.190624002
0.0.9643187,1.860978341823294,SUCCESS,0.0.731861,0.0.3964790&0.0.3964804,0.0.4138717@1771896201.911083709
0.0.9362944,0.01793358280715662,SUCCESS,0.0.731861,0.0.3964790,0.0.4138717@1771896200.194985655
0.0.2116216,132.9395119034808,SUCCESS,0.0.731861,0.0.3964795&0.0.3964804,0.0.4138717@1771896203.874541803
0.0.883477,2078.347949310649,SUCCESS,0.0.731861,0.0.3964795&0.0.3964800,0.0.4138717@1771896204.999784335
0.0.10034357,441.305958673812,SUCCESS,0.0.731861,0.0.3964795&0.0.3964804,0.0.4138717@1771896202.866397193
0.0.843616,0.1406115632019885,SUCCESS,0.0.731861,0.0.3964795,0.0.4138717@1771896203.968840780
0.0.835079,3435.08510948916,SUCCESS,0.0.731861,0.0.3964795&0.0.3964840,0.0.4138717@1771896202.471528774
0.0.7562274,37.18952521058299,SUCCESS,0.0.731861,0.0.3964795,0.0.4138717@1771896205.449921240
0.0.837554,794.3095250129111,SUCCESS,0.0.731861,0.0.3964795&0.0.3964804&0.0.3964808&0.0.4601632,0.0.4138717@1771896205.016252142
0.0.9766114,10.88716572673034,NOT_ASSOCIATED,0.0.731861,0.0.3964795&0.0.3964804,
0.0.10076786,31.95957353219529,SUCCESS,0.0.731861,0.0.3964795,0.0.4138717@1771896204.041036949
0.0.851754,0.11130007991252,NOT_ASSOCIATED,0.0.731861,0.0.3964795,
0.0.1989187,5130.702002567948,SUCCESS,0.0.731861,0.0.3964795&0.0.5328590,0.0.4138717@1771896204.292305055
0.0.1512214,12.69155286836247,SUCCESS,0.0.731861,0.0.3964795&0.0.3964800&0.0.3964804&0.0.3964809&0.0.3964840&0.0.4601632&0.0.6071074,0.0.4138717@1771896205.910107196
0.0.4882076,190.4827662570583,SUCCESS,0.0.731861,0.0.3964795&0.0.4601632&0.0.5328590,0.0.4138717@1771896206.013423819
0.0.1006425,843.1266936724323,SUCCESS,0.0.731861,0.0.3964795&0.0.3964827,0.0.4138717@1771896210.552398316
0.0.9823669,82.57043291933641,SUCCESS,0.0.731861,0.0.3964795,0.0.4138717@1771896208.384380744
0.0.4154591,805.1765124191808,SUCCESS,0.0.731861,0.0.3964795&0.0.3964804&0.0.3964837&0.0.4601632&0.0.5328590,0.0.4138717@1771896209.604798513
0.0.3100704,7216.954550299674,SUCCESS,0.0.731861,0.0.3964795&0.0.4601632&0.0.5328590,0.0.4138717@1771896212.655171441
0.0.1097257,7563.840888580145,SUCCESS,0.0.731861,0.0.3964795&0.0.3964800&0.0.3964808&0.0.3964827&0.0.3964834&0.0.3964837&0.0.3964840&0.0.4601632&0.0.5328590&0.0.6071074&0.0.6071911,0.0.4138717@1771896210.737280901
0.0.2101943,2.65656314113872,SUCCESS,0.0.731861,0.0.3964795&0.0.3964804&0.0.3964821,0.0.4138717@1771896213.314752166
0.0.4320148,0.5582932586238217,SUCCESS,0.0.731861,0.0.3964795&0.0.5328590&0.0.10092996&0.0.10093026,0.0.4138717@1771896211.911549565
0.0.4758211,395.6141092838862,SUCCESS,0.0.731861,0.0.3964795,0.0.4138717@1771896211.290816711
0.0.9579116,68.3653589125208,SUCCESS,0.0.731861,0.0.3964795&0.0.3964804,0.0.4138717@1771896211.309812888
0.0.1486871,1411.033892875508,SUCCESS,0.0.731861,0.0.3964795&0.0.3964800&0.0.3964804&0.0.3964834&0.0.3964840,0.0.4138717@1771896215.417273654
0.0.10244829,2.457051901642049,SUCCESS,0.0.731861,0.0.3964800&0.0.3964804,0.0.4138717@1771896216.237477722
0.0.791357,1195.27086021552,SUCCESS,0.0.731861,0.0.3964800,0.0.4138717@1771896214.351299147
0.0.4423729,458.9390178763303,SUCCESS,0.0.731861,0.0.3964800&0.0.3964804&0.0.3964834,0.0.4138717@1771896216.113870545
0.0.2960128,4385.661356030529,SUCCESS,0.0.731861,0.0.3964800&0.0.3964837&0.0.5328590,0.0.4138717@1771896215.944759326
0.0.855796,55.91636145568548,SUCCESS,0.0.731861,0.0.3964800,0.0.4138717@1771896216.391268535
0.0.2174015,40.87720349422356,SUCCESS,0.0.731861,0.0.3964800&0.0.3964808&0.0.3964827&0.0.3964837&0.0.3964840&0.0.5328590,0.0.4138717@1771896215.281070419
0.0.8346544,45.01701701762088,NOT_ASSOCIATED,0.0.731861,0.0.3964804,
0.0.8178093,1.337148581188872,NOT_ASSOCIATED,0.0.731861,0.0.3964804,
0.0.8323906,252.1076421106095,NOT_ASSOCIATED,0.0.731861,0.0.3964804,
0.0.8156060,1.578264583207623,SUCCESS,0.0.731861,0.0.3964804,0.0.4138717@1771896216.659167890
0.0.8306798,35.78500322137658,SUCCESS,0.0.731861,0.0.3964804&0.0.3964808&0.0.3964827&0.0.5328590,0.0.4138717@1771896216.657263657
0.0.8298814,24.99153493100616,SUCCESS,0.0.731861,0.0.3964804,0.0.4138717@1771896217.923187259
0.0.7964752,0.06192669632019904,SUCCESS,0.0.731861,0.0.3964804,0.0.4138717@1771896219.429596787
0.0.2025203,1.237213148088668,SUCCESS,0.0.731861,0.0.3964804,0.0.4138717@1771896220.217764647
0.0.7049977,0.1240525454898689,NOT_ASSOCIATED,0.0.731861,0.0.3964804,
0.0.4867972,0.4937291935540376,SUCCESS,0.0.731861,0.0.3964804,0.0.4138717@1771896216.926520398
0.0.8209324,8.427777910304874,SUCCESS,0.0.731861,0.0.3964804,0.0.4138717@1771896217.930561671
0.0.7997139,1.598099290675116,SUCCESS,0.0.731861,0.0.3964804,0.0.4138717@1771896217.835373311
0.0.5761971,0.002329193570331656,SUCCESS,0.0.731861,0.0.3964804,0.0.4138717@1771896221.925063436
0.0.1906790,0.1693398137232102,SUCCESS,0.0.731861,0.0.3964804,0.0.4138717@1771896220.511667804
0.0.8357708,250.0270338069757,SUCCESS,0.0.731861,0.0.3964804,0.0.4138717@1771896218.704733518
0.0.8357089,9.45269370151876,NOT_ASSOCIATED,0.0.731861,0.0.3964804,
0.0.3077609,38.86242200391407,SUCCESS,0.0.731861,0.0.3964804,0.0.4138717@1771896220.043491305
0.0.1714233,4.288128541068164,SUCCESS,0.0.731861,0.0.3964804,0.0.4138717@1771896220.742619536
0.0.8414409,0.2396163476702217,SUCCESS,0.0.731861,0.0.3964804,0.0.4138717@1771896221.040123909
0.0.8385016,4.903747955248337,SUCCESS,0.0.731861,0.0.3964804,0.0.4138717@1771896225.175616864
0.0.8198608,5.996224650411655,SUCCESS,0.0.731861,0.0.3964804,0.0.4138717@1771896221.639962911
0.0.5524338,0.728339264315488,SUCCESS,0.0.731861,0.0.3964804,0.0.4138717@1771896223.038388210
0.0.7684662,25.92463165257412,SUCCESS,0.0.731861,0.0.3964804&0.0.5328590,0.0.4138717@1771896223.206632039
0.0.1459865,25.26886372371434,NOT_ASSOCIATED,0.0.731861,0.0.3964804,
0.0.1365814,4.608054567394146,SUCCESS,0.0.731861,0.0.3964804,0.0.4138717@1771896224.380024601
0.0.8585468,0.01372007217060572,SUCCESS,0.0.731861,0.0.3964804,0.0.4138717@1771896223.006679319
0.0.7571260,2.615364456804788,SUCCESS,0.0.731861,0.0.3964804,0.0.4138717@1771896227.283818877
0.0.7835479,0.4519910789977612,SUCCESS,0.0.731861,0.0.3964804&0.0.3964827,0.0.4138717@1771896226.510872362
0.0.8056304,7.610908747744822,NOT_ASSOCIATED,0.0.731861,0.0.3964804,
0.0.9636419,5.94357537236667,NOT_ASSOCIATED,0.0.731861,0.0.3964804,
0.0.7861872,0.1228427633296272,NOT_ASSOCIATED,0.0.731861,0.0.3964804,
0.0.1479857,15.27718520259569,SUCCESS,0.0.731861,0.0.3964804,0.0.4138717@1771896224.341067096
0.0.5042398,22.96286456018897,SUCCESS,0.0.731861,0.0.3964804,0.0.4138717@1771896229.586763485
0.0.5905014,5.312870471093793,SUCCESS,0.0.731861,0.0.3964804,0.0.4138717@1771896228.906606220
0.0.3947850,0.02969752691424804,SUCCESS,0.0.731861,0.0.3964804&0.0.5328590,0.0.4138717@1771896229.653870406
0.0.7896816,216.4579590082317,NOT_ASSOCIATED,0.0.731861,0.0.3964804,
0.0.1481135,441.4575127714951,SUCCESS,0.0.731861,0.0.3964804&0.0.3964834&0.0.3964837&0.0.3964840&0.0.4601632,0.0.4138717@1771896230.162361336
0.0.7965413,0.0133243515500325,NOT_ASSOCIATED,0.0.731861,0.0.3964804,
0.0.8032303,0.781420552442261,SUCCESS,0.0.731861,0.0.3964804,0.0.4138717@1771896230.229499620
0.0.7746903,1.129183703481163,SUCCESS,0.0.731861,0.0.3964804,0.0.4138717@1771896228.262314877
0.0.7974195,557.7135023233764,SUCCESS,0.0.731861,0.0.3964804,0.0.4138717@1771896229.421564710
0.0.8175769,1.076290207640302,SUCCESS,0.0.731861,0.0.3964804,0.0.4138717@1771896229.272947654
0.0.7912110,0.004509293004919266,NOT_ASSOCIATED,0.0.731861,0.0.3964804,
0.0.2006292,0.7944770860773585,SUCCESS,0.0.731861,0.0.3964804,0.0.4138717@1771896230.485752422
0.0.8059253,7.454279532554579,SUCCESS,0.0.731861,0.0.3964804,0.0.4138717@1771896231.975037763
0.0.2477582,4.467367268702125,NOT_ASSOCIATED,0.0.731861,0.0.3964804,
0.0.8042105,1.560024377269562,NOT_ASSOCIATED,0.0.731861,0.0.3964804,
0.0.7913251,0.9358385449052384,SUCCESS,0.0.731861,0.0.3964804,0.0.4138717@1771896230.746305637
0.0.4746343,0.0241764121545473,SUCCESS,0.0.731861,0.0.3964804,0.0.4138717@1771896233.427564307
0.0.5007636,1.339537129746054,NOT_ASSOCIATED,0.0.731861,0.0.3964804,
0.0.833836,32.551057466888,SUCCESS,0.0.731861,0.0.3964804,0.0.4138717@1771896232.301316498
0.0.3828375,311.1661384925358,SUCCESS,0.0.731861,0.0.3964804,0.0.4138717@1771896233.189298601
0.0.8142528,0.3755293345058771,NOT_ASSOCIATED,0.0.731861,0.0.3964804,
0.0.8173226,63.51906655088769,SUCCESS,0.0.731861,0.0.3964804,0.0.4138717@1771896233.329209889
0.0.1056474,61.95156459113082,SUCCESS,0.0.731861,0.0.3964804,0.0.4138717@1771896234.091389672
0.0.4345655,38.18305207522871,SUCCESS,0.0.731861,0.0.3964804,0.0.4138717@1771896234.770382427
0.0.9275748,15.96946042708128,SUCCESS,0.0.731861,0.0.3964804&0.0.3964827,0.0.4138717@1771896237.190740752
0.0.9285770,1.702428925571108,NOT_ASSOCIATED,0.0.731861,0.0.3964804,
0.0.8880678,0.3798485086301056,SUCCESS,0.0.731861,0.0.3964804,0.0.4138717@1771896238.688863220
0.0.9318048,0.2439698526014973,NOT_ASSOCIATED,0.0.731861,0.0.3964804,
0.0.4821795,5.790006566921051,SUCCESS,0.0.731861,0.0.3964804,0.0.4138717@1771896238.750703983
0.0.9367202,0.02838581363541132,NOT_ASSOCIATED,0.0.731861,0.0.3964804,
0.0.813564,0.01558350640844958,SUCCESS,0.0.731861,0.0.3964804,0.0.4138717@1771896240.050588938
0.0.4330332,8.62868774676529,SUCCESS,0.0.731861,0.0.3964804,0.0.4138717@1771896239.535233256
0.0.6160732,1.126040548460982,NOT_ASSOCIATED,0.0.731861,0.0.3964804,
0.0.9146353,38.09649994538666,SUCCESS,0.0.731861,0.0.3964804,0.0.4138717@1771896238.452887787
0.0.9444587,30.18858815352176,SUCCESS,0.0.731861,0.0.3964804,0.0.4138717@1771896236.596103875
0.0.9449215,16.77546280859979,SUCCESS,0.0.731861,0.0.3964804,0.0.4138717@1771896238.942013366
0.0.9450539,15.44206967862781,NOT_ASSOCIATED,0.0.731861,0.0.3964804,
0.0.6068301,7.663662734968051,SUCCESS,0.0.731861,0.0.3964804&0.0.5328590,0.0.4138717@1771896240.023128599
0.0.887615,0.1632189021045539,SUCCESS,0.0.731861,0.0.3964804,0.0.4138717@1771896241.652100432
0.0.4594903,0.4746914771354458,SUCCESS,0.0.731861,0.0.3964804,0.0.4138717@1771896243.578241933
0.0.9504249,29.85178075268584,SUCCESS,0.0.731861,0.0.3964804,0.0.4138717@1771896240.397793800
0.0.5316018,24.08840239719264,SUCCESS,0.0.731861,0.0.3964804,0.0.4138717@1771896242.585999821
0.0.190191,1.18061794637623,NOT_ASSOCIATED,0.0.731861,0.0.3964804,
0.0.8246604,0.02703241811972189,SUCCESS,0.0.731861,0.0.3964804,0.0.4138717@1771896242.177551524
0.0.8070994,24.67629947069683,NOT_ASSOCIATED,0.0.731861,0.0.3964804,
0.0.8080965,0.1500968890212513,NOT_ASSOCIATED,0.0.731861,0.0.3964804,
0.0.9590994,179.6422732988171,NOT_ASSOCIATED,0.0.731861,0.0.3964804,
0.0.1031509,48.03224195069796,NOT_ASSOCIATED,0.0.731861,0.0.3964804,
0.0.9602777,0.272127858363262,NOT_ASSOCIATED,0.0.731861,0.0.3964804,
0.0.5805332,19.0270944368656,SUCCESS,0.0.731861,0.0.3964804,0.0.4138717@1771896243.752880547
0.0.1043461,585.7615661589284,SUCCESS,0.0.731861,0.0.3964804,0.0.4138717@1771896243.641165347
0.0.8256574,0.6094165193860391,SUCCESS,0.0.731861,0.0.3964804&0.0.3964808,0.0.4138717@1771896246.074168180
0.0.8792600,0.04446262823548745,NOT_ASSOCIATED,0.0.731861,0.0.3964804,
0.0.7788265,2.753266093074106,NOT_ASSOCIATED,0.0.731861,0.0.3964804,
0.0.9009997,6.241390068968081,NOT_ASSOCIATED,0.0.731861,0.0.3964804,
0.0.9065767,11.37821560254111,SUCCESS,0.0.731861,0.0.3964804,0.0.4138717@1771896245.981350413
0.0.8826517,108.2042478756296,SUCCESS,0.0.731861,0.0.3964804,0.0.4138717@1771896245.797258014
0.0.9095016,29.16448989592875,NOT_ASSOCIATED,0.0.731861,0.0.3964804,
0.0.2091507,44.26509864956452,SUCCESS,0.0.731861,0.0.3964804,0.0.4138717@1771896246.887181617
0.0.1090802,1.083039742349089,SUCCESS,0.0.731861,0.0.3964804,0.0.4138717@1771896247.492683369
0.0.689277,118.8543513124718,SUCCESS,0.0.731861,0.0.3964804,0.0.4138717@1771896249.380313622
0.0.53756,51.60221560787207,SUCCESS,0.0.731861,0.0.3964804,0.0.4138717@1771896246.093242324
0.0.958821,235.0613634069593,SUCCESS,0.0.731861,0.0.3964804,0.0.4138717@1771896250.420370875
0.0.9169121,4.847168419317864,SUCCESS,0.0.731861,0.0.3964804,0.0.4138717@1771896251.742732279
0.0.8392843,5.448125717700548,NOT_ASSOCIATED,0.0.731861,0.0.3964804,
0.0.9086562,0.01684410254875156,SUCCESS,0.0.731861,0.0.3964804,0.0.4138717@1771896249.857661183
0.0.9177141,0.7664673909896701,NOT_ASSOCIATED,0.0.731861,0.0.3964804,
0.0.1403937,0.1289283743054265,SUCCESS,0.0.731861,0.0.3964804,0.0.4138717@1771896251.222283053
0.0.1118731,0.2253980680840406,SUCCESS,0.0.731861,0.0.3964804,0.0.4138717@1771896251.722438325
0.0.9196038,2.734809565431683,SUCCESS,0.0.731861,0.0.3964804,0.0.4138717@1771896249.701886150
0.0.1862342,4.918479153727425,SUCCESS,0.0.731861,0.0.3964804,0.0.4138717@1771896251.175487207
0.0.8113254,7.961032604218085,SUCCESS,0.0.731861,0.0.3964804&0.0.4601632&0.0.5328590,0.0.4138717@1771896252.071046089
0.0.4345176,1.199442666488328,SUCCESS,0.0.731861,0.0.3964804,0.0.4138717@1771896254.032807519
0.0.844167,3.349611408025867,SUCCESS,0.0.731861,0.0.3964804,0.0.4138717@1771896254.642103614
0.0.836096,17.99398523257528,SUCCESS,0.0.731861,0.0.3964804&0.0.5328590,0.0.4138717@1771896255.312490459
0.0.4340392,0.6683687095627902,SUCCESS,0.0.731861,0.0.3964804,0.0.4138717@1771896257.164897292
0.0.4782567,33.13137302325892,SUCCESS,0.0.731861,0.0.3964804,0.0.4138717@1771896256.821121246
0.0.4323897,0.1837165372145396,SUCCESS,0.0.731861,0.0.3964804,0.0.4138717@1771896259.112112951
0.0.834666,92.38072982686006,SUCCESS,0.0.731861,0.0.3964804,0.0.4138717@1771896259.762280537
0.0.5029689,4.82948011611291,SUCCESS,0.0.731861,0.0.3964804,0.0.4138717@1771896260.546680768
0.0.4329551,53.93693230193168,SUCCESS,0.0.731861,0.0.3964804&0.0.3964827&0.0.3964855,0.0.4138717@1771896256.484313424
0.0.1415516,111.0260988208123,SUCCESS,0.0.731861,0.0.3964804,0.0.4138717@1771896259.715876160
0.0.5432163,0.5344080557045513,NOT_ASSOCIATED,0.0.731861,0.0.3964804,
0.0.837799,16.14164103643353,SUCCESS,0.0.731861,0.0.3964804,0.0.4138717@1771896260.805571472
0.0.4433604,0.9614493640063032,SUCCESS,0.0.731861,0.0.3964804&0.0.4601632,0.0.4138717@1771896257.991230578
0.0.2302824,0.0297265978342241,SUCCESS,0.0.731861,0.0.3964804,0.0.4138717@1771896259.721986503
0.0.5314183,4.678495381518021,SUCCESS,0.0.731861,0.0.3964804,0.0.4138717@1771896259.270918010
0.0.840487,38.74062773490819,SUCCESS,0.0.731861,0.0.3964804,0.0.4138717@1771896263.005031939
0.0.789990,0.8790332356854897,SUCCESS,0.0.731861,0.0.3964804,0.0.4138717@1771896261.203597715
0.0.4362017,19.78721819223537,SUCCESS,0.0.731861,0.0.3964804,0.0.4138717@1771896264.352001793
0.0.1046906,0.3046566000359117,SUCCESS,0.0.731861,0.0.3964804,0.0.4138717@1771896265.233379760
0.0.4044502,29.07834187301171,SUCCESS,0.0.731861,0.0.3964804,0.0.4138717@1771896263.825437962
0.0.4923529,0.02198899235786441,NOT_ASSOCIATED,0.0.731861,0.0.3964804,
0.0.4741573,11.19493110129365,SUCCESS,0.0.731861,0.0.3964804,0.0.4138717@1771896265.586290345
0.0.1747288,46.32536304519378,SUCCESS,0.0.731861,0.0.3964804,0.0.4138717@1771896264.566941246
0.0.4640278,1.152440932177771,SUCCESS,0.0.731861,0.0.3964804,0.0.4138717@1771896266.827896325
0.0.4758052,2.122932216122433,SUCCESS,0.0.731861,0.0.3964804,0.0.4138717@1771896264.560695138
0.0.3907868,0.04307030411014209,SUCCESS,0.0.731861,0.0.3964804,0.0.4138717@1771896267.256324690
0.0.6460255,37.63666458099628,NOT_ASSOCIATED,0.0.731861,0.0.3964804,
0.0.10068662,0.4353614840736091,SUCCESS,0.0.731861,0.0.3964804,0.0.4138717@1771896268.008248194
0.0.8629477,10.25981169319965,SUCCESS,0.0.731861,0.0.3964804,0.0.4138717@1771896266.332089098
0.0.9997124,123.4960270192538,NOT_ASSOCIATED,0.0.731861,0.0.3964804,
0.0.4911466,0.07718322557305676,SUCCESS,0.0.731861,0.0.3964804,0.0.4138717@1771896268.134763148
0.0.9690555,2.328056396873768,SUCCESS,0.0.731861,0.0.3964804,0.0.4138717@1771896269.319591279
0.0.10167174,2.119283308985341,SUCCESS,0.0.731861,0.0.3964804,0.0.4138717@1771896269.465540560
0.0.1711144,9.59071268252748,NOT_ASSOCIATED,0.0.731861,0.0.3964804&0.0.3964808,
0.0.1703792,2.310543509352387,SUCCESS,0.0.731861,0.0.3964804,0.0.4138717@1771896267.540542563
0.0.3295745,45.82546817540558,SUCCESS,0.0.731861,0.0.3964804,0.0.4138717@1771896270.846088053
0.0.7164995,49.86357102720994,SUCCESS,0.0.731861,0.0.3964804,0.0.4138717@1771896267.648842485
0.0.10056907,1653.152688260664,SUCCESS,0.0.731861,0.0.3964804&0.0.3964827&0.0.3964837&0.0.3964860&0.0.5328590,0.0.4138717@1771896269.250249008
0.0.2030460,81.3275307256448,SUCCESS,0.0.731861,0.0.3964804&0.0.6078473,0.0.4138717@1771896270.594418940
0.0.10242536,14.00477267005158,NOT_ASSOCIATED,0.0.731861,0.0.3964804,
0.0.7935176,35.2081028310856,SUCCESS,0.0.731861,0.0.3964804&0.0.4601632,0.0.4138717@1771896271.288257320
0.0.10261941,2.950890571655687,NOT_ASSOCIATED,0.0.731861,0.0.3964804,
0.0.1505544,0.09217746797462652,SUCCESS,0.0.731861,0.0.3964804,0.0.4138717@1771896270.390441237
0.0.876236,1.843972237241388,SUCCESS,0.0.731861,0.0.3964804,0.0.4138717@1771896273.025454685
0.0.4644030,0.3123053740744745,SUCCESS,0.0.731861,0.0.3964804,0.0.4138717@1771896270.610494927
0.0.2005484,0.2575277171447157,SUCCESS,0.0.731861,0.0.3964804,0.0.4138717@1771896273.188719796
0.0.4144365,23.78985714329517,SUCCESS,0.0.731861,0.0.3964804,0.0.4138717@1771896270.907686342
0.0.7638910,0.6148666611044628,SUCCESS,0.0.731861,0.0.3964804,0.0.4138717@1771896272.536825075
0.0.1448239,0.7118754662455424,SUCCESS,0.0.731861,0.0.3964804,0.0.4138717@1771896273.765222026
0.0.6344703,8004.444214939585,SUCCESS,0.0.731861,0.0.3964804&0.0.4129330&0.0.6071041&0.0.6126395&0.0.8315114,0.0.4138717@1771896275.455622070
0.0.6612734,0.1042241954514063,NOT_ASSOCIATED,0.0.731861,0.0.3964804,
0.0.1233065,4.705452715018528,SUCCESS,0.0.731861,0.0.3964804,0.0.4138717@1771896277.004200155
0.0.4978453,115.8798520438885,SUCCESS,0.0.731861,0.0.3964804,0.0.4138717@1771896277.197689313
0.0.1859919,1.764172038185359,NOT_ASSOCIATED,0.0.731861,0.0.3964804,
0.0.7200618,0.2616850236017987,SUCCESS,0.0.731861,0.0.3964804,0.0.4138717@1771896275.792946199
0.0.3159220,7.559882084407965,SUCCESS,0.0.731861,0.0.3964804,0.0.4138717@1771896275.746851074
0.0.987356,126.9122093357502,SUCCESS,0.0.731861,0.0.3964804,0.0.4138717@1771896276.209915398
0.0.4595460,1.498164506433033,SUCCESS,0.0.731861,0.0.3964804,0.0.4138717@1771896277.078083022
0.0.4899880,0.911510605396998,SUCCESS,0.0.731861,0.0.3964804,0.0.4138717@1771896278.231984191
0.0.5437974,13.85686052226792,SUCCESS,0.0.731861,0.0.3964804,0.0.4138717@1771896277.723621931
0.0.7610560,2.065847452683743,NOT_ASSOCIATED,0.0.731861,0.0.3964804,
0.0.6232417,0.2599046752056202,SUCCESS,0.0.731861,0.0.3964804,0.0.4138717@1771896281.023677996
0.0.6256886,0.6126297037513796,SUCCESS,0.0.731861,0.0.3964804,0.0.4138717@1771896279.810311698
0.0.831661,34.87561690287625,SUCCESS,0.0.731861,0.0.3964804,0.0.4138717@1771896278.142262777
0.0.2557514,13.53846111586757,SUCCESS,0.0.731861,0.0.3964804,0.0.4138717@1771896282.243917823
0.0.4250725,2.087568383804876,SUCCESS,0.0.731861,0.0.3964804,0.0.4138717@1771896283.562241460
0.0.3912896,2.581891432673925,SUCCESS,0.0.731861,0.0.3964804,0.0.4138717@1771896279.736811922
0.0.4752954,3.647787154480565,SUCCESS,0.0.731861,0.0.3964804,0.0.4138717@1771896279.884173654
0.0.7777028,8.704469715889902,NOT_ASSOCIATED,0.0.731861,0.0.3964804,
0.0.5739319,13.40946437331475,SUCCESS,0.0.731861,0.0.3964804,0.0.4138717@1771896283.339689107
0.0.7791729,0.01325532754177368,NOT_ASSOCIATED,0.0.731861,0.0.3964804,
0.0.7421912,0.6019736431671147,SUCCESS,0.0.731861,0.0.3964804,0.0.4138717@1771896281.278783287
0.0.6247418,0.6742276602464577,NOT_ASSOCIATED,0.0.731861,0.0.3964804,
0.0.5060252,18.46349069117917,SUCCESS,0.0.731861,0.0.3964804&0.0.3964860,0.0.4138717@1771896282.630806080
0.0.4322023,8.718473231134803,SUCCESS,0.0.731861,0.0.3964804&0.0.3964855&0.0.4601632,0.0.4138717@1771896286.199951032
0.0.4785387,6.658693982361186,SUCCESS,0.0.731861,0.0.3964804&0.0.4601632,0.0.4138717@1771896284.737493589
0.0.1388678,60.55392285346944,SUCCESS,0.0.731861,0.0.3964804,0.0.4138717@1771896285.286007827
0.0.848151,4.487102390253608,SUCCESS,0.0.731861,0.0.3964804,0.0.4138717@1771896286.113255130
0.0.6061106,5.46656003920921,NOT_ASSOCIATED,0.0.731861,0.0.3964804,
0.0.4799094,1.303468751404905,SUCCESS,0.0.731861,0.0.3964804,0.0.4138717@1771896285.083236875
0.0.1334605,134.1741251910059,SUCCESS,0.0.731861,0.0.3964804,0.0.4138717@1771896286.534039020
0.0.6058490,0.3907870951552672,SUCCESS,0.0.731861,0.0.3964804,0.0.4138717@1771896287.716226269
0.0.6078189,5.752616871322892,SUCCESS,0.0.731861,0.0.3964804,0.0.4138717@1771896288.274352764
0.0.7570262,1.096287192132032,SUCCESS,0.0.731861,0.0.3964804,0.0.4138717@1771896288.630842625
0.0.4659519,22.5576661587851,SUCCESS,0.0.731861,0.0.3964804,0.0.4138717@1771896287.545302048
0.0.827132,1.360098344323418,SUCCESS,0.0.731861,0.0.3964804,0.0.4138717@1771896286.548644722
0.0.3158284,13.07688483066429,SUCCESS,0.0.731861,0.0.3964804&0.0.4601632&0.0.5328590,0.0.4138717@1771896287.932445749
0.0.6324031,0.01042439580131059,SUCCESS,0.0.731861,0.0.3964804,0.0.4138717@1771896288.984302700
0.0.2123622,1.773707334421323,SUCCESS,0.0.731861,0.0.3964804,0.0.4138717@1771896288.577735581
0.0.4360598,0.5240618662893166,SUCCESS,0.0.731861,0.0.3964804,0.0.4138717@1771896292.122431834
0.0.6674918,0.1990484920289135,SUCCESS,0.0.731861,0.0.3964804,0.0.4138717@1771896293.273278143
0.0.1307915,0.00540736949597282,SUCCESS,0.0.731861,0.0.3964804,0.0.4138717@1771896292.482091399
0.0.835625,45.78995192572398,SUCCESS,0.0.731861,0.0.3964804&0.0.3964827&0.0.3964837,0.0.4138717@1771896293.435176271
0.0.6933072,6.935517803960615,NOT_ASSOCIATED,0.0.731861,0.0.3964804,
0.0.838198,33.75100129111449,SUCCESS,0.0.731861,0.0.3964804&0.0.3964855&0.0.3964840&0.0.4601632,0.0.4138717@1771896295.275251390
0.0.5315914,19.41092525038396,SUCCESS,0.0.731861,0.0.3964804,0.0.4138717@1771896292.357339752
0.0.5421455,0.04802146061470007,SUCCESS,0.0.731861,0.0.3964804,0.0.4138717@1771896295.310286523
0.0.5495538,80.29158817580564,SUCCESS,0.0.731861,0.0.3964804&0.0.3964860&0.0.4601632,0.0.4138717@1771896293.968182245
0.0.4533464,1.500118949493041,SUCCESS,0.0.731861,0.0.3964804,0.0.4138717@1771896291.965794875
0.0.5147407,4.411636662249991,SUCCESS,0.0.731861,0.0.3964804,0.0.4138717@1771896297.030526714
0.0.796454,235.5282398685149,SUCCESS,0.0.731861,0.0.3964804,0.0.4138717@1771896295.183951954
0.0.3937438,3.398193834141298,SUCCESS,0.0.731861,0.0.3964804,0.0.4138717@1771896297.232678807
0.0.5023507,67.3909244455784,SUCCESS,0.0.731861,0.0.3964804&0.0.4601632&0.0.5328590,0.0.4138717@1771896296.049976236
0.0.4589167,0.237898972475717,NOT_ASSOCIATED,0.0.731861,0.0.3964804,
0.0.5698429,0.07994794138334652,SUCCESS,0.0.731861,0.0.3964804,0.0.4138717@1771896295.031000390
0.0.4351736,0.1777164968132199,SUCCESS,0.0.731861,0.0.3964804,0.0.4138717@1771896296.142538936
0.0.4410999,9.947745063083895,SUCCESS,0.0.731861,0.0.3964804&0.0.3964827,0.0.4138717@1771896297.968312356
0.0.4717832,2.51616679389844,SUCCESS,0.0.731861,0.0.3964804,0.0.4138717@1771896300.207106962
0.0.4358173,310.5167449347208,SUCCESS,0.0.731861,0.0.3964804&0.0.4601632&0.0.6126395,0.0.4138717@1771896299.204070428
0.0.3967246,5.399499878838038,SUCCESS,0.0.731861,0.0.3964804,0.0.4138717@1771896300.277481060
0.0.4965217,2.358934141173379,SUCCESS,0.0.731861,0.0.3964804,0.0.4138717@1771896300.943290926
0.0.2787506,14.29420700789164,SUCCESS,0.0.731861,0.0.3964804,0.0.4138717@1771896301.701493762
0.0.805713,187.2981348802047,SUCCESS,0.0.731861,0.0.3964804,0.0.4138717@1771896299.583452684
0.0.5068116,0.4049630194922624,NOT_ASSOCIATED,0.0.731861,0.0.3964804,
0.0.753351,4.664596428184043,SUCCESS,0.0.731861,0.0.3964804,0.0.4138717@1771896300.211800925
0.0.6139137,7.404918431635895,SUCCESS,0.0.731861,0.0.3964804,0.0.4138717@1771896299.654567649
0.0.5746207,427.3526786004872,SUCCESS,0.0.731861,0.0.3964804,0.0.4138717@1771896303.897066395
0.0.6154587,127.3018030928118,SUCCESS,0.0.731861,0.0.3964804,0.0.4138717@1771896302.905729636
0.0.6275653,0.1346011824390544,SUCCESS,0.0.731861,0.0.3964804,0.0.4138717@1771896304.157257379
0.0.5957030,18.73658820237535,NOT_ASSOCIATED,0.0.731861,0.0.3964804,
0.0.10267166,82.14291556629722,NOT_ASSOCIATED,0.0.731861,0.0.3964804,
0.0.1365923,0.09873757476120362,SUCCESS,0.0.731861,0.0.3964804,0.0.4138717@1771896302.387119197
0.0.10007904,0.01050208023798933,SUCCESS,0.0.731861,0.0.3964804,0.0.4138717@1771896305.953254144
0.0.10035851,23.38526345001553,SUCCESS,0.0.731861,0.0.3964804,0.0.4138717@1771896306.416755902
0.0.10115705,0.004077900052554306,SUCCESS,0.0.731861,0.0.3964804,0.0.4138717@1771896308.443093465
0.0.10133721,78.92711799598511,SUCCESS,0.0.731861,0.0.3964804,0.0.4138717@1771896307.545959596
0.0.10164472,6159.92447724303,SUCCESS,0.0.731861,0.0.3964804,0.0.4138717@1771896305.484531277
0.0.10088400,2.289654247165171,SUCCESS,0.0.731861,0.0.3964804,0.0.4138717@1771896307.335768049
0.0.10190094,2031.775078722985,SUCCESS,0.0.731861,0.0.3964804,0.0.4138717@1771896308.836947081
0.0.10182354,23.90300050059762,SUCCESS,0.0.731861,0.0.3964804,0.0.4138717@1771896306.369113855
0.0.818498,0.09477190731567296,SUCCESS,0.0.731861,0.0.3964804,0.0.4138717@1771896310.305298418
0.0.7989176,102.5061050595842,SUCCESS,0.0.731861,0.0.3964804,0.0.4138717@1771896310.791542868
0.0.3959322,94.3830980319032,SUCCESS,0.0.731861,0.0.3964804,0.0.4138717@1771896308.698062472
0.0.10248120,3.573211068103898,SUCCESS,0.0.731861,0.0.3964804,0.0.4138717@1771896309.345268854
0.0.433061,10.34877002470006,SUCCESS,0.0.731861,0.0.3964804&0.0.3964860,0.0.4138717@1771896308.413604137
0.0.10267167,227.3126662191561,NOT_ASSOCIATED,0.0.731861,0.0.3964804,
0.0.815643,40.9957168199577,SUCCESS,0.0.731861,0.0.3964804,0.0.4138717@1771896311.324247842
0.0.1681033,2.259042223276645,SUCCESS,0.0.731861,0.0.3964804,0.0.4138717@1771896311.133736490
0.0.9362153,2.13063444685589,SUCCESS,0.0.731861,0.0.3964804,0.0.4138717@1771896313.326124575
0.0.4350498,0.00006847546144097077,SUCCESS,0.0.731861,0.0.3964804,0.0.4138717@1771896311.222607900
0.0.1860252,0.2136042686626141,SUCCESS,0.0.731861,0.0.3964804,0.0.4138717@1771896311.905291728
0.0.1402758,247.6964296937158,SUCCESS,0.0.731861,0.0.3964804&0.0.3964837,0.0.4138717@1771896312.026568024
0.0.728698,7.102131178744829,SUCCESS,0.0.731861,0.0.3964804&0.0.4601632,0.0.4138717@1771896316.907550373
0.0.4327294,0.188761836467539,SUCCESS,0.0.731861,0.0.3964804,0.0.4138717@1771896316.692334230
0.0.887612,19.99869034655309,SUCCESS,0.0.731861,0.0.3964804,0.0.4138717@1771896314.332935272
0.0.7290965,6.502814414119744,SUCCESS,0.0.731861,0.0.3964804,0.0.4138717@1771896312.820905421
0.0.7662545,0.04497526261196133,NOT_ASSOCIATED,0.0.731861,0.0.3964804,
0.0.4887338,8.250718109822799,SUCCESS,0.0.731861,0.0.3964804,0.0.4138717@1771896315.875467967
0.0.146930,11470.02062083026,SUCCESS,0.0.731861,0.0.3964804,0.0.4138717@1771896317.359913439
0.0.496172,14.37087005145296,SUCCESS,0.0.731861,0.0.3964804,0.0.4138717@1771896315.092090758
0.0.838791,15.25878794375462,SUCCESS,0.0.731861,0.0.3964804,0.0.4138717@1771896317.315336358
0.0.7710235,1.273766421451185,SUCCESS,0.0.731861,0.0.3964804,0.0.4138717@1771896315.694689039
0.0.4431727,1.464496220157261,SUCCESS,0.0.731861,0.0.3964804&0.0.3964827,0.0.4138717@1771896319.423662480
0.0.1359581,187.960849346048,SUCCESS,0.0.731861,0.0.3964804&0.0.3964827,0.0.4138717@1771896316.998324014
0.0.1486421,15.81333861909349,SUCCESS,0.0.731861,0.0.3964804,0.0.4138717@1771896319.722513056
0.0.3916542,0.3135162890423145,SUCCESS,0.0.731861,0.0.3964804,0.0.4138717@1771896316.337844186
0.0.4566469,21.8427675348552,SUCCESS,0.0.731861,0.0.3964804,0.0.4138717@1771896318.230308386
0.0.1524063,43.73407728501399,SUCCESS,0.0.731861,0.0.3964804,0.0.4138717@1771896320.570773832
0.0.811739,16.56303908254086,SUCCESS,0.0.731861,0.0.3964804,0.0.4138717@1771896319.798555132
0.0.1463093,13.87831303732044,SUCCESS,0.0.731861,0.0.3964804,0.0.4138717@1771896317.836167263
0.0.4135513,13.42431636369945,SUCCESS,0.0.731861,0.0.3964804,0.0.4138717@1771896323.497115688
0.0.4504544,86.4926197729477,SUCCESS,0.0.731861,0.0.3964804,0.0.4138717@1771896324.301624969
0.0.2004450,1.471014662250359,SUCCESS,0.0.731861,0.0.3964804,0.0.4138717@1771896324.480777424
0.0.1374442,577.7275655288581,SUCCESS,0.0.731861,0.0.3964804&0.0.4601632&0.0.5328590,0.0.4138717@1771896322.781873340
0.0.1337171,339.2902438608833,SUCCESS,0.0.731861,0.0.3964804&0.0.3964809&0.0.3964827&0.0.3964860&0.0.6071911,0.0.4138717@1771896322.101638400
0.0.7798912,22.71939149393282,SUCCESS,0.0.731861,0.0.3964804,0.0.4138717@1771896322.252409999
0.0.863008,3.599137465600269,SUCCESS,0.0.731861,0.0.3964804,0.0.4138717@1771896322.676903145
0.0.791414,3.496072040594812,SUCCESS,0.0.731861,0.0.3964804,0.0.4138717@1771896325.610778691
0.0.1746011,16.74564254864917,SUCCESS,0.0.731861,0.0.3964804,0.0.4138717@1771896326.342276859
0.0.4883729,3.425225781511918,SUCCESS,0.0.731861,0.0.3964804,0.0.4138717@1771896324.789467531
0.0.4312267,73.24176015029343,SUCCESS,0.0.731861,0.0.3964804,0.0.4138717@1771896324.307676100
0.0.7450449,5.670998991978646,NOT_ASSOCIATED,0.0.731861,0.0.3964804,
0.0.3240624,0.02168356412469197,SUCCESS,0.0.731861,0.0.3964804,0.0.4138717@1771896328.884598841
0.0.1463629,1.224336206646667,SUCCESS,0.0.731861,0.0.3964804,0.0.4138717@1771896325.102132264
0.0.6852334,19.74929307531996,SUCCESS,0.0.731861,0.0.3964804,0.0.4138717@1771896325.093594603
0.0.6828202,247.995555598801,SUCCESS,0.0.731861,0.0.3964804&0.0.4601632,0.0.4138717@1771896325.511766090
0.0.3048811,884.512915518271,SUCCESS,0.0.731861,0.0.3964804&0.0.4601632&0.0.6071041,0.0.4138717@1771896328.735988710
0.0.4314332,42.82205830618757,SUCCESS,0.0.731861,0.0.3964804,0.0.4138717@1771896328.317243759
0.0.6416166,8.765198470980657,SUCCESS,0.0.731861,0.0.3964804,0.0.4138717@1771896330.495322125
0.0.2967389,4.622587749807265,SUCCESS,0.0.731861,0.0.3964804,0.0.4138717@1771896327.668880160
0.0.6157135,5382.659597417356,SUCCESS,0.0.731861,0.0.3964804&0.0.3964837,0.0.4138717@1771896332.337878649
0.0.6004536,0.5781657939963593,SUCCESS,0.0.731861,0.0.3964804,0.0.4138717@1771896330.673007424
0.0.9593512,0.02097639221245052,SUCCESS,0.0.731861,0.0.3964804,0.0.4138717@1771896329.308046765
0.0.6475509,1.764592170014535,SUCCESS,0.0.731861,0.0.3964804,0.0.4138717@1771896332.540677217
0.0.662621,4.32399931012544,SUCCESS,0.0.731861,0.0.3964804,0.0.4138717@1771896333.409745535
0.0.1102543,91.09389347189828,SUCCESS,0.0.731861,0.0.3964804,0.0.4138717@1771896329.644496031
0.0.7312670,10.18691676377578,SUCCESS,0.0.731861,0.0.3964804,0.0.4138717@1771896334.592685907
0.0.1124401,36.20539647178125,SUCCESS,0.0.731861,0.0.3964804,0.0.4138717@1771896331.024332756
0.0.892270,117.2090039681735,SUCCESS,0.0.731861,0.0.3964804,0.0.4138717@1771896332.814699093
0.0.794930,0.561714129509306,SUCCESS,0.0.731861,0.0.3964804,0.0.4138717@1771896332.823382391
0.0.7631749,0.03019856963808024,SUCCESS,0.0.731861,0.0.3964804,0.0.4138717@1771896337.004289125
0.0.3872629,5.109071822891857,SUCCESS,0.0.731861,0.0.3964804,0.0.4138717@1771896338.299803952
0.0.4552348,0.05983753493912521,NOT_ASSOCIATED,0.0.731861,0.0.3964804,
0.0.10018534,237.2147154774986,SUCCESS,0.0.731861,0.0.3964804,0.0.4138717@1771896337.022511388
0.0.4749526,549.2747185903493,NOT_ASSOCIATED,0.0.731861,0.0.3964804,
0.0.10014449,0.7368711118221706,SUCCESS,0.0.731861,0.0.3964804,0.0.4138717@1771896338.867852124
0.0.10157649,88.80342064053352,NOT_ASSOCIATED,0.0.731861,0.0.3964804,
0.0.9509413,0.5771985334212634,NOT_ASSOCIATED,0.0.731861,0.0.3964804,
0.0.10219431,26.02673153227688,NOT_ASSOCIATED,0.0.731861,0.0.3964804,
0.0.10247726,11.40741601922638,SUCCESS,0.0.731861,0.0.3964804,0.0.4138717@1771896338.863381111
0.0.10238814,57.05509270650689,SUCCESS,0.0.731861,0.0.3964804,0.0.4138717@1771896338.158982529
0.0.9273022,0.005760938593738703,SUCCESS,0.0.731861,0.0.3964804,0.0.4138717@1771896336.998569110
0.0.1105845,12.37076661073372,SUCCESS,0.0.731861,0.0.3964804,0.0.4138717@1771896341.238168892
0.0.1024843,0.0002874875364186246,SUCCESS,0.0.731861,0.0.3964804&0.0.3964855&0.0.3964860,0.0.4138717@1771896339.130969364
0.0.4571567,10.68512275410671,SUCCESS,0.0.731861,0.0.3964804,0.0.4138717@1771896338.083186098
0.0.1082201,152.1440844570923,SUCCESS,0.0.731861,0.0.3964804,0.0.4138717@1771896339.222816561
0.0.4552382,0.05626962072091596,NOT_ASSOCIATED,0.0.731861,0.0.3964804,
0.0.4552309,0.05627281787975135,NOT_ASSOCIATED,0.0.731861,0.0.3964804,
0.0.1704489,0.005421480529823197,NOT_ASSOCIATED,0.0.731861,0.0.3964804,
0.0.4558719,0.0658507850012389,NOT_ASSOCIATED,0.0.731861,0.0.3964804,
0.0.4576074,1.801532697801774,SUCCESS,0.0.731861,0.0.3964804,0.0.4138717@1771896339.945262168
0.0.4140342,1.767120324092692,SUCCESS,0.0.731861,0.0.3964804&0.0.3964827,0.0.4138717@1771896342.089988447
0.0.4712922,0.3385938687290955,SUCCESS,0.0.731861,0.0.3964804,0.0.4138717@1771896343.471607656
0.0.4725260,2.559804071709592,SUCCESS,0.0.731861,0.0.3964804,0.0.4138717@1771896341.168694393
0.0.683815,0.2801441961679402,SUCCESS,0.0.731861,0.0.3964804,0.0.4138717@1771896342.019600733
0.0.1696471,223.9228202918612,SUCCESS,0.0.731861,0.0.3964804,0.0.4138717@1771896344.411802353
0.0.4762160,87.41484486548354,SUCCESS,0.0.731861,0.0.3964804,0.0.4138717@1771896342.608475623
0.0.955353,0.7979330642086127,NOT_ASSOCIATED,0.0.731861,0.0.3964804,
0.0.937712,68.33841646445708,SUCCESS,0.0.731861,0.0.3964804,0.0.4138717@1771896343.448727228
0.0.857763,8.151497620442509,SUCCESS,0.0.731861,0.0.3964804,0.0.4138717@1771896346.005514064
0.0.638522,172.053919813907,SUCCESS,0.0.731861,0.0.3964804,0.0.4138717@1771896345.454029639
0.0.4814986,0.1102157446693092,SUCCESS,0.0.731861,0.0.3964804,0.0.4138717@1771896342.343209641
0.0.9695763,1644.999654394461,SUCCESS,0.0.731861,0.0.3964804&0.0.8315114,0.0.4138717@1771896347.816540429
0.0.3012601,11.43411745991113,SUCCESS,0.0.731861,0.0.3964804&0.0.5328590,0.0.4138717@1771896345.635135002
0.0.9720442,1.020887474644932,NOT_ASSOCIATED,0.0.731861,0.0.3964804,
0.0.9729389,2.087568383804876,NOT_ASSOCIATED,0.0.731861,0.0.3964804,
0.0.9687167,5.901440925059987,SUCCESS,0.0.731861,0.0.3964804&0.0.5328590,0.0.4138717@1771896344.223131871
0.0.6320740,182.9214724241453,SUCCESS,0.0.731861,0.0.3964804&0.0.4601632&0.0.5328590&0.0.6071074,0.0.4138717@1771896348.875353390
0.0.7983506,0.0005872183247670258,NOT_ASSOCIATED,0.0.731861,0.0.3964804,
0.0.9100153,33.84878048299715,SUCCESS,0.0.731861,0.0.3964804,0.0.4138717@1771896349.255573611
0.0.871471,49.18125201967812,SUCCESS,0.0.731861,0.0.3964804,0.0.4138717@1771896346.793094947
0.0.9150527,321.0787143729249,SUCCESS,0.0.731861,0.0.3964804&0.0.3964860&0.0.5328590,0.0.4138717@1771896347.314233231
0.0.9477942,0.2677068066113618,NOT_ASSOCIATED,0.0.731861,0.0.3964804,
0.0.9973346,0.06134575604288624,NOT_ASSOCIATED,0.0.731861,0.0.3964804,
0.0.751161,29.39286618136956,SUCCESS,0.0.731861,0.0.3964804,0.0.4138717@1771896347.800260958
0.0.5922808,0.5528610681235913,SUCCESS,0.0.731861,0.0.3964804,0.0.4138717@1771896350.315956252
0.0.9401320,26.32522164423607,SUCCESS,0.0.731861,0.0.3964804,0.0.4138717@1771896352.004041513
0.0.5313474,1.255407889722059,SUCCESS,0.0.731861,0.0.3964804,0.0.4138717@1771896351.399608417
0.0.10004246,8.458020022464488,NOT_ASSOCIATED,0.0.731861,0.0.3964804,
0.0.4873525,0.916872192525786,SUCCESS,0.0.731861,0.0.3964804,0.0.4138717@1771896350.016799488
0.0.2963879,29.30610870120594,NOT_ASSOCIATED,0.0.731861,0.0.3964804,
0.0.9640903,70.514827338138,SUCCESS,0.0.731861,0.0.3964804&0.0.3964834&0.0.4601632,0.0.4138717@1771896352.088541337
0.0.1459068,0.6603007006995328,SUCCESS,0.0.731861,0.0.3964804,0.0.4138717@1771896352.233236839
0.0.10072624,0.5947316893646346,SUCCESS,0.0.731861,0.0.3964804,0.0.4138717@1771896355.070387673
0.0.4372819,0.2953133519981352,SUCCESS,0.0.731861,0.0.3964804,0.0.4138717@1771896354.058656351
0.0.820706,74.95291252727563,SUCCESS,0.0.731861,0.0.3964804,0.0.4138717@1771896353.384656286
0.0.816698,143.6745526492392,SUCCESS,0.0.731861,0.0.3964804,0.0.4138717@1771896354.521371493
0.0.10093024,9.7939285118939,SUCCESS,0.0.731861,0.0.3964804,0.0.4138717@1771896351.289884593
0.0.1109470,267.230628573202,SUCCESS,0.0.731861,0.0.3964804,0.0.4138717@1771896352.033627940
0.0.9584885,0.4095774293313407,SUCCESS,0.0.731861,0.0.3964804&0.0.5328590,0.0.4138717@1771896357.330830895
0.0.1703381,8.480230551051783,SUCCESS,0.0.731861,0.0.3964804,0.0.4138717@1771896357.090487346
0.0.8640197,666.9406066987182,SUCCESS,0.0.731861,0.0.3964804,0.0.4138717@1771896358.794513899
0.0.8673292,136.6259036609885,SUCCESS,0.0.731861,0.0.3964804,0.0.4138717@1771896358.131834311
0.0.8281107,12.81834543896494,SUCCESS,0.0.731861,0.0.3964804&0.0.4601632,0.0.4138717@1771896357.725917919
0.0.8742796,22.08086274899599,SUCCESS,0.0.731861,0.0.3964804,0.0.4138717@1771896359.393391202
0.0.8383256,0.003747322457163107,SUCCESS,0.0.731861,0.0.3964804,0.0.4138717@1771896358.049626503
0.0.9034617,0.4519228362913867,SUCCESS,0.0.731861,0.0.3964804,0.0.4138717@1771896359.728194788
0.0.8868403,0.2888057809613748,SUCCESS,0.0.731861,0.0.3964804,0.0.4138717@1771896358.611790972
0.0.8108637,0.001159935813050327,SUCCESS,0.0.731861,0.0.3964804&0.0.8315114,0.0.4138717@1771896358.653183445
0.0.8188301,2.93128481456718,SUCCESS,0.0.731861,0.0.3964804,0.0.4138717@1771896362.146141329
0.0.9177203,0.03046212193343505,SUCCESS,0.0.731861,0.0.3964804,0.0.4138717@1771896360.113855548
0.0.7903445,18.55529568844577,SUCCESS,0.0.731861,0.0.3964804,0.0.4138717@1771896361.807003999
0.0.9301506,0.06340616205795513,SUCCESS,0.0.731861,0.0.3964804,0.0.4138717@1771896360.265189508
0.0.9317965,6.535380941583989,SUCCESS,0.0.731861,0.0.3964804,0.0.4138717@1771896364.510658752
0.0.8602366,8.902568836922528,SUCCESS,0.0.731861,0.0.3964804,0.0.4138717@1771896364.812873001
0.0.9640625,0.08992861998817281,SUCCESS,0.0.731861,0.0.3964804,0.0.4138717@1771896367.090451360
0.0.9707528,2837.787150684635,NOT_ASSOCIATED,0.0.731861,0.0.3964804,
0.0.9707531,7172.024314867359,NOT_ASSOCIATED,0.0.731861,0.0.3964804,
0.0.1178547,3.827013717979117,SUCCESS,0.0.731861,0.0.3964804,0.0.4138717@1771896365.665366834
0.0.9774219,0.0305677484442448,SUCCESS,0.0.731861,0.0.3964804,0.0.4138717@1771896363.260776422
0.0.9072874,7.265252786431375,SUCCESS,0.0.731861,0.0.3964804,0.0.4138717@1771896366.754147043
0.0.8414341,7.93179779852905,SUCCESS,0.0.731861,0.0.3964804,0.0.4138717@1771896366.595977009
0.0.1400807,4.794105725991693,SUCCESS,0.0.731861,0.0.3964804,0.0.4138717@1771896367.459045028
0.0.7920421,963.5644356462692,SUCCESS,0.0.731861,0.0.3964804,0.0.4138717@1771896365.443295101
0.0.10035663,2.956750725453662,SUCCESS,0.0.731861,0.0.3964804,0.0.4138717@1771896369.592726396
0.0.10044419,6.793402424001298,SUCCESS,0.0.731861,0.0.3964804,0.0.4138717@1771896371.695442435
0.0.7809201,0.0005374486312894481,SUCCESS,0.0.731861,0.0.3964804,0.0.4138717@1771896372.124141282
0.0.3450,0.8863491833928966,SUCCESS,0.0.731861,0.0.3964804,0.0.4138717@1771896369.548422981
0.0.6064013,9.952240345322688,SUCCESS,0.0.731861,0.0.3964804,0.0.4138717@1771896368.728263349
0.0.6063136,0.04428998006150705,SUCCESS,0.0.731861,0.0.3964804,0.0.4138717@1771896372.244792284
0.0.1956746,0.2755352692545391,SUCCESS,0.0.731861,0.0.3964804,0.0.4138717@1771896370.220599388
0.0.1098804,45.55800505763189,SUCCESS,0.0.731861,0.0.3964804,0.0.4138717@1771896372.476775229
0.0.5804427,11.39465706198084,SUCCESS,0.0.731861,0.0.3964804&0.0.4601632,0.0.4138717@1771896372.005750611
0.0.6334018,4.984994211507309,SUCCESS,0.0.731861,0.0.3964804,0.0.4138717@1771896373.727463338
0.0.4561752,0.6061513303974104,SUCCESS,0.0.731861,0.0.3964804&0.0.6071041,0.0.4138717@1771896371.314953521
0.0.5957081,2.592837003749359,SUCCESS,0.0.731861,0.0.3964804,0.0.4138717@1771896374.813309387
0.0.7142968,8.276197959475887,SUCCESS,0.0.731861,0.0.3964804,0.0.4138717@1771896375.610716474
0.0.1114728,0.04926107293377593,SUCCESS,0.0.731861,0.0.3964804,0.0.4138717@1771896375.500087160
0.0.4853191,0.04796006067613204,SUCCESS,0.0.731861,0.0.3964804,0.0.4138717@1771896378.035760924
0.0.4765901,6.311057376997361,SUCCESS,0.0.731861,0.0.3964804,0.0.4138717@1771896376.028496817
0.0.590682,0.1648030509172481,SUCCESS,0.0.731861,0.0.3964804,0.0.4138717@1771896378.076818756
0.0.7098838,4.036242974163941,SUCCESS,0.0.731861,0.0.3964804,0.0.4138717@1771896378.394955387
0.0.5012902,0.1083979701346689,SUCCESS,0.0.731861,0.0.3964804,0.0.4138717@1771896377.243782193
0.0.8002619,1.779126334577094,SUCCESS,0.0.731861,0.0.3964804,0.0.4138717@1771896379.166377442
0.0.7931472,1.133241428896871,SUCCESS,0.0.731861,0.0.3964804,0.0.4138717@1771896379.120337723
0.0.8068660,0.04289175210696088,SUCCESS,0.0.731861,0.0.3964804,0.0.4138717@1771896381.228392703
0.0.8084528,196.5896107630739,SUCCESS,0.0.731861,0.0.3964804,0.0.4138717@1771896378.289954295
0.0.8104363,1783.952509038948,SUCCESS,0.0.731861,0.0.3964804,0.0.4138717@1771896379.580025574
0.0.8115823,0.6725040331088722,SUCCESS,0.0.731861,0.0.3964804,0.0.4138717@1771896380.386347947
0.0.8120088,1.714182361028872,SUCCESS,0.0.731861,0.0.3964804,0.0.4138717@1771896381.132639861
0.0.8146497,8.83701343426302,SUCCESS,0.0.731861,0.0.3964804&0.0.5328590,0.0.4138717@1771896381.720754645
0.0.8247367,60.90347030909228,SUCCESS,0.0.731861,0.0.3964804,0.0.4138717@1771896379.616163537
0.0.8152447,4.313152626484166,SUCCESS,0.0.731861,0.0.3964804,0.0.4138717@1771896385.186867484
0.0.8304314,0.4362649720507023,SUCCESS,0.0.731861,0.0.3964804,0.0.4138717@1771896381.721178961
0.0.8548028,0.002111029900282009,SUCCESS,0.0.731861,0.0.3964804,0.0.4138717@1771896383.102616809
0.0.4861986,1.345622997984821,SUCCESS,0.0.731861,0.0.3964804,0.0.4138717@1771896385.355577220
0.0.5112630,7.406688226619696,SUCCESS,0.0.731861,0.0.3964804,0.0.4138717@1771896385.957948198
0.0.710849,0.1696592708597862,SUCCESS,0.0.731861,0.0.3964804,0.0.4138717@1771896381.772660240
0.0.7965412,0.03078037478092427,NOT_ASSOCIATED,0.0.731861,0.0.3964804,
0.0.3384906,43.17867597790596,SUCCESS,0.0.731861,0.0.3964804,0.0.4138717@1771896383.376875070
0.0.1353334,0.5555732017628248,SUCCESS,0.0.731861,0.0.3964804,0.0.4138717@1771896386.594143069
0.0.3165925,0.5727537795303131,SUCCESS,0.0.731861,0.0.3964804,0.0.4138717@1771896386.546910337
0.0.1357334,1.906166238228438,SUCCESS,0.0.731861,0.0.3964804,0.0.4138717@1771896386.538188322
0.0.7916029,339.1374212132392,SUCCESS,0.0.731861,0.0.3964804&0.0.3964840,0.0.4138717@1771896389.471172801
0.0.4535053,22.19474694170254,SUCCESS,0.0.731861,0.0.3964804,0.0.4138717@1771896386.804654642
0.0.835055,136.4500567347963,SUCCESS,0.0.731861,0.0.3964804,0.0.4138717@1771896388.554034344
0.0.4356553,0.2458807478123094,SUCCESS,0.0.731861,0.0.3964804,0.0.4138717@1771896387.506716210
0.0.4333378,0.09290869412901703,SUCCESS,0.0.731861,0.0.3964804,0.0.4138717@1771896387.425172484
0.0.4368518,0.6810809457020938,SUCCESS,0.0.731861,0.0.3964804,0.0.4138717@1771896388.676907162
0.0.4360122,1.716773082288132,SUCCESS,0.0.731861,0.0.3964804,0.0.4138717@1771896391.442663861
0.0.1728462,1.794543145797184,SUCCESS,0.0.731861,0.0.3964804,0.0.4138717@1771896391.604319636
0.0.3023498,4.716973443366713,SUCCESS,0.0.731861,0.0.3964804,0.0.4138717@1771896391.117220817
0.0.4356154,1.778152872479403,SUCCESS,0.0.731861,0.0.3964804&0.0.5328590,0.0.4138717@1771896390.538580656
0.0.3525426,0.7805300898420199,SUCCESS,0.0.731861,0.0.3964804,0.0.4138717@1771896388.863034614
0.0.4315395,0.8959304099210985,SUCCESS,0.0.731861,0.0.3964804,0.0.4138717@1771896392.510312045
0.0.6294131,0.0002179602137638784,SUCCESS,0.0.731861,0.0.3964804,0.0.4138717@1771896392.381742846
0.0.844131,2.825300515052812,SUCCESS,0.0.731861,0.0.3964804,0.0.4138717@1771896394.293751008
0.0.7924085,0.1743087337487842,SUCCESS,0.0.731861,0.0.3964804,0.0.4138717@1771896393.369703458
0.0.8177027,3.154878529601368,SUCCESS,0.0.731861,0.0.3964804,0.0.4138717@1771896393.297504094
0.0.7732467,9.763151400786136,SUCCESS,0.0.731861,0.0.3964804&0.0.3964827,0.0.4138717@1771896392.814678848
0.0.1021958,39.48438125720386,SUCCESS,0.0.731861,0.0.3964804,0.0.4138717@1771896392.778556852
0.0.981571,0.7499405182480366,SUCCESS,0.0.731861,0.0.3964804,0.0.4138717@1771896395.010157035
0.0.3847179,5.60600003479958,SUCCESS,0.0.731861,0.0.3964804,0.0.4138717@1771896395.140703037
0.0.1467538,8.609852601406637,SUCCESS,0.0.731861,0.0.3964804,0.0.4138717@1771896393.302977523
0.0.8131537,9.303752113009548,SUCCESS,0.0.731861,0.0.3964804,0.0.4138717@1771896394.510322096
0.0.7787466,65.13997510472397,SUCCESS,0.0.731861,0.0.3964804,0.0.4138717@1771896396.374343468
0.0.4351860,14.43045978206784,NOT_ASSOCIATED,0.0.731861,0.0.3964804,
0.0.4388693,3.100577554347657,SUCCESS,0.0.731861,0.0.3964804&0.0.4601632,0.0.4138717@1771896396.673422918
0.0.8083173,4.598877169960741,SUCCESS,0.0.731861,0.0.3964804,0.0.4138717@1771896397.214187480
0.0.8076778,0.01570308551347618,SUCCESS,0.0.731861,0.0.3964804,0.0.4138717@1771896400.268158654
0.0.7583284,2.087813251822144,SUCCESS,0.0.731861,0.0.3964804,0.0.4138717@1771896397.498831502
0.0.1673276,22.39885053429317,SUCCESS,0.0.731861,0.0.3964804,0.0.4138717@1771896399.743621851
0.0.4804985,1.639794799964174,SUCCESS,0.0.731861,0.0.3964804,0.0.4138717@1771896400.850573976
0.0.4343570,3.170712796304771,SUCCESS,0.0.731861,0.0.3964804,0.0.4138717@1771896401.149779422
0.0.7732676,221.6807691653835,SUCCESS,0.0.731861,0.0.3964804,0.0.4138717@1771896399.224001062
0.0.2891280,7.091933515937217,NOT_ASSOCIATED,0.0.731861,0.0.3964804,
0.0.838388,440.3834885910586,SUCCESS,0.0.731861,0.0.3964804,0.0.4138717@1771896403.051366075
0.0.1088074,470.4634760941814,SUCCESS,0.0.731861,0.0.3964804&0.0.3964860&0.0.4601632,0.0.4138717@1771896403.386603379
0.0.1097802,20.52453057667341,SUCCESS,0.0.731861,0.0.3964804,0.0.4138717@1771896401.517770300
0.0.1877641,6.644866948033938,SUCCESS,0.0.731861,0.0.3964804,0.0.4138717@1771896403.676833509
0.0.1268672,0.5733263540007304,SUCCESS,0.0.731861,0.0.3964804,0.0.4138717@1771896403.643834833
0.0.835670,10.98325849892999,SUCCESS,0.0.731861,0.0.3964804&0.0.4601632,0.0.4138717@1771896404.108490908
0.0.4138268,132.0691969649061,SUCCESS,0.0.731861,0.0.3964804,0.0.4138717@1771896405.634976600
0.0.859149,163.3447029067424,SUCCESS,0.0.731861,0.0.3964804,0.0.4138717@1771896404.065015388
0.0.1448131,2.359663559594948,SUCCESS,0.0.731861,0.0.3964804,0.0.4138717@1771896403.755959288
0.0.1425322,44.36616321063688,SUCCESS,0.0.731861,0.0.3964804&0.0.5328590,0.0.4138717@1771896405.690907961
0.0.1088394,1510.58700497893,SUCCESS,0.0.731861,0.0.3964804&0.0.3964860&0.0.3964840&0.0.5328590&0.0.6078473&0.0.8315114,0.0.4138717@1771896405.737894558
0.0.1432019,30.85600026220695,SUCCESS,0.0.731861,0.0.3964804,0.0.4138717@1771896406.619169007
0.0.3768895,0.01654941313752791,SUCCESS,0.0.731861,0.0.3964804,0.0.4138717@1771896406.239125544
0.0.481717,2.032394265213556,SUCCESS,0.0.731861,0.0.3964804,0.0.4138717@1771896406.165499650
0.0.965222,224.7742831258524,SUCCESS,0.0.731861,0.0.3964804&0.0.3964821&0.0.3964825,0.0.4138717@1771896408.280923346
0.0.1316658,7.297133671140507,SUCCESS,0.0.731861,0.0.3964804,0.0.4138717@1771896407.721108956
0.0.7937765,9.160814082257309,NOT_ASSOCIATED,0.0.731861,0.0.3964804,
0.0.643109,3946.058444609364,SUCCESS,0.0.731861,0.0.3964804,0.0.4138717@1771896408.363651397
0.0.4765612,26144.29249552471,SUCCESS,0.0.731861,0.0.3964804&0.0.3964808&0.0.3964809&0.0.3964821&0.0.3964825&0.0.5328590,0.0.4138717@1771896409.923048027
0.0.3291464,0.1894333376946164,SUCCESS,0.0.731861,0.0.3964804,0.0.4138717@1771896411.231942966
0.0.1092596,63.78049626223699,SUCCESS,0.0.731861,0.0.3964804&0.0.3964837&0.0.3964860&0.0.4601632,0.0.4138717@1771896410.116759535
0.0.2150506,0.8566477706986109,SUCCESS,0.0.731861,0.0.3964804,0.0.4138717@1771896413.844022619
0.0.4345412,1.377056845857393,SUCCESS,0.0.731861,0.0.3964804,0.0.4138717@1771896411.003541807
0.0.7961490,1.667522580202284,NOT_ASSOCIATED,0.0.731861,0.0.3964804,
0.0.7703838,0.08695786761362524,SUCCESS,0.0.731861,0.0.3964804,0.0.4138717@1771896414.364708980
0.0.1313215,0.1402996715636054,SUCCESS,0.0.731861,0.0.3964804,0.0.4138717@1771896413.153113959
0.0.842806,644.6434740709003,SUCCESS,0.0.731861,0.0.3964804,0.0.4138717@1771896411.481859057
0.0.1088670,3.98784481694003,SUCCESS,0.0.731861,0.0.3964804,0.0.4138717@1771896413.003965437
0.0.4337103,0.01959141934793753,SUCCESS,0.0.731861,0.0.3964804,0.0.4138717@1771896413.772248430
0.0.6343911,30.75442674817583,SUCCESS,0.0.731861,0.0.3964804,0.0.4138717@1771896411.952480598
0.0.1404223,0.3141565808113906,SUCCESS,0.0.731861,0.0.3964804&0.0.5328590&0.0.6071041,0.0.4138717@1771896412.580801734
0.0.1018824,86.65476183897633,SUCCESS,0.0.731861,0.0.3964804&0.0.3964837&0.0.3964840&0.0.5328590,0.0.4138717@1771896416.327024639
0.0.1048940,12.04917047533441,SUCCESS,0.0.731861,0.0.3964804&0.0.5328590,0.0.4138717@1771896417.411423303
0.0.3945405,0.005535355649643894,SUCCESS,0.0.731861,0.0.3964804,0.0.4138717@1771896414.681601491
0.0.1104374,421.0649960038909,SUCCESS,0.0.731861,0.0.3964804,0.0.4138717@1771896414.117598988
0.0.1350500,14.34608589518608,SUCCESS,0.0.731861,0.0.3964804&0.0.3964840&0.0.6071119&0.0.6078473,0.0.4138717@1771896417.902191721
0.0.1121794,2.142243202026251,SUCCESS,0.0.731861,0.0.3964804,0.0.4138717@1771896418.291763340
0.0.3872024,23.70190340183554,SUCCESS,0.0.731861,0.0.3964804,0.0.4138717@1771896416.556849580
0.0.833050,158.8939104139147,SUCCESS,0.0.731861,0.0.3964804&0.0.3964809,0.0.4138717@1771896419.075566395
0.0.4184148,0.8801739270878832,SUCCESS,0.0.731861,0.0.3964804,0.0.4138717@1771896417.052228700
0.0.3327498,14.8674317117697,SUCCESS,0.0.731861,0.0.3964804,0.0.4138717@1771896418.369545105
0.0.7993090,69.07628284553218,SUCCESS,0.0.731861,0.0.3964804,0.0.4138717@1771896420.666345334
0.0.5482082,5.701395813337276,SUCCESS,0.0.731861,0.0.3964804,0.0.4138717@1771896422.005035812
0.0.9150672,0.2633447016138827,SUCCESS,0.0.731861,0.0.3964804,0.0.4138717@1771896421.512226610
0.0.9144684,1.212961157139407,SUCCESS,0.0.731861,0.0.3964804,0.0.4138717@1771896419.554074797
0.0.6094118,0.1775640149585382,SUCCESS,0.0.731861,0.0.3964804,0.0.4138717@1771896420.024527004
0.0.4310363,218.8492143178621,SUCCESS,0.0.731861,0.0.3964804&0.0.3964860,0.0.4138717@1771896423.676903523
0.0.2154173,45.69836663164877,SUCCESS,0.0.731861,0.0.3964804,0.0.4138717@1771896425.378741453
0.0.8443763,128.7269425876865,SUCCESS,0.0.731861,0.0.3964804,0.0.4138717@1771896422.587990141
0.0.7965335,17.47544317332056,NOT_ASSOCIATED,0.0.731861,0.0.3964804,
0.0.9201440,0.5984363389925228,SUCCESS,0.0.731861,0.0.3964804,0.0.4138717@1771896422.071433932
0.0.9695749,27.51536070521104,NOT_ASSOCIATED,0.0.731861,0.0.3964804,
0.0.4795853,15.67205429180945,SUCCESS,0.0.731861,0.0.3964804,0.0.4138717@1771896423.399035598
0.0.9149385,0.946145829250617,SUCCESS,0.0.731861,0.0.3964804,0.0.4138717@1771896426.167638941
0.0.5580759,0.3918870989782922,SUCCESS,0.0.731861,0.0.3964804,0.0.4138717@1771896422.877941271
0.0.9104016,161.5804692911506,SUCCESS,0.0.731861,0.0.3964804&0.0.3964860&0.0.5328590,0.0.4138717@1771896424.161014653
0.0.8041705,0.4288935886236001,SUCCESS,0.0.731861,0.0.3964804,0.0.4138717@1771896424.900130357
0.0.8514597,60.4555627226101,SUCCESS,0.0.731861,0.0.3964804,0.0.4138717@1771896425.165512739
0.0.8903303,9.376868367395282,FAIL,0.0.731861,0.0.3964804,
0.0.3288501,1.113481250679965,SUCCESS,0.0.731861,0.0.3964804,0.0.4138717@1771896429.007843977
0.0.4724806,43.51129042810688,SUCCESS,0.0.731861,0.0.3964804&0.0.5328590,0.0.4138717@1771896426.203118754
0.0.8717466,0.01564126637580597,SUCCESS,0.0.731861,0.0.3964804,0.0.4138717@1771896430.095448702
0.0.1056579,52.79715277970686,SUCCESS,0.0.731861,0.0.3964804,0.0.4138717@1771896430.359993228
0.0.2185671,0.8046470914156143,SUCCESS,0.0.731861,0.0.3964804,0.0.4138717@1771896429.586086944
0.0.6045318,3.3890018539505,SUCCESS,0.0.731861,0.0.3964804,0.0.4138717@1771896432.229919817
0.0.5719491,0.6030870649944875,SUCCESS,0.0.731861,0.0.3964804,0.0.4138717@1771896433.983027601
0.0.966444,29.18834692312518,SUCCESS,0.0.731861,0.0.3964804,0.0.4138717@1771896433.112782811
0.0.9226909,2.255069436062088,SUCCESS,0.0.731861,0.0.3964804,0.0.4138717@1771896429.688784597
0.0.1517175,7.598629964895575,SUCCESS,0.0.731861,0.0.3964804,0.0.4138717@1771896432.427342323
0.0.2657839,54.40384799941538,SUCCESS,0.0.731861,0.0.3964804,0.0.4138717@1771896432.042175239
0.0.9464371,353.8276535884298,SUCCESS,0.0.731861,0.0.3964804,0.0.4138717@1771896433.302457262
0.0.9477910,34.69782332863117,SUCCESS,0.0.731861,0.0.3964804,0.0.4138717@1771896437.062377757
0.0.1736150,114.1307926990978,SUCCESS,0.0.731861,0.0.3964804&0.0.3964808,0.0.4138717@1771896433.501196246
0.0.915984,205.850501144518,SUCCESS,0.0.731861,0.0.3964804,0.0.4138717@1771896436.744188921
0.0.9317309,0.00937570455929387,SUCCESS,0.0.731861,0.0.3964804&0.0.9774523,0.0.4138717@1771896435.710103501
0.0.9404882,3.746209959217494,SUCCESS,0.0.731861,0.0.3964804,0.0.4138717@1771896435.509024549
0.0.1461428,13.54502887013736,SUCCESS,0.0.731861,0.0.3964804,0.0.4138717@1771896434.164047716
0.0.874926,36.65186438753504,SUCCESS,0.0.731861,0.0.3964804,0.0.4138717@1771896437.809217902
0.0.7550127,1.686131224138328,SUCCESS,0.0.731861,0.0.3964804,0.0.4138717@1771896438.962998163
0.0.9303899,16.8420194137297,SUCCESS,0.0.731861,0.0.3964804,0.0.4138717@1771896440.188985946
0.0.2017766,11.18955510266627,SUCCESS,0.0.731861,0.0.3964804,0.0.4138717@1771896439.974536465
0.0.946029,4.446121189314563,NOT_ASSOCIATED,0.0.731861,0.0.3964804,
0.0.6258977,18.59864395383195,SUCCESS,0.0.731861,0.0.3964804&0.0.5328590,0.0.4138717@1771896440.701516918
0.0.6295630,0.4612239356288792,NOT_ASSOCIATED,0.0.731861,0.0.3964804,
0.0.1378130,25.46819159892823,SUCCESS,0.0.731861,0.0.3964804,0.0.4138717@1771896438.901670833
0.0.9174064,64.2543681555949,SUCCESS,0.0.731861,0.0.3964804,0.0.4138717@1771896440.649560048
0.0.3681629,50.96841722548261,SUCCESS,0.0.731861,0.0.3964804,0.0.4138717@1771896438.741300253
0.0.9612822,1.351370339944863,NOT_ASSOCIATED,0.0.731861,0.0.3964804,
0.0.853379,188.8074312059056,SUCCESS,0.0.731861,0.0.3964804,0.0.4138717@1771896440.596233672
0.0.834767,10.74987452390146,SUCCESS,0.0.731861,0.0.3964804,0.0.4138717@1771896439.387515967
0.0.9272301,7.114208813314261,NOT_ASSOCIATED,0.0.731861,0.0.3964804,
0.0.9273859,0.5900716013765057,SUCCESS,0.0.731861,0.0.3964804,0.0.4138717@1771896441.487525770
0.0.2149252,0.0008749454847488582,SUCCESS,0.0.731861,0.0.3964804,0.0.4138717@1771896443.009211830
0.0.1261132,4.480005431706091,SUCCESS,0.0.731861,0.0.3964804,0.0.4138717@1771896444.875450484
0.0.7291414,14.74450909072114,SUCCESS,0.0.731861,0.0.3964804,0.0.4138717@1771896444.429975501
0.0.8382708,0.1218599469080286,SUCCESS,0.0.731861,0.0.3964804,0.0.4138717@1771896445.265028855
0.0.4319619,1.434285837452035,SUCCESS,0.0.731861,0.0.3964804,0.0.4138717@1771896446.648143439
0.0.7166497,0.6316023271559684,SUCCESS,0.0.731861,0.0.3964804,0.0.4138717@1771896443.918667207
0.0.8209705,1.091582224462974,SUCCESS,0.0.731861,0.0.3964804,0.0.4138717@1771896447.436511087
0.0.8120693,16.63459572175148,SUCCESS,0.0.731861,0.0.3964804,0.0.4138717@1771896447.588991673
0.0.8244642,2563.310134847156,SUCCESS,0.0.731861,0.0.3964804,0.0.4138717@1771896448.566948739
0.0.1369825,375.7924111541327,SUCCESS,0.0.731861,0.0.3964804&0.0.3964827&0.0.4601632&0.0.6071041&0.0.6126395,0.0.4138717@1771896445.490952294
0.0.1404010,0.04544643865250411,NOT_ASSOCIATED,0.0.731861,0.0.3964804,
0.0.8002341,2.314004546072216,SUCCESS,0.0.731861,0.0.3964804,0.0.4138717@1771896447.484710758
0.0.7816479,18.92394083416373,SUCCESS,0.0.731861,0.0.3964804&0.0.8315114,0.0.4138717@1771896446.379791113
0.0.6148704,0.7608880926138061,NOT_ASSOCIATED,0.0.731861,0.0.3964804,
0.0.7285744,0.1980986894187773,SUCCESS,0.0.731861,0.0.3964804,0.0.4138717@1771896446.471315510
0.0.4743054,0.008550445430417726,SUCCESS,0.0.731861,0.0.3964804&0.0.8315114,0.0.4138717@1771896450.808502327
0.0.7920282,0.07040025591929337,SUCCESS,0.0.731861,0.0.3964804,0.0.4138717@1771896451.270345460
0.0.658160,0.05360386959369764,SUCCESS,0.0.731861,0.0.3964804&0.0.8315114,0.0.4138717@1771896449.867945770
0.0.6469391,62.42560393513508,SUCCESS,0.0.731861,0.0.3964804&0.0.3964837,0.0.4138717@1771896448.600810112
0.0.8551680,105.2968152533439,SUCCESS,0.0.731861,0.0.3964804&0.0.5328590,0.0.4138717@1771896449.143134192
0.0.7938061,0.5131356017509469,SUCCESS,0.0.731861,0.0.3964804,0.0.4138717@1771896450.819730686
0.0.7550116,0.90548351510902,NOT_ASSOCIATED,0.0.731861,0.0.3964804,
0.0.840324,27.88561211700448,SUCCESS,0.0.731861,0.0.3964804,0.0.4138717@1771896452.506820013
0.0.1754370,0.3729551512051509,SUCCESS,0.0.731861,0.0.3964804,0.0.4138717@1771896449.740359140
0.0.7920736,32.71716209990754,SUCCESS,0.0.731861,0.0.3964804,0.0.4138717@1771896450.063605498
0.0.4606261,0.4344431059698967,SUCCESS,0.0.731861,0.0.3964804&0.0.3964860,0.0.4138717@1771896453.349123452
0.0.3241611,3.796452151575237,SUCCESS,0.0.731861,0.0.3964804,0.0.4138717@1771896454.179975179
0.0.4838474,37.90780655509749,SUCCESS,0.0.731861,0.0.3964804&0.0.5328590,0.0.4138717@1771896453.921343987
0.0.8227507,4.524621461431354,SUCCESS,0.0.731861,0.0.3964804,0.0.4138717@1771896452.936818859
0.0.919311,1363.558589199867,NOT_ASSOCIATED,0.0.731861,0.0.3964804,
0.0.1099801,1.90910586089384,SUCCESS,0.0.731861,0.0.3964804,0.0.4138717@1771896452.119008133
0.0.10279551,11.14545913690249,NOT_ASSOCIATED,0.0.731861,0.0.3964804,
0.0.8213379,0.02175906888169665,SUCCESS,0.0.731861,0.0.3964804,0.0.4138717@1771896454.507633924
0.0.9596185,0.001653305997366335,SUCCESS,0.0.731861,0.0.3964804,0.0.4138717@1771896453.554373361
0.0.7785711,305.5717288633869,SUCCESS,0.0.731861,0.0.3964804,0.0.4138717@1771896453.152250262
0.0.8057884,15.98306750244236,SUCCESS,0.0.731861,0.0.3964804,0.0.4138717@1771896456.258565685
0.0.9425366,1.428565455262602,SUCCESS,0.0.731861,0.0.3964804,0.0.4138717@1771896453.541375750
0.0.1920276,0.2386332227813385,SUCCESS,0.0.731861,0.0.3964804,0.0.4138717@1771896455.185749826
0.0.4231312,8.656391493609398,SUCCESS,0.0.731861,0.0.3964804,0.0.4138717@1771896458.477967997
0.0.4499088,0.5102263910058356,NOT_ASSOCIATED,0.0.731861,0.0.3964804,
0.0.9234350,6.021555608355648,SUCCESS,0.0.731861,0.0.3964804,0.0.4138717@1771896458.485549135
0.0.4862277,45.35565412516718,SUCCESS,0.0.731861,0.0.3964804,0.0.4138717@1771896459.707951497
0.0.1313705,4.035977042655376,SUCCESS,0.0.731861,0.0.3964804,0.0.4138717@1771896457.329110728
0.0.1033719,78.24580062377801,SUCCESS,0.0.731861,0.0.3964804&0.0.8315114,0.0.4138717@1771896460.811612922
0.0.5060673,2.587402020527154,SUCCESS,0.0.731861,0.0.3964804,0.0.4138717@1771896457.591014917
0.0.1370457,10.58811255986607,SUCCESS,0.0.731861,0.0.3964804,0.0.4138717@1771896459.328209600
0.0.846992,6.266873460847089,SUCCESS,0.0.731861,0.0.3964804,0.0.4138717@1771896462.352901607
0.0.10085318,17.47757508151129,SUCCESS,0.0.731861,0.0.3964804&0.0.3964837&0.0.4601632&0.0.5328590,0.0.4138717@1771896458.780657996
0.0.9270286,0.1079566442642913,SUCCESS,0.0.731861,0.0.3964804,0.0.4138717@1771896459.296703010
0.0.4345654,405.713080271741,SUCCESS,0.0.731861,0.0.3964804,0.0.4138717@1771896462.989233603
0.0.2145447,45.47662556582659,SUCCESS,0.0.731861,0.0.3964804,0.0.4138717@1771896460.904901663
0.0.859649,0.9548818334046956,SUCCESS,0.0.731861,0.0.3964804,0.0.4138717@1771896461.951481717
0.0.1008009,15.74669478798705,SUCCESS,0.0.731861,0.0.3964804&0.0.3964855&0.0.4601632,0.0.4138717@1771896461.578050985
0.0.5802354,2.368497706300126,SUCCESS,0.0.731861,0.0.3964804,0.0.4138717@1771896462.926881420
0.0.4319631,0.8520533137196236,SUCCESS,0.0.731861,0.0.3964804,0.0.4138717@1771896465.025982952
0.0.1365779,2.184407720254221,SUCCESS,0.0.731861,0.0.3964804,0.0.4138717@1771896463.633700473
0.0.931327,0.2618332069316114,SUCCESS,0.0.731861,0.0.3964804,0.0.4138717@1771896466.703764456
0.0.1729400,4.213499264807715,SUCCESS,0.0.731861,0.0.3964804,0.0.4138717@1771896467.428820096
0.0.3728114,5.337308924283627,SUCCESS,0.0.731861,0.0.3964804,0.0.4138717@1771896467.089304995
0.0.5705148,0.0756506021072985,SUCCESS,0.0.731861,0.0.3964804,0.0.4138717@1771896465.279696343
0.0.3709566,5.652021734059508,SUCCESS,0.0.731861,0.0.3964804,0.0.4138717@1771896464.965520051
0.0.1120388,0.5483078412246043,SUCCESS,0.0.731861,0.0.3964804,0.0.4138717@1771896470.190454007
0.0.3687848,44.75891588585367,SUCCESS,0.0.731861,0.0.3964804,0.0.4138717@1771896465.714154195
0.0.10256319,43.65998251221837,SUCCESS,0.0.731861,0.0.3964804,0.0.4138717@1771896470.720474243
0.0.4749090,0.002168619430140032,SUCCESS,0.0.731861,0.0.3964804,0.0.4138717@1771896467.062120940
0.0.4731571,1.225253637098178,SUCCESS,0.0.731861,0.0.3964804,0.0.4138717@1771896468.189737999
0.0.4393392,0.8223604092828942,NOT_ASSOCIATED,0.0.731861,0.0.3964804,
0.0.8023334,43.56009816176019,SUCCESS,0.0.731861,0.0.3964804,0.0.4138717@1771896472.146085235
0.0.9689618,3495.501058950359,SUCCESS,0.0.731861,0.0.3964804&0.0.3964808&0.0.4601632&0.0.6071911&0.0.6078473,0.0.4138717@1771896470.822543694
0.0.10003889,1134.393583392869,SUCCESS,0.0.731861,0.0.3964804&0.0.3964808&0.0.3964837&0.0.3964860,0.0.4138717@1771896472.684924324
0.0.4341116,1.033035329574745,SUCCESS,0.0.731861,0.0.3964804,0.0.4138717@1771896471.747774421
0.0.8733798,111.8516633101401,SUCCESS,0.0.731861,0.0.3964804,0.0.4138717@1771896469.658074553
0.0.5807966,4.830495065502987,SUCCESS,0.0.731861,0.0.3964804,0.0.4138717@1771896471.869703993
0.0.1395051,2.330560179983901,SUCCESS,0.0.731861,0.0.3964804,0.0.4138717@1771896471.024691469
0.0.7581801,0.7554381198327462,SUCCESS,0.0.731861,0.0.3964804,0.0.4138717@1771896474.448501205
0.0.1124249,587.7830930825993,SUCCESS,0.0.731861,0.0.3964804&0.0.3964808&0.0.5328590,0.0.4138717@1771896472.556772453
0.0.1321462,6.725365252045148,SUCCESS,0.0.731861,0.0.3964804,0.0.4138717@1771896474.718565910
0.0.6076526,5.477465757679372,SUCCESS,0.0.731861,0.0.3964804,0.0.4138717@1771896476.250408198
0.0.684625,29.08797127850602,SUCCESS,0.0.731861,0.0.3964804,0.0.4138717@1771896477.492301313
0.0.9377932,0.3927787111290254,SUCCESS,0.0.731861,0.0.3964804,0.0.4138717@1771896478.318433281
0.0.6048714,407.3824253702982,SUCCESS,0.0.731861,0.0.3964804&0.0.10018365,0.0.4138717@1771896478.346678339
0.0.732615,21927.69594974532,SUCCESS,0.0.731861,0.0.3964804&0.0.3964808&0.0.3964809,0.0.4138717@1771896475.908240663
0.0.4161393,88.99532550656394,SUCCESS,0.0.731861,0.0.3964804&0.0.3964837,0.0.4138717@1771896476.087136909
0.0.8131527,0.09440092213942118,NOT_ASSOCIATED,0.0.731861,0.0.3964804,
0.0.3948696,8.244511271537682,SUCCESS,0.0.731861,0.0.3964804,0.0.4138717@1771896477.707573699
0.0.832543,329.1310846142366,SUCCESS,0.0.731861,0.0.3964804,0.0.4138717@1771896475.010907723
0.0.7205628,48.41088224129355,SUCCESS,0.0.731861,0.0.3964804,0.0.4138717@1771896479.420051627
0.0.4766806,46.35530295449367,SUCCESS,0.0.731861,0.0.3964804&0.0.3964808,0.0.4138717@1771896479.340391783
0.0.846778,689.954506470064,SUCCESS,0.0.731861,0.0.3964804,0.0.4138717@1771896478.287567110
0.0.10277044,37.22750707875419,SUCCESS,0.0.731861,0.0.3964804,0.0.4138717@1771896481.273242852
0.0.8570223,46.3521340054725,SUCCESS,0.0.731861,0.0.3964804,0.0.4138717@1771896482.536575293
0.0.1198079,242.1297180056757,SUCCESS,0.0.731861,0.0.3964804,0.0.4138717@1771896479.738998418
0.0.5733936,0.01122367092951101,SUCCESS,0.0.731861,0.0.3964804,0.0.4138717@1771896483.536605125
0.0.5159009,117.2082407833654,SUCCESS,0.0.731861,0.0.3964804,0.0.4138717@1771896485.536297814
0.0.4722361,0.004401816834061061,SUCCESS,0.0.731861,0.0.3964804,0.0.4138717@1771896483.778588682
0.0.1645238,1.271190878144901e-7,SUCCESS,0.0.731861,0.0.3964804,0.0.4138717@1771896483.413635973
0.0.1422231,0.1913131150559435,SUCCESS,0.0.731861,0.0.3964804,0.0.4138717@1771896483.070010113
0.0.1067361,4250.19183521983,SUCCESS,0.0.731861,0.0.3964804&0.0.5328590,0.0.4138717@1771896486.666010322
0.0.10278094,3.733902730559824,NOT_ASSOCIATED,0.0.731861,0.0.3964804,
0.0.10008144,10.84493239108136,SUCCESS,0.0.731861,0.0.3964804,0.0.4138717@1771896485.475308557
0.0.10025532,1.192093726218433,SUCCESS,0.0.731861,0.0.3964804,0.0.4138717@1771896482.987020133
0.0.1109176,0.02200282185792099,SUCCESS,0.0.731861,0.0.3964804&0.0.8315114,0.0.4138717@1771896484.214094288
0.0.9835351,0.01245493141616634,SUCCESS,0.0.731861,0.0.3964804,0.0.4138717@1771896487.553661245
0.0.10151415,0.004286370180768609,SUCCESS,0.0.731861,0.0.3964804,0.0.4138717@1771896489.294629626
0.0.10113345,0.000002428573898480355,SUCCESS,0.0.731861,0.0.3964804,0.0.4138717@1771896486.561110955
0.0.10009527,0.005837777407927357,SUCCESS,0.0.731861,0.0.3964804,0.0.4138717@1771896489.523101416
0.0.6181303,84.89344244942681,SUCCESS,0.0.731861,0.0.3964804,0.0.4138717@1771896491.041741416
0.0.857760,2.022831787497475,SUCCESS,0.0.731861,0.0.3964804&0.0.3964827,0.0.4138717@1771896487.206141287
0.0.4346529,1.195357899974493,SUCCESS,0.0.731861,0.0.3964804,0.0.4138717@1771896489.598521753
0.0.892416,152.9499610359368,SUCCESS,0.0.731861,0.0.3964804&0.0.3964840,0.0.4138717@1771896489.488341022
0.0.2014278,5.788876035262898,SUCCESS,0.0.731861,0.0.3964804,0.0.4138717@1771896489.506503280
0.0.2198528,16.39874112037559,SUCCESS,0.0.731861,0.0.3964804,0.0.4138717@1771896490.629323631
0.0.10104315,18.06602556999968,SUCCESS,0.0.731861,0.0.3964804,0.0.4138717@1771896493.536434890
0.0.6807978,0.07098676509592339,SUCCESS,0.0.731861,0.0.3964808,0.0.4138717@1771896492.442784831
0.0.3008234,9.065076818857415,SUCCESS,0.0.731861,0.0.3964808,0.0.4138717@1771896493.174526098
0.0.7582729,409.9406526245263,SUCCESS,0.0.731861,0.0.3964808&0.0.6071911,0.0.4138717@1771896492.940286162
0.0.4762457,4.005257841611657,SUCCESS,0.0.731861,0.0.3964808,0.0.4138717@1771896492.820935979
0.0.1332209,0.07648605296004875,SUCCESS,0.0.731861,0.0.3964808,0.0.4138717@1771896496.549343805
0.0.1890297,6.084037122360754,SUCCESS,0.0.731861,0.0.3964808,0.0.4138717@1771896493.734479747
0.0.4179053,0.1297773140642384,SUCCESS,0.0.731861,0.0.3964808,0.0.4138717@1771896494.394439110
0.0.2028589,0.2598372965440683,SUCCESS,0.0.731861,0.0.3964808,0.0.4138717@1771896493.559338787
0.0.4342823,0.6352955326756379,SUCCESS,0.0.731861,0.0.3964808,0.0.4138717@1771896499.316885510
0.0.2031271,0.2741652190237158,SUCCESS,0.0.731861,0.0.3964808,0.0.4138717@1771896496.327836795
0.0.842464,7.898014948951328,SUCCESS,0.0.731861,0.0.3964808&0.0.3964840&0.0.4129330,0.0.4138717@1771896496.211459285
0.0.8117500,51.0315232345994,SUCCESS,0.0.731861,0.0.3964808,0.0.4138717@1771896498.734150695
0.0.1005072,3.983111448462524,SUCCESS,0.0.731861,0.0.3964808,0.0.4138717@1771896497.149291378
0.0.6235543,13.82397635771512,SUCCESS,0.0.731861,0.0.3964808,0.0.4138717@1771896500.814782685
0.0.435679,1144.115346055456,SUCCESS,0.0.731861,0.0.3964808&0.0.3964827&0.0.5328590,0.0.4138717@1771896497.326225849
0.0.10231452,286.2281139617758,SUCCESS,0.0.731861,0.0.3964808,0.0.4138717@1771896497.685136486
0.0.8083839,2251.267345375019,SUCCESS,0.0.731861,0.0.3964808&0.0.3964827&0.0.5328590,0.0.4138717@1771896502.428100160
0.0.7760710,0.6013348432290412,SUCCESS,0.0.731861,0.0.3964808,0.0.4138717@1771896501.928372684
0.0.7710944,0.3229552835358979,SUCCESS,0.0.731861,0.0.3964808,0.0.4138717@1771896502.001305583
0.0.811544,12.75032613727545,SUCCESS,0.0.731861,0.0.3964808,0.0.4138717@1771896502.133891739
0.0.4778501,2.581131320484883,SUCCESS,0.0.731861,0.0.3964809,0.0.4138717@1771896501.269762784
0.0.10243720,164.382344885655,NOT_ASSOCIATED,0.0.731861,0.0.3964809,
0.0.829536,336.5974994664541,SUCCESS,0.0.731861,0.0.3964809,0.0.4138717@1771896499.896266619
0.0.3969121,0.3712546543393678,SUCCESS,0.0.731861,0.0.3964809,0.0.4138717@1771896500.380750229
0.0.3000165,1503.183456312801,SUCCESS,0.0.731861,0.0.3964821,0.0.4138717@1771896502.751499567
0.0.4146647,0.1139566711463366,SUCCESS,0.0.731861,0.0.3964821,0.0.4138717@1771896502.030162529
0.0.5195606,120.8730343006583,SUCCESS,0.0.731861,0.0.3964827,0.0.4138717@1771896501.809594982
0.0.9178066,138.0134269346581,SUCCESS,0.0.731861,0.0.3964827,0.0.4138717@1771896502.469742838
0.0.1700952,58.63188018494081,SUCCESS,0.0.731861,0.0.3964827&0.0.6071119,0.0.4138717@1771896502.638893673
0.0.1120301,0.0783820184541294,SUCCESS,0.0.731861,0.0.3964827&0.0.3964855,0.0.4138717@1771896504.531870355
0.0.1087560,54.29674585840711,SUCCESS,0.0.731861,0.0.3964827&0.0.3964855,0.0.4138717@1771896506.820633416
0.0.836080,1.793041612104147e-8,SUCCESS,0.0.731861,0.0.3964827&0.0.3964837&0.0.3964855,0.0.4138717@1771896503.955324295
0.0.7776243,3.218032832037139,SUCCESS,0.0.731861,0.0.3964827&0.0.3964855,0.0.4138717@1771896504.708022792
0.0.5447658,0.4366230053755992,SUCCESS,0.0.731861,0.0.3964827,0.0.4138717@1771896504.882785886
0.0.2288443,220.2726575606817,SUCCESS,0.0.731861,0.0.3964827&0.0.3964837&0.0.4129330&0.0.5328590,0.0.4138717@1771896508.482662543
0.0.7486751,0.4099007608903929,SUCCESS,0.0.731861,0.0.3964827,0.0.4138717@1771896506.852908180
0.0.4344919,6.810119163929665,SUCCESS,0.0.731861,0.0.3964827,0.0.4138717@1771896508.861903684
0.0.1406579,0.6348774380309438,SUCCESS,0.0.731861,0.0.3964827,0.0.4138717@1771896511.013845804
0.0.8778454,0.05442076882880949,SUCCESS,0.0.731861,0.0.3964827,0.0.4138717@1771896508.530029870
0.0.1750137,133.4080787735683,SUCCESS,0.0.731861,0.0.3964827,0.0.4138717@1771896512.107212031
0.0.611948,26.21276803467752,SUCCESS,0.0.731861,0.0.3964827,0.0.4138717@1771896512.031088457
0.0.9541852,1.082703192263564,SUCCESS,0.0.731861,0.0.3964827,0.0.4138717@1771896513.075402662
0.0.8377520,146.4682884031813,SUCCESS,0.0.731861,0.0.3964827,0.0.4138717@1771896513.118641569
0.0.1392115,432.6910171788986,SUCCESS,0.0.731861,0.0.3964827&0.0.4129330,0.0.4138717@1771896509.771778432
0.0.3051653,6.955051270941061,SUCCESS,0.0.731861,0.0.3964827,0.0.4138717@1771896511.913125557
0.0.10233326,219.1220714793593,SUCCESS,0.0.731861,0.0.3964827&0.0.3964837,0.0.4138717@1771896512.546095716
0.0.7947570,0.1390869702910159,SUCCESS,0.0.731861,0.0.3964827,0.0.4138717@1771896515.277702347
0.0.1065704,70.66844591659628,SUCCESS,0.0.731861,0.0.3964827,0.0.4138717@1771896515.808064187
0.0.7562963,178.7300754757793,SUCCESS,0.0.731861,0.0.3964827&0.0.5328590,0.0.4138717@1771896514.666629658
0.0.6288848,0.4436290778297873,SUCCESS,0.0.731861,0.0.3964827&0.0.6071119,0.0.4138717@1771896514.916992563
0.0.3169781,10.88092018098641,SUCCESS,0.0.731861,0.0.3964827,0.0.4138717@1771896515.570743416
0.0.834234,2.077691101779428,SUCCESS,0.0.731861,0.0.3964827,0.0.4138717@1771896516.311997546
0.0.4733298,5.704767399546743,SUCCESS,0.0.731861,0.0.3964827,0.0.4138717@1771896519.333483180
0.0.1107354,7.253870496349745,SUCCESS,0.0.731861,0.0.3964827,0.0.4138717@1771896516.201093745
0.0.7950871,0.0005994607678809499,SUCCESS,0.0.731861,0.0.3964827,0.0.4138717@1771896516.170217467
0.0.5239780,212.2779819546825,SUCCESS,0.0.731861,0.0.3964827,0.0.4138717@1771896520.191329228
0.0.7965416,0.1076507788056682,NOT_ASSOCIATED,0.0.731861,0.0.3964827,
0.0.4348609,141.7328170967501,SUCCESS,0.0.731861,0.0.3964827&0.0.5328590,0.0.4138717@1771896519.083670719
0.0.4364640,11.98907630401153,SUCCESS,0.0.731861,0.0.3964827,0.0.4138717@1771896520.625180606
0.0.3443413,7.504994695717746,SUCCESS,0.0.731861,0.0.3964827&0.0.4601632,0.0.4138717@1771896519.278560461
0.0.7677057,36.53057765760891,SUCCESS,0.0.731861,0.0.3964827,0.0.4138717@1771896521.347666282
0.0.4793606,37.46724509233104,SUCCESS,0.0.731861,0.0.3964827&0.0.5328590,0.0.4138717@1771896521.962448727
0.0.1079751,86.33062127053564,SUCCESS,0.0.731861,0.0.3964827,0.0.4138717@1771896520.591545289
0.0.1061257,197.0893130576551,SUCCESS,0.0.731861,0.0.3964827&0.0.4601632&0.0.5328590,0.0.4138717@1771896522.813614099
0.0.9168967,12.48746591697382,SUCCESS,0.0.731861,0.0.3964827&0.0.5328590&0.0.6071074,0.0.4138717@1771896524.396986888
0.0.4975045,147.8636523458291,SUCCESS,0.0.731861,0.0.3964827,0.0.4138717@1771896523.496279600
0.0.6630516,9.835686148084273,SUCCESS,0.0.731861,0.0.3964827,0.0.4138717@1771896521.549884816
0.0.1436265,22.5089818972225,SUCCESS,0.0.731861,0.0.3964827,0.0.4138717@1771896522.781764132
0.0.839408,95.73891515429558,SUCCESS,0.0.731861,0.0.3964827,0.0.4138717@1771896525.617446450
0.0.834607,32.7978447931152,SUCCESS,0.0.731861,0.0.3964827,0.0.4138717@1771896526.608534778
0.0.849606,157.4113675506252,SUCCESS,0.0.731861,0.0.3964827&0.0.6071119,0.0.4138717@1771896523.689297367
0.0.1400872,48.13108790530471,SUCCESS,0.0.731861,0.0.3964827&0.0.4129330&0.0.6071911,0.0.4138717@1771896527.372184601
0.0.4338112,0.07686642013365684,SUCCESS,0.0.731861,0.0.3964827,0.0.4138717@1771896527.262133499
0.0.7973422,0.209290418035138,SUCCESS,0.0.731861,0.0.3964827,0.0.4138717@1771896527.877356655
0.0.749715,184.2382630223208,SUCCESS,0.0.731861,0.0.3964827,0.0.4138717@1771896525.047934750
0.0.479120,4737.406657527498,SUCCESS,0.0.731861,0.0.3964827&0.0.4129330,0.0.4138717@1771896529.640912752
0.0.7595440,17.92144149344735,SUCCESS,0.0.731861,0.0.3964827,0.0.4138717@1771896527.630559371
0.0.7870892,3.256541228196692,SUCCESS,0.0.731861,0.0.3964827,0.0.4138717@1771896529.076260503
0.0.6109726,89.69794726931107,SUCCESS,0.0.731861,0.0.3964827,0.0.4138717@1771896527.017785561
0.0.4737222,5.122531842824951,SUCCESS,0.0.731861,0.0.3964827,0.0.4138717@1771896527.255414210
0.0.913930,4.228998145272869,SUCCESS,0.0.731861,0.0.3964827,0.0.4138717@1771896532.742463401
0.0.4338721,0.6371801805035948,SUCCESS,0.0.731861,0.0.3964834&0.0.3964840,0.0.4138717@1771896531.713362282
0.0.1294472,4.502092779638769,SUCCESS,0.0.731861,0.0.3964837,0.0.4138717@1771896530.607162720
0.0.6018293,0.07377200252311514,SUCCESS,0.0.731861,0.0.3964837,0.0.4138717@1771896533.091153670
0.0.8352476,135.1822953856535,SUCCESS,0.0.731861,0.0.3964837&0.0.4601632,0.0.4138717@1771896530.057113204
0.0.2799604,932.2877686324396,SUCCESS,0.0.731861,0.0.3964837,0.0.4138717@1771896533.057883064
0.0.1020586,483.4199506441906,SUCCESS,0.0.731861,0.0.3964837&0.0.4601632&0.0.5328590,0.0.4138717@1771896532.961139967
0.0.913172,13.5485651868737,SUCCESS,0.0.731861,0.0.3964837,0.0.4138717@1771896530.890647182
0.0.5702281,7191.379514895129,SUCCESS,0.0.731861,0.0.3964837&0.0.3964840,0.0.4138717@1771896532.929596306
0.0.658363,693.4566570316545,SUCCESS,0.0.731861,0.0.3964837&0.0.3964840,0.0.4138717@1771896533.084570026
0.0.1472060,543.5825621522009,SUCCESS,0.0.731861,0.0.3964837,0.0.4138717@1771896535.257285427
0.0.1284263,59.13308533352885,SUCCESS,0.0.731861,0.0.3964837,0.0.4138717@1771896533.306811297
0.0.850401,52.04742071747325,SUCCESS,0.0.731861,0.0.3964837,0.0.4138717@1771896533.743941303
0.0.859023,0.002797521312771422,SUCCESS,0.0.731861,0.0.3964837&0.0.6071119,0.0.4138717@1771896534.775179283
0.0.4543305,1711.579897531792,SUCCESS,0.0.731861,0.0.3964837,0.0.4138717@1771896537.078623284
0.0.790151,25.83202614683342,SUCCESS,0.0.731861,0.0.3964837,0.0.4138717@1771896535.652714590
0.0.5377617,42.15361349041636,SUCCESS,0.0.731861,0.0.3964855,0.0.4138717@1771896537.650256661
0.0.1423973,1.85337064298292e-8,SUCCESS,0.0.731861,0.0.3964855,0.0.4138717@1771896534.982127260
0.0.1054756,2012.302314697781,SUCCESS,0.0.731861,0.0.3964855,0.0.4138717@1771896538.466341449
0.0.1228872,1.086076046067943,SUCCESS,0.0.731861,0.0.3964855,0.0.4138717@1771896539.110529613
0.0.4861302,0.3409709210588007,SUCCESS,0.0.731861,0.0.3964855&0.0.4601632,0.0.4138717@1771896537.931103048
0.0.9377965,0.004649652110380427,SUCCESS,0.0.731861,0.0.3964860,0.0.4138717@1771896537.912813082
0.0.868627,1471.461597282775,SUCCESS,0.0.731861,0.0.3964860,0.0.4138717@1771896541.534614759
0.0.9428633,0.0003589964343667403,SUCCESS,0.0.731861,0.0.3964860,0.0.4138717@1771896538.922449183
0.0.9428581,0.03258310482611564,SUCCESS,0.0.731861,0.0.3964860,0.0.4138717@1771896540.620087403
0.0.10023494,0.0002516088850942543,SUCCESS,0.0.731861,0.0.3964860,0.0.4138717@1771896543.174411870
0.0.9738472,0.4549153219846655,SUCCESS,0.0.731861,0.0.3964860,0.0.4138717@1771896540.630949156
0.0.9379489,0.00004814048315412591,SUCCESS,0.0.731861,0.0.3964860,0.0.4138717@1771896542.063090692
0.0.9377988,0.04005792477931527,SUCCESS,0.0.731861,0.0.3964860,0.0.4138717@1771896546.156505981
0.0.9389956,0.08131858386602098,SUCCESS,0.0.731861,0.0.3964860,0.0.4138717@1771896544.419194188
0.0.9384218,0.01136183407703208,SUCCESS,0.0.731861,0.0.3964860,0.0.4138717@1771896543.144214545
0.0.9692993,0.276353074985654,SUCCESS,0.0.731861,0.0.3964860,0.0.4138717@1771896545.300855399
0.0.9377806,0.002347983456722005,SUCCESS,0.0.731861,0.0.3964860,0.0.4138717@1771896544.888602100
0.0.9377844,0.03709423814961445,SUCCESS,0.0.731861,0.0.3964860,0.0.4138717@1771896547.842383250
0.0.8316,687.9165919240105,SUCCESS,0.0.731861,0.0.3964860&0.0.4601632&0.0.5328590,0.0.4138717@1771896547.236694887
0.0.9412510,0.005645310226157508,SUCCESS,0.0.731861,0.0.3964860,0.0.4138717@1771896545.490505377
0.0.9377518,0.005127750170392008,SUCCESS,0.0.731861,0.0.3964860,0.0.4138717@1771896546.642097942
0.0.10164768,14232.88897010846,SUCCESS,0.0.731861,0.0.3964860,0.0.4138717@1771896547.893180243
0.0.9144335,76.75503465705134,SUCCESS,0.0.731861,0.0.3964860,0.0.4138717@1771896550.119210889
0.0.8257213,92.36722555627544,SUCCESS,0.0.731861,0.0.3964860,0.0.4138717@1771896547.031824794
0.0.9371968,0.005559059512310785,SUCCESS,0.0.731861,0.0.3964860,0.0.4138717@1771896550.785210253
0.0.9375318,0.002759273647355879,SUCCESS,0.0.731861,0.0.3964860,0.0.4138717@1771896549.501114288
0.0.9371874,0.004240275687522887,SUCCESS,0.0.731861,0.0.3964860,0.0.4138717@1771896548.878471192
0.0.509141,143.2549576914169,SUCCESS,0.0.731861,0.0.3964860,0.0.4138717@1771896551.374723588
0.0.5734968,112.0501506939502,SUCCESS,0.0.731861,0.0.3964860,0.0.4138717@1771896553.762764479
0.0.9377397,0.005016000088475648,SUCCESS,0.0.731861,0.0.3964860,0.0.4138717@1771896550.596377095
0.0.4315666,62.10278741881888,SUCCESS,0.0.731861,0.0.3964860,0.0.4138717@1771896550.878369603
0.0.10048918,370.862536580281,SUCCESS,0.0.731861,0.0.3964840&0.0.10093026,0.0.4138717@1771896555.816893213
0.0.4154537,970.2763837553376,SUCCESS,0.0.731861,0.0.3964840,0.0.4138717@1771896554.515273552
0.0.834663,470.8338135436182,SUCCESS,0.0.731861,0.0.3964840,0.0.4138717@1771896553.125815263
0.0.10191831,3.005227311990836,SUCCESS,0.0.731861,0.0.3964840,0.0.4138717@1771896557.020470202
0.0.4904605,24.90003479823274,SUCCESS,0.0.731861,0.0.3964840,0.0.4138717@1771896555.895284323
0.0.7313800,1022.560261992021,SUCCESS,0.0.731861,0.0.3964840,0.0.4138717@1771896555.925632730
0.0.1673765,3.166163329663005,SUCCESS,0.0.731861,0.0.3964840,0.0.4138717@1771896556.626882808
0.0.9129985,0.4339682770739358,SUCCESS,0.0.731861,0.0.3964840,0.0.4138717@1771896557.547839442
0.0.1334138,0.05149996496152378,SUCCESS,0.0.731861,0.0.3964840,0.0.4138717@1771896557.309208488
0.0.2960424,0.09240141566530942,SUCCESS,0.0.731861,0.0.4129330,0.0.4138717@1771896556.520240153
0.0.8410631,0.5844993577255433,SUCCESS,0.0.731861,0.0.4129330&0.0.4601632,0.0.4138717@1771896558.585303153
0.0.839840,32.32008590929721,SUCCESS,0.0.731861,0.0.4129330&0.0.4601632&0.0.5328590,0.0.4138717@1771896560.670455208
0.0.4754452,0.09033892724496197,SUCCESS,0.0.731861,0.0.4129330,0.0.4138717@1771896557.592331755
0.0.4625345,2.336480744720249,SUCCESS,0.0.731861,0.0.4129330,0.0.4138717@1771896560.125747824
0.0.5060063,114.1734193650722,SUCCESS,0.0.731861,0.0.4129330&0.0.4601632&0.0.5328590,0.0.4138717@1771896560.975403965
0.0.261557,0.470616084986253,SUCCESS,0.0.731861,0.0.4129330,0.0.4138717@1771896560.519440260
0.0.4718583,0.001906965907260096,SUCCESS,0.0.731861,0.0.4129330,0.0.4138717@1771896559.666416943
0.0.795325,0.126391534010393,SUCCESS,0.0.731861,0.0.4129330,0.0.4138717@1771896562.568829088
0.0.3293439,1.60535934297931,SUCCESS,0.0.731861,0.0.4129330,0.0.4138717@1771896561.656748134
0.0.856304,0.004486283012063271,SUCCESS,0.0.731861,0.0.4129330,0.0.4138717@1771896563.969372525
0.0.972955,2.98700344618624e-9,SUCCESS,0.0.731861,0.0.4129330,0.0.4138717@1771896562.181939156
0.0.4797402,0.006669606148783408,SUCCESS,0.0.731861,0.0.4601632,0.0.4138717@1771896565.750579479
0.0.175313,3.034232847777064,SUCCESS,0.0.731861,0.0.4601632,0.0.4138717@1771896563.610369466
0.0.864984,66.02262545473052,SUCCESS,0.0.731861,0.0.4601632,0.0.4138717@1771896564.877838971
0.0.1460111,0.007103683828242459,SUCCESS,0.0.731861,0.0.4601632,0.0.4138717@1771896566.132696154
0.0.3828466,50.72486761309543,SUCCESS,0.0.731861,0.0.4601632,0.0.4138717@1771896564.647463748
0.0.8352642,148.2082966006221,SUCCESS,0.0.731861,0.0.4601632,0.0.4138717@1771896568.272344721
0.0.853115,0.09194194120885717,SUCCESS,0.0.731861,0.0.4601632,0.0.4138717@1771896566.363397214
0.0.821010,62.15076915716404,SUCCESS,0.0.731861,0.0.4601632,0.0.4138717@1771896568.148848860
0.0.4403472,0.7669719820047615,SUCCESS,0.0.731861,0.0.4601632,0.0.4138717@1771896569.119055152
0.0.7482624,24.17802063980582,NOT_ASSOCIATED,0.0.731861,0.0.4601632,
0.0.1425168,12237.11924471891,SUCCESS,0.0.731861,0.0.4601632&0.0.5328590,0.0.4138717@1771896567.121770768
0.0.1337729,0.2323745081720628,SUCCESS,0.0.731861,0.0.4601632,0.0.4138717@1771896566.859747059
0.0.834210,199.6633649204836,SUCCESS,0.0.731861,0.0.4601632,0.0.4138717@1771896568.106813497
0.0.8431266,10.19454377186618,SUCCESS,0.0.731861,0.0.4601632,0.0.4138717@1771896570.731958086
0.0.4730774,1.030035120738286,SUCCESS,0.0.731861,0.0.4601632,0.0.4138717@1771896569.696527063
0.0.704807,53.01777791491988,SUCCESS,0.0.731861,0.0.4601632,0.0.4138717@1771896569.291226970
0.0.1405765,0.3949542043338381,SUCCESS,0.0.731861,0.0.4601632,0.0.4138717@1771896571.758802549
0.0.6049415,54.7907402642035,SUCCESS,0.0.731861,0.0.4601632&0.0.6071074,0.0.4138717@1771896570.391435268
0.0.912306,1.969138348255832,SUCCESS,0.0.731861,0.0.4601632,0.0.4138717@1771896574.014613151
0.0.4753601,5.845141514885401,SUCCESS,0.0.731861,0.0.4601632,0.0.4138717@1771896570.193104474
0.0.8831938,99.06277357640298,SUCCESS,0.0.731861,0.0.4601632,0.0.4138717@1771896570.545703440
0.0.10045691,267.3289813701122,SUCCESS,0.0.731861,0.0.4601632,0.0.4138717@1771896571.096477212
0.0.4367704,8.639350639992186,SUCCESS,0.0.731861,0.0.4601632,0.0.4138717@1771896574.637211696
0.0.1111312,51.91154491725936,SUCCESS,0.0.731861,0.0.4601632,0.0.4138717@1771896572.044758054
0.0.3932850,370.1625637842118,SUCCESS,0.0.731861,0.0.4601632,0.0.4138717@1771896574.631551599
0.0.731977,84.2387929304856,SUCCESS,0.0.731861,0.0.4601632,0.0.4138717@1771896575.181462423
0.0.9745450,106.8974431413372,SUCCESS,0.0.731861,0.0.4601632,0.0.4138717@1771896574.296266238
0.0.2999419,0.2017150990548562,SUCCESS,0.0.731861,0.0.4601632,0.0.4138717@1771896576.117067139
0.0.707819,9.680785556082428,SUCCESS,0.0.731861,0.0.4601632,0.0.4138717@1771896577.593468730
0.0.5255642,0.008088259039787314,SUCCESS,0.0.731861,0.0.4601632,0.0.4138717@1771896579.308786260
0.0.5972520,0.2083868097840454,SUCCESS,0.0.731861,0.0.4601632,0.0.4138717@1771896579.695818839
0.0.837339,23.92138473909079,SUCCESS,0.0.731861,0.0.4601632,0.0.4138717@1771896577.821297627
0.0.961031,173.4057622738006,SUCCESS,0.0.731861,0.0.4601632,0.0.4138717@1771896579.593996528
0.0.1278461,18.81585841669674,SUCCESS,0.0.731861,0.0.4601632,0.0.4138717@1771896581.343346961
0.0.816727,19.81507271743626,SUCCESS,0.0.731861,0.0.4601632,0.0.4138717@1771896580.320808538
0.0.9386020,490.5769707845359,SUCCESS,0.0.731861,0.0.4601632,0.0.4138717@1771896580.956090640
0.0.1217090,2475.647112837398,SUCCESS,0.0.731861,0.0.4601632,0.0.4138717@1771896579.775470405
0.0.4414004,123.5686704098123,NOT_ASSOCIATED,0.0.731861,0.0.4601632,
0.0.5002435,2.662816110059214,SUCCESS,0.0.731861,0.0.4601632,0.0.4138717@1771896580.707236776
0.0.1707091,2.959127056726601,SUCCESS,0.0.731861,0.0.4601632,0.0.4138717@1771896581.776802861
0.0.9210897,94.1317006802106,SUCCESS,0.0.731861,0.0.4601632,0.0.4138717@1771896585.283041031
0.0.9144627,313.2106677743591,SUCCESS,0.0.731861,0.0.4601632,0.0.4138717@1771896583.132984940
0.0.3165849,2.322764713842974,SUCCESS,0.0.731861,0.0.4601632,0.0.4138717@1771896584.827753264
0.0.2114355,0.0006122377761403135,SUCCESS,0.0.731861,0.0.4601632,0.0.4138717@1771896583.679828704
0.0.8128261,0.6115166441499732,SUCCESS,0.0.731861,0.0.4601632&0.0.5328590,0.0.4138717@1771896585.632740837
0.0.1075845,12.92307563753253,SUCCESS,0.0.731861,0.0.4601632,0.0.4138717@1771896583.557763609
0.0.851606,0.001958726218827153,SUCCESS,0.0.731861,0.0.4601632,0.0.4138717@1771896586.922655240
0.0.8347272,37.29233491684269,SUCCESS,0.0.731861,0.0.4601632,0.0.4138717@1771896589.110879912
0.0.7480837,70.85401927205744,SUCCESS,0.0.731861,0.0.4601632,0.0.4138717@1771896585.497504755
0.0.731707,0.4718648941483598,SUCCESS,0.0.731861,0.0.4601632,0.0.4138717@1771896587.993567881
0.0.1287040,17.70641287596627,SUCCESS,0.0.731861,0.0.4601632,0.0.4138717@1771896588.888709426
0.0.1518521,1.45882490562384,SUCCESS,0.0.731861,0.0.4601632,0.0.4138717@1771896589.883695544
0.0.877043,63.80107293592869,SUCCESS,0.0.731861,0.0.4601632,0.0.4138717@1771896587.963171554
0.0.3161895,2.492879905637774,SUCCESS,0.0.731861,0.0.4601632,0.0.4138717@1771896588.809038684
0.0.6857,39.67278832978089,SUCCESS,0.0.731861,0.0.4601632,0.0.4138717@1771896588.614462796
0.0.10031150,9.410923525777989,NOT_ASSOCIATED,0.0.731861,0.0.4601632,
0.0.10031144,92.67324846766245,NOT_ASSOCIATED,0.0.731861,0.0.4601632,
0.0.860846,0.0296502083178104,SUCCESS,0.0.731861,0.0.4601632,0.0.4138717@1771896592.719305686
0.0.1074067,52.9407857802811,SUCCESS,0.0.731861,0.0.4601632,0.0.4138717@1771896591.397725668
0.0.9588454,12.22239804291453,SUCCESS,0.0.731861,0.0.4601632&0.0.5328590,0.0.4138717@1771896593.445762403
0.0.6463609,0.005220413518574036,NOT_ASSOCIATED,0.0.731861,0.0.4601632,
0.0.7288906,31.61222268978032,NOT_ASSOCIATED,0.0.731861,0.0.4601632,
0.0.4559156,0.2099502313221109,SUCCESS,0.0.731861,0.0.4601632,0.0.4138717@1771896592.431399230
0.0.4153394,3264.769752320476,SUCCESS,0.0.731861,0.0.4601632&0.0.5328590,0.0.4138717@1771896592.846782719
0.0.227955,0.3596114252830787,SUCCESS,0.0.731861,0.0.4601632,0.0.4138717@1771896593.637747587
0.0.1060925,3.426523264161001,SUCCESS,0.0.731861,0.0.4601632,0.0.4138717@1771896594.460287211
0.0.5500943,56.72865040450066,SUCCESS,0.0.731861,0.0.4601632&0.0.6071041,0.0.4138717@1771896592.877666802
0.0.3705687,0.004362590186818139,SUCCESS,0.0.731861,0.0.4601632,0.0.4138717@1771896596.270434792
0.0.6252274,0.9239932928233948,SUCCESS,0.0.731861,0.0.4601632,0.0.4138717@1771896591.969600258
0.0.1860200,0.02076256472092531,SUCCESS,0.0.731861,0.0.4601632,0.0.4138717@1771896596.034218648
0.0.660703,46.4368940866466,SUCCESS,0.0.731861,0.0.4601632,0.0.4138717@1771896593.723557195
0.0.3917694,83.862595325549,SUCCESS,0.0.731861,0.0.4601632,0.0.4138717@1771896595.700857487
0.0.7535835,4.423030837345829,SUCCESS,0.0.731861,0.0.4601632,0.0.4138717@1771896595.945283903
0.0.9181254,262.3983642056216,SUCCESS,0.0.731861,0.0.4601632,0.0.4138717@1771896595.483430615
0.0.9208742,179.9888958996256,SUCCESS,0.0.731861,0.0.5328590,0.0.4138717@1771896598.035528551
0.0.5769518,570.2086321907445,SUCCESS,0.0.731861,0.0.5328590,0.0.4138717@1771896595.981712253
0.0.4971932,1.262862518575266,SUCCESS,0.0.731861,0.0.5328590,0.0.4138717@1771896599.467564810
0.0.7800894,102.1936051924987,SUCCESS,0.0.731861,0.0.5328590,0.0.4138717@1771896600.032508505
0.0.806166,40.99782133680999,SUCCESS,0.0.731861,0.0.5328590,0.0.4138717@1771896599.173593698
0.0.8113026,0.5480419238404434,SUCCESS,0.0.731861,0.0.5328590,0.0.4138717@1771896601.102618470
0.0.9885066,7.472786114854527,SUCCESS,0.0.731861,0.0.5328590,0.0.4138717@1771896598.637577882
0.0.9320918,31.68562345661687,SUCCESS,0.0.731861,0.0.5328590,0.0.4138717@1771896600.424095697
0.0.3705198,0.1430855192739513,SUCCESS,0.0.731861,0.0.5328590,0.0.4138717@1771896601.872999714
0.0.4753969,100.0365804678438,SUCCESS,0.0.731861,0.0.5328590,0.0.4138717@1771896603.495663960
0.0.10031110,46159.10545239718,NOT_ASSOCIATED,0.0.731861,0.0.5328590,
0.0.8198184,15.67564607080852,SUCCESS,0.0.731861,0.0.5328590&0.0.6071119,0.0.4138717@1771896603.172378528
0.0.7202503,31.49960507691608,SUCCESS,0.0.731861,0.0.5328590,0.0.4138717@1771896603.359332795
0.0.8038,9285.046480683126,SUCCESS,0.0.731861,0.0.5328590,0.0.4138717@1771896601.402113361
0.0.7841603,25.67312155762129,SUCCESS,0.0.731861,0.0.5328590,0.0.4138717@1771896601.896036487
0.0.1372355,79.20200412527348,SUCCESS,0.0.731861,0.0.5328590,0.0.4138717@1771896603.609050045
0.0.540025,2.512879086620967,SUCCESS,0.0.731861,0.0.5328590,0.0.4138717@1771896602.605448195
0.0.4358401,0.4192670396891363,SUCCESS,0.0.731861,0.0.5328590,0.0.4138717@1771896605.089811246
0.0.1105713,12.37752446835,SUCCESS,0.0.731861,0.0.5328590,0.0.4138717@1771896606.753555141
0.0.9401455,4.248701100197597,SUCCESS,0.0.731861,0.0.5328590,0.0.4138717@1771896607.022736680
0.0.10091451,29.89948742214382,SUCCESS,0.0.731861,0.0.5328590,0.0.4138717@1771896604.911595156
0.0.4361068,2.616395657040432,SUCCESS,0.0.731861,0.0.5328590,0.0.4138717@1771896606.746918596
0.0.10235120,2.868907039173286,SUCCESS,0.0.731861,0.0.5328590,0.0.4138717@1771896607.636600978
0.0.8041828,38.29732125841764,SUCCESS,0.0.731861,0.0.5328590,0.0.4138717@1771896608.808788613
0.0.4362583,0.03039963289415616,SUCCESS,0.0.731861,0.0.5328590,0.0.4138717@1771896606.426807148
0.0.1117641,992.318416062861,SUCCESS,0.0.731861,0.0.5328590,0.0.4138717@1771896606.575952522
0.0.10031113,22877.2160074003,NOT_ASSOCIATED,0.0.731861,0.0.5328590,
0.0.638193,722.5508650854093,SUCCESS,0.0.731861,0.0.5328590,0.0.4138717@1771896610.736150422
0.0.1140907,406.22544938583,SUCCESS,0.0.731861,0.0.5328590,0.0.4138717@1771896608.714997432
0.0.53416,3083.725699963882,SUCCESS,0.0.731861,0.0.5328590,0.0.4138717@1771896608.909855969
0.0.9093010,0.1220294049300444,SUCCESS,0.0.731861,0.0.5328590,0.0.4138717@1771896610.759320628
0.0.608244,7.720091169881258,SUCCESS,0.0.731861,0.0.5328590,0.0.4138717@1771896611.338324084
0.0.1017499,570.2767336129048,SUCCESS,0.0.731861,0.0.5328590,0.0.4138717@1771896611.764368616
0.0.9168105,316.2879979852738,SUCCESS,0.0.731861,0.0.5328590,0.0.4138717@1771896612.506789504
0.0.10010228,195.6843565244989,SUCCESS,0.0.731861,0.0.5328590,0.0.4138717@1771896609.548868875
0.0.1027780,873.9331196513014,SUCCESS,0.0.731861,0.0.5328590,0.0.4138717@1771896612.673078830
0.0.9801401,15.87238550546323,SUCCESS,0.0.731861,0.0.5328590,0.0.4138717@1771896614.270666007
0.0.7858008,10.49883915242122,SUCCESS,0.0.731861,0.0.5328590,0.0.4138717@1771896611.820488873
0.0.1251063,85.40230707809805,SUCCESS,0.0.731861,0.0.5328590,0.0.4138717@1771896614.015345584
0.0.9214791,5.141603498338024,SUCCESS,0.0.731861,0.0.5328590,0.0.4138717@1771896615.636896861
0.0.8426856,3.806981378090376,SUCCESS,0.0.731861,0.0.5328590,0.0.4138717@1771896613.167619369
0.0.1082181,11.01723817603609,SUCCESS,0.0.731861,0.0.5328590,0.0.4138717@1771896613.984735708
0.0.1444388,7.287665254332864,SUCCESS,0.0.731861,0.0.5328590,0.0.4138717@1771896616.290682704
0.0.4348988,0.6813796902477924,SUCCESS,0.0.731861,0.0.5328590,0.0.4138717@1771896616.197702242
0.0.2245713,37.23008604230513,SUCCESS,0.0.731861,0.0.5328590,0.0.4138717@1771896617.055345033
0.0.7523706,278.4972565684871,NOT_ASSOCIATED,0.0.731861,0.0.5328590,
0.0.2969355,666.5280038194422,SUCCESS,0.0.731861,0.0.5328590,0.0.4138717@1771896616.993832128
0.0.712902,353.7457481371721,SUCCESS,0.0.731861,0.0.5328590,0.0.4138717@1771896617.322475417
0.0.696926,12.40859129293508,SUCCESS,0.0.731861,0.0.5328590,0.0.4138717@1771896615.450435720
0.0.6822106,466.6612850461213,SUCCESS,0.0.731861,0.0.5328590,0.0.4138717@1771896616.914325069
0.0.1074016,2.262712255729083,SUCCESS,0.0.731861,0.0.5328590,0.0.4138717@1771896619.889256928
0.0.3288713,141.6612070315014,SUCCESS,0.0.731861,0.0.5328590,0.0.4138717@1771896620.539934683
0.0.1997076,70.99561143266538,SUCCESS,0.0.731861,0.0.5328590,0.0.4138717@1771896618.688307492
0.0.4839415,0.9697769783973488,SUCCESS,0.0.731861,0.0.5328590,0.0.4138717@1771896617.567760784
0.0.4614528,0.004464399808413451,SUCCESS,0.0.731861,0.0.5328590,0.0.4138717@1771896620.443793208
0.0.6003880,17.38957097683841,SUCCESS,0.0.731861,0.0.5328590,0.0.4138717@1771896619.563343744
0.0.4364713,89.18659206727362,SUCCESS,0.0.731861,0.0.5328590,0.0.4138717@1771896623.517793168
0.0.4900897,22.89196572432209,SUCCESS,0.0.731861,0.0.5328590,0.0.4138717@1771896623.525955966
0.0.4753513,60.00203336873413,SUCCESS,0.0.731861,0.0.5328590,0.0.4138717@1771896620.083782061
0.0.851709,146.102084929351,SUCCESS,0.0.731861,0.0.5328590,0.0.4138717@1771896623.345138221
0.0.4337930,410.3416691464807,SUCCESS,0.0.731861,0.0.5328590,0.0.4138717@1771896623.455768961
0.0.787993,142.485572579013,SUCCESS,0.0.731861,0.0.5328590,0.0.4138717@1771896623.719702557
0.0.7206642,50.48923469736618,SUCCESS,0.0.731861,0.0.5328590,0.0.4138717@1771896625.701722908
0.0.637134,489.3034440680016,SUCCESS,0.0.731861,0.0.5328590,0.0.4138717@1771896622.753742026
0.0.7778674,35.46426830650744,SUCCESS,0.0.731861,0.0.5328590,0.0.4138717@1771896626.731176728
0.0.1285385,0.08560733214320106,SUCCESS,0.0.731861,0.0.5328590,0.0.4138717@1771896623.979244386
0.0.4345750,79.72809176241171,SUCCESS,0.0.731861,0.0.5328590,0.0.4138717@1771896627.612343478
0.0.4362489,49.0768431667837,SUCCESS,0.0.731861,0.0.5328590,0.0.4138717@1771896629.635234655
0.0.7171484,0.4378636096866099,SUCCESS,0.0.731861,0.0.5328590,0.0.4138717@1771896627.447375977
0.0.1329307,80.15861068681579,SUCCESS,0.0.731861,0.0.5328590,0.0.4138717@1771896631.602896861
0.0.7326025,0.215007158153462,SUCCESS,0.0.731861,0.0.5328590&0.0.6071119,0.0.4138717@1771896628.881684122
0.0.7801753,872.3466797900854,SUCCESS,0.0.731861,0.0.5328590,0.0.4138717@1771896629.195571563
0.0.7731260,0.9570267342363064,SUCCESS,0.0.731861,0.0.5328590,0.0.4138717@1771896630.566741197
0.0.9151827,0.002522904143929957,NOT_ASSOCIATED,0.0.731861,0.0.5328590,
0.0.4587141,1.282217472818638,SUCCESS,0.0.731861,0.0.5328590,0.0.4138717@1771896630.998724752
0.0.9312249,3.786045649933993,SUCCESS,0.0.731861,0.0.5328590,0.0.4138717@1771896631.224501906
0.0.4352091,5.313705784435596,SUCCESS,0.0.731861,0.0.5328590,0.0.4138717@1771896632.280331469
0.0.9364499,0.2707222448962016,SUCCESS,0.0.731861,0.0.5328590,0.0.4138717@1771896632.701472775
0.0.9237387,40.66763980958345,SUCCESS,0.0.731861,0.0.5328590,0.0.4138717@1771896634.989171560
0.0.4362264,0.1808918736623351,NOT_ASSOCIATED,0.0.731861,0.0.5328590,
0.0.9276478,0.02067713568875477,SUCCESS,0.0.731861,0.0.5328590,0.0.4138717@1771896635.813637222
0.0.1324089,0.5702085376261201,SUCCESS,0.0.731861,0.0.5328590&0.0.6071041,0.0.4138717@1771896636.350622703
0.0.1009100,0.004631556738138185,NOT_ASSOCIATED,0.0.731861,0.0.5328590,
0.0.822616,115.7338040190684,SUCCESS,0.0.731861,0.0.5328590,0.0.4138717@1771896638.199258928
0.0.5052897,1.002520530308819,SUCCESS,0.0.731861,0.0.5328590,0.0.4138717@1771896634.781736358
0.0.5702106,0.2785347985111699,SUCCESS,0.0.731861,0.0.5328590,0.0.4138717@1771896634.260097305
0.0.9641103,33.08151631182776,SUCCESS,0.0.731861,0.0.5328590&0.0.6071119&0.0.6071911,0.0.4138717@1771896635.242364024
0.0.946745,181.8866355505392,SUCCESS,0.0.731861,0.0.5328590,0.0.4138717@1771896638.475716529
0.0.877481,833.4380179934955,SUCCESS,0.0.731861,0.0.5328590,0.0.4138717@1771896636.282102822
0.0.2025147,5.219317070229768,SUCCESS,0.0.731861,0.0.5328590,0.0.4138717@1771896638.094166210
0.0.818068,24.97194382555736,NOT_ASSOCIATED,0.0.731861,0.0.5328590,
0.0.10047974,14.8418315046277,SUCCESS,0.0.731861,0.0.5328590,0.0.4138717@1771896639.846874539
0.0.3092477,4.662893538070703,SUCCESS,0.0.731861,0.0.5328590,0.0.4138717@1771896640.643846516
0.0.4356483,38.10978985231712,SUCCESS,0.0.731861,0.0.5328590,0.0.4138717@1771896641.545726740
0.0.2174918,0.6803188541440562,NOT_ASSOCIATED,0.0.731861,0.0.5328590,
0.0.2328171,788.2932712191911,NOT_ASSOCIATED,0.0.731861,0.0.6071041,
0.0.1462131,0.003054583345726457,SUCCESS,0.0.731861,0.0.6071041,0.0.4138717@1771896639.428019589
0.0.896352,1.81183056468963,SUCCESS,0.0.731861,0.0.6071041,0.0.4138717@1771896639.622741987
0.0.6442946,0.4124218642238001,SUCCESS,0.0.731861,0.0.6071074,0.0.4138717@1771896639.366248035
0.0.1453734,753.3528407579197,SUCCESS,0.0.731861,0.0.6071074&0.0.6078473,0.0.4138717@1771896644.099847596
0.0.1212407,57.03064894996503,SUCCESS,0.0.731861,0.0.6071074,0.0.4138717@1771896644.581331993
0.0.9099631,6.209723678939476,SUCCESS,0.0.731861,0.0.6071119,0.0.4138717@1771896644.246244322
0.0.9802061,0.02902033062650735,SUCCESS,0.0.731861,0.0.6071119,0.0.4138717@1771896642.340004002
0.0.5030626,0.3970074280514374,SUCCESS,0.0.731861,0.0.6071119,0.0.4138717@1771896647.335434566
0.0.859879,411.2764605535813,SUCCESS,0.0.731861,0.0.6071119,0.0.4138717@1771896645.184577646
0.0.1666056,3.540082364919704,SUCCESS,0.0.731861,0.0.6071119,0.0.4138717@1771896646.737991027
0.0.9536657,6.336897388456948,SUCCESS,0.0.731861,0.0.6071119,0.0.4138717@1771896643.854336888
0.0.1465466,16.02141667176017,SUCCESS,0.0.731861,0.0.6071119,0.0.4138717@1771896646.199499261
0.0.820781,5.154008948357202,SUCCESS,0.0.731861,0.0.6071119,0.0.4138717@1771896648.904867730
0.0.7833982,0.00714447868173552,SUCCESS,0.0.731861,0.0.6071119,0.0.4138717@1771896647.653107617
0.0.8546442,0.0001565147246485426,SUCCESS,0.0.731861,0.0.6071119,0.0.4138717@1771896647.480824435
0.0.8009707,0.006513464088435912,SUCCESS,0.0.731861,0.0.6071119,0.0.4138717@1771896649.892586708
0.0.2020001,0.02020830447927888,SUCCESS,0.0.731861,0.0.6071119,0.0.4138717@1771896650.230587919
0.0.3205653,1.239940496448369,SUCCESS,0.0.731861,0.0.6071119,0.0.4138717@1771896647.934458997
0.0.5740497,1089.926285956149,SUCCESS,0.0.731861,0.0.6071119,0.0.4138717@1771896647.944453893
0.0.5729027,5.495769475165203,SUCCESS,0.0.731861,0.0.6071119,0.0.4138717@1771896650.390892392
0.0.3283790,2145.835639395162,SUCCESS,0.0.731861,0.0.6071119,0.0.4138717@1771896647.708622928
0.0.2174967,54.5730218099925,SUCCESS,0.0.731861,0.0.6071119,0.0.4138717@1771896651.191596427
0.0.10031183,319.621829544179,NOT_ASSOCIATED,0.0.731861,0.0.6071119,
0.0.10031184,3091.348644113477,NOT_ASSOCIATED,0.0.731861,0.0.6071119,
0.0.4041275,243.7509444583517,SUCCESS,0.0.731861,0.0.6071119,0.0.4138717@1771896650.375626242
0.0.2137399,8.293274684168745,SUCCESS,0.0.731861,0.0.6071119,0.0.4138717@1771896653.997390728
0.0.6892983,392.392222236963,SUCCESS,0.0.731861,0.0.6071119,0.0.4138717@1771896654.398265420
0.0.9119461,0.000704978193200253,SUCCESS,0.0.731861,0.0.6071119&0.0.8315114,0.0.4138717@1771896654.501649101
0.0.833139,5.536261253666468,SUCCESS,0.0.731861,0.0.6071119,0.0.4138717@1771896655.234905075
0.0.1196088,1199.470313837941,SUCCESS,0.0.731861,0.0.6071911,0.0.4138717@1771896654.675520411
0.0.3704330,408.4676980819442,SUCCESS,0.0.731861,0.0.6071911,0.0.4138717@1771896654.165772070
0.0.6082528,2130.242133286118,SUCCESS,0.0.731861,0.0.6078459,0.0.4138717@1771896651.773235409
0.0.2997555,0.05107061658602408,SUCCESS,0.0.731861,0.0.6078459,0.0.4138717@1771896654.797785213
0.0.7200098,53.9405684027287,SUCCESS,0.0.731861,0.0.6078459,0.0.4138717@1771896654.783372651
0.0.7857493,3220.825122151065,NOT_ASSOCIATED,0.0.731861,0.0.6078459,
0.0.9471068,4.806642606803396,SUCCESS,0.0.731861,0.0.6078473,0.0.4138717@1771896657.884579643
0.0.8208716,326.4084670011202,SUCCESS,0.0.731861,0.0.6078473,0.0.4138717@1771896659.010348640
0.0.972940,0.01477875700253707,SUCCESS,0.0.731861,0.0.6126395,0.0.4138717@1771896657.678698580
0.0.4987474,0.00004730234883942491,SUCCESS,0.0.731861,0.0.6126395,0.0.4138717@1771896655.445408120
0.0.10031155,0.04742323207115253,NOT_ASSOCIATED,0.0.731861,0.0.8315114,
0.0.4544022,18.59559008527136,NOT_ASSOCIATED,0.0.731861,0.0.8315114,
0.0.10031160,12.87804949328206,NOT_ASSOCIATED,0.0.731861,0.0.8315114,
0.0.9940020,0.01147515268780655,SUCCESS,0.0.731861,0.0.8315114,0.0.4138717@1771896655.333360848
0.0.8192889,1.190033669910857,SUCCESS,0.0.731861,0.0.8315114,0.0.4138717@1771896655.886150283
0.0.8712714,0.0082236142085925,SUCCESS,0.0.731861,0.0.8315114,0.0.4138717@1771896657.254902776
0.0.8326917,0.01206759269703765,NOT_ASSOCIATED,0.0.731861,0.0.8315114,
0.0.7688939,0.003039374508619493,SUCCESS,0.0.731861,0.0.8315114,0.0.4138717@1771896658.302176896
0.0.3311267,0.0000213135856756959,NOT_ASSOCIATED,0.0.731861,0.0.8315114,
0.0.4340961,0.0000325419071832801,SUCCESS,0.0.731861,0.0.8315114,0.0.4138717@1771896660.424114699
0.0.5679713,0.005497094899512762,SUCCESS,0.0.731861,0.0.8315114,0.0.4138717@1771896661.163527714
0.0.10267182,0.000001552582861333116,NOT_ASSOCIATED,0.0.731861,0.0.8315114,
0.0.10267181,485.8080505542954,NOT_ASSOCIATED,0.0.731861,0.0.8315114,
0.0.10033160,3.088018578984081e-7,NOT_ASSOCIATED,0.0.731861,0.0.9774523,
0.0.10120444,0.4196726878049529,NOT_ASSOCIATED,0.0.731861,0.0.10018365,
0.0.10120460,35.30304526942879,NOT_ASSOCIATED,0.0.731861,0.0.10092996,
0.0.10120462,0.9092975199589112,NOT_ASSOCIATED,0.0.731861,0.0.10092996,
0.0.10062632,0.00552230584876053,SUCCESS,0.0.731861,0.0.10092996,0.0.4138717@1771896658.851720167
0.0.10120424,0.0829063222798396,NOT_ASSOCIATED,0.0.731861,0.0.10093026,
0.0.10120438,0.00114700043217564,NOT_ASSOCIATED,0.0.731861,0.0.10093026,