account,amount,state,token address,pool address,tx id
0.0.4345324,0.009277497619354095,SUCCESS,hbar,0.0.3951117,0.0.4138717@1785181519.602189012
0.0.4923080,0.01187177763121477,SUCCESS,hbar,0.0.3951117,0.0.4138717@1785181518.420609385
0.0.3242760,2.373596134354524,SUCCESS,hbar,0.0.3951117&0.0.3964804,0.0.4138717@1785181519.813398265
0.0.5797983,0.08320513193083656,SUCCESS,hbar,0.0.3951117&0.0.3964804,0.0.4138717@1785181516.943529527
0.0.850535,20.61580664202315,SUCCESS,hbar,0.0.3951117,0.0.4138717@1785181518.070542905
0.0.6244791,0.08973446326870013,SUCCESS,hbar,0.0.3951117,0.0.4138717@1785181519.489571077
0.0.6313910,14.18309875879641,SUCCESS,hbar,0.0.3951117&0.0.3964804,0.0.4138717@1785181520.478555118
0.0.6289117,6.71750524715153,SUCCESS,hbar,0.0.3951117&0.0.3964804,0.0.4138717@1785181517.324338542
0.0.6440477,0.05399716906724682,SUCCESS,hbar,0.0.3951117&0.0.3964804,0.0.4138717@1785181520.360279702
0.0.874760,14.16834820985008,SUCCESS,hbar,0.0.3951117&0.0.3964804,0.0.4138717@1785181517.682414161
0.0.2968839,1.420236779926615,SUCCESS,hbar,0.0.3951117&0.0.3964804,0.0.4138717@1785181524.200074166
0.0.4702708,0.01082624344544706,SUCCESS,hbar,0.0.3951117,0.0.4138717@1785181524.065910082
0.0.6026305,0.01621397968990239,SUCCESS,hbar,0.0.3951117,0.0.4138717@1785181524.483448331
0.0.6781119,3.174086352769434,SUCCESS,hbar,0.0.3951117&0.0.3964804,0.0.4138717@1785181522.587009040
0.0.7262531,0.00848759901159402,SUCCESS,hbar,0.0.3951117&0.0.3964804,0.0.4138717@1785181521.819883578
0.0.7138336,0.001035838507970431,SUCCESS,hbar,0.0.3951117,0.0.4138717@1785181524.312751186
0.0.1340928,30.07003047309533,SUCCESS,hbar,0.0.3951117,0.0.4138717@1785181522.915161183
0.0.7479340,0.2852924050639126,SUCCESS,hbar,0.0.3951117&0.0.3964804,0.0.4138717@1785181523.587327317
0.0.5078033,0.1549721465543162,SUCCESS,hbar,0.0.3951117,0.0.4138717@1785181529.133048182
0.0.4229805,0.04285276830089545,SUCCESS,hbar,0.0.3951117,0.0.4138717@1785181527.626140059
0.0.5975196,0.01335994549800831,SUCCESS,hbar,0.0.3951117,0.0.4138717@1785181528.687783449
0.0.4938729,0.1233855391498233,SUCCESS,hbar,0.0.3951117,0.0.4138717@1785181531.448348733
0.0.4322002,0.03563116680544058,SUCCESS,hbar,0.0.3951117,0.0.4138717@1785181531.052205666
0.0.4968045,0.2317441514378441,SUCCESS,hbar,0.0.3951117,0.0.4138717@1785181531.959981579
0.0.2930231,0.06645015146954239,SUCCESS,hbar,0.0.3951117&0.0.3964804,0.0.4138717@1785181535.704992650
0.0.4558891,0.3273634086661218,SUCCESS,hbar,0.0.3951117,0.0.4138717@1785181534.228090096
0.0.5976303,0.05253625085135263,SUCCESS,hbar,0.0.3951117&0.0.3964804,0.0.4138717@1785181538.108389774
0.0.4318411,0.4480214433672381,SUCCESS,hbar,0.0.3951117,0.0.4138717@1785181540.362994211
0.0.3681428,61.43905294436296,SUCCESS,hbar,0.0.3951117&0.0.3964804,0.0.4138717@1785181536.132514522
0.0.4329852,2.647101852259386,SUCCESS,hbar,0.0.3951117&0.0.3964804,0.0.4138717@1785181537.979198798
0.0.1726157,0.5964928093050378,SUCCESS,hbar,0.0.3951117&0.0.3964804,0.0.4138717@1785181542.148051293
0.0.3969243,0.002405959957369096,SUCCESS,hbar,0.0.3951117,0.0.4138717@1785181540.908741058
0.0.4732964,0.01013677027147929,SUCCESS,hbar,0.0.3951117,0.0.4138717@1785181541.016441699
0.0.4432149,0.02706913442725123,SUCCESS,hbar,0.0.3951117,0.0.4138717@1785181545.705709117
0.0.1412123,0.04673130601107184,SUCCESS,hbar,0.0.3951117&0.0.3964804,0.0.4138717@1785181545.681320904
0.0.4184733,8.126647461289798,SUCCESS,hbar,0.0.3951117,0.0.4138717@1785181545.614835203
0.0.4775299,0.0748753247681603,SUCCESS,hbar,0.0.3951117,0.0.4138717@1785181547.063332068
0.0.4758169,0.04460216234786753,SUCCESS,hbar,0.0.3951117,0.0.4138717@1785181546.241830858
0.0.3071320,2.311154240364782,SUCCESS,hbar,0.0.3951117,0.0.4138717@1785181546.327502098
0.0.4330219,0.01433790840242149,SUCCESS,hbar,0.0.3951117,0.0.4138717@1785181548.899761672
0.0.2960169,0.04949116191832759,SUCCESS,hbar,0.0.3951117,0.0.4138717@1785181549.492530486
0.0.1991961,1.552734252440132,SUCCESS,hbar,0.0.3951117,0.0.4138717@1785181547.591363336
0.0.8068689,1.24217426111468,SUCCESS,hbar,0.0.3951117&0.0.3964804,0.0.4138717@1785181550.340357263
0.0.7889838,0.002752537205216996,SUCCESS,hbar,0.0.3951117,0.0.4138717@1785181549.489758208
0.0.6258771,0.2256732637579265,SUCCESS,hbar,0.0.3951117,0.0.4138717@1785181547.705241721
0.0.1379217,0.2815362410914354,SUCCESS,hbar,0.0.3951117,0.0.4138717@1785181553.388525811
0.0.4912200,8.838977996796107,SUCCESS,hbar,0.0.3951117&0.0.3964804,0.0.4138717@1785181554.075718727
0.0.4342759,1.686431109002538,SUCCESS,hbar,0.0.3951117,0.0.4138717@1785181555.969630103
0.0.1691323,2.752809368023642,SUCCESS,hbar,0.0.3951117&0.0.3964804,0.0.4138717@1785181555.195758242
0.0.8616856,5.069940094138977,SUCCESS,hbar,0.0.3951117&0.0.3964804,0.0.4138717@1785181557.086845866
0.0.856667,0.5945171656969473,SUCCESS,hbar,0.0.3951117&0.0.3964804,0.0.4138717@1785181554.286968698
0.0.8531519,0.2059034652180027,SUCCESS,hbar,0.0.3951117,0.0.4138717@1785181556.946940025
0.0.2122027,1.794794121228486,SUCCESS,hbar,0.0.3951117&0.0.3964804,0.0.4138717@1785181556.956329884
0.0.4531253,0.006479873491551297,SUCCESS,hbar,0.0.3951117&0.0.3964804,0.0.4138717@1785181556.848397313
0.0.9104463,0.7749665993517566,SUCCESS,hbar,0.0.3951117&0.0.3964804,0.0.4138717@1785181555.447014934
0.0.7788937,0.001493938926609004,SUCCESS,hbar,0.0.3951117,0.0.4138717@1785181556.285600383
0.0.9150357,0.3043357847562137,SUCCESS,hbar,0.0.3951117,0.0.4138717@1785181559.813080635
0.0.7526203,0.2543821665615023,SUCCESS,hbar,0.0.3951117&0.0.3964804,0.0.4138717@1785181558.118791828
0.0.8899262,0.1937155184065731,SUCCESS,hbar,0.0.3951117,0.0.4138717@1785181560.302608018
0.0.3310398,0.1350437114215531,SUCCESS,hbar,0.0.3951117&0.0.3964804,0.0.4138717@1785181565.954380868
0.0.7835270,0.4397070799686078,SUCCESS,hbar,0.0.3951117,0.0.4138717@1785181563.664634801
0.0.4551977,0.007404623538651731,SUCCESS,hbar,0.0.3951117,0.0.4138717@1785181563.354513084
0.0.4766933,1.374612718064429,SUCCESS,hbar,0.0.3951117,0.0.4138717@1785181567.240926706
0.0.1110477,0.7525821899481663,SUCCESS,hbar,0.0.3951117,0.0.4138717@1785181568.676241074
0.0.1490591,1.6120734980491,SUCCESS,hbar,0.0.3951117&0.0.3964804,0.0.4138717@1785181566.514073803
0.0.1023917,7.207717654859442,SUCCESS,hbar,0.0.3951117&0.0.3964804,0.0.4138717@1785181565.685897167
0.0.1506598,0.1372874175558924,SUCCESS,hbar,0.0.3951117,0.0.4138717@1785181570.964702786
0.0.4559340,0.00897186136656996,SUCCESS,hbar,0.0.3951117,0.0.4138717@1785181568.117370239
0.0.7798148,0.211940261856854,SUCCESS,hbar,0.0.3951117,0.0.4138717@1785181571.074793185
0.0.7843482,0.1584859436876041,SUCCESS,hbar,0.0.3951117&0.0.3964804,0.0.4138717@1785181572.454393501
0.0.4817549,0.3528845821948008,SUCCESS,hbar,0.0.3951117&0.0.3964804,0.0.4138717@1785181569.769814299
0.0.4503599,0.1055729739089809,SUCCESS,hbar,0.0.3951117,0.0.4138717@1785181576.426484099
0.0.4347838,0.1911246217487266,SUCCESS,hbar,0.0.3951117,0.0.4138717@1785181574.779967924
0.0.1877739,0.008381973164728261,SUCCESS,hbar,0.0.3951117,0.0.4138717@1785181574.696233492
0.0.4864609,0.008028188368592707,SUCCESS,hbar,0.0.3951117,0.0.4138717@1785181575.888303165
0.0.598828,0.007823813573810443,SUCCESS,hbar,0.0.3951117&0.0.3964804,0.0.4138717@1785181576.547943636
0.0.4302086,0.009565385798573212,SUCCESS,hbar,0.0.3951117,0.0.4138717@1785181576.372944121
0.0.7991960,2.40491296226109,SUCCESS,hbar,0.0.3951117&0.0.3964804,0.0.4138717@1785181579.530640114
0.0.1601282,0.005939198503546401,SUCCESS,hbar,0.0.3951117,0.0.4138717@1785181576.208610261
0.0.2125030,2.800450989981367,SUCCESS,hbar,0.0.3951117,0.0.4138717@1785181579.954267214
0.0.4333286,0.09453381854036784,SUCCESS,hbar,0.0.3951117,0.0.4138717@1785181580.280904108
0.0.4210667,0.02032264932453395,SUCCESS,hbar,0.0.3951117,0.0.4138717@1785181582.797903744
0.0.1412849,0.000006234852672852017,SUCCESS,hbar,0.0.3951117,0.0.4138717@1785181578.845273444
0.0.823348,0.1950886355251141,SUCCESS,hbar,0.0.3951117,0.0.4138717@1785181579.760545977
0.0.2174139,0.2361043741839933,SUCCESS,hbar,0.0.3951117,0.0.4138717@1785181581.025247380
0.0.1261552,0.04770139116038236,SUCCESS,hbar,0.0.3951117&0.0.3964804,0.0.4138717@1785181584.376758687
0.0.4205604,1.038722017593539,SUCCESS,hbar,0.0.3951117,0.0.4138717@1785181584.614329549
0.0.639876,0.06009430209553027,SUCCESS,hbar,0.0.3951117,0.0.4138717@1785181584.940802734
0.0.4329215,0.09791550120332132,SUCCESS,hbar,0.0.3951117&0.0.3964804,0.0.4138717@1785181582.203712644
0.0.854331,0.03999321204849288,SUCCESS,hbar,0.0.3951117,0.0.4138717@1785181584.553760849
0.0.819461,0.1494751983294244,SUCCESS,hbar,0.0.3951117,0.0.4138717@1785181588.105831528
0.0.700741,0.668309145659634,SUCCESS,hbar,0.0.3951117,0.0.4138717@1785181589.675220662
0.0.1453803,1.619214093940445,SUCCESS,hbar,0.0.3951117&0.0.3964804,0.0.4138717@1785181585.821442327
0.0.4346579,0.002688668702078046,SUCCESS,hbar,0.0.3951117,0.0.4138717@1785181589.795148219
0.0.508876,0.4088105652275151,SUCCESS,hbar,0.0.3951117,0.0.4138717@1785181591.983346504
0.0.1409958,0.125450655255624,SUCCESS,hbar,0.0.3951117,0.0.4138717@1785181591.633112007
0.0.1075892,1.593936285231836,SUCCESS,hbar,0.0.3951117,0.0.4138717@1785181590.708906952
0.0.1097257,10.39796570930373,SUCCESS,hbar,0.0.3951117,0.0.4138717@1785181589.997817885
0.0.4350041,0.2770124114979088,SUCCESS,hbar,0.0.3951117,0.0.4138717@1785181592.435500495
0.0.1910285,0.1788916985180199,SUCCESS,hbar,0.0.3951117,0.0.4138717@1785181594.200146564
0.0.832415,92.85476343478032,SUCCESS,hbar,0.0.3951117,0.0.4138717@1785181594.785039244
0.0.1265153,0.002726646524312293,SUCCESS,hbar,0.0.3951117,0.0.4138717@1785181597.731769903
0.0.1274087,934.3369736286757,SUCCESS,hbar,0.0.3951117,0.0.4138717@1785181595.001293219
0.0.2773436,250.7727689608071,SUCCESS,hbar,0.0.3951117&0.0.3964804,0.0.4138717@1785181595.892727323
0.0.834820,16.70563524968761,SUCCESS,hbar,0.0.3951117&0.0.3964804,0.0.4138717@1785181596.336125556
0.0.731977,22.32965816242329,SUCCESS,hbar,0.0.3951117,0.0.4138717@1785181597.898035503
0.0.836838,9028.183709026129,SUCCESS,hbar,0.0.3951117,0.0.4138717@1785181597.181193880
0.0.860438,1.108008993593531,SUCCESS,hbar,0.0.3951117&0.0.3964804,0.0.4138717@1785181596.725126834
0.0.1290358,16.08986147298289,SUCCESS,hbar,0.0.3951117,0.0.4138717@1785181597.925626051
0.0.956549,117.7090352707559,SUCCESS,hbar,0.0.3951117,0.0.4138717@1785181600.694138186
0.0.1735540,1.404311117457338,SUCCESS,hbar,0.0.3951117,0.0.4138717@1785181602.804794766
0.0.1375637,3.62337053471995,SUCCESS,hbar,0.0.3951117,0.0.4138717@1785181602.977103958
0.0.3845966,0.9173180035011568,SUCCESS,hbar,0.0.3951117&0.0.3964804,0.0.4138717@1785181604.010542885
0.0.1724832,0.1726834594700764,SUCCESS,hbar,0.0.3951117,0.0.4138717@1785181604.265330896
0.0.832624,0.002817442027823055,SUCCESS,hbar,0.0.3951117&0.0.3964804,0.0.4138717@1785181602.621338730
0.0.525256,1.78943517253159,SUCCESS,hbar,0.0.3951117,0.0.4138717@1785181602.928184559
0.0.2116956,0.4293858517803407,SUCCESS,hbar,0.0.3951117,0.0.4138717@1785181605.444361900
0.0.896788,457.4843397345634,SUCCESS,hbar,0.0.3951117,0.0.4138717@1785181603.883867802
0.0.925802,2.313708649684006,SUCCESS,hbar,0.0.3951117,0.0.4138717@1785181604.826321621
0.0.1628961,928.2334665744681,SUCCESS,hbar,0.0.3951117&0.0.3964804,0.0.4138717@1785181607.743171803
0.0.1711779,0.001573044234236162,SUCCESS,hbar,0.0.3951117,0.0.4138717@1785181609.388433491
0.0.5182107,0.04830493160579578,SUCCESS,hbar,0.0.3951117&0.0.3964804,0.0.4138717@1785181606.674355727
0.0.5202236,0.04931638403393377,SUCCESS,hbar,0.0.3951117,0.0.4138717@1785181605.422574095
0.0.4590627,0.07892657143009103,SUCCESS,hbar,0.0.3951117,0.0.4138717@1785181607.693717055
0.0.4323088,0.817669193399147,SUCCESS,hbar,0.0.3951117&0.0.3964804,0.0.4138717@1785181611.297223295
0.0.4335807,0.5546693843625572,SUCCESS,hbar,0.0.3951117,0.0.4138717@1785181609.485296341
0.0.4986167,0.01585587237987548,SUCCESS,hbar,0.0.3951117,0.0.4138717@1785181610.216875381
0.0.5281334,0.01582839212581706,SUCCESS,hbar,0.0.3951117,0.0.4138717@1785181613.663461626
0.0.5310061,0.09448404860917303,SUCCESS,hbar,0.0.3951117&0.0.3964804,0.0.4138717@1785181614.280294160
0.0.5117832,6.127196695489801,SUCCESS,hbar,0.0.3951117&0.0.3964804,0.0.4138717@1785181615.074755223
0.0.841339,0.1568491720321966,SUCCESS,hbar,0.0.3951117,0.0.4138717@1785181614.691304228
0.0.853268,3.800857664114108,SUCCESS,hbar,0.0.3951117,0.0.4138717@1785181615.979656642
0.0.662296,4.120264506381562,SUCCESS,hbar,0.0.3951117,0.0.4138717@1785181615.686758600
0.0.3829916,2.057065323109554,SUCCESS,hbar,0.0.3951117,0.0.4138717@1785181618.239419375
0.0.4354394,0.9381027472587367,SUCCESS,hbar,0.0.3951117,0.0.4138717@1785181616.912637293
0.0.1322785,2.763792501193033,SUCCESS,hbar,0.0.3951117,0.0.4138717@1785181619.033052219
0.0.5716339,0.000122149254424548,SUCCESS,hbar,0.0.3951117,0.0.4138717@1785181619.740533325
0.0.4709377,1.043459805735278,SUCCESS,hbar,0.0.3951117,0.0.4138717@1785181620.497541899
0.0.4695027,0.0296219742985772,SUCCESS,hbar,0.0.3951117,0.0.4138717@1785181619.322359839
0.0.4340758,0.1046221664191034,SUCCESS,hbar,0.0.3951117&0.0.3964804,0.0.4138717@1785181619.705383256
0.0.4324445,0.06592740956189642,SUCCESS,hbar,0.0.3951117&0.0.3964804,0.0.4138717@1785181622.969552198
0.0.4349304,0.006466988684983957,SUCCESS,hbar,0.0.3951117,0.0.4138717@1785181621.215052562
0.0.1338331,0.6127629594991875,SUCCESS,hbar,0.0.3951117,0.0.4138717@1785181623.299654136
0.0.4322065,1.490066145245392,SUCCESS,hbar,0.0.3951117,0.0.4138717@1785181621.560796966
0.0.4370057,0.09775946226000196,SUCCESS,hbar,0.0.3951117,0.0.4138717@1785181623.978452566
0.0.104926,0.005767631456842219,SUCCESS,hbar,0.0.3951117,0.0.4138717@1785181627.399287530
0.0.4348824,0.02572658338291962,SUCCESS,hbar,0.0.3951117,0.0.4138717@1785181627.292854973
0.0.4544530,0.06424735632081888,SUCCESS,hbar,0.0.3951117&0.0.3964804,0.0.4138717@1785181625.735058715
0.0.1506629,0.009721592234096603,SUCCESS,hbar,0.0.3951117,0.0.4138717@1785181626.726683757
0.0.795933,0.1567147961912871,SUCCESS,hbar,0.0.3951117,0.0.4138717@1785181625.126377554
0.0.9120392,0.4324879679127838,SUCCESS,hbar,0.0.3951117&0.0.3964804,0.0.4138717@1785181626.672746598
0.0.4321631,0.6410850461398838,SUCCESS,hbar,0.0.3951117&0.0.3964804,0.0.4138717@1785181626.659444704
0.0.4582751,0.01592656786261541,SUCCESS,hbar,0.0.3951117,0.0.4138717@1785181626.575328896
0.0.4324463,0.0101854917915481,SUCCESS,hbar,0.0.3951117,0.0.4138717@1785181630.511279565
0.0.1266990,0.006712618960484641,SUCCESS,hbar,0.0.3951117,0.0.4138717@1785181628.958649421
0.0.5118079,0.2013201742110048,SUCCESS,hbar,0.0.3951117&0.0.3964804,0.0.4138717@1785181629.893343166
0.0.5118232,0.06153804151775315,SUCCESS,hbar,0.0.3951117&0.0.3964804,0.0.4138717@1785181629.959640964
0.0.5118190,0.1746836331130727,SUCCESS,hbar,0.0.3951117&0.0.3964804,0.0.4138717@1785181630.527845415
0.0.5119346,0.5624742611395959,SUCCESS,hbar,0.0.3951117&0.0.3964804,0.0.4138717@1785181629.538491511
0.0.2174015,0.006879897278124674,SUCCESS,hbar,0.0.3951117,0.0.4138717@1785181632.833178064
0.0.7810768,0.125074857563312,SUCCESS,hbar,0.0.3951117,0.0.4138717@1785181630.388298931
0.0.1120575,51.7344931361154,SUCCESS,hbar,0.0.3951117&0.0.3964804,0.0.4138717@1785181632.324973719
0.0.9273872,0.005344838160906358,SUCCESS,hbar,0.0.3951117,0.0.4138717@1785181634.751311074
0.0.1515633,1.23924148549112,SUCCESS,hbar,0.0.3951117,0.0.4138717@1785181637.302893683
0.0.850481,31.21539800662285,SUCCESS,hbar,0.0.3951117,0.0.4138717@1785181636.843116490
0.0.1758196,0.2828557517097693,SUCCESS,hbar,0.0.3951117,0.0.4138717@1785181634.839906299
0.0.4555391,0.6214005314583368,SUCCESS,hbar,0.0.3951117,0.0.4138717@1785181635.333902101
0.0.9359586,0.01815284248095174,SUCCESS,hbar,0.0.3951117,0.0.4138717@1785181638.307773080
0.0.832852,13.43952410831473,SUCCESS,hbar,0.0.3951117,0.0.4138717@1785181640.385884821
0.0.1368197,1.089069481923949,SUCCESS,hbar,0.0.3951117&0.0.3964804,0.0.4138717@1785181640.186752118
0.0.9404406,0.0142324720053929,SUCCESS,hbar,0.0.3951117,0.0.4138717@1785181641.575624196
0.0.1110198,5.180153031916837,SUCCESS,hbar,0.0.3951117,0.0.4138717@1785181640.518248547
0.0.650437,0.1992854072255569,SUCCESS,hbar,0.0.3951117,0.0.4138717@1785181642.464181917
0.0.8585089,36.48062123782091,SUCCESS,hbar,0.0.3951117,0.0.4138717@1785181639.749600694
0.0.1115297,0.3524622529581863,SUCCESS,hbar,0.0.3951117,0.0.4138717@1785181642.189024290
0.0.7542917,0.06631457422446928,SUCCESS,hbar,0.0.3951117,0.0.4138717@1785181642.131479960
0.0.9626972,0.1763581537887991,SUCCESS,hbar,0.0.3951117,0.0.4138717@1785181642.514014247
0.0.9344085,2.715819832798521,SUCCESS,hbar,0.0.3951117,0.0.4138717@1785181644.248399280
0.0.9755401,0.005105561536406089,SUCCESS,hbar,0.0.3951117,0.0.4138717@1785181646.584072642
0.0.5352069,0.2030757796227383,SUCCESS,hbar,0.0.3951117,0.0.4138717@1785181647.080823929
0.0.8071373,0.475768691478626,SUCCESS,hbar,0.0.3951117,0.0.4138717@1785181647.621114875
0.0.819005,3.287036331355063,SUCCESS,hbar,0.0.3951117,0.0.4138717@1785181647.058455347
0.0.8212757,0.7837622511734265,SUCCESS,hbar,0.0.3951117,0.0.4138717@1785181646.230668162
0.0.4713153,1.303374881764046,SUCCESS,hbar,0.0.3951117,0.0.4138717@1785181646.519830426
0.0.8260017,0.03560764367394551,SUCCESS,hbar,0.0.3951117&0.0.3964804,0.0.4138717@1785181649.080718547
0.0.2137668,12.73788530734456,SUCCESS,hbar,0.0.3951117&0.0.3964804,0.0.4138717@1785181649.111054372
0.0.8382774,0.001114348115211883,SUCCESS,hbar,0.0.3951117,0.0.4138717@1785181649.179730923
0.0.3943340,0.04547120830368104,SUCCESS,hbar,0.0.3951117,0.0.4138717@1785181652.235242661
0.0.1374442,6.159926574965594,SUCCESS,hbar,0.0.3951117&0.0.3964804,0.0.4138717@1785181648.040944651
0.0.9761018,110.6296105322627,SUCCESS,hbar,0.0.3951117,0.0.4138717@1785181649.981208525
0.0.8490555,0.6610293196582195,SUCCESS,hbar,0.0.3951117,0.0.4138717@1785181652.716581438
0.0.4331763,68.64199493573058,SUCCESS,hbar,0.0.3951117,0.0.4138717@1785181652.349870314
0.0.8546442,2.727915669663601,SUCCESS,hbar,0.0.3951117,0.0.4138717@1785181650.227768915
0.0.8684349,177.6565422546946,SUCCESS,hbar,0.0.3951117,0.0.4138717@1785181652.324780721
0.0.9099631,0.2577530202112179,SUCCESS,hbar,0.0.3951117,0.0.4138717@1785181655.195789059
0.0.9112426,0.293218094428173,SUCCESS,hbar,0.0.3951117&0.0.3964804,0.0.4138717@1785181653.797554513
0.0.8419510,0.1194839251959062,SUCCESS,hbar,0.0.3951117,0.0.4138717@1785181655.464764954
0.0.1707146,0.4158603837703843,SUCCESS,hbar,0.0.3951117,0.0.4138717@1785181654.334035723
0.0.9125858,6283.653160033656,SUCCESS,hbar,0.0.3951117,0.0.4138717@1785181656.885231007
0.0.10493411,2.775359060133692,SUCCESS,hbar,0.0.3951117,0.0.4138717@1785181654.002414274
0.0.9299646,1.62573652848566,SUCCESS,hbar,0.0.3951117,0.0.4138717@1785181659.912853895
0.0.4432398,0.1521982973919704,SUCCESS,hbar,0.0.3951117,0.0.4138717@1785181658.567309645
0.0.10352676,0.3542530649023665,SUCCESS,hbar,0.0.3951117,0.0.4138717@1785181657.004484847
0.0.1408633,0.0131495633792685,SUCCESS,hbar,0.0.3951117,0.0.4138717@1785181659.929998061
0.0.1988559,0.2371549003684878,SUCCESS,hbar,0.0.3951117,0.0.4138717@1785181662.106890162
0.0.2017173,10.92832115613476,SUCCESS,hbar,0.0.3951117&0.0.3964804,0.0.4138717@1785181660.945778459
0.0.1104990,100.1834730255493,SUCCESS,hbar,0.0.3951117,0.0.4138717@1785181660.481038861
0.0.10483303,3619.066840345331,SUCCESS,hbar,0.0.3951117,0.0.4138717@1785181660.006334991
0.0.1734809,0.0541406907199377,SUCCESS,hbar,0.0.3951117&0.0.3964804,0.0.4138717@1785181660.242910491
0.0.8373509,10.18377299047,SUCCESS,hbar,0.0.3951117&0.0.3964804,0.0.4138717@1785181664.393730622
0.0.912615,5.094184452503745,SUCCESS,hbar,0.0.3951117&0.0.3964804,0.0.4138717@1785181664.356647518
0.0.10504552,0.06781664647497669,SUCCESS,hbar,0.0.3951117,0.0.4138717@1785181664.354278993
0.0.4560992,1.467920732762552,SUCCESS,hbar,0.0.3951117,0.0.4138717@1785181662.354714538
0.0.8188541,0.4922440432326763,SUCCESS,hbar,0.0.3951117,0.0.4138717@1785181666.122264232
0.0.10609625,0.041658996174341,SUCCESS,hbar,0.0.3951117,0.0.4138717@1785181666.020101661
0.0.10296471,0.7012832165727151,SUCCESS,hbar,0.0.3951117,0.0.4138717@1785181667.905151511
0.0.8054459,0.4233829743661872,SUCCESS,hbar,0.0.3951117&0.0.3964804,0.0.4138717@1785181665.460964507
0.0.1023730,0.03544389302492618,SUCCESS,hbar,0.0.3951117,0.0.4138717@1785181664.832763943
0.0.3241044,5.477673906550834,SUCCESS,hbar,0.0.3951117,0.0.4138717@1785181668.920566547
0.0.10076247,0.3356761574855059,SUCCESS,hbar,0.0.3951117,0.0.4138717@1785181669.564055780
0.0.5060063,0.8024613548324038,SUCCESS,hbar,0.0.3951117,0.0.4138717@1785181670.691353630
0.0.4329703,0.1805724939569021,SUCCESS,hbar,0.0.3951117,0.0.4138717@1785181670.655473166
0.0.4570964,3.318517233476121,SUCCESS,hbar,0.0.3951117,0.0.4138717@1785181671.774996948
0.0.9958383,0.02064002095528536,SUCCESS,hbar,0.0.3951117,0.0.4138717@1785181671.624732419
0.0.9723151,0.001366092407694121,SUCCESS,hbar,0.0.3951117,0.0.4138717@1785181672.434585694
0.0.10031117,1.357280805196836,SUCCESS,hbar,0.0.3951117,0.0.4138717@1785181670.936939907
0.0.10031118,3.339435110861562,SUCCESS,hbar,0.0.3951117,0.0.4138717@1785181674.511940586
0.0.1157855,0.2823559664665572,SUCCESS,hbar,0.0.3951117,0.0.4138717@1785181674.718489717
0.0.10021410,0.02599733935514067,SUCCESS,hbar,0.0.3951117,0.0.4138717@1785181675.125433094
0.0.8068996,0.1416227399815871,SUCCESS,hbar,0.0.3951117&0.0.3964804,0.0.4138717@1785181673.441896736
0.0.1340164,14.16258368478972,SUCCESS,hbar,0.0.3951117,0.0.4138717@1785181673.380479139
0.0.10076636,3.431103029200792,SUCCESS,hbar,0.0.3951117,0.0.4138717@1785181675.735797780
0.0.735239,0.00003241722852951033,SUCCESS,hbar,0.0.3951117,0.0.4138717@1785181674.910758511
0.0.9302147,3.147592972049811,SUCCESS,hbar,0.0.3951117,0.0.4138717@1785181679.854305189
0.0.10122546,0.02237071264159683,SUCCESS,hbar,0.0.3951117,0.0.4138717@1785181678.004897101
0.0.10169145,0.03836908256082636,SUCCESS,hbar,0.0.3951117,0.0.4138717@1785181680.168842717
0.0.7786995,41.54699767422039,SUCCESS,hbar,0.0.3951117,0.0.4138717@1785181676.746360962
0.0.4343858,2.6023581763215,SUCCESS,hbar,0.0.3951117,0.0.4138717@1785181680.121395261
0.0.10230141,3.87719043902222,SUCCESS,hbar,0.0.3951117,0.0.4138717@1785181680.369293683
0.0.10206048,0.0804482404863235,SUCCESS,hbar,0.0.3951117,0.0.4138717@1785181683.300051441
0.0.6374996,0.6491675235340532,SUCCESS,hbar,0.0.3951117,0.0.4138717@1785181684.660853190
0.0.10088944,0.4571224487739748,SUCCESS,hbar,0.0.3951117&0.0.3964804,0.0.4138717@1785181685.096729880
0.0.139500,0.5721416511497085,SUCCESS,hbar,0.0.3951117,0.0.4138717@1785181682.787401713
0.0.7920605,0.02129948302122758,SUCCESS,hbar,0.0.3951117,0.0.4138717@1785181684.404102167
0.0.1123753,0.09861551038573324,SUCCESS,hbar,0.0.3951117,0.0.4138717@1785181686.480907550
0.0.3525426,0.6635289361844915,SUCCESS,hbar,0.0.3951117&0.0.3964804,0.0.4138717@1785181687.482513346
0.0.1462225,84.82422810270089,SUCCESS,hbar,0.0.3951117,0.0.4138717@1785181688.363206152
0.0.9430013,3.032956689250202,SUCCESS,hbar,0.0.3951117,0.0.4138717@1785181687.982284293
0.0.1792818,0.0003126475784311299,SUCCESS,hbar,0.0.3951117,0.0.4138717@1785181689.530869079
0.0.10064213,0.1278894519374967,SUCCESS,hbar,0.0.3951117&0.0.3964804,0.0.4138717@1785181688.424243442
0.0.1070346,1.924422664424973,SUCCESS,hbar,0.0.3951117,0.0.4138717@1785181687.510825561
0.0.1071830,1.557251958474026,SUCCESS,hbar,0.0.3951117&0.0.3964804,0.0.4138717@1785181688.199306964
0.0.4569835,0.002676088979099658,SUCCESS,hbar,0.0.3951117,0.0.4138717@1785181689.623137491
0.0.490092,0.05221451821451823,SUCCESS,hbar,0.0.3951117,0.0.4138717@1785181687.792738974
0.0.516971,6.00805508508765e-8,SUCCESS,hbar,0.0.3951117,0.0.4138717@1785181692.412835580
0.0.4575306,0.001740663302169057,SUCCESS,hbar,0.0.3951117,0.0.4138717@1785181690.613067002
0.0.1508462,13.26584096051626,SUCCESS,hbar,0.0.3951117,0.0.4138717@1785181693.840165195
0.0.3872466,0.04927099756863158,SUCCESS,hbar,0.0.3951117,0.0.4138717@1785181691.751525255
0.0.4591423,0.02108743418596778,SUCCESS,hbar,0.0.3951117,0.0.4138717@1785181693.164413476
0.0.9154738,0.1557891690667669,SUCCESS,hbar,0.0.3951117&0.0.3964804,0.0.4138717@1785181693.333017588
0.0.9195929,1.262886449846281,SUCCESS,hbar,0.0.3951117&0.0.3964804,0.0.4138717@1785181693.836291012
0.0.7891604,0.6151345818773627,SUCCESS,hbar,0.0.3951117,0.0.4138717@1785181691.089369132
0.0.9200436,0.03059871097665774,SUCCESS,hbar,0.0.3951117,0.0.4138717@1785181693.706008294
0.0.657648,4.365569924397765,SUCCESS,hbar,0.0.3951117,0.0.4138717@1785181694.579081485
0.0.6872459,19.76063727151522,SUCCESS,hbar,0.0.3951117,0.0.4138717@1785181695.608700494
0.0.9301583,19.38356492610988,SUCCESS,hbar,0.0.3951117,0.0.4138717@1785181696.363114598
0.0.4351536,0.07860162359909936,SUCCESS,hbar,0.0.3951117,0.0.4138717@1785181696.325426127
0.0.844585,0.9020472412258472,SUCCESS,hbar,0.0.3951117&0.0.3964804,0.0.4138717@1785181693.889924504
0.0.9318600,8.367507854812231,SUCCESS,hbar,0.0.3951117,0.0.4138717@1785181698.285569186
0.0.3925109,0.00001800866831846837,SUCCESS,hbar,0.0.3951117,0.0.4138717@1785181695.568740002
0.0.2994397,0.1037801799726268,SUCCESS,hbar,0.0.3951117,0.0.4138717@1785181696.173137630
0.0.9619890,0.5682499557164001,SUCCESS,hbar,0.0.3951117&0.0.3964804,0.0.4138717@1785181700.307437829
0.0.9597272,0.07199623948582255,SUCCESS,hbar,0.0.3951117,0.0.4138717@1785181699.771112378
0.0.7680254,0.1050869369851279,SUCCESS,hbar,0.0.3951117&0.0.3964804,0.0.4138717@1785181696.191166576
0.0.52231,0.3088158878913472,SUCCESS,hbar,0.0.3951117,0.0.4138717@1785181696.590103434
0.0.4570908,1.768795555436181,SUCCESS,hbar,0.0.3951117,0.0.4138717@1785181701.945475329
0.0.835242,0.0007318156413422128,SUCCESS,hbar,0.0.3951117,0.0.4138717@1785181698.995980527
0.0.8341357,0.1523112201312805,SUCCESS,hbar,0.0.3951117,0.0.4138717@1785181697.717228016
0.0.4349716,0.1330513954239521,SUCCESS,hbar,0.0.3951117&0.0.3964804,0.0.4138717@1785181699.907138304
0.0.7490874,0.2723971343221263,SUCCESS,hbar,0.0.3951117&0.0.3964804,0.0.4138717@1785181699.465854083
0.0.1904506,0.0002468955622752301,SUCCESS,hbar,0.0.3951117,0.0.4138717@1785181699.698857532
0.0.6234814,0.1031420695650961,SUCCESS,hbar,0.0.3951117,0.0.4138717@1785181700.268511821
0.0.1292697,0.195889790355318,SUCCESS,hbar,0.0.3951117,0.0.4138717@1785181703.392382962
0.0.696790,2.57630032983602,SUCCESS,hbar,0.0.3951117&0.0.3964804,0.0.4138717@1785181704.176649430
0.0.7129552,21.45771226319762,SUCCESS,hbar,0.0.3951117,0.0.4138717@1785181701.957827661
0.0.1380352,0.6147651143829641,SUCCESS,hbar,0.0.3951117,0.0.4138717@1785181705.925717824
0.0.7287636,5.447166726990363,SUCCESS,hbar,0.0.3951117&0.0.3964804,0.0.4138717@1785181704.916364114
0.0.5126364,6.583431586862608,SUCCESS,hbar,0.0.3951117,0.0.4138717@1785181704.674910821
0.0.6270084,478.942165132375,SUCCESS,hbar,0.0.3951117&0.0.3964804,0.0.4138717@1785181706.824513330
0.0.1458130,0.01705929123111314,SUCCESS,hbar,0.0.3951117,0.0.4138717@1785181706.056650860
0.0.5060163,0.1423616376018236,SUCCESS,hbar,0.0.3951117,0.0.4138717@1785181706.813929250
0.0.1123889,0.7573796344504424,SUCCESS,hbar,0.0.3951117&0.0.3964804,0.0.4138717@1785181705.365301589
0.0.834595,0.9377782688570576,SUCCESS,hbar,0.0.3951117&0.0.3964804,0.0.4138717@1785181708.083921676
0.0.1464418,2.585673730183653,SUCCESS,hbar,0.0.3951117,0.0.4138717@1785181710.970292751
0.0.7555632,0.03138352947242643,SUCCESS,hbar,0.0.3951117,0.0.4138717@1785181710.275487788
0.0.7989790,0.01301830213548364,SUCCESS,hbar,0.0.3951117,0.0.4138717@1785181710.941033251
0.0.3706536,0.003605295213628668,SUCCESS,hbar,0.0.3951117,0.0.4138717@1785181710.327216723
0.0.8013259,8078.049772161208,SUCCESS,hbar,0.0.3951117,0.0.4138717@1785181711.310770214
0.0.5688804,0.6699108605935861,SUCCESS,hbar,0.0.3951117,0.0.4138717@1785181714.773332197
0.0.4792831,0.001340589340866645,SUCCESS,hbar,0.0.3951117,0.0.4138717@1785181715.372441702
0.0.4433722,0.02779912183019775,SUCCESS,hbar,0.0.3951117,0.0.4138717@1785181712.478575866
0.0.4361868,21.0319293128371,SUCCESS,hbar,0.0.3951117,0.0.4138717@1785181717.177721897
0.0.4331665,0.4853501738669724,SUCCESS,hbar,0.0.3951117,0.0.4138717@1785181714.587092609
0.0.1512938,0.0002927228911524498,SUCCESS,hbar,0.0.3951117,0.0.4138717@1785181716.017812380
0.0.4339712,0.1388803489054522,SUCCESS,hbar,0.0.3951117,0.0.4138717@1785181714.089509818
0.0.1784251,0.02919133083232936,SUCCESS,hbar,0.0.3951117&0.0.3964804,0.0.4138717@1785181716.351995275
0.0.1339713,2.706022097767935,SUCCESS,hbar,0.0.3951117&0.0.3964804,0.0.4138717@1785181719.575572180
0.0.4745055,0.002540425122705255,SUCCESS,hbar,0.0.3951117,0.0.4138717@1785181718.743481423
0.0.4338219,2.660123735151517,SUCCESS,hbar,0.0.3951117,0.0.4138717@1785181718.610217068
0.0.7934467,0.002995659436241335,SUCCESS,hbar,0.0.3951117,0.0.4138717@1785181721.084047737
0.0.664329,0.02456840204092682,SUCCESS,hbar,0.0.3951117,0.0.4138717@1785181717.992477007
0.0.4858736,0.01759800310110446,SUCCESS,hbar,0.0.3951117,0.0.4138717@1785181720.883944152
0.0.834443,47.45609966847596,SUCCESS,hbar,0.0.3951117,0.0.4138717@1785181718.262023024
0.0.4430933,0.3350939523900332,SUCCESS,hbar,0.0.3951117,0.0.4138717@1785181720.084419223
0.0.4383878,0.02774167637059469,SUCCESS,hbar,0.0.3951117,0.0.4138717@1785181721.753898354
0.0.5028724,0.002317335568434148,SUCCESS,hbar,0.0.3951117,0.0.4138717@1785181719.841420173
0.0.5156210,0.004381821417014991,SUCCESS,hbar,0.0.3951117&0.0.3964804,0.0.4138717@1785181720.491189124
0.0.5702270,9.471547489735222,SUCCESS,hbar,0.0.3951117,0.0.4138717@1785181722.695895142
0.0.5293942,3.89820772304319,SUCCESS,hbar,0.0.3951117,0.0.4138717@1785181724.224670348
0.0.850352,1.534441231514903,SUCCESS,hbar,0.0.3951117,0.0.4138717@1785181724.705914432
0.0.4423729,1.140134936816842,SUCCESS,hbar,0.0.3951117&0.0.3964804,0.0.4138717@1785181725.936874809
0.0.6295630,0.04858245868156714,SUCCESS,hbar,0.0.3964804,0.0.4138717@1785181723.377525315
0.0.3681629,5.368695838704931,SUCCESS,hbar,0.0.3964804,0.0.4138717@1785181722.154203412
0.0.853379,19.88779964948411,SUCCESS,hbar,0.0.3964804,0.0.4138717@1785181722.914379435
0.0.9272301,0.5726770418659356,SUCCESS,hbar,0.0.3964804,0.0.4138717@1785181726.877548215
0.0.9273859,0.0621544698324306,SUCCESS,hbar,0.0.3964804,0.0.4138717@1785181728.376540668
0.0.2149252,0.00003905689895772963,SUCCESS,hbar,0.0.3964804,0.0.4138717@1785181725.749827781
0.0.9150672,0.02773909178785666,SUCCESS,hbar,0.0.3964804,0.0.4138717@1785181726.485383338
0.0.9144684,0.08459232086039169,SUCCESS,hbar,0.0.3964804,0.0.4138717@1785181725.078682740
0.0.6094118,0.0187034881619794,SUCCESS,hbar,0.0.3964804,0.0.4138717@1785181728.768875599
0.0.9168967,0.1187367719614085,SUCCESS,hbar,0.0.3964804,0.0.4138717@1785181729.262007752
0.0.4310363,0.237442786140139,SUCCESS,hbar,0.0.3964804,0.0.4138717@1785181731.988062268
0.0.9201440,0.04170380732404005,SUCCESS,hbar,0.0.3964804,0.0.4138717@1785181728.767297274
0.0.9695749,2.898296838707315,SUCCESS,hbar,0.0.3964804,0.0.4138717@1785181732.970459106
0.0.9477910,3.332779913259592,SUCCESS,hbar,0.0.3964804,0.0.4138717@1785181730.311344096
0.0.834767,1.132324874201025,SUCCESS,hbar,0.0.3964804,0.0.4138717@1785181729.307911750
0.0.9612822,0.1423449405641721,SUCCESS,hbar,0.0.3964804,0.0.4138717@1785181732.422814465
0.0.6258977,0.1402051245813267,SUCCESS,hbar,0.0.3964804,0.0.4138717@1785181734.649156428
0.0.946029,0.4683267330404117,SUCCESS,hbar,0.0.3964804,0.0.4138717@1785181733.556831228
0.0.1461428,1.426749035751641,SUCCESS,hbar,0.0.3964804,0.0.4138717@1785181734.426073786
0.0.1517175,0.8003923859734337,SUCCESS,hbar,0.0.3964804,0.0.4138717@1785181735.056988289
0.0.9226909,0.2001477672637766,SUCCESS,hbar,0.0.3964804,0.0.4138717@1785181737.074711178
0.0.2657839,2.42854627090336,SUCCESS,hbar,0.0.3964804,0.0.4138717@1785181735.398022963
0.0.2017766,1.297595351219842,SUCCESS,hbar,0.0.3964804,0.0.4138717@1785181737.001676482
0.0.1736150,0.7088839935277793,SUCCESS,hbar,0.0.3964804,0.0.4138717@1785181736.637702092
0.0.9405888,0.01246898966033469,SUCCESS,hbar,0.0.3964804,0.0.4138717@1785181734.543850006
0.0.915984,11.65729836465643,SUCCESS,hbar,0.0.3964804,0.0.4138717@1785181737.823054344
0.0.9404882,0.3118921419364351,SUCCESS,hbar,0.0.3964804,0.0.4138717@1785181739.427638136
0.0.9178066,3.71031026255505,SUCCESS,hbar,0.0.3964804,0.0.4138717@1785181735.758711059
0.0.966444,2.002222748166494,SUCCESS,hbar,0.0.3964804,0.0.4138717@1785181736.126245374
0.0.9303899,1.177502378216981,SUCCESS,hbar,0.0.3964804,0.0.4138717@1785181739.722656735
0.0.4853295,12.71902941383577,SUCCESS,hbar,0.0.3964804,0.0.4138717@1785181737.887632055
0.0.8352642,0.1296806243134573,SUCCESS,hbar,0.0.3964804,0.0.4138717@1785181742.207261485
0.0.8382708,0.005439735065048109,SUCCESS,hbar,0.0.3964804,0.0.4138717@1785181741.990353820
0.0.7550116,0.0774024174582946,SUCCESS,hbar,0.0.3964804,0.0.4138717@1785181740.540495064
0.0.4838474,3.0882781867263,SUCCESS,hbar,0.0.3964804,0.0.4138717@1785181744.014932604
0.0.4319619,0.1056356675467058,SUCCESS,hbar,0.0.3964804,0.0.4138717@1785181741.311926208
0.0.8120693,1.31857823398421,SUCCESS,hbar,0.0.3964804,0.0.4138717@1785181741.232824176
0.0.8291825,1.241753472778381,SUCCESS,hbar,0.0.3964804,0.0.4138717@1785181744.577474415
0.0.8244642,717.0399496693004,SUCCESS,hbar,0.0.3964804,0.0.4138717@1785181744.375319297
0.0.7920736,1.460469156761209,SUCCESS,hbar,0.0.3964804,0.0.4138717@1785181745.911489299
0.0.658160,0.004175016000471118,SUCCESS,hbar,0.0.3964804,0.0.4138717@1785181748.479304790
0.0.7920282,0.005537242633203257,SUCCESS,hbar,0.0.3964804,0.0.4138717@1785181750.244759700
0.0.4743054,0.000418663010710413,SUCCESS,hbar,0.0.3964804,0.0.4138717@1785181750.288145066
0.0.7285744,0.02086648296003488,SUCCESS,hbar,0.0.3964804,0.0.4138717@1785181748.051649788
0.0.6148704,0.07476355321918858,SUCCESS,hbar,0.0.3964804,0.0.4138717@1785181749.518977706
0.0.7816479,0.0229427179002604,SUCCESS,hbar,0.0.3964804,0.0.4138717@1785181750.227367915
0.0.5482082,0.6005495489973736,SUCCESS,hbar,0.0.3964804,0.0.4138717@1785181753.001284317
0.0.4724806,0.004210355862436328,SUCCESS,hbar,0.0.3964804,0.0.4138717@1785181750.167907435
0.0.7993090,4.437485111893057,SUCCESS,hbar,0.0.3964804,0.0.4138717@1785181751.748984581
0.0.4795853,0.04570373385369744,SUCCESS,hbar,0.0.3964804,0.0.4138717@1785181753.910622760
0.0.9149385,0.08052274645195018,SUCCESS,hbar,0.0.3964804,0.0.4138717@1785181754.683473073
0.0.5580759,0.03088391878914942,SUCCESS,hbar,0.0.3964804,0.0.4138717@1785181753.351612084
0.0.9104016,0.8538782633328689,SUCCESS,hbar,0.0.3964804,0.0.4138717@1785181756.455219188
0.0.8514597,4.602959333132357,SUCCESS,hbar,0.0.3964804,0.0.4138717@1785181754.912609416
0.0.8903303,0.4617453247400264,FAIL,hbar,0.0.3964804,
0.0.3288501,0.04970495357403199,SUCCESS,hbar,0.0.3964804,0.0.4138717@1785181757.255184380
0.0.187153,11.17371222117319,SUCCESS,hbar,0.0.3964804,0.0.4138717@1785181758.380440431
0.0.8717466,0.001647553647435562,SUCCESS,hbar,0.0.3964804,0.0.4138717@1785181760.384038208
0.0.1056579,4.965507828174238,SUCCESS,hbar,0.0.3964804,0.0.4138717@1785181755.882662345
0.0.2185671,0.0903136490719156,SUCCESS,hbar,0.0.3964804,0.0.4138717@1785181758.433936558
0.0.6045318,0.3569763618551345,SUCCESS,hbar,0.0.3964804,0.0.4138717@1785181762.365286681
0.0.5719491,0.05276853254698516,SUCCESS,hbar,0.0.3964804,0.0.4138717@1785181762.645791769
0.0.840324,1.429657927543408,SUCCESS,hbar,0.0.3964804,0.0.4138717@1785181759.815377098
0.0.919311,114.3417962859387,SUCCESS,hbar,0.0.3964804,0.0.4138717@1785181761.284847243
0.0.838198,0.7211551720635391,SUCCESS,hbar,0.0.3964804,0.0.4138717@1785181764.509620884
0.0.5698429,0.00799396856883724,SUCCESS,hbar,0.0.3964804,0.0.4138717@1785181761.502635047
0.0.4589167,0.01960266123260315,SUCCESS,hbar,0.0.3964804,0.0.4138717@1785181762.016826718
0.0.5023507,0.1282519970202077,SUCCESS,hbar,0.0.3964804,0.0.4138717@1785181765.569973648
0.0.3937438,0.3579445878367551,SUCCESS,hbar,0.0.3964804,0.0.4138717@1785181763.000606914
0.0.5147407,0.4646943475941021,SUCCESS,hbar,0.0.3964804,0.0.4138717@1785181762.762524029
0.0.859649,0.1493985591287554,SUCCESS,hbar,0.0.3964804,0.0.4138717@1785181767.374537276
0.0.4533464,0.1580131932697944,SUCCESS,hbar,0.0.3964804,0.0.4138717@1785181766.042704733
0.0.5495538,0.02173202884630294,SUCCESS,hbar,0.0.3964804,0.0.4138717@1785181765.556139776
0.0.4093788,4.14488306024465,SUCCESS,hbar,0.0.3964804,0.0.4138717@1785181769.032512612
0.0.5421455,0.005058281771437381,SUCCESS,hbar,0.0.3964804,0.0.4138717@1785181770.005142246
0.0.5315914,2.044626050601518,SUCCESS,hbar,0.0.3964804,0.0.4138717@1785181767.135659583
0.0.4351736,0.01871954965149165,SUCCESS,hbar,0.0.3964804,0.0.4138717@1785181768.567858882
0.0.4327294,0.01988299698353019,SUCCESS,hbar,0.0.3964804,0.0.4138717@1785181767.663902409
0.0.728698,0.1686717287260481,SUCCESS,hbar,0.0.3964804,0.0.4138717@1785181771.500975703
0.0.1402758,1.027831453549023,SUCCESS,hbar,0.0.3964804,0.0.4138717@1785181773.072258998
0.0.1353334,0.0585206231381418,SUCCESS,hbar,0.0.3964804,0.0.4138717@1785181772.505802832
0.0.3165925,0.1251237685597011,SUCCESS,hbar,0.0.3964804,0.0.4138717@1785181770.595313800
0.0.1357334,0.1563256034662914,SUCCESS,hbar,0.0.3964804,0.0.4138717@1785181771.651581020
0.0.795838,0.04948000315407374,SUCCESS,hbar,0.0.3964804,0.0.4138717@1785181774.749126156
0.0.732798,0.04907992807043569,SUCCESS,hbar,0.0.3964804,0.0.4138717@1785181774.689201501
0.0.753351,0.3377367219543894,SUCCESS,hbar,0.0.3964804,0.0.4138717@1785181772.370015776
0.0.6852334,1.14304698672882,SUCCESS,hbar,0.0.3964804,0.0.4138717@1785181772.656718113
0.0.4784258,0.3730398237525638,SUCCESS,hbar,0.0.3964804,0.0.4138717@1785181774.971671907
0.0.1463629,0.05465343423898384,SUCCESS,hbar,0.0.3964804,0.0.4138717@1785181772.934407886
0.0.6306847,0.03038338366486381,SUCCESS,hbar,0.0.3964804,0.0.4138717@1785181773.320852534
0.0.433061,0.01778700464420236,SUCCESS,hbar,0.0.3964804,0.0.4138717@1785181774.577367246
0.0.5957030,1.454403205863505,SUCCESS,hbar,0.0.3964804,0.0.4138717@1785181778.185886840
0.0.6275653,0.0141780507887543,SUCCESS,hbar,0.0.3964804,0.0.4138717@1785181776.932854233
0.0.6154587,5.682655373635412,SUCCESS,hbar,0.0.3964804,0.0.4138717@1785181775.326415604
0.0.6139137,0.7799880187371593,SUCCESS,hbar,0.0.3964804,0.0.4138717@1785181779.199073670
0.0.5068116,0.0426562839485331,SUCCESS,hbar,0.0.3964804,0.0.4138717@1785181780.014336403
0.0.805713,8.360845854421246,SUCCESS,hbar,0.0.3964804,0.0.4138717@1785181778.349658930
0.0.4766862,0.9701672414172059,SUCCESS,hbar,0.0.3964804,0.0.4138717@1785181781.169369111
0.0.4965217,0.1482612926284544,SUCCESS,hbar,0.0.3964804,0.0.4138717@1785181778.717392965
0.0.3967246,0.4477369835370278,SUCCESS,hbar,0.0.3964804,0.0.4138717@1785181782.323676807
0.0.4358173,2.439509018324691,SUCCESS,hbar,0.0.3964804,0.0.4138717@1785181781.369376334
0.0.4717832,0.2650373492299903,SUCCESS,hbar,0.0.3964804,0.0.4138717@1785181779.969503723
0.0.4540904,0.7214399052990009,SUCCESS,hbar,0.0.3964804,0.0.4138717@1785181779.183108453
0.0.4161393,2.672596800037545,SUCCESS,hbar,0.0.3964804,0.0.4138717@1785181779.986446187
0.0.4184148,0.8165516380777341,SUCCESS,hbar,0.0.3964804,0.0.4138717@1785181785.872420328
0.0.833050,0.1021000060741944,SUCCESS,hbar,0.0.3964804,0.0.4138717@1785181781.979276920
0.0.3872024,5.103372477444368,SUCCESS,hbar,0.0.3964804,0.0.4138717@1785181782.530289183
0.0.1121794,0.461256837135131,SUCCESS,hbar,0.0.3964804,0.0.4138717@1785181785.689044895
0.0.1350500,0.9996351226959961,SUCCESS,hbar,0.0.3964804,0.0.4138717@1785181784.929313720
0.0.3945405,0.001191844435289977,SUCCESS,hbar,0.0.3964804,0.0.4138717@1785181785.445257800
0.0.1048940,0.2845761313174062,SUCCESS,hbar,0.0.3964804,0.0.4138717@1785181787.527645305
0.0.1018824,35.95984545986452,SUCCESS,hbar,0.0.3964804,0.0.4138717@1785181785.889662458
0.0.4231312,0.8064872125926603,SUCCESS,hbar,0.0.3964804,0.0.4138717@1785181790.463934786
0.0.3291464,0.04078781629943957,SUCCESS,hbar,0.0.3964804,0.0.4138717@1785181787.651105926
0.0.3768895,0.003563334897288027,SUCCESS,hbar,0.0.3964804,0.0.4138717@1785181787.925916503
0.0.4337103,0.004218324098249003,SUCCESS,hbar,0.0.3964804,0.0.4138717@1785181789.444958806
0.0.1088670,0.5591381868088381,SUCCESS,hbar,0.0.3964804,0.0.4138717@1785181788.208269800
0.0.4345654,146.4020873322054,SUCCESS,hbar,0.0.3964804,0.0.4138717@1785181788.093254568
0.0.4345412,0.06412804344602024,SUCCESS,hbar,0.0.3964804,0.0.4138717@1785181791.934170928
0.0.920901,48.30882301596826,SUCCESS,hbar,0.0.3964804,0.0.4138717@1785181790.163873115
0.0.3023498,1.01563456907218,SUCCESS,hbar,0.0.3964804,0.0.4138717@1785181791.392535756
0.0.1728462,0.2004143703204832,SUCCESS,hbar,0.0.3964804,0.0.4138717@1785181791.145888785
0.0.4360122,0.3696467895269577,SUCCESS,hbar,0.0.3964804,0.0.4138717@1785181791.205776231
0.0.4368518,0.1466468618270829,SUCCESS,hbar,0.0.3964804,0.0.4138717@1785181791.047869284
0.0.4333378,0.01547305087470379,SUCCESS,hbar,0.0.3964804,0.0.4138717@1785181795.934395009
0.0.1432019,6.643755981638516,SUCCESS,hbar,0.0.3964804,0.0.4138717@1785181794.718371584
0.0.2101943,0.00162347056788198,SUCCESS,hbar,0.0.3964804,0.0.4138717@1785181792.520702316
0.0.1860252,0.3580447273932398,SUCCESS,hbar,0.0.3964804,0.0.4138717@1785181795.889122656
0.0.1703452,1.349089742625136,SUCCESS,hbar,0.0.3964804,0.0.4138717@1785181794.251178464
0.0.4535053,6.129650862688062,SUCCESS,hbar,0.0.3964804,0.0.4138717@1785181795.506445138
0.0.4356553,0.05294178361310878,SUCCESS,hbar,0.0.3964804,0.0.4138717@1785181794.126782294
0.0.979379,13.65911274322029,SUCCESS,hbar,0.0.3964804,0.0.4138717@1785181796.696902114
0.0.1512214,0.04544987425767509,SUCCESS,hbar,0.0.3964804,0.0.4138717@1785181798.081925468
0.0.1389736,3.321323580708349,SUCCESS,hbar,0.0.3964804,0.0.4138717@1785181799.103597927
0.0.481717,0.4489152358736364,SUCCESS,hbar,0.0.3964804,0.0.4138717@1785181799.124123821
0.0.6828202,25.68790846115748,SUCCESS,hbar,0.0.3964804,0.0.4138717@1785181795.945324190
0.0.1088394,0.1878939736550519,SUCCESS,hbar,0.0.3964804,0.0.4138717@1785181799.397732700
0.0.1448131,0.5080706752493424,SUCCESS,hbar,0.0.3964804,0.0.4138717@1785181797.633358179
0.0.859149,19.1246699034965,SUCCESS,hbar,0.0.3964804,0.0.4138717@1785181799.815161980
0.0.859565,3.083200616045619,SUCCESS,hbar,0.0.3964804,0.0.4138717@1785181801.671919557
0.0.4138268,27.51429463924397,SUCCESS,hbar,0.0.3964804,0.0.4138717@1785181797.292951795
0.0.835670,0.1187700194578259,SUCCESS,hbar,0.0.3964804,0.0.4138717@1785181799.126539561
0.0.1895961,4.554928892881719,SUCCESS,hbar,0.0.3964804,0.0.4138717@1785181801.361561573
0.0.1877641,1.89039719745227,SUCCESS,hbar,0.0.3964804,0.0.4138717@1785181799.696619260
0.0.1097802,4.419236830125162,SUCCESS,hbar,0.0.3964804,0.0.4138717@1785181801.928554627
0.0.3384906,4.548172979706989,SUCCESS,hbar,0.0.3964804,0.0.4138717@1785181805.821536937
0.0.6313326,8.045841462024411,SUCCESS,hbar,0.0.3964804,0.0.4138717@1785181801.495617414
0.0.7583284,0.2199172532170863,SUCCESS,hbar,0.0.3964804,0.0.4138717@1785181804.078746469
0.0.1673276,2.359355502903687,SUCCESS,hbar,0.0.3964804,0.0.4138717@1785181803.978278721
0.0.4804985,0.1727257780038763,SUCCESS,hbar,0.0.3964804,0.0.4138717@1785181802.828848922
0.0.4343570,0.3339831511726665,SUCCESS,hbar,0.0.3964804,0.0.4138717@1785181806.358918867
0.0.7732676,31.2378733016128,SUCCESS,hbar,0.0.3964804,0.0.4138717@1785181806.888075829
0.0.2891280,0.7470201357625864,SUCCESS,hbar,0.0.3964804,0.0.4138717@1785181807.438156575
0.0.7916029,15.24056300596138,SUCCESS,hbar,0.0.3964804,0.0.4138717@1785181807.530418846
0.0.4861986,0.1417395513340539,SUCCESS,hbar,0.0.3964804,0.0.4138717@1785181807.932872727
0.0.5112630,0.3306289119970773,SUCCESS,hbar,0.0.3964804,0.0.4138717@1785181810.267743402
0.0.710849,0.01787085161842656,SUCCESS,hbar,0.0.3964804,0.0.4138717@1785181811.350622389
0.0.7965412,0.003242213099713714,SUCCESS,hbar,0.0.3964804,0.0.4138717@1785181808.528661790
0.0.8076778,0.001654065290630333,SUCCESS,hbar,0.0.3964804,0.0.4138717@1785181811.248030851
0.0.7961490,0.1756464497940614,SUCCESS,hbar,0.0.3964804,0.0.4138717@1785181810.838126145
0.0.7703838,0.00915960054114693,SUCCESS,hbar,0.0.3964804,0.0.4138717@1785181809.916599249
0.0.6343911,1.372854147998052,SUCCESS,hbar,0.0.3964804,0.0.4138717@1785181813.811594250
0.0.7937765,0.9649431377275551,SUCCESS,hbar,0.0.3964804,0.0.4138717@1785181812.370336111
0.0.4765612,2.602492705205158,SUCCESS,hbar,0.0.3964804,0.0.4138717@1785181814.586437124
0.0.3240624,0.002007850472028324,SUCCESS,hbar,0.0.3964804,0.0.4138717@1785181814.066820631
0.0.2150506,0.03392714130740598,SUCCESS,hbar,0.0.3964804,0.0.4138717@1785181815.013228265
0.0.4754443,0.05225212143558564,SUCCESS,hbar,0.0.3964804,0.0.4138717@1785181815.435022769
0.0.4312267,6.125605527388561,SUCCESS,hbar,0.0.3964804,0.0.4138717@1785181815.518117812
0.0.4883729,0.3607919649236028,SUCCESS,hbar,0.0.3964804,0.0.4138717@1785181818.423713644
0.0.844131,0.2975995713414331,SUCCESS,hbar,0.0.3964804,0.0.4138717@1785181815.661384728
0.0.1404010,0.002028694351115874,SUCCESS,hbar,0.0.3964804,0.0.4138717@1785181817.340228407
0.0.1369825,144.3124153846767,SUCCESS,hbar,0.0.3964804,0.0.4138717@1785181817.245543556
0.0.8209705,0.1149804774229606,SUCCESS,hbar,0.0.3964804,0.0.4138717@1785181815.086069267
0.0.7166497,0.06652905799521788,SUCCESS,hbar,0.0.3964804,0.0.4138717@1785181818.096837702
0.0.8002341,0.2437428363192529,SUCCESS,hbar,0.0.3964804,0.0.4138717@1785181820.045999902
0.0.7938061,0.05868327791262475,SUCCESS,hbar,0.0.3964804,0.0.4138717@1785181821.438264502
0.0.3241611,0.3998946402011085,SUCCESS,hbar,0.0.3964804,0.0.4138717@1785181819.644392222
0.0.8227507,0.4861049055531462,SUCCESS,hbar,0.0.3964804,0.0.4138717@1785181821.728768044
0.0.1754370,0.03928477432290321,SUCCESS,hbar,0.0.3964804,0.0.4138717@1785181819.857166418
0.0.7965335,1.840754415211139,SUCCESS,hbar,0.0.3964804,0.0.4138717@1785181819.613182604
0.0.6294131,0.00004693007718621867,SUCCESS,hbar,0.0.3964804,0.0.4138717@1785181823.117661440
0.0.1746011,1.763881759750324,SUCCESS,hbar,0.0.3964804,0.0.4138717@1785181822.408319936
0.0.7924085,0.01836059710049504,SUCCESS,hbar,0.0.3964804,0.0.4138717@1785181824.838646957
0.0.7732467,0.07886645094979633,SUCCESS,hbar,0.0.3964804,0.0.4138717@1785181824.950876394
0.0.981571,0.0804202314919613,SUCCESS,hbar,0.0.3964804,0.0.4138717@1785181826.060209328
0.0.3847179,0.5905011514377714,SUCCESS,hbar,0.0.3964804,0.0.4138717@1785181825.578854817
0.0.1467538,0.2593676995519062,SUCCESS,hbar,0.0.3964804,0.0.4138717@1785181823.794788755
0.0.8131537,0.4153123966470421,SUCCESS,hbar,0.0.3964804,0.0.4138717@1785181826.464140501
0.0.4315395,0.09207537747671686,SUCCESS,hbar,0.0.3964804,0.0.4138717@1785181825.856040676
0.0.4388693,0.05324865692642244,SUCCESS,hbar,0.0.3964804,0.0.4138717@1785181823.583614307
0.0.8083173,0.4844170972752736,SUCCESS,hbar,0.0.3964804,0.0.4138717@1785181824.901598235
0.0.2964523,30.51896769927939,SUCCESS,hbar,0.0.3964804,0.0.4138717@1785181824.330582107
0.0.662621,0.4554631743837446,SUCCESS,hbar,0.0.3964804,0.0.4138717@1785181828.381440876
0.0.1524063,3.569405191813588,SUCCESS,hbar,0.0.3964804,0.0.4138717@1785181824.469371673
0.0.3872629,0.5381578265194877,SUCCESS,hbar,0.0.3964804,0.0.4138717@1785181826.113304275
0.0.7631749,0.001348041110657636,SUCCESS,hbar,0.0.3964804,0.0.4138717@1785181826.594116924
0.0.794930,0.05916747024529196,SUCCESS,hbar,0.0.3964804,0.0.4138717@1785181830.082782044
0.0.892270,5.232120520340097,SUCCESS,hbar,0.0.3964804,0.0.4138717@1785181830.625689970
0.0.1124401,1.989686118229108,SUCCESS,hbar,0.0.3964804,0.0.4138717@1785181829.743776127
0.0.7312670,1.073026407647067,SUCCESS,hbar,0.0.3964804,0.0.4138717@1785181828.436112138
0.0.7290965,0.530484034395075,SUCCESS,hbar,0.0.3964804,0.0.4138717@1785181831.059537567
0.0.9367202,0.001267121065619708,SUCCESS,hbar,0.0.3964804,0.0.4138717@1785181830.322169294
0.0.6475509,0.1826152083119062,SUCCESS,hbar,0.0.3964804,0.0.4138717@1785181828.466137018
0.0.7450449,0.4505558647572067,SUCCESS,hbar,0.0.3964804,0.0.4138717@1785181832.582316555
0.0.6004536,0.06090038618577855,SUCCESS,hbar,0.0.3964804,0.0.4138717@1785181831.450000616
0.0.6270761,39.192758393273,SUCCESS,hbar,0.0.3964804,0.0.4138717@1785181830.871099483
0.0.2967389,0.4869146221796111,SUCCESS,hbar,0.0.3964804,0.0.4138717@1785181833.645724132
0.0.6416166,0.7480292197081363,SUCCESS,hbar,0.0.3964804,0.0.4138717@1785181832.400187923
0.0.4314332,4.510609093787339,SUCCESS,hbar,0.0.3964804,0.0.4138717@1785181833.110213956
0.0.3048811,0.6361712859247286,SUCCESS,hbar,0.0.3964804,0.0.4138717@1785181835.215723648
0.0.4566469,0.9750444792719732,SUCCESS,hbar,0.0.3964804,0.0.4138717@1785181832.610636055
0.0.791414,0.3682544689021645,SUCCESS,hbar,0.0.3964804,0.0.4138717@1785181833.438162120
0.0.7798912,2.393119292517533,SUCCESS,hbar,0.0.3964804,0.0.4138717@1785181832.056530779
0.0.862835,0.530121500227901,SUCCESS,hbar,0.0.3964804,0.0.4138717@1785181832.901941869
0.0.1337171,0.9212655291120819,SUCCESS,hbar,0.0.3964804,0.0.4138717@1785181836.804769214
0.0.2004450,0.06566497231024292,SUCCESS,hbar,0.0.3964804,0.0.4138717@1785181838.601155318
0.0.4504544,9.000199070650572,SUCCESS,hbar,0.0.3964804,0.0.4138717@1785181836.154276469
0.0.1463093,1.036520770453036,SUCCESS,hbar,0.0.3964804,0.0.4138717@1785181839.256616867
0.0.811739,2.340155637459004,SUCCESS,hbar,0.0.3964804,0.0.4138717@1785181839.812171438
0.0.887612,1.924970450781672,SUCCESS,hbar,0.0.3964804,0.0.4138717@1785181838.021263423
0.0.1261132,0.3618447871340435,SUCCESS,hbar,0.0.3964804,0.0.4138717@1785181838.696050602
0.0.3916542,0.03302385453527801,SUCCESS,hbar,0.0.3964804,0.0.4138717@1785181840.724991486
0.0.1486421,1.188277899657099,SUCCESS,hbar,0.0.3964804,0.0.4138717@1785181841.569687814
0.0.1359581,15.67212926700782,SUCCESS,hbar,0.0.3964804,0.0.4138717@1785181838.681291080
0.0.4431727,0.1179045378715217,SUCCESS,hbar,0.0.3964804,0.0.4138717@1785181842.315644970
0.0.7710235,0.1341706268035341,SUCCESS,hbar,0.0.3964804,0.0.4138717@1785181843.589163011
0.0.838791,1.132306169023199,SUCCESS,hbar,0.0.3964804,0.0.4138717@1785181846.115351950
0.0.496172,1.212724207613453,SUCCESS,hbar,0.0.3964804,0.0.4138717@1785181846.197066978
0.0.4887338,0.6805901557654948,SUCCESS,hbar,0.0.3964804,0.0.4138717@1785181845.002625920
0.0.7662545,0.004737414233628253,SUCCESS,hbar,0.0.3964804,0.0.4138717@1785181846.379775258
0.0.1024843,0.00004445036961729377,SUCCESS,hbar,0.0.3964804,0.0.4138717@1785181844.053739183
0.0.955353,0.1718068616552425,SUCCESS,hbar,0.0.3964804,0.0.4138717@1785181843.750359739
0.0.1696471,1.019170029237885,SUCCESS,hbar,0.0.3964804,0.0.4138717@1785181846.289541158
0.0.683815,0.06031921387075276,SUCCESS,hbar,0.0.3964804,0.0.4138717@1785181847.276594404
0.0.1052080,1.067880463743698,SUCCESS,hbar,0.0.3964804,0.0.4138717@1785181847.829081933
0.0.4712922,0.07290429808137933,SUCCESS,hbar,0.0.3964804,0.0.4138717@1785181849.145486343
0.0.4140342,0.3757100721638093,SUCCESS,hbar,0.0.3964804,0.0.4138717@1785181850.905480651
0.0.4576074,0.7653216399747028,SUCCESS,hbar,0.0.3964804,0.0.4138717@1785181851.813086314
0.0.4558719,0.01417865384462747,SUCCESS,hbar,0.0.3964804,0.0.4138717@1785181852.195567233
0.0.4552348,0.01288391163145154,SUCCESS,hbar,0.0.3964804,0.0.4138717@1785181851.909842848
0.0.4552309,0.01211637500697593,SUCCESS,hbar,0.0.3964804,0.0.4138717@1785181851.204598944
0.0.4552382,0.01211568661110665,SUCCESS,hbar,0.0.3964804,0.0.4138717@1785181850.909441295
0.0.4571567,2.300665919396152,SUCCESS,hbar,0.0.3964804,0.0.4138717@1785181853.438596315
0.0.857763,1.755138728769688,SUCCESS,hbar,0.0.3964804,0.0.4138717@1785181854.577161128
0.0.1105845,2.663610123447599,SUCCESS,hbar,0.0.3964804,0.0.4138717@1785181851.189028472
0.0.10371833,47.07345326538277,SUCCESS,hbar,0.0.3964804,0.0.4138717@1785181852.030112930
0.0.10541900,0.03813876698722826,SUCCESS,hbar,0.0.3964804,0.0.4138717@1785181856.749174187
0.0.10478184,6003.574885817487,SUCCESS,hbar,0.0.3964804,0.0.4138717@1785181855.389861092
0.0.10489509,6003.574885817487,SUCCESS,hbar,0.0.3964804,0.0.4138717@1785181854.482011588
0.0.8083839,5.492067431793892,SUCCESS,hbar,0.0.3964804,0.0.4138717@1785181854.355802023
0.0.10062632,0.004270895353885008,SUCCESS,hbar,0.0.3964804,0.0.4138717@1785181856.661708335
0.0.10251800,0.0005179979066679201,SUCCESS,hbar,0.0.3964804,0.0.4138717@1785181856.834939109
0.0.10268439,3.54812943461988,SUCCESS,hbar,0.0.3964804,0.0.4138717@1785181858.422346570
0.0.1114728,0.01060664198809205,SUCCESS,hbar,0.0.3964804,0.0.4138717@1785181860.729195012
0.0.8115823,0.1448001249246659,SUCCESS,hbar,0.0.3964804,0.0.4138717@1785181858.959326989
0.0.8104363,384.1115197099376,SUCCESS,hbar,0.0.3964804,0.0.4138717@1785181858.718072259
0.0.1181772,0.07702261562686372,SUCCESS,hbar,0.0.3964804,0.0.4138717@1785181861.963347766
0.0.8068660,0.009235232441082286,SUCCESS,hbar,0.0.3964804,0.0.4138717@1785181862.909543348
0.0.7931472,0.2440037418296177,SUCCESS,hbar,0.0.3964804,0.0.4138717@1785181865.126371647
0.0.8002619,0.3830723725367167,SUCCESS,hbar,0.0.3964804,0.0.4138717@1785181863.016008312
0.0.7809201,0.0001157206873414645,SUCCESS,hbar,0.0.3964804,0.0.4138717@1785181865.817800963
0.0.7098838,0.8690631700503534,SUCCESS,hbar,0.0.3964804,0.0.4138717@1785181866.205691526
0.0.590682,0.03548454906726274,SUCCESS,hbar,0.0.3964804,0.0.4138717@1785181864.561995057
0.0.4766806,10.12924291333801,SUCCESS,hbar,0.0.3964804,0.0.4138717@1785181863.369639302
0.0.1365779,0.2159199467072424,SUCCESS,hbar,0.0.3964804,0.0.4138717@1785181867.107412220
0.0.7188749,1.800617399102344,SUCCESS,hbar,0.0.3964804,0.0.4138717@1785181867.654329629
0.0.5957081,0.5582763873052096,SUCCESS,hbar,0.0.3964804,0.0.4138717@1785181863.970161221
0.0.4561752,0.06133895389683704,SUCCESS,hbar,0.0.3964804,0.0.4138717@1785181868.161277596
0.0.6334018,1.07334342849679,SUCCESS,hbar,0.0.3964804,0.0.4138717@1785181868.553803748
0.0.6333135,18.50696147319437,SUCCESS,hbar,0.0.3964804,0.0.4138717@1785181870.078844427
0.0.6315303,3.23564647354147,SUCCESS,hbar,0.0.3964804,0.0.4138717@1785181868.244035831
0.0.2995390,3.387695689620271,SUCCESS,hbar,0.0.3964804,0.0.4138717@1785181867.647509911
0.0.6299908,3.434293187918198,SUCCESS,hbar,0.0.3964804,0.0.4138717@1785181867.550051643
0.0.5804427,0.2899358820076899,SUCCESS,hbar,0.0.3964804,0.0.4138717@1785181870.572813003
0.0.1956746,0.05932684332727232,SUCCESS,hbar,0.0.3964804,0.0.4138717@1785181868.588001841
0.0.5742160,13.95280211586353,SUCCESS,hbar,0.0.3964804,0.0.4138717@1785181873.171258170
0.0.1093612,0.3862402108246068,SUCCESS,hbar,0.0.3964804,0.0.4138717@1785181870.586608652
0.0.8246604,0.001206706522282266,SUCCESS,hbar,0.0.3964804,0.0.4138717@1785181875.319695970
0.0.7983506,0.00002621297803846888,SUCCESS,hbar,0.0.3964804,0.0.4138717@1785181872.459479574
0.0.9687167,0.1755849258623186,SUCCESS,hbar,0.0.3964804,0.0.4138717@1785181874.122874642
0.0.9729389,0.09318746008185966,SUCCESS,hbar,0.0.3964804,0.0.4138717@1785181875.287060386
0.0.9720442,0.04557163805007942,SUCCESS,hbar,0.0.3964804,0.0.4138717@1785181876.579363598
0.0.3012601,0.240593727818618,SUCCESS,hbar,0.0.3964804,0.0.4138717@1785181876.797198903
0.0.5012902,0.004838802691803671,SUCCESS,hbar,0.0.3964804,0.0.4138717@1785181878.130614092
0.0.9636419,0.2653166703676776,SUCCESS,hbar,0.0.3964804,0.0.4138717@1785181880.234648570
0.0.5805332,0.849354980207881,SUCCESS,hbar,0.0.3964804,0.0.4138717@1785181879.436264288
0.0.9602777,0.01214757999552012,SUCCESS,hbar,0.0.3964804,0.0.4138717@1785181882.323999254
0.0.9590994,8.019094033957535,SUCCESS,hbar,0.0.3964804,0.0.4138717@1785181883.929416968
0.0.9365757,0.6363367573477529,SUCCESS,hbar,0.0.3964804,0.0.4138717@1785181885.120829775
0.0.8080965,0.006700210619489112,SUCCESS,hbar,0.0.3964804,0.0.4138717@1785181885.973558442
0.0.8070994,1.10153118323357,SUCCESS,hbar,0.0.3964804,0.0.4138717@1785181887.009931510
0.0.9541852,0.4911882461848253,SUCCESS,hbar,0.0.3964804,0.0.4138717@1785181885.842033358
0.0.190191,0.05270188445244514,SUCCESS,hbar,0.0.3964804,0.0.4138717@1785181889.811479453
0.0.4594903,0.02118986540509566,SUCCESS,hbar,0.0.3964804,0.0.4138717@1785181890.190372924
0.0.9364762,0.03024421390271964,SUCCESS,hbar,0.0.3964804,0.0.4138717@1785181891.723844648
0.0.887615,0.007285967272962244,SUCCESS,hbar,0.0.3964804,0.0.4138717@1785181893.375877360
0.0.1056474,2.765470581530117,SUCCESS,hbar,0.0.3964804,0.0.4138717@1785181896.186924929
0.0.9450539,0.6893222099558913,SUCCESS,hbar,0.0.3964804,0.0.4138717@1785181897.711839504
0.0.9444587,1.347595544801545,SUCCESS,hbar,0.0.3964804,0.0.4138717@1785181898.855890602
0.0.9146353,1.700598694376049,SUCCESS,hbar,0.0.3964804,0.0.4138717@1785181897.240946033
0.0.6160732,0.05026559104569732,SUCCESS,hbar,0.0.3964804,0.0.4138717@1785181898.157086793
0.0.813564,0.0006956358376754335,SUCCESS,hbar,0.0.3964804,0.0.4138717@1785181898.795915006
0.0.4372819,0.01318256274355356,SUCCESS,hbar,0.0.3964804,0.0.4138717@1785181898.982695557
0.0.4499088,0.03885467221945234,SUCCESS,hbar,0.0.3964804,0.0.4138717@1785181902.330692053
0.0.9273022,0.0002571639039001603,SUCCESS,hbar,0.0.3964804,0.0.4138717@1785181903.490242426
0.0.10219431,1.161813440240351,SUCCESS,hbar,0.0.3964804,0.0.4138717@1785181901.342534803
0.0.9509413,0.02576570219676663,SUCCESS,hbar,0.0.3964804,0.0.4138717@1785181902.578404044
0.0.10157649,3.964116950741198,SUCCESS,hbar,0.0.3964804,0.0.4138717@1785181903.448173017
0.0.10014449,0.03289336428502935,SUCCESS,hbar,0.0.3964804,0.0.4138717@1785181904.705970916
0.0.4749526,24.51920440532845,SUCCESS,hbar,0.0.3964804,0.0.4138717@1785181905.107827514
0.0.1704489,0.0002420107548939667,SUCCESS,hbar,0.0.3964804,0.0.4138717@1785181907.666448505
0.0.9584885,0.005728521612477485,SUCCESS,hbar,0.0.3964804,0.0.4138717@1785181904.267277855
0.0.10093024,0.1697751675978234,SUCCESS,hbar,0.0.3964804,0.0.4138717@1785181905.546806602
0.0.816698,6.413522423336079,SUCCESS,hbar,0.0.3964804,0.0.4138717@1785181906.865641979
0.0.820706,3.34584083488758,SUCCESS,hbar,0.0.3964804,0.0.4138717@1785181909.579513695
0.0.8152447,0.9286859385019497,SUCCESS,hbar,0.0.3964804,0.0.4138717@1785181909.647392836
0.0.842210,0.0839088386860949,SUCCESS,hbar,0.0.3964804,0.0.4138717@1785181909.647652009
0.0.10072624,0.02654836890232596,SUCCESS,hbar,0.0.3964804,0.0.4138717@1785181908.147582702
0.0.1459068,0.02947531954680761,SUCCESS,hbar,0.0.3964804,0.0.4138717@1785181909.146972403
0.0.9640903,0.1492680497382867,SUCCESS,hbar,0.0.3964804,0.0.4138717@1785181909.785765782
0.0.4873525,0.04092847520780902,SUCCESS,hbar,0.0.3964804,0.0.4138717@1785181909.605099244
0.0.10004246,0.3775595613200523,SUCCESS,hbar,0.0.3964804,0.0.4138717@1785181912.320148705
0.0.5922808,0.02467929631252614,SUCCESS,hbar,0.0.3964804,0.0.4138717@1785181908.576658902
0.0.751161,1.312075123007725,SUCCESS,hbar,0.0.3964804,0.0.4138717@1785181912.852707029
0.0.9973346,0.002738427750097702,SUCCESS,hbar,0.0.3964804,0.0.4138717@1785181913.193922469
0.0.9477942,0.01195022761806233,SUCCESS,hbar,0.0.3964804,0.0.4138717@1785181912.957311401
0.0.9150527,0.9265020323451584,SUCCESS,hbar,0.0.3964804,0.0.4138717@1785181914.035428329
0.0.871471,2.195413570599475,SUCCESS,hbar,0.0.3964804,0.0.4138717@1785181914.107849432
0.0.10303974,1.004640251087774,SUCCESS,hbar,0.0.3964804,0.0.4138717@1785181911.548827087
0.0.838388,27.5787652556803,SUCCESS,hbar,0.0.3964804,0.0.4138717@1785181914.223400823
0.0.3100704,18.89512184241362,SUCCESS,hbar,0.0.3964804,0.0.4138717@1785181913.458064512
0.0.4350498,0.000244927055194491,SUCCESS,hbar,0.0.3964804,0.0.4138717@1785181913.197605606
0.0.4341116,0.8579175263677835,SUCCESS,hbar,0.0.3964804,0.0.4138717@1785181918.641070507
0.0.10630416,0.2362838670755842,SUCCESS,hbar,0.0.3964804,0.0.4138717@1785181915.237494500
0.0.10543839,0.7757827038933188,SUCCESS,hbar,0.0.3964804,0.0.4138717@1785181918.519995893
0.0.2299836,1146.71249946589,SUCCESS,hbar,0.0.3964804,0.0.4138717@1785181917.125923236
0.0.837554,5.730905461126069,SUCCESS,hbar,0.0.3964804,0.0.4138717@1785181916.351496284
0.0.3687848,6.872067945820675,SUCCESS,hbar,0.0.3964804,0.0.4138717@1785181919.424329078
0.0.10253402,4.216282239521139,SUCCESS,hbar,0.0.3964804,0.0.4138717@1785181916.817506993
0.0.9275976,23.38082881289765,SUCCESS,hbar,0.0.3964804,0.0.4138717@1785181917.652647642
0.0.10178497,4.788061098145922,SUCCESS,hbar,0.0.3964804,0.0.4138717@1785181921.490595743
0.0.7732066,1.253063362961885,SUCCESS,hbar,0.0.3964804,0.0.4138717@1785181921.832606550
0.0.1082201,38.27050068633586,SUCCESS,hbar,0.0.3964804,0.0.4138717@1785181921.016309380
0.0.1198079,204.8550419706528,SUCCESS,hbar,0.0.3964804,0.0.4138717@1785181918.511695668
0.0.965222,12.70115659841269,SUCCESS,hbar,0.0.3964804,0.0.4138717@1785181920.451162083
0.0.1930336,14.04527626251989,SUCCESS,hbar,0.0.3964804,0.0.4138717@1785181922.235743334
0.0.9208881,117.8074285548161,SUCCESS,hbar,0.0.3964804,0.0.4138717@1785181924.247780929
0.0.10231452,34.18162607325895,SUCCESS,hbar,0.0.3964804,0.0.4138717@1785181923.976378048
0.0.937712,12.2419595400286,SUCCESS,hbar,0.0.3964804,0.0.4138717@1785181923.701556061
0.0.664593,7.748767940533584,SUCCESS,hbar,0.0.3964804,0.0.4138717@1785181921.818081968
0.0.5459660,2.470086102079847,SUCCESS,hbar,0.0.3964804,0.0.4138717@1785181926.997632397
0.0.560837,46.85223253472016,SUCCESS,hbar,0.0.3964804,0.0.4138717@1785181924.051583602
0.0.10584246,817.1034398568604,SUCCESS,hbar,0.0.3964804,0.0.4138717@1785181925.827549328
0.0.10612841,47.25991956242761,SUCCESS,hbar,0.0.3964804,0.0.4138717@1785181923.988721313
0.0.10151415,4.376266770743195,SUCCESS,hbar,0.0.3964804,0.0.4138717@1785181927.155527282
0.0.6258091,0.8006677411021922,SUCCESS,hbar,0.0.3964804,0.0.4138717@1785181927.846645079
0.0.7989176,0.7276193514052794,SUCCESS,hbar,0.0.3964804,0.0.4138717@1785181924.586868118
0.0.8177816,0.03762110519402584,SUCCESS,hbar,0.0.3964804,0.0.4138717@1785181927.575010226
0.0.7950871,4.309019419173856,SUCCESS,hbar,0.0.3964804,0.0.4138717@1785181928.944981825
0.0.9304292,0.2171410649186771,SUCCESS,hbar,0.0.3964804,0.0.4138717@1785181928.842717195
0.0.3961176,0.01540972830341606,SUCCESS,hbar,0.0.3964804,0.0.4138717@1785181927.688908470
0.0.10454179,0.02078312285882867,SUCCESS,hbar,0.0.3964804,0.0.4138717@1785181928.743003170
0.0.836080,0.001533851361375972,SUCCESS,hbar,0.0.3964804,0.0.4138717@1785181928.277148896
0.0.8733798,2.157654930326855,SUCCESS,hbar,0.0.3964804,0.0.4138717@1785181930.224255842
0.0.1412348,38.92360136052145,SUCCESS,hbar,0.0.3964804,0.0.4138717@1785181929.951066239
0.0.8084528,12.19834305596954,SUCCESS,hbar,0.0.3964804,0.0.4138717@1785181930.043919002
0.0.6078189,0.7602620730151569,SUCCESS,hbar,0.0.3964804,0.0.4138717@1785181931.434846744
0.0.10410907,1418.886900383231,SUCCESS,hbar,0.0.3964804,0.0.4138717@1785181931.741440196
0.0.835034,4.634452241247342,SUCCESS,hbar,0.0.3964804,0.0.4138717@1785181931.742821685
0.0.8538714,0.09127844318892162,SUCCESS,hbar,0.0.3964804,0.0.4138717@1785181931.413850102
0.0.4814986,0.003209600437558185,SUCCESS,hbar,0.0.3964804,0.0.4138717@1785181934.976786069
0.0.1088074,4.168768264817368,SUCCESS,hbar,0.0.3964804,0.0.4138717@1785181935.604728072
0.0.10610396,0.309385799601719,SUCCESS,hbar,0.0.3964804,0.0.4138717@1785181932.496596393
0.0.10435638,0.1070455287751014,SUCCESS,hbar,0.0.3964804,0.0.4138717@1785181932.825511590
0.0.2216740,46.66461410840698,SUCCESS,hbar,0.0.3964804,0.0.4138717@1785181937.154982770
0.0.9144627,0.4750405541286828,SUCCESS,hbar,0.0.3964804,0.0.4138717@1785181936.061365624
0.0.8241599,1.001435318329011,SUCCESS,hbar,0.0.3964804,0.0.4138717@1785181936.473704291
0.0.8146497,0.4743744651976804,SUCCESS,hbar,0.0.3964804,0.0.4138717@1785181937.660782307
0.0.6181303,5.996404749248847,SUCCESS,hbar,0.0.3964804,0.0.4138717@1785181937.577423055
0.0.9301506,0.01365229014990778,SUCCESS,hbar,0.0.3964804,0.0.4138717@1785181937.630393148
0.0.10115705,0.0008780325588686395,SUCCESS,hbar,0.0.3964804,0.0.4138717@1785181936.091414947
0.0.10035851,66.85107057140767,SUCCESS,hbar,0.0.3964804,0.0.4138717@1785181938.991429053
0.0.10007904,0.002261254142075416,SUCCESS,hbar,0.0.3964804,0.0.4138717@1785181936.196038872
0.0.1365923,0.02125966902248483,SUCCESS,hbar,0.0.3964804,0.0.4138717@1785181939.162060344
0.0.9593512,0.00451652936383218,SUCCESS,hbar,0.0.3964804,0.0.4138717@1785181937.966818261
0.0.10035663,0.6366324264816353,SUCCESS,hbar,0.0.3964804,0.0.4138717@1785181939.875998563
0.0.1400807,1.03224229721946,SUCCESS,hbar,0.0.3964804,0.0.4138717@1785181938.002532102
0.0.9774219,0.006581691076157454,SUCCESS,hbar,0.0.3964804,0.0.4138717@1785181942.470025884
0.0.9707531,536.3882560510237,SUCCESS,hbar,0.0.3964804,0.0.4138717@1785181940.967387532
0.0.9707528,285.8139095291565,SUCCESS,hbar,0.0.3964804,0.0.4138717@1785181942.710670474
0.0.3211610,3.28462893175177,SUCCESS,hbar,0.0.3964804,0.0.4138717@1785181945.311350901
0.0.1503602,0.619043634296617,SUCCESS,hbar,0.0.3964804,0.0.4138717@1785181945.401741693
0.0.1703381,1.825919820146976,SUCCESS,hbar,0.0.3964804,0.0.4138717@1785181943.866428647
0.0.10164472,1315.42924184415,SUCCESS,hbar,0.0.3964804,0.0.4138717@1785181943.958102913
0.0.9177203,0.006558948116699071,SUCCESS,hbar,0.0.3964804,0.0.4138717@1785181942.778547108
0.0.8188301,0.6311492369450066,SUCCESS,hbar,0.0.3964804,0.0.4138717@1785181946.645026608
0.0.8108637,0.0002191660293944224,SUCCESS,hbar,0.0.3964804,0.0.4138717@1785181946.307646119
0.0.9162845,0.5927745347398593,SUCCESS,hbar,0.0.3964804,0.0.4138717@1785181944.966675937
0.0.9034617,0.09730571108814175,SUCCESS,hbar,0.0.3964804,0.0.4138717@1785181948.661193976
0.0.8383256,0.0008068542837163406,SUCCESS,hbar,0.0.3964804,0.0.4138717@1785181947.517154727
0.0.8640197,0.8804372725706423,SUCCESS,hbar,0.0.3964804,0.0.4138717@1785181945.495895652
0.0.8602366,1.916855537323044,SUCCESS,hbar,0.0.3964804,0.0.4138717@1785181946.355691198
0.0.8548028,0.0004545361488278186,SUCCESS,hbar,0.0.3964804,0.0.4138717@1785181946.533996692
0.0.8304314,0.09393433993424222,SUCCESS,hbar,0.0.3964804,0.0.4138717@1785181949.021258386
0.0.10420688,1.59307123819741,SUCCESS,hbar,0.0.3964804,0.0.4138717@1785181948.264857686
0.0.4346529,4.144568191375027,SUCCESS,hbar,0.0.3964804,0.0.4138717@1785181948.374324695
0.0.10608781,2208.26825346222,SUCCESS,hbar,0.0.3964804,0.0.4138717@1785181950.885830403
0.0.10502045,3.108144961540586,SUCCESS,hbar,0.0.3964804,0.0.4138717@1785181952.884095069
0.0.10496154,0.002729914181294408,SUCCESS,hbar,0.0.3964804,0.0.4138717@1785181952.554742261
0.0.10495365,3.75301005464007e-7,SUCCESS,hbar,0.0.3964804,0.0.4138717@1785181951.273917617
0.0.844877,2.853098791795241,SUCCESS,hbar,0.0.3964804,0.0.4138717@1785181953.365256074
0.0.5850916,0.7695570827715416,SUCCESS,hbar,0.0.3964804,0.0.4138717@1785181951.501330732
0.0.10237154,10.60668843440621,SUCCESS,hbar,0.0.3964804,0.0.4138717@1785181953.578149227
0.0.10465417,1.140983646963435,SUCCESS,hbar,0.0.3964804,0.0.4138717@1785181950.361135087
0.0.10456759,59.01072106859439,SUCCESS,hbar,0.0.3964804,0.0.4138717@1785181951.004343230
0.0.9317309,0.0004840237627855303,SUCCESS,hbar,0.0.3964804,0.0.4138717@1785181954.314851929
0.0.10420709,0.4831938349999426,SUCCESS,hbar,0.0.3964804,0.0.4138717@1785181954.018342574
0.0.10420713,0.1489325323019751,SUCCESS,hbar,0.0.3964804,0.0.4138717@1785181955.218726076
0.0.10359193,1.229172993947369,SUCCESS,hbar,0.0.3964804,0.0.4138717@1785181956.098652095
0.0.3953598,91.31574045595724,SUCCESS,hbar,0.0.3964804,0.0.4138717@1785181955.428403162
0.0.10308209,161.7541114360826,SUCCESS,hbar,0.0.3964804,0.0.4138717@1785181955.166666525
0.0.10307970,0.00149228002092363,SUCCESS,hbar,0.0.3964804,0.0.4138717@1785181956.174781386
0.0.9234350,5.812800983233324,SUCCESS,hbar,0.0.3964804,0.0.4138717@1785181957.890633670
0.0.10267167,0.004973722650456103,SUCCESS,hbar,0.0.3964804,0.0.4138717@1785181957.217179344
0.0.10267166,94.7198710835586,SUCCESS,hbar,0.0.3964804,0.0.4138717@1785181961.642294846
0.0.10244829,0.02677298490907853,SUCCESS,hbar,0.0.3964804,0.0.4138717@1785181961.725309236
0.0.10248120,0.4709189040072224,SUCCESS,hbar,0.0.3964804,0.0.4138717@1785181959.279660367
0.0.818498,0.02040580181388549,SUCCESS,hbar,0.0.3964804,0.0.4138717@1785181962.199691410
0.0.5060252,0.01416455372571218,SUCCESS,hbar,0.0.3964804,0.0.4138717@1785181958.943414265
0.0.6247418,0.03009700839633676,SUCCESS,hbar,0.0.3964804,0.0.4138717@1785181959.472791153
0.0.6058490,0.01744443780275761,SUCCESS,hbar,0.0.3964804,0.0.4138717@1785181963.743339957
0.0.6095958,5.059989377981369,SUCCESS,hbar,0.0.3964804,0.0.4138717@1785181964.580165249
0.0.1334605,5.989430589318602,SUCCESS,hbar,0.0.3964804,0.0.4138717@1785181964.939509875
0.0.4799094,0.05818585066808992,SUCCESS,hbar,0.0.3964804,0.0.4138717@1785181961.650391510
0.0.6061106,0.2440230698025903,SUCCESS,hbar,0.0.3964804,0.0.4138717@1785181964.293419717
0.0.848151,0.2003008275651579,SUCCESS,hbar,0.0.3964804,0.0.4138717@1785181964.889060187
0.0.1388678,2.703080920598544,SUCCESS,hbar,0.0.3964804,0.0.4138717@1785181963.744484483
0.0.4785387,0.2685607449627594,SUCCESS,hbar,0.0.3964804,0.0.4138717@1785181964.101273144
0.0.4322023,0.3159566363025793,SUCCESS,hbar,0.0.3964804,0.0.4138717@1785181965.884137863
0.0.4659519,1.006957008459938,SUCCESS,hbar,0.0.3964804,0.0.4138717@1785181964.884254274
0.0.3295745,9.86690516316325,SUCCESS,hbar,0.0.3964804,0.0.4138717@1785181969.253417186
0.0.4758052,0.09476607457803624,SUCCESS,hbar,0.0.3964804,0.0.4138717@1785181969.435250976
0.0.4640278,0.05144408403440124,SUCCESS,hbar,0.0.3964804,0.0.4138717@1785181969.247829720
0.0.1747288,2.235568110430334,SUCCESS,hbar,0.0.3964804,0.0.4138717@1785181967.305251606
0.0.4741573,0.4997331839350572,SUCCESS,hbar,0.0.3964804,0.0.4138717@1785181970.175654666
0.0.4923529,0.000981571843818512,SUCCESS,hbar,0.0.3964804,0.0.4138717@1785181967.053105801
0.0.1046906,0.01359963820815156,SUCCESS,hbar,0.0.3964804,0.0.4138717@1785181971.649430148
0.0.4362017,0.8832863247618207,SUCCESS,hbar,0.0.3964804,0.0.4138717@1785181967.697052250
0.0.789990,0.0392393730411691,SUCCESS,hbar,0.0.3964804,0.0.4138717@1785181969.975181992
0.0.840487,1.729352067505916,SUCCESS,hbar,0.0.3964804,0.0.4138717@1785181971.515467400
0.0.5314183,0.2088444646846723,SUCCESS,hbar,0.0.3964804,0.0.4138717@1785181971.034578948
0.0.1448239,0.03177757773525095,SUCCESS,hbar,0.0.3964804,0.0.4138717@1785181970.595370005
0.0.7638910,0.02744717868015672,SUCCESS,hbar,0.0.3964804,0.0.4138717@1785181970.358151446
0.0.7610560,0.09221785428714928,SUCCESS,hbar,0.0.3964804,0.0.4138717@1785181974.150913933
0.0.5437974,0.6185596825456787,SUCCESS,hbar,0.0.3964804,0.0.4138717@1785181974.143639578
0.0.4899880,0.04068913804864543,SUCCESS,hbar,0.0.3964804,0.0.4138717@1785181973.340043697
0.0.4595460,0.06687692064239309,SUCCESS,hbar,0.0.3964804,0.0.4138717@1785181972.139032465
0.0.3159220,3.435655571111999,SUCCESS,hbar,0.0.3964804,0.0.4138717@1785181976.190523303
0.0.7200618,0.01168141981843343,SUCCESS,hbar,0.0.3964804,0.0.4138717@1785181975.981955799
0.0.1859919,0.07875129392709648,SUCCESS,hbar,0.0.3964804,0.0.4138717@1785181976.919732531
0.0.4978453,5.172788192427908,SUCCESS,hbar,0.0.3964804,0.0.4138717@1785181977.264438547
0.0.1233065,0.2100478194868335,SUCCESS,hbar,0.0.3964804,0.0.4138717@1785181976.118013089
0.0.6612734,0.00465248857404611,SUCCESS,hbar,0.0.3964804,0.0.4138717@1785181977.216251823
0.0.6344703,67.94817312126048,SUCCESS,hbar,0.0.3964804,0.0.4138717@1785181978.643280480
0.0.1372179,0.09647524978127088,SUCCESS,hbar,0.0.3964804,0.0.4138717@1785181976.323965477
0.0.6232417,0.05596134385142899,SUCCESS,hbar,0.0.3964804,0.0.4138717@1785181977.185536906
0.0.6933072,0.2543391220488114,SUCCESS,hbar,0.0.3964804,0.0.4138717@1785181979.002791769
0.0.760653,0.1162534591827408,SUCCESS,hbar,0.0.3964804,0.0.4138717@1785181976.527533092
0.0.835625,0.08440331259828482,SUCCESS,hbar,0.0.3964804,0.0.4138717@1785181977.974961248
0.0.6674918,0.008885372833387598,SUCCESS,hbar,0.0.3964804,0.0.4138717@1785181979.133100685
0.0.4360598,0.023393721913076,SUCCESS,hbar,0.0.3964804,0.0.4138717@1785181979.287197252
0.0.2123622,0.07917694227675084,SUCCESS,hbar,0.0.3964804,0.0.4138717@1785181981.795419020
0.0.6324031,0.0004653370759722236,SUCCESS,hbar,0.0.3964804,0.0.4138717@1785181980.238092862
0.0.2174952,0.1544643427691984,SUCCESS,hbar,0.0.3964804,0.0.4138717@1785181981.966798625
0.0.827132,0.9392843949912298,SUCCESS,hbar,0.0.3964804,0.0.4138717@1785181980.117109368
0.0.10427913,0.1486543338657307,SUCCESS,hbar,0.0.3964804,0.0.4138717@1785181982.333456981
0.0.4853191,0.01217831239464999,SUCCESS,hbar,0.0.3964804,0.0.4138717@1785181982.597528307
0.0.8309441,0.01369124979768141,SUCCESS,hbar,0.0.3964804,0.0.4138717@1785181986.668996404
0.0.9796301,0.6209642793678233,SUCCESS,hbar,0.0.3964804,0.0.4138717@1785181986.379671037
0.0.10279551,0.2148615601709403,SUCCESS,hbar,0.0.3964804,0.0.4138717@1785181987.509605105
0.0.10261941,0.9890045349236036,SUCCESS,hbar,0.0.3964804,0.0.4138717@1785181983.850390231
0.0.10242536,1.475175586149517,SUCCESS,hbar,0.0.3964804,0.0.4138717@1785181984.470913611
0.0.2030460,10.74812276303846,SUCCESS,hbar,0.0.3964804,0.0.4138717@1785181985.260323217
0.0.10056907,1.833583195149304,SUCCESS,hbar,0.0.3964804,0.0.4138717@1785181986.381498679
0.0.7164995,19.99703160869682,SUCCESS,hbar,0.0.3964804,0.0.4138717@1785181987.415569216
0.0.1486871,25.39661669878629,SUCCESS,hbar,0.0.3964804,0.0.4138717@1785181990.056587076
0.0.3051653,0.6618405269682196,SUCCESS,hbar,0.0.3964804,0.0.4138717@1785181989.163624193
0.0.1711144,0.1397729549843011,SUCCESS,hbar,0.0.3964804,0.0.4138717@1785181986.452755671
0.0.9690555,0.2452229708227563,SUCCESS,hbar,0.0.3964804,0.0.4138717@1785181991.481745163
0.0.4911466,0.008130000586808874,SUCCESS,hbar,0.0.3964804,0.0.4138717@1785181991.418163919
0.0.10068662,0.045858269004865,SUCCESS,hbar,0.0.3964804,0.0.4138717@1785181991.758819909
0.0.8213249,67.55936720110917,SUCCESS,hbar,0.0.3964804,0.0.4138717@1785181991.381286821
0.0.6460255,3.964411993113736,SUCCESS,hbar,0.0.3964804,0.0.4138717@1785181993.674120713
0.0.3161254,6003.574885817487,SUCCESS,hbar,0.0.3964804,0.0.4138717@1785181991.550430614
0.0.3907868,0.004536757761672608,SUCCESS,hbar,0.0.3964804,0.0.4138717@1785181990.819587376
0.0.1043461,48.75059830507211,SUCCESS,hbar,0.0.3964804,0.0.4138717@1785181991.390228034
0.0.7550127,0.1975673228293212,SUCCESS,hbar,0.0.3964804,0.0.4138717@1785181992.031968893
0.0.4782567,1.478959216384993,SUCCESS,hbar,0.0.3964804,0.0.4138717@1785181994.100123267
0.0.435679,18.55452678422451,SUCCESS,hbar,0.0.3964804,0.0.4138717@1785181996.025128056
0.0.2302824,0.001326972649393017,SUCCESS,hbar,0.0.3964804,0.0.4138717@1785181995.638379993
0.0.4433604,0.04208550701933984,SUCCESS,hbar,0.0.3964804,0.0.4138717@1785181995.851496557
0.0.4345176,0.05354220559718334,SUCCESS,hbar,0.0.3964804,0.0.4138717@1785181996.961234572
0.0.5432163,0.02385556791563632,SUCCESS,hbar,0.0.3964804,0.0.4138717@1785181997.540754095
0.0.1415516,4.956120351397369,SUCCESS,hbar,0.0.3964804,0.0.4138717@1785181996.234637030
0.0.4329551,0.5576733986598164,SUCCESS,hbar,0.0.3964804,0.0.4138717@1785181995.649129039
0.0.5029689,2.333813943420221,SUCCESS,hbar,0.0.3964804,0.0.4138717@1785181999.770008270
0.0.834666,4.123805303749151,SUCCESS,hbar,0.0.3964804,0.0.4138717@1785181999.408469341
0.0.4323897,0.008200966066967333,SUCCESS,hbar,0.0.3964804,0.0.4138717@1785182002.254196568
0.0.9318048,0.01089062809958925,SUCCESS,hbar,0.0.3964804,0.0.4138717@1785182001.194705445
0.0.4340392,0.02983546930751393,SUCCESS,hbar,0.0.3964804,0.0.4138717@1785182002.726539110
0.0.836096,0.06176381960047513,SUCCESS,hbar,0.0.3964804,0.0.4138717@1785182000.809375040
0.0.837799,0.7205505416769884,SUCCESS,hbar,0.0.3964804,0.0.4138717@1785181998.948193377
0.0.4144365,1.061961073990464,SUCCESS,hbar,0.0.3964804,0.0.4138717@1785182004.492037268
0.0.2005484,0.01149584082972906,SUCCESS,hbar,0.0.3964804,0.0.4138717@1785182003.756213104
0.0.4644030,0.01394107364611041,SUCCESS,hbar,0.0.3964804,0.0.4138717@1785182004.412893368
0.0.876236,0.08231351393471313,SUCCESS,hbar,0.0.3964804,0.0.4138717@1785182003.263871878
0.0.1505544,0.004114731849730439,SUCCESS,hbar,0.0.3964804,0.0.4138717@1785182006.498847522
0.0.8385016,0.2188995677345526,SUCCESS,hbar,0.0.3964804,0.0.4138717@1785182006.906788895
0.0.9095016,1.301880579850116,SUCCESS,hbar,0.0.3964804,0.0.4138717@1785182007.839471433
0.0.9065767,0.5079148642460468,SUCCESS,hbar,0.0.3964804,0.0.4138717@1785182005.881923632
0.0.8767225,0.1878677847021978,SUCCESS,hbar,0.0.3964804,0.0.4138717@1785182005.285117270
0.0.9009997,0.2786108912260872,SUCCESS,hbar,0.0.3964804,0.0.4138717@1785182005.698931380
0.0.7788265,0.1229036979739306,SUCCESS,hbar,0.0.3964804,0.0.4138717@1785182009.825728256
0.0.8792600,0.001984777804632856,SUCCESS,hbar,0.0.3964804,0.0.4138717@1785182006.744049376
0.0.8256574,0.003974234690668882,SUCCESS,hbar,0.0.3964804,0.0.4138717@1785182009.302911830
0.0.8585468,0.0006124535548811759,SUCCESS,hbar,0.0.3964804,0.0.4138717@1785182008.257478379
0.0.1365814,0.2057000404803078,SUCCESS,hbar,0.0.3964804,0.0.4138717@1785182010.054605942
0.0.1459865,1.127982799430862,SUCCESS,hbar,0.0.3964804,0.0.4138717@1785182009.072277142
0.0.5524338,0.03251250912113574,SUCCESS,hbar,0.0.3964804,0.0.4138717@1785182012.153012616
0.0.8198608,0.2676668939743474,SUCCESS,hbar,0.0.3964804,0.0.4138717@1785182012.197946886
0.0.7550890,0.0835322999761967,SUCCESS,hbar,0.0.3964804,0.0.4138717@1785182011.250136273
0.0.8414409,0.0106962909606735,SUCCESS,hbar,0.0.3964804,0.0.4138717@1785182011.411543162
0.0.1714233,0.1914187867313588,SUCCESS,hbar,0.0.3964804,0.0.4138717@1785182009.277906659
0.0.3077609,1.734788870759516,SUCCESS,hbar,0.0.3964804,0.0.4138717@1785182012.672704695
0.0.8357089,0.4219610355330332,SUCCESS,hbar,0.0.3964804,0.0.4138717@1785182010.661387310
0.0.8357708,11.16101604767891,SUCCESS,hbar,0.0.3964804,0.0.4138717@1785182011.225011150
0.0.8346544,2.009525296933244,SUCCESS,hbar,0.0.3964804,0.0.4138717@1785182014.281817378
0.0.8323906,11.25389281509166,SUCCESS,hbar,0.0.3964804,0.0.4138717@1785182012.805765950
0.0.8156060,0.07045252696259477,SUCCESS,hbar,0.0.3964804,0.0.4138717@1785182016.018714502
0.0.8298814,1.11560305369389,SUCCESS,hbar,0.0.3964804,0.0.4138717@1785182013.180156655
0.0.9177141,0.03421451960855772,SUCCESS,hbar,0.0.3964804,0.0.4138717@1785182014.869565550
0.0.4821795,1.866370895836538,SUCCESS,hbar,0.0.3964804,0.0.4138717@1785182014.017060663
0.0.5159009,20.22053717934631,SUCCESS,hbar,0.0.3964804,0.0.4138717@1785182012.908100483
0.0.8880678,0.01695614764514021,SUCCESS,hbar,0.0.3964804,0.0.4138717@1785182015.893335610
0.0.9285770,0.07599512848278958,SUCCESS,hbar,0.0.3964804,0.0.4138717@1785182017.842123434
0.0.9275748,0.1601477148397374,SUCCESS,hbar,0.0.3964804,0.0.4138717@1785182018.302608130
0.0.6068301,0.06565143200803437,SUCCESS,hbar,0.0.3964804,0.0.4138717@1785182016.202932538
0.0.8113254,0.02120447600836942,SUCCESS,hbar,0.0.3964804,0.0.4138717@1785182016.307243022
0.0.1862342,0.2195571571964729,SUCCESS,hbar,0.0.3964804,0.0.4138717@1785182020.711711525
0.0.9196038,0.1220798126601508,SUCCESS,hbar,0.0.3964804,0.0.4138717@1785182017.948038752
0.0.1118731,0.01006159780683526,SUCCESS,hbar,0.0.3964804,0.0.4138717@1785182021.161456884
0.0.1403937,0.005755264271682442,SUCCESS,hbar,0.0.3964804,0.0.4138717@1785182021.916371827
0.0.9086562,0.003626785912387256,SUCCESS,hbar,0.0.3964804,0.0.4138717@1785182019.219914756
0.0.8392843,0.2432001757536808,SUCCESS,hbar,0.0.3964804,0.0.4138717@1785182019.539762546
0.0.9169121,0.2163739004142029,SUCCESS,hbar,0.0.3964804,0.0.4138717@1785182022.398920138
0.0.958821,10.49295993808315,SUCCESS,hbar,0.0.3964804,0.0.4138717@1785182022.651332499
0.0.877394,0.004502252630501706,SUCCESS,hbar,0.0.3964804,0.0.4138717@1785182020.785323869
0.0.53756,2.303483538263608,SUCCESS,hbar,0.0.3964804,0.0.4138717@1785182021.604413976
0.0.689277,5.305567570581458,SUCCESS,hbar,0.0.3964804,0.0.4138717@1785182021.034362298
0.0.1090802,0.0483460678654619,SUCCESS,hbar,0.0.3964804,0.0.4138717@1785182022.884976001
0.0.7746903,0.05040589908793765,SUCCESS,hbar,0.0.3964804,0.0.4138717@1785182025.765902175
0.0.5905014,0.2371624847291327,SUCCESS,hbar,0.0.3964804,0.0.4138717@1785182021.213061523
0.0.3947850,0.0001920567212935684,SUCCESS,hbar,0.0.3964804,0.0.4138717@1785182022.400626853
0.0.7910977,1.113512521762761,SUCCESS,hbar,0.0.3964804,0.0.4138717@1785182027.191031131
0.0.7896816,9.662518157951665,SUCCESS,hbar,0.0.3964804,0.0.4138717@1785182027.495753603
0.0.1481135,0.2262021366141959,SUCCESS,hbar,0.0.3964804,0.0.4138717@1785182026.164419712
0.0.7965413,0.0005947888882672138,SUCCESS,hbar,0.0.3964804,0.0.4138717@1785182027.031598159
0.0.8032303,0.03488201732828317,SUCCESS,hbar,0.0.3964804,0.0.4138717@1785182026.413405646
0.0.5042398,1.025044755979487,SUCCESS,hbar,0.0.3964804,0.0.4138717@1785182027.737014793
0.0.7974195,24.89590527336306,SUCCESS,hbar,0.0.3964804,0.0.4138717@1785182027.536562147
0.0.8056304,0.3397451602636649,SUCCESS,hbar,0.0.3964804,0.0.4138717@1785182029.215905219
0.0.7912110,0.0002012913996748512,SUCCESS,hbar,0.0.3964804,0.0.4138717@1785182030.496072978
0.0.2006292,0.03546485102914176,SUCCESS,hbar,0.0.3964804,0.0.4138717@1785182031.516978827
0.0.1092596,0.2391385645727815,SUCCESS,hbar,0.0.3964804,0.0.4138717@1785182031.957731569
0.0.8059253,1.605017300115646,SUCCESS,hbar,0.0.3964804,0.0.4138717@1785182032.946590205
0.0.2477582,0.1994198667946954,SUCCESS,hbar,0.0.3964804,0.0.4138717@1785182028.668345265
0.0.7777028,0.3885608876221918,SUCCESS,hbar,0.0.3964804,0.0.4138717@1785182033.104583652
0.0.6256886,0.02734732261045278,SUCCESS,hbar,0.0.3964804,0.0.4138717@1785182032.907931312
0.0.831661,1.556820932516473,SUCCESS,hbar,0.0.3964804,0.0.4138717@1785182033.538333829
0.0.2557514,0.6043465759455772,SUCCESS,hbar,0.0.3964804,0.0.4138717@1785182031.235044679
0.0.4250725,0.09318746008185966,SUCCESS,hbar,0.0.3964804,0.0.4138717@1785182032.774448859
0.0.3912896,0.115253663872544,SUCCESS,hbar,0.0.3964804,0.0.4138717@1785182035.803032783
0.0.4752954,0.1628344357398792,SUCCESS,hbar,0.0.3964804,0.0.4138717@1785182036.919670740
0.0.7964752,0.00276436048088718,SUCCESS,hbar,0.0.3964804,0.0.4138717@1785182036.497844836
0.0.7607102,0.004530244462160899,SUCCESS,hbar,0.0.3964804,0.0.4138717@1785182035.630229542
0.0.5739319,0.5985882597674883,SUCCESS,hbar,0.0.3964804,0.0.4138717@1785182036.984046597
0.0.7791729,0.0005917077091959665,SUCCESS,hbar,0.0.3964804,0.0.4138717@1785182036.862289674
0.0.7421912,0.02687164419530234,SUCCESS,hbar,0.0.3964804,0.0.4138717@1785182037.579061937
0.0.7570262,0.0489374239175137,SUCCESS,hbar,0.0.3964804,0.0.4138717@1785182036.882283521
0.0.7835479,0.009342247721196208,SUCCESS,hbar,0.0.3964804,0.0.4138717@1785182039.372034566
0.0.1479857,0.6819618927334414,SUCCESS,hbar,0.0.3964804,0.0.4138717@1785182036.129113572
0.0.5761971,0.0001039734240766692,SUCCESS,hbar,0.0.3964804,0.0.4138717@1785182037.304182851
0.0.8178093,0.05968929257586447,SUCCESS,hbar,0.0.3964804,0.0.4138717@1785182039.570466565
0.0.7049977,0.005537610993044477,SUCCESS,hbar,0.0.3964804,0.0.4138717@1785182038.055646493
0.0.2025203,0.05522825108135054,SUCCESS,hbar,0.0.3964804,0.0.4138717@1785182036.813395703
0.0.4867972,0.02203969454246448,SUCCESS,hbar,0.0.3964804,0.0.4138717@1785182038.175718793
0.0.8175769,0.2317412964812369,SUCCESS,hbar,0.0.3964804,0.0.4138717@1785182040.172859933
0.0.8142528,0.01676334300726053,SUCCESS,hbar,0.0.3964804,0.0.4138717@1785182040.352226569
0.0.1906790,0.007559200098077555,SUCCESS,hbar,0.0.3964804,0.0.4138717@1785182043.048831479
0.0.7913251,0.04177511870891316,SUCCESS,hbar,0.0.3964804,0.0.4138717@1785182042.844459864
0.0.4746343,0.001079216594796269,SUCCESS,hbar,0.0.3964804,0.0.4138717@1785182041.147355868
0.0.8042105,0.06963829808466947,SUCCESS,hbar,0.0.3964804,0.0.4138717@1785182039.962860115
0.0.8209324,0.3762095765044515,SUCCESS,hbar,0.0.3964804,0.0.4138717@1785182044.588827241
0.0.7997139,0.07133793317237529,SUCCESS,hbar,0.0.3964804,0.0.4138717@1785182043.006295353
0.0.833836,1.453054372661678,SUCCESS,hbar,0.0.3964804,0.0.4138717@1785182043.945776632
0.0.5007636,0.05979591556127301,SUCCESS,hbar,0.0.3964804,0.0.4138717@1785182045.194423509
0.0.4732964,0.06542545070063306,SUCCESS,0.0.731861,0.0.3951117,0.0.4138717@1785180785.352364594
0.0.4329852,132.288729648987,SUCCESS,0.0.731861,0.0.3951117&0.0.3964804&0.0.3964827&0.0.3964855&0.0.4601632&0.0.5328590,0.0.4138717@1785180785.815657848
0.0.4432149,0.1747114980953875,SUCCESS,0.0.731861,0.0.3951117,0.0.4138717@1785180785.810297656
0.0.1412123,0.3324075264585558,NOT_ASSOCIATED,0.0.731861,0.0.3951117&0.0.3964804,
0.0.4184733,52.45157565975396,SUCCESS,0.0.731861,0.0.3951117,0.0.4138717@1785180788.173722162
0.0.4775299,0.483265550872376,SUCCESS,0.0.731861,0.0.3951117,0.0.4138717@1785180784.511604042
0.0.4758169,0.2878743915152563,SUCCESS,0.0.731861,0.0.3951117,0.0.4138717@1785180787.944340262
0.0.3071320,14.91681312340512,SUCCESS,0.0.731861,0.0.3951117,0.0.4138717@1785180787.993430004
0.0.4330219,0.2478899085503655,SUCCESS,0.0.731861,0.0.3951117&0.0.3964790,0.0.4138717@1785180787.185893185
0.0.2968839,65.26032691434101,SUCCESS,0.0.731861,0.0.3951117&0.0.3964804&0.0.4601632,0.0.4138717@1785180785.419477703
0.0.4923080,0.0766236563854349,SUCCESS,0.0.731861,0.0.3951117,0.0.4138717@1785180786.125949780
0.0.3242760,16.90235194434253,SUCCESS,0.0.731861,0.0.3951117&0.0.3961531&0.0.3964804,0.0.4138717@1785180786.371538021
0.0.5797983,0.6720481729024449,SUCCESS,0.0.731861,0.0.3951117&0.0.3961531&0.0.3964804,0.0.4138717@1785180787.562464883
0.0.850535,253.3733344043469,SUCCESS,0.0.731861,0.0.3951117&0.0.3964790&0.0.4129330&0.0.4601632&0.0.5328590,0.0.4138717@1785180787.997325392
0.0.6244791,0.5791704404362861,SUCCESS,0.0.731861,0.0.3951117,0.0.4138717@1785180790.000700817
0.0.6313910,99.87622907860586,SUCCESS,0.0.731861,0.0.3951117&0.0.3964804,0.0.4138717@1785180791.647984062
0.0.6289117,47.27952815390748,SUCCESS,0.0.731861,0.0.3951117&0.0.3964804&0.0.4601632&0.0.6071041,0.0.4138717@1785180788.909926656
0.0.6440477,0.3754460592827956,SUCCESS,0.0.731861,0.0.3951117&0.0.3964804,0.0.4138717@1785180793.233850469
0.0.874760,215.4405862308606,SUCCESS,0.0.731861,0.0.3951117&0.0.3964804&0.0.6078459,0.0.4138717@1785180792.636659150
0.0.4345324,0.05987947313239378,SUCCESS,0.0.731861,0.0.3951117,0.0.4138717@1785180791.105131917
0.0.4938729,0.7963635647865726,SUCCESS,0.0.731861,0.0.3951117,0.0.4138717@1785180791.734750385
0.0.662296,148.5913936541831,SUCCESS,0.0.731861,0.0.3951117&0.0.5328590,0.0.4138717@1785180795.651622804
0.0.3829916,13.27685468652193,SUCCESS,0.0.731861,0.0.3951117,0.0.4138717@1785180795.903356481
0.0.4354394,77.65383307420225,SUCCESS,0.0.731861,0.0.3951117&0.0.3964790,0.0.4138717@1785180794.790066191
0.0.1322785,17.83826260148601,SUCCESS,0.0.731861,0.0.3951117,0.0.4138717@1785180796.119269654
0.0.5716339,0.0007883842495629631,SUCCESS,0.0.731861,0.0.3951117,0.0.4138717@1785180798.118660666
0.0.4709377,6.734771159834414,SUCCESS,0.0.731861,0.0.3951117,0.0.4138717@1785180795.688220131
0.0.4695027,0.191188215498955,SUCCESS,0.0.731861,0.0.3951117,0.0.4138717@1785180799.748029200
0.0.4340758,0.7642510599346672,SUCCESS,0.0.731861,0.0.3951117&0.0.3964804,0.0.4138717@1785180797.736327903
0.0.4817549,2.672358076770041,SUCCESS,0.0.731861,0.0.3951117&0.0.3964804,0.0.4138717@1785180800.260547831
0.0.3969243,0.06331501910012319,SUCCESS,0.0.731861,0.0.3951117&0.0.4129330,0.0.4138717@1785180803.070056633
0.0.4322002,0.2299731654957581,SUCCESS,0.0.731861,0.0.3951117,0.0.4138717@1785180803.059533356
0.0.4968045,1.495739288648601,SUCCESS,0.0.731861,0.0.3951117,0.0.4138717@1785180800.539967767
0.0.2930231,0.4863129801019353,SUCCESS,0.0.731861,0.0.3951117&0.0.3964804,0.0.4138717@1785180802.451951914
0.0.4558891,2.112891777289037,SUCCESS,0.0.731861,0.0.3951117,0.0.4138717@1785180803.065240548
0.0.5976303,0.3669504837841361,SUCCESS,0.0.731861,0.0.3951117&0.0.3964804,0.0.4138717@1785180807.345172123
0.0.4318411,2.89165129235706,SUCCESS,0.0.731861,0.0.3951117,0.0.4138717@1785180808.291306009
0.0.3681428,475.2737251696633,SUCCESS,0.0.731861,0.0.3951117&0.0.3964804,0.0.4138717@1785180811.810946988
0.0.6781119,847.952549085312,SUCCESS,0.0.731861,0.0.3951117&0.0.3961531&0.0.3964804&0.0.3964827&0.0.3964860&0.0.4601632&0.0.5328590&0.0.6071119&0.0.8315114&0.0.10018365,0.0.4138717@1785180809.450095968
0.0.5975196,1.583135145580337,SUCCESS,0.0.731861,0.0.3951117&0.0.4601632,0.0.4138717@1785180811.280037106
0.0.1991961,73.99808840895598,SUCCESS,0.0.731861,0.0.3951117&0.0.3964790&0.0.3964827&0.0.4601632&0.0.6071041,0.0.4138717@1785180809.584847742
0.0.4347838,1.233569883011036,SUCCESS,0.0.731861,0.0.3951117,0.0.4138717@1785180814.004718945
0.0.1877739,1.916750675228398,SUCCESS,0.0.731861,0.0.3951117&0.0.3964827&0.0.4601632,0.0.4138717@1785180815.974034206
0.0.4864609,0.05181609410667912,SUCCESS,0.0.731861,0.0.3951117,0.0.4138717@1785180813.137632187
0.0.598828,0.05959892180270435,SUCCESS,0.0.731861,0.0.3951117&0.0.3964804,0.0.4138717@1785180816.885816891
0.0.4302086,0.06173758112659287,SUCCESS,0.0.731861,0.0.3951117,0.0.4138717@1785180817.669142676
0.0.7991960,16.81657846019912,SUCCESS,0.0.731861,0.0.3951117&0.0.3964804,0.0.4138717@1785180816.296375549
0.0.1601282,0.03833318981178243,SUCCESS,0.0.731861,0.0.3951117,0.0.4138717@1785180817.818159884
0.0.2125030,43.65812907537672,SUCCESS,0.0.731861,0.0.3951117&0.0.3961531,0.0.4138717@1785180816.788063568
0.0.856667,3.97353036670315,SUCCESS,0.0.731861,0.0.3951117&0.0.3964804,0.0.4138717@1785180818.207189415
0.0.4503599,0.6813964620698925,SUCCESS,0.0.731861,0.0.3951117,0.0.4138717@1785180818.889767172
0.0.8068689,277.535266873626,SUCCESS,0.0.731861,0.0.3951117&0.0.3964804&0.0.3964827,0.0.4138717@1785180816.331944336
0.0.7889838,0.0177656178840583,SUCCESS,0.0.731861,0.0.3951117,0.0.4138717@1785180819.454736581
0.0.6258771,1.4565561413567,SUCCESS,0.0.731861,0.0.3951117,0.0.4138717@1785180821.156297859
0.0.1379217,1.817110871476939,NOT_ASSOCIATED,0.0.731861,0.0.3951117,
0.0.4912200,61.92685324101167,SUCCESS,0.0.731861,0.0.3951117&0.0.3964804,0.0.4138717@1785180818.012205417
0.0.4342759,10.88468145445679,SUCCESS,0.0.731861,0.0.3951117,0.0.4138717@1785180819.534450643
0.0.1691323,20.15719755226993,SUCCESS,0.0.731861,0.0.3951117&0.0.3964804,0.0.4138717@1785180821.836139984
0.0.8616856,37.83500100795611,SUCCESS,0.0.731861,0.0.3951117&0.0.3961531&0.0.3964804&0.0.6071119,0.0.4138717@1785180823.570884284
0.0.2960169,0.6141329888894387,SUCCESS,0.0.731861,0.0.3951117&0.0.3961531&0.0.3964827,0.0.4138717@1785180823.671651115
0.0.4551977,0.04779143842766684,SUCCESS,0.0.731861,0.0.3951117,0.0.4138717@1785180823.858069854
0.0.6026305,0.1046494001987448,SUCCESS,0.0.731861,0.0.3951117,0.0.4138717@1785180823.111237189
0.0.5117832,41.44068150389331,SUCCESS,0.0.731861,0.0.3951117&0.0.3964804,0.0.4138717@1785180823.918728962
0.0.7262531,0.0664677261927298,SUCCESS,0.0.731861,0.0.3951117&0.0.3964804,0.0.4138717@1785180824.434255470
0.0.7138336,0.0250652724406744,SUCCESS,0.0.731861,0.0.3951117&0.0.3961531,0.0.4138717@1785180825.593781168
0.0.1340928,194.080090955532,SUCCESS,0.0.731861,0.0.3951117,0.0.4138717@1785180829.758224388
0.0.7479340,2.158810765232099,SUCCESS,0.0.731861,0.0.3951117&0.0.3964804,0.0.4138717@1785180826.183249281
0.0.5078033,1.000280659266496,SUCCESS,0.0.731861,0.0.3951117&0.0.4601632,0.0.4138717@1785180829.442355223
0.0.4229805,0.2765833302688373,SUCCESS,0.0.731861,0.0.3951117,0.0.4138717@1785180830.487872913
0.0.1726157,4.319537611466884,SUCCESS,0.0.731861,0.0.3951117&0.0.3964804,0.0.4138717@1785180831.074178528
0.0.4702708,111.328419104224,SUCCESS,0.0.731861,0.0.3951117&0.0.3964827,0.0.4138717@1785180832.499294602
0.0.4766933,8.872121416347648,SUCCESS,0.0.731861,0.0.3951117,0.0.4138717@1785180833.311044858
0.0.1110477,4.857368535337517,SUCCESS,0.0.731861,0.0.3951117,0.0.4138717@1785180835.171260944
0.0.1490591,11.64073069256293,SUCCESS,0.0.731861,0.0.3951117&0.0.3964790&0.0.3964804,0.0.4138717@1785180834.802703900
0.0.1023917,58.64224583249128,SUCCESS,0.0.731861,0.0.3951117&0.0.3964804&0.0.3964855&0.0.4601632&0.0.6071119,0.0.4138717@1785180836.100276051
0.0.1506598,0.8860900393878105,SUCCESS,0.0.731861,0.0.3951117,0.0.4138717@1785180834.810359194
0.0.4559340,0.05790681428215661,SUCCESS,0.0.731861,0.0.3951117,0.0.4138717@1785180836.768698905
0.0.7798148,1.367919641289386,SUCCESS,0.0.731861,0.0.3951117,0.0.4138717@1785180836.019080815
0.0.7843482,1.146669247054047,SUCCESS,0.0.731861,0.0.3951117&0.0.3964804,0.0.4138717@1785180837.666485834
0.0.7835270,2.837988147383286,SUCCESS,0.0.731861,0.0.3951117,0.0.4138717@1785180838.416789555
0.0.819461,0.964753265325994,SUCCESS,0.0.731861,0.0.3951117,0.0.4138717@1785180839.808665608
0.0.1375637,30.30226916039967,SUCCESS,0.0.731861,0.0.3951117&0.0.3964790,0.0.4138717@1785180839.854764525
0.0.3845966,9.629601569275934,SUCCESS,0.0.731861,0.0.3951117&0.0.3961531&0.0.3964790&0.0.3964804&0.0.3964827&0.0.6078459,0.0.4138717@1785180841.962196985
0.0.1724832,1.11454564538785,SUCCESS,0.0.731861,0.0.3951117,0.0.4138717@1785180842.899945246
0.0.832624,12.8894761184801,SUCCESS,0.0.731861,0.0.3951117&0.0.3961531&0.0.3964804&0.0.5328590&0.0.6071119,0.0.4138717@1785180844.076662644
0.0.525256,11.54949747572402,SUCCESS,0.0.731861,0.0.3951117,0.0.4138717@1785180843.126163785
0.0.2116956,3.556042094997546,SUCCESS,0.0.731861,0.0.3951117&0.0.3961531&0.0.3964855,0.0.4138717@1785180844.814000665
0.0.896788,3297.668685083305,SUCCESS,0.0.731861,0.0.3951117&0.0.4601632,0.0.4138717@1785180843.186678043
0.0.925802,14.93329997044893,SUCCESS,0.0.731861,0.0.3951117,0.0.4138717@1785180845.294452667
0.0.1628961,8033.722405914964,SUCCESS,0.0.731861,0.0.3951117&0.0.3964804&0.0.5328590&0.0.8315114,0.0.4138717@1785180847.085471026
0.0.832415,599.3096997091772,SUCCESS,0.0.731861,0.0.3951117,0.0.4138717@1785180845.777695342
0.0.4210667,0.1311678627293696,SUCCESS,0.0.731861,0.0.3951117,0.0.4138717@1785180847.590359018
0.0.1412849,0.00004024142160162236,SUCCESS,0.0.731861,0.0.3951117,0.0.4138717@1785180845.777253442
0.0.823348,1.259154697597727,SUCCESS,0.0.731861,0.0.3951117,0.0.4138717@1785180850.360480460
0.0.2174139,1.523881342841601,SUCCESS,0.0.731861,0.0.3951117,0.0.4138717@1785180847.502837895
0.0.1261552,2.70876900504547,SUCCESS,0.0.731861,0.0.3951117&0.0.3961531&0.0.3964790&0.0.3964804&0.0.3964860&0.0.4129330&0.0.6071119,0.0.4138717@1785180848.537202953
0.0.4205604,6.704192196693707,SUCCESS,0.0.731861,0.0.3951117,0.0.4138717@1785180851.360982783
0.0.639876,0.3878648419410518,SUCCESS,0.0.731861,0.0.3951117,0.0.4138717@1785180848.567842154
0.0.4329215,0.7099875968892244,SUCCESS,0.0.731861,0.0.3951117&0.0.3961531&0.0.3964804,0.0.4138717@1785180852.507072193
0.0.854331,0.2581269825755646,SUCCESS,0.0.731861,0.0.3951117,0.0.4138717@1785180850.932021773
0.0.4555391,4.010686712577699,SUCCESS,0.0.731861,0.0.3951117,0.0.4138717@1785180855.734914382
0.0.3241044,43.16313526649116,SUCCESS,0.0.731861,0.0.3951117&0.0.3961531,0.0.4138717@1785180852.192397206
0.0.1023730,0.228764449981208,SUCCESS,0.0.731861,0.0.3951117,0.0.4138717@1785180855.253571536
0.0.8054459,3.326174605605531,SUCCESS,0.0.731861,0.0.3951117&0.0.3964790&0.0.3964804,0.0.4138717@1785180856.702931321
0.0.7934467,0.01933479436868919,SUCCESS,0.0.731861,0.0.3951117,0.0.4138717@1785180855.986895255
0.0.10296471,4.526271118341513,SUCCESS,0.0.731861,0.0.3951117,0.0.4138717@1785180856.672967261
0.0.10609625,0.2688784028292337,SUCCESS,0.0.731861,0.0.3951117,0.0.4138717@1785180858.449547424
0.0.5293942,25.53799417953295,SUCCESS,0.0.731861,0.0.3951117&0.0.5328590,0.0.4138717@1785180860.463217332
0.0.850352,9.903697771267195,SUCCESS,0.0.731861,0.0.3951117,0.0.4138717@1785180860.797294253
0.0.4423729,26.31460649584964,SUCCESS,0.0.731861,0.0.3951117&0.0.3964804&0.0.10498278,0.0.4138717@1785180863.049451056
0.0.4333286,11.22188257617382,SUCCESS,0.0.731861,0.0.3951117&0.0.3964827&0.0.3964860,0.0.4138717@1785180861.561415296
0.0.1265153,0.0246647734328632,SUCCESS,0.0.731861,0.0.3951117&0.0.3964827,0.0.4138717@1785180861.620869610
0.0.1274087,6030.462955041481,SUCCESS,0.0.731861,0.0.3951117,0.0.4138717@1785180865.638420306
0.0.2773436,1939.428170124668,SUCCESS,0.0.731861,0.0.3951117&0.0.3964804&0.0.5328590,0.0.4138717@1785180866.334387993
0.0.834820,115.7548943736758,SUCCESS,0.0.731861,0.0.3951117&0.0.3964804,0.0.4138717@1785180863.462561108
0.0.731977,1481.122838007324,SUCCESS,0.0.731861,0.0.3951117&0.0.4601632,0.0.4138717@1785180865.677331971
0.0.836838,61955.44304385941,SUCCESS,0.0.731861,0.0.3951117&0.0.5328590,0.0.4138717@1785180864.044747070
0.0.860438,12.66091409613251,SUCCESS,0.0.731861,0.0.3951117&0.0.3964804&0.0.6071119,0.0.4138717@1785180867.804035130
0.0.1290358,103.8483077339225,SUCCESS,0.0.731861,0.0.3951117,0.0.4138717@1785180866.308222746
0.0.956549,816.212061838629,SUCCESS,0.0.731861,0.0.3951117&0.0.3961531,0.0.4138717@1785180869.327231007
0.0.5182107,0.3346440265575222,NOT_ASSOCIATED,0.0.731861,0.0.3951117&0.0.3964804,
0.0.4321631,4.496971199419068,SUCCESS,0.0.731861,0.0.3951117&0.0.3964804,0.0.4138717@1785180869.285911696
0.0.4582751,0.1027943667084574,SUCCESS,0.0.731861,0.0.3951117,0.0.4138717@1785180870.713320011
0.0.4324463,0.0871084091297393,SUCCESS,0.0.731861,0.0.3951117&0.0.3964790,0.0.4138717@1785180866.025311467
0.0.1266990,0.04332505414540015,SUCCESS,0.0.731861,0.0.3951117,0.0.4138717@1785180867.613402387
0.0.5118079,1.445196374461111,SUCCESS,0.0.731861,0.0.3951117&0.0.3964804,0.0.4138717@1785180873.064057223
0.0.5118232,0.4383410956716352,SUCCESS,0.0.731861,0.0.3951117&0.0.3964804,0.0.4138717@1785180872.094089473
0.0.5118190,5.095692044278421,SUCCESS,0.0.731861,0.0.3951117&0.0.3964804&0.0.3964827&0.0.3964860&0.0.5328590,0.0.4138717@1785180872.733841063
0.0.5119346,3.979266217549449,SUCCESS,0.0.731861,0.0.3951117&0.0.3964804,0.0.4138717@1785180875.372918312
0.0.841339,1.012346881442154,SUCCESS,0.0.731861,0.0.3951117,0.0.4138717@1785180878.222426227
0.0.4324445,1.79716699634265,SUCCESS,0.0.731861,0.0.3951117&0.0.3964804&0.0.3964855,0.0.4138717@1785180874.799156445
0.0.5202236,0.3183012503917348,SUCCESS,0.0.731861,0.0.3951117,0.0.4138717@1785180876.751003795
0.0.4590627,0.5094133900418212,SUCCESS,0.0.731861,0.0.3951117,0.0.4138717@1785180877.667418905
0.0.4323088,5.824351007294795,SUCCESS,0.0.731861,0.0.3951117&0.0.3964804&0.0.3964855,0.0.4138717@1785180880.344263084
0.0.4335807,302.8026649343279,SUCCESS,0.0.731861,0.0.3951117&0.0.3961531&0.0.3964790&0.0.3964827&0.0.3964855&0.0.4129330&0.0.4601632&0.0.5328590,0.0.4138717@1785180881.826019348
0.0.4986167,0.1023380789859496,SUCCESS,0.0.731861,0.0.3951117,0.0.4138717@1785180881.490083444
0.0.5281334,0.1021607140108156,SUCCESS,0.0.731861,0.0.3951117,0.0.4138717@1785180881.375301709
0.0.5310061,0.6646373892483111,SUCCESS,0.0.731861,0.0.3951117&0.0.3964804,0.0.4138717@1785180885.184493423
0.0.9359586,0.1171633438468511,SUCCESS,0.0.731861,0.0.3951117,0.0.4138717@1785180884.196052997
0.0.1711779,0.01015285196770215,SUCCESS,0.0.731861,0.0.3951117,0.0.4138717@1785180885.694339723
0.0.1735540,19.58699589031352,SUCCESS,0.0.731861,0.0.3951117&0.0.5328590,0.0.4138717@1785180886.140933030
0.0.700741,4.313447566742159,SUCCESS,0.0.731861,0.0.3951117,0.0.4138717@1785180887.507343907
0.0.1453803,138.4912758646468,SUCCESS,0.0.731861,0.0.3951117&0.0.3964804&0.0.4601632&0.0.5328590&0.0.6071119,0.0.4138717@1785180886.834361849
0.0.4346579,0.01735339333012936,SUCCESS,0.0.731861,0.0.3951117,0.0.4138717@1785180886.083987505
0.0.508876,2.638573703938496,SUCCESS,0.0.731861,0.0.3951117,0.0.4138717@1785180889.028698486
0.0.1409958,0.8096923813970557,SUCCESS,0.0.731861,0.0.3951117,0.0.4138717@1785180889.607275472
0.0.1075892,10.28769490246791,SUCCESS,0.0.731861,0.0.3951117,0.0.4138717@1785180892.875907584
0.0.1097257,1319.50268145325,SUCCESS,0.0.731861,0.0.3951117&0.0.3964827&0.0.4601632&0.0.5328590,0.0.4138717@1785180893.289366439
0.0.4350041,1.787912854542286,SUCCESS,0.0.731861,0.0.3951117,0.0.4138717@1785180893.030802750
0.0.1910285,1.154615295472728,SUCCESS,0.0.731861,0.0.3951117,0.0.4138717@1785180892.683987338
0.0.853268,24.53176101102777,SUCCESS,0.0.731861,0.0.3951117,0.0.4138717@1785180897.003353468
0.0.4349304,0.5437860911324834,SUCCESS,0.0.731861,0.0.3951117&0.0.3964790,0.0.4138717@1785180894.500104588
0.0.1338331,3.954937492337746,SUCCESS,0.0.731861,0.0.3951117,0.0.4138717@1785180894.079708915
0.0.4322065,9.61728899003726,SUCCESS,0.0.731861,0.0.3951117,0.0.4138717@1785180899.469229634
0.0.4370057,0.6309659494412886,SUCCESS,0.0.731861,0.0.3951117,0.0.4138717@1785180899.568852683
0.0.104926,0.03722584979564535,SUCCESS,0.0.731861,0.0.3951117,0.0.4138717@1785180898.399748157
0.0.4348824,0.166046311373031,SUCCESS,0.0.731861,0.0.3951117,0.0.4138717@1785180898.853752538
0.0.4544530,170.1445739901337,SUCCESS,0.0.731861,0.0.3951117&0.0.3961531&0.0.3964790&0.0.3964804&0.0.3964827&0.0.3964855&0.0.3964860&0.0.4129330&0.0.4601632&0.0.5328590&0.0.6071041&0.0.6078459&0.0.6078473,0.0.4138717@1785180900.732809999
0.0.1506629,0.06274577961316721,SUCCESS,0.0.731861,0.0.3951117,0.0.4138717@1785180899.879213161
0.0.795933,1.01147958350412,SUCCESS,0.0.731861,0.0.3951117,0.0.4138717@1785180902.801182130
0.0.1515633,7.998398951912582,SUCCESS,0.0.731861,0.0.3951117,0.0.4138717@1785180907.381538612
0.0.8684349,1146.643263647056,SUCCESS,0.0.731861,0.0.3951117,0.0.4138717@1785180903.783525999
0.0.9099631,15.32141169109648,SUCCESS,0.0.731861,0.0.3951117&0.0.6071119,0.0.4138717@1785180903.737510173
0.0.9112426,3.841975635543802,SUCCESS,0.0.731861,0.0.3951117&0.0.3964804&0.0.3964860,0.0.4138717@1785180909.191725077
0.0.8419510,0.7711814954924586,SUCCESS,0.0.731861,0.0.3951117,0.0.4138717@1785180910.005953604
0.0.1707146,2.684075135180616,SUCCESS,0.0.731861,0.0.3951117,0.0.4138717@1785180907.365911202
0.0.9125858,132478.7619952821,SUCCESS,0.0.731861,0.0.3951117&0.0.6071041&0.0.6071119&0.0.6126395&0.0.8315114&0.0.9774523&0.0.10018365&0.0.10092996,0.0.4138717@1785180910.205704110
0.0.1368197,7.389320952923906,SUCCESS,0.0.731861,0.0.3951117&0.0.3964804,0.0.4138717@1785180908.410050848
0.0.7810768,5.552170317075461,SUCCESS,0.0.731861,0.0.3951117&0.0.3964827,0.0.4138717@1785180910.491232010
0.0.1120575,368.7702343088022,SUCCESS,0.0.731861,0.0.3951117&0.0.3964804,0.0.4138717@1785180914.728239404
0.0.9273872,0.03449702777452904,SUCCESS,0.0.731861,0.0.3951117,0.0.4138717@1785180913.399920994
0.0.8546442,17.60670384956993,SUCCESS,0.0.731861,0.0.3951117,0.0.4138717@1785180914.116712534
0.0.850481,201.4726020899463,SUCCESS,0.0.731861,0.0.3951117,0.0.4138717@1785180915.027872819
0.0.1758196,1.825627349072536,SUCCESS,0.0.731861,0.0.3951117,0.0.4138717@1785180916.224469073
0.0.8188541,3.17707588518724,SUCCESS,0.0.731861,0.0.3951117,0.0.4138717@1785180919.663655812
0.0.4560992,9.47435652201855,SUCCESS,0.0.731861,0.0.3951117,0.0.4138717@1785180919.694210503
0.0.10504552,0.4377069364109555,SUCCESS,0.0.731861,0.0.3951117,0.0.4138717@1785180919.940330942
0.0.912615,238.180064334162,SUCCESS,0.0.731861,0.0.3951117&0.0.3964804&0.0.3964827,0.0.4138717@1785180921.560079115
0.0.10493411,62.11622713400536,SUCCESS,0.0.731861,0.0.3951117&0.0.3961531,0.0.4138717@1785180919.129280059
0.0.1734809,0.5863926557739885,SUCCESS,0.0.731861,0.0.3951117&0.0.3964804&0.0.6071119,0.0.4138717@1785180921.760190013
0.0.10483303,23358.43397886884,SUCCESS,0.0.731861,0.0.3951117,0.0.4138717@1785180920.433920072
0.0.8212757,5.058613064305054,SUCCESS,0.0.731861,0.0.3951117,0.0.4138717@1785180920.234040145
0.0.1464418,16.68863598872556,SUCCESS,0.0.731861,0.0.3951117,0.0.4138717@1785180921.248451480
0.0.7555632,0.2025577679398725,SUCCESS,0.0.731861,0.0.3951117,0.0.4138717@1785180923.376026619
0.0.7989790,0.08402363492121798,SUCCESS,0.0.731861,0.0.3951117,0.0.4138717@1785180922.329668755
0.0.3706536,0.02326954818381895,SUCCESS,0.0.731861,0.0.3951117,0.0.4138717@1785180921.060770615
0.0.8013259,52137.91306021838,SUCCESS,0.0.731861,0.0.3951117,0.0.4138717@1785180924.330093386
0.0.5688804,9.239762314612843,SUCCESS,0.0.731861,0.0.3951117&0.0.3964827,0.0.4138717@1785180924.475535931
0.0.8068996,1.616364666749692,SUCCESS,0.0.731861,0.0.3951117&0.0.3964790&0.0.3964804&0.0.3964827&0.0.5328590,0.0.4138717@1785180922.930225198
0.0.8071373,3.070739519156238,SUCCESS,0.0.731861,0.0.3951117,0.0.4138717@1785180926.266787214
0.0.819005,36.7697447596684,SUCCESS,0.0.731861,0.0.3951117&0.0.5328590,0.0.4138717@1785180926.389551741
0.0.1104990,646.6111690321219,SUCCESS,0.0.731861,0.0.3951117,0.0.4138717@1785180924.936921840
0.0.4713153,8.41233319760859,SUCCESS,0.0.731861,0.0.3951117,0.0.4138717@1785180925.175219483
0.0.8260017,0.2701462288016874,SUCCESS,0.0.731861,0.0.3951117&0.0.3964804,0.0.4138717@1785180926.692264059
0.0.2137668,83.67487581385527,SUCCESS,0.0.731861,0.0.3951117&0.0.3964804,0.0.4138717@1785180925.284340426
0.0.8382774,0.007192303438134337,SUCCESS,0.0.731861,0.0.3951117,0.0.4138717@1785180927.060011781
0.0.3943340,0.2934834486227885,SUCCESS,0.0.731861,0.0.3951117,0.0.4138717@1785180928.447388982
0.0.1374442,962.1402275232667,SUCCESS,0.0.731861,0.0.3951117&0.0.3964804&0.0.4601632&0.0.5328590,0.0.4138717@1785180929.678888444
0.0.5352069,1.310705880903936,SUCCESS,0.0.731861,0.0.3951117,0.0.4138717@1785180931.622906070
0.0.8490555,4.266461605295958,SUCCESS,0.0.731861,0.0.3951117,0.0.4138717@1785180930.120669654
0.0.4331763,443.0339580937718,SUCCESS,0.0.731861,0.0.3951117,0.0.4138717@1785180932.125942839
0.0.9344085,26.41275671117369,SUCCESS,0.0.731861,0.0.3951117&0.0.3964827&0.0.5328590,0.0.4138717@1785180933.113529003
0.0.10031117,8.760256573750112,SUCCESS,0.0.731861,0.0.3951117,0.0.4138717@1785180934.685979643
0.0.9723151,0.008817129034044668,SUCCESS,0.0.731861,0.0.3951117,0.0.4138717@1785180933.187464701
0.0.9958383,0.1332162648757542,SUCCESS,0.0.731861,0.0.3951117,0.0.4138717@1785180932.944370330
0.0.4570964,21.41860571397845,SUCCESS,0.0.731861,0.0.3951117,0.0.4138717@1785180932.609435385
0.0.4329703,1.165463602791464,SUCCESS,0.0.731861,0.0.3951117,0.0.4138717@1785180934.568954427
0.0.5060063,199.1572881763731,SUCCESS,0.0.731861,0.0.3951117&0.0.4129330&0.0.4601632&0.0.5328590,0.0.4138717@1785180935.921233324
0.0.9761018,714.0333593505152,SUCCESS,0.0.731861,0.0.3951117,0.0.4138717@1785180933.444235123
0.0.8531519,1.328956526775865,SUCCESS,0.0.731861,0.0.3951117,0.0.4138717@1785180937.044885723
0.0.9755401,10.55148554960925,SUCCESS,0.0.731861,0.0.3951117&0.0.4601632,0.0.4138717@1785180937.044388530
0.0.10031118,21.55361533923292,SUCCESS,0.0.731861,0.0.3951117,0.0.4138717@1785180935.639380569
0.0.9626972,1.138263114123027,SUCCESS,0.0.731861,0.0.3951117,0.0.4138717@1785180935.795511536
0.0.7542917,0.4280121567777558,SUCCESS,0.0.731861,0.0.3951117,0.0.4138717@1785180937.925046588
0.0.1115297,2.274886491176708,SUCCESS,0.0.731861,0.0.3951117,0.0.4138717@1785180938.378646167
0.0.8585089,235.4557736243551,SUCCESS,0.0.731861,0.0.3951117,0.0.4138717@1785180938.955336384
0.0.650437,6.097858573832444,SUCCESS,0.0.731861,0.0.3951117&0.0.3961531&0.0.5328590,0.0.4138717@1785180939.826964388
0.0.1110198,33.43410551238144,SUCCESS,0.0.731861,0.0.3951117,0.0.4138717@1785180937.254939007
0.0.9404406,0.09186021490068608,SUCCESS,0.0.731861,0.0.3951117,0.0.4138717@1785180937.864681405
0.0.2174015,0.04440471354686015,SUCCESS,0.0.731861,0.0.3951117,0.0.4138717@1785180941.152482127
0.0.832852,86.7423151990006,SUCCESS,0.0.731861,0.0.3951117,0.0.4138717@1785180941.621872112
0.0.7786995,268.1555342870905,SUCCESS,0.0.731861,0.0.3951117,0.0.4138717@1785180943.889302800
0.0.2017173,76.46078894997885,SUCCESS,0.0.731861,0.0.3951117&0.0.3964804,0.0.4138717@1785180942.718190738
0.0.1988559,1.531935057644117,SUCCESS,0.0.731861,0.0.3951117&0.0.3961531,0.0.4138717@1785180944.495507979
0.0.1408633,7.664738896368053,SUCCESS,0.0.731861,0.0.3951117&0.0.3964790&0.0.3964855&0.0.6078459,0.0.4138717@1785180944.157907678
0.0.10352676,2.286444874708169,SUCCESS,0.0.731861,0.0.3951117,0.0.4138717@1785180943.694210784
0.0.4432398,0.9823288814934841,SUCCESS,0.0.731861,0.0.3951117,0.0.4138717@1785180943.804106465
0.0.9299646,10.49294225360154,SUCCESS,0.0.731861,0.0.3951117,0.0.4138717@1785180943.341967914
0.0.8373509,93.53901759158911,SUCCESS,0.0.731861,0.0.3951117&0.0.3961531&0.0.3964804&0.0.5328590,0.0.4138717@1785180944.730471215
0.0.10230141,25.02443333839071,SUCCESS,0.0.731861,0.0.3951117,0.0.4138717@1785180948.019010230
0.0.4343858,241.2019889019707,SUCCESS,0.0.731861,0.0.3951117&0.0.3964827&0.0.5328590,0.0.4138717@1785180946.826141650
0.0.2122027,15.17345421462474,SUCCESS,0.0.731861,0.0.3951117&0.0.3961531&0.0.3964804,0.0.4138717@1785180945.458485014
0.0.10169145,0.2476444125970637,SUCCESS,0.0.731861,0.0.3951117,0.0.4138717@1785180948.027678364
0.0.10122546,0.1443866160397096,SUCCESS,0.0.731861,0.0.3951117,0.0.4138717@1785180950.985473094
0.0.9302147,57.64839349452304,SUCCESS,0.0.731861,0.0.3951117&0.0.5328590,0.0.4138717@1785180946.908649784
0.0.735239,0.0002092295405940105,SUCCESS,0.0.731861,0.0.3951117,0.0.4138717@1785180951.101866211
0.0.10076636,151.7678148181442,SUCCESS,0.0.731861,0.0.3951117&0.0.5328590,0.0.4138717@1785180952.341314044
0.0.1340164,91.4091368204184,SUCCESS,0.0.731861,0.0.3951117,0.0.4138717@1785180947.778757795
0.0.10076247,2.166544501332668,SUCCESS,0.0.731861,0.0.3951117,0.0.4138717@1785180948.576796777
0.0.10021410,0.1677938434802043,SUCCESS,0.0.731861,0.0.3951117,0.0.4138717@1785180949.929080877
0.0.1157855,1.822401600247717,SUCCESS,0.0.731861,0.0.3951117,0.0.4138717@1785180950.753485968
0.0.10088944,3.562055649254625,SUCCESS,0.0.731861,0.0.3951117&0.0.3964804,0.0.4138717@1785180950.793252877
0.0.9619890,4.899582439412555,SUCCESS,0.0.731861,0.0.3951117&0.0.3964804&0.0.6071119&0.0.8315114,0.0.4138717@1785180955.719958490
0.0.9597272,0.464683157550068,SUCCESS,0.0.731861,0.0.3951117,0.0.4138717@1785180951.455820270
0.0.7680254,6.088009349741333,SUCCESS,0.0.731861,0.0.3951117&0.0.3961531&0.0.3964804,0.0.4138717@1785180952.269885373
0.0.52231,1.993181073231433,SUCCESS,0.0.731861,0.0.3951117,0.0.4138717@1785180954.555287995
0.0.4570908,192.2923649879455,SUCCESS,0.0.731861,0.0.3951117&0.0.5328590,0.0.4138717@1785180955.975435206
0.0.835242,0.00472333562686135,SUCCESS,0.0.731861,0.0.3951117,0.0.4138717@1785180953.187935540
0.0.8341357,32.7883782118283,SUCCESS,0.0.731861,0.0.3951117&0.0.5328590,0.0.4138717@1785180953.263028160
0.0.4349716,267.3595706965668,SUCCESS,0.0.731861,0.0.3951117&0.0.3964790&0.0.3964804&0.0.3964827&0.0.5328590&0.0.6078473,0.0.4138717@1785180954.108375779
0.0.10064213,0.9441556794054269,SUCCESS,0.0.731861,0.0.3951117&0.0.3964804,0.0.4138717@1785180955.416822121
0.0.6374996,61.35118800349483,SUCCESS,0.0.731861,0.0.3951117&0.0.3964827&0.0.5328590,0.0.4138717@1785180954.538263894
0.0.2994397,0.6698252862261087,SUCCESS,0.0.731861,0.0.3951117,0.0.4138717@1785180958.035641038
0.0.139500,237.456863700819,SUCCESS,0.0.731861,0.0.3951117&0.0.3964790&0.0.3964860,0.0.4138717@1785180957.955752846
0.0.7920605,19.54541155963594,SUCCESS,0.0.731861,0.0.3951117&0.0.3961531&0.0.3964790&0.0.5328590,0.0.4138717@1785180959.849998234
0.0.1123753,0.7304571668380567,SUCCESS,0.0.731861,0.0.3951117&0.0.4129330,0.0.4138717@1785180958.270472082
0.0.3525426,19.31301628274098,SUCCESS,0.0.731861,0.0.3951117&0.0.3964790&0.0.3964804&0.0.3964860&0.0.4601632&0.0.5328590,0.0.4138717@1785180961.044010170
0.0.1462225,547.4784576668357,SUCCESS,0.0.731861,0.0.3951117,0.0.4138717@1785180958.932126482
0.0.9430013,19.57552090412882,SUCCESS,0.0.731861,0.0.3951117,0.0.4138717@1785180962.302829504
0.0.1792818,0.002017911837942158,SUCCESS,0.0.731861,0.0.3951117,0.0.4138717@1785180962.578254771
0.0.10206048,0.5192346527472931,SUCCESS,0.0.731861,0.0.3951117,0.0.4138717@1785180961.479162848
0.0.1070346,98.79868601793096,SUCCESS,0.0.731861,0.0.3951117&0.0.3961531,0.0.4138717@1785180961.533984877
0.0.7891604,3.970244583139674,SUCCESS,0.0.731861,0.0.3951117,0.0.4138717@1785180963.006655907
0.0.7788937,30.13934428304732,SUCCESS,0.0.731861,0.0.3951117&0.0.10018365,0.0.4138717@1785180962.127265843
0.0.9150357,1.964265278658665,NOT_ASSOCIATED,0.0.731861,0.0.3951117,
0.0.7526203,1.917933579107498,SUCCESS,0.0.731861,0.0.3951117&0.0.3964804,0.0.4138717@1785180962.100980732
0.0.8899262,1.250292229184285,SUCCESS,0.0.731861,0.0.3951117,0.0.4138717@1785180965.125327598
0.0.3310398,1.055760656729179,SUCCESS,0.0.731861,0.0.3951117&0.0.3964804,0.0.4138717@1785180963.858847365
0.0.9120392,2.920632357950586,SUCCESS,0.0.731861,0.0.3951117&0.0.3964804&0.0.8315114,0.0.4138717@1785180963.734368549
0.0.9104463,5.451863503253316,SUCCESS,0.0.731861,0.0.3951117&0.0.3964804,0.0.4138717@1785180964.533446077
0.0.4531253,7.64460320592759,SUCCESS,0.0.731861,0.0.3951117&0.0.3961531&0.0.3964804&0.0.3964855&0.0.4129330&0.0.8315114,0.0.4138717@1785180968.113718452
0.0.9195929,512.4788331714431,SUCCESS,0.0.731861,0.0.3951117&0.0.3964804&0.0.5328590&0.0.8315114,0.0.4138717@1785180968.954250708
0.0.1123889,5.043016994054502,SUCCESS,0.0.731861,0.0.3951117&0.0.3964804,0.0.4138717@1785180969.449897359
0.0.834595,60.14845330749367,SUCCESS,0.0.731861,0.0.3951117&0.0.3964804&0.0.5328590,0.0.4138717@1785180967.662994551
0.0.9200436,0.8829355951382809,SUCCESS,0.0.731861,0.0.3951117&0.0.3961531,0.0.4138717@1785180971.217864517
0.0.657648,51.4419110521498,SUCCESS,0.0.731861,0.0.3951117&0.0.3961531&0.0.3964790,0.0.4138717@1785180970.077106949
0.0.6872459,127.5404852823939,SUCCESS,0.0.731861,0.0.3951117,0.0.4138717@1785180969.733408129
0.0.9301583,125.1067586136244,SUCCESS,0.0.731861,0.0.3951117,0.0.4138717@1785180972.368481867
0.0.4351536,0.5073160890546774,SUCCESS,0.0.731861,0.0.3951117,0.0.4138717@1785180973.441226109
0.0.844585,6.25228749507224,SUCCESS,0.0.731861,0.0.3951117&0.0.3964804,0.0.4138717@1785180975.225276408
0.0.9318600,54.0061536347994,SUCCESS,0.0.731861,0.0.3951117,0.0.4138717@1785180976.858174886
0.0.9154738,5.629953986374774,SUCCESS,0.0.731861,0.0.3951117&0.0.3964804&0.0.3964827&0.0.6071119,0.0.4138717@1785180973.457282027
0.0.6234814,0.6657067494642641,SUCCESS,0.0.731861,0.0.3951117,0.0.4138717@1785180977.667042290
0.0.4858736,0.1135822607680421,SUCCESS,0.0.731861,0.0.3951117,0.0.4138717@1785180977.036139046
0.0.834443,306.2944731064825,SUCCESS,0.0.731861,0.0.3951117,0.0.4138717@1785180977.724707842
0.0.4430933,640.8367963200944,SUCCESS,0.0.731861,0.0.3951117&0.0.3964827,0.0.4138717@1785180977.698333724
0.0.4383878,0.8339419202972879,SUCCESS,0.0.731861,0.0.3951117&0.0.6078459,0.0.4138717@1785180977.937695354
0.0.5028724,0.01495670908277243,SUCCESS,0.0.731861,0.0.3951117,0.0.4138717@1785180978.534769556
0.0.5156210,0.03372806840870279,SUCCESS,0.0.731861,0.0.3951117&0.0.3964804,0.0.4138717@1785180978.937260303
0.0.5702270,303.381272296672,SUCCESS,0.0.731861,0.0.3951117&0.0.4601632&0.0.5328590&0.0.6071119,0.0.4138717@1785180979.557126744
0.0.1458130,0.1101052689897901,SUCCESS,0.0.731861,0.0.3951117,0.0.4138717@1785180978.968433703
0.0.1904506,0.001593530582743083,SUCCESS,0.0.731861,0.0.3951117,0.0.4138717@1785180980.915318062
0.0.4569835,0.01727220040343695,SUCCESS,0.0.731861,0.0.3951117,0.0.4138717@1785180982.071595620
0.0.1292697,23.0898090356378,SUCCESS,0.0.731861,0.0.3951117&0.0.3961531,0.0.4138717@1785180982.683198041
0.0.696790,17.55144326447246,SUCCESS,0.0.731861,0.0.3951117&0.0.3964804,0.0.4138717@1785180979.890587899
0.0.7129552,156.5987215598153,SUCCESS,0.0.731861,0.0.3951117&0.0.3964827&0.0.6071119,0.0.4138717@1785180985.643126201
0.0.1380352,3.967859940231443,SUCCESS,0.0.731861,0.0.3951117,0.0.4138717@1785180983.247181408
0.0.7287636,52.32312942599741,SUCCESS,0.0.731861,0.0.3951117&0.0.3961531&0.0.3964804&0.0.4601632&0.0.8315114,0.0.4138717@1785180982.399457534
0.0.5126364,42.49124397532719,SUCCESS,0.0.731861,0.0.3951117,0.0.4138717@1785180985.939708206
0.0.6270084,3754.369056943089,SUCCESS,0.0.731861,0.0.3951117&0.0.3964804,0.0.4138717@1785180987.551342297
0.0.7490874,2.067056465891905,SUCCESS,0.0.731861,0.0.3951117&0.0.3964804,0.0.4138717@1785180988.167651865
0.0.5060163,0.9188404248230312,SUCCESS,0.0.731861,0.0.3951117,0.0.4138717@1785180986.734626387
0.0.3925109,0.0001162328048973397,SUCCESS,0.0.731861,0.0.3951117,0.0.4138717@1785180988.544773826
0.0.3872466,0.3180083138973112,SUCCESS,0.0.731861,0.0.3951117,0.0.4138717@1785180988.334142305
0.0.4591423,3.869014114392579,SUCCESS,0.0.731861,0.0.3951117&0.0.3964855&0.0.4601632,0.0.4138717@1785180991.076562618
0.0.516971,0.00000136392480584782,SUCCESS,0.0.731861,0.0.3951117&0.0.4129330,0.0.4138717@1785180988.004840777
0.0.4575306,0.01123471066350243,SUCCESS,0.0.731861,0.0.3951117,0.0.4138717@1785180987.905727088
0.0.1508462,85.62131729537921,SUCCESS,0.0.731861,0.0.3951117,0.0.4138717@1785180988.618015923
0.0.4433722,0.1794230337783,SUCCESS,0.0.731861,0.0.3951117,0.0.4138717@1785180989.719566438
0.0.490092,0.337006590443599,SUCCESS,0.0.731861,0.0.3951117,0.0.4138717@1785180993.326993324
0.0.1071830,172.9126547710547,SUCCESS,0.0.731861,0.0.3951117&0.0.3961531&0.0.3964804,0.0.4138717@1785180990.939298398
0.0.664329,8.200606069227286,SUCCESS,0.0.731861,0.0.3951117&0.0.6071119&0.0.6126395,0.0.4138717@1785180994.379973062
0.0.4745055,0.01639658926589713,SUCCESS,0.0.731861,0.0.3951117,0.0.4138717@1785180991.353961173
0.0.4792831,0.00865252535883555,SUCCESS,0.0.731861,0.0.3951117,0.0.4138717@1785180994.499489317
0.0.4338219,17.16915641083591,SUCCESS,0.0.731861,0.0.3951117,0.0.4138717@1785180994.032574304
0.0.4361868,135.7457471703574,SUCCESS,0.0.731861,0.0.3951117,0.0.4138717@1785180994.305135865
0.0.1339713,22.75037557996099,SUCCESS,0.0.731861,0.0.3951117&0.0.3964804&0.0.5328590,0.0.4138717@1785180996.978618038
0.0.1784251,13.45422494011664,SUCCESS,0.0.731861,0.0.3951117&0.0.3964804&0.0.4601632&0.0.5328590&0.0.10414792&0.0.10498274,0.0.4138717@1785180997.319544787
0.0.4339712,0.8963712481642728,SUCCESS,0.0.731861,0.0.3951117,0.0.4138717@1785180995.455893166
0.0.1512938,0.001889312529645258,SUCCESS,0.0.731861,0.0.3951117,0.0.4138717@1785180998.618376316
0.0.4331665,3.13258099201683,SUCCESS,0.0.731861,0.0.3951117,0.0.4138717@1785181000.065544485
0.0.852692,5.11676491748722,SUCCESS,0.0.731861,0.0.3961531,0.0.4138717@1785180998.499702455
0.0.897444,225.3555286248506,SUCCESS,0.0.731861,0.0.3961531&0.0.3964790,0.0.4138717@1785181000.909750542
0.0.6095958,90.96910216555571,NOT_ASSOCIATED,0.0.731861,0.0.3961531&0.0.3964804,
0.0.1324436,0.002560826176425122,NOT_ASSOCIATED,0.0.731861,0.0.3961531,
0.0.4723553,3.841285651157783,SUCCESS,0.0.731861,0.0.3961531,0.0.4138717@1785181002.711757243
0.0.9208881,5612.636812462933,SUCCESS,0.0.731861,0.0.3961531&0.0.3964804&0.0.4601632&0.0.8315114,0.0.4138717@1785181001.497241982
0.0.1501041,1.178965077548499,SUCCESS,0.0.731861,0.0.3961531,0.0.4138717@1785181002.193111787
0.0.4362462,2.520247861153935,NOT_ASSOCIATED,0.0.731861,0.0.3961531,
0.0.1340980,0.3085465753962083,SUCCESS,0.0.731861,0.0.3961531,0.0.4138717@1785181001.353421106
0.0.867588,0.9434198044573887,SUCCESS,0.0.731861,0.0.3961531,0.0.4138717@1785181002.929352935
0.0.267573,251.5242528172518,SUCCESS,0.0.731861,0.0.3961531&0.0.3964855&0.0.4601632&0.0.5328590&0.0.6071041&0.0.6126395,0.0.4138717@1785181007.140651111
0.0.862821,17.78659096956853,SUCCESS,0.0.731861,0.0.3961531&0.0.3964790,0.0.4138717@1785181004.834054686
0.0.844965,0.1467516186309809,SUCCESS,0.0.731861,0.0.3961531,0.0.4138717@1785181005.874706932
0.0.842210,34.76155422205279,SUCCESS,0.0.731861,0.0.3961531&0.0.3964804,0.0.4138717@1785181009.474095671
0.0.1288450,1.991519680107322,SUCCESS,0.0.731861,0.0.3961531,0.0.4138717@1785181009.753095363
0.0.2963242,3.261915405533523,NOT_ASSOCIATED,0.0.731861,0.0.3961531,
0.0.1103540,0.8088090585902061,SUCCESS,0.0.731861,0.0.3961531&0.0.3964827,0.0.4138717@1785181007.698469807
0.0.826988,51.83410889541992,NOT_ASSOCIATED,0.0.731861,0.0.3961531,
0.0.1372179,10.01245793340256,SUCCESS,0.0.731861,0.0.3961531&0.0.3964804,0.0.4138717@1785181008.021643360
0.0.10478184,55135.11476579699,SUCCESS,0.0.731861,0.0.3961531&0.0.3964804,0.0.4138717@1785181011.490702185
0.0.10204459,4.667555977346036,SUCCESS,0.0.731861,0.0.3961531,0.0.4138717@1785181008.078607800
0.0.1433179,0.707613053743769,SUCCESS,0.0.731861,0.0.3961531,0.0.4138717@1785181009.414850661
0.0.4363476,28.46367915058642,SUCCESS,0.0.731861,0.0.3961531,0.0.4138717@1785181009.262057504
0.0.10268439,43.22103530009993,SUCCESS,0.0.731861,0.0.3961531&0.0.3964790&0.0.3964804&0.0.5328590,0.0.4138717@1785181011.759679606
0.0.10510695,11.0077307232257,NOT_ASSOCIATED,0.0.731861,0.0.3961531,
0.0.10489509,55135.11476579699,SUCCESS,0.0.731861,0.0.3961531&0.0.3964804,0.0.4138717@1785181012.584549903
0.0.10062632,86.50196662733931,SUCCESS,0.0.731861,0.0.3961531&0.0.3964804&0.0.6071119&0.0.8315114&0.0.9774523&0.0.10018365&0.0.10092996&0.0.10414792,0.0.4138717@1785181010.075099354
0.0.10095007,0.8885712021053783,NOT_ASSOCIATED,0.0.731861,0.0.3961531,
0.0.663264,3.069245854881513,SUCCESS,0.0.731861,0.0.3961531&0.0.3964790,0.0.4138717@1785181009.861551626
0.0.1093567,1.423449213923518,SUCCESS,0.0.731861,0.0.3961531&0.0.3964790,0.0.4138717@1785181013.382686552
0.0.3169776,0.05698133510721388,SUCCESS,0.0.731861,0.0.3961531,0.0.4138717@1785181014.979863460
0.0.793410,1505.322126461997,SUCCESS,0.0.731861,0.0.3961531&0.0.3964827&0.0.5328590&0.0.6071041,0.0.4138717@1785181012.495349254
0.0.4715000,1.048394595797173,SUCCESS,0.0.731861,0.0.3961531,0.0.4138717@1785181014.102856084
0.0.863385,180.9322671230591,SUCCESS,0.0.731861,0.0.3961531,0.0.4138717@1785181015.274631593
0.0.1315254,3.837391078144777,SUCCESS,0.0.731861,0.0.3961531,0.0.4138717@1785181016.183544530
0.0.1152713,52801.2296345608,SUCCESS,0.0.731861,0.0.3961531&0.0.3964790&0.0.10387648&0.0.10418141,0.0.4138717@1785181013.573221173
0.0.1303938,7.488683051251215,NOT_ASSOCIATED,0.0.731861,0.0.3961531,
0.0.8183428,0.007471560378963889,SUCCESS,0.0.731861,0.0.3961531,0.0.4138717@1785181018.073880204
0.0.825672,117.1860899879371,SUCCESS,0.0.731861,0.0.3961531,0.0.4138717@1785181017.884297007
0.0.9210701,0.5132280600692963,FAIL,0.0.731861,0.0.3961531,
0.0.839555,1.27870658295317,SUCCESS,0.0.731861,0.0.3961531,0.0.4138717@1785181019.647462162
0.0.8355966,29.66669395110083,SUCCESS,0.0.731861,0.0.3961531,0.0.4138717@1785181017.039866862
0.0.3161254,55135.11476579699,SUCCESS,0.0.731861,0.0.3961531&0.0.3964804,0.0.4138717@1785181018.010210249
0.0.4346141,2.458249288341218,SUCCESS,0.0.731861,0.0.3961531,0.0.4138717@1785181016.105788973
0.0.6004406,18.06391896927983,SUCCESS,0.0.731861,0.0.3961531&0.0.3964827,0.0.4138717@1785181017.798212979
0.0.6435369,5.476670842311581,SUCCESS,0.0.731861,0.0.3961531,0.0.4138717@1785181017.711667315
0.0.7560867,0.007626334887294883,SUCCESS,0.0.731861,0.0.3961531,0.0.4138717@1785181018.308552445
0.0.7571792,0.01217643313457259,SUCCESS,0.0.731861,0.0.3961531,0.0.4138717@1785181019.559602215
0.0.1910938,0.07604258233431294,SUCCESS,0.0.731861,0.0.3961531,0.0.4138717@1785181022.643168364
0.0.8378238,1.465560773751759,SUCCESS,0.0.731861,0.0.3961531,0.0.4138717@1785181020.497500892
0.0.1431202,3.987935513344816,SUCCESS,0.0.731861,0.0.3961531,0.0.4138717@1785181025.205513527
0.0.9405888,0.229184410909728,SUCCESS,0.0.731861,0.0.3961531&0.0.3964804&0.0.5328590,0.0.4138717@1785181021.820019920
0.0.5435669,0.41420691366337,SUCCESS,0.0.731861,0.0.3961531,0.0.4138717@1785181026.973340709
0.0.3687323,0.00002436491504576823,SUCCESS,0.0.731861,0.0.3961531,0.0.4138717@1785181027.363965897
0.0.8147419,0.2118521349502316,SUCCESS,0.0.731861,0.0.3961531,0.0.4138717@1785181025.545511452
0.0.10124208,0.02182335819620776,SUCCESS,0.0.731861,0.0.3961531,0.0.4138717@1785181027.570042037
0.0.10223842,6.767686170410856,SUCCESS,0.0.731861,0.0.3961531,0.0.4138717@1785181027.946158186
0.0.10291442,1467.534568685439,SUCCESS,0.0.731861,0.0.3961531,0.0.4138717@1785181028.141059084
0.0.10359193,1103.299931369513,SUCCESS,0.0.731861,0.0.3961531&0.0.3964804&0.0.3964860&0.0.4601632&0.0.5328590,0.0.4138717@1785181029.879153664
0.0.10380727,11.54463996913243,SUCCESS,0.0.731861,0.0.3961531&0.0.3964790,0.0.4138717@1785181030.331689552
0.0.982207,369.6849098186576,SUCCESS,0.0.731861,0.0.3961531&0.0.3964790,0.0.4138717@1785181031.248692408
0.0.10601475,1528.182174317477,SUCCESS,0.0.731861,0.0.3961531,0.0.4138717@1785181029.124515085
0.0.10537470,11.50638459426863,SUCCESS,0.0.731861,0.0.3961531,0.0.4138717@1785181032.440306220
0.0.835929,0.00001284911781711733,SUCCESS,0.0.731861,0.0.3961531&0.0.3964790&0.0.4129330&0.0.4601632&0.0.5328590,0.0.4138717@1785181032.701856578
0.0.836858,119.3403962365304,SUCCESS,0.0.731861,0.0.3961531,0.0.4138717@1785181034.555888889
0.0.935686,1.686736931695631,SUCCESS,0.0.731861,0.0.3961531,0.0.4138717@1785181030.364618568
0.0.6306847,1.665872083671688,SUCCESS,0.0.731861,0.0.3961531&0.0.3964804&0.0.3964827,0.0.4138717@1785181031.877709629
0.0.6143425,0.02262659376157336,SUCCESS,0.0.731861,0.0.3961531,0.0.4138717@1785181032.007983854
0.0.4367595,1.057843076572909,SUCCESS,0.0.731861,0.0.3961531,0.0.4138717@1785181032.681777826
0.0.948513,130.3141903671338,SUCCESS,0.0.731861,0.0.3961531,0.0.4138717@1785181033.668410279
0.0.877394,0.04897714685048513,NOT_ASSOCIATED,0.0.731861,0.0.3961531&0.0.3964804,
0.0.8767225,2.872316267530021,SUCCESS,0.0.731861,0.0.3961531&0.0.3964804,0.0.4138717@1785181034.178941254
0.0.9279414,0.1584964563702919,SUCCESS,0.0.731861,0.0.3961531,0.0.4138717@1785181035.099592577
0.0.4639603,0.004466986377163012,NOT_ASSOCIATED,0.0.731861,0.0.3961531,
0.0.4712184,0.0003266954186434339,SUCCESS,0.0.731861,0.0.3961531&0.0.3964790,0.0.4138717@1785181033.555149757
0.0.4707801,0.2281925959143234,NOT_ASSOCIATED,0.0.731861,0.0.3961531,
0.0.1177017,1.564833846305475,SUCCESS,0.0.731861,0.0.3961531,0.0.4138717@1785181033.726775715
0.0.10541900,0.4750684565880808,SUCCESS,0.0.731861,0.0.3961531&0.0.3964804,0.0.4138717@1785181038.123428145
0.0.892088,6.205052155852088,SUCCESS,0.0.731861,0.0.3961531,0.0.4138717@1785181037.192081548
0.0.4594903,29.26665643248732,SUCCESS,0.0.731861,0.0.3961531&0.0.3964790&0.0.3964804,0.0.4138717@1785181036.980980797
0.0.953101,195.7829548578671,SUCCESS,0.0.731861,0.0.3961531,0.0.4138717@1785181040.139917210
0.0.9183843,1.486509756828558,NOT_ASSOCIATED,0.0.731861,0.0.3961531,
0.0.4853295,101.0307527029898,SUCCESS,0.0.731861,0.0.3961531&0.0.3964804,0.0.4138717@1785181037.877794282
0.0.9353895,0.0151614795225644,SUCCESS,0.0.731861,0.0.3961531,0.0.4138717@1785181041.159241083
0.0.1413657,30.95399700123724,SUCCESS,0.0.731861,0.0.3961531&0.0.4601632&0.0.5328590,0.0.4138717@1785181041.814939341
0.0.4328823,4.161388234209217,SUCCESS,0.0.731861,0.0.3964790&0.0.5328590,0.0.4138717@1785181041.831213847
0.0.4355907,0.2732417182607803,SUCCESS,0.0.731861,0.0.3964790,0.0.4138717@1785181040.709705581
0.0.942926,1364.373622859511,SUCCESS,0.0.731861,0.0.3964790,0.0.4138717@1785181041.292346475
0.0.10164571,0.09847492522620267,SUCCESS,0.0.731861,0.0.3964790,0.0.4138717@1785181041.213077078
0.0.10060744,0.005016752878078323,SUCCESS,0.0.731861,0.0.3964790,0.0.4138717@1785181046.828916849
0.0.10030621,0.00001845725664005186,SUCCESS,0.0.731861,0.0.3964790,0.0.4138717@1785181048.287131538
0.0.10023501,2.134412890919815e-8,SUCCESS,0.0.731861,0.0.3964790,0.0.4138717@1785181048.272605843
0.0.1380166,0.0004538868499792777,SUCCESS,0.0.731861,0.0.3964790,0.0.4138717@1785181048.581110181
0.0.9960625,1.170646075316025e-8,SUCCESS,0.0.731861,0.0.3964790,0.0.4138717@1785181050.331405398
0.0.4574338,0.0001827219888427411,SUCCESS,0.0.731861,0.0.3964790,0.0.4138717@1785181046.301788697
0.0.5326504,0.0129171644087601,SUCCESS,0.0.731861,0.0.3964790,0.0.4138717@1785181051.410152417
0.0.1416793,0.4613076908213019,SUCCESS,0.0.731861,0.0.3964790,0.0.4138717@1785181051.872871508
0.0.795838,0.8355545528417975,SUCCESS,0.0.731861,0.0.3964790&0.0.3964804,0.0.4138717@1785181049.892055200
0.0.8267043,0.5696838858772189,SUCCESS,0.0.731861,0.0.3964790&0.0.5328590,0.0.4138717@1785181050.605785965
0.0.8447885,1.471382140044019,SUCCESS,0.0.731861,0.0.3964790,0.0.4138717@1785181051.131134816
0.0.4330338,0.00002501677649713948,SUCCESS,0.0.731861,0.0.3964790,0.0.4138717@1785181054.183723432
0.0.8352642,60.23521072664191,SUCCESS,0.0.731861,0.0.3964790&0.0.3964804&0.0.4601632,0.0.4138717@1785181051.997522843
0.0.4754443,0.5018767862122901,SUCCESS,0.0.731861,0.0.3964790&0.0.3964804,0.0.4138717@1785181054.758783783
0.0.3854083,0.1738386612543772,SUCCESS,0.0.731861,0.0.3964790,0.0.4138717@1785181054.216041470
0.0.1504445,3.601109122591622,SUCCESS,0.0.731861,0.0.3964790,0.0.4138717@1785181054.987770418
0.0.877481,1188.226896297553,SUCCESS,0.0.731861,0.0.3964790&0.0.5328590,0.0.4138717@1785181059.546014045
0.0.9400801,5626.714460752377,SUCCESS,0.0.731861,0.0.3964790&0.0.3964855&0.0.4129330&0.0.4601632&0.0.5328590,0.0.4138717@1785181059.639505104
0.0.4759022,0.03609754070020599,SUCCESS,0.0.731861,0.0.3964790,0.0.4138717@1785181057.829629559
0.0.1703452,68.19874884216047,SUCCESS,0.0.731861,0.0.3964790&0.0.3964804,0.0.4138717@1785181058.823056271
0.0.3774696,0.004139404704255042,SUCCESS,0.0.731861,0.0.3964790,0.0.4138717@1785181059.109691434
0.0.4819535,0.01852254386490149,SUCCESS,0.0.731861,0.0.3964790,0.0.4138717@1785181059.366244544
0.0.732798,2.592059677828286,SUCCESS,0.0.731861,0.0.3964790&0.0.3964804&0.0.4129330,0.0.4138717@1785181061.844307134
0.0.4713784,6.21986120447537,SUCCESS,0.0.731861,0.0.3964790&0.0.3964827,0.0.4138717@1785181060.320274665
0.0.3304469,141.2553068655214,SUCCESS,0.0.731861,0.0.3964790&0.0.3964827,0.0.4138717@1785181063.412585967
0.0.4384266,2.130263158821315,SUCCESS,0.0.731861,0.0.3964790,0.0.4138717@1785181064.734504348
0.0.4205079,0.8548178326041062,SUCCESS,0.0.731861,0.0.3964790,0.0.4138717@1785181060.615888081
0.0.4337852,2.379791328206474,SUCCESS,0.0.731861,0.0.3964790,0.0.4138717@1785181064.950984735
0.0.6043615,8.48330529917193,SUCCESS,0.0.731861,0.0.3964790&0.0.3964827&0.0.3964855&0.0.5328590&0.0.6071041&0.0.8315114,0.0.4138717@1785181063.661741677
0.0.1073086,0.007826498527115788,SUCCESS,0.0.731861,0.0.3964790,0.0.4138717@1785181063.578998875
0.0.6047264,0.07861377975380628,SUCCESS,0.0.731861,0.0.3964790,0.0.4138717@1785181063.539651118
0.0.813712,0.5036098090390619,SUCCESS,0.0.731861,0.0.3964790,0.0.4138717@1785181064.642878271
0.0.5807981,21.36743309817678,SUCCESS,0.0.731861,0.0.3964790,0.0.4138717@1785181068.593910665
0.0.4367730,1.855077964551416,SUCCESS,0.0.731861,0.0.3964790,0.0.4138717@1785181066.254966447
0.0.9365757,15.02862859488961,SUCCESS,0.0.731861,0.0.3964790&0.0.3964804&0.0.5328590,0.0.4138717@1785181065.445701521
0.0.9301501,0.8055898014839981,SUCCESS,0.0.731861,0.0.3964790&0.0.5328590,0.0.4138717@1785181068.162650491
0.0.859176,1.98617941453956,SUCCESS,0.0.731861,0.0.3964790,0.0.4138717@1785181067.694548207
0.0.10135295,19.79788227977099,SUCCESS,0.0.731861,0.0.3964790&0.0.3964827,0.0.4138717@1785181068.236485933
0.0.7896827,0.1317212147726143,SUCCESS,0.0.731861,0.0.3964790&0.0.6071041,0.0.4138717@1785181070.445208243
0.0.8148901,1.083994736840195,SUCCESS,0.0.731861,0.0.3964790,0.0.4138717@1785181066.931618232
0.0.3903731,4.672165215877295e-7,NOT_ASSOCIATED,0.0.731861,0.0.3964790,
0.0.3926190,0.0004438875838928685,SUCCESS,0.0.731861,0.0.3964790,0.0.4138717@1785181071.193653135
0.0.4908409,0.00315937960616554,SUCCESS,0.0.731861,0.0.3964790,0.0.4138717@1785181070.988858687
0.0.5374006,0.0695950787400783,SUCCESS,0.0.731861,0.0.3964790&0.0.4601632,0.0.4138717@1785181071.550626286
0.0.858310,0.2401383623464447,SUCCESS,0.0.731861,0.0.3964790,0.0.4138717@1785181071.672026628
0.0.4540904,6.488175520027524,SUCCESS,0.0.731861,0.0.3964790&0.0.3964804&0.0.3964855,0.0.4138717@1785181072.785379202
0.0.3938365,2.079340261405972,SUCCESS,0.0.731861,0.0.3964790,0.0.4138717@1785181071.660274444
0.0.2174952,2.535784914155553,SUCCESS,0.0.731861,0.0.3964790&0.0.3964804,0.0.4138717@1785181070.116977154
0.0.4784258,3.775205707252489,SUCCESS,0.0.731861,0.0.3964790&0.0.3964804&0.0.3964855,0.0.4138717@1785181071.876466244
0.0.27463,5.689367552740544,SUCCESS,0.0.731861,0.0.3964790,0.0.4138717@1785181072.846906611
0.0.1093612,3.038719867445261,SUCCESS,0.0.731861,0.0.3964790&0.0.3964804,0.0.4138717@1785181072.239702937
0.0.6075972,0.7706765395130972,SUCCESS,0.0.731861,0.0.3964790,0.0.4138717@1785181075.420128936
0.0.7607102,0.09041978775877924,SUCCESS,0.0.731861,0.0.3964790&0.0.3964804,0.0.4138717@1785181075.391665537
0.0.794506,199.7748468710113,SUCCESS,0.0.731861,0.0.3964790&0.0.5328590,0.0.4138717@1785181072.324276788
0.0.966009,0.4613110309293424,SUCCESS,0.0.731861,0.0.3964790,0.0.4138717@1785181074.748604816
0.0.4371196,3.355389593199444,SUCCESS,0.0.731861,0.0.3964790,0.0.4138717@1785181073.757610010
0.0.8291825,9.768618645749267,SUCCESS,0.0.731861,0.0.3964790&0.0.3964804,0.0.4138717@1785181078.148107306
0.0.1018824,292.6568625285197,SUCCESS,0.0.731861,0.0.3964790&0.0.3964804&0.0.5328590,0.0.4138717@1785181074.907717995
0.0.4157394,0.0003016570156713833,SUCCESS,0.0.731861,0.0.3964790,0.0.4138717@1785181078.289432875
0.0.1082789,6570.649487459881,SUCCESS,0.0.731861,0.0.3964790,0.0.4138717@1785181075.588719873
0.0.7951,10562.24116071093,SUCCESS,0.0.731861,0.0.3964790&0.0.3964855,0.0.4138717@1785181075.632067317
0.0.1085174,1558.404807164177,SUCCESS,0.0.731861,0.0.3964790,0.0.4138717@1785181077.865982908
0.0.817883,0.02919008298601564,SUCCESS,0.0.731861,0.0.3964790,0.0.4138717@1785181076.756416186
0.0.835202,0.00110740751729582,SUCCESS,0.0.731861,0.0.3964790,0.0.4138717@1785181079.091036485
0.0.1314568,4555.828347545745,SUCCESS,0.0.731861,0.0.3964790,0.0.4138717@1785181081.282836083
0.0.920901,379.6498559217919,SUCCESS,0.0.731861,0.0.3964790&0.0.3964804,0.0.4138717@1785181079.642730998
0.0.837751,0.005653595104757093,SUCCESS,0.0.731861,0.0.3964790,0.0.4138717@1785181079.222999498
0.0.4558719,0.1113906508878656,NOT_ASSOCIATED,0.0.731861,0.0.3964804,
0.0.9687167,7.582677260090674,SUCCESS,0.0.731861,0.0.3964804&0.0.5328590,0.0.4138717@1785181080.660336800
0.0.4552348,0.1012188687540976,NOT_ASSOCIATED,0.0.731861,0.0.3964804,
0.0.7983506,0.0002059349722061778,NOT_ASSOCIATED,0.0.731861,0.0.3964804,
0.0.9477942,0.09388363995771733,NOT_ASSOCIATED,0.0.731861,0.0.3964804,
0.0.871471,17.2476561792777,SUCCESS,0.0.731861,0.0.3964804,0.0.4138717@1785181079.029531239
0.0.9150527,172.7822189199542,SUCCESS,0.0.731861,0.0.3964804&0.0.3964860&0.0.5328590,0.0.4138717@1785181083.361877006
0.0.4552309,0.0951889307136108,NOT_ASSOCIATED,0.0.731861,0.0.3964804,
0.0.4552382,0.0951835225229047,NOT_ASSOCIATED,0.0.731861,0.0.3964804,
0.0.9450539,5.415468244014111,NOT_ASSOCIATED,0.0.731861,0.0.3964804,
0.0.1056474,21.72615055445537,SUCCESS,0.0.731861,0.0.3964804,0.0.4138717@1785181083.838825464
0.0.887615,0.05724017567369244,SUCCESS,0.0.731861,0.0.3964804,0.0.4138717@1785181084.368569871
0.0.9364762,1.075382779056688,SUCCESS,0.0.731861,0.0.3964804&0.0.5328590,0.0.4138717@1785181083.764169579
0.0.190191,0.4140376989596495,NOT_ASSOCIATED,0.0.731861,0.0.3964804,
0.0.9541852,7.06495332788396,SUCCESS,0.0.731861,0.0.3964804&0.0.3964827,0.0.4138717@1785181084.345908091
0.0.8246604,0.00948015421073184,SUCCESS,0.0.731861,0.0.3964804,0.0.4138717@1785181082.548677371
0.0.8070994,8.65387340845205,NOT_ASSOCIATED,0.0.731861,0.0.3964804,
0.0.8080965,0.05263834142290469,NOT_ASSOCIATED,0.0.731861,0.0.3964804,
0.0.9729389,0.7321013649711585,NOT_ASSOCIATED,0.0.731861,0.0.3964804,
0.0.9590994,62.99978219102918,NOT_ASSOCIATED,0.0.731861,0.0.3964804,
0.0.9602777,0.09543408402809155,NOT_ASSOCIATED,0.0.731861,0.0.3964804,
0.0.5805332,6.6727211988503,SUCCESS,0.0.731861,0.0.3964804,0.0.4138717@1785181082.478147914
0.0.9636419,2.084386636948282,NOT_ASSOCIATED,0.0.731861,0.0.3964804,
0.0.5012902,0.03801470769118198,SUCCESS,0.0.731861,0.0.3964804,0.0.4138717@1785181085.751411160
0.0.4712922,0.5727523434028218,SUCCESS,0.0.731861,0.0.3964804,0.0.4138717@1785181084.089925709
0.0.3012601,29.61439414007275,SUCCESS,0.0.731861,0.0.3964804&0.0.5328590,0.0.4138717@1785181084.838067484
0.0.4140342,3.017361703752063,SUCCESS,0.0.731861,0.0.3964804&0.0.3964827,0.0.4138717@1785181087.692693497
0.0.9720442,0.3580209010002769,NOT_ASSOCIATED,0.0.731861,0.0.3964804,
0.0.4576074,6.012536630736167,SUCCESS,0.0.731861,0.0.3964804,0.0.4138717@1785181084.692913700
0.0.9509413,0.2024210739419565,NOT_ASSOCIATED,0.0.731861,0.0.3964804,
0.0.820706,26.28566805067658,SUCCESS,0.0.731861,0.0.3964804,0.0.4138717@1785181086.113656192
0.0.816698,50.38605533698301,SUCCESS,0.0.731861,0.0.3964804,0.0.4138717@1785181089.044089112
0.0.10093024,1.333791390251327,SUCCESS,0.0.731861,0.0.3964804,0.0.4138717@1785181086.639444408
0.0.9584885,0.5729682479395733,SUCCESS,0.0.731861,0.0.3964804&0.0.5328590,0.0.4138717@1785181090.569219302
0.0.1704489,0.00190129019333647,NOT_ASSOCIATED,0.0.731861,0.0.3964804,
0.0.4749526,192.6283106909376,NOT_ASSOCIATED,0.0.731861,0.0.3964804,
0.0.10014449,0.2584175689562691,SUCCESS,0.0.731861,0.0.3964804,0.0.4138717@1785181091.349642922
0.0.10157649,31.14298241408859,NOT_ASSOCIATED,0.0.731861,0.0.3964804,
0.0.4372819,0.1035651381623203,SUCCESS,0.0.731861,0.0.3964804,0.0.4138717@1785181091.598075466
0.0.10219431,9.127464196305246,NOT_ASSOCIATED,0.0.731861,0.0.3964804,
0.0.8083839,3381.806631153906,SUCCESS,0.0.731861,0.0.3964804&0.0.3964827&0.0.3964860&0.0.5328590,0.0.4138717@1785181089.967429563
0.0.9273022,0.002020336694456906,SUCCESS,0.0.731861,0.0.3964804,0.0.4138717@1785181088.679983970
0.0.4499088,0.3052509269206423,NOT_ASSOCIATED,0.0.731861,0.0.3964804,
0.0.1365779,1.696315014595443,SUCCESS,0.0.731861,0.0.3964804,0.0.4138717@1785181089.988355995
0.0.10251800,0.004069506500023272,NOT_ASSOCIATED,0.0.731861,0.0.3964804,
0.0.1459068,0.2315646510187435,SUCCESS,0.0.731861,0.0.3964804,0.0.4138717@1785181090.844955462
0.0.751161,10.3079533196296,SUCCESS,0.0.731861,0.0.3964804,0.0.4138717@1785181090.770562812
0.0.5922808,0.1938860282387418,SUCCESS,0.0.731861,0.0.3964804,0.0.4138717@1785181092.180489017
0.0.4571567,18.07454198722631,SUCCESS,0.0.731861,0.0.3964804,0.0.4138717@1785181093.427151387
0.0.1024843,0.0005082509552198358,SUCCESS,0.0.731861,0.0.3964804&0.0.3964855&0.0.3964860,0.0.4138717@1785181094.480451919
0.0.1105845,20.92591219262759,SUCCESS,0.0.731861,0.0.3964804,0.0.4138717@1785181095.966257364
0.0.10004246,2.966191695293666,NOT_ASSOCIATED,0.0.731861,0.0.3964804,
0.0.4873525,0.3215431833800791,SUCCESS,0.0.731861,0.0.3964804,0.0.4138717@1785181096.428223171
0.0.9640903,22.75851701161035,SUCCESS,0.0.731861,0.0.3964804&0.0.4601632,0.0.4138717@1785181094.380907466
0.0.9973346,0.02151369606983947,NOT_ASSOCIATED,0.0.731861,0.0.3964804,
0.0.10072624,0.2085698772568459,SUCCESS,0.0.731861,0.0.3964804,0.0.4138717@1785181094.029322419
0.0.10371833,369.8194945888585,SUCCESS,0.0.731861,0.0.3964804,0.0.4138717@1785181097.448398054
0.0.1365814,1.616025163449767,SUCCESS,0.0.731861,0.0.3964804,0.0.4138717@1785181098.085289824
0.0.3077609,13.62888632337614,SUCCESS,0.0.731861,0.0.3964804,0.0.4138717@1785181099.220652530
0.0.1714233,1.503828464946335,SUCCESS,0.0.731861,0.0.3964804,0.0.4138717@1785181096.457705188
0.0.8414409,0.08403243532508413,SUCCESS,0.0.731861,0.0.3964804,0.0.4138717@1785181099.435067767
0.0.8385016,1.719723578572552,SUCCESS,0.0.731861,0.0.3964804,0.0.4138717@1785181099.954585393
0.0.8198608,2.102850515123725,SUCCESS,0.0.731861,0.0.3964804,0.0.4138717@1785181096.762586757
0.0.5524338,0.2554254862758538,SUCCESS,0.0.731861,0.0.3964804,0.0.4138717@1785181101.022623446
0.0.1459865,8.861683174988437,NOT_ASSOCIATED,0.0.731861,0.0.3964804,
0.0.8357089,3.315019529526943,NOT_ASSOCIATED,0.0.731861,0.0.3964804,
0.0.8585468,0.004811571032369309,SUCCESS,0.0.731861,0.0.3964804,0.0.4138717@1785181101.632197233
0.0.8256574,0.03122246962411636,SUCCESS,0.0.731861,0.0.3964804,0.0.4138717@1785181102.599333432
0.0.8792600,0.01559285486115565,NOT_ASSOCIATED,0.0.731861,0.0.3964804,
0.0.7788265,0.9655587239707716,NOT_ASSOCIATED,0.0.731861,0.0.3964804,
0.0.9009997,2.188828986038172,NOT_ASSOCIATED,0.0.731861,0.0.3964804,
0.0.9065767,3.990291881300635,SUCCESS,0.0.731861,0.0.3964804,0.0.4138717@1785181099.005665500
0.0.7964752,0.02171742935746989,SUCCESS,0.0.731861,0.0.3964804,0.0.4138717@1785181103.072207773
0.0.1906790,0.05938675337895586,SUCCESS,0.0.731861,0.0.3964804,0.0.4138717@1785181101.535462327
0.0.8178093,0.4689323277033903,NOT_ASSOCIATED,0.0.731861,0.0.3964804,
0.0.5761971,0.0008168382915511225,SUCCESS,0.0.731861,0.0.3964804,0.0.4138717@1785181103.515267438
0.0.7997139,0.5604466330967629,SUCCESS,0.0.731861,0.0.3964804,0.0.4138717@1785181104.485266022
0.0.8209324,2.955585915016754,SUCCESS,0.0.731861,0.0.3964804,0.0.4138717@1785181105.043391777
0.0.4867972,0.1731487309978375,SUCCESS,0.0.731861,0.0.3964804,0.0.4138717@1785181104.225978182
0.0.7049977,0.04350470077332159,NOT_ASSOCIATED,0.0.731861,0.0.3964804,
0.0.2025203,0.4338853958044235,SUCCESS,0.0.731861,0.0.3964804,0.0.4138717@1785181106.962827786
0.0.9095016,10.22786272638469,NOT_ASSOCIATED,0.0.731861,0.0.3964804,
0.0.8298814,8.764425145377253,SUCCESS,0.0.731861,0.0.3964804,0.0.4138717@1785181105.233326525
0.0.8156060,0.5534906854385173,SUCCESS,0.0.731861,0.0.3964804,0.0.4138717@1785181107.694277510
0.0.8323906,88.41307922686437,NOT_ASSOCIATED,0.0.731861,0.0.3964804,
0.0.8346544,15.78727665220792,NOT_ASSOCIATED,0.0.731861,0.0.3964804,
0.0.8357708,87.68341873244532,SUCCESS,0.0.731861,0.0.3964804,0.0.4138717@1785181103.522913753
0.0.5159009,158.8570270768783,SUCCESS,0.0.731861,0.0.3964804,0.0.4138717@1785181107.717330928
0.0.1862342,1.724889747306409,SUCCESS,0.0.731861,0.0.3964804,0.0.4138717@1785181107.598240223
0.0.8175769,1.820611049223414,SUCCESS,0.0.731861,0.0.3964804,0.0.4138717@1785181109.549253436
0.0.8113254,7.446515910905548,SUCCESS,0.0.731861,0.0.3964804&0.0.4601632&0.0.5328590,0.0.4138717@1785181110.300288657
0.0.6068301,13.62445016409843,SUCCESS,0.0.731861,0.0.3964804&0.0.5328590,0.0.4138717@1785181110.215471112
0.0.9275748,19.03385600320873,SUCCESS,0.0.731861,0.0.3964804&0.0.3964827,0.0.4138717@1785181110.320492954
0.0.9285770,0.5970345929005445,NOT_ASSOCIATED,0.0.731861,0.0.3964804,
0.0.8880678,0.1332112585186356,SUCCESS,0.0.731861,0.0.3964804,0.0.4138717@1785181108.450546883
0.0.9196038,0.9590860981231731,SUCCESS,0.0.731861,0.0.3964804,0.0.4138717@1785181108.023716748
0.0.9318048,0.08555919101238191,NOT_ASSOCIATED,0.0.731861,0.0.3964804,
0.0.4821795,14.66262391081478,SUCCESS,0.0.731861,0.0.3964804,0.0.4138717@1785181109.213541813
0.0.9367202,0.009954784269353426,NOT_ASSOCIATED,0.0.731861,0.0.3964804,
0.0.813564,0.005465069504391165,SUCCESS,0.0.731861,0.0.3964804,0.0.4138717@1785181111.321566856
0.0.6160732,0.3948976373356551,NOT_ASSOCIATED,0.0.731861,0.0.3964804,
0.0.9146353,13.36028071080817,SUCCESS,0.0.731861,0.0.3964804,0.0.4138717@1785181109.484827493
0.0.9169121,1.699881375650971,SUCCESS,0.0.731861,0.0.3964804,0.0.4138717@1785181111.736137108
0.0.7550890,0.656248284672998,SUCCESS,0.0.731861,0.0.3964804,0.0.4138717@1785181113.902555766
0.0.1090802,0.3798174372839564,SUCCESS,0.0.731861,0.0.3964804,0.0.4138717@1785181115.730099251
0.0.689277,41.68171615534266,SUCCESS,0.0.731861,0.0.3964804,0.0.4138717@1785181114.775690767
0.0.53756,18.09667782628686,SUCCESS,0.0.731861,0.0.3964804,0.0.4138717@1785181111.576849516
0.0.958821,82.43502169186984,SUCCESS,0.0.731861,0.0.3964804,0.0.4138717@1785181115.094875015
0.0.9444587,10.58700963532662,SUCCESS,0.0.731861,0.0.3964804,0.0.4138717@1785181116.575136937
0.0.8392843,1.910634547546327,NOT_ASSOCIATED,0.0.731861,0.0.3964804,
0.0.9086562,0.02849283492204278,SUCCESS,0.0.731861,0.0.3964804,0.0.4138717@1785181114.822176748
0.0.9177141,0.2687968583461118,NOT_ASSOCIATED,0.0.731861,0.0.3964804,
0.0.1403937,0.04521463322819617,SUCCESS,0.0.731861,0.0.3964804,0.0.4138717@1785181115.570733023
0.0.1118731,0.07904614506827659,SUCCESS,0.0.731861,0.0.3964804,0.0.4138717@1785181117.083464650
0.0.6258091,6.290223444596231,SUCCESS,0.0.731861,0.0.3964804,0.0.4138717@1785181119.272106744
0.0.3961176,0.121062245015107,NOT_ASSOCIATED,0.0.731861,0.0.3964804,
0.0.10454179,0.1632768250142881,SUCCESS,0.0.731861,0.0.3964804,0.0.4138717@1785181119.690000180
0.0.836080,0.01205028389886353,SUCCESS,0.0.731861,0.0.3964804&0.0.3964827&0.0.3964855,0.0.4138717@1785181116.416334631
0.0.8733798,16.95101592254404,SUCCESS,0.0.731861,0.0.3964804,0.0.4138717@1785181118.396067047
0.0.1412348,305.7924495484579,SUCCESS,0.0.731861,0.0.3964804,0.0.4138717@1785181117.595367275
0.0.8084528,95.83288989545272,SUCCESS,0.0.731861,0.0.3964804,0.0.4138717@1785181116.904381850
0.0.6078189,5.97278754996937,SUCCESS,0.0.731861,0.0.3964804,0.0.4138717@1785181120.079040842
0.0.9304292,436.1629376838493,SUCCESS,0.0.731861,0.0.3964804&0.0.5328590,0.0.4138717@1785181118.048414645
0.0.835034,94.65005693200594,SUCCESS,0.0.731861,0.0.3964804&0.0.5328590,0.0.4138717@1785181120.143466348
0.0.8538714,0.7171037046438437,SUCCESS,0.0.731861,0.0.3964804,0.0.4138717@1785181121.155962628
0.0.4814986,0.02521533325711696,SUCCESS,0.0.731861,0.0.3964804,0.0.4138717@1785181120.753606352
0.0.1088074,168.3722656702978,SUCCESS,0.0.731861,0.0.3964804&0.0.3964860&0.0.4601632,0.0.4138717@1785181123.556066510
0.0.10610396,2.430603495278693,NOT_ASSOCIATED,0.0.731861,0.0.3964804,
0.0.10435638,0.8409734277709614,SUCCESS,0.0.731861,0.0.3964804,0.0.4138717@1785181122.527627127
0.0.2216740,366.6075634490602,SUCCESS,0.0.731861,0.0.3964804,0.0.4138717@1785181123.438761516
0.0.10420709,3.796077989875045,SUCCESS,0.0.731861,0.0.3964804,0.0.4138717@1785181121.622306381
0.0.10420688,12.51552115441392,SUCCESS,0.0.731861,0.0.3964804,0.0.4138717@1785181122.430737740
0.0.10456759,998.9662003699393,SUCCESS,0.0.731861,0.0.3964804&0.0.3964860,0.0.4138717@1785181122.400979581
0.0.10465417,8.963820718130162,NOT_ASSOCIATED,0.0.731861,0.0.3964804,
0.0.10237154,83.32849799566748,SUCCESS,0.0.731861,0.0.3964804,0.0.4138717@1785181123.869402399
0.0.5850916,6.045811209205191,SUCCESS,0.0.731861,0.0.3964804,0.0.4138717@1785181125.183217460
0.0.844877,22.41457721925256,SUCCESS,0.0.731861,0.0.3964804,0.0.4138717@1785181124.560922316
0.0.9144627,757.0530292060297,SUCCESS,0.0.731861,0.0.3964804&0.0.4601632,0.0.4138717@1785181127.409190341
0.0.10495365,0.000002948447979308469,NOT_ASSOCIATED,0.0.731861,0.0.3964804,
0.0.10496154,0.02144681158413514,NOT_ASSOCIATED,0.0.731861,0.0.3964804,
0.0.10502045,24.41827652425788,NOT_ASSOCIATED,0.0.731861,0.0.3964804,
0.0.10608781,18982.94851800255,SUCCESS,0.0.731861,0.0.3964804&0.0.6126395,0.0.4138717@1785181127.574781922
0.0.7989176,5.716339085487432,SUCCESS,0.0.731861,0.0.3964804,0.0.4138717@1785181128.633775070
0.0.8177816,0.2955597506367857,SUCCESS,0.0.731861,0.0.3964804,0.0.4138717@1785181126.562897104
0.0.7950871,667.1822379348213,SUCCESS,0.0.731861,0.0.3964804&0.0.3964827&0.0.4601632&0.0.10498271&0.0.10498274&0.0.10498278&0.0.10498280,0.0.4138717@1785181127.393193445
0.0.5459660,19.40554453722006,SUCCESS,0.0.731861,0.0.3964804,0.0.4138717@1785181129.316761892
0.0.10303974,7.892676745135394,SUCCESS,0.0.731861,0.0.3964804,0.0.4138717@1785181130.369542489
0.0.1198079,1609.386667650294,SUCCESS,0.0.731861,0.0.3964804,0.0.4138717@1785181129.656882449
0.0.965222,99.7831046606717,SUCCESS,0.0.731861,0.0.3964804,0.0.4138717@1785181129.179191861
0.0.1930336,110.3428070059555,SUCCESS,0.0.731861,0.0.3964804,0.0.4138717@1785181130.662429995
0.0.10231452,8265.059751228036,SUCCESS,0.0.731861,0.0.3964804&0.0.10414792,0.0.4138717@1785181130.835722231
0.0.937712,96.17555067284523,SUCCESS,0.0.731861,0.0.3964804,0.0.4138717@1785181130.879491917
0.0.664593,60.8760404149453,SUCCESS,0.0.731861,0.0.3964804,0.0.4138717@1785181132.634732684
0.0.7732066,9.844343837828516,SUCCESS,0.0.731861,0.0.3964804,0.0.4138717@1785181135.375900748
0.0.560837,368.0815354392503,SUCCESS,0.0.731861,0.0.3964804,0.0.4138717@1785181134.523468584
0.0.10584246,6419.345941142198,SUCCESS,0.0.731861,0.0.3964804,0.0.4138717@1785181136.731887199
0.0.10612841,371.2844151958557,SUCCESS,0.0.731861,0.0.3964804,0.0.4138717@1785181137.936600793
0.0.10151415,34.38092285726648,SUCCESS,0.0.731861,0.0.3964804,0.0.4138717@1785181135.257130009
0.0.10410907,11147.09034453523,SUCCESS,0.0.731861,0.0.3964804,0.0.4138717@1785181139.577977445
0.0.4346529,32.5606474031624,SUCCESS,0.0.731861,0.0.3964804,0.0.4138717@1785181136.855287860
0.0.859649,1.173708232489724,SUCCESS,0.0.731861,0.0.3964804,0.0.4138717@1785181140.216004739
0.0.10630416,1.856298491822216,SUCCESS,0.0.731861,0.0.3964804,0.0.4138717@1785181137.770492207
0.0.8241599,7.867498082198664,SUCCESS,0.0.731861,0.0.3964804,0.0.4138717@1785181142.004872035
0.0.8146497,10.81568789916175,SUCCESS,0.0.731861,0.0.3964804&0.0.5328590,0.0.4138717@1785181142.313775687
0.0.6181303,47.10908632973026,SUCCESS,0.0.731861,0.0.3964804,0.0.4138717@1785181139.935983233
0.0.1082201,300.6615457271192,SUCCESS,0.0.731861,0.0.3964804,0.0.4138717@1785181140.531094035
0.0.838388,216.6648996567413,SUCCESS,0.0.731861,0.0.3964804,0.0.4138717@1785181143.758572972
0.0.3100704,3384.208520698076,SUCCESS,0.0.731861,0.0.3964804&0.0.3964860&0.0.4601632&0.0.5328590,0.0.4138717@1785181144.329812919
0.0.4350498,0.001924201295632896,SUCCESS,0.0.731861,0.0.3964804,0.0.4138717@1785181144.652847906
0.0.4341116,6.739990461536358,SUCCESS,0.0.731861,0.0.3964804,0.0.4138717@1785181141.826757153
0.0.10420713,1.170047022325831,SUCCESS,0.0.731861,0.0.3964804,0.0.4138717@1785181144.433463552
0.0.10543839,6.094721070221284,SUCCESS,0.0.731861,0.0.3964804,0.0.4138717@1785181146.152612811
0.0.2299836,9008.827854638464,SUCCESS,0.0.731861,0.0.3964804,0.0.4138717@1785181142.852066141
0.0.837554,2670.625852424698,SUCCESS,0.0.731861,0.0.3964804&0.0.3964860&0.0.4129330&0.0.4601632,0.0.4138717@1785181144.902618765
0.0.3687848,53.98849071420535,SUCCESS,0.0.731861,0.0.3964804,0.0.4138717@1785181147.713577407
0.0.10253402,33.12404887895384,SUCCESS,0.0.731861,0.0.3964804,0.0.4138717@1785181144.142443707
0.0.9275976,183.6849794279507,SUCCESS,0.0.731861,0.0.3964804,0.0.4138717@1785181147.439785663
0.0.10178497,37.61607047169967,SUCCESS,0.0.731861,0.0.3964804,0.0.4138717@1785181146.476301236
0.0.8068660,0.07255403538204624,SUCCESS,0.0.731861,0.0.3964804,0.0.4138717@1785181146.823101628
0.0.1114728,0.0833281331031169,SUCCESS,0.0.731861,0.0.3964804,0.0.4138717@1785181145.397190961
0.0.4766806,79.57758003560777,SUCCESS,0.0.731861,0.0.3964804,0.0.4138717@1785181145.994972099
0.0.590682,0.2787744915969243,SUCCESS,0.0.731861,0.0.3964804,0.0.4138717@1785181149.540570660
0.0.7098838,6.827553111557335,SUCCESS,0.0.731861,0.0.3964804,0.0.4138717@1785181147.993049846
0.0.7809201,0.0009091273985111942,SUCCESS,0.0.731861,0.0.3964804,0.0.4138717@1785181148.847127420
0.0.8002619,3.009501563520603,SUCCESS,0.0.731861,0.0.3964804,0.0.4138717@1785181150.880155464
0.0.7931472,1.916947540952534,SUCCESS,0.0.731861,0.0.3964804,0.0.4138717@1785181150.929985370
0.0.7188749,14.14604984957903,SUCCESS,0.0.731861,0.0.3964804,0.0.4138717@1785181151.978318702
0.0.1181772,0.605776436349427,SUCCESS,0.0.731861,0.0.3964804&0.0.6126395,0.0.4138717@1785181150.390168829
0.0.8104363,3017.665334303203,SUCCESS,0.0.731861,0.0.3964804,0.0.4138717@1785181151.653992399
0.0.8115823,1.137581912976489,SUCCESS,0.0.731861,0.0.3964804,0.0.4138717@1785181150.702024067
0.0.8152447,7.295962810978577,SUCCESS,0.0.731861,0.0.3964804,0.0.4138717@1785181150.687497210
0.0.8304314,0.7379690188262845,SUCCESS,0.0.731861,0.0.3964804,0.0.4138717@1785181152.963799941
0.0.8548028,0.003570936848083035,SUCCESS,0.0.731861,0.0.3964804,0.0.4138717@1785181150.939213081
0.0.8602366,15.05924245702136,SUCCESS,0.0.731861,0.0.3964804,0.0.4138717@1785181155.469183855
0.0.5804427,26.32955885864924,SUCCESS,0.0.731861,0.0.3964804&0.0.4601632,0.0.4138717@1785181153.833323182
0.0.683815,0.4738811291773978,SUCCESS,0.0.731861,0.0.3964804,0.0.4138717@1785181154.757024560
0.0.1696471,8.006825906482646,SUCCESS,0.0.731861,0.0.3964804,0.0.4138717@1785181155.163614522
0.0.955353,1.349752829605225,NOT_ASSOCIATED,0.0.731861,0.0.3964804,
0.0.857763,13.78875932359664,SUCCESS,0.0.731861,0.0.3964804,0.0.4138717@1785181154.917066098
0.0.5742160,109.6163095895414,SUCCESS,0.0.731861,0.0.3964804,0.0.4138717@1785181157.948592954
0.0.1956746,0.4660848459779094,SUCCESS,0.0.731861,0.0.3964804,0.0.4138717@1785181156.681292973
0.0.8640197,6.916910584903111,SUCCESS,0.0.731861,0.0.3964804,0.0.4138717@1785181156.492229282
0.0.6299908,26.98056936391918,SUCCESS,0.0.731861,0.0.3964804,0.0.4138717@1785181157.342266214
0.0.2995390,26.61448907717044,SUCCESS,0.0.731861,0.0.3964804,0.0.4138717@1785181158.467713328
0.0.6315303,25.41995669549269,SUCCESS,0.0.731861,0.0.3964804,0.0.4138717@1785181161.217132060
0.0.6333135,145.3947960819221,SUCCESS,0.0.731861,0.0.3964804,0.0.4138717@1785181157.367680665
0.0.6334018,8.432424152295253,SUCCESS,0.0.731861,0.0.3964804,0.0.4138717@1785181157.366935329
0.0.4561752,4.645770700427962,SUCCESS,0.0.731861,0.0.3964804&0.0.5328590&0.0.6071041,0.0.4138717@1785181161.905079615
0.0.5957081,4.385943181821666,SUCCESS,0.0.731861,0.0.3964804,0.0.4138717@1785181160.872561664
0.0.10244829,0.2103345104488384,SUCCESS,0.0.731861,0.0.3964804,0.0.4138717@1785181158.763993125
0.0.9593512,0.03548285691325037,SUCCESS,0.0.731861,0.0.3964804,0.0.4138717@1785181159.654473518
0.0.1365923,0.1670206774229488,SUCCESS,0.0.731861,0.0.3964804,0.0.4138717@1785181163.230173604
0.0.10007904,0.01776491431900675,SUCCESS,0.0.731861,0.0.3964804,0.0.4138717@1785181161.940276279
0.0.10035851,525.1968448557174,SUCCESS,0.0.731861,0.0.3964804,0.0.4138717@1785181163.012704197
0.0.10115705,0.006898018620447221,SUCCESS,0.0.731861,0.0.3964804,0.0.4138717@1785181160.787802600
0.0.10164472,10334.30402149727,SUCCESS,0.0.731861,0.0.3964804,0.0.4138717@1785181165.139306154
0.0.818498,0.1603125071565786,SUCCESS,0.0.731861,0.0.3964804,0.0.4138717@1785181164.850976644
0.0.10248120,3.699643408153393,SUCCESS,0.0.731861,0.0.3964804,0.0.4138717@1785181164.393749048
0.0.10035663,5.001525613024357,SUCCESS,0.0.731861,0.0.3964804,0.0.4138717@1785181164.851718373
0.0.10267166,744.1403258469577,NOT_ASSOCIATED,0.0.731861,0.0.3964804,
0.0.10267167,0.0390746688254862,NOT_ASSOCIATED,0.0.731861,0.0.3964804,
0.0.9234350,45.66665440170333,SUCCESS,0.0.731861,0.0.3964804,0.0.4138717@1785181164.274693733
0.0.10307970,0.01172368298564723,NOT_ASSOCIATED,0.0.731861,0.0.3964804,
0.0.10308209,1270.776193149032,NOT_ASSOCIATED,0.0.731861,0.0.3964804,
0.0.3953598,717.3967202500473,SUCCESS,0.0.731861,0.0.3964804,0.0.4138717@1785181164.459907163
0.0.9301506,0.1072554209005149,SUCCESS,0.0.731861,0.0.3964804,0.0.4138717@1785181166.114738380
0.0.8383256,0.006338826296184758,SUCCESS,0.0.731861,0.0.3964804,0.0.4138717@1785181165.646559386
0.0.9034617,0.7644552587283711,SUCCESS,0.0.731861,0.0.3964804,0.0.4138717@1785181167.166450126
0.0.9162845,4.656968283307396,SUCCESS,0.0.731861,0.0.3964804,0.0.4138717@1785181166.246901352
0.0.8108637,0.002701224859284863,SUCCESS,0.0.731861,0.0.3964804&0.0.8315114,0.0.4138717@1785181170.477849700
0.0.8188301,4.958448459288917,SUCCESS,0.0.731861,0.0.3964804,0.0.4138717@1785181170.499162157
0.0.9177203,0.05152855185442645,SUCCESS,0.0.731861,0.0.3964804,0.0.4138717@1785181166.684463135
0.0.1052080,8.389505888947216,SUCCESS,0.0.731861,0.0.3964804,0.0.4138717@1785181168.105833905
0.0.1703381,14.34483128398639,SUCCESS,0.0.731861,0.0.3964804,0.0.4138717@1785181171.742075602
0.0.1503602,4.863344158614779,SUCCESS,0.0.731861,0.0.3964804,0.0.4138717@1785181169.828115866
0.0.3211610,37.1707918061736,SUCCESS,0.0.731861,0.0.3964804&0.0.5328590,0.0.4138717@1785181169.706166235
0.0.9707528,2245.417496197767,NOT_ASSOCIATED,0.0.731861,0.0.3964804,
0.0.9707531,4213.98516564888,NOT_ASSOCIATED,0.0.731861,0.0.3964804,
0.0.9774219,0.05170722559066027,SUCCESS,0.0.731861,0.0.3964804,0.0.4138717@1785181172.174800617
0.0.1400807,8.109524544520136,SUCCESS,0.0.731861,0.0.3964804,0.0.4138717@1785181170.896175515
0.0.1486421,9.335374862023633,SUCCESS,0.0.731861,0.0.3964804,0.0.4138717@1785181172.324704157
0.0.3916542,0.2774734918878368,SUCCESS,0.0.731861,0.0.3964804&0.0.3964827,0.0.4138717@1785181171.166248555
0.0.4566469,7.660165794362735,SUCCESS,0.0.731861,0.0.3964804,0.0.4138717@1785181174.997793806
0.0.887612,15.12299501787521,SUCCESS,0.0.731861,0.0.3964804,0.0.4138717@1785181171.530770764
0.0.811739,88.88909130554111,SUCCESS,0.0.731861,0.0.3964804&0.0.5328590,0.0.4138717@1785181172.220289044
0.0.1463093,8.143137179648745,SUCCESS,0.0.731861,0.0.3964804,0.0.4138717@1785181175.340977942
0.0.4504544,70.7075610693471,SUCCESS,0.0.731861,0.0.3964804,0.0.4138717@1785181175.384605176
0.0.2004450,0.5158785937173577,SUCCESS,0.0.731861,0.0.3964804,0.0.4138717@1785181173.365316375
0.0.1337171,577.0902955906365,SUCCESS,0.0.731861,0.0.3964804&0.0.3964827&0.0.3964860&0.0.4601632&0.0.6071911,0.0.4138717@1785181175.620336697
0.0.862835,432.5159833122877,SUCCESS,0.0.731861,0.0.3964804&0.0.3964827&0.0.6071911,0.0.4138717@1785181174.841146594
0.0.7798912,18.80087620213992,SUCCESS,0.0.731861,0.0.3964804,0.0.4138717@1785181174.707844305
0.0.1359581,167.6819307231759,SUCCESS,0.0.731861,0.0.3964804&0.0.3964827,0.0.4138717@1785181176.269937921
0.0.791414,2.893088824431704,SUCCESS,0.0.731861,0.0.3964804,0.0.4138717@1785181178.512990336
0.0.1746011,13.8574465150845,SUCCESS,0.0.731861,0.0.3964804,0.0.4138717@1785181178.743043577
0.0.4883729,2.834461737224814,SUCCESS,0.0.731861,0.0.3964804,0.0.4138717@1785181178.325769154
0.0.4312267,48.12411631282379,SUCCESS,0.0.731861,0.0.3964804,0.0.4138717@1785181177.039262420
0.0.2150506,0.266539150642184,SUCCESS,0.0.731861,0.0.3964804,0.0.4138717@1785181179.767010339
0.0.3240624,0.01577411885610636,SUCCESS,0.0.731861,0.0.3964804,0.0.4138717@1785181177.441312106
0.0.4765612,88.96215515769849,SUCCESS,0.0.731861,0.0.3964804&0.0.5328590,0.0.4138717@1785181180.008198320
0.0.7937765,7.580807413672757,NOT_ASSOCIATED,0.0.731861,0.0.3964804,
0.0.6343911,10.7854468269958,SUCCESS,0.0.731861,0.0.3964804,0.0.4138717@1785181181.609146062
0.0.7703838,0.07195985439321578,SUCCESS,0.0.731861,0.0.3964804,0.0.4138717@1785181183.943276059
0.0.794930,0.4648327756805218,SUCCESS,0.0.731861,0.0.3964804,0.0.4138717@1785181181.573115691
0.0.6004536,0.4784469478480651,SUCCESS,0.0.731861,0.0.3964804,0.0.4138717@1785181180.216264089
0.0.7450449,3.539666853187712,NOT_ASSOCIATED,0.0.731861,0.0.3964804,
0.0.6475509,1.434665599343492,SUCCESS,0.0.731861,0.0.3964804,0.0.4138717@1785181184.432846421
0.0.662621,3.578219766560054,SUCCESS,0.0.731861,0.0.3964804,0.0.4138717@1785181184.449743011
0.0.7312670,8.429933566151984,SUCCESS,0.0.731861,0.0.3964804,0.0.4138717@1785181183.877488911
0.0.1124401,15.63141566193685,SUCCESS,0.0.731861,0.0.3964804,0.0.4138717@1785181185.525740968
0.0.892270,41.10469983053274,SUCCESS,0.0.731861,0.0.3964804,0.0.4138717@1785181182.689077326
0.0.7961490,1.379917486039547,NOT_ASSOCIATED,0.0.731861,0.0.3964804,
0.0.7631749,0.01059051009956443,SUCCESS,0.0.731861,0.0.3964804,0.0.4138717@1785181184.340915799
0.0.3872629,4.22788730392196,SUCCESS,0.0.731861,0.0.3964804,0.0.4138717@1785181185.908122252
0.0.1524063,28.04203924826748,SUCCESS,0.0.731861,0.0.3964804,0.0.4138717@1785181185.121926203
0.0.7290965,4.167600290155812,SUCCESS,0.0.731861,0.0.3964804,0.0.4138717@1785181188.765048723
0.0.7662545,0.03721817746536252,NOT_ASSOCIATED,0.0.731861,0.0.3964804,
0.0.4887338,5.346867288626167,SUCCESS,0.0.731861,0.0.3964804,0.0.4138717@1785181185.319105372
0.0.496172,9.527430482035497,SUCCESS,0.0.731861,0.0.3964804,0.0.4138717@1785181187.563806599
0.0.838791,8.895648525874112,SUCCESS,0.0.731861,0.0.3964804,0.0.4138717@1785181185.831210068
0.0.7710235,1.05407421702037,SUCCESS,0.0.731861,0.0.3964804,0.0.4138717@1785181188.912487368
0.0.4431727,1.244150596539715,SUCCESS,0.0.731861,0.0.3964804&0.0.3964827,0.0.4138717@1785181186.146130729
0.0.7816479,163.3689041471486,SUCCESS,0.0.731861,0.0.3964804&0.0.8315114,0.0.4138717@1785181187.726878780
0.0.6294131,0.0003686931002953769,SUCCESS,0.0.731861,0.0.3964804,0.0.4138717@1785181188.405222357
0.0.7965335,14.46137515465019,NOT_ASSOCIATED,0.0.731861,0.0.3964804,
0.0.1754370,0.3086299044862584,SUCCESS,0.0.731861,0.0.3964804,0.0.4138717@1785181188.621879884
0.0.8227507,3.818948006116023,SUCCESS,0.0.731861,0.0.3964804,0.0.4138717@1785181190.568594544
0.0.3241611,3.141661031202123,SUCCESS,0.0.731861,0.0.3964804,0.0.4138717@1785181192.735001770
0.0.7938061,0.4610288532714032,SUCCESS,0.0.731861,0.0.3964804,0.0.4138717@1785181192.867396256
0.0.8002341,1.914897809367418,SUCCESS,0.0.731861,0.0.3964804,0.0.4138717@1785181194.703229289
0.0.7166497,0.5226670426016444,SUCCESS,0.0.731861,0.0.3964804,0.0.4138717@1785181192.117297627
0.0.8209705,0.9033121451366962,SUCCESS,0.0.731861,0.0.3964804,0.0.4138717@1785181193.917713915
0.0.1369825,1418.731380499048,SUCCESS,0.0.731861,0.0.3964804&0.0.3964827&0.0.4601632&0.0.6071041&0.0.6126395,0.0.4138717@1785181194.168348983
0.0.1404010,0.01593787299553547,NOT_ASSOCIATED,0.0.731861,0.0.3964804,
0.0.1261132,2.842732942134343,SUCCESS,0.0.731861,0.0.3964804,0.0.4138717@1785181193.054225347
0.0.844131,2.338008270667602,SUCCESS,0.0.731861,0.0.3964804,0.0.4138717@1785181195.741257854
0.0.6148704,0.5873590643395667,NOT_ASSOCIATED,0.0.731861,0.0.3964804,
0.0.7285744,0.1639317204672127,SUCCESS,0.0.731861,0.0.3964804,0.0.4138717@1785181197.097234905
0.0.4743054,0.3338570872738589,SUCCESS,0.0.731861,0.0.3964804&0.0.8315114,0.0.4138717@1785181197.717477487
0.0.7920282,0.04350180685666884,SUCCESS,0.0.731861,0.0.3964804,0.0.4138717@1785181198.441106129
0.0.658160,1.041868588021292,SUCCESS,0.0.731861,0.0.3964804&0.0.8315114,0.0.4138717@1785181196.957625161
0.0.8244642,5633.224957849606,SUCCESS,0.0.731861,0.0.3964804,0.0.4138717@1785181195.651895675
0.0.8120693,10.35904320252009,SUCCESS,0.0.731861,0.0.3964804,0.0.4138717@1785181196.016711231
0.0.4319619,0.8298972451083838,SUCCESS,0.0.731861,0.0.3964804,0.0.4138717@1785181199.742139444
0.0.4838474,35.52448829855748,SUCCESS,0.0.731861,0.0.3964804&0.0.5328590,0.0.4138717@1785181197.292237246
0.0.6313326,63.20991592125455,SUCCESS,0.0.731861,0.0.3964804,0.0.4138717@1785181199.168891808
0.0.3384906,35.73145618137315,SUCCESS,0.0.731861,0.0.3964804,0.0.4138717@1785181200.298933154
0.0.7965412,0.02547154556785525,NOT_ASSOCIATED,0.0.731861,0.0.3964804,
0.0.710849,0.1403973759082418,SUCCESS,0.0.731861,0.0.3964804,0.0.4138717@1785181198.708320832
0.0.5112630,2.597494100164973,SUCCESS,0.0.731861,0.0.3964804,0.0.4138717@1785181201.356333710
0.0.4861986,1.113537367698472,SUCCESS,0.0.731861,0.0.3964804,0.0.4138717@1785181202.619381386
0.0.7916029,119.7332449000321,SUCCESS,0.0.731861,0.0.3964804,0.0.4138717@1785181202.934956447
0.0.2891280,5.868755952488836,NOT_ASSOCIATED,0.0.731861,0.0.3964804,
0.0.7732676,245.4116644322908,SUCCESS,0.0.731861,0.0.3964804,0.0.4138717@1785181202.198383047
0.0.4343570,2.623845747443817,SUCCESS,0.0.731861,0.0.3964804,0.0.4138717@1785181199.630632473
0.0.4804985,1.356972040350299,SUCCESS,0.0.731861,0.0.3964804,0.0.4138717@1785181201.175657357
0.0.1673276,177.97267017635,SUCCESS,0.0.731861,0.0.3964804&0.0.5328590,0.0.4138717@1785181201.834570188
0.0.7583284,1.727718741550701,SUCCESS,0.0.731861,0.0.3964804,0.0.4138717@1785181203.035263790
0.0.6270761,307.9070069244814,SUCCESS,0.0.731861,0.0.3964804,0.0.4138717@1785181205.986525023
0.0.8076778,0.01299470396508437,SUCCESS,0.0.731861,0.0.3964804,0.0.4138717@1785181202.952853720
0.0.2964523,330.2776777958897,SUCCESS,0.0.731861,0.0.3964804&0.0.3964860,0.0.4138717@1785181204.822121446
0.0.8083173,3.805688209755496,SUCCESS,0.0.731861,0.0.3964804,0.0.4138717@1785181203.616456211
0.0.4388693,0.9952511819454996,SUCCESS,0.0.731861,0.0.3964804&0.0.4601632,0.0.4138717@1785181203.610552864
0.0.4315395,0.7233645972507965,SUCCESS,0.0.731861,0.0.3964804,0.0.4138717@1785181204.092561434
0.0.8131537,3.262786347086315,SUCCESS,0.0.731861,0.0.3964804,0.0.4138717@1785181205.971612459
0.0.1467538,2.037650202125678,SUCCESS,0.0.731861,0.0.3964804,0.0.4138717@1785181204.701092881
0.0.3847179,4.639108079615834,SUCCESS,0.0.731861,0.0.3964804,0.0.4138717@1785181208.049573789
0.0.981571,0.6317991840838086,SUCCESS,0.0.731861,0.0.3964804,0.0.4138717@1785181204.990665554
0.0.7732467,10.05309932709139,SUCCESS,0.0.731861,0.0.3964804&0.0.3964827,0.0.4138717@1785181205.631542899
0.0.7924085,0.1442449250913167,SUCCESS,0.0.731861,0.0.3964804,0.0.4138717@1785181207.271965487
0.0.1121794,3.623736066765539,SUCCESS,0.0.731861,0.0.3964804,0.0.4138717@1785181207.399811667
0.0.1350500,30.34368931142371,SUCCESS,0.0.731861,0.0.3964804&0.0.6071119&0.0.6078473,0.0.4138717@1785181209.583606613
0.0.3945405,0.009363394357380143,SUCCESS,0.0.731861,0.0.3964804,0.0.4138717@1785181210.344129281
0.0.1048940,36.04900797711983,SUCCESS,0.0.731861,0.0.3964804&0.0.5328590,0.0.4138717@1785181213.162763574
0.0.4231312,6.335942503982976,SUCCESS,0.0.731861,0.0.3964804,0.0.4138717@1785181211.029810703
0.0.3291464,0.3204381357833085,SUCCESS,0.0.731861,0.0.3964804,0.0.4138717@1785181209.036061346
0.0.4337103,0.03314009017421433,SUCCESS,0.0.731861,0.0.3964804,0.0.4138717@1785181213.318551561
0.0.1088670,4.392713669957986,SUCCESS,0.0.731861,0.0.3964804,0.0.4138717@1785181210.768937681
0.0.4345654,1150.167285130232,SUCCESS,0.0.731861,0.0.3964804,0.0.4138717@1785181210.495054152
0.0.4345412,0.5038041395110452,SUCCESS,0.0.731861,0.0.3964804,0.0.4138717@1785181210.973983752
0.0.3872024,40.09322663597921,SUCCESS,0.0.731861,0.0.3964804,0.0.4138717@1785181213.115982910
0.0.3023498,7.979050546891984,SUCCESS,0.0.731861,0.0.3964804,0.0.4138717@1785181215.836893544
0.0.1728462,1.574499765768624,SUCCESS,0.0.731861,0.0.3964804,0.0.4138717@1785181216.106983940
0.0.4360122,2.90402720422007,SUCCESS,0.0.731861,0.0.3964804,0.0.4138717@1785181214.177260461
0.0.4368518,1.15209028787816,SUCCESS,0.0.731861,0.0.3964804,0.0.4138717@1785181218.251216036
0.0.4333378,0.1215597211866059,SUCCESS,0.0.731861,0.0.3964804,0.0.4138717@1785181215.158395003
0.0.4356553,0.4159224000001436,SUCCESS,0.0.731861,0.0.3964804,0.0.4138717@1785181216.431876586
0.0.4535053,48.15589736460834,SUCCESS,0.0.731861,0.0.3964804,0.0.4138717@1785181217.661425081
0.0.1860252,2.812878829566295,SUCCESS,0.0.731861,0.0.3964804,0.0.4138717@1785181218.451811127
0.0.2101943,0.01275434503411546,SUCCESS,0.0.731861,0.0.3964804,0.0.4138717@1785181219.876323269
0.0.859149,150.2476505816705,SUCCESS,0.0.731861,0.0.3964804,0.0.4138717@1785181218.447010709
0.0.8142528,0.1316965424995437,NOT_ASSOCIATED,0.0.731861,0.0.3964804,
0.0.979379,107.3090207075313,SUCCESS,0.0.731861,0.0.3964804,0.0.4138717@1785181220.067377848
0.0.1512214,0.4111796363348876,SUCCESS,0.0.731861,0.0.3964804&0.0.4601632,0.0.4138717@1785181217.799586440
0.0.1389736,26.09305506139463,SUCCESS,0.0.731861,0.0.3964804,0.0.4138717@1785181221.181514086
0.0.481717,3.52677770861807,SUCCESS,0.0.731861,0.0.3964804,0.0.4138717@1785181220.188413510
0.0.1432019,52.19482126050229,SUCCESS,0.0.731861,0.0.3964804,0.0.4138717@1785181220.095935649
0.0.1088394,840.2173106595664,SUCCESS,0.0.731861,0.0.3964804&0.0.3964860&0.0.5328590,0.0.4138717@1785181221.097343447
0.0.1448131,3.991515967117439,SUCCESS,0.0.731861,0.0.3964804,0.0.4138717@1785181221.739451725
0.0.859565,24.2223082108267,SUCCESS,0.0.731861,0.0.3964804,0.0.4138717@1785181224.668102121
0.0.4138268,216.1584041878005,SUCCESS,0.0.731861,0.0.3964804,0.0.4138717@1785181224.545608818
0.0.835670,24.50748029164216,SUCCESS,0.0.731861,0.0.3964804&0.0.4601632,0.0.4138717@1785181225.175286584
0.0.1895961,35.78453213443058,SUCCESS,0.0.731861,0.0.3964804,0.0.4138717@1785181224.093191670
0.0.1877641,14.85137986781409,SUCCESS,0.0.731861,0.0.3964804,0.0.4138717@1785181222.793054655
0.0.1097802,34.71850517895221,SUCCESS,0.0.731861,0.0.3964804,0.0.4138717@1785181226.900301711
0.0.3768895,0.02799434966745869,SUCCESS,0.0.731861,0.0.3964804,0.0.4138717@1785181227.051520734
0.0.4161393,155.1046216616344,SUCCESS,0.0.731861,0.0.3964804&0.0.10498274,0.0.4138717@1785181223.244440484
0.0.4184148,6.415010863918965,SUCCESS,0.0.731861,0.0.3964804,0.0.4138717@1785181226.634785497
0.0.833050,0.8021203040067834,SUCCESS,0.0.731861,0.0.3964804,0.0.4138717@1785181226.076762697
0.0.5957030,11.42611432155961,NOT_ASSOCIATED,0.0.731861,0.0.3964804,
0.0.4358173,171.4187882599552,SUCCESS,0.0.731861,0.0.3964804&0.0.4601632&0.0.6126395,0.0.4138717@1785181226.199183156
0.0.3967246,3.517521096804057,SUCCESS,0.0.731861,0.0.3964804,0.0.4138717@1785181230.254543523
0.0.4965217,1.164773614500619,SUCCESS,0.0.731861,0.0.3964804,0.0.4138717@1785181230.506540049
0.0.4766862,7.621849131502436,SUCCESS,0.0.731861,0.0.3964804,0.0.4138717@1785181230.825849508
0.0.805713,65.68466032831373,SUCCESS,0.0.731861,0.0.3964804,0.0.4138717@1785181227.121501508
0.0.5068116,0.3351172322529858,NOT_ASSOCIATED,0.0.731861,0.0.3964804,
0.0.753351,2.653334632433292,SUCCESS,0.0.731861,0.0.3964804,0.0.4138717@1785181231.348085589
0.0.6139137,6.127758956806073,SUCCESS,0.0.731861,0.0.3964804,0.0.4138717@1785181227.366939398
0.0.6154587,44.64420161301332,SUCCESS,0.0.731861,0.0.3964804,0.0.4138717@1785181228.643548276
0.0.6275653,0.1113859131471061,SUCCESS,0.0.731861,0.0.3964804,0.0.4138717@1785181232.166549213
0.0.4717832,2.082192228108438,SUCCESS,0.0.731861,0.0.3964804,0.0.4138717@1785181231.927129485
0.0.433061,7.258698414152261,SUCCESS,0.0.731861,0.0.3964804&0.0.3964860&0.0.5328590,0.0.4138717@1785181230.568017379
0.0.1463629,0.4293695071372637,SUCCESS,0.0.731861,0.0.3964804,0.0.4138717@1785181234.311261391
0.0.6852334,8.980030773188112,SUCCESS,0.0.731861,0.0.3964804,0.0.4138717@1785181230.855590243
0.0.6828202,203.0570727499459,SUCCESS,0.0.731861,0.0.3964804&0.0.4601632,0.0.4138717@1785181232.576123596
0.0.3048811,1514.222631771115,SUCCESS,0.0.731861,0.0.3964804&0.0.4601632&0.0.5328590&0.0.6071041,0.0.4138717@1785181235.927636934
0.0.4314332,35.43634595805299,SUCCESS,0.0.731861,0.0.3964804,0.0.4138717@1785181234.565767290
0.0.6416166,5.876683539883735,SUCCESS,0.0.731861,0.0.3964804,0.0.4138717@1785181233.941841101
0.0.2967389,3.825309319612002,SUCCESS,0.0.731861,0.0.3964804,0.0.4138717@1785181234.183749518
0.0.5315914,16.06303596198507,SUCCESS,0.0.731861,0.0.3964804,0.0.4138717@1785181234.082966564
0.0.1357334,1.228128629936666,SUCCESS,0.0.731861,0.0.3964804,0.0.4138717@1785181233.841808029
0.0.3165925,0.9830000911326962,SUCCESS,0.0.731861,0.0.3964804,0.0.4138717@1785181239.198075665
0.0.1353334,0.4597510012694982,SUCCESS,0.0.731861,0.0.3964804,0.0.4138717@1785181235.467154643
0.0.1402758,8.074871977866156,SUCCESS,0.0.731861,0.0.3964804,0.0.4138717@1785181237.511086122
0.0.728698,10.03770937113607,SUCCESS,0.0.731861,0.0.3964804&0.0.4601632,0.0.4138717@1785181238.054001078
0.0.4327294,0.156205236397397,SUCCESS,0.0.731861,0.0.3964804,0.0.4138717@1785181240.234438344
0.0.838198,14.06930421872315,SUCCESS,0.0.731861,0.0.3964804&0.0.3964855&0.0.4601632,0.0.4138717@1785181240.244525870
0.0.833836,11.41551758861605,SUCCESS,0.0.731861,0.0.3964804,0.0.4138717@1785181241.890605898
0.0.5421455,0.03973898404382969,SUCCESS,0.0.731861,0.0.3964804,0.0.4138717@1785181238.077764710
0.0.4093788,32.56312108287247,SUCCESS,0.0.731861,0.0.3964804,0.0.4138717@1785181243.092837664
0.0.5495538,41.12334152966292,SUCCESS,0.0.731861,0.0.3964804&0.0.3964860&0.0.4601632,0.0.4138717@1785181245.683326429
0.0.4533464,1.241386709914064,SUCCESS,0.0.731861,0.0.3964804,0.0.4138717@1785181243.252533661
0.0.5147407,3.650741911724771,SUCCESS,0.0.731861,0.0.3964804,0.0.4138717@1785181245.566709198
0.0.3937438,2.812092110989293,SUCCESS,0.0.731861,0.0.3964804,0.0.4138717@1785181243.751417427
0.0.5023507,3.661658214476388,SUCCESS,0.0.731861,0.0.3964804&0.0.4601632,0.0.4138717@1785181242.270120926
0.0.4589167,0.1540028565307967,NOT_ASSOCIATED,0.0.731861,0.0.3964804,
0.0.5698429,0.06280239096163046,SUCCESS,0.0.731861,0.0.3964804,0.0.4138717@1785181243.393576872
0.0.4351736,0.1470649359845598,SUCCESS,0.0.731861,0.0.3964804,0.0.4138717@1785181244.000386495
0.0.848151,1.573607748687321,SUCCESS,0.0.731861,0.0.3964804,0.0.4138717@1785181244.269692406
0.0.6061106,1.91709938579714,NOT_ASSOCIATED,0.0.731861,0.0.3964804,
0.0.4799094,0.4571209544577872,SUCCESS,0.0.731861,0.0.3964804,0.0.4138717@1785181244.818882884
0.0.1334605,47.05429578173189,SUCCESS,0.0.731861,0.0.3964804,0.0.4138717@1785181248.570183481
0.0.6058490,0.1370473743498822,SUCCESS,0.0.731861,0.0.3964804,0.0.4138717@1785181250.913390809
0.0.6247418,0.236448776575206,NOT_ASSOCIATED,0.0.731861,0.0.3964804,
0.0.4659519,7.910877705146305,SUCCESS,0.0.731861,0.0.3964804,0.0.4138717@1785181249.420002203
0.0.827132,7.379226636986642,SUCCESS,0.0.731861,0.0.3964804,0.0.4138717@1785181250.898579890
0.0.6324031,0.003655791328486588,SUCCESS,0.0.731861,0.0.3964804,0.0.4138717@1785181247.880956818
0.0.2123622,0.6220316281196271,SUCCESS,0.0.731861,0.0.3964804,0.0.4138717@1785181247.208360995
0.0.4360598,0.2486518245427755,SUCCESS,0.0.731861,0.0.3964804&0.0.5328590,0.0.4138717@1785181247.746346412
0.0.6674918,0.0698054606691336,SUCCESS,0.0.731861,0.0.3964804,0.0.4138717@1785181251.564787610
0.0.835625,37.01228780454129,SUCCESS,0.0.731861,0.0.3964804&0.0.3964827,0.0.4138717@1785181252.271131082
0.0.760653,0.9133129723198797,SUCCESS,0.0.731861,0.0.3964804,0.0.4138717@1785181251.257159901
0.0.6933072,1.998144581405411,NOT_ASSOCIATED,0.0.731861,0.0.3964804,
0.0.6232417,0.4396447352815749,SUCCESS,0.0.731861,0.0.3964804,0.0.4138717@1785181252.656087892
0.0.1448239,0.2496517022249337,SUCCESS,0.0.731861,0.0.3964804,0.0.4138717@1785181254.240552955
0.0.6344703,8432.954175802053,SUCCESS,0.0.731861,0.0.3964804&0.0.4129330&0.0.6071041&0.0.6126395&0.0.8315114,0.0.4138717@1785181251.125605889
0.0.6612734,0.03655098263843467,NOT_ASSOCIATED,0.0.731861,0.0.3964804,
0.0.4362017,6.939293371129965,SUCCESS,0.0.731861,0.0.3964804,0.0.4138717@1785181252.721280232
0.0.4329551,43.30296916016345,SUCCESS,0.0.731861,0.0.3964804&0.0.3964827&0.0.3964855,0.0.4138717@1785181254.275043186
0.0.1415516,38.9363812580795,SUCCESS,0.0.731861,0.0.3964804,0.0.4138717@1785181250.932175066
0.0.5432163,0.1874146351650515,NOT_ASSOCIATED,0.0.731861,0.0.3964804,
0.0.4345176,0.4206394483424157,SUCCESS,0.0.731861,0.0.3964804,0.0.4138717@1785181251.778878023
0.0.4433604,0.3362753829393384,SUCCESS,0.0.731861,0.0.3964804&0.0.4601632,0.0.4138717@1785181253.273970892
0.0.2302824,0.01042499159271683,SUCCESS,0.0.731861,0.0.3964804,0.0.4138717@1785181254.070784043
0.0.435679,1643.283937913223,SUCCESS,0.0.731861,0.0.3964804&0.0.3964827&0.0.5328590,0.0.4138717@1785181258.147862014
0.0.5314183,1.640728457756119,SUCCESS,0.0.731861,0.0.3964804,0.0.4138717@1785181258.551912102
0.0.840487,13.58617359057341,SUCCESS,0.0.731861,0.0.3964804,0.0.4138717@1785181256.751076478
0.0.789990,0.3082732219422789,SUCCESS,0.0.731861,0.0.3964804,0.0.4138717@1785181259.491785982
0.0.1233065,1.650182280109823,SUCCESS,0.0.731861,0.0.3964804,0.0.4138717@1785181256.352883912
0.0.1046906,0.1068417755624593,SUCCESS,0.0.731861,0.0.3964804,0.0.4138717@1785181255.487085676
0.0.4923529,0.007711446218681494,NOT_ASSOCIATED,0.0.731861,0.0.3964804,
0.0.4741573,3.926014785238874,SUCCESS,0.0.731861,0.0.3964804,0.0.4138717@1785181260.318314389
0.0.1747288,17.56311915459795,SUCCESS,0.0.731861,0.0.3964804,0.0.4138717@1785181260.215449786
0.0.4640278,0.4041561397659304,SUCCESS,0.0.731861,0.0.3964804,0.0.4138717@1785181258.232062061
0.0.4758052,0.7445033107522638,SUCCESS,0.0.731861,0.0.3964804,0.0.4138717@1785181257.320075682
0.0.3295745,77.51659645672609,SUCCESS,0.0.731861,0.0.3964804,0.0.4138717@1785181261.261371100
0.0.5060252,9.642200372805338,SUCCESS,0.0.731861,0.0.3964804&0.0.3964860,0.0.4138717@1785181262.812740407
0.0.4322023,2.526029513148786,SUCCESS,0.0.731861,0.0.3964804&0.0.3964855&0.0.4601632,0.0.4138717@1785181260.856110154
0.0.4785387,60.39902223578228,SUCCESS,0.0.731861,0.0.3964804&0.0.4601632,0.0.4138717@1785181258.942900720
0.0.1388678,21.23600353372995,SUCCESS,0.0.731861,0.0.3964804,0.0.4138717@1785181262.480522841
0.0.7974195,195.5877563012342,SUCCESS,0.0.731861,0.0.3964804,0.0.4138717@1785181261.957015485
0.0.1479857,5.357643958638774,SUCCESS,0.0.731861,0.0.3964804,0.0.4138717@1785181261.333318945
0.0.5042398,8.0529790633836,SUCCESS,0.0.731861,0.0.3964804,0.0.4138717@1785181262.126375300
0.0.5905014,1.863201107076302,SUCCESS,0.0.731861,0.0.3964804,0.0.4138717@1785181263.324541454
0.0.3947850,0.09693794002702874,SUCCESS,0.0.731861,0.0.3964804&0.0.3964860&0.0.5328590,0.0.4138717@1785181264.361705245
0.0.7910977,8.74800146263119,SUCCESS,0.0.731861,0.0.3964804,0.0.4138717@1785181263.148563910
0.0.7896816,75.91088678971374,NOT_ASSOCIATED,0.0.731861,0.0.3964804,
0.0.1481135,141.9293286960201,SUCCESS,0.0.731861,0.0.3964804&0.0.4601632,0.0.4138717@1785181266.038211974
0.0.7965413,0.004672793491609191,NOT_ASSOCIATED,0.0.731861,0.0.3964804,
0.0.8032303,0.2740408685519578,SUCCESS,0.0.731861,0.0.3964804,0.0.4138717@1785181268.785321633
0.0.7746903,0.3959999284502572,SUCCESS,0.0.731861,0.0.3964804,0.0.4138717@1785181267.297283647
0.0.7835479,0.3494509689999817,SUCCESS,0.0.731861,0.0.3964804&0.0.3964827,0.0.4138717@1785181269.274089006
0.0.8056304,2.669113369469255,NOT_ASSOCIATED,0.0.731861,0.0.3964804,
0.0.7912110,0.001581389902991899,NOT_ASSOCIATED,0.0.731861,0.0.3964804,
0.0.2006292,0.278619739438394,SUCCESS,0.0.731861,0.0.3964804,0.0.4138717@1785181269.711727575
0.0.1092596,4.450912045993454,SUCCESS,0.0.731861,0.0.3964804&0.0.4601632,0.0.4138717@1785181269.110945737
0.0.8059253,12.60937206770942,SUCCESS,0.0.731861,0.0.3964804,0.0.4138717@1785181267.104574894
0.0.2477582,1.566686725386814,NOT_ASSOCIATED,0.0.731861,0.0.3964804,
0.0.8042105,0.5470939226937832,NOT_ASSOCIATED,0.0.731861,0.0.3964804,
0.0.7913251,0.3281946025974054,SUCCESS,0.0.731861,0.0.3964804,0.0.4138717@1785181266.237870367
0.0.4746343,0.008478565050016621,SUCCESS,0.0.731861,0.0.3964804,0.0.4138717@1785181267.087108030
0.0.5007636,0.46976998153671,NOT_ASSOCIATED,0.0.731861,0.0.3964804,
0.0.831661,12.23073070893636,SUCCESS,0.0.731861,0.0.3964804,0.0.4138717@1785181272.297068458
0.0.4978453,40.63857189643868,SUCCESS,0.0.731861,0.0.3964804,0.0.4138717@1785181272.745184159
0.0.1859919,0.6186876402321373,NOT_ASSOCIATED,0.0.731861,0.0.3964804,
0.0.7200618,0.09177182623460114,SUCCESS,0.0.731861,0.0.3964804,0.0.4138717@1785181270.645478149
0.0.3159220,26.99127254860647,SUCCESS,0.0.731861,0.0.3964804,0.0.4138717@1785181272.577971644
0.0.4595460,0.5253999287495846,SUCCESS,0.0.731861,0.0.3964804,0.0.4138717@1785181273.117822777
0.0.4899880,0.3196628975480792,SUCCESS,0.0.731861,0.0.3964804,0.0.4138717@1785181271.973228694
0.0.5437974,4.859542126269108,SUCCESS,0.0.731861,0.0.3964804,0.0.4138717@1785181271.222965094
0.0.7610560,0.7244839266895715,NOT_ASSOCIATED,0.0.731861,0.0.3964804,
0.0.7638910,0.2156311263199847,SUCCESS,0.0.731861,0.0.3964804,0.0.4138717@1785181272.737515436
0.0.6256886,0.2148466348780387,SUCCESS,0.0.731861,0.0.3964804,0.0.4138717@1785181272.461620952
0.0.8382708,0.0427357657640294,SUCCESS,0.0.731861,0.0.3964804,0.0.4138717@1785181275.854241907
0.0.2557514,4.747880806889071,SUCCESS,0.0.731861,0.0.3964804,0.0.4138717@1785181275.610398570
0.0.4250725,0.7321013649711585,SUCCESS,0.0.731861,0.0.3964804,0.0.4138717@1785181274.619772293
0.0.3912896,0.9054583585054907,SUCCESS,0.0.731861,0.0.3964804,0.0.4138717@1785181276.831021264
0.0.4752954,1.279263460606759,SUCCESS,0.0.731861,0.0.3964804,0.0.4138717@1785181276.481515427
0.0.7777028,3.052620555949535,NOT_ASSOCIATED,0.0.731861,0.0.3964804,
0.0.5739319,4.702642197206919,SUCCESS,0.0.731861,0.0.3964804,0.0.4138717@1785181278.553668652
0.0.7791729,0.004648587065102888,NOT_ASSOCIATED,0.0.731861,0.0.3964804,
0.0.7421912,0.2111095996941949,SUCCESS,0.0.731861,0.0.3964804,0.0.4138717@1785181275.918324845
0.0.7570262,0.384463261652501,SUCCESS,0.0.731861,0.0.3964804,0.0.4138717@1785181276.699536963
0.0.2017766,10.19419701936057,SUCCESS,0.0.731861,0.0.3964804,0.0.4138717@1785181277.445318549
0.0.9168967,12.51125993282472,SUCCESS,0.0.731861,0.0.3964804&0.0.3964827&0.0.5328590,0.0.4138717@1785181277.123172658
0.0.6094118,0.1469387533588604,SUCCESS,0.0.731861,0.0.3964804,0.0.4138717@1785181278.679182336
0.0.9144684,0.664576043960947,SUCCESS,0.0.731861,0.0.3964804,0.0.4138717@1785181281.159891380
0.0.9150672,0.2179244604704419,SUCCESS,0.0.731861,0.0.3964804,0.0.4138717@1785181280.646537690
0.0.2149252,0.0003068396650512493,SUCCESS,0.0.731861,0.0.3964804,0.0.4138717@1785181278.881220575
0.0.9273859,0.4882993072609675,SUCCESS,0.0.731861,0.0.3964804,0.0.4138717@1785181279.770070866
0.0.9272301,4.499077919597807,NOT_ASSOCIATED,0.0.731861,0.0.3964804,
0.0.853379,156.2429672068565,SUCCESS,0.0.731861,0.0.3964804,0.0.4138717@1785181281.957007626
0.0.3681629,42.17766583806673,SUCCESS,0.0.731861,0.0.3964804,0.0.4138717@1785181279.692078647
0.0.6295630,0.3816745759910879,NOT_ASSOCIATED,0.0.731861,0.0.3964804,
0.0.4310363,115.2981217141911,SUCCESS,0.0.731861,0.0.3964804&0.0.3964860,0.0.4138717@1785181281.095204131
0.0.9303899,9.250719974470565,SUCCESS,0.0.731861,0.0.3964804,0.0.4138717@1785181281.922853526
0.0.966444,15.72990620863955,SUCCESS,0.0.731861,0.0.3964804,0.0.4138717@1785181282.541011133
0.0.9178066,29.14902075125689,SUCCESS,0.0.731861,0.0.3964804,0.0.4138717@1785181284.237605707
0.0.9404882,2.450293876824867,SUCCESS,0.0.731861,0.0.3964804,0.0.4138717@1785181285.711307641
0.0.915984,91.58232274110838,SUCCESS,0.0.731861,0.0.3964804,0.0.4138717@1785181286.458894236
0.0.1736150,5.569149956571458,SUCCESS,0.0.731861,0.0.3964804,0.0.4138717@1785181282.826995342
0.0.9477910,26.18305855211067,SUCCESS,0.0.731861,0.0.3964804,0.0.4138717@1785181285.376828476
0.0.2657839,19.07919840568839,SUCCESS,0.0.731861,0.0.3964804,0.0.4138717@1785181288.006591714
0.0.9226909,1.572405272995144,SUCCESS,0.0.731861,0.0.3964804,0.0.4138717@1785181286.205671163
0.0.1517175,6.288060193602601,SUCCESS,0.0.731861,0.0.3964804,0.0.4138717@1785181284.116580636
0.0.4724806,81.53614127908833,SUCCESS,0.0.731861,0.0.3964804&0.0.5328590,0.0.4138717@1785181285.826415268
0.0.7550116,0.6080905673736233,NOT_ASSOCIATED,0.0.731861,0.0.3964804,
0.0.7920736,11.4737697778641,SUCCESS,0.0.731861,0.0.3964804,0.0.4138717@1785181286.154697437
0.0.919311,898.2945243990534,NOT_ASSOCIATED,0.0.731861,0.0.3964804,
0.0.840324,11.2317099240278,SUCCESS,0.0.731861,0.0.3964804,0.0.4138717@1785181288.567898441
0.0.5719491,0.4145613011797617,SUCCESS,0.0.731861,0.0.3964804,0.0.4138717@1785181289.912263361
0.0.6045318,2.804485512825523,SUCCESS,0.0.731861,0.0.3964804,0.0.4138717@1785181288.197444927
0.0.2185671,0.7095240679700275,SUCCESS,0.0.731861,0.0.3964804,0.0.4138717@1785181287.799670334
0.0.1056579,39.01013135874695,SUCCESS,0.0.731861,0.0.3964804,0.0.4138717@1785181291.349434558
0.0.8717466,0.01294354705119371,SUCCESS,0.0.731861,0.0.3964804,0.0.4138717@1785181289.305293749
0.0.5029689,18.33496021960221,SUCCESS,0.0.731861,0.0.3964804,0.0.4138717@1785181291.452131773
0.0.3288501,0.3904931449511689,SUCCESS,0.0.731861,0.0.3964804,0.0.4138717@1785181288.400692484
0.0.8903303,3.627573733786416,FAIL,0.0.731861,0.0.3964804,
0.0.8514597,36.16186993113379,SUCCESS,0.0.731861,0.0.3964804,0.0.4138717@1785181292.406207934
0.0.9104016,91.93277935909516,SUCCESS,0.0.731861,0.0.3964804&0.0.3964860&0.0.5328590,0.0.4138717@1785181293.758551597
0.0.5580759,0.2426309192388441,SUCCESS,0.0.731861,0.0.3964804,0.0.4138717@1785181293.838081617
0.0.9149385,0.6326045643578486,SUCCESS,0.0.731861,0.0.3964804,0.0.4138717@1785181294.146271449
0.0.4795853,0.3590586749459426,SUCCESS,0.0.731861,0.0.3964804,0.0.4138717@1785181291.632264761
0.0.7993090,34.86186772986752,SUCCESS,0.0.731861,0.0.3964804,0.0.4138717@1785181294.695663347
0.0.187153,87.78316268873418,SUCCESS,0.0.731861,0.0.3964804,0.0.4138717@1785181292.864854885
0.0.9201440,0.3276343645336388,SUCCESS,0.0.731861,0.0.3964804,0.0.4138717@1785181296.336713744
0.0.4644030,0.1095241681285794,SUCCESS,0.0.731861,0.0.3964804,0.0.4138717@1785181295.899038104
0.0.2030460,1452.718154719202,SUCCESS,0.0.731861,0.0.3964804&0.0.5328590&0.0.6078473,0.0.4138717@1785181296.072855267
0.0.10242536,11.58930675053804,NOT_ASSOCIATED,0.0.731861,0.0.3964804,
0.0.10261941,7.76983908933884,SUCCESS,0.0.731861,0.0.3964804,0.0.4138717@1785181294.947181601
0.0.10279551,1.688000095107206,SUCCESS,0.0.731861,0.0.3964804,0.0.4138717@1785181296.102210719
0.0.9796301,4.878433172490895,NOT_ASSOCIATED,0.0.731861,0.0.3964804,
0.0.8309441,0.1075614965386835,SUCCESS,0.0.731861,0.0.3964804,0.0.4138717@1785181299.394898285
0.0.4853191,0.09567552457526443,SUCCESS,0.0.731861,0.0.3964804,0.0.4138717@1785181298.553495009
0.0.10427913,1.167861433677654,NOT_ASSOCIATED,0.0.731861,0.0.3964804,
0.0.3051653,5.199566044197682,SUCCESS,0.0.731861,0.0.3964804,0.0.4138717@1785181298.464666309
0.0.1505544,0.03232624648243163,SUCCESS,0.0.731861,0.0.3964804,0.0.4138717@1785181296.353737656
0.0.876236,0.6466732310789404,SUCCESS,0.0.731861,0.0.3964804,0.0.4138717@1785181300.769493280
0.0.946029,3.679278737827861,NOT_ASSOCIATED,0.0.731861,0.0.3964804,
0.0.2005484,0.09031387651882301,SUCCESS,0.0.731861,0.0.3964804,0.0.4138717@1785181299.775634056
0.0.4144365,8.343001849516032,SUCCESS,0.0.731861,0.0.3964804,0.0.4138717@1785181302.215169446
0.0.837799,5.660804947672565,SUCCESS,0.0.731861,0.0.3964804,0.0.4138717@1785181298.946223242
0.0.836096,0.4852302723523043,SUCCESS,0.0.731861,0.0.3964804,0.0.4138717@1785181300.860257385
0.0.4340392,0.2343940674571304,SUCCESS,0.0.731861,0.0.3964804,0.0.4138717@1785181299.651951655
0.0.4782567,11.61903178926648,SUCCESS,0.0.731861,0.0.3964804,0.0.4138717@1785181301.773456466
0.0.4323897,0.06442860924028657,SUCCESS,0.0.731861,0.0.3964804,0.0.4138717@1785181302.022455420
0.0.834666,32.39752955062844,SUCCESS,0.0.731861,0.0.3964804,0.0.4138717@1785181301.859237784
0.0.7164995,157.1011177173205,SUCCESS,0.0.731861,0.0.3964804,0.0.4138717@1785181301.511285472
0.0.10056907,14.40503645852985,SUCCESS,0.0.731861,0.0.3964804,0.0.4138717@1785181304.248663702
0.0.6258977,15.52604825217807,SUCCESS,0.0.731861,0.0.3964804&0.0.5328590,0.0.4138717@1785181301.785635364
0.0.9612822,1.11829343982791,NOT_ASSOCIATED,0.0.731861,0.0.3964804,
0.0.834767,8.895795477901844,SUCCESS,0.0.731861,0.0.3964804,0.0.4138717@1785181304.121508534
0.0.9695749,22.76966310537171,NOT_ASSOCIATED,0.0.731861,0.0.3964804,
0.0.5482082,4.718050520612675,SUCCESS,0.0.731861,0.0.3964804,0.0.4138717@1785181304.653785348
0.0.7550127,1.552132728909947,SUCCESS,0.0.731861,0.0.3964804,0.0.4138717@1785181305.590825332
0.0.9317309,1.980716539308488,SUCCESS,0.0.731861,0.0.3964804&0.0.9774523,0.0.4138717@1785181304.320465257
0.0.1043461,382.9955181840137,SUCCESS,0.0.731861,0.0.3964804,0.0.4138717@1785181306.424795624
0.0.3907868,0.03564177569542501,SUCCESS,0.0.731861,0.0.3964804,0.0.4138717@1785181305.710847494
0.0.8213249,530.7613803517318,SUCCESS,0.0.731861,0.0.3964804,0.0.4138717@1785181306.024821982
0.0.6460255,31.14530033243801,NOT_ASSOCIATED,0.0.731861,0.0.3964804,
0.0.1486871,199.5214563686788,SUCCESS,0.0.731861,0.0.3964804,0.0.4138717@1785181308.851927088
0.0.1711144,1.098087350381372,NOT_ASSOCIATED,0.0.731861,0.0.3964804,
0.0.9690555,1.926526074473086,SUCCESS,0.0.731861,0.0.3964804,0.0.4138717@1785181304.762089132
0.0.1461428,11.20885702462013,SUCCESS,0.0.731861,0.0.3964804,0.0.4138717@1785181308.076240367
0.0.4911466,0.06387108868071553,SUCCESS,0.0.731861,0.0.3964804,0.0.4138717@1785181310.530030850
0.0.10068662,0.3602727373853138,SUCCESS,0.0.731861,0.0.3964804,0.0.4138717@1785181307.845898050
0.0.6630516,11.18712531515142,SUCCESS,0.0.731861,0.0.3964827,0.0.4138717@1785181310.679110602
0.0.4975045,186.8397764567291,SUCCESS,0.0.731861,0.0.3964827,0.0.4138717@1785181312.592759592
0.0.1079751,98.1925881069791,SUCCESS,0.0.731861,0.0.3964827,0.0.4138717@1785181310.120078417
0.0.7677057,41.54993804577018,SUCCESS,0.0.731861,0.0.3964827,0.0.4138717@1785181312.760074656
0.0.2288443,125.7218575915761,SUCCESS,0.0.731861,0.0.3964827&0.0.4129330&0.0.5328590,0.0.4138717@1785181314.875844904
0.0.5239780,241.4453196269411,SUCCESS,0.0.731861,0.0.3964827,0.0.4138717@1785181313.661434635
0.0.7965416,0.122442169731821,NOT_ASSOCIATED,0.0.731861,0.0.3964827,
0.0.4410999,4.45796320010832,SUCCESS,0.0.731861,0.0.3964827,0.0.4138717@1785181314.734962332
0.0.615626,36.24574897366668,SUCCESS,0.0.731861,0.0.3964827,0.0.4138717@1785181313.295045120
0.0.9774619,6.731819167110989,SUCCESS,0.0.731861,0.0.3964827,0.0.4138717@1785181314.268393864
0.0.10233326,179.331898259195,SUCCESS,0.0.731861,0.0.3964827,0.0.4138717@1785181316.834053688
0.0.8377520,433.7176717428123,SUCCESS,0.0.731861,0.0.3964827,0.0.4138717@1785181316.470297075
0.0.1406579,1.879980760796831,SUCCESS,0.0.731861,0.0.3964827,0.0.4138717@1785181317.698748694
0.0.8778454,0.1611492112607524,SUCCESS,0.0.731861,0.0.3964827,0.0.4138717@1785181318.045891577
0.0.7947570,0.4118603254127387,SUCCESS,0.0.731861,0.0.3964827,0.0.4138717@1785181318.016648848
0.0.7776243,2.666581761500265,SUCCESS,0.0.731861,0.0.3964827,0.0.4138717@1785181318.571096414
0.0.857760,4.343921643857324,SUCCESS,0.0.731861,0.0.3964827,0.0.4138717@1785181316.998255699
0.0.2960128,1878.336620056953,SUCCESS,0.0.731861,0.0.3964827&0.0.5328590&0.0.10498274&0.0.10498278,0.0.4138717@1785181318.007867593
0.0.6288848,0.212023758185685,SUCCESS,0.0.731861,0.0.3964827&0.0.6071119,0.0.4138717@1785181316.601822197
0.0.1120301,0.2810828527116951,SUCCESS,0.0.731861,0.0.3964827&0.0.3964855,0.0.4138717@1785181318.646495174
0.0.10505731,9360.535631013334,SUCCESS,0.0.731861,0.0.3964827&0.0.10498274,0.0.4138717@1785181317.735005935
0.0.4882076,13.86735658461904,SUCCESS,0.0.731861,0.0.3964827&0.0.3964855&0.0.4129330&0.0.5328590,0.0.4138717@1785181319.702443560
0.0.885667,4.018208584380558,SUCCESS,0.0.731861,0.0.3964827,0.0.4138717@1785181320.149877796
0.0.7595440,649.0375293378693,SUCCESS,0.0.731861,0.0.3964827,0.0.4138717@1785181320.714915437
0.0.7870892,3.634529853795504,SUCCESS,0.0.731861,0.0.3964827,0.0.4138717@1785181320.310004391
0.0.6109726,65.76028721711084,SUCCESS,0.0.731861,0.0.3964827,0.0.4138717@1785181322.743417148
0.0.913930,2.541169341649501,SUCCESS,0.0.731861,0.0.3964827,0.0.4138717@1785181325.039544853
0.0.4737222,3.078086209415959,SUCCESS,0.0.731861,0.0.3964827,0.0.4138717@1785181324.786018827
0.0.1436265,13.52545750650235,SUCCESS,0.0.731861,0.0.3964827,0.0.4138717@1785181324.445073889
0.0.1065704,80.37840455593901,SUCCESS,0.0.731861,0.0.3964827,0.0.4138717@1785181325.825347398
0.0.3169781,1.519099653459456,SUCCESS,0.0.731861,0.0.3964827,0.0.4138717@1785181326.256821233
0.0.4338112,0.2276146266132674,SUCCESS,0.0.731861,0.0.3964827,0.0.4138717@1785181324.202538883
0.0.1391028,78.11104679642818,SUCCESS,0.0.731861,0.0.3964827,0.0.4138717@1785181325.594412334
0.0.1400872,202.2895525282489,SUCCESS,0.0.731861,0.0.3964827&0.0.4129330&0.0.5328590&0.0.6071911,0.0.4138717@1785181325.946570989
0.0.849606,229.9561438828971,SUCCESS,0.0.731861,0.0.3964827&0.0.6071119,0.0.4138717@1785181329.218227305
0.0.834607,97.12003217170846,SUCCESS,0.0.731861,0.0.3964827,0.0.4138717@1785181327.461954787
0.0.839408,283.4993146202549,SUCCESS,0.0.731861,0.0.3964827,0.0.4138717@1785181327.028011293
0.0.859476,174.4908740323404,SUCCESS,0.0.731861,0.0.3964827&0.0.5328590,0.0.4138717@1785181330.612308325
0.0.4733298,6.488611656742454,SUCCESS,0.0.731861,0.0.3964827,0.0.4138717@1785181331.351365793
0.0.1107354,8.25056402174342,SUCCESS,0.0.731861,0.0.3964827,0.0.4138717@1785181328.164109656
0.0.1061257,159.0244220565132,SUCCESS,0.0.731861,0.0.3964827&0.0.4601632&0.0.5328590,0.0.4138717@1785181328.382563760
0.0.4793606,43.69792826282379,SUCCESS,0.0.731861,0.0.3964827&0.0.5328590,0.0.4138717@1785181330.612750502
0.0.3443413,16.93766599928114,SUCCESS,0.0.731861,0.0.3964827&0.0.4601632,0.0.4138717@1785181331.414557971
0.0.4348609,162.8530257651973,SUCCESS,0.0.731861,0.0.3964827&0.0.5328590,0.0.4138717@1785181330.734590480
0.0.4364640,13.63639475747332,SUCCESS,0.0.731861,0.0.3964827,0.0.4138717@1785181333.005576080
0.0.479120,3850.096913636342,SUCCESS,0.0.731861,0.0.3964827&0.0.4129330,0.0.4138717@1785181332.582356355
0.0.7486751,9.95826001682686,SUCCESS,0.0.731861,0.0.3964827&0.0.4601632,0.0.4138717@1785181335.443108373
0.0.1392115,390.2070226872307,SUCCESS,0.0.731861,0.0.3964827&0.0.4129330,0.0.4138717@1785181330.953898725
0.0.611948,29.81444471141945,SUCCESS,0.0.731861,0.0.3964827,0.0.4138717@1785181333.419201032
0.0.1750137,165.549664711413,SUCCESS,0.0.731861,0.0.3964827,0.0.4138717@1785181332.598430693
0.0.1006425,139.2820798463214,SUCCESS,0.0.731861,0.0.3964827,0.0.4138717@1785181335.960883775
0.0.1087560,45.41913024253716,SUCCESS,0.0.731861,0.0.3964827&0.0.3964855,0.0.4138717@1785181336.984203371
0.0.5447658,0.4966157117128263,SUCCESS,0.0.731861,0.0.3964827,0.0.4138717@1785181334.748004606
0.0.4344919,7.74584053933383,SUCCESS,0.0.731861,0.0.3964827,0.0.4138717@1785181337.312914380
0.0.5377617,1.098560284275085,SUCCESS,0.0.731861,0.0.3964855,0.0.4138717@1785181335.971010666
0.0.4861302,8.415531653888939,SUCCESS,0.0.731861,0.0.3964855&0.0.4601632,0.0.4138717@1785181337.202298297
0.0.1423973,6.800418862631393e-8,SUCCESS,0.0.731861,0.0.3964855,0.0.4138717@1785181334.310339984
0.0.1008009,16.28938990743647,SUCCESS,0.0.731861,0.0.3964855&0.0.4601632&0.0.5328590,0.0.4138717@1785181338.043665155
0.0.1228872,3.98504857263976,SUCCESS,0.0.731861,0.0.3964855,0.0.4138717@1785181337.843513956
0.0.1054756,7383.5736419551,SUCCESS,0.0.731861,0.0.3964855,0.0.4138717@1785181336.169819113
0.0.5734968,80.75993032705644,SUCCESS,0.0.731861,0.0.3964860,0.0.4138717@1785181337.134753728
0.0.8257213,48.51405275142,SUCCESS,0.0.731861,0.0.3964860,0.0.4138717@1785181336.701998657
0.0.9144335,40.31405921162555,SUCCESS,0.0.731861,0.0.3964860,0.0.4138717@1785181340.693908260
0.0.4614528,281.1617838584966,SUCCESS,0.0.731861,0.0.3964860&0.0.5328590,0.0.4138717@1785181341.539933882
0.0.868627,4968.323897117943,SUCCESS,0.0.731861,0.0.3964860,0.0.4138717@1785181339.055002520
0.0.10164768,8599.060891062947,SUCCESS,0.0.731861,0.0.3964860,0.0.4138717@1785181340.244604766
0.0.9371968,8.968164522207601e-7,SUCCESS,0.0.731861,0.0.3964860,0.0.4138717@1785181343.292272988
0.0.509141,102.3645057982948,SUCCESS,0.0.731861,0.0.3964860,0.0.4138717@1785181339.324966788
0.0.1509692,3334.243163599296,SUCCESS,0.0.731861,0.0.3964860,0.0.4138717@1785181343.319260521
0.0.702183,3049.823130456751,SUCCESS,0.0.731861,0.0.4129330,0.0.4138717@1785181342.022352054
0.0.8410631,0.2537074654312934,SUCCESS,0.0.731861,0.0.4129330&0.0.4601632,0.0.4138717@1785181342.672211279
0.0.839840,12.5564228947719,SUCCESS,0.0.731861,0.0.4129330&0.0.4601632&0.0.5328590,0.0.4138717@1785181341.986356843
0.0.4625345,11.45426276369687,SUCCESS,0.0.731861,0.0.4129330,0.0.4138717@1785181343.156156535
0.0.4754452,0.442873673490591,SUCCESS,0.0.731861,0.0.4129330,0.0.4138717@1785181347.254359282
0.0.2960424,0.08139829839715311,SUCCESS,0.0.731861,0.0.4129330,0.0.4138717@1785181346.335680592
0.0.842464,0.3179866059493947,SUCCESS,0.0.731861,0.0.4129330,0.0.4138717@1785181347.049805691
0.0.972955,1.464335720902714e-8,SUCCESS,0.0.731861,0.0.4129330,0.0.4138717@1785181344.840892783
0.0.856304,0.02199336098472109,SUCCESS,0.0.731861,0.0.4129330,0.0.4138717@1785181348.352838288
0.0.3293439,7.870044632806263,SUCCESS,0.0.731861,0.0.4129330,0.0.4138717@1785181348.741450013
0.0.795325,0.1113408893811394,SUCCESS,0.0.731861,0.0.4129330,0.0.4138717@1785181344.129332121
0.0.4606843,0.02173955780002263,SUCCESS,0.0.731861,0.0.4129330&0.0.4601632,0.0.4138717@1785181348.851484638
0.0.4718583,0.001679885300833499,SUCCESS,0.0.731861,0.0.4129330,0.0.4138717@1785181347.030172435
0.0.261557,0.4145753421675428,SUCCESS,0.0.731861,0.0.4129330,0.0.4138717@1785181347.948452979
0.0.4753601,1.767650878287382,SUCCESS,0.0.731861,0.0.4601632,0.0.4138717@1785181348.559134880
0.0.3932850,111.9422308794349,SUCCESS,0.0.731861,0.0.4601632,0.0.4138717@1785181347.920848083
0.0.1111312,15.69876242218705,SUCCESS,0.0.731861,0.0.4601632,0.0.4138717@1785181349.453724323
0.0.8831938,15.95079395494277,SUCCESS,0.0.731861,0.0.4601632,0.0.4138717@1785181351.561885726
0.0.4367704,0.0007633203941082085,SUCCESS,0.0.731861,0.0.4601632,0.0.4138717@1785181352.237753983
0.0.10045691,64.02418404906467,SUCCESS,0.0.731861,0.0.4601632,0.0.4138717@1785181349.404041678
0.0.1020586,68.51313459992119,SUCCESS,0.0.731861,0.0.4601632&0.0.5328590,0.0.4138717@1785181352.291835506
0.0.4154591,411.4491058536014,SUCCESS,0.0.731861,0.0.4601632&0.0.5328590,0.0.4138717@1785181349.341402619
0.0.7684662,103.0046784701875,SUCCESS,0.0.731861,0.0.4601632&0.0.5328590,0.0.4138717@1785181353.893182491
0.0.3917694,189.520404654554,SUCCESS,0.0.731861,0.0.4601632,0.0.4138717@1785181351.877685109
0.0.1337729,21.08336593018743,SUCCESS,0.0.731861,0.0.4601632,0.0.4138717@1785181351.847033490
0.0.821010,18.79524411977411,SUCCESS,0.0.731861,0.0.4601632,0.0.4138717@1785181355.852549023
0.0.8431266,3.082969711885876,SUCCESS,0.0.731861,0.0.4601632,0.0.4138717@1785181355.331683566
0.0.864984,340.8250351265647,SUCCESS,0.0.731861,0.0.4601632,0.0.4138717@1785181355.427939325
0.0.3273852,31.2704440601755,SUCCESS,0.0.731861,0.0.4601632,0.0.4138717@1785181353.175445071
0.0.9745450,32.32725140601918,SUCCESS,0.0.731861,0.0.4601632,0.0.4138717@1785181357.460802909
0.0.7482624,7.311764704133281,NOT_ASSOCIATED,0.0.731861,0.0.4601632,
0.0.9386020,9032.074674099882,SUCCESS,0.0.731861,0.0.4601632,0.0.4138717@1785181357.302135659
0.0.1217090,881.2557981044988,SUCCESS,0.0.731861,0.0.4601632,0.0.4138717@1785181356.379242200
0.0.9210897,18.68349481675677,SUCCESS,0.0.731861,0.0.4601632,0.0.4138717@1785181358.384502368
0.0.1460111,0.6445180531260951,SUCCESS,0.0.731861,0.0.4601632,0.0.4138717@1785181357.585853377
0.0.5972520,18.90695928853009,SUCCESS,0.0.731861,0.0.4601632,0.0.4138717@1785181356.985914839
0.0.5255642,0.7338486756375051,SUCCESS,0.0.731861,0.0.4601632,0.0.4138717@1785181356.931989270
0.0.5500943,78.83380541210907,SUCCESS,0.0.731861,0.0.4601632&0.0.6071041,0.0.4138717@1785181356.309935742
0.0.912306,4.450039915096109,SUCCESS,0.0.731861,0.0.4601632,0.0.4138717@1785181359.522913541
0.0.1060925,11.22333090265811,SUCCESS,0.0.731861,0.0.4601632,0.0.4138717@1785181356.873909631
0.0.3870061,617.0672790207996,SUCCESS,0.0.731861,0.0.4601632,0.0.4138717@1785181360.180430243
0.0.7778674,518.5939106255703,SUCCESS,0.0.731861,0.0.4601632&0.0.5328590,0.0.4138717@1785181357.572525902
0.0.1075845,29.20475469068176,SUCCESS,0.0.731861,0.0.4601632,0.0.4138717@1785181360.710911203
0.0.10031144,17.73970647357853,NOT_ASSOCIATED,0.0.731861,0.0.4601632,
0.0.10031150,1.697227517725765,NOT_ASSOCIATED,0.0.731861,0.0.4601632,
0.0.7480837,160.1224282615414,SUCCESS,0.0.731861,0.0.4601632,0.0.4138717@1785181360.978758882
0.0.6463609,0.4736487207000309,NOT_ASSOCIATED,0.0.731861,0.0.4601632,
0.0.4730774,93.4552053161955,SUCCESS,0.0.731861,0.0.4601632,0.0.4138717@1785181359.983682083
0.0.1405765,35.83424051604917,SUCCESS,0.0.731861,0.0.4601632,0.0.4138717@1785181362.046623749
0.0.2114355,0.0001851490917643824,SUCCESS,0.0.731861,0.0.4601632,0.0.4138717@1785181363.840884064
0.0.3158284,3.127601141547281,SUCCESS,0.0.731861,0.0.4601632,0.0.4138717@1785181361.461966590
0.0.660703,14.04315300291038,SUCCESS,0.0.731861,0.0.4601632,0.0.4138717@1785181363.626090258
0.0.704807,16.03330243715937,SUCCESS,0.0.731861,0.0.4601632,0.0.4138717@1785181365.058913764
0.0.175313,0.9175935851412331,SUCCESS,0.0.731861,0.0.4601632,0.0.4138717@1785181362.982442353
0.0.837339,7.234154491592877,SUCCESS,0.0.731861,0.0.4601632,0.0.4138717@1785181365.254778420
0.0.707819,2.927602188440156,SUCCESS,0.0.731861,0.0.4601632,0.0.4138717@1785181364.376288269
0.0.1186570,74.3336481673709,SUCCESS,0.0.731861,0.0.4601632,0.0.4138717@1785181365.125089127
0.0.3288713,2.44718900027209,SUCCESS,0.0.731861,0.0.4601632,0.0.4138717@1785181363.065346212
0.0.1997076,801.6890838006349,SUCCESS,0.0.731861,0.0.4601632,0.0.4138717@1785181365.026694740
0.0.2999419,0.06100140964938361,SUCCESS,0.0.731861,0.0.4601632,0.0.4138717@1785181368.170379446
0.0.3828466,114.6327203297723,SUCCESS,0.0.731861,0.0.4601632,0.0.4138717@1785181364.874572868
0.0.853115,0.1845524376737731,SUCCESS,0.0.731861,0.0.4601632,0.0.4138717@1785181364.425124476
0.0.4403472,1.733273813241555,SUCCESS,0.0.731861,0.0.4601632,0.0.4138717@1785181363.891953445
0.0.816727,44.7799234580074,SUCCESS,0.0.731861,0.0.4601632,0.0.4138717@1785181364.148570858
0.0.5002435,6.017676709622916,SUCCESS,0.0.731861,0.0.4601632,0.0.4138717@1785181369.457175249
0.0.1860200,0.006278884039159489,SUCCESS,0.0.731861,0.0.4601632,0.0.4138717@1785181366.772177286
0.0.877043,19.29431859325699,SUCCESS,0.0.731861,0.0.4601632,0.0.4138717@1785181367.360376060
0.0.860846,0.008966629232313662,SUCCESS,0.0.731861,0.0.4601632,0.0.4138717@1785181366.870358457
0.0.3705687,0.001319307044268895,SUCCESS,0.0.731861,0.0.4601632,0.0.4138717@1785181367.808909869
0.0.7288906,9.559969259923395,NOT_ASSOCIATED,0.0.731861,0.0.4601632,
0.0.227955,0.9037874593532665,SUCCESS,0.0.731861,0.0.4601632&0.0.8315114,0.0.4138717@1785181371.501905842
0.0.4414004,316.6692419460556,NOT_ASSOCIATED,0.0.731861,0.0.4601632,
0.0.1287040,5.354661848958576,SUCCESS,0.0.731861,0.0.4601632,0.0.4138717@1785181369.511391407
0.0.1074067,16.01001896077666,SUCCESS,0.0.731861,0.0.4601632,0.0.4138717@1785181369.349214495
0.0.1518521,1.462965640927096,SUCCESS,0.0.731861,0.0.4601632,0.0.4138717@1785181370.369995661
0.0.731707,0.1426984090034787,SUCCESS,0.0.731861,0.0.4601632,0.0.4138717@1785181369.776001247
0.0.3161895,0.7538810383707147,SUCCESS,0.0.731861,0.0.4601632,0.0.4138717@1785181370.623198989
0.0.1872630,37.23158690398049,SUCCESS,0.0.731861,0.0.4601632,0.0.4138717@1785181374.290916782
0.0.6049415,0.0002319962902230606,SUCCESS,0.0.731861,0.0.4601632,0.0.4138717@1785181373.571142205
0.0.4559156,0.06349182647641083,SUCCESS,0.0.731861,0.0.4601632,0.0.4138717@1785181370.612316595
0.0.851606,0.0005923456450485859,SUCCESS,0.0.731861,0.0.4601632,0.0.4138717@1785181371.889337863
0.0.4797402,0.002016980279554409,SUCCESS,0.0.731861,0.0.4601632,0.0.4138717@1785181373.983237822
0.0.1872027,31177.05957607024,SUCCESS,0.0.731861,0.0.5328590,0.0.4138717@1785181375.592235335
0.0.7800894,164.0325187315133,SUCCESS,0.0.731861,0.0.5328590,0.0.4138717@1785181378.400048888
0.0.5151429,4.516647666371965,SUCCESS,0.0.731861,0.0.5328590,0.0.4138717@1785181375.743368108
0.0.8499794,139.4268289853625,SUCCESS,0.0.731861,0.0.5328590,0.0.4138717@1785181378.846990383
0.0.8198184,127.2013265538183,SUCCESS,0.0.731861,0.0.5328590,0.0.4138717@1785181374.976880299
0.0.701191,11.62185087591616,SUCCESS,0.0.731861,0.0.5328590,0.0.4138717@1785181375.625388593
0.0.1422243,2306.385869384029,SUCCESS,0.0.731861,0.0.5328590,0.0.4138717@1785181376.703908090
0.0.4337803,52.53668707175479,SUCCESS,0.0.731861,0.0.5328590,0.0.4138717@1785181378.648087544
0.0.7852259,42.83293799211758,SUCCESS,0.0.731861,0.0.5328590,0.0.4138717@1785181378.178583602
0.0.4839415,3.056759331401932,SUCCESS,0.0.731861,0.0.5328590,0.0.4138717@1785181377.768969900
0.0.6298433,3.226740054199714,SUCCESS,0.0.731861,0.0.5328590,0.0.4138717@1785181378.519520353
0.0.7171484,1.380156164361406,SUCCESS,0.0.731861,0.0.5328590,0.0.4138717@1785181380.391274174
0.0.5068949,0.8306335055425732,SUCCESS,0.0.731861,0.0.5328590,0.0.4138717@1785181378.615813639
0.0.2365584,53.49198219683704,SUCCESS,0.0.731861,0.0.5328590,0.0.4138717@1785181379.341388014
0.0.8128261,0.03710932442448272,SUCCESS,0.0.731861,0.0.5328590,0.0.4138717@1785181383.515656975
0.0.9119461,0.002413426108695975,SUCCESS,0.0.731861,0.0.5328590&0.0.6071119&0.0.8315114,0.0.4138717@1785181382.409358384
0.0.8551680,1011.615778600743,SUCCESS,0.0.731861,0.0.5328590,0.0.4138717@1785181385.181566361
0.0.7562963,580.3215371479873,SUCCESS,0.0.731861,0.0.5328590,0.0.4138717@1785181384.424310080
0.0.793409,49.60869063964952,SUCCESS,0.0.731861,0.0.5328590,0.0.4138717@1785181384.425781150
0.0.9214791,3.506731188389812,SUCCESS,0.0.731861,0.0.5328590,0.0.4138717@1785181385.985383268
0.0.9320918,0.08461514215331258,SUCCESS,0.0.731861,0.0.5328590,0.0.4138717@1785181382.916136122
0.0.4358351,2.110676183459691,SUCCESS,0.0.731861,0.0.5328590,0.0.4138717@1785181387.605827791
0.0.2174129,42.11647812699997,SUCCESS,0.0.731861,0.0.5328590,0.0.4138717@1785181383.083222146
0.0.4362489,65.58004910566679,SUCCESS,0.0.731861,0.0.5328590,0.0.4138717@1785181386.765303764
0.0.10421961,3.320673760396223,SUCCESS,0.0.731861,0.0.5328590,0.0.4138717@1785181383.641955971
0.0.7326025,0.6722451887394825,SUCCESS,0.0.731861,0.0.5328590&0.0.6071119,0.0.4138717@1785181386.429947226
0.0.6157135,1443.814601246825,SUCCESS,0.0.731861,0.0.5328590,0.0.4138717@1785181385.919292870
0.0.696926,39.11216503294937,SUCCESS,0.0.731861,0.0.5328590,0.0.4138717@1785181386.355620356
0.0.608244,24.33390485491515,SUCCESS,0.0.731861,0.0.5328590,0.0.4138717@1785181386.518642206
0.0.1054113,116.4805416143633,SUCCESS,0.0.731861,0.0.5328590,0.0.4138717@1785181389.222978903
0.0.1082181,1599.619264667048,SUCCESS,0.0.731861,0.0.5328590,0.0.4138717@1785181388.889055121
0.0.1212407,13.69759396889021,SUCCESS,0.0.731861,0.0.5328590,0.0.4138717@1785181389.564121758
0.0.4971932,3.094651960760465,SUCCESS,0.0.731861,0.0.5328590,0.0.4138717@1785181392.497816609
0.0.1017499,2221.376696941399,SUCCESS,0.0.731861,0.0.5328590,0.0.4138717@1785181391.663563283
0.0.1316556,187.8919887295972,SUCCESS,0.0.731861,0.0.5328590,0.0.4138717@1785181391.146534160
0.0.638193,2205.622801944329,SUCCESS,0.0.731861,0.0.5328590,0.0.4138717@1785181391.456231096
0.0.10235120,44.47645766610474,SUCCESS,0.0.731861,0.0.5328590,0.0.4138717@1785181394.444642747
0.0.4361068,5.538149071699962,SUCCESS,0.0.731861,0.0.5328590,0.0.4138717@1785181394.562321073
0.0.712902,2326.170271778575,SUCCESS,0.0.731861,0.0.5328590,0.0.4138717@1785181393.056989311
0.0.8267927,21.45879686934833,SUCCESS,0.0.731861,0.0.5328590,0.0.4138717@1785181393.293972622
0.0.9214238,29.87929072151171,SUCCESS,0.0.731861,0.0.5328590,0.0.4138717@1785181393.271449502
0.0.4426658,138.8656098372719,SUCCESS,0.0.731861,0.0.5328590,0.0.4138717@1785181395.078570692
0.0.540025,7.920652652950627,SUCCESS,0.0.731861,0.0.5328590,0.0.4138717@1785181396.493972107
0.0.4742691,8.140369280175683,SUCCESS,0.0.731861,0.0.5328590,0.0.4138717@1785181394.306328705
0.0.1281501,110.5549879056018,SUCCESS,0.0.731861,0.0.5328590,0.0.4138717@1785181396.921820250
0.0.4364713,281.1181886252966,SUCCESS,0.0.731861,0.0.5328590,0.0.4138717@1785181397.239671235
0.0.599260,3.735003274856669,SUCCESS,0.0.731861,0.0.5328590,0.0.4138717@1785181396.150573634
0.0.787993,449.1178005594898,SUCCESS,0.0.731861,0.0.5328590,0.0.4138717@1785181396.997474319
0.0.806166,67.16213765373222,SUCCESS,0.0.731861,0.0.5328590,0.0.4138717@1785181397.721190721
0.0.1120388,17.37335591808986,SUCCESS,0.0.731861,0.0.5328590,0.0.4138717@1785181396.652935699
0.0.3012905,1.085614020852011,SUCCESS,0.0.731861,0.0.5328590,0.0.4138717@1785181397.768993772
0.0.4356483,101.8286729657783,SUCCESS,0.0.731861,0.0.5328590,0.0.4138717@1785181399.194903616
0.0.6003880,47.44906700539563,SUCCESS,0.0.731861,0.0.5328590,0.0.4138717@1785181398.931518944
0.0.3092477,8.753261740696429,SUCCESS,0.0.731861,0.0.5328590,0.0.4138717@1785181401.249537033
0.0.3868695,65.30607510490074,SUCCESS,0.0.731861,0.0.5328590,0.0.4138717@1785181400.356024186
0.0.4352091,9.974977374984652,SUCCESS,0.0.731861,0.0.5328590,0.0.4138717@1785181402.356388338
0.0.9312249,7.107228219027563,SUCCESS,0.0.731861,0.0.5328590,0.0.4138717@1785181401.322156903
0.0.4587141,2.407000086199623,SUCCESS,0.0.731861,0.0.5328590,0.0.4138717@1785181403.498947335
0.0.9151827,0.004736037856795697,NOT_ASSOCIATED,0.0.731861,0.0.5328590,
0.0.9237387,76.3419736528954,SUCCESS,0.0.731861,0.0.5328590,0.0.4138717@1785181403.164706173
0.0.1009100,0.00869443577572762,NOT_ASSOCIATED,0.0.731861,0.0.5328590,
0.0.946745,341.4406344707733,SUCCESS,0.0.731861,0.0.5328590,0.0.4138717@1785181402.600380505
0.0.9641103,80.26160351366252,SUCCESS,0.0.731861,0.0.5328590&0.0.6071119,0.0.4138717@1785181402.348230154
0.0.9364499,0.5082043261888082,SUCCESS,0.0.731861,0.0.5328590,0.0.4138717@1785181406.398416704
0.0.7731260,1.796546592629345,SUCCESS,0.0.731861,0.0.5328590,0.0.4138717@1785181405.106423681
0.0.818068,46.87775062724523,SUCCESS,0.0.731861,0.0.5328590,0.0.4138717@1785181408.284957830
0.0.5702106,0.5228701825067157,SUCCESS,0.0.731861,0.0.5328590,0.0.4138717@1785181409.065271829
0.0.10375094,28.60665182528594,NOT_ASSOCIATED,0.0.731861,0.0.5328590,
0.0.1404223,0.04524589783695011,SUCCESS,0.0.731861,0.0.5328590&0.0.6071041,0.0.4138717@1785181405.706242738
0.0.52671,165.1519964904507,SUCCESS,0.0.731861,0.0.5328590,0.0.4138717@1785181406.484036218
0.0.2319846,64.39836918792433,NOT_ASSOCIATED,0.0.731861,0.0.5328590,
0.0.4362264,0.3395732508159626,NOT_ASSOCIATED,0.0.731861,0.0.5328590,
0.0.9276478,0.03881546495836485,SUCCESS,0.0.731861,0.0.5328590,0.0.4138717@1785181409.408478524
0.0.1324089,1.070258674207232,SUCCESS,0.0.731861,0.0.5328590&0.0.6071041,0.0.4138717@1785181409.186233613
0.0.10031113,11474.51761445527,NOT_ASSOCIATED,0.0.731861,0.0.5328590,
0.0.1460265,978.0681741429834,SUCCESS,0.0.731861,0.0.5328590,0.0.4138717@1785181411.398548167
0.0.9802061,45.84596143592932,SUCCESS,0.0.731861,0.0.5328590&0.0.6071119,0.0.4138717@1785181408.559433037
0.0.9885066,23.55439363584588,SUCCESS,0.0.731861,0.0.5328590,0.0.4138717@1785181412.344132872
0.0.8113026,1.727440743610173,SUCCESS,0.0.731861,0.0.5328590,0.0.4138717@1785181411.054987040
0.0.9588454,15.42043100740992,SUCCESS,0.0.731861,0.0.5328590,0.0.4138717@1785181410.708196368
0.0.10031110,19885.53160007858,NOT_ASSOCIATED,0.0.731861,0.0.5328590,
0.0.4362583,0.09279640606915908,SUCCESS,0.0.731861,0.0.5328590,0.0.4138717@1785181414.421462664
0.0.7734907,28.40564631546626,SUCCESS,0.0.731861,0.0.5328590,0.0.4138717@1785181414.286204124
0.0.7214343,1891.170435705314,SUCCESS,0.0.731861,0.0.5328590,0.0.4138717@1785181410.608177484
0.0.9859739,102.8266705015486,SUCCESS,0.0.731861,0.0.5328590,0.0.4138717@1785181415.003741358
0.0.9401455,7.941402798699049,SUCCESS,0.0.731861,0.0.5328590,0.0.4138717@1785181415.367161480
0.0.5052897,1.881948307540754,SUCCESS,0.0.731861,0.0.5328590,0.0.4138717@1785181411.056965182
0.0.822616,217.2574326551156,SUCCESS,0.0.731861,0.0.5328590,0.0.4138717@1785181414.919160906
0.0.4358401,0.787055099517548,SUCCESS,0.0.731861,0.0.5328590,0.0.4138717@1785181414.247594674
0.0.1105713,23.24645359693733,SUCCESS,0.0.731861,0.0.5328590,0.0.4138717@1785181417.437416901
0.0.10091451,83.705469008626,SUCCESS,0.0.731861,0.0.5328590,0.0.4138717@1785181414.578115740
0.0.1002430,5510.264321171923,SUCCESS,0.0.731861,0.0.5328590,0.0.4138717@1785181417.892138614
0.0.4348988,0.3712946428639231,SUCCESS,0.0.731861,0.0.5328590,0.0.4138717@1785181416.551165234
0.0.1251063,46.53707699269108,SUCCESS,0.0.731861,0.0.5328590,0.0.4138717@1785181415.613470350
0.0.1027780,2725.310341415592,SUCCESS,0.0.731861,0.0.5328590,0.0.4138717@1785181416.526045921
0.0.10010228,350.3920943393618,SUCCESS,0.0.731861,0.0.5328590,0.0.4138717@1785181416.574335387
0.0.10047974,8.087550314206215,SUCCESS,0.0.731861,0.0.5328590,0.0.4138717@1785181418.037127705
0.0.8426856,4.11238881420061,SUCCESS,0.0.731861,0.0.5328590,0.0.4138717@1785181420.906680681
0.0.1444388,3.971164838997944,SUCCESS,0.0.731861,0.0.5328590,0.0.4138717@1785181423.451838402
0.0.7523706,151.7575896319634,NOT_ASSOCIATED,0.0.731861,0.0.5328590,
0.0.4320148,7.75034816448109,SUCCESS,0.0.731861,0.0.5328590&0.0.10092996&0.0.10093026,0.0.4138717@1785181420.345983125
0.0.9093010,0.3846394898358808,SUCCESS,0.0.731861,0.0.5328590,0.0.4138717@1785181421.700924710
0.0.1462131,0.004863827786410053,SUCCESS,0.0.731861,0.0.6071041,0.0.4138717@1785181423.817686989
0.0.896352,2.105133774070618,SUCCESS,0.0.731861,0.0.6071041,0.0.4138717@1785181424.844291698
0.0.2328171,1255.203175830826,NOT_ASSOCIATED,0.0.731861,0.0.6071041,
0.0.5729027,7.797889145028876,SUCCESS,0.0.731861,0.0.6071119,0.0.4138717@1785181421.160033312
0.0.5740497,1546.48487214497,SUCCESS,0.0.731861,0.0.6071119,0.0.4138717@1785181422.486822323
0.0.2020001,0.02951856820898932,SUCCESS,0.0.731861,0.0.6071119,0.0.4138717@1785181425.929195329
0.0.2174967,77.43308308447061,SUCCESS,0.0.731861,0.0.6071119,0.0.4138717@1785181423.862862382
0.0.10031183,77.78261620773385,NOT_ASSOCIATED,0.0.731861,0.0.6071119,
0.0.10031184,1397.668479365776,NOT_ASSOCIATED,0.0.731861,0.0.6071119,
0.0.4041275,345.8556354067563,SUCCESS,0.0.731861,0.0.6071119,0.0.4138717@1785181426.590361551
0.0.2137399,11.87752227697572,SUCCESS,0.0.731861,0.0.6071119,0.0.4138717@1785181426.861306415
0.0.6892983,556.7611713341365,SUCCESS,0.0.731861,0.0.6071119,0.0.4138717@1785181428.750080153
0.0.833139,7.855342501008374,SUCCESS,0.0.731861,0.0.6071119,0.0.4138717@1785181426.687189473
0.0.1700952,630.0510861557216,SUCCESS,0.0.731861,0.0.6071119,0.0.4138717@1785181429.024887951
0.0.9824949,4078.293513422817,SUCCESS,0.0.731861,0.0.6071911,0.0.4138717@1785181428.353820388
0.0.3704330,1964.214717668381,SUCCESS,0.0.731861,0.0.6071911,0.0.4138717@1785181429.031413061
0.0.6082528,3229.115154904986,SUCCESS,0.0.731861,0.0.6078459,0.0.4138717@1785181429.594502429
0.0.2997555,0.123140082141055,SUCCESS,0.0.731861,0.0.6078459,0.0.4138717@1785181429.260434193
0.0.7200098,130.0600319296892,SUCCESS,0.0.731861,0.0.6078459,0.0.4138717@1785181430.636805084
0.0.7857493,4882.26903915049,NOT_ASSOCIATED,0.0.731861,0.0.6078459,
0.0.8208716,6651.340239103995,SUCCESS,0.0.731861,0.0.6078473,0.0.4138717@1785181431.935843473
0.0.9471068,202.1917691473067,SUCCESS,0.0.731861,0.0.6078473,0.0.4138717@1785181431.996873337
0.0.4987474,0.00005212292701495066,SUCCESS,0.0.731861,0.0.6126395,0.0.4138717@1785181429.716114808
0.0.972940,0.0162848588181158,SUCCESS,0.0.731861,0.0.6126395,0.0.4138717@1785181433.494876371
0.0.1033719,6.562805495761668,SUCCESS,0.0.731861,0.0.8315114,0.0.4138717@1785181433.074875542
0.0.10031160,181.3427666244295,NOT_ASSOCIATED,0.0.731861,0.0.8315114,
0.0.10031155,0.4544415088995603,NOT_ASSOCIATED,0.0.731861,0.0.8315114,
0.0.10267181,0.6662007711385408,NOT_ASSOCIATED,0.0.731861,0.0.8315114,
0.0.10267182,0.1444128486336665,NOT_ASSOCIATED,0.0.731861,0.0.8315114,
0.0.10432879,0.01119800887716763,SUCCESS,0.0.731861,0.0.8315114,0.0.4138717@1785181431.167322443
0.0.9940020,0.0001293244903888397,SUCCESS,0.0.731861,0.0.8315114,0.0.4138717@1785181434.299031579
0.0.8085924,2.074911479665316,SUCCESS,0.0.731861,0.0.8315114,0.0.4138717@1785181433.553997796
0.0.4544022,128.2133640622916,NOT_ASSOCIATED,0.0.731861,0.0.8315114,
0.0.5679713,0.03977920770631342,SUCCESS,0.0.731861,0.0.8315114,0.0.4138717@1785181436.358290452
0.0.4340961,0.002350907206418784,SUCCESS,0.0.731861,0.0.8315114,0.0.4138717@1785181435.782199609
0.0.3311267,0.001539745715493322,NOT_ASSOCIATED,0.0.731861,0.0.8315114,
0.0.7688939,0.03012705496524606,SUCCESS,0.0.731861,0.0.8315114,0.0.4138717@1785181432.752059484
0.0.8326917,0.871792500536895,NOT_ASSOCIATED,0.0.731861,0.0.8315114,
0.0.8712714,0.5940940645203767,SUCCESS,0.0.731861,0.0.8315114,0.0.4138717@1785181432.205455434
0.0.8192889,85.9709516935679,SUCCESS,0.0.731861,0.0.8315114,0.0.4138717@1785181433.282888079
0.0.9695763,1927.815779141382,SUCCESS,0.0.731861,0.0.8315114,0.0.4138717@1785181435.701895787
0.0.10033160,0.0001276993696286162,NOT_ASSOCIATED,0.0.731861,0.0.9774523,
0.0.10517260,17430.80830748839,SUCCESS,0.0.731861,0.0.9774523,0.0.4138717@1785181435.640800586
0.0.316403,194084.9405265304,SUCCESS,0.0.731861,0.0.9774523&0.0.10018365&0.0.10092996&0.0.10093026,0.0.4138717@1785181438.963956259
0.0.10120444,1.006242411281209,NOT_ASSOCIATED,0.0.731861,0.0.10018365,
0.0.10120462,0.00001377008217686648,NOT_ASSOCIATED,0.0.731861,0.0.10092996,
0.0.10633526,123.7218850981273,SUCCESS,0.0.731861,0.0.10092996,0.0.4138717@1785181439.986932347
0.0.10120460,74.44641265610012,NOT_ASSOCIATED,0.0.731861,0.0.10092996,
0.0.10120424,1371.309705019646,NOT_ASSOCIATED,0.0.731861,0.0.10093026,
0.0.10120438,2.917419620576683,NOT_ASSOCIATED,0.0.731861,0.0.10093026,
0.0.10382204,7515.662635396229,SUCCESS,0.0.731861,0.0.10387648&0.0.10414792&0.0.10418141&0.0.10498271&0.0.10498274&0.0.10498278&0.0.10498280,0.0.4138717@1785181441.205111971
0.0.10449777,0.001262464813546117,NOT_ASSOCIATED,0.0.731861,0.0.10387648,
0.0.10454159,2.838035468305576e-8,NOT_ASSOCIATED,0.0.731861,0.0.10387648,
0.0.7582729,980.2495614406356,SUCCESS,0.0.731861,0.0.10414792,0.0.4138717@1785181437.373954010
0.0.1483886,636.2332797021102,SUCCESS,0.0.731861,0.0.10418141,0.0.4138717@1785181437.041420029
0.0.4865794,794.6757821675209,SUCCESS,0.0.731861,0.0.10418141,0.0.4138717@1785181441.061762648
0.0.10508396,1263.227474739238,SUCCESS,0.0.731861,0.0.10498271&0.0.10498274&0.0.10498278&0.0.10498280,0.0.4138717@1785181438.327430141
0.0.8229616,471.282894339369,SUCCESS,0.0.731861,0.0.10498271&0.0.10498274&0.0.10498278&0.0.10498280,0.0.4138717@1785181438.745358015
0.0.10573597,34918.97114917704,SUCCESS,0.0.731861,0.0.10498271&0.0.10498274&0.0.10498278&0.0.10498280,0.0.4138717@1785181440.005838550
0.0.842953,6557.268306244104,SUCCESS,0.0.731861,0.0.10498274,0.0.4138717@1785181443.317693490
0.0.1989187,4595.73734787904,SUCCESS,0.0.731861,0.0.10498274,0.0.4138717@1785181441.742735971
0.0.9679961,90.31484403238288,SUCCESS,0.0.731861,0.0.10498278,0.0.4138717@1785181442.862189707