account,amount,state,token address,pool address,tx id
0.0.7262531,0.004861778219841981,SUCCESS,hbar,0.0.3951117&0.0.3964804,0.0.4138717@1783972771.956664563
0.0.850535,206.5892079157014,SUCCESS,hbar,0.0.3951117,0.0.4138717@1783972775.096080672
0.0.6244791,1.193032402234276,SUCCESS,hbar,0.0.3951117,0.0.4138717@1783972774.561129773
0.0.6313910,111.5545167596566,SUCCESS,hbar,0.0.3951117&0.0.3964804,0.0.4138717@1783972771.728650210
0.0.6289117,4.352921822132608,SUCCESS,hbar,0.0.3951117&0.0.3964804,0.0.4138717@1783972772.686653739
0.0.6440477,0.4690342593364494,SUCCESS,hbar,0.0.3951117&0.0.3964804,0.0.4138717@1783972774.379244063
0.0.874760,10.27579785540497,SUCCESS,hbar,0.0.3951117&0.0.3964804,0.0.4138717@1783972775.665270692
0.0.4345324,0.1233456452332887,SUCCESS,hbar,0.0.3951117,0.0.4138717@1783972773.461858682
0.0.4702708,0.1439364404088448,SUCCESS,hbar,0.0.3951117,0.0.4138717@1783972773.370537994
0.0.6026305,0.215567157083218,SUCCESS,hbar,0.0.3951117,0.0.4138717@1783972774.561800219
0.0.6781119,2.252532954550691,SUCCESS,hbar,0.0.3951117&0.0.3964804,0.0.4138717@1783972774.440148540
0.0.5797983,0.105208069591625,SUCCESS,hbar,0.0.3951117&0.0.3964804,0.0.4138717@1783972775.297488674
0.0.7138336,0.01377161971527555,SUCCESS,hbar,0.0.3951117,0.0.4138717@1783972778.733083674
0.0.1340928,11.69791446785314,SUCCESS,hbar,0.0.3951117,0.0.4138717@1783972779.410853595
0.0.7479340,0.8777756216326447,SUCCESS,hbar,0.0.3951117&0.0.3964804,0.0.4138717@1783972776.441011176
0.0.5078033,2.060376644026662,SUCCESS,hbar,0.0.3951117,0.0.4138717@1783972779.949297991
0.0.4229805,0.56973362570096,SUCCESS,hbar,0.0.3951117,0.0.4138717@1783972779.976936768
0.0.1726157,3.591279019724015,SUCCESS,hbar,0.0.3951117&0.0.3964804,0.0.4138717@1783972781.942055684
0.0.4551977,0.09844551899202782,SUCCESS,hbar,0.0.3951117,0.0.4138717@1783972780.020451161
0.0.4766933,18.27567083410883,SUCCESS,hbar,0.0.3951117,0.0.4138717@1783972784.107074844
0.0.1110477,10.00568683699666,SUCCESS,hbar,0.0.3951117,0.0.4138717@1783972781.476327565
0.0.4432149,0.3598879772138859,SUCCESS,hbar,0.0.3951117,0.0.4138717@1783972785.431218622
0.0.4968045,3.081071325581463,SUCCESS,hbar,0.0.3951117,0.0.4138717@1783972783.276598660
0.0.2930231,0.3561190911582878,SUCCESS,hbar,0.0.3951117&0.0.3964804,0.0.4138717@1783972784.306402247
0.0.4558891,4.352342897233019,SUCCESS,hbar,0.0.3951117,0.0.4138717@1783972786.245720338
0.0.5976303,0.4409848959154221,SUCCESS,hbar,0.0.3951117&0.0.3964804,0.0.4138717@1783972788.958514716
0.0.4318411,5.956508562739924,SUCCESS,hbar,0.0.3951117,0.0.4138717@1783972790.144807115
0.0.3681428,93.67673839699127,SUCCESS,hbar,0.0.3951117&0.0.3964804,0.0.4138717@1783972791.102901592
0.0.4329852,23.23083991880166,SUCCESS,hbar,0.0.3951117&0.0.3964804,0.0.4138717@1783972787.618638894
0.0.5975196,0.1776223681583818,SUCCESS,hbar,0.0.3951117,0.0.4138717@1783972790.203460415
0.0.3969243,0.03198757849617399,SUCCESS,hbar,0.0.3951117,0.0.4138717@1783972789.209697220
0.0.4732964,0.1347697968802399,SUCCESS,hbar,0.0.3951117,0.0.4138717@1783972790.001759483
0.0.1490591,13.10564126508781,SUCCESS,hbar,0.0.3951117&0.0.3964804,0.0.4138717@1783972792.124902120
0.0.1412123,0.3367923670728342,SUCCESS,hbar,0.0.3951117&0.0.3964804,0.0.4138717@1783972790.543708678
0.0.4184733,108.0449293358111,SUCCESS,hbar,0.0.3951117,0.0.4138717@1783972793.319079573
0.0.4775299,0.995478050709958,SUCCESS,hbar,0.0.3951117,0.0.4138717@1783972796.099516945
0.0.4758169,0.592992067399819,SUCCESS,hbar,0.0.3951117,0.0.4138717@1783972797.954351003
0.0.3071320,30.7271230570572,SUCCESS,hbar,0.0.3951117,0.0.4138717@1783972795.088070345
0.0.4330219,0.1906245235248717,SUCCESS,hbar,0.0.3951117,0.0.4138717@1783972796.184806749
0.0.2968839,3.72857472221299,SUCCESS,hbar,0.0.3951117&0.0.3964804,0.0.4138717@1783972797.906753951
0.0.4923080,0.1578369655340618,SUCCESS,hbar,0.0.3951117,0.0.4138717@1783972799.651072847
0.0.3242760,22.05222611388139,SUCCESS,hbar,0.0.3951117&0.0.3964804,0.0.4138717@1783972802.009763037
0.0.9104463,6.145142849770087,SUCCESS,hbar,0.0.3951117&0.0.3964804,0.0.4138717@1783972802.995828555
0.0.8190429,0.0001914281687516181,SUCCESS,hbar,0.0.3951117,0.0.4138717@1783972802.162877079
0.0.4912200,72.44587404907426,SUCCESS,hbar,0.0.3951117&0.0.3964804,0.0.4138717@1783972802.831896573
0.0.4342759,22.42134051831674,SUCCESS,hbar,0.0.3951117,0.0.4138717@1783972804.236152424
0.0.1691323,14.51721907887205,SUCCESS,hbar,0.0.3951117&0.0.3964804,0.0.4138717@1783972804.660142906
0.0.8616856,40.2836135748656,SUCCESS,hbar,0.0.3951117&0.0.3964804,0.0.4138717@1783972804.886459566
0.0.2960169,0.6579920093352026,SUCCESS,hbar,0.0.3951117,0.0.4138717@1783972804.733112753
0.0.4339505,0.1176547018869956,SUCCESS,hbar,0.0.3951117,0.0.4138717@1783972809.307921531
0.0.8531519,2.737515741324763,SUCCESS,hbar,0.0.3951117,0.0.4138717@1783972808.923335500
0.0.2122027,2.645738278601665,SUCCESS,hbar,0.0.3951117&0.0.3964804,0.0.4138717@1783972805.655311796
0.0.4531253,0.04115634126183618,SUCCESS,hbar,0.0.3951117&0.0.3964804,0.0.4138717@1783972807.682952108
0.0.1379217,3.743064211790755,SUCCESS,hbar,0.0.3951117,0.0.4138717@1783972807.562833728
0.0.7788937,0.01986596880686508,SUCCESS,hbar,0.0.3951117&0.0.3964804,0.0.4138717@1783972811.209660431
0.0.9150357,4.046187374925817,SUCCESS,hbar,0.0.3951117,0.0.4138717@1783972812.404788797
0.0.7526203,0.8310676331102407,SUCCESS,hbar,0.0.3951117&0.0.3964804,0.0.4138717@1783972812.455989184
0.0.8899262,2.575475261746663,SUCCESS,hbar,0.0.3951117,0.0.4138717@1783972812.399444388
0.0.3310398,0.1043429565266371,SUCCESS,hbar,0.0.3951117&0.0.3964804,0.0.4138717@1783972816.613321826
0.0.9120392,0.5486490783899509,SUCCESS,hbar,0.0.3951117&0.0.3964804,0.0.4138717@1783972816.618274129
0.0.9195929,3.748957465238973,SUCCESS,hbar,0.0.3951117&0.0.3964804,0.0.4138717@1783972815.855599205
0.0.7891604,8.1783014148869,SUCCESS,hbar,0.0.3951117,0.0.4138717@1783972818.215977140
0.0.9200436,0.4068141974889097,SUCCESS,hbar,0.0.3951117,0.0.4138717@1783972820.056192584
0.0.598828,0.02043512855555817,SUCCESS,hbar,0.0.3951117&0.0.3964804,0.0.4138717@1783972822.155880565
0.0.1023917,2.179601528273345,SUCCESS,hbar,0.0.3951117&0.0.3964804,0.0.4138717@1783972821.653499505
0.0.1506598,1.825255666519114,SUCCESS,hbar,0.0.3951117,0.0.4138717@1783972822.599525675
0.0.4559340,0.1192821679516901,SUCCESS,hbar,0.0.3951117,0.0.4138717@1783972822.058056719
0.0.7798148,2.817775807897878,SUCCESS,hbar,0.0.3951117,0.0.4138717@1783972819.736791233
0.0.7843482,0.9635773336762395,SUCCESS,hbar,0.0.3951117&0.0.3964804,0.0.4138717@1783972821.157801841
0.0.7835270,5.845967923422627,SUCCESS,hbar,0.0.3951117,0.0.4138717@1783972824.587975537
0.0.4503599,1.403607645108416,SUCCESS,hbar,0.0.3951117,0.0.4138717@1783972823.532940777
0.0.4347838,2.541028923616845,SUCCESS,hbar,0.0.3951117,0.0.4138717@1783972825.139536111
0.0.1877739,0.1114395207361414,SUCCESS,hbar,0.0.3951117,0.0.4138717@1783972822.530606629
0.0.4864609,0.1067359017492703,SUCCESS,hbar,0.0.3951117,0.0.4138717@1783972825.036829574
0.0.4322002,0.4737214107027737,SUCCESS,hbar,0.0.3951117,0.0.4138717@1783972829.657014581
0.0.4302086,0.1271731593623951,SUCCESS,hbar,0.0.3951117,0.0.4138717@1783972828.190188128
0.0.7991960,1.800332411309127,SUCCESS,hbar,0.0.3951117&0.0.3964804,0.0.4138717@1783972830.802084135
0.0.1601282,0.07896248553707581,SUCCESS,hbar,0.0.3951117,0.0.4138717@1783972831.249582827
0.0.2125030,37.23239266403674,SUCCESS,hbar,0.0.3951117,0.0.4138717@1783972829.961601673
0.0.856667,6.520386061967181,SUCCESS,hbar,0.0.3951117&0.0.3964804,0.0.4138717@1783972830.913025698
0.0.1991961,20.64382186889663,SUCCESS,hbar,0.0.3951117,0.0.4138717@1783972830.009235645
0.0.8068689,4.587545564246274,SUCCESS,hbar,0.0.3951117&0.0.3964804,0.0.4138717@1783972831.435169486
0.0.7889838,0.03659537210743628,SUCCESS,hbar,0.0.3951117,0.0.4138717@1783972834.113549172
0.0.6258771,3.000358013787543,SUCCESS,hbar,0.0.3951117,0.0.4138717@1783972835.940281165
0.0.700741,0.259987206564532,SUCCESS,hbar,0.0.3951117,0.0.4138717@1783972834.923211548
0.0.2020001,0.06581591482681551,SUCCESS,hbar,0.0.3951117,0.0.4138717@1783972834.313914270
0.0.1412849,0.000002425497152505721,SUCCESS,hbar,0.0.3951117,0.0.4138717@1783972837.507729378
0.0.823348,0.0758938430097322,SUCCESS,hbar,0.0.3951117,0.0.4138717@1783972837.627177340
0.0.2174139,0.09435324206495206,SUCCESS,hbar,0.0.3951117&0.0.3964804,0.0.4138717@1783972838.289362938
0.0.1261552,0.2259218634459462,SUCCESS,hbar,0.0.3951117&0.0.3964804,0.0.4138717@1783972840.516268340
0.0.4205604,0.4040860992328181,SUCCESS,hbar,0.0.3951117,0.0.4138717@1783972841.000629116
0.0.639876,0.02337802771925422,SUCCESS,hbar,0.0.3951117,0.0.4138717@1783972840.557708112
0.0.4329215,0.02936855359147714,SUCCESS,hbar,0.0.3951117&0.0.3964804,0.0.4138717@1783972840.652218148
0.0.854331,0.01555825406484292,SUCCESS,hbar,0.0.3951117,0.0.4138717@1783972846.193807647
0.0.4333286,0.03677576996784928,SUCCESS,hbar,0.0.3951117,0.0.4138717@1783972844.009839440
0.0.4210667,0.00790596516924976,SUCCESS,hbar,0.0.3951117,0.0.4138717@1783972846.394959309
0.0.1453803,0.6539341454824876,SUCCESS,hbar,0.0.3951117&0.0.3964804,0.0.4138717@1783972843.930135819
0.0.1414140,263.9646946927108,SUCCESS,hbar,0.0.3951117,0.0.4138717@1783972845.885161303
0.0.4346579,0.001045952265909529,SUCCESS,hbar,0.0.3951117,0.0.4138717@1783972849.283114247
0.0.508876,2.362545914628547,SUCCESS,hbar,0.0.3951117,0.0.4138717@1783972846.756555186
0.0.1409958,0.04874619859421536,SUCCESS,hbar,0.0.3951117,0.0.4138717@1783972849.497643332
0.0.1075892,0.6200768685130718,SUCCESS,hbar,0.0.3951117,0.0.4138717@1783972850.392860569
0.0.1097257,4.064200891192161,SUCCESS,hbar,0.0.3951117,0.0.4138717@1783972851.582655918
0.0.4350041,0.1077640243542697,SUCCESS,hbar,0.0.3951117,0.0.4138717@1783972853.107207093
0.0.1910285,0.0695928722169118,SUCCESS,hbar,0.0.3951117,0.0.4138717@1783972850.250297438
0.0.1375637,0.1243754121933555,SUCCESS,hbar,0.0.3951117,0.0.4138717@1783972848.678592851
0.0.1265153,0.001060726488255853,SUCCESS,hbar,0.0.3951117,0.0.4138717@1783972853.356855597
0.0.1274087,363.059938719474,SUCCESS,hbar,0.0.3951117,0.0.4138717@1783972853.990347862
0.0.2773436,47.29901839296631,SUCCESS,hbar,0.0.3951117&0.0.3964804,0.0.4138717@1783972852.715736000
0.0.834820,5.592433562825157,SUCCESS,hbar,0.0.3951117&0.0.3964804,0.0.4138717@1783972853.393034038
0.0.731977,8.72788188967917,SUCCESS,hbar,0.0.3951117,0.0.4138717@1783972852.223098244
0.0.836838,168.841548916681,SUCCESS,hbar,0.0.3951117,0.0.4138717@1783972852.770778508
0.0.860438,0.2892133361743996,SUCCESS,hbar,0.0.3951117&0.0.3964804,0.0.4138717@1783972856.478983491
0.0.1290358,6.259316014959293,SUCCESS,hbar,0.0.3951117,0.0.4138717@1783972856.386746840
0.0.956549,65.51371171479465,SUCCESS,hbar,0.0.3951117,0.0.4138717@1783972858.386726034
0.0.832415,36.12257997425922,SUCCESS,hbar,0.0.3951117,0.0.4138717@1783972857.554646027
0.0.1735540,0.5463084366665163,SUCCESS,hbar,0.0.3951117,0.0.4138717@1783972855.842147446
0.0.3845966,0.2143730140180632,SUCCESS,hbar,0.0.3951117&0.0.3964804,0.0.4138717@1783972860.521310311
0.0.1724832,0.06717772835984769,SUCCESS,hbar,0.0.3951117,0.0.4138717@1783972860.089232796
0.0.832624,0.0006701494334036658,SUCCESS,hbar,0.0.3951117&0.0.3964804,0.0.4138717@1783972860.962927823
0.0.525256,11.30244683103524,SUCCESS,hbar,0.0.3951117,0.0.4138717@1783972862.815213263
0.0.2116956,0.1670407009506316,SUCCESS,hbar,0.0.3951117,0.0.4138717@1783972862.433936057
0.0.896788,154.7914912481222,SUCCESS,hbar,0.0.3951117,0.0.4138717@1783972862.848073782
0.0.925802,0.9000844183298041,SUCCESS,hbar,0.0.3951117,0.0.4138717@1783972864.244264483
0.0.1628961,346.7202393051556,SUCCESS,hbar,0.0.3951117&0.0.3964804,0.0.4138717@1783972864.841911753
0.0.819461,0.05814919564805483,SUCCESS,hbar,0.0.3951117,0.0.4138717@1783972867.049099241
0.0.662296,53.79367219311708,SUCCESS,hbar,0.0.3951117,0.0.4138717@1783972867.644285017
0.0.5202236,0.655668312600631,SUCCESS,hbar,0.0.3951117,0.0.4138717@1783972866.069449146
0.0.4590627,1.049339949038295,SUCCESS,hbar,0.0.3951117,0.0.4138717@1783972865.891685268
0.0.4323088,7.661903255337976,SUCCESS,hbar,0.0.3951117&0.0.3964804,0.0.4138717@1783972868.692798450
0.0.4335807,7.374408047556534,SUCCESS,hbar,0.0.3951117,0.0.4138717@1783972869.610051197
0.0.4986167,0.2108060696617688,SUCCESS,hbar,0.0.3951117,0.0.4138717@1783972866.971421467
0.0.5281334,0.2104407157908124,SUCCESS,hbar,0.0.3951117,0.0.4138717@1783972869.799543857
0.0.5310061,0.7497218190533849,SUCCESS,hbar,0.0.3951117&0.0.3964804,0.0.4138717@1783972868.620117905
0.0.5117832,63.96061172010396,SUCCESS,hbar,0.0.3951117&0.0.3964804,0.0.4138717@1783972870.940021345
0.0.1711779,0.02091384595428049,SUCCESS,hbar,0.0.3951117,0.0.4138717@1783972873.534396813
0.0.853268,50.53294112865427,SUCCESS,hbar,0.0.3951117,0.0.4138717@1783972871.169907622
0.0.5182107,0.4308950629270569,SUCCESS,hbar,0.0.3951117&0.0.3964804,0.0.4138717@1783972871.105155795
0.0.3829916,27.34897490425217,SUCCESS,hbar,0.0.3951117,0.0.4138717@1783972875.635697482
0.0.4354394,12.47220892995571,SUCCESS,hbar,0.0.3951117,0.0.4138717@1783972874.812621615
0.0.1322785,36.74501286202618,SUCCESS,hbar,0.0.3951117,0.0.4138717@1783972872.025712561
0.0.5716339,0.001623991642998128,SUCCESS,hbar,0.0.3951117,0.0.4138717@1783972871.700820778
0.0.4709377,13.87294594880015,SUCCESS,hbar,0.0.3951117,0.0.4138717@1783972876.910835653
0.0.4695027,0.3938283449752402,SUCCESS,hbar,0.0.3951117,0.0.4138717@1783972874.712971036
0.0.4340758,0.5686935111439898,SUCCESS,hbar,0.0.3951117&0.0.3964804,0.0.4138717@1783972875.129767403
0.0.4817549,1.066671135490989,SUCCESS,hbar,0.0.3951117&0.0.3964804,0.0.4138717@1783972879.383624071
0.0.4938729,1.640428223570042,SUCCESS,hbar,0.0.3951117,0.0.4138717@1783972876.823763265
0.0.4324445,0.1084529674797707,SUCCESS,hbar,0.0.3951117&0.0.3964804,0.0.4138717@1783972880.485459541
0.0.4349304,0.002515803253648302,SUCCESS,hbar,0.0.3951117,0.0.4138717@1783972878.836217181
0.0.1338331,0.2383784976773984,SUCCESS,hbar,0.0.3951117,0.0.4138717@1783972881.061841395
0.0.4322065,0.5796690606655702,SUCCESS,hbar,0.0.3951117,0.0.4138717@1783972878.813656979
0.0.4370057,0.03803061752677706,SUCCESS,hbar,0.0.3951117,0.0.4138717@1783972880.525951807
0.0.104926,0.002243737648507061,SUCCESS,hbar,0.0.3951117,0.0.4138717@1783972883.203976025
0.0.4348824,0.01000821639448472,SUCCESS,hbar,0.0.3951117,0.0.4138717@1783972887.946788517
0.0.4544530,0.1981490844471443,SUCCESS,hbar,0.0.3951117&0.0.3964804,0.0.4138717@1783972885.188884665
0.0.1506629,0.1292499460531345,SUCCESS,hbar,0.0.3951117,0.0.4138717@1783972887.916493592
0.0.795933,2.083545417839044,SUCCESS,hbar,0.0.3951117,0.0.4138717@1783972888.513520196
0.0.1071830,0.4385470518958301,SUCCESS,hbar,0.0.3951117&0.0.3964804,0.0.4138717@1783972889.369978774
0.0.4321631,5.204011278557722,SUCCESS,hbar,0.0.3951117&0.0.3964804,0.0.4138717@1783972889.529853868
0.0.4582751,0.2117459761205358,SUCCESS,hbar,0.0.3951117,0.0.4138717@1783972893.909399027
0.0.4324463,0.1354175563921442,SUCCESS,hbar,0.0.3951117,0.0.4138717@1783972893.453691547
0.0.1266990,0.08924522008595469,SUCCESS,hbar,0.0.3951117,0.0.4138717@1783972892.452713798
0.0.5118079,1.329200052650054,SUCCESS,hbar,0.0.3951117&0.0.3964804,0.0.4138717@1783972891.303934873
0.0.5118232,0.4402003109402126,SUCCESS,hbar,0.0.3951117&0.0.3964804,0.0.4138717@1783972893.404188475
0.0.5118190,0.8683217682765112,SUCCESS,hbar,0.0.3951117&0.0.3964804,0.0.4138717@1783972892.187891114
0.0.5119346,4.254315925147561,SUCCESS,hbar,0.0.3951117&0.0.3964804,0.0.4138717@1783972897.555513532
0.0.841339,2.085331963681553,SUCCESS,hbar,0.0.3951117,0.0.4138717@1783972894.967022785
0.0.2174015,0.002676433932420787,SUCCESS,hbar,0.0.3951117,0.0.4138717@1783972894.437133704
0.0.1368197,0.3825146518027367,SUCCESS,hbar,0.0.3951117&0.0.3964804,0.0.4138717@1783972895.454899110
0.0.7810768,0.04865691729722841,SUCCESS,hbar,0.0.3951117,0.0.4138717@1783972898.483074481
0.0.1120575,20.30611740592043,SUCCESS,hbar,0.0.3951117&0.0.3964804,0.0.4138717@1783972898.083428325
0.0.9273872,0.002079261599243829,SUCCESS,hbar,0.0.3951117,0.0.4138717@1783972898.833155502
0.0.1515633,0.4820926575136308,SUCCESS,hbar,0.0.3951117,0.0.4138717@1783972899.208452842
0.0.850481,12.14348805825735,SUCCESS,hbar,0.0.3951117,0.0.4138717@1783972899.451268574
0.0.1758196,0.1100372144019509,SUCCESS,hbar,0.0.3951117,0.0.4138717@1783972902.946827103
0.0.4555391,0.2417387063768363,SUCCESS,hbar,0.0.3951117,0.0.4138717@1783972904.014028692
0.0.9359586,0.007061861772324414,SUCCESS,hbar,0.0.3951117,0.0.4138717@1783972903.346611368
0.0.832852,5.228275496706964,SUCCESS,hbar,0.0.3951117,0.0.4138717@1783972905.903892813
0.0.9202687,5.456621952014944,SUCCESS,hbar,0.0.3951117,0.0.4138717@1783972903.556881484
0.0.9404406,0.005536749965523546,SUCCESS,hbar,0.0.3951117,0.0.4138717@1783972903.708580313
0.0.1110198,2.015195400349576,SUCCESS,hbar,0.0.3951117,0.0.4138717@1783972906.107016336
0.0.650437,0.07752648107562347,SUCCESS,hbar,0.0.3951117,0.0.4138717@1783972905.989301264
0.0.8585089,14.19177766899841,SUCCESS,hbar,0.0.3951117,0.0.4138717@1783972911.122643856
0.0.1115297,0.1371157003628823,SUCCESS,hbar,0.0.3951117,0.0.4138717@1783972909.910096807
0.0.7542917,0.02579785271398459,SUCCESS,hbar,0.0.3951117,0.0.4138717@1783972910.552873998
0.0.9626972,0.06860726664629477,SUCCESS,hbar,0.0.3951117,0.0.4138717@1783972908.378147680
0.0.9344085,1.056514663082949,SUCCESS,hbar,0.0.3951117,0.0.4138717@1783972910.295810148
0.0.9755401,0.001986177640115041,SUCCESS,hbar,0.0.3951117,0.0.4138717@1783972910.606132461
0.0.4331763,26.70327143098268,SUCCESS,hbar,0.0.3951117,0.0.4138717@1783972914.854628587
0.0.819005,1.278730658132227,SUCCESS,hbar,0.0.3951117,0.0.4138717@1783972915.161780192
0.0.8212757,0.3049010470927868,SUCCESS,hbar,0.0.3951117,0.0.4138717@1783972915.616761555
0.0.4713153,0.8323546206649638,SUCCESS,hbar,0.0.3951117,0.0.4138717@1783972912.437235508
0.0.8260017,0.01247716077990484,SUCCESS,hbar,0.0.3951117&0.0.3964804,0.0.4138717@1783972915.526550664
0.0.2137668,4.905500407298197,SUCCESS,hbar,0.0.3951117&0.0.3964804,0.0.4138717@1783972914.953019648
0.0.8382774,0.001577343516993324,SUCCESS,hbar,0.0.3951117&0.0.3964804,0.0.4138717@1783972915.293250683
0.0.3943340,0.01768931714127521,SUCCESS,hbar,0.0.3951117,0.0.4138717@1783972915.605973024
0.0.1374442,2.359501230959461,SUCCESS,hbar,0.0.3951117&0.0.3964804,0.0.4138717@1783972918.455456675
0.0.5352069,0.07900102072210675,SUCCESS,hbar,0.0.3951117,0.0.4138717@1783972916.757433841
0.0.8490555,0.2571551914130478,SUCCESS,hbar,0.0.3951117,0.0.4138717@1783972920.879349411
0.0.9761018,42.72140208696849,SUCCESS,hbar,0.0.3951117,0.0.4138717@1783972919.385566822
0.0.8638339,0.002407316885202021,SUCCESS,hbar,0.0.3951117,0.0.4138717@1783972918.347311174
0.0.8546442,1.061220214186112,SUCCESS,hbar,0.0.3951117,0.0.4138717@1783972922.336444016
0.0.8684349,69.11236880219997,SUCCESS,hbar,0.0.3951117,0.0.4138717@1783972921.273131066
0.0.9099631,0.1002716903449575,SUCCESS,hbar,0.0.3951117,0.0.4138717@1783972921.666385119
0.0.9112426,0.06796202641010701,SUCCESS,hbar,0.0.3951117&0.0.3964804,0.0.4138717@1783972920.855670002
0.0.8419510,0.0464819195469607,SUCCESS,hbar,0.0.3951117,0.0.4138717@1783972921.715210387
0.0.8054459,0.1781150284554597,SUCCESS,hbar,0.0.3951117&0.0.3964804,0.0.4138717@1783972922.050079704
0.0.1707146,0.1617789913537716,SUCCESS,hbar,0.0.3951117,0.0.4138717@1783972922.872861047
0.0.9125858,2444.481633548619,SUCCESS,hbar,0.0.3951117,0.0.4138717@1783972923.891449895
0.0.2017173,2.892335890243754,SUCCESS,hbar,0.0.3951117&0.0.3964804,0.0.4138717@1783972922.933478550
0.0.4343858,1.012375540775219,SUCCESS,hbar,0.0.3951117,0.0.4138717@1783972922.380281108
0.0.10230141,1.508313806726621,SUCCESS,hbar,0.0.3951117,0.0.4138717@1783972924.253506635
0.0.8373509,2.680081105786999,SUCCESS,hbar,0.0.3951117&0.0.3964804,0.0.4138717@1783972927.495691720
0.0.9774619,0.05082493028946898,SUCCESS,hbar,0.0.3951117,0.0.4138717@1783972930.221466273
0.0.9299646,0.6324478744544523,SUCCESS,hbar,0.0.3951117,0.0.4138717@1783972930.228438874
0.0.4432398,0.05920854209433313,SUCCESS,hbar,0.0.3951117,0.0.4138717@1783972930.306580702
0.0.10352676,0.1378123662664894,SUCCESS,hbar,0.0.3951117,0.0.4138717@1783972928.200925933
0.0.1408633,0.005115474287195239,SUCCESS,hbar,0.0.3951117,0.0.4138717@1783972929.797456392
0.0.8309441,0.01661943787526717,SUCCESS,hbar,0.0.3951117&0.0.3964804,0.0.4138717@1783972935.063235639
0.0.1988559,0.09225856098233721,SUCCESS,hbar,0.0.3951117,0.0.4138717@1783972931.257369939
0.0.7786995,16.16271142870893,SUCCESS,hbar,0.0.3951117,0.0.4138717@1783972936.171500868
0.0.1104990,38.97361193544253,SUCCESS,hbar,0.0.3951117,0.0.4138717@1783972937.137701590
0.0.10483303,990.0122210246165,SUCCESS,hbar,0.0.3951117,0.0.4138717@1783972939.299199765
0.0.1734809,0.01836146455963717,SUCCESS,hbar,0.0.3951117&0.0.3964804,0.0.4138717@1783972938.783003477
0.0.10493411,1.079676754304375,SUCCESS,hbar,0.0.3951117,0.0.4138717@1783972939.189034648
0.0.912615,1.226116191119308,SUCCESS,hbar,0.0.3951117&0.0.3964804,0.0.4138717@1783972941.365510795
0.0.10504552,0.02638219241815249,SUCCESS,hbar,0.0.3951117,0.0.4138717@1783972942.592094126
0.0.4560992,0.5710539998557256,SUCCESS,hbar,0.0.3951117,0.0.4138717@1783972943.144194943
0.0.1070346,0.4048178599364373,SUCCESS,hbar,0.0.3951117,0.0.4138717@1783972942.457160612
0.0.8188541,0.1914939434530381,SUCCESS,hbar,0.0.3951117,0.0.4138717@1783972939.930831495
0.0.10076247,0.1305855337485078,SUCCESS,hbar,0.0.3951117,0.0.4138717@1783972944.853891928
0.0.5060063,0.4792737905389042,SUCCESS,hbar,0.0.3951117,0.0.4138717@1783972941.119458529
0.0.4329703,0.1153162852936068,SUCCESS,hbar,0.0.3951117,0.0.4138717@1783972944.572357279
0.0.4570964,1.29097743322986,SUCCESS,hbar,0.0.3951117,0.0.4138717@1783972945.498585114
0.0.9958383,0.008029429832658658,SUCCESS,hbar,0.0.3951117,0.0.4138717@1783972946.387914456
0.0.9723151,0.0005314405036831781,SUCCESS,hbar,0.0.3951117,0.0.4138717@1783972944.970395402
0.0.10031117,0.3710968543894548,SUCCESS,hbar,0.0.3951117,0.0.4138717@1783972944.876223805
0.0.10031118,2.288903351741725,SUCCESS,hbar,0.0.3951117,0.0.4138717@1783972943.661547075
0.0.1157855,0.1098427867630225,SUCCESS,hbar,0.0.3951117,0.0.4138717@1783972946.991886940
0.0.10021410,0.01011354652401473,SUCCESS,hbar,0.0.3951117,0.0.4138717@1783972944.825648957
0.0.6872459,262.7204721013703,SUCCESS,hbar,0.0.3951117,0.0.4138717@1783972948.543891304
0.0.1340164,5.509561845529737,SUCCESS,hbar,0.0.3951117,0.0.4138717@1783972947.483646222
0.0.8198609,0.953318141295282,SUCCESS,hbar,0.0.3951117&0.0.3964804,0.0.4138717@1783972951.012303134
0.0.10609625,7.312438656901552e-7,SUCCESS,hbar,0.0.3951117,0.0.4138717@1783972950.891766794
0.0.1292697,0.01920102132492278,SUCCESS,hbar,0.0.3951117,0.0.4138717@1783972948.708704473
0.0.10076636,1.334775826113458,SUCCESS,hbar,0.0.3951117,0.0.4138717@1783972950.569437111
0.0.735239,0.00001261102701442901,SUCCESS,hbar,0.0.3951117,0.0.4138717@1783972951.411974596
0.0.9302147,1.224484072259212,SUCCESS,hbar,0.0.3951117,0.0.4138717@1783972952.838188695
0.0.10122546,0.008702707611169997,SUCCESS,hbar,0.0.3951117,0.0.4138717@1783972949.394724728
0.0.10169145,0.01492643136521373,SUCCESS,hbar,0.0.3951117,0.0.4138717@1783972955.094265272
0.0.4575306,0.0006771569601276208,SUCCESS,hbar,0.0.3951117,0.0.4138717@1783972954.975110844
0.0.1123753,1.311107181872319,SUCCESS,hbar,0.0.3951117,0.0.4138717@1783972951.911820019
0.0.3525426,5.637646499972781,SUCCESS,hbar,0.0.3951117&0.0.3964804,0.0.4138717@1783972956.505477640
0.0.8485588,0.5488593633600514,SUCCESS,hbar,0.0.3951117&0.0.3964804,0.0.4138717@1783972957.112983119
0.0.1462225,1127.750130047658,SUCCESS,hbar,0.0.3951117,0.0.4138717@1783972957.518803618
0.0.9430013,40.32358887592307,SUCCESS,hbar,0.0.3951117,0.0.4138717@1783972954.723457596
0.0.1792818,0.004156693849401474,SUCCESS,hbar,0.0.3951117,0.0.4138717@1783972958.825859864
0.0.10206048,0.8272774951527657,SUCCESS,hbar,0.0.3951117,0.0.4138717@1783972957.666779165
0.0.4569835,0.001041058472284706,SUCCESS,hbar,0.0.3951117,0.0.4138717@1783972959.611589628
0.0.490092,0.02031261553260138,SUCCESS,hbar,0.0.3951117,0.0.4138717@1783972958.293762582
0.0.516971,2.3372678235232e-8,SUCCESS,hbar,0.0.3951117,0.0.4138717@1783972957.218858173
0.0.7920605,0.2831796443588539,SUCCESS,hbar,0.0.3951117,0.0.4138717@1783972957.783564752
0.0.1508462,5.160708867226095,SUCCESS,hbar,0.0.3951117,0.0.4138717@1783972958.736172362
0.0.3872466,0.01916752015995955,SUCCESS,hbar,0.0.3951117,0.0.4138717@1783972958.492805959
0.0.4591423,0.008203483587243,SUCCESS,hbar,0.0.3951117,0.0.4138717@1783972960.498367015
0.0.3925109,0.000007005774798237904,SUCCESS,hbar,0.0.3951117,0.0.4138717@1783972964.492412573
0.0.4433722,0.0108144802095243,SUCCESS,hbar,0.0.3951117,0.0.4138717@1783972964.182715080
0.0.4361868,8.181890950048514,SUCCESS,hbar,0.0.3951117,0.0.4138717@1783972961.474434500
0.0.4331665,0.188812074066018,SUCCESS,hbar,0.0.3951117,0.0.4138717@1783972963.435204776
0.0.4691881,0.02368819741869937,SUCCESS,hbar,0.0.3951117,0.0.4138717@1783972964.476420812
0.0.3293949,0.0008716385420270318,SUCCESS,hbar,0.0.3951117,0.0.4138717@1783972963.787104993
0.0.7680254,1.049315850924813,SUCCESS,hbar,0.0.3951117&0.0.3964804,0.0.4138717@1783972967.116834129
0.0.657648,58.04087063440032,SUCCESS,hbar,0.0.3951117,0.0.4138717@1783972965.395445869
0.0.9301583,27.87201828562458,SUCCESS,hbar,0.0.3951117,0.0.4138717@1783972970.033481992
0.0.4351536,1.045019721588472,SUCCESS,hbar,0.0.3951117,0.0.4138717@1783972967.870747810
0.0.844585,8.017544555419766,SUCCESS,hbar,0.0.3951117&0.0.3964804,0.0.4138717@1783972966.532475423
0.0.9318600,111.2472023914454,SUCCESS,hbar,0.0.3951117,0.0.4138717@1783972968.315217946
0.0.9154738,0.9804109980562347,SUCCESS,hbar,0.0.3951117&0.0.3964804,0.0.4138717@1783972972.688090946
0.0.2994397,1.379772195731572,SUCCESS,hbar,0.0.3951117,0.0.4138717@1783972970.884247240
0.0.9619890,7.482563443090139,SUCCESS,hbar,0.0.3951117&0.0.3964804,0.0.4138717@1783972972.256022808
0.0.9597272,0.9572002039885767,SUCCESS,hbar,0.0.3951117,0.0.4138717@1783972971.942152298
0.0.8068996,0.03261184523036706,SUCCESS,hbar,0.0.3951117&0.0.3964804,0.0.4138717@1783972972.337265418
0.0.52231,4.105750980823375,SUCCESS,hbar,0.0.3951117,0.0.4138717@1783972976.695473739
0.0.4570908,23.51638750258617,SUCCESS,hbar,0.0.3951117,0.0.4138717@1783972974.161202966
0.0.835242,0.009729592631191704,SUCCESS,hbar,0.0.3951117,0.0.4138717@1783972975.837017609
0.0.8341357,0.05925247156580834,SUCCESS,hbar,0.0.3951117,0.0.4138717@1783972975.597008147
0.0.4349716,0.5324090965641813,SUCCESS,hbar,0.0.3951117&0.0.3964804,0.0.4138717@1783972977.288817509
0.0.10064213,0.6068129149059287,SUCCESS,hbar,0.0.3951117&0.0.3964804,0.0.4138717@1783972977.549524137
0.0.6374996,8.63077419580944,SUCCESS,hbar,0.0.3951117,0.0.4138717@1783972978.021989792
0.0.10088944,0.4257817892066828,SUCCESS,hbar,0.0.3951117&0.0.3964804,0.0.4138717@1783972980.390191012
0.0.139500,7.606704309864752,SUCCESS,hbar,0.0.3951117,0.0.4138717@1783972982.118578934
0.0.1464418,1.005884918025812,SUCCESS,hbar,0.0.3951117,0.0.4138717@1783972978.988499571
0.0.7287636,0.7316869472503449,SUCCESS,hbar,0.0.3951117&0.0.3964804,0.0.4138717@1783972982.302717602
0.0.5126364,2.561102147102481,SUCCESS,hbar,0.0.3951117,0.0.4138717@1783972980.341286795
0.0.6270084,112.6274327413227,SUCCESS,hbar,0.0.3951117&0.0.3964804,0.0.4138717@1783972981.343185758
0.0.7490874,0.0954345351466361,SUCCESS,hbar,0.0.3951117&0.0.3964804,0.0.4138717@1783972984.517852984
0.0.5060163,0.05538186140714652,SUCCESS,hbar,0.0.3951117,0.0.4138717@1783972984.066461889
0.0.1123889,0.2926813488778551,SUCCESS,hbar,0.0.3951117&0.0.3964804,0.0.4138717@1783972984.241057368
0.0.7726808,0.04965964956369531,SUCCESS,hbar,0.0.3951117,0.0.4138717@1783972982.826692997
0.0.834595,0.3532933683866691,SUCCESS,hbar,0.0.3951117&0.0.3964804,0.0.4138717@1783972984.188106577
0.0.942605,0.000915523931663895,SUCCESS,hbar,0.0.3951117,0.0.4138717@1783972983.500457125
0.0.1890696,0.00006471486017267112,SUCCESS,hbar,0.0.3951117,0.0.4138717@1783972986.862144103
0.0.4339712,0.05402756223393838,SUCCESS,hbar,0.0.3951117,0.0.4138717@1783972988.152856994
0.0.4352091,0.0009522035605499635,SUCCESS,hbar,0.0.3951117,0.0.4138717@1783972987.239718741
0.0.7555632,0.01220889495926082,SUCCESS,hbar,0.0.3951117,0.0.4138717@1783972988.357107053
0.0.6234814,0.03087479701252113,SUCCESS,hbar,0.0.3951117,0.0.4138717@1783972986.124975880
0.0.7989790,0.005064410727279296,SUCCESS,hbar,0.0.3951117,0.0.4138717@1783972985.184486728
0.0.3706536,0.001402540482229414,SUCCESS,hbar,0.0.3951117,0.0.4138717@1783972988.173647768
0.0.8013259,1563.597109610611,SUCCESS,hbar,0.0.3951117,0.0.4138717@1783972989.028111789
0.0.5688804,0.260610309501392,SUCCESS,hbar,0.0.3951117,0.0.4138717@1783972989.922275394
0.0.8071373,0.1850846630960025,SUCCESS,hbar,0.0.3951117,0.0.4138717@1783972991.538180428
0.0.1512938,0.0001138757523557047,SUCCESS,hbar,0.0.3951117,0.0.4138717@1783972990.390677235
0.0.7129552,8.347530041756253,SUCCESS,hbar,0.0.3951117,0.0.4138717@1783972993.485465861
0.0.1380352,0.2391573807118792,SUCCESS,hbar,0.0.3951117,0.0.4138717@1783972995.217915401
0.0.1784251,0.009043722808113303,SUCCESS,hbar,0.0.3951117&0.0.3964804,0.0.4138717@1783972997.445340250
0.0.1339713,0.7311839936885707,SUCCESS,hbar,0.0.3951117&0.0.3964804,0.0.4138717@1783972997.827637059
0.0.4745055,0.0009882821975848231,SUCCESS,hbar,0.0.3951117,0.0.4138717@1783972997.175051279
0.0.4338219,1.034847635274288,SUCCESS,hbar,0.0.3951117,0.0.4138717@1783972996.929808092
0.0.4792831,0.0005215192402284048,SUCCESS,hbar,0.0.3951117,0.0.4138717@1783972997.548311026
0.0.664329,0.009557657945965041,SUCCESS,hbar,0.0.3951117,0.0.4138717@1783972997.590361442
0.0.4858736,0.00684601684278051,SUCCESS,hbar,0.0.3951117,0.0.4138717@1783972998.174245489
0.0.834443,18.4614842807175,SUCCESS,hbar,0.0.3951117,0.0.4138717@1783973000.882797452
0.0.4430933,0.1303590429434625,SUCCESS,hbar,0.0.3951117,0.0.4138717@1783973001.667832972
0.0.5028724,0.0009014953708514497,SUCCESS,hbar,0.0.3951117,0.0.4138717@1783973000.944451233
0.0.5156210,0.001828520974718792,SUCCESS,hbar,0.0.3951117&0.0.3964804,0.0.4138717@1783973001.243384771
0.0.5702270,4.210385559279984,SUCCESS,hbar,0.0.3951117,0.0.4138717@1783973000.622202587
0.0.1458130,0.006636445875314609,SUCCESS,hbar,0.0.3951117,0.0.4138717@1783972999.612570521
0.0.1904506,0.00009604789634560975,SUCCESS,hbar,0.0.3951117,0.0.4138717@1783973000.619571645
0.0.6198709,0.2111887575796054,SUCCESS,hbar,0.0.3951117,0.0.4138717@1783973000.996764958
0.0.696790,0.9707553235575506,SUCCESS,hbar,0.0.3951117&0.0.3964804,0.0.4138717@1783973000.885678661
0.0.1023730,0.1879375615124913,SUCCESS,hbar,0.0.3951117,0.0.4138717@1783973001.779822005
0.0.4383878,0.01079213264078465,SUCCESS,hbar,0.0.3951117,0.0.4138717@1783973004.565819452
0.0.8352642,0.04424939211771767,SUCCESS,hbar,0.0.3964804,0.0.4138717@1783973005.437664888
0.0.8382708,0.001856136729632036,SUCCESS,hbar,0.0.3964804,0.0.4138717@1783973002.569965987
0.0.7550116,0.03152605240799894,SUCCESS,hbar,0.0.3964804,0.0.4138717@1783973003.182222061
0.0.4838474,1.266955294213236,SUCCESS,hbar,0.0.3964804,0.0.4138717@1783973005.439766269
0.0.4319619,0.04179982810348107,SUCCESS,hbar,0.0.3964804,0.0.4138717@1783973007.480751344
0.0.8120693,0.5295912301581766,SUCCESS,hbar,0.0.3964804,0.0.4138717@1783973007.810453009
0.0.8291825,0.5046479776697196,SUCCESS,hbar,0.0.3964804,0.0.4138717@1783973008.067867880
0.0.8244642,171.8838587778882,SUCCESS,hbar,0.0.3964804,0.0.4138717@1783973010.322267001
0.0.4853295,2.900150894347778,SUCCESS,hbar,0.0.3964804,0.0.4138717@1783973009.717931015
0.0.658160,0.001757317129184838,SUCCESS,hbar,0.0.3964804,0.0.4138717@1783973011.397667033
0.0.8903303,0.1635265307202942,FAIL,hbar,0.0.3964804,
0.0.7920282,0.00222060350687497,SUCCESS,hbar,0.0.3964804,0.0.4138717@1783973013.003218492
0.0.7920736,0.4983386896499756,SUCCESS,hbar,0.0.3964804,0.0.4138717@1783973011.608347913
0.0.919311,46.41130803914509,SUCCESS,hbar,0.0.3964804,0.0.4138717@1783973014.954339373
0.0.840324,0.4878253367840003,SUCCESS,hbar,0.0.3964804,0.0.4138717@1783973012.428079934
0.0.5719491,0.02158044757815093,SUCCESS,hbar,0.0.3964804,0.0.4138717@1783973013.683703258
0.0.6045318,0.1502558733502684,SUCCESS,hbar,0.0.3964804,0.0.4138717@1783973018.135916091
0.0.2185671,0.03592427741721647,SUCCESS,hbar,0.0.3964804,0.0.4138717@1783973017.679777704
0.0.1056579,2.055122511660859,SUCCESS,hbar,0.0.3964804,0.0.4138717@1783973017.183430246
0.0.8717466,0.0006934762035793644,SUCCESS,hbar,0.0.3964804,0.0.4138717@1783973017.650566912
0.0.4724806,0.0014366501433687,SUCCESS,hbar,0.0.3964804,0.0.4138717@1783973017.389220335
0.0.3288501,0.0169602359067457,SUCCESS,hbar,0.0.3964804,0.0.4138717@1783973018.950969115
0.0.7938061,0.02295828129184992,SUCCESS,hbar,0.0.3964804,0.0.4138717@1783973019.206851235
0.0.8002341,0.1025944478611814,SUCCESS,hbar,0.0.3964804,0.0.4138717@1783973022.509120335
0.0.7166497,0.02800292338768016,SUCCESS,hbar,0.0.3964804,0.0.4138717@1783973019.868684522
0.0.8209705,0.04839673967103949,SUCCESS,hbar,0.0.3964804,0.0.4138717@1783973024.283928353
0.0.1369825,33.37572730609259,SUCCESS,hbar,0.0.3964804,0.0.4138717@1783973022.832691421
0.0.1404010,0.0006922274804332763,SUCCESS,hbar,0.0.3964804,0.0.4138717@1783973022.888966030
0.0.1261132,0.1458546113526948,SUCCESS,hbar,0.0.3964804,0.0.4138717@1783973025.712091747
0.0.7816479,0.009498861325297182,SUCCESS,hbar,0.0.3964804,0.0.4138717@1783973023.396585157
0.0.6148704,0.03115337322127304,SUCCESS,hbar,0.0.3964804,0.0.4138717@1783973028.283728087
0.0.3907868,0.001909578819494372,SUCCESS,hbar,0.0.3964804,0.0.4138717@1783973027.254885827
0.0.1711144,0.05883220758027861,SUCCESS,hbar,0.0.3964804,0.0.4138717@1783973025.426014763
0.0.9690555,0.1032174552259941,SUCCESS,hbar,0.0.3964804,0.0.4138717@1783973027.302890010
0.0.7285744,0.008782967041893111,SUCCESS,hbar,0.0.3964804,0.0.4138717@1783973028.281236669
0.0.4911466,0.003422020248514059,SUCCESS,hbar,0.0.3964804,0.0.4138717@1783973029.759098211
0.0.10068662,0.01930232641693456,SUCCESS,hbar,0.0.3964804,0.0.4138717@1783973026.892765099
0.0.8213249,12.79478810197896,SUCCESS,hbar,0.0.3964804,0.0.4138717@1783973031.115419709
0.0.6460255,1.668671234279975,SUCCESS,hbar,0.0.3964804,0.0.4138717@1783973029.546294228
0.0.3161254,2048.529151035648,SUCCESS,hbar,0.0.3964804,0.0.4138717@1783973030.460605526
0.0.4743054,0.0001762205653810492,SUCCESS,hbar,0.0.3964804,0.0.4138717@1783973033.364672336
0.0.1517175,0.336895295678283,SUCCESS,hbar,0.0.3964804,0.0.4138717@1783973032.025692023
0.0.9303899,0.4606610892647481,SUCCESS,hbar,0.0.3964804,0.0.4138717@1783973032.947875971
0.0.966444,0.7799102512603202,SUCCESS,hbar,0.0.3964804,0.0.4138717@1783973032.640848797
0.0.9178066,0.1758192581202725,SUCCESS,hbar,0.0.3964804,0.0.4138717@1783973031.947737124
0.0.9404882,0.1264314412329282,SUCCESS,hbar,0.0.3964804,0.0.4138717@1783973033.527225825
0.0.915984,4.319065800282138,SUCCESS,hbar,0.0.3964804,0.0.4138717@1783973036.355695031
0.0.9405888,0.005248355721574062,SUCCESS,hbar,0.0.3964804,0.0.4138717@1783973037.929500679
0.0.1736150,0.3080687514540287,SUCCESS,hbar,0.0.3964804,0.0.4138717@1783973038.235884861
0.0.9477910,0.8389957288575907,SUCCESS,hbar,0.0.3964804,0.0.4138717@1783973037.048355974
0.0.2657839,0.8286642417565223,SUCCESS,hbar,0.0.3964804,0.0.4138717@1783973040.686861217
0.0.9226909,0.07547903881447973,SUCCESS,hbar,0.0.3964804,0.0.4138717@1783973036.528695713
0.0.2017766,0.5461743229707386,SUCCESS,hbar,0.0.3964804,0.0.4138717@1783973037.613999317
0.0.1461428,0.6005367450786924,SUCCESS,hbar,0.0.3964804,0.0.4138717@1783973042.129108514
0.0.946029,0.1971246553149129,SUCCESS,hbar,0.0.3964804,0.0.4138717@1783973040.711040019
0.0.6258977,0.05901411323895868,SUCCESS,hbar,0.0.3964804,0.0.4138717@1783973042.618814282
0.0.9612822,0.05991478889613785,SUCCESS,hbar,0.0.3964804,0.0.4138717@1783973041.966352525
0.0.834767,0.476609885330032,SUCCESS,hbar,0.0.3964804,0.0.4138717@1783973040.833337813
0.0.9695749,1.219929858843189,SUCCESS,hbar,0.0.3964804,0.0.4138717@1783973041.176883450
0.0.5482082,0.2527789137235061,SUCCESS,hbar,0.0.3964804,0.0.4138717@1783973045.567974135
0.0.7550127,0.07565190951589451,SUCCESS,hbar,0.0.3964804,0.0.4138717@1783973042.072469182
0.0.9317309,0.0002037317340051267,SUCCESS,hbar,0.0.3964804,0.0.4138717@1783973045.720059502
0.0.1043461,19.76071099204464,SUCCESS,hbar,0.0.3964804,0.0.4138717@1783973043.953068507
0.0.3241611,0.1683207204512123,SUCCESS,hbar,0.0.3964804,0.0.4138717@1783973046.873559056
0.0.6094118,0.007872535127732375,SUCCESS,hbar,0.0.3964804,0.0.4138717@1783973047.890990213
0.0.9104016,0.3476923322195363,SUCCESS,hbar,0.0.3964804,0.0.4138717@1783973047.111236876
0.0.5580759,0.01239014709182661,SUCCESS,hbar,0.0.3964804,0.0.4138717@1783973048.040726442
0.0.9149385,0.03277128383517135,SUCCESS,hbar,0.0.3964804,0.0.4138717@1783973048.685962031
0.0.4795853,0.01923728061395376,SUCCESS,hbar,0.0.3964804,0.0.4138717@1783973047.959962129
0.0.7993090,1.701415497549863,SUCCESS,hbar,0.0.3964804,0.0.4138717@1783973047.012333739
0.0.187153,4.864899038434897,SUCCESS,hbar,0.0.3964804,0.0.4138717@1783973049.475102770
0.0.9201440,0.01630333926440124,SUCCESS,hbar,0.0.3964804,0.0.4138717@1783973047.518695063
0.0.4310363,0.09606926755867093,SUCCESS,hbar,0.0.3964804,0.0.4138717@1783973048.947471536
0.0.9168967,0.04005231708778315,SUCCESS,hbar,0.0.3964804,0.0.4138717@1783973048.986114965
0.0.8514597,1.833988527128959,SUCCESS,hbar,0.0.3964804,0.0.4138717@1783973050.523260951
0.0.9144684,0.0330754463598996,SUCCESS,hbar,0.0.3964804,0.0.4138717@1783973052.275956525
0.0.9150672,0.01167573516875913,SUCCESS,hbar,0.0.3964804,0.0.4138717@1783973056.141483917
0.0.2149252,0.00001332692563773992,SUCCESS,hbar,0.0.3964804,0.0.4138717@1783973054.978103752
0.0.9273859,0.02616160380693408,SUCCESS,hbar,0.0.3964804,0.0.4138717@1783973055.027068305
0.0.9272301,0.2306906944837356,SUCCESS,hbar,0.0.3964804,0.0.4138717@1783973055.513876807
0.0.853379,8.371026837236547,SUCCESS,hbar,0.0.3964804,0.0.4138717@1783973054.194516388
0.0.3681629,2.259752096201598,SUCCESS,hbar,0.0.3964804,0.0.4138717@1783973055.009635397
0.0.6295630,0.02044897236547151,SUCCESS,hbar,0.0.3964804,0.0.4138717@1783973058.021132160
0.0.4799094,0.01985407253817552,SUCCESS,hbar,0.0.3964804,0.0.4138717@1783973058.606228889
0.0.6324031,0.0001587814899150973,SUCCESS,hbar,0.0.3964804,0.0.4138717@1783973057.845261484
0.0.2174952,0.05270604847551233,SUCCESS,hbar,0.0.3964804,0.0.4138717@1783973061.540179313
0.0.4659519,0.3435920805356872,SUCCESS,hbar,0.0.3964804,0.0.4138717@1783973058.062643758
0.0.6247418,0.0102696477068205,SUCCESS,hbar,0.0.3964804,0.0.4138717@1783973058.109530753
0.0.6078189,0.8013665890386712,SUCCESS,hbar,0.0.3964804,0.0.4138717@1783973059.932605973
0.0.6058490,0.005952360059136902,SUCCESS,hbar,0.0.3964804,0.0.4138717@1783973060.883911842
0.0.6095958,1.726560581298409,SUCCESS,hbar,0.0.3964804,0.0.4138717@1783973062.182619372
0.0.1334605,2.043702859326135,SUCCESS,hbar,0.0.3964804,0.0.4138717@1783973066.642946898
0.0.2123622,0.02701661550469779,SUCCESS,hbar,0.0.3964804,0.0.4138717@1783973066.579558822
0.0.6061106,0.08326511812099184,SUCCESS,hbar,0.0.3964804,0.0.4138717@1783973065.090066585
0.0.848151,0.06834629234210314,SUCCESS,hbar,0.0.3964804,0.0.4138717@1783973067.402947944
0.0.1388678,0.9223404669333761,SUCCESS,hbar,0.0.3964804,0.0.4138717@1783973067.556027459
0.0.4785387,0.09163782002281955,SUCCESS,hbar,0.0.3964804,0.0.4138717@1783973068.475635378
0.0.4322023,0.1078101618184227,SUCCESS,hbar,0.0.3964804,0.0.4138717@1783973067.926100473
0.0.5060252,0.004833203844442641,SUCCESS,hbar,0.0.3964804,0.0.4138717@1783973071.126811111
0.0.3295745,2.257727016062914,SUCCESS,hbar,0.0.3964804,0.0.4138717@1783973069.866974422
0.0.4758052,0.03233591151847374,SUCCESS,hbar,0.0.3964804,0.0.4138717@1783973068.443133383
0.0.4978453,1.765049592261172,SUCCESS,hbar,0.0.3964804,0.0.4138717@1783973070.167208672
0.0.831661,0.5312156713055197,SUCCESS,hbar,0.0.3964804,0.0.4138717@1783973069.079950425
0.0.6256886,0.009331404810595618,SUCCESS,hbar,0.0.3964804,0.0.4138717@1783973070.533949167
0.0.7638910,0.009365477521203484,SUCCESS,hbar,0.0.3964804,0.0.4138717@1783973072.864266480
0.0.7610560,0.031466412320342,SUCCESS,hbar,0.0.3964804,0.0.4138717@1783973074.931937422
0.0.5437974,0.2110638353730865,SUCCESS,hbar,0.0.3964804,0.0.4138717@1783973072.841106261
0.0.4899880,0.01388387535900854,SUCCESS,hbar,0.0.3964804,0.0.4138717@1783973076.633301399
0.0.4595460,0.02281962398621513,SUCCESS,hbar,0.0.3964804,0.0.4138717@1783973074.984792892
0.0.3159220,0.7595614819660621,SUCCESS,hbar,0.0.3964804,0.0.4138717@1783973073.279950480
0.0.7200618,0.003985913306432875,SUCCESS,hbar,0.0.3964804,0.0.4138717@1783973075.816254926
0.0.1859919,0.02687137653142914,SUCCESS,hbar,0.0.3964804,0.0.4138717@1783973075.295876566
0.0.4640278,0.01755365891108536,SUCCESS,hbar,0.0.3964804,0.0.4138717@1783973079.200878461
0.0.1233065,0.07167214360009788,SUCCESS,hbar,0.0.3964804,0.0.4138717@1783973078.596022082
0.0.6612734,0.001587513881322328,SUCCESS,hbar,0.0.3964804,0.0.4138717@1783973076.213594898
0.0.6344703,23.18515485287653,SUCCESS,hbar,0.0.3964804,0.0.4138717@1783973077.007832926
0.0.1448239,0.0108430885893912,SUCCESS,hbar,0.0.3964804,0.0.4138717@1783973080.625746721
0.0.6232417,0.01280497134402905,SUCCESS,hbar,0.0.3964804,0.0.4138717@1783973079.969244338
0.0.6933072,0.105639873162458,SUCCESS,hbar,0.0.3964804,0.0.4138717@1783973080.070273169
0.0.760653,0.03966779869893294,SUCCESS,hbar,0.0.3964804,0.0.4138717@1783973078.264674651
0.0.835625,0.01931301010267941,SUCCESS,hbar,0.0.3964804,0.0.4138717@1783973080.016298560
0.0.6674918,0.003031851124238327,SUCCESS,hbar,0.0.3964804,0.0.4138717@1783973081.929771031
0.0.4360598,0.007982364208259846,SUCCESS,hbar,0.0.3964804,0.0.4138717@1783973081.519963393
0.0.836096,0.02107494073735564,SUCCESS,hbar,0.0.3964804,0.0.4138717@1783973083.124916105
0.0.837799,0.2458649750345949,SUCCESS,hbar,0.0.3964804,0.0.4138717@1783973082.090350049
0.0.4144365,0.3623604700049253,SUCCESS,hbar,0.0.3964804,0.0.4138717@1783973085.996445160
0.0.2005484,0.003922590373778539,SUCCESS,hbar,0.0.3964804,0.0.4138717@1783973083.400764015
0.0.4644030,0.004756948368922191,SUCCESS,hbar,0.0.3964804,0.0.4138717@1783973084.886272680
0.0.876236,0.02808687091049392,SUCCESS,hbar,0.0.3964804,0.0.4138717@1783973083.804387697
0.0.1505544,0.001404021487727332,SUCCESS,hbar,0.0.3964804,0.0.4138717@1783973083.892512607
0.0.3051653,0.27857706286605,SUCCESS,hbar,0.0.3964804,0.0.4138717@1783973087.059105704
0.0.4340392,0.01018040580382451,SUCCESS,hbar,0.0.3964804,0.0.4138717@1783973086.530169731
0.0.560837,3.837403646993685,SUCCESS,hbar,0.0.3964804,0.0.4138717@1783973085.996810070
0.0.10427913,0.06257049247244573,SUCCESS,hbar,0.0.3964804,0.0.4138717@1783973088.156408197
0.0.4853191,0.002786649041338616,SUCCESS,hbar,0.0.3964804,0.0.4138717@1783973091.298435336
0.0.9796301,0.2613717323770475,SUCCESS,hbar,0.0.3964804,0.0.4138717@1783973087.174976021
0.0.10279551,0.09043795282441472,SUCCESS,hbar,0.0.3964804,0.0.4138717@1783973086.879606067
0.0.10261941,0.4162845387578554,SUCCESS,hbar,0.0.3964804,0.0.4138717@1783973090.304583962
0.0.10242536,0.6209200936723076,SUCCESS,hbar,0.0.3964804,0.0.4138717@1783973088.185400555
0.0.2030460,4.276365913180712,SUCCESS,hbar,0.0.3964804,0.0.4138717@1783973089.405199511
0.0.10056907,0.3136529311127153,SUCCESS,hbar,0.0.3964804,0.0.4138717@1783973093.700399255
0.0.7164995,4.566436536199294,SUCCESS,hbar,0.0.3964804,0.0.4138717@1783973092.958052767
0.0.4433604,0.01436034189710854,SUCCESS,hbar,0.0.3964804,0.0.4138717@1783973091.843236921
0.0.1747288,0.7390457235334436,SUCCESS,hbar,0.0.3964804,0.0.4138717@1783973095.837226195
0.0.4741573,0.1705180687342134,SUCCESS,hbar,0.0.3964804,0.0.4138717@1783973095.827869404
0.0.4923529,0.0003349301997795798,SUCCESS,hbar,0.0.3964804,0.0.4138717@1783973096.448809370
0.0.1046906,0.004640444375691811,SUCCESS,hbar,0.0.3964804,0.0.4138717@1783973096.002843200
0.0.4362017,0.3013933896719179,SUCCESS,hbar,0.0.3964804,0.0.4138717@1783973096.258974025
0.0.789990,0.01338918912015062,SUCCESS,hbar,0.0.3964804,0.0.4138717@1783973099.736596096
0.0.840487,0.5900864385082535,SUCCESS,hbar,0.0.3964804,0.0.4138717@1783973096.884216621
0.0.5314183,0.07126153701349736,SUCCESS,hbar,0.0.3964804,0.0.4138717@1783973097.987810245
0.0.1372179,0.03291911324322012,SUCCESS,hbar,0.0.3964804,0.0.4138717@1783973098.677605022
0.0.435679,6.331142648182356,SUCCESS,hbar,0.0.3964804,0.0.4138717@1783973099.673212678
0.0.2302824,0.0004527872486991341,SUCCESS,hbar,0.0.3964804,0.0.4138717@1783973101.835862656
0.0.1486871,10.66052084048897,SUCCESS,hbar,0.0.3964804,0.0.4138717@1783973101.528146110
0.0.4345176,0.01826957622127482,SUCCESS,hbar,0.0.3964804,0.0.4138717@1783973101.491552874
0.0.5432163,0.008139954480310798,SUCCESS,hbar,0.0.3964804,0.0.4138717@1783973103.229534567
0.0.1415516,1.691118576677183,SUCCESS,hbar,0.0.3964804,0.0.4138717@1783973105.264009532
0.0.4329551,0.1902883258124295,SUCCESS,hbar,0.0.3964804,0.0.4138717@1783973102.399817977
0.0.5029689,0.7239533444111418,SUCCESS,hbar,0.0.3964804,0.0.4138717@1783973105.912242469
0.0.834666,1.407117515579261,SUCCESS,hbar,0.0.3964804,0.0.4138717@1783973103.233489775
0.0.4323897,0.00279831906395031,SUCCESS,hbar,0.0.3964804,0.0.4138717@1783973107.529776762
0.0.4782567,0.5046478349282641,SUCCESS,hbar,0.0.3964804,0.0.4138717@1783973107.938963663
0.0.859649,0.05953829322776404,SUCCESS,hbar,0.0.3964804,0.0.4138717@1783973105.980031162
0.0.4533464,0.06650975496593996,SUCCESS,hbar,0.0.3964804,0.0.4138717@1783973107.694507802
0.0.5495538,0.009147286271295406,SUCCESS,hbar,0.0.3964804,0.0.4138717@1783973107.651875556
0.0.4093788,0.9484244865829613,SUCCESS,hbar,0.0.3964804,0.0.4138717@1783973107.166334105
0.0.5421455,0.002129094882555541,SUCCESS,hbar,0.0.3964804,0.0.4138717@1783973110.889665438
0.0.5315914,0.860609008706614,SUCCESS,hbar,0.0.3964804,0.0.4138717@1783973108.899620878
0.0.838198,0.283814975317306,SUCCESS,hbar,0.0.3964804,0.0.4138717@1783973109.557145682
0.0.4327294,0.008369005334290084,SUCCESS,hbar,0.0.3964804,0.0.4138717@1783973113.816268618
0.0.728698,0.07099606757580425,SUCCESS,hbar,0.0.3964804,0.0.4138717@1783973114.117665336
0.0.1402758,0.432627280717699,SUCCESS,hbar,0.0.3964804,0.0.4138717@1783973112.814240402
0.0.5147407,0.1955957382607312,SUCCESS,hbar,0.0.3964804,0.0.4138717@1783973111.667020772
0.0.1353334,0.02463207169496499,SUCCESS,hbar,0.0.3964804,0.0.4138717@1783973112.471958962
0.0.3165925,0.02863058962839729,SUCCESS,hbar,0.0.3964804,0.0.4138717@1783973112.085467336
0.0.1357334,0.06319359781431115,SUCCESS,hbar,0.0.3964804,0.0.4138717@1783973116.005158437
0.0.795838,0.01899267442912836,SUCCESS,hbar,0.0.3964804,0.0.4138717@1783973114.494055893
0.0.732798,0.01939336071454862,SUCCESS,hbar,0.0.3964804,0.0.4138717@1783973114.482184966
0.0.2101943,0.0006022499543827742,SUCCESS,hbar,0.0.3964804,0.0.4138717@1783973117.626229459
0.0.1860252,0.0819002033839342,SUCCESS,hbar,0.0.3964804,0.0.4138717@1783973114.257727145
0.0.3100704,8.989955407299982,SUCCESS,hbar,0.0.3964804,0.0.4138717@1783973118.132536817
0.0.4965217,0.05653118758547889,SUCCESS,hbar,0.0.3964804,0.0.4138717@1783973117.471511749
0.0.6306847,0.01278875112115423,SUCCESS,hbar,0.0.3964804,0.0.4138717@1783973116.368953911
0.0.433061,0.007486775603882937,SUCCESS,hbar,0.0.3964804,0.0.4138717@1783973119.185695528
0.0.5957030,0.5817452246652677,SUCCESS,hbar,0.0.3964804,0.0.4138717@1783973118.548992080
0.0.6275653,0.005967721203157052,SUCCESS,hbar,0.0.3964804,0.0.4138717@1783973118.935505096
0.0.6154587,1.939025565531258,SUCCESS,hbar,0.0.3964804,0.0.4138717@1783973121.149585144
0.0.6139137,0.3283068389992098,SUCCESS,hbar,0.0.3964804,0.0.4138717@1783973120.371855670
0.0.753351,0.1331545162320093,SUCCESS,hbar,0.0.3964804,0.0.4138717@1783973122.615127344
0.0.5068116,0.0179545703397719,SUCCESS,hbar,0.0.3964804,0.0.4138717@1783973119.669226593
0.0.805713,2.852872960835114,SUCCESS,hbar,0.0.3964804,0.0.4138717@1783973120.694241553
0.0.4766862,0.3310387416200882,SUCCESS,hbar,0.0.3964804,0.0.4138717@1783973124.220533906
0.0.1703452,0.3086962232483493,SUCCESS,hbar,0.0.3964804,0.0.4138717@1783973120.687991597
0.0.3967246,0.1813652293885012,SUCCESS,hbar,0.0.3964804,0.0.4138717@1783973124.789999860
0.0.4358173,1.026820252717414,SUCCESS,hbar,0.0.3964804,0.0.4138717@1783973123.686223967
0.0.4717832,0.1115575781321708,SUCCESS,hbar,0.0.3964804,0.0.4138717@1783973124.083899383
0.0.4540904,0.2918051733123993,SUCCESS,hbar,0.0.3964804,0.0.4138717@1783973126.968844635
0.0.4351736,0.007879295612156023,SUCCESS,hbar,0.0.3964804,0.0.4138717@1783973123.723905627
0.0.5698429,0.003364762648717565,SUCCESS,hbar,0.0.3964804,0.0.4138717@1783973123.701018932
0.0.4589167,0.007931207049468276,SUCCESS,hbar,0.0.3964804,0.0.4138717@1783973124.395145416
0.0.5023507,0.04376191845213534,SUCCESS,hbar,0.0.3964804,0.0.4138717@1783973127.756817861
0.0.3937438,0.1506634119326909,SUCCESS,hbar,0.0.3964804,0.0.4138717@1783973128.729310777
0.0.1448131,0.1162557935453006,SUCCESS,hbar,0.0.3964804,0.0.4138717@1783973127.990357735
0.0.4184148,0.1867044865754298,SUCCESS,hbar,0.0.3964804,0.0.4138717@1783973128.438475534
0.0.3768895,0.0008153557100074556,SUCCESS,hbar,0.0.3964804,0.0.4138717@1783973128.787764491
0.0.1097802,1.0112016094979,SUCCESS,hbar,0.0.3964804,0.0.4138717@1783973127.362610568
0.0.1877641,0.5195633042199881,SUCCESS,hbar,0.0.3964804,0.0.4138717@1783973130.458423225
0.0.835670,0.02717673649376444,SUCCESS,hbar,0.0.3964804,0.0.4138717@1783973133.728541118
0.0.4138268,6.75403722583901,SUCCESS,hbar,0.0.3964804,0.0.4138717@1783973132.521886234
0.0.664593,2.95792704467065,SUCCESS,hbar,0.0.3964804,0.0.4138717@1783973135.657713399
0.0.859565,1.325166409680057,SUCCESS,hbar,0.0.3964804,0.0.4138717@1783973133.939805552
0.0.859149,4.375599620962025,SUCCESS,hbar,0.0.3964804,0.0.4138717@1783973135.166005944
0.0.833050,0.0233623348194821,SUCCESS,hbar,0.0.3964804,0.0.4138717@1783973134.758078269
0.0.1088394,0.04299217114029615,SUCCESS,hbar,0.0.3964804,0.0.4138717@1783973135.865788454
0.0.827132,0.3491625548306998,SUCCESS,hbar,0.0.3964804,0.0.4138717@1783973136.264905103
0.0.1432019,1.515769655275273,SUCCESS,hbar,0.0.3964804,0.0.4138717@1783973134.075203514
0.0.1088074,3.336466878204305,SUCCESS,hbar,0.0.3964804,0.0.4138717@1783973137.195833918
0.0.481717,0.1024658309788372,SUCCESS,hbar,0.0.3964804,0.0.4138717@1783973139.633503443
0.0.1198079,41.219936553031,SUCCESS,hbar,0.0.3964804,0.0.4138717@1783973140.612367517
0.0.1512214,0.01039975628541643,SUCCESS,hbar,0.0.3964804,0.0.4138717@1783973137.544619630
0.0.4345654,33.49945523059585,SUCCESS,hbar,0.0.3964804,0.0.4138717@1783973139.330530276
0.0.4356553,0.01211404114717894,SUCCESS,hbar,0.0.3964804,0.0.4138717@1783973138.521943077
0.0.4333378,0.003540514923682045,SUCCESS,hbar,0.0.3964804,0.0.4138717@1783973143.126319117
0.0.4368518,0.03355546407843514,SUCCESS,hbar,0.0.3964804,0.0.4138717@1783973143.798073107
0.0.4360122,0.08458189567197388,SUCCESS,hbar,0.0.3964804,0.0.4138717@1783973145.455451783
0.0.1728462,0.06515850541725524,SUCCESS,hbar,0.0.3964804,0.0.4138717@1783973142.579639222
0.0.4350498,0.000152914687202448,SUCCESS,hbar,0.0.3964804,0.0.4138717@1783973142.797976709
0.0.4341116,0.4096794761074875,SUCCESS,hbar,0.0.3964804,0.0.4138717@1783973145.132075947
0.0.3023498,0.2323956263005725,SUCCESS,hbar,0.0.3964804,0.0.4138717@1783973145.203827263
0.0.4346529,1.196817295574642,SUCCESS,hbar,0.0.3964804,0.0.4138717@1783973143.269291072
0.0.4345412,0.02150486141204054,SUCCESS,hbar,0.0.3964804,0.0.4138717@1783973145.206369593
0.0.1088670,0.1735148872729861,SUCCESS,hbar,0.0.3964804,0.0.4138717@1783973148.025138776
0.0.4337103,0.0009652291292595514,SUCCESS,hbar,0.0.3964804,0.0.4138717@1783973146.346503336
0.0.3291464,0.009332992793855284,SUCCESS,hbar,0.0.3964804,0.0.4138717@1783973149.424628269
0.0.1018824,8.24156713084906,SUCCESS,hbar,0.0.3964804,0.0.4138717@1783973149.231866729
0.0.1048940,0.06511618477905762,SUCCESS,hbar,0.0.3964804,0.0.4138717@1783973145.507109495
0.0.3945405,0.0002727156424432554,SUCCESS,hbar,0.0.3964804,0.0.4138717@1783973149.594723422
0.0.1104374,0.6641119955388557,SUCCESS,hbar,0.0.3964804,0.0.4138717@1783973147.118040228
0.0.1350500,0.2287346625304516,SUCCESS,hbar,0.0.3964804,0.0.4138717@1783973148.363586353
0.0.1121794,0.105543937569362,SUCCESS,hbar,0.0.3964804,0.0.4138717@1783973149.112344638
0.0.3872024,1.167744264774529,SUCCESS,hbar,0.0.3964804,0.0.4138717@1783973151.262649959
0.0.4765612,0.9885981180797763,SUCCESS,hbar,0.0.3964804,0.0.4138717@1783973149.107037889
0.0.7916029,5.973299463715263,SUCCESS,hbar,0.0.3964804,0.0.4138717@1783973151.815692451
0.0.4861986,0.05965997289931513,SUCCESS,hbar,0.0.3964804,0.0.4138717@1783973153.957147036
0.0.5112630,0.112816609650566,SUCCESS,hbar,0.0.3964804,0.0.4138717@1783973152.368537350
0.0.710849,0.007522067857617477,SUCCESS,hbar,0.0.3964804,0.0.4138717@1783973151.915830938
0.0.7965412,0.001364688570283643,SUCCESS,hbar,0.0.3964804,0.0.4138717@1783973152.998732520
0.0.3384906,1.914383629388026,SUCCESS,hbar,0.0.3964804,0.0.4138717@1783973151.609806535
0.0.7961490,0.07393181603825896,SUCCESS,hbar,0.0.3964804,0.0.4138717@1783973153.582009072
0.0.7703838,0.003855391913619549,SUCCESS,hbar,0.0.3964804,0.0.4138717@1783973152.101371716
0.0.6343911,0.4684428520976585,SUCCESS,hbar,0.0.3964804,0.0.4138717@1783973156.633814087
0.0.7937765,0.4061567918366542,SUCCESS,hbar,0.0.3964804,0.0.4138717@1783973154.804507411
0.0.838388,14.3090270094889,SUCCESS,hbar,0.0.3964804,0.0.4138717@1783973157.439952976
0.0.3240624,0.000828943017719949,SUCCESS,hbar,0.0.3964804,0.0.4138717@1783973158.750624110
0.0.2150506,0.0115765588505794,SUCCESS,hbar,0.0.3964804,0.0.4138717@1783973157.592769458
0.0.4754443,0.01782937599681104,SUCCESS,hbar,0.0.3964804,0.0.4138717@1783973155.060499913
0.0.4312267,2.485195422333756,SUCCESS,hbar,0.0.3964804,0.0.4138717@1783973155.865359116
0.0.4883729,0.1518619090228581,SUCCESS,hbar,0.0.3964804,0.0.4138717@1783973159.927523999
0.0.1746011,0.7424401798499113,SUCCESS,hbar,0.0.3964804,0.0.4138717@1783973159.491864808
0.0.791414,0.1550029714922371,SUCCESS,hbar,0.0.3964804,0.0.4138717@1783973161.108605212
0.0.7798912,1.007294229399201,SUCCESS,hbar,0.0.3964804,0.0.4138717@1783973158.020495587
0.0.862835,0.2231348557214056,SUCCESS,hbar,0.0.3964804,0.0.4138717@1783973159.921130348
0.0.1337171,0.3877723330050848,SUCCESS,hbar,0.0.3964804,0.0.4138717@1783973163.014232562
0.0.4388693,0.01816941206562791,SUCCESS,hbar,0.0.3964804,0.0.4138717@1783973161.100151634
0.0.1754370,0.01653545922363186,SUCCESS,hbar,0.0.3964804,0.0.4138717@1783973160.689046117
0.0.7965335,0.7747968544571402,SUCCESS,hbar,0.0.3964804,0.0.4138717@1783973163.684625877
0.0.6294131,0.00001073845358570222,SUCCESS,hbar,0.0.3964804,0.0.4138717@1783973164.121066613
0.0.844131,0.1252634299598774,SUCCESS,hbar,0.0.3964804,0.0.4138717@1783973161.515449649
0.0.7924085,0.0077282079357592,SUCCESS,hbar,0.0.3964804,0.0.4138717@1783973166.048213652
0.0.7732467,0.02874748519738813,SUCCESS,hbar,0.0.3964804,0.0.4138717@1783973164.684259912
0.0.981571,0.0289464646847769,SUCCESS,hbar,0.0.3964804,0.0.4138717@1783973164.578155742
0.0.3847179,0.2485494158843705,SUCCESS,hbar,0.0.3964804,0.0.4138717@1783973168.390984466
0.0.1467538,0.08850098540859401,SUCCESS,hbar,0.0.3964804,0.0.4138717@1783973167.001584325
0.0.8131537,0.1417121577558364,SUCCESS,hbar,0.0.3964804,0.0.4138717@1783973167.508921601
0.0.4315395,0.03862109623360577,SUCCESS,hbar,0.0.3964804,0.0.4138717@1783973168.530130992
0.0.8083173,0.2038972934752352,SUCCESS,hbar,0.0.3964804,0.0.4138717@1783973168.194632746
0.0.2964523,8.155756415799493,SUCCESS,hbar,0.0.3964804,0.0.4138717@1783973168.846592209
0.0.8076778,0.0006962170366980372,SUCCESS,hbar,0.0.3964804,0.0.4138717@1783973169.248346825
0.0.6313326,3.386596606653968,SUCCESS,hbar,0.0.3964804,0.0.4138717@1783973168.838678577
0.0.7583284,0.09256595807969764,SUCCESS,hbar,0.0.3964804,0.0.4138717@1783973169.464120958
0.0.1673276,0.9930826225866978,SUCCESS,hbar,0.0.3964804,0.0.4138717@1783973169.326947269
0.0.4804985,0.07270246827886337,SUCCESS,hbar,0.0.3964804,0.0.4138717@1783973172.648472765
0.0.4343570,0.140577739665823,SUCCESS,hbar,0.0.3964804,0.0.4138717@1783973172.539746128
0.0.7732676,27.29863574159457,SUCCESS,hbar,0.0.3964804,0.0.4138717@1783973174.469828345
0.0.2891280,0.3144302393747671,SUCCESS,hbar,0.0.3964804,0.0.4138717@1783973172.365867926
0.0.794930,0.02490433783747327,SUCCESS,hbar,0.0.3964804,0.0.4138717@1783973176.410895782
0.0.892270,1.785294863726687,SUCCESS,hbar,0.0.3964804,0.0.4138717@1783973174.496030455
0.0.4423729,0.4555415156808222,SUCCESS,hbar,0.0.3964804,0.0.4138717@1783973175.528490623
0.0.1124401,0.730575724805173,SUCCESS,hbar,0.0.3964804,0.0.4138717@1783973176.198181149
0.0.7312670,0.4516504094866083,SUCCESS,hbar,0.0.3964804,0.0.4138717@1783973178.586043326
0.0.662621,0.1917102205038643,SUCCESS,hbar,0.0.3964804,0.0.4138717@1783973175.636711538
0.0.6475509,0.07667421336043448,SUCCESS,hbar,0.0.3964804,0.0.4138717@1783973176.468691545
0.0.7450449,0.181040734773099,SUCCESS,hbar,0.0.3964804,0.0.4138717@1783973177.643948471
0.0.7631749,0.0004599761916020707,SUCCESS,hbar,0.0.3964804,0.0.4138717@1783973178.328014478
0.0.6004536,0.02563374411167935,SUCCESS,hbar,0.0.3964804,0.0.4138717@1783973180.346897466
0.0.6270761,16.49672855307182,SUCCESS,hbar,0.0.3964804,0.0.4138717@1783973178.686792547
0.0.2967389,0.2049485333493968,SUCCESS,hbar,0.0.3964804,0.0.4138717@1783973181.122917842
0.0.6416166,0.3045834728964857,SUCCESS,hbar,0.0.3964804,0.0.4138717@1783973179.648373458
0.0.4314332,1.898572513895798,SUCCESS,hbar,0.0.3964804,0.0.4138717@1783973181.915919516
0.0.3048811,0.373933677222776,SUCCESS,hbar,0.0.3964804,0.0.4138717@1783973182.322338009
0.0.6828202,10.81236611946676,SUCCESS,hbar,0.0.3964804,0.0.4138717@1783973181.660777455
0.0.6852334,0.3900284610172894,SUCCESS,hbar,0.0.3964804,0.0.4138717@1783973183.574106291
0.0.4784258,0.0862041417444671,SUCCESS,hbar,0.0.3964804,0.0.4138717@1783973184.553659122
0.0.1463629,0.01864874768319363,SUCCESS,hbar,0.0.3964804,0.0.4138717@1783973184.353694833
0.0.4431727,0.04922196636280683,SUCCESS,hbar,0.0.3964804,0.0.4138717@1783973181.591546059
0.0.2004450,0.02240608513058708,SUCCESS,hbar,0.0.3964804,0.0.4138717@1783973184.329387416
0.0.4337383,0.07133031411023147,SUCCESS,hbar,0.0.3964804,0.0.4138717@1783973186.133906947
0.0.4504544,3.781827204996822,SUCCESS,hbar,0.0.3964804,0.0.4138717@1783973182.827135667
0.0.1463093,0.4113545300943788,SUCCESS,hbar,0.0.3964804,0.0.4138717@1783973184.635690934
0.0.811739,0.9850011559719162,SUCCESS,hbar,0.0.3964804,0.0.4138717@1783973185.675846175
0.0.887612,0.7996022265414575,SUCCESS,hbar,0.0.3964804,0.0.4138717@1783973183.829740266
0.0.4566469,0.3327029440514809,SUCCESS,hbar,0.0.3964804,0.0.4138717@1783973184.719470011
0.0.3916542,0.01390015876346471,SUCCESS,hbar,0.0.3964804,0.0.4138717@1783973187.340641057
0.0.8535071,74.24398470239566,SUCCESS,hbar,0.0.3964804,0.0.4138717@1783973185.300753087
0.0.1486421,0.548462987756751,SUCCESS,hbar,0.0.3964804,0.0.4138717@1783973187.878084863
0.0.1359581,6.596597763602564,SUCCESS,hbar,0.0.3964804,0.0.4138717@1783973188.267158292
0.0.8227507,0.2010314788434566,SUCCESS,hbar,0.0.3964804,0.0.4138717@1783973186.201714368
0.0.7710235,0.0564741166713417,SUCCESS,hbar,0.0.3964804,0.0.4138717@1783973188.809529905
0.0.838791,0.4487631255101903,SUCCESS,hbar,0.0.3964804,0.0.4138717@1783973189.317739654
0.0.496172,0.4928076105049911,SUCCESS,hbar,0.0.3964804,0.0.4138717@1783973186.926465391
0.0.146930,10.01661669995265,SUCCESS,hbar,0.0.3964804,0.0.4138717@1783973189.562076206
0.0.4887338,0.275421073391821,SUCCESS,hbar,0.0.3964804,0.0.4138717@1783973192.036301572
0.0.7662545,0.001994037670720296,SUCCESS,hbar,0.0.3964804,0.0.4138717@1783973191.608678811
0.0.7290965,0.214232773478792,SUCCESS,hbar,0.0.3964804,0.0.4138717@1783973193.090711970
0.0.1524063,1.441610166634294,SUCCESS,hbar,0.0.3964804,0.0.4138717@1783973191.678598419
0.0.3872629,0.2265174472722717,SUCCESS,hbar,0.0.3964804,0.0.4138717@1783973192.891771576
0.0.8152447,0.2125002012405481,SUCCESS,hbar,0.0.3964804,0.0.4138717@1783973192.561510089
0.0.9162845,5.730252581445074,SUCCESS,hbar,0.0.3964804,0.0.4138717@1783973191.953417337
0.0.9034617,0.02226531309544686,SUCCESS,hbar,0.0.3964804,0.0.4138717@1783973194.384740965
0.0.8383256,0.0001846229070056272,SUCCESS,hbar,0.0.3964804,0.0.4138717@1783973193.838329046
0.0.8640197,0.2014600306135118,SUCCESS,hbar,0.0.3964804,0.0.4138717@1783973197.603123477
0.0.8602366,0.4386113437738356,SUCCESS,hbar,0.0.3964804,0.0.4138717@1783973194.490886898
0.0.8241599,0.4578898578710306,SUCCESS,hbar,0.0.3964804,0.0.4138717@1783973196.189576614
0.0.8548028,0.0001040061220835099,SUCCESS,hbar,0.0.3964804,0.0.4138717@1783973195.362064645
0.0.8538714,0.07804397196995583,SUCCESS,hbar,0.0.3964804,0.0.4138717@1783973195.057383719
0.0.8304314,0.02149388217466007,SUCCESS,hbar,0.0.3964804,0.0.4138717@1783973199.057714743
0.0.8108637,0.00005014916606414387,SUCCESS,hbar,0.0.3964804,0.0.4138717@1783973196.621325737
0.0.8146497,0.2265269987008545,SUCCESS,hbar,0.0.3964804,0.0.4138717@1783973199.388762110
0.0.8115823,0.03313289715119706,SUCCESS,hbar,0.0.3964804,0.0.4138717@1783973200.067625062
0.0.8104363,87.891688517262,SUCCESS,hbar,0.0.3964804,0.0.4138717@1783973199.578268522
0.0.1181772,0.01762417265322634,SUCCESS,hbar,0.0.3964804,0.0.4138717@1783973198.987459744
0.0.8068660,0.002113188830444562,SUCCESS,hbar,0.0.3964804,0.0.4138717@1783973200.659505200
0.0.7931472,0.05583248555036844,SUCCESS,hbar,0.0.3964804,0.0.4138717@1783973200.272554395
0.0.8002619,0.08765391278030603,SUCCESS,hbar,0.0.3964804,0.0.4138717@1783973200.271471210
0.0.7809201,0.00002647899395076075,SUCCESS,hbar,0.0.3964804,0.0.4138717@1783973200.878061526
0.0.9707531,224.4514892138322,SUCCESS,hbar,0.0.3964804,0.0.4138717@1783973203.653898973
0.0.10164472,311.9666933124202,SUCCESS,hbar,0.0.3964804,0.0.4138717@1783973201.243907021
0.0.10151415,0.8573202103754868,SUCCESS,hbar,0.0.3964804,0.0.4138717@1783973202.405834555
0.0.10115705,0.000200909788465537,SUCCESS,hbar,0.0.3964804,0.0.4138717@1783973206.449645922
0.0.10035851,15.06005550623465,SUCCESS,hbar,0.0.3964804,0.0.4138717@1783973204.399364319
0.0.10007904,0.0005174159964370453,SUCCESS,hbar,0.0.3964804,0.0.4138717@1783973207.256691758
0.0.1365923,0.004864598200843719,SUCCESS,hbar,0.0.3964804,0.0.4138717@1783973207.829941127
0.0.9593512,0.001033463907369312,SUCCESS,hbar,0.0.3964804,0.0.4138717@1783973204.928581471
0.0.10035663,0.1456730560191656,SUCCESS,hbar,0.0.3964804,0.0.4138717@1783973208.925028765
0.0.1400807,0.2361524816961399,SUCCESS,hbar,0.0.3964804,0.0.4138717@1783973204.660314574
0.0.9774219,0.00150601039619769,SUCCESS,hbar,0.0.3964804,0.0.4138717@1783973208.060875140
0.0.7098838,0.1988574294818626,SUCCESS,hbar,0.0.3964804,0.0.4138717@1783973208.270393678
0.0.9707528,146.8129141898156,SUCCESS,hbar,0.0.3964804,0.0.4138717@1783973207.406142525
0.0.9640625,0.004214727033530296,SUCCESS,hbar,0.0.3964804,0.0.4138717@1783973210.716507037
0.0.1503602,0.1412761323021479,SUCCESS,hbar,0.0.3964804,0.0.4138717@1783973212.749687440
0.0.1703381,0.4178036009204883,SUCCESS,hbar,0.0.3964804,0.0.4138717@1783973212.522306862
0.0.9301506,0.003123891817431255,SUCCESS,hbar,0.0.3964804,0.0.4138717@1783973210.517957525
0.0.9144627,0.296477018673572,SUCCESS,hbar,0.0.3964804,0.0.4138717@1783973210.154240587
0.0.9177203,0.001500806394218899,SUCCESS,hbar,0.0.3964804,0.0.4138717@1783973212.404345861
0.0.8188301,0.1444184027163997,SUCCESS,hbar,0.0.3964804,0.0.4138717@1783973216.184476585
0.0.1082201,18.27522831702588,SUCCESS,hbar,0.0.3964804,0.0.4138717@1783973211.906021700
0.0.955353,0.03931252877063924,SUCCESS,hbar,0.0.3964804,0.0.4138717@1783973216.143744861
0.0.683815,0.01380213111321884,SUCCESS,hbar,0.0.3964804,0.0.4138717@1783973216.845669605
0.0.1052080,0.2443504354253871,SUCCESS,hbar,0.0.3964804,0.0.4138717@1783973217.036316395
0.0.4712922,0.01668182683866648,SUCCESS,hbar,0.0.3964804,0.0.4138717@1783973215.438741803
0.0.4140342,0.08596928480654789,SUCCESS,hbar,0.0.3964804,0.0.4138717@1783973217.500020930
0.0.4558719,0.003244333385906091,SUCCESS,hbar,0.0.3964804,0.0.4138717@1783973216.272847009
0.0.4552348,0.002948072863970878,SUCCESS,hbar,0.0.3964804,0.0.4138717@1783973216.251817471
0.0.4552309,0.002772446551136142,SUCCESS,hbar,0.0.3964804,0.0.4138717@1783973217.549123781
0.0.4552382,0.002772289033664739,SUCCESS,hbar,0.0.3964804,0.0.4138717@1783973220.260160915
0.0.937712,4.673107193441257,SUCCESS,hbar,0.0.3964804,0.0.4138717@1783973216.898308694
0.0.4571567,0.5264341265332149,SUCCESS,hbar,0.0.3964804,0.0.4138717@1783973220.357993243
0.0.1024843,0.00001017105147960953,SUCCESS,hbar,0.0.3964804,0.0.4138717@1783973222.201452782
0.0.4573495,247.9702552885765,SUCCESS,hbar,0.0.3964804,0.0.4138717@1783973221.256719407
0.0.1105845,0.6094823489758133,SUCCESS,hbar,0.0.3964804,0.0.4138717@1783973221.975446518
0.0.10371833,7.238843114654469,SUCCESS,hbar,0.0.3964804,0.0.4138717@1783973223.464623592
0.0.10541900,0.01301364227877948,SUCCESS,hbar,0.0.3964804,0.0.4138717@1783973222.580156498
0.0.10478184,2048.529151035648,SUCCESS,hbar,0.0.3964804,0.0.4138717@1783973224.703891745
0.0.10489509,2048.529151035648,SUCCESS,hbar,0.0.3964804,0.0.4138717@1783973223.829005470
0.0.6315303,0.6755698404461398,SUCCESS,hbar,0.0.3964804,0.0.4138717@1783973226.037417020
0.0.590682,0.008119508980492234,SUCCESS,hbar,0.0.3964804,0.0.4138717@1783973227.212863064
0.0.4766806,2.317754655541394,SUCCESS,hbar,0.0.3964804,0.0.4138717@1783973225.150807568
0.0.1114728,0.002426992230109314,SUCCESS,hbar,0.0.3964804,0.0.4138717@1783973225.515054683
0.0.7188749,0.259275710823743,SUCCESS,hbar,0.0.3964804,0.0.4138717@1783973226.386521730
0.0.5957081,0.1277437718520534,SUCCESS,hbar,0.0.3964804,0.0.4138717@1783973226.207080146
0.0.4561752,0.01403546614261049,SUCCESS,hbar,0.0.3964804,0.0.4138717@1783973227.200487449
0.0.6258091,0.4074679769880958,SUCCESS,hbar,0.0.3964804,0.0.4138717@1783973228.981286016
0.0.6334018,0.2456004609305376,SUCCESS,hbar,0.0.3964804,0.0.4138717@1783973228.044493642
0.0.818498,0.004669217883195392,SUCCESS,hbar,0.0.3964804,0.0.4138717@1783973230.004699939
0.0.5804427,0.06634259303298429,SUCCESS,hbar,0.0.3964804,0.0.4138717@1783973228.471098602
0.0.1956746,0.01357505871828737,SUCCESS,hbar,0.0.3964804,0.0.4138717@1783973229.289849918
0.0.6181303,3.742409331932032,SUCCESS,hbar,0.0.3964804,0.0.4138717@1783973232.104104773
0.0.1269724,1.011479700021736,SUCCESS,hbar,0.0.3964804,0.0.4138717@1783973230.642797705
0.0.5742160,3.192186247014468,SUCCESS,hbar,0.0.3964804,0.0.4138717@1783973232.929650975
0.0.5060673,1.076803143463396,SUCCESS,hbar,0.0.3964804,0.0.4138717@1783973231.127407979
0.0.1093612,0.08837877168660106,SUCCESS,hbar,0.0.3964804,0.0.4138717@1783973234.923356808
0.0.4814986,0.002569269578834086,SUCCESS,hbar,0.0.3964804,0.0.4138717@1783973231.460344096
0.0.857763,0.4016076023184617,SUCCESS,hbar,0.0.3964804,0.0.4138717@1783973233.550433946
0.0.3959322,0.3331356542796767,SUCCESS,hbar,0.0.3964804,0.0.4138717@1783973237.708453957
0.0.10454179,0.03677837876236749,SUCCESS,hbar,0.0.3964804,0.0.4138717@1783973235.781006273
0.0.2299836,722.2471555515426,SUCCESS,hbar,0.0.3964804,0.0.4138717@1783973237.434170943
0.0.8551680,0.02298564401551836,SUCCESS,hbar,0.0.3964804,0.0.4138717@1783973237.705060156
0.0.10295710,0.01160466323035121,SUCCESS,hbar,0.0.3964804,0.0.4138717@1783973235.201531975
0.0.10506008,0.02825304820635943,SUCCESS,hbar,0.0.3964804,0.0.4138717@1783973236.050788567
0.0.920901,11.25677348254803,SUCCESS,hbar,0.0.3964804,0.0.4138717@1783973237.102188387
0.0.4319631,0.005697947684942989,SUCCESS,hbar,0.0.3964804,0.0.4138717@1783973238.132589544
0.0.3961176,0.03339735139001828,SUCCESS,hbar,0.0.3964804,0.0.4138717@1783973240.665975620
0.0.4157253,0.4729231071730654,SUCCESS,hbar,0.0.3964804,0.0.4138717@1783973237.861055334
0.0.10253402,0.02699641079201839,SUCCESS,hbar,0.0.3964804,0.0.4138717@1783973239.808283550
0.0.4375828,0.003911487511368947,SUCCESS,hbar,0.0.3964804,0.0.4138717@1783973243.619755501
0.0.3953598,3.889381607482481,SUCCESS,hbar,0.0.3964804,0.0.4138717@1783973243.311131348
0.0.851469,0.0005234117068548726,SUCCESS,hbar,0.0.3964804,0.0.4138717@1783973242.703406481
0.0.5326504,0.0006066415871117022,SUCCESS,hbar,0.0.3964804,0.0.4138717@1783973243.395966708
0.0.10025532,0.0000105134043100116,SUCCESS,hbar,0.0.3964804,0.0.4138717@1783973239.633204541
0.0.5459660,2.962457523063225,SUCCESS,hbar,0.0.3964804,0.0.4138717@1783973244.799851302
0.0.836080,0.0007595534910871512,SUCCESS,hbar,0.0.3964804,0.0.4138717@1783973243.731330050
0.0.837554,1.110367978713303,SUCCESS,hbar,0.0.3964804,0.0.4138717@1783973241.864406308
0.0.8084528,7.336253313008248,SUCCESS,hbar,0.0.3964804,0.0.4138717@1783973244.001002020
0.0.7950871,22.56474109990513,SUCCESS,hbar,0.0.3964804,0.0.4138717@1783973244.061374402
0.0.1696471,0.1918669391778546,SUCCESS,hbar,0.0.3964804,0.0.4138717@1783973244.799205602
0.0.1895961,0.5688656324560785,SUCCESS,hbar,0.0.3964804,0.0.4138717@1783973248.159073318
0.0.4535053,1.397031474513986,SUCCESS,hbar,0.0.3964804,0.0.4138717@1783973247.486071928
0.0.6299908,0.3111620635065827,SUCCESS,hbar,0.0.3964804,0.0.4138717@1783973247.549763993
0.0.6333135,1.32170217318159,SUCCESS,hbar,0.0.3964804,0.0.4138717@1783973249.178004648
0.0.4576074,0.10041520001283,SUCCESS,hbar,0.0.3964804,0.0.4138717@1783973249.704497828
0.0.10456759,11.0600741503126,SUCCESS,hbar,0.0.3964804,0.0.4138717@1783973252.259866604
0.0.10248120,0.09935973219183342,SUCCESS,hbar,0.0.3964804,0.0.4138717@1783973250.989545088
0.0.1389736,0.01922423077029609,SUCCESS,hbar,0.0.3964804,0.0.4138717@1783973247.888237344
0.0.2995390,0.05641930254840757,SUCCESS,hbar,0.0.3964804,0.0.4138717@1783973252.212822671
0.0.10048918,4.515036653533427,SUCCESS,hbar,0.0.3964804,0.0.4138717@1783973251.611910296
0.0.4161393,0.5069396672317339,SUCCESS,hbar,0.0.3964804,0.0.4138717@1783973254.333226069
0.0.965222,1.136561507611288,SUCCESS,hbar,0.0.3964804,0.0.4138717@1783973252.980954569
0.0.8733798,2.895144725211916,SUCCESS,hbar,0.0.3964804,0.0.4138717@1783973253.353272306
0.0.10442094,0.5848296871862224,SUCCESS,hbar,0.0.3964804,0.0.4138717@1783973253.474763459
0.0.10413601,0.2807991033948697,SUCCESS,hbar,0.0.3964804,0.0.4138717@1783973254.917883906
0.0.844877,0.6528407960969472,SUCCESS,hbar,0.0.3964804,0.0.4138717@1783973252.406844945
0.0.5850916,0.1760886303703826,SUCCESS,hbar,0.0.3964804,0.0.4138717@1783973257.162911273
0.0.10237154,1.926759460238648,SUCCESS,hbar,0.0.3964804,0.0.4138717@1783973253.006186962
0.0.10465417,0.2610777707940878,SUCCESS,hbar,0.0.3964804,0.0.4138717@1783973255.700928687
0.0.10435638,0.05111721674914521,SUCCESS,hbar,0.0.3964804,0.0.4138717@1783973255.521168366
0.0.10420688,0.3642562112805092,SUCCESS,hbar,0.0.3964804,0.0.4138717@1783973257.360991984
0.0.10420709,0.1104513183699056,SUCCESS,hbar,0.0.3964804,0.0.4138717@1783973256.629652593
0.0.10420713,0.0340784669750523,SUCCESS,hbar,0.0.3964804,0.0.4138717@1783973255.673384944
0.0.835034,3.962502516211896,SUCCESS,hbar,0.0.3964804,0.0.4138717@1783973256.903435179
0.0.10359193,0.2812570942923936,SUCCESS,hbar,0.0.3964804,0.0.4138717@1783973257.698886487
0.0.10308209,62.97281646521643,SUCCESS,hbar,0.0.3964804,0.0.4138717@1783973261.759579804
0.0.10307970,0.0003414607582678124,SUCCESS,hbar,0.0.3964804,0.0.4138717@1783973261.891381006
0.0.10303974,0.1348415005252913,SUCCESS,hbar,0.0.3964804,0.0.4138717@1783973261.499400570
0.0.10267167,0.002979371900572733,SUCCESS,hbar,0.0.3964804,0.0.4138717@1783973261.815236654
0.0.10267166,31.35826328296106,SUCCESS,hbar,0.0.3964804,0.0.4138717@1783973263.778921798
0.0.10244829,0.006126144959367678,SUCCESS,hbar,0.0.3964804,0.0.4138717@1783973261.377709272
0.0.10231452,5.109992256637664,SUCCESS,hbar,0.0.3964804,0.0.4138717@1783973265.252918043
0.0.2216740,29.12379911182377,SUCCESS,hbar,0.0.3964804,0.0.4138717@1783973262.777455131
0.0.4231312,0.02763791643039577,SUCCESS,hbar,0.0.3964804,0.0.4138717@1783973263.323242968
0.0.9234350,0.6649438000987723,SUCCESS,hbar,0.0.3964804,0.0.4138717@1783973265.023304913
0.0.979379,1.662877033977967,SUCCESS,hbar,0.0.3964804,0.0.4138717@1783973265.688114710
0.0.5159009,7.019160255221959,SUCCESS,hbar,0.0.3964804,0.0.4138717@1783973265.362669841
0.0.10630416,0.04300319705251272,SUCCESS,hbar,0.0.3964804,0.0.4138717@1783973268.916852994
0.0.3211610,0.2455205260178851,SUCCESS,hbar,0.0.3964804,0.0.4138717@1783973267.956606688
0.0.1378699,3.92600606296772e-8,SUCCESS,hbar,0.0.3964804,0.0.4138717@1783973267.603928520
0.0.6278117,9.80821554380348e-8,SUCCESS,hbar,0.0.3964804,0.0.4138717@1783973269.435413830
0.0.7308319,5.12784500114218e-7,SUCCESS,hbar,0.0.3964804,0.0.4138717@1783973267.571924877
0.0.4250725,0.0317972594861148,SUCCESS,hbar,0.0.3964804,0.0.4138717@1783973270.790195511
0.0.10410907,8.024220793942614,SUCCESS,hbar,0.0.3964804,0.0.4138717@1783973269.241126262
0.0.10612841,5.458174739798734,SUCCESS,hbar,0.0.3964804,0.0.4138717@1783973271.185692005
0.0.10610396,0.1381941031750638,SUCCESS,hbar,0.0.3964804,0.0.4138717@1783973271.516358693
0.0.10608781,478.3350920635098,SUCCESS,hbar,0.0.3964804,0.0.4138717@1783973271.758611458
0.0.10584246,3.208474924580651,SUCCESS,hbar,0.0.3964804,0.0.4138717@1783973271.950097393
0.0.10543839,0.3575704252543351,SUCCESS,hbar,0.0.3964804,0.0.4138717@1783973270.247147803
0.0.10502045,0.52630237356607,SUCCESS,hbar,0.0.3964804,0.0.4138717@1783973273.117292954
0.0.10496154,0.0006246539210341028,SUCCESS,hbar,0.0.3964804,0.0.4138717@1783973271.711228840
0.0.10495365,8.58756829010948e-8,SUCCESS,hbar,0.0.3964804,0.0.4138717@1783973275.606745672
0.0.8298814,0.3806640909693814,SUCCESS,hbar,0.0.3964804,0.0.4138717@1783973272.815516419
0.0.8414409,0.003649769388679041,SUCCESS,hbar,0.0.3964804,0.0.4138717@1783973274.871575682
0.0.1714233,0.06531557815684172,SUCCESS,hbar,0.0.3964804,0.0.4138717@1783973275.308734375
0.0.3077609,0.5919415748503947,SUCCESS,hbar,0.0.3964804,0.0.4138717@1783973275.070092735
0.0.8357089,0.1439807944983942,SUCCESS,hbar,0.0.3964804,0.0.4138717@1783973278.057059582
0.0.8357708,3.808342056806649,SUCCESS,hbar,0.0.3964804,0.0.4138717@1783973275.042544413
0.0.8346544,0.6856866498385948,SUCCESS,hbar,0.0.3964804,0.0.4138717@1783973274.357266381
0.0.8323906,3.840033302292475,SUCCESS,hbar,0.0.3964804,0.0.4138717@1783973280.142533857
0.0.8156060,0.02403968601906566,SUCCESS,hbar,0.0.3964804,0.0.4138717@1783973277.502655338
0.0.7964752,0.0009432501695691823,SUCCESS,hbar,0.0.3964804,0.0.4138717@1783973276.862744620
0.0.2025203,0.01884488566439477,SUCCESS,hbar,0.0.3964804,0.0.4138717@1783973279.680485350
0.0.7049977,0.001889533779805975,SUCCESS,hbar,0.0.3964804,0.0.4138717@1783973278.953661898
0.0.4867972,0.007520345395677012,SUCCESS,hbar,0.0.3964804,0.0.4138717@1783973278.285622269
0.0.8209324,0.1283695629730126,SUCCESS,hbar,0.0.3964804,0.0.4138717@1783973281.631149671
0.0.7997139,0.02434180275213551,SUCCESS,hbar,0.0.3964804,0.0.4138717@1783973278.757241902
0.0.5761971,0.00003547762694809549,SUCCESS,hbar,0.0.3964804,0.0.4138717@1783973279.856025245
0.0.1906790,0.002579336820800636,SUCCESS,hbar,0.0.3964804,0.0.4138717@1783973280.434957894
0.0.9009997,0.09506711306640847,SUCCESS,hbar,0.0.3964804,0.0.4138717@1783973282.939790853
0.0.877394,0.001536250639714221,SUCCESS,hbar,0.0.3964804,0.0.4138717@1783973281.935926885
0.0.53756,0.7859905584272896,SUCCESS,hbar,0.0.3964804,0.0.4138717@1783973284.616884460
0.0.689277,1.810356335656094,SUCCESS,hbar,0.0.3964804,0.0.4138717@1783973284.709496598
0.0.1090802,0.01649655934072038,SUCCESS,hbar,0.0.3964804,0.0.4138717@1783973286.437509051
0.0.7550890,0.0285027429171465,SUCCESS,hbar,0.0.3964804,0.0.4138717@1783973286.070360878
0.0.9095016,0.4442253773314941,SUCCESS,hbar,0.0.3964804,0.0.4138717@1783973286.120563798
0.0.9065767,0.1733098071467901,SUCCESS,hbar,0.0.3964804,0.0.4138717@1783973286.706566229
0.0.8767225,0.06410391155644538,SUCCESS,hbar,0.0.3964804,0.0.4138717@1783973286.309753492
0.0.8178093,0.02036707431354105,SUCCESS,hbar,0.0.3964804,0.0.4138717@1783973287.369567221
0.0.7788265,0.04193698135829867,SUCCESS,hbar,0.0.3964804,0.0.4138717@1783973288.399781087
0.0.8792600,0.0006772423545050891,SUCCESS,hbar,0.0.3964804,0.0.4138717@1783973285.873618427
0.0.8256574,0.001356081296849512,SUCCESS,hbar,0.0.3964804,0.0.4138717@1783973285.462843823
0.0.8585468,0.0002089803133451782,SUCCESS,hbar,0.0.3964804,0.0.4138717@1783973285.531415349
0.0.1459865,0.3848882858044462,SUCCESS,hbar,0.0.3964804,0.0.4138717@1783973287.795476503
0.0.5524338,0.01109386057052408,SUCCESS,hbar,0.0.3964804,0.0.4138717@1783973287.608718659
0.0.8198608,0.09133282177739585,SUCCESS,hbar,0.0.3964804,0.0.4138717@1783973287.756168537
0.0.8385016,0.07469252140298283,SUCCESS,hbar,0.0.3964804,0.0.4138717@1783973291.543601970
0.0.7607102,0.001545801962756794,SUCCESS,hbar,0.0.3964804,0.0.4138717@1783973291.376252169
0.0.8032303,0.01190237994910742,SUCCESS,hbar,0.0.3964804,0.0.4138717@1783973287.888489927
0.0.7965413,0.0002029528072026477,SUCCESS,hbar,0.0.3964804,0.0.4138717@1783973291.098326158
0.0.1481135,0.07718429097559781,SUCCESS,hbar,0.0.3964804,0.0.4138717@1783973290.375309453
0.0.7777028,0.1325840553978466,SUCCESS,hbar,0.0.3964804,0.0.4138717@1783973290.540678680
0.0.7896816,3.297027270491018,SUCCESS,hbar,0.0.3964804,0.0.4138717@1783973294.100247698
0.0.7910977,0.3799507633798135,SUCCESS,hbar,0.0.3964804,0.0.4138717@1783973292.172746841
0.0.3947850,0.00006553325305426748,SUCCESS,hbar,0.0.3964804,0.0.4138717@1783973292.179563529
0.0.4752954,0.05556207672092063,SUCCESS,hbar,0.0.3964804,0.0.4138717@1783973292.965215512
0.0.5905014,0.08092416147708646,SUCCESS,hbar,0.0.3964804,0.0.4138717@1783973294.836537624
0.0.5042398,0.3497639495928889,SUCCESS,hbar,0.0.3964804,0.0.4138717@1783973295.200407384
0.0.5739319,0.2042492219924109,SUCCESS,hbar,0.0.3964804,0.0.4138717@1783973293.829894790
0.0.1479857,0.2326978248343567,SUCCESS,hbar,0.0.3964804,0.0.4138717@1783973295.140020329
0.0.7791729,0.0002019014527566951,SUCCESS,hbar,0.0.3964804,0.0.4138717@1783973295.236586268
0.0.7835479,0.003187745161350029,SUCCESS,hbar,0.0.3964804,0.0.4138717@1783973295.923949340
0.0.7421912,0.009169094667308298,SUCCESS,hbar,0.0.3964804,0.0.4138717@1783973297.812000795
0.0.7570262,0.01669834080165136,SUCCESS,hbar,0.0.3964804,0.0.4138717@1783973296.750339269
0.0.2477582,0.06804569247393552,SUCCESS,hbar,0.0.3964804,0.0.4138717@1783973296.346315039
0.0.8175769,0.05302661545349216,SUCCESS,hbar,0.0.3964804,0.0.4138717@1783973295.354619012
0.0.8142528,0.005719958103680217,SUCCESS,hbar,0.0.3964804,0.0.4138717@1783973298.105213555
0.0.833836,0.495808630199496,SUCCESS,hbar,0.0.3964804,0.0.4138717@1783973299.844207706
0.0.5007636,0.02040345601909723,SUCCESS,hbar,0.0.3964804,0.0.4138717@1783973300.115545599
0.0.4746343,0.0003682483681421989,SUCCESS,hbar,0.0.3964804,0.0.4138717@1783973300.137962836
0.0.7913251,0.01425443174954753,SUCCESS,hbar,0.0.3964804,0.0.4138717@1783973298.467314702
0.0.8042105,0.02376185628865194,SUCCESS,hbar,0.0.3964804,0.0.4138717@1783973301.127871340
0.0.1365814,0.07018860217577597,SUCCESS,hbar,0.0.3964804,0.0.4138717@1783973299.004955518
0.0.8059253,0.3672570942759245,SUCCESS,hbar,0.0.3964804,0.0.4138717@1783973303.401330624
0.0.2557514,0.2062140644031488,SUCCESS,hbar,0.0.3964804,0.0.4138717@1783973300.108481535
0.0.3912896,0.03932665032034852,SUCCESS,hbar,0.0.3964804,0.0.4138717@1783973303.442466363
0.0.1092596,0.0207817496033589,SUCCESS,hbar,0.0.3964804,0.0.4138717@1783973300.384130775
0.0.2006292,0.01210125342851302,SUCCESS,hbar,0.0.3964804,0.0.4138717@1783973304.332986263
0.0.7912110,0.00006868429359667378,SUCCESS,hbar,0.0.3964804,0.0.4138717@1783973302.823093613
0.0.8056304,0.115927239679734,SUCCESS,hbar,0.0.3964804,0.0.4138717@1783973303.580585641
0.0.7974195,8.49493654428895,SUCCESS,hbar,0.0.3964804,0.0.4138717@1783973305.293713099
0.0.7746903,0.01719941128905245,SUCCESS,hbar,0.0.3964804,0.0.4138717@1783973306.235534415
0.0.7983506,0.000008944345772041129,SUCCESS,hbar,0.0.3964804,0.0.4138717@1783973306.611451977
0.0.9640903,0.0509329786040442,SUCCESS,hbar,0.0.3964804,0.0.4138717@1783973306.434190508
0.0.2963879,0.1468095253843426,SUCCESS,hbar,0.0.3964804,0.0.4138717@1783973305.900899679
0.0.4873525,0.01396554155903059,SUCCESS,hbar,0.0.3964804,0.0.4138717@1783973308.376879533
0.0.10004246,0.1288302023921605,SUCCESS,hbar,0.0.3964804,0.0.4138717@1783973306.414210270
0.0.5922808,0.008421025619699919,SUCCESS,hbar,0.0.3964804,0.0.4138717@1783973307.772365249
0.0.751161,0.4477039412266806,SUCCESS,hbar,0.0.3964804,0.0.4138717@1783973307.635452536
0.0.9973346,0.0009344014492651999,SUCCESS,hbar,0.0.3964804,0.0.4138717@1783973310.007900704
0.0.9477942,0.004077635426009714,SUCCESS,hbar,0.0.3964804,0.0.4138717@1783973310.128436694
0.0.9150527,0.3161393765965143,SUCCESS,hbar,0.0.3964804,0.0.4138717@1783973310.502295798
0.0.871471,0.7491151161579774,SUCCESS,hbar,0.0.3964804,0.0.4138717@1783973311.280112473
0.0.1459068,0.01005751614265147,SUCCESS,hbar,0.0.3964804,0.0.4138717@1783973308.727391272
0.0.6320740,0.0713657150918344,SUCCESS,hbar,0.0.3964804,0.0.4138717@1783973312.377117345
0.0.9687167,0.05991277629618745,SUCCESS,hbar,0.0.3964804,0.0.4138717@1783973311.612073682
0.0.9729389,0.0317972594861148,SUCCESS,hbar,0.0.3964804,0.0.4138717@1783973311.715066225
0.0.9720442,0.01554987333073322,SUCCESS,hbar,0.0.3964804,0.0.4138717@1783973312.256409164
0.0.3012601,0.08209496414496101,SUCCESS,hbar,0.0.3964804,0.0.4138717@1783973316.397462836
0.0.5012902,0.001651087653405624,SUCCESS,hbar,0.0.3964804,0.0.4138717@1783973313.375473514
0.0.9636419,0.09053088265590867,SUCCESS,hbar,0.0.3964804,0.0.4138717@1783973315.119464351
0.0.5805332,0.2898153965970276,SUCCESS,hbar,0.0.3964804,0.0.4138717@1783973313.250847327
0.0.9602777,0.00414497565344719,SUCCESS,hbar,0.0.3964804,0.0.4138717@1783973315.282526876
0.0.9590994,2.736261012128809,SUCCESS,hbar,0.0.3964804,0.0.4138717@1783973315.877766781
0.0.10157649,1.352628939615889,SUCCESS,hbar,0.0.3964804,0.0.4138717@1783973315.044815858
0.0.8083839,1.87399348679088,SUCCESS,hbar,0.0.3964804,0.0.4138717@1783973317.055597460
0.0.10062632,0.0009017180820009836,SUCCESS,hbar,0.0.3964804,0.0.4138717@1783973317.613336969
0.0.10251800,0.0001767503249590754,SUCCESS,hbar,0.0.3964804,0.0.4138717@1783973317.284682917
0.0.10268439,1.210686418793081,SUCCESS,hbar,0.0.3964804,0.0.4138717@1783973319.447976829
0.0.1365779,0.07367582041239429,SUCCESS,hbar,0.0.3964804,0.0.4138717@1783973320.705479032
0.0.4499088,0.01325792218957972,SUCCESS,hbar,0.0.3964804,0.0.4138717@1783973319.148699797
0.0.9273022,0.0000877490101735937,SUCCESS,hbar,0.0.3964804,0.0.4138717@1783973318.779294348
0.0.10219431,0.3964319169266584,SUCCESS,hbar,0.0.3964804,0.0.4138717@1783973321.660763258
0.0.9509413,0.008791727104407197,SUCCESS,hbar,0.0.3964804,0.0.4138717@1783973321.895214611
0.0.958821,3.580389138576658,SUCCESS,hbar,0.0.3964804,0.0.4138717@1783973321.142995512
0.0.10014449,0.01122381529256833,SUCCESS,hbar,0.0.3964804,0.0.4138717@1783973320.900123727
0.0.4749526,8.366399343693299,SUCCESS,hbar,0.0.3964804,0.0.4138717@1783973322.609295282
0.0.1704489,0.00008257847960486976,SUCCESS,hbar,0.0.3964804,0.0.4138717@1783973324.931519004
0.0.9584885,0.001954675962020535,SUCCESS,hbar,0.0.3964804,0.0.4138717@1783973323.863227982
0.0.10093024,0.05793038090816561,SUCCESS,hbar,0.0.3964804,0.0.4138717@1783973324.131910173
0.0.816698,2.188410721095844,SUCCESS,hbar,0.0.3964804,0.0.4138717@1783973326.500986457
0.0.820706,1.14166186236542,SUCCESS,hbar,0.0.3964804,0.0.4138717@1783973323.533671228
0.0.4372819,0.00449813062702367,SUCCESS,hbar,0.0.3964804,0.0.4138717@1783973326.225374556
0.0.842210,0.02608145959204295,SUCCESS,hbar,0.0.3964804,0.0.4138717@1783973326.574352401
0.0.10072624,0.009058787246468577,SUCCESS,hbar,0.0.3964804,0.0.4138717@1783973323.157009637
0.0.8113254,0.007235353612094772,SUCCESS,hbar,0.0.3964804,0.0.4138717@1783973329.821097660
0.0.1056474,0.943628956137281,SUCCESS,hbar,0.0.3964804,0.0.4138717@1783973328.690924466
0.0.9450539,0.2352092991938549,SUCCESS,hbar,0.0.3964804,0.0.4138717@1783973327.222863814
0.0.9444587,0.4598241564127385,SUCCESS,hbar,0.0.3964804,0.0.4138717@1783973328.823810721
0.0.6160732,0.01715153562828033,SUCCESS,hbar,0.0.3964804,0.0.4138717@1783973326.389423152
0.0.813564,0.0002373636240216995,SUCCESS,hbar,0.0.3964804,0.0.4138717@1783973327.706281583
0.0.9367202,0.0004323647976716781,SUCCESS,hbar,0.0.3964804,0.0.4138717@1783973330.842962012
0.0.4821795,0.1352913577345448,SUCCESS,hbar,0.0.3964804,0.0.4138717@1783973329.079766036
0.0.9318048,0.00371608076178077,SUCCESS,hbar,0.0.3964804,0.0.4138717@1783973331.385341777
0.0.8880678,0.005785746559502493,SUCCESS,hbar,0.0.3964804,0.0.4138717@1783973329.573691592
0.0.9285770,0.02593092265767511,SUCCESS,hbar,0.0.3964804,0.0.4138717@1783973332.110109184
0.0.9275748,0.05464531859108717,SUCCESS,hbar,0.0.3964804,0.0.4138717@1783973331.149220452
0.0.6068301,0.0224014649327357,SUCCESS,hbar,0.0.3964804,0.0.4138717@1783973333.540573475
0.0.9146353,0.580275263638713,SUCCESS,hbar,0.0.3964804,0.0.4138717@1783973330.412549847
0.0.1862342,0.0749169029102977,SUCCESS,hbar,0.0.3964804,0.0.4138717@1783973332.596298543
0.0.9196038,0.04165585667600722,SUCCESS,hbar,0.0.3964804,0.0.4138717@1783973332.410126671
0.0.1118731,0.003433200518909108,SUCCESS,hbar,0.0.3964804,0.0.4138717@1783973332.655454750
0.0.1403937,0.001963801044658747,SUCCESS,hbar,0.0.3964804,0.0.4138717@1783973336.113643049
0.0.9177141,0.01167461756367639,SUCCESS,hbar,0.0.3964804,0.0.4138717@1783973335.145029017
0.0.9086562,0.0008298744540936026,SUCCESS,hbar,0.0.3964804,0.0.4138717@1783973338.448404298
0.0.8392843,0.08298433167633741,SUCCESS,hbar,0.0.3964804,0.0.4138717@1783973337.762234395
0.0.9169121,0.0738307176893693,SUCCESS,hbar,0.0.3964804,0.0.4138717@1783973334.790956279
0.0.887615,0.00248610480189298,SUCCESS,hbar,0.0.3964804,0.0.4138717@1783973335.054216814
0.0.9364762,0.006920425166614742,SUCCESS,hbar,0.0.3964804,0.0.4138717@1783973337.905874210
0.0.4594903,0.007230368208016339,SUCCESS,hbar,0.0.3964804,0.0.4138717@1783973340.677318508
0.0.9365757,0.2171296972378597,SUCCESS,hbar,0.0.3964804,0.0.4138717@1783973340.741288369
0.0.8246604,0.0004117502545824198,SUCCESS,hbar,0.0.3964804,0.0.4138717@1783973340.546630008
0.0.8080965,0.002286233957791814,SUCCESS,hbar,0.0.3964804,0.0.4138717@1783973339.719175894
0.0.190191,0.01798284333395895,SUCCESS,hbar,0.0.3964804,0.0.4138717@1783973340.446485974
0.0.8070994,0.3758625123440091,SUCCESS,hbar,0.0.3964804,0.0.4138717@1783973341.077774207
0.0.9541852,0.1676023802639177,SUCCESS,hbar,0.0.3964804,0.0.4138717@1783973339.216259744
0.0.650437,5.168332046778358,SUCCESS,0.0.731861,0.0.3951117&0.0.3961531&0.0.5328590,0.0.4138717@1783971762.796749997
0.0.8585089,289.850826846408,SUCCESS,0.0.731861,0.0.3951117,0.0.4138717@1783971766.065742823
0.0.1115297,2.800431351924545,SUCCESS,0.0.731861,0.0.3951117,0.0.4138717@1783971765.680967578
0.0.7542917,0.5268916350306674,SUCCESS,0.0.731861,0.0.3951117,0.0.4138717@1783971763.902199938
0.0.9626972,1.401224950736139,SUCCESS,0.0.731861,0.0.3951117,0.0.4138717@1783971764.963878328
0.0.9344085,22.31564225037307,SUCCESS,0.0.731861,0.0.3951117&0.0.3964827,0.0.4138717@1783971766.114658394
0.0.9755401,6.901651545003999,SUCCESS,0.0.731861,0.0.3951117&0.0.4601632,0.0.4138717@1783971766.378940410
0.0.9761018,872.5357744291385,SUCCESS,0.0.731861,0.0.3951117,0.0.4138717@1783971765.125677661
0.0.5060063,160.5704340227305,SUCCESS,0.0.731861,0.0.3951117&0.0.4129330&0.0.4601632&0.0.5328590,0.0.4138717@1783971764.177529722
0.0.4329703,2.355203232518451,SUCCESS,0.0.731861,0.0.3951117,0.0.4138717@1783971765.947701072
0.0.4570964,26.36673750034426,SUCCESS,0.0.731861,0.0.3951117,0.0.4138717@1783971768.722083627
0.0.9958383,0.163991920560124,SUCCESS,0.0.731861,0.0.3951117,0.0.4138717@1783971767.851935590
0.0.9723151,0.01085406444526918,SUCCESS,0.0.731861,0.0.3951117,0.0.4138717@1783971766.873712818
0.0.10031117,7.57922880372152,SUCCESS,0.0.731861,0.0.3951117,0.0.4138717@1783971768.639926735
0.0.10031118,46.74823299431497,SUCCESS,0.0.731861,0.0.3951117,0.0.4138717@1783971767.715089630
0.0.1110198,41.15806114440253,SUCCESS,0.0.731861,0.0.3951117,0.0.4138717@1783971772.441367132
0.0.9404406,0.1130817853111197,SUCCESS,0.0.731861,0.0.3951117,0.0.4138717@1783971771.849429266
0.0.2174015,0.05466310186119896,SUCCESS,0.0.731861,0.0.3951117,0.0.4138717@1783971772.373735182
0.0.832852,106.7815471075006,SUCCESS,0.0.731861,0.0.3951117,0.0.4138717@1783971774.793452460
0.0.9359586,0.1442304495972091,SUCCESS,0.0.731861,0.0.3951117,0.0.4138717@1783971772.382466338
0.0.4555391,4.937236585742832,SUCCESS,0.0.731861,0.0.3951117,0.0.4138717@1783971778.078798659
0.0.1758196,2.247384247567058,SUCCESS,0.0.731861,0.0.3951117,0.0.4138717@1783971779.798061623
0.0.850481,248.0168543067224,SUCCESS,0.0.731861,0.0.3951117,0.0.4138717@1783971779.929012178
0.0.1515633,9.846191129540854,SUCCESS,0.0.731861,0.0.3951117,0.0.4138717@1783971780.867974478
0.0.9273872,0.04246653998021255,SUCCESS,0.0.731861,0.0.3951117,0.0.4138717@1783971779.318437240
0.0.1120575,458.4444871228869,SUCCESS,0.0.731861,0.0.3951117&0.0.3964804,0.0.4138717@1783971780.490075378
0.0.7810768,4.351826201545571,SUCCESS,0.0.731861,0.0.3951117&0.0.3964827,0.0.4138717@1783971780.942055480
0.0.1368197,8.073214785693565,SUCCESS,0.0.731861,0.0.3951117&0.0.3964804,0.0.4138717@1783971782.082155741
0.0.9202687,111.4452622827353,SUCCESS,0.0.731861,0.0.3951117,0.0.4138717@1783971785.035909997
0.0.9125858,262540.8089135123,SUCCESS,0.0.731861,0.0.3951117&0.0.3961531&0.0.6071041&0.0.6071119&0.0.6126395&0.0.8315114&0.0.9774523&0.0.10018365&0.0.10092996,0.0.4138717@1783971783.530296673
0.0.4432398,1.209266751684112,SUCCESS,0.0.731861,0.0.3951117,0.0.4138717@1783971783.313864371
0.0.8684349,1411.541084552894,SUCCESS,0.0.731861,0.0.3951117,0.0.4138717@1783971785.118274392
0.0.8188541,3.911044771169931,SUCCESS,0.0.731861,0.0.3951117,0.0.4138717@1783971786.076230631
0.0.4560992,11.66312479610684,SUCCESS,0.0.731861,0.0.3951117,0.0.4138717@1783971786.143831699
0.0.10504552,0.5388261051416416,SUCCESS,0.0.731861,0.0.3951117,0.0.4138717@1783971785.684043928
0.0.912615,113.0413515490825,SUCCESS,0.0.731861,0.0.3951117&0.0.3964804&0.0.3964827,0.0.4138717@1783971789.926042857
0.0.10493411,83.79476240180502,SUCCESS,0.0.731861,0.0.3951117&0.0.3961531,0.0.4138717@1783971787.059605616
0.0.1734809,0.6179602870288254,SUCCESS,0.0.731861,0.0.3951117&0.0.3964804&0.0.6071119,0.0.4138717@1783971790.040689869
0.0.10483303,20219.86727419512,SUCCESS,0.0.731861,0.0.3951117,0.0.4138717@1783971792.653672905
0.0.1104990,795.9914471712771,SUCCESS,0.0.731861,0.0.3951117,0.0.4138717@1783971792.325920160
0.0.2017173,62.29529590592922,SUCCESS,0.0.731861,0.0.3951117&0.0.3964804,0.0.4138717@1783971793.912701002
0.0.1988559,1.886107971502883,SUCCESS,0.0.731861,0.0.3951117&0.0.3961531,0.0.4138717@1783971792.336292918
0.0.8309441,0.3662710988409209,SUCCESS,0.0.731861,0.0.3951117&0.0.3964804,0.0.4138717@1783971793.489980934
0.0.1408633,6.404359631516572,SUCCESS,0.0.731861,0.0.3951117&0.0.3964790&0.0.3964855&0.0.6078459,0.0.4138717@1783971797.204785809
0.0.10352676,2.814659956184413,SUCCESS,0.0.731861,0.0.3951117,0.0.4138717@1783971796.128094687
0.0.1157855,2.243413285421257,SUCCESS,0.0.731861,0.0.3951117,0.0.4138717@1783971800.553008492
0.0.9299646,12.91702446468878,SUCCESS,0.0.731861,0.0.3951117,0.0.4138717@1783971798.277567683
0.0.9774619,11.22316848721346,SUCCESS,0.0.731861,0.0.3951117&0.0.3964827,0.0.4138717@1783971799.905300820
0.0.8373509,86.70510670548629,SUCCESS,0.0.731861,0.0.3951117&0.0.3961531&0.0.3964804&0.0.5328590,0.0.4138717@1783971803.638964802
0.0.10230141,30.80558434751881,SUCCESS,0.0.731861,0.0.3951117,0.0.4138717@1783971802.469130034
0.0.4343858,116.6297252664282,SUCCESS,0.0.731861,0.0.3951117&0.0.3964827&0.0.5328590,0.0.4138717@1783971803.133233249
0.0.7786995,330.1048946056243,SUCCESS,0.0.731861,0.0.3951117,0.0.4138717@1783971801.679082634
0.0.10169145,0.3048552883212339,SUCCESS,0.0.731861,0.0.3951117,0.0.4138717@1783971804.217974122
0.0.10122546,0.1777428491154046,SUCCESS,0.0.731861,0.0.3951117,0.0.4138717@1783971805.571313120
0.0.9302147,149.1433173029434,SUCCESS,0.0.731861,0.0.3951117&0.0.5328590,0.0.4138717@1783971805.459894582
0.0.735239,0.0002575658027323516,SUCCESS,0.0.731861,0.0.3951117,0.0.4138717@1783971809.411922846
0.0.10076636,31.80614881335637,SUCCESS,0.0.731861,0.0.3951117&0.0.5328590,0.0.4138717@1783971806.598394312
0.0.1340164,112.5264990570362,SUCCESS,0.0.731861,0.0.3951117,0.0.4138717@1783971809.285412607
0.0.10076247,2.667060167794739,SUCCESS,0.0.731861,0.0.3951117,0.0.4138717@1783971808.785296546
0.0.10021410,0.20655762024365,SUCCESS,0.0.731861,0.0.3951117,0.0.4138717@1783971810.422822743
0.0.4968045,62.92735780686544,SUCCESS,0.0.731861,0.0.3951117,0.0.4138717@1783971810.857474647
0.0.1322785,750.4748600879016,SUCCESS,0.0.731861,0.0.3951117,0.0.4138717@1783971813.444302869
0.0.5716339,0.03316817184523192,SUCCESS,0.0.731861,0.0.3951117,0.0.4138717@1783971812.606202569
0.0.4709377,283.3390536295683,SUCCESS,0.0.731861,0.0.3951117,0.0.4138717@1783971812.799979306
0.0.4695027,8.043493499478004,SUCCESS,0.0.731861,0.0.3951117,0.0.4138717@1783971813.488032972
0.0.4340758,11.71100285944892,SUCCESS,0.0.731861,0.0.3951117&0.0.3964804,0.0.4138717@1783971812.695855116
0.0.4817549,22.31131312158847,SUCCESS,0.0.731861,0.0.3951117&0.0.3964804,0.0.4138717@1783971816.262937805
0.0.4938729,33.50387020384587,SUCCESS,0.0.731861,0.0.3951117,0.0.4138717@1783971814.442625281
0.0.4322002,9.675217988158945,SUCCESS,0.0.731861,0.0.3951117,0.0.4138717@1783971817.176791886
0.0.4354394,310.2254471739718,SUCCESS,0.0.731861,0.0.3951117&0.0.3964790,0.0.4138717@1783971815.939304616
0.0.2930231,7.349812443586236,SUCCESS,0.0.731861,0.0.3951117&0.0.3964804,0.0.4138717@1783971817.031356548
0.0.4558891,88.8916256233258,SUCCESS,0.0.731861,0.0.3951117,0.0.4138717@1783971819.258994911
0.0.5976303,9.036701855575426,SUCCESS,0.0.731861,0.0.3951117&0.0.3964804,0.0.4138717@1783971820.149525654
0.0.4318411,121.6548745545367,SUCCESS,0.0.731861,0.0.3951117,0.0.4138717@1783971816.659315748
0.0.3681428,2017.280253598855,SUCCESS,0.0.731861,0.0.3951117&0.0.3964804,0.0.4138717@1783971818.410556685
0.0.4329852,667.113319712181,SUCCESS,0.0.731861,0.0.3951117&0.0.3964804&0.0.3964827&0.0.3964855&0.0.4601632&0.0.5328590,0.0.4138717@1783971820.787340831
0.0.5975196,6.108819386778773,SUCCESS,0.0.731861,0.0.3951117&0.0.4601632,0.0.4138717@1783971822.599796940
0.0.3969243,0.7967428520793884,SUCCESS,0.0.731861,0.0.3951117&0.0.4129330,0.0.4138717@1783971821.808154126
0.0.4986167,4.305472860470588,SUCCESS,0.0.731861,0.0.3951117,0.0.4138717@1783971821.572696462
0.0.5118190,20.48571781683891,SUCCESS,0.0.731861,0.0.3951117&0.0.3964804&0.0.3964827&0.0.3964860&0.0.5328590,0.0.4138717@1783971822.796575019
0.0.5119346,87.26626728941258,SUCCESS,0.0.731861,0.0.3951117&0.0.3964804,0.0.4138717@1783971821.416997397
0.0.841339,42.5905202307894,SUCCESS,0.0.731861,0.0.3951117,0.0.4138717@1783971825.113665895
0.0.5182107,8.825233719381057,NOT_ASSOCIATED,0.0.731861,0.0.3951117&0.0.3964804,
0.0.5202236,13.39127535512573,SUCCESS,0.0.731861,0.0.3951117,0.0.4138717@1783971825.633076332
0.0.4590627,21.43156826196131,SUCCESS,0.0.731861,0.0.3951117,0.0.4138717@1783971826.080675779
0.0.4323088,173.3483556524313,SUCCESS,0.0.731861,0.0.3951117&0.0.3964804&0.0.3964855,0.0.4138717@1783971823.895543075
0.0.4335807,971.0279483479073,SUCCESS,0.0.731861,0.0.3951117&0.0.3961531&0.0.3964790&0.0.3964827&0.0.3964855&0.0.4129330&0.0.4601632&0.0.5328590,0.0.4138717@1783971827.079800112
0.0.4732964,2.752518956451274,SUCCESS,0.0.731861,0.0.3951117,0.0.4138717@1783971825.206742525
0.0.5281334,4.29801092553487,SUCCESS,0.0.731861,0.0.3951117,0.0.4138717@1783971829.502878102
0.0.5310061,15.3713936868038,SUCCESS,0.0.731861,0.0.3951117&0.0.3964804,0.0.4138717@1783971828.882969682
0.0.5117832,1308.367491956071,SUCCESS,0.0.731861,0.0.3951117&0.0.3964804,0.0.4138717@1783971829.132322415
0.0.1711779,0.4271413831142993,SUCCESS,0.0.731861,0.0.3951117,0.0.4138717@1783971830.582321060
0.0.853268,1032.077524799261,SUCCESS,0.0.731861,0.0.3951117,0.0.4138717@1783971830.195720873
0.0.662296,1263.878101260147,SUCCESS,0.0.731861,0.0.3951117&0.0.5328590,0.0.4138717@1783971831.183078676
0.0.3829916,558.5715316493269,SUCCESS,0.0.731861,0.0.3951117,0.0.4138717@1783971834.138382042
0.0.5078033,42.08084149092114,SUCCESS,0.0.731861,0.0.3951117&0.0.4601632,0.0.4138717@1783971830.757437503
0.0.4345324,2.519193725594465,SUCCESS,0.0.731861,0.0.3951117,0.0.4138717@1783971834.124280019
0.0.4702708,160.1401994292824,SUCCESS,0.0.731861,0.0.3951117&0.0.3964827,0.0.4138717@1783971833.549116102
0.0.6026305,4.4027126254938,SUCCESS,0.0.731861,0.0.3951117,0.0.4138717@1783971835.669899455
0.0.6781119,1298.753488380218,SUCCESS,0.0.731861,0.0.3951117&0.0.3961531&0.0.3964804&0.0.3964827&0.0.3964860&0.0.4601632&0.0.5328590&0.0.6071119&0.0.8315114&0.0.10018365,0.0.4138717@1783971838.300359285
0.0.7262531,0.1119147166028177,SUCCESS,0.0.731861,0.0.3951117&0.0.3964804,0.0.4138717@1783971838.839238106
0.0.7138336,0.3055868315011424,SUCCESS,0.0.731861,0.0.3951117&0.0.3961531,0.0.4138717@1783971841.314387188
0.0.1340928,238.9165233537012,SUCCESS,0.0.731861,0.0.3951117,0.0.4138717@1783971840.751520715
0.0.7479340,18.35039426098478,SUCCESS,0.0.731861,0.0.3951117&0.0.3964804,0.0.4138717@1783971842.092387037
0.0.874760,408.6514252969055,SUCCESS,0.0.731861,0.0.3951117&0.0.3964804&0.0.6078459,0.0.4138717@1783971844.535146575
0.0.4229805,11.63615766419204,SUCCESS,0.0.731861,0.0.3951117,0.0.4138717@1783971844.335746430
0.0.1726157,73.85482959061902,SUCCESS,0.0.731861,0.0.3951117&0.0.3964804,0.0.4138717@1783971845.168731645
0.0.4551977,2.010637126982054,SUCCESS,0.0.731861,0.0.3951117,0.0.4138717@1783971847.184185524
0.0.4766933,373.2596737342407,SUCCESS,0.0.731861,0.0.3951117,0.0.4138717@1783971845.459113171
0.0.1110477,204.3547095023215,SUCCESS,0.0.731861,0.0.3951117,0.0.4138717@1783971848.279371180
0.0.1490591,268.8837781291231,SUCCESS,0.0.731861,0.0.3951117&0.0.3964790&0.0.3964804,0.0.4138717@1783971851.677899065
0.0.1023917,57.17893229185273,SUCCESS,0.0.731861,0.0.3951117&0.0.3964804&0.0.3964855&0.0.4601632&0.0.6071119,0.0.4138717@1783971848.563722802
0.0.4923080,3.223639492810953,SUCCESS,0.0.731861,0.0.3951117,0.0.4138717@1783971852.235024919
0.0.4432149,7.350300307719527,SUCCESS,0.0.731861,0.0.3951117,0.0.4138717@1783971850.922404131
0.0.1412123,6.911845512958952,NOT_ASSOCIATED,0.0.731861,0.0.3951117&0.0.3964804,
0.0.4184733,2206.694103794876,SUCCESS,0.0.731861,0.0.3951117,0.0.4138717@1783971854.375449422
0.0.4775299,20.33150059389958,SUCCESS,0.0.731861,0.0.3951117,0.0.4138717@1783971851.783044251
0.0.4758169,12.11118473372539,SUCCESS,0.0.731861,0.0.3951117,0.0.4138717@1783971850.843331688
0.0.3071320,627.5663438664851,SUCCESS,0.0.731861,0.0.3951117,0.0.4138717@1783971856.080313570
0.0.4330219,4.006037179239969,SUCCESS,0.0.731861,0.0.3951117&0.0.3964790,0.0.4138717@1783971857.603591736
0.0.2968839,159.2115046035174,SUCCESS,0.0.731861,0.0.3951117&0.0.3964804&0.0.4601632,0.0.4138717@1783971858.286284118
0.0.5118232,9.045407554979766,SUCCESS,0.0.731861,0.0.3951117&0.0.3964804,0.0.4138717@1783971857.255496903
0.0.3242760,451.9654149656587,SUCCESS,0.0.731861,0.0.3951117&0.0.3961531&0.0.3964804,0.0.4138717@1783971855.410505157
0.0.5797983,2.315699890567503,SUCCESS,0.0.731861,0.0.3951117&0.0.3961531&0.0.3964804,0.0.4138717@1783971859.273213661
0.0.850535,4257.159171831251,SUCCESS,0.0.731861,0.0.3951117&0.0.3964790&0.0.4129330&0.0.4601632&0.0.5328590,0.0.4138717@1783971857.888768491
0.0.6244791,24.36632226824945,SUCCESS,0.0.731861,0.0.3951117,0.0.4138717@1783971855.918492065
0.0.6313910,2287.372778468764,SUCCESS,0.0.731861,0.0.3951117&0.0.3964804,0.0.4138717@1783971855.942088773
0.0.6289117,93.43298982592647,SUCCESS,0.0.731861,0.0.3951117&0.0.3964804&0.0.4601632&0.0.6071041,0.0.4138717@1783971859.282962282
0.0.6440477,9.608569984175912,SUCCESS,0.0.731861,0.0.3951117&0.0.3964804,0.0.4138717@1783971859.964673161
0.0.2116956,4.052953230559829,SUCCESS,0.0.731861,0.0.3951117&0.0.3961531&0.0.3964855,0.0.4138717@1783971858.917718069
0.0.1290358,127.8393704258867,SUCCESS,0.0.731861,0.0.3951117,0.0.4138717@1783971858.868618886
0.0.956549,1375.124241543608,SUCCESS,0.0.731861,0.0.3951117&0.0.3961531,0.0.4138717@1783971862.322481941
0.0.832415,737.7623802715246,SUCCESS,0.0.731861,0.0.3951117,0.0.4138717@1783971860.273548564
0.0.1375637,7.559540597836197,SUCCESS,0.0.731861,0.0.3951117&0.0.3964790,0.0.4138717@1783971863.162118538
0.0.3845966,7.855267241125623,SUCCESS,0.0.731861,0.0.3951117&0.0.3961531&0.0.3964790&0.0.3964804&0.0.3964827&0.0.6078459,0.0.4138717@1783971865.317658999
0.0.1724832,1.372028266289734,SUCCESS,0.0.731861,0.0.3951117,0.0.4138717@1783971864.449340277
0.0.832624,13.28974106103554,SUCCESS,0.0.731861,0.0.3951117&0.0.3961531&0.0.3964804&0.0.5328590&0.0.6071119,0.0.4138717@1783971863.868014159
0.0.525256,230.8395491932995,SUCCESS,0.0.731861,0.0.3951117,0.0.4138717@1783971866.275514217
0.0.860438,11.12351043787293,SUCCESS,0.0.731861,0.0.3951117&0.0.3964804&0.0.6071119,0.0.4138717@1783971864.840234085
0.0.896788,3752.176080732246,SUCCESS,0.0.731861,0.0.3951117&0.0.4601632,0.0.4138717@1783971866.612072495
0.0.925802,18.38319476032733,SUCCESS,0.0.731861,0.0.3951117,0.0.4138717@1783971868.486483413
0.0.1628961,7172.190618758142,SUCCESS,0.0.731861,0.0.3951117&0.0.3964804,0.0.4138717@1783971867.482796436
0.0.819461,1.187630812161093,SUCCESS,0.0.731861,0.0.3951117,0.0.4138717@1783971869.928564530
0.0.4210667,0.1614702960244213,SUCCESS,0.0.731861,0.0.3951117,0.0.4138717@1783971868.844041277
0.0.2020001,1.374076352798713,SUCCESS,0.0.731861,0.0.3951117&0.0.6071119,0.0.4138717@1783971870.715492342
0.0.1412849,0.00004953800514386218,SUCCESS,0.0.731861,0.0.3951117,0.0.4138717@1783971869.613197666
0.0.942605,0.01869852916101825,SUCCESS,0.0.731861,0.0.3951117,0.0.4138717@1783971872.291848951
0.0.1071830,460.8419339085076,SUCCESS,0.0.731861,0.0.3951117&0.0.3961531&0.0.3964804&0.0.10498271,0.0.4138717@1783971872.923503015
0.0.1070346,809.0455206104414,SUCCESS,0.0.731861,0.0.3951117&0.0.3961531&0.0.10498271&0.0.10498280,0.0.4138717@1783971876.952213190
0.0.1292697,113.5741808314563,SUCCESS,0.0.731861,0.0.3951117&0.0.3961531,0.0.4138717@1783971872.310960120
0.0.10609625,0.0000149348195863904,SUCCESS,0.0.731861,0.0.3951117,0.0.4138717@1783971873.845972339
0.0.8198609,20.91704365870845,SUCCESS,0.0.731861,0.0.3951117&0.0.3964804,0.0.4138717@1783971877.134917316
0.0.6234814,0.6305824155026977,SUCCESS,0.0.731861,0.0.3951117,0.0.4138717@1783971878.930025019
0.0.4352091,33.18690878326382,SUCCESS,0.0.731861,0.0.3951117&0.0.5328590,0.0.4138717@1783971878.420856987
0.0.1890696,0.00132172700050636,SUCCESS,0.0.731861,0.0.3951117,0.0.4138717@1783971879.418339681
0.0.823348,1.550044938836396,SUCCESS,0.0.731861,0.0.3951117,0.0.4138717@1783971878.047594150
0.0.3293949,0.01780222027220945,SUCCESS,0.0.731861,0.0.3951117,0.0.4138717@1783971880.403987841
0.0.1265153,0.02462429462596044,SUCCESS,0.0.731861,0.0.3951117&0.0.3964827,0.0.4138717@1783971882.741490279
0.0.1274087,7415.083993496121,SUCCESS,0.0.731861,0.0.3951117,0.0.4138717@1783971883.649587248
0.0.2773436,1132.175431269364,SUCCESS,0.0.731861,0.0.3951117&0.0.3964804&0.0.5328590,0.0.4138717@1783971882.116867598
0.0.834820,119.9625463584408,SUCCESS,0.0.731861,0.0.3951117&0.0.3964804,0.0.4138717@1783971885.048614952
0.0.731977,317.7428715264692,SUCCESS,0.0.731861,0.0.3951117&0.0.4601632,0.0.4138717@1783971884.322770973
0.0.836838,3448.395521755812,SUCCESS,0.0.731861,0.0.3951117,0.0.4138717@1783971884.028985276
0.0.1506629,2.639782316713721,SUCCESS,0.0.731861,0.0.3951117,0.0.4138717@1783971886.274536791
0.0.1735540,18.60497892273905,SUCCESS,0.0.731861,0.0.3951117&0.0.5328590,0.0.4138717@1783971883.221600978
0.0.4349304,0.4157524895381778,SUCCESS,0.0.731861,0.0.3951117&0.0.3964790,0.0.4138717@1783971888.022910756
0.0.1338331,4.868608166342197,SUCCESS,0.0.731861,0.0.3951117,0.0.4138717@1783971887.735120415
0.0.4322065,11.83907755955242,SUCCESS,0.0.731861,0.0.3951117,0.0.4138717@1783971887.717481292
0.0.4370057,0.7767318649372414,SUCCESS,0.0.731861,0.0.3951117,0.0.4138717@1783971886.073692269
0.0.104926,0.04582577516464754,SUCCESS,0.0.731861,0.0.3951117,0.0.4138717@1783971890.354895906
0.0.4348824,0.2044063728207986,SUCCESS,0.0.731861,0.0.3951117,0.0.4138717@1783971889.865483703
0.0.4544530,472.0074126784344,SUCCESS,0.0.731861,0.0.3951117&0.0.3961531&0.0.3964790&0.0.3964804&0.0.3964827&0.0.3964855&0.0.3964860&0.0.4129330&0.0.4601632&0.0.5328590&0.0.6071041&0.0.6078459&0.0.6078473,0.0.4138717@1783971891.023433400
0.0.1910285,1.421354817215927,SUCCESS,0.0.731861,0.0.3951117,0.0.4138717@1783971890.656830764
0.0.795933,42.55403207534277,SUCCESS,0.0.731861,0.0.3951117,0.0.4138717@1783971891.637791541
0.0.4324445,10.81274667172226,SUCCESS,0.0.731861,0.0.3951117&0.0.3964804&0.0.3964855,0.0.4138717@1783971891.814525770
0.0.4321631,106.6738622072762,SUCCESS,0.0.731861,0.0.3951117&0.0.3964804,0.0.4138717@1783971892.751542001
0.0.4582751,4.324669374859833,SUCCESS,0.0.731861,0.0.3951117,0.0.4138717@1783971895.014860295
0.0.4324463,2.781257529510785,SUCCESS,0.0.731861,0.0.3951117&0.0.3964790,0.0.4138717@1783971891.165364505
0.0.1266990,1.82273154479521,SUCCESS,0.0.731861,0.0.3951117,0.0.4138717@1783971892.003176891
0.0.5118079,27.3048415708116,SUCCESS,0.0.731861,0.0.3951117&0.0.3964804,0.0.4138717@1783971895.555259940
0.0.1453803,106.286582666855,SUCCESS,0.0.731861,0.0.3951117&0.0.3964804&0.0.4601632&0.0.5328590&0.0.6071119,0.0.4138717@1783971895.020062966
0.0.2174139,1.93816277773017,SUCCESS,0.0.731861,0.0.3951117&0.0.3964804,0.0.4138717@1783971896.028174871
0.0.1261552,5.790072534182134,SUCCESS,0.0.731861,0.0.3951117&0.0.3961531&0.0.3964790&0.0.3964804&0.0.3964860&0.0.4129330&0.0.6071119,0.0.4138717@1783971895.510887241
0.0.4205604,8.252996397740084,SUCCESS,0.0.731861,0.0.3951117,0.0.4138717@1783971899.222049008
0.0.639876,0.4774694772217575,SUCCESS,0.0.731861,0.0.3951117,0.0.4138717@1783971896.201813934
0.0.4329215,0.6575092733239581,SUCCESS,0.0.731861,0.0.3951117&0.0.3961531&0.0.3964804,0.0.4138717@1783971896.804111182
0.0.854331,0.3177595443051691,SUCCESS,0.0.731861,0.0.3951117,0.0.4138717@1783971900.565506439
0.0.4333286,4.789125114594028,SUCCESS,0.0.731861,0.0.3951117&0.0.3964827&0.0.3964860,0.0.4138717@1783971898.639252915
0.0.700741,5.309941330100888,SUCCESS,0.0.731861,0.0.3951117,0.0.4138717@1783971899.738902425
0.0.8054459,4.427631000019574,SUCCESS,0.0.731861,0.0.3951117&0.0.3964790&0.0.3964804,0.0.4138717@1783971904.412357762
0.0.1414140,5391.176975811632,SUCCESS,0.0.731861,0.0.3951117,0.0.4138717@1783971903.850878848
0.0.4346579,0.0213623787087659,SUCCESS,0.0.731861,0.0.3951117,0.0.4138717@1783971904.022386014
0.0.508876,48.25229811157384,SUCCESS,0.0.731861,0.0.3951117,0.0.4138717@1783971903.524774689
0.0.1409958,0.9955853521449443,SUCCESS,0.0.731861,0.0.3951117,0.0.4138717@1783971906.791365582
0.0.1075892,12.664360817846,SUCCESS,0.0.731861,0.0.3951117,0.0.4138717@1783971903.874287365
0.0.1097257,755.4231226648321,SUCCESS,0.0.731861,0.0.3951117&0.0.3964827&0.0.4601632&0.0.5328590,0.0.4138717@1783971908.230298097
0.0.4350041,2.200956940835868,SUCCESS,0.0.731861,0.0.3951117,0.0.4138717@1783971905.988555409
0.0.5156210,0.04459997395313791,SUCCESS,0.0.731861,0.0.3951117&0.0.3964804,0.0.4138717@1783971909.596866654
0.0.4338219,21.13557932911668,SUCCESS,0.0.731861,0.0.3951117,0.0.4138717@1783971911.900483527
0.0.4792831,0.01065143398678835,SUCCESS,0.0.731861,0.0.3951117,0.0.4138717@1783971913.200424590
0.0.664329,25.75667744477709,SUCCESS,0.0.731861,0.0.3951117&0.0.6071119&0.0.6126395,0.0.4138717@1783971910.159581329
0.0.4858736,0.1398220637869119,SUCCESS,0.0.731861,0.0.3951117,0.0.4138717@1783971913.164954489
0.0.834443,377.0547008545116,SUCCESS,0.0.731861,0.0.3951117,0.0.4138717@1783971911.957829937
0.0.4430933,270.2131537137453,SUCCESS,0.0.731861,0.0.3951117&0.0.3964827,0.0.4138717@1783971914.466794801
0.0.4383878,1.333384118184581,SUCCESS,0.0.731861,0.0.3951117&0.0.6078459,0.0.4138717@1783971915.193484538
0.0.5028724,0.01841201185178539,SUCCESS,0.0.731861,0.0.3951117,0.0.4138717@1783971914.100240610
0.0.4745055,0.02018453352417568,SUCCESS,0.0.731861,0.0.3951117,0.0.4138717@1783971917.000877560
0.0.5702270,233.2893586860403,SUCCESS,0.0.731861,0.0.3951117&0.0.5328590&0.0.6071119,0.0.4138717@1783971916.339402083
0.0.1458130,0.1355418164761266,SUCCESS,0.0.731861,0.0.3951117,0.0.4138717@1783971919.225408358
0.0.1904506,0.001961668426743179,SUCCESS,0.0.731861,0.0.3951117,0.0.4138717@1783971919.335575885
0.0.6198709,4.313288823487778,SUCCESS,0.0.731861,0.0.3951117,0.0.4138717@1783971917.742794024
0.0.696790,20.82350568127331,SUCCESS,0.0.731861,0.0.3951117&0.0.3964804,0.0.4138717@1783971917.185185268
0.0.1023730,3.838409737695518,SUCCESS,0.0.731861,0.0.3951117,0.0.4138717@1783971918.837203303
0.0.7129552,178.5275689588339,SUCCESS,0.0.731861,0.0.3951117&0.0.3964827&0.0.6071119,0.0.4138717@1783971918.963734051
0.0.4433722,0.2208733890675416,SUCCESS,0.0.731861,0.0.3951117,0.0.4138717@1783971921.120723640
0.0.4569835,0.02126242857132335,SUCCESS,0.0.731861,0.0.3951117,0.0.4138717@1783971923.159214411
0.0.490092,0.4148619394171516,SUCCESS,0.0.731861,0.0.3951117,0.0.4138717@1783971919.440213489
0.0.516971,0.000001627119642981522,SUCCESS,0.0.731861,0.0.3951117&0.0.4129330,0.0.4138717@1783971923.704766770
0.0.4575306,0.01383015640292533,SUCCESS,0.0.731861,0.0.3951117,0.0.4138717@1783971922.806829748
0.0.1508462,105.4015759806251,SUCCESS,0.0.731861,0.0.3951117,0.0.4138717@1783971922.961152083
0.0.3872466,0.3914746761496841,SUCCESS,0.0.731861,0.0.3951117,0.0.4138717@1783971924.205439505
0.0.4591423,3.03287173109985,SUCCESS,0.0.731861,0.0.3951117&0.0.3964855&0.0.4601632,0.0.4138717@1783971923.349992643
0.0.3925109,0.000143084937301748,SUCCESS,0.0.731861,0.0.3951117,0.0.4138717@1783971924.138221821
0.0.1380352,4.884515961463176,SUCCESS,0.0.731861,0.0.3951117,0.0.4138717@1783971927.516569479
0.0.4361868,167.1057645032905,SUCCESS,0.0.731861,0.0.3951117,0.0.4138717@1783971924.915035654
0.0.4331665,3.856270656365417,SUCCESS,0.0.731861,0.0.3951117,0.0.4138717@1783971928.697995354
0.0.4691881,0.4838043385720217,SUCCESS,0.0.731861,0.0.3951117,0.0.4138717@1783971929.526939586
0.0.1512938,0.002325781994891363,SUCCESS,0.0.731861,0.0.3951117,0.0.4138717@1783971930.587080516
0.0.4339712,1.103451163853246,SUCCESS,0.0.731861,0.0.3951117,0.0.4138717@1783971932.927349058
0.0.1784251,10.13944309985239,SUCCESS,0.0.731861,0.0.3951117&0.0.3964804&0.0.4601632&0.0.5328590&0.0.10414792&0.0.10498274,0.0.4138717@1783971933.045044445
0.0.1339713,16.1034997474987,SUCCESS,0.0.731861,0.0.3951117&0.0.3964804,0.0.4138717@1783971934.605487414
0.0.8490555,5.2521006597885,SUCCESS,0.0.731861,0.0.3951117,0.0.4138717@1783971935.488639929
0.0.8212757,6.227255152061372,SUCCESS,0.0.731861,0.0.3951117,0.0.4138717@1783971935.039838194
0.0.4713153,16.99989110992006,SUCCESS,0.0.731861,0.0.3951117,0.0.4138717@1783971934.321232098
0.0.8260017,0.2983724986156699,SUCCESS,0.0.731861,0.0.3951117&0.0.3964804,0.0.4138717@1783971937.656391161
0.0.2137668,101.766885369714,SUCCESS,0.0.731861,0.0.3951117&0.0.3964804,0.0.4138717@1783971937.613059553
0.0.8382774,0.03729115852411929,SUCCESS,0.0.731861,0.0.3951117&0.0.3964804&0.0.6071119,0.0.4138717@1783971936.024907503
0.0.3943340,0.3612840702082967,SUCCESS,0.0.731861,0.0.3951117,0.0.4138717@1783971938.759540683
0.0.1374442,237.5606851338941,SUCCESS,0.0.731861,0.0.3951117&0.0.3964804&0.0.4601632&0.0.5328590,0.0.4138717@1783971939.088761647
0.0.5352069,1.613505489733968,SUCCESS,0.0.731861,0.0.3951117,0.0.4138717@1783971939.382691936
0.0.819005,37.12439275089584,SUCCESS,0.0.731861,0.0.3951117&0.0.5328590,0.0.4138717@1783971941.425281997
0.0.4331763,545.3837767401162,SUCCESS,0.0.731861,0.0.3951117,0.0.4138717@1783971943.255035184
0.0.8638339,0.04916669397811742,SUCCESS,0.0.731861,0.0.3951117,0.0.4138717@1783971941.870670236
0.0.8546442,21.67420908938715,SUCCESS,0.0.731861,0.0.3951117,0.0.4138717@1783971941.862971827
0.0.9099631,15.86444073148914,SUCCESS,0.0.731861,0.0.3951117&0.0.6071119,0.0.4138717@1783971942.132942608
0.0.9112426,2.256034182610835,SUCCESS,0.0.731861,0.0.3951117&0.0.3964804&0.0.3964860,0.0.4138717@1783971940.973436627
0.0.8419510,0.9493400424053873,SUCCESS,0.0.731861,0.0.3951117,0.0.4138717@1783971942.279408740
0.0.1707146,3.304150861431723,SUCCESS,0.0.731861,0.0.3951117,0.0.4138717@1783971941.539950610
0.0.1464418,20.54404895582681,SUCCESS,0.0.731861,0.0.3951117,0.0.4138717@1783971943.238837829
0.0.7287636,22818.10029707,SUCCESS,0.0.731861,0.0.3951117&0.0.3961531&0.0.3964804&0.0.4601632&0.0.8315114&0.0.10093026,0.0.4138717@1783971943.341355239
0.0.5126364,52.30758205840438,SUCCESS,0.0.731861,0.0.3951117,0.0.4138717@1783971947.177217248
0.0.6270084,2791.01652272876,SUCCESS,0.0.731861,0.0.3951117&0.0.3964804,0.0.4138717@1783971945.357892758
0.0.7490874,2.282710112364481,SUCCESS,0.0.731861,0.0.3951117&0.0.3964804,0.0.4138717@1783971946.407869307
0.0.5060163,1.131111175467527,SUCCESS,0.0.731861,0.0.3951117,0.0.4138717@1783971946.066869646
0.0.1123889,6.159422833854585,SUCCESS,0.0.731861,0.0.3951117&0.0.3964804,0.0.4138717@1783971948.181204394
0.0.7726808,1.014241543424335,SUCCESS,0.0.731861,0.0.3951117,0.0.4138717@1783971950.063550054
0.0.834595,27.81730980751394,SUCCESS,0.0.731861,0.0.3951117&0.0.3964804&0.0.5328590,0.0.4138717@1783971948.065738517
0.0.4559340,2.436201849776412,SUCCESS,0.0.731861,0.0.3951117,0.0.4138717@1783971948.761269822
0.0.7555632,0.2493527154496666,SUCCESS,0.0.731861,0.0.3951117,0.0.4138717@1783971948.623536447
0.0.7989790,0.1034347966145472,SUCCESS,0.0.731861,0.0.3951117,0.0.4138717@1783971952.234298359
0.0.3706536,0.02864528517437285,SUCCESS,0.0.731861,0.0.3951117,0.0.4138717@1783971948.948100871
0.0.8013259,31934.68257787856,SUCCESS,0.0.731861,0.0.3951117,0.0.4138717@1783971950.325324172
0.0.5688804,8.95571887865077,SUCCESS,0.0.731861,0.0.3951117&0.0.3964827,0.0.4138717@1783971951.314690266
0.0.8068996,1.148695283314838,SUCCESS,0.0.731861,0.0.3951117&0.0.3964790&0.0.3964804&0.0.3964827&0.0.5328590,0.0.4138717@1783971955.212074180
0.0.8071373,3.780142550580934,SUCCESS,0.0.731861,0.0.3951117,0.0.4138717@1783971952.425058802
0.0.4339505,2.402962716841949,SUCCESS,0.0.731861,0.0.3951117,0.0.4138717@1783971951.634970086
0.0.6258771,61.27888073044638,SUCCESS,0.0.731861,0.0.3951117,0.0.4138717@1783971951.873306549
0.0.1379217,76.44780534412914,NOT_ASSOCIATED,0.0.731861,0.0.3951117,
0.0.8190429,0.003909701398124155,SUCCESS,0.0.731861,0.0.3951117,0.0.4138717@1783971953.465699771
0.0.4912200,1484.890812970472,SUCCESS,0.0.731861,0.0.3951117&0.0.3964804,0.0.4138717@1783971954.747419943
0.0.4342759,457.9302353668876,SUCCESS,0.0.731861,0.0.3951117,0.0.4138717@1783971958.593554843
0.0.1691323,299.0780046582668,SUCCESS,0.0.731861,0.0.3951117&0.0.3964804,0.0.4138717@1783971954.785604273
0.0.8616856,828.1670861238397,SUCCESS,0.0.731861,0.0.3951117&0.0.3961531&0.0.3964804&0.0.6071119,0.0.4138717@1783971955.860370173
0.0.2960169,13.56227758767457,SUCCESS,0.0.731861,0.0.3951117&0.0.3961531&0.0.3964827,0.0.4138717@1783971958.389023413
0.0.7889838,0.7474186188290951,SUCCESS,0.0.731861,0.0.3951117,0.0.4138717@1783971959.452874551
0.0.8531519,55.91062794489508,SUCCESS,0.0.731861,0.0.3951117,0.0.4138717@1783971958.837957153
0.0.2122027,58.80561716501975,SUCCESS,0.0.731861,0.0.3951117&0.0.3961531&0.0.3964804,0.0.4138717@1783971960.316969254
0.0.4531253,10.50588784426661,SUCCESS,0.0.731861,0.0.3951117&0.0.3961531&0.0.3964804&0.0.3964855&0.0.4129330&0.0.8315114,0.0.4138717@1783971960.912247387
0.0.9104463,125.993422739734,SUCCESS,0.0.731861,0.0.3951117&0.0.3964804,0.0.4138717@1783971964.017907793
0.0.7788937,0.4166620216347023,SUCCESS,0.0.731861,0.0.3951117&0.0.3964804&0.0.10018365,0.0.4138717@1783971964.347498562
0.0.9150357,82.63874924983347,NOT_ASSOCIATED,0.0.731861,0.0.3951117,
0.0.7526203,17.27170561283564,SUCCESS,0.0.731861,0.0.3951117&0.0.3964804,0.0.4138717@1783971960.816982488
0.0.598828,0.4294872792632948,SUCCESS,0.0.731861,0.0.3951117&0.0.3964804,0.0.4138717@1783971961.433680721
0.0.1506598,37.27875932712488,SUCCESS,0.0.731861,0.0.3951117,0.0.4138717@1783971962.099347689
0.0.7798148,57.5498480060847,SUCCESS,0.0.731861,0.0.3951117,0.0.4138717@1783971963.923946505
0.0.7843482,19.81359273746826,SUCCESS,0.0.731861,0.0.3951117&0.0.3964804,0.0.4138717@1783971964.637658361
0.0.7835270,119.3972084288729,SUCCESS,0.0.731861,0.0.3951117,0.0.4138717@1783971965.827708981
0.0.4503599,28.66708075559408,SUCCESS,0.0.731861,0.0.3951117,0.0.4138717@1783971968.172458597
0.0.4347838,51.89760942773852,SUCCESS,0.0.731861,0.0.3951117,0.0.4138717@1783971968.779206406
0.0.1877739,5.128269203753169,SUCCESS,0.0.731861,0.0.3951117&0.0.3964827&0.0.4601632,0.0.4138717@1783971967.256524872
0.0.4864609,2.179958712558269,SUCCESS,0.0.731861,0.0.3951117,0.0.4138717@1783971969.055427229
0.0.1792818,0.08489571759768323,SUCCESS,0.0.731861,0.0.3951117,0.0.4138717@1783971967.014849827
0.0.4302086,2.597366323909001,SUCCESS,0.0.731861,0.0.3951117,0.0.4138717@1783971969.022364181
0.0.7991960,38.49408007705414,SUCCESS,0.0.731861,0.0.3951117&0.0.3964804,0.0.4138717@1783971966.565163702
0.0.1601282,1.612718452654864,SUCCESS,0.0.731861,0.0.3951117,0.0.4138717@1783971968.703274152
0.0.2125030,794.2769706172111,SUCCESS,0.0.731861,0.0.3951117&0.0.3961531,0.0.4138717@1783971970.407327506
0.0.856667,133.318657962098,SUCCESS,0.0.731861,0.0.3951117&0.0.3964804,0.0.4138717@1783971971.933637480
0.0.1991961,509.6214618715024,SUCCESS,0.0.731861,0.0.3951117&0.0.3964790&0.0.3964827&0.0.4601632&0.0.6071041,0.0.4138717@1783971969.876969941
0.0.8068689,474.0750934825146,SUCCESS,0.0.731861,0.0.3951117&0.0.3964804&0.0.3964827,0.0.4138717@1783971973.353549995
0.0.10088944,9.356549704367703,SUCCESS,0.0.731861,0.0.3951117&0.0.3964804,0.0.4138717@1783971974.245616861
0.0.4570908,1081.720279554256,SUCCESS,0.0.731861,0.0.3951117&0.0.5328590,0.0.4138717@1783971970.601354214
0.0.835242,0.1987158011353391,SUCCESS,0.0.731861,0.0.3951117,0.0.4138717@1783971973.150629134
0.0.8341357,1.210163960894049,SUCCESS,0.0.731861,0.0.3951117,0.0.4138717@1783971973.020153984
0.0.4349716,219.8268615879542,SUCCESS,0.0.731861,0.0.3951117&0.0.3964790&0.0.3964804&0.0.3964827&0.0.5328590&0.0.6078473,0.0.4138717@1783971972.498498181
0.0.10064213,12.53714280667629,SUCCESS,0.0.731861,0.0.3951117&0.0.3964804,0.0.4138717@1783971976.754038395
0.0.6374996,267.8763428503171,SUCCESS,0.0.731861,0.0.3951117&0.0.3964827&0.0.5328590,0.0.4138717@1783971974.431617897
0.0.8899262,52.60113648556223,SUCCESS,0.0.731861,0.0.3951117,0.0.4138717@1783971973.414649011
0.0.10206048,16.89619662836626,SUCCESS,0.0.731861,0.0.3951117,0.0.4138717@1783971977.790357419
0.0.3310398,2.376363943567859,SUCCESS,0.0.731861,0.0.3951117&0.0.3964804,0.0.4138717@1783971974.868934165
0.0.9430013,823.5631821257103,SUCCESS,0.0.731861,0.0.3951117,0.0.4138717@1783971977.163392745
0.0.3525426,123.6378253747335,SUCCESS,0.0.731861,0.0.3951117&0.0.3964790&0.0.3964804&0.0.3964860&0.0.4601632&0.0.5328590,0.0.4138717@1783971976.902905227
0.0.1123753,27.05990872161064,SUCCESS,0.0.731861,0.0.3951117&0.0.4129330,0.0.4138717@1783971979.895282440
0.0.7920605,56.61063888992432,SUCCESS,0.0.731861,0.0.3951117&0.0.3961531&0.0.3964790&0.0.5328590,0.0.4138717@1783971979.521223608
0.0.139500,266.7626679328807,SUCCESS,0.0.731861,0.0.3951117&0.0.3964790&0.0.3964860,0.0.4138717@1783971979.272299219
0.0.8485588,11.23049136242645,SUCCESS,0.0.731861,0.0.3951117&0.0.3964804,0.0.4138717@1783971977.580275472
0.0.1462225,23033.00652634362,SUCCESS,0.0.731861,0.0.3951117,0.0.4138717@1783971980.682412849
0.0.7680254,28.57928677090935,SUCCESS,0.0.731861,0.0.3951117&0.0.3961531&0.0.3964804,0.0.4138717@1783971982.512386732
0.0.9120392,11.42338694619696,SUCCESS,0.0.731861,0.0.3951117&0.0.3964804&0.0.8315114,0.0.4138717@1783971981.835395638
0.0.9195929,815.4827289044607,SUCCESS,0.0.731861,0.0.3951117&0.0.3964804&0.0.5328590&0.0.8315114,0.0.4138717@1783971983.237759536
0.0.7891604,167.0324523531953,SUCCESS,0.0.731861,0.0.3951117,0.0.4138717@1783971983.241747009
0.0.9200436,8.88197664551905,SUCCESS,0.0.731861,0.0.3951117&0.0.3961531,0.0.4138717@1783971984.216771545
0.0.657648,1204.389085186052,SUCCESS,0.0.731861,0.0.3951117&0.0.3961531&0.0.3964790,0.0.4138717@1783971982.659789504
0.0.6872459,5365.765152480377,SUCCESS,0.0.731861,0.0.3951117,0.0.4138717@1783971983.070636371
0.0.9301583,569.2540944757241,SUCCESS,0.0.731861,0.0.3951117,0.0.4138717@1783971983.027093368
0.0.844585,164.2137190934786,SUCCESS,0.0.731861,0.0.3951117&0.0.3964804,0.0.4138717@1783971984.879525892
0.0.9318600,2272.096868311908,SUCCESS,0.0.731861,0.0.3951117,0.0.4138717@1783971983.754697624
0.0.4351536,21.34333255761885,SUCCESS,0.0.731861,0.0.3951117,0.0.4138717@1783971985.954870051
0.0.9154738,26.50202900992451,SUCCESS,0.0.731861,0.0.3951117&0.0.3964804&0.0.3964827&0.0.6071119,0.0.4138717@1783971984.052407500
0.0.2994397,28.18026896419843,SUCCESS,0.0.731861,0.0.3951117,0.0.4138717@1783971987.520630744
0.0.9619890,154.0546707881875,SUCCESS,0.0.731861,0.0.3951117&0.0.3964804&0.0.6071119&0.0.8315114,0.0.4138717@1783971985.948761137
0.0.9597272,19.54971935543437,SUCCESS,0.0.731861,0.0.3951117,0.0.4138717@1783971986.431786580
0.0.52231,83.85526777358928,SUCCESS,0.0.731861,0.0.3951117,0.0.4138717@1783971989.303445328
0.0.8355966,39.2505192138965,SUCCESS,0.0.731861,0.0.3961531,0.0.4138717@1783971990.916870421
0.0.839555,1.691792735175231,SUCCESS,0.0.731861,0.0.3961531,0.0.4138717@1783971991.096145859
0.0.9210701,0.4292319182027301,FAIL,0.0.731861,0.0.3961531,
0.0.825672,137.562633271481,SUCCESS,0.0.731861,0.0.3961531,0.0.4138717@1783971989.301901481
0.0.8183428,0.008738784701301733,SUCCESS,0.0.731861,0.0.3961531,0.0.4138717@1783971987.704590506
0.0.1303938,9.907902055901644,NOT_ASSOCIATED,0.0.731861,0.0.3961531,
0.0.4715000,0.8768118082371344,SUCCESS,0.0.731861,0.0.3961531,0.0.4138717@1783971988.504921382
0.0.3161254,57682.41422935844,SUCCESS,0.0.731861,0.0.3961531&0.0.3964804,0.0.4138717@1783971990.530972231
0.0.10095007,0.9992102441314361,NOT_ASSOCIATED,0.0.731861,0.0.3961531,
0.0.10204459,5.50828697332208,SUCCESS,0.0.731861,0.0.3961531,0.0.4138717@1783971989.806587104
0.0.4363476,37.65887049092038,SUCCESS,0.0.731861,0.0.3961531,0.0.4138717@1783971991.056294604
0.0.10268439,43.71001067416739,SUCCESS,0.0.731861,0.0.3961531&0.0.3964790&0.0.3964804&0.0.5328590,0.0.4138717@1783971991.512086123
0.0.10510695,14.56377805243569,NOT_ASSOCIATED,0.0.731861,0.0.3961531,
0.0.10489509,57682.41422935844,SUCCESS,0.0.731861,0.0.3961531&0.0.3964804,0.0.4138717@1783971995.611737002
0.0.10062632,0.2882211795597872,SUCCESS,0.0.731861,0.0.3961531&0.0.3964804&0.0.6071119&0.0.8315114&0.0.9774523&0.0.10018365&0.0.10092996&0.0.10414792,0.0.4138717@1783971992.957704473
0.0.10478184,57682.41422935844,SUCCESS,0.0.731861,0.0.3961531&0.0.3964804,0.0.4138717@1783971992.141179178
0.0.663264,2.538039516477848,SUCCESS,0.0.731861,0.0.3961531&0.0.3964790,0.0.4138717@1783971996.473686715
0.0.1093567,1.405912929415745,SUCCESS,0.0.731861,0.0.3961531&0.0.3964790,0.0.4138717@1783971994.466101356
0.0.3169776,0.04765563240349623,SUCCESS,0.0.731861,0.0.3961531,0.0.4138717@1783971996.049728951
0.0.793410,2086.721176765775,SUCCESS,0.0.731861,0.0.3961531&0.0.3964827&0.0.5328590&0.0.6071041,0.0.4138717@1783971996.546801326
0.0.10601475,1800.724989911839,SUCCESS,0.0.731861,0.0.3961531,0.0.4138717@1783971994.897352224
0.0.1501041,1.696582516234581,SUCCESS,0.0.731861,0.0.3961531,0.0.4138717@1783971998.555792711
0.0.3241044,8.089735101089373,SUCCESS,0.0.731861,0.0.3961531,0.0.4138717@1783971997.986364092
0.0.1152713,49999.33338928586,SUCCESS,0.0.731861,0.0.3961531&0.0.3964790&0.0.10387648&0.0.10418141,0.0.4138717@1783971995.518772809
0.0.1288450,40.49711062935849,SUCCESS,0.0.731861,0.0.3961531,0.0.4138717@1783971998.453137216
0.0.842210,38.15249822401861,SUCCESS,0.0.731861,0.0.3961531&0.0.3964804,0.0.4138717@1783971996.268101798
0.0.844965,0.2111820232335977,SUCCESS,0.0.731861,0.0.3961531,0.0.4138717@1783971996.250396765
0.0.862821,24.17560437937268,SUCCESS,0.0.731861,0.0.3961531&0.0.3964790,0.0.4138717@1783971997.589140466
0.0.267573,191.6621810976202,SUCCESS,0.0.731861,0.0.3961531&0.0.3964855&0.0.4601632&0.0.5328590&0.0.6071041&0.0.6126395,0.0.4138717@1783971997.871686126
0.0.1340980,0.4440120706117592,SUCCESS,0.0.731861,0.0.3961531,0.0.4138717@1783971998.985042849
0.0.1315254,5.077060237727215,SUCCESS,0.0.731861,0.0.3961531,0.0.4138717@1783972001.377474161
0.0.4723553,5.082212952523441,SUCCESS,0.0.731861,0.0.3961531,0.0.4138717@1783972002.028527475
0.0.1324436,0.003388101053892207,NOT_ASSOCIATED,0.0.731861,0.0.3961531,
0.0.6095958,110.6848748561861,NOT_ASSOCIATED,0.0.731861,0.0.3961531&0.0.3964804,
0.0.897444,271.2647328848861,SUCCESS,0.0.731861,0.0.3961531&0.0.3964790,0.0.4138717@1783972001.877819209
0.0.4362462,3.334413914171027,NOT_ASSOCIATED,0.0.731861,0.0.3961531,
0.0.852692,6.769735786463368,SUCCESS,0.0.731861,0.0.3961531,0.0.4138717@1783972001.548994495
0.0.2963242,2.728062464751333,NOT_ASSOCIATED,0.0.731861,0.0.3961531,
0.0.1431202,5.844744595291923,SUCCESS,0.0.731861,0.0.3961531,0.0.4138717@1783972004.298153885
0.0.10541900,0.4702501686685587,SUCCESS,0.0.731861,0.0.3961531&0.0.3964804,0.0.4138717@1783972004.867432818
0.0.1177017,1.308729365708424,SUCCESS,0.0.731861,0.0.3961531,0.0.4138717@1783972002.967685045
0.0.4707801,0.3283791657064562,NOT_ASSOCIATED,0.0.731861,0.0.3961531,
0.0.4712184,0.0004413260671835114,SUCCESS,0.0.731861,0.0.3961531&0.0.3964790,0.0.4138717@1783972003.042578494
0.0.835929,0.00001427525073624114,SUCCESS,0.0.731861,0.0.3961531&0.0.3964790&0.0.4129330&0.0.4601632&0.0.5328590,0.0.4138717@1783972006.497116757
0.0.4639603,0.00642818954698098,NOT_ASSOCIATED,0.0.731861,0.0.3961531,
0.0.6004406,10.55004842772823,SUCCESS,0.0.731861,0.0.3961531&0.0.3964827,0.0.4138717@1783972007.700891271
0.0.6435369,7.881169828675709,SUCCESS,0.0.731861,0.0.3961531,0.0.4138717@1783972005.946819050
0.0.7560867,0.01097463078349937,SUCCESS,0.0.731861,0.0.3961531,0.0.4138717@1783972005.794140454
0.0.7571792,0.0175224219611079,SUCCESS,0.0.731861,0.0.3961531,0.0.4138717@1783972008.133525952
0.0.1910938,0.1094286150917956,SUCCESS,0.0.731861,0.0.3961531,0.0.4138717@1783972006.256654452
0.0.8378238,2.054082315685077,SUCCESS,0.0.731861,0.0.3961531,0.0.4138717@1783972010.402602829
0.0.4594903,13.60870838102846,SUCCESS,0.0.731861,0.0.3961531&0.0.3964790&0.0.3964804,0.0.4138717@1783972010.232044165
0.0.9405888,0.5659502774577422,SUCCESS,0.0.731861,0.0.3961531&0.0.3964804&0.0.5328590,0.0.4138717@1783972008.528854688
0.0.4346141,54.23256116085167,SUCCESS,0.0.731861,0.0.3961531,0.0.4138717@1783972010.657955793
0.0.3687323,0.00003506218264101954,SUCCESS,0.0.731861,0.0.3961531,0.0.4138717@1783972010.680926030
0.0.10124208,0.03140477073180157,SUCCESS,0.0.731861,0.0.3961531,0.0.4138717@1783972012.393045874
0.0.10223842,17.8551452389238,SUCCESS,0.0.731861,0.0.3961531,0.0.4138717@1783972013.786595752
0.0.10291442,2056.555437266507,SUCCESS,0.0.731861,0.0.3961531,0.0.4138717@1783972013.190488892
0.0.7535835,4.848117559350301,SUCCESS,0.0.731861,0.0.3961531&0.0.3964790&0.0.6071119,0.0.4138717@1783972011.790459619
0.0.10359193,787.9603439219782,SUCCESS,0.0.731861,0.0.3961531&0.0.3964804&0.0.3964860&0.0.4601632&0.0.5328590,0.0.4138717@1783972015.329218166
0.0.10380727,8.376642691049403,SUCCESS,0.0.731861,0.0.3961531&0.0.3964790,0.0.4138717@1783972011.595138645
0.0.948513,108.986655742806,SUCCESS,0.0.731861,0.0.3961531,0.0.4138717@1783972012.505502444
0.0.1433179,0.5918033950885689,SUCCESS,0.0.731861,0.0.3961531,0.0.4138717@1783972017.051507182
0.0.1103540,0.8058715898663944,SUCCESS,0.0.731861,0.0.3961531&0.0.3964827,0.0.4138717@1783972014.173390140
0.0.826988,43.35081364511954,NOT_ASSOCIATED,0.0.731861,0.0.3961531,
0.0.1372179,8.558284031756578,SUCCESS,0.0.731861,0.0.3961531&0.0.3964804,0.0.4138717@1783972014.817055266
0.0.836858,99.8088592209152,SUCCESS,0.0.731861,0.0.3961531,0.0.4138717@1783972015.638149118
0.0.5435669,0.3464168113889866,SUCCESS,0.0.731861,0.0.3961531,0.0.4138717@1783972019.256566251
0.0.935686,1.410681498196626,SUCCESS,0.0.731861,0.0.3961531,0.0.4138717@1783972018.938889451
0.0.6306847,1.849694759442773,SUCCESS,0.0.731861,0.0.3961531&0.0.3964804&0.0.3964827,0.0.4138717@1783972018.959313857
0.0.6143425,0.01892347086666071,SUCCESS,0.0.731861,0.0.3961531,0.0.4138717@1783972016.886570748
0.0.4367595,0.8847139278658303,SUCCESS,0.0.731861,0.0.3961531,0.0.4138717@1783972020.293652961
0.0.863385,151.3204560006198,SUCCESS,0.0.731861,0.0.3961531,0.0.4138717@1783972020.234699120
0.0.877394,0.04957106265259034,NOT_ASSOCIATED,0.0.731861,0.0.3961531&0.0.3964804,
0.0.8767225,2.761484626423687,SUCCESS,0.0.731861,0.0.3961531&0.0.3964804,0.0.4138717@1783972020.215207949
0.0.9279414,0.1325565441355058,SUCCESS,0.0.731861,0.0.3961531,0.0.4138717@1783972019.270779091
0.0.892088,5.189518357676629,SUCCESS,0.0.731861,0.0.3961531,0.0.4138717@1783972022.795863393
0.0.1413657,4.087584108026081,SUCCESS,0.0.731861,0.0.3961531&0.0.4601632&0.0.5328590,0.0.4138717@1783972022.619320751
0.0.9353895,0.01376047926121206,SUCCESS,0.0.731861,0.0.3961531,0.0.4138717@1783972023.352216062
0.0.4853295,73.0243121377054,SUCCESS,0.0.731861,0.0.3961531&0.0.3964804,0.0.4138717@1783972022.149302042
0.0.9183843,1.24322398557952,NOT_ASSOCIATED,0.0.731861,0.0.3961531,
0.0.953101,273.471469482245,SUCCESS,0.0.731861,0.0.3961531,0.0.4138717@1783972024.284439880
0.0.1962253,0.01432551137856775,SUCCESS,0.0.731861,0.0.3961531,0.0.4138717@1783972023.771096686
0.0.10537470,3.836394675759716,SUCCESS,0.0.731861,0.0.3961531,0.0.4138717@1783972023.616173072
0.0.10269642,0.01250659895042488,SUCCESS,0.0.731861,0.0.3961531,0.0.4138717@1783972026.830597996
0.0.8147419,0.4723101821867688,SUCCESS,0.0.731861,0.0.3961531,0.0.4138717@1783972026.246077725
0.0.683607,0.007466976996240155,SUCCESS,0.0.731861,0.0.3961531,0.0.4138717@1783972027.378166374
0.0.953848,0.0827087305565942,SUCCESS,0.0.731861,0.0.3961531,0.0.4138717@1783972028.908282310
0.0.832973,0.2515702647733321,SUCCESS,0.0.731861,0.0.3961531,0.0.4138717@1783972025.307106939
0.0.7567251,0.1103123985677468,SUCCESS,0.0.731861,0.0.3961531,0.0.4138717@1783972028.892200345
0.0.7910977,9.530715685591097,SUCCESS,0.0.731861,0.0.3961531&0.0.3964804,0.0.4138717@1783972026.387727861
0.0.955849,0.1086818225723353,SUCCESS,0.0.731861,0.0.3961531,0.0.4138717@1783972029.591835908
0.0.8447885,1.067899623339887,SUCCESS,0.0.731861,0.0.3964790,0.0.4138717@1783972029.331454503
0.0.4330338,0.00001815667423926543,SUCCESS,0.0.731861,0.0.3964790,0.0.4138717@1783972030.504040545
0.0.8352642,7.850151649734178,SUCCESS,0.0.731861,0.0.3964790&0.0.3964804&0.0.4601632,0.0.4138717@1783972031.875973414
0.0.4754443,0.5095579423874802,SUCCESS,0.0.731861,0.0.3964790&0.0.3964804,0.0.4138717@1783972033.581304957
0.0.1504445,2.788615401249103,SUCCESS,0.0.731861,0.0.3964790,0.0.4138717@1783972033.547216826
0.0.877481,2527.793993678727,SUCCESS,0.0.731861,0.0.3964790&0.0.5328590,0.0.4138717@1783972031.908207227
0.0.9400801,2675.723767692211,SUCCESS,0.0.731861,0.0.3964790&0.0.3964855&0.0.4129330&0.0.4601632&0.0.5328590,0.0.4138717@1783972034.560708815
0.0.3304469,184.079574002613,SUCCESS,0.0.731861,0.0.3964790&0.0.3964827,0.0.4138717@1783972031.754595256
0.0.5374006,0.04044525577868271,SUCCESS,0.0.731861,0.0.3964790&0.0.4601632,0.0.4138717@1783972034.693628505
0.0.858310,0.1861259116198752,SUCCESS,0.0.731861,0.0.3964790,0.0.4138717@1783972035.665966046
0.0.4540904,8.201932129499976,SUCCESS,0.0.731861,0.0.3964790&0.0.3964804&0.0.3964855,0.0.4138717@1783972033.866641070
0.0.3938365,1.611650458262677,SUCCESS,0.0.731861,0.0.3964790,0.0.4138717@1783972036.501120840
0.0.2174952,2.335151053205489,SUCCESS,0.0.731861,0.0.3964790&0.0.3964804,0.0.4138717@1783972037.758971619
0.0.4784258,9.145630783814948,SUCCESS,0.0.731861,0.0.3964790&0.0.3964804&0.0.3964855,0.0.4138717@1783972037.471508066
0.0.4328823,3.300827263058951,SUCCESS,0.0.731861,0.0.3964790&0.0.5328590,0.0.4138717@1783972040.964980509
0.0.4205079,0.620409624813601,SUCCESS,0.0.731861,0.0.3964790,0.0.4138717@1783972036.565460323
0.0.1703452,48.73871523074583,SUCCESS,0.0.731861,0.0.3964790&0.0.3964804,0.0.4138717@1783972039.486420071
0.0.3774696,0.003208360657642682,SUCCESS,0.0.731861,0.0.3964790,0.0.4138717@1783972038.117730258
0.0.4819535,0.01435641239778353,SUCCESS,0.0.731861,0.0.3964790,0.0.4138717@1783972040.133116805
0.0.732798,2.136839661220849,SUCCESS,0.0.731861,0.0.3964790&0.0.3964804&0.0.4129330,0.0.4138717@1783972038.114754161
0.0.4713784,6.207264994099747,SUCCESS,0.0.731861,0.0.3964790&0.0.3964827,0.0.4138717@1783972040.169166781
0.0.4759022,0.0261988704824791,SUCCESS,0.0.731861,0.0.3964790,0.0.4138717@1783972039.660239095
0.0.4384266,1.546102241564562,SUCCESS,0.0.731861,0.0.3964790,0.0.4138717@1783972043.014090570
0.0.8267043,0.05643732179488199,SUCCESS,0.0.731861,0.0.3964790&0.0.5328590,0.0.4138717@1783972041.346484963
0.0.4337852,1.72720477832033,SUCCESS,0.0.731861,0.0.3964790,0.0.4138717@1783972042.886572327
0.0.6043615,35.63815701343802,SUCCESS,0.0.731861,0.0.3964790&0.0.3964827&0.0.3964855&0.0.5328590&0.0.6071041&0.0.8315114,0.0.4138717@1783972043.598853185
0.0.1073086,0.005680315535790773,SUCCESS,0.0.731861,0.0.3964790,0.0.4138717@1783972043.590787411
0.0.6047264,0.05881574389580971,SUCCESS,0.0.731861,0.0.3964790,0.0.4138717@1783972045.822843346
0.0.813712,0.3655098908343397,SUCCESS,0.0.731861,0.0.3964790,0.0.4138717@1783972044.325000299
0.0.3854083,0.1261686110108048,SUCCESS,0.0.731861,0.0.3964790,0.0.4138717@1783972044.130757301
0.0.1416793,0.3348078625292567,SUCCESS,0.0.731861,0.0.3964790,0.0.4138717@1783972046.640711338
0.0.795838,0.805643187352908,SUCCESS,0.0.731861,0.0.3964790&0.0.3964804,0.0.4138717@1783972047.861753517
0.0.1380166,0.0003235871996317528,SUCCESS,0.0.731861,0.0.3964790,0.0.4138717@1783972047.634906282
0.0.3926190,0.0003164584746829929,SUCCESS,0.0.731861,0.0.3964790,0.0.4138717@1783972046.712510150
0.0.4908409,0.00225240012875261,SUCCESS,0.0.731861,0.0.3964790,0.0.4138717@1783972046.126114306
0.0.1093612,2.200200395495141,SUCCESS,0.0.731861,0.0.3964790&0.0.3964804,0.0.4138717@1783972047.194627555
0.0.5326504,0.02429018956452115,SUCCESS,0.0.731861,0.0.3964790&0.0.3964804,0.0.4138717@1783972050.463397310
0.0.982207,212.500982762868,SUCCESS,0.0.731861,0.0.3964790,0.0.4138717@1783972049.167419874
0.0.4574338,0.0001302670405266552,SUCCESS,0.0.731861,0.0.3964790,0.0.4138717@1783972051.126928630
0.0.9960625,8.34582639365519e-9,SUCCESS,0.0.731861,0.0.3964790,0.0.4138717@1783972050.336835061
0.0.3903731,3.330902531669289e-7,NOT_ASSOCIATED,0.0.731861,0.0.3964790,
0.0.10023501,1.5216759233049e-8,SUCCESS,0.0.731861,0.0.3964790,0.0.4138717@1783972052.265051444
0.0.10030621,0.00001315863631941665,SUCCESS,0.0.731861,0.0.3964790,0.0.4138717@1783972052.201462623
0.0.10060744,0.003576567629433036,SUCCESS,0.0.731861,0.0.3964790,0.0.4138717@1783972051.359923868
0.0.10164571,0.2939257310658613,SUCCESS,0.0.731861,0.0.3964790,0.0.4138717@1783972051.123089841
0.0.942926,1991.947279273514,SUCCESS,0.0.731861,0.0.3964790,0.0.4138717@1783972051.021380269
0.0.4355907,0.194800802091038,SUCCESS,0.0.731861,0.0.3964790,0.0.4138717@1783972054.330306052
0.0.8148901,0.4731413490991582,SUCCESS,0.0.731861,0.0.3964790,0.0.4138717@1783972054.383083533
0.0.6075972,0.5973342704568907,SUCCESS,0.0.731861,0.0.3964790,0.0.4138717@1783972055.915391264
0.0.7607102,0.08092580509867289,SUCCESS,0.0.731861,0.0.3964790&0.0.3964804,0.0.4138717@1783972053.740044681
0.0.794506,660.9689266218621,SUCCESS,0.0.731861,0.0.3964790&0.0.5328590,0.0.4138717@1783972055.161879153
0.0.966009,0.3575519351970776,SUCCESS,0.0.731861,0.0.3964790,0.0.4138717@1783972056.603678949
0.0.4371196,2.600687956608509,SUCCESS,0.0.731861,0.0.3964790,0.0.4138717@1783972057.305911966
0.0.8291825,12.55581749783792,SUCCESS,0.0.731861,0.0.3964790&0.0.3964804,0.0.4138717@1783972058.662785993
0.0.27463,4.409702439657077,SUCCESS,0.0.731861,0.0.3964790,0.0.4138717@1783972054.757526364
0.0.4367730,1.437829732427118,SUCCESS,0.0.731861,0.0.3964790,0.0.4138717@1783972059.824254360
0.0.9365757,37.43093050053704,SUCCESS,0.0.731861,0.0.3964790&0.0.3964804&0.0.5328590,0.0.4138717@1783972060.928732122
0.0.9301501,1.083136882159307,SUCCESS,0.0.731861,0.0.3964790&0.0.5328590,0.0.4138717@1783972058.127896386
0.0.859176,1.539443554788941,SUCCESS,0.0.731861,0.0.3964790,0.0.4138717@1783972057.221143529
0.0.10135295,27.43402759452525,SUCCESS,0.0.731861,0.0.3964790&0.0.3964827,0.0.4138717@1783972060.024976730
0.0.7896827,0.06650118461717028,SUCCESS,0.0.731861,0.0.3964790&0.0.6071041,0.0.4138717@1783972060.737484796
0.0.5807981,7.897395752454235,SUCCESS,0.0.731861,0.0.3964790,0.0.4138717@1783972060.921909379
0.0.1082789,9298.928611777214,SUCCESS,0.0.731861,0.0.3964790,0.0.4138717@1783972059.530823715
0.0.7951,8179.656703390431,SUCCESS,0.0.731861,0.0.3964790&0.0.3964855,0.0.4138717@1783972061.019732081
0.0.1085174,2321.919903869761,SUCCESS,0.0.731861,0.0.3964790&0.0.10387648,0.0.4138717@1783972061.456064397
0.0.817883,0.0208103345820455,SUCCESS,0.0.731861,0.0.3964790,0.0.4138717@1783972063.163494495
0.0.859476,105.4847723865476,SUCCESS,0.0.731861,0.0.3964790&0.0.3964827&0.0.5328590,0.0.4138717@1783972063.045899532
0.0.4157394,0.0002150587728081061,SUCCESS,0.0.731861,0.0.3964790,0.0.4138717@1783972067.674571023
0.0.835202,0.0007894983020307969,SUCCESS,0.0.731861,0.0.3964790,0.0.4138717@1783972066.078529386
0.0.1314568,3364.251770981484,SUCCESS,0.0.731861,0.0.3964790,0.0.4138717@1783972069.401959227
0.0.920901,279.9346103590456,SUCCESS,0.0.731861,0.0.3964790&0.0.3964804,0.0.4138717@1783972065.218542693
0.0.837751,0.004030588257586432,SUCCESS,0.0.731861,0.0.3964790,0.0.4138717@1783972069.985843006
0.0.10420709,2.745840281558129,SUCCESS,0.0.731861,0.0.3964804,0.0.4138717@1783972066.897576710
0.0.10495365,0.000002134885420981872,NOT_ASSOCIATED,0.0.731861,0.0.3964804,
0.0.835034,107.6347947252964,SUCCESS,0.0.731861,0.0.3964804&0.0.5328590,0.0.4138717@1783972069.548705463
0.0.4535053,34.73046183548537,SUCCESS,0.0.731861,0.0.3964804,0.0.4138717@1783972070.063072152
0.0.10420688,9.055477041859284,SUCCESS,0.0.731861,0.0.3964804,0.0.4138717@1783972067.489481836
0.0.6299908,7.735546670504206,SUCCESS,0.0.731861,0.0.3964804,0.0.4138717@1783972070.111256328
0.0.6333135,32.85776141838939,SUCCESS,0.0.731861,0.0.3964804,0.0.4138717@1783972072.326131901
0.0.10435638,1.27078349903322,SUCCESS,0.0.731861,0.0.3964804,0.0.4138717@1783972072.635505457
0.0.844877,16.22974340029154,SUCCESS,0.0.731861,0.0.3964804,0.0.4138717@1783972072.783006102
0.0.5459660,73.6472440463716,SUCCESS,0.0.731861,0.0.3964804,0.0.4138717@1783972070.742272810
0.0.5850916,4.377596044404825,SUCCESS,0.0.731861,0.0.3964804,0.0.4138717@1783972073.849026979
0.0.10465417,6.490441854799379,NOT_ASSOCIATED,0.0.731861,0.0.3964804,
0.0.10584246,79.7632823247781,SUCCESS,0.0.731861,0.0.3964804,0.0.4138717@1783972073.856159326
0.0.7950871,8473.16141870553,SUCCESS,0.0.731861,0.0.3964804&0.0.3964827&0.0.3964860&0.0.4601632&0.0.10498271&0.0.10498274&0.0.10498278&0.0.10498280,0.0.4138717@1783972074.404268888
0.0.8535071,1845.719244169469,SUCCESS,0.0.731861,0.0.3964804,0.0.4138717@1783972075.748078716
0.0.10237154,47.89959791225078,SUCCESS,0.0.731861,0.0.3964804,0.0.4138717@1783972074.537448293
0.0.836080,0.01888264617472574,SUCCESS,0.0.731861,0.0.3964804&0.0.3964827&0.0.3964855,0.0.4138717@1783972074.525937616
0.0.10610396,3.435531062662993,NOT_ASSOCIATED,0.0.731861,0.0.3964804,
0.0.837554,1170.058483579087,SUCCESS,0.0.731861,0.0.3964804&0.0.3964860&0.0.4129330&0.0.4601632,0.0.4138717@1783972074.108526490
0.0.10413601,6.980717844805008,SUCCESS,0.0.731861,0.0.3964804,0.0.4138717@1783972077.595215424
0.0.10608781,13438.26627840125,SUCCESS,0.0.731861,0.0.3964804&0.0.6126395,0.0.4138717@1783972077.773416773
0.0.10420713,0.8471970161593191,SUCCESS,0.0.731861,0.0.3964804,0.0.4138717@1783972077.223954290
0.0.8084528,182.380619442755,SUCCESS,0.0.731861,0.0.3964804,0.0.4138717@1783972075.738185259
0.0.10543839,8.889267159935871,SUCCESS,0.0.731861,0.0.3964804,0.0.4138717@1783972077.219603381
0.0.1696471,4.769847730829462,SUCCESS,0.0.731861,0.0.3964804,0.0.4138717@1783972075.985303671
0.0.10502045,13.08397472248845,NOT_ASSOCIATED,0.0.731861,0.0.3964804,
0.0.10496154,0.01552901245292882,NOT_ASSOCIATED,0.0.731861,0.0.3964804,
0.0.10612841,135.6912374203581,SUCCESS,0.0.731861,0.0.3964804,0.0.4138717@1783972080.213407680
0.0.1895961,14.14210524097773,SUCCESS,0.0.731861,0.0.3964804,0.0.4138717@1783972081.115853945
0.0.9234350,16.53062632687438,SUCCESS,0.0.731861,0.0.3964804,0.0.4138717@1783972080.689786686
0.0.1714233,1.623757399759388,SUCCESS,0.0.731861,0.0.3964804,0.0.4138717@1783972079.386635587
0.0.10253402,0.6711357845630941,SUCCESS,0.0.731861,0.0.3964804,0.0.4138717@1783972081.263805686
0.0.4375828,0.09724030575677405,SUCCESS,0.0.731861,0.0.3964804,0.0.4138717@1783972081.597780405
0.0.3953598,96.69074888187622,SUCCESS,0.0.731861,0.0.3964804,0.0.4138717@1783972083.463150014
0.0.851469,0.01301211221135406,SUCCESS,0.0.731861,0.0.3964804,0.0.4138717@1783972080.982712987
0.0.10025532,0.000261365183112222,SUCCESS,0.0.731861,0.0.3964804,0.0.4138717@1783972081.433780547
0.0.4576074,2.496340515850924,SUCCESS,0.0.731861,0.0.3964804,0.0.4138717@1783972081.609849171
0.0.4157253,11.7569562493267,SUCCESS,0.0.731861,0.0.3964804,0.0.4138717@1783972084.899483284
0.0.979379,41.33943180182712,SUCCESS,0.0.731861,0.0.3964804,0.0.4138717@1783972085.950038481
0.0.5159009,174.4976271532825,SUCCESS,0.0.731861,0.0.3964804,0.0.4138717@1783972084.135808388
0.0.10630416,1.069067462890005,SUCCESS,0.0.731861,0.0.3964804,0.0.4138717@1783972087.323735107
0.0.3211610,22.06091345324358,SUCCESS,0.0.731861,0.0.3964804&0.0.5328590,0.0.4138717@1783972083.914407583
0.0.1378699,9.760123964509831e-7,SUCCESS,0.0.731861,0.0.3964804,0.0.4138717@1783972087.036542934
0.0.6278117,0.0000024383405945581,SUCCESS,0.0.731861,0.0.3964804,0.0.4138717@1783972085.685615021
0.0.7308319,0.00001274791787868699,SUCCESS,0.0.731861,0.0.3964804,0.0.4138717@1783972085.590484129
0.0.4231312,0.6870837338379415,SUCCESS,0.0.731861,0.0.3964804,0.0.4138717@1783972086.927880433
0.0.10410907,199.483618749881,SUCCESS,0.0.731861,0.0.3964804,0.0.4138717@1783972089.907175892
0.0.10454179,0.9143173244695871,SUCCESS,0.0.731861,0.0.3964804,0.0.4138717@1783972089.272118866
0.0.10248120,2.470101389858107,SUCCESS,0.0.731861,0.0.3964804,0.0.4138717@1783972088.516647911
0.0.1389736,0.4779179462056192,SUCCESS,0.0.731861,0.0.3964804,0.0.4138717@1783972088.201328107
0.0.2995390,1.402594336411678,SUCCESS,0.0.731861,0.0.3964804,0.0.4138717@1783972093.355632086
0.0.10048918,112.2446494885971,SUCCESS,0.0.731861,0.0.3964804,0.0.4138717@1783972093.585970337
0.0.4161393,164.1753979609204,SUCCESS,0.0.731861,0.0.3964804&0.0.10498274,0.0.4138717@1783972092.924965423
0.0.965222,28.25513009827352,SUCCESS,0.0.731861,0.0.3964804,0.0.4138717@1783972093.586328140
0.0.8733798,71.97383539419508,SUCCESS,0.0.731861,0.0.3964804,0.0.4138717@1783972091.361611891
0.0.10442094,14.5389746055264,SUCCESS,0.0.731861,0.0.3964804,0.0.4138717@1783972093.142542936
0.0.3961176,0.830264356256429,NOT_ASSOCIATED,0.0.731861,0.0.3964804,
0.0.10456759,474.3650166834449,SUCCESS,0.0.731861,0.0.3964804&0.0.3964860,0.0.4138717@1783972095.291680127
0.0.2299836,17955.1983826257,SUCCESS,0.0.731861,0.0.3964804,0.0.4138717@1783972096.565564252
0.0.8551680,86.65501483302428,SUCCESS,0.0.731861,0.0.3964804&0.0.5328590,0.0.4138717@1783972097.633805418
0.0.10295710,0.288494082479842,SUCCESS,0.0.731861,0.0.3964804,0.0.4138717@1783972098.333815080
0.0.10506008,0.7023760239964952,SUCCESS,0.0.731861,0.0.3964804,0.0.4138717@1783972099.009156798
0.0.4319631,0.1416520373539541,SUCCESS,0.0.731861,0.0.3964804,0.0.4138717@1783972098.478625669
0.0.3959322,8.28181421683777,SUCCESS,0.0.731861,0.0.3964804,0.0.4138717@1783972097.487056233
0.0.8244642,4273.064641938847,SUCCESS,0.0.731861,0.0.3964804,0.0.4138717@1783972096.041143681
0.0.7920736,12.3887923484726,SUCCESS,0.0.731861,0.0.3964804,0.0.4138717@1783972099.753882749
0.0.8382708,0.04614390371724062,SUCCESS,0.0.731861,0.0.3964804,0.0.4138717@1783972097.225765298
0.0.7550116,0.7837435161297488,NOT_ASSOCIATED,0.0.731861,0.0.3964804,
0.0.4838474,68.66626891952626,SUCCESS,0.0.731861,0.0.3964804&0.0.5328590,0.0.4138717@1783972098.846923312
0.0.4319619,1.039151487394255,SUCCESS,0.0.731861,0.0.3964804,0.0.4138717@1783972100.007656042
0.0.8120693,13.16573630799194,SUCCESS,0.0.731861,0.0.3964804,0.0.4138717@1783972099.435191795
0.0.919311,1153.793734782707,NOT_ASSOCIATED,0.0.731861,0.0.3964804,
0.0.658160,3.201550514216867,SUCCESS,0.0.731861,0.0.3964804&0.0.8315114,0.0.4138717@1783972100.604507618
0.0.7920282,0.05520461546802038,SUCCESS,0.0.731861,0.0.3964804,0.0.4138717@1783972101.937551191
0.0.4743054,1.038887686816022,SUCCESS,0.0.731861,0.0.3964804&0.0.8315114,0.0.4138717@1783972104.491588814
0.0.7285744,0.2183461913461283,SUCCESS,0.0.731861,0.0.3964804,0.0.4138717@1783972100.885424343
0.0.6148704,0.7744786423544702,NOT_ASSOCIATED,0.0.731861,0.0.3964804,
0.0.7816479,142.6468580318512,SUCCESS,0.0.731861,0.0.3964804&0.0.8315114,0.0.4138717@1783972104.636213802
0.0.1261132,3.625972718242867,SUCCESS,0.0.731861,0.0.3964804,0.0.4138717@1783972101.240557261
0.0.8514597,45.59329529088048,SUCCESS,0.0.731861,0.0.3964804,0.0.4138717@1783972102.938800869
0.0.9201440,0.4053040410633846,SUCCESS,0.0.731861,0.0.3964804,0.0.4138717@1783972102.894509598
0.0.187153,120.9422933342517,SUCCESS,0.0.731861,0.0.3964804,0.0.4138717@1783972104.133904342
0.0.7993090,42.29750516144676,SUCCESS,0.0.731861,0.0.3964804,0.0.4138717@1783972103.833543115
0.0.4795853,0.4782423677418408,SUCCESS,0.0.731861,0.0.3964804,0.0.4138717@1783972105.699970760
0.0.9149385,0.8147002006044519,SUCCESS,0.0.731861,0.0.3964804,0.0.4138717@1783972104.211680800
0.0.5580759,0.3080213571125424,SUCCESS,0.0.731861,0.0.3964804,0.0.4138717@1783972107.940044554
0.0.9104016,70.93453891387468,SUCCESS,0.0.731861,0.0.3964804&0.0.3964860&0.0.5328590,0.0.4138717@1783972107.068077731
0.0.1404010,0.0172089036855994,NOT_ASSOCIATED,0.0.731861,0.0.3964804,
0.0.8903303,4.065299914768419,FAIL,0.0.731861,0.0.3964804,
0.0.3288501,0.4216346135544158,SUCCESS,0.0.731861,0.0.3964804,0.0.4138717@1783972106.615678678
0.0.4724806,271.0388061561312,SUCCESS,0.0.731861,0.0.3964804&0.0.5328590,0.0.4138717@1783972110.762166716
0.0.8717466,0.01723994717485464,SUCCESS,0.0.731861,0.0.3964804,0.0.4138717@1783972109.477344250
0.0.1056579,51.09072720306114,SUCCESS,0.0.731861,0.0.3964804,0.0.4138717@1783972110.492746705
0.0.2185671,0.8930842064528842,SUCCESS,0.0.731861,0.0.3964804,0.0.4138717@1783972113.020897843
0.0.6045318,3.735388908660394,SUCCESS,0.0.731861,0.0.3964804,0.0.4138717@1783972113.347330351
0.0.5719491,0.5364939335145668,SUCCESS,0.0.731861,0.0.3964804,0.0.4138717@1783972109.721543896
0.0.840324,12.12742844426868,SUCCESS,0.0.731861,0.0.3964804,0.0.4138717@1783972111.898496112
0.0.2891280,7.816794129371316,NOT_ASSOCIATED,0.0.731861,0.0.3964804,
0.0.2964523,236.4182890311004,SUCCESS,0.0.731861,0.0.3964804&0.0.3964860,0.0.4138717@1783972116.483899663
0.0.8076778,0.0173080847950601,SUCCESS,0.0.731861,0.0.3964804,0.0.4138717@1783972117.557334820
0.0.6313326,84.19142041198329,SUCCESS,0.0.731861,0.0.3964804,0.0.4138717@1783972116.710135689
0.0.7583284,2.30120690406814,SUCCESS,0.0.731861,0.0.3964804,0.0.4138717@1783972118.507006422
0.0.1673276,554.8269796603454,SUCCESS,0.0.731861,0.0.3964804&0.0.5328590,0.0.4138717@1783972118.875534075
0.0.4804985,1.807396859675671,SUCCESS,0.0.731861,0.0.3964804,0.0.4138717@1783972116.372565565
0.0.4343570,3.494788708379802,SUCCESS,0.0.731861,0.0.3964804,0.0.4138717@1783972118.159825977
0.0.7732676,678.6491529219843,SUCCESS,0.0.731861,0.0.3964804,0.0.4138717@1783972119.550132322
0.0.8083173,5.068924572271348,SUCCESS,0.0.731861,0.0.3964804,0.0.4138717@1783972118.963663178
0.0.838388,355.725068133394,SUCCESS,0.0.731861,0.0.3964804,0.0.4138717@1783972120.457203000
0.0.7916029,148.4973336972669,SUCCESS,0.0.731861,0.0.3964804,0.0.4138717@1783972121.070184496
0.0.4861986,1.483158003012489,SUCCESS,0.0.731861,0.0.3964804,0.0.4138717@1783972119.754508515
0.0.5112630,2.804641861945829,SUCCESS,0.0.731861,0.0.3964804,0.0.4138717@1783972122.385657840
0.0.710849,0.1870000035208939,SUCCESS,0.0.731861,0.0.3964804,0.0.4138717@1783972122.859835465
0.0.7965412,0.03392641123139182,NOT_ASSOCIATED,0.0.731861,0.0.3964804,
0.0.3384906,47.59193245955262,SUCCESS,0.0.731861,0.0.3964804,0.0.4138717@1783972124.774591465
0.0.7961490,1.83795867322041,NOT_ASSOCIATED,0.0.731861,0.0.3964804,
0.0.7703838,0.09584575878176622,SUCCESS,0.0.731861,0.0.3964804,0.0.4138717@1783972121.655817997
0.0.6294131,0.0002669599498895386,SUCCESS,0.0.731861,0.0.3964804,0.0.4138717@1783972122.723287063
0.0.1369825,1209.935300747749,SUCCESS,0.0.731861,0.0.3964804&0.0.3964827&0.0.4601632&0.0.6071041&0.0.6126395,0.0.4138717@1783972126.322561738
0.0.8209705,1.203151933775656,SUCCESS,0.0.731861,0.0.3964804,0.0.4138717@1783972127.431078740
0.0.7166497,0.6961578745648441,SUCCESS,0.0.731861,0.0.3964804,0.0.4138717@1783972125.817629332
0.0.8002341,2.550517021969775,SUCCESS,0.0.731861,0.0.3964804,0.0.4138717@1783972128.786973396
0.0.7938061,0.5707471354518499,SUCCESS,0.0.731861,0.0.3964804,0.0.4138717@1783972126.649978466
0.0.3241611,4.184484361589598,SUCCESS,0.0.731861,0.0.3964804,0.0.4138717@1783972126.022245684
0.0.8227507,4.997679888445461,SUCCESS,0.0.731861,0.0.3964804,0.0.4138717@1783972131.126509181
0.0.1754370,0.4110745863462804,SUCCESS,0.0.731861,0.0.3964804,0.0.4138717@1783972128.110340234
0.0.7965335,19.26159365402933,NOT_ASSOCIATED,0.0.731861,0.0.3964804,
0.0.4310363,55.68419692276932,SUCCESS,0.0.731861,0.0.3964804&0.0.3964860,0.0.4138717@1783972128.853076893
0.0.844131,3.114072125767245,SUCCESS,0.0.731861,0.0.3964804,0.0.4138717@1783972131.287685446
0.0.7924085,0.1921246841363795,SUCCESS,0.0.731861,0.0.3964804,0.0.4138717@1783972129.687242145
0.0.7732467,14.04354676342792,SUCCESS,0.0.731861,0.0.3964804&0.0.3964827,0.0.4138717@1783972133.110450835
0.0.981571,0.7196144863927365,SUCCESS,0.0.731861,0.0.3964804,0.0.4138717@1783972132.460533323
0.0.3847179,6.178984625673794,SUCCESS,0.0.731861,0.0.3964804,0.0.4138717@1783972130.476776494
0.0.1467538,2.200150928743625,SUCCESS,0.0.731861,0.0.3964804,0.0.4138717@1783972134.898064359
0.0.8131537,3.522990552718636,SUCCESS,0.0.731861,0.0.3964804,0.0.4138717@1783972133.827889520
0.0.4315395,0.9601276229316799,SUCCESS,0.0.731861,0.0.3964804,0.0.4138717@1783972135.965480058
0.0.4388693,0.5124776090943194,SUCCESS,0.0.731861,0.0.3964804&0.0.4601632,0.0.4138717@1783972134.379278565
0.0.7164995,113.522460114801,SUCCESS,0.0.731861,0.0.3964804,0.0.4138717@1783972133.731211631
0.0.10427913,1.555514059980505,NOT_ASSOCIATED,0.0.731861,0.0.3964804,
0.0.4853191,0.06927661254931433,SUCCESS,0.0.731861,0.0.3964804,0.0.4138717@1783972134.761273997
0.0.9796301,6.497749794329969,NOT_ASSOCIATED,0.0.731861,0.0.3964804,
0.0.10279551,2.2483042983269,SUCCESS,0.0.731861,0.0.3964804,0.0.4138717@1783972135.003966526
0.0.10261941,10.34891092275644,SUCCESS,0.0.731861,0.0.3964804,0.0.4138717@1783972136.820163645
0.0.10242536,15.43618881147562,NOT_ASSOCIATED,0.0.731861,0.0.3964804,
0.0.2030460,3088.111462920513,SUCCESS,0.0.731861,0.0.3964804&0.0.5328590&0.0.6078473,0.0.4138717@1783972136.271548588
0.0.10056907,7.797470101658205,SUCCESS,0.0.731861,0.0.3964804,0.0.4138717@1783972139.045631855
0.0.560837,95.39856713366576,SUCCESS,0.0.731861,0.0.3964804,0.0.4138717@1783972135.599643885
0.0.1486871,265.0225273741978,SUCCESS,0.0.731861,0.0.3964804,0.0.4138717@1783972140.064582489
0.0.1711144,1.462579603494655,NOT_ASSOCIATED,0.0.731861,0.0.3964804,
0.0.9690555,2.566005100729331,SUCCESS,0.0.731861,0.0.3964804,0.0.4138717@1783972137.466274495
0.0.4911466,0.08507205872553582,SUCCESS,0.0.731861,0.0.3964804,0.0.4138717@1783972139.659138402
0.0.10068662,0.4798594184806362,SUCCESS,0.0.731861,0.0.3964804,0.0.4138717@1783972138.665024869
0.0.8213249,318.0808077523767,SUCCESS,0.0.731861,0.0.3964804,0.0.4138717@1783972141.240172151
0.0.5029689,17.99761455445394,SUCCESS,0.0.731861,0.0.3964804,0.0.4138717@1783972138.747921450
0.0.834666,34.9812026889873,SUCCESS,0.0.731861,0.0.3964804,0.0.4138717@1783972140.680343239
0.0.4323897,0.06956673147814926,SUCCESS,0.0.731861,0.0.3964804,0.0.4138717@1783972139.917755793
0.0.4782567,12.54563887147479,SUCCESS,0.0.731861,0.0.3964804,0.0.4138717@1783972142.770140491
0.0.4340392,0.2530867784224294,SUCCESS,0.0.731861,0.0.3964804,0.0.4138717@1783972145.291476145
0.0.836096,0.5239269395977509,SUCCESS,0.0.731861,0.0.3964804,0.0.4138717@1783972143.285020614
0.0.6460255,41.48347669711199,NOT_ASSOCIATED,0.0.731861,0.0.3964804,
0.0.837799,6.112248927743164,SUCCESS,0.0.731861,0.0.3964804,0.0.4138717@1783972144.013941463
0.0.4144365,9.008348561776524,SUCCESS,0.0.731861,0.0.3964804,0.0.4138717@1783972147.822040318
0.0.2005484,0.09751632497768327,SUCCESS,0.0.731861,0.0.3964804,0.0.4138717@1783972144.816675779
0.0.4644030,0.1182586196475651,SUCCESS,0.0.731861,0.0.3964804,0.0.4138717@1783972147.810744340
0.0.876236,0.698244825568064,SUCCESS,0.0.731861,0.0.3964804,0.0.4138717@1783972147.929309332
0.0.1505544,0.03490423486176606,SUCCESS,0.0.731861,0.0.3964804,0.0.4138717@1783972147.704319840
0.0.3051653,6.925477504704637,SUCCESS,0.0.731861,0.0.3964804,0.0.4138717@1783972146.688160556
0.0.9272301,5.735013495924489,NOT_ASSOCIATED,0.0.731861,0.0.3964804,
0.0.915984,107.3727776919511,SUCCESS,0.0.731861,0.0.3964804,0.0.4138717@1783972148.267555669
0.0.9404882,3.143109102873447,SUCCESS,0.0.731861,0.0.3964804,0.0.4138717@1783972149.589840777
0.0.9178066,4.370899400254239,SUCCESS,0.0.731861,0.0.3964804,0.0.4138717@1783972150.541416439
0.0.966444,19.38871364793234,SUCCESS,0.0.731861,0.0.3964804,0.0.4138717@1783972151.209295856
0.0.9303899,11.45212020750524,SUCCESS,0.0.731861,0.0.3964804,0.0.4138717@1783972149.429083428
0.0.2017766,13.57799507420289,SUCCESS,0.0.731861,0.0.3964804,0.0.4138717@1783972153.720902130
0.0.6295630,0.5083652496526436,NOT_ASSOCIATED,0.0.731861,0.0.3964804,
0.0.3681629,56.17785666718133,SUCCESS,0.0.731861,0.0.3964804,0.0.4138717@1783972151.462619852
0.0.853379,208.1052813757183,SUCCESS,0.0.731861,0.0.3964804,0.0.4138717@1783972153.736648801
0.0.9273859,0.6503823279199259,SUCCESS,0.0.731861,0.0.3964804,0.0.4138717@1783972152.050760411
0.0.2149252,0.0003313098456904123,SUCCESS,0.0.731861,0.0.3964804,0.0.4138717@1783972153.691049417
0.0.9150672,0.2902609440641946,SUCCESS,0.0.731861,0.0.3964804,0.0.4138717@1783972152.781652547
0.0.9144684,0.822261737441361,SUCCESS,0.0.731861,0.0.3964804,0.0.4138717@1783972153.510485316
0.0.6094118,0.1957126849252601,SUCCESS,0.0.731861,0.0.3964804,0.0.4138717@1783972157.279321177
0.0.9168967,28.23964664296396,SUCCESS,0.0.731861,0.0.3964804&0.0.3964827&0.0.5328590,0.0.4138717@1783972156.035154089
0.0.9612822,1.489492776003771,NOT_ASSOCIATED,0.0.731861,0.0.3964804,
0.0.3907868,0.04747248399351402,SUCCESS,0.0.731861,0.0.3964804,0.0.4138717@1783972156.558245712
0.0.1043461,491.2549441235885,SUCCESS,0.0.731861,0.0.3964804,0.0.4138717@1783972155.439250180
0.0.9317309,0.01156668341838648,SUCCESS,0.0.731861,0.0.3964804&0.0.9774523,0.0.4138717@1783972160.297176927
0.0.7550127,1.880720516434623,SUCCESS,0.0.731861,0.0.3964804,0.0.4138717@1783972157.425034089
0.0.5482082,6.284130727222058,SUCCESS,0.0.731861,0.0.3964804,0.0.4138717@1783972157.930835591
0.0.9695749,30.3276827884369,NOT_ASSOCIATED,0.0.731861,0.0.3964804,
0.0.834767,11.8486102388125,SUCCESS,0.0.731861,0.0.3964804,0.0.4138717@1783972161.110467379
0.0.6343911,11.64557627632803,SUCCESS,0.0.731861,0.0.3964804,0.0.4138717@1783972160.674208769
0.0.6258977,39.19395208214652,SUCCESS,0.0.731861,0.0.3964804&0.0.5328590,0.0.4138717@1783972161.547166459
0.0.946029,4.900555530167659,NOT_ASSOCIATED,0.0.731861,0.0.3964804,
0.0.1461428,14.92945498097533,SUCCESS,0.0.731861,0.0.3964804,0.0.4138717@1783972161.117650541
0.0.1517175,8.37527960003884,SUCCESS,0.0.731861,0.0.3964804,0.0.4138717@1783972160.924877428
0.0.9226909,1.87642291870151,SUCCESS,0.0.731861,0.0.3964804,0.0.4138717@1783972162.078899225
0.0.2657839,20.60074690355031,SUCCESS,0.0.731861,0.0.3964804,0.0.4138717@1783972164.783049789
0.0.9477910,20.85758959107265,SUCCESS,0.0.731861,0.0.3964804,0.0.4138717@1783972161.495016366
0.0.1736150,7.658646358559663,SUCCESS,0.0.731861,0.0.3964804,0.0.4138717@1783972165.356151787
0.0.3100704,2954.95421159218,SUCCESS,0.0.731861,0.0.3964804&0.0.3964860&0.0.4601632&0.0.5328590,0.0.4138717@1783972164.421872152
0.0.1353334,0.61235787563665,SUCCESS,0.0.731861,0.0.3964804,0.0.4138717@1783972165.949583213
0.0.3165925,0.7117617738443737,SUCCESS,0.0.731861,0.0.3964804,0.0.4138717@1783972165.192735519
0.0.1357334,1.571004574467784,SUCCESS,0.0.731861,0.0.3964804,0.0.4138717@1783972165.505444464
0.0.2101943,0.01497204568235685,SUCCESS,0.0.731861,0.0.3964804,0.0.4138717@1783972167.834613180
0.0.1860252,2.036054262080078,SUCCESS,0.0.731861,0.0.3964804,0.0.4138717@1783972164.694206877
0.0.4356553,0.3011573120655455,SUCCESS,0.0.731861,0.0.3964804,0.0.4138717@1783972166.486065061
0.0.4333378,0.08801785835045955,SUCCESS,0.0.731861,0.0.3964804,0.0.4138717@1783972168.661692608
0.0.4368518,0.834195067046376,SUCCESS,0.0.731861,0.0.3964804,0.0.4138717@1783972165.858044554
0.0.4360122,2.102721630255644,SUCCESS,0.0.731861,0.0.3964804,0.0.4138717@1783972166.615086119
0.0.1728462,1.619852542290446,SUCCESS,0.0.731861,0.0.3964804,0.0.4138717@1783972170.581399021
0.0.4350498,0.003801487514672768,SUCCESS,0.0.731861,0.0.3964804,0.0.4138717@1783972169.173550465
0.0.4341116,10.18470783894303,SUCCESS,0.0.731861,0.0.3964804,0.0.4138717@1783972173.208045272
0.0.3023498,5.777398417436266,SUCCESS,0.0.731861,0.0.3964804,0.0.4138717@1783972171.314431395
0.0.5495538,18.91941483548452,SUCCESS,0.0.731861,0.0.3964804&0.0.3964860&0.0.4601632,0.0.4138717@1783972170.644008551
0.0.4351736,0.1958807518232135,SUCCESS,0.0.731861,0.0.3964804,0.0.4138717@1783972173.245096396
0.0.5698429,0.08364862416389471,SUCCESS,0.0.731861,0.0.3964804,0.0.4138717@1783972174.215840424
0.0.4589167,0.1971712797929041,NOT_ASSOCIATED,0.0.731861,0.0.3964804,
0.0.5023507,1.36755697155228,SUCCESS,0.0.731861,0.0.3964804&0.0.4601632,0.0.4138717@1783972175.474805350
0.0.3937438,3.745520393484842,SUCCESS,0.0.731861,0.0.3964804,0.0.4138717@1783972174.168676611
0.0.5147407,4.862546368335171,SUCCESS,0.0.731861,0.0.3964804,0.0.4138717@1783972175.364101816
0.0.859649,1.48013302378614,SUCCESS,0.0.731861,0.0.3964804,0.0.4138717@1783972176.489886003
0.0.4533464,1.65344485694974,SUCCESS,0.0.731861,0.0.3964804,0.0.4138717@1783972174.903089157
0.0.4093788,23.57800882515449,SUCCESS,0.0.731861,0.0.3964804,0.0.4138717@1783972176.336137338
0.0.5421455,0.05292969407754181,SUCCESS,0.0.731861,0.0.3964804,0.0.4138717@1783972176.392235751
0.0.5315914,21.39489974093689,SUCCESS,0.0.731861,0.0.3964804,0.0.4138717@1783972179.413656479
0.0.838198,21.46035960066569,SUCCESS,0.0.731861,0.0.3964804&0.0.3964855&0.0.4601632,0.0.4138717@1783972179.760109646
0.0.4327294,0.208055026437148,SUCCESS,0.0.731861,0.0.3964804,0.0.4138717@1783972177.722920258
0.0.728698,14.05015721724366,SUCCESS,0.0.731861,0.0.3964804&0.0.4601632,0.0.4138717@1783972179.672865831
0.0.1402758,10.7551945221442,SUCCESS,0.0.731861,0.0.3964804,0.0.4138717@1783972181.018013023
0.0.835670,18.7648796123135,SUCCESS,0.0.731861,0.0.3964804&0.0.4601632,0.0.4138717@1783972181.856792875
0.0.4138268,167.9066194189034,SUCCESS,0.0.731861,0.0.3964804,0.0.4138717@1783972184.072745662
0.0.664593,73.53461551238344,SUCCESS,0.0.731861,0.0.3964804,0.0.4138717@1783972180.513555729
0.0.859565,32.9438829809268,SUCCESS,0.0.731861,0.0.3964804,0.0.4138717@1783972184.692277169
0.0.859149,108.7782189703733,SUCCESS,0.0.731861,0.0.3964804,0.0.4138717@1783972181.901453762
0.0.1448131,2.890140612103087,SUCCESS,0.0.731861,0.0.3964804,0.0.4138717@1783972182.946351589
0.0.1088394,420.7957925242343,SUCCESS,0.0.731861,0.0.3964804&0.0.3964860&0.0.5328590&0.0.6078473,0.0.4138717@1783972183.058648596
0.0.827132,8.680245940161734,SUCCESS,0.0.731861,0.0.3964804,0.0.4138717@1783972183.878488845
0.0.1877641,12.91644020733931,SUCCESS,0.0.731861,0.0.3964804,0.0.4138717@1783972183.053939179
0.0.1432019,37.68231505466891,SUCCESS,0.0.731861,0.0.3964804,0.0.4138717@1783972184.236713075
0.0.1088074,174.3670999168052,SUCCESS,0.0.731861,0.0.3964804&0.0.3964860&0.0.4601632,0.0.4138717@1783972186.673704390
0.0.481717,2.547319582395116,SUCCESS,0.0.731861,0.0.3964804,0.0.4138717@1783972188.242852843
0.0.1198079,1024.735275784826,SUCCESS,0.0.731861,0.0.3964804,0.0.4138717@1783972189.034340797
0.0.1512214,0.2642413310079768,SUCCESS,0.0.731861,0.0.3964804&0.0.4601632,0.0.4138717@1783972188.837440878
0.0.10308209,1565.515909138043,NOT_ASSOCIATED,0.0.731861,0.0.3964804,
0.0.3945405,0.006779761504736618,SUCCESS,0.0.731861,0.0.3964804,0.0.4138717@1783972190.132946716
0.0.4346529,29.75310017439969,SUCCESS,0.0.731861,0.0.3964804,0.0.4138717@1783972189.459254685
0.0.4345412,0.5346148473913992,SUCCESS,0.0.731861,0.0.3964804,0.0.4138717@1783972191.394922758
0.0.4345654,832.8026766902398,SUCCESS,0.0.731861,0.0.3964804,0.0.4138717@1783972191.092823904
0.0.1088670,4.313612313150974,SUCCESS,0.0.731861,0.0.3964804,0.0.4138717@1783972188.927458154
0.0.4337103,0.0239957753621191,SUCCESS,0.0.731861,0.0.3964804,0.0.4138717@1783972192.138532124
0.0.3291464,0.2320199336601317,SUCCESS,0.0.731861,0.0.3964804,0.0.4138717@1783972191.889785461
0.0.1018824,232.6114812683172,SUCCESS,0.0.731861,0.0.3964804&0.0.5328590,0.0.4138717@1783972190.749553231
0.0.1048940,25.548452029038,SUCCESS,0.0.731861,0.0.3964804&0.0.5328590,0.0.4138717@1783972193.891907217
0.0.1104374,16.50994751107832,SUCCESS,0.0.731861,0.0.3964804,0.0.4138717@1783972192.622167267
0.0.1350500,17.31780632119758,SUCCESS,0.0.731861,0.0.3964804&0.0.6071119&0.0.6078473,0.0.4138717@1783972192.599878188
0.0.1121794,2.623841883730501,SUCCESS,0.0.731861,0.0.3964804,0.0.4138717@1783972193.332423329
0.0.3872024,29.03033923088086,SUCCESS,0.0.731861,0.0.3964804,0.0.4138717@1783972196.522320306
0.0.833050,0.580791981167158,SUCCESS,0.0.731861,0.0.3964804,0.0.4138717@1783972197.592840170
0.0.4184148,4.641508200649305,SUCCESS,0.0.731861,0.0.3964804,0.0.4138717@1783972195.183116244
0.0.3768895,0.02026989433334741,SUCCESS,0.0.731861,0.0.3964804,0.0.4138717@1783972194.203010418
0.0.1097802,25.13865975629928,SUCCESS,0.0.731861,0.0.3964804,0.0.4138717@1783972198.553329151
0.0.887612,19.87825980952099,SUCCESS,0.0.731861,0.0.3964804,0.0.4138717@1783972196.432047254
0.0.4566469,8.27105696022592,SUCCESS,0.0.731861,0.0.3964804,0.0.4138717@1783972196.737343200
0.0.3916542,0.3728407634201352,SUCCESS,0.0.731861,0.0.3964804&0.0.3964827,0.0.4138717@1783972200.549038839
0.0.1486421,13.63489170570682,SUCCESS,0.0.731861,0.0.3964804,0.0.4138717@1783972202.114985200
0.0.1359581,226.9502417309857,SUCCESS,0.0.731861,0.0.3964804&0.0.3964827,0.0.4138717@1783972199.423948336
0.0.4431727,1.672789967007146,SUCCESS,0.0.731861,0.0.3964804&0.0.3964827,0.0.4138717@1783972204.311876060
0.0.7710235,1.403957025684854,SUCCESS,0.0.731861,0.0.3964804,0.0.4138717@1783972201.897775811
0.0.838791,11.15633461953814,SUCCESS,0.0.731861,0.0.3964804,0.0.4138717@1783972202.808967064
0.0.811739,258.9188145890117,SUCCESS,0.0.731861,0.0.3964804&0.0.5328590,0.0.4138717@1783972203.710792659
0.0.496172,12.25128869400357,SUCCESS,0.0.731861,0.0.3964804,0.0.4138717@1783972205.162312972
0.0.146930,249.0149508903625,SUCCESS,0.0.731861,0.0.3964804,0.0.4138717@1783972207.733091454
0.0.4887338,6.847019020420284,SUCCESS,0.0.731861,0.0.3964804,0.0.4138717@1783972207.732490056
0.0.7662545,0.04957214671599589,NOT_ASSOCIATED,0.0.731861,0.0.3964804,
0.0.7290965,5.325866524090888,SUCCESS,0.0.731861,0.0.3964804,0.0.4138717@1783972208.033880310
0.0.1524063,35.83869639827419,SUCCESS,0.0.731861,0.0.3964804,0.0.4138717@1783972205.812884002
0.0.3872629,5.631265795423883,SUCCESS,0.0.731861,0.0.3964804,0.0.4138717@1783972205.593249767
0.0.7631749,0.01143509352444993,SUCCESS,0.0.731861,0.0.3964804,0.0.4138717@1783972206.908122761
0.0.791414,3.85340264983706,SUCCESS,0.0.731861,0.0.3964804,0.0.4138717@1783972208.261010824
0.0.7937765,10.09713325393291,NOT_ASSOCIATED,0.0.731861,0.0.3964804,
0.0.4765612,252.3982886707568,SUCCESS,0.0.731861,0.0.3964804&0.0.5328590,0.0.4138717@1783972209.747943831
0.0.3240624,0.02060767732575989,SUCCESS,0.0.731861,0.0.3964804,0.0.4138717@1783972211.647823406
0.0.2150506,0.2877954023807308,SUCCESS,0.0.731861,0.0.3964804,0.0.4138717@1783972209.298575257
0.0.4312267,61.78241961163588,SUCCESS,0.0.731861,0.0.3964804,0.0.4138717@1783972210.352106201
0.0.4883729,3.775315253664691,SUCCESS,0.0.731861,0.0.3964804,0.0.4138717@1783972212.610345220
0.0.1746011,18.45720071580971,SUCCESS,0.0.731861,0.0.3964804,0.0.4138717@1783972210.829301499
0.0.794930,0.6191264624895468,SUCCESS,0.0.731861,0.0.3964804,0.0.4138717@1783972209.773377195
0.0.7798912,25.0415215615841,SUCCESS,0.0.731861,0.0.3964804,0.0.4138717@1783972212.349969878
0.0.862835,905.829588938225,SUCCESS,0.0.731861,0.0.3964804&0.0.3964827&0.0.6071911,0.0.4138717@1783972211.792397579
0.0.1337171,782.9769284361298,SUCCESS,0.0.731861,0.0.3964804&0.0.3964827&0.0.3964860&0.0.6071911,0.0.4138717@1783972211.879057389
0.0.2004450,0.5570194363596642,SUCCESS,0.0.731861,0.0.3964804,0.0.4138717@1783972212.097981359
0.0.4337383,1.773284852283245,SUCCESS,0.0.731861,0.0.3964804,0.0.4138717@1783972213.840705915
0.0.4504544,94.01692646705472,SUCCESS,0.0.731861,0.0.3964804,0.0.4138717@1783972215.737891177
0.0.1463093,10.22634999205511,SUCCESS,0.0.731861,0.0.3964804,0.0.4138717@1783972217.337027753
0.0.753351,3.310245995586566,SUCCESS,0.0.731861,0.0.3964804,0.0.4138717@1783972216.915104250
0.0.1463629,0.4636113298135063,SUCCESS,0.0.731861,0.0.3964804,0.0.4138717@1783972217.852452682
0.0.433061,2.698291874322834,SUCCESS,0.0.731861,0.0.3964804&0.0.3964860,0.0.4138717@1783972216.906146997
0.0.5957030,14.46229429458046,NOT_ASSOCIATED,0.0.731861,0.0.3964804,
0.0.6275653,0.1483586571041051,SUCCESS,0.0.731861,0.0.3964804,0.0.4138717@1783972217.344246989
0.0.6154587,48.20453556720466,SUCCESS,0.0.731861,0.0.3964804,0.0.4138717@1783972219.817708397
0.0.6139137,8.161768972426072,SUCCESS,0.0.731861,0.0.3964804,0.0.4138717@1783972218.027631521
0.0.5068116,0.4463539521719939,NOT_ASSOCIATED,0.0.731861,0.0.3964804,
0.0.805713,70.92295148342427,SUCCESS,0.0.731861,0.0.3964804,0.0.4138717@1783972219.258511074
0.0.4766862,8.229684578798283,SUCCESS,0.0.731861,0.0.3964804,0.0.4138717@1783972219.821185846
0.0.4965217,1.405375819206344,SUCCESS,0.0.731861,0.0.3964804,0.0.4138717@1783972220.445144621
0.0.3967246,4.50877327567206,SUCCESS,0.0.731861,0.0.3964804,0.0.4138717@1783972220.633975849
0.0.4358173,143.3352886672654,SUCCESS,0.0.731861,0.0.3964804&0.0.4601632&0.0.6126395,0.0.4138717@1783972224.405793873
0.0.4717832,2.773342104641142,SUCCESS,0.0.731861,0.0.3964804,0.0.4138717@1783972222.560555051
0.0.7450449,4.500706279286048,NOT_ASSOCIATED,0.0.731861,0.0.3964804,
0.0.892270,44.38276177801822,SUCCESS,0.0.731861,0.0.3964804,0.0.4138717@1783972222.625891874
0.0.4423729,11.32484665768607,SUCCESS,0.0.731861,0.0.3964804,0.0.4138717@1783972221.838626382
0.0.1124401,18.16224816059011,SUCCESS,0.0.731861,0.0.3964804,0.0.4138717@1783972225.599165283
0.0.7312670,11.22811303525786,SUCCESS,0.0.731861,0.0.3964804,0.0.4138717@1783972221.986947445
0.0.662621,4.765951675496979,SUCCESS,0.0.731861,0.0.3964804,0.0.4138717@1783972222.869026079
0.0.6475509,1.906135179815359,SUCCESS,0.0.731861,0.0.3964804,0.0.4138717@1783972226.889538321
0.0.10307970,0.008488777847658602,NOT_ASSOCIATED,0.0.731861,0.0.3964804,
0.0.6004536,0.6372596378911183,SUCCESS,0.0.731861,0.0.3964804,0.0.4138717@1783972227.974763560
0.0.6270761,410.1117346852494,SUCCESS,0.0.731861,0.0.3964804,0.0.4138717@1783972228.760169588
0.0.2967389,5.095058590720869,SUCCESS,0.0.731861,0.0.3964804,0.0.4138717@1783972229.462375446
0.0.6416166,7.572001686526849,SUCCESS,0.0.731861,0.0.3964804,0.0.4138717@1783972229.215399535
0.0.4314332,47.19886519285392,SUCCESS,0.0.731861,0.0.3964804,0.0.4138717@1783972227.145708079
0.0.3048811,1573.124105221017,SUCCESS,0.0.731861,0.0.3964804&0.0.4601632&0.0.5328590&0.0.6071041,0.0.4138717@1783972228.837953451
0.0.6828202,268.9288272950695,SUCCESS,0.0.731861,0.0.3964804&0.0.4601632,0.0.4138717@1783972227.243367481
0.0.6852334,9.69617995530598,SUCCESS,0.0.731861,0.0.3964804,0.0.4138717@1783972229.381846615
0.0.10157649,33.62660657394685,NOT_ASSOCIATED,0.0.731861,0.0.3964804,
0.0.10014449,0.2790261320366401,SUCCESS,0.0.731861,0.0.3964804,0.0.4138717@1783972228.114122160
0.0.4749526,207.9902410270722,NOT_ASSOCIATED,0.0.731861,0.0.3964804,
0.0.1704489,0.002052916334864311,NOT_ASSOCIATED,0.0.731861,0.0.3964804,
0.0.9584885,1.804107950415992,SUCCESS,0.0.731861,0.0.3964804&0.0.5328590,0.0.4138717@1783972231.221569323
0.0.10093024,1.440160024988781,SUCCESS,0.0.731861,0.0.3964804,0.0.4138717@1783972231.615454879
0.0.816698,54.40429683649575,SUCCESS,0.0.731861,0.0.3964804,0.0.4138717@1783972231.574763979
0.0.820706,28.38192586441576,SUCCESS,0.0.731861,0.0.3964804,0.0.4138717@1783972232.162319255
0.0.4372819,0.1118243625307166,SUCCESS,0.0.731861,0.0.3964804,0.0.4138717@1783972232.447659772
0.0.9509413,0.2185639681266606,NOT_ASSOCIATED,0.0.731861,0.0.3964804,
0.0.10072624,0.2252031328418785,SUCCESS,0.0.731861,0.0.3964804,0.0.4138717@1783972233.289267020
0.0.1459068,0.2500317186294273,SUCCESS,0.0.731861,0.0.3964804,0.0.4138717@1783972233.090356350
0.0.9640903,38.2335042790831,SUCCESS,0.0.731861,0.0.3964804&0.0.4601632,0.0.4138717@1783972236.903648142
0.0.2963879,3.649712058363212,NOT_ASSOCIATED,0.0.731861,0.0.3964804,
0.0.4873525,0.3471859560619664,SUCCESS,0.0.731861,0.0.3964804,0.0.4138717@1783972235.021728763
0.0.10004246,3.202742750656613,NOT_ASSOCIATED,0.0.731861,0.0.3964804,
0.0.5922808,0.2093482603907537,SUCCESS,0.0.731861,0.0.3964804,0.0.4138717@1783972236.967638570
0.0.751161,11.13000310159723,SUCCESS,0.0.731861,0.0.3964804,0.0.4138717@1783972235.694887399
0.0.9973346,0.02322939351385555,NOT_ASSOCIATED,0.0.731861,0.0.3964804,
0.0.4571567,13.08725012571351,SUCCESS,0.0.731861,0.0.3964804,0.0.4138717@1783972234.388155190
0.0.1024843,0.0003658173749443242,SUCCESS,0.0.731861,0.0.3964804&0.0.3964855&0.0.3964860,0.0.4138717@1783972236.056627423
0.0.4573495,6164.586585732827,SUCCESS,0.0.731861,0.0.3964804,0.0.4138717@1783972236.184522626
0.0.1105845,15.1518443547383,SUCCESS,0.0.731861,0.0.3964804,0.0.4138717@1783972239.449675019
0.0.10371833,179.95898382607,SUCCESS,0.0.731861,0.0.3964804,0.0.4138717@1783972239.255048034
0.0.9477942,0.1013707737625032,NOT_ASSOCIATED,0.0.731861,0.0.3964804,
0.0.8083839,3057.728065759045,SUCCESS,0.0.731861,0.0.3964804&0.0.3964827&0.0.3964860&0.0.5328590,0.0.4138717@1783972241.689080913
0.0.10251800,0.004394045894732884,NOT_ASSOCIATED,0.0.731861,0.0.3964804,
0.0.1365779,1.831594574432129,SUCCESS,0.0.731861,0.0.3964804,0.0.4138717@1783972239.488372878
0.0.4499088,0.3295944071576631,NOT_ASSOCIATED,0.0.731861,0.0.3964804,
0.0.9273022,0.002181456684786456,SUCCESS,0.0.731861,0.0.3964804,0.0.4138717@1783972240.550287199
0.0.10219431,9.855371058106954,NOT_ASSOCIATED,0.0.731861,0.0.3964804,
0.0.9367202,0.01074866914488636,NOT_ASSOCIATED,0.0.731861,0.0.3964804,
0.0.9364762,0.7649374333661865,SUCCESS,0.0.731861,0.0.3964804&0.0.5328590,0.0.4138717@1783972242.528156390
0.0.887615,0.06180502695631764,SUCCESS,0.0.731861,0.0.3964804,0.0.4138717@1783972241.724825174
0.0.1056474,23.4587910479154,SUCCESS,0.0.731861,0.0.3964804,0.0.4138717@1783972244.310674038
0.0.9450539,5.84734684796227,NOT_ASSOCIATED,0.0.731861,0.0.3964804,
0.0.9444587,11.43131390141561,SUCCESS,0.0.731861,0.0.3964804,0.0.4138717@1783972244.122825201
0.0.9146353,14.42575079054081,SUCCESS,0.0.731861,0.0.3964804,0.0.4138717@1783972241.886960992
0.0.6160732,0.4263903601493225,NOT_ASSOCIATED,0.0.731861,0.0.3964804,
0.0.813564,0.005900903763164001,SUCCESS,0.0.731861,0.0.3964804,0.0.4138717@1783972244.482246287
0.0.190191,0.4470568240567736,NOT_ASSOCIATED,0.0.731861,0.0.3964804,
0.0.4821795,3.363368272075081,SUCCESS,0.0.731861,0.0.3964804,0.0.4138717@1783972243.046848688
0.0.9318048,0.09238245768192703,NOT_ASSOCIATED,0.0.731861,0.0.3964804,
0.0.8880678,0.1438347336766323,SUCCESS,0.0.731861,0.0.3964804,0.0.4138717@1783972245.834339229
0.0.9285770,0.6446475517200614,NOT_ASSOCIATED,0.0.731861,0.0.3964804,
0.0.9275748,26.47421688038113,SUCCESS,0.0.731861,0.0.3964804&0.0.3964827,0.0.4138717@1783972247.450877574
0.0.6068301,0.5569045773832724,SUCCESS,0.0.731861,0.0.3964804,0.0.4138717@1783972244.380723608
0.0.8113254,10.14984439700441,SUCCESS,0.0.731861,0.0.3964804&0.0.4601632&0.0.5328590,0.0.4138717@1783972246.324382406
0.0.1862342,1.862448115754896,SUCCESS,0.0.731861,0.0.3964804,0.0.4138717@1783972247.611624097
0.0.5012902,0.04104634561192991,SUCCESS,0.0.731861,0.0.3964804,0.0.4138717@1783972248.860207240
0.0.9150527,116.4023169271128,SUCCESS,0.0.731861,0.0.3964804&0.0.3964860&0.0.5328590,0.0.4138717@1783972250.035092602
0.0.871471,18.62314087172656,SUCCESS,0.0.731861,0.0.3964804,0.0.4138717@1783972247.014105356
0.0.7983506,0.0002223580965398997,NOT_ASSOCIATED,0.0.731861,0.0.3964804,
0.0.6320740,167.6396754059828,SUCCESS,0.0.731861,0.0.3964804&0.0.4601632&0.0.5328590,0.0.4138717@1783972247.332610182
0.0.9687167,3.245607429379324,SUCCESS,0.0.731861,0.0.3964804&0.0.5328590,0.0.4138717@1783972248.685828771
0.0.9729389,0.7904857744452196,NOT_ASSOCIATED,0.0.731861,0.0.3964804,
0.0.9720442,0.3865727380605665,NOT_ASSOCIATED,0.0.731861,0.0.3964804,
0.0.3012601,20.1117956999589,SUCCESS,0.0.731861,0.0.3964804&0.0.5328590,0.0.4138717@1783972247.582258632
0.0.1082201,454.3255690213119,SUCCESS,0.0.731861,0.0.3964804,0.0.4138717@1783972249.432395695
0.0.9636419,2.250614551191605,NOT_ASSOCIATED,0.0.731861,0.0.3964804,
0.0.5805332,7.204864567815689,SUCCESS,0.0.731861,0.0.3964804,0.0.4138717@1783972252.004317593
0.0.9602777,0.1030448643192845,NOT_ASSOCIATED,0.0.731861,0.0.3964804,
0.0.9590994,68.02395678789325,NOT_ASSOCIATED,0.0.731861,0.0.3964804,
0.0.8080965,0.05683620066305412,NOT_ASSOCIATED,0.0.731861,0.0.3964804,
0.0.8070994,9.34401184117529,NOT_ASSOCIATED,0.0.731861,0.0.3964804,
0.0.8246604,0.01023618777629978,SUCCESS,0.0.731861,0.0.3964804,0.0.4138717@1783972253.361394916
0.0.9541852,5.509699878252455,SUCCESS,0.0.731861,0.0.3964804&0.0.3964827,0.0.4138717@1783972250.075064121
0.0.1503602,3.51215087898552,SUCCESS,0.0.731861,0.0.3964804,0.0.4138717@1783972250.119330593
0.0.1703381,10.38667509015533,SUCCESS,0.0.731861,0.0.3964804,0.0.4138717@1783972252.370994229
0.0.9301506,0.07766053057696883,SUCCESS,0.0.731861,0.0.3964804,0.0.4138717@1783972251.791284875
0.0.9144627,429.8660319869067,SUCCESS,0.0.731861,0.0.3964804&0.0.4601632,0.0.4138717@1783972254.077458585
0.0.9177203,0.03731032560666196,SUCCESS,0.0.731861,0.0.3964804,0.0.4138717@1783972255.567705139
0.0.8188301,3.590268304891699,SUCCESS,0.0.731861,0.0.3964804,0.0.4138717@1783972254.218013968
0.0.8108637,0.001863090055563013,SUCCESS,0.0.731861,0.0.3964804&0.0.8315114,0.0.4138717@1783972254.551213370
0.0.9162845,142.4551430788665,SUCCESS,0.0.731861,0.0.3964804,0.0.4138717@1783972256.252177275
0.0.9640625,0.1047788965785015,SUCCESS,0.0.731861,0.0.3964804,0.0.4138717@1783972256.090288611
0.0.9034617,0.553519817429717,SUCCESS,0.0.731861,0.0.3964804,0.0.4138717@1783972254.952112812
0.0.8383256,0.004589759746068706,SUCCESS,0.0.731861,0.0.3964804,0.0.4138717@1783972256.346970980
0.0.8640197,5.008333765015859,SUCCESS,0.0.731861,0.0.3964804,0.0.4138717@1783972258.588793637
0.0.8602366,10.90395944074748,SUCCESS,0.0.731861,0.0.3964804,0.0.4138717@1783972255.530461957
0.0.8241599,11.38322688053829,SUCCESS,0.0.731861,0.0.3964804,0.0.4138717@1783972259.683543777
0.0.8548028,0.002585611505234566,SUCCESS,0.0.731861,0.0.3964804,0.0.4138717@1783972260.549516892
0.0.8538714,1.940187633163526,SUCCESS,0.0.731861,0.0.3964804,0.0.4138717@1783972260.064593964
0.0.8304314,0.5343419015116668,SUCCESS,0.0.731861,0.0.3964804,0.0.4138717@1783972257.718339688
0.0.8152447,5.282794456571086,SUCCESS,0.0.731861,0.0.3964804,0.0.4138717@1783972259.247334873
0.0.10115705,0.004994654643056804,SUCCESS,0.0.731861,0.0.3964804,0.0.4138717@1783972262.446477275
0.0.10303974,3.352184738330551,SUCCESS,0.0.731861,0.0.3964804,0.0.4138717@1783972259.543940508
0.0.10267167,0.0740677386116564,NOT_ASSOCIATED,0.0.731861,0.0.3964804,
0.0.10267166,779.572247328833,NOT_ASSOCIATED,0.0.731861,0.0.3964804,
0.0.10244829,0.1522971010971594,SUCCESS,0.0.731861,0.0.3964804,0.0.4138717@1783972263.252122394
0.0.10231452,5447.541521372744,SUCCESS,0.0.731861,0.0.3964804&0.0.10414792,0.0.4138717@1783972262.220058382
0.0.2216740,724.0230531738189,SUCCESS,0.0.731861,0.0.3964804,0.0.4138717@1783972262.734313276
0.0.818498,0.1160776234839653,SUCCESS,0.0.731861,0.0.3964804,0.0.4138717@1783972260.916952580
0.0.10164472,7755.54991686847,SUCCESS,0.0.731861,0.0.3964804,0.0.4138717@1783972263.138988691
0.0.10151415,21.31313960381216,SUCCESS,0.0.731861,0.0.3964804,0.0.4138717@1783972263.134106839
0.0.8146497,10.64830898328754,SUCCESS,0.0.731861,0.0.3964804&0.0.5328590,0.0.4138717@1783972265.391701576
0.0.10035851,374.3957760017794,SUCCESS,0.0.731861,0.0.3964804,0.0.4138717@1783972266.117046679
0.0.10007904,0.01286305773717665,SUCCESS,0.0.731861,0.0.3964804,0.0.4138717@1783972264.370430969
0.0.1365923,0.1209348144558802,SUCCESS,0.0.731861,0.0.3964804,0.0.4138717@1783972264.508213693
0.0.9593512,0.02569210461469969,SUCCESS,0.0.731861,0.0.3964804,0.0.4138717@1783972266.096396939
0.0.10035663,3.621459218942962,SUCCESS,0.0.731861,0.0.3964804,0.0.4138717@1783972268.055370960
0.0.1400807,5.870794540084527,SUCCESS,0.0.731861,0.0.3964804,0.0.4138717@1783972266.876794141
0.0.9774219,0.03743969806205281,SUCCESS,0.0.731861,0.0.3964804,0.0.4138717@1783972269.283335448
0.0.9707531,5579.90569451613,NOT_ASSOCIATED,0.0.731861,0.0.3964804,
0.0.9707528,3649.79630469645,NOT_ASSOCIATED,0.0.731861,0.0.3964804,
0.0.955353,0.9773167641767674,NOT_ASSOCIATED,0.0.731861,0.0.3964804,
0.0.1956746,0.3374784801423117,SUCCESS,0.0.731861,0.0.3964804,0.0.4138717@1783972266.426777722
0.0.6181303,93.03699082416666,SUCCESS,0.0.731861,0.0.3964804,0.0.4138717@1783972271.394459219
0.0.1269724,25.14557313835338,SUCCESS,0.0.731861,0.0.3964804,0.0.4138717@1783972267.076670304
0.0.5742160,79.35834277625459,SUCCESS,0.0.731861,0.0.3964804,0.0.4138717@1783972272.429609458
0.0.5060673,26.76952607055364,SUCCESS,0.0.731861,0.0.3964804,0.0.4138717@1783972271.758533574
0.0.4814986,0.06387251875181535,SUCCESS,0.0.731861,0.0.3964804,0.0.4138717@1783972273.794212790
0.0.857763,9.984039557887916,SUCCESS,0.0.731861,0.0.3964804,0.0.4138717@1783972270.637106998
0.0.937712,116.1743124587841,SUCCESS,0.0.731861,0.0.3964804,0.0.4138717@1783972270.207553997
0.0.5804427,19.12754564523015,SUCCESS,0.0.731861,0.0.3964804&0.0.4601632,0.0.4138717@1783972271.145815880
0.0.683815,0.3431235420395772,SUCCESS,0.0.731861,0.0.3964804,0.0.4138717@1783972275.574968716
0.0.1052080,6.074597191862108,SUCCESS,0.0.731861,0.0.3964804,0.0.4138717@1783972272.567721802
0.0.4712922,0.4147133124313023,SUCCESS,0.0.731861,0.0.3964804,0.0.4138717@1783972273.559404096
0.0.4140342,2.16473516098619,SUCCESS,0.0.731861,0.0.3964804&0.0.3964827,0.0.4138717@1783972274.285963672
0.0.4558719,0.08065473033096972,NOT_ASSOCIATED,0.0.731861,0.0.3964804,
0.0.4552348,0.07328963875061614,NOT_ASSOCIATED,0.0.731861,0.0.3964804,
0.0.4552309,0.06892353600598342,NOT_ASSOCIATED,0.0.731861,0.0.3964804,
0.0.4552382,0.06891962009239896,NOT_ASSOCIATED,0.0.731861,0.0.3964804,
0.0.590682,0.2018525007591324,SUCCESS,0.0.731861,0.0.3964804,0.0.4138717@1783972276.805371100
0.0.8115823,0.8236899747795849,SUCCESS,0.0.731861,0.0.3964804,0.0.4138717@1783972275.591339594
0.0.8104363,2185.003694900345,SUCCESS,0.0.731861,0.0.3964804,0.0.4138717@1783972277.337107947
0.0.1181772,0.438812556572852,SUCCESS,0.0.731861,0.0.3964804&0.0.6126395,0.0.4138717@1783972273.801511948
0.0.8068660,0.05253426666887462,SUCCESS,0.0.731861,0.0.3964804,0.0.4138717@1783972277.571491165
0.0.7931472,1.388005956889375,SUCCESS,0.0.731861,0.0.3964804,0.0.4138717@1783972276.982954309
0.0.8002619,2.17909254593312,SUCCESS,0.0.731861,0.0.3964804,0.0.4138717@1783972278.201852500
0.0.7809201,0.0006582727058235206,SUCCESS,0.0.731861,0.0.3964804,0.0.4138717@1783972280.040159210
0.0.7098838,4.943632617672574,SUCCESS,0.0.731861,0.0.3964804,0.0.4138717@1783972276.776184987
0.0.1415516,42.04152179677985,SUCCESS,0.0.731861,0.0.3964804,0.0.4138717@1783972279.959157136
0.0.4766806,57.61981106138139,SUCCESS,0.0.731861,0.0.3964804,0.0.4138717@1783972281.910078804
0.0.1114728,0.0603354774466731,SUCCESS,0.0.731861,0.0.3964804,0.0.4138717@1783972277.937621457
0.0.7188749,6.445642309358148,SUCCESS,0.0.731861,0.0.3964804,0.0.4138717@1783972280.363030156
0.0.5957081,3.175733885718032,SUCCESS,0.0.731861,0.0.3964804,0.0.4138717@1783972278.372817208
0.0.4561752,6.271993705401755,SUCCESS,0.0.731861,0.0.3964804&0.0.5328590&0.0.6071041,0.0.4138717@1783972283.232392977
0.0.6258091,10.12972956023821,SUCCESS,0.0.731861,0.0.3964804,0.0.4138717@1783972280.147350081
0.0.6334018,6.105673058005437,SUCCESS,0.0.731861,0.0.3964804,0.0.4138717@1783972284.495444761
0.0.6315303,16.79479166278777,SUCCESS,0.0.731861,0.0.3964804,0.0.4138717@1783972283.310629198
0.0.6344703,14846.11480340234,SUCCESS,0.0.731861,0.0.3964804&0.0.4129330&0.0.6071041&0.0.6126395&0.0.8315114,0.0.4138717@1783972282.158993075
0.0.4899880,0.3451557191669088,SUCCESS,0.0.731861,0.0.3964804,0.0.4138717@1783972282.725408748
0.0.4595460,0.5673000890900379,SUCCESS,0.0.731861,0.0.3964804,0.0.4138717@1783972282.025390065
0.0.3159220,18.88283946523421,SUCCESS,0.0.731861,0.0.3964804,0.0.4138717@1783972284.188140531
0.0.7200618,0.09909054484028694,SUCCESS,0.0.731861,0.0.3964804,0.0.4138717@1783972284.785409958
0.0.1859919,0.6680274096304292,NOT_ASSOCIATED,0.0.731861,0.0.3964804,
0.0.4978453,43.87946057055849,SUCCESS,0.0.731861,0.0.3964804,0.0.4138717@1783972282.607412509
0.0.1233065,1.781782796866906,SUCCESS,0.0.731861,0.0.3964804,0.0.4138717@1783972286.149040104
0.0.6612734,0.03946588983455032,NOT_ASSOCIATED,0.0.731861,0.0.3964804,
0.0.5437974,5.247086134423927,SUCCESS,0.0.731861,0.0.3964804,0.0.4138717@1783972284.907047422
0.0.1448239,0.2695611955082461,SUCCESS,0.0.731861,0.0.3964804,0.0.4138717@1783972286.435940982
0.0.6232417,0.3183339650404079,SUCCESS,0.0.731861,0.0.3964804,0.0.4138717@1783972286.001415402
0.0.6933072,2.626226860386698,NOT_ASSOCIATED,0.0.731861,0.0.3964804,
0.0.760653,0.9861488405551415,SUCCESS,0.0.731861,0.0.3964804,0.0.4138717@1783972286.652576326
0.0.835625,51.83897199816035,SUCCESS,0.0.731861,0.0.3964804&0.0.3964827,0.0.4138717@1783972285.487381289
0.0.6674918,0.07537238185550879,SUCCESS,0.0.731861,0.0.3964804,0.0.4138717@1783972288.071839372
0.0.4360598,0.3382760815119442,SUCCESS,0.0.731861,0.0.3964804&0.0.5328590,0.0.4138717@1783972286.333899355
0.0.2123622,0.6716380774716006,SUCCESS,0.0.731861,0.0.3964804,0.0.4138717@1783972289.094642370
0.0.6324031,0.003947337319365874,SUCCESS,0.0.731861,0.0.3964804,0.0.4138717@1783972291.384315202
0.0.7835479,0.4692958421199331,SUCCESS,0.0.731861,0.0.3964804&0.0.3964827,0.0.4138717@1783972290.536137854
0.0.7570262,0.4151238526171623,SUCCESS,0.0.731861,0.0.3964804,0.0.4138717@1783972288.767872360
0.0.7421912,0.2279453958041196,SUCCESS,0.0.731861,0.0.3964804,0.0.4138717@1783972290.716424386
0.0.7791729,0.005019307601451791,NOT_ASSOCIATED,0.0.731861,0.0.3964804,
0.0.5739319,5.077673580548947,SUCCESS,0.0.731861,0.0.3964804,0.0.4138717@1783972293.409135059
0.0.7777028,3.296064233334989,NOT_ASSOCIATED,0.0.731861,0.0.3964804,
0.0.4752954,1.381283543183998,SUCCESS,0.0.731861,0.0.3964804,0.0.4138717@1783972294.118624592
0.0.3912896,0.9776678285244098,SUCCESS,0.0.731861,0.0.3964804,0.0.4138717@1783972290.174791723
0.0.4250725,0.7904857744452196,SUCCESS,0.0.731861,0.0.3964804,0.0.4138717@1783972295.641424080
0.0.2557514,5.12651992768126,SUCCESS,0.0.731861,0.0.3964804,0.0.4138717@1783972294.569040869
0.0.831661,13.20612021651585,SUCCESS,0.0.731861,0.0.3964804,0.0.4138717@1783972292.482819918
0.0.6256886,0.2319804561014643,SUCCESS,0.0.731861,0.0.3964804,0.0.4138717@1783972295.634628375
0.0.7638910,0.2328275100132667,SUCCESS,0.0.731861,0.0.3964804,0.0.4138717@1783972296.006271625
0.0.7610560,0.7822608524775538,NOT_ASSOCIATED,0.0.731861,0.0.3964804,
0.0.5314183,1.771575040888974,SUCCESS,0.0.731861,0.0.3964804,0.0.4138717@1783972297.739511019
0.0.4758052,0.8038767639781913,SUCCESS,0.0.731861,0.0.3964804,0.0.4138717@1783972295.266567981
0.0.4640278,0.4363872196198502,SUCCESS,0.0.731861,0.0.3964804,0.0.4138717@1783972298.190196138
0.0.1747288,18.37281390155249,SUCCESS,0.0.731861,0.0.3964804,0.0.4138717@1783972299.123745982
0.0.4741573,4.239110847874447,SUCCESS,0.0.731861,0.0.3964804,0.0.4138717@1783972297.164399713
0.0.4923529,0.008326426951148649,NOT_ASSOCIATED,0.0.731861,0.0.3964804,
0.0.1046906,0.1153623087452091,SUCCESS,0.0.731861,0.0.3964804,0.0.4138717@1783972297.220881654
0.0.4362017,7.492695625279072,SUCCESS,0.0.731861,0.0.3964804,0.0.4138717@1783972298.384307386
0.0.789990,0.332857727423257,SUCCESS,0.0.731861,0.0.3964804,0.0.4138717@1783972299.160095500
0.0.840487,14.66965841938389,SUCCESS,0.0.731861,0.0.3964804,0.0.4138717@1783972296.441605718
0.0.3295745,56.12751279894825,SUCCESS,0.0.731861,0.0.3964804,0.0.4138717@1783972298.165239029
0.0.435679,4556.927923372691,SUCCESS,0.0.731861,0.0.3964804&0.0.3964827&0.0.3964860&0.0.5328590,0.0.4138717@1783972299.171935255
0.0.2302824,0.01125637506915187,SUCCESS,0.0.731861,0.0.3964804,0.0.4138717@1783972298.347285146
0.0.4433604,0.3575952247018336,SUCCESS,0.0.731861,0.0.3964804&0.0.4601632,0.0.4138717@1783972301.611352859
0.0.4345176,0.4541850568715472,SUCCESS,0.0.731861,0.0.3964804,0.0.4138717@1783972303.547004511
0.0.5432163,0.2023607796806242,NOT_ASSOCIATED,0.0.731861,0.0.3964804,
0.0.4329551,75.36976429167521,SUCCESS,0.0.731861,0.0.3964804&0.0.3964827&0.0.3964855,0.0.4138717@1783972302.541574952
0.0.4799094,0.4935759294943214,SUCCESS,0.0.731861,0.0.3964804,0.0.4138717@1783972299.104362428
0.0.4659519,8.541762914948727,SUCCESS,0.0.731861,0.0.3964804,0.0.4138717@1783972301.035925366
0.0.6247418,0.2553053486999576,NOT_ASSOCIATED,0.0.731861,0.0.3964804,
0.0.6078189,19.9221221887811,SUCCESS,0.0.731861,0.0.3964804,0.0.4138717@1783972302.342142987
0.0.6058490,0.147976776211746,SUCCESS,0.0.731861,0.0.3964804,0.0.4138717@1783972302.272888898
0.0.1334605,50.80683252579652,SUCCESS,0.0.731861,0.0.3964804,0.0.4138717@1783972304.185902074
0.0.9196038,1.035572330976881,SUCCESS,0.0.731861,0.0.3964804,0.0.4138717@1783972304.159130796
0.0.6061106,2.069986295859462,NOT_ASSOCIATED,0.0.731861,0.0.3964804,
0.0.848151,1.699101517100842,SUCCESS,0.0.731861,0.0.3964804,0.0.4138717@1783972306.663741198
0.0.1388678,22.92955525379088,SUCCESS,0.0.731861,0.0.3964804,0.0.4138717@1783972307.325888689
0.0.4785387,102.102514409672,SUCCESS,0.0.731861,0.0.3964804&0.0.4601632,0.0.4138717@1783972308.089306406
0.0.4322023,6.203906923642149,SUCCESS,0.0.731861,0.0.3964804&0.0.3964855&0.0.4601632,0.0.4138717@1783972306.714705469
0.0.5060252,4.598218211153548,SUCCESS,0.0.731861,0.0.3964804&0.0.3964860,0.0.4138717@1783972306.857463303
0.0.5524338,0.2757954335186493,SUCCESS,0.0.731861,0.0.3964804,0.0.4138717@1783972307.453110627
0.0.9009997,2.363386081413313,NOT_ASSOCIATED,0.0.731861,0.0.3964804,
0.0.7788265,1.042561142773503,NOT_ASSOCIATED,0.0.731861,0.0.3964804,
0.0.8792600,0.01683637067281964,NOT_ASSOCIATED,0.0.731861,0.0.3964804,
0.0.8256574,0.03371243281575471,SUCCESS,0.0.731861,0.0.3964804,0.0.4138717@1783972307.120443392
0.0.8585468,0.005195289389974174,SUCCESS,0.0.731861,0.0.3964804,0.0.4138717@1783972311.485664767
0.0.1365814,1.744901681617373,SUCCESS,0.0.731861,0.0.3964804,0.0.4138717@1783972310.964814361
0.0.1459865,9.56839424516694,NOT_ASSOCIATED,0.0.731861,0.0.3964804,
0.0.9065767,4.308513983137654,SUCCESS,0.0.731861,0.0.3964804,0.0.4138717@1783972310.255269326
0.0.8198608,2.270550906643355,SUCCESS,0.0.731861,0.0.3964804,0.0.4138717@1783972307.368515863
0.0.8385016,1.856869949823381,SUCCESS,0.0.731861,0.0.3964804,0.0.4138717@1783972309.703656172
0.0.8414409,0.09073394463495404,SUCCESS,0.0.731861,0.0.3964804,0.0.4138717@1783972312.113491876
0.0.3077609,14.71577745328237,SUCCESS,0.0.731861,0.0.3964804,0.0.4138717@1783972312.639853929
0.0.8357089,3.579389283343795,NOT_ASSOCIATED,0.0.731861,0.0.3964804,
0.0.8357708,94.67609060591217,SUCCESS,0.0.731861,0.0.3964804,0.0.4138717@1783972311.838467660
0.0.8346544,17.04629742261596,NOT_ASSOCIATED,0.0.731861,0.0.3964804,
0.0.958821,89.00913873596346,SUCCESS,0.0.731861,0.0.3964804,0.0.4138717@1783972311.723560390
0.0.1118731,0.08535000232333538,SUCCESS,0.0.731861,0.0.3964804,0.0.4138717@1783972311.395201972
0.0.1403937,0.04882045857823951,SUCCESS,0.0.731861,0.0.3964804,0.0.4138717@1783972314.001254025
0.0.9177141,0.2902331601943382,NOT_ASSOCIATED,0.0.731861,0.0.3964804,
0.0.9086562,0.02063083300694353,SUCCESS,0.0.731861,0.0.3964804,0.0.4138717@1783972315.197175982
0.0.8392843,2.063005892713295,NOT_ASSOCIATED,0.0.731861,0.0.3964804,
0.0.9169121,1.835445349496644,SUCCESS,0.0.731861,0.0.3964804,0.0.4138717@1783972315.286320863
0.0.5042398,8.69519672560738,SUCCESS,0.0.731861,0.0.3964804,0.0.4138717@1783972311.876517693
0.0.53756,19.53987121300003,SUCCESS,0.0.731861,0.0.3964804,0.0.4138717@1783972315.840824485
0.0.689277,45.00579462320744,SUCCESS,0.0.731861,0.0.3964804,0.0.4138717@1783972313.473632381
0.0.1090802,0.410107528034776,SUCCESS,0.0.731861,0.0.3964804,0.0.4138717@1783972316.167183443
0.0.7550890,0.7085834808660908,SUCCESS,0.0.731861,0.0.3964804,0.0.4138717@1783972314.545109227
0.0.9095016,11.04352535731728,NOT_ASSOCIATED,0.0.731861,0.0.3964804,
0.0.7746903,0.4275805579649253,SUCCESS,0.0.731861,0.0.3964804,0.0.4138717@1783972319.244178640
0.0.2477582,1.691628548567488,NOT_ASSOCIATED,0.0.731861,0.0.3964804,
0.0.8059253,9.13007955028257,SUCCESS,0.0.731861,0.0.3964804,0.0.4138717@1783972317.936939545
0.0.1092596,5.423288622673897,SUCCESS,0.0.731861,0.0.3964804&0.0.3964860&0.0.4601632,0.0.4138717@1783972319.235325647
0.0.2006292,0.3008394070052862,SUCCESS,0.0.731861,0.0.3964804,0.0.4138717@1783972319.562060328
0.0.7912110,0.001707504291044282,NOT_ASSOCIATED,0.0.731861,0.0.3964804,
0.0.8056304,2.881972702004331,NOT_ASSOCIATED,0.0.731861,0.0.3964804,
0.0.7974195,211.1856996986676,SUCCESS,0.0.731861,0.0.3964804,0.0.4138717@1783972317.216692421
0.0.8156060,0.5976310577488374,SUCCESS,0.0.731861,0.0.3964804,0.0.4138717@1783972320.782610705
0.0.8032303,0.2958953753835296,SUCCESS,0.0.731861,0.0.3964804,0.0.4138717@1783972319.793768432
0.0.7965413,0.005045444468177308,NOT_ASSOCIATED,0.0.731861,0.0.3964804,
0.0.1481135,231.1663900730484,SUCCESS,0.0.731861,0.0.3964804&0.0.4601632,0.0.4138717@1783972318.150420568
0.0.7896816,81.96471008513161,NOT_ASSOCIATED,0.0.731861,0.0.3964804,
0.0.3947850,0.2073837961247634,SUCCESS,0.0.731861,0.0.3964804&0.0.3964860&0.0.5328590,0.0.4138717@1783972319.976058020
0.0.5905014,2.011789679059568,SUCCESS,0.0.731861,0.0.3964804,0.0.4138717@1783972319.152425247
0.0.1479857,5.784911129093662,SUCCESS,0.0.731861,0.0.3964804,0.0.4138717@1783972323.225448071
0.0.7913251,0.3543678198348532,SUCCESS,0.0.731861,0.0.3964804,0.0.4138717@1783972322.647638178
0.0.8042105,0.5907241590676505,NOT_ASSOCIATED,0.0.731861,0.0.3964804,
0.0.8298814,9.463379977284454,SUCCESS,0.0.731861,0.0.3964804,0.0.4138717@1783972320.440593579
0.0.7964752,0.02344937434350527,SUCCESS,0.0.731861,0.0.3964804,0.0.4138717@1783972319.693150596
0.0.2025203,0.4684873564420153,SUCCESS,0.0.731861,0.0.3964804,0.0.4138717@1783972321.399892182
0.0.8323906,95.46394085262716,NOT_ASSOCIATED,0.0.731861,0.0.3964804,
0.0.7049977,0.0469741605852094,NOT_ASSOCIATED,0.0.731861,0.0.3964804,
0.0.4867972,0.186957182797254,SUCCESS,0.0.731861,0.0.3964804,0.0.4138717@1783972325.798371863
0.0.8209324,3.191291169172235,SUCCESS,0.0.731861,0.0.3964804,0.0.4138717@1783972325.952421667
0.0.5761971,0.0008819803928634269,SUCCESS,0.0.731861,0.0.3964804,0.0.4138717@1783972324.069147639
0.0.7997139,0.6051417358252881,SUCCESS,0.0.731861,0.0.3964804,0.0.4138717@1783972324.357449708
0.0.4746343,0.00915472280264246,SUCCESS,0.0.731861,0.0.3964804,0.0.4138717@1783972325.178045615
0.0.5007636,0.5072337048310122,NOT_ASSOCIATED,0.0.731861,0.0.3964804,
0.0.833836,12.32589460079161,SUCCESS,0.0.731861,0.0.3964804,0.0.4138717@1783972325.203647382
0.0.8142528,0.1421992204503137,NOT_ASSOCIATED,0.0.731861,0.0.3964804,
0.0.8175769,1.318251505330728,SUCCESS,0.0.731861,0.0.3964804,0.0.4138717@1783972324.755538793
0.0.8178093,0.5063292488760963,NOT_ASSOCIATED,0.0.731861,0.0.3964804,
0.0.1906790,0.06412279225623264,SUCCESS,0.0.731861,0.0.3964804,0.0.4138717@1783972326.845350161
0.0.6630516,15.80661775639409,SUCCESS,0.0.731861,0.0.3964827,0.0.4138717@1783972328.203749505
0.0.4975045,258.3149547322473,SUCCESS,0.0.731861,0.0.3964827,0.0.4138717@1783972325.501055805
0.0.1079751,138.7391901846287,SUCCESS,0.0.731861,0.0.3964827,0.0.4138717@1783972326.395570666
0.0.7677057,58.70712716535398,SUCCESS,0.0.731861,0.0.3964827,0.0.4138717@1783972331.188275574
0.0.5239780,341.1451797401983,SUCCESS,0.0.731861,0.0.3964827,0.0.4138717@1783972329.924643483
0.0.7965416,0.1730021359100352,NOT_ASSOCIATED,0.0.731861,0.0.3964827,
0.0.4410999,6.298787069163159,SUCCESS,0.0.731861,0.0.3964827,0.0.4138717@1783972331.722806030
0.0.1065704,113.5690073091254,SUCCESS,0.0.731861,0.0.3964827,0.0.4138717@1783972330.380349546
0.0.4733298,9.167949883327353,SUCCESS,0.0.731861,0.0.3964827,0.0.4138717@1783972329.789161978
0.0.1107354,11.65746410203599,SUCCESS,0.0.731861,0.0.3964827,0.0.4138717@1783972328.856732986
0.0.857760,1.819737993603564,SUCCESS,0.0.731861,0.0.3964827,0.0.4138717@1783972329.053437424
0.0.10237841,35.18769487804975,SUCCESS,0.0.731861,0.0.3964827,0.0.4138717@1783972333.486714620
0.0.10233326,85.50421992522617,SUCCESS,0.0.731861,0.0.3964827,0.0.4138717@1783972329.871275874
0.0.8377520,181.6912436447248,SUCCESS,0.0.731861,0.0.3964827,0.0.4138717@1783972332.604251881
0.0.1406579,0.7875538967198952,SUCCESS,0.0.731861,0.0.3964827,0.0.4138717@1783972332.235047232
0.0.8778454,0.06750797238369113,SUCCESS,0.0.731861,0.0.3964827,0.0.4138717@1783972336.300937644
0.0.7947570,0.1725348529873494,SUCCESS,0.0.731861,0.0.3964827,0.0.4138717@1783972336.413621721
0.0.615626,15.23900553988343,SUCCESS,0.0.731861,0.0.3964827,0.0.4138717@1783972333.567095516
0.0.1700952,663.1109289312233,SUCCESS,0.0.731861,0.0.3964827&0.0.6071119,0.0.4138717@1783972335.209690535
0.0.2960128,1453.059139982915,SUCCESS,0.0.731861,0.0.3964827&0.0.10498274&0.0.10498278,0.0.4138717@1783972335.980771171
0.0.6288848,0.0937120084768974,SUCCESS,0.0.731861,0.0.3964827&0.0.6071119,0.0.4138717@1783972336.328676724
0.0.1120301,0.2145479251814144,SUCCESS,0.0.731861,0.0.3964827&0.0.3964855,0.0.4138717@1783972339.806319654
0.0.10505731,10592.28073804064,SUCCESS,0.0.731861,0.0.3964827&0.0.10498274,0.0.4138717@1783972337.216326544
0.0.4882076,29.5364356148854,SUCCESS,0.0.731861,0.0.3964827&0.0.3964855&0.0.4129330&0.0.5328590,0.0.4138717@1783972339.383627910
0.0.885667,5.677444863582919,SUCCESS,0.0.731861,0.0.3964827,0.0.4138717@1783972339.959675051
0.0.7776243,3.767691648463153,SUCCESS,0.0.731861,0.0.3964827,0.0.4138717@1783972337.989818783
0.0.2288443,275.5236884211956,SUCCESS,0.0.731861,0.0.3964827&0.0.4129330&0.0.5328590,0.0.4138717@1783972338.230952223
0.0.913930,2.558288441021028,SUCCESS,0.0.731861,0.0.3964827,0.0.4138717@1783972339.572888621
0.0.1391028,32.72196214142277,SUCCESS,0.0.731861,0.0.3964827,0.0.4138717@1783972338.361928974
0.0.4338112,0.09535139394923581,SUCCESS,0.0.731861,0.0.3964827,0.0.4138717@1783972338.887984096
0.0.1436265,13.61657447667202,SUCCESS,0.0.731861,0.0.3964827,0.0.4138717@1783972341.042452730
0.0.4737222,3.09882235746775,SUCCESS,0.0.731861,0.0.3964827,0.0.4138717@1783972340.909422026
0.0.1061257,261.1779456328986,SUCCESS,0.0.731861,0.0.3964827&0.0.4601632&0.0.5328590,0.0.4138717@1783972342.468508626
0.0.6109726,76.41761258587405,SUCCESS,0.0.731861,0.0.3964827,0.0.4138717@1783972343.542257333
0.0.7870892,5.103731609749241,SUCCESS,0.0.731861,0.0.3964827,0.0.4138717@1783972340.986434907
0.0.7595440,278.5703050390404,SUCCESS,0.0.731861,0.0.3964827,0.0.4138717@1783972343.593193696
0.0.479120,4800.848785117127,SUCCESS,0.0.731861,0.0.3964827&0.0.4129330,0.0.4138717@1783972342.750210354
0.0.7486751,8.264351838325503,SUCCESS,0.0.731861,0.0.3964827&0.0.4601632,0.0.4138717@1783972345.588580575
0.0.1392115,400.3804312617388,SUCCESS,0.0.731861,0.0.3964827&0.0.4129330,0.0.4138717@1783972345.075069097
0.0.611948,42.12570413726289,SUCCESS,0.0.731861,0.0.3964827,0.0.4138717@1783972347.201943900
0.0.1750137,233.9099809893468,SUCCESS,0.0.731861,0.0.3964827,0.0.4138717@1783972348.648747150
0.0.1006425,196.7957392472066,SUCCESS,0.0.731861,0.0.3964827,0.0.4138717@1783972345.414413337
0.0.4793606,66.99484520110074,SUCCESS,0.0.731861,0.0.3964827&0.0.5328590,0.0.4138717@1783972347.892621916
0.0.3443413,26.48112690819585,SUCCESS,0.0.731861,0.0.3964827&0.0.4601632,0.0.4138717@1783972345.298736903
0.0.4364640,19.26726244987626,SUCCESS,0.0.731861,0.0.3964827,0.0.4138717@1783972349.825721407
0.0.4348609,238.0854873709072,SUCCESS,0.0.731861,0.0.3964827&0.0.5328590,0.0.4138717@1783972350.431535991
0.0.4344919,10.94432547755671,SUCCESS,0.0.731861,0.0.3964827,0.0.4138717@1783972347.528295381
0.0.5447658,0.7016829172578193,SUCCESS,0.0.731861,0.0.3964827,0.0.4138717@1783972351.017474761
0.0.1087560,95.28324796655923,SUCCESS,0.0.731861,0.0.3964827&0.0.3964855,0.0.4138717@1783972350.677749355
0.0.839408,118.7623802341295,SUCCESS,0.0.731861,0.0.3964827,0.0.4138717@1783972349.995399368
0.0.834607,40.68512900843272,SUCCESS,0.0.731861,0.0.3964827,0.0.4138717@1783972353.484175053
0.0.849606,225.1097248358837,SUCCESS,0.0.731861,0.0.3964827&0.0.6071119,0.0.4138717@1783972350.305269958
0.0.1400872,373.9392628097964,SUCCESS,0.0.731861,0.0.3964827&0.0.4129330&0.0.5328590&0.0.6071911,0.0.4138717@1783972349.457767319
0.0.3169781,0.1381104567214949,SUCCESS,0.0.731861,0.0.3964827,0.0.4138717@1783972353.858276485
0.0.5377617,90.75331160896772,SUCCESS,0.0.731861,0.0.3964855,0.0.4138717@1783972355.272726480
0.0.4861302,18.20324013965604,SUCCESS,0.0.731861,0.0.3964855&0.0.4601632,0.0.4138717@1783972352.149214729
0.0.1423973,5.44219474009926e-8,SUCCESS,0.0.731861,0.0.3964855,0.0.4138717@1783972355.418743921
0.0.1008009,56.95341629688831,SUCCESS,0.0.731861,0.0.3964855&0.0.4601632&0.0.5328590,0.0.4138717@1783972356.152292588
0.0.1054756,5908.87803431421,SUCCESS,0.0.731861,0.0.3964855,0.0.4138717@1783972352.931695976
0.0.1228872,3.18912861419111,SUCCESS,0.0.731861,0.0.3964855,0.0.4138717@1783972358.169388885
0.0.5734968,37.94472170912201,SUCCESS,0.0.731861,0.0.3964860,0.0.4138717@1783972355.544166550
0.0.1509692,1241.919019883061,SUCCESS,0.0.731861,0.0.3964860,0.0.4138717@1783972357.198038553
0.0.643109,11535.36765129933,SUCCESS,0.0.731861,0.0.3964860,0.0.4138717@1783972359.330647637
0.0.509141,38.12812097801465,SUCCESS,0.0.731861,0.0.3964860,0.0.4138717@1783972359.238948162
0.0.8257213,22.79412851372371,SUCCESS,0.0.731861,0.0.3964860,0.0.4138717@1783972357.127357818
0.0.9375318,0.00002034726490083634,SUCCESS,0.0.731861,0.0.3964860,0.0.4138717@1783972357.700565002
0.0.10164768,3388.060425501426,SUCCESS,0.0.731861,0.0.3964860,0.0.4138717@1783972358.672555601
0.0.9371968,0.0004176620103914463,SUCCESS,0.0.731861,0.0.3964860,0.0.4138717@1783972361.171453303
0.0.868627,1847.426292790255,SUCCESS,0.0.731861,0.0.3964860,0.0.4138717@1783972362.934119826
0.0.4614528,132.1060568970891,SUCCESS,0.0.731861,0.0.3964860&0.0.5328590,0.0.4138717@1783972361.805541414
0.0.9144335,18.94139521363246,SUCCESS,0.0.731861,0.0.3964860,0.0.4138717@1783972364.030973835
0.0.9371874,0.000189363161942729,SUCCESS,0.0.731861,0.0.3964860,0.0.4138717@1783972360.261276833
0.0.4718583,0.005042265555802515,SUCCESS,0.0.731861,0.0.4129330,0.0.4138717@1783972364.020648426
0.0.3293439,9.269753477959524,SUCCESS,0.0.731861,0.0.4129330,0.0.4138717@1783972360.920346107
0.0.8410631,0.3660793664524593,SUCCESS,0.0.731861,0.0.4129330&0.0.4601632,0.0.4138717@1783972361.591988037
0.0.702183,3592.242469993731,SUCCESS,0.0.731861,0.0.4129330,0.0.4138717@1783972364.639531062
0.0.795325,0.3341956329997015,SUCCESS,0.0.731861,0.0.4129330,0.0.4138717@1783972362.469953739
0.0.4606843,0.008552251457903635,SUCCESS,0.0.731861,0.0.4129330&0.0.4601632,0.0.4138717@1783972363.603301089
0.0.2960424,0.2443213450973495,SUCCESS,0.0.731861,0.0.4129330,0.0.4138717@1783972365.516309616
0.0.261557,1.244370057324325,SUCCESS,0.0.731861,0.0.4129330,0.0.4138717@1783972363.916732418
0.0.4625345,13.49143455281534,SUCCESS,0.0.731861,0.0.4129330,0.0.4138717@1783972367.441799329
0.0.4754452,0.5216399609759593,SUCCESS,0.0.731861,0.0.4129330,0.0.4138717@1783972368.271086697
0.0.839840,13.9286307266773,SUCCESS,0.0.731861,0.0.4129330&0.0.4601632&0.0.5328590,0.0.4138717@1783972368.487882456
0.0.842464,0.3745413887688316,SUCCESS,0.0.731861,0.0.4129330,0.0.4138717@1783972366.633122149
0.0.972955,1.724771808254145e-8,SUCCESS,0.0.731861,0.0.4129330,0.0.4138717@1783972370.387672756
0.0.856304,0.0259049400597163,SUCCESS,0.0.731861,0.0.4129330,0.0.4138717@1783972367.147370382
0.0.864984,139.1424491142782,SUCCESS,0.0.731861,0.0.4601632,0.0.4138717@1783972370.927600963
0.0.4363256,158.9559969426826,SUCCESS,0.0.731861,0.0.4601632,0.0.4138717@1783972370.761236819
0.0.10031144,13.61214809544416,NOT_ASSOCIATED,0.0.731861,0.0.4601632,
0.0.1460111,1.103783747908995,SUCCESS,0.0.731861,0.0.4601632,0.0.4138717@1783972368.928214237
0.0.5002435,4.61752322023445,SUCCESS,0.0.731861,0.0.4601632,0.0.4138717@1783972370.980000855
0.0.5255642,1.256768895245741,SUCCESS,0.0.731861,0.0.4601632,0.0.4138717@1783972369.132433550
0.0.5972520,32.37953426414516,SUCCESS,0.0.731861,0.0.4601632,0.0.4138717@1783972370.402622028
0.0.4414004,483.7604067431345,NOT_ASSOCIATED,0.0.731861,0.0.4601632,
0.0.1518521,1.801873758262974,SUCCESS,0.0.731861,0.0.4601632,0.0.4138717@1783972371.124577415
0.0.6463609,0.811157666710537,NOT_ASSOCIATED,0.0.731861,0.0.4601632,
0.0.1405765,61.3687267694561,SUCCESS,0.0.731861,0.0.4601632,0.0.4138717@1783972370.003113718
0.0.4730774,160.0487934902478,SUCCESS,0.0.731861,0.0.4601632,0.0.4138717@1783972370.995277935
0.0.1337729,36.1067879357077,SUCCESS,0.0.731861,0.0.4601632,0.0.4138717@1783972372.750015698
0.0.816727,34.36082500693651,SUCCESS,0.0.731861,0.0.4601632,0.0.4138717@1783972374.797440665
0.0.4403472,1.329987047471134,SUCCESS,0.0.731861,0.0.4601632,0.0.4138717@1783972372.372767793
0.0.10031150,1.302327767224086,NOT_ASSOCIATED,0.0.731861,0.0.4601632,
0.0.1075845,22.40958420212712,SUCCESS,0.0.731861,0.0.4601632,0.0.4138717@1783972375.615768705
0.0.9386020,6896.981264355103,SUCCESS,0.0.731861,0.0.4601632,0.0.4138717@1783972377.407034294
0.0.7778674,314.7082935109956,SUCCESS,0.0.731861,0.0.4601632&0.0.5328590,0.0.4138717@1783972373.638390469
0.0.4358401,66.60628066355422,SUCCESS,0.0.731861,0.0.4601632&0.0.5328590,0.0.4138717@1783972374.764845728
0.0.3870061,466.8015490202373,SUCCESS,0.0.731861,0.0.4601632,0.0.4138717@1783972374.607761243
0.0.853115,0.1392366563650857,SUCCESS,0.0.731861,0.0.4601632,0.0.4138717@1783972375.284044854
0.0.3828466,87.96073193412444,SUCCESS,0.0.731861,0.0.4601632,0.0.4138717@1783972375.805647791
0.0.7480837,135.5068459352936,SUCCESS,0.0.731861,0.0.4601632&0.0.5328590,0.0.4138717@1783972376.021974618
0.0.3288713,1.877793138170561,SUCCESS,0.0.731861,0.0.4601632,0.0.4138717@1783972377.345003026
0.0.912306,3.414633857958453,SUCCESS,0.0.731861,0.0.4601632,0.0.4138717@1783972381.021748772
0.0.1186570,57.03818317602531,SUCCESS,0.0.731861,0.0.4601632,0.0.4138717@1783972381.295700097
0.0.3917694,145.4240417736681,SUCCESS,0.0.731861,0.0.4601632,0.0.4138717@1783972381.801864850
0.0.4153394,10651.10502083785,SUCCESS,0.0.731861,0.0.4601632,0.0.4138717@1783972379.030866456
0.0.1060925,8.611959989230819,SUCCESS,0.0.731861,0.0.4601632,0.0.4138717@1783972381.093074907
0.0.7482624,0.7703495321663616,NOT_ASSOCIATED,0.0.731861,0.0.4601632,
0.0.821010,1.980220658145049,SUCCESS,0.0.731861,0.0.4601632,0.0.4138717@1783972379.114730060
0.0.3273852,3.294577017607413,SUCCESS,0.0.731861,0.0.4601632,0.0.4138717@1783972380.082302681
0.0.8431266,0.3248141004717779,SUCCESS,0.0.731861,0.0.4601632,0.0.4138717@1783972382.472885820
0.0.227955,0.5117991942088889,SUCCESS,0.0.731861,0.0.4601632&0.0.8315114,0.0.4138717@1783972381.557776250
0.0.7288906,1.007214830469542,NOT_ASSOCIATED,0.0.731861,0.0.4601632,
0.0.1860200,0.0006615277676206456,SUCCESS,0.0.731861,0.0.4601632,0.0.4138717@1783972384.082393652
0.0.1111312,1.653982968117981,SUCCESS,0.0.731861,0.0.4601632,0.0.4138717@1783972381.130777577
0.0.1997076,29.3342758514217,SUCCESS,0.0.731861,0.0.4601632,0.0.4138717@1783972383.513981485
0.0.7684662,7.608953857567012,SUCCESS,0.0.731861,0.0.4601632,0.0.4138717@1783972384.828925699
0.0.4154591,87.21217577606481,SUCCESS,0.0.731861,0.0.4601632&0.0.5328590,0.0.4138717@1783972383.660215458
0.0.1020586,185.19481095114,SUCCESS,0.0.731861,0.0.4601632&0.0.5328590,0.0.4138717@1783972385.557390421
0.0.4753601,0.1862353456686566,SUCCESS,0.0.731861,0.0.4601632,0.0.4138717@1783972384.736274344
0.0.3932850,11.79395791263411,SUCCESS,0.0.731861,0.0.4601632,0.0.4138717@1783972385.142510133
0.0.3705687,0.0001389989428629402,SUCCESS,0.0.731861,0.0.4601632,0.0.4138717@1783972386.721797740
0.0.4367704,0.0000804215578985816,SUCCESS,0.0.731861,0.0.4601632,0.0.4138717@1783972387.681337275
0.0.10045691,6.745430443303139,SUCCESS,0.0.731861,0.0.4601632,0.0.4138717@1783972386.104728976
0.0.8831938,1.680536390062725,SUCCESS,0.0.731861,0.0.4601632,0.0.4138717@1783972387.166733399
0.0.9745450,3.405919638356744,SUCCESS,0.0.731861,0.0.4601632,0.0.4138717@1783972390.280214247
0.0.9210897,1.968447026637096,SUCCESS,0.0.731861,0.0.4601632,0.0.4138717@1783972391.826739033
0.0.1217090,92.84694177931242,SUCCESS,0.0.731861,0.0.4601632,0.0.4138717@1783972389.763682383
0.0.1074067,1.686776190901898,SUCCESS,0.0.731861,0.0.4601632,0.0.4138717@1783972389.819577362
0.0.2114355,0.00001950685258514523,SUCCESS,0.0.731861,0.0.4601632,0.0.4138717@1783972389.920888981
0.0.3158284,0.3295163580458139,SUCCESS,0.0.731861,0.0.4601632,0.0.4138717@1783972391.062809138
0.0.660703,1.479552034793631,SUCCESS,0.0.731861,0.0.4601632,0.0.4138717@1783972393.433016847
0.0.731707,0.01503435313701668,SUCCESS,0.0.731861,0.0.4601632,0.0.4138717@1783972397.052875909
0.0.704807,1.689229280664003,SUCCESS,0.0.731861,0.0.4601632,0.0.4138717@1783972393.356013099
0.0.175313,0.09667540158025283,SUCCESS,0.0.731861,0.0.4601632,0.0.4138717@1783972398.880360131
0.0.837339,0.762172711201645,SUCCESS,0.0.731861,0.0.4601632,0.0.4138717@1783972396.295480561
0.0.707819,0.3084449606206831,SUCCESS,0.0.731861,0.0.4601632,0.0.4138717@1783972399.416885967
0.0.2999419,0.006426958372761512,SUCCESS,0.0.731861,0.0.4601632,0.0.4138717@1783972397.715376461
0.0.4797402,0.0002125040776905842,SUCCESS,0.0.731861,0.0.4601632,0.0.4138717@1783972396.334015699
0.0.860846,0.0009447019855983274,SUCCESS,0.0.731861,0.0.4601632,0.0.4138717@1783972397.268149176
0.0.877043,2.032801916257249,SUCCESS,0.0.731861,0.0.4601632,0.0.4138717@1783972398.852670954
0.0.1287040,0.5641539925269334,SUCCESS,0.0.731861,0.0.4601632,0.0.4138717@1783972398.237047405
0.0.851606,0.00006240807917218459,SUCCESS,0.0.731861,0.0.4601632,0.0.4138717@1783972399.439769307
0.0.4559156,0.006689342559784675,SUCCESS,0.0.731861,0.0.4601632,0.0.4138717@1783972401.850384008
0.0.6049415,0.00002444255810589387,SUCCESS,0.0.731861,0.0.4601632,0.0.4138717@1783972402.712560934
0.0.1872630,3.922628354968709,SUCCESS,0.0.731861,0.0.4601632,0.0.4138717@1783972400.342978487
0.0.3161895,0.07942705061196458,SUCCESS,0.0.731861,0.0.4601632,0.0.4138717@1783972400.053945842
0.0.3092477,29.10517563065886,SUCCESS,0.0.731861,0.0.5328590,0.0.4138717@1783972403.621855180
0.0.9151827,0.01574763987401481,NOT_ASSOCIATED,0.0.731861,0.0.5328590,
0.0.4587141,8.003434871156633,SUCCESS,0.0.731861,0.0.5328590,0.0.4138717@1783972401.385293041
0.0.9312249,23.63200503878842,SUCCESS,0.0.731861,0.0.5328590,0.0.4138717@1783972405.327336494
0.0.1009100,0.02890957539696597,NOT_ASSOCIATED,0.0.731861,0.0.5328590,
0.0.946745,1135.312747191401,SUCCESS,0.0.731861,0.0.5328590,0.0.4138717@1783972402.302531158
0.0.9641103,129.5884372685956,SUCCESS,0.0.731861,0.0.5328590&0.0.6071119,0.0.4138717@1783972404.681562896
0.0.9364499,1.689813078616915,SUCCESS,0.0.731861,0.0.5328590,0.0.4138717@1783972403.749153697
0.0.7731260,5.973636531857961,SUCCESS,0.0.731861,0.0.5328590,0.0.4138717@1783972404.277116493
0.0.818068,155.8716288389712,SUCCESS,0.0.731861,0.0.5328590,0.0.4138717@1783972407.448317141
0.0.5702106,1.738578023222897,SUCCESS,0.0.731861,0.0.5328590,0.0.4138717@1783972407.199815950
0.0.10047974,22.57956267735744,SUCCESS,0.0.731861,0.0.5328590,0.0.4138717@1783972407.150032965
0.0.1404223,0.1197133086296584,SUCCESS,0.0.731861,0.0.5328590&0.0.6071041,0.0.4138717@1783972408.225658378
0.0.10375094,90.37646423899707,NOT_ASSOCIATED,0.0.731861,0.0.5328590,
0.0.52671,514.3230775261761,SUCCESS,0.0.731861,0.0.5328590,0.0.4138717@1783972409.180032295
0.0.4362264,1.129103572731279,NOT_ASSOCIATED,0.0.731861,0.0.5328590,
0.0.9276478,0.1290639944589385,SUCCESS,0.0.731861,0.0.5328590,0.0.4138717@1783972410.769509196
0.0.1324089,3.556262418881026,SUCCESS,0.0.731861,0.0.5328590&0.0.6071041,0.0.4138717@1783972410.095652405
0.0.9237387,253.842123882596,SUCCESS,0.0.731861,0.0.5328590,0.0.4138717@1783972411.392136006
0.0.3868695,217.1470295284357,SUCCESS,0.0.731861,0.0.5328590,0.0.4138717@1783972409.194186224
0.0.9802061,32.4698331819439,SUCCESS,0.0.731861,0.0.5328590&0.0.6071119,0.0.4138717@1783972410.924235251
0.0.8113026,1.222508217423923,SUCCESS,0.0.731861,0.0.5328590,0.0.4138717@1783972413.152791267
0.0.9588454,10.91302476945136,SUCCESS,0.0.731861,0.0.5328590,0.0.4138717@1783972414.139743680
0.0.10031110,39163.04519681393,NOT_ASSOCIATED,0.0.731861,0.0.5328590,
0.0.10031113,22949.733499561,NOT_ASSOCIATED,0.0.731861,0.0.5328590,
0.0.7734907,20.10264963955931,SUCCESS,0.0.731861,0.0.5328590,0.0.4138717@1783972413.185665029
0.0.1460265,2900.154875574895,SUCCESS,0.0.731861,0.0.5328590,0.0.4138717@1783972412.601041349
0.0.7214343,2559.932526388297,SUCCESS,0.0.731861,0.0.5328590,0.0.4138717@1783972412.582305093
0.0.10284472,110.1656130598727,SUCCESS,0.0.731861,0.0.5328590,0.0.4138717@1783972416.251079459
0.0.2319846,141.6098024456701,NOT_ASSOCIATED,0.0.731861,0.0.5328590,
0.0.9401455,18.60204110914283,SUCCESS,0.0.731861,0.0.5328590,0.0.4138717@1783972414.917101130
0.0.822616,722.395367785504,SUCCESS,0.0.731861,0.0.5328590,0.0.4138717@1783972417.557728264
0.0.1425168,18.92035025365682,SUCCESS,0.0.731861,0.0.5328590,0.0.4138717@1783972417.054818502
0.0.1105713,77.25889956157124,SUCCESS,0.0.731861,0.0.5328590,0.0.4138717@1783972419.086206888
0.0.5052897,6.257602896087606,SUCCESS,0.0.731861,0.0.5328590,0.0.4138717@1783972414.939036969
0.0.10091451,70.43919814966318,SUCCESS,0.0.731861,0.0.5328590,0.0.4138717@1783972420.175273971
0.0.1002430,6616.578297433868,SUCCESS,0.0.731861,0.0.5328590,0.0.4138717@1783972417.634339653
0.0.1281501,101.8517574002765,SUCCESS,0.0.731861,0.0.5328590,0.0.4138717@1783972421.227536049
0.0.4356483,259.3113856112413,SUCCESS,0.0.731861,0.0.5328590,0.0.4138717@1783972421.199487645
0.0.4426658,260.509005423858,SUCCESS,0.0.731861,0.0.5328590,0.0.4138717@1783972418.460566587
0.0.599260,2.643218224712586,SUCCESS,0.0.731861,0.0.5328590,0.0.4138717@1783972418.274702877
0.0.4364713,198.9470822272725,SUCCESS,0.0.731861,0.0.5328590,0.0.4138717@1783972420.245515902
0.0.4742691,10.06945636442624,SUCCESS,0.0.731861,0.0.5328590,0.0.4138717@1783972420.244147266
0.0.540025,5.605438560720839,SUCCESS,0.0.731861,0.0.5328590,0.0.4138717@1783972423.728477290
0.0.787993,317.8402522959352,SUCCESS,0.0.731861,0.0.5328590,0.0.4138717@1783972420.417383181
0.0.701191,8.266740514807015,SUCCESS,0.0.731861,0.0.5328590,0.0.4138717@1783972424.665274568
0.0.5151429,3.196528139351688,SUCCESS,0.0.731861,0.0.5328590,0.0.4138717@1783972425.255030951
0.0.8499794,74.81538472888006,SUCCESS,0.0.731861,0.0.5328590,0.0.4138717@1783972425.261288884
0.0.1422243,1632.849943305111,SUCCESS,0.0.731861,0.0.5328590,0.0.4138717@1783972423.707123341
0.0.4337803,46.09338937402819,SUCCESS,0.0.731861,0.0.5328590,0.0.4138717@1783972422.616088191
0.0.4839415,2.163265753195307,SUCCESS,0.0.731861,0.0.5328590,0.0.4138717@1783972424.231688086
0.0.638193,209.4826511890297,SUCCESS,0.0.731861,0.0.5328590,0.0.4138717@1783972426.610230762
0.0.6003880,2.015079839417742,SUCCESS,0.0.731861,0.0.5328590,0.0.4138717@1783972424.758324629
0.0.9859739,39.86057301999107,SUCCESS,0.0.731861,0.0.5328590,0.0.4138717@1783972429.268538504
0.0.9304292,433.9418685480504,SUCCESS,0.0.731861,0.0.5328590,0.0.4138717@1783972427.101720099
0.0.4362583,0.008813491203955772,SUCCESS,0.0.731861,0.0.5328590,0.0.4138717@1783972427.811509508
0.0.9885066,3.690940136133014,SUCCESS,0.0.731861,0.0.5328590,0.0.4138717@1783972425.661651581
0.0.712902,1796.94534650767,SUCCESS,0.0.731861,0.0.5328590,0.0.4138717@1783972430.402089820
0.0.1316556,856.5101500967102,SUCCESS,0.0.731861,0.0.5328590,0.0.4138717@1783972429.558022575
0.0.608244,17.22108197180449,SUCCESS,0.0.731861,0.0.5328590,0.0.4138717@1783972430.178806316
0.0.1017499,1561.220223232489,SUCCESS,0.0.731861,0.0.5328590,0.0.4138717@1783972432.202472736
0.0.1082181,912.5479684995358,SUCCESS,0.0.731861,0.0.5328590,0.0.4138717@1783972431.138562783
0.0.1054113,530.9793507217742,SUCCESS,0.0.731861,0.0.5328590,0.0.4138717@1783972429.783779487
0.0.4348988,1.036614343602492,SUCCESS,0.0.731861,0.0.5328590,0.0.4138717@1783972430.175989124
0.0.4320148,803.0650545779216,SUCCESS,0.0.731861,0.0.5328590&0.0.10092996&0.0.10093026,0.0.4138717@1783972433.360170099
0.0.7523706,423.6907189115801,NOT_ASSOCIATED,0.0.731861,0.0.5328590,
0.0.1444388,11.08706121144828,SUCCESS,0.0.731861,0.0.5328590,0.0.4138717@1783972434.192893325
0.0.8426856,7.233959130927361,SUCCESS,0.0.731861,0.0.5328590,0.0.4138717@1783972435.345680050
0.0.9214791,10.32003297314065,SUCCESS,0.0.731861,0.0.5328590,0.0.4138717@1783972434.780238067
0.0.1251063,129.9264679604792,SUCCESS,0.0.731861,0.0.5328590,0.0.4138717@1783972434.412475619
0.0.1027780,2028.928764994181,SUCCESS,0.0.731861,0.0.5328590,0.0.4138717@1783972435.575437742
0.0.10010228,86.98110263506285,SUCCESS,0.0.731861,0.0.5328590,0.0.4138717@1783972438.220616360
0.0.6298433,4.719927463780069,SUCCESS,0.0.731861,0.0.5328590,0.0.4138717@1783972437.865866727
0.0.7562963,410.6930153961893,SUCCESS,0.0.731861,0.0.5328590,0.0.4138717@1783972440.041773839
0.0.9119461,0.005695323189738239,SUCCESS,0.0.731861,0.0.5328590&0.0.6071119&0.0.8315114,0.0.4138717@1783972438.320713993
0.0.8128261,0.03683381510528067,SUCCESS,0.0.731861,0.0.5328590,0.0.4138717@1783972440.719262005
0.0.2365584,267.1520251762472,SUCCESS,0.0.731861,0.0.5328590,0.0.4138717@1783972440.094370118
0.0.5068949,1.203143720000125,SUCCESS,0.0.731861,0.0.5328590,0.0.4138717@1783972441.063102814
0.0.696926,27.67964303892298,SUCCESS,0.0.731861,0.0.5328590,0.0.4138717@1783972444.640800645
0.0.6157135,964.131634694852,SUCCESS,0.0.731861,0.0.5328590,0.0.4138717@1783972442.054293549
0.0.7326025,0.4771064062111611,SUCCESS,0.0.731861,0.0.5328590&0.0.6071119,0.0.4138717@1783972446.493115689
0.0.9093010,0.2722090113999445,SUCCESS,0.0.731861,0.0.5328590,0.0.4138717@1783972446.299503809
0.0.7852259,62.65405858158773,SUCCESS,0.0.731861,0.0.5328590,0.0.4138717@1783972448.710576008
0.0.7171484,0.9767352417159726,SUCCESS,0.0.731861,0.0.5328590,0.0.4138717@1783972448.013393245
0.0.635990,16.02289473250169,SUCCESS,0.0.731861,0.0.5328590,0.0.4138717@1783972447.737077176
0.0.5500943,0.267339472118549,SUCCESS,0.0.731861,0.0.6071041,0.0.4138717@1783972447.881846565
0.0.2328171,461.401978943144,NOT_ASSOCIATED,0.0.731861,0.0.6071041,
0.0.1462131,0.001787901599597906,SUCCESS,0.0.731861,0.0.6071041,0.0.4138717@1783972446.870709159
0.0.896352,2.133758067664159,SUCCESS,0.0.731861,0.0.6071041,0.0.4138717@1783972451.475269096
0.0.1465466,0.03659059309237859,SUCCESS,0.0.731861,0.0.6071119,0.0.4138717@1783972452.719350717
0.0.4041275,349.874435200186,SUCCESS,0.0.731861,0.0.6071119,0.0.4138717@1783972450.213977383
0.0.10031184,993.371714173256,NOT_ASSOCIATED,0.0.731861,0.0.6071119,
0.0.10031183,169.6345194699357,NOT_ASSOCIATED,0.0.731861,0.0.6071119,
0.0.2174967,78.33284595211481,SUCCESS,0.0.731861,0.0.6071119,0.0.4138717@1783972451.101078364
0.0.5729027,7.888499654377301,SUCCESS,0.0.731861,0.0.6071119,0.0.4138717@1783972451.800665538
0.0.5740497,1564.454835472036,SUCCESS,0.0.731861,0.0.6071119,0.0.4138717@1783972452.995208339
0.0.833139,7.946620611261642,SUCCESS,0.0.731861,0.0.6071119,0.0.4138717@1783972450.224156231
0.0.6892983,563.2306674223405,SUCCESS,0.0.731861,0.0.6071119,0.0.4138717@1783972455.582845179
0.0.2137399,12.01553761975604,SUCCESS,0.0.731861,0.0.6071119,0.0.4138717@1783972455.496246875
0.0.3704330,5012.927407006418,SUCCESS,0.0.731861,0.0.6071911,0.0.4138717@1783972453.268938128
0.0.10178497,0.05273238458411194,SUCCESS,0.0.731861,0.0.6071911,0.0.4138717@1783972452.466475000
0.0.2997555,0.2092732196142273,SUCCESS,0.0.731861,0.0.6078459,0.0.4138717@1783972452.432036969
0.0.6082528,3163.548245995867,SUCCESS,0.0.731861,0.0.6078459,0.0.4138717@1783972454.869296345
0.0.7200098,221.033486025106,SUCCESS,0.0.731861,0.0.6078459,0.0.4138717@1783972454.952506056
0.0.7857493,4783.134981056111,NOT_ASSOCIATED,0.0.731861,0.0.6078459,
0.0.953203,1131.285695199644,SUCCESS,0.0.731861,0.0.6078473,0.0.4138717@1783972457.559723515
0.0.6080537,1693.923315482632,SUCCESS,0.0.731861,0.0.6078473,0.0.4138717@1783972454.846758833
0.0.9471068,61.60260921337717,SUCCESS,0.0.731861,0.0.6078473,0.0.4138717@1783972455.298392203
0.0.8208716,2837.613553365446,SUCCESS,0.0.731861,0.0.6078473,0.0.4138717@1783972457.718348589
0.0.1421971,14.7243160214472,SUCCESS,0.0.731861,0.0.6126395,0.0.4138717@1783972459.953622956
0.0.972940,0.01634992732063325,SUCCESS,0.0.731861,0.0.6126395,0.0.4138717@1783972460.631715541
0.0.838563,0.6875500729058326,SUCCESS,0.0.731861,0.0.6126395,0.0.4138717@1783972460.594945659
0.0.4987474,0.00005233119168863908,SUCCESS,0.0.731861,0.0.6126395,0.0.4138717@1783972457.988216666
0.0.4544022,80.68873938924659,NOT_ASSOCIATED,0.0.731861,0.0.8315114,
0.0.1033719,5.727198288027472,SUCCESS,0.0.731861,0.0.8315114,0.0.4138717@1783972461.794934673
0.0.1109176,0.01989760509212501,SUCCESS,0.0.731861,0.0.8315114,0.0.4138717@1783972460.684150723
0.0.9940020,0.04109240906602038,SUCCESS,0.0.731861,0.0.8315114,0.0.4138717@1783972462.883138709
0.0.8077069,364.5805640104314,SUCCESS,0.0.731861,0.0.8315114,0.0.4138717@1783972464.017509707
0.0.8085924,0.2554723643750393,SUCCESS,0.0.731861,0.0.8315114,0.0.4138717@1783972462.744369230
0.0.10031160,40.53793469826663,NOT_ASSOCIATED,0.0.731861,0.0.8315114,
0.0.10031155,0.1142147139188382,NOT_ASSOCIATED,0.0.731861,0.0.8315114,
0.0.10267181,0.6862532466862789,NOT_ASSOCIATED,0.0.731861,0.0.8315114,
0.0.10267182,0.08549969460410599,NOT_ASSOCIATED,0.0.731861,0.0.8315114,
0.0.10432879,0.007047262401829377,SUCCESS,0.0.731861,0.0.8315114,0.0.4138717@1783972462.951066310
0.0.9695763,4053.595321079158,SUCCESS,0.0.731861,0.0.8315114,0.0.4138717@1783972461.669841804
0.0.8192889,269.0446172811723,SUCCESS,0.0.731861,0.0.8315114,0.0.4138717@1783972464.729553659
0.0.8712714,1.859207174856243,SUCCESS,0.0.731861,0.0.8315114,0.0.4138717@1783972466.543883726
0.0.8326917,2.728259662537778,NOT_ASSOCIATED,0.0.731861,0.0.8315114,
0.0.7688939,0.03547112749831274,SUCCESS,0.0.731861,0.0.8315114,0.0.4138717@1783972464.900718808
0.0.3311267,0.004818607780588592,NOT_ASSOCIATED,0.0.731861,0.0.8315114,
0.0.4340961,0.007357123739526879,SUCCESS,0.0.731861,0.0.8315114,0.0.4138717@1783972469.436994514
0.0.5679713,0.03022415266469951,SUCCESS,0.0.731861,0.0.8315114,0.0.4138717@1783972466.452465531
0.0.10033160,4.199906133898696e-7,NOT_ASSOCIATED,0.0.731861,0.0.9774523,
0.0.10120444,0.0003865649417515562,NOT_ASSOCIATED,0.0.731861,0.0.10018365,
0.0.10633526,13410.36623369539,SUCCESS,0.0.731861,0.0.10092996,0.0.4138717@1783972465.525511935
0.0.10120460,1.888211534570259,NOT_ASSOCIATED,0.0.731861,0.0.10092996,
0.0.7789171,0.0002552763462699529,SUCCESS,0.0.731861,0.0.10092996,0.0.4138717@1783972466.329132721
0.0.10120462,8.093074138721228e-7,NOT_ASSOCIATED,0.0.731861,0.0.10092996,
0.0.1989187,19250.48775411364,SUCCESS,0.0.731861,0.0.10093026&0.0.10498274,0.0.4138717@1783972469.290786308
0.0.4595795,9053.77863824235,SUCCESS,0.0.731861,0.0.10093026,0.0.4138717@1783972468.265690752
0.0.10120438,5.123312610886706,NOT_ASSOCIATED,0.0.731861,0.0.10093026,
0.0.10120424,22826.97630026802,NOT_ASSOCIATED,0.0.731861,0.0.10093026,
0.0.10449777,0.001291364843845266,NOT_ASSOCIATED,0.0.731861,0.0.10387648,
0.0.10634390,28.63969697412066,SUCCESS,0.0.731861,0.0.10387648,0.0.4138717@1783972472.568775082
0.0.10454159,2.903003086146768e-8,NOT_ASSOCIATED,0.0.731861,0.0.10387648,
0.0.10382204,9002.437128068103,SUCCESS,0.0.731861,0.0.10387648&0.0.10414792&0.0.10418141&0.0.10498271&0.0.10498274&0.0.10498278&0.0.10498280,0.0.4138717@1783972472.474510682
0.0.820781,34.61244633540898,SUCCESS,0.0.731861,0.0.10414792,0.0.4138717@1783972471.734142748
0.0.7582729,2084.05259521262,SUCCESS,0.0.731861,0.0.10414792,0.0.4138717@1783972473.523974074
0.0.10204901,0.05842834768331009,SUCCESS,0.0.731861,0.0.10418141,0.0.4138717@1783972471.479047009
0.0.1483886,5716.262627233546,SUCCESS,0.0.731861,0.0.10418141,0.0.4138717@1783972473.304334578
0.0.4865794,442.4363991966784,SUCCESS,0.0.731861,0.0.10418141,0.0.4138717@1783972472.371851850
0.0.4836643,116.569855292956,SUCCESS,0.0.731861,0.0.10498271,0.0.4138717@1783972476.108591863
0.0.8229616,2612.272335793613,SUCCESS,0.0.731861,0.0.10498271&0.0.10498274&0.0.10498278&0.0.10498280,0.0.4138717@1783972476.380275843
0.0.10508396,1420.435960477603,SUCCESS,0.0.731861,0.0.10498271&0.0.10498274&0.0.10498278&0.0.10498280,0.0.4138717@1783972475.588309652
0.0.10573597,30401.18389435022,SUCCESS,0.0.731861,0.0.10498271&0.0.10498274&0.0.10498278&0.0.10498280,0.0.4138717@1783972472.771337370
0.0.842953,6223.444414709226,SUCCESS,0.0.731861,0.0.10498274,0.0.4138717@1783972473.878531738