account,amount,state,token address,pool address,tx id
0.0.5078033,0.4991839677949238,SUCCESS,hbar,0.0.3951117,0.0.4138717@1786411371.739305991
0.0.6440477,0.1223109846740697,SUCCESS,hbar,0.0.3951117&0.0.3964804,0.0.4138717@1786411368.971784814
0.0.874760,8.6971364026198,SUCCESS,hbar,0.0.3951117&0.0.3964804,0.0.4138717@1786411371.641497584
0.0.4345324,0.02988393834510059,SUCCESS,hbar,0.0.3951117,0.0.4138717@1786411366.806503780
0.0.4702708,0.03487263537075653,SUCCESS,hbar,0.0.3951117,0.0.4138717@1786411368.754214829
0.0.6026305,0.05222718337010997,SUCCESS,hbar,0.0.3951117,0.0.4138717@1786411366.962900742
0.0.6781119,2.12676903815828,SUCCESS,hbar,0.0.3951117&0.0.3964804,0.0.4138717@1786411370.992986583
0.0.7262531,0.004941650523679254,SUCCESS,hbar,0.0.3951117&0.0.3964804,0.0.4138717@1786411367.458741616
0.0.7138336,0.003336560716878922,SUCCESS,hbar,0.0.3951117,0.0.4138717@1786411370.550633061
0.0.1340928,16.39009056124958,SUCCESS,hbar,0.0.3951117,0.0.4138717@1786411367.646999524
0.0.7479340,0.4525844226504011,SUCCESS,hbar,0.0.3951117&0.0.3964804,0.0.4138717@1786411371.204997130
0.0.6289117,4.601409378780974,SUCCESS,hbar,0.0.3951117&0.0.3964804,0.0.4138717@1786411373.821109052
0.0.4229805,0.1380339331102964,SUCCESS,hbar,0.0.3951117,0.0.4138717@1786411371.872667807
0.0.1726157,1.021331356908695,SUCCESS,hbar,0.0.3951117&0.0.3964804,0.0.4138717@1786411376.465662442
0.0.4551977,0.02385118513381629,SUCCESS,hbar,0.0.3951117,0.0.4138717@1786411372.565472463
0.0.4766933,4.427793290868984,SUCCESS,hbar,0.0.3951117,0.0.4138717@1786411373.928664215
0.0.1110477,2.424157966595935,SUCCESS,hbar,0.0.3951117,0.0.4138717@1786411374.613524976
0.0.1490591,3.465452626018334,SUCCESS,hbar,0.0.3951117&0.0.3964804,0.0.4138717@1786411378.469064449
0.0.1023917,3.754978515173879,SUCCESS,hbar,0.0.3951117&0.0.3964804,0.0.4138717@1786411377.037872317
0.0.1506598,0.4422193235856682,SUCCESS,hbar,0.0.3951117,0.0.4138717@1786411380.949580058
0.0.4559340,0.02889944712678208,SUCCESS,hbar,0.0.3951117,0.0.4138717@1786411381.173238557
0.0.4758169,0.143668942245943,SUCCESS,hbar,0.0.3951117,0.0.4138717@1786411381.629726356
0.0.4318411,1.443131083422666,SUCCESS,hbar,0.0.3951117,0.0.4138717@1786411385.132550309
0.0.3681428,80.78142772450128,SUCCESS,hbar,0.0.3951117&0.0.3964804,0.0.4138717@1786411383.104631934
0.0.4329852,6.045287404978994,SUCCESS,hbar,0.0.3951117&0.0.3964804,0.0.4138717@1786411385.928564508
0.0.5975196,0.04303399515010436,SUCCESS,hbar,0.0.3951117,0.0.4138717@1786411387.404185317
0.0.3969243,0.00774988708989911,SUCCESS,hbar,0.0.3951117,0.0.4138717@1786411389.416522511
0.0.4732964,0.03265175915317912,SUCCESS,hbar,0.0.3951117,0.0.4138717@1786411389.875579785
0.0.4432149,0.08719294549768344,SUCCESS,hbar,0.0.3951117,0.0.4138717@1786411391.609871952
0.0.1412123,0.09151396698415866,SUCCESS,hbar,0.0.3951117&0.0.3964804,0.0.4138717@1786411387.368850507
0.0.4184733,26.17691123724192,SUCCESS,hbar,0.0.3951117,0.0.4138717@1786411390.273072789
0.0.4775299,0.2411824481930608,SUCCESS,hbar,0.0.3951117,0.0.4138717@1786411393.973525239
0.0.7798148,0.6826851353712041,SUCCESS,hbar,0.0.3951117,0.0.4138717@1786411390.045004843
0.0.3071320,7.444506445466293,SUCCESS,hbar,0.0.3951117,0.0.4138717@1786411390.895103522
0.0.4330219,0.04618413157032994,SUCCESS,hbar,0.0.3951117,0.0.4138717@1786411391.507440944
0.0.2968839,1.431537796257452,SUCCESS,hbar,0.0.3951117&0.0.3964804,0.0.4138717@1786411391.663004444
0.0.4923080,0.03824042703474956,SUCCESS,hbar,0.0.3951117,0.0.4138717@1786411392.084549705
0.0.3242760,5.674071856713227,SUCCESS,hbar,0.0.3951117&0.0.3964804,0.0.4138717@1786411393.681812407
0.0.5797983,0.1078716618598463,SUCCESS,hbar,0.0.3951117&0.0.3964804,0.0.4138717@1786411396.653964407
0.0.850535,67.24092906939251,SUCCESS,hbar,0.0.3951117,0.0.4138717@1786411393.172603701
0.0.6244791,0.289045524749944,SUCCESS,hbar,0.0.3951117,0.0.4138717@1786411396.911939993
0.0.6313910,29.71147738366778,SUCCESS,hbar,0.0.3951117&0.0.3964804,0.0.4138717@1786411395.713647742
0.0.3310398,0.164453455709539,SUCCESS,hbar,0.0.3951117&0.0.3964804,0.0.4138717@1786411397.489578245
0.0.8616856,10.70517843244538,SUCCESS,hbar,0.0.3951117&0.0.3964804,0.0.4138717@1786411398.571061481
0.0.2960169,0.1594169992896943,SUCCESS,hbar,0.0.3951117,0.0.4138717@1786411397.956578128
0.0.8531519,0.6632398855895173,SUCCESS,hbar,0.0.3951117,0.0.4138717@1786411400.347715029
0.0.2122027,2.387073112294375,SUCCESS,hbar,0.0.3951117&0.0.3964804,0.0.4138717@1786411397.939401861
0.0.4531253,0.01316904490636507,SUCCESS,hbar,0.0.3951117&0.0.3964804,0.0.4138717@1786411399.963980653
0.0.9104463,1.63376658103096,SUCCESS,hbar,0.0.3951117&0.0.3964804,0.0.4138717@1786411401.187339017
0.0.7788937,0.004812157394790816,SUCCESS,hbar,0.0.3951117,0.0.4138717@1786411401.900284116
0.0.9150357,0.9803022540140282,SUCCESS,hbar,0.0.3951117,0.0.4138717@1786411404.686939039
0.0.7526203,0.2902646071104574,SUCCESS,hbar,0.0.3951117&0.0.3964804,0.0.4138717@1786411404.692394960
0.0.8899262,0.6239810395073243,SUCCESS,hbar,0.0.3951117,0.0.4138717@1786411401.740471915
0.0.1691323,4.286870165185706,SUCCESS,hbar,0.0.3951117&0.0.3964804,0.0.4138717@1786411403.137506742
0.0.9120392,0.1728572794657302,SUCCESS,hbar,0.0.3951117&0.0.3964804,0.0.4138717@1786411404.727432609
0.0.9195929,0.8728165237207836,SUCCESS,hbar,0.0.3951117&0.0.3964804,0.0.4138717@1786411405.007208040
0.0.7891604,1.981422650048858,SUCCESS,hbar,0.0.3951117,0.0.4138717@1786411404.097943846
0.0.9200436,0.09856213709593649,SUCCESS,hbar,0.0.3951117,0.0.4138717@1786411405.250195382
0.0.657648,14.06202704808806,SUCCESS,hbar,0.0.3951117,0.0.4138717@1786411405.721154932
0.0.6872459,63.65139503242226,SUCCESS,hbar,0.0.3951117,0.0.4138717@1786411406.448828564
0.0.9301583,14.78095136947685,SUCCESS,hbar,0.0.3951117,0.0.4138717@1786411407.504834564
0.0.4351536,0.253185305977352,SUCCESS,hbar,0.0.3951117,0.0.4138717@1786411408.230862758
0.0.844585,2.08103517866808,SUCCESS,hbar,0.0.3951117&0.0.3964804,0.0.4138717@1786411408.988882055
0.0.1601282,0.01913087442124824,SUCCESS,hbar,0.0.3951117,0.0.4138717@1786411409.458553860
0.0.7843482,0.2733112077373552,SUCCESS,hbar,0.0.3951117&0.0.3964804,0.0.4138717@1786411414.591170222
0.0.7835270,1.416349516519852,SUCCESS,hbar,0.0.3951117,0.0.4138717@1786411411.212827248
0.0.4503599,0.3400632770439429,SUCCESS,hbar,0.0.3951117,0.0.4138717@1786411414.366378202
0.0.4347838,0.6156354490088592,SUCCESS,hbar,0.0.3951117,0.0.4138717@1786411412.775631828
0.0.1877739,0.02699934611058029,SUCCESS,hbar,0.0.3951117,0.0.4138717@1786411416.190988117
0.0.4864609,0.02585976262924504,SUCCESS,hbar,0.0.3951117,0.0.4138717@1786411415.046511606
0.0.598828,0.0118297814881802,SUCCESS,hbar,0.0.3951117&0.0.3964804,0.0.4138717@1786411415.860102602
0.0.4302086,0.03081126087872467,SUCCESS,hbar,0.0.3951117,0.0.4138717@1786411420.076629245
0.0.7991960,2.053282253971662,SUCCESS,hbar,0.0.3951117&0.0.3964804,0.0.4138717@1786411423.383629345
0.0.5976303,0.1158159111463987,SUCCESS,hbar,0.0.3951117&0.0.3964804,0.0.4138717@1786411423.016777744
0.0.2125030,9.020590266549323,SUCCESS,hbar,0.0.3951117,0.0.4138717@1786411418.973433318
0.0.856667,1.715284931449393,SUCCESS,hbar,0.0.3951117&0.0.3964804,0.0.4138717@1786411423.510384964
0.0.1991961,5.001544227771823,SUCCESS,hbar,0.0.3951117,0.0.4138717@1786411422.087625210
0.0.8068689,1.527192545407077,SUCCESS,hbar,0.0.3951117&0.0.3964804,0.0.4138717@1786411424.639563170
0.0.7889838,0.00886625418924389,SUCCESS,hbar,0.0.3951117,0.0.4138717@1786411423.336257446
0.0.6258771,0.726920790171984,SUCCESS,hbar,0.0.3951117,0.0.4138717@1786411426.805617874
0.0.1379217,0.9068621751124396,SUCCESS,hbar,0.0.3951117,0.0.4138717@1786411428.547709827
0.0.4912200,19.12295751722684,SUCCESS,hbar,0.0.3951117&0.0.3964804,0.0.4138717@1786411429.257344500
0.0.4342759,5.432197921512455,SUCCESS,hbar,0.0.3951117,0.0.4138717@1786411427.829714120
0.0.1453803,0.8817460577051168,SUCCESS,hbar,0.0.3951117,0.0.4138717@1786411432.534010526
0.0.1412849,0.000003398393627790348,SUCCESS,hbar,0.0.3951117,0.0.4138717@1786411429.432267770
0.0.823348,0.1063357886048091,SUCCESS,hbar,0.0.3951117,0.0.4138717@1786411430.560016144
0.0.2174139,0.1286919904602433,SUCCESS,hbar,0.0.3951117,0.0.4138717@1786411431.060112429
0.0.1261552,0.07911895264691132,SUCCESS,hbar,0.0.3951117&0.0.3964804,0.0.4138717@1786411436.817893101
0.0.4205604,0.5661699595401004,SUCCESS,hbar,0.0.3951117,0.0.4138717@1786411433.094757006
0.0.639876,0.03275523962112706,SUCCESS,hbar,0.0.3951117,0.0.4138717@1786411437.227123035
0.0.4329215,0.05094366086121307,SUCCESS,hbar,0.0.3951117&0.0.3964804,0.0.4138717@1786411436.397545312
0.0.854331,0.02179885942904342,SUCCESS,hbar,0.0.3951117,0.0.4138717@1786411438.403814765
0.0.4333286,0.05152697960727644,SUCCESS,hbar,0.0.3951117,0.0.4138717@1786411438.865382046
0.0.700741,0.3642712444230254,SUCCESS,hbar,0.0.3951117,0.0.4138717@1786411439.848021564
0.0.4210667,0.01107714417421875,SUCCESS,hbar,0.0.3951117,0.0.4138717@1786411437.133501403
0.0.4346579,0.001465496470171105,SUCCESS,hbar,0.0.3951117,0.0.4138717@1786411441.339125275
0.0.508876,10.88436173953802,SUCCESS,hbar,0.0.3951117&0.0.3964804,0.0.4138717@1786411438.750364821
0.0.1075892,0.8687972593571608,SUCCESS,hbar,0.0.3951117,0.0.4138717@1786411439.584325347
0.0.4350041,0.1509894881916791,SUCCESS,hbar,0.0.3951117,0.0.4138717@1786411442.537433363
0.0.1910285,0.09750742161666598,SUCCESS,hbar,0.0.3951117,0.0.4138717@1786411442.283474223
0.0.1735540,0.7654394102423429,SUCCESS,hbar,0.0.3951117,0.0.4138717@1786411444.251827116
0.0.4349304,0.003524922606922673,SUCCESS,hbar,0.0.3951117,0.0.4138717@1786411442.926509775
0.0.1338331,0.3339950189859971,SUCCESS,hbar,0.0.3951117,0.0.4138717@1786411444.796422639
0.0.4322065,0.8121813872013038,SUCCESS,hbar,0.0.3951117,0.0.4138717@1786411442.987320691
0.0.1375637,2.965386582007255,SUCCESS,hbar,0.0.3951117,0.0.4138717@1786411442.237046598
0.0.1265153,0.001486196813201724,SUCCESS,hbar,0.0.3951117,0.0.4138717@1786411443.805361274
0.0.1274087,288.6929784160953,SUCCESS,hbar,0.0.3951117,0.0.4138717@1786411443.551459845
0.0.2773436,134.2188864619516,SUCCESS,hbar,0.0.3951117&0.0.3964804,0.0.4138717@1786411448.125587669
0.0.834820,8.853483258372734,SUCCESS,hbar,0.0.3951117&0.0.3964804,0.0.4138717@1786411444.527821857
0.0.836838,7095.853097607922,SUCCESS,hbar,0.0.3951117,0.0.4138717@1786411448.284802670
0.0.860438,0.5644815135209549,SUCCESS,hbar,0.0.3951117&0.0.3964804,0.0.4138717@1786411446.035788967
0.0.1290358,8.770003971100204,SUCCESS,hbar,0.0.3951117,0.0.4138717@1786411445.545505437
0.0.3241044,3.001069419707411,SUCCESS,hbar,0.0.3951117,0.0.4138717@1786411448.450793043
0.0.832415,50.61178714471701,SUCCESS,hbar,0.0.3951117,0.0.4138717@1786411448.328000014
0.0.4370057,0.05328516181897827,SUCCESS,hbar,0.0.3951117,0.0.4138717@1786411452.341720002
0.0.3845966,0.4690985042551635,SUCCESS,hbar,0.0.3951117&0.0.3964804,0.0.4138717@1786411451.115203862
0.0.1724832,0.09412353411735949,SUCCESS,hbar,0.0.3951117,0.0.4138717@1786411451.643159708
0.0.832624,0.001417207131179979,SUCCESS,hbar,0.0.3951117&0.0.3964804,0.0.4138717@1786411452.736034914
0.0.525256,3.174553991077778,SUCCESS,hbar,0.0.3951117,0.0.4138717@1786411453.055500043
0.0.2116956,0.2340427623675312,SUCCESS,hbar,0.0.3951117,0.0.4138717@1786411455.955245752
0.0.896788,249.9864783596005,SUCCESS,hbar,0.0.3951117,0.0.4138717@1786411455.028507297
0.0.925802,1.261119250763558,SUCCESS,hbar,0.0.3951117,0.0.4138717@1786411453.610734550
0.0.1628961,491.9421395557951,SUCCESS,hbar,0.0.3951117&0.0.3964804,0.0.4138717@1786411458.144727485
0.0.819461,0.08147354687492013,SUCCESS,hbar,0.0.3951117,0.0.4138717@1786411456.734824813
0.0.5716339,0.00039345747505336,SUCCESS,hbar,0.0.3951117,0.0.4138717@1786411457.525810323
0.0.4986167,0.05107367655039916,SUCCESS,hbar,0.0.3951117,0.0.4138717@1786411461.050187060
0.0.5281334,0.05098515933900403,SUCCESS,hbar,0.0.3951117,0.0.4138717@1786411459.617248927
0.0.5310061,0.1992938340160052,SUCCESS,hbar,0.0.3951117&0.0.3964804,0.0.4138717@1786411461.184709338
0.0.5117832,16.10626478363028,SUCCESS,hbar,0.0.3951117&0.0.3964804,0.0.4138717@1786411458.953851040
0.0.1711779,0.005066965127748054,SUCCESS,hbar,0.0.3951117,0.0.4138717@1786411459.765951750
0.0.853268,12.24302077490571,SUCCESS,hbar,0.0.3951117,0.0.4138717@1786411460.526244730
0.0.662296,13.06745933630346,SUCCESS,hbar,0.0.3951117,0.0.4138717@1786411463.943797189
0.0.3829916,6.626055409533038,SUCCESS,hbar,0.0.3951117,0.0.4138717@1786411461.744764043
0.0.4354394,3.021742048412582,SUCCESS,hbar,0.0.3951117,0.0.4138717@1786411464.234780723
0.0.1322785,8.90250885454338,SUCCESS,hbar,0.0.3951117,0.0.4138717@1786411465.006470045
0.0.4335807,1.786656959051828,SUCCESS,hbar,0.0.3951117,0.0.4138717@1786411466.025471191
0.0.4709377,3.361109835817453,SUCCESS,hbar,0.0.3951117,0.0.4138717@1786411468.343888252
0.0.4695027,0.09541595049856534,SUCCESS,hbar,0.0.3951117,0.0.4138717@1786411470.464809554
0.0.4340758,0.1664425215927514,SUCCESS,hbar,0.0.3951117&0.0.3964804,0.0.4138717@1786411470.733380982
0.0.4817549,0.5567611462956013,SUCCESS,hbar,0.0.3951117&0.0.3964804,0.0.4138717@1786411471.965096724
0.0.4938729,0.3974396972022145,SUCCESS,hbar,0.0.3951117,0.0.4138717@1786411475.087019056
0.0.4322002,0.1147722840431107,SUCCESS,hbar,0.0.3951117,0.0.4138717@1786411476.820251603
0.0.4968045,0.746475851307028,SUCCESS,hbar,0.0.3951117,0.0.4138717@1786411476.135288572
0.0.2930231,0.1296795097220017,SUCCESS,hbar,0.0.3951117&0.0.3964804,0.0.4138717@1786411478.373839302
0.0.4558891,1.054477006882979,SUCCESS,hbar,0.0.3951117,0.0.4138717@1786411479.156552633
0.0.1266990,0.0216221549581211,SUCCESS,hbar,0.0.3951117,0.0.4138717@1786411478.019005469
0.0.104926,0.003143728171015278,SUCCESS,hbar,0.0.3951117,0.0.4138717@1786411479.787016370
0.0.4348824,0.01402263399283438,SUCCESS,hbar,0.0.3951117,0.0.4138717@1786411480.301601138
0.0.4544530,0.0891420129918341,SUCCESS,hbar,0.0.3951117&0.0.3964804,0.0.4138717@1786411481.445222156
0.0.1506629,0.03131442064009756,SUCCESS,hbar,0.0.3951117,0.0.4138717@1786411484.097542952
0.0.795933,0.5047972523728369,SUCCESS,hbar,0.0.3951117,0.0.4138717@1786411480.629485457
0.0.4324445,0.08948602182452778,SUCCESS,hbar,0.0.3951117&0.0.3964804,0.0.4138717@1786411485.267711263
0.0.4321631,1.376512964977309,SUCCESS,hbar,0.0.3951117&0.0.3964804,0.0.4138717@1786411486.898996492
0.0.4582751,0.05130139522348916,SUCCESS,hbar,0.0.3951117,0.0.4138717@1786411487.026709399
0.0.4324463,0.03280869704328127,SUCCESS,hbar,0.0.3951117,0.0.4138717@1786411487.279485504
0.0.5060673,2.613567448582572,SUCCESS,hbar,0.0.3951117,0.0.4138717@1786411488.689671161
0.0.5118079,0.3689993146380876,SUCCESS,hbar,0.0.3951117&0.0.3964804,0.0.4138717@1786411491.323678667
0.0.5118232,0.1377561059446996,SUCCESS,hbar,0.0.3951117&0.0.3964804,0.0.4138717@1786411488.523971681
0.0.5118190,0.3300472510201258,SUCCESS,hbar,0.0.3951117&0.0.3964804,0.0.4138717@1786411492.126227455
0.0.5119346,1.14309585151782,SUCCESS,hbar,0.0.3951117&0.0.3964804,0.0.4138717@1786411489.337549292
0.0.841339,0.5052300931570193,SUCCESS,hbar,0.0.3951117,0.0.4138717@1786411493.899116292
0.0.5182107,0.1117622304863582,SUCCESS,hbar,0.0.3951117&0.0.3964804,0.0.4138717@1786411492.173144497
0.0.5202236,0.1588540186524993,SUCCESS,hbar,0.0.3951117,0.0.4138717@1786411490.869162422
0.0.4590627,0.2542320021173182,SUCCESS,hbar,0.0.3951117,0.0.4138717@1786411490.404643519
0.0.4323088,1.968165775540939,SUCCESS,hbar,0.0.3951117&0.0.3964804,0.0.4138717@1786411494.298346113
0.0.7542917,0.03614568591948213,SUCCESS,hbar,0.0.3951117,0.0.4138717@1786411495.517703833
0.0.4555391,0.3387030483565173,SUCCESS,hbar,0.0.3951117,0.0.4138717@1786411495.219250394
0.0.9359586,0.009894460614966842,SUCCESS,hbar,0.0.3951117,0.0.4138717@1786411496.104947677
0.0.832852,7.325400532349407,SUCCESS,hbar,0.0.3951117,0.0.4138717@1786411497.021787463
0.0.2174015,0.003749984209076612,SUCCESS,hbar,0.0.3951117,0.0.4138717@1786411497.542834121
0.0.9404406,0.007757607870984825,SUCCESS,hbar,0.0.3951117,0.0.4138717@1786411496.226786427
0.0.1110198,2.823514841137732,SUCCESS,hbar,0.0.3951117,0.0.4138717@1786411497.222110003
0.0.650437,0.108623297701173,SUCCESS,hbar,0.0.3951117,0.0.4138717@1786411496.873227655
0.0.8585089,19.8842726931557,SUCCESS,hbar,0.0.3951117,0.0.4138717@1786411499.918717630
0.0.1115297,0.1921144792512101,SUCCESS,hbar,0.0.3951117,0.0.4138717@1786411496.439513767
0.0.1758196,0.154174482478209,SUCCESS,hbar,0.0.3951117,0.0.4138717@1786411498.965553952
0.0.9626972,0.09612647763690985,SUCCESS,hbar,0.0.3951117,0.0.4138717@1786411499.379920606
0.0.9344085,1.480295573608823,SUCCESS,hbar,0.0.3951117,0.0.4138717@1786411498.179425366
0.0.9755401,0.002782857703539796,SUCCESS,hbar,0.0.3951117,0.0.4138717@1786411500.603770351
0.0.9761018,60.30021609063259,SUCCESS,hbar,0.0.3951117,0.0.4138717@1786411498.920800340
0.0.4570964,1.808804219018211,SUCCESS,hbar,0.0.3951117,0.0.4138717@1786411499.740631551
0.0.9958383,0.01125013201918441,SUCCESS,hbar,0.0.3951117,0.0.4138717@1786411500.675869119
0.0.9723151,0.000744607768095818,SUCCESS,hbar,0.0.3951117,0.0.4138717@1786411499.415159465
0.0.10031117,0.611818725329893,SUCCESS,hbar,0.0.3951117,0.0.4138717@1786411502.454659716
0.0.10031118,0.08970226482419326,SUCCESS,hbar,0.0.3951117,0.0.4138717@1786411503.529146257
0.0.8419510,0.06512638410282547,SUCCESS,hbar,0.0.3951117,0.0.4138717@1786411503.565431577
0.0.3943340,0.0247847178835951,SUCCESS,hbar,0.0.3951117,0.0.4138717@1786411502.860267658
0.0.5352069,0.1106892931748473,SUCCESS,hbar,0.0.3951117,0.0.4138717@1786411505.700103565
0.0.8490555,0.3603032734713473,SUCCESS,hbar,0.0.3951117,0.0.4138717@1786411505.845963986
0.0.4331763,37.41427912113617,SUCCESS,hbar,0.0.3951117,0.0.4138717@1786411502.592296229
0.0.7934467,0.3519736629299535,SUCCESS,hbar,0.0.3951117,0.0.4138717@1786411504.781151524
0.0.8546442,1.486888578621244,SUCCESS,hbar,0.0.3951117,0.0.4138717@1786411503.267067686
0.0.8684349,96.83418242486314,SUCCESS,hbar,0.0.3951117,0.0.4138717@1786411506.820907849
0.0.9099631,0.1404918876779105,SUCCESS,hbar,0.0.3951117,0.0.4138717@1786411504.594991096
0.0.9112426,0.1469964720229548,SUCCESS,hbar,0.0.3951117&0.0.3964804,0.0.4138717@1786411505.539659809
0.0.1157855,0.1539020675431873,SUCCESS,hbar,0.0.3951117,0.0.4138717@1786411506.725153507
0.0.1707146,0.2266705169098878,SUCCESS,hbar,0.0.3951117,0.0.4138717@1786411508.831358443
0.0.9125858,3424.993015573496,SUCCESS,hbar,0.0.3951117,0.0.4138717@1786411508.733953434
0.0.1368197,0.5821630397203114,SUCCESS,hbar,0.0.3951117&0.0.3964804,0.0.4138717@1786411509.030067613
0.0.7810768,0.06817379996446182,SUCCESS,hbar,0.0.3951117,0.0.4138717@1786411511.215335509
0.0.1120575,38.70404902562436,SUCCESS,hbar,0.0.3951117&0.0.3964804,0.0.4138717@1786411508.146281758
0.0.9273872,0.002913278773390617,SUCCESS,hbar,0.0.3951117,0.0.4138717@1786411507.937041754
0.0.1515633,0.6754658992657188,SUCCESS,hbar,0.0.3951117,0.0.4138717@1786411511.630297017
0.0.850481,17.01438915041222,SUCCESS,hbar,0.0.3951117,0.0.4138717@1786411509.540899756
0.0.850352,12.5849677292102,SUCCESS,hbar,0.0.3951117,0.0.4138717@1786411511.214865752
0.0.10483303,2561.592939273624,SUCCESS,hbar,0.0.3951117,0.0.4138717@1786411513.523979805
0.0.1734809,0.02887132207360674,SUCCESS,hbar,0.0.3951117&0.0.3964804,0.0.4138717@1786411513.445444731
0.0.10493411,1.512748261970526,SUCCESS,hbar,0.0.3951117,0.0.4138717@1786411515.142290595
0.0.912615,2.567322888369358,SUCCESS,hbar,0.0.3951117&0.0.3964804,0.0.4138717@1786411511.003987649
0.0.10504552,0.03696441140223081,SUCCESS,hbar,0.0.3951117,0.0.4138717@1786411512.187434898
0.0.4560992,0.8001107204810045,SUCCESS,hbar,0.0.3951117,0.0.4138717@1786411513.938721026
0.0.8188541,0.2683044985284553,SUCCESS,hbar,0.0.3951117,0.0.4138717@1786411513.651167565
0.0.10609625,0.007604528789029697,SUCCESS,hbar,0.0.3951117,0.0.4138717@1786411516.575544295
0.0.10296471,0.9865448576270703,SUCCESS,hbar,0.0.3951117,0.0.4138717@1786411516.079884161
0.0.1104990,54.60640278028401,SUCCESS,hbar,0.0.3951117,0.0.4138717@1786411515.140918961
0.0.9318600,26.9527516033753,SUCCESS,hbar,0.0.3951117,0.0.4138717@1786411514.823528742
0.0.731977,2.155026028885711,SUCCESS,hbar,0.0.3951117,0.0.4138717@1786411515.994217974
0.0.1409958,0.002439173988069465,SUCCESS,hbar,0.0.3951117,0.0.4138717@1786411517.112977912
0.0.1097257,1.003503349134067,SUCCESS,hbar,0.0.3951117,0.0.4138717@1786411518.152105929
0.0.956549,102.4572346277427,SUCCESS,hbar,0.0.3951117,0.0.4138717@1786411519.101180971
0.0.914261,6.506612390874183,SUCCESS,hbar,0.0.3951117,0.0.4138717@1786411519.479275263
0.0.10169238,2.929869188601688,SUCCESS,hbar,0.0.3951117,0.0.4138717@1786411522.024442778
0.0.10584246,1266.378263668941,SUCCESS,hbar,0.0.3951117&0.0.3964804,0.0.4138717@1786411520.661567206
0.0.10789847,9.09401769894001,SUCCESS,hbar,0.0.3951117,0.0.4138717@1786411518.884732538
0.0.4343858,1.418451711277135,SUCCESS,hbar,0.0.3951117,0.0.4138717@1786411519.561575870
0.0.10021410,0.01417021332131809,SUCCESS,hbar,0.0.3951117,0.0.4138717@1786411521.733978816
0.0.10076247,0.1829649832035365,SUCCESS,hbar,0.0.3951117,0.0.4138717@1786411518.793346437
0.0.1340164,7.719514264632029,SUCCESS,hbar,0.0.3951117,0.0.4138717@1786411521.476793758
0.0.10076636,1.870170681200175,SUCCESS,hbar,0.0.3951117,0.0.4138717@1786411519.734401739
0.0.735239,0.00001766946368128222,SUCCESS,hbar,0.0.3951117,0.0.4138717@1786411522.940429789
0.0.9302147,1.715639560392459,SUCCESS,hbar,0.0.3951117,0.0.4138717@1786411522.402063959
0.0.10122546,0.0121934697220718,SUCCESS,hbar,0.0.3951117,0.0.4138717@1786411526.121548267
0.0.10169145,0.02091360494252508,SUCCESS,hbar,0.0.3951117,0.0.4138717@1786411525.915966812
0.0.7786995,25.57576802754721,SUCCESS,hbar,0.0.3951117,0.0.4138717@1786411526.368084590
0.0.9154738,0.2755531893727871,SUCCESS,hbar,0.0.3951117&0.0.3964804,0.0.4138717@1786411527.675455809
0.0.10230141,2.113316861306252,SUCCESS,hbar,0.0.3951117,0.0.4138717@1786411525.021835763
0.0.8373509,5.387668608513772,SUCCESS,hbar,0.0.3951117&0.0.3964804,0.0.4138717@1786411528.661906744
0.0.9299646,0.8861304265871136,SUCCESS,hbar,0.0.3951117,0.0.4138717@1786411526.598667187
0.0.4432398,0.08295781009448396,SUCCESS,hbar,0.0.3951117,0.0.4138717@1786411527.786628937
0.0.10352676,0.1930905863412758,SUCCESS,hbar,0.0.3951117,0.0.4138717@1786411527.770299237
0.0.1408633,0.007167353382629098,SUCCESS,hbar,0.0.3951117,0.0.4138717@1786411529.095017182
0.0.1988559,0.1292645944460035,SUCCESS,hbar,0.0.3951117,0.0.4138717@1786411531.960651028
0.0.2017173,9.929970806745702,SUCCESS,hbar,0.0.3951117&0.0.3964804,0.0.4138717@1786411529.949518470
0.0.3872466,0.02685584615271766,SUCCESS,hbar,0.0.3951117,0.0.4138717@1786411530.659866092
0.0.10206048,0.5477698273519283,SUCCESS,hbar,0.0.3951117,0.0.4138717@1786411532.026325987
0.0.1070346,6.198797414253028,SUCCESS,hbar,0.0.3951117,0.0.4138717@1786411535.216839431
0.0.1071830,3.159684981208856,SUCCESS,hbar,0.0.3951117&0.0.3964804,0.0.4138717@1786411533.475264951
0.0.4423729,1.952262073088159,SUCCESS,hbar,0.0.3951117&0.0.3964804,0.0.4138717@1786411533.714330940
0.0.4569835,0.001458639716266744,SUCCESS,hbar,0.0.3951117,0.0.4138717@1786411534.847456678
0.0.490092,0.02846025323830929,SUCCESS,hbar,0.0.3951117,0.0.4138717@1786411537.245465175
0.0.516971,3.27477443475825e-8,SUCCESS,hbar,0.0.3951117,0.0.4138717@1786411537.535587118
0.0.4575306,0.0009487728715380329,SUCCESS,hbar,0.0.3951117,0.0.4138717@1786411536.465607794
0.0.1508462,7.230732104130589,SUCCESS,hbar,0.0.3951117,0.0.4138717@1786411537.184926432
0.0.1792818,0.001007075543526764,SUCCESS,hbar,0.0.3951117,0.0.4138717@1786411539.414512855
0.0.4591423,0.01149400085648881,SUCCESS,hbar,0.0.3951117,0.0.4138717@1786411537.572016528
0.0.3925109,0.000009815876471830984,SUCCESS,hbar,0.0.3951117,0.0.4138717@1786411539.903780428
0.0.4433722,0.01515230005263268,SUCCESS,hbar,0.0.3951117,0.0.4138717@1786411541.123324349
0.0.4361868,11.4637471492963,SUCCESS,hbar,0.0.3951117,0.0.4138717@1786411539.690179299
0.0.4331665,0.2645468986376802,SUCCESS,hbar,0.0.3951117,0.0.4138717@1786411541.291433823
0.0.1512938,0.0001595527047980006,SUCCESS,hbar,0.0.3951117,0.0.4138717@1786411538.833138349
0.0.4339712,0.07569867605471653,SUCCESS,hbar,0.0.3951117,0.0.4138717@1786411539.040531330
0.0.1784251,0.01528238875752888,SUCCESS,hbar,0.0.3951117&0.0.3964804,0.0.4138717@1786411543.878480771
0.0.1339713,1.627613706853091,SUCCESS,hbar,0.0.3951117&0.0.3964804,0.0.4138717@1786411543.686958749
0.0.10064213,0.2118962061732213,SUCCESS,hbar,0.0.3951117&0.0.3964804,0.0.4138717@1786411542.619482155
0.0.2994397,0.3342884716322223,SUCCESS,hbar,0.0.3951117,0.0.4138717@1786411545.211827348
0.0.9619890,1.815384166497276,SUCCESS,hbar,0.0.3951117&0.0.3964804,0.0.4138717@1786411546.539294560
0.0.9597272,0.2319085673905285,SUCCESS,hbar,0.0.3951117,0.0.4138717@1786411547.431225527
0.0.7680254,0.2663498833625536,SUCCESS,hbar,0.0.3951117&0.0.3964804,0.0.4138717@1786411545.452459120
0.0.52231,0.994733206342243,SUCCESS,hbar,0.0.3951117,0.0.4138717@1786411545.120658981
0.0.4570908,5.697503733493114,SUCCESS,hbar,0.0.3951117,0.0.4138717@1786411546.006729611
0.0.835242,0.002357266409880618,SUCCESS,hbar,0.0.3951117,0.0.4138717@1786411549.405346988
0.0.8341357,0.08301936021247858,SUCCESS,hbar,0.0.3951117,0.0.4138717@1786411547.735540832
0.0.4349716,0.2307553606726644,SUCCESS,hbar,0.0.3951117&0.0.3964804,0.0.4138717@1786411548.829173563
0.0.2137668,6.93162199177797,SUCCESS,hbar,0.0.3951117&0.0.3964804,0.0.4138717@1786411549.932275447
0.0.6374996,2.091046858202712,SUCCESS,hbar,0.0.3951117,0.0.4138717@1786411551.671172868
0.0.10088944,0.3001502583930745,SUCCESS,hbar,0.0.3951117&0.0.3964804,0.0.4138717@1786411553.035732776
0.0.139500,1.842937236863716,SUCCESS,hbar,0.0.3951117,0.0.4138717@1786411553.059317514
0.0.7920605,0.06860820271848252,SUCCESS,hbar,0.0.3951117,0.0.4138717@1786411551.393575313
0.0.1123753,0.3176524482302253,SUCCESS,hbar,0.0.3951117,0.0.4138717@1786411555.512400915
0.0.3525426,1.475116441655465,SUCCESS,hbar,0.0.3951117&0.0.3964804,0.0.4138717@1786411556.898303535
0.0.1462225,273.2290652927564,SUCCESS,hbar,0.0.3951117,0.0.4138717@1786411555.342341341
0.0.9430013,9.76951915523366,SUCCESS,hbar,0.0.3951117,0.0.4138717@1786411554.555094966
0.0.3706536,0.001965116566951418,SUCCESS,hbar,0.0.3951117,0.0.4138717@1786411555.297826311
0.0.5126364,3.588391438745419,SUCCESS,hbar,0.0.3951117,0.0.4138717@1786411554.939430544
0.0.6270084,246.7913842078391,SUCCESS,hbar,0.0.3951117&0.0.3964804,0.0.4138717@1786411555.778150757
0.0.7490874,0.1460760994126278,SUCCESS,hbar,0.0.3951117&0.0.3964804,0.0.4138717@1786411554.951238140
0.0.5060163,0.07759620113552534,SUCCESS,hbar,0.0.3951117,0.0.4138717@1786411555.726575609
0.0.1123889,0.4619961875435128,SUCCESS,hbar,0.0.3951117&0.0.3964804,0.0.4138717@1786411559.172473407
0.0.834595,0.508526202547108,SUCCESS,hbar,0.0.3951117&0.0.3964804,0.0.4138717@1786411559.524884236
0.0.1464418,1.409357620620716,SUCCESS,hbar,0.0.3951117,0.0.4138717@1786411559.782918116
0.0.7555632,0.01710603155673377,SUCCESS,hbar,0.0.3951117,0.0.4138717@1786411556.909168194
0.0.7989790,0.007095807606353909,SUCCESS,hbar,0.0.3951117,0.0.4138717@1786411557.130172030
0.0.4338219,1.449937636819921,SUCCESS,hbar,0.0.3951117,0.0.4138717@1786411560.332166585
0.0.8013259,3090.574671801814,SUCCESS,hbar,0.0.3951117,0.0.4138717@1786411561.148756171
0.0.4745055,0.001384694234429536,SUCCESS,hbar,0.0.3951117,0.0.4138717@1786411562.154879604
0.0.5688804,0.3651442815436322,SUCCESS,hbar,0.0.3951117,0.0.4138717@1786411561.983863965
0.0.8068996,0.07093911725578558,SUCCESS,hbar,0.0.3951117&0.0.3964804,0.0.4138717@1786411560.907691355
0.0.8071373,0.2593243776895712,SUCCESS,hbar,0.0.3951117,0.0.4138717@1786411561.659150474
0.0.819005,1.791645113137836,SUCCESS,hbar,0.0.3951117,0.0.4138717@1786411565.116469594
0.0.8212757,0.4272005738974887,SUCCESS,hbar,0.0.3951117,0.0.4138717@1786411562.152811743
0.0.8260017,0.01909546338453438,SUCCESS,hbar,0.0.3951117&0.0.3964804,0.0.4138717@1786411564.095504380
0.0.8382774,0.0006073910214829264,SUCCESS,hbar,0.0.3951117,0.0.4138717@1786411562.015770972
0.0.1380352,0.3350863215003764,SUCCESS,hbar,0.0.3951117,0.0.4138717@1786411563.211781255
0.0.4792831,0.0007307069649266284,SUCCESS,hbar,0.0.3951117,0.0.4138717@1786411562.686052519
0.0.664329,0.01339135105819962,SUCCESS,hbar,0.0.3951117,0.0.4138717@1786411565.292013484
0.0.4858736,0.00959203765298222,SUCCESS,hbar,0.0.3951117,0.0.4138717@1786411563.110530453
0.0.834443,25.86661067556748,SUCCESS,hbar,0.0.3951117,0.0.4138717@1786411567.898643114
0.0.4430933,0.1826476441756109,SUCCESS,hbar,0.0.3951117,0.0.4138717@1786411569.811013393
0.0.4383878,0.01512098860164934,SUCCESS,hbar,0.0.3951117,0.0.4138717@1786411567.982292102
0.0.7287636,2.844860596827979,SUCCESS,hbar,0.0.3951117&0.0.3964804,0.0.4138717@1786411569.260139410
0.0.5028724,0.001263096153541447,SUCCESS,hbar,0.0.3951117,0.0.4138717@1786411568.613175990
0.0.5156210,0.004783265792246204,SUCCESS,hbar,0.0.3951117&0.0.3964804,0.0.4138717@1786411568.377387109
0.0.1458130,0.009298405215746076,SUCCESS,hbar,0.0.3951117,0.0.4138717@1786411570.834578311
0.0.7129552,11.69582609986767,SUCCESS,hbar,0.0.3951117,0.0.4138717@1786411571.655315473
0.0.696790,1.397082301714573,SUCCESS,hbar,0.0.3951117&0.0.3964804,0.0.4138717@1786411568.287780998
0.0.5702270,6.441744915027328,SUCCESS,hbar,0.0.3951117,0.0.4138717@1786411572.310037058
0.0.5293942,6.193778517645456,SUCCESS,hbar,0.0.3951117,0.0.4138717@1786411570.000319283
0.0.1292697,0.1414668837074199,SUCCESS,hbar,0.0.3951117,0.0.4138717@1786411573.747416017
0.0.6234814,0.05621902719251259,SUCCESS,hbar,0.0.3951117,0.0.4138717@1786411573.415345395
0.0.1904506,0.0001345738784163851,SUCCESS,hbar,0.0.3951117,0.0.4138717@1786411573.500924557
0.0.10072624,0.01418168108259149,SUCCESS,hbar,0.0.3964804,0.0.4138717@1786411572.134584839
0.0.842210,0.0498736192781556,SUCCESS,hbar,0.0.3964804,0.0.4138717@1786411574.476541572
0.0.4372819,0.007041897804273257,SUCCESS,hbar,0.0.3964804,0.0.4138717@1786411575.780436376
0.0.820706,1.787290505418966,SUCCESS,hbar,0.0.3964804,0.0.4138717@1786411576.179038568
0.0.816698,3.425993135715125,SUCCESS,hbar,0.0.3964804,0.0.4138717@1786411574.949420176
0.0.10093024,0.09069096830294945,SUCCESS,hbar,0.0.3964804,0.0.4138717@1786411574.335659050
0.0.9584885,0.003060077509159826,SUCCESS,hbar,0.0.3964804,0.0.4138717@1786411577.713736466
0.0.1704489,0.0001292779739912709,SUCCESS,hbar,0.0.3964804,0.0.4138717@1786411578.230621549
0.0.4749526,13.09773638277174,SUCCESS,hbar,0.0.3964804,0.0.4138717@1786411575.618291405
0.0.937712,10.54583767124258,SUCCESS,hbar,0.0.3964804,0.0.4138717@1786411580.393003732
0.0.9273022,0.0001373725250121577,SUCCESS,hbar,0.0.3964804,0.0.4138717@1786411578.497965886
0.0.10014449,0.017571068254326,SUCCESS,hbar,0.0.3964804,0.0.4138717@1786411579.995551660
0.0.10157649,2.117562949962676,SUCCESS,hbar,0.0.3964804,0.0.4138717@1786411577.602399784
0.0.9509413,0.01376359401844681,SUCCESS,hbar,0.0.3964804,0.0.4138717@1786411579.756499745
0.0.10219431,0.620620714876144,SUCCESS,hbar,0.0.3964804,0.0.4138717@1786411579.531989266
0.0.1459068,0.01574520766824508,SUCCESS,hbar,0.0.3964804,0.0.4138717@1786411581.182836451
0.0.9640903,0.07973641940101726,SUCCESS,hbar,0.0.3964804,0.0.4138717@1786411581.969390625
0.0.4873525,0.02186328601690666,SUCCESS,hbar,0.0.3964804,0.0.4138717@1786411580.734201254
0.0.10004246,0.2016858100783367,SUCCESS,hbar,0.0.3964804,0.0.4138717@1786411583.592298573
0.0.5922808,0.0131832547202685,SUCCESS,hbar,0.0.3964804,0.0.4138717@1786411582.067078064
0.0.751161,0.7008879159151401,SUCCESS,hbar,0.0.3964804,0.0.4138717@1786411581.222949943
0.0.9973346,0.00146282090483537,SUCCESS,hbar,0.0.3964804,0.0.4138717@1786411582.119528888
0.0.9720442,0.02434358357815717,SUCCESS,hbar,0.0.3964804,0.0.4138717@1786411583.851334997
0.0.9477942,0.006383605620640855,SUCCESS,hbar,0.0.3964804,0.0.4138717@1786411582.943809504
0.0.9150527,0.4949214165824228,SUCCESS,hbar,0.0.3964804,0.0.4138717@1786411587.794707820
0.0.871471,1.172752089485522,SUCCESS,hbar,0.0.3964804,0.0.4138717@1786411586.544568441
0.0.7983506,0.00001400252106403887,SUCCESS,hbar,0.0.3964804,0.0.4138717@1786411587.988559132
0.0.9687167,0.09379444103143028,SUCCESS,hbar,0.0.3964804,0.0.4138717@1786411587.134062162
0.0.9729389,0.04977913500598809,SUCCESS,hbar,0.0.3964804,0.0.4138717@1786411590.182755121
0.0.1105845,1.33312994453057,SUCCESS,hbar,0.0.3964804,0.0.4138717@1786411588.025213758
0.0.955353,0.0859888877625865,SUCCESS,hbar,0.0.3964804,0.0.4138717@1786411589.412628093
0.0.1696471,0.5100919509896323,SUCCESS,hbar,0.0.3964804,0.0.4138717@1786411588.738880718
0.0.683815,0.03018960978326753,SUCCESS,hbar,0.0.3964804,0.0.4138717@1786411587.635113958
0.0.1052080,0.5344713968699263,SUCCESS,hbar,0.0.3964804,0.0.4138717@1786411589.544105646
0.0.4712922,0.03648841172426238,SUCCESS,hbar,0.0.3964804,0.0.4138717@1786411588.619342399
0.0.4140342,0.1880419147134875,SUCCESS,hbar,0.0.3964804,0.0.4138717@1786411591.132663734
0.0.4576074,0.3830414918707947,SUCCESS,hbar,0.0.3964804,0.0.4138717@1786411593.430695724
0.0.4558719,0.007096379401404739,SUCCESS,hbar,0.0.3964804,0.0.4138717@1786411589.807475284
0.0.4552348,0.006448364288517628,SUCCESS,hbar,0.0.3964804,0.0.4138717@1786411591.710665997
0.0.4552309,0.006064214202660584,SUCCESS,hbar,0.0.3964804,0.0.4138717@1786411592.630729705
0.0.4552382,0.00606386966231709,SUCCESS,hbar,0.0.3964804,0.0.4138717@1786411594.582093227
0.0.4571567,1.15147731363107,SUCCESS,hbar,0.0.3964804,0.0.4138717@1786411595.028739769
0.0.1024843,0.00002224729447471204,SUCCESS,hbar,0.0.3964804,0.0.4138717@1786411595.725558371
0.0.4499088,0.02075549620438727,SUCCESS,hbar,0.0.3964804,0.0.4138717@1786411595.893640640
0.0.9304292,1.348752833186221,SUCCESS,hbar,0.0.3964804,0.0.4138717@1786411594.164693800
0.0.10371833,46.35409081907615,SUCCESS,hbar,0.0.3964804,0.0.4138717@1786411592.436340009
0.0.10253402,4.94654514274281,SUCCESS,hbar,0.0.3964804,0.0.4138717@1786411597.421373896
0.0.10541900,0.02037307196860421,SUCCESS,hbar,0.0.3964804,0.0.4138717@1786411598.177541508
0.0.10478184,3207.006565789372,SUCCESS,hbar,0.0.3964804,0.0.4138717@1786411595.689807533
0.0.10489509,3207.006226987447,SUCCESS,hbar,0.0.3964804,0.0.4138717@1786411596.295726666
0.0.8083839,2.933767761339359,SUCCESS,hbar,0.0.3964804,0.0.4138717@1786411597.056781354
0.0.10062632,0.002168569679483992,SUCCESS,hbar,0.0.3964804,0.0.4138717@1786411596.110207138
0.0.10251800,0.0002767055535818055,SUCCESS,hbar,0.0.3964804,0.0.4138717@1786411601.160361485
0.0.10268439,1.895349588769888,SUCCESS,hbar,0.0.3964804,0.0.4138717@1786411600.759019077
0.0.1365779,0.1153407139564038,SUCCESS,hbar,0.0.3964804,0.0.4138717@1786411601.034216822
0.0.689277,2.834142749972631,SUCCESS,hbar,0.0.3964804,0.0.4138717@1786411598.849863831
0.0.1862342,0.1172836491091544,SUCCESS,hbar,0.0.3964804,0.0.4138717@1786411604.362698354
0.0.9196038,0.06521293176761192,SUCCESS,hbar,0.0.3964804,0.0.4138717@1786411602.825919122
0.0.1118731,0.005374732127718017,SUCCESS,hbar,0.0.3964804,0.0.4138717@1786411604.502063455
0.0.1403937,0.003074362976773463,SUCCESS,hbar,0.0.3964804,0.0.4138717@1786411603.919847722
0.0.9177141,0.01827680665685371,SUCCESS,hbar,0.0.3964804,0.0.4138717@1786411604.975123303
0.0.9086562,0.001815196923770171,SUCCESS,hbar,0.0.3964804,0.0.4138717@1786411604.446854280
0.0.8392843,0.1299133421137118,SUCCESS,hbar,0.0.3964804,0.0.4138717@1786411607.435204632
0.0.9169121,0.1155832082023612,SUCCESS,hbar,0.0.3964804,0.0.4138717@1786411604.526823276
0.0.958821,5.605158343316029,SUCCESS,hbar,0.0.3964804,0.0.4138717@1786411607.868981417
0.0.877394,0.002405025754837931,SUCCESS,hbar,0.0.3964804,0.0.4138717@1786411605.666848059
0.0.53756,1.230481203528548,SUCCESS,hbar,0.0.3964804,0.0.4138717@1786411603.838668586
0.0.8113254,0.01132706560544347,SUCCESS,hbar,0.0.3964804,0.0.4138717@1786411605.789778196
0.0.1090802,0.02582563616573965,SUCCESS,hbar,0.0.3964804,0.0.4138717@1786411607.379345085
0.0.7550890,0.0446215148929168,SUCCESS,hbar,0.0.3964804,0.0.4138717@1786411609.193156667
0.0.9095016,0.6954421666724717,SUCCESS,hbar,0.0.3964804,0.0.4138717@1786411608.215447373
0.0.9065767,0.2713193661104397,SUCCESS,hbar,0.0.3964804,0.0.4138717@1786411607.678214292
0.0.8767225,0.1003557325175673,SUCCESS,hbar,0.0.3964804,0.0.4138717@1786411609.473274730
0.0.9009997,0.1488291359835213,SUCCESS,hbar,0.0.3964804,0.0.4138717@1786411609.966535759
0.0.7788265,0.06565303710182845,SUCCESS,hbar,0.0.3964804,0.0.4138717@1786411610.669383107
0.0.8792600,0.001060234093803042,SUCCESS,hbar,0.0.3964804,0.0.4138717@1786411612.463560828
0.0.8256574,0.002122967672243624,SUCCESS,hbar,0.0.3964804,0.0.4138717@1786411611.052973469
0.0.8585468,0.0003271621328293477,SUCCESS,hbar,0.0.3964804,0.0.4138717@1786411613.257653885
0.0.1365814,0.1098814161992566,SUCCESS,hbar,0.0.3964804,0.0.4138717@1786411614.136535643
0.0.1268672,1.24920874021486,SUCCESS,hbar,0.0.3964804,0.0.4138717@1786411616.496883495
0.0.1056474,1.477266719279048,SUCCESS,hbar,0.0.3964804,0.0.4138717@1786411616.182287658
0.0.5012902,0.002584804996842226,SUCCESS,hbar,0.0.3964804,0.0.4138717@1786411615.931563236
0.0.9636419,0.1417275923388198,SUCCESS,hbar,0.0.3964804,0.0.4138717@1786411617.103956205
0.0.5805332,0.4537107910295636,SUCCESS,hbar,0.0.3964804,0.0.4138717@1786411616.772345259
0.0.9602777,0.006489027859133099,SUCCESS,hbar,0.0.3964804,0.0.4138717@1786411620.509732612
0.0.9590994,4.283661816637415,SUCCESS,hbar,0.0.3964804,0.0.4138717@1786411621.741496601
0.0.9365757,0.3399201279384663,SUCCESS,hbar,0.0.3964804,0.0.4138717@1786411617.807364866
0.0.8080965,0.003579137028771012,SUCCESS,hbar,0.0.3964804,0.0.4138717@1786411618.610150166
0.0.8070994,0.588418972202074,SUCCESS,hbar,0.0.3964804,0.0.4138717@1786411622.060170801
0.0.8246604,0.0006446018255302274,SUCCESS,hbar,0.0.3964804,0.0.4138717@1786411621.415521373
0.0.9541852,0.262384295040451,SUCCESS,hbar,0.0.3964804,0.0.4138717@1786411620.762029222
0.0.190191,0.02815243831008702,SUCCESS,hbar,0.0.3964804,0.0.4138717@1786411622.255688398
0.0.4594903,0.01131926087300132,SUCCESS,hbar,0.0.3964804,0.0.4138717@1786411620.555378423
0.0.9364762,0.01513715045891039,SUCCESS,hbar,0.0.3964804,0.0.4138717@1786411623.238706863
0.0.887615,0.003892038137013374,SUCCESS,hbar,0.0.3964804,0.0.4138717@1786411621.755158926
0.0.3012601,0.1285210225512772,SUCCESS,hbar,0.0.3964804,0.0.4138717@1786411625.334828028
0.0.9450539,0.3682240434697724,SUCCESS,hbar,0.0.3964804,0.0.4138717@1786411626.492823231
0.0.9444587,0.7198623130109614,SUCCESS,hbar,0.0.3964804,0.0.4138717@1786411625.484556943
0.0.9146353,0.9084305111866827,SUCCESS,hbar,0.0.3964804,0.0.4138717@1786411626.805024598
0.0.6160732,0.02685101236391178,SUCCESS,hbar,0.0.3964804,0.0.4138717@1786411626.858795555
0.0.813564,0.0003715966745764851,SUCCESS,hbar,0.0.3964804,0.0.4138717@1786411626.750739603
0.0.9367202,0.0006768742332822455,SUCCESS,hbar,0.0.3964804,0.0.4138717@1786411623.762955573
0.0.1459865,0.602548969657256,SUCCESS,hbar,0.0.3964804,0.0.4138717@1786411627.565685246
0.0.4821795,0.9341137829959826,SUCCESS,hbar,0.0.3964804,0.0.4138717@1786411628.954127567
0.0.9318048,0.00581758582102391,SUCCESS,hbar,0.0.3964804,0.0.4138717@1786411628.085157495
0.0.8880678,0.009057681817568951,SUCCESS,hbar,0.0.3964804,0.0.4138717@1786411626.634427684
0.0.9285770,0.04059528779107281,SUCCESS,hbar,0.0.3964804,0.0.4138717@1786411628.239407235
0.0.9275748,0.08554814897739278,SUCCESS,hbar,0.0.3964804,0.0.4138717@1786411627.397657031
0.0.6068301,0.03506986341717632,SUCCESS,hbar,0.0.3964804,0.0.4138717@1786411628.960875110
0.0.8055246,2.473275820264953,SUCCESS,hbar,0.0.3964804,0.0.4138717@1786411631.391457101
0.0.8538714,0.001964400481707276,SUCCESS,hbar,0.0.3964804,0.0.4138717@1786411633.568566872
0.0.835034,0.09973789973951303,SUCCESS,hbar,0.0.3964804,0.0.4138717@1786411631.156863028
0.0.5159009,7.882880684036031,SUCCESS,hbar,0.0.3964804,0.0.4138717@1786411633.212146566
0.0.10380727,1.263770346178123,SUCCESS,hbar,0.0.3964804,0.0.4138717@1786411633.684117777
0.0.10612841,11.10298179967541,SUCCESS,hbar,0.0.3964804,0.0.4138717@1786411631.931979486
0.0.10608781,2073.369207864016,SUCCESS,hbar,0.0.3964804,0.0.4138717@1786411634.121474024
0.0.10502045,1.183509629810955,SUCCESS,hbar,0.0.3964804,0.0.4138717@1786411634.075986613
0.0.10496154,0.001366314953170315,SUCCESS,hbar,0.0.3964804,0.0.4138717@1786411634.323958948
0.0.10495365,1.878371779263987e-7,SUCCESS,hbar,0.0.3964804,0.0.4138717@1786411638.279107295
0.0.844877,1.427968530590791,SUCCESS,hbar,0.0.3964804,0.0.4138717@1786411638.976956387
0.0.4814986,0.000146546601980302,SUCCESS,hbar,0.0.3964804,0.0.4138717@1786411638.794149247
0.0.5850916,0.3851613199834406,SUCCESS,hbar,0.0.3964804,0.0.4138717@1786411640.005662112
0.0.10237154,5.308619996499708,SUCCESS,hbar,0.0.3964804,0.0.4138717@1786411638.372145819
0.0.10465417,0.5710593500890689,SUCCESS,hbar,0.0.3964804,0.0.4138717@1786411637.656699243
0.0.10456759,42.79636929161379,SUCCESS,hbar,0.0.3964804,0.0.4138717@1786411639.285827537
0.0.10420688,0.813178552497201,SUCCESS,hbar,0.0.3964804,0.0.4138717@1786411639.259224303
0.0.10420709,0.2486872571099309,SUCCESS,hbar,0.0.3964804,0.0.4138717@1786411640.861569623
0.0.10420713,0.07454034536764116,SUCCESS,hbar,0.0.3964804,0.0.4138717@1786411640.746949323
0.0.10359193,0.6151978890659021,SUCCESS,hbar,0.0.3964804,0.0.4138717@1786411641.880165509
0.0.3953598,13.50270638301999,SUCCESS,hbar,0.0.3964804,0.0.4138717@1786411642.365945340
0.0.10308209,76.95092182183687,SUCCESS,hbar,0.0.3964804,0.0.4138717@1786411639.723035586
0.0.10307970,0.0007468822722984232,SUCCESS,hbar,0.0.3964804,0.0.4138717@1786411640.569082667
0.0.10303974,0.6780596882317944,SUCCESS,hbar,0.0.3964804,0.0.4138717@1786411641.309332677
0.0.9234350,2.538359983538827,SUCCESS,hbar,0.0.3964804,0.0.4138717@1786411642.221274130
0.0.10267167,0.001893628345054102,SUCCESS,hbar,0.0.3964804,0.0.4138717@1786411641.932995841
0.0.838388,4.180325258513428,SUCCESS,hbar,0.0.3964804,0.0.4138717@1786411645.443532234
0.0.10543839,0.4240082803536603,SUCCESS,hbar,0.0.3964804,0.0.4138717@1786411646.180417444
0.0.10630416,0.2571225220173167,SUCCESS,hbar,0.0.3964804,0.0.4138717@1786411646.479500263
0.0.8244642,439.3082920533093,SUCCESS,hbar,0.0.3964804,0.0.4138717@1786411647.481061902
0.0.2995390,0.015056001130972,SUCCESS,hbar,0.0.3964804,0.0.4138717@1786411647.978981463
0.0.10410907,582.6389085764998,SUCCESS,hbar,0.0.3964804,0.0.4138717@1786411648.608544730
0.0.7809920,2148.243095391352,SUCCESS,hbar,0.0.3964804,0.0.4138717@1786411649.875720577
0.0.4573495,18.61622340079703,SUCCESS,hbar,0.0.3964804,0.0.4138717@1786411647.388826246
0.0.5873159,7.732393607719679,SUCCESS,hbar,0.0.3964804,0.0.4138717@1786411650.700640970
0.0.10354047,0.2869419641353013,SUCCESS,hbar,0.0.3964804,0.0.4138717@1786411647.201073142
0.0.1088074,22.11906468247206,SUCCESS,hbar,0.0.3964804,0.0.4138717@1786411648.704299255
0.0.7989176,45.35315746440449,SUCCESS,hbar,0.0.3964804,0.0.4138717@1786411650.616630286
0.0.8241599,0.3766114400530096,SUCCESS,hbar,0.0.3964804,0.0.4138717@1786411650.736985182
0.0.4341116,0.1742930661412838,SUCCESS,hbar,0.0.3964804,0.0.4138717@1786411650.986514052
0.0.3100704,3.838700830568653,SUCCESS,hbar,0.0.3964804,0.0.4138717@1786411650.189620184
0.0.10267166,69.77713751162831,SUCCESS,hbar,0.0.3964804,0.0.4138717@1786411654.646498823
0.0.1082201,7.774969857095659,SUCCESS,hbar,0.0.3964804,0.0.4138717@1786411651.678648658
0.0.8177816,0.02908315036237749,SUCCESS,hbar,0.0.3964804,0.0.4138717@1786411654.865137316
0.0.8146497,0.09637310988211582,SUCCESS,hbar,0.0.3964804,0.0.4138717@1786411655.117283241
0.0.10435638,0.02174718764158818,SUCCESS,hbar,0.0.3964804,0.0.4138717@1786411653.376191533
0.0.10610396,0.04008517376254889,SUCCESS,hbar,0.0.3964804,0.0.4138717@1786411651.814143100
0.0.9723125,3.735196390181572,SUCCESS,hbar,0.0.3964804,0.0.4138717@1786411654.696422669
0.0.5889071,2.613796280375828,SUCCESS,hbar,0.0.3964804,0.0.4138717@1786411654.045238836
0.0.4350498,0.00002736771699065733,SUCCESS,hbar,0.0.3964804,0.0.4138717@1786411656.985218918
0.0.6181303,0.6717101252413574,SUCCESS,hbar,0.0.3964804,0.0.4138717@1786411658.267654038
0.0.9144627,0.05308019334221777,SUCCESS,hbar,0.0.3964804,0.0.4138717@1786411659.592731706
0.0.9162845,16.26933007775088,SUCCESS,hbar,0.0.3964804,0.0.4138717@1786411659.370287160
0.0.7950871,3.049438399760919,SUCCESS,hbar,0.0.3964804,0.0.4138717@1786411656.477624899
0.0.10481751,0.01256803563527047,SUCCESS,hbar,0.0.3964804,0.0.4138717@1786411655.715032549
0.0.10790518,0.0001490448440893264,SUCCESS,hbar,0.0.3964804,0.0.4138717@1786411660.093513414
0.0.590682,0.01775992459005338,SUCCESS,hbar,0.0.3964804,0.0.4138717@1786411659.871542615
0.0.8640197,0.4406565668197487,SUCCESS,hbar,0.0.3964804,0.0.4138717@1786411658.029461387
0.0.8602366,0.9593812148592613,SUCCESS,hbar,0.0.3964804,0.0.4138717@1786411658.797828336
0.0.8548028,0.0002274941612288483,SUCCESS,hbar,0.0.3964804,0.0.4138717@1786411658.515920389
0.0.8304314,0.04701389301823462,SUCCESS,hbar,0.0.3964804,0.0.4138717@1786411657.984869824
0.0.8152447,0.4648048987285583,SUCCESS,hbar,0.0.3964804,0.0.4138717@1786411659.507423376
0.0.8115823,0.072472086214699,SUCCESS,hbar,0.0.3964804,0.0.4138717@1786411661.068315024
0.0.8104363,192.2468173764379,SUCCESS,hbar,0.0.3964804,0.0.4138717@1786411663.048671782
0.0.1181772,0.03854961895299316,SUCCESS,hbar,0.0.3964804,0.0.4138717@1786411662.610430078
0.0.8068660,0.004622209836014285,SUCCESS,hbar,0.0.3964804,0.0.4138717@1786411663.806048581
0.0.7931472,0.1221232386628482,SUCCESS,hbar,0.0.3964804,0.0.4138717@1786411660.775940477
0.0.8002619,0.191726726916802,SUCCESS,hbar,0.0.3964804,0.0.4138717@1786411662.555159187
0.0.7809201,0.00005791790327658755,SUCCESS,hbar,0.0.3964804,0.0.4138717@1786411665.142056676
0.0.7098838,0.4349638580676393,SUCCESS,hbar,0.0.3964804,0.0.4138717@1786411665.499044645
0.0.8383256,0.0004038284721273043,SUCCESS,hbar,0.0.3964804,0.0.4138717@1786411665.735910274
0.0.4766806,6.89270655073814,SUCCESS,hbar,0.0.3964804,0.0.4138717@1786411665.973388463
0.0.1114728,0.005308596750240071,SUCCESS,hbar,0.0.3964804,0.0.4138717@1786411664.204294915
0.0.7188749,0.921404017102128,SUCCESS,hbar,0.0.3964804,0.0.4138717@1786411662.667737527
0.0.5957081,0.2802967899254337,SUCCESS,hbar,0.0.3964804,0.0.4138717@1786411668.268152708
0.0.4561752,0.03069998701619736,SUCCESS,hbar,0.0.3964804,0.0.4138717@1786411667.899571175
0.0.6334018,0.5372055965315627,SUCCESS,hbar,0.0.3964804,0.0.4138717@1786411668.226484521
0.0.6333135,10.71465408736016,SUCCESS,hbar,0.0.3964804,0.0.4138717@1786411667.838078864
0.0.6315303,1.619432651130534,SUCCESS,hbar,0.0.3964804,0.0.4138717@1786411668.568149044
0.0.6299908,2.176295787040156,SUCCESS,hbar,0.0.3964804,0.0.4138717@1786411669.157042051
0.0.5804427,0.1451121554524072,SUCCESS,hbar,0.0.3964804,0.0.4138717@1786411671.675423703
0.0.1956746,0.02969293090525241,SUCCESS,hbar,0.0.3964804,0.0.4138717@1786411667.687088277
0.0.5742160,6.983341198107254,SUCCESS,hbar,0.0.3964804,0.0.4138717@1786411670.643919829
0.0.1093612,0.1933122217472354,SUCCESS,hbar,0.0.3964804,0.0.4138717@1786411671.245241887
0.0.9774219,0.003294119278957575,SUCCESS,hbar,0.0.3964804,0.0.4138717@1786411672.879647470
0.0.10244829,0.01339980936870764,SUCCESS,hbar,0.0.3964804,0.0.4138717@1786411671.250528880
0.0.10231452,24.32035872902935,SUCCESS,hbar,0.0.3964804,0.0.4138717@1786411675.540795581
0.0.10248120,0.2356936876200814,SUCCESS,hbar,0.0.3964804,0.0.4138717@1786411675.475609276
0.0.818498,0.01021305077675419,SUCCESS,hbar,0.0.3964804,0.0.4138717@1786411674.796786989
0.0.10164472,742.25325183058,SUCCESS,hbar,0.0.3964804,0.0.4138717@1786411673.822751081
0.0.10151415,2.78773350992143,SUCCESS,hbar,0.0.3964804,0.0.4138717@1786411674.674066359
0.0.10115705,0.0004394530138613223,SUCCESS,hbar,0.0.3964804,0.0.4138717@1786411673.882644296
0.0.10035851,33.95067798611687,SUCCESS,hbar,0.0.3964804,0.0.4138717@1786411677.527345235
0.0.10007904,0.001131751821506301,SUCCESS,hbar,0.0.3964804,0.0.4138717@1786411675.462141461
0.0.1365923,0.01064040909560736,SUCCESS,hbar,0.0.3964804,0.0.4138717@1786411677.150991276
0.0.9593512,0.002260511208931192,SUCCESS,hbar,0.0.3964804,0.0.4138717@1786411676.072132045
0.0.10035663,0.3186328749581812,SUCCESS,hbar,0.0.3964804,0.0.4138717@1786411680.048661008
0.0.1400807,0.5166345871418816,SUCCESS,hbar,0.0.3964804,0.0.4138717@1786411681.300023651
0.0.1412348,52.91166563156185,SUCCESS,hbar,0.0.3964804,0.0.4138717@1786411678.699026187
0.0.857763,0.8784423724518927,SUCCESS,hbar,0.0.3964804,0.0.4138717@1786411680.473177480
0.0.9707531,471.3306003134875,SUCCESS,hbar,0.0.3964804,0.0.4138717@1786411679.833915757
0.0.9707528,204.6122675844262,SUCCESS,hbar,0.0.3964804,0.0.4138717@1786411683.936007017
0.0.9275976,13.16348283141901,SUCCESS,hbar,0.0.3964804,0.0.4138717@1786411681.300865270
0.0.7732066,0.9430479222760099,SUCCESS,hbar,0.0.3964804,0.0.4138717@1786411683.968555314
0.0.3211610,1.643948244167982,SUCCESS,hbar,0.0.3964804,0.0.4138717@1786411683.280866540
0.0.1503602,0.3098297301797617,SUCCESS,hbar,0.0.3964804,0.0.4138717@1786411682.824074020
0.0.1703381,0.913868124738599,SUCCESS,hbar,0.0.3964804,0.0.4138717@1786411685.562410658
0.0.9301506,0.006832935740124126,SUCCESS,hbar,0.0.3964804,0.0.4138717@1786411690.593419227
0.0.9177203,0.003282736486853599,SUCCESS,hbar,0.0.3964804,0.0.4138717@1786411687.364558961
0.0.8188301,0.3158885528449453,SUCCESS,hbar,0.0.3964804,0.0.4138717@1786411688.146733498
0.0.8108637,0.0001096920281378807,SUCCESS,hbar,0.0.3964804,0.0.4138717@1786411689.281341616
0.0.9034617,0.04870125551915973,SUCCESS,hbar,0.0.3964804,0.0.4138717@1786411688.094647119
0.0.3240624,0.002204716912635177,SUCCESS,hbar,0.0.3964804,0.0.4138717@1786411691.200857211
0.0.1463093,1.007685137704081,SUCCESS,hbar,0.0.3964804,0.0.4138717@1786411691.829244754
0.0.4504544,10.40285968820647,SUCCESS,hbar,0.0.3964804,0.0.4138717@1786411689.924999901
0.0.2004450,0.03507709641323678,SUCCESS,hbar,0.0.3964804,0.0.4138717@1786411689.994654094
0.0.1374442,0.8296583165928848,SUCCESS,hbar,0.0.3964804,0.0.4138717@1786411692.685058044
0.0.1337171,1.070056323461406,SUCCESS,hbar,0.0.3964804,0.0.4138717@1786411694.155421390
0.0.862835,0.6157398118091313,SUCCESS,hbar,0.0.3964804,0.0.4138717@1786411692.989253133
0.0.7798912,2.779624712783895,SUCCESS,hbar,0.0.3964804,0.0.4138717@1786411693.082075852
0.0.791414,0.4277301284369908,SUCCESS,hbar,0.0.3964804,0.0.4138717@1786411693.947697888
0.0.1746011,2.048760939398438,SUCCESS,hbar,0.0.3964804,0.0.4138717@1786411694.155401665
0.0.4883729,0.4190623781318078,SUCCESS,hbar,0.0.3964804,0.0.4138717@1786411692.408723362
0.0.4312267,6.381695819962301,SUCCESS,hbar,0.0.3964804,0.0.4138717@1786411693.224153600
0.0.4754443,0.02791218265855113,SUCCESS,hbar,0.0.3964804,0.0.4138717@1786411695.773826423
0.0.2150506,0.01812329412160209,SUCCESS,hbar,0.0.3964804,0.0.4138717@1786411695.376987196
0.0.811739,2.718107058841464,SUCCESS,hbar,0.0.3964804,0.0.4138717@1786411697.285590793
0.0.4765612,2.181935468064854,SUCCESS,hbar,0.0.3964804,0.0.4138717@1786411698.271849307
0.0.7937765,1.120788169835497,SUCCESS,hbar,0.0.3964804,0.0.4138717@1786411698.385958528
0.0.6343911,0.7333550234837777,SUCCESS,hbar,0.0.3964804,0.0.4138717@1786411696.752171536
0.0.7703838,0.01063893977329324,SUCCESS,hbar,0.0.3964804,0.0.4138717@1786411700.424883610
0.0.7961490,0.2040145738187231,SUCCESS,hbar,0.0.3964804,0.0.4138717@1786411699.750265608
0.0.3384906,5.282734568200341,SUCCESS,hbar,0.0.3964804,0.0.4138717@1786411697.137375773
0.0.7965412,0.003765853078972418,SUCCESS,hbar,0.0.3964804,0.0.4138717@1786411701.345662884
0.0.710849,0.02075711852408967,SUCCESS,hbar,0.0.3964804,0.0.4138717@1786411702.128409432
0.0.5112630,0.176616266101981,SUCCESS,hbar,0.0.3964804,0.0.4138717@1786411702.853419972
0.0.4861986,0.1646314752878752,SUCCESS,hbar,0.0.3964804,0.0.4138717@1786411702.549236699
0.0.7916029,14.22554698525925,SUCCESS,hbar,0.0.3964804,0.0.4138717@1786411701.656835796
0.0.2891280,0.8676690864534714,SUCCESS,hbar,0.0.3964804,0.0.4138717@1786411702.586396154
0.0.7290965,0.5448859409761458,SUCCESS,hbar,0.0.3964804,0.0.4138717@1786411703.115072976
0.0.662621,0.5290236467686587,SUCCESS,hbar,0.0.3964804,0.0.4138717@1786411703.205993986
0.0.7312670,1.246327640034962,SUCCESS,hbar,0.0.3964804,0.0.4138717@1786411704.543856359
0.0.1124401,1.469492484142993,SUCCESS,hbar,0.0.3964804,0.0.4138717@1786411704.327932529
0.0.892270,2.794908601659708,SUCCESS,hbar,0.0.3964804,0.0.4138717@1786411701.685558653
0.0.3687848,6.011231419379476,SUCCESS,hbar,0.0.3964804,0.0.4138717@1786411703.621498024
0.0.794930,0.06872342845629986,SUCCESS,hbar,0.0.3964804,0.0.4138717@1786411702.389040090
0.0.7631749,0.0007201003266114655,SUCCESS,hbar,0.0.3964804,0.0.4138717@1786411703.185838441
0.0.3872629,0.6250740607243159,SUCCESS,hbar,0.0.3964804,0.0.4138717@1786411704.319232884
0.0.1524063,3.667312733118074,SUCCESS,hbar,0.0.3964804,0.0.4138717@1786411704.403953681
0.0.7732676,11.04093504758079,SUCCESS,hbar,0.0.3964804,0.0.4138717@1786411708.217782543
0.0.7662545,0.005502539601623608,SUCCESS,hbar,0.0.3964804,0.0.4138717@1786411704.275306346
0.0.4887338,0.7035450000287115,SUCCESS,hbar,0.0.3964804,0.0.4138717@1786411708.089105767
0.0.496172,1.269705725897411,SUCCESS,hbar,0.0.3964804,0.0.4138717@1786411707.152959775
0.0.838791,1.096044431185365,SUCCESS,hbar,0.0.3964804,0.0.4138717@1786411709.113929633
0.0.7710235,0.1558401167709765,SUCCESS,hbar,0.0.3964804,0.0.4138717@1786411706.600386548
0.0.4431727,0.1337546273253271,SUCCESS,hbar,0.0.3964804,0.0.4138717@1786411707.996373795
0.0.1359581,18.20328721126614,SUCCESS,hbar,0.0.3964804,0.0.4138717@1786411709.474094339
0.0.1486421,0.4814859746676605,SUCCESS,hbar,0.0.3964804,0.0.4138717@1786411707.615694842
0.0.3916542,0.03835743686687381,SUCCESS,hbar,0.0.3964804,0.0.4138717@1786411711.970946037
0.0.4566469,0.5208519550579673,SUCCESS,hbar,0.0.3964804,0.0.4138717@1786411710.152289154
0.0.887612,2.152095057437299,SUCCESS,hbar,0.0.3964804,0.0.4138717@1786411714.251450756
0.0.8382708,0.002905812713019237,SUCCESS,hbar,0.0.3964804,0.0.4138717@1786411712.371748334
0.0.1261132,0.3695098121291593,SUCCESS,hbar,0.0.3964804,0.0.4138717@1786411714.767135156
0.0.7816479,0.02540425897590931,SUCCESS,hbar,0.0.3964804,0.0.4138717@1786411712.735166056
0.0.6148704,0.08435447069583023,SUCCESS,hbar,0.0.3964804,0.0.4138717@1786411715.088740756
0.0.8054459,0.4904557962049688,SUCCESS,hbar,0.0.3964804,0.0.4138717@1786411716.737700602
0.0.7285744,0.02423656517497754,SUCCESS,hbar,0.0.3964804,0.0.4138717@1786411713.709466579
0.0.4743054,0.000486280000557401,SUCCESS,hbar,0.0.3964804,0.0.4138717@1786411713.942567572
0.0.7920282,0.00556494319509542,SUCCESS,hbar,0.0.3964804,0.0.4138717@1786411717.829484336
0.0.658160,0.004849310139892478,SUCCESS,hbar,0.0.3964804,0.0.4138717@1786411716.716838175
0.0.4853295,7.521960457101225,SUCCESS,hbar,0.0.3964804,0.0.4138717@1786411718.304881576
0.0.8291825,1.300444655142946,SUCCESS,hbar,0.0.3964804,0.0.4138717@1786411718.555943504
0.0.8120693,1.331480213599533,SUCCESS,hbar,0.0.3964804,0.0.4138717@1786411721.850433169
0.0.4319619,0.1017300165002236,SUCCESS,hbar,0.0.3964804,0.0.4138717@1786411717.963900601
0.0.4838474,3.327764576728909,SUCCESS,hbar,0.0.3964804,0.0.4138717@1786411720.646584356
0.0.7550116,0.0816098652946883,SUCCESS,hbar,0.0.3964804,0.0.4138717@1786411721.640707835
0.0.1404010,0.001083693555993161,SUCCESS,hbar,0.0.3964804,0.0.4138717@1786411720.155392044
0.0.8352642,0.06927315434597893,SUCCESS,hbar,0.0.3964804,0.0.4138717@1786411720.900518103
0.0.7920736,0.7801574510415281,SUCCESS,hbar,0.0.3964804,0.0.4138717@1786411720.110999899
0.0.919311,119.2963528255285,SUCCESS,hbar,0.0.3964804,0.0.4138717@1786411724.990859086
0.0.840324,0.7636986234526439,SUCCESS,hbar,0.0.3964804,0.0.4138717@1786411724.004026778
0.0.5719491,0.05632799204100834,SUCCESS,hbar,0.0.3964804,0.0.4138717@1786411724.744447760
0.0.6045318,0.4146305286137124,SUCCESS,hbar,0.0.3964804,0.0.4138717@1786411722.867949444
0.0.2185671,0.09770851490835293,SUCCESS,hbar,0.0.3964804,0.0.4138717@1786411726.709141006
0.0.1056579,5.492574216045026,SUCCESS,hbar,0.0.3964804,0.0.4138717@1786411726.333861709
0.0.8717466,0.001913645027378341,SUCCESS,hbar,0.0.3964804,0.0.4138717@1786411726.820320454
0.0.4724806,0.002249099532440921,SUCCESS,hbar,0.0.3964804,0.0.4138717@1786411727.456126135
0.0.3288501,0.0265515294896397,SUCCESS,hbar,0.0.3964804,0.0.4138717@1786411727.573003341
0.0.8903303,0.293654765488039,FAIL,hbar,0.0.3964804,
0.0.981571,0.0739266644152791,SUCCESS,hbar,0.0.3964804,0.0.4138717@1786411730.594240892
0.0.4343570,0.2132335692941671,SUCCESS,hbar,0.0.3964804,0.0.4138717@1786411731.977613138
0.0.4804985,0.2006221932084824,SUCCESS,hbar,0.0.3964804,0.0.4138717@1786411732.605800410
0.0.1673276,2.740407836173806,SUCCESS,hbar,0.0.3964804,0.0.4138717@1786411731.554920803
0.0.7583284,0.2554354200900278,SUCCESS,hbar,0.0.3964804,0.0.4138717@1786411729.149860152
0.0.6313326,9.345300851867378,SUCCESS,hbar,0.0.3964804,0.0.4138717@1786411729.471118560
0.0.8076778,0.001921208346265665,SUCCESS,hbar,0.0.3964804,0.0.4138717@1786411732.028042716
0.0.2964523,13.94368161966272,SUCCESS,hbar,0.0.3964804,0.0.4138717@1786411732.687807643
0.0.8083173,0.5626538297072902,SUCCESS,hbar,0.0.3964804,0.0.4138717@1786411731.826828323
0.0.4388693,0.02844451474157008,SUCCESS,hbar,0.0.3964804,0.0.4138717@1786411732.620146799
0.0.4315395,0.1058866981675966,SUCCESS,hbar,0.0.3964804,0.0.4138717@1786411734.103415489
0.0.8131537,0.2218527240059208,SUCCESS,hbar,0.0.3964804,0.0.4138717@1786411736.863431497
0.0.1467538,0.1385497546649007,SUCCESS,hbar,0.0.3964804,0.0.4138717@1786411738.014677850
0.0.3847179,0.685871196891765,SUCCESS,hbar,0.0.3964804,0.0.4138717@1786411735.447598547
0.0.6475509,0.2106066046328338,SUCCESS,hbar,0.0.3964804,0.0.4138717@1786411736.721445500
0.0.7732467,0.05658780362869833,SUCCESS,hbar,0.0.3964804,0.0.4138717@1786411736.662596321
0.0.7924085,0.0213259613098167,SUCCESS,hbar,0.0.3964804,0.0.4138717@1786411738.307664112
0.0.844131,0.3456639732089246,SUCCESS,hbar,0.0.3964804,0.0.4138717@1786411736.284252573
0.0.6294131,0.00002348838166865424,SUCCESS,hbar,0.0.3964804,0.0.4138717@1786411739.954025062
0.0.7965335,2.138049063698926,SUCCESS,hbar,0.0.3964804,0.0.4138717@1786411741.055464220
0.0.1754370,0.04562953877205449,SUCCESS,hbar,0.0.3964804,0.0.4138717@1786411740.707357491
0.0.8227507,0.5523081782796526,SUCCESS,hbar,0.0.3964804,0.0.4138717@1786411739.450982513
0.0.3241611,0.4644804075953443,SUCCESS,hbar,0.0.3964804,0.0.4138717@1786411740.756601376
0.0.7938061,0.06216582835500702,SUCCESS,hbar,0.0.3964804,0.0.4138717@1786411739.327109064
0.0.8002341,0.2831090006734679,SUCCESS,hbar,0.0.3964804,0.0.4138717@1786411741.060763712
0.0.7166497,0.0772739638596122,SUCCESS,hbar,0.0.3964804,0.0.4138717@1786411742.173716500
0.0.8209705,0.1335506247147144,SUCCESS,hbar,0.0.3964804,0.0.4138717@1786411743.711081467
0.0.1369825,70.11783453070998,SUCCESS,hbar,0.0.3964804,0.0.4138717@1786411742.908234204
0.0.4346529,2.630441395720447,SUCCESS,hbar,0.0.3964804,0.0.4138717@1786411741.334801057
0.0.833050,0.05110078770014845,SUCCESS,hbar,0.0.3964804,0.0.4138717@1786411742.591641916
0.0.3872024,2.554224662192041,SUCCESS,hbar,0.0.3964804,0.0.4138717@1786411744.017946417
0.0.1121794,0.2308578482606148,SUCCESS,hbar,0.0.3964804,0.0.4138717@1786411745.064944913
0.0.1350500,0.5003147810332081,SUCCESS,hbar,0.0.3964804,0.0.4138717@1786411742.856372609
0.0.3945405,0.0005965150424682345,SUCCESS,hbar,0.0.3964804,0.0.4138717@1786411747.136748085
0.0.1048940,0.142429614160971,SUCCESS,hbar,0.0.3964804,0.0.4138717@1786411748.715860690
0.0.1018824,18.1400414061601,SUCCESS,hbar,0.0.3964804,0.0.4138717@1786411747.652699842
0.0.4231312,0.4036447539839883,SUCCESS,hbar,0.0.3964804,0.0.4138717@1786411747.460115944
0.0.3291464,0.02041419605749774,SUCCESS,hbar,0.0.3964804,0.0.4138717@1786411747.415869910
0.0.4337103,0.002111260248490057,SUCCESS,hbar,0.0.3964804,0.0.4138717@1786411746.884797968
0.0.1088670,0.2565332501215989,SUCCESS,hbar,0.0.3964804,0.0.4138717@1786411747.154894020
0.0.4345654,73.27386423645353,SUCCESS,hbar,0.0.3964804,0.0.4138717@1786411746.677958763
0.0.4345412,0.03414317301197369,SUCCESS,hbar,0.0.3964804,0.0.4138717@1786411747.340533188
0.0.4184148,0.4086819727835933,SUCCESS,hbar,0.0.3964804,0.0.4138717@1786411750.538426698
0.0.920901,19.69618933516326,SUCCESS,hbar,0.0.3964804,0.0.4138717@1786411750.750334634
0.0.3023498,0.5083224623647369,SUCCESS,hbar,0.0.3964804,0.0.4138717@1786411749.187084252
0.0.1728462,0.157808765833562,SUCCESS,hbar,0.0.3964804,0.0.4138717@1786411751.466021853
0.0.4360122,0.1850072575111501,SUCCESS,hbar,0.0.3964804,0.0.4138717@1786411751.137043368
0.0.4368518,0.0733963732350139,SUCCESS,hbar,0.0.3964804,0.0.4138717@1786411749.833711395
0.0.4333378,0.007744221751047244,SUCCESS,hbar,0.0.3964804,0.0.4138717@1786411750.925243447
0.0.4356553,0.02649722511196236,SUCCESS,hbar,0.0.3964804,0.0.4138717@1786411752.643281759
0.0.4535053,3.249997821707049,SUCCESS,hbar,0.0.3964804,0.0.4138717@1786411752.236225781
0.0.1703452,0.6752159101365534,SUCCESS,hbar,0.0.3964804,0.0.4138717@1786411752.079561918
0.0.1860252,0.1792004555649462,SUCCESS,hbar,0.0.3964804,0.0.4138717@1786411755.727150135
0.0.2101943,0.001238529227643071,SUCCESS,hbar,0.0.3964804,0.0.4138717@1786411755.110282748
0.0.1088394,0.09404044551091216,SUCCESS,hbar,0.0.3964804,0.0.4138717@1786411754.132328252
0.0.10801047,0.0001344891671732045,SUCCESS,hbar,0.0.3964804,0.0.4138717@1786411753.474496920
0.0.10801045,0.00003036978916142546,SUCCESS,hbar,0.0.3964804,0.0.4138717@1786411755.640332803
0.0.10792100,23.81808513632915,SUCCESS,hbar,0.0.3964804,0.0.4138717@1786411754.532468074
0.0.979379,6.4821375013893,SUCCESS,hbar,0.0.3964804,0.0.4138717@1786411759.971397665
0.0.1512214,0.02274754394972449,SUCCESS,hbar,0.0.3964804,0.0.4138717@1786411758.124116206
0.0.1198079,115.8946449582299,SUCCESS,hbar,0.0.3964804,0.0.4138717@1786411760.361531863
0.0.965222,7.637305437217083,SUCCESS,hbar,0.0.3964804,0.0.4138717@1786411759.767626944
0.0.481717,0.2255503167152948,SUCCESS,hbar,0.0.3964804,0.0.4138717@1786411759.406726946
0.0.837554,6.002385604803331,SUCCESS,hbar,0.0.3964804,0.0.4138717@1786411760.205663201
0.0.1432019,3.325182602854992,SUCCESS,hbar,0.0.3964804,0.0.4138717@1786411761.884021000
0.0.1448131,0.2542880525758332,SUCCESS,hbar,0.0.3964804,0.0.4138717@1786411759.403551808
0.0.859149,9.571847585041407,SUCCESS,hbar,0.0.3964804,0.0.4138717@1786411764.888181568
0.0.859565,1.543133895633873,SUCCESS,hbar,0.0.3964804,0.0.4138717@1786411763.619212188
0.0.664593,6.675177171252516,SUCCESS,hbar,0.0.3964804,0.0.4138717@1786411764.075574796
0.0.4138268,10.63898429468454,SUCCESS,hbar,0.0.3964804,0.0.4138717@1786411762.456304804
0.0.835670,0.05944408607621855,SUCCESS,hbar,0.0.3964804,0.0.4138717@1786411765.814314962
0.0.1895961,2.742611361267745,SUCCESS,hbar,0.0.3964804,0.0.4138717@1786411766.409070956
0.0.1877641,1.14085027126384,SUCCESS,hbar,0.0.3964804,0.0.4138717@1786411766.870789723
0.0.1097802,2.211816548657185,SUCCESS,hbar,0.0.3964804,0.0.4138717@1786411764.359128877
0.0.3768895,0.001783439855611002,SUCCESS,hbar,0.0.3964804,0.0.4138717@1786411766.637907963
0.0.4161393,1.337627752809043,SUCCESS,hbar,0.0.3964804,0.0.4138717@1786411765.564155488
0.0.4358173,2.833506702150667,SUCCESS,hbar,0.0.3964804,0.0.4138717@1786411768.268235155
0.0.3967246,0.4642167162532659,SUCCESS,hbar,0.0.3964804,0.0.4138717@1786411766.320817813
0.0.4965217,0.1259696748777608,SUCCESS,hbar,0.0.3964804,0.0.4138717@1786411766.159903417
0.0.4766862,0.5182466186595344,SUCCESS,hbar,0.0.3964804,0.0.4138717@1786411767.731828900
0.0.805713,4.466219748728934,SUCCESS,hbar,0.0.3964804,0.0.4138717@1786411770.898315184
0.0.5068116,0.04954557066569694,SUCCESS,hbar,0.0.3964804,0.0.4138717@1786411767.485450631
0.0.753351,0.32141420910089,SUCCESS,hbar,0.0.3964804,0.0.4138717@1786411768.109863606
0.0.6139137,0.9059615119630613,SUCCESS,hbar,0.0.3964804,0.0.4138717@1786411768.958590836
0.0.6154587,3.035576554916396,SUCCESS,hbar,0.0.3964804,0.0.4138717@1786411772.096664597
0.0.6275653,0.01646790466097851,SUCCESS,hbar,0.0.3964804,0.0.4138717@1786411768.000424827
0.0.5957030,1.449754233697061,SUCCESS,hbar,0.0.3964804,0.0.4138717@1786411771.221053115
0.0.433061,0.02065972968000919,SUCCESS,hbar,0.0.3964804,0.0.4138717@1786411772.552505933
0.0.6306847,0.03529051157495997,SUCCESS,hbar,0.0.3964804,0.0.4138717@1786411769.906173141
0.0.1463629,0.02919492256933904,SUCCESS,hbar,0.0.3964804,0.0.4138717@1786411775.348750730
0.0.4784258,0.189616114836899,SUCCESS,hbar,0.0.3964804,0.0.4138717@1786411771.733479279
0.0.6852334,0.6105959988669997,SUCCESS,hbar,0.0.3964804,0.0.4138717@1786411774.525952918
0.0.6828202,29.83668444845848,SUCCESS,hbar,0.0.3964804,0.0.4138717@1786411773.778832923
0.0.3048811,0.01635821557136635,SUCCESS,hbar,0.0.3964804,0.0.4138717@1786411773.658131643
0.0.4314332,5.239103853284908,SUCCESS,hbar,0.0.3964804,0.0.4138717@1786411772.463676197
0.0.6416166,0.7879878050318616,SUCCESS,hbar,0.0.3964804,0.0.4138717@1786411776.045239803
0.0.2967389,0.5655547222647969,SUCCESS,hbar,0.0.3964804,0.0.4138717@1786411774.516636206
0.0.6270761,45.52266162941893,SUCCESS,hbar,0.0.3964804,0.0.4138717@1786411777.554807545
0.0.6004536,0.07073622238112179,SUCCESS,hbar,0.0.3964804,0.0.4138717@1786411776.265606834
0.0.7450449,0.4555968726975448,SUCCESS,hbar,0.0.3964804,0.0.4138717@1786411778.856231729
0.0.5421455,0.00587522947981422,SUCCESS,hbar,0.0.3964804,0.0.4138717@1786411778.548691702
0.0.732798,0.04704905980114792,SUCCESS,hbar,0.0.3964804,0.0.4138717@1786411779.642299778
0.0.795838,0.04303414648438878,SUCCESS,hbar,0.0.3964804,0.0.4138717@1786411776.381883067
0.0.1357334,0.16106118567078,SUCCESS,hbar,0.0.3964804,0.0.4138717@1786411777.181581361
0.0.3165925,0.06262412098942903,SUCCESS,hbar,0.0.3964804,0.0.4138717@1786411780.560998098
0.0.1353334,0.0679721110397177,SUCCESS,hbar,0.0.3964804,0.0.4138717@1786411780.938859924
0.0.1402758,1.193833386323145,SUCCESS,hbar,0.0.3964804,0.0.4138717@1786411779.041298906
0.0.728698,0.1959133867587879,SUCCESS,hbar,0.0.3964804,0.0.4138717@1786411779.224397480
0.0.4327294,0.02309423936885634,SUCCESS,hbar,0.0.3964804,0.0.4138717@1786411781.478727320
0.0.838198,0.6823325455870924,SUCCESS,hbar,0.0.3964804,0.0.4138717@1786411784.561477162
0.0.5315914,2.374847387016364,SUCCESS,hbar,0.0.3964804,0.0.4138717@1786411783.339909851
0.0.8198608,0.1429830412812839,SUCCESS,hbar,0.0.3964804,0.0.4138717@1786411784.023972457
0.0.4093788,2.074503199829258,SUCCESS,hbar,0.0.3964804,0.0.4138717@1786411782.798253000
0.0.5495538,0.0252419027455037,SUCCESS,hbar,0.0.3964804,0.0.4138717@1786411784.644544449
0.0.4533464,0.1835334236500041,SUCCESS,hbar,0.0.3964804,0.0.4138717@1786411782.507259249
0.0.859649,0.147193339380289,SUCCESS,hbar,0.0.3964804,0.0.4138717@1786411784.509190344
0.0.5147407,0.5397457186953385,SUCCESS,hbar,0.0.3964804,0.0.4138717@1786411783.035944570
0.0.3937438,0.4157551298295761,SUCCESS,hbar,0.0.3964804,0.0.4138717@1786411786.637127114
0.0.5023507,0.06851000626960214,SUCCESS,hbar,0.0.3964804,0.0.4138717@1786411784.094875802
0.0.4589167,0.02025127305236238,SUCCESS,hbar,0.0.3964804,0.0.4138717@1786411787.840668184
0.0.5698429,0.009285050125429621,SUCCESS,hbar,0.0.3964804,0.0.4138717@1786411788.215342188
0.0.4351736,0.02174288719587075,SUCCESS,hbar,0.0.3964804,0.0.4138717@1786411785.563579213
0.0.4540904,0.7446156506365227,SUCCESS,hbar,0.0.3964804,0.0.4138717@1786411786.899534615
0.0.4717832,0.3078427256149912,SUCCESS,hbar,0.0.3964804,0.0.4138717@1786411785.999030085
0.0.4659519,0.5378990781090167,SUCCESS,hbar,0.0.3964804,0.0.4138717@1786411786.999624983
0.0.6674918,0.00474641302019819,SUCCESS,hbar,0.0.3964804,0.0.4138717@1786411791.163993144
0.0.4360598,0.01249652303411399,SUCCESS,hbar,0.0.3964804,0.0.4138717@1786411788.305099089
0.0.2123622,0.04229495787838249,SUCCESS,hbar,0.0.3964804,0.0.4138717@1786411790.349711482
0.0.6324031,0.0002485750454811637,SUCCESS,hbar,0.0.3964804,0.0.4138717@1786411787.616751858
0.0.2174952,0.08251218957534324,SUCCESS,hbar,0.0.3964804,0.0.4138717@1786411788.223698504
0.0.827132,0.2115092745916339,SUCCESS,hbar,0.0.3964804,0.0.4138717@1786411791.392228991
0.0.835625,0.04224363860605429,SUCCESS,hbar,0.0.3964804,0.0.4138717@1786411790.316151005
0.0.6247418,0.01607730313629671,SUCCESS,hbar,0.0.3964804,0.0.4138717@1786411790.773230666
0.0.6058490,0.00931851800364789,SUCCESS,hbar,0.0.3964804,0.0.4138717@1786411789.402954090
0.0.6095958,2.702959112246828,SUCCESS,hbar,0.0.3964804,0.0.4138717@1786411792.453256656
0.0.1334605,3.199450587587422,SUCCESS,hbar,0.0.3964804,0.0.4138717@1786411792.398047479
0.0.4799094,0.03108187854139129,SUCCESS,hbar,0.0.3964804,0.0.4138717@1786411793.195432844
0.0.6061106,0.1303529179313198,SUCCESS,hbar,0.0.3964804,0.0.4138717@1786411792.577303267
0.0.4978453,2.763214294735086,SUCCESS,hbar,0.0.3964804,0.0.4138717@1786411792.743786976
0.0.7638910,0.01466180977411334,SUCCESS,hbar,0.0.3964804,0.0.4138717@1786411797.309616185
0.0.7610560,0.04926118830248236,SUCCESS,hbar,0.0.3964804,0.0.4138717@1786411794.005985978
0.0.5437974,0.3304239209830815,SUCCESS,hbar,0.0.3964804,0.0.4138717@1786411795.732184646
0.0.4899880,0.02173543623167275,SUCCESS,hbar,0.0.3964804,0.0.4138717@1786411795.646805659
0.0.4595460,0.03572449832325116,SUCCESS,hbar,0.0.3964804,0.0.4138717@1786411794.825775601
0.0.3159220,1.726003493653279,SUCCESS,hbar,0.0.3964804,0.0.4138717@1786411797.489256942
0.0.7200618,0.006240013127223439,SUCCESS,hbar,0.0.3964804,0.0.4138717@1786411798.899494045
0.0.1859919,0.04206758386642945,SUCCESS,hbar,0.0.3964804,0.0.4138717@1786411797.113966577
0.0.848151,0.1069972497202774,SUCCESS,hbar,0.0.3964804,0.0.4138717@1786411799.176806667
0.0.1233065,0.1122039248066589,SUCCESS,hbar,0.0.3964804,0.0.4138717@1786411798.588353592
0.0.6612734,0.002485279206427716,SUCCESS,hbar,0.0.3964804,0.0.4138717@1786411800.498032314
0.0.6344703,36.29674293346161,SUCCESS,hbar,0.0.3964804,0.0.4138717@1786411801.085653965
0.0.1448239,0.01697503431101966,SUCCESS,hbar,0.0.3964804,0.0.4138717@1786411801.964568461
0.0.6232417,0.02800850716393499,SUCCESS,hbar,0.0.3964804,0.0.4138717@1786411800.476718748
0.0.760653,0.06210059416242541,SUCCESS,hbar,0.0.3964804,0.0.4138717@1786411802.870971554
0.0.840487,0.9237900675223943,SUCCESS,hbar,0.0.3964804,0.0.4138717@1786411803.738238134
0.0.5314183,0.1115611134122472,SUCCESS,hbar,0.0.3964804,0.0.4138717@1786411803.504704353
0.0.1372179,0.05153541559539915,SUCCESS,hbar,0.0.3964804,0.0.4138717@1786411802.244924798
0.0.435679,9.911508404164902,SUCCESS,hbar,0.0.3964804,0.0.4138717@1786411804.173692887
0.0.2302824,0.0007088459177377471,SUCCESS,hbar,0.0.3964804,0.0.4138717@1786411802.933015056
0.0.4433604,0.02248135246814181,SUCCESS,hbar,0.0.3964804,0.0.4138717@1786411805.621004284
0.0.4345176,0.02860132338191495,SUCCESS,hbar,0.0.3964804,0.0.4138717@1786411804.469444889
0.0.5432163,0.01274323320835032,SUCCESS,hbar,0.0.3964804,0.0.4138717@1786411806.006908690
0.0.789990,0.02096099675268333,SUCCESS,hbar,0.0.3964804,0.0.4138717@1786411808.629774717
0.0.1415516,2.647474068521809,SUCCESS,hbar,0.0.3964804,0.0.4138717@1786411805.388388169
0.0.4329551,0.297899517561153,SUCCESS,hbar,0.0.3964804,0.0.4138717@1786411805.570787471
0.0.5029689,1.22498955285381,SUCCESS,hbar,0.0.3964804,0.0.4138717@1786411806.798639686
0.0.834666,2.202865715767043,SUCCESS,hbar,0.0.3964804,0.0.4138717@1786411805.514977061
0.0.4323897,0.00438081472194305,SUCCESS,hbar,0.0.3964804,0.0.4138717@1786411805.960844748
0.0.4782567,0.7900345221997348,SUCCESS,hbar,0.0.3964804,0.0.4138717@1786411809.697563712
0.0.6256886,0.01460846838278658,SUCCESS,hbar,0.0.3964804,0.0.4138717@1786411806.828072272
0.0.4362017,0.471836330453017,SUCCESS,hbar,0.0.3964804,0.0.4138717@1786411809.985833037
0.0.1046906,0.007264692328790531,SUCCESS,hbar,0.0.3964804,0.0.4138717@1786411809.271983093
0.0.4923529,0.0005243387606937703,SUCCESS,hbar,0.0.3964804,0.0.4138717@1786411809.729522671
0.0.4741573,0.2669488535069326,SUCCESS,hbar,0.0.3964804,0.0.4138717@1786411814.286826049
0.0.1747288,1.18707802616599,SUCCESS,hbar,0.0.3964804,0.0.4138717@1786411810.417428172
0.0.4640278,0.02748054300609024,SUCCESS,hbar,0.0.3964804,0.0.4138717@1786411810.541113996
0.0.4758052,0.05062240366100405,SUCCESS,hbar,0.0.3964804,0.0.4138717@1786411814.715241937
0.0.3295745,4.938360391809416,SUCCESS,hbar,0.0.3964804,0.0.4138717@1786411814.636349229
0.0.5060252,0.007566460461444258,SUCCESS,hbar,0.0.3964804,0.0.4138717@1786411813.480680656
0.0.4322023,0.1687785893158565,SUCCESS,hbar,0.0.3964804,0.0.4138717@1786411815.447919045
0.0.4785387,0.1434605210729673,SUCCESS,hbar,0.0.3964804,0.0.4138717@1786411816.232478282
0.0.1388678,1.443939237751356,SUCCESS,hbar,0.0.3964804,0.0.4138717@1786411818.004674387
0.0.833836,0.7761966011760358,SUCCESS,hbar,0.0.3964804,0.0.4138717@1786411814.631540673
0.0.4867972,0.01177322495061386,SUCCESS,hbar,0.0.3964804,0.0.4138717@1786411815.650946542
0.0.8209324,0.2009646714580457,SUCCESS,hbar,0.0.3964804,0.0.4138717@1786411819.406841884
0.0.7997139,0.03810749432720186,SUCCESS,hbar,0.0.3964804,0.0.4138717@1786411818.250736333
0.0.5761971,0.00005554081106622879,SUCCESS,hbar,0.0.3964804,0.0.4138717@1786411820.832221307
0.0.1906790,0.004037994402776049,SUCCESS,hbar,0.0.3964804,0.0.4138717@1786411819.119363115
0.0.8178093,0.03188499129535002,SUCCESS,hbar,0.0.3964804,0.0.4138717@1786411819.384079014
0.0.8175769,0.1159859166339257,SUCCESS,hbar,0.0.3964804,0.0.4138717@1786411821.869643740
0.0.8142528,0.008954688903175275,SUCCESS,hbar,0.0.3964804,0.0.4138717@1786411822.045297710
0.0.7049977,0.002958096346775267,SUCCESS,hbar,0.0.3964804,0.0.4138717@1786411821.412156422
0.0.5007636,0.03194194745641207,SUCCESS,hbar,0.0.3964804,0.0.4138717@1786411823.162018233
0.0.4746343,0.0005764989036708438,SUCCESS,hbar,0.0.3964804,0.0.4138717@1786411820.677043138
0.0.7913251,0.02231554838253375,SUCCESS,hbar,0.0.3964804,0.0.4138717@1786411822.067287924
0.0.8042105,0.03719957855808987,SUCCESS,hbar,0.0.3964804,0.0.4138717@1786411823.921798764
0.0.2477582,0.1065266556608482,SUCCESS,hbar,0.0.3964804,0.0.4138717@1786411824.993082948
0.0.8357708,5.962022402513798,SUCCESS,hbar,0.0.3964804,0.0.4138717@1786411826.736123514
0.0.5524338,0.01736762199015543,SUCCESS,hbar,0.0.3964804,0.0.4138717@1786411825.456661682
0.0.8385016,0.1169323761527428,SUCCESS,hbar,0.0.3964804,0.0.4138717@1786411825.710830647
0.0.8414409,0.005713774270990513,SUCCESS,hbar,0.0.3964804,0.0.4138717@1786411824.263826346
0.0.1714233,0.1022526165968295,SUCCESS,hbar,0.0.3964804,0.0.4138717@1786411827.704348287
0.0.3077609,0.9266943141122707,SUCCESS,hbar,0.0.3964804,0.0.4138717@1786411827.732237295
0.0.8357089,0.2254043123035424,SUCCESS,hbar,0.0.3964804,0.0.4138717@1786411830.814258482
0.0.8059253,0.8033069875497751,SUCCESS,hbar,0.0.3964804,0.0.4138717@1786411830.806793071
0.0.8346544,1.073453777644714,SUCCESS,hbar,0.0.3964804,0.0.4138717@1786411828.666011322
0.0.8323906,6.011635570851018,SUCCESS,hbar,0.0.3964804,0.0.4138717@1786411827.707132442
0.0.8156060,0.03763452559071,SUCCESS,hbar,0.0.3964804,0.0.4138717@1786411828.073695162
0.0.8298814,0.5959359228606252,SUCCESS,hbar,0.0.3964804,0.0.4138717@1786411831.886998620
0.0.7964752,0.001476673722649213,SUCCESS,hbar,0.0.3964804,0.0.4138717@1786411833.740471524
0.0.2025203,0.02950197981904571,SUCCESS,hbar,0.0.3964804,0.0.4138717@1786411832.303574365
0.0.7835479,0.004990467710615831,SUCCESS,hbar,0.0.3964804,0.0.4138717@1786411830.185604843
0.0.7570262,0.02614152837619184,SUCCESS,hbar,0.0.3964804,0.0.4138717@1786411831.392115749
0.0.7421912,0.01435436917215899,SUCCESS,hbar,0.0.3964804,0.0.4138717@1786411831.711664388
0.0.7791729,0.000316080059637658,SUCCESS,hbar,0.0.3964804,0.0.4138717@1786411835.639417982
0.0.5739319,0.3197555311604176,SUCCESS,hbar,0.0.3964804,0.0.4138717@1786411835.585102152
0.0.7607102,0.002419978508845839,SUCCESS,hbar,0.0.3964804,0.0.4138717@1786411833.505947201
0.0.7777028,0.2075625289711796,SUCCESS,hbar,0.0.3964804,0.0.4138717@1786411834.845240554
0.0.1479857,0.3642922888712311,SUCCESS,hbar,0.0.3964804,0.0.4138717@1786411832.653620427
0.0.4752954,0.08698334897419574,SUCCESS,hbar,0.0.3964804,0.0.4138717@1786411834.941925059
0.0.3912896,0.06156652074009004,SUCCESS,hbar,0.0.3964804,0.0.4138717@1786411836.076082150
0.0.4250725,0.04977913500598809,SUCCESS,hbar,0.0.3964804,0.0.4138717@1786411836.600649665
0.0.2557514,0.3228315244129911,SUCCESS,hbar,0.0.3964804,0.0.4138717@1786411835.101500952
0.0.831661,0.8316269089404201,SUCCESS,hbar,0.0.3964804,0.0.4138717@1786411838.811392491
0.0.8514597,4.532008187451447,SUCCESS,hbar,0.0.3964804,0.0.4138717@1786411835.482679827
0.0.5042398,0.547561241075353,SUCCESS,hbar,0.0.3964804,0.0.4138717@1786411841.565782569
0.0.5905014,0.1266881116334369,SUCCESS,hbar,0.0.3964804,0.0.4138717@1786411840.260786011
0.0.3947850,0.0001025933902446835,SUCCESS,hbar,0.0.3964804,0.0.4138717@1786411837.719931330
0.0.7910977,0.4379115580832241,SUCCESS,hbar,0.0.3964804,0.0.4138717@1786411840.876232756
0.0.7896816,5.161550657781252,SUCCESS,hbar,0.0.3964804,0.0.4138717@1786411839.651072974
0.0.1481135,0.1208332825819015,SUCCESS,hbar,0.0.3964804,0.0.4138717@1786411842.485685609
0.0.7965413,0.0003177259723906333,SUCCESS,hbar,0.0.3964804,0.0.4138717@1786411843.109545716
0.0.8032303,0.01863337243380707,SUCCESS,hbar,0.0.3964804,0.0.4138717@1786411844.815937599
0.0.7746903,0.02692596250174111,SUCCESS,hbar,0.0.3964804,0.0.4138717@1786411841.996721613
0.0.7974195,13.29896349369734,SUCCESS,hbar,0.0.3964804,0.0.4138717@1786411841.998953861
0.0.8056304,0.1814860087992488,SUCCESS,hbar,0.0.3964804,0.0.4138717@1786411844.340193126
0.0.7912110,0.000107526396267836,SUCCESS,hbar,0.0.3964804,0.0.4138717@1786411847.363186715
0.0.2006292,0.01894471215114231,SUCCESS,hbar,0.0.3964804,0.0.4138717@1786411846.503567478
0.0.1092596,0.08257933694632914,SUCCESS,hbar,0.0.3964804,0.0.4138717@1786411846.086880651
0.0.853379,23.09981769878525,SUCCESS,hbar,0.0.3964804,0.0.4138717@1786411846.187681911
0.0.3681629,6.235777579221934,SUCCESS,hbar,0.0.3964804,0.0.4138717@1786411850.148423001
0.0.6295630,0.05642886386036572,SUCCESS,hbar,0.0.3964804,0.0.4138717@1786411846.466300758
0.0.2017766,1.507166030845805,SUCCESS,hbar,0.0.3964804,0.0.4138717@1786411849.006271149
0.0.9303899,1.092449411258392,SUCCESS,hbar,0.0.3964804,0.0.4138717@1786411846.629016497
0.0.966444,1.830859226101588,SUCCESS,hbar,0.0.3964804,0.0.4138717@1786411848.832397554
0.0.9178066,4.308834052061297,SUCCESS,hbar,0.0.3964804,0.0.4138717@1786411849.147999743
0.0.9404882,0.3241039788779485,SUCCESS,hbar,0.0.3964804,0.0.4138717@1786411848.539885361
0.0.915984,8.914365593934967,SUCCESS,hbar,0.0.3964804,0.0.4138717@1786411850.739438246
0.0.9405888,0.01448281826638584,SUCCESS,hbar,0.0.3964804,0.0.4138717@1786411851.053497386
0.0.9272301,0.5836473188697816,SUCCESS,hbar,0.0.3964804,0.0.4138717@1786411853.516403758
0.0.1736150,0.3786736110889298,SUCCESS,hbar,0.0.3964804,0.0.4138717@1786411850.303157333
0.0.9477910,2.174178190926321,SUCCESS,hbar,0.0.3964804,0.0.4138717@1786411853.345046600
0.0.2657839,1.297287559735953,SUCCESS,hbar,0.0.3964804,0.0.4138717@1786411854.539408175
0.0.9226909,0.1634728495395962,SUCCESS,hbar,0.0.3964804,0.0.4138717@1786411851.695624307
0.0.1517175,0.9296613265088716,SUCCESS,hbar,0.0.3964804,0.0.4138717@1786411854.402123390
0.0.1461428,1.657178934253567,SUCCESS,hbar,0.0.3964804,0.0.4138717@1786411853.474055134
0.0.946029,0.5439647596702233,SUCCESS,hbar,0.0.3964804,0.0.4138717@1786411856.795757154
0.0.6258977,0.162849227935989,SUCCESS,hbar,0.0.3964804,0.0.4138717@1786411854.221210951
0.0.9612822,0.1653346390917655,SUCCESS,hbar,0.0.3964804,0.0.4138717@1786411858.100234785
0.0.9168967,0.063427137046659,SUCCESS,hbar,0.0.3964804,0.0.4138717@1786411857.997359615
0.0.9104016,0.8995628811000341,SUCCESS,hbar,0.0.3964804,0.0.4138717@1786411857.329119699
0.0.5580759,0.03107582343237803,SUCCESS,hbar,0.0.3964804,0.0.4138717@1786411855.284721105
0.0.9149385,0.0846976623680846,SUCCESS,hbar,0.0.3964804,0.0.4138717@1786411856.171026329
0.0.4795853,0.05308520493877733,SUCCESS,hbar,0.0.3964804,0.0.4138717@1786411858.488598865
0.0.7993090,3.844504256877667,SUCCESS,hbar,0.0.3964804,0.0.4138717@1786411859.176837685
0.0.187153,5.940542252790135,SUCCESS,hbar,0.0.3964804,0.0.4138717@1786411858.203812874
0.0.9201440,0.03859720918711897,SUCCESS,hbar,0.0.3964804,0.0.4138717@1786411861.579976095
0.0.4310363,0.2453014519529329,SUCCESS,hbar,0.0.3964804,0.0.4138717@1786411863.094893643
0.0.4340392,0.01593759346290896,SUCCESS,hbar,0.0.3964804,0.0.4138717@1786411862.193985875
0.0.6094118,0.02172423166402536,SUCCESS,hbar,0.0.3964804,0.0.4138717@1786411861.678488871
0.0.9144684,0.07833518005854193,SUCCESS,hbar,0.0.3964804,0.0.4138717@1786411863.029782447
0.0.9150672,0.03221914815729671,SUCCESS,hbar,0.0.3964804,0.0.4138717@1786411864.820720029
0.0.2149252,0.00002086352224248814,SUCCESS,hbar,0.0.3964804,0.0.4138717@1786411862.932690617
0.0.9273859,0.0721928492642995,SUCCESS,hbar,0.0.3964804,0.0.4138717@1786411865.612290457
0.0.1505544,0.002198018833019444,SUCCESS,hbar,0.0.3964804,0.0.4138717@1786411861.839893015
0.0.10242536,1.713426709557407,SUCCESS,hbar,0.0.3964804,0.0.4138717@1786411862.923486030
0.0.10261941,1.148735650130091,SUCCESS,hbar,0.0.3964804,0.0.4138717@1786411864.187125995
0.0.10279551,0.2495631974326553,SUCCESS,hbar,0.0.3964804,0.0.4138717@1786411867.150733761
0.0.9796301,0.7212543319857083,SUCCESS,hbar,0.0.3964804,0.0.4138717@1786411866.165722795
0.0.4853191,0.006095317251175789,SUCCESS,hbar,0.0.3964804,0.0.4138717@1786411865.932866922
0.0.10427913,0.1726630433207231,SUCCESS,hbar,0.0.3964804,0.0.4138717@1786411867.508834057
0.0.560837,19.6589920382143,SUCCESS,hbar,0.0.3964804,0.0.4138717@1786411865.900400681
0.0.834767,1.315203221615424,SUCCESS,hbar,0.0.3964804,0.0.4138717@1786411866.503899469
0.0.3051653,0.7687323780451706,SUCCESS,hbar,0.0.3964804,0.0.4138717@1786411868.494448281
0.0.9695749,3.366391948384358,SUCCESS,hbar,0.0.3964804,0.0.4138717@1786411868.288392786
0.0.876236,0.04397046039643061,SUCCESS,hbar,0.0.3964804,0.0.4138717@1786411867.251050505
0.0.4644030,0.007447081254801122,SUCCESS,hbar,0.0.3964804,0.0.4138717@1786411867.651753913
0.0.2005484,0.006140880030078625,SUCCESS,hbar,0.0.3964804,0.0.4138717@1786411870.530487375
0.0.4144365,0.5672813018708519,SUCCESS,hbar,0.0.3964804,0.0.4138717@1786411871.463340342
0.0.836096,0.03299316787555674,SUCCESS,hbar,0.0.3964804,0.0.4138717@1786411872.883804264
0.0.837799,0.3849056800267803,SUCCESS,hbar,0.0.3964804,0.0.4138717@1786411870.499099703
0.0.10056907,1.054095494169449,SUCCESS,hbar,0.0.3964804,0.0.4138717@1786411870.767004611
0.0.3907868,0.005269475713011189,SUCCESS,hbar,0.0.3964804,0.0.4138717@1786411874.709614272
0.0.3161254,3207.006226987447,SUCCESS,hbar,0.0.3964804,0.0.4138717@1786411874.496346203
0.0.1043461,50.64933811650477,SUCCESS,hbar,0.0.3964804,0.0.4138717@1786411874.427827026
0.0.9317309,0.0005621969689600136,SUCCESS,hbar,0.0.3964804,0.0.4138717@1786411874.713350133
0.0.7550127,0.2036448537912467,SUCCESS,hbar,0.0.3964804,0.0.4138717@1786411871.941523115
0.0.5482082,0.697542480587433,SUCCESS,hbar,0.0.3964804,0.0.4138717@1786411873.529306359
0.0.6460255,4.604692119682565,SUCCESS,hbar,0.0.3964804,0.0.4138717@1786411876.411328386
0.0.8213249,33.81328770922389,SUCCESS,hbar,0.0.3964804,0.0.4138717@1786411878.702476733
0.0.2030460,10.53457296295552,SUCCESS,hbar,0.0.3964804,0.0.4138717@1786411878.355085924
0.0.4911466,0.009443052260996211,SUCCESS,hbar,0.0.3964804,0.0.4138717@1786411875.627794642
0.0.7164995,9.992593967756015,SUCCESS,hbar,0.0.3964804,0.0.4138717@1786411876.129969172
0.0.9690555,0.2848281872000427,SUCCESS,hbar,0.0.3964804,0.0.4138717@1786411880.511983867
0.0.1486871,29.26820546053813,SUCCESS,hbar,0.0.3964804,0.0.4138717@1786411880.722158170
0.0.1711144,0.16234725994143,SUCCESS,hbar,0.0.3964804,0.0.4138717@1786411877.663353642
0.0.10068662,0.05326469859232093,SUCCESS,hbar,0.0.3964804,0.0.4138717@1786411878.358788149
0.0.6440477,1.274034312950239,SUCCESS,0.0.731861,0.0.3951117&0.0.3964804,0.0.4138717@1786410326.444297442
0.0.6289117,51.83000588155411,SUCCESS,0.0.731861,0.0.3951117&0.0.3964804&0.0.4601632&0.0.6071041,0.0.4138717@1786410329.398161175
0.0.874760,161.715132066588,SUCCESS,0.0.731861,0.0.3951117&0.0.3964804&0.0.6078459,0.0.4138717@1786410328.198614462
0.0.4345324,0.3057099808006246,SUCCESS,0.0.731861,0.0.3951117,0.0.4138717@1786410330.859520692
0.0.4702708,101.6843940694869,SUCCESS,0.0.731861,0.0.3951117&0.0.3964827,0.0.4138717@1786410328.441591567
0.0.6026305,0.5342793523720636,SUCCESS,0.0.731861,0.0.3951117,0.0.4138717@1786410330.317373541
0.0.6781119,1013.223629503138,SUCCESS,0.0.731861,0.0.3951117&0.0.3961531&0.0.3964804&0.0.3964827&0.0.3964860&0.0.4601632&0.0.5328590&0.0.6071119&0.0.8315114&0.0.10018365,0.0.4138717@1786410329.347501988
0.0.7262531,0.06044723043159072,SUCCESS,0.0.731861,0.0.3951117&0.0.3964804,0.0.4138717@1786410328.324516762
0.0.7138336,0.05206845631853547,SUCCESS,0.0.731861,0.0.3951117&0.0.3961531,0.0.4138717@1786410329.395314595
0.0.1340928,167.6691409591797,SUCCESS,0.0.731861,0.0.3951117,0.0.4138717@1786410326.725638386
0.0.7479340,5.214325390971665,SUCCESS,0.0.731861,0.0.3951117&0.0.3964804,0.0.4138717@1786410334.530745182
0.0.5078033,5.106767076864696,SUCCESS,0.0.731861,0.0.3951117&0.0.4601632,0.0.4138717@1786410334.378174015
0.0.4229805,1.412074625294552,SUCCESS,0.0.731861,0.0.3951117,0.0.4138717@1786410334.728193359
0.0.1726157,10.84573399235332,SUCCESS,0.0.731861,0.0.3951117&0.0.3964804,0.0.4138717@1786410334.335253901
0.0.4551977,0.2439954622154598,SUCCESS,0.0.731861,0.0.3951117,0.0.4138717@1786410334.072095715
0.0.4766933,45.29592406158257,SUCCESS,0.0.731861,0.0.3951117,0.0.4138717@1786410335.730389672
0.0.1506598,4.523863600635627,SUCCESS,0.0.731861,0.0.3951117,0.0.4138717@1786410334.217180335
0.0.1110477,24.79891628966718,SUCCESS,0.0.731861,0.0.3951117,0.0.4138717@1786410337.461853307
0.0.1490591,36.5235104347747,SUCCESS,0.0.731861,0.0.3951117&0.0.3964790&0.0.3964804,0.0.4138717@1786410336.787181975
0.0.1023917,53.13966444789414,SUCCESS,0.0.731861,0.0.3951117&0.0.3964804&0.0.3964855&0.0.4601632&0.0.6071119,0.0.4138717@1786410341.978912378
0.0.4184733,267.7874294660659,SUCCESS,0.0.731861,0.0.3951117,0.0.4138717@1786410343.804420649
0.0.4318411,14.76310018817377,SUCCESS,0.0.731861,0.0.3951117,0.0.4138717@1786410345.604462522
0.0.3681428,968.0825070050679,SUCCESS,0.0.731861,0.0.3951117&0.0.3964804,0.0.4138717@1786410348.407225424
0.0.4329852,192.4146567999913,SUCCESS,0.0.731861,0.0.3951117&0.0.3964804&0.0.3964827&0.0.3964855&0.0.4601632&0.0.5328590,0.0.4138717@1786410349.851529094
0.0.5975196,2.35136079928576,SUCCESS,0.0.731861,0.0.3951117&0.0.4601632,0.0.4138717@1786410349.203215659
0.0.3969243,0.1212089538842192,SUCCESS,0.0.731861,0.0.3951117&0.0.4129330,0.0.4138717@1786410348.230999298
0.0.5976303,1.208380738415659,SUCCESS,0.0.731861,0.0.3951117&0.0.3964804,0.0.4138717@1786410351.947228733
0.0.4732964,0.3340245368114786,SUCCESS,0.0.731861,0.0.3951117,0.0.4138717@1786410349.893892113
0.0.4432149,0.8919759298866601,SUCCESS,0.0.731861,0.0.3951117,0.0.4138717@1786410352.307114421
0.0.1412123,0.9622494829323573,NOT_ASSOCIATED,0.0.731861,0.0.3951117&0.0.3964804,
0.0.6313910,311.0024523278211,SUCCESS,0.0.731861,0.0.3951117&0.0.3964804,0.0.4138717@1786410352.534256753
0.0.4775299,2.467274585936109,SUCCESS,0.0.731861,0.0.3951117,0.0.4138717@1786410355.558613323
0.0.4758169,1.469720258034666,SUCCESS,0.0.731861,0.0.3951117,0.0.4138717@1786410354.869301809
0.0.3071320,76.15662621947382,SUCCESS,0.0.731861,0.0.3951117,0.0.4138717@1786410352.341943227
0.0.4330219,0.6159532572619117,SUCCESS,0.0.731861,0.0.3951117&0.0.3964790,0.0.4138717@1786410355.725489309
0.0.2968839,97.2352231520149,SUCCESS,0.0.731861,0.0.3951117&0.0.3964804&0.0.4601632,0.0.4138717@1786410358.230508002
0.0.4923080,0.3911961027224381,SUCCESS,0.0.731861,0.0.3951117,0.0.4138717@1786410358.480238610
0.0.5797983,1.325492152373486,SUCCESS,0.0.731861,0.0.3951117&0.0.3961531&0.0.3964804,0.0.4138717@1786410362.559763857
0.0.850535,1099.363358204185,SUCCESS,0.0.731861,0.0.3951117&0.0.4129330&0.0.4601632&0.0.5328590,0.0.4138717@1786410364.125603374
0.0.6244791,2.956909521140776,SUCCESS,0.0.731861,0.0.3951117,0.0.4138717@1786410361.781231906
0.0.7526203,3.203131533219052,SUCCESS,0.0.731861,0.0.3951117&0.0.3964804,0.0.4138717@1786410364.789286490
0.0.1691323,45.8776864524717,SUCCESS,0.0.731861,0.0.3951117&0.0.3964804,0.0.4138717@1786410365.430576572
0.0.8616856,114.2376137823811,SUCCESS,0.0.731861,0.0.3951117&0.0.3961531&0.0.3964804&0.0.6071119,0.0.4138717@1786410365.584691582
0.0.2960169,1.904631581070766,SUCCESS,0.0.731861,0.0.3951117&0.0.3961531&0.0.3964827,0.0.4138717@1786410366.920928890
0.0.8531519,6.784883918187503,SUCCESS,0.0.731861,0.0.3951117,0.0.4138717@1786410365.980008403
0.0.2122027,29.92096709737861,SUCCESS,0.0.731861,0.0.3951117&0.0.3961531&0.0.3964804,0.0.4138717@1786410365.636655769
0.0.4531253,15.62831174638989,SUCCESS,0.0.731861,0.0.3951117&0.0.3961531&0.0.3964804&0.0.3964855&0.0.4129330&0.0.8315114,0.0.4138717@1786410367.379303934
0.0.9104463,17.094302762839,SUCCESS,0.0.731861,0.0.3951117&0.0.3964804,0.0.4138717@1786410371.026045377
0.0.7788937,14.89167381644701,SUCCESS,0.0.731861,0.0.3951117&0.0.10018365,0.0.4138717@1786410367.955147837
0.0.9150357,10.02840321086966,NOT_ASSOCIATED,0.0.731861,0.0.3951117,
0.0.4342759,55.57089240090171,SUCCESS,0.0.731861,0.0.3951117,0.0.4138717@1786410368.315312234
0.0.8899262,6.383269480912049,SUCCESS,0.0.731861,0.0.3951117,0.0.4138717@1786410371.804243280
0.0.6872459,651.148002267413,SUCCESS,0.0.731861,0.0.3951117,0.0.4138717@1786410373.810957790
0.0.3310398,2.021362264660756,SUCCESS,0.0.731861,0.0.3951117&0.0.3964804,0.0.4138717@1786410373.125861940
0.0.9120392,1.940601854061842,SUCCESS,0.0.731861,0.0.3951117&0.0.3964804&0.0.8315114,0.0.4138717@1786410374.175654851
0.0.9195929,25.94143336661384,SUCCESS,0.0.731861,0.0.3951117&0.0.3964804&0.0.5328590&0.0.8315114,0.0.4138717@1786410376.906020638
0.0.7891604,20.2697741278023,SUCCESS,0.0.731861,0.0.3951117,0.0.4138717@1786410373.520939247
0.0.9200436,1.569454460774349,SUCCESS,0.0.731861,0.0.3951117&0.0.3961531,0.0.4138717@1786410378.956003205
0.0.657648,163.893919651047,SUCCESS,0.0.731861,0.0.3951117&0.0.3961531&0.0.3964790,0.0.4138717@1786410375.379674372
0.0.1265153,0.02176866992839159,SUCCESS,0.0.731861,0.0.3951117&0.0.3964827,0.0.4138717@1786410378.012461405
0.0.7991960,23.38824898620802,SUCCESS,0.0.731861,0.0.3951117&0.0.3964804,0.0.4138717@1786410377.770196942
0.0.7798148,6.983807061073635,SUCCESS,0.0.731861,0.0.3951117,0.0.4138717@1786410380.561475106
0.0.7843482,2.900731327489848,SUCCESS,0.0.731861,0.0.3951117&0.0.3964804,0.0.4138717@1786410380.798954208
0.0.7835270,14.48912718605063,SUCCESS,0.0.731861,0.0.3951117,0.0.4138717@1786410383.731959103
0.0.4503599,3.47881650321854,SUCCESS,0.0.731861,0.0.3951117,0.0.4138717@1786410382.637517944
0.0.4347838,6.297894846498312,SUCCESS,0.0.731861,0.0.3951117,0.0.4138717@1786410383.696219705
0.0.1877739,2.189044535799482,SUCCESS,0.0.731861,0.0.3951117&0.0.3964827&0.0.4601632,0.0.4138717@1786410383.240840793
0.0.4864609,0.2645430279503744,SUCCESS,0.0.731861,0.0.3951117,0.0.4138717@1786410380.981580271
0.0.598828,0.1377739412220574,SUCCESS,0.0.731861,0.0.3951117&0.0.3964804,0.0.4138717@1786410385.209569755
0.0.4302086,0.3151964062736139,SUCCESS,0.0.731861,0.0.3951117,0.0.4138717@1786410385.548310464
0.0.4559340,0.2956387248645784,SUCCESS,0.0.731861,0.0.3951117,0.0.4138717@1786410386.697544947
0.0.1601282,0.1957071114416153,SUCCESS,0.0.731861,0.0.3951117,0.0.4138717@1786410384.670415478
0.0.2125030,117.2451377138871,SUCCESS,0.0.731861,0.0.3951117&0.0.3961531,0.0.4138717@1786410389.753946856
0.0.856667,17.66265814727504,SUCCESS,0.0.731861,0.0.3951117&0.0.3964804,0.0.4138717@1786410385.362906133
0.0.1991961,119.3679597716053,SUCCESS,0.0.731861,0.0.3951117&0.0.3964790&0.0.3964827&0.0.4601632&0.0.6071041,0.0.4138717@1786410387.879335843
0.0.8068689,261.0012118098383,SUCCESS,0.0.731861,0.0.3951117&0.0.3964804&0.0.3964827,0.0.4138717@1786410391.930033615
0.0.7889838,0.09070097678111388,SUCCESS,0.0.731861,0.0.3951117,0.0.4138717@1786410391.620539511
0.0.6258771,7.436333800477331,SUCCESS,0.0.731861,0.0.3951117,0.0.4138717@1786410389.867840397
0.0.1379217,9.277117859798055,NOT_ASSOCIATED,0.0.731861,0.0.3951117,
0.0.4912200,199.7559314341171,SUCCESS,0.0.731861,0.0.3951117&0.0.3964804,0.0.4138717@1786410391.928687736
0.0.1453803,121.4526163181591,SUCCESS,0.0.731861,0.0.3951117&0.0.4601632&0.0.5328590&0.0.6071119,0.0.4138717@1786410395.965096136
0.0.823348,1.087805479900044,SUCCESS,0.0.731861,0.0.3951117,0.0.4138717@1786410395.285360043
0.0.2174139,1.316507398672413,SUCCESS,0.0.731861,0.0.3951117,0.0.4138717@1786410394.632185067
0.0.1261552,3.937715729229261,SUCCESS,0.0.731861,0.0.3951117&0.0.3961531&0.0.3964790&0.0.3964804&0.0.3964860&0.0.4129330&0.0.6071119,0.0.4138717@1786410399.589600061
0.0.4205604,5.791867372436581,SUCCESS,0.0.731861,0.0.3951117,0.0.4138717@1786410397.055799094
0.0.639876,0.335083132619845,SUCCESS,0.0.731861,0.0.3951117,0.0.4138717@1786410399.118426651
0.0.4329215,0.5834895322063733,SUCCESS,0.0.731861,0.0.3951117&0.0.3961531&0.0.3964804,0.0.4138717@1786410398.774315125
0.0.854331,0.2230003562639845,SUCCESS,0.0.731861,0.0.3951117,0.0.4138717@1786410398.582049192
0.0.4333286,9.012295000541782,SUCCESS,0.0.731861,0.0.3951117&0.0.3964827&0.0.3964860,0.0.4138717@1786410398.407497874
0.0.700741,3.726461815466843,SUCCESS,0.0.731861,0.0.3951117,0.0.4138717@1786410400.651054552
0.0.1412849,0.00003476525880582543,SUCCESS,0.0.731861,0.0.3951117,0.0.4138717@1786410403.426204501
0.0.4346579,0.01499189606756912,SUCCESS,0.0.731861,0.0.3951117,0.0.4138717@1786410401.622038632
0.0.508876,133.166106866683,SUCCESS,0.0.731861,0.0.3951117&0.0.3964804,0.0.4138717@1786410402.205617344
0.0.1075892,8.887717221557496,SUCCESS,0.0.731861,0.0.3951117,0.0.4138717@1786410403.945784938
0.0.4350041,1.544608779576807,SUCCESS,0.0.731861,0.0.3951117,0.0.4138717@1786410401.762944208
0.0.1910285,0.9974920857523617,SUCCESS,0.0.731861,0.0.3951117,0.0.4138717@1786410404.400236162
0.0.1735540,16.72507175641383,SUCCESS,0.0.731861,0.0.3951117&0.0.5328590,0.0.4138717@1786410403.368385947
0.0.4349304,2.013250630605391,SUCCESS,0.0.731861,0.0.3951117&0.0.3964790&0.0.5328590,0.0.4138717@1786410402.462651067
0.0.1338331,3.416738773269937,SUCCESS,0.0.731861,0.0.3951117,0.0.4138717@1786410405.169032193
0.0.4322065,8.308541980667092,SUCCESS,0.0.731861,0.0.3951117,0.0.4138717@1786410406.451453669
0.0.3845966,8.31298356592891,SUCCESS,0.0.731861,0.0.3951117&0.0.3961531&0.0.3964790&0.0.3964804&0.0.3964827&0.0.6078459,0.0.4138717@1786410405.473884977
0.0.1274087,2953.303004097821,SUCCESS,0.0.731861,0.0.3951117,0.0.4138717@1786410406.783981852
0.0.2773436,1645.417258836697,SUCCESS,0.0.731861,0.0.3951117&0.0.3964804&0.0.5328590,0.0.4138717@1786410407.497821354
0.0.834820,96.86279987620853,SUCCESS,0.0.731861,0.0.3951117&0.0.3964804,0.0.4138717@1786410409.109159909
0.0.836838,76265.178864606,SUCCESS,0.0.731861,0.0.3951117&0.0.5328590,0.0.4138717@1786410407.923971856
0.0.860438,11.14192911298218,SUCCESS,0.0.731861,0.0.3951117&0.0.3964804&0.0.6071119,0.0.4138717@1786410407.994104761
0.0.1290358,89.71634577294603,SUCCESS,0.0.731861,0.0.3951117,0.0.4138717@1786410409.311791967
0.0.3241044,38.99972444812542,SUCCESS,0.0.731861,0.0.3951117&0.0.3961531,0.0.4138717@1786410407.808397723
0.0.832415,517.7539953944332,SUCCESS,0.0.731861,0.0.3951117,0.0.4138717@1786410409.092005900
0.0.1375637,36.72389814446853,SUCCESS,0.0.731861,0.0.3951117&0.0.3964790,0.0.4138717@1786410409.141172420
0.0.4370057,0.5451023760162691,SUCCESS,0.0.731861,0.0.3951117,0.0.4138717@1786410411.884052547
0.0.1724832,0.9628752233261928,SUCCESS,0.0.731861,0.0.3951117,0.0.4138717@1786410411.643621361
0.0.832624,13.51639527582228,SUCCESS,0.0.731861,0.0.3951117&0.0.3961531&0.0.3964804&0.0.5328590&0.0.6071119,0.0.4138717@1786410414.119401942
0.0.525256,32.47539960950442,SUCCESS,0.0.731861,0.0.3951117,0.0.4138717@1786410412.932625802
0.0.2116956,2.926067988815538,SUCCESS,0.0.731861,0.0.3951117&0.0.3961531&0.0.3964855,0.0.4138717@1786410411.028460698
0.0.896788,2867.67263225645,SUCCESS,0.0.731861,0.0.3951117&0.0.4601632,0.0.4138717@1786410414.343442560
0.0.925802,12.90113563634203,SUCCESS,0.0.731861,0.0.3951117,0.0.4138717@1786410411.742558070
0.0.1628961,6786.813846451848,SUCCESS,0.0.731861,0.0.3951117&0.0.3964804&0.0.5328590&0.0.8315114,0.0.4138717@1786410415.199626270
0.0.819461,0.8334670003418114,SUCCESS,0.0.731861,0.0.3951117,0.0.4138717@1786410415.242939809
0.0.4210667,0.1133181809479056,SUCCESS,0.0.731861,0.0.3951117,0.0.4138717@1786410418.470022333
0.0.1322785,91.07185872126006,SUCCESS,0.0.731861,0.0.3951117,0.0.4138717@1786410417.251374919
0.0.4986167,0.5224790821521582,SUCCESS,0.0.731861,0.0.3951117,0.0.4138717@1786410415.836696326
0.0.5281334,0.5215735591021627,SUCCESS,0.0.731861,0.0.3951117,0.0.4138717@1786410415.846213723
0.0.5310061,2.085165441980329,SUCCESS,0.0.731861,0.0.3951117&0.0.3964804,0.0.4138717@1786410419.149356087
0.0.5117832,166.3693085124371,SUCCESS,0.0.731861,0.0.3951117&0.0.3964804,0.0.4138717@1786410416.637154134
0.0.1711779,0.05183459402282066,SUCCESS,0.0.731861,0.0.3951117,0.0.4138717@1786410419.119910437
0.0.853268,125.2449929060873,SUCCESS,0.0.731861,0.0.3951117,0.0.4138717@1786410418.551613356
0.0.662296,133.6789246678801,SUCCESS,0.0.731861,0.0.3951117,0.0.4138717@1786410419.010425903
0.0.3829916,67.78394630051568,SUCCESS,0.0.731861,0.0.3951117,0.0.4138717@1786410421.037187846
0.0.4354394,98.4766202649681,SUCCESS,0.0.731861,0.0.3951117&0.0.3964790,0.0.4138717@1786410421.976554505
0.0.4335807,918.6161351581659,SUCCESS,0.0.731861,0.0.3951117&0.0.3961531&0.0.3964790&0.0.3964827&0.0.3964855&0.0.4129330&0.0.4601632&0.0.5328590,0.0.4138717@1786410419.809359013
0.0.5716339,0.004025034309580726,SUCCESS,0.0.731861,0.0.3951117,0.0.4138717@1786410423.097499907
0.0.4709377,34.38384899308309,SUCCESS,0.0.731861,0.0.3951117,0.0.4138717@1786410423.154275873
0.0.4695027,0.9760965257704081,SUCCESS,0.0.731861,0.0.3951117,0.0.4138717@1786410425.497659745
0.0.4340758,1.778038294130434,SUCCESS,0.0.731861,0.0.3951117&0.0.3964804,0.0.4138717@1786410423.204321294
0.0.4817549,6.422330783790813,SUCCESS,0.0.731861,0.0.3951117&0.0.3964804,0.0.4138717@1786410423.876818971
0.0.4938729,4.065772081242931,SUCCESS,0.0.731861,0.0.3951117,0.0.4138717@1786410424.254461195
0.0.4322002,1.174110063609325,SUCCESS,0.0.731861,0.0.3951117,0.0.4138717@1786410428.467364931
0.0.4968045,7.63638030355578,SUCCESS,0.0.731861,0.0.3951117,0.0.4138717@1786410431.100553268
0.0.2930231,1.432328697744473,SUCCESS,0.0.731861,0.0.3951117&0.0.3964804,0.0.4138717@1786410431.880344366
0.0.1266990,0.2211926855416982,SUCCESS,0.0.731861,0.0.3951117,0.0.4138717@1786410429.642447465
0.0.104926,0.03216005426410033,SUCCESS,0.0.731861,0.0.3951117,0.0.4138717@1786410430.376239135
0.0.4348824,0.1434502748338861,SUCCESS,0.0.731861,0.0.3951117,0.0.4138717@1786410433.174516677
0.0.4544530,313.4302251285332,SUCCESS,0.0.731861,0.0.3951117&0.0.3961531&0.0.3964790&0.0.3964804&0.0.3964827&0.0.3964855&0.0.3964860&0.0.4129330&0.0.4601632&0.0.5328590&0.0.6071041&0.0.6078459&0.0.6078473,0.0.4138717@1786410429.612189564
0.0.1506629,0.3203436850296007,SUCCESS,0.0.731861,0.0.3951117,0.0.4138717@1786410430.727938174
0.0.795933,5.164030140505519,SUCCESS,0.0.731861,0.0.3951117,0.0.4138717@1786410431.790416771
0.0.4324445,10.15188955925361,SUCCESS,0.0.731861,0.0.3951117&0.0.3964804&0.0.3964855,0.0.4138717@1786410434.396552031
0.0.4321631,14.38575689704121,SUCCESS,0.0.731861,0.0.3951117&0.0.3964804,0.0.4138717@1786410434.625721650
0.0.4582751,0.5248086235390518,SUCCESS,0.0.731861,0.0.3951117,0.0.4138717@1786410431.000049571
0.0.4324463,0.3553677667410748,SUCCESS,0.0.731861,0.0.3951117&0.0.3964790,0.0.4138717@1786410435.480007579
0.0.4558891,10.7872042100417,SUCCESS,0.0.731861,0.0.3951117,0.0.4138717@1786410437.294859427
0.0.5118079,3.898292461293611,SUCCESS,0.0.731861,0.0.3951117&0.0.3964804,0.0.4138717@1786410436.602485465
0.0.5118232,1.485003026677013,SUCCESS,0.0.731861,0.0.3951117&0.0.3964804,0.0.4138717@1786410438.329814619
0.0.5118190,8.440940961389703,SUCCESS,0.0.731861,0.0.3951117&0.0.3964804&0.0.3964827&0.0.3964860&0.0.5328590,0.0.4138717@1786410437.488795593
0.0.5119346,11.98917507410281,SUCCESS,0.0.731861,0.0.3951117&0.0.3964804,0.0.4138717@1786410436.938950839
0.0.841339,5.168458062498063,SUCCESS,0.0.731861,0.0.3951117,0.0.4138717@1786410440.936315623
0.0.5182107,1.162681663180433,NOT_ASSOCIATED,0.0.731861,0.0.3951117&0.0.3964804,
0.0.5202236,1.625062213405332,SUCCESS,0.0.731861,0.0.3951117,0.0.4138717@1786410438.425034546
0.0.4590627,2.600770339861578,SUCCESS,0.0.731861,0.0.3951117,0.0.4138717@1786410441.353177332
0.0.4323088,49.21758671007352,SUCCESS,0.0.731861,0.0.3951117&0.0.3964804&0.0.3964855,0.0.4138717@1786410441.260490572
0.0.7542917,0.3697670909658375,SUCCESS,0.0.731861,0.0.3951117,0.0.4138717@1786410442.972208663
0.0.4555391,3.464901487027727,SUCCESS,0.0.731861,0.0.3951117,0.0.4138717@1786410442.535337850
0.0.9359586,0.101219435326869,SUCCESS,0.0.731861,0.0.3951117,0.0.4138717@1786410441.561766032
0.0.832852,74.9381835232094,SUCCESS,0.0.731861,0.0.3951117,0.0.4138717@1786410442.778906945
0.0.2174015,0.03836199858668923,SUCCESS,0.0.731861,0.0.3951117,0.0.4138717@1786410444.532197237
0.0.9404406,0.07935962542521979,SUCCESS,0.0.731861,0.0.3951117,0.0.4138717@1786410445.876825321
0.0.1110198,28.88430092133458,SUCCESS,0.0.731861,0.0.3951117,0.0.4138717@1786410447.564632249
0.0.650437,5.231682780614746,SUCCESS,0.0.731861,0.0.3951117&0.0.3961531&0.0.5328590,0.0.4138717@1786410447.378109571
0.0.8585089,203.414307480514,SUCCESS,0.0.731861,0.0.3951117,0.0.4138717@1786410450.404589194
0.0.1115297,1.965313710836186,SUCCESS,0.0.731861,0.0.3951117,0.0.4138717@1786410448.393670459
0.0.1758196,1.577190982462552,SUCCESS,0.0.731861,0.0.3951117,0.0.4138717@1786410449.105513075
0.0.9626972,0.9833651539984954,SUCCESS,0.0.731861,0.0.3951117,0.0.4138717@1786410449.148148854
0.0.9344085,29.41998527471851,SUCCESS,0.0.731861,0.0.3951117&0.0.3964827&0.0.5328590,0.0.4138717@1786410451.997306441
0.0.9755401,12.27302709640172,SUCCESS,0.0.731861,0.0.3951117&0.0.4601632,0.0.4138717@1786410451.623253752
0.0.9761018,616.8657454201676,SUCCESS,0.0.731861,0.0.3951117,0.0.4138717@1786410450.710543865
0.0.4570964,18.50390322327795,SUCCESS,0.0.731861,0.0.3951117,0.0.4138717@1786410449.950707888
0.0.9958383,0.1150878309235041,SUCCESS,0.0.731861,0.0.3951117,0.0.4138717@1786410450.066401543
0.0.9723151,0.00761726998161501,SUCCESS,0.0.731861,0.0.3951117,0.0.4138717@1786410450.044051827
0.0.10031117,6.258850109183448,SUCCESS,0.0.731861,0.0.3951117,0.0.4138717@1786410453.239940082
0.0.10031118,0.9176460391698202,SUCCESS,0.0.731861,0.0.3951117,0.0.4138717@1786410453.851193728
0.0.9112426,3.018042102609209,SUCCESS,0.0.731861,0.0.3951117&0.0.3964804&0.0.3964860,0.0.4138717@1786410455.630644913
0.0.8382774,0.00621355510012488,SUCCESS,0.0.731861,0.0.3951117,0.0.4138717@1786410457.845080951
0.0.3943340,0.2535454176368618,SUCCESS,0.0.731861,0.0.3951117,0.0.4138717@1786410457.341369314
0.0.5352069,1.132341437080534,SUCCESS,0.0.731861,0.0.3951117,0.0.4138717@1786410458.912134057
0.0.8490555,3.685869832260124,SUCCESS,0.0.731861,0.0.3951117,0.0.4138717@1786410460.053097727
0.0.4331763,382.7446844424029,SUCCESS,0.0.731861,0.0.3951117,0.0.4138717@1786410459.764161084
0.0.7934467,3.600658671358914,SUCCESS,0.0.731861,0.0.3951117,0.0.4138717@1786410459.074158696
0.0.8546442,15.21073539818397,SUCCESS,0.0.731861,0.0.3951117,0.0.4138717@1786410459.681188401
0.0.8684349,990.6049098378788,SUCCESS,0.0.731861,0.0.3951117,0.0.4138717@1786410463.542301572
0.0.9099631,2.030069789603838,SUCCESS,0.0.731861,0.0.3951117&0.0.6071119,0.0.4138717@1786410464.243401870
0.0.1157855,1.574404202367051,SUCCESS,0.0.731861,0.0.3951117,0.0.4138717@1786410465.985128187
0.0.8419510,0.666237006775014,SUCCESS,0.0.731861,0.0.3951117,0.0.4138717@1786410461.725115183
0.0.1707146,2.31881884416852,SUCCESS,0.0.731861,0.0.3951117,0.0.4138717@1786410467.674819118
0.0.9125858,122619.4149888254,SUCCESS,0.0.731861,0.0.3951117&0.0.6071041&0.0.6071119&0.0.6126395&0.0.8315114&0.0.9774523&0.0.10018365&0.0.10092996&0.0.10418141,0.0.4138717@1786410463.717617601
0.0.1368197,6.241192874052305,SUCCESS,0.0.731861,0.0.3951117&0.0.3964804,0.0.4138717@1786410464.719874400
0.0.7810768,5.080471012599605,SUCCESS,0.0.731861,0.0.3951117&0.0.3964827,0.0.4138717@1786410467.478492102
0.0.1120575,449.4005006884558,SUCCESS,0.0.731861,0.0.3951117&0.0.3964804,0.0.4138717@1786410464.884670632
0.0.9273872,0.02980257781271082,SUCCESS,0.0.731861,0.0.3951117,0.0.4138717@1786410467.719204815
0.0.1515633,6.909954930015248,SUCCESS,0.0.731861,0.0.3951117,0.0.4138717@1786410466.982064063
0.0.850481,174.0556589442852,SUCCESS,0.0.731861,0.0.3951117,0.0.4138717@1786410471.209807749
0.0.3242760,59.36962523043633,SUCCESS,0.0.731861,0.0.3951117&0.0.3961531&0.0.3964804,0.0.4138717@1786410471.714813624
0.0.1734809,0.525935059104067,SUCCESS,0.0.731861,0.0.3951117&0.0.3964804&0.0.6071119,0.0.4138717@1786410471.135465709
0.0.10493411,39.56019694003857,SUCCESS,0.0.731861,0.0.3951117&0.0.3961531,0.0.4138717@1786410471.366065042
0.0.912615,216.1070034801193,SUCCESS,0.0.731861,0.0.3951117&0.0.3964804&0.0.3964827,0.0.4138717@1786410471.698302330
0.0.10504552,0.3781425784508435,SUCCESS,0.0.731861,0.0.3951117,0.0.4138717@1786410469.917639893
0.0.4560992,8.18506015411867,SUCCESS,0.0.731861,0.0.3951117,0.0.4138717@1786410473.815390369
0.0.8188541,2.744730702715523,SUCCESS,0.0.731861,0.0.3951117,0.0.4138717@1786410474.881738252
0.0.10609625,0.07779364029082897,SUCCESS,0.0.731861,0.0.3951117,0.0.4138717@1786410474.483847381
0.0.10296471,10.09226448004544,SUCCESS,0.0.731861,0.0.3951117,0.0.4138717@1786410474.522095905
0.0.850352,128.743079256958,SUCCESS,0.0.731861,0.0.3951117,0.0.4138717@1786410472.667238459
0.0.10483303,26204.86360402171,SUCCESS,0.0.731861,0.0.3951117,0.0.4138717@1786410474.005198466
0.0.5060673,26.73655812364868,SUCCESS,0.0.731861,0.0.3951117,0.0.4138717@1786410474.771060376
0.0.10789847,93.0309768424244,SUCCESS,0.0.731861,0.0.3951117,0.0.4138717@1786410473.308160580
0.0.10584246,19239.96931093421,SUCCESS,0.0.731861,0.0.3951117&0.0.3964804&0.0.5328590&0.0.10093026,0.0.4138717@1786410478.393994595
0.0.10169238,29.97229625668165,SUCCESS,0.0.731861,0.0.3951117,0.0.4138717@1786410476.943089367
0.0.914261,66.5620550451098,SUCCESS,0.0.731861,0.0.3951117,0.0.4138717@1786410480.964569474
0.0.956549,1104.737303147086,SUCCESS,0.0.731861,0.0.3951117&0.0.3961531,0.0.4138717@1786410481.312380783
0.0.1097257,1807.079054561514,SUCCESS,0.0.731861,0.0.3951117&0.0.3964827&0.0.4601632&0.0.5328590,0.0.4138717@1786410478.591144467
0.0.1409958,0.02495252882839493,SUCCESS,0.0.731861,0.0.3951117,0.0.4138717@1786410479.202535832
0.0.731977,1044.00494696682,SUCCESS,0.0.731861,0.0.3951117&0.0.4601632,0.0.4138717@1786410481.427143924
0.0.4343858,263.4562937420419,SUCCESS,0.0.731861,0.0.3951117&0.0.3964827&0.0.5328590,0.0.4138717@1786410481.750792454
0.0.10021410,0.1449599979887232,SUCCESS,0.0.731861,0.0.3951117,0.0.4138717@1786410478.640647458
0.0.10076247,1.871715195514385,SUCCESS,0.0.731861,0.0.3951117,0.0.4138717@1786410482.757591937
0.0.1340164,78.96993128476696,SUCCESS,0.0.731861,0.0.3951117,0.0.4138717@1786410480.995491173
0.0.10076636,19.1316765695754,SUCCESS,0.0.731861,0.0.3951117,0.0.4138717@1786410483.698385841
0.0.735239,0.0001807570120237423,SUCCESS,0.0.731861,0.0.3951117,0.0.4138717@1786410483.994507014
0.0.9302147,98.74208808735546,SUCCESS,0.0.731861,0.0.3951117&0.0.5328590,0.0.4138717@1786410482.187947256
0.0.10122546,0.124738090126555,SUCCESS,0.0.731861,0.0.3951117,0.0.4138717@1786410485.656888464
0.0.10169145,0.2139442831001354,SUCCESS,0.0.731861,0.0.3951117,0.0.4138717@1786410489.187263957
0.0.7786995,261.6377889142767,SUCCESS,0.0.731861,0.0.3951117,0.0.4138717@1786410486.326518939
0.0.2137668,72.14695798951917,SUCCESS,0.0.731861,0.0.3951117&0.0.3964804,0.0.4138717@1786410489.975762168
0.0.10230141,21.61903995500283,SUCCESS,0.0.731861,0.0.3951117,0.0.4138717@1786410488.539372909
0.0.8373509,83.9030871165268,SUCCESS,0.0.731861,0.0.3951117&0.0.3961531&0.0.3964804&0.0.5328590,0.0.4138717@1786410486.485479917
0.0.9299646,9.06503395136368,SUCCESS,0.0.731861,0.0.3951117,0.0.4138717@1786410492.870129914
0.0.4432398,0.848650878554782,SUCCESS,0.0.731861,0.0.3951117,0.0.4138717@1786410490.255850905
0.0.10352676,1.975299197900084,SUCCESS,0.0.731861,0.0.3951117,0.0.4138717@1786410494.490180079
0.0.1408633,5.529890318207851,SUCCESS,0.0.731861,0.0.3951117&0.0.3964855&0.0.6078459,0.0.4138717@1786410492.712656529
0.0.1988559,1.323718372809908,SUCCESS,0.0.731861,0.0.3951117&0.0.3961531,0.0.4138717@1786410490.558771037
0.0.2017173,115.5317022201114,SUCCESS,0.0.731861,0.0.3951117&0.0.3964804,0.0.4138717@1786410493.042187736
0.0.1104990,558.6185513024491,SUCCESS,0.0.731861,0.0.3951117,0.0.4138717@1786410497.283354057
0.0.516971,0.000001394926622870789,SUCCESS,0.0.731861,0.0.3951117&0.0.4129330,0.0.4138717@1786410497.919408652
0.0.1462225,2795.108574386266,SUCCESS,0.0.731861,0.0.3951117,0.0.4138717@1786410497.659682425
0.0.9430013,99.94129551761274,SUCCESS,0.0.731861,0.0.3951117,0.0.4138717@1786410496.782629547
0.0.1792818,0.01030229153604249,SUCCESS,0.0.731861,0.0.3951117,0.0.4138717@1786410501.078696175
0.0.10206048,5.603635687810003,SUCCESS,0.0.731861,0.0.3951117,0.0.4138717@1786410502.248143896
0.0.1070346,147.5205507406223,SUCCESS,0.0.731861,0.0.3951117&0.0.3961531,0.0.4138717@1786410500.207188742
0.0.1071830,191.4376539610189,SUCCESS,0.0.731861,0.0.3951117&0.0.3961531&0.0.3964804,0.0.4138717@1786410501.380359754
0.0.4423729,65.20158615735382,SUCCESS,0.0.731861,0.0.3951117&0.0.3964804&0.0.10498278,0.0.4138717@1786410502.250689305
0.0.4569835,0.0149217520965754,SUCCESS,0.0.731861,0.0.3951117,0.0.4138717@1786410501.013321535
0.0.490092,0.2911458111909433,SUCCESS,0.0.731861,0.0.3951117,0.0.4138717@1786410507.588525649
0.0.3525426,33.5349475159924,SUCCESS,0.0.731861,0.0.3951117&0.0.3964790&0.0.3964804&0.0.3964860&0.0.4601632&0.0.5328590,0.0.4138717@1786410506.068005105
0.0.4575306,0.009705860485741449,SUCCESS,0.0.731861,0.0.3951117,0.0.4138717@1786410507.475718721
0.0.1508462,73.96973408261066,SUCCESS,0.0.731861,0.0.3951117,0.0.4138717@1786410504.072620526
0.0.3872466,0.2747328721175023,SUCCESS,0.0.731861,0.0.3951117,0.0.4138717@1786410509.299589415
0.0.4591423,2.785764225560361,SUCCESS,0.0.731861,0.0.3951117&0.0.3964855&0.0.4601632,0.0.4138717@1786410512.257729221
0.0.3925109,0.0001004155266649026,SUCCESS,0.0.731861,0.0.3951117,0.0.4138717@1786410511.555606490
0.0.4433722,0.1550066562406451,SUCCESS,0.0.731861,0.0.3951117,0.0.4138717@1786410511.065155353
0.0.4361868,117.2730943439775,SUCCESS,0.0.731861,0.0.3951117,0.0.4138717@1786410510.231411988
0.0.4331665,2.70629079639529,SUCCESS,0.0.731861,0.0.3951117,0.0.4138717@1786410513.303739788
0.0.1512938,0.001632209709349818,SUCCESS,0.0.731861,0.0.3951117,0.0.4138717@1786410514.354231540
0.0.4570908,451.6517673356703,SUCCESS,0.0.731861,0.0.3951117&0.0.5328590,0.0.4138717@1786410515.054520710
0.0.4351536,2.590062733214892,SUCCESS,0.0.731861,0.0.3951117,0.0.4138717@1786410513.168346793
0.0.844585,21.65306541323194,SUCCESS,0.0.731861,0.0.3951117&0.0.3964804,0.0.4138717@1786410513.585222763
0.0.9318600,275.7242060949022,SUCCESS,0.0.731861,0.0.3951117,0.0.4138717@1786410515.827286166
0.0.9154738,7.027743850490804,SUCCESS,0.0.731861,0.0.3951117&0.0.3964804&0.0.3964827&0.0.6071119,0.0.4138717@1786410518.417727699
0.0.2994397,3.41974076724434,SUCCESS,0.0.731861,0.0.3951117,0.0.4138717@1786410517.471042214
0.0.9619890,19.83207512361943,SUCCESS,0.0.731861,0.0.3951117&0.0.3964804&0.0.6071119&0.0.8315114,0.0.4138717@1786410519.250960345
0.0.9597272,2.372403625845461,SUCCESS,0.0.731861,0.0.3951117,0.0.4138717@1786410518.664638291
0.0.7680254,7.998953640709422,SUCCESS,0.0.731861,0.0.3951117&0.0.3961531&0.0.3964804,0.0.4138717@1786410521.690437310
0.0.52231,10.17603054526739,SUCCESS,0.0.731861,0.0.3951117,0.0.4138717@1786410518.805661346
0.0.4339712,0.7743905952447581,SUCCESS,0.0.731861,0.0.3951117,0.0.4138717@1786410523.263285100
0.0.835242,0.02411462172704918,SUCCESS,0.0.731861,0.0.3951117,0.0.4138717@1786410521.747752659
0.0.8341357,52.96042751722404,SUCCESS,0.0.731861,0.0.3951117&0.0.5328590,0.0.4138717@1786410519.449683847
0.0.4349716,53.56025816890119,SUCCESS,0.0.731861,0.0.3951117&0.0.3964790&0.0.3964804&0.0.3964827&0.0.5328590&0.0.6078473,0.0.4138717@1786410521.242775738
0.0.10064213,2.329280470676229,SUCCESS,0.0.731861,0.0.3951117&0.0.3964804,0.0.4138717@1786410527.010025333
0.0.6374996,90.00914390118393,SUCCESS,0.0.731861,0.0.3951117&0.0.3964827&0.0.5328590,0.0.4138717@1786410526.421404223
0.0.10088944,3.588387946036063,SUCCESS,0.0.731861,0.0.3951117&0.0.3964804,0.0.4138717@1786410527.207825204
0.0.139500,333.4634420020283,SUCCESS,0.0.731861,0.0.3951117&0.0.3964790&0.0.3964860,0.0.4138717@1786410526.828969916
0.0.7920605,49.83065177271089,SUCCESS,0.0.731861,0.0.3951117&0.0.3961531&0.0.3964790&0.0.5328590,0.0.4138717@1786410524.624847997
0.0.1123753,3.332002764937354,SUCCESS,0.0.731861,0.0.3951117&0.0.4129330,0.0.4138717@1786410527.046383345
0.0.7555632,0.1749931524551323,SUCCESS,0.0.731861,0.0.3951117,0.0.4138717@1786410526.088051071
0.0.1380352,3.427902699084062,SUCCESS,0.0.731861,0.0.3951117,0.0.4138717@1786410528.910562200
0.0.7287636,45.25534554959053,SUCCESS,0.0.731861,0.0.3951117&0.0.3961531&0.0.3964804&0.0.4601632&0.0.8315114,0.0.4138717@1786410531.158066425
0.0.5126364,36.70891919183202,SUCCESS,0.0.731861,0.0.3951117,0.0.4138717@1786410531.965824187
0.0.6270084,3064.702251082419,SUCCESS,0.0.731861,0.0.3951117&0.0.3964804,0.0.4138717@1786410530.804133368
0.0.7490874,1.755908812640874,SUCCESS,0.0.731861,0.0.3951117&0.0.3964804,0.0.4138717@1786410531.499560620
0.0.5060163,0.7938021048431196,SUCCESS,0.0.731861,0.0.3951117,0.0.4138717@1786410532.078093874
0.0.1123889,4.969085854587629,SUCCESS,0.0.731861,0.0.3951117&0.0.3964804,0.0.4138717@1786410530.274541317
0.0.834595,96.83035698024553,SUCCESS,0.0.731861,0.0.3951117&0.0.3964804&0.0.5328590,0.0.4138717@1786410533.217442038
0.0.1464418,14.41760072469869,SUCCESS,0.0.731861,0.0.3951117,0.0.4138717@1786410536.080964578
0.0.7129552,136.542744730242,SUCCESS,0.0.731861,0.0.3951117&0.0.3964827&0.0.6071119,0.0.4138717@1786410533.663897449
0.0.7989790,0.07258946869896167,SUCCESS,0.0.731861,0.0.3951117,0.0.4138717@1786410534.687049288
0.0.3706536,0.02010296437558405,SUCCESS,0.0.731861,0.0.3951117,0.0.4138717@1786410533.582907755
0.0.8013259,31616.2987846055,SUCCESS,0.0.731861,0.0.3951117,0.0.4138717@1786410533.534312149
0.0.5688804,9.876471206763377,SUCCESS,0.0.731861,0.0.3951117&0.0.3964827,0.0.4138717@1786410533.098541455
0.0.8068996,1.314206830198171,SUCCESS,0.0.731861,0.0.3951117&0.0.3964790&0.0.3964804&0.0.3964827&0.0.5328590,0.0.4138717@1786410536.122090206
0.0.8071373,2.65286488042866,SUCCESS,0.0.731861,0.0.3951117,0.0.4138717@1786410536.236609941
0.0.819005,31.47561192447152,SUCCESS,0.0.731861,0.0.3951117&0.0.5328590,0.0.4138717@1786410537.861724958
0.0.8212757,4.370223152519273,SUCCESS,0.0.731861,0.0.3951117,0.0.4138717@1786410540.136296218
0.0.8260017,0.2294867614330394,SUCCESS,0.0.731861,0.0.3951117&0.0.3964804,0.0.4138717@1786410540.387105705
0.0.4383878,0.5075538740860028,SUCCESS,0.0.731861,0.0.3951117&0.0.6078459,0.0.4138717@1786410540.019566213
0.0.1784251,10.08905157325382,SUCCESS,0.0.731861,0.0.3951117&0.0.3964804&0.0.4601632&0.0.5328590&0.0.10414792&0.0.10498274,0.0.4138717@1786410541.340971676
0.0.1339713,24.3554222420611,SUCCESS,0.0.731861,0.0.3951117&0.0.3964804&0.0.5328590,0.0.4138717@1786410540.893349343
0.0.4745055,0.01416529651927858,SUCCESS,0.0.731861,0.0.3951117,0.0.4138717@1786410542.317328188
0.0.4338219,14.83273061252961,SUCCESS,0.0.731861,0.0.3951117,0.0.4138717@1786410542.365658351
0.0.4792831,0.007475066025065123,SUCCESS,0.0.731861,0.0.3951117,0.0.4138717@1786410540.342396801
0.0.664329,7.750810500971783,SUCCESS,0.0.731861,0.0.3951117&0.0.6071119&0.0.6126395,0.0.4138717@1786410544.169962047
0.0.4858736,0.0981256758352542,SUCCESS,0.0.731861,0.0.3951117,0.0.4138717@1786410542.009291064
0.0.834443,264.6130828435943,SUCCESS,0.0.731861,0.0.3951117,0.0.4138717@1786410540.476952295
0.0.4430933,595.2377272750715,SUCCESS,0.0.731861,0.0.3951117&0.0.3964827,0.0.4138717@1786410540.602256974
0.0.9301583,151.2077928683909,SUCCESS,0.0.731861,0.0.3951117,0.0.4138717@1786410544.006698839
0.0.5028724,0.01292135917258729,SUCCESS,0.0.731861,0.0.3951117,0.0.4138717@1786410542.428531431
0.0.5156210,0.05895941692415876,SUCCESS,0.0.731861,0.0.3951117&0.0.3964804,0.0.4138717@1786410543.549058666
0.0.5702270,151.0448007397761,SUCCESS,0.0.731861,0.0.3951117&0.0.4601632&0.0.5328590&0.0.6071119,0.0.4138717@1786410543.746037084
0.0.1458130,0.09512184261510503,SUCCESS,0.0.731861,0.0.3951117,0.0.4138717@1786410542.858939236
0.0.1904506,0.001376678579370834,SUCCESS,0.0.731861,0.0.3951117,0.0.4138717@1786410546.789881984
0.0.6234814,0.5751155528826256,SUCCESS,0.0.731861,0.0.3951117,0.0.4138717@1786410544.806164723
0.0.1292697,32.84717001503493,SUCCESS,0.0.731861,0.0.3951117&0.0.3961531,0.0.4138717@1786410548.614274489
0.0.5293942,63.36179287503948,SUCCESS,0.0.731861,0.0.3951117,0.0.4138717@1786410546.877603317
0.0.696790,15.07376124777057,SUCCESS,0.0.731861,0.0.3951117&0.0.3964804,0.0.4138717@1786410544.683391376
0.0.10062632,71.48863836984434,SUCCESS,0.0.731861,0.0.3961531&0.0.3964804&0.0.6071119&0.0.8315114&0.0.9774523&0.0.10018365&0.0.10092996&0.0.10414792,0.0.4138717@1786410546.602579991
0.0.9210701,0.420180064587959,FAIL,0.0.731861,0.0.3961531,
0.0.839555,1.247820318381903,SUCCESS,0.0.731861,0.0.3961531,0.0.4138717@1786410550.900053310
0.0.8355966,28.95011567540889,SUCCESS,0.0.731861,0.0.3961531,0.0.4138717@1786410547.778150529
0.0.3161254,46487.5089417754,SUCCESS,0.0.731861,0.0.3961531&0.0.3964804,0.0.4138717@1786410547.645977844
0.0.10095007,0.8101495008496373,NOT_ASSOCIATED,0.0.731861,0.0.3961531,
0.0.10204459,4.33941992994384,SUCCESS,0.0.731861,0.0.3961531,0.0.4138717@1786410548.517453787
0.0.4363476,27.77615885731764,SUCCESS,0.0.731861,0.0.3961531,0.0.4138717@1786410552.138744862
0.0.10268439,36.66664075633839,SUCCESS,0.0.731861,0.0.3961531&0.0.3964790&0.0.3964804&0.0.5328590,0.0.4138717@1786410552.963548281
0.0.10510695,10.74184667446948,NOT_ASSOCIATED,0.0.731861,0.0.3961531,
0.0.10489509,46487.5089417754,SUCCESS,0.0.731861,0.0.3961531&0.0.3964804,0.0.4138717@1786410552.956617364
0.0.10478184,46487.51316053014,SUCCESS,0.0.731861,0.0.3961531&0.0.3964804,0.0.4138717@1786410554.271373027
0.0.663264,2.540223231877049,SUCCESS,0.0.731861,0.0.3961531&0.0.3964790,0.0.4138717@1786410552.603421473
0.0.1093567,1.225568776531921,SUCCESS,0.0.731861,0.0.3961531&0.0.3964790,0.0.4138717@1786410552.867797614
0.0.3169776,0.04665064700948854,SUCCESS,0.0.731861,0.0.3961531,0.0.4138717@1786410556.349505621
0.0.793410,1521.798251640467,SUCCESS,0.0.731861,0.0.3961531&0.0.3964827&0.0.5328590&0.0.6071041,0.0.4138717@1786410553.925403903
0.0.4715000,0.8583211699614495,SUCCESS,0.0.731861,0.0.3961531,0.0.4138717@1786410557.877598288
0.0.863385,148.1293358659073,SUCCESS,0.0.731861,0.0.3961531,0.0.4138717@1786410556.882357927
0.0.1433179,0.5793231542819289,SUCCESS,0.0.731861,0.0.3961531,0.0.4138717@1786410557.843216571
0.0.2963242,2.670531742930183,NOT_ASSOCIATED,0.0.731861,0.0.3961531,
0.0.1103540,1.222843996803929,SUCCESS,0.0.731861,0.0.3961531&0.0.3964827,0.0.4138717@1786410560.181502413
0.0.826988,42.43661038446758,NOT_ASSOCIATED,0.0.731861,0.0.3961531,
0.0.4723553,3.748502078681394,SUCCESS,0.0.731861,0.0.3961531,0.0.4138717@1786410558.391604393
0.0.1501041,1.252991560931642,SUCCESS,0.0.731861,0.0.3961531,0.0.4138717@1786410561.068393932
0.0.1340980,0.327920022813317,SUCCESS,0.0.731861,0.0.3961531,0.0.4138717@1786410560.236716486
0.0.267573,189.0415672484985,SUCCESS,0.0.731861,0.0.3961531&0.0.3964855&0.0.4601632&0.0.5328590&0.0.6071041&0.0.6126395,0.0.4138717@1786410561.275906914
0.0.862821,18.53078885490962,SUCCESS,0.0.731861,0.0.3961531&0.0.3964790,0.0.4138717@1786410561.799620779
0.0.844965,0.1559660614206053,SUCCESS,0.0.731861,0.0.3961531,0.0.4138717@1786410561.235485231
0.0.842210,52.71081164345426,SUCCESS,0.0.731861,0.0.3961531&0.0.3964804,0.0.4138717@1786410562.451743467
0.0.1288450,0.01014099277230538,SUCCESS,0.0.731861,0.0.3961531,0.0.4138717@1786410562.651915001
0.0.1152713,45932.64032466413,SUCCESS,0.0.731861,0.0.3961531&0.0.3964790&0.0.10387648&0.0.10418141,0.0.4138717@1786410564.534246317
0.0.1324436,0.002498971208396578,NOT_ASSOCIATED,0.0.731861,0.0.3961531,
0.0.6095958,83.63679148108064,NOT_ASSOCIATED,0.0.731861,0.0.3961531&0.0.3964804,
0.0.897444,211.9895577565374,SUCCESS,0.0.731861,0.0.3961531&0.0.3964790,0.0.4138717@1786410563.276736399
0.0.4362462,2.459373033994605,NOT_ASSOCIATED,0.0.731861,0.0.3961531,
0.0.852692,4.993173034018925,SUCCESS,0.0.731861,0.0.3961531,0.0.4138717@1786410564.249320964
0.0.1315254,3.744701576359876,SUCCESS,0.0.731861,0.0.3961531,0.0.4138717@1786410565.845574554
0.0.1303938,7.307799141607823,NOT_ASSOCIATED,0.0.731861,0.0.3961531,
0.0.8183428,0.006920930600593938,SUCCESS,0.0.731861,0.0.3961531,0.0.4138717@1786410564.630430372
0.0.825672,108.7116244676786,SUCCESS,0.0.731861,0.0.3961531,0.0.4138717@1786410564.624103867
0.0.3687323,0.00002589477289582445,SUCCESS,0.0.731861,0.0.3961531,0.0.4138717@1786410565.382310253
0.0.4639603,0.004747465671350104,NOT_ASSOCIATED,0.0.731861,0.0.3961531,
0.0.6435369,5.8205475955962,SUCCESS,0.0.731861,0.0.3961531,0.0.4138717@1786410566.656294766
0.0.982207,564.100003124868,SUCCESS,0.0.731861,0.0.3961531&0.0.3964790,0.0.4138717@1786410567.512483004
0.0.7560867,0.008105187707925059,SUCCESS,0.0.731861,0.0.3961531,0.0.4138717@1786410567.670526814
0.0.7571792,0.01294098379198187,SUCCESS,0.0.731861,0.0.3961531,0.0.4138717@1786410566.458599213
0.0.1910938,0.08081724874706793,SUCCESS,0.0.731861,0.0.3961531,0.0.4138717@1786410568.610969089
0.0.8378238,1.557582422510613,SUCCESS,0.0.731861,0.0.3961531,0.0.4138717@1786410569.059964198
0.0.1431202,2.172893914208458,SUCCESS,0.0.731861,0.0.3961531,0.0.4138717@1786410569.698327782
0.0.9405888,0.4652210700154362,SUCCESS,0.0.731861,0.0.3961531&0.0.3964804&0.0.5328590,0.0.4138717@1786410571.155489365
0.0.1372179,8.21840372147921,SUCCESS,0.0.731861,0.0.3961531&0.0.3964804,0.0.4138717@1786410573.242256632
0.0.10124208,0.02319363327359647,SUCCESS,0.0.731861,0.0.3961531,0.0.4138717@1786410569.774384777
0.0.10223842,22.33217684649221,SUCCESS,0.0.731861,0.0.3961531,0.0.4138717@1786410572.290515981
0.0.10291442,1529.846407048394,SUCCESS,0.0.731861,0.0.3961531,0.0.4138717@1786410570.043917793
0.0.10359193,806.4449726105238,SUCCESS,0.0.731861,0.0.3961531&0.0.3964804&0.0.3964860&0.0.4601632&0.0.5328590,0.0.4138717@1786410574.792106908
0.0.7930589,2.804728537805605,SUCCESS,0.0.731861,0.0.3961531,0.0.4138717@1786410573.510302628
0.0.10801049,0.0008844366698690784,NOT_ASSOCIATED,0.0.731861,0.0.3961531,
0.0.10801050,0.0009953915528670939,NOT_ASSOCIATED,0.0.731861,0.0.3961531,
0.0.10380727,24.35275752581337,SUCCESS,0.0.731861,0.0.3961531&0.0.3964790&0.0.3964804,0.0.4138717@1786410574.045860350
0.0.10601475,1856.38136839685,SUCCESS,0.0.731861,0.0.3961531,0.0.4138717@1786410574.400922475
0.0.10537470,6.846644139870929,SUCCESS,0.0.731861,0.0.3961531,0.0.4138717@1786410574.402563288
0.0.867588,1.231750375920636,SUCCESS,0.0.731861,0.0.3961531,0.0.4138717@1786410574.273710701
0.0.4712184,0.0003253374987542864,SUCCESS,0.0.731861,0.0.3961531&0.0.3964790,0.0.4138717@1786410578.602285910
0.0.836858,97.70404095178944,SUCCESS,0.0.731861,0.0.3961531,0.0.4138717@1786410577.142972848
0.0.5435669,0.339111403441883,SUCCESS,0.0.731861,0.0.3961531,0.0.4138717@1786410576.059817260
0.0.935686,1.38093235355657,SUCCESS,0.0.731861,0.0.3961531,0.0.4138717@1786410578.968088897
0.0.6306847,1.661844835471979,SUCCESS,0.0.731861,0.0.3961531&0.0.3964804&0.0.3964827,0.0.4138717@1786410578.193401471
0.0.6143425,0.01852440341406871,SUCCESS,0.0.731861,0.0.3961531,0.0.4138717@1786410579.759525258
0.0.4367595,0.8660566458083294,SUCCESS,0.0.731861,0.0.3961531,0.0.4138717@1786410577.581624661
0.0.948513,106.6882915906757,SUCCESS,0.0.731861,0.0.3961531,0.0.4138717@1786410580.198626594
0.0.877394,0.04108694043397688,NOT_ASSOCIATED,0.0.731861,0.0.3961531&0.0.3964804,
0.0.8767225,2.392848858100064,SUCCESS,0.0.731861,0.0.3961531&0.0.3964804,0.0.4138717@1786410581.654428743
0.0.892088,5.080079244430936,SUCCESS,0.0.731861,0.0.3961531,0.0.4138717@1786410582.709099291
0.0.835929,0.00001309068130679999,SUCCESS,0.0.731861,0.0.3961531&0.0.3964790&0.0.4129330&0.0.4601632&0.0.5328590,0.0.4138717@1786410578.992369704
0.0.4707801,0.2425206669753707,NOT_ASSOCIATED,0.0.731861,0.0.3961531,
0.0.1177017,1.281130237737355,SUCCESS,0.0.731861,0.0.3961531,0.0.4138717@1786410579.580625890
0.0.10541900,0.3973194020333627,SUCCESS,0.0.731861,0.0.3961531&0.0.3964804,0.0.4138717@1786410581.446321090
0.0.4594903,31.37781653180081,SUCCESS,0.0.731861,0.0.3961531&0.0.3964790&0.0.3964804,0.0.4138717@1786410579.734774480
0.0.953101,106.6756445014825,SUCCESS,0.0.731861,0.0.3961531,0.0.4138717@1786410579.460357270
0.0.9183843,1.217006267253823,NOT_ASSOCIATED,0.0.731861,0.0.3961531,
0.0.4853295,94.56979403437663,SUCCESS,0.0.731861,0.0.3961531&0.0.3964804,0.0.4138717@1786410582.522296990
0.0.9353895,0.01241271072392229,SUCCESS,0.0.731861,0.0.3961531,0.0.4138717@1786410582.918069949
0.0.1413657,101.7981394015888,SUCCESS,0.0.731861,0.0.3961531&0.0.4601632&0.0.5328590,0.0.4138717@1786410584.718032842
0.0.9279414,0.1297611265947538,SUCCESS,0.0.731861,0.0.3961531,0.0.4138717@1786410585.463913514
0.0.7951,9052.485438157428,SUCCESS,0.0.731861,0.0.3964790&0.0.3964855&0.0.5328590,0.0.4138717@1786410583.080866418
0.0.1082789,11678.95003943269,SUCCESS,0.0.731861,0.0.3964790,0.0.4138717@1786410582.349056211
0.0.1106873,805.0058846738839,SUCCESS,0.0.731861,0.0.3964790,0.0.4138717@1786410582.922860140
0.0.8800350,0.00004331996939780753,SUCCESS,0.0.731861,0.0.3964790,0.0.4138717@1786410585.691992793
0.0.859476,259.2958475257235,SUCCESS,0.0.731861,0.0.3964790&0.0.3964827&0.0.5328590,0.0.4138717@1786410583.676022750
0.0.8267043,0.4974526506961174,SUCCESS,0.0.731861,0.0.3964790&0.0.5328590,0.0.4138717@1786410583.549896830
0.0.4384266,1.967693099215557,SUCCESS,0.0.731861,0.0.3964790,0.0.4138717@1786410587.117196159
0.0.4205079,0.7895828002922266,SUCCESS,0.0.731861,0.0.3964790,0.0.4138717@1786410584.989581618
0.0.4337852,2.19817864036848,SUCCESS,0.0.731861,0.0.3964790,0.0.4138717@1786410586.315702364
0.0.6043615,32.82554428084971,SUCCESS,0.0.731861,0.0.3964790&0.0.3964827&0.0.3964855&0.0.5328590&0.0.6071041&0.0.8315114,0.0.4138717@1786410589.188486197
0.0.1073086,0.007229222868101996,SUCCESS,0.0.731861,0.0.3964790,0.0.4138717@1786410587.511883798
0.0.6047264,0.07332694722425132,SUCCESS,0.0.731861,0.0.3964790,0.0.4138717@1786410589.699714549
0.0.813712,0.4651770565716039,SUCCESS,0.0.731861,0.0.3964790,0.0.4138717@1786410591.936593763
0.0.3854083,0.160572243251098,SUCCESS,0.0.731861,0.0.3964790,0.0.4138717@1786410588.933550809
0.0.1416793,0.4261032051769513,SUCCESS,0.0.731861,0.0.3964790,0.0.4138717@1786410591.551943521
0.0.795838,0.9523082151354352,SUCCESS,0.0.731861,0.0.3964790&0.0.3964804,0.0.4138717@1786410589.046670171
0.0.4759022,0.03334277337535557,SUCCESS,0.0.731861,0.0.3964790,0.0.4138717@1786410591.180945131
0.0.8447885,1.359094284330382,SUCCESS,0.0.731861,0.0.3964790,0.0.4138717@1786410592.219744400
0.0.4330338,0.0000231076326293539,SUCCESS,0.0.731861,0.0.3964790,0.0.4138717@1786410592.579668143
0.0.8352642,194.3897305276988,SUCCESS,0.0.731861,0.0.3964790&0.0.3964804&0.0.4601632,0.0.4138717@1786410590.901313470
0.0.4754443,0.4319614086721139,SUCCESS,0.0.731861,0.0.3964790&0.0.3964804,0.0.4138717@1786410593.996511559
0.0.1504445,3.397165103205481,SUCCESS,0.0.731861,0.0.3964790,0.0.4138717@1786410592.734712824
0.0.877481,3000.791674537142,SUCCESS,0.0.731861,0.0.3964790&0.0.5328590,0.0.4138717@1786410595.779114132
0.0.837751,0.004931433259911879,SUCCESS,0.0.731861,0.0.3964790,0.0.4138717@1786410592.499100033
0.0.817883,0.02546148838563031,SUCCESS,0.0.731861,0.0.3964790,0.0.4138717@1786410596.199463285
0.0.10801091,0.0008858952246549824,SUCCESS,0.0.731861,0.0.3964790,0.0.4138717@1786410598.454120950
0.0.10801090,0.0008264886150763859,SUCCESS,0.0.731861,0.0.3964790,0.0.4138717@1786410597.404749191
0.0.1018824,256.1640231887905,SUCCESS,0.0.731861,0.0.3964790&0.0.3964804&0.0.5328590,0.0.4138717@1786410597.944201133
0.0.835202,0.0009659528427273925,SUCCESS,0.0.731861,0.0.3964790,0.0.4138717@1786410600.095625844
0.0.1314568,3632.819864735331,SUCCESS,0.0.731861,0.0.3964790,0.0.4138717@1786410600.647050461
0.0.920901,245.365605312715,SUCCESS,0.0.731861,0.0.3964790&0.0.3964804,0.0.4138717@1786410600.683648800
0.0.4355907,0.238339193461682,SUCCESS,0.0.731861,0.0.3964790,0.0.4138717@1786410600.223177040
0.0.4157394,0.0002631248634902054,SUCCESS,0.0.731861,0.0.3964790,0.0.4138717@1786410597.887353245
0.0.4328823,2.760912107032383,SUCCESS,0.0.731861,0.0.3964790&0.0.5328590,0.0.4138717@1786410600.150098293
0.0.1703452,58.65024058464419,SUCCESS,0.0.731861,0.0.3964790&0.0.3964804,0.0.4138717@1786410599.766588438
0.0.3774696,0.003906150144162631,SUCCESS,0.0.731861,0.0.3964790,0.0.4138717@1786410602.962374126
0.0.4819535,0.01747880252292592,SUCCESS,0.0.731861,0.0.3964790,0.0.4138717@1786410603.042248014
0.0.732798,2.676141003004619,SUCCESS,0.0.731861,0.0.3964790&0.0.3964804&0.0.4129330,0.0.4138717@1786410604.870572334
0.0.4713784,9.560397149416163,SUCCESS,0.0.731861,0.0.3964790&0.0.3964827,0.0.4138717@1786410602.899609575
0.0.1093612,2.410897723952763,SUCCESS,0.0.731861,0.0.3964790&0.0.3964804,0.0.4138717@1786410603.168110483
0.0.9301501,0.9468990030438341,SUCCESS,0.0.731861,0.0.3964790&0.0.5328590,0.0.4138717@1786410605.172889483
0.0.859176,1.87425863396771,SUCCESS,0.0.731861,0.0.3964790,0.0.4138717@1786410604.374328610
0.0.10135295,18.05853980248217,SUCCESS,0.0.731861,0.0.3964790&0.0.3964827,0.0.4138717@1786410604.207252700
0.0.7896827,0.302747919131356,SUCCESS,0.0.731861,0.0.3964790&0.0.6071041,0.0.4138717@1786410607.823162440
0.0.8148901,1.02291186779281,SUCCESS,0.0.731861,0.0.3964790,0.0.4138717@1786410608.529438675
0.0.3903731,4.075366296494147e-7,NOT_ASSOCIATED,0.0.731861,0.0.3964790,
0.0.3926190,0.0003871876132462852,SUCCESS,0.0.731861,0.0.3964790,0.0.4138717@1786410609.188563976
0.0.4908409,0.002755816322506537,SUCCESS,0.0.731861,0.0.3964790,0.0.4138717@1786410608.498653637
0.0.5807981,28.98752169293485,SUCCESS,0.0.731861,0.0.3964790,0.0.4138717@1786410609.925262013
0.0.5326504,0.01126719070057057,SUCCESS,0.0.731861,0.0.3964790,0.0.4138717@1786410607.777528161
0.0.4574338,0.0001593819996658335,SUCCESS,0.0.731861,0.0.3964790,0.0.4138717@1786410608.255553687
0.0.8054459,6.107149672181585,SUCCESS,0.0.731861,0.0.3964790&0.0.3964804,0.0.4138717@1786410610.184717204
0.0.9960625,1.021113639802003e-8,SUCCESS,0.0.731861,0.0.3964790,0.0.4138717@1786410611.770314974
0.0.1380166,0.0003959096233016554,SUCCESS,0.0.731861,0.0.3964790,0.0.4138717@1786410610.126607124
0.0.10023501,1.86177370991084e-8,SUCCESS,0.0.731861,0.0.3964790,0.0.4138717@1786410610.231612023
0.0.10030621,0.00001609961937412357,SUCCESS,0.0.731861,0.0.3964790,0.0.4138717@1786410611.069762502
0.0.9400801,12333.50427360484,SUCCESS,0.0.731861,0.0.3964790&0.0.3964855&0.0.4129330&0.0.4601632&0.0.5328590,0.0.4138717@1786410612.944585037
0.0.10060744,0.004375938060880354,SUCCESS,0.0.731861,0.0.3964790,0.0.4138717@1786410611.800813569
0.0.10164571,0.008567787434958217,SUCCESS,0.0.731861,0.0.3964790,0.0.4138717@1786410613.329527794
0.0.4367730,1.750544722340584,SUCCESS,0.0.731861,0.0.3964790,0.0.4138717@1786410612.596105693
0.0.3304469,153.3069392739521,SUCCESS,0.0.731861,0.0.3964790&0.0.3964827,0.0.4138717@1786410612.984918695
0.0.9365757,25.40943142997593,SUCCESS,0.0.731861,0.0.3964790&0.0.3964804&0.0.5328590,0.0.4138717@1786410614.954316930
0.0.5374006,0.1131286025916512,SUCCESS,0.0.731861,0.0.3964790&0.0.4601632,0.0.4138717@1786410613.505444158
0.0.858310,0.2266066175492155,SUCCESS,0.0.731861,0.0.3964790,0.0.4138717@1786410617.156879387
0.0.4540904,10.59198718504466,SUCCESS,0.0.731861,0.0.3964790&0.0.3964804&0.0.3964855,0.0.4138717@1786410619.714802810
0.0.3938365,1.96216988725577,SUCCESS,0.0.731861,0.0.3964790,0.0.4138717@1786410618.129205337
0.0.2174952,2.275208760472132,SUCCESS,0.0.731861,0.0.3964790&0.0.3964804,0.0.4138717@1786410617.462472748
0.0.4784258,14.2741225865313,SUCCESS,0.0.731861,0.0.3964790&0.0.3964804&0.0.3964855,0.0.4138717@1786410616.637431355
0.0.27463,5.368772921257823,SUCCESS,0.0.731861,0.0.3964790,0.0.4138717@1786410616.301226945
0.0.7607102,0.08187309305510182,SUCCESS,0.0.731861,0.0.3964790&0.0.3964804,0.0.4138717@1786410616.335661705
0.0.6075972,0.727249083141683,SUCCESS,0.0.731861,0.0.3964790,0.0.4138717@1786410618.695505291
0.0.8291825,16.20549869984704,SUCCESS,0.0.731861,0.0.3964790&0.0.3964804,0.0.4138717@1786410619.762603946
0.0.4371196,3.166314115100905,SUCCESS,0.0.731861,0.0.3964790,0.0.4138717@1786410618.200883944
0.0.966009,0.4353162540778334,SUCCESS,0.0.731861,0.0.3964790,0.0.4138717@1786410619.615561017
0.0.794506,432.87643847809,SUCCESS,0.0.731861,0.0.3964790&0.0.5328590,0.0.4138717@1786410622.306232116
0.0.7631749,0.00896667475284578,SUCCESS,0.0.731861,0.0.3964804,0.0.4138717@1786410623.017705739
0.0.7662545,0.06851751221192529,NOT_ASSOCIATED,0.0.731861,0.0.3964804,
0.0.7290965,6.78490875448192,SUCCESS,0.0.731861,0.0.3964804,0.0.4138717@1786410621.833095488
0.0.1524063,45.66530423556137,SUCCESS,0.0.731861,0.0.3964804,0.0.4138717@1786410621.909068796
0.0.3872629,7.783409605339113,SUCCESS,0.0.731861,0.0.3964804,0.0.4138717@1786410619.926525865
0.0.794930,0.8557427459696082,SUCCESS,0.0.731861,0.0.3964804,0.0.4138717@1786410624.701493331
0.0.3687848,74.8517324735859,SUCCESS,0.0.731861,0.0.3964804,0.0.4138717@1786410620.428609360
0.0.1374442,705.1469845708439,SUCCESS,0.0.731861,0.0.3964804&0.0.4601632&0.0.5328590,0.0.4138717@1786410623.401048196
0.0.892270,34.80214557455053,SUCCESS,0.0.731861,0.0.3964804,0.0.4138717@1786410623.794597464
0.0.1486421,5.995453651878837,SUCCESS,0.0.731861,0.0.3964804,0.0.4138717@1786410622.863238415
0.0.2004450,0.4367792975344827,SUCCESS,0.0.731861,0.0.3964804,0.0.4138717@1786410626.093442399
0.0.4504544,129.5361991607141,SUCCESS,0.0.731861,0.0.3964804,0.0.4138717@1786410625.049336007
0.0.1463093,12.54767502410023,SUCCESS,0.0.731861,0.0.3964804,0.0.4138717@1786410624.070703292
0.0.811739,187.1776192411113,SUCCESS,0.0.731861,0.0.3964804&0.0.5328590,0.0.4138717@1786410626.981113289
0.0.887612,26.79784427824473,SUCCESS,0.0.731861,0.0.3964804,0.0.4138717@1786410628.848042883
0.0.4566469,6.485638046250371,SUCCESS,0.0.731861,0.0.3964804,0.0.4138717@1786410626.861863909
0.0.3916542,0.4776260307456401,SUCCESS,0.0.731861,0.0.3964804,0.0.4138717@1786410627.179772108
0.0.4887338,8.760528159921385,SUCCESS,0.0.731861,0.0.3964804,0.0.4138717@1786410626.706396838
0.0.1359581,267.2479232292981,SUCCESS,0.0.731861,0.0.3964804&0.0.3964827,0.0.4138717@1786410628.642550580
0.0.4431727,1.95500367997379,SUCCESS,0.0.731861,0.0.3964804&0.0.3964827,0.0.4138717@1786410631.192649217
0.0.7710235,1.940517992966848,SUCCESS,0.0.731861,0.0.3964804,0.0.4138717@1786410627.419283768
0.0.4358173,389.8832773755034,SUCCESS,0.0.731861,0.0.3964804&0.0.4601632&0.0.6126395,0.0.4138717@1786410628.855148949
0.0.838791,13.6479231655865,SUCCESS,0.0.731861,0.0.3964804,0.0.4138717@1786410627.356669280
0.0.496172,15.81035010707738,SUCCESS,0.0.731861,0.0.3964804,0.0.4138717@1786410630.854023144
0.0.753351,4.00224325339857,SUCCESS,0.0.731861,0.0.3964804,0.0.4138717@1786410631.562038333
0.0.1463629,0.3635345873895507,SUCCESS,0.0.731861,0.0.3964804,0.0.4138717@1786410633.297486814
0.0.433061,7.514095176509461,SUCCESS,0.0.731861,0.0.3964804&0.0.3964860,0.0.4138717@1786410633.570606071
0.0.5957030,18.05231049719641,NOT_ASSOCIATED,0.0.731861,0.0.3964804,
0.0.6275653,0.2050580169164948,SUCCESS,0.0.731861,0.0.3964804,0.0.4138717@1786410631.357468107
0.0.6154587,37.79893807767373,SUCCESS,0.0.731861,0.0.3964804,0.0.4138717@1786410630.631006646
0.0.6139137,11.2810144866831,SUCCESS,0.0.731861,0.0.3964804,0.0.4138717@1786410633.714766793
0.0.5068116,0.61694044730401,NOT_ASSOCIATED,0.0.731861,0.0.3964804,
0.0.805713,55.61327829142428,SUCCESS,0.0.731861,0.0.3964804,0.0.4138717@1786410633.456408142
0.0.4766862,6.453196449929442,SUCCESS,0.0.731861,0.0.3964804,0.0.4138717@1786410631.581720936
0.0.4965217,1.568571852571944,SUCCESS,0.0.731861,0.0.3964804,0.0.4138717@1786410632.260543071
0.0.3967246,5.780417194176644,SUCCESS,0.0.731861,0.0.3964804,0.0.4138717@1786410637.960571088
0.0.6270761,566.8472650687904,SUCCESS,0.0.731861,0.0.3964804,0.0.4138717@1786410634.195897992
0.0.7312670,15.51924665311966,SUCCESS,0.0.731861,0.0.3964804,0.0.4138717@1786410636.799396035
0.0.662621,6.587391786725801,SUCCESS,0.0.731861,0.0.3964804,0.0.4138717@1786410634.666758931
0.0.6475509,2.622469195966249,SUCCESS,0.0.731861,0.0.3964804,0.0.4138717@1786410636.173013195
0.0.7450449,5.673083075959714,NOT_ASSOCIATED,0.0.731861,0.0.3964804,
0.0.6004536,0.8808060153522369,SUCCESS,0.0.731861,0.0.3964804,0.0.4138717@1786410638.880790641
0.0.1124401,18.29809079391106,SUCCESS,0.0.731861,0.0.3964804,0.0.4138717@1786410638.801560439
0.0.2967389,7.042276002494618,SUCCESS,0.0.731861,0.0.3964804,0.0.4138717@1786410640.191061732
0.0.6416166,9.812008265817465,SUCCESS,0.0.731861,0.0.3964804,0.0.4138717@1786410639.288121700
0.0.4314332,65.23721558334152,SUCCESS,0.0.731861,0.0.3964804,0.0.4138717@1786410641.998415834
0.0.3048811,2737.852614030936,SUCCESS,0.0.731861,0.0.3964804&0.0.4601632&0.0.5328590&0.0.6071041,0.0.4138717@1786410639.194431877
0.0.6828202,375.6395478851783,SUCCESS,0.0.731861,0.0.3964804&0.0.4601632,0.0.4138717@1786410639.538984412
0.0.6852334,7.603129070907162,SUCCESS,0.0.731861,0.0.3964804,0.0.4138717@1786410642.986206181
0.0.3241611,5.783700673453323,SUCCESS,0.0.731861,0.0.3964804,0.0.4138717@1786410639.562424930
0.0.2964523,243.5445649422311,SUCCESS,0.0.731861,0.0.3964804&0.0.3964860,0.0.4138717@1786410639.074333492
0.0.8083173,7.006154146838042,SUCCESS,0.0.731861,0.0.3964804,0.0.4138717@1786410643.030303521
0.0.4388693,2.257147421736633,SUCCESS,0.0.731861,0.0.3964804&0.0.4601632,0.0.4138717@1786410640.433296388
0.0.4315395,1.318499031363268,SUCCESS,0.0.731861,0.0.3964804,0.0.4138717@1786410640.537734765
0.0.8131537,2.762505647726614,SUCCESS,0.0.731861,0.0.3964804,0.0.4138717@1786410643.000549166
0.0.1467538,1.725218752521201,SUCCESS,0.0.731861,0.0.3964804,0.0.4138717@1786410641.490856410
0.0.3847179,8.540454319487855,SUCCESS,0.0.731861,0.0.3964804,0.0.4138717@1786410645.803279031
0.0.981571,0.9205333352559977,SUCCESS,0.0.731861,0.0.3964804,0.0.4138717@1786410642.937729659
0.0.7732467,9.296106088942201,SUCCESS,0.0.731861,0.0.3964804&0.0.3964827,0.0.4138717@1786410644.154326070
0.0.7924085,0.2655504403903359,SUCCESS,0.0.731861,0.0.3964804,0.0.4138717@1786410648.670560514
0.0.844131,4.304200827301047,SUCCESS,0.0.731861,0.0.3964804,0.0.4138717@1786410645.113833214
0.0.6294131,0.0002924768551135027,SUCCESS,0.0.731861,0.0.3964804,0.0.4138717@1786410646.837479883
0.0.7965335,26.62294384732122,NOT_ASSOCIATED,0.0.731861,0.0.3964804,
0.0.1754370,0.5681780970947058,SUCCESS,0.0.731861,0.0.3964804,0.0.4138717@1786410648.535508601
0.0.8227507,6.877330303784859,SUCCESS,0.0.731861,0.0.3964804,0.0.4138717@1786410650.710083805
0.0.7938061,0.7740876416812756,SUCCESS,0.0.731861,0.0.3964804,0.0.4138717@1786410648.680150766
0.0.8002341,3.525267570128282,SUCCESS,0.0.731861,0.0.3964804,0.0.4138717@1786410650.379374530
0.0.7166497,0.9622138404696977,SUCCESS,0.0.731861,0.0.3964804,0.0.4138717@1786410650.243357662
0.0.8209705,1.662969687142403,SUCCESS,0.0.731861,0.0.3964804,0.0.4138717@1786410654.823880105
0.0.1369825,1146.134049823203,SUCCESS,0.0.731861,0.0.3964804&0.0.3964827&0.0.4601632&0.0.6071041&0.0.6126395,0.0.4138717@1786410652.935409738
0.0.1404010,0.01349413031663362,NOT_ASSOCIATED,0.0.731861,0.0.3964804,
0.0.1261132,4.601128732906432,SUCCESS,0.0.731861,0.0.3964804,0.0.4138717@1786410653.536738736
0.0.7816479,163.79925615187,SUCCESS,0.0.731861,0.0.3964804&0.0.8315114,0.0.4138717@1786410651.770214363
0.0.6148704,1.050380168881772,NOT_ASSOCIATED,0.0.731861,0.0.3964804,
0.0.7285744,0.3017932210540843,SUCCESS,0.0.731861,0.0.3964804,0.0.4138717@1786410655.314746641
0.0.4743054,0.6087614208354453,SUCCESS,0.0.731861,0.0.3964804&0.0.8315114,0.0.4138717@1786410656.197756037
0.0.7920282,0.0692945605000487,SUCCESS,0.0.731861,0.0.3964804,0.0.4138717@1786410656.888988298
0.0.658160,1.90016261045652,SUCCESS,0.0.731861,0.0.3964804&0.0.8315114,0.0.4138717@1786410656.052869772
0.0.7961490,2.540385361135884,NOT_ASSOCIATED,0.0.731861,0.0.3964804,
0.0.862835,323.8046248789059,SUCCESS,0.0.731861,0.0.3964804&0.0.3964827&0.0.6071911,0.0.4138717@1786410660.006866653
0.0.7798912,34.61183089832625,SUCCESS,0.0.731861,0.0.3964804,0.0.4138717@1786410661.678592466
0.0.791414,5.326086938100802,SUCCESS,0.0.731861,0.0.3964804,0.0.4138717@1786410660.939263024
0.0.1746011,25.51112992319545,SUCCESS,0.0.731861,0.0.3964804,0.0.4138717@1786410662.626926254
0.0.4883729,5.218156286005166,SUCCESS,0.0.731861,0.0.3964804,0.0.4138717@1786410661.044387032
0.0.4312267,79.46474772267699,SUCCESS,0.0.731861,0.0.3964804,0.0.4138717@1786410659.619648324
0.0.2150506,0.2256708931146601,SUCCESS,0.0.731861,0.0.3964804,0.0.4138717@1786410663.671478915
0.0.3240624,0.02745309055853881,SUCCESS,0.0.731861,0.0.3964804,0.0.4138717@1786410660.527264148
0.0.4765612,176.177932503008,SUCCESS,0.0.731861,0.0.3964804&0.0.5328590,0.0.4138717@1786410663.423430045
0.0.7937765,13.95603170053078,NOT_ASSOCIATED,0.0.731861,0.0.3964804,
0.0.6343911,9.131721971142229,SUCCESS,0.0.731861,0.0.3964804,0.0.4138717@1786410660.710852438
0.0.7703838,0.1324758636218571,SUCCESS,0.0.731861,0.0.3964804,0.0.4138717@1786410663.470023222
0.0.1337171,616.4552351991204,SUCCESS,0.0.731861,0.0.3964804&0.0.3964827&0.0.3964860&0.0.4601632&0.0.6071911,0.0.4138717@1786410666.039036471
0.0.3384906,65.78050436606125,SUCCESS,0.0.731861,0.0.3964804,0.0.4138717@1786410664.876942022
0.0.7965412,0.04689232663599084,NOT_ASSOCIATED,0.0.731861,0.0.3964804,
0.0.710849,0.2584672214878826,SUCCESS,0.0.731861,0.0.3964804,0.0.4138717@1786410666.125009580
0.0.5112630,2.199222185678855,SUCCESS,0.0.731861,0.0.3964804,0.0.4138717@1786410667.158060854
0.0.4861986,2.049987812023359,SUCCESS,0.0.731861,0.0.3964804,0.0.4138717@1786410666.558324259
0.0.7916029,177.1362243347086,SUCCESS,0.0.731861,0.0.3964804,0.0.4138717@1786410667.235813622
0.0.2891280,10.80419797604801,NOT_ASSOCIATED,0.0.731861,0.0.3964804,
0.0.7732676,137.481500674793,SUCCESS,0.0.731861,0.0.3964804,0.0.4138717@1786410667.179851194
0.0.4343570,2.655180106980882,SUCCESS,0.0.731861,0.0.3964804,0.0.4138717@1786410666.046312292
0.0.4804985,2.498143506152944,SUCCESS,0.0.731861,0.0.3964804,0.0.4138717@1786410666.613369127
0.0.1673276,380.8650122823976,SUCCESS,0.0.731861,0.0.3964804&0.0.5328590,0.0.4138717@1786410669.871194676
0.0.7583284,3.180676702483445,SUCCESS,0.0.731861,0.0.3964804,0.0.4138717@1786410670.636883197
0.0.6313326,116.3674978464496,SUCCESS,0.0.731861,0.0.3964804,0.0.4138717@1786410670.413613604
0.0.8076778,0.02392284760441691,SUCCESS,0.0.731861,0.0.3964804,0.0.4138717@1786410669.487328279
0.0.4350498,0.0003407822603523984,SUCCESS,0.0.731861,0.0.3964804,0.0.4138717@1786410672.191566957
0.0.3100704,2289.149395653696,SUCCESS,0.0.731861,0.0.3964804&0.0.4601632&0.0.5328590,0.0.4138717@1786410669.385896030
0.0.838388,52.05332586166202,SUCCESS,0.0.731861,0.0.3964804,0.0.4138717@1786410672.590090370
0.0.1082201,96.81376795065958,SUCCESS,0.0.731861,0.0.3964804,0.0.4138717@1786410671.355641817
0.0.8177816,0.3621428021213117,SUCCESS,0.0.731861,0.0.3964804,0.0.4138717@1786410671.263135731
0.0.8146497,7.191903901411118,SUCCESS,0.0.731861,0.0.3964804&0.0.5328590,0.0.4138717@1786410670.176308705
0.0.10435638,0.2707955421834462,SUCCESS,0.0.731861,0.0.3964804,0.0.4138717@1786410675.858778192
0.0.8055246,30.79718066335423,SUCCESS,0.0.731861,0.0.3964804,0.0.4138717@1786410673.141483089
0.0.4814986,0.001824795334110589,SUCCESS,0.0.731861,0.0.3964804,0.0.4138717@1786410673.817364546
0.0.10610396,0.499139775746854,NOT_ASSOCIATED,0.0.731861,0.0.3964804,
0.0.10790518,0.001855903394498362,SUCCESS,0.0.731861,0.0.3964804,0.0.4138717@1786410675.710762718
0.0.9723125,46.51059016507399,SUCCESS,0.0.731861,0.0.3964804,0.0.4138717@1786410673.514696798
0.0.5889071,32.54693860036777,SUCCESS,0.0.731861,0.0.3964804,0.0.4138717@1786410677.721973063
0.0.10481751,0.1564969264129361,SUCCESS,0.0.731861,0.0.3964804,0.0.4138717@1786410677.510379118
0.0.4341116,2.170293746593956,SUCCESS,0.0.731861,0.0.3964804,0.0.4138717@1786410678.261791971
0.0.6181303,8.364120940723174,SUCCESS,0.0.731861,0.0.3964804,0.0.4138717@1786410676.498531750
0.0.9144627,668.8240854283589,SUCCESS,0.0.731861,0.0.3964804&0.0.4601632,0.0.4138717@1786410679.374980431
0.0.10792100,41655.84817403714,SUCCESS,0.0.731861,0.0.3964804&0.0.5328590&0.0.10093026,0.0.4138717@1786410677.266578925
0.0.10801045,0.000378164002513962,NOT_ASSOCIATED,0.0.731861,0.0.3964804,
0.0.7950871,70.08584112422946,SUCCESS,0.0.731861,0.0.3964804&0.0.3964827&0.0.4601632,0.0.4138717@1786410680.268588665
0.0.10801047,0.00167465639891855,NOT_ASSOCIATED,0.0.731861,0.0.3964804,
0.0.9162845,202.5853702085524,SUCCESS,0.0.731861,0.0.3964804,0.0.4138717@1786410681.132822355
0.0.1268672,15.55512205448917,SUCCESS,0.0.731861,0.0.3964804,0.0.4138717@1786410679.341069096
0.0.10456759,951.715285587223,SUCCESS,0.0.731861,0.0.3964804&0.0.3964860&0.0.5328590,0.0.4138717@1786410681.540662339
0.0.859565,19.2150721655019,SUCCESS,0.0.731861,0.0.3964804,0.0.4138717@1786410681.730468035
0.0.664593,83.11917159362311,SUCCESS,0.0.731861,0.0.3964804,0.0.4138717@1786410682.766997177
0.0.4138268,132.4764180013242,SUCCESS,0.0.731861,0.0.3964804,0.0.4138717@1786410682.754500336
0.0.835670,17.59928919098871,SUCCESS,0.0.731861,0.0.3964804&0.0.4601632,0.0.4138717@1786410683.388529064
0.0.1895961,34.15094139127686,SUCCESS,0.0.731861,0.0.3964804,0.0.4138717@1786410681.734309502
0.0.5159009,98.15747139270373,SUCCESS,0.0.731861,0.0.3964804,0.0.4138717@1786410683.873382092
0.0.10543839,5.279742560783593,SUCCESS,0.0.731861,0.0.3964804,0.0.4138717@1786410682.845075444
0.0.10630416,3.20168446167734,SUCCESS,0.0.731861,0.0.3964804,0.0.4138717@1786410685.453221189
0.0.8244642,5470.257998085303,SUCCESS,0.0.731861,0.0.3964804,0.0.4138717@1786410686.280854269
0.0.2995390,0.187477022618746,SUCCESS,0.0.731861,0.0.3964804,0.0.4138717@1786410685.672970712
0.0.10410907,7255.007946104352,SUCCESS,0.0.731861,0.0.3964804,0.0.4138717@1786410689.122607602
0.0.7809920,26749.87972448755,SUCCESS,0.0.731861,0.0.3964804,0.0.4138717@1786410686.417271811
0.0.4573495,231.8088385638648,SUCCESS,0.0.731861,0.0.3964804,0.0.4138717@1786410688.630639271
0.0.859149,119.1884532017265,SUCCESS,0.0.731861,0.0.3964804,0.0.4138717@1786410691.554834081
0.0.1448131,3.16638970532268,SUCCESS,0.0.731861,0.0.3964804,0.0.4138717@1786410690.226510633
0.0.1088394,1105.975219519329,SUCCESS,0.0.731861,0.0.3964804&0.0.3964860&0.0.5328590,0.0.4138717@1786410690.374321363
0.0.1432019,41.40510674939491,SUCCESS,0.0.731861,0.0.3964804,0.0.4138717@1786410689.613680049
0.0.837554,2004.370827873856,SUCCESS,0.0.731861,0.0.3964804&0.0.3964860&0.0.4129330&0.0.4601632,0.0.4138717@1786410691.382703047
0.0.1877641,14.20584458315097,SUCCESS,0.0.731861,0.0.3964804,0.0.4138717@1786410689.551893019
0.0.5873159,96.28360935158364,SUCCESS,0.0.731861,0.0.3964804,0.0.4138717@1786410691.591280961
0.0.481717,2.8085479976162,SUCCESS,0.0.731861,0.0.3964804,0.0.4138717@1786410694.027731075
0.0.965222,95.09957336905316,SUCCESS,0.0.731861,0.0.3964804,0.0.4138717@1786410693.648981057
0.0.10354047,3.572995553899001,SUCCESS,0.0.731861,0.0.3964804,0.0.4138717@1786410692.828003585
0.0.1198079,1443.117783083143,SUCCESS,0.0.731861,0.0.3964804,0.0.4138717@1786410693.323951050
0.0.1512214,0.4617507607676259,SUCCESS,0.0.731861,0.0.3964804&0.0.4601632,0.0.4138717@1786410694.745911772
0.0.1088074,344.0879645491898,SUCCESS,0.0.731861,0.0.3964804&0.0.3964860&0.0.4601632,0.0.4138717@1786410694.706335563
0.0.7989176,564.7366026225044,SUCCESS,0.0.731861,0.0.3964804,0.0.4138717@1786410698.803729837
0.0.835034,40.83064589757008,SUCCESS,0.0.731861,0.0.3964804&0.0.5328590,0.0.4138717@1786410698.197511630
0.0.8538714,0.02446067520436848,SUCCESS,0.0.731861,0.0.3964804,0.0.4138717@1786410699.139800107
0.0.8241599,4.689558060675993,SUCCESS,0.0.731861,0.0.3964804,0.0.4138717@1786410698.669668460
0.0.979379,80.71544551533441,SUCCESS,0.0.731861,0.0.3964804,0.0.4138717@1786410698.974975424
0.0.5315914,29.57155179643595,SUCCESS,0.0.731861,0.0.3964804,0.0.4138717@1786410701.341832763
0.0.2101943,0.01542214097919822,SUCCESS,0.0.731861,0.0.3964804,0.0.4138717@1786410699.018996949
0.0.1357334,2.005530637672946,SUCCESS,0.0.731861,0.0.3964804,0.0.4138717@1786410698.781452068
0.0.3165925,0.7797942923278935,SUCCESS,0.0.731861,0.0.3964804,0.0.4138717@1786410700.570620034
0.0.1353334,0.8463873566416493,SUCCESS,0.0.731861,0.0.3964804,0.0.4138717@1786410700.305518973
0.0.1402758,14.86558926395811,SUCCESS,0.0.731861,0.0.3964804,0.0.4138717@1786410700.451103714
0.0.728698,16.37103453547596,SUCCESS,0.0.731861,0.0.3964804&0.0.4601632,0.0.4138717@1786410701.808188139
0.0.4327294,0.2875690031406299,SUCCESS,0.0.731861,0.0.3964804,0.0.4138717@1786410701.707227909
0.0.838198,18.79142003147073,SUCCESS,0.0.731861,0.0.3964804&0.0.3964855&0.0.4601632,0.0.4138717@1786410705.093680244
0.0.1860252,2.231400460785572,SUCCESS,0.0.731861,0.0.3964804,0.0.4138717@1786410701.833105088
0.0.5421455,0.07315823906333249,SUCCESS,0.0.731861,0.0.3964804,0.0.4138717@1786410704.088471807
0.0.4093788,25.83167203122695,SUCCESS,0.0.731861,0.0.3964804,0.0.4138717@1786410704.285460202
0.0.5495538,58.82262142875933,SUCCESS,0.0.731861,0.0.3964804&0.0.3964860&0.0.4601632,0.0.4138717@1786410704.672558580
0.0.4533464,2.285354492046744,SUCCESS,0.0.731861,0.0.3964804,0.0.4138717@1786410706.521357185
0.0.859649,1.832848495179787,SUCCESS,0.0.731861,0.0.3964804,0.0.4138717@1786410706.969227314
0.0.5147407,6.720902810246042,SUCCESS,0.0.731861,0.0.3964804,0.0.4138717@1786410706.262469866
0.0.3937438,5.176974496805654,SUCCESS,0.0.731861,0.0.3964804,0.0.4138717@1786410705.380511857
0.0.5023507,9.607543390644212,SUCCESS,0.0.731861,0.0.3964804&0.0.4601632,0.0.4138717@1786410708.703224509
0.0.4589167,0.2521684438695997,NOT_ASSOCIATED,0.0.731861,0.0.3964804,
0.0.5698429,0.1156172570152417,SUCCESS,0.0.731861,0.0.3964804,0.0.4138717@1786410708.767345556
0.0.4351736,0.2707419931200512,SUCCESS,0.0.731861,0.0.3964804,0.0.4138717@1786410707.290927988
0.0.4717832,3.833251414574795,SUCCESS,0.0.731861,0.0.3964804,0.0.4138717@1786410709.022837357
0.0.4337103,0.02628937006028749,SUCCESS,0.0.731861,0.0.3964804,0.0.4138717@1786410707.259790439
0.0.1097802,27.54149508318678,SUCCESS,0.0.731861,0.0.3964804,0.0.4138717@1786410711.813584156
0.0.3768895,0.02220735713560427,SUCCESS,0.0.731861,0.0.3964804,0.0.4138717@1786410709.452982524
0.0.4161393,258.2728463388828,SUCCESS,0.0.731861,0.0.3964804&0.0.10498274,0.0.4138717@1786410710.265333796
0.0.4184148,5.088899687833449,SUCCESS,0.0.731861,0.0.3964804,0.0.4138717@1786410711.952653023
0.0.833050,0.6363059784705251,SUCCESS,0.0.731861,0.0.3964804,0.0.4138717@1786410714.603043189
0.0.3872024,31.80515401145042,SUCCESS,0.0.731861,0.0.3964804,0.0.4138717@1786410714.356276635
0.0.1121794,2.874637273441556,SUCCESS,0.0.731861,0.0.3964804,0.0.4138717@1786410711.088801866
0.0.1350500,26.97316816022653,SUCCESS,0.0.731861,0.0.3964804&0.0.6071119&0.0.6078473,0.0.4138717@1786410711.909134802
0.0.3945405,0.007427793285641155,SUCCESS,0.0.731861,0.0.3964804,0.0.4138717@1786410711.322319631
0.0.1048940,30.35412921838515,SUCCESS,0.0.731861,0.0.3964804&0.0.5328590,0.0.4138717@1786410712.140997872
0.0.4231312,5.026176340869397,SUCCESS,0.0.731861,0.0.3964804,0.0.4138717@1786410712.454870537
0.0.3291464,0.2541971578457195,SUCCESS,0.0.731861,0.0.3964804,0.0.4138717@1786410717.107711299
0.0.1088670,3.194346859909044,SUCCESS,0.0.731861,0.0.3964804,0.0.4138717@1786410714.151936710
0.0.4345654,912.4046805869008,SUCCESS,0.0.731861,0.0.3964804,0.0.4138717@1786410716.463513139
0.0.4345412,0.4251501021658269,SUCCESS,0.0.731861,0.0.3964804,0.0.4138717@1786410717.532091263
0.0.4346529,32.75420324114515,SUCCESS,0.0.731861,0.0.3964804,0.0.4138717@1786410716.717729768
0.0.3023498,6.329621055774858,SUCCESS,0.0.731861,0.0.3964804,0.0.4138717@1786410720.121848465
0.0.1728462,1.96503157141468,SUCCESS,0.0.731861,0.0.3964804,0.0.4138717@1786410716.564213363
0.0.4360122,2.303706641579593,SUCCESS,0.0.731861,0.0.3964804,0.0.4138717@1786410719.251161737
0.0.4368518,0.9139301601677209,SUCCESS,0.0.731861,0.0.3964804,0.0.4138717@1786410721.128583486
0.0.4333378,0.09643089315389407,SUCCESS,0.0.731861,0.0.3964804,0.0.4138717@1786410723.414997798
0.0.4356553,0.3299429130242545,SUCCESS,0.0.731861,0.0.3964804,0.0.4138717@1786410723.028512124
0.0.4535053,40.468907369942,SUCCESS,0.0.731861,0.0.3964804,0.0.4138717@1786410723.579678785
0.0.9285770,0.5054917053483328,NOT_ASSOCIATED,0.0.731861,0.0.3964804,
0.0.190191,0.3505535944053359,NOT_ASSOCIATED,0.0.731861,0.0.3964804,
0.0.9364762,0.8966163238774636,SUCCESS,0.0.731861,0.0.3964804&0.0.5328590,0.0.4138717@1786410722.580654091
0.0.887615,0.04846358043536969,SUCCESS,0.0.731861,0.0.3964804,0.0.4138717@1786410721.901942729
0.0.1056474,18.39489541313013,SUCCESS,0.0.731861,0.0.3964804,0.0.4138717@1786410725.826783539
0.0.9450539,4.585118367475302,NOT_ASSOCIATED,0.0.731861,0.0.3964804,
0.0.9444587,8.96371101228963,SUCCESS,0.0.731861,0.0.3964804,0.0.4138717@1786410724.715478285
0.0.9146353,11.31175841525124,SUCCESS,0.0.731861,0.0.3964804,0.0.4138717@1786410728.081896107
0.0.6160732,0.334348264754702,NOT_ASSOCIATED,0.0.731861,0.0.3964804,
0.0.813564,0.004627114302038377,SUCCESS,0.0.731861,0.0.3964804,0.0.4138717@1786410727.395534161
0.0.9367202,0.008428424309962143,NOT_ASSOCIATED,0.0.731861,0.0.3964804,
0.0.4821795,11.63156599815654,SUCCESS,0.0.731861,0.0.3964804,0.0.4138717@1786410725.571837208
0.0.9318048,0.07244046138592337,NOT_ASSOCIATED,0.0.731861,0.0.3964804,
0.0.8880678,0.1127860714285262,SUCCESS,0.0.731861,0.0.3964804,0.0.4138717@1786410725.528552796
0.0.9541852,6.245848825906495,SUCCESS,0.0.731861,0.0.3964804&0.0.3964827,0.0.4138717@1786410727.955362521
0.0.9275748,17.25429191756711,SUCCESS,0.0.731861,0.0.3964804&0.0.3964827,0.0.4138717@1786410724.888848119
0.0.6068301,16.9361830501966,SUCCESS,0.0.731861,0.0.3964804&0.0.5328590,0.0.4138717@1786410729.430832110
0.0.8113254,13.97598880580414,SUCCESS,0.0.731861,0.0.3964804&0.0.4601632&0.0.5328590,0.0.4138717@1786410730.066907422
0.0.1862342,1.460413634774116,SUCCESS,0.0.731861,0.0.3964804,0.0.4138717@1786410726.404696606
0.0.9196038,0.8120301119585549,SUCCESS,0.0.731861,0.0.3964804,0.0.4138717@1786410729.461900332
0.0.1118731,0.06692605612290091,SUCCESS,0.0.731861,0.0.3964804,0.0.4138717@1786410730.862633822
0.0.1403937,0.03828190582087077,SUCCESS,0.0.731861,0.0.3964804,0.0.4138717@1786410729.325009297
0.0.9177141,0.2275824281094618,NOT_ASSOCIATED,0.0.731861,0.0.3964804,
0.0.9086562,0.02260279550823656,SUCCESS,0.0.731861,0.0.3964804,0.0.4138717@1786410728.897686614
0.0.8392843,1.617678317506666,NOT_ASSOCIATED,0.0.731861,0.0.3964804,
0.0.9169121,1.43923977887629,SUCCESS,0.0.731861,0.0.3964804,0.0.4138717@1786410730.827215294
0.0.816698,42.66039747266326,SUCCESS,0.0.731861,0.0.3964804,0.0.4138717@1786410733.839838761
0.0.820706,22.25530534940052,SUCCESS,0.0.731861,0.0.3964804,0.0.4138717@1786410729.828017387
0.0.4372819,0.08768556952448935,SUCCESS,0.0.731861,0.0.3964804,0.0.4138717@1786410732.390756005
0.0.10072624,0.1765900069988373,SUCCESS,0.0.731861,0.0.3964804,0.0.4138717@1786410734.689402377
0.0.1459068,0.1960590085294359,SUCCESS,0.0.731861,0.0.3964804,0.0.4138717@1786410734.626740900
0.0.9640903,27.00270953585316,SUCCESS,0.0.731861,0.0.3964804&0.0.4601632,0.0.4138717@1786410731.708905753
0.0.4873525,0.2722411968128688,SUCCESS,0.0.731861,0.0.3964804,0.0.4138717@1786410733.830581976
0.0.10004246,2.511387641978436,NOT_ASSOCIATED,0.0.731861,0.0.3964804,
0.0.5922808,0.1641576220591654,SUCCESS,0.0.731861,0.0.3964804,0.0.4138717@1786410737.342300582
0.0.751161,8.727442202094563,SUCCESS,0.0.731861,0.0.3964804,0.0.4138717@1786410735.983579139
0.0.9973346,0.01821501642284283,NOT_ASSOCIATED,0.0.731861,0.0.3964804,
0.0.9477942,0.079488528522233,NOT_ASSOCIATED,0.0.731861,0.0.3964804,
0.0.9150527,239.6032947390111,SUCCESS,0.0.731861,0.0.3964804&0.0.3964860&0.0.5328590,0.0.4138717@1786410735.400532916
0.0.871471,14.60308538064414,SUCCESS,0.0.731861,0.0.3964804,0.0.4138717@1786410736.447594408
0.0.958821,69.79531871512759,SUCCESS,0.0.731861,0.0.3964804,0.0.4138717@1786410735.343479010
0.0.7983506,0.0001743591100589141,NOT_ASSOCIATED,0.0.731861,0.0.3964804,
0.0.9687167,6.411198335477935,SUCCESS,0.0.731861,0.0.3964804&0.0.5328590,0.0.4138717@1786410734.602592640
0.0.9729389,0.6198487857616646,NOT_ASSOCIATED,0.0.731861,0.0.3964804,
0.0.9720442,0.3031258120534472,NOT_ASSOCIATED,0.0.731861,0.0.3964804,
0.0.3012601,39.04527428721766,SUCCESS,0.0.731861,0.0.3964804&0.0.5328590,0.0.4138717@1786410738.802929395
0.0.5012902,0.03218593972214673,SUCCESS,0.0.731861,0.0.3964804,0.0.4138717@1786410736.907763384
0.0.9636419,1.764789123185325,NOT_ASSOCIATED,0.0.731861,0.0.3964804,
0.0.5805332,5.649597625045293,SUCCESS,0.0.731861,0.0.3964804,0.0.4138717@1786410739.169315734
0.0.9602777,0.08080124411108026,NOT_ASSOCIATED,0.0.731861,0.0.3964804,
0.0.9590994,53.34007060060209,NOT_ASSOCIATED,0.0.731861,0.0.3964804,
0.0.8080965,0.04456734214227407,NOT_ASSOCIATED,0.0.731861,0.0.3964804,
0.0.8070994,7.32698118186882,NOT_ASSOCIATED,0.0.731861,0.0.3964804,
0.0.8246604,0.008026568939106716,SUCCESS,0.0.731861,0.0.3964804,0.0.4138717@1786410737.236696047
0.0.5007636,0.3977404859151973,NOT_ASSOCIATED,0.0.731861,0.0.3964804,
0.0.8156060,0.4686243541056251,SUCCESS,0.0.731861,0.0.3964804,0.0.4138717@1786410740.854361094
0.0.8298814,7.420582099959761,SUCCESS,0.0.731861,0.0.3964804,0.0.4138717@1786410741.629416996
0.0.7964752,0.01838751143104768,SUCCESS,0.0.731861,0.0.3964804,0.0.4138717@1786410738.392914440
0.0.2025203,0.3673580580739469,SUCCESS,0.0.731861,0.0.3964804,0.0.4138717@1786410743.292163457
0.0.7049977,0.03683415608756759,NOT_ASSOCIATED,0.0.731861,0.0.3964804,
0.0.4867972,0.1465999597875511,SUCCESS,0.0.731861,0.0.3964804,0.0.4138717@1786410741.981541412
0.0.8209324,2.502408038413621,SUCCESS,0.0.731861,0.0.3964804,0.0.4138717@1786410742.229160285
0.0.7997139,0.4745137512794098,SUCCESS,0.0.731861,0.0.3964804,0.0.4138717@1786410739.763983551
0.0.5761971,0.0006915930599332153,SUCCESS,0.0.731861,0.0.3964804,0.0.4138717@1786410743.640705385
0.0.1906790,0.05028102491479702,SUCCESS,0.0.731861,0.0.3964804,0.0.4138717@1786410744.053219876
0.0.8178093,0.3970312689456436,NOT_ASSOCIATED,0.0.731861,0.0.3964804,
0.0.8175769,1.444254296149263,SUCCESS,0.0.731861,0.0.3964804,0.0.4138717@1786410742.088465907
0.0.8142528,0.1115036057343896,NOT_ASSOCIATED,0.0.731861,0.0.3964804,
0.0.833836,9.665184433064592,SUCCESS,0.0.731861,0.0.3964804,0.0.4138717@1786410744.172443177
0.0.8323906,74.85676495956359,NOT_ASSOCIATED,0.0.731861,0.0.3964804,
0.0.4746343,0.007178552728775168,SUCCESS,0.0.731861,0.0.3964804,0.0.4138717@1786410747.288236439
0.0.7913251,0.2778727586739965,SUCCESS,0.0.731861,0.0.3964804,0.0.4138717@1786410746.097016903
0.0.8042105,0.4632084024220975,NOT_ASSOCIATED,0.0.731861,0.0.3964804,
0.0.2477582,1.32646776917045,NOT_ASSOCIATED,0.0.731861,0.0.3964804,
0.0.8059253,10.0027624177618,SUCCESS,0.0.731861,0.0.3964804,0.0.4138717@1786410743.811771711
0.0.1092596,5.97904003666124,SUCCESS,0.0.731861,0.0.3964804&0.0.4601632,0.0.4138717@1786410743.643090624
0.0.2006292,0.2358991738622462,SUCCESS,0.0.731861,0.0.3964804,0.0.4138717@1786410747.130717591
0.0.7912110,0.001338916519058199,NOT_ASSOCIATED,0.0.731861,0.0.3964804,
0.0.8056304,2.259860123592202,NOT_ASSOCIATED,0.0.731861,0.0.3964804,
0.0.7974195,165.598425373711,SUCCESS,0.0.731861,0.0.3964804,0.0.4138717@1786410745.649250062
0.0.7746903,0.3352815423602809,SUCCESS,0.0.731861,0.0.3964804,0.0.4138717@1786410745.277772529
0.0.8032303,0.2320223779772551,SUCCESS,0.0.731861,0.0.3964804,0.0.4138717@1786410748.093283853
0.0.53756,15.32192714513768,SUCCESS,0.0.731861,0.0.3964804,0.0.4138717@1786410748.081337503
0.0.689277,35.29068839855164,SUCCESS,0.0.731861,0.0.3964804,0.0.4138717@1786410747.547227213
0.0.1090802,0.3215803010022292,SUCCESS,0.0.731861,0.0.3964804,0.0.4138717@1786410750.176159010
0.0.7550890,0.5556262040691019,SUCCESS,0.0.731861,0.0.3964804,0.0.4138717@1786410749.308344589
0.0.9095016,8.659631842287698,NOT_ASSOCIATED,0.0.731861,0.0.3964804,
0.0.9065767,3.378463278177695,SUCCESS,0.0.731861,0.0.3964804,0.0.4138717@1786410749.875406883
0.0.9009997,1.853217401512623,NOT_ASSOCIATED,0.0.731861,0.0.3964804,
0.0.7788265,0.8175102947095916,NOT_ASSOCIATED,0.0.731861,0.0.3964804,
0.0.8792600,0.01320201356628393,NOT_ASSOCIATED,0.0.731861,0.0.3964804,
0.0.8256574,0.02643515066489567,SUCCESS,0.0.731861,0.0.3964804,0.0.4138717@1786410752.714383042
0.0.10093024,1.129282109369128,SUCCESS,0.0.731861,0.0.3964804,0.0.4138717@1786410748.685888988
0.0.8585468,0.004073816283811946,SUCCESS,0.0.731861,0.0.3964804,0.0.4138717@1786410750.396573783
0.0.1365814,1.368241179777193,SUCCESS,0.0.731861,0.0.3964804,0.0.4138717@1786410752.119607022
0.0.1459865,7.502927625380875,NOT_ASSOCIATED,0.0.731861,0.0.3964804,
0.0.5524338,0.2162612789649806,SUCCESS,0.0.731861,0.0.3964804,0.0.4138717@1786410753.280745613
0.0.8198608,1.780421948112446,SUCCESS,0.0.731861,0.0.3964804,0.0.4138717@1786410751.906914868
0.0.8385016,1.456039591001027,SUCCESS,0.0.731861,0.0.3964804,0.0.4138717@1786410752.149334099
0.0.8414409,0.07114780205730112,SUCCESS,0.0.731861,0.0.3964804,0.0.4138717@1786410752.790081151
0.0.1714233,1.273247520891504,SUCCESS,0.0.731861,0.0.3964804,0.0.4138717@1786410752.547401475
0.0.3077609,11.53917892116108,SUCCESS,0.0.731861,0.0.3964804,0.0.4138717@1786410754.827649801
0.0.8357089,2.80672995362388,NOT_ASSOCIATED,0.0.731861,0.0.3964804,
0.0.8357708,74.23898278741626,SUCCESS,0.0.731861,0.0.3964804,0.0.4138717@1786410754.534165894
0.0.8346544,13.36662480302856,NOT_ASSOCIATED,0.0.731861,0.0.3964804,
0.0.10007904,0.01409255087015565,SUCCESS,0.0.731861,0.0.3964804,0.0.4138717@1786410755.462477351
0.0.1365923,0.1324941595936973,SUCCESS,0.0.731861,0.0.3964804,0.0.4138717@1786410754.682538801
0.0.9593512,0.02814784001144416,SUCCESS,0.0.731861,0.0.3964804,0.0.4138717@1786410753.730482316
0.0.10035663,3.967610136713274,SUCCESS,0.0.731861,0.0.3964804,0.0.4138717@1786410753.423159222
0.0.1400807,6.43312346596324,SUCCESS,0.0.731861,0.0.3964804,0.0.4138717@1786410756.681877425
0.0.1412348,658.8549939729874,SUCCESS,0.0.731861,0.0.3964804,0.0.4138717@1786410756.403584384
0.0.9774219,0.04101830686632705,SUCCESS,0.0.731861,0.0.3964804,0.0.4138717@1786410758.383589225
0.0.9707531,5868.999135109269,NOT_ASSOCIATED,0.0.731861,0.0.3964804,
0.0.9707528,2547.827831859488,NOT_ASSOCIATED,0.0.731861,0.0.3964804,
0.0.9275976,163.9114228977276,SUCCESS,0.0.731861,0.0.3964804,0.0.4138717@1786410757.007738606
0.0.7732066,11.74281372039768,SUCCESS,0.0.731861,0.0.3964804,0.0.4138717@1786410758.471117144
0.0.3211610,20.4704104014657,SUCCESS,0.0.731861,0.0.3964804,0.0.4138717@1786410757.049154102
0.0.1503602,3.857993555365866,SUCCESS,0.0.731861,0.0.3964804,0.0.4138717@1786410760.539182408
0.0.1703381,11.37946746960084,SUCCESS,0.0.731861,0.0.3964804,0.0.4138717@1786410759.409262467
0.0.9301506,0.0850835781134793,SUCCESS,0.0.731861,0.0.3964804,0.0.4138717@1786410760.401892462
0.0.10035851,422.753157983728,SUCCESS,0.0.731861,0.0.3964804,0.0.4138717@1786410758.206444291
0.0.9177203,0.04087656856847639,SUCCESS,0.0.731861,0.0.3964804,0.0.4138717@1786410761.396724856
0.0.8188301,3.93343789307297,SUCCESS,0.0.731861,0.0.3964804,0.0.4138717@1786410758.590403160
0.0.8108637,0.002244265466591197,SUCCESS,0.0.731861,0.0.3964804&0.0.8315114,0.0.4138717@1786410760.598011875
0.0.9034617,0.6064270521170845,SUCCESS,0.0.731861,0.0.3964804,0.0.4138717@1786410758.889381852
0.0.8383256,0.005028463995487002,SUCCESS,0.0.731861,0.0.3964804,0.0.4138717@1786410762.008624256
0.0.8640197,5.487046688301596,SUCCESS,0.0.731861,0.0.3964804,0.0.4138717@1786410760.509606348
0.0.8602366,11.94619555043552,SUCCESS,0.0.731861,0.0.3964804,0.0.4138717@1786410764.918055136
0.0.8548028,0.002832752710319437,SUCCESS,0.0.731861,0.0.3964804,0.0.4138717@1786410762.926592416
0.0.8304314,0.5854160482655234,SUCCESS,0.0.731861,0.0.3964804,0.0.4138717@1786410762.144907563
0.0.8152447,5.787741230503761,SUCCESS,0.0.731861,0.0.3964804,0.0.4138717@1786410766.210081183
0.0.8115823,0.9024209568204041,SUCCESS,0.0.731861,0.0.3964804,0.0.4138717@1786410766.158653627
0.0.8104363,2393.85349510382,SUCCESS,0.0.731861,0.0.3964804,0.0.4138717@1786410762.190596743
0.0.1181772,0.4806887735339047,SUCCESS,0.0.731861,0.0.3964804&0.0.6126395,0.0.4138717@1786410762.361275569
0.0.10420688,10.12568294551893,SUCCESS,0.0.731861,0.0.3964804,0.0.4138717@1786410767.681633528
0.0.10465417,7.110819517212873,NOT_ASSOCIATED,0.0.731861,0.0.3964804,
0.0.10237154,66.10282919750627,SUCCESS,0.0.731861,0.0.3964804,0.0.4138717@1786410768.001420438
0.0.5850916,4.796020993240974,SUCCESS,0.0.731861,0.0.3964804,0.0.4138717@1786410770.055062584
0.0.844877,17.78103536122305,SUCCESS,0.0.731861,0.0.3964804,0.0.4138717@1786410767.643792516
0.0.10495365,0.000002338944753551265,NOT_ASSOCIATED,0.0.731861,0.0.3964804,
0.0.10496154,0.01701332625785378,NOT_ASSOCIATED,0.0.731861,0.0.3964804,
0.0.10502045,14.73703805595076,NOT_ASSOCIATED,0.0.731861,0.0.3964804,
0.0.10608781,27451.90076611408,SUCCESS,0.0.731861,0.0.3964804&0.0.6126395,0.0.4138717@1786410769.249382800
0.0.10612841,138.2541055812799,SUCCESS,0.0.731861,0.0.3964804,0.0.4138717@1786410769.435797582
0.0.10420709,3.096648713069171,SUCCESS,0.0.731861,0.0.3964804,0.0.4138717@1786410768.618251956
0.0.10420713,0.928174878105646,SUCCESS,0.0.731861,0.0.3964804,0.0.4138717@1786410766.981888222
0.0.3953598,168.1354277249777,SUCCESS,0.0.731861,0.0.3964804,0.0.4138717@1786410769.370348332
0.0.10308209,958.1913275264552,NOT_ASSOCIATED,0.0.731861,0.0.3964804,
0.0.10307970,0.009300163000731136,NOT_ASSOCIATED,0.0.731861,0.0.3964804,
0.0.10303974,8.443185571100262,SUCCESS,0.0.731861,0.0.3964804,0.0.4138717@1786410772.063680122
0.0.9234350,31.60760735262418,SUCCESS,0.0.731861,0.0.3964804,0.0.4138717@1786410772.530098531
0.0.10267167,0.02357942198522453,NOT_ASSOCIATED,0.0.731861,0.0.3964804,
0.0.10267166,868.863509888323,NOT_ASSOCIATED,0.0.731861,0.0.3964804,
0.0.10244829,0.1668541561767208,SUCCESS,0.0.731861,0.0.3964804,0.0.4138717@1786410770.476986347
0.0.10231452,15917.51209285542,SUCCESS,0.0.731861,0.0.3964804&0.0.10414792,0.0.4138717@1786410774.064179263
0.0.10248120,2.934853047675945,SUCCESS,0.0.731861,0.0.3964804,0.0.4138717@1786410771.554442175
0.0.818498,0.1271727024210403,SUCCESS,0.0.731861,0.0.3964804,0.0.4138717@1786410772.037189450
0.0.10164472,9242.522531166662,SUCCESS,0.0.731861,0.0.3964804,0.0.4138717@1786410772.836312488
0.0.10151415,34.71280147684443,SUCCESS,0.0.731861,0.0.3964804,0.0.4138717@1786410776.326150485
0.0.10115705,0.005472060071121713,SUCCESS,0.0.731861,0.0.3964804,0.0.4138717@1786410777.419842639
0.0.8083839,4782.239937149286,SUCCESS,0.0.731861,0.0.3964804&0.0.3964827&0.0.3964860&0.0.5328590,0.0.4138717@1786410776.562910402
0.0.4558719,0.08836397327385628,NOT_ASSOCIATED,0.0.731861,0.0.3964804,
0.0.4552348,0.08029490214937882,NOT_ASSOCIATED,0.0.731861,0.0.3964804,
0.0.4552309,0.0755114730230976,NOT_ASSOCIATED,0.0.731861,0.0.3964804,
0.0.4552382,0.07550718281368488,NOT_ASSOCIATED,0.0.731861,0.0.3964804,
0.0.4571567,14.33817230051233,SUCCESS,0.0.731861,0.0.3964804,0.0.4138717@1786410775.036711961
0.0.1024843,0.0003867204636411374,SUCCESS,0.0.731861,0.0.3964804&0.0.3964855&0.0.3964860,0.0.4138717@1786410775.473958405
0.0.1105845,16.60010719913847,SUCCESS,0.0.731861,0.0.3964804,0.0.4138717@1786410776.592897066
0.0.9304292,5246.273391938317,SUCCESS,0.0.731861,0.0.3964804&0.0.5328590,0.0.4138717@1786410778.681592876
0.0.10371833,577.2002045803717,SUCCESS,0.0.731861,0.0.3964804,0.0.4138717@1786410779.719793798
0.0.10253402,61.5942804163945,SUCCESS,0.0.731861,0.0.3964804,0.0.4138717@1786410775.796959805
0.0.4576074,4.76962493630891,SUCCESS,0.0.731861,0.0.3964804,0.0.4138717@1786410778.412879016
0.0.10251800,0.003445531976008807,NOT_ASSOCIATED,0.0.731861,0.0.3964804,
0.0.1365779,1.436220245413267,SUCCESS,0.0.731861,0.0.3964804,0.0.4138717@1786410779.472546212
0.0.4499088,0.2584470203956473,NOT_ASSOCIATED,0.0.731861,0.0.3964804,
0.0.9273022,0.001710559912613123,SUCCESS,0.0.731861,0.0.3964804,0.0.4138717@1786410777.249186640
0.0.10219431,7.727956632597942,NOT_ASSOCIATED,0.0.731861,0.0.3964804,
0.0.9509413,0.1713839953029417,NOT_ASSOCIATED,0.0.731861,0.0.3964804,
0.0.10157649,26.36785117198922,NOT_ASSOCIATED,0.0.731861,0.0.3964804,
0.0.10014449,0.2187945877458324,SUCCESS,0.0.731861,0.0.3964804,0.0.4138717@1786410779.585205122
0.0.4749526,163.0927494443369,NOT_ASSOCIATED,0.0.731861,0.0.3964804,
0.0.1704489,0.001609766726452316,NOT_ASSOCIATED,0.0.731861,0.0.3964804,
0.0.9584885,1.186312260811187,SUCCESS,0.0.731861,0.0.3964804&0.0.5328590,0.0.4138717@1786410779.618016519
0.0.6315303,20.16514273109213,SUCCESS,0.0.731861,0.0.3964804,0.0.4138717@1786410781.197643840
0.0.8068660,0.05755566371421336,SUCCESS,0.0.731861,0.0.3964804,0.0.4138717@1786410780.118158122
0.0.7931472,1.520676106351436,SUCCESS,0.0.731861,0.0.3964804,0.0.4138717@1786410781.211987822
0.0.8002619,2.387377339183216,SUCCESS,0.0.731861,0.0.3964804,0.0.4138717@1786410781.807263550
0.0.7809201,0.0007211925642246648,SUCCESS,0.0.731861,0.0.3964804,0.0.4138717@1786410783.193235773
0.0.7098838,5.416161193660813,SUCCESS,0.0.731861,0.0.3964804,0.0.4138717@1786410781.468305972
0.0.590682,0.2211462230317797,SUCCESS,0.0.731861,0.0.3964804,0.0.4138717@1786410782.133791148
0.0.4766806,85.82784304252299,SUCCESS,0.0.731861,0.0.3964804,0.0.4138717@1786410782.260846768
0.0.1114728,0.0661025397355498,SUCCESS,0.0.731861,0.0.3964804,0.0.4138717@1786410780.406957267
0.0.7188749,11.47330424942038,SUCCESS,0.0.731861,0.0.3964804,0.0.4138717@1786410782.835781316
0.0.5957081,3.490249978575813,SUCCESS,0.0.731861,0.0.3964804,0.0.4138717@1786410785.338279850
0.0.4561752,0.7030197409342764,SUCCESS,0.0.731861,0.0.3964804&0.0.6071041,0.0.4138717@1786410785.992358667
0.0.6334018,6.689273260260626,SUCCESS,0.0.731861,0.0.3964804,0.0.4138717@1786410786.311882691
0.0.6333135,133.4186567345441,SUCCESS,0.0.731861,0.0.3964804,0.0.4138717@1786410785.915093549
0.0.8120693,16.57956478283666,SUCCESS,0.0.731861,0.0.3964804,0.0.4138717@1786410784.026776873
0.0.6299908,27.09919127547705,SUCCESS,0.0.731861,0.0.3964804,0.0.4138717@1786410785.428940632
0.0.5804427,19.91512701815826,SUCCESS,0.0.731861,0.0.3964804&0.0.4601632,0.0.4138717@1786410784.853618667
0.0.1956746,0.3697357771506415,SUCCESS,0.0.731861,0.0.3964804,0.0.4138717@1786410788.167265643
0.0.5742160,86.95642384475916,SUCCESS,0.0.731861,0.0.3964804,0.0.4138717@1786410786.600436168
0.0.857763,10.93834671615732,SUCCESS,0.0.731861,0.0.3964804,0.0.4138717@1786410787.998918972
0.0.937712,131.3165581236596,SUCCESS,0.0.731861,0.0.3964804,0.0.4138717@1786410788.307923252
0.0.955353,1.070731897254214,NOT_ASSOCIATED,0.0.731861,0.0.3964804,
0.0.1696471,6.35165469246679,SUCCESS,0.0.731861,0.0.3964804,0.0.4138717@1786410791.243421216
0.0.683815,0.3759204125287794,SUCCESS,0.0.731861,0.0.3964804,0.0.4138717@1786410790.303465910
0.0.1052080,6.655227061183615,SUCCESS,0.0.731861,0.0.3964804,0.0.4138717@1786410789.012800039
0.0.4712922,0.4543529673413371,SUCCESS,0.0.731861,0.0.3964804,0.0.4138717@1786410789.208607504
0.0.4140342,2.402533665471269,SUCCESS,0.0.731861,0.0.3964804&0.0.3964827,0.0.4138717@1786410788.942753106
0.0.6344703,10312.05946156867,SUCCESS,0.0.731861,0.0.3964804&0.0.4129330&0.0.6071041&0.0.6126395&0.0.8315114,0.0.4138717@1786410788.600758626
0.0.827132,2.633709224099291,SUCCESS,0.0.731861,0.0.3964804,0.0.4138717@1786410792.651691394
0.0.6324031,0.003095251456129465,SUCCESS,0.0.731861,0.0.3964804,0.0.4138717@1786410792.726292784
0.0.2123622,0.5266559630174866,SUCCESS,0.0.731861,0.0.3964804,0.0.4138717@1786410794.389155047
0.0.4360598,0.1556064529447216,SUCCESS,0.0.731861,0.0.3964804,0.0.4138717@1786410794.537512120
0.0.6674918,0.05910223926027026,SUCCESS,0.0.731861,0.0.3964804,0.0.4138717@1786410793.876097868
0.0.835625,33.63069872393012,SUCCESS,0.0.731861,0.0.3964804&0.0.3964827,0.0.4138717@1786410792.937927119
0.0.760653,0.7732753468300897,SUCCESS,0.0.731861,0.0.3964804,0.0.4138717@1786410791.553315371
0.0.6232417,0.3487613666744827,SUCCESS,0.0.731861,0.0.3964804,0.0.4138717@1786410792.349547546
0.0.1448239,0.2113727850972584,SUCCESS,0.0.731861,0.0.3964804,0.0.4138717@1786410795.264601408
0.0.4659519,6.697908478885481,SUCCESS,0.0.731861,0.0.3964804,0.0.4138717@1786410798.189376158
0.0.6612734,0.0309466465859164,NOT_ASSOCIATED,0.0.731861,0.0.3964804,
0.0.1233065,1.397161010144798,SUCCESS,0.0.731861,0.0.3964804,0.0.4138717@1786410797.708386445
0.0.4978453,34.40748870354581,SUCCESS,0.0.731861,0.0.3964804,0.0.4138717@1786410795.647351363
0.0.1859919,0.5238247064035279,NOT_ASSOCIATED,0.0.731861,0.0.3964804,
0.0.7200618,0.07770051768840536,SUCCESS,0.0.731861,0.0.3964804,0.0.4138717@1786410799.094368723
0.0.3159220,21.49216071417631,SUCCESS,0.0.731861,0.0.3964804,0.0.4138717@1786410796.743414391
0.0.4595460,0.4448407330691483,SUCCESS,0.0.731861,0.0.3964804,0.0.4138717@1786410799.311366993
0.0.4899880,0.2706492138640371,SUCCESS,0.0.731861,0.0.3964804,0.0.4138717@1786410796.670871526
0.0.5437974,4.114432004158644,SUCCESS,0.0.731861,0.0.3964804,0.0.4138717@1786410802.012448603
0.0.7610560,0.6133993238491853,NOT_ASSOCIATED,0.0.731861,0.0.3964804,
0.0.4785387,72.02183076277787,SUCCESS,0.0.731861,0.0.3964804&0.0.4601632,0.0.4138717@1786410798.420127241
0.0.4362017,5.87529647661335,SUCCESS,0.0.731861,0.0.3964804,0.0.4138717@1786410801.572663068
0.0.1046906,0.09045980245320068,SUCCESS,0.0.731861,0.0.3964804,0.0.4138717@1786410801.881035932
0.0.4923529,0.006529055679748411,NOT_ASSOCIATED,0.0.731861,0.0.3964804,
0.0.4741573,3.324041743329529,SUCCESS,0.0.731861,0.0.3964804,0.0.4138717@1786410800.675495199
0.0.1747288,14.78147165544017,SUCCESS,0.0.731861,0.0.3964804,0.0.4138717@1786410800.899895807
0.0.4640278,0.3421871676224826,SUCCESS,0.0.731861,0.0.3964804,0.0.4138717@1786410800.679119552
0.0.4758052,0.6303491500572602,SUCCESS,0.0.731861,0.0.3964804,0.0.4138717@1786410801.720145836
0.0.3295745,61.4923640627412,SUCCESS,0.0.731861,0.0.3964804,0.0.4138717@1786410804.007202035
0.0.5060252,13.02988882207781,SUCCESS,0.0.731861,0.0.3964804&0.0.3964860,0.0.4138717@1786410802.163825640
0.0.4322023,8.258020142916159,SUCCESS,0.0.731861,0.0.3964804&0.0.3964855&0.0.4601632,0.0.4138717@1786410801.375026770
0.0.7638910,0.1825685597883415,SUCCESS,0.0.731861,0.0.3964804,0.0.4138717@1786410805.409026115
0.0.1388678,17.97990228488575,SUCCESS,0.0.731861,0.0.3964804,0.0.4138717@1786410804.401506630
0.0.848151,1.332327596913314,SUCCESS,0.0.731861,0.0.3964804,0.0.4138717@1786410802.670033102
0.0.6061106,1.623151906727566,NOT_ASSOCIATED,0.0.731861,0.0.3964804,
0.0.4799094,0.3870309251206425,SUCCESS,0.0.731861,0.0.3964804,0.0.4138717@1786410804.882842972
0.0.1334605,39.83949422949886,SUCCESS,0.0.731861,0.0.3964804,0.0.4138717@1786410804.267211005
0.0.6058490,0.1160339983602474,SUCCESS,0.0.731861,0.0.3964804,0.0.4138717@1786410805.382736726
0.0.6247418,0.2001942546040009,NOT_ASSOCIATED,0.0.731861,0.0.3964804,
0.0.1486871,364.4471044736944,SUCCESS,0.0.731861,0.0.3964804,0.0.4138717@1786410806.842347329
0.0.5905014,1.577517812573034,SUCCESS,0.0.731861,0.0.3964804,0.0.4138717@1786410807.680461996
0.0.3947850,0.04303601341590535,SUCCESS,0.0.731861,0.0.3964804&0.0.5328590,0.0.4138717@1786410807.855392169
0.0.7910977,5.452865894841942,SUCCESS,0.0.731861,0.0.3964804,0.0.4138717@1786410810.452676921
0.0.3907868,0.06561540536848734,SUCCESS,0.0.731861,0.0.3964804,0.0.4138717@1786410809.796347750
0.0.7896816,64.2715247560683,NOT_ASSOCIATED,0.0.731861,0.0.3964804,
0.0.1481135,167.2111478694664,SUCCESS,0.0.731861,0.0.3964804&0.0.4601632,0.0.4138717@1786410809.268393210
0.0.7965413,0.003956317404221415,NOT_ASSOCIATED,0.0.731861,0.0.3964804,
0.0.10242536,21.33555485210829,NOT_ASSOCIATED,0.0.731861,0.0.3964804,
0.0.2030460,917.7527187796494,SUCCESS,0.0.731861,0.0.3964804&0.0.5328590&0.0.6078473,0.0.4138717@1786410808.299937539
0.0.10056907,13.12557584737415,SUCCESS,0.0.731861,0.0.3964804,0.0.4138717@1786410811.484995700
0.0.7164995,124.4275786788544,SUCCESS,0.0.731861,0.0.3964804,0.0.4138717@1786410812.047205693
0.0.1043461,630.6845373542725,SUCCESS,0.0.731861,0.0.3964804,0.0.4138717@1786410812.425827680
0.0.1711144,2.021544808569363,NOT_ASSOCIATED,0.0.731861,0.0.3964804,
0.0.9690555,3.546674846105798,SUCCESS,0.0.731861,0.0.3964804,0.0.4138717@1786410813.497356583
0.0.4911466,0.1175846964226746,SUCCESS,0.0.731861,0.0.3964804,0.0.4138717@1786410814.092232771
0.0.10068662,0.6632509532847359,SUCCESS,0.0.731861,0.0.3964804,0.0.4138717@1786410814.791203192
0.0.8213249,421.0423770250529,SUCCESS,0.0.731861,0.0.3964804,0.0.4138717@1786410814.425732037
0.0.6460255,57.33753346353247,NOT_ASSOCIATED,0.0.731861,0.0.3964804,
0.0.5739319,3.981589429115608,SUCCESS,0.0.731861,0.0.3964804,0.0.4138717@1786410812.753624983
0.0.6256886,0.1819043538586734,SUCCESS,0.0.731861,0.0.3964804,0.0.4138717@1786410814.163695382
0.0.831661,10.35540150811051,SUCCESS,0.0.731861,0.0.3964804,0.0.4138717@1786410816.531989247
0.0.2557514,4.019891635097881,SUCCESS,0.0.731861,0.0.3964804,0.0.4138717@1786410815.352119990
0.0.4250725,0.6198487857616646,SUCCESS,0.0.731861,0.0.3964804,0.0.4138717@1786410818.358050132
0.0.3912896,0.766625075339789,SUCCESS,0.0.731861,0.0.3964804,0.0.4138717@1786410816.878416105
0.0.4752954,1.083114908217119,SUCCESS,0.0.731861,0.0.3964804,0.0.4138717@1786410817.276041294
0.0.7777028,2.584564427182782,NOT_ASSOCIATED,0.0.731861,0.0.3964804,
0.0.789990,0.2610059090810242,SUCCESS,0.0.731861,0.0.3964804,0.0.4138717@1786410818.143668866
0.0.7791729,0.003935822531795877,NOT_ASSOCIATED,0.0.731861,0.0.3964804,
0.0.7421912,0.1787403156094839,SUCCESS,0.0.731861,0.0.3964804,0.0.4138717@1786410818.612100088
0.0.7570262,0.3255137844397538,SUCCESS,0.0.731861,0.0.3964804,0.0.4138717@1786410819.586581496
0.0.7835479,0.3135567345412286,SUCCESS,0.0.731861,0.0.3964804&0.0.3964827,0.0.4138717@1786410821.540793917
0.0.1479857,4.536160238461499,SUCCESS,0.0.731861,0.0.3964804,0.0.4138717@1786410821.241511837
0.0.5042398,6.818221537394723,SUCCESS,0.0.731861,0.0.3964804,0.0.4138717@1786410822.332794183
0.0.9273859,0.8989439039422433,SUCCESS,0.0.731861,0.0.3964804,0.0.4138717@1786410821.025000429
0.0.5482082,8.685784908823516,SUCCESS,0.0.731861,0.0.3964804,0.0.4138717@1786410823.165969801
0.0.7550127,2.53578161480571,SUCCESS,0.0.731861,0.0.3964804,0.0.4138717@1786410822.261690467
0.0.9317309,4.469993220847493,SUCCESS,0.0.731861,0.0.3964804&0.0.9774523,0.0.4138717@1786410821.342428032
0.0.4319619,1.266740115021934,SUCCESS,0.0.731861,0.0.3964804,0.0.4138717@1786410822.104595715
0.0.9612822,2.058743593536648,NOT_ASSOCIATED,0.0.731861,0.0.3964804,
0.0.834767,16.37688400672458,SUCCESS,0.0.731861,0.0.3964804,0.0.4138717@1786410821.747325557
0.0.1056579,68.39342343156001,SUCCESS,0.0.731861,0.0.3964804,0.0.4138717@1786410824.050083719
0.0.8717466,0.02382866931007588,SUCCESS,0.0.731861,0.0.3964804,0.0.4138717@1786410824.782331401
0.0.4724806,177.2797510154005,SUCCESS,0.0.731861,0.0.3964804&0.0.5328590,0.0.4138717@1786410824.452694468
0.0.3288501,0.3306191100405506,SUCCESS,0.0.731861,0.0.3964804,0.0.4138717@1786410821.510180754
0.0.8903303,3.656583221042137,FAIL,0.0.731861,0.0.3964804,
0.0.4853191,0.07589876755630548,SUCCESS,0.0.731861,0.0.3964804,0.0.4138717@1786410823.227093862
0.0.8514597,56.43247460438553,SUCCESS,0.0.731861,0.0.3964804,0.0.4138717@1786410825.738167427
0.0.9104016,133.2413440139906,SUCCESS,0.0.731861,0.0.3964804&0.0.3964860&0.0.5328590,0.0.4138717@1786410826.144063143
0.0.5580759,0.3869555270252543,SUCCESS,0.0.731861,0.0.3964804,0.0.4138717@1786410827.403039943
0.0.9149385,1.054653584667417,SUCCESS,0.0.731861,0.0.3964804,0.0.4138717@1786410828.613073154
0.0.6258977,32.48884325806926,SUCCESS,0.0.731861,0.0.3964804&0.0.5328590,0.0.4138717@1786410824.598775475
0.0.10427913,2.149996735286571,NOT_ASSOCIATED,0.0.731861,0.0.3964804,
0.0.4795853,0.6610159019286298,SUCCESS,0.0.731861,0.0.3964804,0.0.4138717@1786410829.120846020
0.0.7993090,47.87168951799809,SUCCESS,0.0.731861,0.0.3964804,0.0.4138717@1786410826.750578548
0.0.4838474,66.37032034068613,SUCCESS,0.0.731861,0.0.3964804&0.0.5328590,0.0.4138717@1786410828.720540751
0.0.7550116,1.016204397746173,NOT_ASSOCIATED,0.0.731861,0.0.3964804,
0.0.8382708,0.03618312133385031,SUCCESS,0.0.731861,0.0.3964804,0.0.4138717@1786410831.534769858
0.0.9695749,41.91824468932371,NOT_ASSOCIATED,0.0.731861,0.0.3964804,
0.0.187153,73.97151239600447,SUCCESS,0.0.731861,0.0.3964804,0.0.4138717@1786410828.583976865
0.0.7920736,9.714504855756031,SUCCESS,0.0.731861,0.0.3964804,0.0.4138717@1786410829.586558652
0.0.9178066,53.65351476873645,SUCCESS,0.0.731861,0.0.3964804,0.0.4138717@1786410828.739517504
0.0.10261941,14.30403316185826,SUCCESS,0.0.731861,0.0.3964804,0.0.4138717@1786410828.956697522
0.0.10279551,3.107555904312552,SUCCESS,0.0.731861,0.0.3964804,0.0.4138717@1786410828.961738057
0.0.9796301,8.981044404506074,NOT_ASSOCIATED,0.0.731861,0.0.3964804,
0.0.9272301,7.267564650751089,NOT_ASSOCIATED,0.0.731861,0.0.3964804,
0.0.853379,287.6384643924696,SUCCESS,0.0.731861,0.0.3964804,0.0.4138717@1786410830.007552737
0.0.3681629,77.64777673006101,SUCCESS,0.0.731861,0.0.3964804,0.0.4138717@1786410830.649097536
0.0.6295630,0.70265107542649,NOT_ASSOCIATED,0.0.731861,0.0.3964804,
0.0.2017766,18.76720103811807,SUCCESS,0.0.731861,0.0.3964804,0.0.4138717@1786410835.204488917
0.0.9303899,13.60315804991594,SUCCESS,0.0.731861,0.0.3964804,0.0.4138717@1786410833.443969288
0.0.966444,22.79782218118283,SUCCESS,0.0.731861,0.0.3964804,0.0.4138717@1786410833.809800150
0.0.919311,1485.47578088297,NOT_ASSOCIATED,0.0.731861,0.0.3964804,
0.0.9404882,4.035736212448332,SUCCESS,0.0.731861,0.0.3964804,0.0.4138717@1786410835.074617819
0.0.915984,111.0015007004734,SUCCESS,0.0.731861,0.0.3964804,0.0.4138717@1786410834.669724054
0.0.1736150,4.715236172850787,SUCCESS,0.0.731861,0.0.3964804,0.0.4138717@1786410837.458039474
0.0.9477910,27.0728230113492,SUCCESS,0.0.731861,0.0.3964804,0.0.4138717@1786410834.945537788
0.0.2657839,16.15379854610396,SUCCESS,0.0.731861,0.0.3964804,0.0.4138717@1786410834.179267189
0.0.9226909,2.035560627558692,SUCCESS,0.0.731861,0.0.3964804,0.0.4138717@1786410835.695372937
0.0.1517175,11.57612409972137,SUCCESS,0.0.731861,0.0.3964804,0.0.4138717@1786410836.453583176
0.0.1461428,20.63515868773769,SUCCESS,0.0.731861,0.0.3964804,0.0.4138717@1786410836.893507622
0.0.946029,6.773438223427618,NOT_ASSOCIATED,0.0.731861,0.0.3964804,
0.0.4144365,7.06377533694881,SUCCESS,0.0.731861,0.0.3964804,0.0.4138717@1786410840.039303430
0.0.837799,4.79283776965324,SUCCESS,0.0.731861,0.0.3964804,0.0.4138717@1786410836.927405203
0.0.836096,0.4110304628283768,SUCCESS,0.0.731861,0.0.3964804&0.0.5328590,0.0.4138717@1786410839.113957412
0.0.4340392,0.1984545925669218,SUCCESS,0.0.731861,0.0.3964804,0.0.4138717@1786410840.715856800
0.0.4782567,9.83749394673882,SUCCESS,0.0.731861,0.0.3964804,0.0.4138717@1786410839.561274069
0.0.4323897,0.05454981661928384,SUCCESS,0.0.731861,0.0.3964804,0.0.4138717@1786410841.853755217
0.0.834666,27.43003949244896,SUCCESS,0.0.731861,0.0.3964804,0.0.4138717@1786410842.728866855
0.0.5029689,15.25354522162386,SUCCESS,0.0.731861,0.0.3964804,0.0.4138717@1786410841.611763003
0.0.2005484,0.07646611436085426,SUCCESS,0.0.731861,0.0.3964804,0.0.4138717@1786410843.537507401
0.0.4329551,66.77561357542697,SUCCESS,0.0.731861,0.0.3964804&0.0.3964827&0.0.3964855,0.0.4138717@1786410840.304370567
0.0.1415516,32.9662937395624,SUCCESS,0.0.731861,0.0.3964804,0.0.4138717@1786410839.317185940
0.0.5432163,0.1586784830616982,NOT_ASSOCIATED,0.0.731861,0.0.3964804,
0.0.4345176,0.3561431022721482,SUCCESS,0.0.731861,0.0.3964804,0.0.4138717@1786410841.010134898
0.0.4433604,0.2985484103082792,SUCCESS,0.0.731861,0.0.3964804&0.0.4601632,0.0.4138717@1786410840.494803214
0.0.2302824,0.008826535080390632,SUCCESS,0.0.731861,0.0.3964804,0.0.4138717@1786410842.832387456
0.0.435679,2937.037896773836,SUCCESS,0.0.731861,0.0.3964804&0.0.3964827&0.0.5328590,0.0.4138717@1786410843.664813462
0.0.5314183,1.389156735617892,SUCCESS,0.0.731861,0.0.3964804,0.0.4138717@1786410844.339073606
0.0.840487,11.50301530116104,SUCCESS,0.0.731861,0.0.3964804,0.0.4138717@1786410845.691580981
0.0.840324,9.509559866358302,SUCCESS,0.0.731861,0.0.3964804,0.0.4138717@1786410845.497389008
0.0.5719491,0.7013950215649931,SUCCESS,0.0.731861,0.0.3964804,0.0.4138717@1786410846.940917645
0.0.6045318,5.162970985132835,SUCCESS,0.0.731861,0.0.3964804,0.0.4138717@1786410848.760937775
0.0.2185671,1.216664458256106,SUCCESS,0.0.731861,0.0.3964804,0.0.4138717@1786410850.080907125
0.0.9201440,0.4806116708445558,SUCCESS,0.0.731861,0.0.3964804,0.0.4138717@1786410851.489883224
0.0.4310363,157.0090174904489,SUCCESS,0.0.731861,0.0.3964804&0.0.3964860,0.0.4138717@1786410847.693264906
0.0.9168967,18.75932053864086,SUCCESS,0.0.731861,0.0.3964804&0.0.3964827&0.0.5328590,0.0.4138717@1786410853.028365412
0.0.6094118,0.2705096948135275,SUCCESS,0.0.731861,0.0.3964804,0.0.4138717@1786410850.029430127
0.0.9144684,0.9754280831892241,SUCCESS,0.0.731861,0.0.3964804,0.0.4138717@1786410851.910726544
0.0.9150672,0.4011921834554409,SUCCESS,0.0.731861,0.0.3964804,0.0.4138717@1786410853.874658986
0.0.2149252,0.0002597921584447398,SUCCESS,0.0.731861,0.0.3964804,0.0.4138717@1786410853.014264428
0.0.560837,244.7933726192614,SUCCESS,0.0.731861,0.0.3964804,0.0.4138717@1786410854.171623462
0.0.3051653,9.572240077085638,SUCCESS,0.0.731861,0.0.3964804,0.0.4138717@1786410852.612636014
0.0.1505544,0.02736968620616813,SUCCESS,0.0.731861,0.0.3964804,0.0.4138717@1786410853.444420713
0.0.876236,0.5475192866013094,SUCCESS,0.0.731861,0.0.3964804,0.0.4138717@1786410857.739176829
0.0.4644030,0.0927309056837096,SUCCESS,0.0.731861,0.0.3964804,0.0.4138717@1786410854.653458620
0.0.4410999,4.060047174494548,SUCCESS,0.0.731861,0.0.3964827,0.0.4138717@1786410855.452666428
0.0.7965416,0.1115130302660602,NOT_ASSOCIATED,0.0.731861,0.0.3964827,
0.0.5239780,219.8940062408941,SUCCESS,0.0.731861,0.0.3964827,0.0.4138717@1786410854.718018842
0.0.1065704,73.20386007219405,SUCCESS,0.0.731861,0.0.3964827,0.0.4138717@1786410858.579766457
0.0.6630516,10.18856695034928,SUCCESS,0.0.731861,0.0.3964827,0.0.4138717@1786410856.675300327
0.0.4975045,172.2089811006782,SUCCESS,0.0.731861,0.0.3964827,0.0.4138717@1786410861.224178610
0.0.1079751,89.42795667096591,SUCCESS,0.0.731861,0.0.3964827,0.0.4138717@1786410860.564315741
0.0.7677057,37.84120706941989,SUCCESS,0.0.731861,0.0.3964827,0.0.4138717@1786410857.781412668
0.0.4348609,153.5958702431496,SUCCESS,0.0.731861,0.0.3964827&0.0.5328590,0.0.4138717@1786410861.411337359
0.0.479120,4610.912091509724,SUCCESS,0.0.731861,0.0.3964827&0.0.4129330,0.0.4138717@1786410864.005129217
0.0.7486751,7.310374683624295,SUCCESS,0.0.731861,0.0.3964827&0.0.4601632,0.0.4138717@1786410863.494042607
0.0.1392115,476.7955665962658,SUCCESS,0.0.731861,0.0.3964827&0.0.4129330,0.0.4138717@1786410862.076060711
0.0.611948,27.15321921158551,SUCCESS,0.0.731861,0.0.3964827,0.0.4138717@1786410865.505689508
0.0.1750137,150.7727673556749,SUCCESS,0.0.731861,0.0.3964827,0.0.4138717@1786410864.478742494
0.0.1006425,126.8498166884914,SUCCESS,0.0.731861,0.0.3964827,0.0.4138717@1786410864.654639532
0.0.1087560,96.28140340433282,SUCCESS,0.0.731861,0.0.3964827&0.0.3964855,0.0.4138717@1786410863.283431665
0.0.5447658,0.4522879904213358,SUCCESS,0.0.731861,0.0.3964827,0.0.4138717@1786410862.984929987
0.0.4344919,7.05444988757276,SUCCESS,0.0.731861,0.0.3964827,0.0.4138717@1786410863.503025796
0.0.4364640,12.41921557450869,SUCCESS,0.0.731861,0.0.3964827,0.0.4138717@1786410869.443084512
0.0.3443413,17.92898378723687,SUCCESS,0.0.731861,0.0.3964827&0.0.4601632,0.0.4138717@1786410868.062833625
0.0.4793606,43.26988152674519,SUCCESS,0.0.731861,0.0.3964827&0.0.5328590,0.0.4138717@1786410866.227006433
0.0.1061257,263.797486196879,SUCCESS,0.0.731861,0.0.3964827&0.0.4601632&0.0.5328590,0.0.4138717@1786410867.202270410
0.0.1107354,7.514121952296916,SUCCESS,0.0.731861,0.0.3964827,0.0.4138717@1786410865.904920485
0.0.4733298,5.909440755973372,SUCCESS,0.0.731861,0.0.3964827,0.0.4138717@1786410866.115198995
0.0.4338112,0.2114686368731796,SUCCESS,0.0.731861,0.0.3964827,0.0.4138717@1786410869.994935938
0.0.913930,3.956144425921182,SUCCESS,0.0.731861,0.0.3964827,0.0.4138717@1786410867.274544032
0.0.4737222,4.792027591510824,SUCCESS,0.0.731861,0.0.3964827,0.0.4138717@1786410870.726322973
0.0.1436265,21.05670899037764,SUCCESS,0.0.731861,0.0.3964827,0.0.4138717@1786410870.065384503
0.0.3169781,1.411341343794229,SUCCESS,0.0.731861,0.0.3964827,0.0.4138717@1786410868.964969289
0.0.7776243,2.428563731991952,SUCCESS,0.0.731861,0.0.3964827,0.0.4138717@1786410870.889661075
0.0.1391028,72.57018951968787,SUCCESS,0.0.731861,0.0.3964827,0.0.4138717@1786410871.221376527
0.0.1400872,154.5478297031183,SUCCESS,0.0.731861,0.0.3964827&0.0.4129330&0.0.6071911,0.0.4138717@1786410870.601786853
0.0.849606,234.8783331404629,SUCCESS,0.0.731861,0.0.3964827&0.0.6071119,0.0.4138717@1786410869.808962176
0.0.834607,90.2307603075338,SUCCESS,0.0.731861,0.0.3964827,0.0.4138717@1786410873.809221881
0.0.839408,263.3891086405758,SUCCESS,0.0.731861,0.0.3964827,0.0.4138717@1786410872.122635612
0.0.10801092,0.002085341186254963,NOT_ASSOCIATED,0.0.731861,0.0.3964827,
0.0.615626,3.842181316458086,SUCCESS,0.0.731861,0.0.3964827,0.0.4138717@1786410872.360456381
0.0.6109726,86.13031726929712,SUCCESS,0.0.731861,0.0.3964827,0.0.4138717@1786410871.956988019
0.0.885667,3.659544881202163,SUCCESS,0.0.731861,0.0.3964827,0.0.4138717@1786410876.151996486
0.0.4882076,28.83416430015199,SUCCESS,0.0.731861,0.0.3964827&0.0.3964855&0.0.4129330&0.0.5328590,0.0.4138717@1786410872.809723907
0.0.10505731,19128.26337537735,SUCCESS,0.0.731861,0.0.3964827&0.0.10498274,0.0.4138717@1786410876.509205239
0.0.836080,5.12616544301202e-9,SUCCESS,0.0.731861,0.0.3964827&0.0.3964855,0.0.4138717@1786410872.444424485
0.0.1120301,0.19480893797979,SUCCESS,0.0.731861,0.0.3964827&0.0.3964855,0.0.4138717@1786410872.974927023
0.0.6004406,16.65949657279805,SUCCESS,0.0.731861,0.0.3964827,0.0.4138717@1786410876.504005615
0.0.6288848,0.1977851739013512,SUCCESS,0.0.731861,0.0.3964827&0.0.6071119,0.0.4138717@1786410876.595697569
0.0.2960128,3112.01919491116,SUCCESS,0.0.731861,0.0.3964827&0.0.5328590&0.0.10498274&0.0.10498278,0.0.4138717@1786410873.784226225
0.0.857760,4.035782771865442,SUCCESS,0.0.731861,0.0.3964827,0.0.4138717@1786410876.113904201
0.0.7947570,0.3826447486837357,SUCCESS,0.0.731861,0.0.3964827,0.0.4138717@1786410874.180837357
0.0.8778454,0.1497179884507167,SUCCESS,0.0.731861,0.0.3964827,0.0.4138717@1786410877.466542038
0.0.1406579,1.746623117981715,SUCCESS,0.0.731861,0.0.3964827,0.0.4138717@1786410876.562863344
0.0.8377520,402.9516301124893,SUCCESS,0.0.731861,0.0.3964827,0.0.4138717@1786410877.374436101
0.0.7595440,609.57965290691,SUCCESS,0.0.731861,0.0.3964827,0.0.4138717@1786410880.470154984
0.0.7870892,3.360379024307327,SUCCESS,0.0.731861,0.0.3964827,0.0.4138717@1786410877.285944721
0.0.4861302,14.68224805699061,SUCCESS,0.0.731861,0.0.3964855&0.0.4601632,0.0.4138717@1786410879.459397818
0.0.1423973,4.54078769612325e-8,SUCCESS,0.0.731861,0.0.3964855,0.0.4138717@1786410880.667186942
0.0.5377617,158.4650984021261,SUCCESS,0.0.731861,0.0.3964855,0.0.4138717@1786410880.041051161
0.0.1054756,4930.172840414592,SUCCESS,0.0.731861,0.0.3964855,0.0.4138717@1786410878.668505688
0.0.1228872,2.660903675277646,SUCCESS,0.0.731861,0.0.3964855,0.0.4138717@1786410882.801795448
0.0.1008009,40.82322740885873,SUCCESS,0.0.731861,0.0.3964855&0.0.4601632&0.0.5328590,0.0.4138717@1786410879.915009441
0.0.509141,79.0722134749882,SUCCESS,0.0.731861,0.0.3964860,0.0.4138717@1786410884.066606136
0.0.1509692,2575.560592547063,SUCCESS,0.0.731861,0.0.3964860,0.0.4138717@1786410882.983713072
0.0.5734968,109.6099712721793,SUCCESS,0.0.731861,0.0.3964860,0.0.4138717@1786410882.535960292
0.0.4614528,381.5945987537218,SUCCESS,0.0.731861,0.0.3964860&0.0.5328590,0.0.4138717@1786410884.668477706
0.0.10164768,9423.149017601694,SUCCESS,0.0.731861,0.0.3964860,0.0.4138717@1786410885.502065255
0.0.868627,3837.818243170177,SUCCESS,0.0.731861,0.0.3964860,0.0.4138717@1786410883.248048466
0.0.8257213,65.84483055947624,SUCCESS,0.0.731861,0.0.3964860,0.0.4138717@1786410885.972303547
0.0.9144335,54.71553596141233,SUCCESS,0.0.731861,0.0.3964860,0.0.4138717@1786410886.846578742
0.0.2288443,206.572722673121,SUCCESS,0.0.731861,0.0.4129330&0.0.5328590,0.0.4138717@1786410888.565042140
0.0.4606843,0.04545131714203578,SUCCESS,0.0.731861,0.0.4129330&0.0.4601632,0.0.4138717@1786410884.736498873
0.0.795325,0.09769191287513418,SUCCESS,0.0.731861,0.0.4129330,0.0.4138717@1786410886.334523410
0.0.4718583,0.001473952735256645,SUCCESS,0.0.731861,0.0.4129330,0.0.4138717@1786410889.518336104
0.0.261557,0.36375367964387,SUCCESS,0.0.731861,0.0.4129330,0.0.4138717@1786410889.514862804
0.0.2960424,0.07141990260180087,SUCCESS,0.0.731861,0.0.4129330,0.0.4138717@1786410889.175538759
0.0.702183,3311.553843474141,SUCCESS,0.0.731861,0.0.4129330,0.0.4138717@1786410887.716281748
0.0.8410631,0.5531719054835071,SUCCESS,0.0.731861,0.0.4129330&0.0.4601632,0.0.4138717@1786410887.105887093
0.0.5060063,223.95861882836,SUCCESS,0.0.731861,0.0.4129330&0.0.4601632&0.0.5328590,0.0.4138717@1786410889.928502683
0.0.839840,31.78851925058857,SUCCESS,0.0.731861,0.0.4129330&0.0.4601632&0.0.5328590,0.0.4138717@1786410891.558563719
0.0.4754452,0.4808803503964624,SUCCESS,0.0.731861,0.0.4129330,0.0.4138717@1786410891.652122842
0.0.4625345,12.43724840974708,SUCCESS,0.0.731861,0.0.4129330,0.0.4138717@1786410892.905755626
0.0.3293439,8.545438681940702,SUCCESS,0.0.731861,0.0.4129330,0.0.4138717@1786410890.626338901
0.0.856304,0.02388079438854536,SUCCESS,0.0.731861,0.0.4129330,0.0.4138717@1786410892.653544962
0.0.972955,1.590002552340412e-8,SUCCESS,0.0.731861,0.0.4129330,0.0.4138717@1786410894.087877468
0.0.842464,0.3452756838877112,SUCCESS,0.0.731861,0.0.4129330,0.0.4138717@1786410890.960511686
0.0.1872630,122.8079472028093,SUCCESS,0.0.731861,0.0.4601632,0.0.4138717@1786410892.050621936
0.0.1287040,17.66228851141174,SUCCESS,0.0.731861,0.0.4601632,0.0.4138717@1786410893.767209328
0.0.6049415,0.0007652370078782548,SUCCESS,0.0.731861,0.0.4601632,0.0.4138717@1786410896.370025743
0.0.4559156,0.209427035539314,SUCCESS,0.0.731861,0.0.4601632,0.0.4138717@1786410897.045083339
0.0.851606,0.001953845074896782,SUCCESS,0.0.731861,0.0.4601632,0.0.4138717@1786410894.724291715
0.0.4797402,0.006652985496412839,SUCCESS,0.0.731861,0.0.4601632,0.0.4138717@1786410894.058623929
0.0.3158284,10.31635521884029,SUCCESS,0.0.731861,0.0.4601632,0.0.4138717@1786410898.347483942
0.0.3161895,2.486667651212355,SUCCESS,0.0.731861,0.0.4601632,0.0.4138717@1786410894.774902791
0.0.731707,0.4706890072673896,SUCCESS,0.0.731861,0.0.4601632,0.0.4138717@1786410897.147409726
0.0.1518521,2.679249037179845,SUCCESS,0.0.731861,0.0.4601632,0.0.4138717@1786410896.480670904
0.0.1074067,52.80885739094918,SUCCESS,0.0.731861,0.0.4601632,0.0.4138717@1786410896.872699630
0.0.2114355,0.0006107120801668488,SUCCESS,0.0.731861,0.0.4601632,0.0.4138717@1786410896.224355587
0.0.4414004,457.8480307282387,NOT_ASSOCIATED,0.0.731861,0.0.4601632,
0.0.1860200,0.02071082442879216,SUCCESS,0.0.731861,0.0.4601632,0.0.4138717@1786410898.616662784
0.0.3705687,0.004351718616096655,SUCCESS,0.0.731861,0.0.4601632,0.0.4138717@1786410900.156361470
0.0.227955,1.071743805989545,SUCCESS,0.0.731861,0.0.4601632&0.0.8315114,0.0.4138717@1786410902.252347024
0.0.7288906,31.53344505999647,NOT_ASSOCIATED,0.0.731861,0.0.4601632,
0.0.877043,63.64208072102242,SUCCESS,0.0.731861,0.0.4601632,0.0.4138717@1786410898.260365415
0.0.860846,0.0295763200260316,SUCCESS,0.0.731861,0.0.4601632,0.0.4138717@1786410898.630570943
0.0.853115,0.1412513718403522,SUCCESS,0.0.731861,0.0.4601632,0.0.4138717@1786410899.725936866
0.0.3828466,81.97892306579037,SUCCESS,0.0.731861,0.0.4601632,0.0.4138717@1786410900.324761641
0.0.1997076,574.1762930039569,SUCCESS,0.0.731861,0.0.4601632,0.0.4138717@1786410902.398802824
0.0.3288713,1.750092976975701,SUCCESS,0.0.731861,0.0.4601632,0.0.4138717@1786410903.412110867
0.0.912306,3.182420157088536,SUCCESS,0.0.731861,0.0.4601632,0.0.4138717@1786410901.324686953
0.0.4403472,1.239540684186089,SUCCESS,0.0.731861,0.0.4601632,0.0.4138717@1786410904.339022575
0.0.1186570,53.15927604947323,SUCCESS,0.0.731861,0.0.4601632,0.0.4138717@1786410903.780629966
0.0.1060925,8.02629980309344,SUCCESS,0.0.731861,0.0.4601632,0.0.4138717@1786410905.109002935
0.0.837339,23.86177267038604,SUCCESS,0.0.731861,0.0.4601632,0.0.4138717@1786410902.286078307
0.0.660703,46.32117338941604,SUCCESS,0.0.731861,0.0.4601632,0.0.4138717@1786410905.982143195
0.0.704807,52.88565766125945,SUCCESS,0.0.731861,0.0.4601632,0.0.4138717@1786410906.795975266
0.0.175313,3.026671542319178,SUCCESS,0.0.731861,0.0.4601632,0.0.4138717@1786410906.201886263
0.0.707819,9.656661047406216,SUCCESS,0.0.731861,0.0.4601632,0.0.4138717@1786410907.328093717
0.0.2999419,0.2012124252140734,SUCCESS,0.0.731861,0.0.4601632,0.0.4138717@1786410905.573581379
0.0.5002435,4.303506490937302,SUCCESS,0.0.731861,0.0.4601632,0.0.4138717@1786410905.924939567
0.0.816727,32.02410175293152,SUCCESS,0.0.731861,0.0.4601632,0.0.4138717@1786410908.674100745
0.0.7684662,288.6553906208961,SUCCESS,0.0.731861,0.0.4601632&0.0.5328590,0.0.4138717@1786410909.129344912
0.0.5255642,0.8842503654756104,SUCCESS,0.0.731861,0.0.4601632,0.0.4138717@1786410905.990349308
0.0.5972520,22.78192523328003,SUCCESS,0.0.731861,0.0.4601632,0.0.4138717@1786410908.510682975
0.0.1460111,0.7766115044593965,SUCCESS,0.0.731861,0.0.4601632,0.0.4138717@1786410910.245723281
0.0.1405765,43.17843899538406,SUCCESS,0.0.731861,0.0.4601632,0.0.4138717@1786410909.603317510
0.0.4730774,112.6087737157193,SUCCESS,0.0.731861,0.0.4601632,0.0.4138717@1786410906.740155619
0.0.1337729,25.40438464786877,SUCCESS,0.0.731861,0.0.4601632,0.0.4138717@1786410911.407092604
0.0.6463609,0.5707226411796944,NOT_ASSOCIATED,0.0.731861,0.0.4601632,
0.0.8431266,10.16913897819013,SUCCESS,0.0.731861,0.0.4601632,0.0.4138717@1786410909.238192692
0.0.3917694,135.53441485012,SUCCESS,0.0.731861,0.0.4601632,0.0.4138717@1786410909.819219347
0.0.7480837,114.5106230559478,SUCCESS,0.0.731861,0.0.4601632,0.0.4138717@1786410911.977684609
0.0.3870061,454.0958711307293,SUCCESS,0.0.731861,0.0.4601632,0.0.4138717@1786410911.888942788
0.0.7778674,372.4013820322231,SUCCESS,0.0.731861,0.0.4601632&0.0.5328590,0.0.4138717@1786410913.042922234
0.0.1075845,20.88561041782123,SUCCESS,0.0.731861,0.0.4601632,0.0.4138717@1786410910.887753163
0.0.10031144,6.643379817284695,NOT_ASSOCIATED,0.0.731861,0.0.4601632,
0.0.10031150,0.7680560345020645,NOT_ASSOCIATED,0.0.731861,0.0.4601632,
0.0.8847936,18.6244508095429,SUCCESS,0.0.731861,0.0.4601632,0.0.4138717@1786410912.066101716
0.0.5500943,144.7807064023056,SUCCESS,0.0.731861,0.0.4601632&0.0.6071041,0.0.4138717@1786410911.218261260
0.0.1020586,207.3833908003656,SUCCESS,0.0.731861,0.0.4601632&0.0.5328590,0.0.4138717@1786410913.799099282
0.0.864984,243.7390411145924,SUCCESS,0.0.731861,0.0.4601632,0.0.4138717@1786410913.165628999
0.0.3273852,103.1451883330782,SUCCESS,0.0.731861,0.0.4601632,0.0.4138717@1786410914.034392485
0.0.4154591,1173.371659604462,SUCCESS,0.0.731861,0.0.4601632&0.0.5328590,0.0.4138717@1786410911.156417377
0.0.821010,61.99588949775222,SUCCESS,0.0.731861,0.0.4601632,0.0.4138717@1786410915.425059627
0.0.7482624,24.11776903467321,NOT_ASSOCIATED,0.0.731861,0.0.4601632,
0.0.4753601,5.830575427621859,SUCCESS,0.0.731861,0.0.4601632,0.0.4138717@1786410914.684061626
0.0.3932850,369.2401190166992,SUCCESS,0.0.731861,0.0.4601632,0.0.4138717@1786410916.026669901
0.0.9386020,6590.24152855053,SUCCESS,0.0.731861,0.0.4601632,0.0.4138717@1786410918.812859518
0.0.1111312,51.78218139520872,SUCCESS,0.0.731861,0.0.4601632,0.0.4138717@1786410917.024425713
0.0.4367704,0.002517803254000941,SUCCESS,0.0.731861,0.0.4601632,0.0.4138717@1786410917.223613031
0.0.10045691,211.1830106698963,SUCCESS,0.0.731861,0.0.4601632,0.0.4138717@1786410915.765814680
0.0.8831938,52.61350441262216,SUCCESS,0.0.731861,0.0.4601632,0.0.4138717@1786410916.123736855
0.0.9745450,106.6310548116311,SUCCESS,0.0.731861,0.0.4601632,0.0.4138717@1786410918.822858304
0.0.9210897,61.62728574899722,SUCCESS,0.0.731861,0.0.4601632,0.0.4138717@1786410917.832550560
0.0.1217090,2906.811783362809,SUCCESS,0.0.731861,0.0.4601632,0.0.4138717@1786410917.645003540
0.0.9214238,44.38924387289971,SUCCESS,0.0.731861,0.0.5328590,0.0.4138717@1786410918.987013226
0.0.7734907,24.00978370927533,SUCCESS,0.0.731861,0.0.5328590,0.0.4138717@1786410920.928335549
0.0.4362583,0.08099184421070167,SUCCESS,0.0.731861,0.0.5328590,0.0.4138717@1786410922.990589445
0.0.7800894,272.2680428378412,SUCCESS,0.0.731861,0.0.5328590,0.0.4138717@1786410920.885395990
0.0.10031113,12664.92727897092,NOT_ASSOCIATED,0.0.731861,0.0.5328590,
0.0.10031110,21904.64499995415,NOT_ASSOCIATED,0.0.731861,0.0.5328590,
0.0.4971932,3.364565773544053,SUCCESS,0.0.731861,0.0.5328590,0.0.4138717@1786410921.376076804
0.0.9588454,13.03407108149926,SUCCESS,0.0.731861,0.0.5328590,0.0.4138717@1786410920.580757415
0.0.806166,109.2279360823264,SUCCESS,0.0.731861,0.0.5328590,0.0.4138717@1786410925.313206207
0.0.8113026,1.460113885952578,SUCCESS,0.0.731861,0.0.5328590,0.0.4138717@1786410922.741237190
0.0.9885066,19.90927755415546,SUCCESS,0.0.731861,0.0.5328590,0.0.4138717@1786410922.636169299
0.0.8267927,29.12524196539208,SUCCESS,0.0.731861,0.0.5328590,0.0.4138717@1786410924.202860719
0.0.8198184,216.5040732352012,SUCCESS,0.0.731861,0.0.5328590,0.0.4138717@1786410922.556787598
0.0.9802061,38.6861618345356,SUCCESS,0.0.731861,0.0.5328590&0.0.6071119,0.0.4138717@1786410925.328007367
0.0.2174129,260.5695045423132,SUCCESS,0.0.731861,0.0.5328590,0.0.4138717@1786410926.576182861
0.0.9168105,257.8272628599278,SUCCESS,0.0.731861,0.0.5328590,0.0.4138717@1786410925.123641990
0.0.4742691,0.005639922807113217,SUCCESS,0.0.731861,0.0.5328590,0.0.4138717@1786410925.008527386
0.0.5769518,216.4633704289052,SUCCESS,0.0.731861,0.0.5328590,0.0.4138717@1786410929.228694315
0.0.4345750,4.050302271085237,SUCCESS,0.0.731861,0.0.5328590,0.0.4138717@1786410928.091821594
0.0.4753969,11.34459042587686,SUCCESS,0.0.731861,0.0.5328590,0.0.4138717@1786410926.502019489
0.0.10801067,0.01545565160042236,NOT_ASSOCIATED,0.0.731861,0.0.5328590,
0.0.10235120,55.98116311360964,SUCCESS,0.0.731861,0.0.5328590,0.0.4138717@1786410926.472041889
0.0.4358351,13.05849567276075,SUCCESS,0.0.731861,0.0.5328590,0.0.4138717@1786410925.706728141
0.0.10480785,851.8063409178219,SUCCESS,0.0.731861,0.0.5328590,0.0.4138717@1786410930.258711748
0.0.4877479,1.72100402123629,SUCCESS,0.0.731861,0.0.5328590,0.0.4138717@1786410930.343892108
0.0.10801057,0.02099972634639884,NOT_ASSOCIATED,0.0.731861,0.0.5328590,
0.0.3012905,1.652902919223319,SUCCESS,0.0.731861,0.0.5328590,0.0.4138717@1786410929.937265188
0.0.10421961,5.440640468906876,SUCCESS,0.0.731861,0.0.5328590,0.0.4138717@1786410931.285684942
0.0.4361068,6.970699619511177,SUCCESS,0.0.731861,0.0.5328590,0.0.4138717@1786410929.667283347
0.0.1212407,14.89229045204372,SUCCESS,0.0.731861,0.0.5328590,0.0.4138717@1786410929.569354177
0.0.7562963,359.6757403471041,SUCCESS,0.0.731861,0.0.5328590,0.0.4138717@1786410933.380575417
0.0.4362489,130.6258709584397,SUCCESS,0.0.731861,0.0.5328590,0.0.4138717@1786410933.119165036
0.0.7171484,1.166572681477693,SUCCESS,0.0.731861,0.0.5328590,0.0.4138717@1786410929.628097887
0.0.8551680,1043.311385715665,SUCCESS,0.0.731861,0.0.5328590,0.0.4138717@1786410933.417941283
0.0.7326025,0.5690250156581023,SUCCESS,0.0.731861,0.0.5328590&0.0.6071119,0.0.4138717@1786410934.012412968
0.0.6157135,1070.068897049192,SUCCESS,0.0.731861,0.0.5328590,0.0.4138717@1786410931.842293120
0.0.6003880,46.32994840269179,SUCCESS,0.0.731861,0.0.5328590,0.0.4138717@1786410934.397327279
0.0.696926,33.0594351705101,SUCCESS,0.0.731861,0.0.5328590,0.0.4138717@1786410935.573880359
0.0.4839415,2.58371626482968,SUCCESS,0.0.731861,0.0.5328590,0.0.4138717@1786410935.479836151
0.0.4337803,22.91799114497687,SUCCESS,0.0.731861,0.0.5328590,0.0.4138717@1786410933.098136076
0.0.1444388,11.98349463091181,SUCCESS,0.0.731861,0.0.5328590,0.0.4138717@1786410936.934115039
0.0.4348988,1.12042877584726,SUCCESS,0.0.731861,0.0.5328590,0.0.4138717@1786410937.833293124
0.0.7523706,457.9478148818524,NOT_ASSOCIATED,0.0.731861,0.0.5328590,
0.0.1422243,1330.813516079756,SUCCESS,0.0.731861,0.0.5328590,0.0.4138717@1786410936.301574916
0.0.4320148,0.05131325236986153,SUCCESS,0.0.731861,0.0.5328590&0.0.10092996&0.0.10093026,0.0.4138717@1786410934.716542877
0.0.9093010,0.3251153258208807,SUCCESS,0.0.731861,0.0.5328590,0.0.4138717@1786410936.328844021
0.0.8128261,0.01953217831545281,SUCCESS,0.0.731861,0.0.5328590,0.0.4138717@1786410935.135205133
0.0.638193,1925.047164321334,SUCCESS,0.0.731861,0.0.5328590,0.0.4138717@1786410935.113287999
0.0.1082181,923.268299945906,SUCCESS,0.0.731861,0.0.5328590,0.0.4138717@1786410938.080966099
0.0.1017499,1895.937764597224,SUCCESS,0.0.731861,0.0.5328590,0.0.4138717@1786410937.508612688
0.0.608244,20.56815697414655,SUCCESS,0.0.731861,0.0.5328590,0.0.4138717@1786410940.406877932
0.0.1120388,28.2548453049599,SUCCESS,0.0.731861,0.0.5328590,0.0.4138717@1786410937.805620955
0.0.712902,1281.34800830907,SUCCESS,0.0.731861,0.0.5328590,0.0.4138717@1786410937.788279405
0.0.1067361,241.5037385255663,SUCCESS,0.0.731861,0.0.5328590,0.0.4138717@1786410942.514499912
0.0.9320918,28.43636933673627,SUCCESS,0.0.731861,0.0.5328590,0.0.4138717@1786410938.878416227
0.0.1281501,44.71375707633603,SUCCESS,0.0.731861,0.0.5328590,0.0.4138717@1786410941.410895525
0.0.8499794,109.8301437448022,SUCCESS,0.0.731861,0.0.5328590,0.0.4138717@1786410942.701001598
0.0.5151429,2.605250329229801,SUCCESS,0.0.731861,0.0.5328590,0.0.4138717@1786410940.861932761
0.0.701191,5.928761028160722,SUCCESS,0.0.731861,0.0.5328590,0.0.4138717@1786410940.759692280
0.0.787993,379.6154163036091,SUCCESS,0.0.731861,0.0.5328590,0.0.4138717@1786410941.046332879
0.0.540025,6.694906883005763,SUCCESS,0.0.731861,0.0.5328590,0.0.4138717@1786410945.567649445
0.0.4364713,237.6142697362824,SUCCESS,0.0.731861,0.0.5328590,0.0.4138717@1786410945.004471282
0.0.599260,3.156999836821762,SUCCESS,0.0.731861,0.0.5328590,0.0.4138717@1786410942.812489668
0.0.4356483,181.1860621931067,SUCCESS,0.0.731861,0.0.5328590,0.0.4138717@1786410943.087292066
0.0.9364499,1.105235798318972,SUCCESS,0.0.731861,0.0.5328590,0.0.4138717@1786410942.678709383
0.0.822616,472.4884847440233,SUCCESS,0.0.731861,0.0.5328590,0.0.4138717@1786410942.145715882
0.0.5052897,4.092835367377579,SUCCESS,0.0.731861,0.0.5328590,0.0.4138717@1786410944.437963162
0.0.5702106,1.137130901489606,SUCCESS,0.0.731861,0.0.5328590,0.0.4138717@1786410945.567264450
0.0.818068,101.9490891123432,SUCCESS,0.0.731861,0.0.5328590,0.0.4138717@1786410946.939050795
0.0.7731260,3.907104889115469,SUCCESS,0.0.731861,0.0.5328590,0.0.4138717@1786410946.365151388
0.0.9641103,44.53137798560282,SUCCESS,0.0.731861,0.0.5328590&0.0.6071119,0.0.4138717@1786410949.421070643
0.0.946745,742.5604088180082,SUCCESS,0.0.731861,0.0.5328590,0.0.4138717@1786410949.668518136
0.0.1009100,0.01890853967651875,NOT_ASSOCIATED,0.0.731861,0.0.5328590,
0.0.3092477,19.036473578305,SUCCESS,0.0.731861,0.0.5328590,0.0.4138717@1786410948.012543427
0.0.9151827,0.01029987017383097,NOT_ASSOCIATED,0.0.731861,0.0.5328590,
0.0.9214791,9.744785553742837,SUCCESS,0.0.731861,0.0.5328590,0.0.4138717@1786410950.583405964
0.0.4358401,1.711676635576528,SUCCESS,0.0.731861,0.0.5328590,0.0.4138717@1786410949.916576122
0.0.1105713,66.49700397426572,SUCCESS,0.0.731861,0.0.5328590,0.0.4138717@1786410949.862219334
0.0.9401455,15.49277015742286,SUCCESS,0.0.731861,0.0.5328590,0.0.4138717@1786410948.558773439
0.0.10091451,115.2838345504342,SUCCESS,0.0.731861,0.0.5328590,0.0.4138717@1786410948.340496190
0.0.1002430,4733.838344121658,SUCCESS,0.0.731861,0.0.5328590,0.0.4138717@1786410950.472911505
0.0.4362264,0.7384992484576256,NOT_ASSOCIATED,0.0.731861,0.0.5328590,
0.0.793409,5244.393455413429,SUCCESS,0.0.731861,0.0.5328590,0.0.4138717@1786410950.048150608
0.0.2319846,188.036251843005,SUCCESS,0.0.731861,0.0.5328590,0.0.4138717@1786410954.503607482
0.0.52671,414.2108743102766,SUCCESS,0.0.731861,0.0.5328590,0.0.4138717@1786410950.677044371
0.0.10375094,69.71035909788763,NOT_ASSOCIATED,0.0.731861,0.0.5328590,
0.0.1404223,0.1364507386152817,SUCCESS,0.0.731861,0.0.5328590&0.0.6071041,0.0.4138717@1786410950.875049474
0.0.10047974,24.40521098891848,SUCCESS,0.0.731861,0.0.5328590,0.0.4138717@1786410954.324754886
0.0.10010228,629.261218458576,SUCCESS,0.0.731861,0.0.5328590,0.0.4138717@1786410951.203052775
0.0.1027780,1693.680597047605,SUCCESS,0.0.731861,0.0.5328590,0.0.4138717@1786410956.060180631
0.0.4587141,5.234710774257206,SUCCESS,0.0.731861,0.0.5328590,0.0.4138717@1786410952.655806445
0.0.1251063,140.4315446197805,SUCCESS,0.0.731861,0.0.5328590,0.0.4138717@1786410955.804142975
0.0.8426856,7.982553480954146,SUCCESS,0.0.731861,0.0.5328590,0.0.4138717@1786410956.783874628
0.0.1324089,2.328247809179946,SUCCESS,0.0.731861,0.0.5328590&0.0.6071041,0.0.4138717@1786410955.302461962
0.0.9237387,166.0274772319756,SUCCESS,0.0.731861,0.0.5328590,0.0.4138717@1786410957.812149523
0.0.9312249,15.45670245155235,SUCCESS,0.0.731861,0.0.5328590,0.0.4138717@1786410959.875474733
0.0.4352091,21.69344398331422,SUCCESS,0.0.731861,0.0.5328590,0.0.4138717@1786410958.939532894
0.0.3868695,142.0267564326636,SUCCESS,0.0.731861,0.0.5328590,0.0.4138717@1786410958.014894060
0.0.9276478,0.08441534081794015,SUCCESS,0.0.731861,0.0.5328590,0.0.4138717@1786410960.225940755
0.0.1462131,0.01452642770607804,SUCCESS,0.0.731861,0.0.6071041,0.0.4138717@1786410960.169247889
0.0.896352,1.808858668645948,SUCCESS,0.0.731861,0.0.6071041,0.0.4138717@1786410957.979864841
0.0.2328171,3748.820680101518,NOT_ASSOCIATED,0.0.731861,0.0.6071041,
0.0.10031184,916.2001778102548,NOT_ASSOCIATED,0.0.731861,0.0.6071119,
0.0.833139,8.065834819443198,SUCCESS,0.0.731861,0.0.6071119,0.0.4138717@1786410959.331756872
0.0.9119461,0.001354031748654772,SUCCESS,0.0.731861,0.0.6071119&0.0.8315114,0.0.4138717@1786410959.868753786
0.0.6892983,571.6801834273161,SUCCESS,0.0.731861,0.0.6071119,0.0.4138717@1786410959.832787679
0.0.2137399,11.18325361410599,SUCCESS,0.0.731861,0.0.6071119,0.0.4138717@1786410962.305551028
0.0.4041275,355.123207703085,SUCCESS,0.0.731861,0.0.6071119,0.0.4138717@1786410960.416654686
0.0.2174967,79.50798550660107,SUCCESS,0.0.731861,0.0.6071119,0.0.4138717@1786410964.502919640
0.0.10031183,49.82629211253707,NOT_ASSOCIATED,0.0.731861,0.0.6071119,
0.0.2020001,0.03030954986999122,SUCCESS,0.0.731861,0.0.6071119,0.0.4138717@1786410960.290220465
0.0.5740497,1587.92459117955,SUCCESS,0.0.731861,0.0.6071119,0.0.4138717@1786410965.058665189
0.0.5729027,8.00684193923539,SUCCESS,0.0.731861,0.0.6071119,0.0.4138717@1786410962.476166945
0.0.1700952,646.9339800384867,SUCCESS,0.0.731861,0.0.6071119,0.0.4138717@1786410965.076806796
0.0.9824949,3163.956460387672,SUCCESS,0.0.731861,0.0.6071911,0.0.4138717@1786410962.672574021
0.0.3704330,3123.612606366453,SUCCESS,0.0.731861,0.0.6071911,0.0.4138717@1786410964.573027035
0.0.2997555,0.06635031785583105,SUCCESS,0.0.731861,0.0.6078459,0.0.4138717@1786410963.656719425
0.0.6082528,3272.345082562264,SUCCESS,0.0.731861,0.0.6078459,0.0.4138717@1786410969.385089222
0.0.7200098,70.07892400940126,SUCCESS,0.0.731861,0.0.6078459,0.0.4138717@1786410967.070470799
0.0.7857493,4947.630640468811,NOT_ASSOCIATED,0.0.731861,0.0.6078459,
0.0.9471068,177.4065378104212,SUCCESS,0.0.731861,0.0.6078473,0.0.4138717@1786410966.938232371
0.0.8208716,7972.19242740244,SUCCESS,0.0.731861,0.0.6078473,0.0.4138717@1786410969.058566814
0.0.972940,0.01628531800102265,SUCCESS,0.0.731861,0.0.6126395,0.0.4138717@1786410967.408609159
0.0.4987474,0.00005212439672112326,SUCCESS,0.0.731861,0.0.6126395,0.0.4138717@1786410966.151555411
0.0.10801051,0.005283507965617362,NOT_ASSOCIATED,0.0.731861,0.0.8315114,
0.0.10267182,0.1335704643611459,NOT_ASSOCIATED,0.0.731861,0.0.8315114,
0.0.8085924,1.970654032390597,SUCCESS,0.0.731861,0.0.8315114,0.0.4138717@1786410966.409704685
0.0.8192889,156.7460712703153,SUCCESS,0.0.731861,0.0.8315114,0.0.4138717@1786410967.284887327
0.0.8712714,1.083178780089618,SUCCESS,0.0.731861,0.0.8315114,0.0.4138717@1786410967.226801074
0.0.8326917,1.589490947002119,NOT_ASSOCIATED,0.0.731861,0.0.8315114,
0.0.9695763,2225.112484943823,SUCCESS,0.0.731861,0.0.8315114,0.0.4138717@1786410973.610235587
0.0.4544022,114.9882300612918,NOT_ASSOCIATED,0.0.731861,0.0.8315114,
0.0.5679713,0.03759902200204884,SUCCESS,0.0.731861,0.0.8315114,0.0.4138717@1786410970.751702824
0.0.4340961,0.004286278810087574,SUCCESS,0.0.731861,0.0.8315114,0.0.4138717@1786410972.633958553
0.0.3311267,0.002807333022427639,NOT_ASSOCIATED,0.0.731861,0.0.8315114,
0.0.7688939,0.03352274791752913,SUCCESS,0.0.731861,0.0.8315114,0.0.4138717@1786410971.839702647
0.0.10267181,0.7168760265479712,NOT_ASSOCIATED,0.0.731861,0.0.8315114,
0.0.10432879,0.01004294076840965,SUCCESS,0.0.731861,0.0.8315114,0.0.4138717@1786410974.378495957
0.0.10031155,0.4388914517904022,NOT_ASSOCIATED,0.0.731861,0.0.8315114,
0.0.10031160,217.0627249975813,NOT_ASSOCIATED,0.0.731861,0.0.8315114,
0.0.1033719,6.574639545555563,SUCCESS,0.0.731861,0.0.8315114,0.0.4138717@1786410974.784447865
0.0.316403,189390.7329586217,SUCCESS,0.0.731861,0.0.9774523&0.0.10018365&0.0.10092996&0.0.10093026,0.0.4138717@1786410973.247035094
0.0.10033160,0.000288288402268556,NOT_ASSOCIATED,0.0.731861,0.0.9774523,
0.0.10517260,2082.454116968365,SUCCESS,0.0.731861,0.0.9774523&0.0.10018365&0.0.10093026,0.0.4138717@1786410971.557339473
0.0.10120444,0.4493337725652213,NOT_ASSOCIATED,0.0.731861,0.0.10018365,
0.0.10120462,0.00001318766884616997,NOT_ASSOCIATED,0.0.731861,0.0.10092996,
0.0.10120460,73.71179136434218,NOT_ASSOCIATED,0.0.731861,0.0.10092996,
0.0.10120438,0.004985939199176546,NOT_ASSOCIATED,0.0.731861,0.0.10093026,
0.0.10120424,0.02436420056765411,NOT_ASSOCIATED,0.0.731861,0.0.10093026,
0.0.1085174,6.405356963784352,SUCCESS,0.0.731861,0.0.10387648,0.0.4138717@1786410976.232061137
0.0.10382204,861.0418254945291,SUCCESS,0.0.731861,0.0.10387648&0.0.10414792&0.0.10418141&0.0.10498271&0.0.10498274&0.0.10498278&0.0.10498280,0.0.4138717@1786410976.838358843
0.0.10449777,0.001324268890869763,NOT_ASSOCIATED,0.0.731861,0.0.10387648,
0.0.10454159,2.976971752138208e-8,NOT_ASSOCIATED,0.0.731861,0.0.10387648,
0.0.1483886,2263.837570269363,SUCCESS,0.0.731861,0.0.10418141,0.0.4138717@1786410974.220610739
0.0.4865794,188.3057882503316,SUCCESS,0.0.731861,0.0.10418141,0.0.4138717@1786410976.507450920
0.0.10573597,34767.58451654696,SUCCESS,0.0.731861,0.0.10498271&0.0.10498278&0.0.10498280,0.0.4138717@1786410973.230810032
0.0.10508396,2436.373975944907,SUCCESS,0.0.731861,0.0.10498271&0.0.10498274&0.0.10498278&0.0.10498280,0.0.4138717@1786410974.772943146
0.0.9679961,14.12862391906849,SUCCESS,0.0.731861,0.0.10498278,0.0.4138717@1786410977.252608680
0.0.10792873,171.8702616734004,SUCCESS,0.0.731861,0.0.10498280,0.0.4138717@1786410975.404034934