account,amount,state,token address,pool address,tx id
0.0.3829916,288.6640332397913,SUCCESS,0.0.731861,0.0.3951117,0.0.4138717@1791401616.762235823
0.0.9302147,8.624813112606478,SUCCESS,0.0.731861,0.0.3951117,0.0.4138717@1791401615.848095886
0.0.735239,0.0003060907793576141,SUCCESS,0.0.731861,0.0.3951117,0.0.4138717@1791401619.940857863
0.0.1340164,115.7790136107584,SUCCESS,0.0.731861,0.0.3951117,0.0.4138717@1791401618.975263144
0.0.1157855,1.266509320056323,SUCCESS,0.0.731861,0.0.3951117,0.0.4138717@1791401616.681878974
0.0.10031118,21.84878538470693,SUCCESS,0.0.731861,0.0.3951117,0.0.4138717@1791401619.769770836
0.0.10031117,3.949615871745802,SUCCESS,0.0.731861,0.0.3951117,0.0.4138717@1791401617.724908763
0.0.9723151,0.0128995343921486,SUCCESS,0.0.731861,0.0.3951117,0.0.4138717@1791401616.041037250
0.0.9958383,0.1948965228617047,SUCCESS,0.0.731861,0.0.3951117,0.0.4138717@1791401617.821144132
0.0.4570964,7.739863343135152,SUCCESS,0.0.731861,0.0.3951117,0.0.4138717@1791401616.390695438
0.0.9761018,1050.042689841013,SUCCESS,0.0.731861,0.0.3951117,0.0.4138717@1791401621.495287492
0.0.9755401,6.508265697460022,SUCCESS,0.0.731861,0.0.3951117&0.0.4601632,0.0.4138717@1791401621.037112042
0.0.9626972,0.8053412630162297,SUCCESS,0.0.731861,0.0.3951117,0.0.4138717@1791401618.989553145
0.0.7542917,0.6261571586454694,SUCCESS,0.0.731861,0.0.3951117,0.0.4138717@1791401620.206640759
0.0.1115297,1.513124408255817,SUCCESS,0.0.731861,0.0.3951117,0.0.4138717@1791401618.626883201
0.0.8585089,344.4582492918555,SUCCESS,0.0.731861,0.0.3951117,0.0.4138717@1791401617.572441794
0.0.650437,5.984033385734084,SUCCESS,0.0.731861,0.0.3951117&0.0.3961531&0.0.5328590,0.0.4138717@1791401619.538758800
0.0.1110198,48.91217265203992,SUCCESS,0.0.731861,0.0.3951117,0.0.4138717@1791401619.612460718
0.0.10169145,0.3623058713311895,SUCCESS,0.0.731861,0.0.3951117,0.0.4138717@1791401622.533535871
0.0.4559340,1.259004105823635,SUCCESS,0.0.731861,0.0.3951117,0.0.4138717@1791401618.886655093
0.0.1601282,0.8334363401030839,SUCCESS,0.0.731861,0.0.3951117,0.0.4138717@1791401623.012472348
0.0.7991960,5.719227288457831,SUCCESS,0.0.731861,0.0.3951117&0.0.3964804,0.0.4138717@1791401624.015711919
0.0.4302086,1.342292251534738,SUCCESS,0.0.731861,0.0.3951117,0.0.4138717@1791401621.943497543
0.0.598828,0.2327993342567169,SUCCESS,0.0.731861,0.0.3951117&0.0.3964804,0.0.4138717@1791401622.789533500
0.0.4864609,1.126580283111088,SUCCESS,0.0.731861,0.0.3951117,0.0.4138717@1791401620.881942435
0.0.1877739,3.414093643075797,SUCCESS,0.0.731861,0.0.3951117&0.0.3964827&0.0.4601632,0.0.4138717@1791401624.194912518
0.0.4347838,26.82015176942373,SUCCESS,0.0.731861,0.0.3951117,0.0.4138717@1791401623.982413023
0.0.7835270,61.70325157976031,SUCCESS,0.0.731861,0.0.3951117,0.0.4138717@1791401623.170542572
0.0.7843482,10.47225929098298,SUCCESS,0.0.731861,0.0.3951117&0.0.3964804,0.0.4138717@1791401620.954631392
0.0.7798148,29.74117064061689,SUCCESS,0.0.731861,0.0.3951117,0.0.4138717@1791401623.798024013
0.0.2125030,396.9929828377338,SUCCESS,0.0.731861,0.0.3951117&0.0.3961531,0.0.4138717@1791401624.350557129
0.0.1506598,19.26528011509754,SUCCESS,0.0.731861,0.0.3951117,0.0.4138717@1791401623.657626569
0.0.1023917,29.81000371516932,SUCCESS,0.0.731861,0.0.3951117&0.0.3964804&0.0.3964855&0.0.4601632&0.0.6071119,0.0.4138717@1791401625.799819733
0.0.1490591,140.8580045050959,SUCCESS,0.0.731861,0.0.3951117&0.0.3964790&0.0.3964804,0.0.4138717@1791401622.058943596
0.0.1110477,105.6084159575824,SUCCESS,0.0.731861,0.0.3951117,0.0.4138717@1791401626.094094843
0.0.4766933,192.8967674878537,SUCCESS,0.0.731861,0.0.3951117,0.0.4138717@1791401624.828683392
0.0.4551977,1.039076625947135,SUCCESS,0.0.731861,0.0.3951117,0.0.4138717@1791401624.444904569
0.0.1726157,39.05079140274699,SUCCESS,0.0.731861,0.0.3951117&0.0.3964804,0.0.4138717@1791401624.716303543
0.0.4229805,6.013446823617455,SUCCESS,0.0.731861,0.0.3951117,0.0.4138717@1791401626.365661287
0.0.5078033,21.7470088339835,SUCCESS,0.0.731861,0.0.3951117&0.0.4601632,0.0.4138717@1791401625.204505735
0.0.7479340,9.86153731662109,SUCCESS,0.0.731861,0.0.3951117&0.0.3964804,0.0.4138717@1791401625.760794601
0.0.2960169,7.117250353318876,SUCCESS,0.0.731861,0.0.3951117&0.0.3961531&0.0.3964827,0.0.4138717@1791401624.359275970
0.0.9120392,4.552588328341432,SUCCESS,0.0.731861,0.0.3951117&0.0.3964804&0.0.8315114,0.0.4138717@1791401624.637576771
0.0.3310398,1.447493318259881,SUCCESS,0.0.731861,0.0.3951117&0.0.3964804,0.0.4138717@1791401627.789882069
0.0.8899262,27.1837273304715,SUCCESS,0.0.731861,0.0.3951117,0.0.4138717@1791401626.967160441
0.0.7526203,9.445170829711309,SUCCESS,0.0.731861,0.0.3951117&0.0.3964804,0.0.4138717@1791401626.792865372
0.0.9150357,42.70685723977221,NOT_ASSOCIATED,0.0.731861,0.0.3951117,
0.0.7788937,0.3387893582769932,SUCCESS,0.0.731861,0.0.3951117&0.0.10018365,0.0.4138717@1791401625.942936907
0.0.9104463,65.95862693442234,SUCCESS,0.0.731861,0.0.3951117&0.0.3964804,0.0.4138717@1791401626.833920169
0.0.4531253,12.69276284416745,SUCCESS,0.0.731861,0.0.3951117&0.0.3961531&0.0.3964804&0.0.3964855&0.0.4129330&0.0.8315114,0.0.4138717@1791401625.706779957
0.0.2122027,32.46891760183284,SUCCESS,0.0.731861,0.0.3951117&0.0.3961531&0.0.3964804,0.0.4138717@1791401630.132809652
0.0.8531519,28.89403854128956,SUCCESS,0.0.731861,0.0.3951117,0.0.4138717@1791401628.481258368
0.0.1340928,283.9280061978974,SUCCESS,0.0.731861,0.0.3951117,0.0.4138717@1791401626.612954142
0.0.8616856,434.0252665456121,SUCCESS,0.0.731861,0.0.3951117&0.0.3961531&0.0.3964804&0.0.6071119,0.0.4138717@1791401629.717435127
0.0.1691323,197.1620767487204,SUCCESS,0.0.731861,0.0.3951117&0.0.3964804,0.0.4138717@1791401630.830140362
0.0.4342759,236.6536445084006,SUCCESS,0.0.731861,0.0.3951117,0.0.4138717@1791401626.701560139
0.0.4912200,792.6014212030553,SUCCESS,0.0.731861,0.0.3951117&0.0.3964804,0.0.4138717@1791401629.843327515
0.0.1379217,39.50744098576973,NOT_ASSOCIATED,0.0.731861,0.0.3951117,
0.0.6258771,31.66829647017528,SUCCESS,0.0.731861,0.0.3951117,0.0.4138717@1791401627.426094678
0.0.7889838,0.386258269182918,SUCCESS,0.0.731861,0.0.3951117,0.0.4138717@1791401629.964206297
0.0.8068689,339.1794459145249,SUCCESS,0.0.731861,0.0.3951117&0.0.3964804&0.0.3964827,0.0.4138717@1791401630.864693707
0.0.1991961,12.38437434930994,SUCCESS,0.0.731861,0.0.3951117&0.0.3964790&0.0.3964827&0.0.4601632&0.0.6071041,0.0.4138717@1791401632.270331262
0.0.856667,6.098165130257001,SUCCESS,0.0.731861,0.0.3951117&0.0.3964804,0.0.4138717@1791401628.276079469
0.0.4968045,32.52021249994031,SUCCESS,0.0.731861,0.0.3951117,0.0.4138717@1791401629.250239708
0.0.4432149,3.798559740567033,SUCCESS,0.0.731861,0.0.3951117,0.0.4138717@1791401632.255887094
0.0.4732964,1.422473539229761,SUCCESS,0.0.731861,0.0.3951117,0.0.4138717@1791401630.450855304
0.0.3969243,0.3988259413759855,SUCCESS,0.0.731861,0.0.3951117&0.0.4129330,0.0.4138717@1791401628.427612053
0.0.5975196,3.965813638527593,SUCCESS,0.0.731861,0.0.3951117&0.0.4601632,0.0.4138717@1791401630.587492352
0.0.4329852,398.2863060187931,SUCCESS,0.0.731861,0.0.3951117&0.0.3964804&0.0.3964827&0.0.3964855&0.0.4601632&0.0.5328590,0.0.4138717@1791401631.668133659
0.0.3681428,1138.563045376074,SUCCESS,0.0.731861,0.0.3951117&0.0.3964804,0.0.4138717@1791401631.924342007
0.0.4318411,62.86999025621706,SUCCESS,0.0.731861,0.0.3951117,0.0.4138717@1791401630.713044211
0.0.5976303,4.722495203103979,SUCCESS,0.0.731861,0.0.3951117&0.0.3964804,0.0.4138717@1791401631.876609081
0.0.4558891,45.93827955732645,SUCCESS,0.0.731861,0.0.3951117,0.0.4138717@1791401630.337357487
0.0.2930231,3.86672905115774,SUCCESS,0.0.731861,0.0.3951117&0.0.3964804,0.0.4138717@1791401634.047496895
0.0.1412123,3.62989099011916,NOT_ASSOCIATED,0.0.731861,0.0.3951117&0.0.3964804,
0.0.4322002,5.000053330124824,SUCCESS,0.0.731861,0.0.3951117,0.0.4138717@1791401631.026522208
0.0.4938729,17.31445616934221,SUCCESS,0.0.731861,0.0.3951117,0.0.4138717@1791401631.813067595
0.0.4817549,19.35943927112811,SUCCESS,0.0.731861,0.0.3951117&0.0.3964804,0.0.4138717@1791401634.941107592
0.0.4340758,6.219525137818725,SUCCESS,0.0.731861,0.0.3951117&0.0.3964804,0.0.4138717@1791401633.655151628
0.0.4695027,4.156794865720152,SUCCESS,0.0.731861,0.0.3951117,0.0.4138717@1791401632.981561503
0.0.525256,115.3223543930804,SUCCESS,0.0.731861,0.0.3951117,0.0.4138717@1791401635.704462476
0.0.4709377,146.4267141462637,SUCCESS,0.0.731861,0.0.3951117,0.0.4138717@1791401634.139147287
0.0.5716339,0.01714097070390208,SUCCESS,0.0.731861,0.0.3951117,0.0.4138717@1791401633.610284598
0.0.1322785,387.8377032899807,SUCCESS,0.0.731861,0.0.3951117,0.0.4138717@1791401635.893186863
0.0.4354394,43.86945468013902,SUCCESS,0.0.731861,0.0.3951117&0.0.3964790,0.0.4138717@1791401632.826004025
0.0.6244791,12.5922652026405,SUCCESS,0.0.731861,0.0.3951117,0.0.4138717@1791401635.429572116
0.0.7138336,0.1482388863586057,SUCCESS,0.0.731861,0.0.3951117&0.0.3961531,0.0.4138717@1791401635.467853274
0.0.7262531,0.07981946089688946,SUCCESS,0.0.731861,0.0.3951117&0.0.3964804,0.0.4138717@1791401637.966350904
0.0.6781119,1065.21019563525,SUCCESS,0.0.731861,0.0.3951117&0.0.3961531&0.0.3964804&0.0.3964827&0.0.3964860&0.0.4601632&0.0.5328590&0.0.6071119&0.0.8315114&0.0.10018365,0.0.4138717@1791401636.369878046
0.0.6026305,2.27527668643999,SUCCESS,0.0.731861,0.0.3951117,0.0.4138717@1791401634.160781304
0.0.4702708,17.23760772502573,SUCCESS,0.0.731861,0.0.3951117&0.0.3964827,0.0.4138717@1791401633.548827117
0.0.4345324,1.301893455248652,SUCCESS,0.0.731861,0.0.3951117,0.0.4138717@1791401634.384754346
0.0.874760,364.6744097001726,SUCCESS,0.0.731861,0.0.3951117&0.0.3964804&0.0.6078459,0.0.4138717@1791401635.985312235
0.0.6440477,5.016274641599812,SUCCESS,0.0.731861,0.0.3951117&0.0.3964804,0.0.4138717@1791401636.210143200
0.0.6289117,42.79510585831227,SUCCESS,0.0.731861,0.0.3951117&0.0.3964804&0.0.4601632&0.0.6071041,0.0.4138717@1791401634.884539005
0.0.6313910,1197.768899815637,SUCCESS,0.0.731861,0.0.3951117&0.0.3964804,0.0.4138717@1791401635.772798126
0.0.9195929,383.9534601617526,SUCCESS,0.0.731861,0.0.3951117&0.0.3964804&0.0.5328590&0.0.8315114,0.0.4138717@1791401635.217514719
0.0.850535,3224.285945301999,SUCCESS,0.0.731861,0.0.3951117&0.0.4129330&0.0.4601632&0.0.5328590,0.0.4138717@1791401637.154648018
0.0.5797983,1.319809241578936,SUCCESS,0.0.731861,0.0.3951117&0.0.3961531&0.0.3964804,0.0.4138717@1791401638.352087307
0.0.3242760,235.3613749936542,SUCCESS,0.0.731861,0.0.3951117&0.0.3961531&0.0.3964804,0.0.4138717@1791401637.245933936
0.0.4923080,1.665943795879105,SUCCESS,0.0.731861,0.0.3951117,0.0.4138717@1791401636.674743828
0.0.2968839,119.0294440622729,SUCCESS,0.0.731861,0.0.3951117&0.0.3964804&0.0.4601632,0.0.4138717@1791401640.216171618
0.0.4330219,2.166054952334786,SUCCESS,0.0.731861,0.0.3951117&0.0.3964790,0.0.4138717@1791401640.448428640
0.0.3071320,324.3198438902531,SUCCESS,0.0.731861,0.0.3951117,0.0.4138717@1791401638.962329205
0.0.4758169,6.258935936506338,SUCCESS,0.0.731861,0.0.3951117,0.0.4138717@1791401638.144905576
0.0.4775299,10.5071107829692,SUCCESS,0.0.731861,0.0.3951117,0.0.4138717@1791401639.433002716
0.0.4184733,1140.396858835624,SUCCESS,0.0.731861,0.0.3951117,0.0.4138717@1791401639.742245218
0.0.1292697,6.401208298057297,SUCCESS,0.0.731861,0.0.3951117&0.0.3961531,0.0.4138717@1791401638.479658140
0.0.3706536,0.03404354591249752,SUCCESS,0.0.731861,0.0.3951117,0.0.4138717@1791401640.085726550
0.0.7989790,0.01988765624542113,SUCCESS,0.0.731861,0.0.3951117,0.0.4138717@1791401639.670355732
0.0.1123889,0.5299602287028458,SUCCESS,0.0.731861,0.0.3951117&0.0.3964804,0.0.4138717@1791401641.720180245
0.0.7490874,1.781308837594811,SUCCESS,0.0.731861,0.0.3951117&0.0.3964804,0.0.4138717@1791401640.719947805
0.0.6270084,804.5128667330738,SUCCESS,0.0.731861,0.0.3951117&0.0.3964804,0.0.4138717@1791401640.353044530
0.0.5126364,62.16504951991653,SUCCESS,0.0.731861,0.0.3951117,0.0.4138717@1791401638.593695372
0.0.813134,14.1799630011475,SUCCESS,0.0.731861,0.0.3951117,0.0.4138717@1791401638.674299852
0.0.1380352,5.805012670747098,SUCCESS,0.0.731861,0.0.3951117,0.0.4138717@1791401641.682759091
0.0.7129552,203.2251679008423,SUCCESS,0.0.731861,0.0.3951117&0.0.6071119,0.0.4138717@1791401641.221444472
0.0.696790,22.73222009578896,SUCCESS,0.0.731861,0.0.3951117&0.0.3964804,0.0.4138717@1791401641.989804134
0.0.8068996,1.050043017359133,SUCCESS,0.0.731861,0.0.3951117&0.0.3964790&0.0.3964804&0.0.3964827&0.0.5328590,0.0.4138717@1791401643.636701382
0.0.1904506,0.002331348727876284,SUCCESS,0.0.731861,0.0.3951117,0.0.4138717@1791401643.586625156
0.0.1458130,0.1610849403027235,SUCCESS,0.0.731861,0.0.3951117,0.0.4138717@1791401642.386294560
0.0.5156210,0.03218954151828078,SUCCESS,0.0.731861,0.0.3951117&0.0.3964804,0.0.4138717@1791401642.241297238
0.0.5028724,0.02188179195990157,SUCCESS,0.0.731861,0.0.3951117,0.0.4138717@1791401640.240888551
0.0.4383878,1.570255969166041,SUCCESS,0.0.731861,0.0.3951117&0.0.6078459,0.0.4138717@1791401640.130165225
0.0.4430933,3.163499845214132,SUCCESS,0.0.731861,0.0.3951117,0.0.4138717@1791401642.049058781
0.0.834443,448.0911907573497,SUCCESS,0.0.731861,0.0.3951117,0.0.4138717@1791401643.772353685
0.0.4858736,0.1661718086985022,SUCCESS,0.0.731861,0.0.3951117,0.0.4138717@1791401644.005620021
0.0.664329,0.1748997326906764,SUCCESS,0.0.731861,0.0.3951117&0.0.6071119&0.0.6126395,0.0.4138717@1791401644.950224366
0.0.4792831,0.01265871782235081,SUCCESS,0.0.731861,0.0.3951117,0.0.4138717@1791401645.087173720
0.0.9125858,59883.40885877334,SUCCESS,0.0.731861,0.0.3951117&0.0.5328590&0.0.6071041&0.0.6071119&0.0.6126395&0.0.9774523&0.0.10018365&0.0.10092996,0.0.4138717@1791401642.239035324
0.0.832852,60.47919994762984,SUCCESS,0.0.731861,0.0.3951117,0.0.4138717@1791401643.687237595
0.0.9359586,0.1714032307700065,SUCCESS,0.0.731861,0.0.3951117,0.0.4138717@1791401644.379240406
0.0.4555391,5.867403895886968,SUCCESS,0.0.731861,0.0.3951117,0.0.4138717@1791401643.790344058
0.0.1758196,2.670787769783571,SUCCESS,0.0.731861,0.0.3951117,0.0.4138717@1791401646.166523008
0.0.850481,140.4724067810853,SUCCESS,0.0.731861,0.0.3951117,0.0.4138717@1791401644.565170007
0.0.1515633,5.564658548767429,SUCCESS,0.0.731861,0.0.3951117,0.0.4138717@1791401645.716705799
0.0.9273872,0.05046716676374322,SUCCESS,0.0.731861,0.0.3951117,0.0.4138717@1791401645.361011122
0.0.1120575,210.0910787811555,SUCCESS,0.0.731861,0.0.3951117&0.0.3964804,0.0.4138717@1791401645.351274165
0.0.7810768,4.532000519109124,SUCCESS,0.0.731861,0.0.3951117&0.0.3964827,0.0.4138717@1791401648.016684967
0.0.1368197,4.61340822689249,SUCCESS,0.0.731861,0.0.3951117&0.0.3964804,0.0.4138717@1791401648.818593884
0.0.4338219,11.81038023980698,SUCCESS,0.0.731861,0.0.3951117,0.0.4138717@1791401648.792013603
0.0.1707146,3.926647487978528,SUCCESS,0.0.731861,0.0.3951117,0.0.4138717@1791401646.248470811
0.0.9112426,1.741665790116798,SUCCESS,0.0.731861,0.0.3951117&0.0.3964804&0.0.3964860,0.0.4138717@1791401648.182578355
0.0.8684349,1677.473119806773,SUCCESS,0.0.731861,0.0.3951117,0.0.4138717@1791401648.791886653
0.0.8490555,6.241587847303271,SUCCESS,0.0.731861,0.0.3951117,0.0.4138717@1791401649.554940995
0.0.1374442,898.0276868034753,SUCCESS,0.0.731861,0.0.3951117&0.0.4601632&0.0.5328590,0.0.4138717@1791401646.578848926
0.0.8382774,1.337245602939764,SUCCESS,0.0.731861,0.0.3951117&0.0.3964804,0.0.4138717@1791401648.637005826
0.0.2137668,61.73031817527986,SUCCESS,0.0.731861,0.0.3951117&0.0.3964804,0.0.4138717@1791401648.033220775
0.0.8260017,0.2120906932513685,SUCCESS,0.0.731861,0.0.3951117&0.0.3964804,0.0.4138717@1791401648.805087495
0.0.8212757,6.804077673729738,SUCCESS,0.0.731861,0.0.3951117,0.0.4138717@1791401650.531756061
0.0.819005,27.94239835551836,SUCCESS,0.0.731861,0.0.3951117&0.0.5328590,0.0.4138717@1791401649.107568068
0.0.7680254,12.00944120072187,SUCCESS,0.0.731861,0.0.3951117&0.0.3961531&0.0.3964804,0.0.4138717@1791401649.360889898
0.0.7920605,45.39798847931188,SUCCESS,0.0.731861,0.0.3951117&0.0.3961531&0.0.3964790&0.0.5328590,0.0.4138717@1791401649.866687410
0.0.139500,175.4693620552234,SUCCESS,0.0.731861,0.0.3951117&0.0.3964790&0.0.3964860,0.0.4138717@1791401647.818377460
0.0.10088944,5.985952321564433,SUCCESS,0.0.731861,0.0.3951117&0.0.3964804,0.0.4138717@1791401647.865543563
0.0.6374996,161.934593008947,SUCCESS,0.0.731861,0.0.3951117&0.0.3964827&0.0.5328590,0.0.4138717@1791401647.731986962
0.0.10064213,6.660028703290513,SUCCESS,0.0.731861,0.0.3951117&0.0.3964804,0.0.4138717@1791401650.427193263
0.0.4349716,66.03925372009203,SUCCESS,0.0.731861,0.0.3951117&0.0.3964790&0.0.3964804&0.0.3964827&0.0.5328590&0.0.6078473,0.0.4138717@1791401649.275853968
0.0.8341357,1.438221756689087,SUCCESS,0.0.731861,0.0.3951117,0.0.4138717@1791401650.977327590
0.0.835242,0.1026942860027747,SUCCESS,0.0.731861,0.0.3951117,0.0.4138717@1791401649.564986059
0.0.4570908,738.7013747593712,SUCCESS,0.0.731861,0.0.3951117&0.0.5328590,0.0.4138717@1791401649.293958091
0.0.52231,43.33554152402378,SUCCESS,0.0.731861,0.0.3951117,0.0.4138717@1791401649.674642592
0.0.1123753,13.95887231114766,SUCCESS,0.0.731861,0.0.3951117&0.0.4129330,0.0.4138717@1791401650.464570469
0.0.9597272,10.1030942647263,SUCCESS,0.0.731861,0.0.3951117,0.0.4138717@1791401649.034758000
0.0.2994397,14.56327370098514,SUCCESS,0.0.731861,0.0.3951117,0.0.4138717@1791401651.439049443
0.0.9154738,0.5600440503708608,SUCCESS,0.0.731861,0.0.3951117&0.0.3964804&0.0.3964827&0.0.6071119,0.0.4138717@1791401649.648571143
0.0.9318600,1174.196336110758,SUCCESS,0.0.731861,0.0.3951117,0.0.4138717@1791401654.259984058
0.0.844585,85.6732596489557,SUCCESS,0.0.731861,0.0.3951117&0.0.3964804,0.0.4138717@1791401654.094653176
0.0.4351536,11.03001515431391,SUCCESS,0.0.731861,0.0.3951117,0.0.4138717@1791401651.568218021
0.0.9301583,221.0628325723077,SUCCESS,0.0.731861,0.0.3951117,0.0.4138717@1791401652.043154540
0.0.657648,623.1981487702666,SUCCESS,0.0.731861,0.0.3951117&0.0.3961531&0.0.3964790,0.0.4138717@1791401653.342219892
0.0.9200436,4.410948805860645,SUCCESS,0.0.731861,0.0.3951117&0.0.3961531,0.0.4138717@1791401654.307014511
0.0.7891604,86.32065661462485,SUCCESS,0.0.731861,0.0.3951117,0.0.4138717@1791401655.660707253
0.0.3872466,0.465248854391048,SUCCESS,0.0.731861,0.0.3951117,0.0.4138717@1791401654.345806436
0.0.4745055,0.02398834885286286,SUCCESS,0.0.731861,0.0.3951117,0.0.4138717@1791401656.062584097
0.0.1339713,51.53749495495879,SUCCESS,0.0.731861,0.0.3951117&0.0.3964804,0.0.4138717@1791401655.715062850
0.0.1784251,8.087638000953943,SUCCESS,0.0.731861,0.0.3951117&0.0.3964804&0.0.4601632&0.0.5328590&0.0.10414792&0.0.10498274,0.0.4138717@1791401657.354459718
0.0.4339712,1.311398721645269,SUCCESS,0.0.731861,0.0.3951117,0.0.4138717@1791401656.166657088
0.0.1512938,0.002764080219260652,SUCCESS,0.0.731861,0.0.3951117,0.0.4138717@1791401656.213190233
0.0.4331665,4.582992500924441,SUCCESS,0.0.731861,0.0.3951117,0.0.4138717@1791401655.980540119
0.0.4361868,101.2339733996879,SUCCESS,0.0.731861,0.0.3951117,0.0.4138717@1791401655.083265940
0.0.4433722,0.2624974167929329,SUCCESS,0.0.731861,0.0.3951117,0.0.4138717@1791401653.640227555
0.0.3925109,0.0001700495771907507,SUCCESS,0.0.731861,0.0.3951117,0.0.4138717@1791401653.741598496
0.0.4591423,1.949893847626385,SUCCESS,0.0.731861,0.0.3951117&0.0.3964855&0.0.4601632,0.0.4138717@1791401653.617376559
0.0.2174015,0.03187669148097366,SUCCESS,0.0.731861,0.0.3951117,0.0.4138717@1791401656.729367307
0.0.1508462,59.52663398104586,SUCCESS,0.0.731861,0.0.3951117,0.0.4138717@1791401656.451214319
0.0.4575306,0.01643647677493622,SUCCESS,0.0.731861,0.0.3951117,0.0.4138717@1791401657.249506328
0.0.516971,5.743375626692611e-7,SUCCESS,0.0.731861,0.0.3951117&0.0.3964804&0.0.5328590,0.0.4138717@1791401658.735964754
0.0.490092,0.493043493752015,SUCCESS,0.0.731861,0.0.3951117,0.0.4138717@1791401659.278084276
0.0.4569835,0.02526937535698162,SUCCESS,0.0.731861,0.0.3951117,0.0.4138717@1791401657.529986361
0.0.4423729,30.28624726946457,SUCCESS,0.0.731861,0.0.3951117,0.0.4138717@1791401658.812704054
0.0.1070346,270.2507001189762,SUCCESS,0.0.731861,0.0.3951117&0.0.3961531,0.0.4138717@1791401657.817292192
0.0.1792818,0.04387323531181862,SUCCESS,0.0.731861,0.0.3951117,0.0.4138717@1791401657.490719195
0.0.1462225,10116.18211295397,SUCCESS,0.0.731861,0.0.3951117,0.0.4138717@1791401657.669918186
0.0.3525426,68.45618338457656,SUCCESS,0.0.731861,0.0.3951117&0.0.3964790&0.0.3964804&0.0.3964860&0.0.4601632&0.0.5328590,0.0.4138717@1791401657.462865558
0.0.8013259,4746.702970281914,SUCCESS,0.0.731861,0.0.3951117,0.0.4138717@1791401660.746850009
0.0.1261552,3.439334153890699,SUCCESS,0.0.731861,0.0.3951117&0.0.3961531&0.0.3964790&0.0.3964804&0.0.3964860&0.0.4129330&0.0.6071119,0.0.4138717@1791401660.577124651
0.0.4205604,9.808289918282933,SUCCESS,0.0.731861,0.0.3951117,0.0.4138717@1791401661.221472053
0.0.639876,0.5674495460829692,SUCCESS,0.0.731861,0.0.3951117,0.0.4138717@1791401659.105780401
0.0.4329215,0.6462045463740803,SUCCESS,0.0.731861,0.0.3951117&0.0.3961531&0.0.3964804,0.0.4138717@1791401662.233360616
0.0.854331,0.377641959918946,SUCCESS,0.0.731861,0.0.3951117,0.0.4138717@1791401662.258906348
0.0.4239072,172.4984069664162,SUCCESS,0.0.731861,0.0.3951117,0.0.4138717@1791401661.719122171
0.0.4333286,4.497968599655702,SUCCESS,0.0.731861,0.0.3951117&0.0.3964827&0.0.3964860,0.0.4138717@1791401662.662057911
0.0.1453803,140.7599536430596,SUCCESS,0.0.731861,0.0.3951117&0.0.3964804&0.0.4601632&0.0.5328590&0.0.6071119,0.0.4138717@1791401661.085037063
0.0.4346579,0.02538816129582971,SUCCESS,0.0.731861,0.0.3951117,0.0.4138717@1791401661.723596260
0.0.508876,589.8837574704874,SUCCESS,0.0.731861,0.0.3951117&0.0.3964804,0.0.4138717@1791401660.053054138
0.0.1075892,2.435007006896269,SUCCESS,0.0.731861,0.0.3951117,0.0.4138717@1791401664.568913660
0.0.2174139,0.3866839987348488,SUCCESS,0.0.731861,0.0.3951117&0.0.3964804,0.0.4138717@1791401661.427123452
0.0.1185978,9.435795326992304,SUCCESS,0.0.731861,0.0.3951117,0.0.4138717@1791401664.544414488
0.0.4350041,2.615731636486188,SUCCESS,0.0.731861,0.0.3951117,0.0.4138717@1791401662.822954427
0.0.1910285,1.6892119482591,SUCCESS,0.0.731861,0.0.3951117,0.0.4138717@1791401661.547315506
0.0.1735540,22.61778457631655,SUCCESS,0.0.731861,0.0.3951117&0.0.5328590,0.0.4138717@1791401663.006840069
0.0.920901,319.2856446508044,SUCCESS,0.0.731861,0.0.3951117&0.0.3964790,0.0.4138717@1791401661.576064008
0.0.4349304,0.5588740019405752,SUCCESS,0.0.731861,0.0.3951117&0.0.3964790,0.0.4138717@1791401662.888199931
0.0.1338331,0.9081746871181415,SUCCESS,0.0.731861,0.0.3951117,0.0.4138717@1791401663.829753369
0.0.4322065,14.07017517915373,SUCCESS,0.0.731861,0.0.3951117,0.0.4138717@1791401664.674097280
0.0.104926,0.05446173327641343,SUCCESS,0.0.731861,0.0.3951117,0.0.4138717@1791401663.390679389
0.0.4348824,0.2429271587129258,SUCCESS,0.0.731861,0.0.3951117,0.0.4138717@1791401662.489908026
0.0.1724832,1.630589711093756,SUCCESS,0.0.731861,0.0.3951117,0.0.4138717@1791401663.833558114
0.0.10230141,36.60802245975396,SUCCESS,0.0.731861,0.0.3951117,0.0.4138717@1791401665.809777789
0.0.1265153,0.02987775755150589,SUCCESS,0.0.731861,0.0.3951117&0.0.3964827,0.0.4138717@1791401667.252019429
0.0.2773436,1073.934597148767,SUCCESS,0.0.731861,0.0.3951117&0.0.3964804,0.0.4138717@1791401663.440489925
0.0.834820,75.07827245689268,SUCCESS,0.0.731861,0.0.3951117&0.0.3964804,0.0.4138717@1791401663.537255550
0.0.2141800,74.00495708521382,SUCCESS,0.0.731861,0.0.3951117,0.0.4138717@1791401663.599673673
0.0.836838,52442.49039930938,SUCCESS,0.0.731861,0.0.3951117&0.0.3964860,0.0.4138717@1791401668.677411720
0.0.860438,9.364586911233888,SUCCESS,0.0.731861,0.0.3951117&0.0.3964804&0.0.6071119,0.0.4138717@1791401667.465632709
0.0.1290358,151.9240990497786,SUCCESS,0.0.731861,0.0.3951117,0.0.4138717@1791401666.299674091
0.0.3241044,24.99899383837356,SUCCESS,0.0.731861,0.0.3951117&0.0.3961531,0.0.4138717@1791401669.033215736
0.0.956549,383.5266921334179,SUCCESS,0.0.731861,0.0.3951117,0.0.4138717@1791401666.892331110
0.0.3845966,5.645004573458148,SUCCESS,0.0.731861,0.0.3951117&0.0.3961531&0.0.3964790&0.0.3964804&0.0.3964827&0.0.6078459,0.0.4138717@1791401668.006777954
0.0.8373509,64.22365377915689,SUCCESS,0.0.731861,0.0.3951117&0.0.3961531&0.0.3964804&0.0.5328590,0.0.4138717@1791401665.108363086
0.0.1071830,121.1022222756123,SUCCESS,0.0.731861,0.0.3951117&0.0.3964804,0.0.4138717@1791401667.965499247
0.0.832624,10.72176062724594,SUCCESS,0.0.731861,0.0.3951117&0.0.3961531&0.0.3964804&0.0.5328590&0.0.6071119,0.0.4138717@1791401669.590770814
0.0.2116956,4.455631201391803,SUCCESS,0.0.731861,0.0.3951117&0.0.3961531&0.0.3964855,0.0.4138717@1791401666.319076612
0.0.896788,713.7161802201593,SUCCESS,0.0.731861,0.0.3951117,0.0.4138717@1791401668.898531714
0.0.925802,21.84754423047172,SUCCESS,0.0.731861,0.0.3951117,0.0.4138717@1791401670.159915894
0.0.1628961,6649.797802449126,SUCCESS,0.0.731861,0.0.3951117&0.0.3964804&0.0.5328590,0.0.4138717@1791401666.830946921
0.0.819461,1.411442191438685,SUCCESS,0.0.731861,0.0.3951117,0.0.4138717@1791401668.980423795
0.0.4210667,0.0310462808096105,SUCCESS,0.0.731861,0.0.3951117,0.0.4138717@1791401671.136793816
0.0.1412849,0.00005887354034885276,SUCCESS,0.0.731861,0.0.3951117,0.0.4138717@1791401667.485860645
0.0.823348,1.842070874057618,SUCCESS,0.0.731861,0.0.3951117,0.0.4138717@1791401667.327516588
0.0.4560992,13.86043846156852,SUCCESS,0.0.731861,0.0.3951117,0.0.4138717@1791401669.445181099
0.0.1711779,0.2207422817437905,SUCCESS,0.0.731861,0.0.3951117,0.0.4138717@1791401669.099241445
0.0.853268,533.3670694691486,SUCCESS,0.0.731861,0.0.3951117,0.0.4138717@1791401672.362039891
0.0.662296,775.767413648418,SUCCESS,0.0.731861,0.0.3951117&0.0.5328590,0.0.4138717@1791401670.089113188
0.0.10483303,40837.18036424154,SUCCESS,0.0.731861,0.0.3951117&0.0.3964804,0.0.4138717@1791401671.673276533
0.0.4863820,5.248540974857931,SUCCESS,0.0.731861,0.0.3951117,0.0.4138717@1791401673.520378192
0.0.8060346,2.924050885111039,SUCCESS,0.0.731861,0.0.3951117,0.0.4138717@1791401669.433989836
0.0.847617,65.57122390649562,SUCCESS,0.0.731861,0.0.3951117,0.0.4138717@1791401669.960059724
0.0.10824909,17.75222720499366,SUCCESS,0.0.731861,0.0.3951117&0.0.3961531&0.0.3964804&0.0.5328590&0.0.6071119,0.0.4138717@1791401670.486857704
0.0.10818243,0.1342271641376049,SUCCESS,0.0.731861,0.0.3951117,0.0.4138717@1791401673.448139028
0.0.10812303,0.03064311811794223,SUCCESS,0.0.731861,0.0.3951117,0.0.4138717@1791401674.313628099
0.0.10296471,1.040614493258838,SUCCESS,0.0.731861,0.0.3951117,0.0.4138717@1791401671.864125722
0.0.1506629,1.364212401172022,SUCCESS,0.0.731861,0.0.3951117,0.0.4138717@1791401673.847674096
0.0.10504552,0.09924576842977026,SUCCESS,0.0.731861,0.0.3951117,0.0.4138717@1791401673.695779457
0.0.912615,213.3066326139735,SUCCESS,0.0.731861,0.0.3951117&0.0.3964804&0.0.3964827,0.0.4138717@1791401672.672714157
0.0.1734809,0.5181404610440599,SUCCESS,0.0.731861,0.0.3951117&0.0.3964804&0.0.6071119,0.0.4138717@1791401673.567087781
0.0.2017173,145.9227460473952,SUCCESS,0.0.731861,0.0.3951117&0.0.3964804,0.0.4138717@1791401674.265244592
0.0.1988559,4.730142616577121,SUCCESS,0.0.731861,0.0.3951117&0.0.3961531&0.0.3964804,0.0.4138717@1791401675.058233262
0.0.1408633,2.596173792132716,SUCCESS,0.0.731861,0.0.3951117&0.0.3964855&0.0.6078459,0.0.4138717@1791401671.515664532
0.0.10352676,1.644851203155384,SUCCESS,0.0.731861,0.0.3951117,0.0.4138717@1791401672.033432957
0.0.4432398,1.437155466626143,SUCCESS,0.0.731861,0.0.3951117,0.0.4138717@1791401674.968391007
0.0.9299646,15.35057078006711,SUCCESS,0.0.731861,0.0.3951117,0.0.4138717@1791401673.419813563
0.0.4544530,246.4893547636867,SUCCESS,0.0.731861,0.0.3951117&0.0.3961531&0.0.3964790&0.0.3964804&0.0.3964827&0.0.3964855&0.0.3964860&0.0.4129330&0.0.4601632&0.0.5328590&0.0.6071041&0.0.6078459&0.0.6078473,0.0.4138717@1791401673.983159543
0.0.5310061,8.046883427888933,SUCCESS,0.0.731861,0.0.3951117&0.0.3964804,0.0.4138717@1791401674.230844998
0.0.5117832,679.713826027469,SUCCESS,0.0.731861,0.0.3951117&0.0.3964804,0.0.4138717@1791401672.461748103
0.0.795933,21.99148691522595,SUCCESS,0.0.731861,0.0.3951117,0.0.4138717@1791401674.664004629
0.0.4324445,9.527845837962658,SUCCESS,0.0.731861,0.0.3951117&0.0.3964804&0.0.3964855,0.0.4138717@1791401673.745943283
0.0.4321631,3486.058877396995,SUCCESS,0.0.731861,0.0.3951117&0.0.3964804&0.0.4601632,0.0.4138717@1791401677.967333443
0.0.4582751,2.234944735707334,SUCCESS,0.0.731861,0.0.3951117,0.0.4138717@1791401676.682551887
0.0.4324463,1.450499470214429,SUCCESS,0.0.731861,0.0.3951117&0.0.3964790,0.0.4138717@1791401678.584594952
0.0.1266990,0.9419689501188243,SUCCESS,0.0.731861,0.0.3951117,0.0.4138717@1791401678.669492751
0.0.5118079,14.38516269102798,SUCCESS,0.0.731861,0.0.3951117&0.0.3964804,0.0.4138717@1791401676.396818990
0.0.5118232,4.723612501288676,SUCCESS,0.0.731861,0.0.3951117&0.0.3964804,0.0.4138717@1791401675.917022410
0.0.5118190,11.7482734737122,SUCCESS,0.0.731861,0.0.3951117&0.0.3964804&0.0.3964827&0.0.3964860&0.0.5328590,0.0.4138717@1791401679.037559473
0.0.841339,3.496900176933155,SUCCESS,0.0.731861,0.0.3951117,0.0.4138717@1791401678.968393553
0.0.5182107,4.603812093393014,NOT_ASSOCIATED,0.0.731861,0.0.3951117&0.0.3964804,
0.0.5202236,6.920473628187044,SUCCESS,0.0.731861,0.0.3951117,0.0.4138717@1791401679.202388201
0.0.4590627,11.075614460487,SUCCESS,0.0.731861,0.0.3951117,0.0.4138717@1791401678.592366709
0.0.4323088,103.2325149152628,SUCCESS,0.0.731861,0.0.3951117&0.0.3964804&0.0.3964855,0.0.4138717@1791401680.066709567
0.0.4335807,669.4758477534097,SUCCESS,0.0.731861,0.0.3951117&0.0.3961531&0.0.3964790&0.0.3964827&0.0.3964855&0.0.4129330&0.0.4601632&0.0.5328590,0.0.4138717@1791401677.753823649
0.0.4986167,2.225024174143119,SUCCESS,0.0.731861,0.0.3951117,0.0.4138717@1791401679.165535794
0.0.5281334,2.221167922772849,SUCCESS,0.0.731861,0.0.3951117,0.0.4138717@1791401678.252300972
0.0.10505731,16250.79323763167,SUCCESS,0.0.731861,0.0.3951117&0.0.10498271&0.0.10498274,0.0.4138717@1791401681.230606334
0.0.5119346,45.75462720776378,SUCCESS,0.0.731861,0.0.3951117&0.0.3964804,0.0.4138717@1791401679.685761203
0.0.4543305,321.5403432706245,SUCCESS,0.0.731861,0.0.3951117&0.0.3964804,0.0.4138717@1791401681.023564220
0.0.1730563,0.6642097561548559,SUCCESS,0.0.731861,0.0.3951117&0.0.3961531,0.0.4138717@1791401681.087105160
0.0.10854904,0.2730844515780168,SUCCESS,0.0.731861,0.0.3951117,0.0.4138717@1791401677.856133554
0.0.8673695,2.457920567632355,SUCCESS,0.0.731861,0.0.3951117&0.0.3964804&0.0.5328590,0.0.4138717@1791401679.284817069
0.0.3111710,0.004701896739114414,SUCCESS,0.0.731861,0.0.3951117,0.0.4138717@1791401679.578677052
0.0.840324,39.19326034839441,SUCCESS,0.0.731861,0.0.3961531&0.0.3964804,0.0.4138717@1791401679.345076357
0.0.958821,61.46822109663271,SUCCESS,0.0.731861,0.0.3961531&0.0.3964804,0.0.4138717@1791401682.628692942
0.0.10204459,0.7510450167160222,SUCCESS,0.0.731861,0.0.3961531,0.0.4138717@1791401678.627640254
0.0.10095007,0.1444031588224814,NOT_ASSOCIATED,0.0.731861,0.0.3961531,
0.0.3161254,43509.72660608336,SUCCESS,0.0.731861,0.0.3961531&0.0.3964804,0.0.4138717@1791401680.269773017
0.0.7287636,13.3678635125071,SUCCESS,0.0.731861,0.0.3961531&0.0.3964804&0.0.4601632&0.0.8315114,0.0.4138717@1791401681.837189557
0.0.8355966,4.651283625943634,SUCCESS,0.0.731861,0.0.3961531,0.0.4138717@1791401681.708152763
0.0.839555,0.2004816243252383,SUCCESS,0.0.731861,0.0.3961531,0.0.4138717@1791401681.771105315
0.0.9210701,0.08767181655719002,FAIL,0.0.731861,0.0.3961531,
0.0.825672,18.87722165397258,SUCCESS,0.0.731861,0.0.3961531,0.0.4138717@1791401684.859767587
0.0.8183428,0.001204496931094654,SUCCESS,0.0.731861,0.0.3961531,0.0.4138717@1791401684.745622456
0.0.1303938,1.17411090408589,NOT_ASSOCIATED,0.0.731861,0.0.3961531,
0.0.4363476,4.462669314803214,SUCCESS,0.0.731861,0.0.3961531,0.0.4138717@1791401685.841260793
0.0.10510695,1.725843727519106,NOT_ASSOCIATED,0.0.731861,0.0.3961531,
0.0.10489509,43509.72660608336,SUCCESS,0.0.731861,0.0.3961531&0.0.3964804,0.0.4138717@1791401682.489457429
0.0.10062632,0.569445302676158,SUCCESS,0.0.731861,0.0.3961531&0.0.3964804&0.0.5328590&0.0.6071119&0.0.8315114&0.0.10018365&0.0.10092996,0.0.4138717@1791401685.917695756
0.0.10478184,256313.0758848515,SUCCESS,0.0.731861,0.0.3961531&0.0.3964804&0.0.9774523&0.0.10018365&0.0.10092996&0.0.10093026,0.0.4138717@1791401682.851170812
0.0.663264,0.7387506204205171,SUCCESS,0.0.731861,0.0.3961531&0.0.3964790,0.0.4138717@1791401683.613844864
0.0.3169776,0.009733795845123714,SUCCESS,0.0.731861,0.0.3961531,0.0.4138717@1791401683.464332301
0.0.793410,1574.600889618124,SUCCESS,0.0.731861,0.0.3961531&0.0.3964827&0.0.5328590&0.0.6071041,0.0.4138717@1791401684.955339360
0.0.4715000,0.1790912575393265,SUCCESS,0.0.731861,0.0.3961531,0.0.4138717@1791401682.622969019
0.0.863385,30.90762521898662,SUCCESS,0.0.731861,0.0.3961531,0.0.4138717@1791401686.674735716
0.0.1501041,0.2027278085586975,SUCCESS,0.0.731861,0.0.3961531,0.0.4138717@1791401683.519807149
0.0.1152713,20726.51272455457,SUCCESS,0.0.731861,0.0.3961531&0.0.10387648&0.0.10418141,0.0.4138717@1791401687.714374457
0.0.1093567,0.7192465956135111,SUCCESS,0.0.731861,0.0.3961531,0.0.4138717@1791401687.792432784
0.0.1288450,0.001640762240896758,SUCCESS,0.0.731861,0.0.3961531,0.0.4138717@1791401686.699419906
0.0.842210,9.083376688888814,SUCCESS,0.0.731861,0.0.3961531&0.0.3964804,0.0.4138717@1791401688.160184831
0.0.1023130,0.02317049871761592,SUCCESS,0.0.731861,0.0.3961531,0.0.4138717@1791401687.241080913
0.0.3687323,0.00000418964558577811,SUCCESS,0.0.731861,0.0.3961531,0.0.4138717@1791401688.023682221
0.0.844965,0.02523453375681238,SUCCESS,0.0.731861,0.0.3961531,0.0.4138717@1791401689.385388358
0.0.267573,168.6598262622158,SUCCESS,0.0.731861,0.0.3961531&0.0.3964855&0.0.4601632&0.0.5328590&0.0.6071041&0.0.6126395,0.0.4138717@1791401686.085412835
0.0.4723553,0.6022548074029478,SUCCESS,0.0.731861,0.0.3961531,0.0.4138717@1791401686.358552921
0.0.1324436,0.0004014983564708642,NOT_ASSOCIATED,0.0.731861,0.0.3961531,
0.0.6095958,43.55602253730885,NOT_ASSOCIATED,0.0.731861,0.0.3961531&0.0.3964804,
0.0.897444,40.46587648176547,SUCCESS,0.0.731861,0.0.3961531&0.0.3964790,0.0.4138717@1791401686.769699134
0.0.4362462,0.3951362976011617,NOT_ASSOCIATED,0.0.731861,0.0.3961531,
0.0.852692,0.8022304378687947,SUCCESS,0.0.731861,0.0.3961531,0.0.4138717@1791401687.694571972
0.0.1315254,0.6016441979526566,SUCCESS,0.0.731861,0.0.3961531,0.0.4138717@1791401690.878049860
0.0.953101,25.49576455318507,SUCCESS,0.0.731861,0.0.3961531,0.0.4138717@1791401690.322223958
0.0.4594903,11.69684351704062,SUCCESS,0.0.731861,0.0.3961531&0.0.3964790&0.0.3964804,0.0.4138717@1791401690.586381686
0.0.10541900,0.2977408181535507,SUCCESS,0.0.731861,0.0.3961531&0.0.3964804,0.0.4138717@1791401689.414456442
0.0.4707801,0.039238638853684,NOT_ASSOCIATED,0.0.731861,0.0.3961531,
0.0.4712184,0.00008505290295104859,SUCCESS,0.0.731861,0.0.3961531&0.0.3964790,0.0.4138717@1791401691.229545260
0.0.835929,0.0001412803901273745,SUCCESS,0.0.731861,0.0.3961531&0.0.3964790&0.0.3964804&0.0.4129330&0.0.4601632&0.0.5328590,0.0.4138717@1791401692.764157620
0.0.4639603,0.0007681163559032244,NOT_ASSOCIATED,0.0.731861,0.0.3961531,
0.0.6435369,0.9417356792007858,SUCCESS,0.0.731861,0.0.3961531,0.0.4138717@1791401690.166032380
0.0.7571792,0.002093786874982166,SUCCESS,0.0.731861,0.0.3961531,0.0.4138717@1791401690.499372555
0.0.1910938,0.01307582927378572,SUCCESS,0.0.731861,0.0.3961531,0.0.4138717@1791401690.544293098
0.0.8378238,0.252009096478145,SUCCESS,0.0.731861,0.0.3961531,0.0.4138717@1791401692.736238450
0.0.9405888,0.4429508912532097,SUCCESS,0.0.731861,0.0.3961531&0.0.3964804&0.0.5328590,0.0.4138717@1791401693.658003552
0.0.4346141,8.347367868065191,SUCCESS,0.0.731861,0.0.3961531,0.0.4138717@1791401691.692768978
0.0.10291442,251.4482071073645,SUCCESS,0.0.731861,0.0.3961531,0.0.4138717@1791401693.077217825
0.0.10493411,4.983412767476119,SUCCESS,0.0.731861,0.0.3961531,0.0.4138717@1791401693.598446147
0.0.10380727,9.788889579332569,SUCCESS,0.0.731861,0.0.3961531&0.0.3964790&0.0.3964804&0.0.3964860,0.0.4138717@1791401692.429273356
0.0.10601475,306.7701124007688,SUCCESS,0.0.731861,0.0.3961531,0.0.4138717@1791401694.800422637
0.0.10537470,0.3354638864662309,SUCCESS,0.0.731861,0.0.3961531,0.0.4138717@1791401692.722316303
0.0.867588,0.04384956978367891,SUCCESS,0.0.731861,0.0.3961531,0.0.4138717@1791401695.479083804
0.0.4853295,41.51030770691049,SUCCESS,0.0.731861,0.0.3961531&0.0.3964804,0.0.4138717@1791401695.502199999
0.0.1433179,0.1208774941746571,SUCCESS,0.0.731861,0.0.3961531,0.0.4138717@1791401695.374407653
0.0.2963242,0.5572143678589876,NOT_ASSOCIATED,0.0.731861,0.0.3961531,
0.0.1103540,0.5959570587069518,SUCCESS,0.0.731861,0.0.3961531&0.0.3964827,0.0.4138717@1791401692.841175761
0.0.826988,8.854524606217142,NOT_ASSOCIATED,0.0.731861,0.0.3961531,
0.0.1372179,2.258247668197286,SUCCESS,0.0.731861,0.0.3961531&0.0.3964804,0.0.4138717@1791401694.235010895
0.0.836858,20.38623789451182,SUCCESS,0.0.731861,0.0.3961531,0.0.4138717@1791401692.822610556
0.0.5435669,0.07075659999282133,SUCCESS,0.0.731861,0.0.3961531,0.0.4138717@1791401693.844214540
0.0.935686,0.2881356308458474,SUCCESS,0.0.731861,0.0.3961531,0.0.4138717@1791401694.738311337
0.0.6306847,0.9875364269171856,SUCCESS,0.0.731861,0.0.3961531&0.0.3964804&0.0.3964827,0.0.4138717@1791401695.630889060
0.0.6143425,0.003865171708091857,SUCCESS,0.0.731861,0.0.3961531,0.0.4138717@1791401695.928247681
0.0.4367595,0.1807052875150114,SUCCESS,0.0.731861,0.0.3961531,0.0.4138717@1791401694.592899493
0.0.948513,22.26082843390036,SUCCESS,0.0.731861,0.0.3961531,0.0.4138717@1791401696.660298050
0.0.877394,0.03393448731620259,NOT_ASSOCIATED,0.0.731861,0.0.3961531&0.0.3964804,
0.0.8767225,1.557550360179943,SUCCESS,0.0.731861,0.0.3961531&0.0.3964804,0.0.4138717@1791401695.768870978
0.0.9279414,0.02707504388202126,SUCCESS,0.0.731861,0.0.3961531,0.0.4138717@1791401697.317807805
0.0.892088,1.059973599772018,SUCCESS,0.0.731861,0.0.3961531,0.0.4138717@1791401696.783272677
0.0.1413657,41.48489494475155,SUCCESS,0.0.731861,0.0.3961531&0.0.4601632&0.0.5328590,0.0.4138717@1791401694.528034913
0.0.9353895,0.002589948903530973,SUCCESS,0.0.731861,0.0.3961531,0.0.4138717@1791401694.639288454
0.0.9183843,0.2539319668015622,NOT_ASSOCIATED,0.0.731861,0.0.3961531,
0.0.10060744,0.004768045564600273,SUCCESS,0.0.731861,0.0.3964790,0.0.4138717@1791401696.254718110
0.0.10164571,0.02916753217316875,SUCCESS,0.0.731861,0.0.3964790,0.0.4138717@1791401697.524144270
0.0.4759022,0.03579420691994987,SUCCESS,0.0.731861,0.0.3964790,0.0.4138717@1791401697.445616457
0.0.4355907,0.2596956626087902,SUCCESS,0.0.731861,0.0.3964790,0.0.4138717@1791401700.921499472
0.0.858310,0.2407466330832212,SUCCESS,0.0.731861,0.0.3964790,0.0.4138717@1791401698.898187166
0.0.1504445,3.609670747436704,SUCCESS,0.0.731861,0.0.3964790,0.0.4138717@1791401698.868078297
0.0.877481,2302.976302902495,SUCCESS,0.0.731861,0.0.3964790&0.0.5328590,0.0.4138717@1791401698.417312039
0.0.9400801,9001.275735896552,SUCCESS,0.0.731861,0.0.3964790&0.0.3964855&0.0.4129330&0.0.4601632&0.0.5328590,0.0.4138717@1791401701.777369035
0.0.5807981,30.79631267822638,SUCCESS,0.0.731861,0.0.3964790,0.0.4138717@1791401698.361042650
0.0.3304469,140.0596809821905,SUCCESS,0.0.731861,0.0.3964790&0.0.3964827,0.0.4138717@1791401701.464738762
0.0.5374006,0.0763516918295487,SUCCESS,0.0.731861,0.0.3964790&0.0.4601632,0.0.4138717@1791401701.850678552
0.0.4540904,6.327194672079446,SUCCESS,0.0.731861,0.0.3964790&0.0.3964804&0.0.3964855,0.0.4138717@1791401700.987874003
0.0.3938365,2.084607232582321,SUCCESS,0.0.731861,0.0.3964790,0.0.4138717@1791401699.019972646
0.0.2174952,2.410117418558576,SUCCESS,0.0.731861,0.0.3964790&0.0.3964804,0.0.4138717@1791401698.970707866
0.0.4784258,10.84793546872771,SUCCESS,0.0.731861,0.0.3964790&0.0.3964804&0.0.3964855,0.0.4138717@1791401702.003439261
0.0.27463,5.703778727028908,SUCCESS,0.0.731861,0.0.3964790,0.0.4138717@1791401700.389315554
0.0.1416793,0.4574312437558302,SUCCESS,0.0.731861,0.0.3964790,0.0.4138717@1791401700.611161728
0.0.4384266,2.112362194811821,SUCCESS,0.0.731861,0.0.3964790,0.0.4138717@1791401702.521509354
0.0.4205079,0.8476346528205402,SUCCESS,0.0.731861,0.0.3964790,0.0.4138717@1791401700.550945844
0.0.4337852,2.359793536506455,SUCCESS,0.0.731861,0.0.3964790,0.0.4138717@1791401699.851936794
0.0.6043615,32.50745192442429,SUCCESS,0.0.731861,0.0.3964790&0.0.3964827&0.0.3964855&0.0.5328590&0.0.6071041&0.0.8315114,0.0.4138717@1791401702.787162128
0.0.1073086,0.007760731127499252,SUCCESS,0.0.731861,0.0.3964790,0.0.4138717@1791401704.466277142
0.0.813712,0.4993778900720997,SUCCESS,0.0.731861,0.0.3964790,0.0.4138717@1791401704.633518160
0.0.3854083,0.1723778653871214,SUCCESS,0.0.731861,0.0.3964790,0.0.4138717@1791401703.617961408
0.0.6075972,0.7726286640379975,SUCCESS,0.0.731861,0.0.3964790,0.0.4138717@1791401703.564235721
0.0.795838,0.7940195413411473,SUCCESS,0.0.731861,0.0.3964790&0.0.3964804,0.0.4138717@1791401701.622580750
0.0.8267043,0.006484800746918019,SUCCESS,0.0.731861,0.0.3964790&0.0.5328590,0.0.4138717@1791401702.609508863
0.0.8447885,1.459017865412468,SUCCESS,0.0.731861,0.0.3964790,0.0.4138717@1791401702.273355361
0.0.4330338,0.00002480655626489457,SUCCESS,0.0.731861,0.0.3964790,0.0.4138717@1791401704.268678708
0.0.8352642,0.7652495646274242,SUCCESS,0.0.731861,0.0.3964790,0.0.4138717@1791401704.312082456
0.0.4754443,0.4574652182016026,SUCCESS,0.0.731861,0.0.3964790&0.0.3964804,0.0.4138717@1791401704.072038553
0.0.5326504,0.01227679137545919,SUCCESS,0.0.731861,0.0.3964790,0.0.4138717@1791401702.522137085
0.0.8148901,1.086740496704619,SUCCESS,0.0.731861,0.0.3964790,0.0.4138717@1791401705.691841475
0.0.3903731,4.440540958380859e-7,NOT_ASSOCIATED,0.0.731861,0.0.3964790,
0.0.3926190,0.0004218816985804093,SUCCESS,0.0.731861,0.0.3964790,0.0.4138717@1791401703.864004681
0.0.4908409,0.003002752235194189,SUCCESS,0.0.731861,0.0.3964790,0.0.4138717@1791401704.594836219
0.0.1093612,1.67445157117386,SUCCESS,0.0.731861,0.0.3964790&0.0.3964804,0.0.4138717@1791401707.548839375
0.0.4574338,0.0001736634810663584,SUCCESS,0.0.731861,0.0.3964790,0.0.4138717@1791401706.302545329
0.0.8054459,2.996514621673784,SUCCESS,0.0.731861,0.0.3964790&0.0.3964804,0.0.4138717@1791401707.331979342
0.0.7914763,1.129723343992512,SUCCESS,0.0.731861,0.0.3964790&0.0.3964804,0.0.4138717@1791401707.309230740
0.0.9960625,1.112610879623566e-8,SUCCESS,0.0.731861,0.0.3964790,0.0.4138717@1791401707.106219289
0.0.1380166,0.000431385247483652,SUCCESS,0.0.731861,0.0.3964790,0.0.4138717@1791401707.851665095
0.0.10010228,83.08689942011779,SUCCESS,0.0.731861,0.0.3964790&0.0.5328590,0.0.4138717@1791401709.631532011
0.0.10023501,2.028598616018341e-8,SUCCESS,0.0.731861,0.0.3964790,0.0.4138717@1791401704.957664607
0.0.7607102,0.08677476917123667,SUCCESS,0.0.731861,0.0.3964790&0.0.3964804,0.0.4138717@1791401708.496315411
0.0.794506,539.5292681060828,SUCCESS,0.0.731861,0.0.3964790&0.0.5328590,0.0.4138717@1791401708.249409932
0.0.966009,0.4624795322796666,SUCCESS,0.0.731861,0.0.3964790,0.0.4138717@1791401709.617062318
0.0.4371196,3.363888798741133,SUCCESS,0.0.731861,0.0.3964790,0.0.4138717@1791401708.369168964
0.0.8291825,8.78945945329232,SUCCESS,0.0.731861,0.0.3964790&0.0.3964804,0.0.4138717@1791401711.122255141
0.0.10030621,0.00001754223155826928,SUCCESS,0.0.731861,0.0.3964790,0.0.4138717@1791401707.836029524
0.0.4367730,1.859776879082395,SUCCESS,0.0.731861,0.0.3964790,0.0.4138717@1791401711.057991695
0.0.9365757,30.78320992626077,SUCCESS,0.0.731861,0.0.3964790&0.0.3964804&0.0.5328590,0.0.4138717@1791401709.361392276
0.0.9301501,1.079134139177323,SUCCESS,0.0.731861,0.0.3964790&0.0.5328590,0.0.4138717@1791401711.663984448
0.0.859176,1.991210409188008,SUCCESS,0.0.731861,0.0.3964790,0.0.4138717@1791401709.475966494
0.0.10135295,5.295274819867488,SUCCESS,0.0.731861,0.0.3964790&0.0.3964827,0.0.4138717@1791401707.632651945
0.0.7896827,0.1024446972121487,SUCCESS,0.0.731861,0.0.3964790&0.0.6071041,0.0.4138717@1791401709.041554383
0.0.4975045,203.4126547355106,SUCCESS,0.0.731861,0.0.3964790&0.0.3964827,0.0.4138717@1791401709.966055790
0.0.7951,10022.55495923286,SUCCESS,0.0.731861,0.0.3964790&0.0.3964855,0.0.4138717@1791401710.103813037
0.0.817883,0.02774297420946565,SUCCESS,0.0.731861,0.0.3964790,0.0.4138717@1791401712.101097766
0.0.862821,0.8921335643217362,SUCCESS,0.0.731861,0.0.3964790,0.0.4138717@1791401708.885176852
0.0.1018824,131.7000965114634,SUCCESS,0.0.731861,0.0.3964790&0.0.3964804&0.0.10093026,0.0.4138717@1791401711.876384927
0.0.835202,0.001052507394597878,SUCCESS,0.0.731861,0.0.3964790,0.0.4138717@1791401711.275976431
0.0.1314568,2268.003063015539,SUCCESS,0.0.731861,0.0.3964790,0.0.4138717@1791401712.140815574
0.0.837751,0.005373316110720774,SUCCESS,0.0.731861,0.0.3964790,0.0.4138717@1791401712.313096026
0.0.4328823,3.39024398707071,SUCCESS,0.0.731861,0.0.3964790&0.0.5328590,0.0.4138717@1791401710.596791317
0.0.4157394,0.000286702261514188,SUCCESS,0.0.731861,0.0.3964790,0.0.4138717@1791401710.244908131
0.0.10802792,0.0002007025582497115,SUCCESS,0.0.731861,0.0.3964790,0.0.4138717@1791401714.215061803
0.0.4713784,4.853397891222975,SUCCESS,0.0.731861,0.0.3964790&0.0.3964827,0.0.4138717@1791401713.045948390
0.0.4819535,0.01856946148894789,SUCCESS,0.0.731861,0.0.3964790,0.0.4138717@1791401715.528495937
0.0.3774696,0.00414988982093804,SUCCESS,0.0.731861,0.0.3964790,0.0.4138717@1791401715.388491376
0.0.1703452,59.92615877642643,SUCCESS,0.0.731861,0.0.3964790&0.0.3964804,0.0.4138717@1791401712.463747628
0.0.732798,2.532348733920854,SUCCESS,0.0.731861,0.0.3964790&0.0.3964804&0.0.4129330,0.0.4138717@1791401714.773502405
0.0.8826517,0.01943129251868569,SUCCESS,0.0.731861,0.0.3964790,0.0.4138717@1791401713.540083325
0.0.1082789,8427.263314598582,SUCCESS,0.0.731861,0.0.3964790,0.0.4138717@1791401714.327166552
0.0.4329551,66.21458821999803,SUCCESS,0.0.731861,0.0.3964804&0.0.3964827&0.0.3964855,0.0.4138717@1791401713.842858105
0.0.1415516,34.7967661132487,SUCCESS,0.0.731861,0.0.3964804,0.0.4138717@1791401713.452287300
0.0.5432163,0.1674891968725225,NOT_ASSOCIATED,0.0.731861,0.0.3964804,
0.0.4345176,0.3759181523562813,SUCCESS,0.0.731861,0.0.3964804,0.0.4138717@1791401714.133376515
0.0.4433604,0.3029800105957032,SUCCESS,0.0.731861,0.0.3964804&0.0.4601632,0.0.4138717@1791401716.875635510
0.0.2302824,0.009316633504790554,SUCCESS,0.0.731861,0.0.3964804,0.0.4138717@1791401714.300340593
0.0.435679,2452.62239986617,SUCCESS,0.0.731861,0.0.3964804&0.0.5328590,0.0.4138717@1791401717.299327753
0.0.5314183,1.466290460365883,SUCCESS,0.0.731861,0.0.3964804,0.0.4138717@1791401717.041060789
0.0.840487,12.14172682539881,SUCCESS,0.0.731861,0.0.3964804,0.0.4138717@1791401715.132788539
0.0.789990,0.2754984119300282,SUCCESS,0.0.731861,0.0.3964804,0.0.4138717@1791401716.146940314
0.0.4362017,6.201525684319244,SUCCESS,0.0.731861,0.0.3964804,0.0.4138717@1791401715.699350794
0.0.1046906,0.09548263488404156,SUCCESS,0.0.731861,0.0.3964804,0.0.4138717@1791401714.900426902
0.0.4923529,0.006891585242290993,NOT_ASSOCIATED,0.0.731861,0.0.3964804,
0.0.4741573,3.508611068234947,SUCCESS,0.0.731861,0.0.3964804,0.0.4138717@1791401719.084728902
0.0.837799,5.058962836614648,SUCCESS,0.0.731861,0.0.3964804,0.0.4138717@1791401719.195079280
0.0.1930336,107.5273071210463,SUCCESS,0.0.731861,0.0.3964804,0.0.4138717@1791401715.374046293
0.0.1505544,0.02888940373561236,SUCCESS,0.0.731861,0.0.3964804,0.0.4138717@1791401715.502572611
0.0.876236,0.5779206091188407,SUCCESS,0.0.731861,0.0.3964804,0.0.4138717@1791401719.610666733
0.0.4644030,0.09787984242442853,SUCCESS,0.0.731861,0.0.3964804,0.0.4138717@1791401719.811113229
0.0.2005484,0.08071193923174934,SUCCESS,0.0.731861,0.0.3964804,0.0.4138717@1791401717.575615701
0.0.4144365,7.455995515242443,SUCCESS,0.0.731861,0.0.3964804,0.0.4138717@1791401718.901702135
0.0.5029689,3.298105615115027,SUCCESS,0.0.731861,0.0.3964804,0.0.4138717@1791401717.990136261
0.0.4340392,0.2094738976788286,SUCCESS,0.0.731861,0.0.3964804,0.0.4138717@1791401717.556129390
0.0.4782567,10.38372644221044,SUCCESS,0.0.731861,0.0.3964804,0.0.4138717@1791401719.261048934
0.0.4323897,0.05757872648401061,SUCCESS,0.0.731861,0.0.3964804,0.0.4138717@1791401719.078909455
0.0.834666,28.95310817274151,SUCCESS,0.0.731861,0.0.3964804,0.0.4138717@1791401720.125816018
0.0.2123622,31.03428197256349,SUCCESS,0.0.731861,0.0.3964804,0.0.4138717@1791401720.233540736
0.0.6058490,0.122476852691547,SUCCESS,0.0.731861,0.0.3964804,0.0.4138717@1791401718.519350300
0.0.6247418,0.2113101554486131,NOT_ASSOCIATED,0.0.731861,0.0.3964804,
0.0.4659519,7.069813689975851,SUCCESS,0.0.731861,0.0.3964804,0.0.4138717@1791401721.454853200
0.0.827132,0.426269359016397,SUCCESS,0.0.731861,0.0.3964804,0.0.4138717@1791401723.289622434
0.0.6324031,0.003267117069074288,SUCCESS,0.0.731861,0.0.3964804,0.0.4138717@1791401719.086717995
0.0.4360598,0.3399447145905791,SUCCESS,0.0.731861,0.0.3964804&0.0.5328590,0.0.4138717@1791401722.962150934
0.0.6497488,27.0412708012125,SUCCESS,0.0.731861,0.0.3964804,0.0.4138717@1791401722.702814745
0.0.6674918,0.06238392500400636,SUCCESS,0.0.731861,0.0.3964804,0.0.4138717@1791401723.334490019
0.0.835625,0.3650107418096575,SUCCESS,0.0.731861,0.0.3964804,0.0.4138717@1791401721.126043854
0.0.760653,0.8162119041151585,SUCCESS,0.0.731861,0.0.3964804,0.0.4138717@1791401723.254326675
0.0.6232417,0.2420105444094915,SUCCESS,0.0.731861,0.0.3964804,0.0.4138717@1791401723.944961135
0.0.1448239,0.02264703252105604,SUCCESS,0.0.731861,0.0.3964804,0.0.4138717@1791401723.019789486
0.0.4640278,0.3611873064282339,SUCCESS,0.0.731861,0.0.3964804,0.0.4138717@1791401722.577428306
0.0.4758052,0.6653496482652751,SUCCESS,0.0.731861,0.0.3964804,0.0.4138717@1791401723.908928308
0.0.3295745,42.67043866054303,SUCCESS,0.0.731861,0.0.3964804,0.0.4138717@1791401720.974429142
0.0.5060252,3.829917952088301,SUCCESS,0.0.731861,0.0.3964804&0.0.3964860,0.0.4138717@1791401725.909637582
0.0.4322023,6.817887891246349,SUCCESS,0.0.731861,0.0.3964804&0.0.3964855&0.0.4601632,0.0.4138717@1791401724.259962376
0.0.4785387,83.45041292327909,SUCCESS,0.0.731861,0.0.3964804&0.0.4601632,0.0.4138717@1791401724.122957681
0.0.1388678,18.97824667488813,SUCCESS,0.0.731861,0.0.3964804,0.0.4138717@1791401723.432337002
0.0.1747288,15.12561454754978,SUCCESS,0.0.731861,0.0.3964804,0.0.4138717@1791401721.572110302
0.0.848151,1.406305851130072,SUCCESS,0.0.731861,0.0.3964804,0.0.4138717@1791401726.539080405
0.0.6061106,1.713278347601791,NOT_ASSOCIATED,0.0.731861,0.0.3964804,
0.0.4799094,0.4085210392897501,SUCCESS,0.0.731861,0.0.3964804,0.0.4138717@1791401722.135790329
0.0.1334605,42.05160500375965,SUCCESS,0.0.731861,0.0.3964804,0.0.4138717@1791401726.943253026
0.0.5873159,90.32337130899568,SUCCESS,0.0.731861,0.0.3964804&0.0.5328590,0.0.4138717@1791401725.121725000
0.0.966444,14.12683180042313,SUCCESS,0.0.731861,0.0.3964804,0.0.4138717@1791401724.537724753
0.0.2149252,0.0002742172670921896,SUCCESS,0.0.731861,0.0.3964804,0.0.4138717@1791401726.065457050
0.0.9273859,0.4399332621088743,SUCCESS,0.0.731861,0.0.3964804,0.0.4138717@1791401725.989986422
0.0.9272301,4.046024822025418,NOT_ASSOCIATED,0.0.731861,0.0.3964804,
0.0.3681629,37.99996814323138,SUCCESS,0.0.731861,0.0.3964804,0.0.4138717@1791401726.507995360
0.0.6295630,0.3438697102022341,NOT_ASSOCIATED,0.0.731861,0.0.3964804,
0.0.2017766,9.18577951563526,SUCCESS,0.0.731861,0.0.3964804,0.0.4138717@1791401727.378963964
0.0.9303899,8.309386993112126,SUCCESS,0.0.731861,0.0.3964804,0.0.4138717@1791401727.674646669
0.0.9150672,0.1963390432107247,SUCCESS,0.0.731861,0.0.3964804,0.0.4138717@1791401727.070116535
0.0.9178066,14.19150248299217,SUCCESS,0.0.731861,0.0.3964804,0.0.4138717@1791401724.152255716
0.0.9404882,2.204119151295606,SUCCESS,0.0.731861,0.0.3964804,0.0.4138717@1791401728.773375397
0.0.915984,82.09009997280307,SUCCESS,0.0.731861,0.0.3964804,0.0.4138717@1791401728.279012597
0.0.1736150,4.977052366627267,SUCCESS,0.0.731861,0.0.3964804,0.0.4138717@1791401727.443103961
0.0.9477910,95.46731466836506,SUCCESS,0.0.731861,0.0.3964804&0.0.10414792,0.0.4138717@1791401726.597528227
0.0.9201440,0.2942864309138744,SUCCESS,0.0.731861,0.0.3964804,0.0.4138717@1791401730.127662695
0.0.8514597,32.50591970149605,SUCCESS,0.0.731861,0.0.3964804,0.0.4138717@1791401729.541809678
0.0.9104016,57.47342054303761,SUCCESS,0.0.731861,0.0.3964804&0.0.3964860&0.0.5328590,0.0.4138717@1791401729.280193822
0.0.5580759,0.21816182522672,SUCCESS,0.0.731861,0.0.3964804,0.0.4138717@1791401729.040555217
0.0.9149385,0.5691414365997068,SUCCESS,0.0.731861,0.0.3964804,0.0.4138717@1791401730.978844257
0.0.4795853,15.83657262150611,SUCCESS,0.0.731861,0.0.3964804,0.0.4138717@1791401726.429591729
0.0.7993090,31.28960377817003,SUCCESS,0.0.731861,0.0.3964804,0.0.4138717@1791401730.081356888
0.0.2657839,17.05074747831746,SUCCESS,0.0.731861,0.0.3964804,0.0.4138717@1791401730.130071753
0.0.4310363,46.07622087755971,SUCCESS,0.0.731861,0.0.3964804&0.0.3964860,0.0.4138717@1791401726.973897536
0.0.9168967,0.7320186686478012,SUCCESS,0.0.731861,0.0.3964804&0.0.3964827,0.0.4138717@1791401728.818916923
0.0.6094118,0.1323844702094315,SUCCESS,0.0.731861,0.0.3964804,0.0.4138717@1791401729.799880015
0.0.9144684,0.5969368735081235,SUCCESS,0.0.731861,0.0.3964804,0.0.4138717@1791401727.346489680
0.0.8733798,166.254481758246,SUCCESS,0.0.731861,0.0.3964804,0.0.4138717@1791401730.883911299
0.0.1486871,179.7379108404142,SUCCESS,0.0.731861,0.0.3964804,0.0.4138717@1791401730.001591262
0.0.4911466,0.05754465750805369,SUCCESS,0.0.731861,0.0.3964804,0.0.4138717@1791401732.084903379
0.0.2110491,0.6085324967924766,SUCCESS,0.0.731861,0.0.3964804,0.0.4138717@1791401729.691666379
0.0.9690555,1.735703671657649,SUCCESS,0.0.731861,0.0.3964804,0.0.4138717@1791401731.893418931
0.0.10124208,3696.262080005394,SUCCESS,0.0.731861,0.0.3964804,0.0.4138717@1791401731.876772301
0.0.1711144,0.9893218010968572,NOT_ASSOCIATED,0.0.731861,0.0.3964804,
0.0.10068662,0.3245877236563598,SUCCESS,0.0.731861,0.0.3964804,0.0.4138717@1791401730.910043005
0.0.7164995,45.26700748685639,SUCCESS,0.0.731861,0.0.3964804,0.0.4138717@1791401731.491893685
0.0.2030460,149.6216021600746,SUCCESS,0.0.731861,0.0.3964804&0.0.6078473,0.0.4138717@1791401732.018800027
0.0.10242536,10.44138594614007,NOT_ASSOCIATED,0.0.731861,0.0.3964804,
0.0.10261941,4.285506487425309,SUCCESS,0.0.731861,0.0.3964804,0.0.4138717@1791401730.197528052
0.0.10279551,1.520803689946098,SUCCESS,0.0.731861,0.0.3964804,0.0.4138717@1791401733.741897744
0.0.9796301,4.395224379065221,NOT_ASSOCIATED,0.0.731861,0.0.3964804,
0.0.4853191,0.05266678652651297,SUCCESS,0.0.731861,0.0.3964804,0.0.4138717@1791401734.382295338
0.0.5482082,4.250727628450852,SUCCESS,0.0.731861,0.0.3964804,0.0.4138717@1791401732.231025532
0.0.9226909,0.06085515576992619,SUCCESS,0.0.731861,0.0.3964804,0.0.4138717@1791401732.750062258
0.0.1517175,5.665227847292664,SUCCESS,0.0.731861,0.0.3964804,0.0.4138717@1791401734.174940032
0.0.1461428,10.09861976461435,SUCCESS,0.0.731861,0.0.3964804,0.0.4138717@1791401735.178384817
0.0.946029,3.314846188129783,NOT_ASSOCIATED,0.0.731861,0.0.3964804,
0.0.6258977,35.13674722103962,SUCCESS,0.0.731861,0.0.3964804&0.0.5328590,0.0.4138717@1791401733.633980828
0.0.9612822,1.007526477434699,NOT_ASSOCIATED,0.0.731861,0.0.3964804,
0.0.834767,8.01466695826206,SUCCESS,0.0.731861,0.0.3964804,0.0.4138717@1791401735.254162421
0.0.9695749,20.5143280322384,NOT_ASSOCIATED,0.0.731861,0.0.3964804,
0.0.10427913,1.052184761618699,NOT_ASSOCIATED,0.0.731861,0.0.3964804,
0.0.7550127,1.290794088665133,SUCCESS,0.0.731861,0.0.3964804,0.0.4138717@1791401731.380599342
0.0.9317309,0.008430087224700976,SUCCESS,0.0.731861,0.0.3964804&0.0.9774523,0.0.4138717@1791401733.134508758
0.0.1043461,344.5160292039367,SUCCESS,0.0.731861,0.0.3964804,0.0.4138717@1791401733.343306819
0.0.3907868,0.03211145790272663,SUCCESS,0.0.731861,0.0.3964804,0.0.4138717@1791401733.828273799
0.0.6460255,28.06035841309767,NOT_ASSOCIATED,0.0.731861,0.0.3964804,
0.0.689277,37.25022411925646,SUCCESS,0.0.731861,0.0.3964804,0.0.4138717@1791401732.598145484
0.0.7788265,0.8629030228546479,NOT_ASSOCIATED,0.0.731861,0.0.3964804,
0.0.9009997,1.956118360980582,NOT_ASSOCIATED,0.0.731861,0.0.3964804,
0.0.9065767,3.566054390028899,SUCCESS,0.0.731861,0.0.3964804,0.0.4138717@1791401737.245097184
0.0.9095016,9.140462868633222,NOT_ASSOCIATED,0.0.731861,0.0.3964804,
0.0.7550890,0.5864776678302239,SUCCESS,0.0.731861,0.0.3964804,0.0.4138717@1791401737.318896409
0.0.1090802,0.3394362317160871,SUCCESS,0.0.731861,0.0.3964804,0.0.4138717@1791401736.083370225
0.0.8792600,0.01393506294396148,NOT_ASSOCIATED,0.0.731861,0.0.3964804,
0.0.53756,16.1726859405418,SUCCESS,0.0.731861,0.0.3964804,0.0.4138717@1791401735.570766984
0.0.9169121,1.519154393335416,SUCCESS,0.0.731861,0.0.3964804,0.0.4138717@1791401735.785059038
0.0.8392843,1.707500834199032,NOT_ASSOCIATED,0.0.731861,0.0.3964804,
0.0.8385016,1.53688702466696,SUCCESS,0.0.731861,0.0.3964804,0.0.4138717@1791401732.801547207
0.0.8346544,14.10881431406877,NOT_ASSOCIATED,0.0.731861,0.0.3964804,
0.0.8357708,78.41196629900799,SUCCESS,0.0.731861,0.0.3964804,0.0.4138717@1791401737.244678579
0.0.8357089,2.962575244607887,NOT_ASSOCIATED,0.0.731861,0.0.3964804,
0.0.3077609,12.17989845114756,SUCCESS,0.0.731861,0.0.3964804,0.0.4138717@1791401733.933856348
0.0.1714233,1.343945319991057,SUCCESS,0.0.731861,0.0.3964804,0.0.4138717@1791401735.150084632
0.0.8414409,0.07509832458626052,SUCCESS,0.0.731861,0.0.3964804,0.0.4138717@1791401737.748967048
0.0.9086562,0.01568440592570128,SUCCESS,0.0.731861,0.0.3964804,0.0.4138717@1791401736.726775245
0.0.8198608,1.879280898265324,SUCCESS,0.0.731861,0.0.3964804,0.0.4138717@1791401736.126808346
0.0.5524338,0.2282693105553928,SUCCESS,0.0.731861,0.0.3964804,0.0.4138717@1791401734.813806499
0.0.1459865,7.919531986445144,NOT_ASSOCIATED,0.0.731861,0.0.3964804,
0.0.1365814,1.444213556287218,SUCCESS,0.0.731861,0.0.3964804,0.0.4138717@1791401734.926634345
0.0.8585468,0.004300017270245551,SUCCESS,0.0.731861,0.0.3964804,0.0.4138717@1791401736.951896904
0.0.8256574,0.02790297757223965,SUCCESS,0.0.731861,0.0.3964804,0.0.4138717@1791401736.348566339
0.0.4722361,0.02890050787139207,SUCCESS,0.0.731861,0.0.3964804,0.0.4138717@1791401735.700364814
0.0.9275976,106.6468880383816,SUCCESS,0.0.731861,0.0.3964804,0.0.4138717@1791401738.515846478
0.0.9997666,12.97621262181369,SUCCESS,0.0.731861,0.0.3964804&0.0.3964860,0.0.4138717@1791401736.507708429
0.0.10103271,33.55170081565998,SUCCESS,0.0.731861,0.0.3964804,0.0.4138717@1791401738.372943925
0.0.1109176,2.483555063984361,SUCCESS,0.0.731861,0.0.3964804,0.0.4138717@1791401736.441344611
0.0.2014278,63.26649075706423,SUCCESS,0.0.731861,0.0.3964804,0.0.4138717@1791401739.550389861
0.0.5750303,81.51840504853622,SUCCESS,0.0.731861,0.0.3964804,0.0.4138717@1791401736.262475902
0.0.4513199,0.1254878707407171,SUCCESS,0.0.731861,0.0.3964804,0.0.4138717@1791401739.122905526
0.0.10419614,32.31767711288288,SUCCESS,0.0.731861,0.0.3964804,0.0.4138717@1791401736.881726286
0.0.1645238,0.00001855091752294129,SUCCESS,0.0.731861,0.0.3964804,0.0.4138717@1791401739.189059794
0.0.4749090,0.009186357562059244,SUCCESS,0.0.731861,0.0.3964804,0.0.4138717@1791401739.471750698
0.0.660108,1.39722362446689,SUCCESS,0.0.731861,0.0.3964804,0.0.4138717@1791401738.158608890
0.0.5705148,0.2828690312961109,SUCCESS,0.0.731861,0.0.3964804,0.0.4138717@1791401740.889777415
0.0.5733936,0.348140811129813,SUCCESS,0.0.731861,0.0.3964804,0.0.4138717@1791401741.381808098
0.0.990023,6.29585488490805e-9,SUCCESS,0.0.731861,0.0.3964804&0.0.5328590,0.0.4138717@1791401740.595554442
0.0.9221480,0.004857382674598718,SUCCESS,0.0.731861,0.0.3964804,0.0.4138717@1791401738.356451846
0.0.9275748,20.85927688991782,SUCCESS,0.0.731861,0.0.3964804&0.0.3964827,0.0.4138717@1791401738.311378489
0.0.9177141,0.24021907300142,NOT_ASSOCIATED,0.0.731861,0.0.3964804,
0.0.1403937,0.04040753060510513,SUCCESS,0.0.731861,0.0.3964804,0.0.4138717@1791401740.645788107
0.0.1118731,0.07064216378670383,SUCCESS,0.0.731861,0.0.3964804,0.0.4138717@1791401740.493913304
0.0.9196038,0.857118549812208,SUCCESS,0.0.731861,0.0.3964804,0.0.4138717@1791401742.520092200
0.0.1862342,1.541503939730072,SUCCESS,0.0.731861,0.0.3964804,0.0.4138717@1791401740.243363439
0.0.8113254,11.60719388687328,SUCCESS,0.0.731861,0.0.3964804&0.0.4601632&0.0.5328590,0.0.4138717@1791401743.183593041
0.0.6068301,0.460936652585388,SUCCESS,0.0.731861,0.0.3964804,0.0.4138717@1791401741.837134162
0.0.8323906,79.01322978161816,NOT_ASSOCIATED,0.0.731861,0.0.3964804,
0.0.9285770,0.5335594223042496,NOT_ASSOCIATED,0.0.731861,0.0.3964804,
0.0.8880678,0.1190485827535042,SUCCESS,0.0.731861,0.0.3964804,0.0.4138717@1791401744.168098930
0.0.9318048,0.07646275956574196,NOT_ASSOCIATED,0.0.731861,0.0.3964804,
0.0.4821795,2.053305289314773,SUCCESS,0.0.731861,0.0.3964804,0.0.4138717@1791401740.162446000
0.0.9367202,0.008896417405422807,NOT_ASSOCIATED,0.0.731861,0.0.3964804,
0.0.10076618,1.107391213110945,SUCCESS,0.0.731861,0.0.3964804,0.0.4138717@1791401742.442185666
0.0.7421912,0.1886649741826275,SUCCESS,0.0.731861,0.0.3964804,0.0.4138717@1791401743.833599088
0.0.3912896,0.8091923724848924,SUCCESS,0.0.731861,0.0.3964804,0.0.4138717@1791401740.883034627
0.0.4752954,1.143255484912881,SUCCESS,0.0.731861,0.0.3964804,0.0.4138717@1791401744.180728735
0.0.7777028,2.728073849847814,NOT_ASSOCIATED,0.0.731861,0.0.3964804,
0.0.5739319,4.202669466530038,SUCCESS,0.0.731861,0.0.3964804,0.0.4138717@1791401744.452184097
0.0.7791729,0.004154361335978694,NOT_ASSOCIATED,0.0.731861,0.0.3964804,
0.0.4250725,0.6542662452177789,SUCCESS,0.0.731861,0.0.3964804,0.0.4138717@1791401745.361123775
0.0.7570262,0.343588124078242,SUCCESS,0.0.731861,0.0.3964804,0.0.4138717@1791401741.674853504
0.0.7835479,0.3615966610151418,SUCCESS,0.0.731861,0.0.3964804&0.0.3964827,0.0.4138717@1791401743.475992581
0.0.1479857,4.788033138239533,SUCCESS,0.0.731861,0.0.3964804,0.0.4138717@1791401741.548141584
0.0.5042398,7.196807200086194,SUCCESS,0.0.731861,0.0.3964804,0.0.4138717@1791401744.754005668
0.0.5905014,1.665110394187617,SUCCESS,0.0.731861,0.0.3964804,0.0.4138717@1791401745.699013977
0.0.3947850,0.04797394885063667,SUCCESS,0.0.731861,0.0.3964804&0.0.5328590,0.0.4138717@1791401745.535435377
0.0.4899880,0.2856771667437844,SUCCESS,0.0.731861,0.0.3964804,0.0.4138717@1791401745.009899457
0.0.6612734,0.03266497689266019,NOT_ASSOCIATED,0.0.731861,0.0.3964804,
0.0.1233065,1.474739176828197,SUCCESS,0.0.731861,0.0.3964804,0.0.4138717@1791401746.213212151
0.0.4978453,36.31798425446605,SUCCESS,0.0.731861,0.0.3964804,0.0.4138717@1791401747.462912620
0.0.1859919,0.552910373761253,NOT_ASSOCIATED,0.0.731861,0.0.3964804,
0.0.7200618,0.08201488351227984,SUCCESS,0.0.731861,0.0.3964804,0.0.4138717@1791401746.262451353
0.0.3159220,4.38162171679157,SUCCESS,0.0.731861,0.0.3964804,0.0.4138717@1791401748.040521946
0.0.4595460,0.4695407699918989,SUCCESS,0.0.731861,0.0.3964804,0.0.4138717@1791401746.076281167
0.0.7896816,67.84023804273939,NOT_ASSOCIATED,0.0.731861,0.0.3964804,
0.0.5437974,4.342888201768289,SUCCESS,0.0.731861,0.0.3964804,0.0.4138717@1791401747.724254188
0.0.7610560,0.6474586732323482,NOT_ASSOCIATED,0.0.731861,0.0.3964804,
0.0.7638910,0.1927057838158998,SUCCESS,0.0.731861,0.0.3964804,0.0.4138717@1791401744.167064111
0.0.6256886,0.1920046974709118,SUCCESS,0.0.731861,0.0.3964804,0.0.4138717@1791401746.273123793
0.0.831661,10.93039111806711,SUCCESS,0.0.731861,0.0.3964804,0.0.4138717@1791401745.913890164
0.0.2557514,1.899862962521483,SUCCESS,0.0.731861,0.0.3964804,0.0.4138717@1791401747.836247131
0.0.4867972,0.1547400066637517,SUCCESS,0.0.731861,0.0.3964804,0.0.4138717@1791401748.414108723
0.0.8142528,0.1176949074159086,NOT_ASSOCIATED,0.0.731861,0.0.3964804,
0.0.8175769,1.002188894399707,SUCCESS,0.0.731861,0.0.3964804,0.0.4138717@1791401745.428148925
0.0.3273594,34.61104578504844,SUCCESS,0.0.731861,0.0.3964804,0.0.4138717@1791401746.982646913
0.0.8178093,0.4190766579431467,NOT_ASSOCIATED,0.0.731861,0.0.3964804,
0.0.1906790,0.05307290767099343,SUCCESS,0.0.731861,0.0.3964804,0.0.4138717@1791401749.695672496
0.0.5761971,0.0007299941613740675,SUCCESS,0.0.731861,0.0.3964804,0.0.4138717@1791401747.011278928
0.0.7997139,0.5008613995626281,SUCCESS,0.0.731861,0.0.3964804,0.0.4138717@1791401747.720754144
0.0.8209324,2.641355680456547,SUCCESS,0.0.731861,0.0.3964804,0.0.4138717@1791401746.065739356
0.0.833836,10.20184934393007,SUCCESS,0.0.731861,0.0.3964804,0.0.4138717@1791401748.810393688
0.0.7049977,0.03887939373723961,NOT_ASSOCIATED,0.0.731861,0.0.3964804,
0.0.2025203,0.3877558250133482,SUCCESS,0.0.731861,0.0.3964804,0.0.4138717@1791401748.718276810
0.0.7964752,0.01940848855274879,SUCCESS,0.0.731861,0.0.3964804,0.0.4138717@1791401747.439995912
0.0.8181079,172.5652173981934,SUCCESS,0.0.731861,0.0.3964804,0.0.4138717@1791401751.246277951
0.0.8298814,7.832614178480811,SUCCESS,0.0.731861,0.0.3964804,0.0.4138717@1791401749.107634507
0.0.8156060,0.4946449902318361,SUCCESS,0.0.731861,0.0.3964804,0.0.4138717@1791401750.844334555
0.0.8059253,6.941061165701806,SUCCESS,0.0.731861,0.0.3964804,0.0.4138717@1791401750.878991719
0.0.1481135,188.6495189766401,SUCCESS,0.0.731861,0.0.3964804&0.0.4601632,0.0.4138717@1791401748.680724812
0.0.7965413,0.004175994197954861,NOT_ASSOCIATED,0.0.731861,0.0.3964804,
0.0.8032303,0.2449055536329618,SUCCESS,0.0.731861,0.0.3964804,0.0.4138717@1791401750.692430342
0.0.7746903,0.3538982423613774,SUCCESS,0.0.731861,0.0.3964804,0.0.4138717@1791401748.561857564
0.0.7974195,174.7933729515988,SUCCESS,0.0.731861,0.0.3964804,0.0.4138717@1791401750.790907940
0.0.8056304,2.385340153507317,NOT_ASSOCIATED,0.0.731861,0.0.3964804,
0.0.7912110,0.001413260626959274,NOT_ASSOCIATED,0.0.731861,0.0.3964804,
0.0.6344703,16523.00401265571,SUCCESS,0.0.731861,0.0.3964804&0.0.4129330&0.0.6071041&0.0.6126395&0.0.8315114,0.0.4138717@1791401749.758315909
0.0.2477582,1.400120653089819,NOT_ASSOCIATED,0.0.731861,0.0.3964804,
0.0.834595,18.19646935902615,SUCCESS,0.0.731861,0.0.3964804&0.0.5328590,0.0.4138717@1791401750.196686498
0.0.8042105,0.4889283147237787,NOT_ASSOCIATED,0.0.731861,0.0.3964804,
0.0.7913251,0.2933018030236902,SUCCESS,0.0.731861,0.0.3964804,0.0.4138717@1791401750.759846585
0.0.4746343,0.007577145987603047,SUCCESS,0.0.731861,0.0.3964804,0.0.4138717@1791401749.044875587
0.0.5007636,0.4198252545918373,NOT_ASSOCIATED,0.0.731861,0.0.3964804,
0.0.4368518,0.6341893247048875,SUCCESS,0.0.731861,0.0.3964804,0.0.4138717@1791401750.164185033
0.0.3023498,4.392215377007621,SUCCESS,0.0.731861,0.0.3964804,0.0.4138717@1791401750.444870574
0.0.4341116,4.627302783793915,SUCCESS,0.0.731861,0.0.3964804,0.0.4138717@1791401753.737766283
0.0.4329185,16.99075207020758,SUCCESS,0.0.731861,0.0.3964804,0.0.4138717@1791401754.907587205
0.0.1440806,67.35217741020587,SUCCESS,0.0.731861,0.0.3964804,0.0.4138717@1791401752.939479199
0.0.4350498,0.00003169870983605959,SUCCESS,0.0.731861,0.0.3964804,0.0.4138717@1791401754.960903753
0.0.1728462,1.170745095890296,SUCCESS,0.0.731861,0.0.3964804,0.0.4138717@1791401754.812049153
0.0.4360122,1.598575277429749,SUCCESS,0.0.731861,0.0.3964804,0.0.4138717@1791401753.068145676
0.0.4351860,10.07610166393729,NOT_ASSOCIATED,0.0.731861,0.0.3964804,
0.0.4333378,0.1492840230740984,SUCCESS,0.0.731861,0.0.3964804,0.0.4138717@1791401753.933908666
0.0.4356553,0.2289521479011227,SUCCESS,0.0.731861,0.0.3964804,0.0.4138717@1791401755.487832304
0.0.835055,0.03218308277163218,SUCCESS,0.0.731861,0.0.3964804,0.0.4138717@1791401754.573657713
0.0.4535053,29.09234627773138,SUCCESS,0.0.731861,0.0.3964804,0.0.4138717@1791401754.435766404
0.0.4229971,4.502530265860731,SUCCESS,0.0.731861,0.0.3964804,0.0.4138717@1791401756.000809307
0.0.3100704,2296.41220669685,SUCCESS,0.0.731861,0.0.3964804&0.0.3964860&0.0.4601632&0.0.5328590,0.0.4138717@1791401754.330708111
0.0.1860252,0.0844325733542361,SUCCESS,0.0.731861,0.0.3964804,0.0.4138717@1791401754.693310549
0.0.3872024,22.07005526653713,SUCCESS,0.0.731861,0.0.3964804,0.0.4138717@1791401752.744044200
0.0.1121794,1.994752280503405,SUCCESS,0.0.731861,0.0.3964804,0.0.4138717@1791401754.673405335
0.0.1350500,12.59244614448662,SUCCESS,0.0.731861,0.0.3964804&0.0.6071119&0.0.6078473,0.0.4138717@1791401753.803639821
0.0.1104374,260.7156381335118,SUCCESS,0.0.731861,0.0.3964804,0.0.4138717@1791401753.666294634
0.0.3945405,0.005154252932199025,SUCCESS,0.0.731861,0.0.3964804,0.0.4138717@1791401757.176351190
0.0.1048940,31.29793113947416,SUCCESS,0.0.731861,0.0.3964804&0.0.5328590,0.0.4138717@1791401756.995770771
0.0.3291464,0.1763910754914737,SUCCESS,0.0.731861,0.0.3964804,0.0.4138717@1791401755.507276725
0.0.815643,27.70045142280046,SUCCESS,0.0.731861,0.0.3964804,0.0.4138717@1791401758.540753502
0.0.4337103,0.01824257319880045,SUCCESS,0.0.731861,0.0.3964804,0.0.4138717@1791401757.653083035
0.0.1088670,3.993372529279727,SUCCESS,0.0.731861,0.0.3964804,0.0.4138717@1791401758.809856349
0.0.4345654,314.5290491167127,SUCCESS,0.0.731861,0.0.3964804,0.0.4138717@1791401759.088619119
0.0.4345412,0.441202035154203,SUCCESS,0.0.731861,0.0.3964804,0.0.4138717@1791401757.711051438
0.0.4346529,29.33998862524093,SUCCESS,0.0.731861,0.0.3964804,0.0.4138717@1791401757.093499766
0.0.1092596,11.06547655211148,SUCCESS,0.0.731861,0.0.3964804&0.0.3964860&0.0.4601632,0.0.4138717@1791401759.365401516
0.0.5698429,0.1713984638093479,SUCCESS,0.0.731861,0.0.3964804,0.0.4138717@1791401755.546357374
0.0.5495538,17.59631763216729,SUCCESS,0.0.731861,0.0.3964804&0.0.3964860&0.0.4601632,0.0.4138717@1791401758.283949389
0.0.4533464,1.118427359429417,SUCCESS,0.0.731861,0.0.3964804,0.0.4138717@1791401758.215925059
0.0.859649,1.055055698256435,SUCCESS,0.0.731861,0.0.3964804,0.0.4138717@1791401760.217676821
0.0.5147407,3.2891359345802,SUCCESS,0.0.731861,0.0.3964804,0.0.4138717@1791401757.356592237
0.0.796454,197.5953487432493,SUCCESS,0.0.731861,0.0.3964804,0.0.4138717@1791401758.264068379
0.0.3937438,2.533554394491438,SUCCESS,0.0.731861,0.0.3964804,0.0.4138717@1791401761.149534010
0.0.5023507,4.427899104132723,SUCCESS,0.0.731861,0.0.3964804&0.0.4601632,0.0.4138717@1791401759.733070039
0.0.4589167,0.1385197630670935,NOT_ASSOCIATED,0.0.731861,0.0.3964804,
0.0.4093788,18.36557885589675,SUCCESS,0.0.731861,0.0.3964804,0.0.4138717@1791401759.233637005
0.0.4351736,0.1324981544463704,SUCCESS,0.0.731861,0.0.3964804,0.0.4138717@1791401759.829636712
0.0.4717832,1.875951093168206,SUCCESS,0.0.731861,0.0.3964804,0.0.4138717@1791401757.508871591
0.0.4358173,217.235093196351,SUCCESS,0.0.731861,0.0.3964804&0.0.4601632&0.0.6126395,0.0.4138717@1791401761.078628175
0.0.3967246,3.164029144320388,SUCCESS,0.0.731861,0.0.3964804,0.0.4138717@1791401759.469006188
0.0.2101943,0.01143212902557851,SUCCESS,0.0.731861,0.0.3964804,0.0.4138717@1791401759.246966382
0.0.1357334,1.104615633987013,SUCCESS,0.0.731861,0.0.3964804,0.0.4138717@1791401761.409824584
0.0.3165925,0.5411105106427367,SUCCESS,0.0.731861,0.0.3964804,0.0.4138717@1791401759.757122078
0.0.1353334,0.4142126657538266,SUCCESS,0.0.731861,0.0.3964804,0.0.4138717@1791401762.869837456
0.0.833050,0.4415418993480309,SUCCESS,0.0.731861,0.0.3964804,0.0.4138717@1791401759.484008569
0.0.1402758,7.275055928833503,SUCCESS,0.0.731861,0.0.3964804,0.0.4138717@1791401760.015004635
0.0.728698,13.27031198301309,SUCCESS,0.0.731861,0.0.3964804&0.0.4601632,0.0.4138717@1791401763.817938598
0.0.4327294,0.1407331081263805,SUCCESS,0.0.731861,0.0.3964804,0.0.4138717@1791401764.012405275
0.0.838198,16.92706017740473,SUCCESS,0.0.731861,0.0.3964804&0.0.3964855&0.0.4601632,0.0.4138717@1791401760.009807938
0.0.5315914,14.47199229048164,SUCCESS,0.0.731861,0.0.3964804,0.0.4138717@1791401761.404348670
0.0.5421455,0.0358028377745583,SUCCESS,0.0.731861,0.0.3964804,0.0.4138717@1791401760.546040538
0.0.1369825,746.2874457511621,SUCCESS,0.0.731861,0.0.3964804&0.0.3964827&0.0.4601632&0.0.6071041&0.0.6126395,0.0.4138717@1791401761.168014395
0.0.6076526,3.946873494913067,SUCCESS,0.0.731861,0.0.3964804,0.0.4138717@1791401763.133562077
0.0.1321462,1.72190592275931,SUCCESS,0.0.731861,0.0.3964804,0.0.4138717@1791401761.787363302
0.0.732615,4405.670645453631,SUCCESS,0.0.731861,0.0.3964804,0.0.4138717@1791401761.048401770
0.0.7553528,772.693271041553,SUCCESS,0.0.731861,0.0.3964804,0.0.4138717@1791401763.415703455
0.0.8265691,46.91076668927741,SUCCESS,0.0.731861,0.0.3964804,0.0.4138717@1791401764.524678438
0.0.965222,49.78380147434775,SUCCESS,0.0.731861,0.0.3964804,0.0.4138717@1791401763.223364447
0.0.10227517,4.034535989143765,SUCCESS,0.0.731861,0.0.3964804,0.0.4138717@1791401762.402923486
0.0.8131527,0.03305438947390319,NOT_ASSOCIATED,0.0.731861,0.0.3964804,
0.0.684625,24.00500972938143,SUCCESS,0.0.731861,0.0.3964804,0.0.4138717@1791401765.058448758
0.0.479120,3843.418999305119,SUCCESS,0.0.731861,0.0.3964804&0.0.3964827&0.0.4129330,0.0.4138717@1791401763.961079118
0.0.1022050,96.51600017869808,SUCCESS,0.0.731861,0.0.3964804,0.0.4138717@1791401764.014677288
0.0.9112742,2.040908542485438,SUCCESS,0.0.731861,0.0.3964804,0.0.4138717@1791401765.545537578
0.0.1478185,21.81034125185359,SUCCESS,0.0.731861,0.0.3964804,0.0.4138717@1791401763.609083875
0.0.885953,286.3120617460389,SUCCESS,0.0.731861,0.0.3964804,0.0.4138717@1791401763.183987291
0.0.7865510,2854.329288870205,SUCCESS,0.0.731861,0.0.3964804&0.0.6071911,0.0.4138717@1791401764.863761843
0.0.3327498,15.33133979204867,SUCCESS,0.0.731861,0.0.3964804,0.0.4138717@1791401766.845334291
0.0.4393392,1.154526466876371,NOT_ASSOCIATED,0.0.731861,0.0.3964804,
0.0.10584246,0.01451285853651426,SUCCESS,0.0.731861,0.0.3964804,0.0.4138717@1791401765.862259765
0.0.10035851,230.0966528309083,SUCCESS,0.0.731861,0.0.3964804,0.0.4138717@1791401766.189699596
0.0.1441792,133.288691683787,SUCCESS,0.0.731861,0.0.3964804,0.0.4138717@1791401767.775781030
0.0.3288713,39.50680870329407,SUCCESS,0.0.731861,0.0.3964804,0.0.4138717@1791401764.651632815
0.0.8273575,99.01517370967038,SUCCESS,0.0.731861,0.0.3964804,0.0.4138717@1791401768.677933406
0.0.7581801,1.201478925595443,SUCCESS,0.0.731861,0.0.3964804,0.0.4138717@1791401764.996362304
0.0.9723125,90.73040478657649,SUCCESS,0.0.731861,0.0.3964804,0.0.4138717@1791401767.184694948
0.0.1686527,1.245699562796832,SUCCESS,0.0.731861,0.0.3964804,0.0.4138717@1791401769.051666337
0.0.1120388,0.6672419583518719,SUCCESS,0.0.731861,0.0.3964804,0.0.4138717@1791401768.720106042
0.0.6078189,36.9121866326762,SUCCESS,0.0.731861,0.0.3964804,0.0.4138717@1791401769.315421799
0.0.8213379,0.01136123606835699,SUCCESS,0.0.731861,0.0.3964804,0.0.4138717@1791401770.294852919
0.0.3709566,5.412193963022457,SUCCESS,0.0.731861,0.0.3964804,0.0.4138717@1791401770.036054848
0.0.8023334,32.99944626518688,SUCCESS,0.0.731861,0.0.3964804,0.0.4138717@1791401769.004579109
0.0.835670,11.56008749682919,SUCCESS,0.0.731861,0.0.3964804&0.0.4601632,0.0.4138717@1791401769.740380094
0.0.1088394,332.1607557254445,SUCCESS,0.0.731861,0.0.3964804&0.0.3964860&0.0.5328590&0.0.6078473,0.0.4138717@1791401772.174304753
0.0.1448131,2.197203502511161,SUCCESS,0.0.731861,0.0.3964804,0.0.4138717@1791401771.364013632
0.0.859565,18.1851726859198,SUCCESS,0.0.731861,0.0.3964804&0.0.10498278,0.0.4138717@1791401773.325325110
0.0.664593,28.11565642605609,SUCCESS,0.0.731861,0.0.3964804,0.0.4138717@1791401771.466709444
0.0.836096,12.25859985048695,SUCCESS,0.0.731861,0.0.3964804,0.0.4138717@1791401773.452596636
0.0.4138268,28.01770373946238,SUCCESS,0.0.731861,0.0.3964804,0.0.4138717@1791401769.371982681
0.0.1432019,28.72120249824422,SUCCESS,0.0.731861,0.0.3964804,0.0.4138717@1791401773.669706958
0.0.1268672,16.04543829904316,SUCCESS,0.0.731861,0.0.3964804,0.0.4138717@1791401772.756877647
0.0.1877641,5.447120630809048,SUCCESS,0.0.731861,0.0.3964804,0.0.4138717@1791401771.973947102
0.0.1097802,19.11144081837046,SUCCESS,0.0.731861,0.0.3964804,0.0.4138717@1791401772.859502229
0.0.3768895,0.01541000553338259,SUCCESS,0.0.731861,0.0.3964804,0.0.4138717@1791401770.080317453
0.0.4184148,0.5430036553481109,SUCCESS,0.0.731861,0.0.3964804,0.0.4138717@1791401772.118968444
0.0.1313705,8.806608814954009,SUCCESS,0.0.731861,0.0.3964804,0.0.4138717@1791401772.308828032
0.0.7776311,0.1429483980799282,SUCCESS,0.0.731861,0.0.3964804,0.0.4138717@1791401770.469564362
0.0.10056907,1.066182216013145,SUCCESS,0.0.731861,0.0.3964804,0.0.4138717@1791401771.216762775
0.0.859149,344.4418489596414,SUCCESS,0.0.731861,0.0.3964804,0.0.4138717@1791401771.623733260
0.0.2216740,123.1400911072254,SUCCESS,0.0.731861,0.0.3964804,0.0.4138717@1791401771.386122295
0.0.6258659,135.5372054555534,SUCCESS,0.0.731861,0.0.3964804,0.0.4138717@1791401771.676243214
0.0.1067361,2134.875439078528,SUCCESS,0.0.731861,0.0.3964804,0.0.4138717@1791401773.595446172
0.0.4965217,1.0451946561588,SUCCESS,0.0.731861,0.0.3964804,0.0.4138717@1791401774.956761736
0.0.1512214,0.2684753882131,SUCCESS,0.0.731861,0.0.3964804&0.0.4601632,0.0.4138717@1791401772.203139546
0.0.1198079,595.778714924149,SUCCESS,0.0.731861,0.0.3964804,0.0.4138717@1791401772.440029333
0.0.481717,1.886832167573351,SUCCESS,0.0.731861,0.0.3964804,0.0.4138717@1791401774.673450065
0.0.1088074,236.6129507124614,SUCCESS,0.0.731861,0.0.3964804&0.0.3964860&0.0.4601632,0.0.4138717@1791401776.121644960
0.0.837554,1203.401052404097,SUCCESS,0.0.731861,0.0.3964804&0.0.3964860&0.0.4601632&0.0.10093026,0.0.4138717@1791401777.400645073
0.0.3847179,4.179604436035556,SUCCESS,0.0.731861,0.0.3964804,0.0.4138717@1791401774.080282759
0.0.8076778,0.01170757857013132,SUCCESS,0.0.731861,0.0.3964804,0.0.4138717@1791401775.123242400
0.0.2964523,204.3208026668775,SUCCESS,0.0.731861,0.0.3964804&0.0.3964860,0.0.4138717@1791401777.797509078
0.0.8083173,3.428734802181951,SUCCESS,0.0.731861,0.0.3964804,0.0.4138717@1791401775.193705961
0.0.4388693,1.140618189411108,SUCCESS,0.0.731861,0.0.3964804&0.0.4601632,0.0.4138717@1791401774.761070493
0.0.4315395,0.6516189084784764,SUCCESS,0.0.731861,0.0.3964804,0.0.4138717@1791401776.792613069
0.0.8131537,2.915895358752803,SUCCESS,0.0.731861,0.0.3964804,0.0.4138717@1791401777.894429960
0.0.1467538,1.82101251356707,SUCCESS,0.0.731861,0.0.3964804,0.0.4138717@1791401776.042874115
0.0.6313326,56.94897390874925,SUCCESS,0.0.731861,0.0.3964804,0.0.4138717@1791401775.736189413
0.0.981571,0.5069530628660744,SUCCESS,0.0.731861,0.0.3964804,0.0.4138717@1791401779.040129827
0.0.7732467,10.67024163146677,SUCCESS,0.0.731861,0.0.3964804&0.0.3964827,0.0.4138717@1791401779.445936032
0.0.7924085,0.1299574656249907,SUCCESS,0.0.731861,0.0.3964804,0.0.4138717@1791401774.920854537
0.0.844131,2.106428557357374,SUCCESS,0.0.731861,0.0.3964804,0.0.4138717@1791401778.229928805
0.0.6294131,0.0002029539097410251,SUCCESS,0.0.731861,0.0.3964804,0.0.4138717@1791401778.235874094
0.0.7965335,13.02897598207188,NOT_ASSOCIATED,0.0.731861,0.0.3964804,
0.0.2116216,28.49889092786427,SUCCESS,0.0.731861,0.0.3964804,0.0.4138717@1791401778.701499083
0.0.1754370,0.2780601132256471,SUCCESS,0.0.731861,0.0.3964804,0.0.4138717@1791401778.450257071
0.0.5112630,2.321335259301448,SUCCESS,0.0.731861,0.0.3964804,0.0.4138717@1791401777.215343141
0.0.7937765,6.829928458476808,NOT_ASSOCIATED,0.0.731861,0.0.3964804,
0.0.6343911,9.638766072745314,SUCCESS,0.0.731861,0.0.3964804,0.0.4138717@1791401777.197758125
0.0.7703838,0.06483223099714061,SUCCESS,0.0.731861,0.0.3964804,0.0.4138717@1791401776.977658054
0.0.7961490,1.24323666252922,NOT_ASSOCIATED,0.0.731861,0.0.3964804,
0.0.3384906,32.19225553676785,SUCCESS,0.0.731861,0.0.3964804,0.0.4138717@1791401779.168503066
0.0.7965412,0.02294858904363021,NOT_ASSOCIATED,0.0.731861,0.0.3964804,
0.0.710849,0.1264910161787876,SUCCESS,0.0.731861,0.0.3964804,0.0.4138717@1791401776.780952423
0.0.8227507,3.389419874870262,SUCCESS,0.0.731861,0.0.3964804,0.0.4138717@1791401781.149652213
0.0.4861986,1.003241494237681,SUCCESS,0.0.731861,0.0.3964804,0.0.4138717@1791401778.033452280
0.0.7916029,107.5572645236875,SUCCESS,0.0.731861,0.0.3964804,0.0.4138717@1791401780.006047321
0.0.838388,1981.654564229006,SUCCESS,0.0.731861,0.0.3964804,0.0.4138717@1791401777.529411309
0.0.2891280,5.287455690203206,NOT_ASSOCIATED,0.0.731861,0.0.3964804,
0.0.7732676,106.363647870759,SUCCESS,0.0.731861,0.0.3964804,0.0.4138717@1791401779.230639165
0.0.4804985,1.222563963177592,SUCCESS,0.0.731861,0.0.3964804,0.0.4138717@1791401778.721628308
0.0.1673276,449.0521810995862,SUCCESS,0.0.731861,0.0.3964804&0.0.5328590,0.0.4138717@1791401781.928041184
0.0.8551680,9.11566507102566,SUCCESS,0.0.731861,0.0.3964804&0.0.5328590,0.0.4138717@1791401779.222132255
0.0.4319619,0.7457877056243012,SUCCESS,0.0.731861,0.0.3964804,0.0.4138717@1791401781.878363585
0.0.4838474,23.02925761398604,SUCCESS,0.0.731861,0.0.3964804&0.0.5328590,0.0.4138717@1791401781.184081591
0.0.7550116,0.5471043779987605,NOT_ASSOCIATED,0.0.731861,0.0.3964804,
0.0.8382708,0.03819220990530492,SUCCESS,0.0.731861,0.0.3964804,0.0.4138717@1791401779.473691832
0.0.7920736,10.25390831138813,SUCCESS,0.0.731861,0.0.3964804,0.0.4138717@1791401779.666433316
0.0.919311,808.0886520874985,NOT_ASSOCIATED,0.0.731861,0.0.3964804,
0.0.8120693,9.314772243193508,SUCCESS,0.0.731861,0.0.3964804,0.0.4138717@1791401779.433752224
0.0.1681033,1.578779236683171,SUCCESS,0.0.731861,0.0.3964804,0.0.4138717@1791401783.653117558
0.0.5719491,0.3730473075759659,SUCCESS,0.0.731861,0.0.3964804,0.0.4138717@1791401781.581046371
0.0.6045318,2.526701229856598,SUCCESS,0.0.731861,0.0.3964804,0.0.4138717@1791401783.368034920
0.0.2185671,0.6092895832091124,SUCCESS,0.0.731861,0.0.3964804,0.0.4138717@1791401784.666976271
0.0.1056579,35.12115879927021,SUCCESS,0.0.731861,0.0.3964804,0.0.4138717@1791401780.818919817
0.0.8717466,0.01166148874843326,SUCCESS,0.0.731861,0.0.3964804,0.0.4138717@1791401780.739425749
0.0.4724806,221.0450309093353,SUCCESS,0.0.731861,0.0.3964804&0.0.5328590,0.0.4138717@1791401784.316839355
0.0.6148704,0.5289550828387747,NOT_ASSOCIATED,0.0.731861,0.0.3964804,
0.0.3241611,2.830479513988777,SUCCESS,0.0.731861,0.0.3964804,0.0.4138717@1791401781.498260207
0.0.7938061,0.3903906768830033,SUCCESS,0.0.731861,0.0.3964804,0.0.4138717@1791401784.863768747
0.0.8002341,1.725227186181356,SUCCESS,0.0.731861,0.0.3964804,0.0.4138717@1791401784.485793380
0.0.7166497,0.4708968733507755,SUCCESS,0.0.731861,0.0.3964804,0.0.4138717@1791401781.397786080
0.0.8209705,0.8138390794401958,SUCCESS,0.0.731861,0.0.3964804,0.0.4138717@1791401782.843416735
0.0.1404010,0.01424339964446986,NOT_ASSOCIATED,0.0.731861,0.0.3964804,
0.0.1261132,2.556539048938477,SUCCESS,0.0.731861,0.0.3964804,0.0.4138717@1791401781.970175087
0.0.7816479,436.2445078291296,SUCCESS,0.0.731861,0.0.3964804&0.0.8315114,0.0.4138717@1791401782.703783692
0.0.3240624,0.01420009602063962,SUCCESS,0.0.731861,0.0.3964804,0.0.4138717@1791401785.070798784
0.0.7285744,0.1476942839685779,SUCCESS,0.0.731861,0.0.3964804,0.0.4138717@1791401786.125332694
0.0.4743054,1.348179257437162,SUCCESS,0.0.731861,0.0.3964804&0.0.8315114,0.0.4138717@1791401785.670459931
0.0.7920282,0.03911408125517023,SUCCESS,0.0.731861,0.0.3964804,0.0.4138717@1791401783.311956237
0.0.658160,4.135863294062289,SUCCESS,0.0.731861,0.0.3964804&0.0.8315114,0.0.4138717@1791401783.965676114
0.0.6475509,1.292425253459544,SUCCESS,0.0.731861,0.0.3964804,0.0.4138717@1791401783.766455800
0.0.3048811,3119.119549145476,SUCCESS,0.0.731861,0.0.3964804&0.0.4601632&0.0.5328590&0.0.6071041,0.0.4138717@1791401785.379114658
0.0.4314332,31.92637598032291,SUCCESS,0.0.731861,0.0.3964804,0.0.4138717@1791401784.293191597
0.0.6416166,5.287239379221537,SUCCESS,0.0.731861,0.0.3964804,0.0.4138717@1791401787.472054372
0.0.2967389,3.44641244115668,SUCCESS,0.0.731861,0.0.3964804,0.0.4138717@1791401788.297928461
0.0.6270761,237.2396213626377,SUCCESS,0.0.731861,0.0.3964804,0.0.4138717@1791401785.967384969
0.0.6004536,0.4310567788709606,SUCCESS,0.0.731861,0.0.3964804,0.0.4138717@1791401785.863813036
0.0.7450449,3.182898860559499,NOT_ASSOCIATED,0.0.731861,0.0.3964804,
0.0.6828202,183.4781988545572,SUCCESS,0.0.731861,0.0.3964804&0.0.4601632,0.0.4138717@1791401787.044470093
0.0.662621,3.223797107711056,SUCCESS,0.0.731861,0.0.3964804,0.0.4138717@1791401786.205533156
0.0.7312670,7.594948667695534,SUCCESS,0.0.731861,0.0.3964804,0.0.4138717@1791401788.050630370
0.0.4815771,46.89014953126138,SUCCESS,0.0.731861,0.0.3964804,0.0.4138717@1791401787.712029564
0.0.1124401,14.00653309232325,SUCCESS,0.0.731861,0.0.3964804,0.0.4138717@1791401785.222499817
0.0.3687848,44.61716957265069,SUCCESS,0.0.731861,0.0.3964804,0.0.4138717@1791401787.723523636
0.0.5957030,10.27255609957893,NOT_ASSOCIATED,0.0.731861,0.0.3964804,
0.0.4766862,3.684441909760345,SUCCESS,0.0.731861,0.0.3964804,0.0.4138717@1791401787.987341365
0.0.805713,58.70123747563833,SUCCESS,0.0.731861,0.0.3964804,0.0.4138717@1791401787.036967313
0.0.5068116,0.3019238712439156,NOT_ASSOCIATED,0.0.731861,0.0.3964804,
0.0.753351,2.384071842096909,SUCCESS,0.0.731861,0.0.3964804,0.0.4138717@1791401786.076449653
0.0.6139137,5.520804447596352,SUCCESS,0.0.731861,0.0.3964804,0.0.4138717@1791401788.670666474
0.0.6154587,39.89774580087334,SUCCESS,0.0.731861,0.0.3964804,0.0.4138717@1791401789.164338771
0.0.6275653,0.1003531387309425,SUCCESS,0.0.731861,0.0.3964804,0.0.4138717@1791401787.467726964
0.0.433061,2.218670204740427,SUCCESS,0.0.731861,0.0.3964804&0.0.3964860,0.0.4138717@1791401786.888422884
0.0.1463629,0.2647742681047026,SUCCESS,0.0.731861,0.0.3964804,0.0.4138717@1791401787.647277192
0.0.6852334,8.02529717472299,SUCCESS,0.0.731861,0.0.3964804,0.0.4138717@1791401787.103758554
0.0.7798912,16.93864946175744,SUCCESS,0.0.731861,0.0.3964804,0.0.4138717@1791401791.465153813
0.0.4566469,6.845756819782469,SUCCESS,0.0.731861,0.0.3964804,0.0.4138717@1791401792.032252159
0.0.887612,13.61743813772606,SUCCESS,0.0.731861,0.0.3964804,0.0.4138717@1791401788.781165581
0.0.811739,207.7534295902373,SUCCESS,0.0.731861,0.0.3964804&0.0.5328590,0.0.4138717@1791401791.732568327
0.0.1463093,7.3186990677165,SUCCESS,0.0.731861,0.0.3964804,0.0.4138717@1791401792.122044255
0.0.4504544,63.69934167392272,SUCCESS,0.0.731861,0.0.3964804,0.0.4138717@1791401788.585491260
0.0.2004450,0.4610317186240739,SUCCESS,0.0.731861,0.0.3964804,0.0.4138717@1791401788.978893852
0.0.1337171,398.3515697615666,SUCCESS,0.0.731861,0.0.3964804&0.0.3964827&0.0.3964860&0.0.4601632&0.0.6071911,0.0.4138717@1791401790.202889240
0.0.862835,286.6183257677767,SUCCESS,0.0.731861,0.0.3964804&0.0.3964827&0.0.6071911,0.0.4138717@1791401789.339880093
0.0.3916542,0.2337449276340415,SUCCESS,0.0.731861,0.0.3964804,0.0.4138717@1791401792.729870248
0.0.791414,2.606528383671754,SUCCESS,0.0.731861,0.0.3964804,0.0.4138717@1791401790.891999487
0.0.1746011,12.4848664727313,SUCCESS,0.0.731861,0.0.3964804,0.0.4138717@1791401791.718128281
0.0.4883729,2.553708309304776,SUCCESS,0.0.731861,0.0.3964804,0.0.4138717@1791401791.956610982
0.0.4312267,43.29068886643267,SUCCESS,0.0.731861,0.0.3964804,0.0.4138717@1791401793.645498672
0.0.2150506,0.2382013989293231,SUCCESS,0.0.731861,0.0.3964804,0.0.4138717@1791401793.872847511
0.0.496172,8.571098518798847,SUCCESS,0.0.731861,0.0.3964804,0.0.4138717@1791401793.224332804
0.0.794930,0.4187910904222594,SUCCESS,0.0.731861,0.0.3964804,0.0.4138717@1791401794.920510363
0.0.7631749,0.009464554512959753,SUCCESS,0.0.731861,0.0.3964804,0.0.4138717@1791401793.508456101
0.0.3872629,3.809115077136543,SUCCESS,0.0.731861,0.0.3964804,0.0.4138717@1791401795.078351403
0.0.1524063,25.2209188742933,SUCCESS,0.0.731861,0.0.3964804,0.0.4138717@1791401794.843490175
0.0.7290965,3.74831257436553,SUCCESS,0.0.731861,0.0.3964804,0.0.4138717@1791401791.801942768
0.0.7662545,0.0335317170813298,NOT_ASSOCIATED,0.0.731861,0.0.3964804,
0.0.4887338,4.809345169914862,SUCCESS,0.0.731861,0.0.3964804,0.0.4138717@1791401793.966847540
0.0.8903303,3.24617693887317,FAIL,0.0.731861,0.0.3964804,
0.0.838791,7.994590332675068,SUCCESS,0.0.731861,0.0.3964804,0.0.4138717@1791401792.534328464
0.0.7710235,0.9496681684842052,SUCCESS,0.0.731861,0.0.3964804,0.0.4138717@1791401795.165592988
0.0.4431727,1.175081798194029,SUCCESS,0.0.731861,0.0.3964804&0.0.3964827,0.0.4138717@1791401793.374717851
0.0.1359581,158.7064654924126,SUCCESS,0.0.731861,0.0.3964804&0.0.3964827,0.0.4138717@1791401794.114394471
0.0.1486421,13.73618229617788,SUCCESS,0.0.731861,0.0.3964804,0.0.4138717@1791401794.328557889
0.0.8177816,3.297842567163801,SUCCESS,0.0.731861,0.0.3964804,0.0.4138717@1791401796.686942417
0.0.7809201,0.0005004459259824516,SUCCESS,0.0.731861,0.0.3964804,0.0.4138717@1791401796.366255670
0.0.8002619,1.656635581732531,SUCCESS,0.0.731861,0.0.3964804,0.0.4138717@1791401795.300387309
0.0.7931472,1.055219091144661,SUCCESS,0.0.731861,0.0.3964804,0.0.4138717@1791401795.676617782
0.0.8068660,0.03993870548835059,SUCCESS,0.0.731861,0.0.3964804,0.0.4138717@1791401797.053126106
0.0.1181772,0.333665371818975,SUCCESS,0.0.731861,0.0.3964804&0.0.6126395,0.0.4138717@1791401797.116792260
0.0.8104363,1661.12947976651,SUCCESS,0.0.731861,0.0.3964804,0.0.4138717@1791401795.803068816
0.0.8115823,0.6262029224426121,SUCCESS,0.0.731861,0.0.3964804,0.0.4138717@1791401796.472957636
0.0.8120088,1.680142024838062,SUCCESS,0.0.731861,0.0.3964804,0.0.4138717@1791401796.933629752
0.0.2015584,25.00142031401704,SUCCESS,0.0.731861,0.0.3964804,0.0.4138717@1791401798.863286458
0.0.7098838,3.758352398907835,SUCCESS,0.0.731861,0.0.3964804,0.0.4138717@1791401799.097734661
0.0.8146497,10.43923824656473,SUCCESS,0.0.731861,0.0.3964804&0.0.5328590,0.0.4138717@1791401796.720858197
0.0.8152447,4.016197147784489,SUCCESS,0.0.731861,0.0.3964804,0.0.4138717@1791401797.692097391
0.0.8304314,0.4062286425176992,SUCCESS,0.0.731861,0.0.3964804,0.0.4138717@1791401799.340784477
0.0.8548028,0.001965687977824488,SUCCESS,0.0.731861,0.0.3964804,0.0.4138717@1791401799.937140950
0.0.8241599,10.84939353362507,SUCCESS,0.0.731861,0.0.3964804,0.0.4138717@1791401796.897435375
0.0.8602366,8.289637457125718,SUCCESS,0.0.731861,0.0.3964804,0.0.4138717@1791401799.224375399
0.0.8640197,537.1790195475098,SUCCESS,0.0.731861,0.0.3964804,0.0.4138717@1791401798.450214024
0.0.8673292,127.1733281114573,SUCCESS,0.0.731861,0.0.3964804,0.0.4138717@1791401798.919467558
0.0.8383256,0.003489323719239328,SUCCESS,0.0.731861,0.0.3964804,0.0.4138717@1791401800.287428172
0.0.10008144,50.74847381099624,SUCCESS,0.0.731861,0.0.3964804,0.0.4138717@1791401798.845857673
0.0.3450,0.5300538691959342,SUCCESS,0.0.731861,0.0.3964804,0.0.4138717@1791401800.873519601
0.0.6064013,14.30329787128642,SUCCESS,0.0.731861,0.0.3964804,0.0.4138717@1791401800.059834455
0.0.6063136,0.04352674188460597,SUCCESS,0.0.731861,0.0.3964804,0.0.4138717@1791401801.767861522
0.0.5742160,30.08063347265607,SUCCESS,0.0.731861,0.0.3964804,0.0.4138717@1791401802.651477865
0.0.1956746,0.2564721349630242,SUCCESS,0.0.731861,0.0.3964804,0.0.4138717@1791401802.858202255
0.0.5804427,13.34658526874978,SUCCESS,0.0.731861,0.0.3964804&0.0.4601632,0.0.4138717@1791401802.509932869
0.0.6334018,4.641783230911902,SUCCESS,0.0.731861,0.0.3964804,0.0.4138717@1791401801.876789535
0.0.4561752,7.506521222147683,SUCCESS,0.0.731861,0.0.3964804&0.0.5328590&0.0.6071041,0.0.4138717@1791401800.499457031
0.0.5957081,2.450087231242076,SUCCESS,0.0.731861,0.0.3964804,0.0.4138717@1791401799.913406573
0.0.8113026,1.780459697360373,SUCCESS,0.0.731861,0.0.3964804&0.0.5328590,0.0.4138717@1791401800.149877180
0.0.9034617,0.4208084812458014,SUCCESS,0.0.731861,0.0.3964804,0.0.4138717@1791401800.688461285
0.0.10076786,0.1784389217432253,SUCCESS,0.0.731861,0.0.3964804,0.0.4138717@1791401801.410323084
0.0.10096700,0.01731765685958061,SUCCESS,0.0.731861,0.0.3964804,0.0.4138717@1791401805.104069277
0.0.10113345,0.05171914107848814,SUCCESS,0.0.731861,0.0.3964804,0.0.4138717@1791401803.798434392
0.0.1067824,4.86090292130944,SUCCESS,0.0.731861,0.0.3964804,0.0.4138717@1791401804.285781632
0.0.1114728,0.0458529050748239,SUCCESS,0.0.731861,0.0.3964804,0.0.4138717@1791401802.552717287
0.0.4914022,4.579846665032936,SUCCESS,0.0.731861,0.0.3964804,0.0.4138717@1791401806.333350701
0.0.4766806,136.1407960157127,SUCCESS,0.0.731861,0.0.3964804,0.0.4138717@1791401806.483919880
0.0.7789171,4.523893024538231,SUCCESS,0.0.731861,0.0.3964804,0.0.4138717@1791401802.381704581
0.0.590682,0.1534565549514454,SUCCESS,0.0.731861,0.0.3964804,0.0.4138717@1791401804.847428502
0.0.10088400,2.204891592363455,SUCCESS,0.0.731861,0.0.3964804,0.0.4138717@1791401807.329983137
0.0.10009527,46.5773485225522,SUCCESS,0.0.731861,0.0.3964804,0.0.4138717@1791401803.351222850
0.0.9812108,3.763311143805629,SUCCESS,0.0.731861,0.0.3964804,0.0.4138717@1791401804.297809960
0.0.10035663,2.820322997692822,SUCCESS,0.0.731861,0.0.3964804,0.0.4138717@1791401804.212006449
0.0.10044419,6.32339528823458,SUCCESS,0.0.731861,0.0.3964804,0.0.4138717@1791401807.749090418
0.0.9593512,0.01953219231268584,SUCCESS,0.0.731861,0.0.3964804,0.0.4138717@1791401807.932036544
0.0.1365923,0.09193960902291239,SUCCESS,0.0.731861,0.0.3964804,0.0.4138717@1791401808.073348783
0.0.10007904,0.009779024381987298,SUCCESS,0.0.731861,0.0.3964804,0.0.4138717@1791401808.148656637
0.0.10115705,0.003797141436510581,SUCCESS,0.0.731861,0.0.3964804,0.0.4138717@1791401807.704884270
0.0.10151415,12.76246694864673,SUCCESS,0.0.731861,0.0.3964804,0.0.4138717@1791401807.727820804
0.0.10164472,7267.666518461689,SUCCESS,0.0.731861,0.0.3964804,0.0.4138717@1791401805.033747299
0.0.1400807,4.462421577136428,SUCCESS,0.0.731861,0.0.3964804,0.0.4138717@1791401806.627588532
0.0.818498,0.08824697311060972,SUCCESS,0.0.731861,0.0.3964804,0.0.4138717@1791401805.188698430
0.0.3959322,128.9542583037391,SUCCESS,0.0.731861,0.0.3964804,0.0.4138717@1791401807.467830307
0.0.10248120,2.0357998155897,SUCCESS,0.0.731861,0.0.3964804,0.0.4138717@1791401806.245022795
0.0.10231452,3651.540054000232,SUCCESS,0.0.731861,0.0.3964804&0.0.10414792,0.0.4138717@1791401809.816149795
0.0.10244829,0.1157825064121975,SUCCESS,0.0.731861,0.0.3964804,0.0.4138717@1791401808.230024243
0.0.10267166,12.42051152085689,NOT_ASSOCIATED,0.0.731861,0.0.3964804,
0.0.10267167,0.008344667568782728,NOT_ASSOCIATED,0.0.731861,0.0.3964804,
0.0.10277044,36.07261953473069,SUCCESS,0.0.731861,0.0.3964804,0.0.4138717@1791401806.668308613
0.0.9270286,0.2445813093183012,SUCCESS,0.0.731861,0.0.3964804,0.0.4138717@1791401810.362894381
0.0.1920276,19.32415136652176,SUCCESS,0.0.731861,0.0.3964804,0.0.4138717@1791401806.605837438
0.0.1385696,460.2061966269084,SUCCESS,0.0.731861,0.0.3964804,0.0.4138717@1791401807.820102744
0.0.8868403,0.2688245153995197,SUCCESS,0.0.731861,0.0.3964804,0.0.4138717@1791401807.473274743
0.0.8108637,0.002550184881586188,SUCCESS,0.0.731861,0.0.3964804&0.0.8315114,0.0.4138717@1791401807.484384826
0.0.8188301,2.729469307281398,SUCCESS,0.0.731861,0.0.3964804,0.0.4138717@1791401809.767167268
0.0.9177203,0.028364840713799,SUCCESS,0.0.731861,0.0.3964804,0.0.4138717@1791401808.860710339
0.0.9301506,0.05904072247419918,SUCCESS,0.0.731861,0.0.3964804,0.0.4138717@1791401808.760427741
0.0.9317965,6.083225234357527,SUCCESS,0.0.731861,0.0.3964804,0.0.4138717@1791401808.727417003
0.0.1703381,7.896376664846053,SUCCESS,0.0.731861,0.0.3964804,0.0.4138717@1791401810.463171045
0.0.9362153,3.863821951421206,SUCCESS,0.0.731861,0.0.3964804,0.0.4138717@1791401810.997984669
0.0.5313474,1.236853208092545,SUCCESS,0.0.731861,0.0.3964804,0.0.4138717@1791401811.226225994
0.0.1503602,2.676148495673266,SUCCESS,0.0.731861,0.0.3964804,0.0.4138717@1791401810.225738866
0.0.9425366,105.2193974264793,SUCCESS,0.0.731861,0.0.3964804,0.0.4138717@1791401809.908179491
0.0.9417458,13.79773005113847,SUCCESS,0.0.731861,0.0.3964804,0.0.4138717@1791401810.746690930
0.0.9707528,859.4574771390882,NOT_ASSOCIATED,0.0.731861,0.0.3964804,
0.0.9707531,2049.503916056906,NOT_ASSOCIATED,0.0.731861,0.0.3964804,
0.0.1178547,3.761063745343459,SUCCESS,0.0.731861,0.0.3964804,0.0.4138717@1791401811.140159357
0.0.9774219,0.02846319496373741,SUCCESS,0.0.731861,0.0.3964804,0.0.4138717@1791401810.786742672
0.0.8414341,0.01191660342539887,SUCCESS,0.0.731861,0.0.3964804,0.0.4138717@1791401811.334815420
0.0.4873525,0.2873575454592195,SUCCESS,0.0.731861,0.0.3964804,0.0.4138717@1791401813.192614274
0.0.9450539,4.839709695455642,NOT_ASSOCIATED,0.0.731861,0.0.3964804,
0.0.9146353,11.9398502911688,SUCCESS,0.0.731861,0.0.3964804,0.0.4138717@1791401811.267852583
0.0.6160732,0.3529131439812981,NOT_ASSOCIATED,0.0.731861,0.0.3964804,
0.0.813564,0.004884037478378513,SUCCESS,0.0.731861,0.0.3964804,0.0.4138717@1791401815.210217867
0.0.9150527,96.29953377360586,SUCCESS,0.0.731861,0.0.3964804&0.0.3964860&0.0.5328590,0.0.4138717@1791401812.105331870
0.0.9477942,0.08390217467349209,NOT_ASSOCIATED,0.0.731861,0.0.3964804,
0.0.9973346,0.01922641566024728,NOT_ASSOCIATED,0.0.731861,0.0.3964804,
0.0.751161,9.212038437573296,SUCCESS,0.0.731861,0.0.3964804,0.0.4138717@1791401815.827067914
0.0.5922808,0.1732725682063797,SUCCESS,0.0.731861,0.0.3964804,0.0.4138717@1791401813.263063339
0.0.10004246,1.572487373585676,NOT_ASSOCIATED,0.0.731861,0.0.3964804,
0.0.1056474,17.96818595942998,SUCCESS,0.0.731861,0.0.3964804,0.0.4138717@1791401816.213643590
0.0.1745725,13.93042228649855,SUCCESS,0.0.731861,0.0.3964804,0.0.4138717@1791401815.223714199
0.0.9640903,31.2533785551887,SUCCESS,0.0.731861,0.0.3964804&0.0.4601632,0.0.4138717@1791401815.433656177
0.0.1459068,0.2069452974632379,SUCCESS,0.0.731861,0.0.3964804,0.0.4138717@1791401815.138102694
0.0.10072624,0.1863952684526741,SUCCESS,0.0.731861,0.0.3964804,0.0.4138717@1791401814.239986118
0.0.4372819,0.0925543610803,SUCCESS,0.0.731861,0.0.3964804,0.0.4138717@1791401813.776656066
0.0.820706,23.49104394749296,SUCCESS,0.0.731861,0.0.3964804,0.0.4138717@1791401816.458056509
0.0.816698,17.01168999744133,SUCCESS,0.0.731861,0.0.3964804,0.0.4138717@1791401814.185488145
0.0.10093024,1.191986146396429,SUCCESS,0.0.731861,0.0.3964804,0.0.4138717@1791401816.731831165
0.0.9584885,1.47192236459767,SUCCESS,0.0.731861,0.0.3964804&0.0.5328590,0.0.4138717@1791401816.802531855
0.0.9590994,56.30180862357266,NOT_ASSOCIATED,0.0.731861,0.0.3964804,
0.0.871471,29.18823882558187,SUCCESS,0.0.731861,0.0.3964804&0.0.10498274,0.0.4138717@1791401813.618687992
0.0.7983506,0.0001840404996795714,NOT_ASSOCIATED,0.0.731861,0.0.3964804,
0.0.9687167,2.080886207018563,SUCCESS,0.0.731861,0.0.3964804&0.0.5328590,0.0.4138717@1791401817.008222744
0.0.9729389,0.6542662452177789,NOT_ASSOCIATED,0.0.731861,0.0.3964804,
0.0.9720442,0.3199570466805037,NOT_ASSOCIATED,0.0.731861,0.0.3964804,
0.0.3012601,20.7000161247662,SUCCESS,0.0.731861,0.0.3964804&0.0.5328590,0.0.4138717@1791401816.900814812
0.0.5012902,0.0339730824913018,SUCCESS,0.0.731861,0.0.3964804,0.0.4138717@1791401815.768735125
0.0.9636419,1.862780051765083,NOT_ASSOCIATED,0.0.731861,0.0.3964804,
0.0.5805332,5.963294774527356,SUCCESS,0.0.731861,0.0.3964804,0.0.4138717@1791401815.134568759
0.0.9602777,0.08528777954855693,NOT_ASSOCIATED,0.0.731861,0.0.3964804,
0.0.1704489,0.00169914994751177,NOT_ASSOCIATED,0.0.731861,0.0.3964804,
0.0.8080965,0.04704196938440573,NOT_ASSOCIATED,0.0.731861,0.0.3964804,
0.0.8070994,7.733816015711088,NOT_ASSOCIATED,0.0.731861,0.0.3964804,
0.0.8246604,0.00847224878454614,SUCCESS,0.0.731861,0.0.3964804,0.0.4138717@1791401815.478138828
0.0.9541852,4.355595111698515,SUCCESS,0.0.731861,0.0.3964804&0.0.3964827,0.0.4138717@1791401817.070907676
0.0.190191,0.3700182838582885,NOT_ASSOCIATED,0.0.731861,0.0.3964804,
0.0.9364762,0.8757571915860347,SUCCESS,0.0.731861,0.0.3964804&0.0.5328590,0.0.4138717@1791401816.575579746
0.0.887615,0.05115454854411913,SUCCESS,0.0.731861,0.0.3964804,0.0.4138717@1791401816.989670319
0.0.4571567,9.94946463643953,SUCCESS,0.0.731861,0.0.3964804,0.0.4138717@1791401816.185359699
0.0.1082201,503.3550116913648,SUCCESS,0.0.731861,0.0.3964804,0.0.4138717@1791401819.708469589
0.0.4552382,0.05239552360345637,NOT_ASSOCIATED,0.0.731861,0.0.3964804,
0.0.4552309,0.05239850064167043,NOT_ASSOCIATED,0.0.731861,0.0.3964804,
0.0.4552348,0.05571779112970242,NOT_ASSOCIATED,0.0.731861,0.0.3964804,
0.0.4558719,0.06131703600689039,NOT_ASSOCIATED,0.0.731861,0.0.3964804,
0.0.4576074,3.308513717052676,SUCCESS,0.0.731861,0.0.3964804,0.0.4138717@1791401817.486753785
0.0.4140342,1.663205238705992,SUCCESS,0.0.731861,0.0.3964804&0.0.3964827,0.0.4138717@1791401820.311879247
0.0.4712922,0.315282079631759,SUCCESS,0.0.731861,0.0.3964804,0.0.4138717@1791401820.643777565
0.0.1052080,4.618158082139642,SUCCESS,0.0.731861,0.0.3964804,0.0.4138717@1791401816.774489141
0.0.1024843,0.0002676419388393926,SUCCESS,0.0.731861,0.0.3964804&0.0.3964855&0.0.3964860,0.0.4138717@1791401816.917374002
0.0.4725260,2.515691606763676,SUCCESS,0.0.731861,0.0.3964804,0.0.4138717@1791401817.106286937
0.0.683815,0.2608565981897984,SUCCESS,0.0.731861,0.0.3964804,0.0.4138717@1791401820.814951323
0.0.1696471,1.958902538036354,SUCCESS,0.0.731861,0.0.3964804,0.0.4138717@1791401819.834295878
0.0.955353,0.7429963124698913,NOT_ASSOCIATED,0.0.731861,0.0.3964804,
0.0.937712,43.74878976591476,SUCCESS,0.0.731861,0.0.3964804,0.0.4138717@1791401820.197748273
0.0.857763,7.590276609357874,SUCCESS,0.0.731861,0.0.3964804,0.0.4138717@1791401821.533502786
0.0.638522,159.4668702727734,SUCCESS,0.0.731861,0.0.3964804,0.0.4138717@1791401819.682601367
0.0.4814986,0.08881881881097667,SUCCESS,0.0.731861,0.0.3964804,0.0.4138717@1791401818.381991032
0.0.4749526,172.1485679286614,NOT_ASSOCIATED,0.0.731861,0.0.3964804,
0.0.10014449,0.230943282759739,SUCCESS,0.0.731861,0.0.3964804,0.0.4138717@1791401822.078852630
0.0.10157649,26.27899451187155,NOT_ASSOCIATED,0.0.731861,0.0.3964804,
0.0.9509413,0.08154277932685551,NOT_ASSOCIATED,0.0.731861,0.0.3964804,
0.0.10219431,8.15705585839414,NOT_ASSOCIATED,0.0.731861,0.0.3964804,
0.0.9273022,0.001805539733162656,SUCCESS,0.0.731861,0.0.3964804,0.0.4138717@1791401818.884157573
0.0.4499088,0.2727974394822802,NOT_ASSOCIATED,0.0.731861,0.0.3964804,
0.0.1365779,1.515967198544456,SUCCESS,0.0.731861,0.0.3964804,0.0.4138717@1791401819.651576266
0.0.10251800,0.003636847115787098,NOT_ASSOCIATED,0.0.731861,0.0.3964804,
0.0.10507691,1256.283570186598,SUCCESS,0.0.731861,0.0.3964804&0.0.5328590,0.0.4138717@1791401819.337378827
0.0.8083839,2496.714941741895,SUCCESS,0.0.731861,0.0.3964804&0.0.3964827&0.0.3964860&0.0.5328590,0.0.4138717@1791401822.038602763
0.0.10253402,13.01401703437668,SUCCESS,0.0.731861,0.0.3964804,0.0.4138717@1791401820.360820670
0.0.9304292,17.72717528718483,SUCCESS,0.0.731861,0.0.3964804,0.0.4138717@1791401822.206600312
0.0.1105845,11.5190538987338,SUCCESS,0.0.731861,0.0.3964804,0.0.4138717@1791401821.067589112
0.0.851469,2.126603091495575,SUCCESS,0.0.731861,0.0.3964804,0.0.4138717@1791401820.049057304
0.0.10237154,46.00004180228272,SUCCESS,0.0.731861,0.0.3964804&0.0.3964860,0.0.4138717@1791401819.895040814
0.0.10465417,4.934300260855808,NOT_ASSOCIATED,0.0.731861,0.0.3964804,
0.0.10456759,748.6814675613712,SUCCESS,0.0.731861,0.0.3964804&0.0.3964860&0.0.5328590,0.0.4138717@1791401824.727221380
0.0.10454179,2.500593779551863,SUCCESS,0.0.731861,0.0.3964804,0.0.4138717@1791401822.892192518
0.0.10295710,1.41270283977567,SUCCESS,0.0.731861,0.0.3964804,0.0.4138717@1791401825.600305808
0.0.10435638,1.33642488063641,SUCCESS,0.0.731861,0.0.3964804,0.0.4138717@1791401823.459341333
0.0.10422583,4.346830669848429,SUCCESS,0.0.731861,0.0.3964804,0.0.4138717@1791401821.954825370
0.0.10420713,0.6440739400107304,SUCCESS,0.0.731861,0.0.3964804,0.0.4138717@1791401823.440916245
0.0.4315585,0.2246564472631304,SUCCESS,0.0.731861,0.0.3964804,0.0.4138717@1791401821.867855562
0.0.10359238,0.6161741724437898,SUCCESS,0.0.731861,0.0.3964804,0.0.4138717@1791401824.737945592
0.0.10359145,5.415707343830306,SUCCESS,0.0.731861,0.0.3964804,0.0.4138717@1791401825.849811416
0.0.10308209,1932.565360606203,NOT_ASSOCIATED,0.0.731861,0.0.3964804,
0.0.10307970,0.006466437388101649,NOT_ASSOCIATED,0.0.731861,0.0.3964804,
0.0.9596185,0.1630726055302357,SUCCESS,0.0.731861,0.0.3964804,0.0.4138717@1791401824.983122366
0.0.9835351,7.948958813260205,SUCCESS,0.0.731861,0.0.3964804,0.0.4138717@1791401825.415276371
0.0.832543,42.50023625562152,SUCCESS,0.0.731861,0.0.3964804,0.0.4138717@1791401823.450580989
0.0.7282954,0.2087279400579057,SUCCESS,0.0.731861,0.0.3964804,0.0.4138717@1791401823.685184316
0.0.5807966,10.05837452354835,SUCCESS,0.0.731861,0.0.3964804,0.0.4138717@1791401825.817992197
0.0.7913738,6.691363835264966,SUCCESS,0.0.731861,0.0.3964804,0.0.4138717@1791401827.867613333
0.0.10819646,5.169497822600174,NOT_ASSOCIATED,0.0.731861,0.0.3964804,
0.0.10805782,281.5970290853664,SUCCESS,0.0.731861,0.0.3964804&0.0.5328590,0.0.4138717@1791401824.892263495
0.0.10810210,19.18050246958097,SUCCESS,0.0.731861,0.0.3964804,0.0.4138717@1791401824.879721729
0.0.10803311,3541.726604689657,NOT_ASSOCIATED,0.0.731861,0.0.3964804,
0.0.10803307,144.9917317471082,NOT_ASSOCIATED,0.0.731861,0.0.3964804,
0.0.9823669,1.667019834241936,SUCCESS,0.0.731861,0.0.3964804,0.0.4138717@1791401824.106043623
0.0.10633351,11.91065850179931,SUCCESS,0.0.731861,0.0.3964804,0.0.4138717@1791401825.942706627
0.0.10543839,3.490006796566983,SUCCESS,0.0.731861,0.0.3964804,0.0.4138717@1791401824.948921878
0.0.5850916,3.328028166195744,SUCCESS,0.0.731861,0.0.3964804,0.0.4138717@1791401825.560028614
0.0.10502045,4.097538494309899,NOT_ASSOCIATED,0.0.731861,0.0.3964804,
0.0.10496154,0.01180579256567316,NOT_ASSOCIATED,0.0.731861,0.0.3964804,
0.0.10495365,0.000001623027511017444,NOT_ASSOCIATED,0.0.731861,0.0.3964804,
0.0.844877,12.33851698932703,SUCCESS,0.0.731861,0.0.3964804,0.0.4138717@1791401825.073084604
0.0.8197583,8.0992882213202,SUCCESS,0.0.731861,0.0.3964804,0.0.4138717@1791401824.924495377
0.0.4971755,0.01436223472725424,SUCCESS,0.0.731861,0.0.3964804,0.0.4138717@1791401825.938878002
0.0.1483067,10.48270415121278,SUCCESS,0.0.731861,0.0.3964804,0.0.4138717@1791401828.693847602
0.0.2069097,862.8938027654565,SUCCESS,0.0.731861,0.0.3964804,0.0.4138717@1791401829.877851993
0.0.7950871,4435.46988799555,SUCCESS,0.0.731861,0.0.3964804&0.0.3964827&0.0.4601632&0.0.6071911,0.0.4138717@1791401829.982547052
0.0.1767057,1.696217724543006,NOT_ASSOCIATED,0.0.731861,0.0.3964804,
0.0.836080,3.947707852850718e-9,SUCCESS,0.0.731861,0.0.3964804&0.0.3964827&0.0.3964855,0.0.4138717@1791401828.686964794
0.0.4639295,27.97671004347801,SUCCESS,0.0.731861,0.0.3964804,0.0.4138717@1791401826.577330316
0.0.10147787,0.02156709891753004,SUCCESS,0.0.731861,0.0.3964804,0.0.4138717@1791401829.589815741
0.0.10218914,0.001771148975946284,SUCCESS,0.0.731861,0.0.3964804,0.0.4138717@1791401827.230170255
0.0.9779119,0.1680043820171957,SUCCESS,0.0.731861,0.0.3964804,0.0.4138717@1791401829.964187466
0.0.1269724,4.861035971436317,SUCCESS,0.0.731861,0.0.3964804,0.0.4138717@1791401829.902781575
0.0.4908506,0.00991630134583956,SUCCESS,0.0.731861,0.0.3964804,0.0.4138717@1791401827.094513059
0.0.4338721,0.0004924250849960403,SUCCESS,0.0.731861,0.0.3964804,0.0.4138717@1791401829.524080499
0.0.880477,0.6212964915462915,SUCCESS,0.0.731861,0.0.3964804,0.0.4138717@1791401828.408952713
0.0.8459774,0.3527433568419284,SUCCESS,0.0.731861,0.0.3964804,0.0.4138717@1791401829.085470117
0.0.10902182,10.36544154048093,NOT_ASSOCIATED,0.0.731861,0.0.3964804,
0.0.5946108,1.26832150556818,SUCCESS,0.0.731861,0.0.3964804,0.0.4138717@1791401831.005429458
0.0.787642,31.02675044345217,SUCCESS,0.0.731861,0.0.3964804&0.0.5328590,0.0.4138717@1791401830.422778071
0.0.10303974,0.1518341447195571,SUCCESS,0.0.731861,0.0.3964804,0.0.4138717@1791401832.840750273
0.0.10178515,0.02912624303444048,SUCCESS,0.0.731861,0.0.3964804,0.0.4138717@1791401829.227314679
0.0.9144627,692.2696496110058,SUCCESS,0.0.731861,0.0.3964804&0.0.4601632,0.0.4138717@1791401831.316717056
0.0.9372090,0.000008227347765541998,NOT_ASSOCIATED,0.0.731861,0.0.3964804,
0.0.9374263,3.15623533247253e-9,SUCCESS,0.0.731861,0.0.3964804,0.0.4138717@1791401830.886271457
0.0.9374363,3.138087309579677e-7,SUCCESS,0.0.731861,0.0.3964804,0.0.4138717@1791401832.314109764
0.0.3958745,1.274917864742137,SUCCESS,0.0.731861,0.0.3964804,0.0.4138717@1791401832.723453400
0.0.3049759,2.544897651786083,SUCCESS,0.0.731861,0.0.3964804,0.0.4138717@1791401830.880943543
0.0.8420314,0.0163403924064447,SUCCESS,0.0.731861,0.0.3964804,0.0.4138717@1791401832.193925792
0.0.4161393,22.59263939985075,SUCCESS,0.0.731861,0.0.3964804&0.0.10498274,0.0.4138717@1791401832.291580655
0.0.1079625,9.355737235764158,NOT_ASSOCIATED,0.0.731861,0.0.3964804,
0.0.10166270,0.00001937028481526632,SUCCESS,0.0.731861,0.0.3964804,0.0.4138717@1791401831.338429655
0.0.6181303,21.8527069920667,SUCCESS,0.0.731861,0.0.3964804,0.0.4138717@1791401831.575277982
0.0.9729620,0.01663042148857752,SUCCESS,0.0.731861,0.0.3964804,0.0.4138717@1791401834.536759868
0.0.9162845,108.2944431702729,SUCCESS,0.0.731861,0.0.3964804,0.0.4138717@1791401834.436528409
0.0.9738485,0.001181090276996819,SUCCESS,0.0.731861,0.0.3964804,0.0.4138717@1791401834.628080014
0.0.9408314,524.7537710128498,SUCCESS,0.0.731861,0.0.3964804,0.0.4138717@1791401831.395991740
0.0.1275610,0.02853462469020519,SUCCESS,0.0.731861,0.0.3964804,0.0.4138717@1791401833.961014198
0.0.9372860,0.00004561248838456343,NOT_ASSOCIATED,0.0.731861,0.0.3964804,
0.0.5239780,258.8930444303327,SUCCESS,0.0.731861,0.0.3964827,0.0.4138717@1791401834.750255179
0.0.6630516,11.9955480426717,SUCCESS,0.0.731861,0.0.3964827,0.0.4138717@1791401831.408915788
0.0.7965416,0.1312902902301262,NOT_ASSOCIATED,0.0.731861,0.0.3964827,
0.0.4410999,4.780111979878902,SUCCESS,0.0.731861,0.0.3964827,0.0.4138717@1791401833.449523282
0.0.1065704,86.18684302554611,SUCCESS,0.0.731861,0.0.3964827,0.0.4138717@1791401831.543986456
0.0.4733298,6.957502545651982,SUCCESS,0.0.731861,0.0.3964827,0.0.4138717@1791401836.965614958
0.0.1107354,8.846780054203967,SUCCESS,0.0.731861,0.0.3964827,0.0.4138717@1791401833.457314165
0.0.1061257,241.9872822018957,SUCCESS,0.0.731861,0.0.3964827&0.0.4601632&0.0.5328590,0.0.4138717@1791401834.832501230
0.0.4793606,51.35945664184905,SUCCESS,0.0.731861,0.0.3964827&0.0.5328590,0.0.4138717@1791401837.055626382
0.0.913930,1.965607439651655,SUCCESS,0.0.731861,0.0.3964827,0.0.4138717@1791401834.406355159
0.0.9344085,0.1665171580570732,SUCCESS,0.0.731861,0.0.3964827,0.0.4138717@1791401836.443309379
0.0.4343858,60.84433099839982,SUCCESS,0.0.731861,0.0.3964827&0.0.5328590,0.0.4138717@1791401837.972907765
0.0.8377520,125.4027367050095,SUCCESS,0.0.731861,0.0.3964827,0.0.4138717@1791401837.508712848
0.0.1406579,0.5449198100008247,SUCCESS,0.0.731861,0.0.3964827,0.0.4138717@1791401838.411265133
0.0.8778454,0.09420894054390119,SUCCESS,0.0.731861,0.0.3964827,0.0.4138717@1791401835.530413869
0.0.7947570,0.2407763873347011,SUCCESS,0.0.731861,0.0.3964827,0.0.4138717@1791401836.703705669
0.0.857760,2.539486558276373,SUCCESS,0.0.731861,0.0.3964827,0.0.4138717@1791401837.179145180
0.0.2960128,3523.643304419809,SUCCESS,0.0.731861,0.0.3964827&0.0.5328590&0.0.10498271&0.0.10498274&0.0.10498278,0.0.4138717@1791401835.363940870
0.0.6288848,0.1253792778643102,SUCCESS,0.0.731861,0.0.3964827&0.0.6071119,0.0.4138717@1791401836.847068149
0.0.6004406,10.48286540821839,SUCCESS,0.0.731861,0.0.3964827,0.0.4138717@1791401836.214140547
0.0.1120301,0.1488523484459272,SUCCESS,0.0.731861,0.0.3964827&0.0.3964855,0.0.4138717@1791401834.918035618
0.0.4882076,26.38189611019862,SUCCESS,0.0.731861,0.0.3964827&0.0.3964855&0.0.4129330&0.0.5328590,0.0.4138717@1791401838.368864370
0.0.885667,4.308579081896199,SUCCESS,0.0.731861,0.0.3964827,0.0.4138717@1791401838.858300999
0.0.7776243,2.859278744868124,SUCCESS,0.0.731861,0.0.3964827,0.0.4138717@1791401837.192154282
0.0.7677057,44.55248904050762,SUCCESS,0.0.731861,0.0.3964827,0.0.4138717@1791401839.549906928
0.0.1079751,105.2883448508684,SUCCESS,0.0.731861,0.0.3964827,0.0.4138717@1791401838.168515903
0.0.1097257,650.4781041081495,SUCCESS,0.0.731861,0.0.3964827&0.0.4601632&0.0.5328590,0.0.4138717@1791401840.962935445
0.0.4737222,2.380915373860857,SUCCESS,0.0.731861,0.0.3964827,0.0.4138717@1791401836.757923105
0.0.1436265,10.46201032876315,SUCCESS,0.0.731861,0.0.3964827,0.0.4138717@1791401840.662858183
0.0.3169781,0.8880761364786005,SUCCESS,0.0.731861,0.0.3964827,0.0.4138717@1791401838.868830431
0.0.4338112,0.1330650808512773,SUCCESS,0.0.731861,0.0.3964827,0.0.4138717@1791401837.755941995
0.0.1391028,45.664256783482,SUCCESS,0.0.731861,0.0.3964827,0.0.4138717@1791401842.423318506
0.0.4364640,14.62181068272889,SUCCESS,0.0.731861,0.0.3964827,0.0.4138717@1791401840.609317309
0.0.1400872,119.4777980744938,SUCCESS,0.0.731861,0.0.3964827&0.0.4129330&0.0.5328590&0.0.6071911,0.0.4138717@1791401842.174042731
0.0.835079,2093.087181657947,SUCCESS,0.0.731861,0.0.3964827&0.0.4601632,0.0.4138717@1791401839.146398520
0.0.849606,182.1631316686469,SUCCESS,0.0.731861,0.0.3964827&0.0.6071119,0.0.4138717@1791401840.844915836
0.0.834607,27.47467340604925,SUCCESS,0.0.731861,0.0.3964827,0.0.4138717@1791401838.703476695
0.0.839408,165.7356549643943,SUCCESS,0.0.731861,0.0.3964827,0.0.4138717@1791401843.730956875
0.0.3443413,20.94423606284768,SUCCESS,0.0.731861,0.0.3964827&0.0.4601632,0.0.4138717@1791401843.801374378
0.0.4348609,181.4683539191242,SUCCESS,0.0.731861,0.0.3964827&0.0.5328590,0.0.4138717@1791401843.475639164
0.0.4344919,8.305583400823416,SUCCESS,0.0.731861,0.0.3964827,0.0.4138717@1791401842.409909205
0.0.5447658,0.5325029854209851,SUCCESS,0.0.731861,0.0.3964827,0.0.4138717@1791401844.076461088
0.0.1087560,89.59203720141767,SUCCESS,0.0.731861,0.0.3964827&0.0.3964855,0.0.4138717@1791401840.377079997
0.0.1006425,149.3471140451929,SUCCESS,0.0.731861,0.0.3964827,0.0.4138717@1791401844.520268054
0.0.1750137,177.5128909841007,SUCCESS,0.0.731861,0.0.3964827,0.0.4138717@1791401842.770680439
0.0.611948,31.96894589327934,SUCCESS,0.0.731861,0.0.3964827,0.0.4138717@1791401845.346909348
0.0.7486751,5.248883018568942,SUCCESS,0.0.731861,0.0.3964827&0.0.4601632,0.0.4138717@1791401844.137364575
0.0.6109726,58.37864567947427,SUCCESS,0.0.731861,0.0.3964827,0.0.4138717@1791401845.199557761
0.0.7870892,3.873930515957186,SUCCESS,0.0.731861,0.0.3964827,0.0.4138717@1791401841.922135985
0.0.7595440,8.667642182071557,SUCCESS,0.0.731861,0.0.3964827,0.0.4138717@1791401846.139109851
0.0.5688804,3.396250323123033,SUCCESS,0.0.731861,0.0.3964827,0.0.4138717@1791401844.599231265
0.0.1392115,39.60260075530713,SUCCESS,0.0.731861,0.0.3964827&0.0.4129330,0.0.4138717@1791401845.914026020
0.0.1423973,3.561085442079112e-8,SUCCESS,0.0.731861,0.0.3964855,0.0.4138717@1791401842.328096493
0.0.4861302,15.42771686894445,SUCCESS,0.0.731861,0.0.3964855&0.0.4601632,0.0.4138717@1791401843.758034310
0.0.5377617,86.71749349309577,SUCCESS,0.0.731861,0.0.3964855,0.0.4138717@1791401845.083989051
0.0.1228872,2.086797703510518,SUCCESS,0.0.731861,0.0.3964855,0.0.4138717@1791401846.265519101
0.0.1054756,3866.458397902581,SUCCESS,0.0.731861,0.0.3964855,0.0.4138717@1791401846.385070154
0.0.1008009,3.973727072140611,SUCCESS,0.0.731861,0.0.3964855&0.0.4601632,0.0.4138717@1791401844.843303353
0.0.3870061,367.8825221450856,SUCCESS,0.0.731861,0.0.3964860&0.0.4601632&0.0.10093026,0.0.4138717@1791401847.296357474
0.0.4614528,112.5417943764159,SUCCESS,0.0.731861,0.0.3964860&0.0.5328590,0.0.4138717@1791401848.789902513
0.0.9144335,15.77920524706911,SUCCESS,0.0.731861,0.0.3964860,0.0.4138717@1791401845.140845473
0.0.9692993,0.002099600552453643,SUCCESS,0.0.731861,0.0.3964860,0.0.4138717@1791401847.843901069
0.0.9428581,0.0002887996290727687,SUCCESS,0.0.731861,0.0.3964860,0.0.4138717@1791401847.591550408
0.0.9428633,0.000003181956957037979,SUCCESS,0.0.731861,0.0.3964860,0.0.4138717@1791401849.121383039
0.0.9389956,0.0006654141151382557,SUCCESS,0.0.731861,0.0.3964860,0.0.4138717@1791401848.881548401
0.0.868627,1432.890846138538,SUCCESS,0.0.731861,0.0.3964860,0.0.4138717@1791401850.255150652
0.0.9371874,0.000501826767481966,SUCCESS,0.0.731861,0.0.3964860,0.0.4138717@1791401848.001871947
0.0.9371968,0.0007036790624881974,SUCCESS,0.0.731861,0.0.3964860,0.0.4138717@1791401848.430345111
0.0.9375318,0.0002241955824856394,SUCCESS,0.0.731861,0.0.3964860,0.0.4138717@1791401845.900298035
0.0.9377397,0.0002784212598511557,SUCCESS,0.0.731861,0.0.3964860,0.0.4138717@1791401846.197370509
0.0.9377518,0.0002957356648928045,SUCCESS,0.0.731861,0.0.3964860,0.0.4138717@1791401847.242511097
0.0.10164768,12401.1533036034,SUCCESS,0.0.731861,0.0.3964860,0.0.4138717@1791401847.721395585
0.0.10450989,20.58456731979984,SUCCESS,0.0.731861,0.0.3964860&0.0.6071119,0.0.4138717@1791401849.984153205
0.0.10023494,0.00000286864750323403,SUCCESS,0.0.731861,0.0.3964860,0.0.4138717@1791401849.372254169
0.0.509141,29.52246398689052,SUCCESS,0.0.731861,0.0.3964860,0.0.4138717@1791401847.496559602
0.0.1509692,961.613334165443,SUCCESS,0.0.731861,0.0.3964860,0.0.4138717@1791401852.331815269
0.0.5734968,31.61000259686431,SUCCESS,0.0.731861,0.0.3964860,0.0.4138717@1791401851.331544352
0.0.9377844,0.001855144825225878,SUCCESS,0.0.731861,0.0.3964860,0.0.4138717@1791401850.263650373
0.0.9377806,0.0001111628490587974,SUCCESS,0.0.731861,0.0.3964860,0.0.4138717@1791401848.202350796
0.0.9377965,0.0002201329716537189,SUCCESS,0.0.731861,0.0.3964860,0.0.4138717@1791401849.353234063
0.0.9377988,0.001896501030746723,SUCCESS,0.0.731861,0.0.3964860,0.0.4138717@1791401849.382472606
0.0.9379489,0.000002068680236965602,SUCCESS,0.0.731861,0.0.3964860,0.0.4138717@1791401850.655739183
0.0.9738472,0.01954850210173478,SUCCESS,0.0.731861,0.0.3964860,0.0.4138717@1791401852.666422647
0.0.8257213,18.98874017407406,SUCCESS,0.0.731861,0.0.3964860,0.0.4138717@1791401852.669259978
0.0.9384218,0.00008632186599068028,SUCCESS,0.0.731861,0.0.3964860,0.0.4138717@1791401852.218551666
0.0.9412510,0.00003833751293445069,SUCCESS,0.0.731861,0.0.3964860,0.0.4138717@1791401849.814681498
0.0.9774619,0.007011870615721699,SUCCESS,0.0.731861,0.0.3964860,0.0.4138717@1791401854.409651480
0.0.972955,3.536823196321992e-9,SUCCESS,0.0.731861,0.0.4129330,0.0.4138717@1791401854.261590421
0.0.261557,0.5309663608630986,SUCCESS,0.0.731861,0.0.4129330,0.0.4138717@1791401852.624930935
0.0.4625345,2.766558351737675,SUCCESS,0.0.731861,0.0.4129330,0.0.4138717@1791401853.733029295
0.0.4754452,0.1069676753045513,SUCCESS,0.0.731861,0.0.4129330,0.0.4138717@1791401852.323730368
0.0.4718583,0.002151509012059097,SUCCESS,0.0.731861,0.0.4129330,0.0.4138717@1791401854.988173215
0.0.839840,16.94185426197336,SUCCESS,0.0.731861,0.0.4129330&0.0.4601632&0.0.5328590,0.0.4138717@1791401854.976987766
0.0.842464,0.07680358994541542,SUCCESS,0.0.731861,0.0.4129330,0.0.4138717@1791401850.924970694
0.0.3293439,1.900858934059516,SUCCESS,0.0.731861,0.0.4129330,0.0.4138717@1791401854.533607195
0.0.2960424,0.1042506726386987,SUCCESS,0.0.731861,0.0.4129330,0.0.4138717@1791401854.723472830
0.0.856304,0.005312076191224336,SUCCESS,0.0.731861,0.0.4129330,0.0.4138717@1791401855.560554664
0.0.795325,0.1425995731942805,SUCCESS,0.0.731861,0.0.4129330,0.0.4138717@1791401854.944141555
0.0.4606843,0.02370652009105832,SUCCESS,0.0.731861,0.0.4129330&0.0.4601632,0.0.4138717@1791401856.183464122
0.0.8410631,0.3315322344286867,SUCCESS,0.0.731861,0.0.4129330&0.0.4601632,0.0.4138717@1791401856.434559189
0.0.10045691,85.09226018073241,SUCCESS,0.0.731861,0.0.4601632,0.0.4138717@1791401855.831237939
0.0.8831938,21.19963150585552,SUCCESS,0.0.731861,0.0.4601632,0.0.4138717@1791401857.568586942
0.0.4367704,0.001014501918945763,SUCCESS,0.0.731861,0.0.4601632,0.0.4138717@1791401854.952188950
0.0.3932850,148.7784276626583,SUCCESS,0.0.731861,0.0.4601632,0.0.4138717@1791401854.485640747
0.0.1111312,20.86466538207699,SUCCESS,0.0.731861,0.0.4601632,0.0.4138717@1791401855.618474481
0.0.9745450,42.96499718701403,SUCCESS,0.0.731861,0.0.4601632,0.0.4138717@1791401856.463407045
0.0.4753601,2.349321755177097,SUCCESS,0.0.731861,0.0.4601632,0.0.4138717@1791401857.069257890
0.0.864984,76.18180135827595,SUCCESS,0.0.731861,0.0.4601632,0.0.4138717@1791401855.527022083
0.0.3828466,53.71442326044532,SUCCESS,0.0.731861,0.0.4601632,0.0.4138717@1791401856.943769153
0.0.1060925,5.259011081331207,SUCCESS,0.0.731861,0.0.4601632,0.0.4138717@1791401859.705513971
0.0.731977,33.85786783048118,SUCCESS,0.0.731861,0.0.4601632,0.0.4138717@1791401855.970524425
0.0.9210897,24.83156678442759,SUCCESS,0.0.731861,0.0.4601632,0.0.4138717@1791401860.224606636
0.0.3273852,38.58705543355316,SUCCESS,0.0.731861,0.0.4601632,0.0.4138717@1791401859.030631623
0.0.821010,24.98008879854775,SUCCESS,0.0.731861,0.0.4601632,0.0.4138717@1791401857.229116924
0.0.7482624,9.71780576082944,NOT_ASSOCIATED,0.0.731861,0.0.4601632,
0.0.9386020,4208.473188453631,SUCCESS,0.0.731861,0.0.4601632,0.0.4138717@1791401859.452274896
0.0.1217090,2053.715112899951,SUCCESS,0.0.731861,0.0.4601632,0.0.4138717@1791401857.470863676
0.0.2999419,0.08107479850580963,SUCCESS,0.0.731861,0.0.4601632,0.0.4138717@1791401858.581675561
0.0.845966,6.025812668393329,SUCCESS,0.0.731861,0.0.4601632,0.0.4138717@1791401860.744030430
0.0.7480837,103.1379115545436,SUCCESS,0.0.731861,0.0.4601632&0.0.5328590,0.0.4138717@1791401861.272798574
0.0.7778674,212.0772403017996,SUCCESS,0.0.731861,0.0.4601632&0.0.5328590,0.0.4138717@1791401858.761371750
0.0.1075845,14.50713162671942,SUCCESS,0.0.731861,0.0.4601632,0.0.4138717@1791401860.612949353
0.0.10031144,3.225831579873986,NOT_ASSOCIATED,0.0.731861,0.0.4601632,
0.0.3917694,88.80517886010293,SUCCESS,0.0.731861,0.0.4601632,0.0.4138717@1791401858.809297684
0.0.10031150,0.3212273471604322,NOT_ASSOCIATED,0.0.731861,0.0.4601632,
0.0.707819,3.890971682411792,SUCCESS,0.0.731861,0.0.4601632,0.0.4138717@1791401858.990719537
0.0.837339,9.614656794602729,SUCCESS,0.0.731861,0.0.4601632,0.0.4138717@1791401858.790578470
0.0.175313,1.219540916400785,SUCCESS,0.0.731861,0.0.4601632,0.0.4138717@1791401859.041809380
0.0.704807,21.30929058765673,SUCCESS,0.0.731861,0.0.4601632,0.0.4138717@1791401860.519370113
0.0.4154591,227.311046083562,SUCCESS,0.0.731861,0.0.4601632&0.0.5328590,0.0.4138717@1791401861.538931102
0.0.7684662,76.68385014394495,SUCCESS,0.0.731861,0.0.4601632&0.0.5328590,0.0.4138717@1791401861.865973135
0.0.5255642,1.026885147221852,SUCCESS,0.0.731861,0.0.4601632,0.0.4138717@1791401863.244292390
0.0.5972520,26.45678368998001,SUCCESS,0.0.731861,0.0.4601632,0.0.4138717@1791401860.847872229
0.0.1460111,0.9018835052016361,SUCCESS,0.0.731861,0.0.4601632,0.0.4138717@1791401864.932441066
0.0.1020586,154.5118002366223,SUCCESS,0.0.731861,0.0.4601632&0.0.5328590,0.0.4138717@1791401862.145783166
0.0.1405765,50.14337501657238,SUCCESS,0.0.731861,0.0.4601632,0.0.4138717@1791401862.014460610
0.0.4730774,130.7732308522615,SUCCESS,0.0.731861,0.0.4601632,0.0.4138717@1791401860.631988143
0.0.1337729,29.50226122346661,SUCCESS,0.0.731861,0.0.4601632,0.0.4138717@1791401862.577384261
0.0.6463609,0.6627835580202762,NOT_ASSOCIATED,0.0.731861,0.0.4601632,
0.0.7935176,1143.188517508162,SUCCESS,0.0.731861,0.0.4601632,0.0.4138717@1791401863.255306924
0.0.851606,0.000787265476226451,SUCCESS,0.0.731861,0.0.4601632,0.0.4138717@1791401863.189483946
0.0.4797402,0.002680696572340846,SUCCESS,0.0.731861,0.0.4601632,0.0.4138717@1791401862.391589455
0.0.1287040,7.116690138249113,SUCCESS,0.0.731861,0.0.4601632,0.0.4138717@1791401864.858272693
0.0.877043,25.6433908863123,SUCCESS,0.0.731861,0.0.4601632,0.0.4138717@1791401865.379139940
0.0.860846,0.01191722719957631,SUCCESS,0.0.731861,0.0.4601632,0.0.4138717@1791401866.128595230
0.0.4559156,0.08438472271259777,SUCCESS,0.0.731861,0.0.4601632,0.0.4138717@1791401865.592004996
0.0.3705687,0.001753443951478963,SUCCESS,0.0.731861,0.0.4601632,0.0.4138717@1791401866.896934959
0.0.1860200,0.008345040897285947,SUCCESS,0.0.731861,0.0.4601632,0.0.4138717@1791401862.981772426
0.0.5002435,2.819753669766647,SUCCESS,0.0.731861,0.0.4601632,0.0.4138717@1791401865.957705793
0.0.660703,18.66425393513376,SUCCESS,0.0.731861,0.0.4601632,0.0.4138717@1791401863.112142906
0.0.2114355,0.0002460750562093694,SUCCESS,0.0.731861,0.0.4601632,0.0.4138717@1791401866.558610744
0.0.1074067,21.2783453493894,SUCCESS,0.0.731861,0.0.4601632,0.0.4138717@1791401864.941979926
0.0.1518521,2.016397000602875,SUCCESS,0.0.731861,0.0.4601632,0.0.4138717@1791401866.256218104
0.0.731707,0.1896553673686057,SUCCESS,0.0.731861,0.0.4601632,0.0.4138717@1791401867.113658992
0.0.3161895,1.001956407803665,SUCCESS,0.0.731861,0.0.4601632,0.0.4138717@1791401863.886325895
0.0.1872630,49.48317462893679,SUCCESS,0.0.731861,0.0.4601632,0.0.4138717@1791401865.206867578
0.0.6049415,0.0003083379973028462,SUCCESS,0.0.731861,0.0.4601632,0.0.4138717@1791401864.997082609
0.0.1186570,34.83114619167058,SUCCESS,0.0.731861,0.0.4601632,0.0.4138717@1791401864.670901982
0.0.912306,2.085192838813471,SUCCESS,0.0.731861,0.0.4601632,0.0.4138717@1791401864.715625606
0.0.853115,0.08956496361149748,SUCCESS,0.0.731861,0.0.4601632,0.0.4138717@1791401865.717832198
0.0.8431266,4.097465118057106,SUCCESS,0.0.731861,0.0.4601632,0.0.4138717@1791401865.667655235
0.0.4414004,440.5603320079605,NOT_ASSOCIATED,0.0.731861,0.0.4601632,
0.0.227955,1.445271542788356,SUCCESS,0.0.731861,0.0.4601632&0.0.8315114,0.0.4138717@1791401869.319617366
0.0.7288906,12.70581427420924,NOT_ASSOCIATED,0.0.731861,0.0.4601632,
0.0.4403472,0.8121747696719592,SUCCESS,0.0.731861,0.0.4601632,0.0.4138717@1791401867.529944242
0.0.816727,20.98290745673811,SUCCESS,0.0.731861,0.0.4601632,0.0.4138717@1791401866.911339584
0.0.4358401,11.59806918892522,SUCCESS,0.0.731861,0.0.4601632&0.0.5328590,0.0.4138717@1791401868.696048029
0.0.4615298,9.650218495928602,SUCCESS,0.0.731861,0.0.5328590,0.0.4138717@1791401868.038843525
0.0.599260,23.78526238060735,SUCCESS,0.0.731861,0.0.5328590,0.0.4138717@1791401868.862747083
0.0.9401835,2.304401590544549,SUCCESS,0.0.731861,0.0.5328590,0.0.4138717@1791401870.584136590
0.0.1316556,1105.616489536779,SUCCESS,0.0.731861,0.0.5328590,0.0.4138717@1791401867.300167646
0.0.10031113,10155.40936035139,NOT_ASSOCIATED,0.0.731861,0.0.5328590,
0.0.10890600,0.009543162055494622,SUCCESS,0.0.731861,0.0.5328590,0.0.4138717@1791401868.668741062
0.0.10480785,287.9705610853899,SUCCESS,0.0.731861,0.0.5328590,0.0.4138717@1791401867.360807882
0.0.10803306,3525.400851285713,NOT_ASSOCIATED,0.0.731861,0.0.5328590,
0.0.10803305,15072.77472165181,NOT_ASSOCIATED,0.0.731861,0.0.5328590,
0.0.3012905,1.722864111630377,SUCCESS,0.0.731861,0.0.5328590,0.0.4138717@1791401870.436426189
0.0.835034,3.183328561892985,SUCCESS,0.0.731861,0.0.5328590,0.0.4138717@1791401869.774977009
0.0.7734907,20.70951294271727,SUCCESS,0.0.731861,0.0.5328590,0.0.4138717@1791401871.536230336
0.0.4362583,0.0004963008538615545,SUCCESS,0.0.731861,0.0.5328590,0.0.4138717@1791401872.894819935
0.0.638193,11.79628097973314,SUCCESS,0.0.731861,0.0.5328590,0.0.4138717@1791401868.250853443
0.0.4839415,2.7181113618334,SUCCESS,0.0.731861,0.0.5328590,0.0.4138717@1791401871.366243811
0.0.787993,399.3615669907838,SUCCESS,0.0.731861,0.0.5328590,0.0.4138717@1791401868.634039308
0.0.701191,4.6179560284225,SUCCESS,0.0.731861,0.0.5328590,0.0.4138717@1791401872.300375147
0.0.5151429,4.016390238304473,SUCCESS,0.0.731861,0.0.5328590,0.0.4138717@1791401870.550050945
0.0.8499794,143.6756942946706,SUCCESS,0.0.731861,0.0.5328590,0.0.4138717@1791401869.806313763
0.0.1422243,2051.651756845404,SUCCESS,0.0.731861,0.0.5328590,0.0.4138717@1791401874.282535127
0.0.4337803,25.84016979620799,SUCCESS,0.0.731861,0.0.5328590,0.0.4138717@1791401873.295761670
0.0.540025,3.13729956630091,SUCCESS,0.0.731861,0.0.5328590,0.0.4138717@1791401874.312282216
0.0.6298433,5.528059787889469,SUCCESS,0.0.731861,0.0.5328590,0.0.4138717@1791401871.355123172
0.0.696926,34.77906129862204,SUCCESS,0.0.731861,0.0.5328590,0.0.4138717@1791401873.778244232
0.0.6157135,575.2538851305807,SUCCESS,0.0.731861,0.0.5328590,0.0.4138717@1791401872.521887081
0.0.7326025,0.5973896276291878,SUCCESS,0.0.731861,0.0.5328590&0.0.6071119,0.0.4138717@1791401871.928229918
0.0.1002430,5681.3040578078,SUCCESS,0.0.731861,0.0.5328590,0.0.4138717@1791401872.901198106
0.0.1054113,685.408720136288,SUCCESS,0.0.731861,0.0.5328590,0.0.4138717@1791401871.666064749
0.0.4356483,220.6838194463457,SUCCESS,0.0.731861,0.0.5328590,0.0.4138717@1791401875.573871759
0.0.4426658,325.7821742304756,SUCCESS,0.0.731861,0.0.5328590,0.0.4138717@1791401873.004680584
0.0.4364713,249.9740606565833,SUCCESS,0.0.731861,0.0.5328590,0.0.4138717@1791401871.887689907
0.0.4742691,12.65212270439043,SUCCESS,0.0.731861,0.0.5328590,0.0.4138717@1791401875.468015361
0.0.9093010,0.3420265890063424,SUCCESS,0.0.731861,0.0.5328590,0.0.4138717@1791401873.289136514
0.0.4320148,9.424553215540982,SUCCESS,0.0.731861,0.0.5328590&0.0.10092996&0.0.10093026,0.0.4138717@1791401872.420419627
0.0.7852259,34.99973018552331,SUCCESS,0.0.731861,0.0.5328590,0.0.4138717@1791401871.752074149
0.0.7523706,347.0524127482542,NOT_ASSOCIATED,0.0.731861,0.0.5328590,
0.0.4348988,0.2574935256818464,SUCCESS,0.0.731861,0.0.5328590,0.0.4138717@1791401875.613988831
0.0.1444388,9.081604037976824,SUCCESS,0.0.731861,0.0.5328590,0.0.4138717@1791401875.035995147
0.0.9214791,8.441521953767209,SUCCESS,0.0.731861,0.0.5328590,0.0.4138717@1791401873.530395299
0.0.8426856,6.433267648766217,SUCCESS,0.0.731861,0.0.5328590,0.0.4138717@1791401876.095865800
0.0.7171484,1.227253357147557,SUCCESS,0.0.731861,0.0.5328590,0.0.4138717@1791401875.836484931
0.0.10031110,11816.64770677469,NOT_ASSOCIATED,0.0.731861,0.0.5328590,
0.0.7562963,516.0296878574112,SUCCESS,0.0.731861,0.0.5328590,0.0.4138717@1791401873.577780829
0.0.9119461,0.01049299508613961,SUCCESS,0.0.731861,0.0.5328590&0.0.6071119&0.0.8315114,0.0.4138717@1791401874.566265835
0.0.8128261,0.04126616087684854,SUCCESS,0.0.731861,0.0.5328590,0.0.4138717@1791401876.245813631
0.0.2365584,354.1237299888286,SUCCESS,0.0.731861,0.0.5328590,0.0.4138717@1791401876.089314097
0.0.5068949,1.291837871724032,SUCCESS,0.0.731861,0.0.5328590,0.0.4138717@1791401874.766686455
0.0.9401455,15.10595165332765,SUCCESS,0.0.731861,0.0.5328590,0.0.4138717@1791401875.720295524
0.0.1105713,27.43247193697589,SUCCESS,0.0.731861,0.0.5328590,0.0.4138717@1791401875.119984613
0.0.10091451,49.76610457508466,SUCCESS,0.0.731861,0.0.5328590,0.0.4138717@1791401875.873969306
0.0.822616,589.1466085526947,SUCCESS,0.0.731861,0.0.5328590,0.0.4138717@1791401874.746682937
0.0.5052897,5.103362629803273,SUCCESS,0.0.731861,0.0.5328590,0.0.4138717@1791401879.514220716
0.0.5702106,1.417890246480857,SUCCESS,0.0.731861,0.0.5328590,0.0.4138717@1791401875.131663256
0.0.818068,127.1204739055457,SUCCESS,0.0.731861,0.0.5328590,0.0.4138717@1791401876.864983876
0.0.7731260,4.871775014642085,SUCCESS,0.0.731861,0.0.5328590,0.0.4138717@1791401879.384880963
0.0.9885066,1.287437851465327,SUCCESS,0.0.731861,0.0.5328590,0.0.4138717@1791401876.465683375
0.0.9588454,6.361464292259934,SUCCESS,0.0.731861,0.0.5328590,0.0.4138717@1791401876.742127954
0.0.2288443,19.61744883278725,SUCCESS,0.0.731861,0.0.5328590,0.0.4138717@1791401877.016044620
0.0.608244,21.63803430137326,SUCCESS,0.0.731861,0.0.5328590,0.0.4138717@1791401876.883672882
0.0.1017499,2044.72498609429,SUCCESS,0.0.731861,0.0.5328590,0.0.4138717@1791401878.453718162
0.0.9364499,1.378120193941698,SUCCESS,0.0.731861,0.0.5328590,0.0.4138717@1791401877.205088255
0.0.5060063,46.3142520254997,SUCCESS,0.0.731861,0.0.5328590,0.0.4138717@1791401879.026478814
0.0.9802061,40.21069265831219,SUCCESS,0.0.731861,0.0.5328590&0.0.6071119,0.0.4138717@1791401881.594914319
0.0.3211610,66.88128142669044,SUCCESS,0.0.731861,0.0.5328590,0.0.4138717@1791401878.630720191
0.0.1460265,3852.178854314534,SUCCESS,0.0.731861,0.0.5328590,0.0.4138717@1791401880.412061026
0.0.1404223,0.09904721245006763,SUCCESS,0.0.731861,0.0.5328590&0.0.6071041,0.0.4138717@1791401879.891537513
0.0.10375094,73.79484924721122,NOT_ASSOCIATED,0.0.731861,0.0.5328590,
0.0.52671,420.1052366831045,SUCCESS,0.0.731861,0.0.5328590,0.0.4138717@1791401879.926133716
0.0.10047974,18.49531121688951,SUCCESS,0.0.731861,0.0.5328590,0.0.4138717@1791401879.869343003
0.0.1027780,1542.403358245573,SUCCESS,0.0.731861,0.0.5328590,0.0.4138717@1791401880.700324054
0.0.1251063,106.4250222458923,SUCCESS,0.0.731861,0.0.5328590,0.0.4138717@1791401878.519795909
0.0.1082181,109.5439691203502,SUCCESS,0.0.731861,0.0.5328590,0.0.4138717@1791401880.026790741
0.0.859476,54.83305230213949,SUCCESS,0.0.731861,0.0.5328590,0.0.4138717@1791401881.315877735
0.0.9641103,87.61522830244553,SUCCESS,0.0.731861,0.0.5328590&0.0.6071119,0.0.4138717@1791401881.684855268
0.0.946745,925.8997004713052,SUCCESS,0.0.731861,0.0.5328590,0.0.4138717@1791401880.539765174
0.0.1009100,0.02357708681332216,NOT_ASSOCIATED,0.0.731861,0.0.5328590,
0.0.3092477,23.73660778957903,SUCCESS,0.0.731861,0.0.5328590,0.0.4138717@1791401881.738498817
0.0.9151827,0.01284292374814852,NOT_ASSOCIATED,0.0.731861,0.0.5328590,
0.0.4587141,6.527168807253974,SUCCESS,0.0.731861,0.0.5328590,0.0.4138717@1791401884.673702709
0.0.4352091,27.04958821911078,SUCCESS,0.0.731861,0.0.5328590,0.0.4138717@1791401883.696366741
0.0.3868695,177.0933780986751,SUCCESS,0.0.731861,0.0.5328590,0.0.4138717@1791401880.509967587
0.0.9237387,207.0199132805755,SUCCESS,0.0.731861,0.0.5328590,0.0.4138717@1791401881.911562683
0.0.1324089,2.900592852314621,SUCCESS,0.0.731861,0.0.5328590&0.0.6071041,0.0.4138717@1791401883.028705510
0.0.9276478,0.1052576165526084,SUCCESS,0.0.731861,0.0.5328590,0.0.4138717@1791401883.043339348
0.0.4362264,0.9208358334557859,NOT_ASSOCIATED,0.0.731861,0.0.5328590,
0.0.1462131,0.003227349869160729,SUCCESS,0.0.731861,0.0.6071041,0.0.4138717@1791401885.411160403
0.0.5500943,0.4825757807685816,SUCCESS,0.0.731861,0.0.6071041,0.0.4138717@1791401885.258626268
0.0.896352,1.547514195078713,SUCCESS,0.0.731861,0.0.6071041,0.0.4138717@1791401884.394737890
0.0.2328171,832.8789552555095,NOT_ASSOCIATED,0.0.731861,0.0.6071041,
0.0.2137399,8.97214913044681,SUCCESS,0.0.731861,0.0.6071119,0.0.4138717@1791401884.467116924
0.0.9619890,0.8981527910777962,SUCCESS,0.0.731861,0.0.6071119,0.0.4138717@1791401882.717603438
0.0.4041275,278.1656765936357,SUCCESS,0.0.731861,0.0.6071119,0.0.4138717@1791401886.601440415
0.0.10031184,181.8880939630368,NOT_ASSOCIATED,0.0.731861,0.0.6071119,
0.0.10031183,160.6346494167469,NOT_ASSOCIATED,0.0.731861,0.0.6071119,
0.0.2174967,62.27808293940611,SUCCESS,0.0.731861,0.0.6071119,0.0.4138717@1791401884.964002842
0.0.6892983,447.793333606036,SUCCESS,0.0.731861,0.0.6071119,0.0.4138717@1791401883.596512154
0.0.833139,6.317915447865651,SUCCESS,0.0.731861,0.0.6071119,0.0.4138717@1791401886.807929963
0.0.1700952,506.7391383197848,SUCCESS,0.0.731861,0.0.6071119,0.0.4138717@1791401883.853607303
0.0.5729027,6.271706712189517,SUCCESS,0.0.731861,0.0.6071119,0.0.4138717@1791401886.129401666
0.0.5740497,1243.810904790086,SUCCESS,0.0.731861,0.0.6071119,0.0.4138717@1791401884.622930851
0.0.5702270,59.87238749360633,SUCCESS,0.0.731861,0.0.6071119,0.0.4138717@1791401887.174735016
0.0.9099631,9.922014636565232,SUCCESS,0.0.731861,0.0.6071119,0.0.4138717@1791401886.974094432
0.0.2020001,0.02374127137836577,SUCCESS,0.0.731861,0.0.6071119,0.0.4138717@1791401887.731729237
0.0.3704330,1298.582470376736,SUCCESS,0.0.731861,0.0.6071911,0.0.4138717@1791401883.846824422
0.0.3640917,26.31967123052157,SUCCESS,0.0.731861,0.0.6071911,0.0.4138717@1791401884.292204204
0.0.2997555,0.2460021930685524,SUCCESS,0.0.731861,0.0.6078459,0.0.4138717@1791401884.795630877
0.0.7857493,3593.917605132496,NOT_ASSOCIATED,0.0.731861,0.0.6078459,
0.0.7200098,259.8264718438281,SUCCESS,0.0.731861,0.0.6078459,0.0.4138717@1791401886.607578232
0.0.6082528,2377.004157524359,SUCCESS,0.0.731861,0.0.6078459,0.0.4138717@1791401885.419092587
0.0.9471068,36.0146249962496,SUCCESS,0.0.731861,0.0.6078473,0.0.4138717@1791401888.302985174
0.0.8208716,2259.244160639334,SUCCESS,0.0.731861,0.0.6078473,0.0.4138717@1791401887.082787297
0.0.6080537,3963.3355372945,SUCCESS,0.0.731861,0.0.6078473,0.0.4138717@1791401889.862651554
0.0.838563,0.0004726287023884932,SUCCESS,0.0.731861,0.0.6126395,0.0.4138717@1791401886.685259571
0.0.4987474,0.00004461446247675633,SUCCESS,0.0.731861,0.0.6126395,0.0.4138717@1791401888.406226910
0.0.972940,0.01393897588425953,SUCCESS,0.0.731861,0.0.6126395,0.0.4138717@1791401886.645626368
0.0.10608781,115.9846998087371,SUCCESS,0.0.731861,0.0.6126395,0.0.4138717@1791401885.975573422
0.0.10031160,281.3901258037452,NOT_ASSOCIATED,0.0.731861,0.0.8315114,
0.0.10031155,0.5241261708558075,NOT_ASSOCIATED,0.0.731861,0.0.8315114,
0.0.10267181,0.8264876744066393,NOT_ASSOCIATED,0.0.731861,0.0.8315114,
0.0.10267182,0.324669259687922,NOT_ASSOCIATED,0.0.731861,0.0.8315114,
0.0.10432879,0.01832071646528215,SUCCESS,0.0.731861,0.0.8315114,0.0.4138717@1791401886.067193196
0.0.1033719,17.5375105338077,SUCCESS,0.0.731861,0.0.8315114,0.0.4138717@1791401887.313455668
0.0.9695763,5362.433387861463,SUCCESS,0.0.731861,0.0.8315114,0.0.4138717@1791401888.272501239
0.0.8192889,349.8508684400625,SUCCESS,0.0.731861,0.0.8315114,0.0.4138717@1791401889.665397155
0.0.8712714,2.417611068775579,SUCCESS,0.0.731861,0.0.8315114,0.0.4138717@1791401887.166776800
0.0.8326917,3.547679273104819,NOT_ASSOCIATED,0.0.731861,0.0.8315114,
0.0.7688939,0.08619043867487827,SUCCESS,0.0.731861,0.0.8315114,0.0.4138717@1791401890.474645426
0.0.3311267,0.006265853350818771,NOT_ASSOCIATED,0.0.731861,0.0.8315114,
0.0.4340961,0.009566800315519952,SUCCESS,0.0.731861,0.0.8315114,0.0.4138717@1791401888.137650807
0.0.5679713,0.008447311160180578,SUCCESS,0.0.731861,0.0.8315114,0.0.4138717@1791401887.735838626
0.0.4544022,209.8568542969723,NOT_ASSOCIATED,0.0.731861,0.0.8315114,
0.0.10033160,3.232437484850102e-7,NOT_ASSOCIATED,0.0.731861,0.0.9774523,
0.0.10120444,0.0003099268571488026,NOT_ASSOCIATED,0.0.731861,0.0.10018365,
0.0.10120460,0.002235133255032975,NOT_ASSOCIATED,0.0.731861,0.0.10092996,
0.0.316403,2527.849471676193,SUCCESS,0.0.731861,0.0.10093026,0.0.4138717@1791401889.598295909
0.0.10120424,3.950757697863474,NOT_ASSOCIATED,0.0.731861,0.0.10093026,
0.0.10120438,0.001045161427827867,NOT_ASSOCIATED,0.0.731861,0.0.10093026,
0.0.4157421,10.61047547615312,SUCCESS,0.0.731861,0.0.10093026,0.0.4138717@1791401891.374188995
0.0.10382204,7692.003719824681,SUCCESS,0.0.731861,0.0.10387648&0.0.10414792&0.0.10418141&0.0.10498271&0.0.10498274&0.0.10498278&0.0.10498280,0.0.4138717@1791401890.412484480
0.0.10449777,0.001088848658601676,NOT_ASSOCIATED,0.0.731861,0.0.10387648,
0.0.10454159,2.447744351016747e-8,NOT_ASSOCIATED,0.0.731861,0.0.10387648,
0.0.1085174,661.3535544721915,SUCCESS,0.0.731861,0.0.10387648,0.0.4138717@1791401888.887385775
0.0.7582729,1635.331631361775,SUCCESS,0.0.731861,0.0.10414792,0.0.4138717@1791401890.126226675
0.0.820781,0.1710345057911964,SUCCESS,0.0.731861,0.0.10414792,0.0.4138717@1791401888.824852491
0.0.4865794,587.6350993586149,SUCCESS,0.0.731861,0.0.10418141,0.0.4138717@1791401890.190045429
0.0.1483886,7051.921655677287,SUCCESS,0.0.731861,0.0.10418141,0.0.4138717@1791401889.760041270
0.0.10508396,2348.035539193484,SUCCESS,0.0.731861,0.0.10498271&0.0.10498274&0.0.10498278&0.0.10498280,0.0.4138717@1791401892.679267537
0.0.10573597,21571.26856836645,SUCCESS,0.0.731861,0.0.10498271&0.0.10498278&0.0.10498280,0.0.4138717@1791401894.485377331
0.0.1989187,819.4592414291488,SUCCESS,0.0.731861,0.0.10498274,0.0.4138717@1791401895.038071975
0.0.842953,1134.541364198673,SUCCESS,0.0.731861,0.0.10498274,0.0.4138717@1791401893.227137534
0.0.4543305,13.54043541766541,SUCCESS,hbar,0.0.3951117&0.0.3964804,0.0.4138717@1791401942.206258541
0.0.3111710,0.0002135281041116753,SUCCESS,hbar,0.0.3951117,0.0.4138717@1791401944.073443087
0.0.1730563,0.01960867235909433,SUCCESS,hbar,0.0.3951117,0.0.4138717@1791401943.646969189
0.0.10854904,0.01240163458349646,SUCCESS,hbar,0.0.3951117,0.0.4138717@1791401943.723501333
0.0.8673695,0.08380175547362649,SUCCESS,hbar,0.0.3951117&0.0.3964804,0.0.4138717@1791401946.858176095
0.0.9299646,0.697118303010025,SUCCESS,hbar,0.0.3951117,0.0.4138717@1791401943.055251762
0.0.10031117,0.1793646342863127,SUCCESS,hbar,0.0.3951117,0.0.4138717@1791401944.105757002
0.0.10031118,0.9922229217688117,SUCCESS,hbar,0.0.3951117,0.0.4138717@1791401945.579481874
0.0.1157855,0.0575162214222359,SUCCESS,hbar,0.0.3951117,0.0.4138717@1791401943.829888593
0.0.1340164,5.257893706292114,SUCCESS,hbar,0.0.3951117,0.0.4138717@1791401945.455257642
0.0.735239,0.00001390055703660702,SUCCESS,hbar,0.0.3951117,0.0.4138717@1791401944.218393091
0.0.9302147,0.3916802291577431,SUCCESS,hbar,0.0.3951117,0.0.4138717@1791401943.951458631
0.0.10169145,0.01645346338006743,SUCCESS,hbar,0.0.3951117,0.0.4138717@1791401948.420715195
0.0.10230141,1.662486878131902,SUCCESS,hbar,0.0.3951117,0.0.4138717@1791401944.392074093
0.0.8373509,1.850693285664677,SUCCESS,hbar,0.0.3951117&0.0.3964804,0.0.4138717@1791401947.448237616
0.0.9723151,0.0005858089353101419,SUCCESS,hbar,0.0.3951117,0.0.4138717@1791401946.916161102
0.0.4432398,0.06526580636056437,SUCCESS,hbar,0.0.3951117,0.0.4138717@1791401948.794477446
0.0.10352676,0.07469793116335616,SUCCESS,hbar,0.0.3951117,0.0.4138717@1791401944.443483596
0.0.1408633,0.002679599133175717,SUCCESS,hbar,0.0.3951117,0.0.4138717@1791401946.652401730
0.0.1988559,0.1946173671820018,SUCCESS,hbar,0.0.3951117&0.0.3964804,0.0.4138717@1791401945.245381591
0.0.2017173,6.614840349441422,SUCCESS,hbar,0.0.3951117&0.0.3964804,0.0.4138717@1791401947.720443555
0.0.1734809,0.01465909168309282,SUCCESS,hbar,0.0.3951117&0.0.3964804,0.0.4138717@1791401945.629508553
0.0.912615,3.637549009164815,SUCCESS,hbar,0.0.3951117&0.0.3964804,0.0.4138717@1791401946.351898042
0.0.10504552,0.004507066392510057,SUCCESS,hbar,0.0.3951117,0.0.4138717@1791401950.071877527
0.0.650437,0.0854577417838815,SUCCESS,hbar,0.0.3951117,0.0.4138717@1791401946.774374489
0.0.9273872,0.00229187475541615,SUCCESS,hbar,0.0.3951117,0.0.4138717@1791401946.783989048
0.0.1515633,0.2527088653526941,SUCCESS,hbar,0.0.3951117,0.0.4138717@1791401946.145806633
0.0.850481,6.379299326258407,SUCCESS,hbar,0.0.3951117,0.0.4138717@1791401949.062770164
0.0.1758196,0.1212889777485729,SUCCESS,hbar,0.0.3951117,0.0.4138717@1791401948.890081847
0.0.4555391,0.2664574956578423,SUCCESS,hbar,0.0.3951117,0.0.4138717@1791401948.764507734
0.0.9359586,0.007783966542793291,SUCCESS,hbar,0.0.3951117,0.0.4138717@1791401949.204063624
0.0.832852,2.746553065612547,SUCCESS,hbar,0.0.3951117,0.0.4138717@1791401949.259940404
0.0.2174015,0.001447622071463673,SUCCESS,hbar,0.0.3951117,0.0.4138717@1791401949.765526789
0.0.1110198,2.221257520925509,SUCCESS,hbar,0.0.3951117,0.0.4138717@1791401950.468588054
0.0.4560992,0.629446649101167,SUCCESS,hbar,0.0.3951117,0.0.4138717@1791401949.464912067
0.0.8585089,15.64294602751525,SUCCESS,hbar,0.0.3951117,0.0.4138717@1791401949.449122716
0.0.1115297,0.06871579792303541,SUCCESS,hbar,0.0.3951117,0.0.4138717@1791401952.513910975
0.0.7542917,0.02843579057133929,SUCCESS,hbar,0.0.3951117,0.0.4138717@1791401949.547424390
0.0.9626972,0.03657311136253201,SUCCESS,hbar,0.0.3951117,0.0.4138717@1791401953.360524083
0.0.9755401,0.0002979153234156068,SUCCESS,hbar,0.0.3951117,0.0.4138717@1791401951.635292923
0.0.9761018,47.68578240625193,SUCCESS,hbar,0.0.3951117,0.0.4138717@1791401953.754247771
0.0.4570964,0.3514918420038247,SUCCESS,hbar,0.0.3951117,0.0.4138717@1791401949.351227989
0.0.9958383,0.008850871751057596,SUCCESS,hbar,0.0.3951117,0.0.4138717@1791401953.923115223
0.0.4912200,35.66652505092128,SUCCESS,hbar,0.0.3951117&0.0.3964804,0.0.4138717@1791401950.420486010
0.0.7788937,0.009520492004533724,SUCCESS,hbar,0.0.3951117,0.0.4138717@1791401950.258245567
0.0.9104463,2.977127247086198,SUCCESS,hbar,0.0.3951117&0.0.3964804,0.0.4138717@1791401953.999513116
0.0.4531253,0.01997456311171916,SUCCESS,hbar,0.0.3951117&0.0.3964804,0.0.4138717@1791401953.782128863
0.0.2122027,1.370881526590066,SUCCESS,hbar,0.0.3951117&0.0.3964804,0.0.4138717@1791401954.728008627
0.0.8531519,1.312170303215395,SUCCESS,hbar,0.0.3951117,0.0.4138717@1791401954.618447399
0.0.2960169,0.3153945606116796,SUCCESS,hbar,0.0.3951117,0.0.4138717@1791401951.662218037
0.0.8616856,19.51510156723944,SUCCESS,hbar,0.0.3951117&0.0.3964804,0.0.4138717@1791401954.693929309
0.0.1691323,8.78725033230501,SUCCESS,hbar,0.0.3951117&0.0.3964804,0.0.4138717@1791401952.422464482
0.0.4342759,10.74719562057306,SUCCESS,hbar,0.0.3951117,0.0.4138717@1791401953.342831674
0.0.9150357,1.939454387229714,SUCCESS,hbar,0.0.3951117,0.0.4138717@1791401952.617376328
0.0.1379217,1.79415870659554,SUCCESS,hbar,0.0.3951117,0.0.4138717@1791401954.901850283
0.0.6258771,1.438158190389481,SUCCESS,hbar,0.0.3951117,0.0.4138717@1791401956.714901117
0.0.7889838,0.01754121804291684,SUCCESS,hbar,0.0.3951117,0.0.4138717@1791401952.925000174
0.0.8068689,2.289536249268513,SUCCESS,hbar,0.0.3951117&0.0.3964804,0.0.4138717@1791401954.287323200
0.0.1991961,0.08482016250198629,SUCCESS,hbar,0.0.3951117,0.0.4138717@1791401952.778462318
0.0.856667,0.2740949157683596,SUCCESS,hbar,0.0.3951117&0.0.3964804,0.0.4138717@1791401954.075904054
0.0.2125030,17.84656038096836,SUCCESS,hbar,0.0.3951117,0.0.4138717@1791401956.126123418
0.0.1601282,0.03784899828180903,SUCCESS,hbar,0.0.3951117,0.0.4138717@1791401956.285883677
0.0.657648,27.82066443291785,SUCCESS,hbar,0.0.3951117,0.0.4138717@1791401956.608005871
0.0.10296471,0.04725761797536669,SUCCESS,hbar,0.0.3951117,0.0.4138717@1791401958.401168747
0.0.10812303,0.001391601576734481,SUCCESS,hbar,0.0.3951117,0.0.4138717@1791401956.355606704
0.0.10818243,0.006095682969844993,SUCCESS,hbar,0.0.3951117,0.0.4138717@1791401956.593698936
0.0.10824909,0.6615302599909857,SUCCESS,hbar,0.0.3951117&0.0.3964804,0.0.4138717@1791401957.007625440
0.0.847617,2.977798089133124,SUCCESS,hbar,0.0.3951117,0.0.4138717@1791401958.659095695
0.0.8060346,0.1327904623318937,SUCCESS,hbar,0.0.3951117,0.0.4138717@1791401958.690172741
0.0.4863820,0.2383529596451623,SUCCESS,hbar,0.0.3951117,0.0.4138717@1791401955.156503469
0.0.9301583,10.03916720162002,SUCCESS,hbar,0.0.3951117,0.0.4138717@1791401959.473850276
0.0.10483303,1850.505995805241,SUCCESS,hbar,0.0.3951117&0.0.3964804,0.0.4138717@1791401957.889894774
0.0.1120575,8.11808942784909,SUCCESS,hbar,0.0.3951117&0.0.3964804,0.0.4138717@1791401957.536377412
0.0.9200436,0.1949977860631495,SUCCESS,hbar,0.0.3951117,0.0.4138717@1791401958.022141928
0.0.7891604,3.920095904970336,SUCCESS,hbar,0.0.3951117,0.0.4138717@1791401959.304307290
0.0.9195929,0.7747338735340189,SUCCESS,hbar,0.0.3951117&0.0.3964804,0.0.4138717@1791401959.029177310
0.0.9120392,0.1887446056133379,SUCCESS,hbar,0.0.3951117&0.0.3964804,0.0.4138717@1791401959.203298592
0.0.3310398,0.0582006962629228,SUCCESS,hbar,0.0.3951117&0.0.3964804,0.0.4138717@1791401959.749590567
0.0.10505731,11.12242628882629,SUCCESS,hbar,0.0.3951117,0.0.4138717@1791401960.534159279
0.0.8899262,1.234499624646705,SUCCESS,hbar,0.0.3951117,0.0.4138717@1791401958.658779684
0.0.7526203,0.4177304876291605,SUCCESS,hbar,0.0.3951117&0.0.3964804,0.0.4138717@1791401957.864811776
0.0.3872466,0.02112843206270847,SUCCESS,hbar,0.0.3951117,0.0.4138717@1791401960.112885822
0.0.1462225,459.4080447275727,SUCCESS,hbar,0.0.3951117,0.0.4138717@1791401959.234761537
0.0.1792818,0.001992423329811896,SUCCESS,hbar,0.0.3951117,0.0.4138717@1791401960.321202743
0.0.1070346,12.26385514405764,SUCCESS,hbar,0.0.3951117,0.0.4138717@1791401959.107924500
0.0.4423729,1.375394935050021,SUCCESS,hbar,0.0.3951117,0.0.4138717@1791401958.076910692
0.0.4569835,0.001147562805277353,SUCCESS,hbar,0.0.3951117,0.0.4138717@1791401959.697654256
0.0.490092,0.02239067514810912,SUCCESS,hbar,0.0.3951117,0.0.4138717@1791401960.726391612
0.0.516971,2.576423050578e-8,SUCCESS,hbar,0.0.3951117&0.0.3964804,0.0.4138717@1791401961.841404052
0.0.4575306,0.0007464327523042853,SUCCESS,hbar,0.0.3951117,0.0.4138717@1791401959.777235395
0.0.1508462,2.703294011623988,SUCCESS,hbar,0.0.3951117,0.0.4138717@1791401962.189232101
0.0.3525426,2.718475362656657,SUCCESS,hbar,0.0.3951117&0.0.3964804,0.0.4138717@1791401959.987386443
0.0.4591423,0.009042731882065943,SUCCESS,hbar,0.0.3951117,0.0.4138717@1791401960.038064308
0.0.3925109,0.00000772249282304994,SUCCESS,hbar,0.0.3951117,0.0.4138717@1791401960.589039769
0.0.4433722,0.01192084361949729,SUCCESS,hbar,0.0.3951117,0.0.4138717@1791401961.309788870
0.0.4361868,4.597357111632036,SUCCESS,hbar,0.0.3951117,0.0.4138717@1791401962.546682321
0.0.4331665,0.2081282840049646,SUCCESS,hbar,0.0.3951117,0.0.4138717@1791401964.115512759
0.0.1512938,0.0001255256849690992,SUCCESS,hbar,0.0.3951117,0.0.4138717@1791401964.515079415
0.0.4339712,0.05955479209867331,SUCCESS,hbar,0.0.3951117,0.0.4138717@1791401961.642568934
0.0.1784251,0.006696583845035159,SUCCESS,hbar,0.0.3951117&0.0.3964804,0.0.4138717@1791401964.010120349
0.0.835242,0.004663674557303173,SUCCESS,hbar,0.0.3951117,0.0.4138717@1791401964.413581587
0.0.4351536,0.500908113236722,SUCCESS,hbar,0.0.3951117,0.0.4138717@1791401965.576036203
0.0.844585,3.873234626296999,SUCCESS,hbar,0.0.3951117&0.0.3964804,0.0.4138717@1791401965.380192692
0.0.9318600,53.32399485060336,SUCCESS,hbar,0.0.3951117,0.0.4138717@1791401963.160629197
0.0.9154738,0.01934956483736698,SUCCESS,hbar,0.0.3951117&0.0.3964804,0.0.4138717@1791401963.126646400
0.0.2994397,0.6613646355016451,SUCCESS,hbar,0.0.3951117,0.0.4138717@1791401964.036852503
0.0.9597272,0.4588136838613061,SUCCESS,hbar,0.0.3951117,0.0.4138717@1791401967.453049048
0.0.7680254,0.5056092894831576,SUCCESS,hbar,0.0.3951117&0.0.3964804,0.0.4138717@1791401967.737772168
0.0.52231,1.968004942622457,SUCCESS,hbar,0.0.3951117,0.0.4138717@1791401964.176442124
0.0.4570908,11.27208324466707,SUCCESS,hbar,0.0.3951117,0.0.4138717@1791401963.946900300
0.0.1339713,2.082793991761742,SUCCESS,hbar,0.0.3951117&0.0.3964804,0.0.4138717@1791401963.614132399
0.0.8341357,0.06531422998792298,SUCCESS,hbar,0.0.3951117,0.0.4138717@1791401963.929331800
0.0.4349716,0.2611847684711821,SUCCESS,hbar,0.0.3951117&0.0.3964804,0.0.4138717@1791401965.009597860
0.0.10064213,0.2976144819150862,SUCCESS,hbar,0.0.3951117&0.0.3964804,0.0.4138717@1791401964.185983545
0.0.6374996,4.136979167841557,SUCCESS,hbar,0.0.3951117,0.0.4138717@1791401967.717344715
0.0.10088944,0.2470167901226552,SUCCESS,hbar,0.0.3951117&0.0.3964804,0.0.4138717@1791401967.023379589
0.0.139500,3.646112915469427,SUCCESS,hbar,0.0.3951117,0.0.4138717@1791401967.124593228
0.0.7920605,0.1357361764878717,SUCCESS,hbar,0.0.3951117,0.0.4138717@1791401969.480767799
0.0.1123753,0.628451512593945,SUCCESS,hbar,0.0.3951117,0.0.4138717@1791401965.185893582
0.0.8382774,0.04989498290065231,SUCCESS,hbar,0.0.3951117&0.0.3964804,0.0.4138717@1791401967.004355761
0.0.7490874,0.06835691605105754,SUCCESS,hbar,0.0.3951117&0.0.3964804,0.0.4138717@1791401965.982075131
0.0.1123889,0.02223537116202102,SUCCESS,hbar,0.0.3951117&0.0.3964804,0.0.4138717@1791401967.323299725
0.0.7989790,0.0009031618023387984,SUCCESS,hbar,0.0.3951117,0.0.4138717@1791401966.136510052
0.0.3706536,0.001546025831546336,SUCCESS,hbar,0.0.3951117,0.0.4138717@1791401968.312811119
0.0.8068996,0.02319435445849015,SUCCESS,hbar,0.0.3951117&0.0.3964804,0.0.4138717@1791401969.267820559
0.0.819005,0.6408383377662458,SUCCESS,hbar,0.0.3951117,0.0.4138717@1791401967.941706911
0.0.8212757,0.3089948347469942,SUCCESS,hbar,0.0.3951117,0.0.4138717@1791401971.276823685
0.0.8260017,0.007995129318227656,SUCCESS,hbar,0.0.3951117&0.0.3964804,0.0.4138717@1791401969.600332643
0.0.2137668,2.744070538818664,SUCCESS,hbar,0.0.3951117&0.0.3964804,0.0.4138717@1791401967.645960368
0.0.6270084,30.20262878065869,SUCCESS,hbar,0.0.3951117&0.0.3964804,0.0.4138717@1791401971.201472357
0.0.1374442,2.694285526869673,SUCCESS,hbar,0.0.3951117,0.0.4138717@1791401972.071029320
0.0.8490555,0.2834503804803166,SUCCESS,hbar,0.0.3951117,0.0.4138717@1791401971.481803881
0.0.8684349,76.17939628297768,SUCCESS,hbar,0.0.3951117,0.0.4138717@1791401970.017167269
0.0.9112426,0.0487597931604927,SUCCESS,hbar,0.0.3951117&0.0.3964804,0.0.4138717@1791401969.491771289
0.0.1707146,0.1783215668366308,SUCCESS,hbar,0.0.3951117,0.0.4138717@1791401970.277073272
0.0.9125858,710.6039841994493,SUCCESS,hbar,0.0.3951117,0.0.4138717@1791401972.280991372
0.0.1368197,0.1999636587615036,SUCCESS,hbar,0.0.3951117&0.0.3964804,0.0.4138717@1791401973.222203163
0.0.7810768,0.0493102147825026,SUCCESS,hbar,0.0.3951117,0.0.4138717@1791401968.869784908
0.0.5156210,0.001238981469307876,SUCCESS,hbar,0.0.3951117&0.0.3964804,0.0.4138717@1791401971.682667167
0.0.4745055,0.001089387312296874,SUCCESS,hbar,0.0.3951117,0.0.4138717@1791401973.856234947
0.0.4338219,0.536346976841299,SUCCESS,hbar,0.0.3951117,0.0.4138717@1791401971.018666932
0.0.4792831,0.0005748726879953437,SUCCESS,hbar,0.0.3951117,0.0.4138717@1791401972.713464169
0.0.664329,0.0004309992477517202,SUCCESS,hbar,0.0.3951117,0.0.4138717@1791401973.692126023
0.0.4858736,0.007546391007064556,SUCCESS,hbar,0.0.3951117,0.0.4138717@1791401972.594806191
0.0.834443,20.3492479185285,SUCCESS,hbar,0.0.3951117,0.0.4138717@1791401974.944823974
0.0.4430933,0.1436646021353032,SUCCESS,hbar,0.0.3951117,0.0.4138717@1791401970.970515322
0.0.4383878,0.01189620980750999,SUCCESS,hbar,0.0.3951117,0.0.4138717@1791401975.258906583
0.0.5028724,0.0009937218554578271,SUCCESS,hbar,0.0.3951117,0.0.4138717@1791401973.663164562
0.0.7991960,0.2268256037197151,SUCCESS,hbar,0.0.3951117&0.0.3964804,0.0.4138717@1791401974.442354780
0.0.1458130,0.007315380114081652,SUCCESS,hbar,0.0.3951117,0.0.4138717@1791401976.035107965
0.0.1904506,0.000105873969912055,SUCCESS,hbar,0.0.3951117,0.0.4138717@1791401975.051994405
0.0.1292697,0.05998391869500316,SUCCESS,hbar,0.0.3951117,0.0.4138717@1791401972.330111568
0.0.696790,0.9948701676701063,SUCCESS,hbar,0.0.3951117&0.0.3964804,0.0.4138717@1791401973.144223576
0.0.7129552,9.201099746052527,SUCCESS,hbar,0.0.3951117,0.0.4138717@1791401973.837568338
0.0.1380352,0.2636241114394066,SUCCESS,hbar,0.0.3951117,0.0.4138717@1791401973.820494861
0.0.813134,0.6439572759692308,SUCCESS,hbar,0.0.3951117,0.0.4138717@1791401976.995406807
0.0.5126364,2.823112863277448,SUCCESS,hbar,0.0.3951117,0.0.4138717@1791401976.933350175
0.0.4544530,0.09890065932856601,SUCCESS,hbar,0.0.3951117&0.0.3964804,0.0.4138717@1791401976.410921468
0.0.5118079,0.647357879919588,SUCCESS,hbar,0.0.3951117&0.0.3964804,0.0.4138717@1791401975.893520315
0.0.1266990,0.04277780972468172,SUCCESS,hbar,0.0.3951117,0.0.4138717@1791401976.834099348
0.0.4324463,0.06490954311217148,SUCCESS,hbar,0.0.3951117,0.0.4138717@1791401975.017137055
0.0.4582751,0.1014959576291843,SUCCESS,hbar,0.0.3951117,0.0.4138717@1791401978.041571522
0.0.4321631,2.519644351891714,SUCCESS,hbar,0.0.3951117&0.0.3964804,0.0.4138717@1791401976.708704541
0.0.4324445,0.05570262960619819,SUCCESS,hbar,0.0.3951117&0.0.3964804,0.0.4138717@1791401977.143444207
0.0.795933,0.9987034527026535,SUCCESS,hbar,0.0.3951117,0.0.4138717@1791401978.079859403
0.0.1506629,0.06195322947112682,SUCCESS,hbar,0.0.3951117,0.0.4138717@1791401979.137172703
0.0.5118232,0.2128303073292512,SUCCESS,hbar,0.0.3951117&0.0.3964804,0.0.4138717@1791401976.125179954
0.0.4348824,0.01103209587860429,SUCCESS,hbar,0.0.3951117,0.0.4138717@1791401977.543789741
0.0.104926,0.00247328074145214,SUCCESS,hbar,0.0.3951117,0.0.4138717@1791401978.471367604
0.0.4322065,0.638971461353214,SUCCESS,hbar,0.0.3951117,0.0.4138717@1791401979.186687283
0.0.1338331,0.04124310462400223,SUCCESS,hbar,0.0.3951117,0.0.4138717@1791401976.753808630
0.0.4349304,0.002773054611659886,SUCCESS,hbar,0.0.3951117,0.0.4138717@1791401976.534588934
0.0.1735540,0.6021979156962227,SUCCESS,hbar,0.0.3951117,0.0.4138717@1791401977.193197869
0.0.1910285,0.07671249386529286,SUCCESS,hbar,0.0.3951117,0.0.4138717@1791401977.724689356
0.0.4335807,1.624833060411388,SUCCESS,hbar,0.0.3951117,0.0.4138717@1791401980.078918464
0.0.3829916,13.10915299992988,SUCCESS,hbar,0.0.3951117,0.0.4138717@1791401978.834752238
0.0.662296,25.8033715298828,SUCCESS,hbar,0.0.3951117,0.0.4138717@1791401976.520838847
0.0.853268,24.22189713183666,SUCCESS,hbar,0.0.3951117,0.0.4138717@1791401978.410506664
0.0.1711779,0.01002460996770306,SUCCESS,hbar,0.0.3951117,0.0.4138717@1791401980.468793989
0.0.5117832,30.79109736648575,SUCCESS,hbar,0.0.3951117&0.0.3964804,0.0.4138717@1791401979.203340566
0.0.5310061,0.3632100646064974,SUCCESS,hbar,0.0.3951117&0.0.3964804,0.0.4138717@1791401977.813833982
0.0.5281334,0.1008703086815734,SUCCESS,hbar,0.0.3951117,0.0.4138717@1791401977.748580282
0.0.4986167,0.1010454333365285,SUCCESS,hbar,0.0.3951117,0.0.4138717@1791401981.362069530
0.0.4350041,0.1187887034093019,SUCCESS,hbar,0.0.3951117,0.0.4138717@1791401979.619781770
0.0.4323088,3.696946044459961,SUCCESS,hbar,0.0.3951117&0.0.3964804,0.0.4138717@1791401980.109057574
0.0.4590627,0.5029789229410163,SUCCESS,hbar,0.0.3951117,0.0.4138717@1791401980.674043868
0.0.5202236,0.3142807457017759,SUCCESS,hbar,0.0.3951117,0.0.4138717@1791401981.967832261
0.0.5182107,0.2081455505933898,SUCCESS,hbar,0.0.3951117&0.0.3964804,0.0.4138717@1791401980.768927839
0.0.841339,0.1588053729119016,SUCCESS,hbar,0.0.3951117,0.0.4138717@1791401980.322743373
0.0.5119346,2.063703004786497,SUCCESS,hbar,0.0.3951117&0.0.3964804,0.0.4138717@1791401981.068894761
0.0.5118190,0.4232507241013786,SUCCESS,hbar,0.0.3951117&0.0.3964804,0.0.4138717@1791401979.917140602
0.0.3241044,1.114043671506982,SUCCESS,hbar,0.0.3951117,0.0.4138717@1791401980.978027841
0.0.925802,0.9921665570025355,SUCCESS,hbar,0.0.3951117,0.0.4138717@1791401983.840322138
0.0.896788,32.41212457271895,SUCCESS,hbar,0.0.3951117,0.0.4138717@1791401982.807240077
0.0.2116956,0.1841296146965979,SUCCESS,hbar,0.0.3951117,0.0.4138717@1791401981.977809866
0.0.832624,0.0004971065386223945,SUCCESS,hbar,0.0.3951117&0.0.3964804,0.0.4138717@1791401982.855965594
0.0.1071830,5.457157811597496,SUCCESS,hbar,0.0.3951117&0.0.3964804,0.0.4138717@1791401984.655848430
0.0.1724832,0.07405027139312123,SUCCESS,hbar,0.0.3951117,0.0.4138717@1791401983.756490207
0.0.3845966,0.1523411229884966,SUCCESS,hbar,0.0.3951117&0.0.3964804,0.0.4138717@1791401983.962600512
0.0.956549,17.4171684303929,SUCCESS,hbar,0.0.3951117,0.0.4138717@1791401984.080562814
0.0.1628961,227.370007247062,SUCCESS,hbar,0.0.3951117&0.0.3964804,0.0.4138717@1791401983.103532268
0.0.1290358,6.899357140089722,SUCCESS,hbar,0.0.3951117,0.0.4138717@1791401985.409344743
0.0.860438,0.2383460391239044,SUCCESS,hbar,0.0.3951117&0.0.3964804,0.0.4138717@1791401986.510164898
0.0.836838,2377.876150002051,SUCCESS,hbar,0.0.3951117,0.0.4138717@1791401986.974317229
0.0.2141800,3.360800769999019,SUCCESS,hbar,0.0.3951117,0.0.4138717@1791401984.467473800
0.0.834820,3.211321499325734,SUCCESS,hbar,0.0.3951117&0.0.3964804,0.0.4138717@1791401986.778962504
0.0.2773436,42.00650850184519,SUCCESS,hbar,0.0.3951117&0.0.3964804,0.0.4138717@1791401987.221008703
0.0.1265153,0.00116924293582052,SUCCESS,hbar,0.0.3951117,0.0.4138717@1791401985.406025525
0.0.4302086,0.06095776567138902,SUCCESS,hbar,0.0.3951117,0.0.4138717@1791401985.180655017
0.0.819461,0.06409808465038623,SUCCESS,hbar,0.0.3951117,0.0.4138717@1791401985.139761024
0.0.4210667,0.001409910478434585,SUCCESS,hbar,0.0.3951117,0.0.4138717@1791401985.867033785
0.0.1412849,0.00000267363495000966,SUCCESS,hbar,0.0.3951117,0.0.4138717@1791401985.055044145
0.0.823348,0.08365430446499829,SUCCESS,hbar,0.0.3951117,0.0.4138717@1791401985.650839552
0.0.2174139,0.01701050151094826,SUCCESS,hbar,0.0.3951117&0.0.3964804,0.0.4138717@1791401985.773390867
0.0.1261552,0.1110810365644654,SUCCESS,hbar,0.0.3951117&0.0.3964804,0.0.4138717@1791401985.472781086
0.0.4205604,0.4454256796849767,SUCCESS,hbar,0.0.3951117,0.0.4138717@1791401987.863975185
0.0.639876,0.02576969093050487,SUCCESS,hbar,0.0.3951117,0.0.4138717@1791401987.275398361
0.0.4329215,0.027424859461632,SUCCESS,hbar,0.0.3951117&0.0.3964804,0.0.4138717@1791401990.248468456
0.0.854331,0.0171499240006061,SUCCESS,hbar,0.0.3951117,0.0.4138717@1791401990.729650689
0.0.4333286,0.04053807434843148,SUCCESS,hbar,0.0.3951117,0.0.4138717@1791401988.264622101
0.0.1453803,1.175757882290489,SUCCESS,hbar,0.0.3951117&0.0.3964804,0.0.4138717@1791401987.493024611
0.0.4346579,0.001152957253034224,SUCCESS,hbar,0.0.3951117,0.0.4138717@1791401988.451474743
0.0.508876,24.24026446801776,SUCCESS,hbar,0.0.3951117&0.0.3964804,0.0.4138717@1791401988.115564855
0.0.1075892,0.1105814224621051,SUCCESS,hbar,0.0.3951117,0.0.4138717@1791401992.135218394
0.0.7262531,0.00315056076763088,SUCCESS,hbar,0.0.3951117&0.0.3964804,0.0.4138717@1791401991.990127364
0.0.4551977,0.04718777852340439,SUCCESS,hbar,0.0.3951117,0.0.4138717@1791401989.207803215
0.0.4239072,7.833701981460458,SUCCESS,hbar,0.0.3951117,0.0.4138717@1791401992.518495195
0.0.1726157,1.754361602370711,SUCCESS,hbar,0.0.3951117&0.0.3964804,0.0.4138717@1791401988.825728758
0.0.4229805,0.2730897700797351,SUCCESS,hbar,0.0.3951117,0.0.4138717@1791401991.745700727
0.0.5078033,0.9875979907323018,SUCCESS,hbar,0.0.3951117,0.0.4138717@1791401990.958971626
0.0.7479340,0.4348550741485959,SUCCESS,hbar,0.0.3951117&0.0.3964804,0.0.4138717@1791401989.506755160
0.0.1340928,12.89407493008105,SUCCESS,hbar,0.0.3951117,0.0.4138717@1791401993.339592892
0.0.7138336,0.00660113479706066,SUCCESS,hbar,0.0.3951117,0.0.4138717@1791401990.091951628
0.0.4766933,8.760056491310744,SUCCESS,hbar,0.0.3951117,0.0.4138717@1791401990.568622392
0.0.6781119,1.863057573715463,SUCCESS,hbar,0.0.3951117&0.0.3964804,0.0.4138717@1791401994.960450574
0.0.6026305,0.103327559949037,SUCCESS,hbar,0.0.3951117,0.0.4138717@1791401992.513819014
0.0.4702708,0.06899289008786458,SUCCESS,hbar,0.0.3951117,0.0.4138717@1791401995.668453798
0.0.4345324,0.05912312768208549,SUCCESS,hbar,0.0.3951117,0.0.4138717@1791401995.006459736
0.0.874760,6.278190064698163,SUCCESS,hbar,0.0.3951117&0.0.3964804,0.0.4138717@1791401992.613014270
0.0.6440477,0.2267118999257932,SUCCESS,hbar,0.0.3951117&0.0.3964804,0.0.4138717@1791401993.226200727
0.0.6289117,1.886153541356299,SUCCESS,hbar,0.0.3951117&0.0.3964804,0.0.4138717@1791401994.117438561
0.0.1322785,17.61294517542591,SUCCESS,hbar,0.0.3951117,0.0.4138717@1791401996.159252454
0.0.1110477,4.79601447859679,SUCCESS,hbar,0.0.3951117,0.0.4138717@1791401992.779624922
0.0.1490591,6.345160044345085,SUCCESS,hbar,0.0.3951117&0.0.3964804,0.0.4138717@1791401995.588031874
0.0.1023917,1.038574612613701,SUCCESS,hbar,0.0.3951117&0.0.3964804,0.0.4138717@1791401995.295082363
0.0.1506598,0.8748977203042391,SUCCESS,hbar,0.0.3951117,0.0.4138717@1791401996.683834953
0.0.8013259,215.5628977544187,SUCCESS,hbar,0.0.3951117,0.0.4138717@1791401995.804704926
0.0.4559340,0.05717538574357751,SUCCESS,hbar,0.0.3951117,0.0.4138717@1791401994.722848254
0.0.1185978,0.4285095140855761,SUCCESS,hbar,0.0.3951117,0.0.4138717@1791401995.094575440
0.0.7798148,1.350641269537717,SUCCESS,hbar,0.0.3951117,0.0.4138717@1791401994.324933994
0.0.7843482,0.4705559201891116,SUCCESS,hbar,0.0.3951117&0.0.3964804,0.0.4138717@1791401993.637240836
0.0.7835270,2.802141148219578,SUCCESS,hbar,0.0.3951117,0.0.4138717@1791401998.451201163
0.0.4347838,1.217988500613282,SUCCESS,hbar,0.0.3951117,0.0.4138717@1791401997.216408584
0.0.920901,14.49438169384525,SUCCESS,hbar,0.0.3951117,0.0.4138717@1791401994.948958421
0.0.1877739,0.05341617858378313,SUCCESS,hbar,0.0.3951117,0.0.4138717@1791401994.804072102
0.0.4864609,0.05116159825058453,SUCCESS,hbar,0.0.3951117,0.0.4138717@1791401997.647258320
0.0.598828,0.0101997540732901,SUCCESS,hbar,0.0.3951117&0.0.3964804,0.0.4138717@1791401997.565154233
0.0.4938729,0.7863045925293295,SUCCESS,hbar,0.0.3951117,0.0.4138717@1791401997.039644476
0.0.4329852,11.22607431148339,SUCCESS,hbar,0.0.3951117&0.0.3964804,0.0.4138717@1791401997.456222131
0.0.3681428,48.48563189479336,SUCCESS,hbar,0.0.3951117&0.0.3964804,0.0.4138717@1791401999.793283133
0.0.4318411,2.855126466996379,SUCCESS,hbar,0.0.3951117,0.0.4138717@1791401999.627117276
0.0.5976303,0.2133325505661725,SUCCESS,hbar,0.0.3951117&0.0.3964804,0.0.4138717@1791401999.794915708
0.0.4558891,2.08620356513307,SUCCESS,hbar,0.0.3951117,0.0.4138717@1791401997.251798256
0.0.2930231,0.1732509038827278,SUCCESS,hbar,0.0.3951117&0.0.3964804,0.0.4138717@1791401999.339671982
0.0.4968045,1.476846410227404,SUCCESS,hbar,0.0.3951117,0.0.4138717@1791402000.790950767
0.0.4322002,0.2270683443890159,SUCCESS,hbar,0.0.3951117,0.0.4138717@1791402001.039278110
0.0.6244791,0.5718548629159547,SUCCESS,hbar,0.0.3951117,0.0.4138717@1791401999.684039210
0.0.4817549,0.8033863611562453,SUCCESS,hbar,0.0.3951117&0.0.3964804,0.0.4138717@1791402002.057022366
0.0.4340758,0.2788367304501753,SUCCESS,hbar,0.0.3951117&0.0.3964804,0.0.4138717@1791402001.126750634
0.0.4695027,0.1887732921641204,SUCCESS,hbar,0.0.3951117,0.0.4138717@1791402000.975279835
0.0.525256,5.237155356986239,SUCCESS,hbar,0.0.3951117,0.0.4138717@1791402002.189160422
0.0.4709377,6.649703385200843,SUCCESS,hbar,0.0.3951117,0.0.4138717@1791401999.211114707
0.0.5716339,0.0007784260650792904,SUCCESS,hbar,0.0.3951117,0.0.4138717@1791402003.197258489
0.0.4354394,1.942683971979927,SUCCESS,hbar,0.0.3951117,0.0.4138717@1791402004.161462589
0.0.3969243,0.01533256957789723,SUCCESS,hbar,0.0.3951117,0.0.4138717@1791402000.785652080
0.0.5975196,0.08513952747955,SUCCESS,hbar,0.0.3951117,0.0.4138717@1791402002.529927369
0.0.6313910,54.0562371785239,SUCCESS,hbar,0.0.3951117&0.0.3964804,0.0.4138717@1791402000.705408602
0.0.850535,138.3876175791283,SUCCESS,hbar,0.0.3951117,0.0.4138717@1791402002.229797690
0.0.5797983,0.05527493154911665,SUCCESS,hbar,0.0.3951117&0.0.3964804,0.0.4138717@1791402003.385145841
0.0.3242760,10.64246353515271,SUCCESS,hbar,0.0.3951117&0.0.3964804,0.0.4138717@1791402001.416928876
0.0.4923080,0.07565581296829432,SUCCESS,hbar,0.0.3951117,0.0.4138717@1791402004.862693038
0.0.2968839,1.902312153120591,SUCCESS,hbar,0.0.3951117&0.0.3964804,0.0.4138717@1791402002.122275005
0.0.4330219,0.09137183580645825,SUCCESS,hbar,0.0.3951117,0.0.4138717@1791402004.332015093
0.0.3071320,14.72839690748367,SUCCESS,hbar,0.0.3951117,0.0.4138717@1791402004.156015547
0.0.4758169,0.2842382124560117,SUCCESS,hbar,0.0.3951117,0.0.4138717@1791402002.277073945
0.0.4775299,0.4771613605451745,SUCCESS,hbar,0.0.3951117,0.0.4138717@1791402005.761570672
0.0.4184733,51.78905295311617,SUCCESS,hbar,0.0.3951117,0.0.4138717@1791402001.764962093
0.0.1412123,0.1635952546347928,SUCCESS,hbar,0.0.3951117&0.0.3964804,0.0.4138717@1791402005.332336165
0.0.4432149,0.1725046943312889,SUCCESS,hbar,0.0.3951117,0.0.4138717@1791402005.916896642
0.0.4732964,0.06459905328290211,SUCCESS,hbar,0.0.3951117,0.0.4138717@1791402002.644413316
0.0.9374263,1.177564518e-10,FAIL,hbar,0.0.3964804,
0.0.9374363,1.170793645242e-8,SUCCESS,hbar,0.0.3964804,0.0.4138717@1791402007.564194946
0.0.10113345,0.001929597099711637,SUCCESS,hbar,0.0.3964804,0.0.4138717@1791402003.784481742
0.0.9372860,0.0000017017630892964,SUCCESS,hbar,0.0.3964804,0.0.4138717@1791402005.573370986
0.0.9738485,0.00004406547219204702,SUCCESS,hbar,0.0.3964804,0.0.4138717@1791402005.949261071
0.0.3958745,0.04756609956927952,SUCCESS,hbar,0.0.3964804,0.0.4138717@1791402007.573368331
0.0.9372090,3.0695533714716e-7,SUCCESS,hbar,0.0.3964804,0.0.4138717@1791402007.898796246
0.0.9144627,0.1106357858124616,SUCCESS,hbar,0.0.3964804,0.0.4138717@1791402005.164382461
0.0.1079625,0.3490545871285458,SUCCESS,hbar,0.0.3964804,0.0.4138717@1791402008.987563086
0.0.10178515,0.001086675318127606,SUCCESS,hbar,0.0.3964804,0.0.4138717@1791402008.307026557
0.0.10166270,7.2268882701288e-7,SUCCESS,hbar,0.0.3964804,0.0.4138717@1791402005.157066189
0.0.9729620,0.0006204668600865197,SUCCESS,hbar,0.0.3964804,0.0.4138717@1791402004.796974289
0.0.2069097,32.19383277553926,SUCCESS,hbar,0.0.3964804,0.0.4138717@1791402006.014415814
0.0.3049759,0.0949479636658523,SUCCESS,hbar,0.0.3964804,0.0.4138717@1791402004.723016875
0.0.4161393,0.08429273754433377,SUCCESS,hbar,0.0.3964804,0.0.4138717@1791402007.424595973
0.0.6181303,0.8153058839230967,SUCCESS,hbar,0.0.3964804,0.0.4138717@1791402006.974355251
0.0.9162845,4.04037343039251,SUCCESS,hbar,0.0.3964804,0.0.4138717@1791402009.816068427
0.0.9408314,19.57811621566742,SUCCESS,hbar,0.0.3964804,0.0.4138717@1791402007.837418471
0.0.1483067,0.3911007628030511,SUCCESS,hbar,0.0.3964804,0.0.4138717@1791402008.473507386
0.0.7950871,3.974525386683783,SUCCESS,hbar,0.0.3964804,0.0.4138717@1791402006.820091447
0.0.4639295,1.043787221397271,SUCCESS,hbar,0.0.3964804,0.0.4138717@1791402008.857502692
0.0.10902182,0.3867257946799453,SUCCESS,hbar,0.0.3964804,0.0.4138717@1791402010.568098215
0.0.787642,0.03530702558274365,SUCCESS,hbar,0.0.3964804,0.0.4138717@1791402011.020776362
0.0.10303974,0.00566480260844693,SUCCESS,hbar,0.0.3964804,0.0.4138717@1791402008.164853990
0.0.8420314,0.0006096461220764624,SUCCESS,hbar,0.0.3964804,0.0.4138717@1791402011.047306316
0.0.1067824,0.1813561475180767,SUCCESS,hbar,0.0.3964804,0.0.4138717@1791402008.125113337
0.0.5946108,0.04731999502722212,SUCCESS,hbar,0.0.3964804,0.0.4138717@1791402008.520590677
0.0.8459774,0.01316055417996569,SUCCESS,hbar,0.0.3964804,0.0.4138717@1791402011.401750815
0.0.880477,0.02318004288449766,SUCCESS,hbar,0.0.3964804,0.0.4138717@1791402010.404247128
0.0.4338721,0.00001837196047768146,SUCCESS,hbar,0.0.3964804,0.0.4138717@1791402008.579197937
0.0.4908506,0.0003699687565916932,SUCCESS,hbar,0.0.3964804,0.0.4138717@1791402010.746075323
0.0.1269724,0.1813611115049796,SUCCESS,hbar,0.0.3964804,0.0.4138717@1791402010.470958688
0.0.9779119,0.006268100388350518,SUCCESS,hbar,0.0.3964804,0.0.4138717@1791402009.857503668
0.0.10218914,0.00006608005964284451,SUCCESS,hbar,0.0.3964804,0.0.4138717@1791402011.926155589
0.0.10147787,0.0008046500899406752,SUCCESS,hbar,0.0.3964804,0.0.4138717@1791402010.892875528
0.0.1275610,0.001064602541639687,SUCCESS,hbar,0.0.3964804,0.0.4138717@1791402012.861202879
0.0.836080,3.32674524e-12,FAIL,hbar,0.0.3964804,
0.0.1767057,0.06328443847879411,SUCCESS,hbar,0.0.3964804,0.0.4138717@1791402012.371610408
0.0.4971755,0.0005358427440438392,SUCCESS,hbar,0.0.3964804,0.0.4138717@1791402012.269422536
0.0.8197583,0.302177544632281,SUCCESS,hbar,0.0.3964804,0.0.4138717@1791402012.589803954
0.0.4746343,0.0002826968626486306,SUCCESS,hbar,0.0.3964804,0.0.4138717@1791402012.294612874
0.0.5007636,0.01566332264522189,SUCCESS,hbar,0.0.3964804,0.0.4138717@1791402013.192251257
0.0.833836,0.3806223091730817,SUCCESS,hbar,0.0.3964804,0.0.4138717@1791402011.320613932
0.0.8142528,0.004391096744161272,SUCCESS,hbar,0.0.3964804,0.0.4138717@1791402010.013008991
0.0.8175769,0.03739081399403273,SUCCESS,hbar,0.0.3964804,0.0.4138717@1791402014.090494739
0.0.3273594,1.291308636844215,SUCCESS,hbar,0.0.3964804,0.0.4138717@1791402014.856465398
0.0.8178093,0.01563539314190754,SUCCESS,hbar,0.0.3964804,0.0.4138717@1791402013.422328342
0.0.1906790,0.001980104978151081,SUCCESS,hbar,0.0.3964804,0.0.4138717@1791402012.551079548
0.0.5761971,0.00002723546035801656,SUCCESS,hbar,0.0.3964804,0.0.4138717@1791402011.977790861
0.0.7997139,0.01868671218817948,SUCCESS,hbar,0.0.3964804,0.0.4138717@1791402015.350843040
0.0.8209324,0.09854673055341467,SUCCESS,hbar,0.0.3964804,0.0.4138717@1791402016.120341423
0.0.4867972,0.005773217842396212,SUCCESS,hbar,0.0.3964804,0.0.4138717@1791402016.312963063
0.0.7913251,0.01094284043881981,SUCCESS,hbar,0.0.3964804,0.0.4138717@1791402012.140124475
0.0.8042105,0.01824149895734271,SUCCESS,hbar,0.0.3964804,0.0.4138717@1791402015.505291066
0.0.834595,0.0631430768263282,SUCCESS,hbar,0.0.3964804,0.0.4138717@1791402016.784090182
0.0.2477582,0.05223730895585581,SUCCESS,hbar,0.0.3964804,0.0.4138717@1791402014.605796541
0.0.8059253,0.2589650797551644,SUCCESS,hbar,0.0.3964804,0.0.4138717@1791402016.126384311
0.0.7912110,0.0000527275501884066,SUCCESS,hbar,0.0.3964804,0.0.4138717@1791402016.564342365
0.0.8056304,0.08899500931479852,SUCCESS,hbar,0.0.3964804,0.0.4138717@1791402014.616184128
0.0.7974195,6.521391857308066,SUCCESS,hbar,0.0.3964804,0.0.4138717@1791402016.456807923
0.0.7746903,0.01320364197497462,SUCCESS,hbar,0.0.3964804,0.0.4138717@1791402014.420898483
0.0.1459068,0.007720952774100069,SUCCESS,hbar,0.0.3964804,0.0.4138717@1791402017.875884163
0.0.8032303,0.009137217597567459,SUCCESS,hbar,0.0.3964804,0.0.4138717@1791402015.658322657
0.0.3077609,0.4544216364778735,SUCCESS,hbar,0.0.3964804,0.0.4138717@1791402015.724862226
0.0.8792600,0.0005199053286704972,SUCCESS,hbar,0.0.3964804,0.0.4138717@1791402014.320076019
0.0.8256574,0.001041036325700063,SUCCESS,hbar,0.0.3964804,0.0.4138717@1791402015.898379978
0.0.8585468,0.0001604299816345348,SUCCESS,hbar,0.0.3964804,0.0.4138717@1791402016.842543796
0.0.1365814,0.0538823776161889,SUCCESS,hbar,0.0.3964804,0.0.4138717@1791402017.457753983
0.0.1459865,0.2954709926239324,SUCCESS,hbar,0.0.3964804,0.0.4138717@1791402016.229441556
0.0.5524338,0.008516533538954449,SUCCESS,hbar,0.0.3964804,0.0.4138717@1791402017.886874112
0.0.8198608,0.0701143695587114,SUCCESS,hbar,0.0.3964804,0.0.4138717@1791402019.922880060
0.0.8385016,0.05733994578296085,SUCCESS,hbar,0.0.3964804,0.0.4138717@1791402018.168941876
0.0.8414409,0.002801854522195933,SUCCESS,hbar,0.0.3964804,0.0.4138717@1791402018.181517365
0.0.1714233,0.05014145512761439,SUCCESS,hbar,0.0.3964804,0.0.4138717@1791402020.217108780
0.0.7049977,0.001450557063197798,SUCCESS,hbar,0.0.3964804,0.0.4138717@1791402020.478983498
0.0.8357089,0.1105311588797944,SUCCESS,hbar,0.0.3964804,0.0.4138717@1791402019.696812740
0.0.8357708,2.925483671966568,SUCCESS,hbar,0.0.3964804,0.0.4138717@1791402018.735868592
0.0.8346544,0.526387844289253,SUCCESS,hbar,0.0.3964804,0.0.4138717@1791402018.794880120
0.0.8323906,2.947916300351607,SUCCESS,hbar,0.0.3964804,0.0.4138717@1791402022.217745854
0.0.8156060,0.01845478325113251,SUCCESS,hbar,0.0.3964804,0.0.4138717@1791402021.633433829
0.0.8298814,0.2922281632446366,SUCCESS,hbar,0.0.3964804,0.0.4138717@1791402020.038371876
0.0.8181079,6.438261271534556,SUCCESS,hbar,0.0.3964804,0.0.4138717@1791402018.258360455
0.0.7964752,0.0007241141759167306,SUCCESS,hbar,0.0.3964804,0.0.4138717@1791402020.569648746
0.0.2025203,0.01446683954411722,SUCCESS,hbar,0.0.3964804,0.0.4138717@1791402021.857194988
0.0.9541852,0.1286649749789332,SUCCESS,hbar,0.0.3964804,0.0.4138717@1791402021.482106040
0.0.9636419,0.06949873703106885,SUCCESS,hbar,0.0.3964804,0.0.4138717@1791402020.790494546
0.0.5805332,0.2224854485535844,SUCCESS,hbar,0.0.3964804,0.0.4138717@1791402020.188618355
0.0.9602777,0.003182014407547692,SUCCESS,hbar,0.0.3964804,0.0.4138717@1791402024.765142576
0.0.9590994,2.100572522341301,SUCCESS,hbar,0.0.3964804,0.0.4138717@1791402020.455082371
0.0.9365757,0.1666860996741284,SUCCESS,hbar,0.0.3964804,0.0.4138717@1791402024.832521883
0.0.8080965,0.001755095807780696,SUCCESS,hbar,0.0.3964804,0.0.4138717@1791402024.564711494
0.0.8070994,0.2885420879471373,SUCCESS,hbar,0.0.3964804,0.0.4138717@1791402020.795603572
0.0.8246604,0.0003160923855615888,SUCCESS,hbar,0.0.3964804,0.0.4138717@1791402022.778149632
0.0.5012902,0.001267506769766263,SUCCESS,hbar,0.0.3964804,0.0.4138717@1791402022.677044901
0.0.190191,0.01380506699230942,SUCCESS,hbar,0.0.3964804,0.0.4138717@1791402022.453690432
0.0.4594903,0.005550608190098468,SUCCESS,hbar,0.0.3964804,0.0.4138717@1791402021.736688692
0.0.9364762,0.004879819840499944,SUCCESS,hbar,0.0.3964804,0.0.4138717@1791402024.850318976
0.0.887615,0.001908532633169473,SUCCESS,hbar,0.0.3964804,0.0.4138717@1791402027.126364461
0.0.1056474,0.6703777129975681,SUCCESS,hbar,0.0.3964804,0.0.4138717@1791402022.894917069
0.0.9450539,0.180565446313682,SUCCESS,hbar,0.0.3964804,0.0.4138717@1791402022.805623102
0.0.9146353,0.4454656441000574,SUCCESS,hbar,0.0.3964804,0.0.4138717@1791402025.641706545
0.0.9477942,0.003130318669905531,SUCCESS,hbar,0.0.3964804,0.0.4138717@1791402026.873812116
0.0.9640903,0.03910022284512101,SUCCESS,hbar,0.0.3964804,0.0.4138717@1791402026.402368922
0.0.1745725,0.5197321896934277,SUCCESS,hbar,0.0.3964804,0.0.4138717@1791402026.560104109
0.0.4873525,0.0107210652523577,SUCCESS,hbar,0.0.3964804,0.0.4138717@1791402027.203674845
0.0.10004246,0.05866816447704215,SUCCESS,hbar,0.0.3964804,0.0.4138717@1791402023.962993010
0.0.5922808,0.006464651927672552,SUCCESS,hbar,0.0.3964804,0.0.4138717@1791402025.923793348
0.0.751161,0.3436933073694651,SUCCESS,hbar,0.0.3964804,0.0.4138717@1791402028.401556065
0.0.9973346,0.0007173211913856487,SUCCESS,hbar,0.0.3964804,0.0.4138717@1791402027.835421393
0.0.6160732,0.01316688879351232,SUCCESS,hbar,0.0.3964804,0.0.4138717@1791402025.843190442
0.0.9150527,0.2426938383309046,SUCCESS,hbar,0.0.3964804,0.0.4138717@1791402025.710300430
0.0.871471,0.1851348799586076,SUCCESS,hbar,0.0.3964804,0.0.4138717@1791402027.062965593
0.0.7983506,0.00000686639427890442,SUCCESS,hbar,0.0.3964804,0.0.4138717@1791402026.193432388
0.0.9687167,0.04599383284968147,SUCCESS,hbar,0.0.3964804,0.0.4138717@1791402028.233689353
0.0.9729389,0.02441011631062365,SUCCESS,hbar,0.0.3964804,0.0.4138717@1791402030.083871386
0.0.9720442,0.01193732487494451,SUCCESS,hbar,0.0.3964804,0.0.4138717@1791402027.712182572
0.0.3012601,0.06302265213044723,SUCCESS,hbar,0.0.3964804,0.0.4138717@1791402026.236361884
0.0.689277,1.389774132463742,SUCCESS,hbar,0.0.3964804,0.0.4138717@1791402026.155137916
0.0.8392843,0.06370540168920312,SUCCESS,hbar,0.0.3964804,0.0.4138717@1791402030.746501965
0.0.9169121,0.05667835641248627,SUCCESS,hbar,0.0.3964804,0.0.4138717@1791402026.370087090
0.0.958821,2.208146474165981,SUCCESS,hbar,0.0.3964804,0.0.4138717@1791402031.751974864
0.0.877394,0.001179348705006209,SUCCESS,hbar,0.0.3964804,0.0.4138717@1791402031.781982627
0.0.53756,0.6033891366845737,SUCCESS,hbar,0.0.3964804,0.0.4138717@1791402027.331504759
0.0.9086562,0.0005851718252436592,SUCCESS,hbar,0.0.3964804,0.0.4138717@1791402028.496244609
0.0.1090802,0.01266407667641713,SUCCESS,hbar,0.0.3964804,0.0.4138717@1791402028.190636754
0.0.7550890,0.02188098223003061,SUCCESS,hbar,0.0.3964804,0.0.4138717@1791402029.217379332
0.0.9095016,0.3410228838597749,SUCCESS,hbar,0.0.3964804,0.0.4138717@1791402029.983510423
0.0.9065767,0.1330464517570225,SUCCESS,hbar,0.0.3964804,0.0.4138717@1791402031.456554116
0.0.8767225,0.04921128305859413,SUCCESS,hbar,0.0.3964804,0.0.4138717@1791402029.018046221
0.0.9009997,0.07298110984311708,SUCCESS,hbar,0.0.3964804,0.0.4138717@1791402029.941441329
0.0.6068301,0.01719715388602032,SUCCESS,hbar,0.0.3964804,0.0.4138717@1791402032.080924237
0.0.813564,0.0001822192781365039,SUCCESS,hbar,0.0.3964804,0.0.4138717@1791402030.496018874
0.0.9367202,0.0003319177555032549,SUCCESS,hbar,0.0.3964804,0.0.4138717@1791402031.571544256
0.0.4821795,0.07660707135626256,SUCCESS,hbar,0.0.3964804,0.0.4138717@1791402030.614994950
0.0.9318048,0.002852760429066215,SUCCESS,hbar,0.0.3964804,0.0.4138717@1791402034.164595107
0.0.8880678,0.004441601217957767,SUCCESS,hbar,0.0.3964804,0.0.4138717@1791402030.293104666
0.0.9285770,0.01990664756477028,SUCCESS,hbar,0.0.3964804,0.0.4138717@1791402032.338704839
0.0.9275748,0.09900060419403363,SUCCESS,hbar,0.0.3964804,0.0.4138717@1791402032.649743592
0.0.7788265,0.0321941767692134,SUCCESS,hbar,0.0.3964804,0.0.4138717@1791402031.606872104
0.0.8113254,0.005554435384497501,SUCCESS,hbar,0.0.3964804,0.0.4138717@1791402031.144699801
0.0.1862342,0.05751219895131639,SUCCESS,hbar,0.0.3964804,0.0.4138717@1791402035.398021473
0.0.9196038,0.03197836300716516,SUCCESS,hbar,0.0.3964804,0.0.4138717@1791402032.120121954
0.0.1118731,0.002635598958484537,SUCCESS,hbar,0.0.3964804,0.0.4138717@1791402033.262422401
0.0.1403937,0.001507570548083806,SUCCESS,hbar,0.0.3964804,0.0.4138717@1791402031.965357144
0.0.9177141,0.00896236899710918,SUCCESS,hbar,0.0.3964804,0.0.4138717@1791402035.536549691
0.0.4741573,0.1309032903506256,SUCCESS,hbar,0.0.3964804,0.0.4138717@1791402033.247682237
0.0.1415516,1.298237704094362,SUCCESS,hbar,0.0.3964804,0.0.4138717@1791402033.527255384
0.0.5432163,0.006248879269433109,SUCCESS,hbar,0.0.3964804,0.0.4138717@1791402037.602102874
0.0.4345176,0.01402518606051147,SUCCESS,hbar,0.0.3964804,0.0.4138717@1791402036.798367847
0.0.4433604,0.01102414552807019,SUCCESS,hbar,0.0.3964804,0.0.4138717@1791402033.406134617
0.0.2302824,0.0003475956602341478,SUCCESS,hbar,0.0.3964804,0.0.4138717@1791402036.124158221
0.0.435679,4.860290821250407,SUCCESS,hbar,0.0.3964804,0.0.4138717@1791402036.881258017
0.0.1372179,0.02527134086698557,SUCCESS,hbar,0.0.3964804,0.0.4138717@1791402036.641786231
0.0.5314183,0.05470604810244379,SUCCESS,hbar,0.0.3964804,0.0.4138717@1791402033.879056112
0.0.840487,0.4529974856354555,SUCCESS,hbar,0.0.3964804,0.0.4138717@1791402037.551398900
0.0.789990,0.01027861108189317,SUCCESS,hbar,0.0.3964804,0.0.4138717@1791402035.432051928
0.0.4362017,0.2313736408748465,SUCCESS,hbar,0.0.3964804,0.0.4138717@1791402034.019219633
0.0.1046906,0.003562375776223111,SUCCESS,hbar,0.0.3964804,0.0.4138717@1791402036.564629772
0.0.4923529,0.0002571191751958799,SUCCESS,hbar,0.0.3964804,0.0.4138717@1791402038.897702816
0.0.4329551,0.1460805189096128,SUCCESS,hbar,0.0.3964804,0.0.4138717@1791402040.213290944
0.0.1747288,0.5643237948985943,SUCCESS,hbar,0.0.3964804,0.0.4138717@1791402039.046556672
0.0.4640278,0.01347559074654594,SUCCESS,hbar,0.0.3964804,0.0.4138717@1791402035.344253949
0.0.4758052,0.0248236286375768,SUCCESS,hbar,0.0.3964804,0.0.4138717@1791402037.216040249
0.0.3295745,1.591997720106261,SUCCESS,hbar,0.0.3964804,0.0.4138717@1791402037.271470284
0.0.5060252,0.003710353341844308,SUCCESS,hbar,0.0.3964804,0.0.4138717@1791402037.614629431
0.0.4322023,0.08276369196546784,SUCCESS,hbar,0.0.3964804,0.0.4138717@1791402039.391856646
0.0.4785387,0.07034851057481306,SUCCESS,hbar,0.0.3964804,0.0.4138717@1791402041.856845258
0.0.1388678,0.7080622179301405,SUCCESS,hbar,0.0.3964804,0.0.4138717@1791402037.065272319
0.0.848151,0.05246807342623827,SUCCESS,hbar,0.0.3964804,0.0.4138717@1791402037.559657835
0.0.6061106,0.06392095579302304,SUCCESS,hbar,0.0.3964804,0.0.4138717@1791402042.051290229
0.0.4644030,0.00365181354763385,SUCCESS,hbar,0.0.3964804,0.0.4138717@1791402038.592483280
0.0.1365779,0.0565594448896611,SUCCESS,hbar,0.0.3964804,0.0.4138717@1791402042.928597237
0.0.1486871,6.705868354224232,SUCCESS,hbar,0.0.3964804,0.0.4138717@1791402041.822144526
0.0.7164995,1.688873491280656,SUCCESS,hbar,0.0.3964804,0.0.4138717@1791402041.398608198
0.0.2030460,2.831707170632361,SUCCESS,hbar,0.0.3964804,0.0.4138717@1791402039.776271690
0.0.10242536,0.3895592157662855,SUCCESS,hbar,0.0.3964804,0.0.4138717@1791402043.398883862
0.0.10261941,0.1598885966876736,SUCCESS,hbar,0.0.3964804,0.0.4138717@1791402039.227998388
0.0.10279551,0.05673989026417391,SUCCESS,hbar,0.0.3964804,0.0.4138717@1791402041.791639536
0.0.9796301,0.163982077767987,SUCCESS,hbar,0.0.3964804,0.0.4138717@1791402039.776026395
0.0.4853191,0.001964952944181069,SUCCESS,hbar,0.0.3964804,0.0.4138717@1791402043.573071750
0.0.10427913,0.03925611721391663,SUCCESS,hbar,0.0.3964804,0.0.4138717@1791402040.078108369
0.0.1930336,4.011752237835862,SUCCESS,hbar,0.0.3964804,0.0.4138717@1791402042.215376849
0.0.1505544,0.001077839045626039,SUCCESS,hbar,0.0.3964804,0.0.4138717@1791402044.238356750
0.0.876236,0.02156172565833911,SUCCESS,hbar,0.0.3964804,0.0.4138717@1791402043.618131386
0.0.4799094,0.01524157200113596,SUCCESS,hbar,0.0.3964804,0.0.4138717@1791402042.704961011
0.0.2005484,0.003011293702989665,SUCCESS,hbar,0.0.3964804,0.0.4138717@1791402042.012029171
0.0.4144365,0.2781768417198037,SUCCESS,hbar,0.0.3964804,0.0.4138717@1791402041.272489162
0.0.837799,0.1887455942523541,SUCCESS,hbar,0.0.3964804,0.0.4138717@1791402044.944803109
0.0.4340392,0.00781529269430349,SUCCESS,hbar,0.0.3964804,0.0.4138717@1791402045.462524702
0.0.4782567,0.3874079887885487,SUCCESS,hbar,0.0.3964804,0.0.4138717@1791402045.451554902
0.0.4323897,0.002148213240046412,SUCCESS,hbar,0.0.3964804,0.0.4138717@1791402043.306084031
0.0.834666,1.080215803912428,SUCCESS,hbar,0.0.3964804,0.0.4138717@1791402044.219402395
0.0.5029689,0.1230495112014852,SUCCESS,hbar,0.0.3964804,0.0.4138717@1791402046.405683262
0.0.7607102,0.00118668106352253,SUCCESS,hbar,0.0.3964804,0.0.4138717@1791402045.621787766
0.0.4899880,0.01065837175381719,SUCCESS,hbar,0.0.3964804,0.0.4138717@1791402043.515964716
0.0.5437974,0.1620294595725514,SUCCESS,hbar,0.0.3964804,0.0.4138717@1791402042.474706367
0.0.7610560,0.02415613159847944,SUCCESS,hbar,0.0.3964804,0.0.4138717@1791402043.504063841
0.0.7638910,0.007189688649015126,SUCCESS,hbar,0.0.3964804,0.0.4138717@1791402047.517775818
0.0.6256886,0.007163531714663038,SUCCESS,hbar,0.0.3964804,0.0.4138717@1791402047.084626530
0.0.831661,0.4078035822004156,SUCCESS,hbar,0.0.3964804,0.0.4138717@1791402048.412527890
0.0.2557514,0.07088226884448053,SUCCESS,hbar,0.0.3964804,0.0.4138717@1791402048.433665719
0.0.4250725,0.02441011631062365,SUCCESS,hbar,0.0.3964804,0.0.4138717@1791402048.465566053
0.0.3912896,0.03019027815419534,SUCCESS,hbar,0.0.3964804,0.0.4138717@1791402048.886659450
0.0.4752954,0.04265388832675105,SUCCESS,hbar,0.0.3964804,0.0.4138717@1791402047.109348482
0.0.7777028,0.1017821115875999,SUCCESS,hbar,0.0.3964804,0.0.4138717@1791402045.024941237
0.0.4595460,0.01751816617754283,SUCCESS,hbar,0.0.3964804,0.0.4138717@1791402047.444850597
0.0.5739319,0.1567980179979445,SUCCESS,hbar,0.0.3964804,0.0.4138717@1791402046.985052885
0.0.7791729,0.0001549956827955307,SUCCESS,hbar,0.0.3964804,0.0.4138717@1791402048.632097999
0.0.7421912,0.007038929483525189,SUCCESS,hbar,0.0.3964804,0.0.4138717@1791402048.527340618
0.0.7570262,0.01281898024390235,SUCCESS,hbar,0.0.3964804,0.0.4138717@1791402047.785298898
0.0.7835479,0.002447167819326114,SUCCESS,hbar,0.0.3964804,0.0.4138717@1791402045.859830144
0.0.1479857,0.1786374379816032,SUCCESS,hbar,0.0.3964804,0.0.4138717@1791402046.623329127
0.0.5042398,0.2685067464557377,SUCCESS,hbar,0.0.3964804,0.0.4138717@1791402049.971175404
0.0.5905014,0.06212385048019537,SUCCESS,hbar,0.0.3964804,0.0.4138717@1791402048.244690473
0.0.3947850,0.000409439799686626,SUCCESS,hbar,0.0.3964804,0.0.4138717@1791402047.520744689
0.0.7896816,2.531061495633864,SUCCESS,hbar,0.0.3964804,0.0.4138717@1791402049.655575268
0.0.1481135,0.05925282714663192,SUCCESS,hbar,0.0.3964804,0.0.4138717@1791402048.456069892
0.0.6497488,1.008886780067576,SUCCESS,hbar,0.0.3964804,0.0.4138717@1791402050.478382619
0.0.1334605,1.568909563488945,SUCCESS,hbar,0.0.3964804,0.0.4138717@1791402051.508822735
0.0.5873159,2.755760701196456,SUCCESS,hbar,0.0.3964804,0.0.4138717@1791402048.925639469
0.0.6095958,1.325445817908812,SUCCESS,hbar,0.0.3964804,0.0.4138717@1791402050.711527589
0.0.6058490,0.004569507049174818,SUCCESS,hbar,0.0.3964804,0.0.4138717@1791402051.106560436
0.0.6247418,0.007883801907585319,SUCCESS,hbar,0.0.3964804,0.0.4138717@1791402053.401963000
0.0.4659519,0.2637687267655182,SUCCESS,hbar,0.0.3964804,0.0.4138717@1791402049.716799999
0.0.827132,0.01590374669226859,SUCCESS,hbar,0.0.3964804,0.0.4138717@1791402053.507672298
0.0.2174952,0.04046137290927349,SUCCESS,hbar,0.0.3964804,0.0.4138717@1791402052.563135538
0.0.6324031,0.0001218933549444866,SUCCESS,hbar,0.0.3964804,0.0.4138717@1791402051.088435277
0.0.2123622,1.157862625657553,SUCCESS,hbar,0.0.3964804,0.0.4138717@1791402050.318162182
0.0.4360598,0.006127900388474391,SUCCESS,hbar,0.0.3964804,0.0.4138717@1791402052.421502901
0.0.7965413,0.0001558027864491727,SUCCESS,hbar,0.0.3964804,0.0.4138717@1791402052.437631090
0.0.6674918,0.002327491103800013,SUCCESS,hbar,0.0.3964804,0.0.4138717@1791402051.232019448
0.0.835625,0.01361823986385694,SUCCESS,hbar,0.0.3964804,0.0.4138717@1791402052.632046987
0.0.760653,0.03045217090014292,SUCCESS,hbar,0.0.3964804,0.0.4138717@1791402050.905895492
0.0.6232417,0.009029207269384144,SUCCESS,hbar,0.0.3964804,0.0.4138717@1791402051.263243764
0.0.1448239,0.0008449414928099247,SUCCESS,hbar,0.0.3964804,0.0.4138717@1791402053.441252202
0.0.6344703,17.79877686898383,SUCCESS,hbar,0.0.3964804,0.0.4138717@1791402052.401465359
0.0.6612734,0.001218702464114225,SUCCESS,hbar,0.0.3964804,0.0.4138717@1791402054.470941964
0.0.1233065,0.05502126251710752,SUCCESS,hbar,0.0.3964804,0.0.4138717@1791402053.822417431
0.0.4978453,1.354993057182441,SUCCESS,hbar,0.0.3964804,0.0.4138717@1791402055.107743241
0.0.1859919,0.02062861508065436,SUCCESS,hbar,0.0.3964804,0.0.4138717@1791402051.917066299
0.0.7200618,0.003059905444259344,SUCCESS,hbar,0.0.3964804,0.0.4138717@1791402055.452808570
0.0.3159220,0.1634745740251897,SUCCESS,hbar,0.0.3964804,0.0.4138717@1791402054.615795768
0.0.10819646,0.1928695604267083,SUCCESS,hbar,0.0.3964804,0.0.4138717@1791402054.466824764
0.0.844877,0.4603395590274207,SUCCESS,hbar,0.0.3964804,0.0.4138717@1791402055.418546890
0.0.10495365,6.055377395496e-8,SUCCESS,hbar,0.0.3964804,0.0.4138717@1791402054.238673193
0.0.10496154,0.0004404640645510513,SUCCESS,hbar,0.0.3964804,0.0.4138717@1791402055.183435098
0.0.10502045,0.1528756709740837,SUCCESS,hbar,0.0.3964804,0.0.4138717@1791402056.301906720
0.0.10543839,0.1302091808216551,SUCCESS,hbar,0.0.3964804,0.0.4138717@1791402052.750431030
0.0.10380727,0.1738707193561083,SUCCESS,hbar,0.0.3964804,0.0.4138717@1791402057.398823863
0.0.10633351,0.4443765233040008,SUCCESS,hbar,0.0.3964804,0.0.4138717@1791402056.082658385
0.0.9823669,0.06219509006217712,SUCCESS,hbar,0.0.3964804,0.0.4138717@1791402054.998754276
0.0.10803307,5.409518008754335,SUCCESS,hbar,0.0.3964804,0.0.4138717@1791402056.815344334
0.0.10803311,132.1388028082171,SUCCESS,hbar,0.0.3964804,0.0.4138717@1791402057.070644617
0.0.10810210,0.715608209350356,SUCCESS,hbar,0.0.3964804,0.0.4138717@1791402058.438229505
0.0.10805782,2.131582920080079,SUCCESS,hbar,0.0.3964804,0.0.4138717@1791402058.048428281
0.0.7913738,0.2496490850466392,SUCCESS,hbar,0.0.3964804,0.0.4138717@1791402057.068961985
0.0.4315585,0.008381740686926521,SUCCESS,hbar,0.0.3964804,0.0.4138717@1791402058.747230804
0.0.10507691,42.17587204984328,SUCCESS,hbar,0.0.3964804,0.0.4138717@1791402055.571078844
0.0.3327498,0.5719992285358253,SUCCESS,hbar,0.0.3964804,0.0.4138717@1791402054.864285695
0.0.7865510,12.61758225226107,SUCCESS,hbar,0.0.3964804,0.0.4138717@1791402056.990300000
0.0.885953,10.68205914555311,SUCCESS,hbar,0.0.3964804,0.0.4138717@1791402056.970070115
0.0.1478185,0.8137252542425246,SUCCESS,hbar,0.0.3964804,0.0.4138717@1791402059.061972036
0.0.9112742,0.07614455929150413,SUCCESS,hbar,0.0.3964804,0.0.4138717@1791402059.504924777
0.0.1022050,3.600929755154932,SUCCESS,hbar,0.0.3964804,0.0.4138717@1791402056.473092076
0.0.479120,8.17123856151121,SUCCESS,hbar,0.0.3964804,0.0.4138717@1791402060.227474717
0.0.1369825,13.87406470427829,SUCCESS,hbar,0.0.3964804,0.0.4138717@1791402059.068877472
0.0.10308209,72.10236746139545,SUCCESS,hbar,0.0.3964804,0.0.4138717@1791402058.454379641
0.0.10151415,0.4761567708926508,SUCCESS,hbar,0.0.3964804,0.0.4138717@1791402059.971945230
0.0.10164472,271.1504472669596,SUCCESS,hbar,0.0.3964804,0.0.4138717@1791402057.825955281
0.0.10088400,0.08226262720307854,SUCCESS,hbar,0.0.3964804,0.0.4138717@1791402058.915513931
0.0.818498,0.003292419398731844,SUCCESS,hbar,0.0.3964804,0.0.4138717@1791402059.478931878
0.0.3959322,4.811173535166412,SUCCESS,hbar,0.0.3964804,0.0.4138717@1791402060.199712367
0.0.10248120,0.07595395704259446,SUCCESS,hbar,0.0.3964804,0.0.4138717@1791402061.078768251
0.0.10231452,9.94250070547521,SUCCESS,hbar,0.0.3964804,0.0.4138717@1791402059.946344171
0.0.10244829,0.004319746691679805,SUCCESS,hbar,0.0.3964804,0.0.4138717@1791402061.851067674
0.0.10267166,0.4633987051565517,SUCCESS,hbar,0.0.3964804,0.0.4138717@1791402060.590656780
0.0.10267167,0.0003113324390740559,SUCCESS,hbar,0.0.3964804,0.0.4138717@1791402059.613224871
0.0.10277044,1.345838708488706,SUCCESS,hbar,0.0.3964804,0.0.4138717@1791402062.205565804
0.0.9270286,0.009125120318376038,SUCCESS,hbar,0.0.3964804,0.0.4138717@1791402062.020132082
0.0.1920276,0.7209676273363019,SUCCESS,hbar,0.0.3964804,0.0.4138717@1791402059.706805122
0.0.10307970,0.0002412572708934203,SUCCESS,hbar,0.0.3964804,0.0.4138717@1791402060.143401778
0.0.8131527,0.00123323111582206,SUCCESS,hbar,0.0.3964804,0.0.4138717@1791402060.189845459
0.0.10359145,0.2020554279446176,SUCCESS,hbar,0.0.3964804,0.0.4138717@1791402062.058744555
0.0.10359238,0.02298893352193139,SUCCESS,hbar,0.0.3964804,0.0.4138717@1791402062.767286491
0.0.851469,0.07934174992118057,SUCCESS,hbar,0.0.3964804,0.0.4138717@1791402061.227697331
0.0.10420713,0.024029850085068,SUCCESS,hbar,0.0.3964804,0.0.4138717@1791402062.380370728
0.0.10422583,0.1621765496984605,SUCCESS,hbar,0.0.3964804,0.0.4138717@1791402063.269962124
0.0.10435638,0.04986087394113912,SUCCESS,hbar,0.0.3964804,0.0.4138717@1791402064.340792372
0.0.10295710,0.05270673962370473,SUCCESS,hbar,0.0.3964804,0.0.4138717@1791402063.048645250
0.0.10454179,0.09329502393045705,SUCCESS,hbar,0.0.3964804,0.0.4138717@1791402063.765637403
0.0.10456759,1.374837098377543,SUCCESS,hbar,0.0.3964804,0.0.4138717@1791402063.444734132
0.0.10465417,0.184094539737319,SUCCESS,hbar,0.0.3964804,0.0.4138717@1791402063.031313325
0.0.10237154,1.131318459435745,SUCCESS,hbar,0.0.3964804,0.0.4138717@1791402062.769485468
0.0.5850916,0.124165896094531,SUCCESS,hbar,0.0.3964804,0.0.4138717@1791402062.195394163
0.0.660108,0.05212922328559877,SUCCESS,hbar,0.0.3964804,0.0.4138717@1791402063.099435035
0.0.2216740,4.594251909522911,SUCCESS,hbar,0.0.3964804,0.0.4138717@1791402063.985032942
0.0.6258659,5.056777686101924,SUCCESS,hbar,0.0.3964804,0.0.4138717@1791402064.421145046
0.0.10076618,0.04131582289470407,SUCCESS,hbar,0.0.3964804,0.0.4138717@1791402065.007161338
0.0.10419614,1.205745005157747,SUCCESS,hbar,0.0.3964804,0.0.4138717@1791402063.451928252
0.0.9275976,3.978904551795166,SUCCESS,hbar,0.0.3964804,0.0.4138717@1791402067.339559715
0.0.9997666,0.04408088038116402,SUCCESS,hbar,0.0.3964804,0.0.4138717@1791402064.653647593
0.0.10103271,1.251785378377413,SUCCESS,hbar,0.0.3964804,0.0.4138717@1791402065.398090480
0.0.2014278,2.360418880284561,SUCCESS,hbar,0.0.3964804,0.0.4138717@1791402067.181295387
0.0.5750303,3.041382255673224,SUCCESS,hbar,0.0.3964804,0.0.4138717@1791402069.177200739
0.0.4513199,0.004681845567829658,SUCCESS,hbar,0.0.3964804,0.0.4138717@1791402064.952734741
0.0.4722361,0.001078253331473571,SUCCESS,hbar,0.0.3964804,0.0.4138717@1791402066.039682257
0.0.1645238,6.9211893126636e-7,SUCCESS,hbar,0.0.3964804,0.0.4138717@1791402065.699842752
0.0.4749090,0.0003427351757787883,SUCCESS,hbar,0.0.3964804,0.0.4138717@1791402066.696312920
0.0.5705148,0.0105536026122105,SUCCESS,hbar,0.0.3964804,0.0.4138717@1791402067.173656992
0.0.5733936,0.01298883711985616,SUCCESS,hbar,0.0.3964804,0.0.4138717@1791402069.060509987
0.0.990023,9.5285892e-13,FAIL,hbar,0.0.3964804,
0.0.1109176,0.09265932396606733,SUCCESS,hbar,0.0.3964804,0.0.4138717@1791402067.265386320
0.0.5807966,0.3752693858352774,SUCCESS,hbar,0.0.3964804,0.0.4138717@1791402068.702790255
0.0.7282954,0.007787461650867246,SUCCESS,hbar,0.0.3964804,0.0.4138717@1791402069.378180877
0.0.832543,1.585647613355607,SUCCESS,hbar,0.0.3964804,0.0.4138717@1791402068.408253754
0.0.9835351,0.2965688824668803,SUCCESS,hbar,0.0.3964804,0.0.4138717@1791402070.177688865
0.0.9596185,0.006084100008467523,SUCCESS,hbar,0.0.3964804,0.0.4138717@1791402068.723093366
0.0.8113026,0.009118215476417635,SUCCESS,hbar,0.0.3964804,0.0.4138717@1791402067.087849547
0.0.10008144,1.89338233076768,SUCCESS,hbar,0.0.3964804,0.0.4138717@1791402071.196267610
0.0.10076786,0.006657404177476033,SUCCESS,hbar,0.0.3964804,0.0.4138717@1791402067.588498055
0.0.10096700,0.000646107026397371,SUCCESS,hbar,0.0.3964804,0.0.4138717@1791402070.242451594
0.0.9723125,3.385074119196076,SUCCESS,hbar,0.0.3964804,0.0.4138717@1791402072.052033998
0.0.10227517,0.1505251011713361,SUCCESS,hbar,0.0.3964804,0.0.4138717@1791402072.122891477
0.0.965222,1.857391227587059,SUCCESS,hbar,0.0.3964804,0.0.4138717@1791402068.603320891
0.0.8265691,1.750200746982804,SUCCESS,hbar,0.0.3964804,0.0.4138717@1791402070.915713544
0.0.7553528,28.82852776897012,SUCCESS,hbar,0.0.3964804,0.0.4138717@1791402069.031759351
0.0.732615,164.3718190688972,SUCCESS,hbar,0.0.3964804,0.0.4138717@1791402071.888812445
0.0.1321462,0.06424284327325454,SUCCESS,hbar,0.0.3964804,0.0.4138717@1791402071.287687672
0.0.6076526,0.1472544881817596,SUCCESS,hbar,0.0.3964804,0.0.4138717@1791402072.917395721
0.0.684625,0.8956064657390493,SUCCESS,hbar,0.0.3964804,0.0.4138717@1791402072.525476795
0.0.8023334,1.231181231505015,SUCCESS,hbar,0.0.3964804,0.0.4138717@1791402070.044641822
0.0.3709566,0.2019243466993448,SUCCESS,hbar,0.0.3964804,0.0.4138717@1791402069.858698019
0.0.8213379,0.000423878040305648,SUCCESS,hbar,0.0.3964804,0.0.4138717@1791402073.276713040
0.0.6078189,1.377162241776903,SUCCESS,hbar,0.0.3964804,0.0.4138717@1791402073.658353956
0.0.1120388,0.02489422911505401,SUCCESS,hbar,0.0.3964804,0.0.4138717@1791402070.636187401
0.0.1686527,0.04647598961160256,SUCCESS,hbar,0.0.3964804,0.0.4138717@1791402074.126017866
0.0.10115705,0.0001416681126232632,SUCCESS,hbar,0.0.3964804,0.0.4138717@1791402074.290677190
0.0.4393392,0.0430743990632818,SUCCESS,hbar,0.0.3964804,0.0.4138717@1791402074.489646622
0.0.7581801,0.04482615530438334,SUCCESS,hbar,0.0.3964804,0.0.4138717@1791402071.471894949
0.0.8273575,3.694171790820641,SUCCESS,hbar,0.0.3964804,0.0.4138717@1791402071.768042882
0.0.3288713,1.47396538115453,SUCCESS,hbar,0.0.3964804,0.0.4138717@1791402075.158060116
0.0.1441792,4.972887552542322,SUCCESS,hbar,0.0.3964804,0.0.4138717@1791402072.582628134
0.0.10035851,8.584710122739242,SUCCESS,hbar,0.0.3964804,0.0.4138717@1791402075.372578863
0.0.10584246,0.0005414623900672444,SUCCESS,hbar,0.0.3964804,0.0.4138717@1791402074.023440024
0.0.9221480,0.0001812248101118161,SUCCESS,hbar,0.0.3964804,0.0.4138717@1791402077.001668364
0.0.7776311,0.005333282970126178,SUCCESS,hbar,0.0.3964804,0.0.4138717@1791402072.780234754
0.0.10056907,0.0397783503144602,SUCCESS,hbar,0.0.3964804,0.0.4138717@1791402074.913858008
0.0.859149,12.85083199203173,SUCCESS,hbar,0.0.3964804,0.0.4138717@1791402077.364879892
0.0.937712,1.632230081317332,SUCCESS,hbar,0.0.3964804,0.0.4138717@1791402073.732869844
0.0.4552382,0.00195483235558129,SUCCESS,hbar,0.0.3964804,0.0.4138717@1791402077.447890416
0.0.4552309,0.001954943426341241,SUCCESS,hbar,0.0.3964804,0.0.4138717@1791402073.479418256
0.0.4552348,0.002078783327106162,SUCCESS,hbar,0.0.3964804,0.0.4138717@1791402074.175543390
0.0.4558719,0.002287686384084637,SUCCESS,hbar,0.0.3964804,0.0.4138717@1791402076.747888985
0.0.4576074,0.1234378286192457,SUCCESS,hbar,0.0.3964804,0.0.4138717@1791402076.699638840
0.0.4140342,0.06061977574678414,SUCCESS,hbar,0.0.3964804,0.0.4138717@1791402076.084894905
0.0.4712922,0.01176290583645322,SUCCESS,hbar,0.0.3964804,0.0.4138717@1791402076.003748276
0.0.1052080,0.1722995443366517,SUCCESS,hbar,0.0.3964804,0.0.4138717@1791402078.535233643
0.0.835929,0.00000522886737120462,SUCCESS,hbar,0.0.3964804,0.0.4138717@1791402079.070557904
0.0.4725260,0.09385831100352833,SUCCESS,hbar,0.0.3964804,0.0.4138717@1791402078.868627169
0.0.683815,0.009732337483018248,SUCCESS,hbar,0.0.3964804,0.0.4138717@1791402079.826596281
0.0.1696471,0.07308498511752949,SUCCESS,hbar,0.0.3964804,0.0.4138717@1791402076.951231122
0.0.955353,0.02772055954027946,SUCCESS,hbar,0.0.3964804,0.0.4138717@1791402079.469050517
0.0.1082201,18.77974673266494,SUCCESS,hbar,0.0.3964804,0.0.4138717@1791402076.413609732
0.0.857763,0.2831867549617506,SUCCESS,hbar,0.0.3964804,0.0.4138717@1791402077.482333487
0.0.638522,5.949573097346388,SUCCESS,hbar,0.0.3964804,0.0.4138717@1791402077.130394222
0.0.4814986,0.003313754474719206,SUCCESS,hbar,0.0.3964804,0.0.4138717@1791402078.668830134
0.0.1093612,0.06231878434808082,SUCCESS,hbar,0.0.3964804,0.0.4138717@1791402080.237877413
0.0.5313474,0.0461459396528357,SUCCESS,hbar,0.0.3964804,0.0.4138717@1791402078.200913284
0.0.3450,0.01977585836429951,SUCCESS,hbar,0.0.3964804,0.0.4138717@1791402080.252847911
0.0.6064013,0.5336438601495953,SUCCESS,hbar,0.0.3964804,0.0.4138717@1791402082.300722192
0.0.6063136,0.001623945664004208,SUCCESS,hbar,0.0.3964804,0.0.4138717@1791402079.464091432
0.0.5742160,1.12228281243573,SUCCESS,hbar,0.0.3964804,0.0.4138717@1791402080.986138788
0.0.1956746,0.009568756894675979,SUCCESS,hbar,0.0.3964804,0.0.4138717@1791402079.626945616
0.0.5804427,0.04678034859972875,SUCCESS,hbar,0.0.3964804,0.0.4138717@1791402082.180820336
0.0.6334018,0.1731809785136429,SUCCESS,hbar,0.0.3964804,0.0.4138717@1791402081.291697727
0.0.4561752,0.00989686970155908,SUCCESS,hbar,0.0.3964804,0.0.4138717@1791402081.870772167
0.0.10251800,0.0001356876680544162,SUCCESS,hbar,0.0.3964804,0.0.4138717@1791402080.568162640
0.0.842210,0.02445644841488485,SUCCESS,hbar,0.0.3964804,0.0.4138717@1791402084.500106524
0.0.4372819,0.003453124374884363,SUCCESS,hbar,0.0.3964804,0.0.4138717@1791402081.119077475
0.0.820706,0.8764308402084944,SUCCESS,hbar,0.0.3964804,0.0.4138717@1791402081.846245655
0.0.816698,0.6346916633909386,SUCCESS,hbar,0.0.3964804,0.0.4138717@1791402082.199372940
0.0.10093024,0.0444719877983371,SUCCESS,hbar,0.0.3964804,0.0.4138717@1791402081.228407772
0.0.9584885,0.001500565405749471,SUCCESS,hbar,0.0.3964804,0.0.4138717@1791402085.951878281
0.0.1704489,0.000063393837220116,SUCCESS,hbar,0.0.3964804,0.0.4138717@1791402084.277735575
0.0.4749526,6.42271643472481,SUCCESS,hbar,0.0.3964804,0.0.4138717@1791402084.949134707
0.0.10014449,0.008616297164231707,SUCCESS,hbar,0.0.3964804,0.0.4138717@1791402082.794866418
0.0.10157649,0.9804469010127587,SUCCESS,hbar,0.0.3964804,0.0.4138717@1791402083.344057978
0.0.9509413,0.003042291639235513,SUCCESS,hbar,0.0.3964804,0.0.4138717@1791402084.962313722
0.0.10219431,0.3043328059655251,SUCCESS,hbar,0.0.3964804,0.0.4138717@1791402085.634229859
0.0.9273022,0.00006736314950083134,SUCCESS,hbar,0.0.3964804,0.0.4138717@1791402086.377267408
0.0.4499088,0.01017784010053317,SUCCESS,hbar,0.0.3964804,0.0.4138717@1791402087.055300086
0.0.5957081,0.0914106676340694,SUCCESS,hbar,0.0.3964804,0.0.4138717@1791402084.557273047
0.0.10062632,0.00201858319608457,SUCCESS,hbar,0.0.3964804,0.0.4138717@1791402088.135367249
0.0.8083839,1.438627092938377,SUCCESS,hbar,0.0.3964804,0.0.4138717@1791402089.118859537
0.0.10489509,1572.614610523884,SUCCESS,hbar,0.0.3964804,0.0.4138717@1791402086.901703224
0.0.10478184,1845.107395744075,SUCCESS,hbar,0.0.3964804,0.0.4138717@1791402088.191828509
0.0.10541900,0.00999031132820026,SUCCESS,hbar,0.0.3964804,0.0.4138717@1791402085.368678740
0.0.10253402,0.4855418903230005,SUCCESS,hbar,0.0.3964804,0.0.4138717@1791402087.214374112
0.0.9304292,0.6613858101069527,SUCCESS,hbar,0.0.3964804,0.0.4138717@1791402090.752823753
0.0.1105845,0.4297660891291141,SUCCESS,hbar,0.0.3964804,0.0.4138717@1791402089.168571006
0.0.1024843,0.00000717194357483292,SUCCESS,hbar,0.0.3964804,0.0.4138717@1791402089.204954555
0.0.4571567,0.3712060507157677,SUCCESS,hbar,0.0.3964804,0.0.4138717@1791402087.992837357
0.0.9417458,0.5147815554182665,SUCCESS,hbar,0.0.3964804,0.0.4138717@1791402091.205890395
0.0.8868403,0.01002961368710849,SUCCESS,hbar,0.0.3964804,0.0.4138717@1791402090.120313506
0.0.8108637,0.00003536182960622754,SUCCESS,hbar,0.0.3964804,0.0.4138717@1791402090.896526754
0.0.8188301,0.1018341749158081,SUCCESS,hbar,0.0.3964804,0.0.4138717@1791402091.078208485
0.0.9177203,0.001058268046100526,SUCCESS,hbar,0.0.3964804,0.0.4138717@1791402088.042030411
0.0.9301506,0.002202759065124534,SUCCESS,hbar,0.0.3964804,0.0.4138717@1791402092.908598454
0.0.9317965,0.2269599518540972,SUCCESS,hbar,0.0.3964804,0.0.4138717@1791402092.258620501
0.0.1703381,0.2946070872985774,SUCCESS,hbar,0.0.3964804,0.0.4138717@1791402093.199489879
0.0.9362153,0.1441559058366803,SUCCESS,hbar,0.0.3964804,0.0.4138717@1791402092.350312060
0.0.1385696,17.16990119640565,SUCCESS,hbar,0.0.3964804,0.0.4138717@1791402089.059850653
0.0.1503602,0.09984482085292486,SUCCESS,hbar,0.0.3964804,0.0.4138717@1791402090.268686562
0.0.9425366,3.925646092989516,SUCCESS,hbar,0.0.3964804,0.0.4138717@1791402092.906133661
0.0.7914763,0.04210190034973781,SUCCESS,hbar,0.0.3964804,0.0.4138717@1791402089.736283512
0.0.9034617,0.01570000599417715,SUCCESS,hbar,0.0.3964804,0.0.4138717@1791402091.732892731
0.0.9707528,32.06562639345255,SUCCESS,hbar,0.0.3964804,0.0.4138717@1791402093.790824120
0.0.9707531,76.46524535798909,SUCCESS,hbar,0.0.3964804,0.0.4138717@1791402094.377052225
0.0.1178547,0.14032208469649,SUCCESS,hbar,0.0.3964804,0.0.4138717@1791402092.483586605
0.0.9774219,0.00106193755938841,SUCCESS,hbar,0.0.3964804,0.0.4138717@1791402091.013248004
0.0.8414341,0.000444598323339665,SUCCESS,hbar,0.0.3964804,0.0.4138717@1791402093.875742850
0.0.1400807,0.1664891479900189,SUCCESS,hbar,0.0.3964804,0.0.4138717@1791402092.388579972
0.0.10009527,1.73776119918506,SUCCESS,hbar,0.0.3964804,0.0.4138717@1791402094.508534118
0.0.9812108,0.1404059332187985,SUCCESS,hbar,0.0.3964804,0.0.4138717@1791402092.837211052
0.0.10035663,0.1052238487166536,SUCCESS,hbar,0.0.3964804,0.0.4138717@1791402095.500315232
0.0.10044419,0.2359204919894303,SUCCESS,hbar,0.0.3964804,0.0.4138717@1791402094.127723418
0.0.9593512,0.000728729457830166,SUCCESS,hbar,0.0.3964804,0.0.4138717@1791402093.926807972
0.0.1365923,0.003430188499263831,SUCCESS,hbar,0.0.3964804,0.0.4138717@1791402095.943896810
0.0.10007904,0.0003648470700017216,SUCCESS,hbar,0.0.3964804,0.0.4138717@1791402093.586119402
0.0.8115823,0.02336309764198306,SUCCESS,hbar,0.0.3964804,0.0.4138717@1791402094.886935309
0.0.1114728,0.001710732831225116,SUCCESS,hbar,0.0.3964804,0.0.4138717@1791402093.671424486
0.0.4914022,0.1708701779977414,SUCCESS,hbar,0.0.3964804,0.0.4138717@1791402093.902307901
0.0.4766806,5.079297135768133,SUCCESS,hbar,0.0.3964804,0.0.4138717@1791402096.702677957
0.0.7789171,0.1687825953317215,SUCCESS,hbar,0.0.3964804,0.0.4138717@1791402095.077887217
0.0.590682,0.005725333352243374,SUCCESS,hbar,0.0.3964804,0.0.4138717@1791402097.693301587
0.0.7098838,0.1402209266704788,SUCCESS,hbar,0.0.3964804,0.0.4138717@1791402095.290531755
0.0.7809201,0.00001867121122279998,SUCCESS,hbar,0.0.3964804,0.0.4138717@1791402098.246940306
0.0.8002619,0.06180766244626962,SUCCESS,hbar,0.0.3964804,0.0.4138717@1791402097.250304441
0.0.7931472,0.03936932546391408,SUCCESS,hbar,0.0.3964804,0.0.4138717@1791402095.179825179
0.0.8068660,0.001490079082318962,SUCCESS,hbar,0.0.3964804,0.0.4138717@1791402097.117531191
0.0.1181772,0.01242738492434006,SUCCESS,hbar,0.0.3964804,0.0.4138717@1791402095.049209246
0.0.8104363,61.97532595405308,SUCCESS,hbar,0.0.3964804,0.0.4138717@1791402097.792787109
0.0.10072624,0.006954248696056763,SUCCESS,hbar,0.0.3964804,0.0.4138717@1791402099.317847448
0.0.8120088,0.06268466781594766,SUCCESS,hbar,0.0.3964804,0.0.4138717@1791402096.476884235
0.0.2015584,0.932781695917699,SUCCESS,hbar,0.0.3964804,0.0.4138717@1791402096.134121041
0.0.8177816,0.123039697106487,SUCCESS,hbar,0.0.3964804,0.0.4138717@1791402097.189218174
0.0.8146497,0.1542993017422048,SUCCESS,hbar,0.0.3964804,0.0.4138717@1791402100.281745213
0.0.8152447,0.1498408946210913,SUCCESS,hbar,0.0.3964804,0.0.4138717@1791402097.847611104
0.0.8304314,0.01515604463021491,SUCCESS,hbar,0.0.3964804,0.0.4138717@1791402096.798186598
0.0.8548028,0.00007333814409624456,SUCCESS,hbar,0.0.3964804,0.0.4138717@1791402098.214864763
0.0.8241599,0.4047816313179404,SUCCESS,hbar,0.0.3964804,0.0.4138717@1791402099.747100616
0.0.8602366,0.3092793124823163,SUCCESS,hbar,0.0.3964804,0.0.4138717@1791402099.848574768
0.0.8640197,20.04169165477402,SUCCESS,hbar,0.0.3964804,0.0.4138717@1791402097.917510429
0.0.8673292,4.744728546673649,SUCCESS,hbar,0.0.3964804,0.0.4138717@1791402102.421264652
0.0.8383256,0.0001301836957883998,SUCCESS,hbar,0.0.3964804,0.0.4138717@1791402097.838225239
0.0.5068116,0.01126452245991166,SUCCESS,hbar,0.0.3964804,0.0.4138717@1791402099.483342913
0.0.4540904,0.1901983784375934,SUCCESS,hbar,0.0.3964804,0.0.4138717@1791402097.911678588
0.0.4717832,0.06999013736683775,SUCCESS,hbar,0.0.3964804,0.0.4138717@1791402102.776024294
0.0.4358173,0.6442170199643111,SUCCESS,hbar,0.0.3964804,0.0.4138717@1791402101.234072730
0.0.3967246,0.1180472322813406,SUCCESS,hbar,0.0.3964804,0.0.4138717@1791402102.784976220
0.0.4965217,0.03899532233332049,SUCCESS,hbar,0.0.3964804,0.0.4138717@1791402099.981416394
0.0.4766862,0.1374633892767152,SUCCESS,hbar,0.0.3964804,0.0.4138717@1791402100.059772345
0.0.805713,2.190093168998678,SUCCESS,hbar,0.0.3964804,0.0.4138717@1791402103.545968341
0.0.753351,0.08894768969641309,SUCCESS,hbar,0.0.3964804,0.0.4138717@1791402100.256087351
0.0.6139137,0.2059765113653051,SUCCESS,hbar,0.0.3964804,0.0.4138717@1791402101.327302676
0.0.6154587,1.488550911268301,SUCCESS,hbar,0.0.3964804,0.0.4138717@1791402100.554650467
0.0.6275653,0.003744090126097018,SUCCESS,hbar,0.0.3964804,0.0.4138717@1791402103.430620451
0.0.5957030,0.3832603179989243,SUCCESS,hbar,0.0.3964804,0.0.4138717@1791402104.145917674
0.0.433061,0.004697130053591125,SUCCESS,hbar,0.0.3964804,0.0.4138717@1791402104.424190052
0.0.6306847,0.008023537824202386,SUCCESS,hbar,0.0.3964804,0.0.4138717@1791402103.698055141
0.0.4533464,0.04172757211335023,SUCCESS,hbar,0.0.3964804,0.0.4138717@1791402101.142687347
0.0.728698,0.04454224092466989,SUCCESS,hbar,0.0.3964804,0.0.4138717@1791402102.422363873
0.0.4327294,0.00525063238892455,SUCCESS,hbar,0.0.3964804,0.0.4138717@1791402100.973398132
0.0.838198,0.1899128214502904,SUCCESS,hbar,0.0.3964804,0.0.4138717@1791402105.548463003
0.0.5315914,0.5399377052372901,SUCCESS,hbar,0.0.3964804,0.0.4138717@1791402102.807211852
0.0.5421455,0.001335773380814495,SUCCESS,hbar,0.0.3964804,0.0.4138717@1791402105.099114748
0.0.4093788,0.6852041034688363,SUCCESS,hbar,0.0.3964804,0.0.4138717@1791402104.475042607
0.0.5495538,0.005738918264281769,SUCCESS,hbar,0.0.3964804,0.0.4138717@1791402103.351359143
0.0.1463629,0.00987850241050524,SUCCESS,hbar,0.0.3964804,0.0.4138717@1791402104.765037222
0.0.859649,0.03936322941443103,SUCCESS,hbar,0.0.3964804,0.0.4138717@1791402102.719648542
0.0.5147407,0.1227148600610288,SUCCESS,hbar,0.0.3964804,0.0.4138717@1791402103.725473643
0.0.796454,7.372114151564502,SUCCESS,hbar,0.0.3964804,0.0.4138717@1791402104.281573028
0.0.3937438,0.0945247563982797,SUCCESS,hbar,0.0.3964804,0.0.4138717@1791402108.016086272
0.0.5023507,0.03359514425635098,SUCCESS,hbar,0.0.3964804,0.0.4138717@1791402104.211164150
0.0.4589167,0.005168054370071147,SUCCESS,hbar,0.0.3964804,0.0.4138717@1791402106.736426287
0.0.5698429,0.006394730688965566,SUCCESS,hbar,0.0.3964804,0.0.4138717@1791402105.541189789
0.0.4351736,0.004943393281587238,SUCCESS,hbar,0.0.3964804,0.0.4138717@1791402104.532023985
0.0.7290965,0.139846349368643,SUCCESS,hbar,0.0.3964804,0.0.4138717@1791402106.902221774
0.0.1124401,0.522571819028207,SUCCESS,hbar,0.0.3964804,0.0.4138717@1791402106.444126645
0.0.3687848,1.664628592228078,SUCCESS,hbar,0.0.3964804,0.0.4138717@1791402105.736835078
0.0.794930,0.01562473886094723,SUCCESS,hbar,0.0.3964804,0.0.4138717@1791402108.441707428
0.0.7631749,0.0003531144670510774,SUCCESS,hbar,0.0.3964804,0.0.4138717@1791402106.312083469
0.0.3872629,0.1421148389559721,SUCCESS,hbar,0.0.3964804,0.0.4138717@1791402110.179478833
0.0.1524063,0.9409710002345897,SUCCESS,hbar,0.0.3964804,0.0.4138717@1791402107.919803357
0.0.7662545,0.00125103980227153,SUCCESS,hbar,0.0.3964804,0.0.4138717@1791402108.598382208
0.0.4887338,0.1794325717300015,SUCCESS,hbar,0.0.3964804,0.0.4138717@1791402108.199929939
0.0.496172,0.31978038494719,SUCCESS,hbar,0.0.3964804,0.0.4138717@1791402110.472188028
0.0.838791,0.2982713555877067,SUCCESS,hbar,0.0.3964804,0.0.4138717@1791402109.210375577
0.0.7710235,0.03543131044683528,SUCCESS,hbar,0.0.3964804,0.0.4138717@1791402108.960034751
0.0.4431727,0.03112497867484315,SUCCESS,hbar,0.0.3964804,0.0.4138717@1791402108.289113853
0.0.1359581,4.13864115157924,SUCCESS,hbar,0.0.3964804,0.0.4138717@1791402110.031102587
0.0.6270761,8.85120819433791,SUCCESS,hbar,0.0.3964804,0.0.4138717@1791402108.485766772
0.0.4784258,0.06405667150502757,SUCCESS,hbar,0.0.3964804,0.0.4138717@1791402110.502159165
0.0.6852334,0.2994170017086864,SUCCESS,hbar,0.0.3964804,0.0.4138717@1791402108.457876348
0.0.6828202,6.783573134452874,SUCCESS,hbar,0.0.3964804,0.0.4138717@1791402108.235737987
0.0.3048811,0.7802181440272542,SUCCESS,hbar,0.0.3964804,0.0.4138717@1791402108.722413210
0.0.4314332,1.191145893208929,SUCCESS,hbar,0.0.3964804,0.0.4138717@1791402111.444184797
0.0.6416166,0.1972623976129897,SUCCESS,hbar,0.0.3964804,0.0.4138717@1791402111.256305022
0.0.2967389,0.1285827125545997,SUCCESS,hbar,0.0.3964804,0.0.4138717@1791402108.960664698
0.0.1402758,0.2714261398736948,SUCCESS,hbar,0.0.3964804,0.0.4138717@1791402109.137937500
0.0.6004536,0.01608236124915863,SUCCESS,hbar,0.0.3964804,0.0.4138717@1791402110.431067764
0.0.7287636,0.4801274602754551,SUCCESS,hbar,0.0.3964804,0.0.4138717@1791402114.018009500
0.0.7450449,0.1187512453211572,SUCCESS,hbar,0.0.3964804,0.0.4138717@1791402111.102478845
0.0.6475509,0.04821928532968041,SUCCESS,hbar,0.0.3964804,0.0.4138717@1791402110.502991423
0.0.662621,0.1202771240856009,SUCCESS,hbar,0.0.3964804,0.0.4138717@1791402111.455232724
0.0.7312670,0.283361065478709,SUCCESS,hbar,0.0.3964804,0.0.4138717@1791402111.343035118
0.0.4815771,1.749431538378747,SUCCESS,hbar,0.0.3964804,0.0.4138717@1791402112.693559016
0.0.833050,0.01647355216302122,SUCCESS,hbar,0.0.3964804,0.0.4138717@1791402110.857644189
0.0.4138268,1.045316661276365,SUCCESS,hbar,0.0.3964804,0.0.4138717@1791402114.510769923
0.0.835670,0.0191632124832562,SUCCESS,hbar,0.0.3964804,0.0.4138717@1791402111.203154894
0.0.1268672,0.5986416355687236,SUCCESS,hbar,0.0.3964804,0.0.4138717@1791402111.777428964
0.0.1877641,0.2032274309242224,SUCCESS,hbar,0.0.3964804,0.0.4138717@1791402115.198251581
0.0.1097802,0.7130315779698221,SUCCESS,hbar,0.0.3964804,0.0.4138717@1791402114.519746736
0.0.3768895,0.0005749341803381811,SUCCESS,hbar,0.0.3964804,0.0.4138717@1791402114.738846557
0.0.4184148,0.02025900385511895,SUCCESS,hbar,0.0.3964804,0.0.4138717@1791402115.806449297
0.0.1313705,0.3285670734910616,SUCCESS,hbar,0.0.3964804,0.0.4138717@1791402112.690189968
0.0.836096,0.4573579186500401,SUCCESS,hbar,0.0.3964804,0.0.4138717@1791402112.188517684
0.0.3872024,0.8234149629081674,SUCCESS,hbar,0.0.3964804,0.0.4138717@1791402116.351910237
0.0.1121794,0.07442250847246785,SUCCESS,hbar,0.0.3964804,0.0.4138717@1791402113.390318449
0.0.1350500,0.162420725715116,SUCCESS,hbar,0.0.3964804,0.0.4138717@1791402114.723465433
0.0.1104374,9.72707838338678,SUCCESS,hbar,0.0.3964804,0.0.4138717@1791402114.414401959
0.0.3945405,0.0001923007865513101,SUCCESS,hbar,0.0.3964804,0.0.4138717@1791402113.179329298
0.0.1048940,0.04591556772485771,SUCCESS,hbar,0.0.3964804,0.0.4138717@1791402117.380838492
0.0.1018824,4.246139719416165,SUCCESS,hbar,0.0.3964804,0.0.4138717@1791402117.318431402
0.0.3291464,0.006581000778161293,SUCCESS,hbar,0.0.3964804,0.0.4138717@1791402114.067683496
0.0.1088074,5.833997896665139,SUCCESS,hbar,0.0.3964804,0.0.4138717@1791402118.164795552
0.0.1067361,79.65038416318487,SUCCESS,hbar,0.0.3964804,0.0.4138717@1791402115.493428840
0.0.1512214,0.007333210870158835,SUCCESS,hbar,0.0.3964804,0.0.4138717@1791402118.156425928
0.0.1198079,22.22799637455173,SUCCESS,hbar,0.0.3964804,0.0.4138717@1791402114.903754812
0.0.481717,0.07039610098448659,SUCCESS,hbar,0.0.3964804,0.0.4138717@1791402116.844224807
0.0.837554,1.754058970558787,SUCCESS,hbar,0.0.3964804,0.0.4138717@1791402116.745655337
0.0.1432019,1.071563600732225,SUCCESS,hbar,0.0.3964804,0.0.4138717@1791402119.221238648
0.0.1088394,0.03030519837305004,SUCCESS,hbar,0.0.3964804,0.0.4138717@1791402117.900706551
0.0.1448131,0.08197579111933934,SUCCESS,hbar,0.0.3964804,0.0.4138717@1791402117.261450388
0.0.859565,0.3839339657613358,SUCCESS,hbar,0.0.3964804,0.0.4138717@1791402119.687708174
0.0.664593,1.048971192577906,SUCCESS,hbar,0.0.3964804,0.0.4138717@1791402116.171959025
0.0.2101943,0.0004265229961535619,SUCCESS,hbar,0.0.3964804,0.0.4138717@1791402118.059239728
0.0.4356553,0.008542009618688558,SUCCESS,hbar,0.0.3964804,0.0.4138717@1791402120.637242724
0.0.835055,0.001200723404932005,SUCCESS,hbar,0.0.3964804,0.0.4138717@1791402120.593401497
0.0.4535053,1.08541065900776,SUCCESS,hbar,0.0.3964804,0.0.4138717@1791402120.876875798
0.0.1703452,0.2176718797801243,SUCCESS,hbar,0.0.3964804,0.0.4138717@1791402120.488997816
0.0.4229971,0.167985569002081,SUCCESS,hbar,0.0.3964804,0.0.4138717@1791402117.043682014
0.0.3100704,9.3442143818775,SUCCESS,hbar,0.0.3964804,0.0.4138717@1791402120.077780460
0.0.1860252,0.003150107392894982,SUCCESS,hbar,0.0.3964804,0.0.4138717@1791402119.759514518
0.0.4333378,0.005569659742026906,SUCCESS,hbar,0.0.3964804,0.0.4138717@1791402118.723386246
0.0.732798,0.0129270438548429,SUCCESS,hbar,0.0.3964804,0.0.4138717@1791402120.780444293
0.0.795838,0.01301748333650719,SUCCESS,hbar,0.0.3964804,0.0.4138717@1791402119.632106747
0.0.1357334,0.041212268401805,SUCCESS,hbar,0.0.3964804,0.0.4138717@1791402122.135865935
0.0.3165925,0.02018837223872608,SUCCESS,hbar,0.0.3964804,0.0.4138717@1791402123.240076436
0.0.1353334,0.01545392173643139,SUCCESS,hbar,0.0.3964804,0.0.4138717@1791402119.022484740
0.0.815643,1.033480247574547,SUCCESS,hbar,0.0.3964804,0.0.4138717@1791402121.917005662
0.0.4337103,0.0006806148671777512,SUCCESS,hbar,0.0.3964804,0.0.4138717@1791402119.443809015
0.0.1088670,0.1489893275464956,SUCCESS,hbar,0.0.3964804,0.0.4138717@1791402121.544249136
0.0.4345654,11.73481090936186,SUCCESS,hbar,0.0.3964804,0.0.4138717@1791402120.605623435
0.0.4345412,0.01646087211944295,SUCCESS,hbar,0.0.3964804,0.0.4138717@1791402120.423364471
0.0.4346529,1.094649984053685,SUCCESS,hbar,0.0.3964804,0.0.4138717@1791402123.924598496
0.0.1092596,0.09075082213069897,SUCCESS,hbar,0.0.3964804,0.0.4138717@1791402120.785807997
0.0.4351860,0.3759307703433606,SUCCESS,hbar,0.0.3964804,0.0.4138717@1791402120.885519894
0.0.1711144,0.03691075370298459,SUCCESS,hbar,0.0.3964804,0.0.4138717@1791402121.732563591
0.0.3023498,0.1638698144642604,SUCCESS,hbar,0.0.3964804,0.0.4138717@1791402124.646569549
0.0.4341116,0.1726407253659931,SUCCESS,hbar,0.0.3964804,0.0.4138717@1791402123.096381649
0.0.4329185,0.6339104871605965,SUCCESS,hbar,0.0.3964804,0.0.4138717@1791402125.710911480
0.0.1440806,2.512852369159956,SUCCESS,hbar,0.0.3964804,0.0.4138717@1791402125.579474207
0.0.4350498,0.00000118265186329056,SUCCESS,hbar,0.0.3964804,0.0.4138717@1791402124.998823291
0.0.1728462,0.04367950229690037,SUCCESS,hbar,0.0.3964804,0.0.4138717@1791402124.815781804
0.0.4360122,0.05964148194800878,SUCCESS,hbar,0.0.3964804,0.0.4138717@1791402124.872812258
0.0.4368518,0.02366106350763869,SUCCESS,hbar,0.0.3964804,0.0.4138717@1791402124.218634287
0.0.1486421,0.5124852611065439,SUCCESS,hbar,0.0.3964804,0.0.4138717@1791402124.322782871
0.0.9149385,0.02123418220967509,SUCCESS,hbar,0.0.3964804,0.0.4138717@1791402124.250422178
0.0.4795853,0.5908490350498333,SUCCESS,hbar,0.0.3964804,0.0.4138717@1791402124.081634272
0.0.7993090,1.167388464743779,SUCCESS,hbar,0.0.3964804,0.0.4138717@1791402127.276983857
0.0.9201440,0.01097957606670487,SUCCESS,hbar,0.0.3964804,0.0.4138717@1791402126.154601210
0.0.4310363,0.06259952965212032,SUCCESS,hbar,0.0.3964804,0.0.4138717@1791402125.547938666
0.0.9168967,0.00244861286760008,SUCCESS,hbar,0.0.3964804,0.0.4138717@1791402126.432634702
0.0.6094118,0.00493915181954232,SUCCESS,hbar,0.0.3964804,0.0.4138717@1791402128.715132960
0.0.5580759,0.008139431870812145,SUCCESS,hbar,0.0.3964804,0.0.4138717@1791402126.150218179
0.0.9144684,0.02227120628481015,SUCCESS,hbar,0.0.3964804,0.0.4138717@1791402124.819225784
0.0.8733798,6.202813100239339,SUCCESS,hbar,0.0.3964804,0.0.4138717@1791402124.631788921
0.0.9150672,0.00732524246225643,SUCCESS,hbar,0.0.3964804,0.0.4138717@1791402127.585749840
0.0.2149252,0.00001023081265926174,SUCCESS,hbar,0.0.3964804,0.0.4138717@1791402126.701467038
0.0.9273859,0.01641353527785188,SUCCESS,hbar,0.0.3964804,0.0.4138717@1791402127.564992734
0.0.5719491,0.01391807728711919,SUCCESS,hbar,0.0.3964804,0.0.4138717@1791402128.438369130
0.0.7550116,0.02041199832425383,SUCCESS,hbar,0.0.3964804,0.0.4138717@1791402126.970836064
0.0.8382708,0.001424918819765688,SUCCESS,hbar,0.0.3964804,0.0.4138717@1791402130.310692405
0.0.7920736,0.3825645849055537,SUCCESS,hbar,0.0.3964804,0.0.4138717@1791402125.868874923
0.0.919311,30.14909928630827,SUCCESS,hbar,0.0.3964804,0.0.4138717@1791402127.139797446
0.0.840324,1.310367002307355,SUCCESS,hbar,0.0.3964804,0.0.4138717@1791402126.623228427
0.0.8551680,0.1043975452075594,SUCCESS,hbar,0.0.3964804,0.0.4138717@1791402128.973803294
0.0.1681033,0.05890290852985396,SUCCESS,hbar,0.0.3964804,0.0.4138717@1791402126.257304264
0.0.9272301,0.1509537397400599,SUCCESS,hbar,0.0.3964804,0.0.4138717@1791402129.800885725
0.0.6045318,0.09426907066322147,SUCCESS,hbar,0.0.3964804,0.0.4138717@1791402127.299973374
0.0.2185671,0.02273207536182044,SUCCESS,hbar,0.0.3964804,0.0.4138717@1791402127.324796211
0.0.1056579,1.31034051889488,SUCCESS,hbar,0.0.3964804,0.0.4138717@1791402129.222463247
0.0.8717466,0.0004350802120466014,SUCCESS,hbar,0.0.3964804,0.0.4138717@1791402128.776326308
0.0.4724806,0.001102887408036466,SUCCESS,hbar,0.0.3964804,0.0.4138717@1791402130.926182253
0.0.8903303,0.1211120965233086,FAIL,hbar,0.0.3964804,
0.0.8514597,1.212768175795461,SUCCESS,hbar,0.0.3964804,0.0.4138717@1791402128.229937884
0.0.9104016,0.2251760376066547,SUCCESS,hbar,0.0.3964804,0.0.4138717@1791402129.582653854
0.0.3161254,1572.614610523884,SUCCESS,hbar,0.0.3964804,0.0.4138717@1791402129.386666932
0.0.9612822,0.03758995467056019,SUCCESS,hbar,0.0.3964804,0.0.4138717@1791402132.366324535
0.0.834767,0.2990203973872576,SUCCESS,hbar,0.0.3964804,0.0.4138717@1791402132.315676312
0.0.9695749,0.7653721049517762,SUCCESS,hbar,0.0.3964804,0.0.4138717@1791402129.783948577
0.0.5482082,0.1585910270836744,SUCCESS,hbar,0.0.3964804,0.0.4138717@1791402131.946846198
0.0.7550127,0.04815842796061328,SUCCESS,hbar,0.0.3964804,0.0.4138717@1791402131.503248060
0.0.9317309,0.0001278193045039981,SUCCESS,hbar,0.0.3964804,0.0.4138717@1791402130.785660518
0.0.1043461,12.85359959376029,SUCCESS,hbar,0.0.3964804,0.0.4138717@1791402131.165568921
0.0.3907868,0.001198051142082596,SUCCESS,hbar,0.0.3964804,0.0.4138717@1791402133.628858767
0.0.6258977,0.03702487954052957,SUCCESS,hbar,0.0.3964804,0.0.4138717@1791402132.362625964
0.0.6460255,1.046908070816807,SUCCESS,hbar,0.0.3964804,0.0.4138717@1791402133.032795190
0.0.10068662,0.01211009148854223,SUCCESS,hbar,0.0.3964804,0.0.4138717@1791402131.987895219
0.0.4911466,0.002146942155573125,SUCCESS,hbar,0.0.3964804,0.0.4138717@1791402131.217249394
0.0.2110491,0.02270382911249556,SUCCESS,hbar,0.0.3964804,0.0.4138717@1791402131.842986334
0.0.9690555,0.06475762553184583,SUCCESS,hbar,0.0.3964804,0.0.4138717@1791402132.589712385
0.0.10124208,137.904389760237,SUCCESS,hbar,0.0.3964804,0.0.4138717@1791402135.837214178
0.0.9405888,0.00329276723332762,SUCCESS,hbar,0.0.3964804,0.0.4138717@1791402132.642962565
0.0.3681629,1.417746443372631,SUCCESS,hbar,0.0.3964804,0.0.4138717@1791402136.152986716
0.0.6295630,0.01282948598233581,SUCCESS,hbar,0.0.3964804,0.0.4138717@1791402136.387336445
0.0.2017766,0.3427136093590845,SUCCESS,hbar,0.0.3964804,0.0.4138717@1791402133.849258179
0.0.9303899,0.3100161508474815,SUCCESS,hbar,0.0.3964804,0.0.4138717@1791402135.007300999
0.0.966444,0.527060061357992,SUCCESS,hbar,0.0.3964804,0.0.4138717@1791402136.428658201
0.0.9178066,0.5294728694387024,SUCCESS,hbar,0.0.3964804,0.0.4138717@1791402136.232016169
0.0.9404882,0.08223380808479586,SUCCESS,hbar,0.0.3964804,0.0.4138717@1791402133.736973950
0.0.915984,3.062711706332721,SUCCESS,hbar,0.0.3964804,0.0.4138717@1791402133.589174318
0.0.1736150,0.1856895843877702,SUCCESS,hbar,0.0.3964804,0.0.4138717@1791402137.416148595
0.0.9477910,1.371371096140324,SUCCESS,hbar,0.0.3964804,0.0.4138717@1791402137.007183936
0.0.2657839,0.6361488647335952,SUCCESS,hbar,0.0.3964804,0.0.4138717@1791402134.964388004
0.0.9226909,0.00227045402586918,SUCCESS,hbar,0.0.3964804,0.0.4138717@1791402134.584739919
0.0.1517175,0.2113648253893446,SUCCESS,hbar,0.0.3964804,0.0.4138717@1791402134.713235051
0.0.1461428,0.3767709014988942,SUCCESS,hbar,0.0.3964804,0.0.4138717@1791402136.392771781
0.0.946029,0.1236740877211873,SUCCESS,hbar,0.0.3964804,0.0.4138717@1791402138.112858681
0.0.5112630,0.08660704123080484,SUCCESS,hbar,0.0.3964804,0.0.4138717@1791402134.636949868
0.0.3240624,0.0005297934870084262,SUCCESS,hbar,0.0.3964804,0.0.4138717@1791402136.292076216
0.0.7937765,0.2548188131104994,SUCCESS,hbar,0.0.3964804,0.0.4138717@1791402138.119016646
0.0.6343911,0.3596141519547442,SUCCESS,hbar,0.0.3964804,0.0.4138717@1791402136.738281091
0.0.7703838,0.002418835314957523,SUCCESS,hbar,0.0.3964804,0.0.4138717@1791402136.465026419
0.0.7961490,0.04638410090049554,SUCCESS,hbar,0.0.3964804,0.0.4138717@1791402137.808561714
0.0.3384906,1.201065632985933,SUCCESS,hbar,0.0.3964804,0.0.4138717@1791402136.727623695
0.0.7965412,0.0008561923098038723,SUCCESS,hbar,0.0.3964804,0.0.4138717@1791402138.136918469
0.0.710849,0.004719272069653271,SUCCESS,hbar,0.0.3964804,0.0.4138717@1791402140.941692068
0.0.2150506,0.00888709129611695,SUCCESS,hbar,0.0.3964804,0.0.4138717@1791402139.609596882
0.0.4861986,0.0374300855973919,SUCCESS,hbar,0.0.3964804,0.0.4138717@1791402141.509315119
0.0.7916029,4.01286992301094,SUCCESS,hbar,0.0.3964804,0.0.4138717@1791402139.409827874
0.0.838388,73.93384383479393,SUCCESS,hbar,0.0.3964804,0.0.4138717@1791402141.294855296
0.0.2891280,0.1972704679914639,SUCCESS,hbar,0.0.3964804,0.0.4138717@1791402141.664726217
0.0.7732676,3.968337102402744,SUCCESS,hbar,0.0.3964804,0.0.4138717@1791402141.783457657
0.0.4804985,0.0456128200965167,SUCCESS,hbar,0.0.3964804,0.0.4138717@1791402137.991462854
0.0.1673276,0.6230503596009714,SUCCESS,hbar,0.0.3964804,0.0.4138717@1791402141.068209314
0.0.6313326,2.124717707881326,SUCCESS,hbar,0.0.3964804,0.0.4138717@1791402138.452588674
0.0.1337171,0.2432845828001925,SUCCESS,hbar,0.0.3964804,0.0.4138717@1791402142.459487901
0.0.4838474,0.8146612632289862,SUCCESS,hbar,0.0.3964804,0.0.4138717@1791402140.988925773
0.0.3916542,0.008720824148074536,SUCCESS,hbar,0.0.3964804,0.0.4138717@1791402140.339461924
0.0.4566469,0.2554093557883494,SUCCESS,hbar,0.0.3964804,0.0.4138717@1791402142.250832664
0.0.887612,0.508055017699976,SUCCESS,hbar,0.0.3964804,0.0.4138717@1791402142.472857049
0.0.811739,0.617980126202538,SUCCESS,hbar,0.0.3964804,0.0.4138717@1791402139.569488230
0.0.1463093,0.273054428210563,SUCCESS,hbar,0.0.3964804,0.0.4138717@1791402140.257167710
0.0.4504544,2.376568179293803,SUCCESS,hbar,0.0.3964804,0.0.4138717@1791402144.284576579
0.0.2004450,0.01720070071894724,SUCCESS,hbar,0.0.3964804,0.0.4138717@1791402140.424449263
0.0.4319619,0.02782470404118542,SUCCESS,hbar,0.0.3964804,0.0.4138717@1791402144.111935482
0.0.862835,0.1367455662855499,SUCCESS,hbar,0.0.3964804,0.0.4138717@1791402140.180299284
0.0.7798912,0.6319665832198826,SUCCESS,hbar,0.0.3964804,0.0.4138717@1791402142.490442116
0.0.791414,0.09724735377597077,SUCCESS,hbar,0.0.3964804,0.0.4138717@1791402142.717195485
0.0.1746011,0.4657997335939824,SUCCESS,hbar,0.0.3964804,0.0.4138717@1791402144.919432786
0.0.4883729,0.09527668179303124,SUCCESS,hbar,0.0.3964804,0.0.4138717@1791402142.874714102
0.0.4312267,1.615138726964125,SUCCESS,hbar,0.0.3964804,0.0.4138717@1791402145.128730658
0.0.4754443,0.01368725320551761,SUCCESS,hbar,0.0.3964804,0.0.4138717@1791402145.185660541
0.0.8054459,0.1117972461982157,SUCCESS,hbar,0.0.3964804,0.0.4138717@1791402144.270373780
0.0.7938061,0.01456514362302953,SUCCESS,hbar,0.0.3964804,0.0.4138717@1791402144.514931391
0.0.8002341,0.06436675678250701,SUCCESS,hbar,0.0.3964804,0.0.4138717@1791402145.974099310
0.0.7166497,0.01756876123874515,SUCCESS,hbar,0.0.3964804,0.0.4138717@1791402142.835233675
0.0.8209705,0.03036364283267204,SUCCESS,hbar,0.0.3964804,0.0.4138717@1791402144.862748600
0.0.1404010,0.0005314091083278721,SUCCESS,hbar,0.0.3964804,0.0.4138717@1791402143.764756082
0.0.1261132,0.09538229427756453,SUCCESS,hbar,0.0.3964804,0.0.4138717@1791402144.340062932
0.0.7816479,0.006054409121738864,SUCCESS,hbar,0.0.3964804,0.0.4138717@1791402144.640202671
0.0.6148704,0.01973486358125081,SUCCESS,hbar,0.0.3964804,0.0.4138717@1791402145.734028155
0.0.7285744,0.005510347930126253,SUCCESS,hbar,0.0.3964804,0.0.4138717@1791402148.073758868
0.0.4743054,0.0001105590654116216,SUCCESS,hbar,0.0.3964804,0.0.4138717@1791402145.912758022
0.0.7920282,0.001459313054586947,SUCCESS,hbar,0.0.3964804,0.0.4138717@1791402147.679198057
0.0.658160,0.001102523641406297,SUCCESS,hbar,0.0.3964804,0.0.4138717@1791402144.039659810
0.0.4853295,1.545138325069381,SUCCESS,hbar,0.0.3964804,0.0.4138717@1791402144.945052513
0.0.8291825,0.3274362171908836,SUCCESS,hbar,0.0.3964804,0.0.4138717@1791402147.538089946
0.0.8120693,0.3475262181493688,SUCCESS,hbar,0.0.3964804,0.0.4138717@1791402147.624637531
0.0.8076778,0.0004367997840352356,SUCCESS,hbar,0.0.3964804,0.0.4138717@1791402147.621189312
0.0.8227507,0.1264563684522392,SUCCESS,hbar,0.0.3964804,0.0.4138717@1791402148.068294513
0.0.3241611,0.105602779688421,SUCCESS,hbar,0.0.3964804,0.0.4138717@1791402145.944465408
0.0.2964523,6.64909153428814,SUCCESS,hbar,0.0.3964804,0.0.4138717@1791402146.728402595
0.0.8083173,0.1279231749021159,SUCCESS,hbar,0.0.3964804,0.0.4138717@1791402147.242342833
0.0.4388693,0.01394829205363758,SUCCESS,hbar,0.0.3964804,0.0.4138717@1791402149.818695767
0.0.4315395,0.02431134643185931,SUCCESS,hbar,0.0.3964804,0.0.4138717@1791402146.488640731
0.0.8131537,0.108789572100073,SUCCESS,hbar,0.0.3964804,0.0.4138717@1791402148.151062231
0.0.1467538,0.06794042575813661,SUCCESS,hbar,0.0.3964804,0.0.4138717@1791402148.196398106
0.0.3847179,0.1559374813567932,SUCCESS,hbar,0.0.3964804,0.0.4138717@1791402147.483723268
0.0.7732467,0.0207078760477287,SUCCESS,hbar,0.0.3964804,0.0.4138717@1791402150.538508067
0.0.7924085,0.004848602345798803,SUCCESS,hbar,0.0.3964804,0.0.4138717@1791402151.117614536
0.0.844131,0.07858905523698177,SUCCESS,hbar,0.0.3964804,0.0.4138717@1791402149.111826772
0.0.6294131,0.0000075720374980146,SUCCESS,hbar,0.0.3964804,0.0.4138717@1791402149.238301204
0.0.7965335,0.4860999959196033,SUCCESS,hbar,0.0.3964804,0.0.4138717@1791402149.318235581
0.0.2116216,1.063269345404464,SUCCESS,hbar,0.0.3964804,0.0.4138717@1791402148.219130796
0.0.1754370,0.01037418597519722,SUCCESS,hbar,0.0.3964804,0.0.4138717@1791402148.191164499
0.0.981571,0.01891398695720381,SUCCESS,hbar,0.0.3964804,0.0.4138717@1791402151.980119508