account,amount,state,token address,pool address,tx id
0.0.139500,186.3297027437147,SUCCESS,0.0.731861,0.0.3951117&0.0.3964790&0.0.3964860,0.0.4138717@1787665677.118304576
0.0.7920605,32.20818049152938,SUCCESS,0.0.731861,0.0.3951117&0.0.3961531&0.0.3964790&0.0.5328590,0.0.4138717@1787665673.400841040
0.0.1123753,3.174102911294153,SUCCESS,0.0.731861,0.0.3951117&0.0.4129330,0.0.4138717@1787665673.375747302
0.0.3525426,25.80792485120675,SUCCESS,0.0.731861,0.0.3951117&0.0.3964790&0.0.3964804&0.0.3964860&0.0.4601632&0.0.5328590,0.0.4138717@1787665674.801152176
0.0.1462225,2599.193720338072,SUCCESS,0.0.731861,0.0.3951117,0.0.4138717@1787665673.635247809
0.0.9430013,92.2034983320752,SUCCESS,0.0.731861,0.0.3951117,0.0.4138717@1787665673.370702067
0.0.4423729,72.96059295861855,SUCCESS,0.0.731861,0.0.3951117&0.0.3964804&0.0.10498278,0.0.4138717@1787665672.858371468
0.0.2994397,3.180044170326116,SUCCESS,0.0.731861,0.0.3951117,0.0.4138717@1787665674.325418687
0.0.1792818,0.00958018293491604,SUCCESS,0.0.731861,0.0.3951117,0.0.4138717@1787665674.539987432
0.0.10206048,0.2504437213114573,SUCCESS,0.0.731861,0.0.3951117,0.0.4138717@1787665674.022132285
0.0.1070346,172.8864335011575,SUCCESS,0.0.731861,0.0.3951117&0.0.3961531,0.0.4138717@1787665680.195910821
0.0.1071830,249.0719635893869,SUCCESS,0.0.731861,0.0.3951117&0.0.3961531&0.0.3964804,0.0.4138717@1787665680.509092016
0.0.10812303,220.7939211900162,SUCCESS,0.0.731861,0.0.3951117,0.0.4138717@1787665681.549264160
0.0.10088944,4.009784001385333,SUCCESS,0.0.731861,0.0.3951117&0.0.3964804,0.0.4138717@1787665686.107322399
0.0.6374996,78.28419155475702,SUCCESS,0.0.731861,0.0.3951117&0.0.3964827&0.0.5328590,0.0.4138717@1787665687.793535897
0.0.10064213,2.045654611739532,SUCCESS,0.0.731861,0.0.3951117&0.0.3964804,0.0.4138717@1787665692.110721430
0.0.4349716,62.98695830329168,SUCCESS,0.0.731861,0.0.3951117&0.0.3964790&0.0.3964804&0.0.3964827&0.0.5328590&0.0.6078473,0.0.4138717@1787665691.270565522
0.0.8341357,38.86095296479615,SUCCESS,0.0.731861,0.0.3951117&0.0.5328590,0.0.4138717@1787665692.310862718
0.0.835242,0.02242437876497735,SUCCESS,0.0.731861,0.0.3951117,0.0.4138717@1787665699.330837106
0.0.4570908,297.7328260134018,SUCCESS,0.0.731861,0.0.3951117&0.0.5328590,0.0.4138717@1787665700.892862123
0.0.52231,9.462771834197898,SUCCESS,0.0.731861,0.0.3951117,0.0.4138717@1787665703.577142986
0.0.7680254,9.753820895001658,SUCCESS,0.0.731861,0.0.3951117&0.0.3961531&0.0.3964804,0.0.4138717@1787665702.768331449
0.0.9597272,2.206117022755999,SUCCESS,0.0.731861,0.0.3951117,0.0.4138717@1787665705.104051146
0.0.9619890,18.55443162607757,SUCCESS,0.0.731861,0.0.3951117&0.0.3964804&0.0.6071119&0.0.8315114,0.0.4138717@1787665706.991797008
0.0.4339712,0.7010685142347317,SUCCESS,0.0.731861,0.0.3951117,0.0.4138717@1787665707.128782928
0.0.5028724,0.01169791850862435,SUCCESS,0.0.731861,0.0.3951117,0.0.4138717@1787665705.731512261
0.0.4383878,0.6287361486908749,SUCCESS,0.0.731861,0.0.3951117&0.0.6078459,0.0.4138717@1787665709.874960257
0.0.4430933,757.897656820309,SUCCESS,0.0.731861,0.0.3951117&0.0.3964827,0.0.4138717@1787665708.402300898
0.0.834443,239.5585664074302,SUCCESS,0.0.731861,0.0.3951117,0.0.4138717@1787665712.101097939
0.0.4858736,0.08883478465329006,SUCCESS,0.0.731861,0.0.3951117,0.0.4138717@1787665715.853730880
0.0.664329,7.737353542253749,SUCCESS,0.0.731861,0.0.3951117&0.0.6071119&0.0.6126395,0.0.4138717@1787665715.854422685
0.0.4792831,0.006767299944214846,SUCCESS,0.0.731861,0.0.3951117,0.0.4138717@1787665716.350156499
0.0.4338219,13.4283144403161,SUCCESS,0.0.731861,0.0.3951117,0.0.4138717@1787665714.948114149
0.0.4745055,0.01282407540257573,SUCCESS,0.0.731861,0.0.3951117,0.0.4138717@1787665715.074979572
0.0.1339713,24.63951581137921,SUCCESS,0.0.731861,0.0.3951117&0.0.3964804&0.0.5328590,0.0.4138717@1787665719.012617962
0.0.1784251,8.03378356402409,SUCCESS,0.0.731861,0.0.3951117&0.0.3964804&0.0.4601632&0.0.5328590&0.0.10414792&0.0.10498274,0.0.4138717@1787665720.177214581
0.0.4569835,0.01350890705073442,SUCCESS,0.0.731861,0.0.3951117,0.0.4138717@1787665720.826782950
0.0.1512938,0.001477666235720113,SUCCESS,0.0.731861,0.0.3951117,0.0.4138717@1787665721.687675096
0.0.4331665,2.45004947034036,SUCCESS,0.0.731861,0.0.3951117,0.0.4138717@1787665722.180610182
0.0.4361868,105.984902111839,SUCCESS,0.0.731861,0.0.3951117,0.0.4138717@1787665723.706004614
0.0.4433722,0.1403300696759827,SUCCESS,0.0.731861,0.0.3951117,0.0.4138717@1787665725.285953158
0.0.3925109,0.00009090782418726881,SUCCESS,0.0.731861,0.0.3951117,0.0.4138717@1787665725.520380619
0.0.4591423,2.312842580184308,SUCCESS,0.0.731861,0.0.3951117&0.0.3964855&0.0.4601632,0.0.4138717@1787665725.783739948
0.0.3872466,0.2487201777108116,SUCCESS,0.0.731861,0.0.3951117,0.0.4138717@1787665722.999982530
0.0.1508462,66.96601416658943,SUCCESS,0.0.731861,0.0.3951117,0.0.4138717@1787665727.313627860
0.0.4575306,0.008786874778557944,SUCCESS,0.0.731861,0.0.3951117,0.0.4138717@1787665726.791769134
0.0.516971,6.104164543487066e-7,SUCCESS,0.0.731861,0.0.3951117&0.0.4129330,0.0.4138717@1787665726.498251090
0.0.490092,0.263579080803257,SUCCESS,0.0.731861,0.0.3951117,0.0.4138717@1787665728.030876592
0.0.4503599,3.234979167619454,SUCCESS,0.0.731861,0.0.3951117,0.0.4138717@1787665732.585764329
0.0.7889838,0.08434356054657664,SUCCESS,0.0.731861,0.0.3951117,0.0.4138717@1787665732.980859723
0.0.8068689,252.0746515799352,SUCCESS,0.0.731861,0.0.3951117&0.0.3964804&0.0.3964827,0.0.4138717@1787665733.683695169
0.0.1991961,113.2383134447724,SUCCESS,0.0.731861,0.0.3951117&0.0.3964790&0.0.3964827&0.0.4601632&0.0.6071041,0.0.4138717@1787665731.683011121
0.0.856667,12.26549986439566,SUCCESS,0.0.731861,0.0.3951117&0.0.3964804,0.0.4138717@1787665736.008797540
0.0.2125030,119.8570780023124,SUCCESS,0.0.731861,0.0.3951117&0.0.3961531,0.0.4138717@1787665736.873841105
0.0.1601282,0.1819896013149468,SUCCESS,0.0.731861,0.0.3951117,0.0.4138717@1787665740.530490579
0.0.7991960,17.19025206759778,SUCCESS,0.0.731861,0.0.3951117&0.0.3964804,0.0.4138717@1787665738.278579414
0.0.4302086,0.2931036480539551,SUCCESS,0.0.731861,0.0.3951117,0.0.4138717@1787665742.446187629
0.0.598828,0.1009461305297065,SUCCESS,0.0.731861,0.0.3951117&0.0.3964804,0.0.4138717@1787665741.308411890
0.0.4864609,0.2460006682061758,SUCCESS,0.0.731861,0.0.3951117,0.0.4138717@1787665744.984653952
0.0.1877739,2.091586774459031,SUCCESS,0.0.731861,0.0.3951117&0.0.3964827&0.0.4601632,0.0.4138717@1787665741.573104141
0.0.4347838,5.856462566919151,SUCCESS,0.0.731861,0.0.3951117,0.0.4138717@1787665745.696645623
0.0.6258771,6.915106015437152,SUCCESS,0.0.731861,0.0.3951117,0.0.4138717@1787665745.991578310
0.0.7835270,13.47355474498218,SUCCESS,0.0.731861,0.0.3951117,0.0.4138717@1787665746.442861230
0.0.7843482,2.833563985361477,SUCCESS,0.0.731861,0.0.3951117&0.0.3964804,0.0.4138717@1787665745.791708809
0.0.7798148,6.494297797065379,SUCCESS,0.0.731861,0.0.3951117,0.0.4138717@1787665750.744622562
0.0.4559340,0.2749168043769071,SUCCESS,0.0.731861,0.0.3951117,0.0.4138717@1787665753.679430541
0.0.1506598,4.206776785055638,SUCCESS,0.0.731861,0.0.3951117,0.0.4138717@1787665753.344606271
0.0.1023917,47.5331959835343,SUCCESS,0.0.731861,0.0.3951117&0.0.3964804&0.0.3964855&0.0.4601632&0.0.6071119,0.0.4138717@1787665757.539380620
0.0.1490591,34.97356526983664,SUCCESS,0.0.731861,0.0.3951117&0.0.3964790&0.0.3964804,0.0.4138717@1787665755.097365754
0.0.1110477,23.06070972768763,SUCCESS,0.0.731861,0.0.3951117,0.0.4138717@1787665755.283977991
0.0.4766933,42.1210404692872,SUCCESS,0.0.731861,0.0.3951117,0.0.4138717@1787665760.071852846
0.0.4551977,0.2268933232121968,SUCCESS,0.0.731861,0.0.3951117,0.0.4138717@1787665757.535483215
0.0.1726157,10.60217143995843,SUCCESS,0.0.731861,0.0.3951117&0.0.3964804,0.0.4138717@1787665756.569619093
0.0.4229805,1.313099438192746,SUCCESS,0.0.731861,0.0.3951117,0.0.4138717@1787665759.602374591
0.0.7526203,3.282345685722447,SUCCESS,0.0.731861,0.0.3951117&0.0.3964804,0.0.4138717@1787665762.375472483
0.0.9318600,256.3981347967603,SUCCESS,0.0.731861,0.0.3951117,0.0.4138717@1787665764.004362633
0.0.844585,20.60867067749161,SUCCESS,0.0.731861,0.0.3951117&0.0.3964804,0.0.4138717@1787665764.405488107
0.0.4351536,2.408519959884563,SUCCESS,0.0.731861,0.0.3951117,0.0.4138717@1787665761.197466182
0.0.9301583,138.1674404851934,SUCCESS,0.0.731861,0.0.3951117,0.0.4138717@1787665760.491059397
0.0.6872459,605.5077122990692,SUCCESS,0.0.731861,0.0.3951117,0.0.4138717@1787665764.477048204
0.0.657648,148.100220229838,SUCCESS,0.0.731861,0.0.3951117&0.0.3961531&0.0.3964790,0.0.4138717@1787665766.915871904
0.0.9200436,1.246774119052062,SUCCESS,0.0.731861,0.0.3951117&0.0.3961531,0.0.4138717@1787665768.472264263
0.0.7891604,18.84902436651254,SUCCESS,0.0.731861,0.0.3951117,0.0.4138717@1787665767.898197430
0.0.9195929,324.5373885320244,SUCCESS,0.0.731861,0.0.3951117&0.0.3964804&0.0.5328590&0.0.8315114,0.0.4138717@1787665769.761306002
0.0.9120392,1.380633560461742,SUCCESS,0.0.731861,0.0.3951117&0.0.3964804&0.0.8315114,0.0.4138717@1787665770.009671799
0.0.3310398,1.329951840168906,SUCCESS,0.0.731861,0.0.3951117&0.0.3964804,0.0.4138717@1787665768.825345491
0.0.8899262,5.935853119285463,SUCCESS,0.0.731861,0.0.3951117,0.0.4138717@1787665772.064891236
0.0.9154738,6.80012247573781,SUCCESS,0.0.731861,0.0.3951117&0.0.3964804&0.0.3964827&0.0.6071119,0.0.4138717@1787665771.222919980
0.0.9150357,9.325492000407872,NOT_ASSOCIATED,0.0.731861,0.0.3951117,
0.0.7788937,15.32391976956552,SUCCESS,0.0.731861,0.0.3951117&0.0.10018365,0.0.4138717@1787665774.825951546
0.0.9104463,16.39121131482668,SUCCESS,0.0.731861,0.0.3951117&0.0.3964804,0.0.4138717@1787665776.429945640
0.0.4531253,12.74090616146052,SUCCESS,0.0.731861,0.0.3951117&0.0.3961531&0.0.3964804&0.0.3964855&0.0.4129330&0.0.8315114,0.0.4138717@1787665777.157480752
0.0.2122027,21.46827469367235,SUCCESS,0.0.731861,0.0.3951117&0.0.3961531&0.0.3964804,0.0.4138717@1787665774.604937670
0.0.8531519,6.309317582501413,SUCCESS,0.0.731861,0.0.3951117,0.0.4138717@1787665775.789441310
0.0.2960169,1.865468369956768,SUCCESS,0.0.731861,0.0.3951117&0.0.3961531&0.0.3964827,0.0.4138717@1787665775.796910021
0.0.8616856,109.6460315981714,SUCCESS,0.0.731861,0.0.3951117&0.0.3961531&0.0.3964804&0.0.6071119,0.0.4138717@1787665775.414026701
0.0.1691323,45.29115584580374,SUCCESS,0.0.731861,0.0.3951117&0.0.3964804,0.0.4138717@1787665777.547453464
0.0.4342759,51.67581534600016,SUCCESS,0.0.731861,0.0.3951117,0.0.4138717@1787665780.104156516
0.0.4912200,191.1207681465001,SUCCESS,0.0.731861,0.0.3951117&0.0.3964804,0.0.4138717@1787665777.872080956
0.0.1379217,8.6268657700776,NOT_ASSOCIATED,0.0.731861,0.0.3951117,
0.0.4370057,0.4934901265668937,SUCCESS,0.0.731861,0.0.3951117,0.0.4138717@1787665780.151483227
0.0.4329215,0.5167127697212615,SUCCESS,0.0.731861,0.0.3951117&0.0.3961531&0.0.3964804,0.0.4138717@1787665780.606503335
0.0.854331,0.2018858821372882,SUCCESS,0.0.731861,0.0.3951117,0.0.4138717@1787665781.243569711
0.0.4333286,10.27351634551093,SUCCESS,0.0.731861,0.0.3951117&0.0.3964827&0.0.3964860,0.0.4138717@1787665783.428626958
0.0.700741,2.444475790313501,SUCCESS,0.0.731861,0.0.3951117,0.0.4138717@1787665779.932304749
0.0.1453803,94.0195236266725,SUCCESS,0.0.731861,0.0.3951117&0.0.4601632&0.0.5328590&0.0.6071119,0.0.4138717@1787665782.032430329
0.0.4346579,0.01357240953879347,SUCCESS,0.0.731861,0.0.3951117,0.0.4138717@1787665782.438282851
0.0.508876,354.7981811896386,SUCCESS,0.0.731861,0.0.3951117&0.0.3964804,0.0.4138717@1787665785.494947819
0.0.1075892,8.046196255116433,SUCCESS,0.0.731861,0.0.3951117,0.0.4138717@1787665784.735380799
0.0.4350041,1.398359676397638,SUCCESS,0.0.731861,0.0.3951117,0.0.4138717@1787665787.913276840
0.0.1910285,0.9030459548624622,SUCCESS,0.0.731861,0.0.3951117,0.0.4138717@1787665787.641805223
0.0.1735540,13.59079193388892,SUCCESS,0.0.731861,0.0.3951117&0.0.5328590,0.0.4138717@1787665788.603658139
0.0.4349304,3.392986910883173,SUCCESS,0.0.731861,0.0.3951117&0.0.3964790&0.0.5328590,0.0.4138717@1787665784.929544810
0.0.1338331,3.093229682815898,SUCCESS,0.0.731861,0.0.3951117,0.0.4138717@1787665790.437116037
0.0.4322065,7.521859404816433,SUCCESS,0.0.731861,0.0.3951117,0.0.4138717@1787665793.515560766
0.0.639876,0.3033562589388959,SUCCESS,0.0.731861,0.0.3951117,0.0.4138717@1787665791.402586897
0.0.104926,0.02911502489711169,SUCCESS,0.0.731861,0.0.3951117,0.0.4138717@1787665789.748713169
0.0.4348824,0.1298678879391218,SUCCESS,0.0.731861,0.0.3951117,0.0.4138717@1787665791.560721180
0.0.4544530,211.6810601391935,SUCCESS,0.0.731861,0.0.3951117&0.0.3961531&0.0.3964790&0.0.3964804&0.0.3964827&0.0.3964855&0.0.3964860&0.0.4129330&0.0.4601632&0.0.5328590&0.0.6071041&0.0.6078459&0.0.6078473,0.0.4138717@1787665795.277307158
0.0.1506629,0.2978901435561306,SUCCESS,0.0.731861,0.0.3951117,0.0.4138717@1787665792.855958951
0.0.795933,4.80207274802757,SUCCESS,0.0.731861,0.0.3951117,0.0.4138717@1787665794.625901470
0.0.4324445,5.933685796596963,SUCCESS,0.0.731861,0.0.3951117&0.0.3964804&0.0.3964855,0.0.4138717@1787665797.271360042
0.0.4321631,2791.235657547979,SUCCESS,0.0.731861,0.0.3951117&0.0.3964804&0.0.4601632,0.0.4138717@1787665797.601405096
0.0.4582751,0.4880237179986783,SUCCESS,0.0.731861,0.0.3951117,0.0.4138717@1787665794.055952686
0.0.4324463,0.3316471628156561,SUCCESS,0.0.731861,0.0.3951117&0.0.3964790,0.0.4138717@1787665796.840677214
0.0.1266990,0.2056888396082909,SUCCESS,0.0.731861,0.0.3951117,0.0.4138717@1787665799.866444054
0.0.5118079,3.785476812752019,SUCCESS,0.0.731861,0.0.3951117&0.0.3964804,0.0.4138717@1787665797.956988813
0.0.5118232,1.258051776560854,SUCCESS,0.0.731861,0.0.3951117&0.0.3964804,0.0.4138717@1787665798.020277687
0.0.5118190,5.698170634261791,SUCCESS,0.0.731861,0.0.3951117&0.0.3964804&0.0.3964827&0.0.3964860&0.0.5328590,0.0.4138717@1787665797.743641895
0.0.5119346,11.53267286041019,SUCCESS,0.0.731861,0.0.3951117&0.0.3964804,0.0.4138717@1787665800.666923274
0.0.832624,13.44005189707627,SUCCESS,0.0.731861,0.0.3951117&0.0.3961531&0.0.3964804&0.0.5328590&0.0.6071119,0.0.4138717@1787665798.129538116
0.0.10801079,0.1065332479482436,SUCCESS,0.0.731861,0.0.3951117,0.0.4138717@1787665800.281999172
0.0.1265153,0.02213075258006528,SUCCESS,0.0.731861,0.0.3951117&0.0.3964827,0.0.4138717@1787665800.787845223
0.0.1274087,2312.245833509808,SUCCESS,0.0.731861,0.0.3951117,0.0.4138717@1787665803.375127640
0.0.2773436,998.9961438621541,SUCCESS,0.0.731861,0.0.3951117&0.0.3964804&0.0.5328590,0.0.4138717@1787665802.331221835
0.0.834820,86.41795385456044,SUCCESS,0.0.731861,0.0.3951117&0.0.3964804,0.0.4138717@1787665802.987824371
0.0.836838,81149.51603200512,SUCCESS,0.0.731861,0.0.3951117&0.0.5328590,0.0.4138717@1787665806.690057575
0.0.860438,10.28539755502685,SUCCESS,0.0.731861,0.0.3951117&0.0.3964804&0.0.6071119,0.0.4138717@1787665808.139915124
0.0.1290358,81.22168014415143,SUCCESS,0.0.731861,0.0.3951117,0.0.4138717@1787665805.740761766
0.0.3241044,38.67670288567473,SUCCESS,0.0.731861,0.0.3951117&0.0.3961531,0.0.4138717@1787665808.289478633
0.0.956549,309.7782238125475,SUCCESS,0.0.731861,0.0.3951117&0.0.3961531,0.0.4138717@1787665809.289066060
0.0.832415,468.731188781478,SUCCESS,0.0.731861,0.0.3951117,0.0.4138717@1787665812.156829759
0.0.1375637,12.40661451627483,SUCCESS,0.0.731861,0.0.3951117&0.0.3964790,0.0.4138717@1787665813.327099396
0.0.3845966,7.622624914124112,SUCCESS,0.0.731861,0.0.3951117&0.0.3961531&0.0.3964790&0.0.3964804&0.0.3964827&0.0.6078459,0.0.4138717@1787665815.373589954
0.0.1724832,0.8717067412180702,SUCCESS,0.0.731861,0.0.3951117,0.0.4138717@1787665813.254030027
0.0.841339,4.806190307947291,SUCCESS,0.0.731861,0.0.3951117,0.0.4138717@1787665812.216664788
0.0.525256,30.06644993156685,SUCCESS,0.0.731861,0.0.3951117,0.0.4138717@1787665814.292914376
0.0.2116956,2.762420082469234,SUCCESS,0.0.731861,0.0.3951117&0.0.3961531&0.0.3964855,0.0.4138717@1787665817.971643583
0.0.896788,2328.462526638244,SUCCESS,0.0.731861,0.0.3951117,0.0.4138717@1787665816.924112588
0.0.925802,11.67960980937841,FAIL,0.0.731861,0.0.3951117,
0.0.1628961,5732.821935819669,SUCCESS,0.0.731861,0.0.3951117&0.0.3964804&0.0.5328590,0.0.4138717@1787665821.180846857
0.0.819461,0.7545513532594371,SUCCESS,0.0.731861,0.0.3951117,0.0.4138717@1787665822.620130736
0.0.4210667,0.1025888088527478,SUCCESS,0.0.731861,0.0.3951117,0.0.4138717@1787665822.481783718
0.0.1412849,0.0000314735593221585,SUCCESS,0.0.731861,0.0.3951117,0.0.4138717@1787665823.034164357
0.0.823348,0.9848081526982952,SUCCESS,0.0.731861,0.0.3951117,0.0.4138717@1787665824.995273445
0.0.914261,79.35718514395195,SUCCESS,0.0.731861,0.0.3951117,0.0.4138717@1787665825.991116716
0.0.2174139,1.679467196905685,SUCCESS,0.0.731861,0.0.3951117&0.0.3964804,0.0.4138717@1787665823.669141343
0.0.1261552,2.488010715860824,SUCCESS,0.0.731861,0.0.3951117&0.0.3961531&0.0.3964790&0.0.3964804&0.0.3964860&0.0.4129330&0.0.6071119,0.0.4138717@1787665826.126082905
0.0.4205604,5.243472581372655,SUCCESS,0.0.731861,0.0.3951117,0.0.4138717@1787665822.824836067
0.0.850535,1025.257857795687,SUCCESS,0.0.731861,0.0.3951117&0.0.4129330&0.0.4601632&0.0.5328590,0.0.4138717@1787665826.060919570
0.0.5975196,2.235062027682356,SUCCESS,0.0.731861,0.0.3951117&0.0.4601632,0.0.4138717@1787665828.015749335
0.0.3969243,0.1511833515449268,SUCCESS,0.0.731861,0.0.3951117&0.0.4129330,0.0.4138717@1787665830.223964912
0.0.4732964,0.3106120765666011,SUCCESS,0.0.731861,0.0.3951117,0.0.4138717@1787665826.294003185
0.0.4432149,0.8294555198676615,SUCCESS,0.0.731861,0.0.3951117,0.0.4138717@1787665829.395039509
0.0.1412123,0.9286778117322781,NOT_ASSOCIATED,0.0.731861,0.0.3951117&0.0.3964804,
0.0.4184733,249.0176630102834,SUCCESS,0.0.731861,0.0.3951117,0.0.4138717@1787665827.833473404
0.0.4775299,2.294338283987042,SUCCESS,0.0.731861,0.0.3951117,0.0.4138717@1787665831.814686936
0.0.4758169,1.366704571101018,SUCCESS,0.0.731861,0.0.3951117,0.0.4138717@1787665832.423124033
0.0.3071320,70.8186531448976,SUCCESS,0.0.731861,0.0.3951117,0.0.4138717@1787665828.782452233
0.0.4330219,0.5814154963816212,SUCCESS,0.0.731861,0.0.3951117&0.0.3964790,0.0.4138717@1787665831.088652504
0.0.2968839,94.26697184296151,SUCCESS,0.0.731861,0.0.3951117&0.0.3964804&0.0.4601632,0.0.4138717@1787665833.988096317
0.0.4923080,0.363776370955517,SUCCESS,0.0.731861,0.0.3951117,0.0.4138717@1787665831.676154676
0.0.3242760,56.16815613085345,SUCCESS,0.0.731861,0.0.3951117&0.0.3961531&0.0.3964804,0.0.4138717@1787665832.248520692
0.0.5797983,0.8991090216999085,SUCCESS,0.0.731861,0.0.3951117&0.0.3961531&0.0.3964804,0.0.4138717@1787665835.683333135
0.0.4329852,171.7127937776053,SUCCESS,0.0.731861,0.0.3951117&0.0.3964804&0.0.3964827&0.0.3964855&0.0.4601632&0.0.5328590,0.0.4138717@1787665837.310635017
0.0.6244791,2.749653709120946,SUCCESS,0.0.731861,0.0.3951117,0.0.4138717@1787665839.520664087
0.0.6313910,298.3729394020146,SUCCESS,0.0.731861,0.0.3951117&0.0.3964804,0.0.4138717@1787665839.865739657
0.0.6289117,46.48855541937245,SUCCESS,0.0.731861,0.0.3951117&0.0.3964804&0.0.4601632&0.0.6071041,0.0.4138717@1787665841.217764548
0.0.6440477,1.214365445236244,SUCCESS,0.0.731861,0.0.3951117&0.0.3964804,0.0.4138717@1787665838.711791583
0.0.874760,197.2592473471715,SUCCESS,0.0.731861,0.0.3951117&0.0.3964804&0.0.6078459,0.0.4138717@1787665840.951606601
0.0.4345324,0.2842821454676875,SUCCESS,0.0.731861,0.0.3951117,0.0.4138717@1787665843.256921795
0.0.4702708,97.85366400149098,SUCCESS,0.0.731861,0.0.3951117&0.0.3964827,0.0.4138717@1787665843.693974438
0.0.6026305,0.4968306241544409,SUCCESS,0.0.731861,0.0.3951117,0.0.4138717@1787665845.190237014
0.0.6781119,857.42949807948,SUCCESS,0.0.731861,0.0.3951117&0.0.3961531&0.0.3964804&0.0.3964827&0.0.3964860&0.0.4601632&0.0.5328590&0.0.6071119&0.0.8315114,0.0.4138717@1787665844.036918340
0.0.7262531,0.06906706692775101,SUCCESS,0.0.731861,0.0.3951117&0.0.3964804,0.0.4138717@1787665844.873333163
0.0.7138336,0.05619935157733678,SUCCESS,0.0.731861,0.0.3951117&0.0.3961531,0.0.4138717@1787665844.407346433
0.0.1340928,151.793624893021,SUCCESS,0.0.731861,0.0.3951117,0.0.4138717@1787665847.468110830
0.0.7479340,3.901174420470256,SUCCESS,0.0.731861,0.0.3951117&0.0.3964804,0.0.4138717@1787665848.709817677
0.0.1322785,84.68844661599287,SUCCESS,0.0.731861,0.0.3951117,0.0.4138717@1787665845.606354699
0.0.5182107,1.106348102075803,NOT_ASSOCIATED,0.0.731861,0.0.3951117&0.0.3964804,
0.0.5202236,1.511158292364108,SUCCESS,0.0.731861,0.0.3951117,0.0.4138717@1787665848.317172944
0.0.4590627,2.418477048568329,SUCCESS,0.0.731861,0.0.3951117,0.0.4138717@1787665851.217955422
0.0.4323088,42.84855833097894,SUCCESS,0.0.731861,0.0.3951117&0.0.3964804&0.0.3964855,0.0.4138717@1787665850.652265886
0.0.4335807,713.7165908390512,SUCCESS,0.0.731861,0.0.3951117&0.0.3961531&0.0.3964790&0.0.3964827&0.0.3964855&0.0.4129330&0.0.4601632&0.0.5328590,0.0.4138717@1787665851.255819527
0.0.4986167,0.4858574589132305,SUCCESS,0.0.731861,0.0.3951117,0.0.4138717@1787665857.921548155
0.0.5281334,0.485015405818497,SUCCESS,0.0.731861,0.0.3951117,0.0.4138717@1787665853.699515563
0.0.5310061,1.999312419433789,SUCCESS,0.0.731861,0.0.3951117&0.0.3964804,0.0.4138717@1787665854.208353589
0.0.5117832,156.7919126691312,SUCCESS,0.0.731861,0.0.3951117&0.0.3964804,0.0.4138717@1787665855.356869649
0.0.1711779,0.04820140173265666,SUCCESS,0.0.731861,0.0.3951117,0.0.4138717@1787665859.568221562
0.0.853268,116.4663162098337,SUCCESS,0.0.731861,0.0.3951117,0.0.4138717@1787665859.119479409
0.0.662296,124.2986225570401,SUCCESS,0.0.731861,0.0.3951117,0.0.4138717@1787665859.133069661
0.0.3829916,63.03283141790614,SUCCESS,0.0.731861,0.0.3951117,0.0.4138717@1787665859.007157134
0.0.4354394,95.59103886625142,SUCCESS,0.0.731861,0.0.3951117&0.0.3964790,0.0.4138717@1787665863.519307346
0.0.5078033,4.748827284593053,SUCCESS,0.0.731861,0.0.3951117&0.0.4601632,0.0.4138717@1787665862.931077123
0.0.5716339,0.003742911455202166,SUCCESS,0.0.731861,0.0.3951117,0.0.4138717@1787665862.864931763
0.0.4709377,31.97381497192736,SUCCESS,0.0.731861,0.0.3951117,0.0.4138717@1787665862.313369188
0.0.4695027,0.9076799318192249,SUCCESS,0.0.731861,0.0.3951117,0.0.4138717@1787665864.107799248
0.0.4340758,1.751314555450642,SUCCESS,0.0.731861,0.0.3951117&0.0.3964804,0.0.4138717@1787665867.439803400
0.0.4817549,4.793785419476889,SUCCESS,0.0.731861,0.0.3951117&0.0.3964804,0.0.4138717@1787665867.315759186
0.0.4938729,3.780793833460614,SUCCESS,0.0.731861,0.0.3951117,0.0.4138717@1787665866.544068644
0.0.4322002,1.09181429740674,SUCCESS,0.0.731861,0.0.3951117,0.0.4138717@1787665865.827849367
0.0.4968045,7.101130851589095,SUCCESS,0.0.731861,0.0.3951117,0.0.4138717@1787665864.589318219
0.0.2930231,1.160507019898643,SUCCESS,0.0.731861,0.0.3951117&0.0.3964804,0.0.4138717@1787665865.448210279
0.0.4558891,10.03110709175268,SUCCESS,0.0.731861,0.0.3951117,0.0.4138717@1787665872.475853202
0.0.5976303,1.154340733645894,SUCCESS,0.0.731861,0.0.3951117&0.0.3964804,0.0.4138717@1787665871.440732895
0.0.4318411,13.72832442126103,SUCCESS,0.0.731861,0.0.3951117,0.0.4138717@1787665871.572105094
0.0.3681428,678.5287558292325,SUCCESS,0.0.731861,0.0.3951117&0.0.3964804,0.0.4138717@1787665868.451052062
0.0.10031117,4.461230609132223,SUCCESS,0.0.731861,0.0.3951117,0.0.4138717@1787665872.572897913
0.0.4343858,253.8265850037846,SUCCESS,0.0.731861,0.0.3951117&0.0.3964827&0.0.5328590,0.0.4138717@1787665875.821139376
0.0.7786995,243.4648872368047,SUCCESS,0.0.731861,0.0.3951117,0.0.4138717@1787665873.637340605
0.0.10169145,0.1936872704847608,SUCCESS,0.0.731861,0.0.3951117,0.0.4138717@1787665876.124187581
0.0.10122546,0.1129274400418841,SUCCESS,0.0.731861,0.0.3951117,0.0.4138717@1787665875.458025833
0.0.9302147,66.15452128576311,SUCCESS,0.0.731861,0.0.3951117&0.0.5328590,0.0.4138717@1787665875.552523241
0.0.735239,0.0001636422893500657,SUCCESS,0.0.731861,0.0.3951117,0.0.4138717@1787665880.035041800
0.0.10076636,17.32022076431907,SUCCESS,0.0.731861,0.0.3951117,0.0.4138717@1787665879.812337649
0.0.1340164,71.49277475087626,SUCCESS,0.0.731861,0.0.3951117,0.0.4138717@1787665879.177902418
0.0.10076247,1.694494482819874,SUCCESS,0.0.731861,0.0.3951117,0.0.4138717@1787665879.288886662
0.0.10021410,0.1310067861934611,SUCCESS,0.0.731861,0.0.3951117,0.0.4138717@1787665881.194261144
0.0.1157855,1.425333961616007,SUCCESS,0.0.731861,0.0.3951117,0.0.4138717@1787665880.808915772
0.0.10031118,0.830760018554767,SUCCESS,0.0.731861,0.0.3951117,0.0.4138717@1787665881.190852682
0.0.10230141,19.57207165673897,SUCCESS,0.0.731861,0.0.3951117,0.0.4138717@1787665884.713104175
0.0.9723151,0.006896039519756674,SUCCESS,0.0.731861,0.0.3951117,0.0.4138717@1787665885.704360103
0.0.9958383,0.1041909020170075,SUCCESS,0.0.731861,0.0.3951117,0.0.4138717@1787665886.641543183
0.0.4570964,16.75188725166088,SUCCESS,0.0.731861,0.0.3951117,0.0.4138717@1787665888.183535265
0.0.9761018,558.4586825816632,SUCCESS,0.0.731861,0.0.3951117,0.0.4138717@1787665889.858012960
0.0.9755401,10.90649912325655,SUCCESS,0.0.731861,0.0.3951117&0.0.4601632,0.0.4138717@1787665886.934930436
0.0.9344085,25.03433545825398,SUCCESS,0.0.731861,0.0.3951117&0.0.3964827&0.0.5328590,0.0.4138717@1787665891.380325495
0.0.9626972,0.8902566117116076,SUCCESS,0.0.731861,0.0.3951117,0.0.4138717@1787665888.933119066
0.0.7542917,0.3347562156205999,SUCCESS,0.0.731861,0.0.3951117,0.0.4138717@1787665891.240126381
0.0.1115297,1.779230754766066,SUCCESS,0.0.731861,0.0.3951117,0.0.4138717@1787665891.841445309
0.0.8585089,184.1543107511239,SUCCESS,0.0.731861,0.0.3951117,0.0.4138717@1787665893.912753689
0.0.650437,4.169580692466965,SUCCESS,0.0.731861,0.0.3951117&0.0.3961531&0.0.5328590,0.0.4138717@1787665891.718806535
0.0.1110198,26.14943163821438,SUCCESS,0.0.731861,0.0.3951117,0.0.4138717@1787665893.457584011
0.0.10504552,0.3423386818891231,SUCCESS,0.0.731861,0.0.3951117,0.0.4138717@1787665892.068505030
0.0.7925699,5.307868574178162,SUCCESS,0.0.731861,0.0.3951117,0.0.4138717@1787665893.040478612
0.0.5156210,0.0384995413247955,SUCCESS,0.0.731861,0.0.3951117&0.0.3964804,0.0.4138717@1787665897.766864438
0.0.813134,40.96561833662413,SUCCESS,0.0.731861,0.0.3951117,0.0.4138717@1787665898.040864957
0.0.10801086,0.01917833695232367,SUCCESS,0.0.731861,0.0.3951117,0.0.4138717@1787665896.801958762
0.0.814196,35.28980090774384,SUCCESS,0.0.731861,0.0.3951117&0.0.5328590,0.0.4138717@1787665897.814569773
0.0.10789847,483.253722810709,SUCCESS,0.0.731861,0.0.3951117,0.0.4138717@1787665902.070204340
0.0.10169238,4.269547040317446,SUCCESS,0.0.731861,0.0.3951117,0.0.4138717@1787665901.411178486
0.0.850352,67.37108943830069,SUCCESS,0.0.731861,0.0.3951117,0.0.4138717@1787665901.150557150
0.0.10296471,13.2105262766816,SUCCESS,0.0.731861,0.0.3951117,0.0.4138717@1787665906.513041658
0.0.10584246,18033.08676501447,SUCCESS,0.0.731861,0.0.3951117&0.0.3964804&0.0.10093026,0.0.4138717@1787665907.431736055
0.0.8188541,0.5502614157340494,SUCCESS,0.0.731861,0.0.3951117,0.0.4138717@1787665907.729160412
0.0.4560992,7.410069280808105,SUCCESS,0.0.731861,0.0.3951117,0.0.4138717@1787665906.614284069
0.0.5702270,106.1347106520676,SUCCESS,0.0.731861,0.0.3951117&0.0.4601632&0.0.5328590,0.0.4138717@1787665909.285690557
0.0.912615,256.8835447806927,SUCCESS,0.0.731861,0.0.3951117&0.0.3964804&0.0.3964827,0.0.4138717@1787665909.397817692
0.0.10493411,14.01002278645231,SUCCESS,0.0.731861,0.0.3951117,0.0.4138717@1787665910.603062508
0.0.1734809,0.5704159775609124,SUCCESS,0.0.731861,0.0.3951117&0.0.3964804&0.0.6071119,0.0.4138717@1787665913.990947485
0.0.10483303,26228.45998178868,SUCCESS,0.0.731861,0.0.3951117,0.0.4138717@1787665910.706879640
0.0.1104990,505.726541864556,SUCCESS,0.0.731861,0.0.3951117,0.0.4138717@1787665913.039365110
0.0.2017173,60.55378801738537,SUCCESS,0.0.731861,0.0.3951117&0.0.3964804,0.0.4138717@1787665916.219396057
0.0.1988559,1.253913191101393,SUCCESS,0.0.731861,0.0.3951117&0.0.3961531&0.0.3964804,0.0.4138717@1787665914.718586689
0.0.1408633,5.741284040749043,SUCCESS,0.0.731861,0.0.3951117&0.0.3964855&0.0.6078459,0.0.4138717@1787665916.596052336
0.0.10352676,1.788270780074722,SUCCESS,0.0.731861,0.0.3951117,0.0.4138717@1787665918.106184345
0.0.4432398,0.768297567385041,SUCCESS,0.0.731861,0.0.3951117,0.0.4138717@1787665915.244449990
0.0.9299646,8.20672400051718,SUCCESS,0.0.731861,0.0.3951117,0.0.4138717@1787665919.631026937
0.0.8373509,77.59600151795397,SUCCESS,0.0.731861,0.0.3951117&0.0.3961531&0.0.3964804&0.0.5328590,0.0.4138717@1787665917.979660054
0.0.7490874,1.965564951544515,SUCCESS,0.0.731861,0.0.3951117&0.0.3964804,0.0.4138717@1787665920.159395457
0.0.819005,26.20331405241205,SUCCESS,0.0.731861,0.0.3951117&0.0.5328590,0.0.4138717@1787665918.628437623
0.0.8071373,2.401682111854408,SUCCESS,0.0.731861,0.0.3951117,0.0.4138717@1787665921.609578417
0.0.8068996,1.113663522839778,SUCCESS,0.0.731861,0.0.3951117&0.0.3964790&0.0.3964804&0.0.3964827&0.0.5328590,0.0.4138717@1787665922.933203031
0.0.5688804,9.193500563221694,SUCCESS,0.0.731861,0.0.3951117&0.0.3964827,0.0.4138717@1787665922.382405522
0.0.8013259,29613.96749321791,SUCCESS,0.0.731861,0.0.3951117,0.0.4138717@1787665923.036237056
0.0.3706536,0.01819954355469633,SUCCESS,0.0.731861,0.0.3951117,0.0.4138717@1787665923.407664372
0.0.7989790,0.0657164372635305,SUCCESS,0.0.731861,0.0.3951117,0.0.4138717@1787665928.294892740
0.0.7555632,0.1050780773503033,SUCCESS,0.0.731861,0.0.3951117,0.0.4138717@1787665927.792425549
0.0.1464418,2.890429060458251,SUCCESS,0.0.731861,0.0.3951117,0.0.4138717@1787665928.973639740
0.0.834595,70.66804518473312,SUCCESS,0.0.731861,0.0.3951117&0.0.3964804&0.0.5328590,0.0.4138717@1787665930.276507933
0.0.1123889,4.178802546784694,SUCCESS,0.0.731861,0.0.3951117&0.0.3964804,0.0.4138717@1787665927.765537986
0.0.5060163,0.7186420724322933,SUCCESS,0.0.731861,0.0.3951117,0.0.4138717@1787665929.191687486
0.0.2174015,0.03472974687114311,SUCCESS,0.0.731861,0.0.3951117,0.0.4138717@1787665931.768388076
0.0.6270084,2236.380121255102,SUCCESS,0.0.731861,0.0.3951117&0.0.3961531&0.0.3964804,0.0.4138717@1787665928.299887485
0.0.5126364,33.23318696664496,SUCCESS,0.0.731861,0.0.3951117,0.0.4138717@1787665933.923461800
0.0.7287636,44.10166728360689,SUCCESS,0.0.731861,0.0.3951117&0.0.3961531&0.0.3964804&0.0.4601632&0.0.8315114,0.0.4138717@1787665934.714611224
0.0.1380352,3.103336568064241,SUCCESS,0.0.731861,0.0.3951117,0.0.4138717@1787665935.218016475
0.0.7129552,128.673626676778,SUCCESS,0.0.731861,0.0.3951117&0.0.3964827&0.0.6071119,0.0.4138717@1787665936.173639487
0.0.696790,14.77001261956331,SUCCESS,0.0.731861,0.0.3951117&0.0.3964804,0.0.4138717@1787665933.958289862
0.0.1292697,42.48621216685356,SUCCESS,0.0.731861,0.0.3951117&0.0.3961531,0.0.4138717@1787665934.556948558
0.0.9404406,0.03382814817435462,SUCCESS,0.0.731861,0.0.3951117,0.0.4138717@1787665937.253981533
0.0.6234814,0.5193931730354998,SUCCESS,0.0.731861,0.0.3951117,0.0.4138717@1787665934.106040576
0.0.1904506,0.00124632971028446,SUCCESS,0.0.731861,0.0.3951117,0.0.4138717@1787665934.803589545
0.0.1458130,0.08611536514381982,SUCCESS,0.0.731861,0.0.3951117,0.0.4138717@1787665939.050939167
0.0.5060673,605.8131423477902,SUCCESS,0.0.731861,0.0.3951117,0.0.4138717@1787665940.170624277
0.0.8260017,0.2568259254801131,SUCCESS,0.0.731861,0.0.3951117&0.0.3964804,0.0.4138717@1787665936.326644858
0.0.832852,67.84276733818164,SUCCESS,0.0.731861,0.0.3951117,0.0.4138717@1787665940.467972891
0.0.9359586,0.09163561589207782,SUCCESS,0.0.731861,0.0.3951117,0.0.4138717@1787665939.907610375
0.0.4555391,3.136832177968894,SUCCESS,0.0.731861,0.0.3951117,0.0.4138717@1787665939.334639492
0.0.8212757,3.956434738780041,SUCCESS,0.0.731861,0.0.3951117,0.0.4138717@1787665940.191809346
0.0.1758196,1.427856879369718,SUCCESS,0.0.731861,0.0.3951117,0.0.4138717@1787665939.214886109
0.0.850481,157.5754444327277,SUCCESS,0.0.731861,0.0.3951117,0.0.4138717@1787665942.765568288
0.0.1515633,6.255695595946155,SUCCESS,0.0.731861,0.0.3951117,0.0.4138717@1787665942.575174349
0.0.9273872,0.02698076277762329,SUCCESS,0.0.731861,0.0.3951117,0.0.4138717@1787665939.859432828
0.0.1120575,354.185332420676,SUCCESS,0.0.731861,0.0.3951117&0.0.3964804,0.0.4138717@1787665944.261881737
0.0.7810768,5.825555916985738,SUCCESS,0.0.731861,0.0.3951117&0.0.3964827,0.0.4138717@1787665944.114905508
0.0.1368197,5.50031704015434,SUCCESS,0.0.731861,0.0.3951117&0.0.3964804,0.0.4138717@1787665945.596737729
0.0.9125858,114554.3476165463,SUCCESS,0.0.731861,0.0.3951117&0.0.6071041&0.0.6071119&0.0.6126395&0.0.8315114&0.0.9774523&0.0.10018365&0.0.10092996&0.0.10418141,0.0.4138717@1787665945.349968511
0.0.8419510,0.6031552957074932,SUCCESS,0.0.731861,0.0.3951117,0.0.4138717@1787665943.719807320
0.0.2137668,67.0937411644095,SUCCESS,0.0.731861,0.0.3951117&0.0.3964804,0.0.4138717@1787665946.807295554
0.0.8382774,0.4411219586002589,SUCCESS,0.0.731861,0.0.3951117&0.0.3964804,0.0.4138717@1787665947.837195295
0.0.1707146,2.099264753269521,SUCCESS,0.0.731861,0.0.3951117,0.0.4138717@1787665948.336399431
0.0.3943340,0.1578766545089623,SUCCESS,0.0.731861,0.0.3951117,0.0.4138717@1787665950.456615801
0.0.5352069,1.025127285603932,SUCCESS,0.0.731861,0.0.3951117,0.0.4138717@1787665949.101408857
0.0.8490555,3.336878447172386,SUCCESS,0.0.731861,0.0.3951117,0.0.4138717@1787665948.254887032
0.0.4331763,251.0719715702824,SUCCESS,0.0.731861,0.0.3951117,0.0.4138717@1787665948.763005112
0.0.8546442,9.977902974719507,SUCCESS,0.0.731861,0.0.3951117,0.0.4138717@1787665948.897130992
0.0.8684349,896.8108814830983,SUCCESS,0.0.731861,0.0.3951117,0.0.4138717@1787665950.709463255
0.0.9099631,1.475186526280489,SUCCESS,0.0.731861,0.0.3951117&0.0.6071119,0.0.4138717@1787665950.627402786
0.0.9112426,2.928992630090315,SUCCESS,0.0.731861,0.0.3951117&0.0.3964804&0.0.3964860,0.0.4138717@1787665952.845959145
0.0.10818243,107.6416168792249,SUCCESS,0.0.731861,0.0.3951117&0.0.3961531&0.0.10414792,0.0.4138717@1787665950.213280720
0.0.953101,5.372965251989306,SUCCESS,0.0.731861,0.0.3961531,0.0.4138717@1787665951.204142991
0.0.892088,2.798750108187834,SUCCESS,0.0.731861,0.0.3961531,0.0.4138717@1787665953.086434195
0.0.4712184,0.0004159665546663223,SUCCESS,0.0.731861,0.0.3961531&0.0.3964790,0.0.4138717@1787665953.957741863
0.0.1413657,96.96071945105739,SUCCESS,0.0.731861,0.0.3961531&0.0.4601632&0.0.5328590,0.0.4138717@1787665956.004109212
0.0.9279414,0.07148883897702335,SUCCESS,0.0.731861,0.0.3961531,0.0.4138717@1787665954.151589067
0.0.9353895,0.006838490860071909,SUCCESS,0.0.731861,0.0.3961531,0.0.4138717@1787665954.968886145
0.0.4853295,79.26252480095339,SUCCESS,0.0.731861,0.0.3961531&0.0.3964804,0.0.4138717@1787665958.063742592
0.0.9183843,0.670480962649522,NOT_ASSOCIATED,0.0.731861,0.0.3961531,
0.0.4594903,19.95628676453244,SUCCESS,0.0.731861,0.0.3961531&0.0.3964790&0.0.3964804,0.0.4138717@1787665954.663396511
0.0.10541900,0.373858582133845,SUCCESS,0.0.731861,0.0.3961531&0.0.3964804,0.0.4138717@1787665955.617060614
0.0.1177017,0.7058085551324463,SUCCESS,0.0.731861,0.0.3961531,0.0.4138717@1787665958.173209441
0.0.10802792,65.63899466214491,SUCCESS,0.0.731861,0.0.3961531&0.0.3964790&0.0.3964804&0.0.5328590,0.0.4138717@1787665955.594491532
0.0.4707801,0.3180270429153588,NOT_ASSOCIATED,0.0.731861,0.0.3961531,
0.0.8767225,2.081625045185224,SUCCESS,0.0.731861,0.0.3961531&0.0.3964804,0.0.4138717@1787665956.061928448
0.0.877394,0.04092936141473354,NOT_ASSOCIATED,0.0.731861,0.0.3961531&0.0.3964804,
0.0.948513,58.77740351375698,SUCCESS,0.0.731861,0.0.3961531,0.0.4138717@1787665958.956272139
0.0.4367595,0.4771335277515682,SUCCESS,0.0.731861,0.0.3961531,0.0.4138717@1787665957.949328839
0.0.6143425,0.01020558411880609,SUCCESS,0.0.731861,0.0.3961531,0.0.4138717@1787665957.179701759
0.0.6306847,1.174741974304851,SUCCESS,0.0.731861,0.0.3961531&0.0.3964804&0.0.3964827,0.0.4138717@1787665958.866686599
0.0.935686,0.7607921821600387,SUCCESS,0.0.731861,0.0.3961531,0.0.4138717@1787665961.749288758
0.0.5435669,0.1868254472823711,SUCCESS,0.0.731861,0.0.3961531,0.0.4138717@1787665962.917264110
0.0.836858,53.82774205421687,SUCCESS,0.0.731861,0.0.3961531,0.0.4138717@1787665965.004474782
0.0.1372179,4.919732764236275,SUCCESS,0.0.731861,0.0.3961531&0.0.3964804,0.0.4138717@1787665961.084576012
0.0.8355966,39.47942950632246,SUCCESS,0.0.731861,0.0.3961531,0.0.4138717@1787665962.258020748
0.0.10124208,0.03041473824255223,SUCCESS,0.0.731861,0.0.3961531,0.0.4138717@1787665963.383438712
0.0.10380727,150.5309513590215,SUCCESS,0.0.731861,0.0.3961531&0.0.3964790&0.0.3964804&0.0.3964860,0.0.4138717@1787665965.460779186
0.0.10575994,6.393768042499007,SUCCESS,0.0.731861,0.0.3961531,0.0.4138717@1787665961.539094449
0.0.10801050,0.007307173361248681,NOT_ASSOCIATED,0.0.731861,0.0.3961531,
0.0.10801049,0.007384981078819328,NOT_ASSOCIATED,0.0.731861,0.0.3961531,
0.0.7930589,86.93193655214405,SUCCESS,0.0.731861,0.0.3961531,0.0.4138717@1787665963.278291811
0.0.867588,1.615243494706797,SUCCESS,0.0.731861,0.0.3961531,0.0.4138717@1787665964.750801578
0.0.10537470,2.718916632546044,SUCCESS,0.0.731861,0.0.3961531,0.0.4138717@1787665969.127629543
0.0.10601475,2535.049930357175,SUCCESS,0.0.731861,0.0.3961531,0.0.4138717@1787665969.449859602
0.0.10359193,692.0115946889849,SUCCESS,0.0.731861,0.0.3961531&0.0.3964804&0.0.3964860&0.0.4601632&0.0.5328590,0.0.4138717@1787665969.662953186
0.0.10291442,1994.048618512501,SUCCESS,0.0.731861,0.0.3961531,0.0.4138717@1787665966.466885984
0.0.10223842,29.28507600168372,SUCCESS,0.0.731861,0.0.3961531,0.0.4138717@1787665970.205291032
0.0.835929,0.0000026278194330345,SUCCESS,0.0.731861,0.0.3961531&0.0.3964790&0.0.3964804&0.0.4129330&0.0.4601632&0.0.5328590,0.0.4138717@1787665967.877541541
0.0.3687323,0.00003395685058012444,SUCCESS,0.0.731861,0.0.3961531,0.0.4138717@1787665970.547484657
0.0.9405888,0.2922198632953247,SUCCESS,0.0.731861,0.0.3961531&0.0.3964804&0.0.5328590,0.0.4138717@1787665971.790856435
0.0.8378238,2.042520079240491,SUCCESS,0.0.731861,0.0.3961531,0.0.4138717@1787665971.861331153
0.0.1910938,0.1059788881340793,SUCCESS,0.0.731861,0.0.3961531,0.0.4138717@1787665969.869402633
0.0.7571792,0.01697002923135411,SUCCESS,0.0.731861,0.0.3961531,0.0.4138717@1787665970.857485834
0.0.7560867,0.01062865656429677,SUCCESS,0.0.731861,0.0.3961531,0.0.4138717@1787665971.437849701
0.0.982207,474.313998063958,SUCCESS,0.0.731861,0.0.3961531&0.0.3964790,0.0.4138717@1787665973.980528015
0.0.6435369,7.632716679620335,SUCCESS,0.0.731861,0.0.3961531,0.0.4138717@1787665972.219392309
0.0.4639603,0.006225541466760657,NOT_ASSOCIATED,0.0.731861,0.0.3961531,
0.0.4723553,5.111852582175048,SUCCESS,0.0.731861,0.0.3961531,0.0.4138717@1787665974.102647517
0.0.825672,124.3517810703466,SUCCESS,0.0.731861,0.0.3961531,0.0.4138717@1787665973.872232589
0.0.8183428,0.007870691189548336,SUCCESS,0.0.731861,0.0.3961531,0.0.4138717@1787665975.507227181
0.0.1303938,9.965685259853284,NOT_ASSOCIATED,0.0.731861,0.0.3961531,
0.0.1315254,5.106669816580148,SUCCESS,0.0.731861,0.0.3961531,0.0.4138717@1787665976.808895662
0.0.852692,6.809217103642409,SUCCESS,0.0.731861,0.0.3961531,0.0.4138717@1787665980.362858957
0.0.4362462,3.3538603235294,NOT_ASSOCIATED,0.0.731861,0.0.3961531,
0.0.897444,254.4042169402214,SUCCESS,0.0.731861,0.0.3961531&0.0.3964790,0.0.4138717@1787665976.546442396
0.0.6095958,107.259753228782,NOT_ASSOCIATED,0.0.731861,0.0.3961531&0.0.3964804,
0.0.1324436,0.003407860568378409,NOT_ASSOCIATED,0.0.731861,0.0.3961531,
0.0.826988,23.37945181364155,NOT_ASSOCIATED,0.0.731861,0.0.3961531,
0.0.1501041,1.643097909513246,SUCCESS,0.0.731861,0.0.3961531,0.0.4138717@1787665981.329828093
0.0.1340980,0.3627199418775214,SUCCESS,0.0.731861,0.0.3961531,0.0.4138717@1787665977.919369538
0.0.267573,169.1350056737695,SUCCESS,0.0.731861,0.0.3961531&0.0.3964855&0.0.4601632&0.0.5328590&0.0.6071041&0.0.6126395,0.0.4138717@1787665980.980630859
0.0.862821,10.14643144632961,SUCCESS,0.0.731861,0.0.3961531&0.0.3964790,0.0.4138717@1787665978.831809445
0.0.844965,0.2045245295065418,SUCCESS,0.0.731861,0.0.3961531,0.0.4138717@1787665980.691624687
0.0.842210,69.02891429610482,SUCCESS,0.0.731861,0.0.3961531&0.0.3964804,0.0.4138717@1787665979.308985901
0.0.1288450,0.01329828910593399,SUCCESS,0.0.731861,0.0.3961531,0.0.4138717@1787665983.711119738
0.0.1152713,51170.47109348771,SUCCESS,0.0.731861,0.0.3961531&0.0.3964790&0.0.10387648&0.0.10418141,0.0.4138717@1787665987.151287545
0.0.9210701,0.231488318319659,FAIL,0.0.731861,0.0.3961531,
0.0.1103540,0.9280979367569842,SUCCESS,0.0.731861,0.0.3961531&0.0.3964827,0.0.4138717@1787665986.748169596
0.0.2963242,1.471266617078557,NOT_ASSOCIATED,0.0.731861,0.0.3961531,
0.0.1433179,0.3191644584087369,SUCCESS,0.0.731861,0.0.3961531,0.0.4138717@1787665988.942344810
0.0.863385,81.60837160856937,SUCCESS,0.0.731861,0.0.3961531,0.0.4138717@1787665989.730554783
0.0.4715000,0.4728718493757688,SUCCESS,0.0.731861,0.0.3961531,0.0.4138717@1787665987.498713118
0.0.793410,1376.579459199498,SUCCESS,0.0.731861,0.0.3961531&0.0.3964827&0.0.5328590&0.0.6071041,0.0.4138717@1787665986.740030275
0.0.3169776,0.02570107612159176,SUCCESS,0.0.731861,0.0.3961531,0.0.4138717@1787665992.270976995
0.0.1093567,1.121415799404696,SUCCESS,0.0.731861,0.0.3961531&0.0.3964790,0.0.4138717@1787665993.683941606
0.0.663264,1.505462755575233,SUCCESS,0.0.731861,0.0.3961531&0.0.3964790,0.0.4138717@1787665994.146170636
0.0.10062632,73.75884144609809,SUCCESS,0.0.731861,0.0.3961531&0.0.3964804&0.0.6071119&0.0.8315114&0.0.9774523&0.0.10018365&0.0.10092996&0.0.10414792,0.0.4138717@1787665990.590575697
0.0.10478184,50151.89173432847,SUCCESS,0.0.731861,0.0.3961531&0.0.3964804,0.0.4138717@1787665991.901739561
0.0.839555,1.701659324904214,SUCCESS,0.0.731861,0.0.3961531,0.0.4138717@1787665993.461579877
0.0.3161254,50151.8820748063,SUCCESS,0.0.731861,0.0.3961531&0.0.3964804,0.0.4138717@1787665995.417019654
0.0.10095007,0.8636160760057109,NOT_ASSOCIATED,0.0.731861,0.0.3961531,
0.0.4363476,37.87849823672243,SUCCESS,0.0.731861,0.0.3961531,0.0.4138717@1787665994.334095490
0.0.10268439,27.03357616469393,SUCCESS,0.0.731861,0.0.3961531&0.0.3964790&0.0.3964804&0.0.5328590,0.0.4138717@1787665992.413403430
0.0.10510695,14.64871447517809,NOT_ASSOCIATED,0.0.731861,0.0.3961531,
0.0.10489509,50151.8820748063,SUCCESS,0.0.731861,0.0.3961531&0.0.3964804,0.0.4138717@1787665996.995842907
0.0.10204459,5.005614620172127,SUCCESS,0.0.731861,0.0.3961531,0.0.4138717@1787665997.345217920
0.0.4371196,3.132624531504776,SUCCESS,0.0.731861,0.0.3964790,0.0.4138717@1787665994.189102587
0.0.8291825,11.16868347183612,SUCCESS,0.0.731861,0.0.3964790&0.0.3964804,0.0.4138717@1787665999.411975178
0.0.4367730,1.731918925714535,SUCCESS,0.0.731861,0.0.3964790,0.0.4138717@1787666000.818107994
0.0.9365757,18.20820687571564,SUCCESS,0.0.731861,0.0.3964790&0.0.3964804&0.0.5328590,0.0.4138717@1787665999.832003010
0.0.9301501,0.6654284565545732,SUCCESS,0.0.731861,0.0.3964790&0.0.5328590,0.0.4138717@1787665999.764796562
0.0.859176,1.854316521266801,SUCCESS,0.0.731861,0.0.3964790,0.0.4138717@1787665998.164437255
0.0.10135295,17.40175059554751,SUCCESS,0.0.731861,0.0.3964790&0.0.3964827,0.0.4138717@1787665997.786029372
0.0.7896827,0.2959352207158742,SUCCESS,0.0.731861,0.0.3964790&0.0.6071041,0.0.4138717@1787666003.612226369
0.0.966009,0.4306844889403934,SUCCESS,0.0.731861,0.0.3964790,0.0.4138717@1787666003.803765676
0.0.794506,268.445144165099,SUCCESS,0.0.731861,0.0.3964790&0.0.5328590,0.0.4138717@1787666003.901449029
0.0.7607102,0.08619763053517913,SUCCESS,0.0.731861,0.0.3964790&0.0.3964804,0.0.4138717@1787666004.929841837
0.0.6075972,0.7195111525728679,SUCCESS,0.0.731861,0.0.3964790,0.0.4138717@1787666001.735316529
0.0.27463,5.311649174982389,SUCCESS,0.0.731861,0.0.3964790,0.0.4138717@1787666004.958602944
0.0.4784258,11.87564082398897,SUCCESS,0.0.731861,0.0.3964790&0.0.3964804&0.0.3964855,0.0.4138717@1787666006.708772849
0.0.2174952,2.428153301219811,SUCCESS,0.0.731861,0.0.3964790&0.0.3964804,0.0.4138717@1787666008.051802643
0.0.3938365,1.941292398780687,SUCCESS,0.0.731861,0.0.3964790,0.0.4138717@1787666009.133802766
0.0.9960625,1.027420171907448e-8,SUCCESS,0.0.731861,0.0.3964790,0.0.4138717@1787666007.790597362
0.0.1082789,13375.46512996459,SUCCESS,0.0.731861,0.0.3964790,0.0.4138717@1787666005.083204556
0.0.10801091,0.004846372837361236,SUCCESS,0.0.731861,0.0.3964790,0.0.4138717@1787666008.147419534
0.0.10801090,0.004900920189699946,SUCCESS,0.0.731861,0.0.3964790,0.0.4138717@1787666006.243888721
0.0.1106873,512.4968991319272,SUCCESS,0.0.731861,0.0.3964790,0.0.4138717@1787666010.119440799
0.0.4355907,0.239811209259494,SUCCESS,0.0.731861,0.0.3964790,0.0.4138717@1787666008.643576833
0.0.10164571,0.008367638484787193,SUCCESS,0.0.731861,0.0.3964790,0.0.4138717@1787666012.289738426
0.0.10060744,0.004402964459108689,SUCCESS,0.0.731861,0.0.3964790,0.0.4138717@1787666012.806982579
0.0.10030621,0.00001619905284825606,SUCCESS,0.0.731861,0.0.3964790,0.0.4138717@1787666011.525887067
0.0.10023501,1.87327228005214e-8,SUCCESS,0.0.731861,0.0.3964790,0.0.4138717@1787666011.739987644
0.0.1380166,0.0003983548158509266,SUCCESS,0.0.731861,0.0.3964790,0.0.4138717@1787666014.839101855
0.0.8054459,3.919024048974216,SUCCESS,0.0.731861,0.0.3964790&0.0.3964804,0.0.4138717@1787666012.383957956
0.0.4574338,0.0001603663649226,SUCCESS,0.0.731861,0.0.3964790,0.0.4138717@1787666012.553534970
0.0.5326504,5.380713060920048,SUCCESS,0.0.731861,0.0.3964790&0.0.3964804,0.0.4138717@1787666015.883292655
0.0.1093612,2.096069286592227,SUCCESS,0.0.731861,0.0.3964790&0.0.3964804,0.0.4138717@1787666018.802302756
0.0.4908409,0.002772836624974076,SUCCESS,0.0.731861,0.0.3964790,0.0.4138717@1787666015.914341496
0.0.3926190,0.0003895789374558176,SUCCESS,0.0.731861,0.0.3964790,0.0.4138717@1787666018.966613684
0.0.3903731,4.100536321323756e-7,NOT_ASSOCIATED,0.0.731861,0.0.3964790,
0.0.8148901,1.012028085063509,SUCCESS,0.0.731861,0.0.3964790,0.0.4138717@1787666017.361480368
0.0.1314568,2682.072427211713,SUCCESS,0.0.731861,0.0.3964790,0.0.4138717@1787666021.916359704
0.0.4759022,0.03301232555252402,SUCCESS,0.0.731861,0.0.3964790,0.0.4138717@1787666021.093963612
0.0.4713784,7.363931469051031,SUCCESS,0.0.731861,0.0.3964790&0.0.3964827,0.0.4138717@1787666019.511298238
0.0.732798,2.464388032830756,SUCCESS,0.0.731861,0.0.3964790&0.0.3964804&0.0.4129330,0.0.4138717@1787666021.973455483
0.0.4819535,0.01729282805629041,SUCCESS,0.0.731861,0.0.3964790,0.0.4138717@1787666023.561724419
0.0.3774696,0.0038645887048875,SUCCESS,0.0.731861,0.0.3964790,0.0.4138717@1787666022.894975658
0.0.1703452,41.778817839168,SUCCESS,0.0.731861,0.0.3964790&0.0.3964804,0.0.4138717@1787666025.401159845
0.0.4328823,1.905410660708888,SUCCESS,0.0.731861,0.0.3964790&0.0.5328590,0.0.4138717@1787666023.467107971
0.0.4157394,0.000264749959011381,SUCCESS,0.0.731861,0.0.3964790,0.0.4138717@1787666023.869891644
0.0.837751,0.004961890473259747,SUCCESS,0.0.731861,0.0.3964790,0.0.4138717@1787666024.133607503
0.0.920901,222.763118000936,SUCCESS,0.0.731861,0.0.3964790&0.0.3964804,0.0.4138717@1787666028.268554708
0.0.858310,0.2241955230374767,SUCCESS,0.0.731861,0.0.3964790,0.0.4138717@1787666029.181049250
0.0.835202,0.0009719187009807778,SUCCESS,0.0.731861,0.0.3964790,0.0.4138717@1787666026.616865856
0.0.1018824,152.5822201327388,SUCCESS,0.0.731861,0.0.3964790&0.0.3964804&0.0.5328590,0.0.4138717@1787666029.507061610
0.0.4540904,7.665285023466232,SUCCESS,0.0.731861,0.0.3964790&0.0.3964804&0.0.3964855,0.0.4138717@1787666027.933710326
0.0.859476,281.2088088557861,SUCCESS,0.0.731861,0.0.3964790&0.0.5328590,0.0.4138717@1787666030.317601508
0.0.1085174,912.99093933277,SUCCESS,0.0.731861,0.0.3964790,0.0.4138717@1787666028.560338976
0.0.7914763,8.816409657634718,SUCCESS,0.0.731861,0.0.3964790&0.0.3964804,0.0.4138717@1787666033.179371606
0.0.817883,0.02561874205673286,SUCCESS,0.0.731861,0.0.3964790,0.0.4138717@1787666032.599624116
0.0.7951,8835.560385440713,SUCCESS,0.0.731861,0.0.3964790&0.0.3964855&0.0.5328590,0.0.4138717@1787666033.048077716
0.0.4205079,0.78175753889707,SUCCESS,0.0.731861,0.0.3964790,0.0.4138717@1787666030.655647631
0.0.5374006,0.1095963500700968,SUCCESS,0.0.731861,0.0.3964790&0.0.4601632,0.0.4138717@1787666031.602204598
0.0.3304469,135.8793475115888,SUCCESS,0.0.731861,0.0.3964790&0.0.3964827,0.0.4138717@1787666031.043177922
0.0.5807981,28.67909444920019,SUCCESS,0.0.731861,0.0.3964790,0.0.4138717@1787666034.141442116
0.0.9400801,13096.49036339897,SUCCESS,0.0.731861,0.0.3964790&0.0.3964855&0.0.4129330&0.0.4601632&0.0.5328590,0.0.4138717@1787666035.263377738
0.0.877481,1975.782312857384,SUCCESS,0.0.731861,0.0.3964790&0.0.5328590,0.0.4138717@1787666033.210006456
0.0.1504445,3.361053762467192,SUCCESS,0.0.731861,0.0.3964790,0.0.4138717@1787666034.871423610
0.0.4754443,0.4873540467375663,SUCCESS,0.0.731861,0.0.3964790&0.0.3964804,0.0.4138717@1787666035.951364203
0.0.8352642,124.618733489684,SUCCESS,0.0.731861,0.0.3964790&0.0.3964804&0.0.4601632,0.0.4138717@1787666033.457997965
0.0.8447885,1.345624806485104,SUCCESS,0.0.731861,0.0.3964790,0.0.4138717@1787666035.854222397
0.0.4384266,1.9481920249253,SUCCESS,0.0.731861,0.0.3964790,0.0.4138717@1787666039.136957109
0.0.4337852,2.176393309624488,SUCCESS,0.0.731861,0.0.3964790,0.0.4138717@1787666038.879474705
0.0.6043615,18.15634456926263,SUCCESS,0.0.731861,0.0.3964790&0.0.3964827&0.0.3964855&0.0.5328590&0.0.6071041&0.0.8315114,0.0.4138717@1787666037.709897954
0.0.1073086,0.00715757672965285,SUCCESS,0.0.731861,0.0.3964790,0.0.4138717@1787666042.608000203
0.0.6047264,0.07257566668799804,SUCCESS,0.0.731861,0.0.3964790,0.0.4138717@1787666040.697186020
0.0.813712,0.4605668598178813,SUCCESS,0.0.731861,0.0.3964790,0.0.4138717@1787666043.280956900
0.0.4330338,0.00002287862147894039,SUCCESS,0.0.731861,0.0.3964790,0.0.4138717@1787666043.246425263
0.0.8267043,0.3644667960938661,SUCCESS,0.0.731861,0.0.3964790&0.0.5328590,0.0.4138717@1787666040.157693193
0.0.795838,0.8352257167717589,SUCCESS,0.0.731861,0.0.3964790&0.0.3964804,0.0.4138717@1787666041.007377935
0.0.3854083,0.1589808714839047,SUCCESS,0.0.731861,0.0.3964790,0.0.4138717@1787666045.634012162
0.0.1416793,0.4218802548282487,SUCCESS,0.0.731861,0.0.3964790,0.0.4138717@1787666044.903464153
0.0.2116216,0.05585098687432127,SUCCESS,0.0.731861,0.0.3964804,0.0.4138717@1787666046.073921953
0.0.1681033,0.004442196539980349,SUCCESS,0.0.731861,0.0.3964804,0.0.4138717@1787666045.032611400
0.0.6497488,0.03070337469569872,SUCCESS,0.0.731861,0.0.3964804,0.0.4138717@1787666048.681054234
0.0.8181079,0.3537273007397311,SUCCESS,0.0.731861,0.0.3964804,0.0.4138717@1787666048.552293362
0.0.1745725,0.02724586993140625,SUCCESS,0.0.731861,0.0.3964804,0.0.4138717@1787666044.918766127
0.0.638522,0.2423543844257237,SUCCESS,0.0.731861,0.0.3964804,0.0.4138717@1787666045.524154476
0.0.3450,0.002277800628280065,SUCCESS,0.0.731861,0.0.3964804,0.0.4138717@1787666045.989449083
0.0.10009527,0.09480314942799341,SUCCESS,0.0.731861,0.0.3964804,0.0.4138717@1787666051.344678175
0.0.9812108,0.008128218457722367,SUCCESS,0.0.731861,0.0.3964804,0.0.4138717@1787666049.852052955
0.0.9270286,0.0007753678102596389,SUCCESS,0.0.731861,0.0.3964804,0.0.4138717@1787666050.780091632
0.0.8868403,0.02018743054777017,SUCCESS,0.0.731861,0.0.3964804,0.0.4138717@1787666051.948027000
0.0.1920276,2.170334053696074,FAIL,0.0.731861,0.0.3964804,
0.0.4543305,105.9683665303573,SUCCESS,0.0.731861,0.0.3964804,0.0.4138717@1787666053.488550711
0.0.4375828,3.682755846660163,SUCCESS,0.0.731861,0.0.3964804,0.0.4138717@1787666051.294508980
0.0.10820145,1.718198248723788,SUCCESS,0.0.731861,0.0.3964804,0.0.4138717@1787666051.352620684
0.0.10422583,4.23941328175961,SUCCESS,0.0.731861,0.0.3964804,0.0.4138717@1787666053.347838484
0.0.851469,0.6141853122036334,SUCCESS,0.0.731861,0.0.3964804,0.0.4138717@1787666053.763800343
0.0.9362153,0.8790551525619928,SUCCESS,0.0.731861,0.0.3964804,0.0.4138717@1787666055.379085905
0.0.4351860,0.00008294300003107228,NOT_ASSOCIATED,0.0.731861,0.0.3964804,
0.0.7776311,0.002227585301207689,SUCCESS,0.0.731861,0.0.3964804,0.0.4138717@1787666054.523381220
0.0.9221480,0.00000394711121938131,SUCCESS,0.0.731861,0.0.3964804,0.0.4138717@1787666055.472186088
0.0.10359145,0.00004303499787320932,SUCCESS,0.0.731861,0.0.3964804,0.0.4138717@1787666053.956389441
0.0.10359238,0.000004687779819449994,SUCCESS,0.0.731861,0.0.3964804,0.0.4138717@1787666057.297744674
0.0.10277044,2.315972927532628,SUCCESS,0.0.731861,0.0.3964804,0.0.4138717@1787666057.391868423
0.0.10044419,0.2746415636173369,SUCCESS,0.0.731861,0.0.3964804,0.0.4138717@1787666056.837782522
0.0.9317965,0.2642103512505291,SUCCESS,0.0.731861,0.0.3964804,0.0.4138717@1787666058.530460631
0.0.4914022,0.4235589794210969,SUCCESS,0.0.731861,0.0.3964804,0.0.4138717@1787666057.682981130
0.0.3273594,0.4445110129041301,SUCCESS,0.0.731861,0.0.3964804,0.0.4138717@1787666061.646361903
0.0.4329185,1.096456597189545,SUCCESS,0.0.731861,0.0.3964804,0.0.4138717@1787666061.078088330
0.0.4320892,1.489913646356925,SUCCESS,0.0.731861,0.0.3964804,0.0.4138717@1787666061.290882897
0.0.3008234,5.65423483823419,SUCCESS,0.0.731861,0.0.3964804,0.0.4138717@1787666060.945756360
0.0.8673292,1.101235477385713,SUCCESS,0.0.731861,0.0.3964804,0.0.4138717@1787666062.995018656
0.0.8414341,0.0001392748169270864,SUCCESS,0.0.731861,0.0.3964804,0.0.4138717@1787666059.955124356
0.0.3003013,0.5098412751169478,SUCCESS,0.0.731861,0.0.3964804,0.0.4138717@1787666063.745758045
0.0.4815771,0.007995063641768711,SUCCESS,0.0.731861,0.0.3964804,0.0.4138717@1787666065.193804774
0.0.479120,4383.065575910337,SUCCESS,0.0.731861,0.0.3964804&0.0.3964827&0.0.4129330,0.0.4138717@1787666062.604191372
0.0.1313705,0.3824940091291458,SUCCESS,0.0.731861,0.0.3964804,0.0.4138717@1787666062.927129930
0.0.1440806,1.086180201860829,SUCCESS,0.0.731861,0.0.3964804,0.0.4138717@1787666066.594536797
0.0.4229971,0.00885083903483426,SUCCESS,0.0.731861,0.0.3964804,0.0.4138717@1787666062.779788617
0.0.835055,0.00006206073677924125,SUCCESS,0.0.731861,0.0.3964804,0.0.4138717@1787666067.763810669
0.0.1183511,0.008297081339652018,SUCCESS,0.0.731861,0.0.3964804,0.0.4138717@1787666066.709735537
0.0.1067361,463.3430121068804,SUCCESS,0.0.731861,0.0.3964804&0.0.5328590,0.0.4138717@1787666066.068005295
0.0.796454,3.28251060337765,SUCCESS,0.0.731861,0.0.3964804,0.0.4138717@1787666066.800049028
0.0.9425366,8.239398340414136,SUCCESS,0.0.731861,0.0.3964804,0.0.4138717@1787666067.603214371
0.0.7732467,8.91366489374077,SUCCESS,0.0.731861,0.0.3964804&0.0.3964827,0.0.4138717@1787666071.967847806
0.0.8227507,4.431760266444396,SUCCESS,0.0.731861,0.0.3964804,0.0.4138717@1787666068.823611427
0.0.7285744,0.193311740345749,SUCCESS,0.0.731861,0.0.3964804,0.0.4138717@1787666070.880407495
0.0.6148704,0.6865424389278885,NOT_ASSOCIATED,0.0.731861,0.0.3964804,
0.0.7816479,194.7173313196246,SUCCESS,0.0.731861,0.0.3964804&0.0.8315114,0.0.4138717@1787666073.488010855
0.0.1261132,3.227848528097573,SUCCESS,0.0.731861,0.0.3964804,0.0.4138717@1787666074.492220334
0.0.1404010,0.01567723090274012,NOT_ASSOCIATED,0.0.731861,0.0.3964804,
0.0.1369825,993.9700042272295,SUCCESS,0.0.731861,0.0.3964804&0.0.3964827&0.0.4601632&0.0.6071041&0.0.6126395,0.0.4138717@1787666074.502364220
0.0.3241611,3.70471291210274,SUCCESS,0.0.731861,0.0.3964804,0.0.4138717@1787666074.066905903
0.0.3288501,0.3841071641775624,SUCCESS,0.0.731861,0.0.3964804,0.0.4138717@1787666074.656816793
0.0.7938061,0.508761618411645,SUCCESS,0.0.731861,0.0.3964804,0.0.4138717@1787666075.993507111
0.0.1754370,0.3639428890817589,SUCCESS,0.0.731861,0.0.3964804,0.0.4138717@1787666080.888644854
0.0.844131,2.757028636418796,SUCCESS,0.0.731861,0.0.3964804,0.0.4138717@1787666077.945206557
0.0.6294131,0.0002542208231295606,SUCCESS,0.0.731861,0.0.3964804,0.0.4138717@1787666078.639326760
0.0.7924085,0.1700966562540386,SUCCESS,0.0.731861,0.0.3964804,0.0.4138717@1787666081.327913473
0.0.7965335,17.05315841846067,NOT_ASSOCIATED,0.0.731861,0.0.3964804,
0.0.8209705,1.065204722759868,SUCCESS,0.0.731861,0.0.3964804,0.0.4138717@1787666081.856237250
0.0.981571,0.6472670504438294,SUCCESS,0.0.731861,0.0.3964804,0.0.4138717@1787666083.313597699
0.0.7166497,0.616339994106859,SUCCESS,0.0.731861,0.0.3964804,0.0.4138717@1787666083.163907233
0.0.8002341,2.258087861568637,SUCCESS,0.0.731861,0.0.3964804,0.0.4138717@1787666084.256844904
0.0.4724806,109.7689979987555,SUCCESS,0.0.731861,0.0.3964804&0.0.5328590,0.0.4138717@1787666085.086599911
0.0.8717466,0.0152633035240652,SUCCESS,0.0.731861,0.0.3964804,0.0.4138717@1787666083.143685074
0.0.1056579,45.32827406727424,SUCCESS,0.0.731861,0.0.3964804,0.0.4138717@1787666086.972916532
0.0.2185671,0.7948302305969644,SUCCESS,0.0.731861,0.0.3964804,0.0.4138717@1787666089.148813131
0.0.6045318,3.30710843339908,SUCCESS,0.0.731861,0.0.3964804,0.0.4138717@1787666088.544752955
0.0.5719491,0.4767036983205074,SUCCESS,0.0.731861,0.0.3964804,0.0.4138717@1787666089.399764009
0.0.840324,11.04803068520646,SUCCESS,0.0.731861,0.0.3964804,0.0.4138717@1787666086.566477752
0.0.919311,1026.192398922454,NOT_ASSOCIATED,0.0.731861,0.0.3964804,
0.0.7920736,11.28613198152992,SUCCESS,0.0.731861,0.0.3964804,0.0.4138717@1787666087.827860648
0.0.4743054,0.4921883343294948,SUCCESS,0.0.731861,0.0.3964804&0.0.8315114,0.0.4138717@1787666090.361321545
0.0.8382708,0.04203688082317081,SUCCESS,0.0.731861,0.0.3964804,0.0.4138717@1787666088.873217090
0.0.7550116,0.6967601013209235,NOT_ASSOCIATED,0.0.731861,0.0.3964804,
0.0.4838474,43.44431671637592,SUCCESS,0.0.731861,0.0.3964804&0.0.5328590,0.0.4138717@1787666090.596756095
0.0.4319619,0.9272798594272924,SUCCESS,0.0.731861,0.0.3964804,0.0.4138717@1787666092.792170740
0.0.8120693,11.72560962740904,SUCCESS,0.0.731861,0.0.3964804,0.0.4138717@1787666092.383856648
0.0.658160,1.529258527801195,SUCCESS,0.0.731861,0.0.3964804&0.0.8315114,0.0.4138717@1787666092.476097601
0.0.7920282,0.04917571480414427,SUCCESS,0.0.731861,0.0.3964804,0.0.4138717@1787666093.814276104
0.0.4883729,3.342457029089447,SUCCESS,0.0.731861,0.0.3964804,0.0.4138717@1787666092.085965865
0.0.7961490,1.627227787273706,NOT_ASSOCIATED,0.0.731861,0.0.3964804,
0.0.7703838,0.08485657716598694,SUCCESS,0.0.731861,0.0.3964804,0.0.4138717@1787666092.341124726
0.0.6343911,10.60906561016144,SUCCESS,0.0.731861,0.0.3964804,0.0.4138717@1787666095.630535773
0.0.7937765,8.93944790054302,NOT_ASSOCIATED,0.0.731861,0.0.3964804,
0.0.4765612,114.3016382828746,SUCCESS,0.0.731861,0.0.3964804&0.0.5328590,0.0.4138717@1787666098.459571937
0.0.3240624,0.01828910041232167,SUCCESS,0.0.731861,0.0.3964804,0.0.4138717@1787666095.625751008
0.0.2150506,0.2621802677439247,SUCCESS,0.0.731861,0.0.3964804,0.0.4138717@1787666096.519403875
0.0.4312267,54.95308481104483,SUCCESS,0.0.731861,0.0.3964804,0.0.4138717@1787666095.826172545
0.0.3384906,42.13528632422658,SUCCESS,0.0.731861,0.0.3964804,0.0.4138717@1787666096.676697311
0.0.1746011,16.3409930362738,SUCCESS,0.0.731861,0.0.3964804,0.0.4138717@1787666100.572494933
0.0.791414,3.411591326143519,SUCCESS,0.0.731861,0.0.3964804,0.0.4138717@1787666099.465810363
0.0.4504544,83.25509560216092,SUCCESS,0.0.731861,0.0.3964804,0.0.4138717@1787666098.201354834
0.0.2004450,0.5074421055905131,SUCCESS,0.0.731861,0.0.3964804,0.0.4138717@1787666099.517697828
0.0.1374442,282.9628623145373,SUCCESS,0.0.731861,0.0.3964804&0.0.4601632&0.0.5328590,0.0.4138717@1787666102.709463811
0.0.1337171,501.4080117230505,SUCCESS,0.0.731861,0.0.3964804&0.0.3964827&0.0.3964860&0.0.4601632&0.0.6071911,0.0.4138717@1787666101.640766729
0.0.862835,324.0732000870917,SUCCESS,0.0.731861,0.0.3964804&0.0.3964827&0.0.6071911,0.0.4138717@1787666102.923095343
0.0.7798912,22.17038952743458,SUCCESS,0.0.731861,0.0.3964804,0.0.4138717@1787666100.560554342
0.0.1673276,236.5250785911837,SUCCESS,0.0.731861,0.0.3964804&0.0.5328590,0.0.4138717@1787666104.037385820
0.0.1467538,2.005088351633137,SUCCESS,0.0.731861,0.0.3964804,0.0.4138717@1787666104.384966028
0.0.8131537,3.20942794335944,SUCCESS,0.0.731861,0.0.3964804,0.0.4138717@1787666100.610324756
0.0.4315395,0.8504118088659844,SUCCESS,0.0.731861,0.0.3964804,0.0.4138717@1787666104.949501766
0.0.4388693,2.227539251073749,SUCCESS,0.0.731861,0.0.3964804&0.0.4601632,0.0.4138717@1787666105.262143299
0.0.8083173,4.487747758300815,SUCCESS,0.0.731861,0.0.3964804,0.0.4138717@1787666102.322137337
0.0.2964523,250.5368828758845,SUCCESS,0.0.731861,0.0.3964804&0.0.3964860,0.0.4138717@1787666103.109082775
0.0.8076778,0.01532362883527954,SUCCESS,0.0.731861,0.0.3964804,0.0.4138717@1787666105.680132674
0.0.6313326,74.53846527701172,SUCCESS,0.0.731861,0.0.3964804,0.0.4138717@1787666105.212122679
0.0.7583284,2.03736235918985,SUCCESS,0.0.731861,0.0.3964804,0.0.4138717@1787666108.926005398
0.0.3847179,5.470534036772476,SUCCESS,0.0.731861,0.0.3964804,0.0.4138717@1787666106.690781251
0.0.4804985,1.600170034042325,SUCCESS,0.0.731861,0.0.3964804,0.0.4138717@1787666106.860864158
0.0.7732676,212.780451813745,SUCCESS,0.0.731861,0.0.3964804,0.0.4138717@1787666106.069821781
0.0.2891280,6.920560728617449,NOT_ASSOCIATED,0.0.731861,0.0.3964804,
0.0.7916029,132.677189617861,SUCCESS,0.0.731861,0.0.3964804,0.0.4138717@1787666108.710589039
0.0.4861986,1.313106736611528,SUCCESS,0.0.731861,0.0.3964804,0.0.4138717@1787666108.755050649
0.0.5112630,2.555015640305488,SUCCESS,0.0.731861,0.0.3964804,0.0.4138717@1787666110.685288862
0.0.710849,0.1655595451535964,SUCCESS,0.0.731861,0.0.3964804,0.0.4138717@1787666110.861266990
0.0.1463093,9.12191444633259,SUCCESS,0.0.731861,0.0.3964804,0.0.4138717@1787666108.168567029
0.0.7965412,0.03003658345672429,NOT_ASSOCIATED,0.0.731861,0.0.3964804,
0.0.10068662,0.4248412062326343,SUCCESS,0.0.731861,0.0.3964804,0.0.4138717@1787666107.699634693
0.0.10056907,17.52614280851276,SUCCESS,0.0.731861,0.0.3964804,0.0.4138717@1787666111.977858583
0.0.7164995,107.4529505691917,SUCCESS,0.0.731861,0.0.3964804,0.0.4138717@1787666114.245799500
0.0.1486871,234.716231202304,SUCCESS,0.0.731861,0.0.3964804,0.0.4138717@1787666112.736634812
0.0.1711144,1.294887750515194,NOT_ASSOCIATED,0.0.731861,0.0.3964804,
0.0.9690555,2.271800156897277,SUCCESS,0.0.731861,0.0.3964804,0.0.4138717@1787666115.010301172
0.0.4911466,0.07531813413204685,SUCCESS,0.0.731861,0.0.3964804,0.0.4138717@1787666113.529360609
0.0.2030460,587.7089541227888,SUCCESS,0.0.731861,0.0.3964804&0.0.5328590&0.0.6078473,0.0.4138717@1787666113.136659645
0.0.8213249,321.3648395436738,SUCCESS,0.0.731861,0.0.3964804,0.0.4138717@1787666115.050392273
0.0.6460255,36.72719467407031,NOT_ASSOCIATED,0.0.731861,0.0.3964804,
0.0.3907868,0.04202953320479252,FAIL,0.0.731861,0.0.3964804,
0.0.1043461,437.0025145710219,SUCCESS,0.0.731861,0.0.3964804,0.0.4138717@1787666114.512366024
0.0.9317309,4.644266849954438,SUCCESS,0.0.731861,0.0.3964804&0.0.9774523,0.0.4138717@1787666115.770449237
0.0.7550127,1.679966163271584,SUCCESS,0.0.731861,0.0.3964804,0.0.4138717@1787666116.825471329
0.0.5482082,5.563624627249705,SUCCESS,0.0.731861,0.0.3964804,0.0.4138717@1787666117.528574435
0.0.9695749,26.8504667030938,NOT_ASSOCIATED,0.0.731861,0.0.3964804,
0.0.1505544,0.03179759497807486,SUCCESS,0.0.731861,0.0.3964804,0.0.4138717@1787666118.068448409
0.0.2005484,0.08883691671428884,SUCCESS,0.0.731861,0.0.3964804,0.0.4138717@1787666120.772481260
0.0.4144365,8.206563476412592,SUCCESS,0.0.731861,0.0.3964804,0.0.4138717@1787666118.349379336
0.0.837799,5.568230232786085,SUCCESS,0.0.731861,0.0.3964804,0.0.4138717@1787666123.703635989
0.0.836096,10.40873514510232,SUCCESS,0.0.731861,0.0.3964804&0.0.5328590,0.0.4138717@1787666122.829316157
0.0.4340392,0.2305608733855244,SUCCESS,0.0.731861,0.0.3964804,0.0.4138717@1787666122.862948557
0.0.4644030,0.1077330503049818,SUCCESS,0.0.731861,0.0.3964804,0.0.4138717@1787666123.404176859
0.0.876236,0.6360977757249351,SUCCESS,0.0.731861,0.0.3964804,0.0.4138717@1787666128.209999476
0.0.834767,10.49010954494913,SUCCESS,0.0.731861,0.0.3964804,0.0.4138717@1787666126.892908299
0.0.3051653,6.1314378826857,SUCCESS,0.0.731861,0.0.3964804,0.0.4138717@1787666131.311452965
0.0.560837,53.03746922564327,SUCCESS,0.0.731861,0.0.3964804,0.0.4138717@1787666129.964794312
0.0.10427913,1.377166820329086,NOT_ASSOCIATED,0.0.731861,0.0.3964804,
0.0.4853191,0.06597067531131422,SUCCESS,0.0.731861,0.0.3964804,0.0.4138717@1787666126.903811516
0.0.9796301,5.752751231103322,NOT_ASSOCIATED,0.0.731861,0.0.3964804,
0.0.10279551,1.990525294061231,SUCCESS,0.0.731861,0.0.3964804,0.0.4138717@1787666132.269699233
0.0.10261941,9.162358037149511,SUCCESS,0.0.731861,0.0.3964804,0.0.4138717@1787666130.290880467
0.0.10242536,13.66635481505434,NOT_ASSOCIATED,0.0.731861,0.0.3964804,
0.0.9201440,0.3622476288626366,SUCCESS,0.0.731861,0.0.3964804,0.0.4138717@1787666134.308288618
0.0.9273859,0.5758128361443026,SUCCESS,0.0.731861,0.0.3964804,0.0.4138717@1787666135.734187677
0.0.2149252,0.0003018217224137702,SUCCESS,0.0.731861,0.0.3964804,0.0.4138717@1787666133.632869089
0.0.9150672,0.2569811174883332,SUCCESS,0.0.731861,0.0.3964804,0.0.4138717@1787666135.647588418
0.0.9144684,0.7348943714763913,SUCCESS,0.0.731861,0.0.3964804,0.0.4138717@1787666137.487051762
0.0.6094118,0.1732732753312203,SUCCESS,0.0.731861,0.0.3964804,0.0.4138717@1787666135.441541560
0.0.9168967,13.95700414304406,SUCCESS,0.0.731861,0.0.3964804&0.0.3964827&0.0.5328590,0.0.4138717@1787666137.120548772
0.0.4310363,83.44456848186594,SUCCESS,0.0.731861,0.0.3964804&0.0.3964860,0.0.4138717@1787666140.563998677
0.0.9272301,5.10574149727136,NOT_ASSOCIATED,0.0.731861,0.0.3964804,
0.0.187153,47.24400307531429,SUCCESS,0.0.731861,0.0.3964804,0.0.4138717@1787666137.213117928
0.0.7993090,37.90214139146633,SUCCESS,0.0.731861,0.0.3964804,0.0.4138717@1787666138.408139824
0.0.4795853,0.4234095582125029,SUCCESS,0.0.731861,0.0.3964804,0.0.4138717@1787666139.322062531
0.0.9149385,0.7243535292062163,SUCCESS,0.0.731861,0.0.3964804,0.0.4138717@1787666138.709668342
0.0.5580759,0.2743687020492915,SUCCESS,0.0.731861,0.0.3964804,0.0.4138717@1787666140.736143005
0.0.9104016,73.68709421329687,SUCCESS,0.0.731861,0.0.3964804&0.0.3964860&0.0.5328590,0.0.4138717@1787666141.318380473
0.0.8514597,40.64825944837112,SUCCESS,0.0.731861,0.0.3964804,0.0.4138717@1787666144.408399365
0.0.9612822,1.318715197121374,NOT_ASSOCIATED,0.0.731861,0.0.3964804,
0.0.6258977,20.72030116855329,SUCCESS,0.0.731861,0.0.3964804&0.0.5328590,0.0.4138717@1787666146.660045894
0.0.946029,4.338683044376789,NOT_ASSOCIATED,0.0.731861,0.0.3964804,
0.0.1461428,13.21772047862667,SUCCESS,0.0.731861,0.0.3964804,0.0.4138717@1787666147.563167080
0.0.1517175,7.41501312839121,SUCCESS,0.0.731861,0.0.3964804,0.0.4138717@1787666144.228272540
0.0.9226909,1.685214265410858,SUCCESS,0.0.731861,0.0.3964804,0.0.4138717@1787666147.754209325
0.0.2657839,18.76718423650289,SUCCESS,0.0.731861,0.0.3964804,0.0.4138717@1787666144.816115730
0.0.9477910,24.03345971023142,SUCCESS,0.0.731861,0.0.3964804,0.0.4138717@1787666148.483577937
0.0.1736150,5.478074133582426,SUCCESS,0.0.731861,0.0.3964804,0.0.4138717@1787666146.685154721
0.0.8903303,3.683360833353486,FAIL,0.0.731861,0.0.3964804,
0.0.915984,96.66635568509832,SUCCESS,0.0.731861,0.0.3964804,0.0.4138717@1787666150.714046285
0.0.9404882,2.795972294153378,SUCCESS,0.0.731861,0.0.3964804,0.0.4138717@1787666147.926058956
0.0.9178066,34.37138325333905,SUCCESS,0.0.731861,0.0.3964804,0.0.4138717@1787666148.449656474
0.0.966444,17.33730019758145,SUCCESS,0.0.731861,0.0.3964804,0.0.4138717@1787666151.872689819
0.0.9303899,10.2345403236835,SUCCESS,0.0.731861,0.0.3964804,0.0.4138717@1787666153.328202814
0.0.2017766,12.02121201207165,SUCCESS,0.0.731861,0.0.3964804,0.0.4138717@1787666152.918559919
0.0.6295630,0.4500787054529775,NOT_ASSOCIATED,0.0.731861,0.0.3964804,
0.0.3681629,49.73679263317937,SUCCESS,0.0.731861,0.0.3964804,0.0.4138717@1787666153.663227433
0.0.853379,184.2450004273698,SUCCESS,0.0.731861,0.0.3964804,0.0.4138717@1787666151.199254832
0.0.4161393,140.4392594096597,SUCCESS,0.0.731861,0.0.3964804&0.0.10498274,0.0.4138717@1787666151.398555876
0.0.3291464,0.2209481180307786,SUCCESS,0.0.731861,0.0.3964804,0.0.4138717@1787666154.192096687
0.0.4231312,3.318727437158614,SUCCESS,0.0.731861,0.0.3964804,0.0.4138717@1787666152.446298850
0.0.1048940,22.43333214061883,SUCCESS,0.0.731861,0.0.3964804&0.0.5328590,0.0.4138717@1787666154.582554414
0.0.3945405,0.006456236417010751,SUCCESS,0.0.731861,0.0.3964804,0.0.4138717@1787666159.135332294
0.0.1350500,26.44211491986632,SUCCESS,0.0.731861,0.0.3964804&0.0.6071119&0.0.6078473,0.0.4138717@1787666155.349724397
0.0.1121794,2.498634134900656,SUCCESS,0.0.731861,0.0.3964804,0.0.4138717@1787666158.529512157
0.0.3872024,27.64503341447341,SUCCESS,0.0.731861,0.0.3964804,0.0.4138717@1787666157.382888974
0.0.833050,0.5530770273998321,SUCCESS,0.0.731861,0.0.3964804,0.0.4138717@1787666157.397910992
0.0.4184148,4.423270576284923,SUCCESS,0.0.731861,0.0.3964804,0.0.4138717@1787666158.523947095
0.0.3768895,0.01930263031708468,SUCCESS,0.0.731861,0.0.3964804,0.0.4138717@1787666160.777119352
0.0.1097802,23.9390619389908,SUCCESS,0.0.731861,0.0.3964804,0.0.4138717@1787666158.562439607
0.0.1877641,7.694649976826682,SUCCESS,0.0.731861,0.0.3964804,0.0.4138717@1787666159.824067804
0.0.1895961,20.37639262979666,SUCCESS,0.0.731861,0.0.3964804,0.0.4138717@1787666161.229613201
0.0.1268672,27.30280926626959,SUCCESS,0.0.731861,0.0.3964804,0.0.4138717@1787666160.366775810
0.0.835670,14.54987232594857,SUCCESS,0.0.731861,0.0.3964804&0.0.4601632,0.0.4138717@1787666164.718422705
0.0.664593,33.4364592948883,SUCCESS,0.0.731861,0.0.3964804,0.0.4138717@1787666165.680363353
0.0.859565,16.70173682811207,SUCCESS,0.0.731861,0.0.3964804,0.0.4138717@1787666164.507400766
0.0.1728462,1.473687378759376,SUCCESS,0.0.731861,0.0.3964804,0.0.4138717@1787666166.292642136
0.0.2101943,0.01345517251274648,SUCCESS,0.0.731861,0.0.3964804,0.0.4138717@1787666167.459628375
0.0.1860252,1.939532827832875,SUCCESS,0.0.731861,0.0.3964804,0.0.4138717@1787666168.511213907
0.0.4535053,25.28947112811188,SUCCESS,0.0.731861,0.0.3964804,0.0.4138717@1787666168.506521657
0.0.4356553,0.2867863130654993,SUCCESS,0.0.731861,0.0.3964804,0.0.4138717@1787666167.197493920
0.0.4333378,0.08381771276652687,SUCCESS,0.0.731861,0.0.3964804,0.0.4138717@1787666171.612068373
0.0.4368518,0.794387909809699,SUCCESS,0.0.731861,0.0.3964804,0.0.4138717@1787666169.788433610
0.0.4360122,2.002381345510355,SUCCESS,0.0.731861,0.0.3964804,0.0.4138717@1787666172.276529521
0.0.859149,103.5985793433002,SUCCESS,0.0.731861,0.0.3964804,0.0.4138717@1787666172.957944856
0.0.3023498,5.50170533759571,SUCCESS,0.0.731861,0.0.3964804,0.0.4138717@1787666170.477696945
0.0.4346529,15.18336404545974,SUCCESS,0.0.731861,0.0.3964804,0.0.4138717@1787666172.032869826
0.0.4345412,0.4878189125955992,SUCCESS,0.0.731861,0.0.3964804,0.0.4138717@1787666173.962675671
0.0.4345654,793.0619632675232,SUCCESS,0.0.731861,0.0.3964804,0.0.4138717@1787666176.082877964
0.0.1088670,3.583662072583468,SUCCESS,0.0.731861,0.0.3964804,0.0.4138717@1787666178.321153591
0.0.4337103,0.02285071512310604,SUCCESS,0.0.731861,0.0.3964804,0.0.4138717@1787666175.065391731
0.0.835034,15.4835160286177,SUCCESS,0.0.731861,0.0.3964804&0.0.5328590,0.0.4138717@1787666174.266795691
0.0.7950871,382.5555807605725,SUCCESS,0.0.731861,0.0.3964804&0.0.3964827&0.0.4601632,0.0.4138717@1787666174.552016632
0.0.8177816,1.425203884129648,SUCCESS,0.0.731861,0.0.3964804,0.0.4138717@1787666177.760367194
0.0.8146497,6.249110924271553,SUCCESS,0.0.731861,0.0.3964804&0.0.5328590,0.0.4138717@1787666178.238054366
0.0.10435638,0.6055327665205351,SUCCESS,0.0.731861,0.0.3964804,0.0.4138717@1787666178.081937080
0.0.10610396,0.6101789079537412,NOT_ASSOCIATED,0.0.731861,0.0.3964804,
0.0.4350498,0.00230293582808683,SUCCESS,0.0.731861,0.0.3964804,0.0.4138717@1787666178.774591508
0.0.4814986,0.04172239224420361,SUCCESS,0.0.731861,0.0.3964804,0.0.4138717@1787666177.541244295
0.0.6181303,53.77580171904112,SUCCESS,0.0.731861,0.0.3964804,0.0.4138717@1787666180.058336413
0.0.6258091,1.861698863939233,SUCCESS,0.0.731861,0.0.3964804,0.0.4138717@1787666181.025162509
0.0.1082201,216.4877171601516,SUCCESS,0.0.731861,0.0.3964804,0.0.4138717@1787666182.247562752
0.0.8733798,70.57333873003843,SUCCESS,0.0.731861,0.0.3964804,0.0.4138717@1787666179.151617986
0.0.836080,0.00504122228583973,SUCCESS,0.0.731861,0.0.3964804&0.0.3964827&0.0.3964855,0.0.4138717@1787666182.671187560
0.0.8084528,42.77450172548847,SUCCESS,0.0.731861,0.0.3964804,0.0.4138717@1787666181.202381089
0.0.10454179,0.9959218380606404,SUCCESS,0.0.731861,0.0.3964804,0.0.4138717@1787666179.458229802
0.0.3961176,0.4214307810906303,NOT_ASSOCIATED,0.0.731861,0.0.3964804,
0.0.8551680,885.4179475923402,SUCCESS,0.0.731861,0.0.3964804&0.0.5328590,0.0.4138717@1787666183.728362128
0.0.10295710,0.5092197004446075,SUCCESS,0.0.731861,0.0.3964804,0.0.4138717@1787666184.896154438
0.0.10506008,1.239760987346982,SUCCESS,0.0.731861,0.0.3964804,0.0.4138717@1787666181.991149303
0.0.3959322,42.42239115433284,SUCCESS,0.0.731861,0.0.3964804,0.0.4138717@1787666186.330267266
0.0.1448131,2.75222528950421,SUCCESS,0.0.731861,0.0.3964804,0.0.4138717@1787666186.921074899
0.0.1088394,639.1572232425578,SUCCESS,0.0.731861,0.0.3964804&0.0.3964860&0.0.5328590&0.0.6078473,0.0.4138717@1787666184.859371069
0.0.1432019,32.3779742833141,SUCCESS,0.0.731861,0.0.3964804,0.0.4138717@1787666183.644345686
0.0.837554,1621.027345502044,SUCCESS,0.0.731861,0.0.3964804&0.0.3964860&0.0.4129330&0.0.4601632,0.0.4138717@1787666185.240195557
0.0.1088074,337.0958580310303,SUCCESS,0.0.731861,0.0.3964804&0.0.3964860&0.0.4601632,0.0.4138717@1787666188.348630071
0.0.481717,2.430951130139467,SUCCESS,0.0.731861,0.0.3964804,0.0.4138717@1787666185.593746028
0.0.965222,82.24049582471713,SUCCESS,0.0.731861,0.0.3964804,0.0.4138717@1787666189.648847932
0.0.1512214,0.4165491565473429,SUCCESS,0.0.731861,0.0.3964804&0.0.4601632,0.0.4138717@1787666189.994104425
0.0.2299836,2660.453852559121,SUCCESS,0.0.731861,0.0.3964804,0.0.4138717@1787666187.367418068
0.0.8241599,4.867337305103451,SUCCESS,0.0.731861,0.0.3964804,0.0.4138717@1787666187.269343598
0.0.10543839,3.678171734240328,SUCCESS,0.0.731861,0.0.3964804,0.0.4138717@1787666188.885937305
0.0.10630416,0.1162020392118009,SUCCESS,0.0.731861,0.0.3964804,0.0.4138717@1787666190.639760240
0.0.4341116,4.853048783376862,SUCCESS,0.0.731861,0.0.3964804,0.0.4138717@1787666188.299903412
0.0.3100704,2358.742217654209,SUCCESS,0.0.731861,0.0.3964804&0.0.3964860&0.0.4601632&0.0.5328590,0.0.4138717@1787666189.684348226
0.0.838388,231.8887353494673,SUCCESS,0.0.731861,0.0.3964804,0.0.4138717@1787666189.795626146
0.0.6004536,0.5641947262434747,SUCCESS,0.0.731861,0.0.3964804,0.0.4138717@1787666189.700693360
0.0.892270,40.43248873997565,SUCCESS,0.0.731861,0.0.3964804,0.0.4138717@1787666190.137428011
0.0.1124401,16.3717425348431,SUCCESS,0.0.731861,0.0.3964804,0.0.4138717@1787666190.231165014
0.0.7312670,9.940755358556787,SUCCESS,0.0.731861,0.0.3964804,0.0.4138717@1787666193.065971974
0.0.662621,4.219512175202401,SUCCESS,0.0.731861,0.0.3964804,0.0.4138717@1787666194.498411270
0.0.6475509,1.688108567122514,SUCCESS,0.0.731861,0.0.3964804,0.0.4138717@1787666195.153338422
0.0.7450449,4.008169167932378,NOT_ASSOCIATED,0.0.731861,0.0.3964804,
0.0.3687848,64.57958875167152,SUCCESS,0.0.731861,0.0.3964804,0.0.4138717@1787666192.919033242
0.0.6270761,363.0904330387147,SUCCESS,0.0.731861,0.0.3964804,0.0.4138717@1787666196.741994616
0.0.2967389,4.510885384643452,SUCCESS,0.0.731861,0.0.3964804,0.0.4138717@1787666193.941324844
0.0.6416166,6.73187848035698,SUCCESS,0.0.731861,0.0.3964804,0.0.4138717@1787666196.316226692
0.0.4314332,41.7872861281617,SUCCESS,0.0.731861,0.0.3964804,0.0.4138717@1787666194.854664602
0.0.3048811,2255.307057312517,SUCCESS,0.0.731861,0.0.3964804&0.0.4601632&0.0.5328590&0.0.6071041,0.0.4138717@1787666195.463038242
0.0.6828202,241.9043746997534,SUCCESS,0.0.731861,0.0.3964804&0.0.4601632,0.0.4138717@1787666198.880304518
0.0.6852334,8.833174664174585,SUCCESS,0.0.731861,0.0.3964804,0.0.4138717@1787666198.147432426
0.0.1463629,0.4223477566845275,SUCCESS,0.0.731861,0.0.3964804,0.0.4138717@1787666198.434735957
0.0.496172,10.89478940473555,SUCCESS,0.0.731861,0.0.3964804,0.0.4138717@1787666199.091372290
0.0.887612,17.62817651214833,SUCCESS,0.0.731861,0.0.3964804,0.0.4138717@1787666198.042419542
0.0.4566469,7.534894270091641,SUCCESS,0.0.731861,0.0.3964804,0.0.4138717@1787666197.510738961
0.0.3916542,0.305940335291115,SUCCESS,0.0.731861,0.0.3964804,0.0.4138717@1787666201.599595992
0.0.1486421,7.659374038751195,SUCCESS,0.0.731861,0.0.3964804,0.0.4138717@1787666199.388796211
0.0.1359581,184.2468857580238,SUCCESS,0.0.731861,0.0.3964804&0.0.3964827,0.0.4138717@1787666202.754905947
0.0.4431727,1.363095846110544,SUCCESS,0.0.731861,0.0.3964804&0.0.3964827,0.0.4138717@1787666201.646210274
0.0.7710235,1.242986535888542,SUCCESS,0.0.731861,0.0.3964804,0.0.4138717@1787666200.652354170
0.0.838791,9.953213216497751,SUCCESS,0.0.731861,0.0.3964804,0.0.4138717@1787666200.108583240
0.0.4887338,6.092138464283414,SUCCESS,0.0.731861,0.0.3964804,0.0.4138717@1787666203.693737596
0.0.7662545,0.04388845940139417,NOT_ASSOCIATED,0.0.731861,0.0.3964804,
0.0.7290965,4.739951408945007,SUCCESS,0.0.731861,0.0.3964804,0.0.4138717@1787666201.052539528
0.0.1524063,31.89560747697509,SUCCESS,0.0.731861,0.0.3964804,0.0.4138717@1787666202.180341112
0.0.3872629,4.985613829815882,SUCCESS,0.0.731861,0.0.3964804,0.0.4138717@1787666205.680287813
0.0.7631749,0.01041731680602491,SUCCESS,0.0.731861,0.0.3964804,0.0.4138717@1787666204.407422693
0.0.794930,0.5481406074458824,SUCCESS,0.0.731861,0.0.3964804,0.0.4138717@1787666204.892472385
0.0.5023507,9.34573331864854,SUCCESS,0.0.731861,0.0.3964804&0.0.4601632,0.0.4138717@1787666207.839278412
0.0.3937438,3.316078294295787,SUCCESS,0.0.731861,0.0.3964804,0.0.4138717@1787666205.467022509
0.0.5147407,4.305031817498856,SUCCESS,0.0.731861,0.0.3964804,0.0.4138717@1787666205.907941041
0.0.859649,1.31956243829553,SUCCESS,0.0.731861,0.0.3964804,0.0.4138717@1787666207.139337305
0.0.4533464,1.463869375930612,SUCCESS,0.0.731861,0.0.3964804,0.0.4138717@1787666207.811734193
0.0.5495538,33.22435246913732,SUCCESS,0.0.731861,0.0.3964804&0.0.3964860&0.0.4601632,0.0.4138717@1787666208.760429514
0.0.4093788,22.45288408909739,SUCCESS,0.0.731861,0.0.3964804,0.0.4138717@1787666208.090551371
0.0.5421455,0.04686104765563488,SUCCESS,0.0.731861,0.0.3964804,0.0.4138717@1787666207.909573272
0.0.5315914,18.94187060440645,SUCCESS,0.0.731861,0.0.3964804,0.0.4138717@1787666209.348828736
0.0.838198,16.12112159938003,SUCCESS,0.0.731861,0.0.3964804&0.0.3964855&0.0.4601632,0.0.4138717@1787666213.585373977
0.0.4589167,0.175437766249201,NOT_ASSOCIATED,0.0.731861,0.0.3964804,
0.0.4327294,0.184200507461515,SUCCESS,0.0.731861,0.0.3964804,0.0.4138717@1787666209.954021822
0.0.728698,14.86687961019443,SUCCESS,0.0.731861,0.0.3964804&0.0.4601632,0.0.4138717@1787666215.218186889
0.0.1402758,9.522059249189798,SUCCESS,0.0.731861,0.0.3964804,0.0.4138717@1787666214.152336125
0.0.1353334,0.5421480719400043,SUCCESS,0.0.731861,0.0.3964804,0.0.4138717@1787666216.321410633
0.0.3165925,0.6777970406953283,SUCCESS,0.0.731861,0.0.3964804,0.0.4138717@1787666214.281566235
0.0.1357334,1.39799578209996,SUCCESS,0.0.731861,0.0.3964804,0.0.4138717@1787666214.857866568
0.0.433061,3.99788094247394,SUCCESS,0.0.731861,0.0.3964804&0.0.3964860,0.0.4138717@1787666218.687672311
0.0.5957030,12.88720702076598,NOT_ASSOCIATED,0.0.731861,0.0.3964804,
0.0.6275653,0.1313486167234732,SUCCESS,0.0.731861,0.0.3964804,0.0.4138717@1787666216.045372687
0.0.6154587,43.91410681662601,SUCCESS,0.0.731861,0.0.3964804,0.0.4138717@1787666215.471236440
0.0.6139137,7.225982530918096,SUCCESS,0.0.731861,0.0.3964804,0.0.4138717@1787666221.232903967
0.0.753351,2.955290876026861,SUCCESS,0.0.731861,0.0.3964804,0.0.4138717@1787666218.727929969
0.0.5068116,0.395177304319403,NOT_ASSOCIATED,0.0.731861,0.0.3964804,
0.0.805713,64.61047763547796,SUCCESS,0.0.731861,0.0.3964804,0.0.4138717@1787666220.788657558
0.0.4766862,7.497204223794265,SUCCESS,0.0.731861,0.0.3964804,0.0.4138717@1787666219.792776880
0.0.811739,116.6073615155336,SUCCESS,0.0.731861,0.0.3964804&0.0.5328590,0.0.4138717@1787666222.113405993
0.0.4965217,1.260279663726512,SUCCESS,0.0.731861,0.0.3964804,0.0.4138717@1787666221.490171988
0.0.3967246,4.011185875307686,SUCCESS,0.0.731861,0.0.3964804,0.0.4138717@1787666221.816404212
0.0.4358173,361.6861057611915,SUCCESS,0.0.731861,0.0.3964804&0.0.4601632&0.0.6126395,0.0.4138717@1787666224.926868510
0.0.4717832,2.455364966602286,SUCCESS,0.0.731861,0.0.3964804,0.0.4138717@1787666226.330640892
0.0.4351736,0.173422072543289,SUCCESS,0.0.731861,0.0.3964804,0.0.4138717@1787666223.690351593
0.0.5698429,0.0740579032542699,SUCCESS,0.0.731861,0.0.3964804,0.0.4138717@1787666222.525326852
0.0.4140342,2.113016684675847,SUCCESS,0.0.731861,0.0.3964804&0.0.3964827,0.0.4138717@1787666226.727312933
0.0.4576074,4.145757027030736,SUCCESS,0.0.731861,0.0.3964804,0.0.4138717@1787666224.001403619
0.0.4558719,0.07680594764332642,NOT_ASSOCIATED,0.0.731861,0.0.3964804,
0.0.4552348,0.06979231265889478,NOT_ASSOCIATED,0.0.731861,0.0.3964804,
0.0.4552309,0.06563455703274122,NOT_ASSOCIATED,0.0.731861,0.0.3964804,
0.0.4552382,0.06563082798358948,NOT_ASSOCIATED,0.0.731861,0.0.3964804,
0.0.4571567,12.46273645483486,SUCCESS,0.0.731861,0.0.3964804,0.0.4138717@1787666226.801113771
0.0.1024843,0.0003626246661608758,SUCCESS,0.0.731861,0.0.3964804&0.0.3964855&0.0.3964860,0.0.4138717@1787666225.871668335
0.0.4573495,450.8601786049813,SUCCESS,0.0.731861,0.0.3964804,0.0.4138717@1787666229.575526602
0.0.1105845,14.42880980984427,SUCCESS,0.0.731861,0.0.3964804,0.0.4138717@1787666229.355246314
0.0.9304292,2015.887160313848,SUCCESS,0.0.731861,0.0.3964804&0.0.5328590,0.0.4138717@1787666231.141912886
0.0.4712922,0.3949235070389649,SUCCESS,0.0.731861,0.0.3964804,0.0.4138717@1787666230.324729820
0.0.10371833,344.7974000220818,SUCCESS,0.0.731861,0.0.3964804,0.0.4138717@1787666232.554558225
0.0.10253402,18.91674508101787,SUCCESS,0.0.731861,0.0.3964804,0.0.4138717@1787666234.233465008
0.0.8083839,2935.054619203501,SUCCESS,0.0.731861,0.0.3964804&0.0.3964827&0.0.3964860&0.0.5328590,0.0.4138717@1787666233.338048747
0.0.10251800,0.004002955292650167,NOT_ASSOCIATED,0.0.731861,0.0.3964804,
0.0.5804427,16.50742081417972,SUCCESS,0.0.731861,0.0.3964804&0.0.4601632,0.0.4138717@1787666234.211588131
0.0.590682,0.1922202521955139,SUCCESS,0.0.731861,0.0.3964804,0.0.4138717@1787666235.911565226
0.0.4766806,112.8942648049547,SUCCESS,0.0.731861,0.0.3964804,0.0.4138717@1787666233.005158721
0.0.1114728,0.05745631412798621,SUCCESS,0.0.731861,0.0.3964804,0.0.4138717@1787666235.465441102
0.0.7188749,8.20646192473253,SUCCESS,0.0.731861,0.0.3964804,0.0.4138717@1787666235.462374277
0.0.5957081,3.068988389836929,SUCCESS,0.0.731861,0.0.3964804,0.0.4138717@1787666235.262100679
0.0.4561752,0.6546428520973652,SUCCESS,0.0.731861,0.0.3964804&0.0.6071041,0.0.4138717@1787666233.371122310
0.0.6334018,5.814314960772463,SUCCESS,0.0.731861,0.0.3964804,0.0.4138717@1787666236.932504142
0.0.6333135,48.1885780881018,SUCCESS,0.0.731861,0.0.3964804,0.0.4138717@1787666236.561261803
0.0.6315303,13.04921707370582,SUCCESS,0.0.731861,0.0.3964804,0.0.4138717@1787666238.351728534
0.0.6299908,15.10741573603095,SUCCESS,0.0.731861,0.0.3964804,0.0.4138717@1787666238.530093082
0.0.1956746,0.3213742624914154,SUCCESS,0.0.731861,0.0.3964804,0.0.4138717@1787666237.952191110
0.0.5742160,75.58250596510325,SUCCESS,0.0.731861,0.0.3964804,0.0.4138717@1787666236.885406553
0.0.857763,9.507608746632648,SUCCESS,0.0.731861,0.0.3964804,0.0.4138717@1787666240.750489483
0.0.937712,52.82488583877367,SUCCESS,0.0.731861,0.0.3964804,0.0.4138717@1787666239.654109964
0.0.955353,0.93067994787507,NOT_ASSOCIATED,0.0.731861,0.0.3964804,
0.0.1696471,5.520856970138394,SUCCESS,0.0.731861,0.0.3964804,0.0.4138717@1787666241.196130256
0.0.683815,0.3267499463074228,SUCCESS,0.0.731861,0.0.3964804,0.0.4138717@1787666239.735755977
0.0.1052080,5.784722011441641,SUCCESS,0.0.731861,0.0.3964804,0.0.4138717@1787666242.649549809
0.0.5012902,0.03739302919165086,SUCCESS,0.0.731861,0.0.3964804,0.0.4138717@1787666238.741312078
0.0.9973346,0.02116186902435198,NOT_ASSOCIATED,0.0.731861,0.0.3964804,
0.0.9477942,0.09234830155939053,NOT_ASSOCIATED,0.0.731861,0.0.3964804,
0.0.9150527,132.5953259522074,SUCCESS,0.0.731861,0.0.3964804&0.0.3964860&0.0.5328590,0.0.4138717@1787666242.725355645
0.0.871471,16.96559437569742,SUCCESS,0.0.731861,0.0.3964804,0.0.4138717@1787666238.965192148
0.0.9723125,68.53796497849848,SUCCESS,0.0.731861,0.0.3964804,0.0.4138717@1787666242.204295381
0.0.7983506,0.0002025671876754191,NOT_ASSOCIATED,0.0.731861,0.0.3964804,
0.0.9687167,5.18959007701976,SUCCESS,0.0.731861,0.0.3964804&0.0.5328590,0.0.4138717@1787666244.190208791
0.0.9729389,0.7201288494443561,NOT_ASSOCIATED,0.0.731861,0.0.3964804,
0.0.9720442,0.3521659593197437,NOT_ASSOCIATED,0.0.731861,0.0.3964804,
0.0.3012601,28.6174632919217,SUCCESS,0.0.731861,0.0.3964804&0.0.5328590,0.0.4138717@1787666243.832111615
0.0.751161,10.13938085538665,SUCCESS,0.0.731861,0.0.3964804,0.0.4138717@1787666244.416591011
0.0.9636419,2.050299347170171,NOT_ASSOCIATED,0.0.731861,0.0.3964804,
0.0.5805332,6.563597979059002,SUCCESS,0.0.731861,0.0.3964804,0.0.4138717@1787666243.403250459
0.0.9602777,0.09387339023966154,NOT_ASSOCIATED,0.0.731861,0.0.3964804,
0.0.9590994,61.96950700434521,NOT_ASSOCIATED,0.0.731861,0.0.3964804,
0.0.8080965,0.0517775134144558,NOT_ASSOCIATED,0.0.731861,0.0.3964804,
0.0.8070994,8.512351156606835,NOT_ASSOCIATED,0.0.731861,0.0.3964804,
0.0.8246604,0.00932511926760054,SUCCESS,0.0.731861,0.0.3964804,0.0.4138717@1787666243.258444732
0.0.9541852,7.591844037666435,SUCCESS,0.0.731861,0.0.3964804&0.0.3964827,0.0.4138717@1787666245.059633376
0.0.190191,0.4072666792393534,NOT_ASSOCIATED,0.0.731861,0.0.3964804,
0.0.10093024,1.311979058116244,SUCCESS,0.0.731861,0.0.3964804,0.0.4138717@1787666245.071128641
0.0.1365779,1.668574104904075,SUCCESS,0.0.731861,0.0.3964804,0.0.4138717@1787666247.466346577
0.0.4499088,0.3002589659204445,NOT_ASSOCIATED,0.0.731861,0.0.3964804,
0.0.9273022,0.001987296853800873,SUCCESS,0.0.731861,0.0.3964804,0.0.4138717@1787666245.395860987
0.0.10219431,8.978197015503172,NOT_ASSOCIATED,0.0.731861,0.0.3964804,
0.0.9509413,0.1991107544060581,NOT_ASSOCIATED,0.0.731861,0.0.3964804,
0.0.10157649,30.63368157359871,NOT_ASSOCIATED,0.0.731861,0.0.3964804,
0.0.10014449,0.254191503407479,SUCCESS,0.0.731861,0.0.3964804,0.0.4138717@1787666245.029244504
0.0.4749526,189.4781383910405,NOT_ASSOCIATED,0.0.731861,0.0.3964804,
0.0.1704489,0.001870197195221883,NOT_ASSOCIATED,0.0.731861,0.0.3964804,
0.0.9584885,0.7551236598565727,SUCCESS,0.0.731861,0.0.3964804&0.0.5328590,0.0.4138717@1787666248.288369497
0.0.7098838,4.707726210758857,SUCCESS,0.0.731861,0.0.3964804,0.0.4138717@1787666248.729432871
0.0.816698,49.56206038393425,SUCCESS,0.0.731861,0.0.3964804,0.0.4138717@1787666247.110897700
0.0.820706,25.85580193660167,SUCCESS,0.0.731861,0.0.3964804,0.0.4138717@1787666250.593485277
0.0.4372819,0.1018714721154978,SUCCESS,0.0.731861,0.0.3964804,0.0.4138717@1787666250.493301061
0.0.10072624,0.2051590024608672,SUCCESS,0.0.731861,0.0.3964804,0.0.4138717@1787666248.708635225
0.0.1459068,0.2277777281793227,SUCCESS,0.0.731861,0.0.3964804,0.0.4138717@1787666252.240188645
0.0.9640903,26.00293612000203,SUCCESS,0.0.731861,0.0.3964804&0.0.4601632,0.0.4138717@1787666250.037036706
0.0.4873525,0.3162847848307096,SUCCESS,0.0.731861,0.0.3964804,0.0.4138717@1787666250.139681373
0.0.10004246,2.917683691038309,NOT_ASSOCIATED,0.0.731861,0.0.3964804,
0.0.5922808,0.1907152876902505,SUCCESS,0.0.731861,0.0.3964804,0.0.4138717@1787666252.815454444
0.0.10456759,1066.582967103092,SUCCESS,0.0.731861,0.0.3964804&0.0.3964860&0.0.5328590,0.0.4138717@1787666249.737087557
0.0.10502045,5.970156656809839,NOT_ASSOCIATED,0.0.731861,0.0.3964804,
0.0.10496154,0.01478797973185036,NOT_ASSOCIATED,0.0.731861,0.0.3964804,
0.0.10495365,0.000002033010305633327,NOT_ASSOCIATED,0.0.731861,0.0.3964804,
0.0.844877,15.45527232875449,SUCCESS,0.0.731861,0.0.3964804,0.0.4138717@1787666250.307663336
0.0.5850916,4.168700474361146,SUCCESS,0.0.731861,0.0.3964804,0.0.4138717@1787666253.453632520
0.0.10237154,57.4565657282586,SUCCESS,0.0.731861,0.0.3964804,0.0.4138717@1787666253.155547963
0.0.10465417,6.180722881796693,NOT_ASSOCIATED,0.0.731861,0.0.3964804,
0.0.10608781,7456.778410912802,SUCCESS,0.0.731861,0.0.3964804&0.0.6126395,0.0.4138717@1787666251.158948658
0.0.10420688,8.801241562058035,SUCCESS,0.0.731861,0.0.3964804,0.0.4138717@1787666254.781967577
0.0.10420709,2.691606433185743,SUCCESS,0.0.731861,0.0.3964804,0.0.4138717@1787666254.719406835
0.0.10420713,0.8067694157515319,SUCCESS,0.0.731861,0.0.3964804,0.0.4138717@1787666255.253401323
0.0.3953598,163.6712388358372,SUCCESS,0.0.731861,0.0.3964804,0.0.4138717@1787666254.565744532
0.0.10308209,2038.109934710238,NOT_ASSOCIATED,0.0.731861,0.0.3964804,
0.0.10307970,0.008083699793521722,NOT_ASSOCIATED,0.0.731861,0.0.3964804,
0.0.10303974,7.333420832428332,SUCCESS,0.0.731861,0.0.3964804,0.0.4138717@1787666257.190910744
0.0.10267167,0.01995992374545429,NOT_ASSOCIATED,0.0.731861,0.0.3964804,
0.0.10267166,613.0742848842195,NOT_ASSOCIATED,0.0.731861,0.0.3964804,
0.0.7865510,2264.951489209223,SUCCESS,0.0.731861,0.0.3964804,0.0.4138717@1787666255.641546181
0.0.10190094,808.8970056145811,SUCCESS,0.0.731861,0.0.3964804,0.0.4138717@1787666256.651035435
0.0.10810210,59.51035403360028,SUCCESS,0.0.731861,0.0.3964804,0.0.4138717@1787666256.936255682
0.0.10410907,176.723634324674,SUCCESS,0.0.731861,0.0.3964804,0.0.4138717@1787666256.978963741
0.0.6078189,50.54062846849389,SUCCESS,0.0.731861,0.0.3964804,0.0.4138717@1787666255.307246628
0.0.1198079,1377.484483997117,SUCCESS,0.0.731861,0.0.3964804,0.0.4138717@1787666256.643069077
0.0.8244642,2433.08729014623,SUCCESS,0.0.731861,0.0.3964804,0.0.4138717@1787666259.487303350
0.0.9144627,512.7246761023606,SUCCESS,0.0.731861,0.0.3964804&0.0.4601632,0.0.4138717@1787666260.169872845
0.0.10476517,42.87981175151853,SUCCESS,0.0.731861,0.0.3964804,0.0.4138717@1787666257.896719501
0.0.2022986,10.73665716115211,SUCCESS,0.0.731861,0.0.3964804,0.0.4138717@1787666260.885044248
0.0.10803307,0.008382431748441064,NOT_ASSOCIATED,0.0.731861,0.0.3964804,
0.0.9162845,133.0386198436258,SUCCESS,0.0.731861,0.0.3964804,0.0.4138717@1787666257.889623129
0.0.10244829,0.1450295986992742,SUCCESS,0.0.731861,0.0.3964804,0.0.4138717@1787666259.157153102
0.0.1389736,50.24938699799664,SUCCESS,0.0.731861,0.0.3964804,0.0.4138717@1787666259.818038714
0.0.7809920,40400.52985227713,SUCCESS,0.0.731861,0.0.3964804,0.0.4138717@1787666263.514988803
0.0.2995390,10.54130222631341,SUCCESS,0.0.731861,0.0.3964804,0.0.4138717@1787666260.889126735
0.0.10803311,0.0588792833248489,NOT_ASSOCIATED,0.0.731861,0.0.3964804,
0.0.10801047,0.00809865303438674,NOT_ASSOCIATED,0.0.731861,0.0.3964804,
0.0.10801045,0.007054658870634428,NOT_ASSOCIATED,0.0.731861,0.0.3964804,
0.0.10792100,53418.18362822008,SUCCESS,0.0.731861,0.0.3964804&0.0.5328590&0.0.10093026,0.0.4138717@1787666265.863273798
0.0.5889071,22.56923710535669,SUCCESS,0.0.731861,0.0.3964804,0.0.4138717@1787666262.024594801
0.0.10354047,2.793072074661147,SUCCESS,0.0.731861,0.0.3964804,0.0.4138717@1787666264.132081914
0.0.10612841,100.8250925042834,SUCCESS,0.0.731861,0.0.3964804,0.0.4138717@1787666263.407472253
0.0.8304314,0.5088435103896327,SUCCESS,0.0.731861,0.0.3964804,0.0.4138717@1787666266.095425585
0.0.9301506,0.07395462883541815,SUCCESS,0.0.731861,0.0.3964804,0.0.4138717@1787666263.294635372
0.0.9177203,0.03552990510713169,SUCCESS,0.0.731861,0.0.3964804,0.0.4138717@1787666263.157192919
0.0.8188301,3.418943418686473,SUCCESS,0.0.731861,0.0.3964804,0.0.4138717@1787666267.255143251
0.0.8108637,0.002103565891718702,SUCCESS,0.0.731861,0.0.3964804&0.0.8315114,0.0.4138717@1787666265.524690240
0.0.9034617,0.5271062706749285,SUCCESS,0.0.731861,0.0.3964804,0.0.4138717@1787666267.566051701
0.0.8383256,0.004370739884758192,SUCCESS,0.0.731861,0.0.3964804,0.0.4138717@1787666269.758948187
0.0.8640197,4.769339868320158,SUCCESS,0.0.731861,0.0.3964804,0.0.4138717@1787666267.603852911
0.0.8602366,10.38363074892599,SUCCESS,0.0.731861,0.0.3964804,0.0.4138717@1787666268.441592014
0.0.8548028,0.002462228081130917,SUCCESS,0.0.731861,0.0.3964804,0.0.4138717@1787666270.851945056
0.0.1703381,9.89103081603604,SUCCESS,0.0.731861,0.0.3964804,0.0.4138717@1787666267.950377034
0.0.8152447,5.030703503400683,SUCCESS,0.0.731861,0.0.3964804,0.0.4138717@1787666270.333610853
0.0.8115823,0.7843841125950716,SUCCESS,0.0.731861,0.0.3964804,0.0.4138717@1787666269.800460727
0.0.8104363,2080.736972305613,SUCCESS,0.0.731861,0.0.3964804,0.0.4138717@1787666268.727980276
0.0.1181772,0.4179021807232601,SUCCESS,0.0.731861,0.0.3964804&0.0.6126395,0.0.4138717@1787666268.484533811
0.0.8068660,0.05002737122413665,SUCCESS,0.0.731861,0.0.3964804,0.0.4138717@1787666270.766022986
0.0.7931472,1.32177136314265,SUCCESS,0.0.731861,0.0.3964804,0.0.4138717@1787666270.786324195
0.0.8055246,45.87976166509184,SUCCESS,0.0.731861,0.0.3964804,0.0.4138717@1787666273.525261877
0.0.8002619,2.075107898893234,SUCCESS,0.0.731861,0.0.3964804,0.0.4138717@1787666274.543977377
0.0.7809201,0.0006268604305166335,SUCCESS,0.0.731861,0.0.3964804,0.0.4138717@1787666270.565868334
0.0.9593512,0.02446609682762558,SUCCESS,0.0.731861,0.0.3964804,0.0.4138717@1787666270.958949696
0.0.10231452,9014.160587995595,SUCCESS,0.0.731861,0.0.3964804&0.0.10414792,0.0.4138717@1787666270.520240544
0.0.10248120,2.550973673649275,SUCCESS,0.0.731861,0.0.3964804,0.0.4138717@1787666275.456956807
0.0.7989176,92.14490347866366,SUCCESS,0.0.731861,0.0.3964804,0.0.4138717@1787666276.802785642
0.0.818498,0.1105384871449731,SUCCESS,0.0.731861,0.0.3964804,0.0.4138717@1787666277.434121354
0.0.10164472,7578.821725102742,SUCCESS,0.0.731861,0.0.3964804,0.0.4138717@1787666274.483565849
0.0.10151415,14.09845982411342,SUCCESS,0.0.731861,0.0.3964804,0.0.4138717@1787666277.390584768
0.0.10115705,0.004756313503706825,SUCCESS,0.0.731861,0.0.3964804,0.0.4138717@1787666275.071901593
0.0.10035851,369.9794401326008,SUCCESS,0.0.731861,0.0.3964804,0.0.4138717@1787666274.947397165
0.0.10007904,0.01224924235739888,SUCCESS,0.0.731861,0.0.3964804,0.0.4138717@1787666278.244491087
0.0.1365923,0.1151638966398847,SUCCESS,0.0.731861,0.0.3964804,0.0.4138717@1787666279.213586089
0.0.4323897,0.06337496754337339,SUCCESS,0.0.731861,0.0.3964804,0.0.4138717@1787666277.683748416
0.0.10035663,3.448645925926137,SUCCESS,0.0.731861,0.0.3964804,0.0.4138717@1787666278.887619198
0.0.1400807,5.591669611534024,SUCCESS,0.0.731861,0.0.3964804,0.0.4138717@1787666280.225205303
0.0.1412348,572.6749802324528,SUCCESS,0.0.731861,0.0.3964804,0.0.4138717@1787666281.178958631
0.0.9774219,0.03565310400686913,SUCCESS,0.0.731861,0.0.3964804,0.0.4138717@1787666280.226289220
0.0.9707531,2695.385890408039,NOT_ASSOCIATED,0.0.731861,0.0.3964804,
0.0.9707528,1768.983230445998,NOT_ASSOCIATED,0.0.731861,0.0.3964804,
0.0.9275976,71.10878155679012,SUCCESS,0.0.731861,0.0.3964804,0.0.4138717@1787666277.647251723
0.0.7732066,7.050184168024982,SUCCESS,0.0.731861,0.0.3964804,0.0.4138717@1787666281.683683353
0.0.3211610,13.55917221961582,SUCCESS,0.0.731861,0.0.3964804,0.0.4138717@1787666280.512526320
0.0.1503602,3.251311789838462,SUCCESS,0.0.731861,0.0.3964804,0.0.4138717@1787666282.791636035
0.0.1233065,1.62319580813207,SUCCESS,0.0.731861,0.0.3964804,0.0.4138717@1787666283.954385605
0.0.6256886,0.2113331123044799,SUCCESS,0.0.731861,0.0.3964804,0.0.4138717@1787666283.343364146
0.0.7638910,0.2121047744629183,SUCCESS,0.0.731861,0.0.3964804,0.0.4138717@1787666284.379914369
0.0.7610560,0.7126359839370661,NOT_ASSOCIATED,0.0.731861,0.0.3964804,
0.0.5437974,4.780070967842571,SUCCESS,0.0.731861,0.0.3964804,0.0.4138717@1787666284.369531939
0.0.4899880,0.3144352484992522,SUCCESS,0.0.731861,0.0.3964804,0.0.4138717@1787666282.626019861
0.0.4595460,0.516807732223652,SUCCESS,0.0.731861,0.0.3964804,0.0.4138717@1787666282.230346635
0.0.3159220,15.61103283093828,SUCCESS,0.0.731861,0.0.3964804,0.0.4138717@1787666283.084765225
0.0.7200618,0.0902710236584981,SUCCESS,0.0.731861,0.0.3964804,0.0.4138717@1787666285.290509635
0.0.1859919,0.6085698509022243,NOT_ASSOCIATED,0.0.731861,0.0.3964804,
0.0.4978453,39.97398369008238,SUCCESS,0.0.731861,0.0.3964804,0.0.4138717@1787666286.110727704
0.0.6612734,0.03595324135820003,NOT_ASSOCIATED,0.0.731861,0.0.3964804,
0.0.6344703,10354.88630214912,SUCCESS,0.0.731861,0.0.3964804&0.0.4129330&0.0.6071041&0.0.6126395&0.0.8315114,0.0.4138717@1787666284.872110935
0.0.1448239,0.2455689904254573,SUCCESS,0.0.731861,0.0.3964804,0.0.4138717@1787666284.724006989
0.0.6232417,0.3031433091605967,SUCCESS,0.0.731861,0.0.3964804,0.0.4138717@1787666288.095482289
0.0.760653,0.8983769890460886,SUCCESS,0.0.731861,0.0.3964804,0.0.4138717@1787666289.250157107
0.0.835625,32.31852994383141,SUCCESS,0.0.731861,0.0.3964804&0.0.3964827,0.0.4138717@1787666285.343819300
0.0.6674918,0.0686638879283846,SUCCESS,0.0.731861,0.0.3964804,0.0.4138717@1787666289.257836689
0.0.4360598,0.1807806976462915,SUCCESS,0.0.731861,0.0.3964804,0.0.4138717@1787666286.416374172
0.0.2123622,0.6118591524459648,SUCCESS,0.0.731861,0.0.3964804,0.0.4138717@1787666286.418589485
0.0.6324031,0.003596005866340824,SUCCESS,0.0.731861,0.0.3964804,0.0.4138717@1787666289.588373865
0.0.7791729,0.004572565787889008,NOT_ASSOCIATED,0.0.731861,0.0.3964804,
0.0.1481135,159.4576808136438,SUCCESS,0.0.731861,0.0.3964804&0.0.4601632,0.0.4138717@1787666287.796130279
0.0.7896816,74.66946816351165,NOT_ASSOCIATED,0.0.731861,0.0.3964804,
0.0.3947850,0.02820757403247007,SUCCESS,0.0.731861,0.0.3964804&0.0.5328590,0.0.4138717@1787666291.519294612
0.0.5905014,1.832731003820989,SUCCESS,0.0.731861,0.0.3964804,0.0.4138717@1787666289.426929068
0.0.5042398,7.921283615886145,SUCCESS,0.0.731861,0.0.3964804,0.0.4138717@1787666291.986402503
0.0.1479857,5.270027026679623,SUCCESS,0.0.731861,0.0.3964804,0.0.4138717@1787666293.042486665
0.0.7835479,0.314167214804514,SUCCESS,0.0.731861,0.0.3964804&0.0.3964827,0.0.4138717@1787666293.365192408
0.0.7570262,0.3781758913649148,SUCCESS,0.0.731861,0.0.3964804,0.0.4138717@1787666292.936119366
0.0.7421912,0.2076571912148107,SUCCESS,0.0.731861,0.0.3964804,0.0.4138717@1787666292.547989685
0.0.5739319,4.625736922313362,SUCCESS,0.0.731861,0.0.3964804,0.0.4138717@1787666290.849120922
0.0.7777028,3.002699126005227,NOT_ASSOCIATED,0.0.731861,0.0.3964804,
0.0.4752954,1.258342858108512,SUCCESS,0.0.731861,0.0.3964804,0.0.4138717@1787666290.629717842
0.0.3912896,0.8906508266871238,SUCCESS,0.0.731861,0.0.3964804,0.0.4138717@1787666293.384243423
0.0.4250725,0.7201288494443561,SUCCESS,0.0.731861,0.0.3964804,0.0.4138717@1787666294.223772849
0.0.2557514,4.670235716468943,SUCCESS,0.0.731861,0.0.3964804,0.0.4138717@1787666297.486144936
0.0.831661,12.03071385290625,SUCCESS,0.0.731861,0.0.3964804,0.0.4138717@1787666293.487917962
0.0.2302824,0.01025450512775004,SUCCESS,0.0.731861,0.0.3964804,0.0.4138717@1787666295.512305249
0.0.4640278,0.3975467194177101,SUCCESS,0.0.731861,0.0.3964804,0.0.4138717@1787666298.051284537
0.0.1747288,16.78721488983603,SUCCESS,0.0.731861,0.0.3964804,0.0.4138717@1787666296.151418627
0.0.4741573,3.861810188411523,SUCCESS,0.0.731861,0.0.3964804,0.0.4138717@1787666295.011263608
0.0.4923529,0.007585336073278291,NOT_ASSOCIATED,0.0.731861,0.0.3964804,
0.0.1046906,0.1050945245968996,SUCCESS,0.0.731861,0.0.3964804,0.0.4138717@1787666299.731031561
0.0.4362017,6.825810728416734,SUCCESS,0.0.731861,0.0.3964804,0.0.4138717@1787666296.717696832
0.0.789990,0.3032318354447308,SUCCESS,0.0.731861,0.0.3964804,0.0.4138717@1787666300.737919108
0.0.840487,13.363990321909,SUCCESS,0.0.731861,0.0.3964804,0.0.4138717@1787666298.564092769
0.0.5314183,1.613896590100026,SUCCESS,0.0.731861,0.0.3964804,0.0.4138717@1787666298.463569080
0.0.435679,1579.783016126961,SUCCESS,0.0.731861,0.0.3964804&0.0.3964827&0.0.5328590,0.0.4138717@1787666300.585375449
0.0.4758052,0.7323279783813303,SUCCESS,0.0.731861,0.0.3964804,0.0.4138717@1787666302.207546030
0.0.4433604,0.342987110253573,SUCCESS,0.0.731861,0.0.3964804&0.0.4601632,0.0.4138717@1787666301.565122289
0.0.4345176,0.4137604660492152,SUCCESS,0.0.731861,0.0.3964804,0.0.4138717@1787666300.285525233
0.0.5432163,0.184349725390498,NOT_ASSOCIATED,0.0.731861,0.0.3964804,
0.0.1415516,38.29963004919708,SUCCESS,0.0.731861,0.0.3964804,0.0.4138717@1787666302.705945056
0.0.4329551,60.91560039176696,SUCCESS,0.0.731861,0.0.3964804&0.0.3964827&0.0.3964855,0.0.4138717@1787666304.465531994
0.0.5029689,16.54698837681975,SUCCESS,0.0.731861,0.0.3964804,0.0.4138717@1787666304.788896920
0.0.834666,31.86771230928207,SUCCESS,0.0.731861,0.0.3964804,0.0.4138717@1787666303.244394103
0.0.4782567,11.42901843160953,SUCCESS,0.0.731861,0.0.3964804,0.0.4138717@1787666303.199791016
0.0.4799094,0.4496453670777684,SUCCESS,0.0.731861,0.0.3964804,0.0.4138717@1787666306.238270585
0.0.827132,1.699149894926991,SUCCESS,0.0.731861,0.0.3964804,0.0.4138717@1787666305.092572913
0.0.4659519,7.781506130816254,SUCCESS,0.0.731861,0.0.3964804,0.0.4138717@1787666304.411934022
0.0.6247418,0.2325819805490143,NOT_ASSOCIATED,0.0.731861,0.0.3964804,
0.0.6058490,0.1348061521697052,SUCCESS,0.0.731861,0.0.3964804,0.0.4138717@1787666306.295122377
0.0.5873159,304.4401411333104,SUCCESS,0.0.731861,0.0.3964804,0.0.4138717@1787666304.852459041
0.0.1334605,46.28478719480047,SUCCESS,0.0.731861,0.0.3964804,0.0.4138717@1787666306.012289882
0.0.9364762,0.6814596610303106,SUCCESS,0.0.731861,0.0.3964804&0.0.5328590,0.0.4138717@1787666304.779019025
0.0.6061106,1.885747849983813,NOT_ASSOCIATED,0.0.731861,0.0.3964804,
0.0.848151,1.547873548335163,SUCCESS,0.0.731861,0.0.3964804,0.0.4138717@1787666307.739465813
0.0.1388678,20.88871776949042,SUCCESS,0.0.731861,0.0.3964804,0.0.4138717@1787666305.184380662
0.0.4785387,69.17734775389563,SUCCESS,0.0.731861,0.0.3964804&0.0.4601632,0.0.4138717@1787666306.932586878
0.0.4322023,7.461068140308196,SUCCESS,0.0.731861,0.0.3964804&0.0.3964855&0.0.4601632,0.0.4138717@1787666307.099710231
0.0.5060252,6.942143983402893,SUCCESS,0.0.731861,0.0.3964804&0.0.3964860,0.0.4138717@1787666310.946484462
0.0.3295745,53.44915036844119,SUCCESS,0.0.731861,0.0.3964804,0.0.4138717@1787666307.717918395
0.0.1090802,0.373606043093465,SUCCESS,0.0.731861,0.0.3964804,0.0.4138717@1787666309.249491624
0.0.9177141,0.2644010537293137,NOT_ASSOCIATED,0.0.731861,0.0.3964804,
0.0.9086562,0.01964634527035418,SUCCESS,0.0.731861,0.0.3964804,0.0.4138717@1787666308.399705156
0.0.8392843,1.879388735311782,NOT_ASSOCIATED,0.0.731861,0.0.3964804,
0.0.9169121,1.672082143007135,SUCCESS,0.0.731861,0.0.3964804,0.0.4138717@1787666311.903527968
0.0.958821,81.08690977133398,SUCCESS,0.0.731861,0.0.3964804,0.0.4138717@1787666313.765043820
0.0.53756,17.80073143603899,SUCCESS,0.0.731861,0.0.3964804,0.0.4138717@1787666312.142368761
0.0.689277,41.00006875276848,SUCCESS,0.0.731861,0.0.3964804,0.0.4138717@1787666310.379662582
0.0.1403937,0.04447520980370207,SUCCESS,0.0.731861,0.0.3964804,0.0.4138717@1787666314.414718933
0.0.7550890,0.6455162424263676,SUCCESS,0.0.731861,0.0.3964804,0.0.4138717@1787666316.117430903
0.0.9095016,10.06060003414471,NOT_ASSOCIATED,0.0.731861,0.0.3964804,
0.0.9065767,3.925036120566974,SUCCESS,0.0.731861,0.0.3964804,0.0.4138717@1787666314.055493714
0.0.9009997,2.153033684629479,NOT_ASSOCIATED,0.0.731861,0.0.3964804,
0.0.7788265,0.9497683329567694,NOT_ASSOCIATED,0.0.731861,0.0.3964804,
0.0.8792600,0.01533785506759575,NOT_ASSOCIATED,0.0.731861,0.0.3964804,
0.0.8256574,0.03071186887913076,SUCCESS,0.0.731861,0.0.3964804,0.0.4138717@1787666311.963184275
0.0.9318048,0.0841599875798126,NOT_ASSOCIATED,0.0.731861,0.0.3964804,
0.0.887615,0.05630409096630176,SUCCESS,0.0.731861,0.0.3964804,0.0.4138717@1787666311.993031726
0.0.1056474,21.37084910673698,SUCCESS,0.0.731861,0.0.3964804,0.0.4138717@1787666314.308827777
0.0.9450539,5.326905675033084,NOT_ASSOCIATED,0.0.731861,0.0.3964804,
0.0.9444587,10.4138735870878,SUCCESS,0.0.731861,0.0.3964804,0.0.4138717@1787666313.283382385
0.0.9146353,13.14179161092937,SUCCESS,0.0.731861,0.0.3964804,0.0.4138717@1787666317.866313725
0.0.6160732,0.3884396271191546,NOT_ASSOCIATED,0.0.731861,0.0.3964804,
0.0.813564,0.005375695774704785,SUCCESS,0.0.731861,0.0.3964804,0.0.4138717@1787666314.302969143
0.0.9367202,0.009791987401414865,NOT_ASSOCIATED,0.0.731861,0.0.3964804,
0.0.4821795,8.386207272824342,SUCCESS,0.0.731861,0.0.3964804,0.0.4138717@1787666317.245735737
0.0.8032303,0.2695593053276543,SUCCESS,0.0.731861,0.0.3964804,0.0.4138717@1787666315.388829602
0.0.8880678,0.131032770760971,SUCCESS,0.0.731861,0.0.3964804,0.0.4138717@1787666316.578177252
0.0.9285770,0.587270909515222,NOT_ASSOCIATED,0.0.731861,0.0.3964804,
0.0.9275748,16.81859059891486,SUCCESS,0.0.731861,0.0.3964804&0.0.3964827,0.0.4138717@1787666317.272603408
0.0.6068301,12.56809919329965,SUCCESS,0.0.731861,0.0.3964804&0.0.5328590,0.0.4138717@1787666319.623153426
0.0.8113254,11.12036123633178,SUCCESS,0.0.731861,0.0.3964804&0.0.4601632&0.0.5328590,0.0.4138717@1787666321.628189265
0.0.1862342,1.696681536982334,SUCCESS,0.0.731861,0.0.3964804,0.0.4138717@1787666321.797262490
0.0.9196038,0.9434015580434376,SUCCESS,0.0.731861,0.0.3964804,0.0.4138717@1787666318.096039225
0.0.1118731,0.07775345358531512,SUCCESS,0.0.731861,0.0.3964804,0.0.4138717@1787666321.151903421
0.0.7997139,0.5512812957025909,SUCCESS,0.0.731861,0.0.3964804,0.0.4138717@1787666322.949741140
0.0.5761971,0.000803480019599766,SUCCESS,0.0.731861,0.0.3964804,0.0.4138717@1787666320.503471996
0.0.1906790,0.0584155643320055,SUCCESS,0.0.731861,0.0.3964804,0.0.4138717@1787666320.381226779
0.0.8178093,0.4612635814845243,NOT_ASSOCIATED,0.0.731861,0.0.3964804,
0.0.8175769,1.255345541218538,SUCCESS,0.0.731861,0.0.3964804,0.0.4138717@1787666321.637420765
0.0.8142528,0.1295428258486208,NOT_ASSOCIATED,0.0.731861,0.0.3964804,
0.0.833836,11.22883242708576,SUCCESS,0.0.731861,0.0.3964804,0.0.4138717@1787666322.755653597
0.0.5007636,0.4620875366362073,NOT_ASSOCIATED,0.0.731861,0.0.3964804,
0.0.4746343,0.00833990972636561,SUCCESS,0.0.731861,0.0.3964804,0.0.4138717@1787666321.609474374
0.0.7913251,0.3228274291929882,SUCCESS,0.0.731861,0.0.3964804,0.0.4138717@1787666323.542045635
0.0.8042105,0.5381469505974693,NOT_ASSOCIATED,0.0.731861,0.0.3964804,
0.0.1365814,1.589597284351538,SUCCESS,0.0.731861,0.0.3964804,0.0.4138717@1787666325.964729626
0.0.2477582,1.541065708895377,NOT_ASSOCIATED,0.0.731861,0.0.3964804,
0.0.8059253,8.694399064268303,SUCCESS,0.0.731861,0.0.3964804,0.0.4138717@1787666324.598037989
0.0.1092596,6.458159826389251,SUCCESS,0.0.731861,0.0.3964804&0.0.3964860&0.0.4601632,0.0.4138717@1787666326.703307788
0.0.2006292,0.2740632950495328,SUCCESS,0.0.731861,0.0.3964804,0.0.4138717@1787666326.345007798
0.0.7912110,0.001555528436161107,NOT_ASSOCIATED,0.0.731861,0.0.3964804,
0.0.8056304,2.625463674512022,NOT_ASSOCIATED,0.0.731861,0.0.3964804,
0.0.7974195,192.3891863200662,SUCCESS,0.0.731861,0.0.3964804,0.0.4138717@1787666325.118167443
0.0.7746903,0.3895238917716893,SUCCESS,0.0.731861,0.0.3964804,0.0.4138717@1787666326.522048168
0.0.7965413,0.004596376351430499,NOT_ASSOCIATED,0.0.731861,0.0.3964804,
0.0.4867972,0.1703171205549324,SUCCESS,0.0.731861,0.0.3964804,0.0.4138717@1787666328.998668114
0.0.8585468,0.004732884375506885,SUCCESS,0.0.731861,0.0.3964804,0.0.4138717@1787666326.812970820
0.0.1459865,8.716762478917436,NOT_ASSOCIATED,0.0.731861,0.0.3964804,
0.0.5524338,0.251248352142934,SUCCESS,0.0.731861,0.0.3964804,0.0.4138717@1787666327.404282539
0.0.8198608,2.068461273896378,SUCCESS,0.0.731861,0.0.3964804,0.0.4138717@1787666329.902987231
0.0.8385016,1.691599853865279,SUCCESS,0.0.731861,0.0.3964804,0.0.4138717@1787666328.304475338
0.0.8414409,0.08265819989154581,SUCCESS,0.0.731861,0.0.3964804,0.0.4138717@1787666331.677188066
0.0.1714233,1.479235409247107,SUCCESS,0.0.731861,0.0.3964804,0.0.4138717@1787666331.914129850
0.0.3077609,13.40600454644341,SUCCESS,0.0.731861,0.0.3964804,0.0.4138717@1787666332.960991777
0.0.8357089,3.260806923612083,NOT_ASSOCIATED,0.0.731861,0.0.3964804,
0.0.8357708,86.24947646372867,SUCCESS,0.0.731861,0.0.3964804,0.0.4138717@1787666331.552193143
0.0.8346544,15.5290973564325,NOT_ASSOCIATED,0.0.731861,0.0.3964804,
0.0.8323906,86.96720435971709,NOT_ASSOCIATED,0.0.731861,0.0.3964804,
0.0.8156060,0.5444391030451228,SUCCESS,0.0.731861,0.0.3964804,0.0.4138717@1787666330.711597165
0.0.8298814,8.621094971227587,SUCCESS,0.0.731861,0.0.3964804,0.0.4138717@1787666333.756861616
0.0.7964752,0.02136227053298911,SUCCESS,0.0.731861,0.0.3964804,0.0.4138717@1787666334.009921913
0.0.2025203,0.4267897941750965,SUCCESS,0.0.731861,0.0.3964804,0.0.4138717@1787666336.567138823
0.0.7049977,0.04279324095311275,NOT_ASSOCIATED,0.0.731861,0.0.3964804,
0.0.8209324,2.90725135377778,SUCCESS,0.0.731861,0.0.3964804,0.0.4138717@1787666336.436055203
0.0.10801093,0.2533568584425848,NOT_ASSOCIATED,0.0.731861,0.0.3964827,
0.0.10801092,0.1763074985651543,NOT_ASSOCIATED,0.0.731861,0.0.3964827,
0.0.7965416,0.1073247564396215,NOT_ASSOCIATED,0.0.731861,0.0.3964827,
0.0.5239780,211.635094177146,SUCCESS,0.0.731861,0.0.3964827,0.0.4138717@1787666337.772957202
0.0.6630516,9.805898591456575,SUCCESS,0.0.731861,0.0.3964827,0.0.4138717@1787666335.771899728
0.0.1079751,86.06916739420376,SUCCESS,0.0.731861,0.0.3964827,0.0.4138717@1787666338.200461119
0.0.7677057,36.41994413044716,SUCCESS,0.0.731861,0.0.3964827,0.0.4138717@1787666336.756316028
0.0.7776243,2.337350266711062,SUCCESS,0.0.731861,0.0.3964827,0.0.4138717@1787666338.736435875
0.0.885667,3.522097481503247,SUCCESS,0.0.731861,0.0.3964827,0.0.4138717@1787666339.276564932
0.0.4882076,24.40947755896589,SUCCESS,0.0.731861,0.0.3964827&0.0.3964855&0.0.4129330&0.0.5328590,0.0.4138717@1787666338.556084060
0.0.10505731,20212.93590662472,SUCCESS,0.0.731861,0.0.3964827&0.0.10498274,0.0.4138717@1787666341.773680390
0.0.1006425,122.0855145629249,SUCCESS,0.0.731861,0.0.3964827,0.0.4138717@1787666340.631965936
0.0.1087560,84.52981453945435,SUCCESS,0.0.731861,0.0.3964827&0.0.3964855,0.0.4138717@1787666342.419484270
0.0.5447658,0.435300684563226,SUCCESS,0.0.731861,0.0.3964827,0.0.4138717@1787666340.445563000
0.0.4344919,6.789494592630546,SUCCESS,0.0.731861,0.0.3964827,0.0.4138717@1787666342.146281941
0.0.4348609,144.7085964486819,SUCCESS,0.0.731861,0.0.3964827&0.0.5328590,0.0.4138717@1787666343.460253504
0.0.4364640,11.95276716564103,SUCCESS,0.0.731861,0.0.3964827,0.0.4138717@1787666345.569273634
0.0.3443413,17.18326531049513,SUCCESS,0.0.731861,0.0.3964827&0.0.4601632,0.0.4138717@1787666346.284304610
0.0.4793606,39.59350649735364,SUCCESS,0.0.731861,0.0.3964827&0.0.5328590,0.0.4138717@1787666349.947556632
0.0.1061257,223.9690006433821,SUCCESS,0.0.731861,0.0.3964827&0.0.4601632&0.0.5328590,0.0.4138717@1787666348.358508257
0.0.4975045,165.7410520478959,SUCCESS,0.0.731861,0.0.3964827,0.0.4138717@1787666349.805427207
0.0.1107354,7.231902015968527,SUCCESS,0.0.731861,0.0.3964827,0.0.4138717@1787666349.211318525
0.0.4733298,5.687490406421566,SUCCESS,0.0.731861,0.0.3964827,0.0.4138717@1787666352.126583554
0.0.1065704,70.45442522674924,SUCCESS,0.0.731861,0.0.3964827,0.0.4138717@1787666352.489666168
0.0.4410999,3.907557467466855,SUCCESS,0.0.731861,0.0.3964827,0.0.4138717@1787666350.822062112
0.0.7595440,766.2266412350143,SUCCESS,0.0.731861,0.0.3964827,0.0.4138717@1787666352.180760672
0.0.7870892,3.210381057799105,SUCCESS,0.0.731861,0.0.3964827,0.0.4138717@1787666356.193698777
0.0.6109726,70.47819617203095,SUCCESS,0.0.731861,0.0.3964827,0.0.4138717@1787666352.585207590
0.0.913930,3.030624863129479,SUCCESS,0.0.731861,0.0.3964827,0.0.4138717@1787666354.912824612
0.0.4737222,3.670957477810875,SUCCESS,0.0.731861,0.0.3964827,0.0.4138717@1787666355.196864107
0.0.1436265,16.13060063828718,SUCCESS,0.0.731861,0.0.3964827,0.0.4138717@1787666357.802821697
0.0.3169781,1.798652222117468,SUCCESS,0.0.731861,0.0.3964827,0.0.4138717@1787666358.467868296
0.0.4338112,0.2695014464732862,SUCCESS,0.0.731861,0.0.3964827,0.0.4138717@1787666359.650699432
0.0.1391028,92.485445291471,SUCCESS,0.0.731861,0.0.3964827,0.0.4138717@1787666358.032721680
0.0.1097257,1677.525794728017,SUCCESS,0.0.731861,0.0.3964827&0.0.4601632&0.0.5328590,0.0.4138717@1787666361.096982707
0.0.1400872,164.3030056779172,SUCCESS,0.0.731861,0.0.3964827&0.0.4129330&0.0.6071911,0.0.4138717@1787666360.797733298
0.0.849606,237.2327006071436,SUCCESS,0.0.731861,0.0.3964827&0.0.6071119,0.0.4138717@1787666360.248862215
0.0.834607,114.9925623904605,SUCCESS,0.0.731861,0.0.3964827,0.0.4138717@1787666359.980503075
0.0.839408,335.6703235691378,SUCCESS,0.0.731861,0.0.3964827,0.0.4138717@1787666360.593967700
0.0.1120301,0.2198019387934056,SUCCESS,0.0.731861,0.0.3964827&0.0.3964855,0.0.4138717@1787666363.987824181
0.0.6004406,21.23132058858636,SUCCESS,0.0.731861,0.0.3964827,0.0.4138717@1787666363.440925199
0.0.6288848,0.2497103547084424,SUCCESS,0.0.731861,0.0.3964827&0.0.6071119,0.0.4138717@1787666362.822100185
0.0.2960128,3216.830461687106,SUCCESS,0.0.731861,0.0.3964827&0.0.5328590&0.0.10498274&0.0.10498278,0.0.4138717@1787666364.644974041
0.0.857760,5.14331255335032,SUCCESS,0.0.731861,0.0.3964827,0.0.4138717@1787666362.264502926
0.0.7947570,0.4876529909138167,SUCCESS,0.0.731861,0.0.3964827,0.0.4138717@1787666362.454517915
0.0.8778454,0.1908047219065248,SUCCESS,0.0.731861,0.0.3964827,0.0.4138717@1787666364.431676869
0.0.1406579,2.225944535794444,SUCCESS,0.0.731861,0.0.3964827,0.0.4138717@1787666364.936090523
0.0.8377520,513.5326390703076,SUCCESS,0.0.731861,0.0.3964827,0.0.4138717@1787666367.743962635
0.0.7486751,5.900387601651367,SUCCESS,0.0.731861,0.0.3964827&0.0.4601632,0.0.4138717@1787666365.817576577
0.0.1392115,333.3246280042895,SUCCESS,0.0.731861,0.0.3964827&0.0.4129330,0.0.4138717@1787666368.691004481
0.0.611948,26.13338218396554,SUCCESS,0.0.731861,0.0.3964827,0.0.4138717@1787666368.692881727
0.0.1750137,145.1099525819319,SUCCESS,0.0.731861,0.0.3964827,0.0.4138717@1787666370.561178149
0.0.1423973,5.024196897615852e-8,SUCCESS,0.0.731861,0.0.3964855,0.0.4138717@1787666367.613836971
0.0.4861302,11.22979107143555,SUCCESS,0.0.731861,0.0.3964855&0.0.4601632,0.0.4138717@1787666370.223907122
0.0.1008009,26.39932466060581,SUCCESS,0.0.731861,0.0.3964855&0.0.4601632&0.0.5328590,0.0.4138717@1787666374.377414536
0.0.1054756,5455.035720355673,SUCCESS,0.0.731861,0.0.3964855,0.0.4138717@1787666374.969385577
0.0.1228872,2.944181688332983,SUCCESS,0.0.731861,0.0.3964855,0.0.4138717@1787666373.648670105
0.0.5377617,129.1863269192373,SUCCESS,0.0.731861,0.0.3964855,0.0.4138717@1787666375.574186476
0.0.4614528,201.5625166418668,SUCCESS,0.0.731861,0.0.3964860&0.0.5328590,0.0.4138717@1787666373.751272473
0.0.8257213,34.77955660938281,SUCCESS,0.0.731861,0.0.3964860,0.0.4138717@1787666375.531169973
0.0.9144335,28.90100960414406,SUCCESS,0.0.731861,0.0.3964860,0.0.4138717@1787666372.322512706
0.0.868627,1811.286038833917,SUCCESS,0.0.731861,0.0.3964860,0.0.4138717@1787666374.429630448
0.0.10164768,13283.33385868559,SUCCESS,0.0.731861,0.0.3964860,0.0.4138717@1787666374.270483735
0.0.509141,88.89930963114877,SUCCESS,0.0.731861,0.0.3964860,0.0.4138717@1787666375.064496192
0.0.1509692,2895.6513107231,SUCCESS,0.0.731861,0.0.3964860,0.0.4138717@1787666374.458734709
0.0.5734968,57.89651470619423,SUCCESS,0.0.731861,0.0.3964860,0.0.4138717@1787666377.274494164
0.0.9375318,0.000008747469154460045,SUCCESS,0.0.731861,0.0.3964860,0.0.4138717@1787666375.752654439
0.0.9377518,0.000009386789618201866,SUCCESS,0.0.731861,0.0.3964860,0.0.4138717@1787666376.294766708
0.0.9377397,0.000005848935910239627,SUCCESS,0.0.731861,0.0.3964860,0.0.4138717@1787666377.215518539
0.0.9738472,0.000006374259654965752,SUCCESS,0.0.731861,0.0.3964860,0.0.4138717@1787666379.966549514
0.0.9379489,6.7454293897004e-10,SUCCESS,0.0.731861,0.0.3964860,0.0.4138717@1787666380.713847385
0.0.9377988,6.881117469014992e-7,SUCCESS,0.0.731861,0.0.3964860,0.0.4138717@1787666377.609769980
0.0.9377806,4.033346737947282e-8,SUCCESS,0.0.731861,0.0.3964860,0.0.4138717@1787666378.523543391
0.0.9377844,0.000001384341015572383,SUCCESS,0.0.731861,0.0.3964860,0.0.4138717@1787666382.760641568
0.0.9371874,0.00004060918202737924,SUCCESS,0.0.731861,0.0.3964860,0.0.4138717@1787666380.689793017
0.0.9371968,0.0002973223268057724,SUCCESS,0.0.731861,0.0.3964860,0.0.4138717@1787666380.449821229
0.0.9377965,7.987134264233502e-8,SUCCESS,0.0.731861,0.0.3964860,0.0.4138717@1787666384.274394452
0.0.10801095,0.06847340082659541,NOT_ASSOCIATED,0.0.731861,0.0.4129330,
0.0.842464,0.1404142564209706,SUCCESS,0.0.731861,0.0.4129330,0.0.4138717@1787666380.982636522
0.0.10801094,0.05111209801211199,NOT_ASSOCIATED,0.0.731861,0.0.4129330,
0.0.972955,6.46610917636956e-9,SUCCESS,0.0.731861,0.0.4129330,0.0.4138717@1787666381.502928912
0.0.5060063,150.8471754876068,SUCCESS,0.0.731861,0.0.4129330&0.0.4601632&0.0.5328590,0.0.4138717@1787666383.614745656
0.0.4625345,5.057891617833939,SUCCESS,0.0.731861,0.0.4129330,0.0.4138717@1787666381.455051349
0.0.4754452,0.1955609965581427,SUCCESS,0.0.731861,0.0.4129330,0.0.4138717@1787666381.416793850
0.0.839840,32.97223764087189,SUCCESS,0.0.731861,0.0.4129330&0.0.4601632&0.0.5328590,0.0.4138717@1787666384.480000865
0.0.2288443,132.7569026158546,SUCCESS,0.0.731861,0.0.4129330&0.0.5328590,0.0.4138717@1787666385.990918648
0.0.8410631,0.6197252464149419,SUCCESS,0.0.731861,0.0.4129330&0.0.4601632,0.0.4138717@1787666384.218542187
0.0.702183,959.5781598688924,SUCCESS,0.0.731861,0.0.4129330,0.0.4138717@1787666384.486712210
0.0.2960424,0.1319433226436725,SUCCESS,0.0.731861,0.0.4129330,0.0.4138717@1787666385.557138788
0.0.856304,0.009711671407188364,SUCCESS,0.0.731861,0.0.4129330,0.0.4138717@1787666388.202818253
0.0.3293439,3.475198151242902,SUCCESS,0.0.731861,0.0.4129330,0.0.4138717@1787666386.492246653
0.0.795325,0.1804790417039348,SUCCESS,0.0.731861,0.0.4129330,0.0.4138717@1787666388.827737825
0.0.4718583,0.002723025574450868,SUCCESS,0.0.731861,0.0.4129330,0.0.4138717@1787666385.834459228
0.0.261557,0.6720097251275732,SUCCESS,0.0.731861,0.0.4129330,0.0.4138717@1787666389.068418189
0.0.4606843,0.04123588078715531,SUCCESS,0.0.731861,0.0.4129330&0.0.4601632,0.0.4138717@1787666388.511963776
0.0.1074067,50.39703241862407,SUCCESS,0.0.731861,0.0.4601632,0.0.4138717@1787666391.075287125
0.0.2114355,0.0005828203453590319,SUCCESS,0.0.731861,0.0.4601632,0.0.4138717@1787666389.302091963
0.0.3158284,9.845198591534812,SUCCESS,0.0.731861,0.0.4601632,0.0.4138717@1787666390.780301435
0.0.660703,44.20564640686969,SUCCESS,0.0.731861,0.0.4601632,0.0.4138717@1787666392.931262819
0.0.704807,50.47032515593767,SUCCESS,0.0.731861,0.0.4601632,0.0.4138717@1787666390.919529962
0.0.175313,2.888440905084405,SUCCESS,0.0.731861,0.0.4601632,0.0.4138717@1787666390.471276879
0.0.837339,22.77198542533488,SUCCESS,0.0.731861,0.0.4601632,0.0.4138717@1787666393.330079088
0.0.1518521,2.558191040647179,SUCCESS,0.0.731861,0.0.4601632,0.0.4138717@1787666393.124668551
0.0.731707,0.4491922440724913,SUCCESS,0.0.731861,0.0.4601632,0.0.4138717@1787666396.578952531
0.0.3161895,2.373099446267726,SUCCESS,0.0.731861,0.0.4601632,0.0.4138717@1787666395.699510765
0.0.1872630,117.1992048725032,SUCCESS,0.0.731861,0.0.4601632,0.0.4138717@1787666394.392610465
0.0.6049415,0.0007302879895408423,SUCCESS,0.0.731861,0.0.4601632,0.0.4138717@1787666396.538782409
0.0.7480837,94.45592859009932,SUCCESS,0.0.731861,0.0.4601632,0.0.4138717@1787666397.185937783
0.0.851606,0.001864611325550273,SUCCESS,0.0.731861,0.0.4601632,0.0.4138717@1787666397.250604181
0.0.4559156,0.1998623265274445,SUCCESS,0.0.731861,0.0.4601632,0.0.4138717@1787666395.273017027
0.0.4797402,0.006349138048209575,SUCCESS,0.0.731861,0.0.4601632,0.0.4138717@1787666398.979338633
0.0.731977,853.8581354556973,SUCCESS,0.0.731861,0.0.4601632,0.0.4138717@1787666398.363225743
0.0.1060925,6.620622443677676,SUCCESS,0.0.731861,0.0.4601632,0.0.4138717@1787666395.649618487
0.0.1186570,43.84928357238219,SUCCESS,0.0.731861,0.0.4601632,0.0.4138717@1787666395.545491449
0.0.912306,2.62507043521002,SUCCESS,0.0.731861,0.0.4601632,0.0.4138717@1787666398.505472283
0.0.3288713,1.375392999173829,SUCCESS,0.0.731861,0.0.4601632,0.0.4138717@1787666399.412092416
0.0.1997076,473.6185471946283,SUCCESS,0.0.731861,0.0.4601632,0.0.4138717@1787666398.360826564
0.0.707819,9.21563320825049,SUCCESS,0.0.731861,0.0.4601632,0.0.4138717@1787666400.597472876
0.0.3828466,67.62163279132854,SUCCESS,0.0.731861,0.0.4601632,0.0.4138717@1787666400.041138503
0.0.853115,0.1180457784757142,SUCCESS,0.0.731861,0.0.4601632,0.0.4138717@1787666403.899338308
0.0.4403472,1.022455063342027,SUCCESS,0.0.731861,0.0.4601632,0.0.4138717@1787666405.052593986
0.0.816727,26.41559523136189,SUCCESS,0.0.731861,0.0.4601632,0.0.4138717@1787666404.165998284
0.0.5002435,3.549816523104571,SUCCESS,0.0.731861,0.0.4601632,0.0.4138717@1787666403.425427748
0.0.2999419,0.1920228843709386,SUCCESS,0.0.731861,0.0.4601632,0.0.4138717@1787666403.981263265
0.0.3932850,352.3766119493905,SUCCESS,0.0.731861,0.0.4601632,0.0.4138717@1787666402.738787725
0.0.5255642,0.8448004289814879,SUCCESS,0.0.731861,0.0.4601632,0.0.4138717@1787666403.429408634
0.0.7684662,264.2069516247727,SUCCESS,0.0.731861,0.0.4601632&0.0.5328590,0.0.4138717@1787666405.128684175
0.0.4154591,1105.053927706256,SUCCESS,0.0.731861,0.0.4601632&0.0.5328590,0.0.4138717@1787666404.415347812
0.0.1020586,135.06450404027,SUCCESS,0.0.731861,0.0.4601632&0.0.5328590,0.0.4138717@1787666406.444451329
0.0.4753601,5.56428813957738,SUCCESS,0.0.731861,0.0.4601632,0.0.4138717@1787666406.090085329
0.0.5972520,21.76553266081745,SUCCESS,0.0.731861,0.0.4601632,0.0.4138717@1787666407.881771831
0.0.1111312,49.41724557988017,SUCCESS,0.0.731861,0.0.4601632,0.0.4138717@1787666409.400287433
0.0.4367704,0.002402813059866549,SUCCESS,0.0.731861,0.0.4601632,0.0.4138717@1787666410.699260713
0.0.10045691,201.5381047956073,SUCCESS,0.0.731861,0.0.4601632,0.0.4138717@1787666408.437097029
0.0.1287040,16.85563692671878,SUCCESS,0.0.731861,0.0.4601632,0.0.4138717@1787666410.148415106
0.0.9745450,101.7611247747783,SUCCESS,0.0.731861,0.0.4601632,0.0.4138717@1787666409.456635397
0.0.9210897,58.81271573007611,SUCCESS,0.0.731861,0.0.4601632,0.0.4138717@1787666411.935561268
0.0.1217090,2774.055242219299,SUCCESS,0.0.731861,0.0.4601632,0.0.4138717@1787666411.894915725
0.0.3870061,381.418488719731,SUCCESS,0.0.731861,0.0.4601632,0.0.4138717@1787666413.927858328
0.0.1075845,17.22783156303759,SUCCESS,0.0.731861,0.0.4601632,0.0.4138717@1787666411.431450536
0.0.10031144,4.061032126943503,NOT_ASSOCIATED,0.0.731861,0.0.4601632,
0.0.10031150,0.5757433499153248,NOT_ASSOCIATED,0.0.731861,0.0.4601632,
0.0.8847936,23.77323151574117,SUCCESS,0.0.731861,0.0.4601632,0.0.4138717@1787666413.607809554
0.0.5500943,74.26918036999295,SUCCESS,0.0.731861,0.0.4601632&0.0.6071041,0.0.4138717@1787666416.442921630
0.0.3917694,111.7977412831733,SUCCESS,0.0.731861,0.0.4601632,0.0.4138717@1787666414.155594305
0.0.8831938,50.21060137526828,SUCCESS,0.0.731861,0.0.4601632,0.0.4138717@1787666414.348083619
0.0.6463609,0.5452604272758452,NOT_ASSOCIATED,0.0.731861,0.0.4601632,
0.0.1337729,24.27099369869837,SUCCESS,0.0.731861,0.0.4601632,0.0.4138717@1787666413.520882385
0.0.4730774,107.5848470709429,SUCCESS,0.0.731861,0.0.4601632,0.0.4138717@1787666417.101303213
0.0.1405765,41.25207657271542,SUCCESS,0.0.731861,0.0.4601632,0.0.4138717@1787666414.223556369
0.0.1460111,0.7419637669772083,SUCCESS,0.0.731861,0.0.4601632,0.0.4138717@1787666417.975906882
0.0.8431266,9.704705840523964,SUCCESS,0.0.731861,0.0.4601632,0.0.4138717@1787666415.187966024
0.0.4414004,437.294591229689,NOT_ASSOCIATED,0.0.731861,0.0.4601632,
0.0.227955,1.086173601997829,SUCCESS,0.0.731861,0.0.4601632&0.0.8315114,0.0.4138717@1787666421.081225745
0.0.7288906,30.09328607878405,NOT_ASSOCIATED,0.0.731861,0.0.4601632,
0.0.1860200,0.01976494364244963,SUCCESS,0.0.731861,0.0.4601632,0.0.4138717@1787666417.823821784
0.0.3705687,0.004152971963558278,SUCCESS,0.0.731861,0.0.4601632,0.0.4138717@1787666421.460756428
0.0.860846,0.02822554459265729,SUCCESS,0.0.731861,0.0.4601632,0.0.4138717@1787666421.843614486
0.0.877043,60.73549331964457,SUCCESS,0.0.731861,0.0.4601632,0.0.4138717@1787666420.840371032
0.0.9386020,5457.722244369698,SUCCESS,0.0.731861,0.0.4601632,0.0.4138717@1787666418.443149965
0.0.7778674,256.2973371784954,SUCCESS,0.0.731861,0.0.4601632&0.0.5328590,0.0.4138717@1787666422.804657708
0.0.7482624,23.01629022016351,NOT_ASSOCIATED,0.0.731861,0.0.4601632,
0.0.821010,59.16448503532934,SUCCESS,0.0.731861,0.0.4601632,0.0.4138717@1787666419.057667874
0.0.3273852,98.4344607527551,SUCCESS,0.0.731861,0.0.4601632,0.0.4138717@1787666420.086559391
0.0.864984,201.0520670286704,SUCCESS,0.0.731861,0.0.4601632,0.0.4138717@1787666421.898538527
0.0.8347272,0.00005649933461220926,SUCCESS,0.0.731861,0.0.4601632,0.0.4138717@1787666422.517542460
0.0.1096207,654.2787003229423,SUCCESS,0.0.731861,0.0.4601632,0.0.4138717@1787666421.822595872
0.0.8128261,0.02450140869034945,SUCCESS,0.0.731861,0.0.4601632&0.0.5328590,0.0.4138717@1787666423.925725860
0.0.1422243,260.1781628071205,SUCCESS,0.0.731861,0.0.5328590,0.0.4138717@1787666424.267849066
0.0.4337803,0.16426290164724,SUCCESS,0.0.731861,0.0.5328590,0.0.4138717@1787666423.841531577
0.0.701191,0.8369826422256984,SUCCESS,0.0.731861,0.0.5328590,0.0.4138717@1787666427.479498168
0.0.5151429,0.5168160937970548,SUCCESS,0.0.731861,0.0.5328590,0.0.4138717@1787666427.523261649
0.0.10801057,0.03009801839469323,NOT_ASSOCIATED,0.0.731861,0.0.5328590,
0.0.9802061,28.27614720322089,SUCCESS,0.0.731861,0.0.5328590,0.0.4138717@1787666426.710748756
0.0.10801067,0.03842854409556826,NOT_ASSOCIATED,0.0.731861,0.0.5328590,
0.0.7734907,17.55061600999199,SUCCESS,0.0.731861,0.0.5328590,0.0.4138717@1787666426.605627478
0.0.9214238,32.44754653438178,SUCCESS,0.0.731861,0.0.5328590,0.0.4138717@1787666428.508855922
0.0.10235120,40.92098077585492,SUCCESS,0.0.731861,0.0.5328590,0.0.4138717@1787666425.407171183
0.0.10421961,3.976986751501619,SUCCESS,0.0.731861,0.0.5328590,0.0.4138717@1787666429.689841303
0.0.4361068,5.095425840749088,SUCCESS,0.0.731861,0.0.5328590,0.0.4138717@1787666429.907623693
0.0.3012905,1.208235142321441,SUCCESS,0.0.731861,0.0.5328590,0.0.4138717@1787666427.816674896
0.0.10480785,945.794179256859,SUCCESS,0.0.731861,0.0.5328590,0.0.4138717@1787666430.368078870
0.0.4228598,8.016455457681928,SUCCESS,0.0.731861,0.0.5328590,0.0.4138717@1787666431.326009697
0.0.7562963,82.80649036251958,SUCCESS,0.0.731861,0.0.5328590,0.0.4138717@1787666430.192474974
0.0.10497928,26.68440102422032,SUCCESS,0.0.731861,0.0.5328590,0.0.4138717@1787666431.277192401
0.0.8499794,40.56395133588242,SUCCESS,0.0.731861,0.0.5328590,0.0.4138717@1787666432.077414993
0.0.10805782,31.44701287610171,SUCCESS,0.0.731861,0.0.5328590,0.0.4138717@1787666430.012113278
0.0.1027780,1062.597691967082,SUCCESS,0.0.731861,0.0.5328590,0.0.4138717@1787666430.155541395
0.0.5729981,18.06684227485429,SUCCESS,0.0.731861,0.0.5328590,0.0.4138717@1787666433.109205544
0.0.10803306,0.07771658604683687,NOT_ASSOCIATED,0.0.731861,0.0.5328590,
0.0.10803305,0.01966964588356151,NOT_ASSOCIATED,0.0.731861,0.0.5328590,
0.0.4753969,300.2988555185476,SUCCESS,0.0.731861,0.0.5328590,0.0.4138717@1787666434.737086168
0.0.4345750,107.2141955637909,SUCCESS,0.0.731861,0.0.5328590,0.0.4138717@1787666431.384477836
0.0.4348988,0.7170195299985354,SUCCESS,0.0.731861,0.0.5328590,0.0.4138717@1787666432.329993087
0.0.7523706,293.0641679942044,NOT_ASSOCIATED,0.0.731861,0.0.5328590,
0.0.4320148,0.05917486919562299,SUCCESS,0.0.731861,0.0.5328590&0.0.10092996&0.0.10093026,0.0.4138717@1787666436.903059731
0.0.9093010,0.237652046829618,SUCCESS,0.0.731861,0.0.5328590,0.0.4138717@1787666436.603954536
0.0.9168105,494.234566382757,SUCCESS,0.0.731861,0.0.5328590,0.0.4138717@1787666437.607058243
0.0.1212407,10.8859319349936,SUCCESS,0.0.731861,0.0.5328590,0.0.4138717@1787666435.902719435
0.0.4362489,95.57706388233608,SUCCESS,0.0.731861,0.0.5328590,0.0.4138717@1787666439.675903777
0.0.10375094,43.71733436769349,NOT_ASSOCIATED,0.0.731861,0.0.5328590,
0.0.1404223,0.09005430066763889,SUCCESS,0.0.731861,0.0.5328590&0.0.6071041,0.0.4138717@1787666435.767597891
0.0.10047974,15.61813949267484,SUCCESS,0.0.731861,0.0.5328590,0.0.4138717@1787666440.548844721
0.0.10010228,462.9536430296811,SUCCESS,0.0.731861,0.0.5328590,0.0.4138717@1787666437.985342568
0.0.1251063,89.86930922414118,SUCCESS,0.0.731861,0.0.5328590,0.0.4138717@1787666436.941154043
0.0.9214791,6.191140072298506,SUCCESS,0.0.731861,0.0.5328590,0.0.4138717@1787666440.987307781
0.0.8426856,5.265239535552039,SUCCESS,0.0.731861,0.0.5328590,0.0.4138717@1787666441.033468384
0.0.1444388,7.668849527270353,SUCCESS,0.0.731861,0.0.5328590,0.0.4138717@1787666440.117172341
0.0.4356483,115.036402811984,SUCCESS,0.0.731861,0.0.5328590,0.0.4138717@1787666440.549144590
0.0.1002430,3106.348098388894,SUCCESS,0.0.731861,0.0.5328590,0.0.4138717@1787666440.137328926
0.0.599260,0.3057601220821972,SUCCESS,0.0.731861,0.0.5328590,0.0.4138717@1787666442.954625387
0.0.1082181,181.5633174454009,SUCCESS,0.0.731861,0.0.5328590,0.0.4138717@1787666443.828717771
0.0.1017499,1392.423424550198,SUCCESS,0.0.731861,0.0.5328590,0.0.4138717@1787666442.570688836
0.0.608244,15.03486368130137,SUCCESS,0.0.731861,0.0.5328590,0.0.4138717@1787666442.516477260
0.0.1120388,20.6536612896478,SUCCESS,0.0.731861,0.0.5328590,0.0.4138717@1787666442.243979416
0.0.638193,1407.166511419916,SUCCESS,0.0.731861,0.0.5328590,0.0.4138717@1787666445.955109702
0.0.7171484,0.8527385930782978,SUCCESS,0.0.731861,0.0.5328590,0.0.4138717@1787666444.543080490
0.0.7326025,0.4171617589396917,SUCCESS,0.0.731861,0.0.5328590&0.0.6071119,0.0.4138717@1787666443.237637978
0.0.6157135,624.9135966760899,SUCCESS,0.0.731861,0.0.5328590,0.0.4138717@1787666444.497240036
0.0.6003880,33.86615823049942,SUCCESS,0.0.731861,0.0.5328590,0.0.4138717@1787666445.861451041
0.0.696926,24.16570924629788,SUCCESS,0.0.731861,0.0.5328590,0.0.4138717@1787666445.862707325
0.0.4839415,1.888638922860381,SUCCESS,0.0.731861,0.0.5328590,0.0.4138717@1787666447.934449799
0.0.4362583,0.05920323043701487,SUCCESS,0.0.731861,0.0.5328590,0.0.4138717@1787666448.992251357
0.0.787993,277.4903965687989,SUCCESS,0.0.731861,0.0.5328590,0.0.4138717@1787666447.149384828
0.0.4358351,9.514546964118049,SUCCESS,0.0.731861,0.0.5328590,0.0.4138717@1787666449.190903418
0.0.540025,4.893827505863565,SUCCESS,0.0.731861,0.0.5328590,0.0.4138717@1787666447.165105148
0.0.2174129,189.853475508383,SUCCESS,0.0.731861,0.0.5328590,0.0.4138717@1787666448.739621466
0.0.1281501,78.64649933166727,SUCCESS,0.0.731861,0.0.5328590,0.0.4138717@1787666449.261574456
0.0.4364713,173.6907277938166,SUCCESS,0.0.731861,0.0.5328590,0.0.4138717@1787666448.450094329
0.0.7800894,199.0218624832097,SUCCESS,0.0.731861,0.0.5328590,0.0.4138717@1787666451.226821111
0.0.10091451,90.04105111637666,SUCCESS,0.0.731861,0.0.5328590,0.0.4138717@1787666454.015589723
0.0.9401455,9.9809366581793,SUCCESS,0.0.731861,0.0.5328590,0.0.4138717@1787666449.394723178
0.0.1105713,41.1682598760002,SUCCESS,0.0.731861,0.0.5328590,0.0.4138717@1787666453.760053149
0.0.4358401,1.059698096840014,SUCCESS,0.0.731861,0.0.5328590,0.0.4138717@1787666453.352669962
0.0.8267927,21.28990182178235,SUCCESS,0.0.731861,0.0.5328590,0.0.4138717@1787666454.604977621
0.0.10031113,16548.48129418219,NOT_ASSOCIATED,0.0.731861,0.0.5328590,
0.0.10031110,29551.27027081279,NOT_ASSOCIATED,0.0.731861,0.0.5328590,
0.0.4971932,2.459422485718661,SUCCESS,0.0.731861,0.0.5328590,0.0.4138717@1787666455.981412748
0.0.9588454,9.527615049275216,SUCCESS,0.0.731861,0.0.5328590,0.0.4138717@1787666452.209888134
0.0.806166,79.84318338545835,SUCCESS,0.0.731861,0.0.5328590,0.0.4138717@1787666456.372944489
0.0.8113026,1.067310661916179,SUCCESS,0.0.731861,0.0.5328590,0.0.4138717@1787666453.836625503
0.0.9885066,14.5532375310132,SUCCESS,0.0.731861,0.0.5328590,0.0.4138717@1787666455.083604180
0.0.9320918,50.44225367788241,SUCCESS,0.0.731861,0.0.5328590,0.0.4138717@1787666455.494560823
0.0.5769518,405.4854393989382,SUCCESS,0.0.731861,0.0.5328590,0.0.4138717@1787666456.672679590
0.0.8198184,160.2459931070609,SUCCESS,0.0.731861,0.0.5328590,0.0.4138717@1787666457.321900234
0.0.52671,260.5467803990846,SUCCESS,0.0.731861,0.0.5328590,0.0.4138717@1787666455.952523274
0.0.4587141,3.240806662713988,SUCCESS,0.0.731861,0.0.5328590,0.0.4138717@1787666460.998603259
0.0.9312249,9.569236286160711,SUCCESS,0.0.731861,0.0.5328590,0.0.4138717@1787666458.436642737
0.0.4352091,13.43039965915088,SUCCESS,0.0.731861,0.0.5328590,0.0.4138717@1787666461.506365635
0.0.3868695,87.92868954559309,SUCCESS,0.0.731861,0.0.5328590,0.0.4138717@1787666458.319617746
0.0.9237387,102.787523057247,SUCCESS,0.0.731861,0.0.5328590,0.0.4138717@1787666460.577573294
0.0.1324089,1.442287708030186,SUCCESS,0.0.731861,0.0.5328590&0.0.6071041,0.0.4138717@1787666459.740606553
0.0.9276478,0.05226149270813771,SUCCESS,0.0.731861,0.0.5328590,0.0.4138717@1787666464.890682785
0.0.9151827,0.006376644159328943,NOT_ASSOCIATED,0.0.731861,0.0.5328590,
0.0.3092477,11.78547069124441,SUCCESS,0.0.731861,0.0.5328590,0.0.4138717@1787666465.095064414
0.0.1009100,0.01170626688053294,NOT_ASSOCIATED,0.0.731861,0.0.5328590,
0.0.946745,459.7187550837515,SUCCESS,0.0.731861,0.0.5328590,0.0.4138717@1787666464.707296063
0.0.818068,63.11662697349054,SUCCESS,0.0.731861,0.0.5328590,0.0.4138717@1787666464.422081180
0.0.822616,292.5173701944111,SUCCESS,0.0.731861,0.0.5328590,0.0.4138717@1787666464.582914128
0.0.5052897,2.533872204213776,SUCCESS,0.0.731861,0.0.5328590,0.0.4138717@1787666466.155773589
0.0.5702106,0.703997137730767,SUCCESS,0.0.731861,0.0.5328590,0.0.4138717@1787666466.379265303
0.0.9641103,25.82080434428499,SUCCESS,0.0.731861,0.0.5328590,0.0.4138717@1787666468.717513394
0.0.7731260,2.418886563673528,SUCCESS,0.0.731861,0.0.5328590,0.0.4138717@1787666464.947309416
0.0.9364499,0.6842508962819244,SUCCESS,0.0.731861,0.0.5328590,0.0.4138717@1787666465.877145203
0.0.2319846,60.41910304853849,SUCCESS,0.0.731861,0.0.5328590,0.0.4138717@1787666467.347333614
0.0.793409,2587.995611611606,SUCCESS,0.0.731861,0.0.5328590,0.0.4138717@1787666467.748243752
0.0.4362264,0.4572044928595616,NOT_ASSOCIATED,0.0.731861,0.0.5328590,
0.0.896352,1.818022064866964,SUCCESS,0.0.731861,0.0.6071041,0.0.4138717@1787666469.460793782
0.0.2328171,3657.323267703231,NOT_ASSOCIATED,0.0.731861,0.0.6071041,
0.0.1462131,0.01417188139407336,SUCCESS,0.0.731861,0.0.6071041,0.0.4138717@1787666470.410627497
0.0.10031183,113.3848189026012,NOT_ASSOCIATED,0.0.731861,0.0.6071119,
0.0.5729027,7.975264936322889,SUCCESS,0.0.731861,0.0.6071119,0.0.4138717@1787666470.030076695
0.0.5740497,1581.662209603763,SUCCESS,0.0.731861,0.0.6071119,0.0.4138717@1787666472.085741099
0.0.2020001,0.03019001650692695,SUCCESS,0.0.731861,0.0.6071119,0.0.4138717@1787666472.171183692
0.0.2174967,79.19442569001392,SUCCESS,0.0.731861,0.0.6071119,0.0.4138717@1787666472.053891387
0.0.10031184,961.9685955268084,NOT_ASSOCIATED,0.0.731861,0.0.6071119,
0.0.4041275,353.7226896650072,SUCCESS,0.0.731861,0.0.6071119,0.0.4138717@1787666469.045726077
0.0.2137399,11.96181051753915,SUCCESS,0.0.731861,0.0.6071119,0.0.4138717@1787666472.349761199
0.0.6892983,569.4256182749001,SUCCESS,0.0.731861,0.0.6071119,0.0.4138717@1787666474.786058348
0.0.9119461,0.001368861735613017,SUCCESS,0.0.731861,0.0.6071119&0.0.8315114,0.0.4138717@1787666471.869959953
0.0.833139,8.034025163211915,SUCCESS,0.0.731861,0.0.6071119,0.0.4138717@1787666472.833678038
0.0.1700952,644.3826325375741,SUCCESS,0.0.731861,0.0.6071119,0.0.4138717@1787666473.690370773
0.0.9824949,3270.026680168785,SUCCESS,0.0.731861,0.0.6071911,0.0.4138717@1787666475.136571830
0.0.3704330,2885.410943851864,SUCCESS,0.0.731861,0.0.6071911,0.0.4138717@1787666475.230245640
0.0.3640917,124.4429998446863,SUCCESS,0.0.731861,0.0.6071911,0.0.4138717@1787666475.113197608
0.0.6082528,3252.903269592789,SUCCESS,0.0.731861,0.0.6078459,0.0.4138717@1787666476.381449626
0.0.2997555,0.09189040167385322,SUCCESS,0.0.731861,0.0.6078459,0.0.4138717@1787666478.023612835
0.0.7857493,4918.235540891255,NOT_ASSOCIATED,0.0.731861,0.0.6078459,
0.0.7200098,97.0542521000054,SUCCESS,0.0.731861,0.0.6078459,0.0.4138717@1787666477.840611502
0.0.9471068,181.4066177122253,SUCCESS,0.0.731861,0.0.6078473,0.0.4138717@1787666476.952569861
0.0.8208716,7722.874033095842,SUCCESS,0.0.731861,0.0.6078473,0.0.4138717@1787666479.230787044
0.0.972940,0.01628531800102265,SUCCESS,0.0.731861,0.0.6126395,0.0.4138717@1787666476.661548936
0.0.4987474,0.00005212439672112326,SUCCESS,0.0.731861,0.0.6126395,0.0.4138717@1787666479.303875036
0.0.10801051,0.006726963900716216,NOT_ASSOCIATED,0.0.731861,0.0.8315114,
0.0.10432879,0.01047693372840712,SUCCESS,0.0.731861,0.0.8315114,0.0.4138717@1787666477.224085515
0.0.4340961,0.003472722648769043,SUCCESS,0.0.731861,0.0.8315114,0.0.4138717@1787666480.441598756
0.0.10267182,0.1305042609249561,NOT_ASSOCIATED,0.0.731861,0.0.8315114,
0.0.10267181,0.4360154627959074,NOT_ASSOCIATED,0.0.731861,0.0.8315114,
0.0.10031155,0.1749388014349038,NOT_ASSOCIATED,0.0.731861,0.0.8315114,
0.0.10031160,289.4641184734544,NOT_ASSOCIATED,0.0.731861,0.0.8315114,
0.0.1033719,7.822339228364024,SUCCESS,0.0.731861,0.0.8315114,0.0.4138717@1787666479.164800433
0.0.5679713,0.03834190946847554,SUCCESS,0.0.731861,0.0.8315114,0.0.4138717@1787666481.963763117
0.0.3311267,0.002274487825355179,NOT_ASSOCIATED,0.0.731861,0.0.8315114,
0.0.7688939,0.03706940516499922,SUCCESS,0.0.731861,0.0.8315114,0.0.4138717@1787666482.211735497
0.0.8326917,1.287797984274133,NOT_ASSOCIATED,0.0.731861,0.0.8315114,
0.0.10801052,0.01474580076889562,NOT_ASSOCIATED,0.0.731861,0.0.8315114,
0.0.8712714,0.8775862814688085,SUCCESS,0.0.731861,0.0.8315114,0.0.4138717@1787666484.931798852
0.0.8085924,2.053199542888998,SUCCESS,0.0.731861,0.0.8315114,0.0.4138717@1787666485.254749811
0.0.4544022,119.9573007229597,NOT_ASSOCIATED,0.0.731861,0.0.8315114,
0.0.8192889,126.9949193517066,SUCCESS,0.0.731861,0.0.8315114,0.0.4138717@1787666485.939357027
0.0.9695763,2147.999112032186,SUCCESS,0.0.731861,0.0.8315114,0.0.4138717@1787666484.585716028
0.0.10033160,0.000299708206584545,NOT_ASSOCIATED,0.0.731861,0.0.9774523,
0.0.316403,197603.6810284361,SUCCESS,0.0.731861,0.0.9774523&0.0.10018365&0.0.10092996&0.0.10093026,0.0.4138717@1787666482.133984416
0.0.10517260,442.1843063378301,FAIL,0.0.731861,0.0.9774523&0.0.10018365&0.0.10093026,
0.0.10120444,0.03102208332216836,NOT_ASSOCIATED,0.0.731861,0.0.10018365,
0.0.10120462,0.00001590030063470337,NOT_ASSOCIATED,0.0.731861,0.0.10092996,
0.0.10120460,89.0620574438718,NOT_ASSOCIATED,0.0.731861,0.0.10092996,
0.0.4157421,12.31882828851809,SUCCESS,0.0.731861,0.0.10093026,0.0.4138717@1787666487.229763908
0.0.10120424,0.00918445205230174,NOT_ASSOCIATED,0.0.731861,0.0.10093026,
0.0.10120438,0.002153062451638937,NOT_ASSOCIATED,0.0.731861,0.0.10093026,
0.0.4331779,45.94757906174441,SUCCESS,0.0.731861,0.0.10093026,0.0.4138717@1787666488.290190356
0.0.10382204,5648.325776617939,SUCCESS,0.0.731861,0.0.10387648&0.0.10414792&0.0.10418141&0.0.10498271&0.0.10498274&0.0.10498278&0.0.10498280,0.0.4138717@1787666487.970796129
0.0.10449777,0.00139775383229144,NOT_ASSOCIATED,0.0.731861,0.0.10387648,
0.0.10454159,3.142166752167432e-8,NOT_ASSOCIATED,0.0.731861,0.0.10387648,
0.0.820781,54.31857309506154,SUCCESS,0.0.731861,0.0.10414792,0.0.4138717@1787666486.662952076
0.0.7582729,1957.168034800668,SUCCESS,0.0.731861,0.0.10414792,0.0.4138717@1787666486.128820881
0.0.1483886,3226.679995900118,SUCCESS,0.0.731861,0.0.10418141,0.0.4138717@1787666490.221053057
0.0.4865794,268.8785429802272,SUCCESS,0.0.731861,0.0.10418141,0.0.4138717@1787666490.540264468
0.0.10573597,34131.38186924623,SUCCESS,0.0.731861,0.0.10498271&0.0.10498278&0.0.10498280,0.0.4138717@1787666488.781469840
0.0.10508396,2996.204212116744,SUCCESS,0.0.731861,0.0.10498271&0.0.10498274&0.0.10498278&0.0.10498280,0.0.4138717@1787666491.991525929
0.0.10818243,0.0006273740602684776,SUCCESS,hbar,0.0.3951117,0.0.4138717@1787666567.058032200
0.0.6872459,27.48695099032398,SUCCESS,hbar,0.0.3951117,0.0.4138717@1787666563.324057153
0.0.2122027,0.7736100327765963,SUCCESS,hbar,0.0.3951117&0.0.3964804,0.0.4138717@1787666567.456861714
0.0.4531253,0.005317761979553364,SUCCESS,hbar,0.0.3951117&0.0.3964804,0.0.4138717@1787666564.443439727
0.0.9104463,0.7239825786008767,SUCCESS,hbar,0.0.3951117&0.0.3964804,0.0.4138717@1787666566.228394387
0.0.7788937,0.002078061830396098,SUCCESS,hbar,0.0.3951117,0.0.4138717@1787666562.977792486
0.0.9150357,0.4233296064927157,SUCCESS,hbar,0.0.3951117,0.0.4138717@1787666563.844162451
0.0.7526203,0.1366739204986131,SUCCESS,hbar,0.0.3951117&0.0.3964804,0.0.4138717@1787666566.768361556
0.0.8899262,0.2694573503548949,SUCCESS,hbar,0.0.3951117,0.0.4138717@1787666562.674985522
0.0.3310398,0.05051523371357883,SUCCESS,hbar,0.0.3951117&0.0.3964804,0.0.4138717@1787666567.238647189
0.0.9120392,0.05509992439290938,SUCCESS,hbar,0.0.3951117&0.0.3964804,0.0.4138717@1787666571.181582162
0.0.9195929,1.868519512610594,SUCCESS,hbar,0.0.3951117&0.0.3964804,0.0.4138717@1787666568.817293242
0.0.7891604,0.8556492319652808,SUCCESS,hbar,0.0.3951117,0.0.4138717@1787666570.983363912
0.0.9200436,0.04256265916053564,SUCCESS,hbar,0.0.3951117,0.0.4138717@1787666572.325057825
0.0.657648,6.072486676820244,SUCCESS,hbar,0.0.3951117,0.0.4138717@1787666573.929250570
0.0.8531519,0.2864107254953494,SUCCESS,hbar,0.0.3951117,0.0.4138717@1787666577.878023147
0.0.9301583,6.272094620653196,SUCCESS,hbar,0.0.3951117,0.0.4138717@1787666578.903492460
0.0.4351536,0.1093344787388364,SUCCESS,hbar,0.0.3951117,0.0.4138717@1787666577.568638429
0.0.844585,0.9163172655494872,SUCCESS,hbar,0.0.3951117&0.0.3964804,0.0.4138717@1787666579.952151468
0.0.9318600,11.63916300654502,SUCCESS,hbar,0.0.3951117,0.0.4138717@1787666582.523220145
0.0.9154738,0.1238374032984295,SUCCESS,hbar,0.0.3951117&0.0.3964804,0.0.4138717@1787666583.583767840
0.0.2994397,0.1443577290286379,SUCCESS,hbar,0.0.3951117,0.0.4138717@1787666580.808831726
0.0.9619890,0.7842693540850015,SUCCESS,hbar,0.0.3951117&0.0.3964804,0.0.4138717@1787666585.820263220
0.0.9597272,0.1001464213447753,SUCCESS,hbar,0.0.3951117,0.0.4138717@1787666584.458488123
0.0.7680254,0.1165639051125481,SUCCESS,hbar,0.0.3951117&0.0.3964804,0.0.4138717@1787666584.702660594
0.0.52231,0.4295614083124133,SUCCESS,hbar,0.0.3951117,0.0.4138717@1787666590.625908526
0.0.4570908,2.460386073391506,SUCCESS,hbar,0.0.3951117,0.0.4138717@1787666589.577628527
0.0.835242,0.001017952022049483,SUCCESS,hbar,0.0.3951117,0.0.4138717@1787666591.269232564
0.0.1601282,0.008261396428955495,SUCCESS,hbar,0.0.3951117,0.0.4138717@1787666593.293559773
0.0.1506598,0.1909661346492394,SUCCESS,hbar,0.0.3951117,0.0.4138717@1787666594.211978200
0.0.4559340,0.01247981582205216,SUCCESS,hbar,0.0.3951117,0.0.4138717@1787666596.718431305
0.0.7798148,0.2948078804590635,SUCCESS,hbar,0.0.3951117,0.0.4138717@1787666598.885151463
0.0.7843482,0.1231031876861792,SUCCESS,hbar,0.0.3951117&0.0.3964804,0.0.4138717@1787666596.065142482
0.0.7835270,0.6116304242180359,SUCCESS,hbar,0.0.3951117,0.0.4138717@1787666602.580580254
0.0.4503599,0.146851496733961,SUCCESS,hbar,0.0.3951117,0.0.4138717@1787666602.377222746
0.0.4347838,0.2658534256192349,SUCCESS,hbar,0.0.3951117,0.0.4138717@1787666602.854103976
0.0.1877739,0.01165928418276291,SUCCESS,hbar,0.0.3951117,0.0.4138717@1787666603.437820899
0.0.4864609,0.01116717124030676,SUCCESS,hbar,0.0.3951117,0.0.4138717@1787666604.515124796
0.0.598828,0.004095206524617391,SUCCESS,hbar,0.0.3951117&0.0.3964804,0.0.4138717@1787666603.684561058
0.0.4302086,0.01330540543993104,SUCCESS,hbar,0.0.3951117,0.0.4138717@1787666608.909930311
0.0.7991960,0.7110476057368993,SUCCESS,hbar,0.0.3951117&0.0.3964804,0.0.4138717@1787666608.636769733
0.0.8341357,0.03490265385425159,SUCCESS,hbar,0.0.3951117,0.0.4138717@1787666610.403273303
0.0.2125030,3.895413799401201,SUCCESS,hbar,0.0.3951117,0.0.4138717@1787666612.193512434
0.0.856667,0.5507022713000697,SUCCESS,hbar,0.0.3951117&0.0.3964804,0.0.4138717@1787666611.497104891
0.0.1991961,2.159845844614635,SUCCESS,hbar,0.0.3951117,0.0.4138717@1787666611.458491867
0.0.8068689,0.7124581096593255,SUCCESS,hbar,0.0.3951117&0.0.3964804,0.0.4138717@1787666610.283368890
0.0.7889838,0.003828765956242864,SUCCESS,hbar,0.0.3951117,0.0.4138717@1787666611.841892306
0.0.6258771,0.3139104197657759,SUCCESS,hbar,0.0.3951117,0.0.4138717@1787666616.065180377
0.0.1379217,0.3916155513888919,SUCCESS,hbar,0.0.3951117,0.0.4138717@1787666618.722686969
0.0.4912200,8.458102934038207,SUCCESS,hbar,0.0.3951117&0.0.3964804,0.0.4138717@1787666615.392960518
0.0.4342759,2.345817526266249,SUCCESS,hbar,0.0.3951117,0.0.4138717@1787666619.965108376
0.0.1691323,1.949275063999924,SUCCESS,hbar,0.0.3951117&0.0.3964804,0.0.4138717@1787666619.956978333
0.0.8616856,4.743310593668904,SUCCESS,hbar,0.0.3951117&0.0.3964804,0.0.4138717@1787666618.511099106
0.0.2960169,0.06884196715984502,SUCCESS,hbar,0.0.3951117,0.0.4138717@1787666622.753629995
0.0.5028724,0.0005310256272616192,SUCCESS,hbar,0.0.3951117,0.0.4138717@1787666621.888646352
0.0.1512938,0.00006707848401645816,SUCCESS,hbar,0.0.3951117,0.0.4138717@1787666623.645334043
0.0.4339712,0.03182492229283359,SUCCESS,hbar,0.0.3951117,0.0.4138717@1787666621.460611257
0.0.1784251,0.006700768761458588,SUCCESS,hbar,0.0.3951117&0.0.3964804,0.0.4138717@1787666621.839427263
0.0.1339713,0.7487599971310949,SUCCESS,hbar,0.0.3951117&0.0.3964804,0.0.4138717@1787666623.080306262
0.0.4745055,0.0005821473862792285,SUCCESS,hbar,0.0.3951117,0.0.4138717@1787666622.825944732
0.0.4338219,0.6095767459379985,SUCCESS,hbar,0.0.3951117,0.0.4138717@1787666628.890615446
0.0.4792831,0.0003072007806427102,SUCCESS,hbar,0.0.3951117,0.0.4138717@1787666627.246778933
0.0.664329,0.005629936070681169,SUCCESS,hbar,0.0.3951117,0.0.4138717@1787666630.263662096
0.0.4858736,0.004032644543419009,SUCCESS,hbar,0.0.3951117,0.0.4138717@1787666629.763897420
0.0.834443,10.87473279101854,SUCCESS,hbar,0.0.3951117,0.0.4138717@1787666631.382190277
0.0.4430933,0.07678796229746973,SUCCESS,hbar,0.0.3951117,0.0.4138717@1787666633.595880572
0.0.4383878,0.006357103087119732,SUCCESS,hbar,0.0.3951117,0.0.4138717@1787666630.457318717
0.0.4331665,0.1112197059545499,SUCCESS,hbar,0.0.3951117,0.0.4138717@1787666636.524315218
0.0.5156210,0.001456121785974389,SUCCESS,hbar,0.0.3951117&0.0.3964804,0.0.4138717@1787666634.777270547
0.0.5702270,1.862706145328864,SUCCESS,hbar,0.0.3951117,0.0.4138717@1787666638.776112222
0.0.5060673,27.50081595126442,SUCCESS,hbar,0.0.3951117,0.0.4138717@1787666637.701678306
0.0.1458130,0.003909196816394816,SUCCESS,hbar,0.0.3951117,0.0.4138717@1787666640.150526838
0.0.1904506,0.00005657698980298568,SUCCESS,hbar,0.0.3951117,0.0.4138717@1787666638.242040682
0.0.6234814,0.02357779166466546,SUCCESS,hbar,0.0.3951117,0.0.4138717@1787666643.182208283
0.0.1292697,0.05947491839545126,SUCCESS,hbar,0.0.3951117,0.0.4138717@1787666644.121427516
0.0.696790,0.6292550571771011,SUCCESS,hbar,0.0.3951117&0.0.3964804,0.0.4138717@1787666643.782843206
0.0.7129552,4.917110525284969,SUCCESS,hbar,0.0.3951117,0.0.4138717@1787666643.600410600
0.0.1380352,0.1408755964956734,SUCCESS,hbar,0.0.3951117,0.0.4138717@1787666642.361870033
0.0.7287636,1.141821659220177,SUCCESS,hbar,0.0.3951117&0.0.3964804,0.0.4138717@1787666642.234345688
0.0.5126364,1.508616592076143,SUCCESS,hbar,0.0.3951117,0.0.4138717@1787666647.533670228
0.0.1070346,2.676862630233477,SUCCESS,hbar,0.0.3951117,0.0.4138717@1787666646.710213295
0.0.4349716,0.0846575097723434,SUCCESS,hbar,0.0.3951117&0.0.3964804,0.0.4138717@1787666651.403741920
0.0.10064213,0.08701557925837378,SUCCESS,hbar,0.0.3951117&0.0.3964804,0.0.4138717@1787666652.400629157
0.0.6374996,0.9029888894125871,SUCCESS,hbar,0.0.3951117,0.0.4138717@1787666653.708747626
0.0.10088944,0.1547113367497076,SUCCESS,hbar,0.0.3951117&0.0.3964804,0.0.4138717@1787666651.388921945
0.0.139500,0.7958462730017607,SUCCESS,hbar,0.0.3951117,0.0.4138717@1787666650.458874108
0.0.7920605,0.02962747799473291,SUCCESS,hbar,0.0.3951117,0.0.4138717@1787666653.664342898
0.0.1123753,0.1371736985813609,SUCCESS,hbar,0.0.3951117,0.0.4138717@1787666651.904509235
0.0.3525426,0.6390244672986908,SUCCESS,hbar,0.0.3951117&0.0.3964804,0.0.4138717@1787666655.541490239
0.0.1462225,117.9900915448675,SUCCESS,hbar,0.0.3951117,0.0.4138717@1787666653.235055037
0.0.9430013,4.185566902471418,SUCCESS,hbar,0.0.3951117,0.0.4138717@1787666658.088074599
0.0.1792818,0.0004348912713440597,SUCCESS,hbar,0.0.3951117,0.0.4138717@1787666653.921944760
0.0.10206048,0.01136886311056977,SUCCESS,hbar,0.0.3951117,0.0.4138717@1787666659.063976415
0.0.1023917,1.545937209076925,SUCCESS,hbar,0.0.3951117&0.0.3964804,0.0.4138717@1787666659.986592239
0.0.1071830,1.481703135376826,SUCCESS,hbar,0.0.3951117&0.0.3964804,0.0.4138717@1787666658.899238762
0.0.4423729,0.674136531499656,SUCCESS,hbar,0.0.3951117&0.0.3964804,0.0.4138717@1787666662.475045228
0.0.4569835,0.0006132352379567698,SUCCESS,hbar,0.0.3951117,0.0.4138717@1787666662.321572642
0.0.490092,0.01196514120126576,SUCCESS,hbar,0.0.3951117,0.0.4138717@1787666662.366956575
0.0.516971,1.37676704021346e-8,SUCCESS,hbar,0.0.3951117,0.0.4138717@1787666663.806524923
0.0.4575306,0.0003988791414056235,SUCCESS,hbar,0.0.3951117,0.0.4138717@1787666664.296984925
0.0.1508462,3.03991429345369,SUCCESS,hbar,0.0.3951117,0.0.4138717@1787666662.798107030
0.0.3872466,0.01129062305265085,SUCCESS,hbar,0.0.3951117,0.0.4138717@1787666663.421724025
0.0.4591423,0.004832259996556821,SUCCESS,hbar,0.0.3951117,0.0.4138717@1787666665.291904552
0.0.3925109,0.000004126749927898957,SUCCESS,hbar,0.0.3951117,0.0.4138717@1787666669.469105669
0.0.4433722,0.006370266917008868,SUCCESS,hbar,0.0.3951117,0.0.4138717@1787666667.180276962
0.0.4361868,4.811172097216045,SUCCESS,hbar,0.0.3951117,0.0.4138717@1787666668.545388752
0.0.841339,0.2181764406321342,SUCCESS,hbar,0.0.3951117,0.0.4138717@1787666669.423865450
0.0.4348824,0.005895337414358832,SUCCESS,hbar,0.0.3951117,0.0.4138717@1787666672.356740657
0.0.4544530,0.03502956977640456,SUCCESS,hbar,0.0.3951117&0.0.3964804,0.0.4138717@1787666671.567911003
0.0.1506629,0.01352268783718434,SUCCESS,hbar,0.0.3951117,0.0.4138717@1787666675.769715680
0.0.795933,0.2179895244865357,SUCCESS,hbar,0.0.3951117,0.0.4138717@1787666676.736073356
0.0.4324445,0.02933175886151754,SUCCESS,hbar,0.0.3951117&0.0.3964804,0.0.4138717@1787666675.481722041
0.0.4321631,0.6091664927380046,SUCCESS,hbar,0.0.3951117&0.0.3964804,0.0.4138717@1787666676.490646842
0.0.4582751,0.0221537789631321,SUCCESS,hbar,0.0.3951117,0.0.4138717@1787666682.974457963
0.0.4324463,0.01416796988071826,SUCCESS,hbar,0.0.3951117,0.0.4138717@1787666679.767306434
0.0.1266990,0.009337220548525772,SUCCESS,hbar,0.0.3951117,0.0.4138717@1787666681.554031606
0.0.5118079,0.1653299696993119,SUCCESS,hbar,0.0.3951117&0.0.3964804,0.0.4138717@1787666680.788134864
0.0.5118232,0.05490590073198034,SUCCESS,hbar,0.0.3951117&0.0.3964804,0.0.4138717@1787666684.623138453
0.0.5118190,0.1248973270269996,SUCCESS,hbar,0.0.3951117&0.0.3964804,0.0.4138717@1787666685.285085975
0.0.5119346,0.5079448116286308,SUCCESS,hbar,0.0.3951117&0.0.3964804,0.0.4138717@1787666687.142744127
0.0.104926,0.001321673111958151,SUCCESS,hbar,0.0.3951117,0.0.4138717@1787666688.203131422
0.0.5182107,0.04920129533213091,SUCCESS,hbar,0.0.3951117&0.0.3964804,0.0.4138717@1787666689.753143655
0.0.5202236,0.06859885196692275,SUCCESS,hbar,0.0.3951117,0.0.4138717@1787666685.856369771
0.0.4590627,0.1097864796020753,SUCCESS,hbar,0.0.3951117,0.0.4138717@1787666690.666104152
0.0.4323088,0.864174114224501,SUCCESS,hbar,0.0.3951117&0.0.3964804,0.0.4138717@1787666689.106012765
0.0.4335807,0.7715424343011447,SUCCESS,hbar,0.0.3951117,0.0.4138717@1787666688.709079607
0.0.4986167,0.02205544188813768,SUCCESS,hbar,0.0.3951117,0.0.4138717@1787666693.141248350
0.0.5281334,0.02201721698748645,SUCCESS,hbar,0.0.3951117,0.0.4138717@1787666690.925885650
0.0.5310061,0.0883110644177566,SUCCESS,hbar,0.0.3951117&0.0.3964804,0.0.4138717@1787666693.616192457
0.0.5117832,7.032973984366867,SUCCESS,hbar,0.0.3951117&0.0.3964804,0.0.4138717@1787666693.171814130
0.0.1711779,0.002188096931185013,SUCCESS,hbar,0.0.3951117,0.0.4138717@1787666693.713121465
0.0.853268,5.286974650625265,SUCCESS,hbar,0.0.3951117,0.0.4138717@1787666693.245347942
0.0.662296,5.642521270980335,SUCCESS,hbar,0.0.3951117,0.0.4138717@1787666696.826670632
0.0.4333286,0.0216627582865608,SUCCESS,hbar,0.0.3951117,0.0.4138717@1787666697.917773052
0.0.1628961,206.2016185618633,SUCCESS,hbar,0.0.3951117&0.0.3964804,0.0.4138717@1787666696.990046640
0.0.819461,0.03425276944528963,SUCCESS,hbar,0.0.3951117,0.0.4138717@1787666697.354998546
0.0.4210667,0.004657006845353647,SUCCESS,hbar,0.0.3951117,0.0.4138717@1787666697.953036941
0.0.1412849,0.000001428738503254494,SUCCESS,hbar,0.0.3951117,0.0.4138717@1787666698.194096641
0.0.823348,0.04470524962482983,SUCCESS,hbar,0.0.3951117,0.0.4138717@1787666698.711796014
0.0.914261,3.602410034547179,SUCCESS,hbar,0.0.3951117,0.0.4138717@1787666703.892615354
0.0.2174139,0.07228918655785029,SUCCESS,hbar,0.0.3951117&0.0.3964804,0.0.4138717@1787666703.158811536
0.0.1261552,0.03231280041217708,SUCCESS,hbar,0.0.3951117&0.0.3964804,0.0.4138717@1787666706.489473824
0.0.4205604,0.2380268177197241,SUCCESS,hbar,0.0.3951117,0.0.4138717@1787666704.339243831
0.0.639876,0.01377082149854275,SUCCESS,hbar,0.0.3951117,0.0.4138717@1787666704.359416592
0.0.4329215,0.02096046750725493,SUCCESS,hbar,0.0.3951117&0.0.3964804,0.0.4138717@1787666708.952519979
0.0.854331,0.00916458574388086,SUCCESS,hbar,0.0.3951117,0.0.4138717@1787666706.396351344
0.0.3829916,2.86136792772937,SUCCESS,hbar,0.0.3951117,0.0.4138717@1787666707.510313017
0.0.700741,0.1109666894088939,SUCCESS,hbar,0.0.3951117,0.0.4138717@1787666709.356235694
0.0.1453803,0.3707000073316251,SUCCESS,hbar,0.0.3951117,0.0.4138717@1787666711.196663163
0.0.4346579,0.0006161179258921806,SUCCESS,hbar,0.0.3951117,0.0.4138717@1787666709.769127621
0.0.508876,13.51736150311375,SUCCESS,hbar,0.0.3951117&0.0.3964804,0.0.4138717@1787666712.840945646
0.0.1075892,0.3652561274292686,SUCCESS,hbar,0.0.3951117,0.0.4138717@1787666713.608621604
0.0.4350041,0.06347837213508976,SUCCESS,hbar,0.0.3951117,0.0.4138717@1787666715.323990148
0.0.1910285,0.04099366432356005,SUCCESS,hbar,0.0.3951117,0.0.4138717@1787666716.088945345
0.0.1735540,0.3218028507292125,SUCCESS,hbar,0.0.3951117,0.0.4138717@1787666716.386763414
0.0.4349304,0.001481933289988783,SUCCESS,hbar,0.0.3951117,0.0.4138717@1787666713.806664176
0.0.1338331,0.1404167956351011,SUCCESS,hbar,0.0.3951117,0.0.4138717@1787666719.691280154
0.0.4322065,0.3414539181198379,SUCCESS,hbar,0.0.3951117,0.0.4138717@1787666721.191006890
0.0.4370057,0.02240192593360935,SUCCESS,hbar,0.0.3951117,0.0.4138717@1787666719.544125045
0.0.6026305,0.02255356742653694,SUCCESS,hbar,0.0.3951117,0.0.4138717@1787666721.721780562
0.0.2968839,0.6854770707527529,SUCCESS,hbar,0.0.3951117&0.0.3964804,0.0.4138717@1787666718.444604819
0.0.4923080,0.01651358533804026,SUCCESS,hbar,0.0.3951117,0.0.4138717@1787666718.880058804
0.0.3242760,2.492473307310208,SUCCESS,hbar,0.0.3951117&0.0.3964804,0.0.4138717@1787666720.225754988
0.0.5797983,0.03444713544394838,SUCCESS,hbar,0.0.3951117&0.0.3964804,0.0.4138717@1787666720.939908783
0.0.850535,29.03704028690645,SUCCESS,hbar,0.0.3951117,0.0.4138717@1787666723.122919220
0.0.6244791,0.1248202049417334,SUCCESS,hbar,0.0.3951117,0.0.4138717@1787666724.414990890
0.0.6313910,13.17243980179782,SUCCESS,hbar,0.0.3951117&0.0.3964804,0.0.4138717@1787666722.114165069
0.0.6289117,1.91896502017464,SUCCESS,hbar,0.0.3951117&0.0.3964804,0.0.4138717@1787666723.374200117
0.0.6440477,0.05392331580356386,SUCCESS,hbar,0.0.3951117&0.0.3964804,0.0.4138717@1787666724.745811986
0.0.874760,4.546538482036412,SUCCESS,hbar,0.0.3951117&0.0.3964804,0.0.4138717@1787666725.571850672
0.0.4345324,0.01290495437328964,SUCCESS,hbar,0.0.3951117,0.0.4138717@1787666729.835082019
0.0.4702708,0.01505925233612188,SUCCESS,hbar,0.0.3951117,0.0.4138717@1787666725.574441841
0.0.4330219,0.01994396132806991,SUCCESS,hbar,0.0.3951117,0.0.4138717@1787666730.747588791
0.0.6781119,0.9435301699343094,SUCCESS,hbar,0.0.3951117&0.0.3964804,0.0.4138717@1787666732.608444302
0.0.7262531,0.00261346102805073,SUCCESS,hbar,0.0.3951117&0.0.3964804,0.0.4138717@1787666732.993061102
0.0.7138336,0.001440846360937925,SUCCESS,hbar,0.0.3951117,0.0.4138717@1787666734.647003061
0.0.1340928,6.890653650365573,SUCCESS,hbar,0.0.3951117,0.0.4138717@1787666735.670090988
0.0.7479340,0.1600997088351937,SUCCESS,hbar,0.0.3951117&0.0.3964804,0.0.4138717@1787666733.969978504
0.0.5078033,0.215565507259431,SUCCESS,hbar,0.0.3951117,0.0.4138717@1787666738.374666542
0.0.4229805,0.05960799370495721,SUCCESS,hbar,0.0.3951117,0.0.4138717@1787666739.113735245
0.0.1726157,0.4603149612303113,SUCCESS,hbar,0.0.3951117&0.0.3964804,0.0.4138717@1787666736.902770332
0.0.4551977,0.01029979557400755,SUCCESS,hbar,0.0.3951117,0.0.4138717@1787666737.083218037
0.0.4766933,1.912079650719471,SUCCESS,hbar,0.0.3951117,0.0.4138717@1787666741.202006410
0.0.1110477,1.046838190846957,SUCCESS,hbar,0.0.3951117,0.0.4138717@1787666739.508902698
0.0.1490591,1.533481860664351,SUCCESS,hbar,0.0.3951117&0.0.3964804,0.0.4138717@1787666740.606184145
0.0.5976303,0.05115681421046898,SUCCESS,hbar,0.0.3951117&0.0.3964804,0.0.4138717@1787666741.294225589
0.0.4354394,1.304896389903318,SUCCESS,hbar,0.0.3951117,0.0.4138717@1787666743.044703384
0.0.1322785,3.844422018576564,SUCCESS,hbar,0.0.3951117,0.0.4138717@1787666744.170080423
0.0.5716339,0.0001699090228589022,SUCCESS,hbar,0.0.3951117,0.0.4138717@1787666744.988173144
0.0.4709377,1.451447549313742,SUCCESS,hbar,0.0.3951117,0.0.4138717@1787666742.296897590
0.0.4695027,0.04120402315948172,SUCCESS,hbar,0.0.3951117,0.0.4138717@1787666748.133691160
0.0.4340758,0.07552702921594363,SUCCESS,hbar,0.0.3951117&0.0.3964804,0.0.4138717@1787666745.678997426
0.0.4817549,0.1964823443070863,SUCCESS,hbar,0.0.3951117&0.0.3964804,0.0.4138717@1787666747.908119104
0.0.4938729,0.1716286889398399,SUCCESS,hbar,0.0.3951117,0.0.4138717@1787666750.504666457
0.0.4322002,0.049562780908943,SUCCESS,hbar,0.0.3951117,0.0.4138717@1787666747.946863344
0.0.4968045,0.3223549952029357,SUCCESS,hbar,0.0.3951117,0.0.4138717@1787666750.245171618
0.0.2930231,0.04960704285230838,SUCCESS,hbar,0.0.3951117&0.0.3964804,0.0.4138717@1787666754.912372028
0.0.4558891,0.4553609201157669,SUCCESS,hbar,0.0.3951117,0.0.4138717@1787666751.659634523
0.0.6270084,77.6037287103484,SUCCESS,hbar,0.0.3951117&0.0.3964804,0.0.4138717@1787666752.057001298
0.0.4318411,0.6231956635427478,SUCCESS,hbar,0.0.3951117,0.0.4138717@1787666754.583615766
0.0.3681428,26.61624970707658,SUCCESS,hbar,0.0.3951117&0.0.3964804,0.0.4138717@1787666754.763847861
0.0.4329852,2.663690474754438,SUCCESS,hbar,0.0.3951117&0.0.3964804,0.0.4138717@1787666758.008063891
0.0.5975196,0.01858361965211028,SUCCESS,hbar,0.0.3951117,0.0.4138717@1787666758.971466844
0.0.3969243,0.003346678678638425,SUCCESS,hbar,0.0.3951117,0.0.4138717@1787666754.909313448
0.0.4732964,0.01410019848165367,SUCCESS,hbar,0.0.3951117,0.0.4138717@1787666758.042638376
0.0.4432149,0.03765303523003725,SUCCESS,hbar,0.0.3951117,0.0.4138717@1787666755.710162262
0.0.1412123,0.04078232098050227,SUCCESS,hbar,0.0.3951117&0.0.3964804,0.0.4138717@1787666759.726792598
0.0.4184733,11.3041273626387,SUCCESS,hbar,0.0.3951117,0.0.4138717@1787666758.871645642
0.0.4775299,0.1041512150649989,SUCCESS,hbar,0.0.3951117,0.0.4138717@1787666757.607156543
0.0.4758169,0.06204139237379482,SUCCESS,hbar,0.0.3951117,0.0.4138717@1787666759.087568435
0.0.3071320,3.214804384247222,SUCCESS,hbar,0.0.3951117,0.0.4138717@1787666761.475517163
0.0.4432398,0.03487677720984532,SUCCESS,hbar,0.0.3951117,0.0.4138717@1787666762.009809856
0.0.10584246,719.3120325945376,SUCCESS,hbar,0.0.3951117&0.0.3964804,0.0.4138717@1787666761.081386719
0.0.8188541,0.02497905189137812,SUCCESS,hbar,0.0.3951117,0.0.4138717@1787666760.767485057
0.0.4560992,0.3363792186611769,SUCCESS,hbar,0.0.3951117,0.0.4138717@1787666766.150547982
0.0.10504552,0.01554042397816855,SUCCESS,hbar,0.0.3951117,0.0.4138717@1787666766.534884489
0.0.912615,0.8217584685136502,SUCCESS,hbar,0.0.3951117&0.0.3964804,0.0.4138717@1787666766.388169813
0.0.10493411,0.6359833275159568,SUCCESS,hbar,0.0.3951117,0.0.4138717@1787666769.083633098
0.0.1734809,0.01507169835662565,SUCCESS,hbar,0.0.3951117&0.0.3964804,0.0.4138717@1787666767.394244838
0.0.10483303,1190.63783900248,SUCCESS,hbar,0.0.3951117,0.0.4138717@1787666766.085926794
0.0.1104990,22.9573965589248,SUCCESS,hbar,0.0.3951117,0.0.4138717@1787666768.572788951
0.0.2017173,2.532323180275094,SUCCESS,hbar,0.0.3951117&0.0.3964804,0.0.4138717@1787666771.395063636
0.0.1988559,0.05639530398236971,SUCCESS,hbar,0.0.3951117&0.0.3964804,0.0.4138717@1787666767.981681523
0.0.1408633,0.003013268875172546,SUCCESS,hbar,0.0.3951117,0.0.4138717@1787666768.897924015
0.0.10352676,0.08117834057423921,SUCCESS,hbar,0.0.3951117,0.0.4138717@1787666769.467664527
0.0.10296471,0.5996902780062121,SUCCESS,hbar,0.0.3951117,0.0.4138717@1787666774.432062619
0.0.9299646,0.3725432654471543,SUCCESS,hbar,0.0.3951117,0.0.4138717@1787666775.626058461
0.0.8373509,2.118126106460676,SUCCESS,hbar,0.0.3951117&0.0.3964804,0.0.4138717@1787666772.252717930
0.0.10230141,0.8884718781949691,SUCCESS,hbar,0.0.3951117,0.0.4138717@1787666772.582946805
0.0.4343858,0.5963395641807798,SUCCESS,hbar,0.0.3951117,0.0.4138717@1787666778.374490074
0.0.7786995,11.05205976309262,SUCCESS,hbar,0.0.3951117,0.0.4138717@1787666778.205253292
0.0.10169145,0.00879241073751131,SUCCESS,hbar,0.0.3951117,0.0.4138717@1787666778.022084990
0.0.10122546,0.005126327785501253,SUCCESS,hbar,0.0.3951117,0.0.4138717@1787666775.039713531
0.0.9302147,0.7212820426678954,SUCCESS,hbar,0.0.3951117,0.0.4138717@1787666777.975948906
0.0.735239,0.000007428522372127984,SUCCESS,hbar,0.0.3951117,0.0.4138717@1787666779.674764371
0.0.10076636,0.786249373245451,SUCCESS,hbar,0.0.3951117,0.0.4138717@1787666783.607050884
0.0.1340164,3.245406054826608,SUCCESS,hbar,0.0.3951117,0.0.4138717@1787666781.420398588
0.0.10076247,0.07692137665067335,SUCCESS,hbar,0.0.3951117,0.0.4138717@1787666782.798756578
0.0.10021410,0.005947037565924416,SUCCESS,hbar,0.0.3951117,0.0.4138717@1787666783.592806282
0.0.3241044,1.261697113547296,SUCCESS,hbar,0.0.3951117,0.0.4138717@1787666785.341692096
0.0.10812303,10.02291394054761,SUCCESS,hbar,0.0.3951117,0.0.4138717@1787666783.207967514
0.0.7925699,0.2409500661974313,SUCCESS,hbar,0.0.3951117,0.0.4138717@1787666788.397430146
0.0.10801086,0.000870598337852501,SUCCESS,hbar,0.0.3951117,0.0.4138717@1787666788.352858592
0.0.813134,1.859629399651555,SUCCESS,hbar,0.0.3951117,0.0.4138717@1787666791.168554032
0.0.814196,0.4013140936462444,SUCCESS,hbar,0.0.3951117,0.0.4138717@1787666790.830952220
0.0.10801079,0.004836064191610306,SUCCESS,hbar,0.0.3951117,0.0.4138717@1787666788.875664924
0.0.1265153,0.0006248206779444654,SUCCESS,hbar,0.0.3951117,0.0.4138717@1787666789.781615740
0.0.1274087,104.9641261577745,SUCCESS,hbar,0.0.3951117,0.0.4138717@1787666790.477558100
0.0.2773436,38.02157146243933,SUCCESS,hbar,0.0.3951117&0.0.3964804,0.0.4138717@1787666791.054517732
0.0.834820,3.674649466240886,SUCCESS,hbar,0.0.3951117&0.0.3964804,0.0.4138717@1787666791.852346867
0.0.836838,3528.364157330164,SUCCESS,hbar,0.0.3951117,0.0.4138717@1787666795.456377291
0.0.860438,0.2298855391593365,SUCCESS,hbar,0.0.3951117&0.0.3964804,0.0.4138717@1787666797.477806558
0.0.1290358,3.687048564579435,SUCCESS,hbar,0.0.3951117,0.0.4138717@1787666795.225609266
0.0.7490874,0.075432005563011,SUCCESS,hbar,0.0.3951117&0.0.3964804,0.0.4138717@1787666797.621456013
0.0.956549,13.81547467181267,SUCCESS,hbar,0.0.3951117,0.0.4138717@1787666799.190007907
0.0.832415,21.2779968809203,SUCCESS,hbar,0.0.3951117,0.0.4138717@1787666797.413779378
0.0.1375637,0.2760764195763184,SUCCESS,hbar,0.0.3951117,0.0.4138717@1787666797.353890675
0.0.3845966,0.1876724496356008,SUCCESS,hbar,0.0.3951117&0.0.3964804,0.0.4138717@1787666800.157604563
0.0.1724832,0.03957102442645957,SUCCESS,hbar,0.0.3951117,0.0.4138717@1787666802.463439530
0.0.832624,0.0005735001492265606,SUCCESS,hbar,0.0.3951117&0.0.3964804,0.0.4138717@1787666803.267740182
0.0.525256,1.36486293887834,SUCCESS,hbar,0.0.3951117,0.0.4138717@1787666803.149525238
0.0.2116956,0.09839528395665677,SUCCESS,hbar,0.0.3951117,0.0.4138717@1787666805.084522938
0.0.896788,105.7002810244961,SUCCESS,hbar,0.0.3951117,
0.0.925802,0.5301945060246017,SUCCESS,hbar,0.0.3951117,0.0.4138717@1787666804.179919755
0.0.10789847,21.9372455956908,SUCCESS,hbar,0.0.3951117,0.0.4138717@1787666801.786568597
0.0.10169238,0.1938155829634159,SUCCESS,hbar,0.0.3951117,0.0.4138717@1787666803.178827481
0.0.850352,3.058302637507382,SUCCESS,hbar,0.0.3951117,0.0.4138717@1787666802.602726346
0.0.8212757,0.1796018870648981,SUCCESS,hbar,0.0.3951117,
0.0.1707146,0.0952958752081655,SUCCESS,hbar,0.0.3951117,0.0.4138717@1787666804.896891410
0.0.8419510,0.02738016331735452,SUCCESS,hbar,0.0.3951117,0.0.4138717@1787666806.991080955
0.0.9112426,0.05938376951773143,SUCCESS,hbar,0.0.3951117&0.0.3964804,0.0.4138717@1787666807.270260403
0.0.9099631,0.0391760807063735,SUCCESS,hbar,0.0.3951117,0.0.4138717@1787666806.132849318
0.0.8684349,40.71062390488575,SUCCESS,hbar,0.0.3951117,0.0.4138717@1787666807.906694783
0.0.8546442,0.4529457255151538,SUCCESS,hbar,0.0.3951117,0.0.4138717@1787666810.809817462
0.0.4331763,11.39738245677003,SUCCESS,hbar,0.0.3951117,0.0.4138717@1787666812.180034405
0.0.8490555,0.1514772024782957,SUCCESS,hbar,0.0.3951117,0.0.4138717@1787666810.223000028
0.0.5352069,0.04653553189479737,SUCCESS,hbar,0.0.3951117,0.0.4138717@1787666809.816521398
0.0.3943340,0.007166792060380549,SUCCESS,hbar,0.0.3951117,0.0.4138717@1787666810.692924570
0.0.8382774,0.01649682027378891,SUCCESS,hbar,0.0.3951117&0.0.3964804,0.0.4138717@1787666814.105214550
0.0.2137668,2.980469466799156,SUCCESS,hbar,0.0.3951117&0.0.3964804,0.0.4138717@1787666813.787855804
0.0.8260017,0.009857975027877256,SUCCESS,hbar,0.0.3951117&0.0.3964804,0.0.4138717@1787666811.355461549
0.0.10031118,0.03771225279366375,SUCCESS,hbar,0.0.3951117,0.0.4138717@1787666812.386487258
0.0.819005,0.7532359807816489,SUCCESS,hbar,0.0.3951117,0.0.4138717@1787666816.422524921
0.0.8071373,0.1090240754361757,SUCCESS,hbar,0.0.3951117,0.0.4138717@1787666818.321623710
0.0.8068996,0.02864588981992386,SUCCESS,hbar,0.0.3951117&0.0.3964804,0.0.4138717@1787666816.469680571
0.0.5688804,0.153512438941455,SUCCESS,hbar,0.0.3951117,0.0.4138717@1787666818.025233385
0.0.8013259,1344.322552101669,SUCCESS,hbar,0.0.3951117,0.0.4138717@1787666818.409405455
0.0.3706536,0.0008261661273227907,SUCCESS,hbar,0.0.3951117,0.0.4138717@1787666818.984044958
0.0.7989790,0.002983189897718731,SUCCESS,hbar,0.0.3951117,0.0.4138717@1787666821.422217446
0.0.1157855,0.06470286662250285,SUCCESS,hbar,0.0.3951117,0.0.4138717@1787666823.059514673
0.0.7555632,0.00477000689441045,SUCCESS,hbar,0.0.3951117,0.0.4138717@1787666822.675567360
0.0.1464418,0.1312106853670975,SUCCESS,hbar,0.0.3951117,0.0.4138717@1787666820.483229562
0.0.834595,0.2291284008840911,SUCCESS,hbar,0.0.3951117&0.0.3964804,0.0.4138717@1787666820.629188203
0.0.1123889,0.182304139770611,SUCCESS,hbar,0.0.3951117&0.0.3964804,0.0.4138717@1787666825.082262082
0.0.5060163,0.0326226718889005,SUCCESS,hbar,0.0.3951117,0.0.4138717@1787666825.804762594
0.0.1368197,0.2384126132209545,SUCCESS,hbar,0.0.3951117&0.0.3964804,0.0.4138717@1787666826.459458955
0.0.10031117,0.2025170359005832,SUCCESS,hbar,0.0.3951117,0.0.4138717@1787666827.672975330
0.0.9723151,0.0003130448984492322,SUCCESS,hbar,0.0.3951117,0.0.4138717@1787666826.900060450
0.0.9958383,0.004729733675075991,SUCCESS,hbar,0.0.3951117,0.0.4138717@1787666829.239621546
0.0.9125858,1439.921307148581,SUCCESS,hbar,0.0.3951117,0.0.4138717@1787666828.186529693
0.0.4570964,0.7604499406514719,SUCCESS,hbar,0.0.3951117,0.0.4138717@1787666828.488973292
0.0.9761018,25.35116585048766,SUCCESS,hbar,0.0.3951117,0.0.4138717@1787666832.340733189
0.0.9755401,0.001169957452137607,SUCCESS,hbar,0.0.3951117,0.0.4138717@1787666832.749203915
0.0.9344085,0.6223397033585384,SUCCESS,hbar,0.0.3951117,0.0.4138717@1787666830.467570871
0.0.9626972,0.04041309360374015,SUCCESS,hbar,0.0.3951117,0.0.4138717@1787666834.247556700
0.0.7542917,0.01519621881863832,SUCCESS,hbar,0.0.3951117,0.0.4138717@1787666832.622688646
0.0.1115297,0.08076796969445826,SUCCESS,hbar,0.0.3951117,0.0.4138717@1787666834.325681527
0.0.8585089,8.35966315780453,SUCCESS,hbar,0.0.3951117,0.0.4138717@1787666835.161336889
0.0.650437,0.04566695467741637,SUCCESS,hbar,0.0.3951117,0.0.4138717@1787666836.556434646
0.0.9404406,0.001535624785737898,SUCCESS,hbar,0.0.3951117,0.0.4138717@1787666835.581299743
0.0.7810768,0.02866134520910157,SUCCESS,hbar,0.0.3951117,0.0.4138717@1787666835.646063737
0.0.1120575,14.30772631351073,SUCCESS,hbar,0.0.3951117&0.0.3964804,0.0.4138717@1787666840.035737709
0.0.9273872,0.001224788535449392,SUCCESS,hbar,0.0.3951117,0.0.4138717@1787666838.872926821
0.0.1515633,0.2839765617572,SUCCESS,hbar,0.0.3951117,0.0.4138717@1787666837.886666046
0.0.850481,7.153118664592053,SUCCESS,hbar,0.0.3951117,0.0.4138717@1787666844.068487107
0.0.4555391,0.1423961257459854,SUCCESS,hbar,0.0.3951117,0.0.4138717@1787666841.613792589
0.0.9359586,0.00415978794626753,SUCCESS,hbar,0.0.3951117,0.0.4138717@1787666840.954473577
0.0.832852,3.079714399990174,SUCCESS,hbar,0.0.3951117,0.0.4138717@1787666844.394601206
0.0.2174015,0.001576552751952348,SUCCESS,hbar,0.0.3951117,0.0.4138717@1787666842.799959314
0.0.1758196,0.06481739417556336,SUCCESS,hbar,0.0.3951117,0.0.4138717@1787666843.935614004
0.0.1110198,1.187050356692097,SUCCESS,hbar,0.0.3951117,0.0.4138717@1787666845.799283584
0.0.9365757,0.1833918415569768,SUCCESS,hbar,0.0.3964804,0.0.4138717@1787666849.555931235
0.0.9364762,0.006110017006508844,SUCCESS,hbar,0.0.3964804,0.0.4138717@1787666847.258782832
0.0.4594903,0.006106905493220283,SUCCESS,hbar,0.0.3964804,0.0.4138717@1787666849.315400482
0.0.190191,0.01518864898444808,SUCCESS,hbar,0.0.3964804,0.0.4138717@1787666849.780864557
0.0.9541852,0.1415601345967019,SUCCESS,hbar,0.0.3964804,0.0.4138717@1787666849.406865493
0.0.8246604,0.0003477720386019052,SUCCESS,hbar,0.0.3964804,0.0.4138717@1787666853.253947835
0.0.8070994,0.3174605739697074,SUCCESS,hbar,0.0.3964804,0.0.4138717@1787666853.751096226
0.0.8080965,0.001930996363386582,SUCCESS,hbar,0.0.3964804,0.0.4138717@1787666856.135253924
0.0.9729389,0.02685656567390472,SUCCESS,hbar,0.0.3964804,0.0.4138717@1787666855.970918410
0.0.9590994,2.311097709702706,SUCCESS,hbar,0.0.3964804,0.0.4138717@1787666857.996179268
0.0.9602777,0.003500924691392136,SUCCESS,hbar,0.0.3964804,0.0.4138717@1787666859.558008729
0.0.5805332,0.2447835554952685,SUCCESS,hbar,0.0.3964804,0.0.4138717@1787666856.923427788
0.0.9636419,0.0764640926563718,SUCCESS,hbar,0.0.3964804,0.0.4138717@1787666861.205053719
0.0.5012902,0.001394539803545817,SUCCESS,hbar,0.0.3964804,0.0.4138717@1787666860.755639419
0.0.3012601,0.06933895661727671,SUCCESS,hbar,0.0.3964804,0.0.4138717@1787666863.705840139
0.0.9720442,0.0131337165868053,SUCCESS,hbar,0.0.3964804,0.0.4138717@1787666860.008176335
0.0.8113254,0.006111116259626122,SUCCESS,hbar,0.0.3964804,0.0.4138717@1787666864.432254337
0.0.9367202,0.0003651834708844923,SUCCESS,hbar,0.0.3964804,0.0.4138717@1787666865.123567337
0.0.6068301,0.01892070020752609,SUCCESS,hbar,0.0.3964804,0.0.4138717@1787666862.788108189
0.0.9275748,0.04615446775071439,SUCCESS,hbar,0.0.3964804,0.0.4138717@1787666862.519935780
0.0.9285770,0.02190174683591539,SUCCESS,hbar,0.0.3964804,0.0.4138717@1787666863.425326417
0.0.8880678,0.004886750775352235,SUCCESS,hbar,0.0.3964804,0.0.4138717@1787666867.983584367
0.0.9318048,0.003138671968629262,SUCCESS,hbar,0.0.3964804,0.0.4138717@1787666867.121886344
0.0.4821795,0.3127561498909055,SUCCESS,hbar,0.0.3964804,0.0.4138717@1787666865.140339185
0.0.10062632,0.0007514399184079829,SUCCESS,hbar,0.0.3964804,0.0.4138717@1787666866.043376172
0.0.887615,0.00209981105174822,SUCCESS,hbar,0.0.3964804,0.0.4138717@1787666867.076034260
0.0.813564,0.0002004817981222217,SUCCESS,hbar,0.0.3964804,0.0.4138717@1787666869.046505615
0.0.6160732,0.01448651080167387,SUCCESS,hbar,0.0.3964804,0.0.4138717@1787666868.406322831
0.0.9146353,0.4901114428952849,SUCCESS,hbar,0.0.3964804,0.0.4138717@1787666867.273929964
0.0.9444587,0.3883761636923226,SUCCESS,hbar,0.0.3964804,0.0.4138717@1787666868.233360687
0.0.9450539,0.1986622147003376,SUCCESS,hbar,0.0.3964804,0.0.4138717@1787666868.792733391
0.0.1862342,0.06327623058127264,SUCCESS,hbar,0.0.3964804,0.0.4138717@1787666871.447667799
0.0.1056474,0.7970068314650105,SUCCESS,hbar,0.0.3964804,0.0.4138717@1787666869.309136151
0.0.9509413,0.007425658694569777,SUCCESS,hbar,0.0.3964804,0.0.4138717@1787666869.497733200
0.0.820706,0.9642691627999709,SUCCESS,hbar,0.0.3964804,0.0.4138717@1787666873.907603127
0.0.816698,1.84837301083299,SUCCESS,hbar,0.0.3964804,0.0.4138717@1787666872.359772756
0.0.10093024,0.04892909340359536,SUCCESS,hbar,0.0.3964804,0.0.4138717@1787666874.862891954
0.0.9584885,0.001650956220555169,SUCCESS,hbar,0.0.3964804,0.0.4138717@1787666871.126245488
0.0.1704489,0.00006974734290312572,SUCCESS,hbar,0.0.3964804,0.0.4138717@1787666875.311475547
0.0.4749526,7.066418837954624,SUCCESS,hbar,0.0.3964804,0.0.4138717@1787666874.860775057
0.0.10014449,0.009479846294560973,SUCCESS,hbar,0.0.3964804,0.0.4138717@1787666873.805396470
0.0.10157649,1.142455939169271,SUCCESS,hbar,0.0.3964804,0.0.4138717@1787666875.133384834
0.0.4372819,0.003799206049414944,SUCCESS,hbar,0.0.3964804,0.0.4138717@1787666879.212669848
0.0.10219431,0.3348338814174223,SUCCESS,hbar,0.0.3964804,0.0.4138717@1787666874.729615768
0.0.9273022,0.00007411447063789851,SUCCESS,hbar,0.0.3964804,0.0.4138717@1787666879.774046876
0.0.4499088,0.01119789138241466,SUCCESS,hbar,0.0.3964804,0.0.4138717@1787666879.178430708
0.0.1365779,0.06222798887269922,SUCCESS,hbar,0.0.3964804,0.0.4138717@1787666879.298969284
0.0.10268439,0.7979147814718811,SUCCESS,hbar,0.0.3964804,0.0.4138717@1787666876.782944441
0.0.10251800,0.0001492866613936019,SUCCESS,hbar,0.0.3964804,0.0.4138717@1787666878.579971908
0.0.8056304,0.09791433526568034,SUCCESS,hbar,0.0.3964804,0.0.4138717@1787666877.386527678
0.0.9687167,0.05060346197467633,SUCCESS,hbar,0.0.3964804,0.0.4138717@1787666883.201092636
0.0.842210,0.02690754130978732,SUCCESS,hbar,0.0.3964804,0.0.4138717@1787666881.843001277
0.0.10072624,0.007651222732479633,SUCCESS,hbar,0.0.3964804,0.0.4138717@1787666883.022097586
0.0.1459068,0.008494768013558774,SUCCESS,hbar,0.0.3964804,0.0.4138717@1787666882.432934303
0.0.9640903,0.04301895531105218,SUCCESS,hbar,0.0.3964804,0.0.4138717@1787666881.991018477
0.0.4873525,0.01179556006125419,SUCCESS,hbar,0.0.3964804,0.0.4138717@1787666882.649897028
0.0.10004246,0.1088124211722833,SUCCESS,hbar,0.0.3964804,0.0.4138717@1787666884.445876134
0.0.5922808,0.007112557221978947,SUCCESS,hbar,0.0.3964804,0.0.4138717@1787666882.646990478
0.0.751161,0.3781392011242634,SUCCESS,hbar,0.0.3964804,0.0.4138717@1787666886.573324516
0.0.9973346,0.000789213104951427,SUCCESS,hbar,0.0.3964804,0.0.4138717@1787666885.313128023
0.0.9477942,0.003444047863957949,SUCCESS,hbar,0.0.3964804,0.0.4138717@1787666886.224646827
0.0.9150527,0.2670172859827493,SUCCESS,hbar,0.0.3964804,0.0.4138717@1787666889.022485624
0.0.871471,0.6327167699215378,SUCCESS,hbar,0.0.3964804,0.0.4138717@1787666888.154397561
0.0.9723125,2.55606251439737,SUCCESS,hbar,0.0.3964804,0.0.4138717@1787666889.691730210
0.0.7983506,0.000007554563302637748,SUCCESS,hbar,0.0.3964804,0.0.4138717@1787666887.289152428
0.0.8323906,3.243364624490173,SUCCESS,hbar,0.0.3964804,0.0.4138717@1787666890.086962002
0.0.8209324,0.1084233564222932,SUCCESS,hbar,0.0.3964804,0.0.4138717@1787666891.307752674
0.0.4867972,0.006351825700502409,SUCCESS,hbar,0.0.3964804,0.0.4138717@1787666888.810424350
0.0.7049977,0.001595935903614018,SUCCESS,hbar,0.0.3964804,0.0.4138717@1787666892.372738203
0.0.2025203,0.01591674621154228,SUCCESS,hbar,0.0.3964804,0.0.4138717@1787666892.164438909
0.0.7964752,0.0007966869011783322,SUCCESS,hbar,0.0.3964804,0.0.4138717@1787666890.517391441
0.0.8298814,0.3215160779274318,SUCCESS,hbar,0.0.3964804,0.0.4138717@1787666893.324429225
0.0.8156060,0.02030437266560716,SUCCESS,hbar,0.0.3964804,0.0.4138717@1787666894.869566206
0.0.7997139,0.02055954616212877,SUCCESS,hbar,0.0.3964804,0.0.4138717@1787666894.541902971
0.0.8346544,0.5791438897792907,SUCCESS,hbar,0.0.3964804,0.0.4138717@1787666894.829972148
0.0.8357708,3.216597600242389,SUCCESS,hbar,0.0.3964804,0.0.4138717@1787666895.897930164
0.0.8357089,0.121608897298702,SUCCESS,hbar,0.0.3964804,0.0.4138717@1787666893.593320239
0.0.3077609,0.4999650295971691,SUCCESS,hbar,0.0.3964804,0.0.4138717@1787666895.499227803
0.0.1714233,0.05516677042763019,SUCCESS,hbar,0.0.3964804,0.0.4138717@1787666894.935737547
0.0.8414409,0.003082664130991152,SUCCESS,hbar,0.0.3964804,0.0.4138717@1787666898.012178742
0.0.4746343,0.0003110295240267022,SUCCESS,hbar,0.0.3964804,0.0.4138717@1787666895.926449443
0.0.7912110,0.00005801205108727575,SUCCESS,hbar,0.0.3964804,0.0.4138717@1787666898.591799707
0.0.2006292,0.01022094710965088,SUCCESS,hbar,0.0.3964804,0.0.4138717@1787666898.070931341
0.0.1092596,0.04919011033307281,SUCCESS,hbar,0.0.3964804,0.0.4138717@1787666897.969950000
0.0.2477582,0.0574726765226606,SUCCESS,hbar,0.0.3964804,0.0.4138717@1787666898.469860269
0.0.8042105,0.02006971243005207,SUCCESS,hbar,0.0.3964804,0.0.4138717@1787666901.336322425
0.0.7913251,0.01203956217022693,SUCCESS,hbar,0.0.3964804,0.0.4138717@1787666903.106731777
0.0.5007636,0.01723314415793597,SUCCESS,hbar,0.0.3964804,0.0.4138717@1787666901.418180463
0.0.833836,0.4187693296164794,SUCCESS,hbar,0.0.3964804,0.0.4138717@1787666902.452285265
0.0.8142528,0.00483118460352075,SUCCESS,hbar,0.0.3964804,0.0.4138717@1787666902.782761489
0.0.8175769,0.04681699670439908,SUCCESS,hbar,0.0.3964804,0.0.4138717@1787666903.898423106
0.0.8178093,0.01720241548255989,SUCCESS,hbar,0.0.3964804,0.0.4138717@1787666906.435444350
0.0.1906790,0.002178556575078493,SUCCESS,hbar,0.0.3964804,0.0.4138717@1787666906.506992918
0.0.5761971,0.00002996507351524839,SUCCESS,hbar,0.0.3964804,0.0.4138717@1787666906.092398436
0.0.1090802,0.01393330546366706,SUCCESS,hbar,0.0.3964804,0.0.4138717@1787666907.568108105
0.0.689277,1.529061139465457,SUCCESS,hbar,0.0.3964804,0.0.4138717@1787666905.215331937
0.0.53756,0.663862464646976,SUCCESS,hbar,0.0.3964804,0.0.4138717@1787666905.818329316
0.0.877394,0.001297546293732665,SUCCESS,hbar,0.0.3964804,0.0.4138717@1787666905.838290409
0.0.958821,3.024064261899964,SUCCESS,hbar,0.0.3964804,0.0.4138717@1787666909.130422408
0.0.9169121,0.06235881803719399,SUCCESS,hbar,0.0.3964804,0.0.4138717@1787666906.938544231
0.0.8392843,0.07009013322496765,SUCCESS,hbar,0.0.3964804,0.0.4138717@1787666907.477658817
0.0.9086562,0.0007326929929450692,SUCCESS,hbar,0.0.3964804,0.0.4138717@1787666911.280386405
0.0.9177141,0.009860602403597506,SUCCESS,hbar,0.0.3964804,0.0.4138717@1787666908.600986894
0.0.1403937,0.001658663437627089,SUCCESS,hbar,0.0.3964804,0.0.4138717@1787666909.858114614
0.0.1118731,0.002899745974901775,SUCCESS,hbar,0.0.3964804,0.0.4138717@1787666909.615999960
0.0.9196038,0.03518332298450064,SUCCESS,hbar,0.0.3964804,0.0.4138717@1787666909.848246753
0.0.7550890,0.02407395478138737,SUCCESS,hbar,0.0.3964804,0.0.4138717@1787666911.297637032
0.0.9095016,0.3752011403853263,SUCCESS,hbar,0.0.3964804,0.0.4138717@1787666912.204867905
0.0.9065767,0.1463807350945469,SUCCESS,hbar,0.0.3964804,0.0.4138717@1787666910.736879241
0.0.8767225,0.0541433739414446,SUCCESS,hbar,0.0.3964804,0.0.4138717@1787666914.713179320
0.0.9009997,0.08029547850221022,SUCCESS,hbar,0.0.3964804,0.0.4138717@1787666912.522571424
0.0.7788265,0.03542076619861823,SUCCESS,hbar,0.0.3964804,0.0.4138717@1787666912.216728108
0.0.8792600,0.0005720116785177436,SUCCESS,hbar,0.0.3964804,0.0.4138717@1787666916.747290237
0.0.8256574,0.00114537186526709,SUCCESS,hbar,0.0.3964804,0.0.4138717@1787666915.934013298
0.0.8585468,0.0001765087180660436,SUCCESS,hbar,0.0.3964804,0.0.4138717@1787666914.796818717
0.0.1365814,0.05928261851360032,SUCCESS,hbar,0.0.3964804,0.0.4138717@1787666915.117602705
0.0.1459865,0.3250839126352257,SUCCESS,hbar,0.0.3964804,0.0.4138717@1787666916.310622584
0.0.5524338,0.00937008408286028,SUCCESS,hbar,0.0.3964804,0.0.4138717@1787666921.039410645
0.0.8198608,0.07714142557847788,SUCCESS,hbar,0.0.3964804,0.0.4138717@1787666919.410867338
0.0.8385016,0.06308671372401516,SUCCESS,hbar,0.0.3964804,0.0.4138717@1787666919.716137368
0.0.10308209,76.00949934781448,SUCCESS,hbar,0.0.3964804,0.0.4138717@1787666921.586596910
0.0.7989176,3.436462313237127,SUCCESS,hbar,0.0.3964804,0.0.4138717@1787666920.964403604
0.0.10248120,0.0951362968607988,SUCCESS,hbar,0.0.3964804,0.0.4138717@1787666918.552716115
0.0.10231452,10.47953874375494,SUCCESS,hbar,0.0.3964804,0.0.4138717@1787666922.509673911
0.0.10244829,0.005408750038458317,SUCCESS,hbar,0.0.3964804,0.0.4138717@1787666920.514550773
0.0.10267166,22.86406079645259,SUCCESS,hbar,0.0.3964804,0.0.4138717@1787666924.215725067
0.0.10267167,0.0007443876235892201,SUCCESS,hbar,0.0.3964804,0.0.4138717@1787666922.045441109
0.0.10303974,0.27349341489715,SUCCESS,hbar,0.0.3964804,0.0.4138717@1787666922.406727953
0.0.10307970,0.0003014744021994933,SUCCESS,hbar,0.0.3964804,0.0.4138717@1787666924.237434653
0.0.818498,0.004122434675119112,SUCCESS,hbar,0.0.3964804,0.0.4138717@1787666924.753153404
0.0.3953598,6.103973446023782,SUCCESS,hbar,0.0.3964804,0.0.4138717@1787666927.424092258
0.0.10359193,0.2483208167061823,SUCCESS,hbar,0.0.3964804,0.0.4138717@1787666924.507618669
0.0.10420713,0.03008774862241227,SUCCESS,hbar,0.0.3964804,0.0.4138717@1787666926.762404236
0.0.10420709,0.1003810706888545,SUCCESS,hbar,0.0.3964804,0.0.4138717@1787666927.583026361
0.0.10420688,0.3282344849893084,SUCCESS,hbar,0.0.3964804,0.0.4138717@1787666927.513583701
0.0.10456759,3.321250974628709,SUCCESS,hbar,0.0.3964804,0.0.4138717@1787666929.221166128
0.0.10465417,0.2305045688910491,SUCCESS,hbar,0.0.3964804,0.0.4138717@1787666931.233236739
0.0.10035663,0.1286141860128822,SUCCESS,hbar,0.0.3964804,0.0.4138717@1787666929.983077535
0.0.3211610,0.505677281893196,SUCCESS,hbar,0.0.3964804,0.0.4138717@1787666930.952587863
0.0.7732066,0.2629303551271164,SUCCESS,hbar,0.0.3964804,0.0.4138717@1787666928.800800946
0.0.9275976,2.651938834758269,SUCCESS,hbar,0.0.3964804,0.0.4138717@1787666932.052502548
0.0.9707528,65.97265800580878,SUCCESS,hbar,0.0.3964804,0.0.4138717@1787666935.333096292
0.0.9707531,100.522022188271,SUCCESS,hbar,0.0.3964804,0.0.4138717@1787666935.228586375
0.0.9774219,0.001329650839537742,SUCCESS,hbar,0.0.3964804,0.0.4138717@1787666934.219247901
0.0.1412348,21.35740462041212,SUCCESS,hbar,0.0.3964804,0.0.4138717@1787666931.792223478
0.0.1400807,0.208536350494516,SUCCESS,hbar,0.0.3964804,0.0.4138717@1787666933.755692143
0.0.10237154,2.142791574130976,SUCCESS,hbar,0.0.3964804,0.0.4138717@1787666937.511511787
0.0.9593512,0.0009124413453817753,SUCCESS,hbar,0.0.3964804,0.0.4138717@1787666937.290926478
0.0.1365923,0.004294935212994584,SUCCESS,hbar,0.0.3964804,0.0.4138717@1787666938.120136616
0.0.10007904,0.0004568246114301493,SUCCESS,hbar,0.0.3964804,0.0.4138717@1787666939.831040490
0.0.10035851,13.7980545281341,SUCCESS,hbar,0.0.3964804,0.0.4138717@1787666935.822239094
0.0.10115705,0.000177382486587704,SUCCESS,hbar,0.0.3964804,0.0.4138717@1787666936.640581808
0.0.10151415,0.5257895339970908,SUCCESS,hbar,0.0.3964804,0.0.4138717@1787666939.184024840
0.0.10164472,282.6454231740443,SUCCESS,hbar,0.0.3964804,0.0.4138717@1787666938.639093683
0.0.2022986,0.4004140903244868,SUCCESS,hbar,0.0.3964804,0.0.4138717@1787666939.977716101
0.0.10190094,30.16709519619306,SUCCESS,hbar,0.0.3964804,0.0.4138717@1787666941.433111530
0.0.10810210,2.219385784382746,SUCCESS,hbar,0.0.3964804,0.0.4138717@1787666938.813710212
0.0.10410907,6.59075093996559,SUCCESS,hbar,0.0.3964804,0.0.4138717@1787666941.160064803
0.0.6078189,1.884867838181792,SUCCESS,hbar,0.0.3964804,0.0.4138717@1787666941.612860031
0.0.1198079,51.37206006646993,SUCCESS,hbar,0.0.3964804,0.0.4138717@1787666942.705771305
0.0.8244642,90.73982891891376,SUCCESS,hbar,0.0.3964804,0.0.4138717@1787666941.351880527
0.0.9144627,0.2381484004751346,SUCCESS,hbar,0.0.3964804,0.0.4138717@1787666943.739980088
0.0.10476517,1.599164484630625,SUCCESS,hbar,0.0.3964804,0.0.4138717@1787666944.027076901
0.0.8059253,0.3242498889536573,SUCCESS,hbar,0.0.3964804,0.0.4138717@1787666943.282441648
0.0.10803307,0.0003126153450632261,SUCCESS,hbar,0.0.3964804,0.0.4138717@1787666943.126742986
0.0.9162845,4.961557134883345,SUCCESS,hbar,0.0.3964804,0.0.4138717@1787666943.391134376
0.0.7865510,84.4693535956665,SUCCESS,hbar,0.0.3964804,0.0.4138717@1787666948.032434168
0.0.1389736,1.874006246279997,SUCCESS,hbar,0.0.3964804,0.0.4138717@1787666948.373622892
0.0.7809920,1506.701868805032,SUCCESS,hbar,0.0.3964804,0.0.4138717@1787666946.621447558
0.0.2995390,0.3931285015839922,SUCCESS,hbar,0.0.3964804,0.0.4138717@1787666948.512696698
0.0.10803311,0.002195850562946282,SUCCESS,hbar,0.0.3964804,0.0.4138717@1787666950.500878531
0.0.5850916,0.1554679806966527,SUCCESS,hbar,0.0.3964804,0.0.4138717@1787666946.354287458
0.0.844877,0.5763906509585682,SUCCESS,hbar,0.0.3964804,0.0.4138717@1787666950.418434274
0.0.10495365,7.58193132119274e-8,SUCCESS,hbar,0.0.3964804,0.0.4138717@1787666952.113854631
0.0.10496154,0.0005515045663831565,SUCCESS,hbar,0.0.3964804,0.0.4138717@1787666951.919003272
0.0.10502045,0.2226516885982667,SUCCESS,hbar,0.0.3964804,0.0.4138717@1787666952.288070232
0.0.10380727,0.5333656486127073,SUCCESS,hbar,0.0.3964804,0.0.4138717@1787666949.304648797
0.0.1503602,0.1212547847201398,SUCCESS,hbar,0.0.3964804,0.0.4138717@1787666951.562796265
0.0.10608781,217.1423254919051,SUCCESS,hbar,0.0.3964804,0.0.4138717@1787666950.127654583
0.0.10612841,3.760182251423656,SUCCESS,hbar,0.0.3964804,0.0.4138717@1787666952.796565611
0.0.10354047,0.1041651416450891,SUCCESS,hbar,0.0.3964804,0.0.4138717@1787666953.896244477
0.0.5889071,0.841699647219556,SUCCESS,hbar,0.0.3964804,0.0.4138717@1787666953.312939447
0.0.10792100,33.36804052045498,SUCCESS,hbar,0.0.3964804,0.0.4138717@1787666952.487749253
0.0.10801045,0.0002630972351855871,SUCCESS,hbar,0.0.3964804,0.0.4138717@1787666955.634576927
0.0.10801047,0.0003020320700330191,SUCCESS,hbar,0.0.3964804,0.0.4138717@1787666956.900659450
0.0.937712,1.970057187460543,SUCCESS,hbar,0.0.3964804,0.0.4138717@1787666953.543222669
0.0.4576074,0.1546123252115401,SUCCESS,hbar,0.0.3964804,0.0.4138717@1787666956.577505326
0.0.4140342,0.07590195393476938,SUCCESS,hbar,0.0.3964804,0.0.4138717@1787666954.765912706
0.0.4712922,0.01472832134297138,SUCCESS,hbar,0.0.3964804,0.0.4138717@1787666957.011249758
0.0.1052080,0.2157360682403393,SUCCESS,hbar,0.0.3964804,0.0.4138717@1787666955.686247579
0.0.683815,0.01218584896122567,SUCCESS,hbar,0.0.3964804,0.0.4138717@1787666958.907397116
0.0.1696471,0.2058954559439758,SUCCESS,hbar,0.0.3964804,0.0.4138717@1787666958.191310822
0.0.955353,0.03470888183521437,SUCCESS,hbar,0.0.3964804,0.0.4138717@1787666959.703342015
0.0.4558719,0.002864409582564391,SUCCESS,hbar,0.0.3964804,0.0.4138717@1787666957.572996517
0.0.857763,0.3545778215978289,SUCCESS,hbar,0.0.3964804,0.0.4138717@1787666957.258400423
0.0.1093612,0.07802928071883848,SUCCESS,hbar,0.0.3964804,0.0.4138717@1787666961.258463689
0.0.5742160,2.818782412086851,SUCCESS,hbar,0.0.3964804,0.0.4138717@1787666961.743276032
0.0.1956746,0.01198536760909244,SUCCESS,hbar,0.0.3964804,0.0.4138717@1787666961.513006015
0.0.5804427,0.05857362256338312,SUCCESS,hbar,0.0.3964804,0.0.4138717@1787666962.369728251
0.0.6299908,0.5634176483705053,SUCCESS,hbar,0.0.3964804,0.0.4138717@1787666959.001115495
0.0.6315303,0.486658957773221,SUCCESS,hbar,0.0.3964804,0.0.4138717@1787666960.517199108
0.0.9304292,0.7276717250706242,SUCCESS,hbar,0.0.3964804,0.0.4138717@1787666963.703359074
0.0.8083839,1.582810278742629,SUCCESS,hbar,0.0.3964804,0.0.4138717@1787666965.218345702
0.0.10489509,1730.226395885527,SUCCESS,hbar,0.0.3964804,0.0.4138717@1787666961.521596494
0.0.10478184,1730.226756128824,SUCCESS,hbar,0.0.3964804,0.0.4138717@1787666961.864936303
0.0.10541900,0.01099156795790427,SUCCESS,hbar,0.0.3964804,0.0.4138717@1787666963.244801465
0.0.10253402,0.7054832020642803,SUCCESS,hbar,0.0.3964804,0.0.4138717@1787666967.333345919
0.0.10371833,12.85891271406446,SUCCESS,hbar,0.0.3964804,0.0.4138717@1787666964.353719131
0.0.6333135,1.797150208818557,SUCCESS,hbar,0.0.3964804,0.0.4138717@1787666965.694282415
0.0.1105845,0.5381096432303198,SUCCESS,hbar,0.0.3964804,0.0.4138717@1787666969.679826067
0.0.4573495,16.81442981460322,SUCCESS,hbar,0.0.3964804,0.0.4138717@1787666967.523509799
0.0.1024843,0.000008979982590451742,SUCCESS,hbar,0.0.3964804,0.0.4138717@1787666969.467444390
0.0.4571567,0.4647866841247851,SUCCESS,hbar,0.0.3964804,0.0.4138717@1787666970.117337623
0.0.4552382,0.002447643422887491,SUCCESS,hbar,0.0.3964804,0.0.4138717@1787666969.203891282
0.0.4552309,0.002447782494462699,SUCCESS,hbar,0.0.3964804,0.0.4138717@1787666970.626522501
0.0.4552348,0.002602842296768909,SUCCESS,hbar,0.0.3964804,0.0.4138717@1787666972.006219090
0.0.9034617,0.01965796008093696,SUCCESS,hbar,0.0.3964804,0.0.4138717@1787666972.851561652
0.0.8104363,77.59923684485756,SUCCESS,hbar,0.0.3964804,0.0.4138717@1787666975.669309438
0.0.8115823,0.02925290862840895,SUCCESS,hbar,0.0.3964804,0.0.4138717@1787666977.059786449
0.0.8152447,0.1876156178568189,SUCCESS,hbar,0.0.3964804,0.0.4138717@1787666973.278104652
0.0.8304314,0.01897686666082573,SUCCESS,hbar,0.0.3964804,0.0.4138717@1787666977.108843276
0.0.8548028,0.00009182660882986117,SUCCESS,hbar,0.0.3964804,0.0.4138717@1787666975.556359838
0.0.8602366,0.3872482839109687,SUCCESS,hbar,0.0.3964804,0.0.4138717@1787666980.310780778
0.0.8640197,0.1778682932832699,SUCCESS,hbar,0.0.3964804,0.0.4138717@1787666977.570652313
0.0.8383256,0.0001630028610145736,SUCCESS,hbar,0.0.3964804,0.0.4138717@1787666980.906285139
0.0.1181772,0.01556031487145426,SUCCESS,hbar,0.0.3964804,0.0.4138717@1787666977.480091766
0.0.8108637,0.00004427650760421302,SUCCESS,hbar,0.0.3964804,0.0.4138717@1787666978.839919856
0.0.8188301,0.127506457393237,SUCCESS,hbar,0.0.3964804,0.0.4138717@1787666982.799292331
0.0.9177203,0.001325056246022562,SUCCESS,hbar,0.0.3964804,0.0.4138717@1787666980.882289154
0.0.9301506,0.002758072180749544,SUCCESS,hbar,0.0.3964804,0.0.4138717@1787666983.688847729
0.0.1703381,0.3688772070421171,SUCCESS,hbar,0.0.3964804,0.0.4138717@1787666981.557597652
0.0.8068660,0.001865726365233828,SUCCESS,hbar,0.0.3964804,0.0.4138717@1787666985.327506442
0.0.7931472,0.04929428872002172,SUCCESS,hbar,0.0.3964804,0.0.4138717@1787666986.072544522
0.0.8055246,1.711044951486622,SUCCESS,hbar,0.0.3964804,0.0.4138717@1787666986.263237328
0.0.8002619,0.07738930555284027,SUCCESS,hbar,0.0.3964804,0.0.4138717@1787666984.936284739
0.0.7809201,0.00002337820285013177,SUCCESS,hbar,0.0.3964804,0.0.4138717@1787666985.092942222
0.0.7098838,0.1755704666624071,SUCCESS,hbar,0.0.3964804,0.0.4138717@1787666986.584681632
0.0.590682,0.007168683536184647,SUCCESS,hbar,0.0.3964804,0.0.4138717@1787666986.026875674
0.0.4766806,4.210291310063304,SUCCESS,hbar,0.0.3964804,0.0.4138717@1787666987.134295709
0.0.1114728,0.00214278219092234,SUCCESS,hbar,0.0.3964804,0.0.4138717@1787666990.320486161
0.0.7188749,0.3060527068205003,SUCCESS,hbar,0.0.3964804,0.0.4138717@1787666991.652228240
0.0.5957081,0.114455195494116,SUCCESS,hbar,0.0.3964804,0.0.4138717@1787666993.033816461
0.0.4561752,0.01239185956945751,SUCCESS,hbar,0.0.3964804,0.0.4138717@1787666990.234571191
0.0.6334018,0.216839710995106,SUCCESS,hbar,0.0.3964804,0.0.4138717@1787666995.115293221
0.0.8733798,2.631969970224688,SUCCESS,hbar,0.0.3964804,0.0.4138717@1787666996.534454802
0.0.1124401,0.6105695930978634,SUCCESS,hbar,0.0.3964804,0.0.4138717@1787666996.714401709
0.0.892270,1.507893747129311,SUCCESS,hbar,0.0.3964804,0.0.4138717@1787666998.772225373
0.0.3687848,2.408438389659377,SUCCESS,hbar,0.0.3964804,0.0.4138717@1787666999.058992929
0.0.794930,0.02044241698379821,SUCCESS,hbar,0.0.3964804,0.0.4138717@1787666998.003379119
0.0.7631749,0.0003885045754836092,SUCCESS,hbar,0.0.3964804,0.0.4138717@1787666999.935019226
0.0.3872629,0.1859340385383685,SUCCESS,hbar,0.0.3964804,0.0.4138717@1787666999.402355775
0.0.1524063,1.18951834463432,SUCCESS,hbar,0.0.3964804,0.0.4138717@1787667000.495501354
0.0.7290965,0.17677227679973,SUCCESS,hbar,0.0.3964804,0.0.4138717@1787667001.799031287
0.0.7662545,0.001636781102645049,SUCCESS,hbar,0.0.3964804,0.0.4138717@1787667000.624051910
0.0.4887338,0.2272008917387372,SUCCESS,hbar,0.0.3964804,0.0.4138717@1787667002.852621843
0.0.496172,0.4063114918634438,SUCCESS,hbar,0.0.3964804,0.0.4138717@1787667002.800097045
0.0.836080,0.0001880076884428617,SUCCESS,hbar,0.0.3964804,0.0.4138717@1787667005.335554679
0.0.8084528,1.595237040767795,SUCCESS,hbar,0.0.3964804,0.0.4138717@1787667001.472128235
0.0.838791,0.3711962444241766,SUCCESS,hbar,0.0.3964804,0.0.4138717@1787667003.047570377
0.0.7710235,0.0463560785804199,SUCCESS,hbar,0.0.3964804,0.0.4138717@1787667003.943963540
0.0.10454179,0.03714202016845906,SUCCESS,hbar,0.0.3964804,0.0.4138717@1787667009.367165795
0.0.4431727,0.04044453432895021,SUCCESS,hbar,0.0.3964804,0.0.4138717@1787667008.573292968
0.0.1359581,5.414735498610467,SUCCESS,hbar,0.0.3964804,0.0.4138717@1787667006.634796726
0.0.3961176,0.01571688657953152,SUCCESS,hbar,0.0.3964804,0.0.4138717@1787667010.773059821
0.0.1486421,0.2856495501484793,SUCCESS,hbar,0.0.3964804,0.0.4138717@1787667007.467628286
0.0.3916542,0.01140977300573645,SUCCESS,hbar,0.0.3964804,0.0.4138717@1787667007.961538980
0.0.6828202,8.87519669216216,SUCCESS,hbar,0.0.3964804,0.0.4138717@1787667011.778035855
0.0.5068116,0.01473778648707053,SUCCESS,hbar,0.0.3964804,0.0.4138717@1787667012.148531720
0.0.753351,0.1102149477260175,SUCCESS,hbar,0.0.3964804,0.0.4138717@1787667013.266367075
0.0.6139137,0.2694865988910577,SUCCESS,hbar,0.0.3964804,0.0.4138717@1787667013.675165414
0.0.6154587,1.637737600210827,SUCCESS,hbar,0.0.3964804,0.0.4138717@1787667013.718081093
0.0.6275653,0.004898529969924598,SUCCESS,hbar,0.0.3964804,0.0.4138717@1787667012.144405845
0.0.5957030,0.4806169367793827,SUCCESS,hbar,0.0.3964804,0.0.4138717@1787667013.172741750
0.0.433061,0.006145426943591113,SUCCESS,hbar,0.0.3964804,0.0.4138717@1787667014.075164652
0.0.6306847,0.01049748782026542,SUCCESS,hbar,0.0.3964804,0.0.4138717@1787667012.533210086
0.0.1463629,0.01575108436966015,SUCCESS,hbar,0.0.3964804,0.0.4138717@1787667016.114101716
0.0.4784258,0.07599428740125548,SUCCESS,hbar,0.0.3964804,0.0.4138717@1787667016.111126088
0.0.6852334,0.3294254016632152,SUCCESS,hbar,0.0.3964804,0.0.4138717@1787667018.342695744
0.0.4566469,0.2810071877647791,SUCCESS,hbar,0.0.3964804,0.0.4138717@1787667016.564303937
0.0.3048811,0.006602892374525654,SUCCESS,hbar,0.0.3964804,0.0.4138717@1787667019.029536237
0.0.4314332,1.558419712112838,SUCCESS,hbar,0.0.3964804,0.0.4138717@1787667018.395408215
0.0.6416166,0.2510594272899256,SUCCESS,hbar,0.0.3964804,0.0.4138717@1787667018.580511993
0.0.2967389,0.1682294629268214,SUCCESS,hbar,0.0.3964804,0.0.4138717@1787667020.510893425
0.0.6270761,13.54113512879646,SUCCESS,hbar,0.0.3964804,0.0.4138717@1787667021.860306780
0.0.6004536,0.02104114108179384,SUCCESS,hbar,0.0.3964804,0.0.4138717@1787667020.747912510
0.0.7450449,0.1494811082402187,SUCCESS,hbar,0.0.3964804,0.0.4138717@1787667020.398346840
0.0.6475509,0.06295650928662057,SUCCESS,hbar,0.0.3964804,0.0.4138717@1787667019.637351350
0.0.662621,0.1573629579381546,SUCCESS,hbar,0.0.3964804,0.0.4138717@1787667021.199974559
0.0.7312670,0.3707316396798926,SUCCESS,hbar,0.0.3964804,0.0.4138717@1787667022.032403605
0.0.3384906,1.571398070259938,SUCCESS,hbar,0.0.3964804,0.0.4138717@1787667020.572339861
0.0.7965412,0.001120187695365436,SUCCESS,hbar,0.0.3964804,0.0.4138717@1787667025.587255805
0.0.710849,0.006174396152563697,SUCCESS,hbar,0.0.3964804,0.0.4138717@1787667023.769809486
0.0.5112630,0.09528703841633859,SUCCESS,hbar,0.0.3964804,0.0.4138717@1787667024.098472911
0.0.4861986,0.04897114917124169,SUCCESS,hbar,0.0.3964804,0.0.4138717@1787667025.512575328
0.0.7916029,4.948077915709893,SUCCESS,hbar,0.0.3964804,0.0.4138717@1787667027.401645765
0.0.2891280,0.2580961641125334,SUCCESS,hbar,0.0.3964804,0.0.4138717@1787667025.986517405
0.0.7732676,7.935457915160947,SUCCESS,hbar,0.0.3964804,0.0.4138717@1787667028.421455931
0.0.4804985,0.05967691982043377,SUCCESS,hbar,0.0.3964804,0.0.4138717@1787667025.475951262
0.0.1673276,0.8151595598632815,SUCCESS,hbar,0.0.3964804,0.0.4138717@1787667027.745421214
0.0.7583284,0.07598161918293148,SUCCESS,hbar,0.0.3964804,0.0.4138717@1787667029.784550406
0.0.6313326,2.77984584215552,SUCCESS,hbar,0.0.3964804,0.0.4138717@1787667030.599788420
0.0.8076778,0.0005714811238221675,SUCCESS,hbar,0.0.3964804,0.0.4138717@1787667029.125675396
0.0.7961490,0.0606860146889529,SUCCESS,hbar,0.0.3964804,0.0.4138717@1787667029.349439753
0.0.2964523,6.411951800790427,SUCCESS,hbar,0.0.3964804,0.0.4138717@1787667031.777100971
0.0.8083173,0.1673665657079573,SUCCESS,hbar,0.0.3964804,0.0.4138717@1787667029.693674460
0.0.4388693,0.01534622845751407,SUCCESS,hbar,0.0.3964804,0.0.4138717@1787667028.133533069
0.0.4315395,0.03171535290149237,SUCCESS,hbar,0.0.3964804,0.0.4138717@1787667028.825133068
0.0.8131537,0.1196927638755263,SUCCESS,hbar,0.0.3964804,0.0.4138717@1787667032.863933711
0.0.1467538,0.0747779887434959,SUCCESS,hbar,0.0.3964804,0.0.4138717@1787667035.032362754
0.0.3847179,0.2040187068512432,SUCCESS,hbar,0.0.3964804,0.0.4138717@1787667032.485617535
0.0.981571,0.02413924961097189,SUCCESS,hbar,0.0.3964804,0.0.4138717@1787667034.510592249
0.0.7732467,0.02404995974816501,SUCCESS,hbar,0.0.3964804,0.0.4138717@1787667036.192713080
0.0.7924085,0.006343603680262174,SUCCESS,hbar,0.0.3964804,0.0.4138717@1787667033.165583288
0.0.844131,0.102820933637014,SUCCESS,hbar,0.0.3964804,0.0.4138717@1787667035.990914257
0.0.6294131,0.000009480939747548215,SUCCESS,hbar,0.0.3964804,0.0.4138717@1787667034.113795500
0.0.887612,0.6574271820591436,SUCCESS,hbar,0.0.3964804,0.0.4138717@1787667037.071422918
0.0.811739,0.8085259881755643,SUCCESS,hbar,0.0.3964804,0.0.4138717@1787667035.396121923
0.0.1463093,0.3401936953209109,SUCCESS,hbar,0.0.3964804,0.0.4138717@1787667039.330875105
0.0.8551680,0.03761573895084967,SUCCESS,hbar,0.0.3964804,0.0.4138717@1787667037.046719204
0.0.4504544,3.104924826233366,SUCCESS,hbar,0.0.3964804,0.0.4138717@1787667039.300886727
0.0.10295710,0.01899089633471686,SUCCESS,hbar,0.0.3964804,0.0.4138717@1787667042.273715902
0.0.2004450,0.01892460251385769,SUCCESS,hbar,0.0.3964804,0.0.4138717@1787667042.011626407
0.0.10506008,0.04623578461315611,SUCCESS,hbar,0.0.3964804,0.0.4138717@1787667043.467452126
0.0.1374442,0.4476127008594609,SUCCESS,hbar,0.0.3964804,0.0.4138717@1787667041.516039013
0.0.1337171,0.3182981124735038,SUCCESS,hbar,0.0.3964804,0.0.4138717@1787667045.305826360
0.0.862835,0.1831574801966072,SUCCESS,hbar,0.0.3964804,0.0.4138717@1787667041.756531206
0.0.3959322,1.582105389833364,SUCCESS,hbar,0.0.3964804,0.0.4138717@1787667044.846322079
0.0.7798912,0.8268249811391623,SUCCESS,hbar,0.0.3964804,0.0.4138717@1787667046.947505702
0.0.805713,2.409590363139097,SUCCESS,hbar,0.0.3964804,0.0.4138717@1787667046.541542304
0.0.791414,0.1272322676334839,SUCCESS,hbar,0.0.3964804,0.0.4138717@1787667047.224280340
0.0.1746011,0.6094228178667318,SUCCESS,hbar,0.0.3964804,0.0.4138717@1787667047.249377664
0.0.4883729,0.1246539654441124,SUCCESS,hbar,0.0.3964804,
0.0.4312267,2.049426477428633,SUCCESS,hbar,0.0.3964804,0.0.4138717@1787667047.718921717
0.0.4754443,0.01505902757412769,SUCCESS,hbar,0.0.3964804,0.0.4138717@1787667050.287951312
0.0.2150506,0.009777780163229959,SUCCESS,hbar,0.0.3964804,0.0.4138717@1787667049.573721175
0.0.3240624,0.000682075751747963,SUCCESS,hbar,0.0.3964804,0.0.4138717@1787667048.608527531
0.0.4765612,0.8223554886928212,SUCCESS,hbar,0.0.3964804,0.0.4138717@1787667049.051719331
0.0.7937765,0.3333887675998937,SUCCESS,hbar,0.0.3964804,0.0.4138717@1787667054.065172899
0.0.6343911,0.3956556767832708,SUCCESS,hbar,0.0.3964804,0.0.4138717@1787667054.492751824
0.0.7703838,0.003164650658391912,SUCCESS,hbar,0.0.3964804,0.0.4138717@1787667052.047567370
0.0.3768895,0.000719874449120991,SUCCESS,hbar,0.0.3964804,0.0.4138717@1787667055.455591664
0.0.1432019,1.207507786139616,SUCCESS,hbar,0.0.3964804,0.0.4138717@1787667053.982818625
0.0.1088394,0.0379588432400836,SUCCESS,hbar,0.0.3964804,0.0.4138717@1787667054.431750318
0.0.1448131,0.1026417970811523,SUCCESS,hbar,0.0.3964804,0.0.4138717@1787667056.219227246
0.0.859149,3.863616979105011,SUCCESS,hbar,0.0.3964804,0.0.4138717@1787667055.716370412
0.0.859565,0.6228764370967257,SUCCESS,hbar,0.0.3964804,0.0.4138717@1787667054.590840344
0.0.664593,1.246983044282822,SUCCESS,hbar,0.0.3964804,0.0.4138717@1787667060.135574722
0.0.835670,0.0239942370823348,SUCCESS,hbar,0.0.3964804,0.0.4138717@1787667056.205236869
0.0.1268672,1.018234015631285,SUCCESS,hbar,0.0.3964804,0.0.4138717@1787667056.311759634
0.0.1895961,0.7599194606376994,SUCCESS,hbar,0.0.3964804,0.0.4138717@1787667058.303799123
0.0.1877641,0.2869651349196823,SUCCESS,hbar,0.0.3964804,0.0.4138717@1787667057.898897335
0.0.1097802,0.8927860474306099,SUCCESS,hbar,0.0.3964804,0.0.4138717@1787667061.690702909
0.0.837554,1.141801441572475,SUCCESS,hbar,0.0.3964804,0.0.4138717@1787667061.445574518
0.0.4161393,0.4086825639937985,SUCCESS,hbar,0.0.3964804,0.0.4138717@1787667060.528539559
0.0.4184148,0.1649619464865302,SUCCESS,hbar,0.0.3964804,0.0.4138717@1787667061.988020032
0.0.833050,0.02062651638044024,SUCCESS,hbar,0.0.3964804,0.0.4138717@1787667061.431556652
0.0.3872024,1.030996961204877,SUCCESS,hbar,0.0.3964804,0.0.4138717@1787667061.325260787
0.0.1121794,0.09318434026188076,SUCCESS,hbar,0.0.3964804,0.0.4138717@1787667065.345208017
0.0.1350500,0.2019489618616558,SUCCESS,hbar,0.0.3964804,0.0.4138717@1787667064.654381281
0.0.3945405,0.0002407796014192353,SUCCESS,hbar,0.0.3964804,0.0.4138717@1787667067.063181664
0.0.1048940,0.05749083138971881,SUCCESS,hbar,0.0.3964804,0.0.4138717@1787667067.622541990
0.0.1018824,4.958968638382093,SUCCESS,hbar,0.0.3964804,0.0.4138717@1787667069.679417452
0.0.4231312,0.1237689913945418,SUCCESS,hbar,0.0.3964804,0.0.4138717@1787667071.327812399
0.0.3291464,0.008240063770529119,SUCCESS,hbar,0.0.3964804,0.0.4138717@1787667072.540949973
0.0.4350498,0.00008588594576862753,SUCCESS,hbar,0.0.3964804,0.0.4138717@1787667074.221161156
0.0.10802792,0.01605848595420193,SUCCESS,hbar,0.0.3964804,0.0.4138717@1787667071.677925271
0.0.8241599,0.1815230206266829,SUCCESS,hbar,0.0.3964804,0.0.4138717@1787667074.151469684
0.0.10543839,0.1371741471220676,SUCCESS,hbar,0.0.3964804,0.0.4138717@1787667076.010626417
0.0.10630416,0.00433365181792307,SUCCESS,hbar,0.0.3964804,0.0.4138717@1787667077.691216599
0.0.4341116,0.1809901429028849,SUCCESS,hbar,0.0.3964804,0.0.4138717@1787667078.168847625
0.0.3100704,4.012372004539307,SUCCESS,hbar,0.0.3964804,0.0.4138717@1787667076.129567679
0.0.838388,8.648084373729695,SUCCESS,hbar,0.0.3964804,0.0.4138717@1787667076.310685225
0.0.1082201,8.073717082701846,SUCCESS,hbar,0.0.3964804,0.0.4138717@1787667080.409792835
0.0.7950871,1.626491840170134,SUCCESS,hbar,0.0.3964804,0.0.4138717@1787667077.744236713
0.0.8177816,0.05315171270025554,SUCCESS,hbar,0.0.3964804,0.0.4138717@1787667078.244619331
0.0.8146497,0.06970975205424733,SUCCESS,hbar,0.0.3964804,0.0.4138717@1787667078.216663893
0.0.10435638,0.02258280656900215,SUCCESS,hbar,0.0.3964804,0.0.4138717@1787667081.621288339
0.0.10610396,0.02275608028609796,SUCCESS,hbar,0.0.3964804,0.0.4138717@1787667080.004968473
0.0.4814986,0.001555999552362676,SUCCESS,hbar,0.0.3964804,0.0.4138717@1787667081.611852188
0.0.6181303,2.005520750416625,SUCCESS,hbar,0.0.3964804,0.0.4138717@1787667084.136640609
0.0.6258091,0.06943040518789992,SUCCESS,hbar,0.0.3964804,0.0.4138717@1787667084.356968253
0.0.7914763,0.3287865221492618,SUCCESS,hbar,0.0.3964804,0.0.4138717@1787667083.057144971
0.0.835034,0.0321504570560332,SUCCESS,hbar,0.0.3964804,0.0.4138717@1787667082.527142327
0.0.1512214,0.009181905191892286,SUCCESS,hbar,0.0.3964804,0.0.4138717@1787667085.910824524
0.0.965222,3.067086228909188,SUCCESS,hbar,0.0.3964804,0.0.4138717@1787667087.008055558
0.0.481717,0.09066016272923692,SUCCESS,hbar,0.0.3964804,0.0.4138717@1787667086.846289285
0.0.1088074,9.832643212957262,SUCCESS,hbar,0.0.3964804,0.0.4138717@1787667086.143131705
0.0.5023507,0.0369621425217184,SUCCESS,hbar,0.0.3964804,0.0.4138717@1787667087.201437584
0.0.1402758,0.355116740252798,SUCCESS,hbar,0.0.3964804,0.0.4138717@1787667091.505942742
0.0.728698,0.05827624195696168,SUCCESS,hbar,0.0.3964804,0.0.4138717@1787667091.561824305
0.0.4327294,0.006869594281112058,SUCCESS,hbar,0.0.3964804,0.0.4138717@1787667090.010184692
0.0.838198,0.2349747758434092,SUCCESS,hbar,0.0.3964804,0.0.4138717@1787667091.140983083
0.0.5315914,0.7064202361374153,SUCCESS,hbar,0.0.3964804,0.0.4138717@1787667091.735331181
0.0.5421455,0.001747641140724473,SUCCESS,hbar,0.0.3964804,0.0.4138717@1787667094.858543986
0.0.4093788,0.8373603648467752,SUCCESS,hbar,0.0.3964804,0.0.4138717@1787667092.556049044
0.0.5495538,0.007508436540184954,SUCCESS,hbar,0.0.3964804,0.0.4138717@1787667095.634608970
0.0.4533464,0.05459370786635346,SUCCESS,hbar,0.0.3964804,0.0.4138717@1787667094.394605366
0.0.859649,0.0492119088302684,SUCCESS,hbar,0.0.3964804,0.0.4138717@1787667093.660953620
0.0.5147407,0.1605523370215169,SUCCESS,hbar,0.0.3964804,0.0.4138717@1787667096.530878426
0.0.3937438,0.1236701939649847,SUCCESS,hbar,0.0.3964804,0.0.4138717@1787667095.033579806
0.0.4589167,0.006542795632462548,SUCCESS,hbar,0.0.3964804,0.0.4138717@1787667097.230636533
0.0.5698429,0.002761923708451103,SUCCESS,hbar,0.0.3964804,0.0.4138717@1787667098.385239441
0.0.4351736,0.006467622126453072,SUCCESS,hbar,0.0.3964804,0.0.4138717@1787667098.502861530
0.0.4540904,0.2407320602915192,SUCCESS,hbar,0.0.3964804,0.0.4138717@1787667099.526033028
0.0.4717832,0.09157065507074162,SUCCESS,hbar,0.0.3964804,0.0.4138717@1787667099.352514779
0.0.4358173,0.8428526753228502,SUCCESS,hbar,0.0.3964804,0.0.4138717@1787667102.304538646
0.0.3967246,0.1495936136617227,SUCCESS,hbar,0.0.3964804,0.0.4138717@1787667099.649787831
0.0.4965217,0.04700101041983454,SUCCESS,hbar,0.0.3964804,0.0.4138717@1787667100.034647501
0.0.4766862,0.2796015709721468,SUCCESS,hbar,0.0.3964804,0.0.4138717@1787667099.212560220
0.0.4356553,0.01069544076336261,SUCCESS,hbar,0.0.3964804,0.0.4138717@1787667100.472143383
0.0.4337103,0.0008521971198250192,SUCCESS,hbar,0.0.3964804,0.0.4138717@1787667100.555503167
0.0.1088670,0.1336494932534378,SUCCESS,hbar,0.0.3964804,0.0.4138717@1787667104.405622698
0.0.4345654,29.57654135979148,SUCCESS,hbar,0.0.3964804,0.0.4138717@1787667103.790472659
0.0.4345412,0.01819277296445657,SUCCESS,hbar,0.0.3964804,0.0.4138717@1787667101.769931529
0.0.4346529,0.5662500730977887,SUCCESS,hbar,0.0.3964804,0.0.4138717@1787667102.762583707
0.0.920901,8.303660439838453,SUCCESS,hbar,0.0.3964804,0.0.4138717@1787667103.785275097
0.0.3023498,0.2051812128227039,SUCCESS,hbar,0.0.3964804,0.0.4138717@1787667103.829328902
0.0.1728462,0.05495986155948869,SUCCESS,hbar,0.0.3964804,0.0.4138717@1787667107.893410465
0.0.4360122,0.0746770333550647,SUCCESS,hbar,0.0.3964804,0.0.4138717@1787667105.162418666
0.0.4368518,0.02962599135810429,SUCCESS,hbar,0.0.3964804,0.0.4138717@1787667107.122886894
0.0.4333378,0.003125907133546451,SUCCESS,hbar,0.0.3964804,0.0.4138717@1787667107.917637606
0.0.7746903,0.01452694748862393,SUCCESS,hbar,0.0.3964804,0.0.4138717@1787667109.989687726
0.0.4535053,0.9431483584285072,SUCCESS,hbar,0.0.3964804,0.0.4138717@1787667109.096564066
0.0.1703452,0.2725467190934326,SUCCESS,hbar,0.0.3964804,0.0.4138717@1787667110.526646689
0.0.1860252,0.07233315372322498,SUCCESS,hbar,0.0.3964804,0.0.4138717@1787667107.516803969
0.0.2101943,0.0005017987052193714,SUCCESS,hbar,0.0.3964804,0.0.4138717@1787667107.895094864
0.0.732798,0.01604760416073451,SUCCESS,hbar,0.0.3964804,0.0.4138717@1787667112.435616374
0.0.795838,0.01577665064656165,SUCCESS,hbar,0.0.3964804,0.0.4138717@1787667111.105004189
0.0.1357334,0.05213701070687419,SUCCESS,hbar,0.0.3964804,0.0.4138717@1787667109.658986311
0.0.3165925,0.02527783847440334,SUCCESS,hbar,0.0.3964804,0.0.4138717@1787667111.429172728
0.0.1353334,0.02021893069590542,SUCCESS,hbar,0.0.3964804,0.0.4138717@1787667111.031995949
0.0.3295745,1.993338578494718,SUCCESS,hbar,0.0.3964804,0.0.4138717@1787667111.083063308
0.0.4433604,0.01212901588037279,SUCCESS,hbar,0.0.3964804,0.0.4138717@1787667113.057147485
0.0.2302824,0.0003824326585850684,SUCCESS,hbar,0.0.3964804,0.0.4138717@1787667112.261396798
0.0.435679,5.347402608580738,SUCCESS,hbar,0.0.3964804,0.0.4138717@1787667115.424991478
0.0.1372179,0.02780410453703781,SUCCESS,hbar,0.0.3964804,0.0.4138717@1787667112.847001859
0.0.5314183,0.0601888395338637,SUCCESS,hbar,0.0.3964804,0.0.4138717@1787667115.605555899
0.0.840487,0.4983981464188083,SUCCESS,hbar,0.0.3964804,0.0.4138717@1787667115.022171765
0.0.789990,0.01130876191021055,SUCCESS,hbar,0.0.3964804,0.0.4138717@1787667113.562127753
0.0.4362017,0.2545625470314286,SUCCESS,hbar,0.0.3964804,0.0.4138717@1787667116.225148725
0.0.1046906,0.003919406928332651,SUCCESS,hbar,0.0.3964804,0.0.4138717@1787667118.501808569
0.0.4923529,0.0002828883700018714,SUCCESS,hbar,0.0.3964804,0.0.4138717@1787667118.466077842
0.0.4741573,0.1440227801250482,SUCCESS,hbar,0.0.3964804,0.0.4138717@1787667118.190504697
0.0.1747288,0.6260642654695772,SUCCESS,hbar,0.0.3964804,0.0.4138717@1787667118.428151473
0.0.4640278,0.0148261517181615,SUCCESS,hbar,0.0.3964804,0.0.4138717@1787667119.051973057
0.0.4758052,0.02731152134984115,SUCCESS,hbar,0.0.3964804,0.0.4138717@1787667118.463614575
0.0.4345176,0.01543082899440873,SUCCESS,hbar,0.0.3964804,0.0.4138717@1787667119.165646505
0.0.5060252,0.004082215214815142,SUCCESS,hbar,0.0.3964804,0.0.4138717@1787667121.598279200
0.0.4322023,0.09105849805877567,SUCCESS,hbar,0.0.3964804,0.0.4138717@1787667121.589318353
0.0.4785387,0.07739903285473461,SUCCESS,hbar,0.0.3964804,0.0.4138717@1787667124.024135129
0.0.1388678,0.7790261715703253,SUCCESS,hbar,0.0.3964804,0.0.4138717@1787667121.960407764
0.0.848151,0.05772656884644833,SUCCESS,hbar,0.0.3964804,0.0.4138717@1787667123.048449297
0.0.6061106,0.07032729075719134,SUCCESS,hbar,0.0.3964804,0.0.4138717@1787667124.461896619
0.0.4799094,0.01676912449794054,SUCCESS,hbar,0.0.3964804,0.0.4138717@1787667128.416871053
0.0.1334605,1.72615001879037,SUCCESS,hbar,0.0.3964804,0.0.4138717@1787667124.872318831
0.0.5873159,11.35382459740122,SUCCESS,hbar,0.0.3964804,0.0.4138717@1787667127.354132079
0.0.9796301,0.2145437463906252,SUCCESS,hbar,0.0.3964804,0.0.4138717@1787667128.960892018
0.0.4853191,0.002460317727052895,SUCCESS,hbar,0.0.3964804,0.0.4138717@1787667126.282866555
0.0.10427913,0.05136021308218473,SUCCESS,hbar,0.0.3964804,0.0.4138717@1787667127.287946978
0.0.560837,1.977985296013685,SUCCESS,hbar,0.0.3964804,0.0.4138717@1787667127.848350656
0.0.3051653,0.2286665286342478,SUCCESS,hbar,0.0.3964804,0.0.4138717@1787667125.508097184
0.0.1505544,0.001185863055562637,SUCCESS,hbar,0.0.3964804,0.0.4138717@1787667125.477478175
0.0.876236,0.02372270143317104,SUCCESS,hbar,0.0.3964804,0.0.4138717@1787667128.446586308
0.0.4644030,0.004017808400535952,SUCCESS,hbar,0.0.3964804,0.0.4138717@1787667131.105880185
0.0.2005484,0.003313093885691988,SUCCESS,hbar,0.0.3964804,0.0.4138717@1787667128.570459166
0.0.4144365,0.3060564941001892,SUCCESS,hbar,0.0.3964804,0.0.4138717@1787667133.219585232
0.0.837799,0.2076621996877746,SUCCESS,hbar,0.0.3964804,0.0.4138717@1787667129.671934172
0.0.6095958,1.458285663324681,SUCCESS,hbar,0.0.3964804,0.0.4138717@1787667130.914442452
0.0.836096,0.03447006502900387,SUCCESS,hbar,0.0.3964804,0.0.4138717@1787667129.561371500
0.0.4340392,0.008598562941463748,SUCCESS,hbar,0.0.3964804,0.0.4138717@1787667129.603910619
0.0.4782567,0.4262350888089317,SUCCESS,hbar,0.0.3964804,0.0.4138717@1787667129.573481629
0.0.4323897,0.00236351311188749,SUCCESS,hbar,0.0.3964804,0.0.4138717@1787667130.707124350
0.0.834666,1.188478019137418,SUCCESS,hbar,0.0.3964804,0.0.4138717@1787667130.856610224
0.0.5029689,0.6171052310850879,SUCCESS,hbar,0.0.3964804,0.0.4138717@1787667137.373589800
0.0.4329551,0.1607211125031247,SUCCESS,hbar,0.0.3964804,0.0.4138717@1787667137.336505672
0.0.1415516,1.428350677099203,SUCCESS,hbar,0.0.3964804,0.0.4138717@1787667133.608290092
0.0.5432163,0.006875159231207514,SUCCESS,hbar,0.0.3964804,0.0.4138717@1787667134.865539566
0.0.7421912,0.007744390462654397,SUCCESS,hbar,0.0.3964804,0.0.4138717@1787667138.323206143
0.0.6256886,0.007881480673986667,SUCCESS,hbar,0.0.3964804,0.0.4138717@1787667136.662280485
0.0.831661,0.4486747849969286,SUCCESS,hbar,0.0.3964804,0.0.4138717@1787667137.620827363
0.0.2557514,0.17417229198461,SUCCESS,hbar,0.0.3964804,0.0.4138717@1787667137.022719244
0.0.4250725,0.02685656567390472,SUCCESS,hbar,0.0.3964804,0.0.4138717@1787667139.162823435
0.0.3912896,0.03321603132258422,SUCCESS,hbar,0.0.3964804,0.0.4138717@1787667137.792034809
0.0.4752954,0.04692877897497914,SUCCESS,hbar,0.0.3964804,0.0.4138717@1787667137.280887359
0.0.7777028,0.1119829962912309,SUCCESS,hbar,0.0.3964804,0.0.4138717@1787667141.228006827
0.0.7607102,0.00130561352149734,SUCCESS,hbar,0.0.3964804,0.0.4138717@1787667140.501268290
0.0.5739319,0.172512748989532,SUCCESS,hbar,0.0.3964804,0.0.4138717@1787667138.535053786
0.0.7791729,0.0001705297787686813,SUCCESS,hbar,0.0.3964804,0.0.4138717@1787667140.996808000
0.0.7638910,0.00791025912863705,SUCCESS,hbar,0.0.3964804,0.0.4138717@1787667139.648742766
0.0.7570262,0.0141037338950744,SUCCESS,hbar,0.0.3964804,0.0.4138717@1787667142.739497358
0.0.7835479,0.002692429745867025,SUCCESS,hbar,0.0.3964804,0.0.4138717@1787667141.799429174
0.0.1479857,0.196540976041275,SUCCESS,hbar,0.0.3964804,0.0.4138717@1787667140.097545004
0.0.5042398,0.2954172351459304,SUCCESS,hbar,0.0.3964804,0.0.4138717@1787667141.138122155
0.0.5905014,0.06835007457998385,SUCCESS,hbar,0.0.3964804,0.0.4138717@1787667142.200865933
0.0.3947850,0.00005535062275552592,SUCCESS,hbar,0.0.3964804,0.0.4138717@1787667144.679389491
0.0.7896816,2.784731478423906,SUCCESS,hbar,0.0.3964804,0.0.4138717@1787667143.331464674
0.0.1481135,0.06519130934806232,SUCCESS,hbar,0.0.3964804,0.0.4138717@1787667142.718368175
0.0.7974195,7.17498378427789,SUCCESS,hbar,0.0.3964804,0.0.4138717@1787667145.981081787
0.0.7965413,0.0001714177725825357,SUCCESS,hbar,0.0.3964804,0.0.4138717@1787667145.866882585
0.0.8032303,0.01005297481434073,SUCCESS,hbar,0.0.3964804,0.0.4138717@1787667147.364521274
0.0.6232417,0.01130546040109097,SUCCESS,hbar,0.0.3964804,0.0.4138717@1787667147.412318620
0.0.6058490,0.005027475682699792,SUCCESS,hbar,0.0.3964804,0.0.4138717@1787667147.852182987
0.0.6247418,0.008673938337564248,SUCCESS,hbar,0.0.3964804,0.0.4138717@1787667150.212710017
0.0.4659519,0.2902043580192756,SUCCESS,hbar,0.0.3964804,0.0.4138717@1787667150.563098694
0.0.827132,0.06336828579791692,SUCCESS,hbar,0.0.3964804,0.0.4138717@1787667147.749572807
0.0.2174952,0.04451652359891987,SUCCESS,hbar,0.0.3964804,0.0.4138717@1787667153.311011548
0.0.6324031,0.0001341098440753294,SUCCESS,hbar,0.0.3964804,0.0.4138717@1787667153.724177954
0.0.2123622,0.0228187435116977,SUCCESS,hbar,0.0.3964804,0.0.4138717@1787667152.305848537
0.0.4360598,0.006742055512229683,SUCCESS,hbar,0.0.3964804,0.0.4138717@1787667151.400260439
0.0.6674918,0.002560758698942786,SUCCESS,hbar,0.0.3964804,0.0.4138717@1787667151.986823135
0.0.835625,0.01705138301957419,SUCCESS,hbar,0.0.3964804,0.0.4138717@1787667156.037911242
0.0.760653,0.0335041716838,SUCCESS,hbar,0.0.3964804,0.0.4138717@1787667157.810909731
0.0.1754370,0.01357292671959552,SUCCESS,hbar,0.0.3964804,0.0.4138717@1787667154.149177416
0.0.1448239,0.009158277333180741,SUCCESS,hbar,0.0.3964804,0.0.4138717@1787667156.735934049
0.0.6344703,19.58261950964168,SUCCESS,hbar,0.0.3964804,0.0.4138717@1787667157.173704153
0.0.6612734,0.001340844195412083,SUCCESS,hbar,0.0.3964804,0.0.4138717@1787667155.471452845
0.0.1233065,0.06053564560889632,SUCCESS,hbar,0.0.3964804,0.0.4138717@1787667158.498258915
0.0.4978453,1.490794208631753,SUCCESS,hbar,0.0.3964804,0.0.4138717@1787667155.914860359
0.0.1859919,0.02269607193285608,SUCCESS,hbar,0.0.3964804,0.0.4138717@1787667159.604519437
0.0.7200618,0.003366577630108389,SUCCESS,hbar,0.0.3964804,0.0.4138717@1787667161.085608821
0.0.3159220,0.5821996005090926,SUCCESS,hbar,0.0.3964804,0.0.4138717@1787667162.264341206
0.0.4595460,0.0192738852386704,SUCCESS,hbar,0.0.3964804,0.0.4138717@1787667164.291744696
0.0.4899880,0.01172658324690994,SUCCESS,hbar,0.0.3964804,0.0.4138717@1787667162.542607718
0.0.5437974,0.178268500106395,SUCCESS,hbar,0.0.3964804,0.0.4138717@1787667162.718533864
0.0.7610560,0.02657712591151006,SUCCESS,hbar,0.0.3964804,0.0.4138717@1787667164.339076809
0.0.4795853,0.01579068331433613,SUCCESS,hbar,0.0.3964804,0.0.4138717@1787667166.803305459
0.0.840324,0.4120264892782756,SUCCESS,hbar,0.0.3964804,0.0.4138717@1787667166.819030480
0.0.5719491,0.01777824092287976,SUCCESS,hbar,0.0.3964804,0.0.4138717@1787667166.166576776
0.0.6045318,0.1233356709717119,SUCCESS,hbar,0.0.3964804,0.0.4138717@1787667169.052511762
0.0.2185671,0.02964248731890533,SUCCESS,hbar,0.0.3964804,0.0.4138717@1787667168.228057806
0.0.1056579,1.690477711470394,SUCCESS,hbar,0.0.3964804,0.0.4138717@1787667165.601855952
0.0.8717466,0.0005692313449337411,SUCCESS,hbar,0.0.3964804,0.0.4138717@1787667167.944458177
0.0.4724806,0.001213421834125485,SUCCESS,hbar,0.0.3964804,0.0.4138717@1787667167.600868877
0.0.3288501,0.01432493544524924,SUCCESS,hbar,0.0.3964804,0.0.4138717@1787667167.457746522
0.0.8903303,0.1373676699634709,FAIL,hbar,0.0.3964804,
0.0.8514597,1.515940724007128,SUCCESS,hbar,0.0.3964804,0.0.4138717@1787667169.476690174
0.0.9104016,0.2865918652890097,SUCCESS,hbar,0.0.3964804,0.0.4138717@1787667170.133700762
0.0.5580759,0.01023233699238175,SUCCESS,hbar,0.0.3964804,0.0.4138717@1787667170.601908456
0.0.9149385,0.02701412135239637,SUCCESS,hbar,0.0.3964804,0.0.4138717@1787667172.694572985
0.0.919311,38.27093384328059,SUCCESS,hbar,0.0.3964804,0.0.4138717@1787667173.739421254
0.0.7993090,1.413526690740075,SUCCESS,hbar,0.0.3964804,0.0.4138717@1787667173.534886071
0.0.7965335,0.6359823931040531,SUCCESS,hbar,0.0.3964804,0.0.4138717@1787667174.644729083
0.0.187153,1.761923122881879,SUCCESS,hbar,0.0.3964804,0.0.4138717@1787667174.686184364
0.0.9201440,0.01350970349580113,SUCCESS,hbar,0.0.3964804,0.0.4138717@1787667174.681682037
0.0.4310363,0.07925166352617047,SUCCESS,hbar,0.0.3964804,0.0.4138717@1787667173.558344835
0.0.9168967,0.03421986081912508,SUCCESS,hbar,0.0.3964804,0.0.4138717@1787667173.119438827
0.0.6094118,0.006462072866621166,SUCCESS,hbar,0.0.3964804,0.0.4138717@1787667174.327367219
0.0.9144684,0.0274072327003248,SUCCESS,hbar,0.0.3964804,0.0.4138717@1787667174.303788037
0.0.9150672,0.009583882473399133,SUCCESS,hbar,0.0.3964804,0.0.4138717@1787667176.594672998
0.0.4743054,0.0001446484665502448,SUCCESS,hbar,0.0.3964804,0.0.4138717@1787667179.370089085
0.0.8227507,0.1652785619387439,SUCCESS,hbar,0.0.3964804,0.0.4138717@1787667179.846861571
0.0.3241611,0.1381639767711293,SUCCESS,hbar,0.0.3964804,0.0.4138717@1787667178.035296313
0.0.7938061,0.01897381257225992,SUCCESS,hbar,0.0.3964804,0.0.4138717@1787667179.224145635
0.0.8002341,0.08421338070049245,SUCCESS,hbar,0.0.3964804,0.0.4138717@1787667178.519291151
0.0.7166497,0.0229858525206383,SUCCESS,hbar,0.0.3964804,0.0.4138717@1787667180.655916831
0.0.8209705,0.03972586380205058,SUCCESS,hbar,0.0.3964804,0.0.4138717@1787667180.251062395
0.0.1369825,27.27373290000401,SUCCESS,hbar,0.0.3964804,0.0.4138717@1787667178.291722086
0.0.1404010,0.0005846683987862394,SUCCESS,hbar,0.0.3964804,0.0.4138717@1787667179.709355754
0.0.1261132,0.1203797432183941,SUCCESS,hbar,0.0.3964804,0.0.4138717@1787667181.467100448
0.0.7816479,0.007813112321093083,SUCCESS,hbar,0.0.3964804,0.0.4138717@1787667183.665434217
0.0.6148704,0.02560399033203052,SUCCESS,hbar,0.0.3964804,0.0.4138717@1787667182.435301136
0.0.8054459,0.1461563707540342,SUCCESS,hbar,0.0.3964804,0.0.4138717@1787667185.708946685
0.0.7285744,0.007209389617064054,SUCCESS,hbar,0.0.3964804,0.0.4138717@1787667185.448081795
0.0.10261941,0.3417020031101368,SUCCESS,hbar,0.0.3964804,0.0.4138717@1787667182.884971693
0.0.7920282,0.001833964595666095,SUCCESS,hbar,0.0.3964804,0.0.4138717@1787667183.078930174
0.0.658160,0.00144247198066495,SUCCESS,hbar,0.0.3964804,0.0.4138717@1787667187.135536791
0.0.4853295,2.937400334976302,SUCCESS,hbar,0.0.3964804,0.0.4138717@1787667186.354796565
0.0.8291825,0.4160690415751181,SUCCESS,hbar,0.0.3964804,0.0.4138717@1787667185.780175338
0.0.8120693,0.4372961939631517,SUCCESS,hbar,0.0.3964804,0.0.4138717@1787667188.032552404
0.0.4319619,0.03458207855721034,SUCCESS,hbar,0.0.3964804,0.0.4138717@1787667186.229697148
0.0.4838474,1.043318558389183,SUCCESS,hbar,0.0.3964804,0.0.4138717@1787667187.572100767
0.0.7550116,0.02598504897355567,SUCCESS,hbar,0.0.3964804,0.0.4138717@1787667188.528376460
0.0.8382708,0.001567728124522009,SUCCESS,hbar,0.0.3964804,0.0.4138717@1787667187.172556026
0.0.8352642,0.03737387198286043,SUCCESS,hbar,0.0.3964804,0.0.4138717@1787667187.332392529
0.0.7920736,0.4209062655942595,SUCCESS,hbar,0.0.3964804,0.0.4138717@1787667191.739794132
0.0.8213249,11.98501618862781,SUCCESS,hbar,0.0.3964804,0.0.4138717@1787667190.055191505
0.0.1461428,0.4929431425604646,SUCCESS,hbar,0.0.3964804,0.0.4138717@1787667191.217421495
0.0.946029,0.1618073296320087,SUCCESS,hbar,0.0.3964804,0.0.4138717@1787667191.308445657
0.0.6258977,0.04844100327552724,SUCCESS,hbar,0.0.3964804,0.0.4138717@1787667193.660198270
0.0.9612822,0.04918031172337165,SUCCESS,hbar,0.0.3964804,0.0.4138717@1787667191.716219242
0.0.834767,0.3912193160123494,SUCCESS,hbar,0.0.3964804,0.0.4138717@1787667194.500010664
0.0.9695749,1.001364301601071,SUCCESS,hbar,0.0.3964804,0.0.4138717@1787667191.732292305
0.0.7550127,0.06265284556875302,SUCCESS,hbar,0.0.3964804,0.0.4138717@1787667193.034422580
0.0.9317309,0.0001672306682693598,SUCCESS,hbar,0.0.3964804,0.0.4138717@1787667192.609960087
0.0.1043461,16.29762054567572,SUCCESS,hbar,0.0.3964804,0.0.4138717@1787667195.814354633
0.0.3907868,0.001567454101622252,SUCCESS,hbar,0.0.3964804,0.0.4138717@1787667193.743195113
0.0.3161254,1730.226395885527,SUCCESS,hbar,0.0.3964804,0.0.4138717@1787667197.566683652
0.0.6460255,1.369708096743413,SUCCESS,hbar,0.0.3964804,0.0.4138717@1787667199.197795656
0.0.5482082,0.2074904377209386,SUCCESS,hbar,0.0.3964804,0.0.4138717@1787667198.849653412
0.0.10068662,0.01584407535536357,SUCCESS,hbar,0.0.3964804,0.0.4138717@1787667198.870237559
0.0.4911466,0.00280892289944229,SUCCESS,hbar,0.0.3964804,0.0.4138717@1787667196.110767717
0.0.9690555,0.08472476857270135,SUCCESS,hbar,0.0.3964804,0.0.4138717@1787667196.634101032
0.0.1711144,0.04829168827061858,SUCCESS,hbar,0.0.3964804,0.0.4138717@1787667200.428905951
0.0.1486871,8.75353331959958,SUCCESS,hbar,0.0.3964804,0.0.4138717@1787667200.583984522
0.0.7164995,4.007362329731688,SUCCESS,hbar,0.0.3964804,0.0.4138717@1787667198.658767256
0.0.10056907,0.6536219257293147,SUCCESS,hbar,0.0.3964804,0.0.4138717@1787667203.245793754
0.0.2030460,3.535418553451946,SUCCESS,hbar,0.0.3964804,0.0.4138717@1787667201.136277040
0.0.10242536,0.5096745615685145,SUCCESS,hbar,0.0.3964804,0.0.4138717@1787667200.106761748
0.0.9226909,0.0628485688755967,SUCCESS,hbar,0.0.3964804,0.0.4138717@1787667204.290507611
0.0.2149252,0.00001125617299747245,FAIL,hbar,0.0.3964804,
0.0.9273859,0.02147442816895745,SUCCESS,hbar,0.0.3964804,0.0.4138717@1787667204.844207349
0.0.9272301,0.1904140931740915,SUCCESS,hbar,0.0.3964804,0.0.4138717@1787667203.745475781
0.0.853379,6.871253606745836,SUCCESS,hbar,0.0.3964804,0.0.4138717@1787667204.421748606
0.0.3681629,1.854889494835571,SUCCESS,hbar,0.0.3964804,0.0.4138717@1787667204.657773608
0.0.6295630,0.01678528546766395,SUCCESS,hbar,0.0.3964804,0.0.4138717@1787667204.859435120
0.0.2017766,0.4483204222844859,SUCCESS,hbar,0.0.3964804,0.0.4138717@1787667209.614625661
0.0.9303899,0.38168808895424,SUCCESS,hbar,0.0.3964804,0.0.4138717@1787667207.311002115
0.0.966444,0.6465792083233649,SUCCESS,hbar,0.0.3964804,0.0.4138717@1787667210.243327982
0.0.9178066,1.281850202722057,SUCCESS,hbar,0.0.3964804,0.0.4138717@1787667210.371692031
0.0.915984,3.605085856395033,SUCCESS,hbar,0.0.3964804,0.0.4138717@1787667207.645971774
0.0.1517175,0.2765363270880759,SUCCESS,hbar,0.0.3964804,0.0.4138717@1787667211.976192774
0.0.10279551,0.07423487244924587,SUCCESS,hbar,0.0.3964804,0.0.4138717@1787667209.541624341
0.0.2657839,0.6999054632387072,SUCCESS,hbar,0.0.3964804,0.0.4138717@1787667210.283443198
0.0.9477910,0.8963065284455697,SUCCESS,hbar,0.0.3964804,0.0.4138717@1787667211.735927277
0.0.1736150,0.20429990806311,SUCCESS,hbar,0.0.3964804,0.0.4138717@1787667213.117264474
0.0.9404882,0.1042733027544821,SUCCESS,hbar,0.0.3964804,0.0.4138717@1787667211.077101256
0.0.9405888,0.004308047732081563,SUCCESS,hbar,0.0.3964804,0.0.4138717@1787667215.990703251
0.0.835055,0.000002314500043108459,SUCCESS,hbar,0.0.3964804,0.0.4138717@1787667213.478400158
0.0.3273594,0.01657764332042099,SUCCESS,hbar,0.0.3964804,0.0.4138717@1787667216.741061865
0.0.1183511,0.0003094322773931748,SUCCESS,hbar,0.0.3964804,0.0.4138717@1787667212.540462993
0.0.1067361,0.01489365940070478,SUCCESS,hbar,0.0.3964804,0.0.4138717@1787667214.105302126
0.0.796454,0.1224183167538996,SUCCESS,hbar,0.0.3964804,0.0.4138717@1787667213.890459685
0.0.1440806,0.04050812566039888,SUCCESS,hbar,0.0.3964804,0.0.4138717@1787667215.965378428
0.0.2299836,99.21926287049526,SUCCESS,hbar,0.0.3964804,0.0.4138717@1787667215.723112361
0.0.3003013,0.0190140774099117,SUCCESS,hbar,0.0.3964804,0.0.4138717@1787667215.326361861
0.0.8414341,0.00000519413056484189,SUCCESS,hbar,0.0.3964804,0.0.4138717@1787667217.814780080
0.0.8673292,0.0410695987859163,SUCCESS,hbar,0.0.3964804,0.0.4138717@1787667218.086567033
0.0.3008234,0.210869665041034,SUCCESS,hbar,0.0.3964804,0.0.4138717@1787667220.317602705
0.0.4320892,0.05556500579404085,SUCCESS,hbar,0.0.3964804,0.0.4138717@1787667222.097993423
0.0.10277044,0.08637215281023328,SUCCESS,hbar,0.0.3964804,0.0.4138717@1787667218.758774349
0.0.10044419,0.0102425131221504,SUCCESS,hbar,0.0.3964804,0.0.4138717@1787667221.605136024
0.0.9317965,0.009853490324072282,SUCCESS,hbar,0.0.3964804,0.0.4138717@1787667220.113813404
0.0.4914022,0.01579625584556408,SUCCESS,hbar,0.0.3964804,0.0.4138717@1787667223.098626327
0.0.10009527,0.003535599234318195,SUCCESS,hbar,0.0.3964804,0.0.4138717@1787667222.814940097
0.0.10820145,0.06407867723011433,SUCCESS,hbar,0.0.3964804,0.0.4138717@1787667221.055170501
0.0.10359238,1.748265837190182e-7,SUCCESS,hbar,0.0.3964804,0.0.4138717@1787667222.071790222
0.0.10359145,0.000001604952013170946,SUCCESS,hbar,0.0.3964804,0.0.4138717@1787667223.893942197
0.0.9221480,1.472040062931978e-7,SUCCESS,hbar,0.0.3964804,0.0.4138717@1787667226.790710102
0.0.835929,3.5003236254e-12,FAIL,hbar,0.0.3964804,
0.0.7776311,0.00008307581481046023,SUCCESS,hbar,0.0.3964804,0.0.4138717@1787667226.263877297
0.0.4351860,0.000003093285499176903,SUCCESS,hbar,0.0.3964804,0.0.4138717@1787667223.937208529
0.0.9270286,0.00002891665364293772,SUCCESS,hbar,0.0.3964804,0.0.4138717@1787667228.330071385
0.0.9812108,0.0003031346862302493,SUCCESS,hbar,0.0.3964804,0.0.4138717@1787667225.106591177
0.0.4229971,0.0003300841786738513,SUCCESS,hbar,0.0.3964804,0.0.4138717@1787667228.802676057
0.0.3450,0.00008494855082207323,SUCCESS,hbar,0.0.3964804,0.0.4138717@1787667226.648370568
0.0.638522,0.009038391458292954,SUCCESS,hbar,0.0.3964804,0.0.4138717@1787667230.171962686
0.0.1745725,0.00101611051372275,SUCCESS,hbar,0.0.3964804,0.0.4138717@1787667227.884256137
0.0.8181079,0.01319194542796009,SUCCESS,hbar,0.0.3964804,0.0.4138717@1787667231.599661183
0.0.6497488,0.001145055082242268,SUCCESS,hbar,0.0.3964804,0.0.4138717@1787667229.154987784
0.0.1681033,0.000165667773488629,SUCCESS,hbar,0.0.3964804,0.0.4138717@1787667232.738712167
0.0.2116216,0.002082912937177781,SUCCESS,hbar,0.0.3964804,0.0.4138717@1787667229.307142104
0.0.4815771,0.0002981687956646715,SUCCESS,hbar,0.0.3964804,0.0.4138717@1787667230.384555707
0.0.479120,16.45219953738873,SUCCESS,hbar,0.0.3964804,0.0.4138717@1787667232.204306465
0.0.1920276,0.08094068039681324,SUCCESS,hbar,0.0.3964804,0.0.4138717@1787667233.821741001
0.0.8868403,0.0007528722876633936,SUCCESS,hbar,0.0.3964804,0.0.4138717@1787667234.329549881
0.0.4543305,3.95199608691535,SUCCESS,hbar,0.0.3964804,0.0.4138717@1787667230.831739504
0.0.9425366,0.3072810411824671,SUCCESS,hbar,0.0.3964804,0.0.4138717@1787667233.696174705
0.0.10422583,0.1581051520269617,SUCCESS,hbar,0.0.3964804,0.0.4138717@1787667235.216307255
0.0.9362153,0.03278358095774318,SUCCESS,hbar,0.0.3964804,0.0.4138717@1787667233.013041203
0.0.5326504,0.2002461182744357,SUCCESS,hbar,0.0.3964804,0.0.4138717@1787667234.919509364
0.0.851469,0.02290549557328783,SUCCESS,hbar,0.0.3964804,0.0.4138717@1787667235.564279712
0.0.4375828,0.1373451075222167,SUCCESS,hbar,0.0.3964804,0.0.4138717@1787667236.363585938
0.0.1313705,0.01426477426085367,SUCCESS,hbar,0.0.3964804,0.0.4138717@1787667234.511571581
0.0.4329185,0.0408913746945816,SUCCESS,hbar,0.0.3964804,0.0.4138717@1787667235.848838454