account,amount,state,token address,pool address,tx id
0.0.4340290,86.40964318429025,SUCCESS,0.0.731861,0.0.3948521,0.0.4138717@1776725230.114131569
0.0.10430673,2481.19870781058,SUCCESS,0.0.731861,0.0.3948521&0.0.3964804&0.0.3964808&0.0.3964860&0.0.10414792,0.0.4138717@1776725229.635022492
0.0.2960520,10.23932381751102,SUCCESS,0.0.731861,0.0.3948521,0.0.4138717@1776725229.164828434
0.0.10056907,1495.782576671533,SUCCESS,0.0.731861,0.0.3948521&0.0.3964804&0.0.3964837,0.0.4138717@1776725227.315119064
0.0.859023,0.01903467478607728,SUCCESS,0.0.731861,0.0.3948521&0.0.3964837&0.0.6071119,0.0.4138717@1776725230.462052778
0.0.165981,0.006339626886745009,SUCCESS,0.0.731861,0.0.3948521,0.0.4138717@1776725228.011417690
0.0.5119346,107.2218697078638,SUCCESS,0.0.731861,0.0.3948521&0.0.3951117&0.0.3964804,0.0.4138717@1776725227.401363602
0.0.7730513,0.009885086665586813,SUCCESS,0.0.731861,0.0.3948521,0.0.4138717@1776725228.988742925
0.0.5118232,8.034190400428658,SUCCESS,0.0.731861,0.0.3948521&0.0.3951117&0.0.3964804,0.0.4138717@1776725227.920694614
0.0.5118079,23.66309134671839,SUCCESS,0.0.731861,0.0.3948521&0.0.3951117&0.0.3964804&0.0.3964808,0.0.4138717@1776725230.785596345
0.0.7789171,0.603545789865906,SUCCESS,0.0.731861,0.0.3948521&0.0.3964804,0.0.4138717@1776725230.926520337
0.0.1181772,7.808329968695118,SUCCESS,0.0.731861,0.0.3948521&0.0.3964804&0.0.6126395,0.0.4138717@1776725235.050541267
0.0.4544530,933.8745062311269,SUCCESS,0.0.731861,0.0.3948521&0.0.3951117&0.0.3961531&0.0.3964790&0.0.3964795&0.0.3964800&0.0.3964804&0.0.3964808&0.0.3964821&0.0.3964825&0.0.3964827&0.0.3964834&0.0.3964837&0.0.3964855&0.0.3964860&0.0.3964840&0.0.4129330&0.0.4601632&0.0.5328590&0.0.6071041&0.0.6078459&0.0.6078473,0.0.4138717@1776725232.297037602
0.0.862835,104.4119764256655,SUCCESS,0.0.731861,0.0.3948521&0.0.3964804&0.0.3964827&0.0.6071911,0.0.4138717@1776725233.913759805
0.0.1427613,37.28534544798766,SUCCESS,0.0.731861,0.0.3948521,0.0.4138717@1776725234.128819638
0.0.7950871,28.52600394019498,SUCCESS,0.0.731861,0.0.3948521&0.0.3964804&0.0.3964827,0.0.4138717@1776725236.951616580
0.0.7951,17848.1202244067,SUCCESS,0.0.731861,0.0.3948521&0.0.3964790&0.0.3964855&0.0.5328590,0.0.4138717@1776725235.191417797
0.0.5182107,6.608688997595198,NOT_ASSOCIATED,0.0.731861,0.0.3948521&0.0.3951117&0.0.3964804,
0.0.7965397,0.001035078524609902,SUCCESS,0.0.731861,0.0.3948521,0.0.4138717@1776725237.015538490
0.0.1265153,0.06320006800521841,SUCCESS,0.0.731861,0.0.3948521&0.0.3951117&0.0.3964795&0.0.3964827&0.0.3964840,0.0.4138717@1776725235.370527090
0.0.3958740,0.00009354674979785166,SUCCESS,0.0.731861,0.0.3948521,0.0.4138717@1776725237.206303032
0.0.7965399,0.002225297707413774,SUCCESS,0.0.731861,0.0.3948521,0.0.4138717@1776725240.745696839
0.0.2964523,764.7031985454239,SUCCESS,0.0.731861,0.0.3948521&0.0.3964804&0.0.3964808,0.0.4138717@1776725239.352801284
0.0.428115,0.0008700201165904122,SUCCESS,0.0.731861,0.0.3948521,0.0.4138717@1776725240.875914106
0.0.3870061,118.5345335620791,SUCCESS,0.0.731861,0.0.3948521&0.0.4601632,0.0.4138717@1776725241.386525868
0.0.2923216,212.3014525077462,SUCCESS,0.0.731861,0.0.3948521,0.0.4138717@1776725238.420553306
0.0.3210690,1.082267098439702,SUCCESS,0.0.731861,0.0.3948521,0.0.4138717@1776725238.448389058
0.0.10031122,0.01889513460400133,NOT_ASSOCIATED,0.0.731861,0.0.3948521,
0.0.4865794,737.2637930559322,SUCCESS,0.0.731861,0.0.3948521&0.0.10418141,0.0.4138717@1776725244.158187382
0.0.4712184,0.03525618430097469,SUCCESS,0.0.731861,0.0.3948521&0.0.3961531&0.0.3964790&0.0.3964837&0.0.3964840,0.0.4138717@1776725244.718884908
0.0.4093788,22.91885795402959,SUCCESS,0.0.731861,0.0.3948521&0.0.3964804,0.0.4138717@1776725243.344192107
0.0.7550890,3.650426817482813,SUCCESS,0.0.731861,0.0.3948521&0.0.3964804,0.0.4138717@1776725242.742591419
0.0.1353334,2.797709767024651,SUCCESS,0.0.731861,0.0.3948521&0.0.3964804,0.0.4138717@1776725243.163955295
0.0.1930336,4737.664964736803,SUCCESS,0.0.731861,0.0.3948521,0.0.4138717@1776725244.023515768
0.0.1105470,1.597056190511852,SUCCESS,0.0.731861,0.0.3948521,0.0.4138717@1776725246.678509830
0.0.4363476,169.7957015100472,SUCCESS,0.0.731861,0.0.3948521&0.0.3961531,0.0.4138717@1776725246.494984925
0.0.4313767,1.726527890163362,SUCCESS,0.0.731861,0.0.3948521,0.0.4138717@1776725245.397159035
0.0.4702708,713.4206932749987,SUCCESS,0.0.731861,0.0.3948521&0.0.3951117&0.0.3964827,0.0.4138717@1776725244.640491949
0.0.4777259,20.66013243036808,SUCCESS,0.0.731861,0.0.3948521,0.0.4138717@1776725245.183903105
0.0.10031120,0.01929370338172082,NOT_ASSOCIATED,0.0.731861,0.0.3948521,
0.0.628683,23.90033043415371,SUCCESS,0.0.731861,0.0.3948521,0.0.4138717@1776725245.727953867
0.0.3971792,2.6440097398193,SUCCESS,0.0.731861,0.0.3948521,0.0.4138717@1776725248.909889037
0.0.3918882,1.591098631174774,SUCCESS,0.0.731861,0.0.3948521,0.0.4138717@1776725251.080983044
0.0.6440477,2.25698803314544,SUCCESS,0.0.731861,0.0.3948521&0.0.3951117&0.0.3964804,0.0.4138717@1776725249.022994680
0.0.6033605,0.03297161248852731,SUCCESS,0.0.731861,0.0.3948521,0.0.4138717@1776725250.545926299
0.0.5687394,14.5683001087521,NOT_ASSOCIATED,0.0.731861,0.0.3948521,
0.0.720300,48.02051024937706,SUCCESS,0.0.731861,0.0.3948521,0.0.4138717@1776725247.292793514
0.0.4744252,0.6074597225851153,SUCCESS,0.0.731861,0.0.3948521,0.0.4138717@1776725251.354127445
0.0.5310061,24.98710778904717,SUCCESS,0.0.731861,0.0.3948521&0.0.3951117&0.0.3964804,0.0.4138717@1776725252.211573559
0.0.845031,0.001401300989980144,SUCCESS,0.0.731861,0.0.3948521,0.0.4138717@1776725253.359160163
0.0.10076636,232.1713298474073,SUCCESS,0.0.731861,0.0.3951117&0.0.5328590,0.0.4138717@1776725252.339599710
0.0.1216661,653.3937156653052,SUCCESS,0.0.731861,0.0.3951117,0.0.4138717@1776725251.218764323
0.0.9430013,86.82604542084667,SUCCESS,0.0.731861,0.0.3951117,0.0.4138717@1776725253.016059834
0.0.7786995,5.859229168444321,SUCCESS,0.0.731861,0.0.3951117,0.0.4138717@1776725253.189319268
0.0.10419614,49.59037589744411,SUCCESS,0.0.731861,0.0.3951117&0.0.5328590&0.0.8315114,0.0.4138717@1776725253.930914370
0.0.1374442,1001.201101619504,SUCCESS,0.0.731861,0.0.3951117&0.0.3964804&0.0.4601632&0.0.5328590,0.0.4138717@1776725252.612833260
0.0.1490591,61.28675915573992,SUCCESS,0.0.731861,0.0.3951117&0.0.3964790&0.0.3964804,0.0.4138717@1776725256.835069466
0.0.3969243,0.1685892104370174,SUCCESS,0.0.731861,0.0.3951117&0.0.4129330,0.0.4138717@1776725253.304659875
0.0.7138336,0.07970615622924059,SUCCESS,0.0.731861,0.0.3951117&0.0.3961531,0.0.4138717@1776725256.375523374
0.0.5975196,2.925557389990807,SUCCESS,0.0.731861,0.0.3951117&0.0.4601632,0.0.4138717@1776725258.243259045
0.0.1340928,956.1935853444336,SUCCESS,0.0.731861,0.0.3951117&0.0.3964837,0.0.4138717@1776725254.829562407
0.0.7479340,4.702663948498763,SUCCESS,0.0.731861,0.0.3951117&0.0.3964804,0.0.4138717@1776725256.471836802
0.0.5078033,7.517385766496552,SUCCESS,0.0.731861,0.0.3951117&0.0.4601632,0.0.4138717@1776725259.813829416
0.0.4229805,2.078669854157338,SUCCESS,0.0.731861,0.0.3951117,0.0.4138717@1776725257.266539773
0.0.1726157,20.00682060552952,SUCCESS,0.0.731861,0.0.3951117&0.0.3964804,0.0.4138717@1776725257.292437076
0.0.4551977,0.3591779094200947,SUCCESS,0.0.731861,0.0.3951117,0.0.4138717@1776725257.959283214
0.0.4766933,66.67867984907056,SUCCESS,0.0.731861,0.0.3951117,0.0.4138717@1776725259.263900764
0.0.1110477,36.50569083510703,SUCCESS,0.0.731861,0.0.3951117,0.0.4138717@1776725258.930997740
0.0.6781119,1054.662780807941,SUCCESS,0.0.731861,0.0.3951117&0.0.3964795&0.0.3964800&0.0.3964804&0.0.3964808&0.0.3964821&0.0.3964827&0.0.3964834&0.0.3964837&0.0.3964860&0.0.3964840&0.0.5328590&0.0.6071119&0.0.8315114&0.0.10018365,0.0.4138717@1776725258.796126117
0.0.9597272,3.492339434900509,SUCCESS,0.0.731861,0.0.3951117,0.0.4138717@1776725261.437753055
0.0.1023917,54.23446986136825,SUCCESS,0.0.731861,0.0.3951117&0.0.3964804&0.0.3964855&0.0.4601632&0.0.6071119,0.0.4138717@1776725260.531760698
0.0.1506598,5.076212868969842,SUCCESS,0.0.731861,0.0.3951117,0.0.4138717@1776725262.731361707
0.0.4559340,0.4352003032200396,SUCCESS,0.0.731861,0.0.3951117,0.0.4138717@1776725261.197487951
0.0.7798148,10.28063881685909,SUCCESS,0.0.731861,0.0.3951117,0.0.4138717@1776725262.070125831
0.0.7843482,5.335052836468087,SUCCESS,0.0.731861,0.0.3951117&0.0.3964804,0.0.4138717@1776725263.654700622
0.0.973828,12.46572130589097,SUCCESS,0.0.731861,0.0.3951117,0.0.4138717@1776725265.672383209
0.0.1896081,3.534939806325667,SUCCESS,0.0.731861,0.0.3951117&0.0.3964804,0.0.4138717@1776725262.890946750
0.0.4329852,179.9514894730823,SUCCESS,0.0.731861,0.0.3951117&0.0.3964804&0.0.3964827&0.0.3964855&0.0.4601632&0.0.5328590,0.0.4138717@1776725266.217099285
0.0.850535,616.3743924287143,SUCCESS,0.0.731861,0.0.3951117&0.0.3964834&0.0.4129330&0.0.4601632&0.0.5328590,0.0.4138717@1776725265.536669500
0.0.1412123,1.681463695896567,NOT_ASSOCIATED,0.0.731861,0.0.3951117&0.0.3964804,
0.0.4775299,3.631995938347881,SUCCESS,0.0.731861,0.0.3951117,0.0.4138717@1776725265.941692880
0.0.4758169,2.163528144827142,SUCCESS,0.0.731861,0.0.3951117,0.0.4138717@1776725265.623744979
0.0.3071320,112.1077316177444,SUCCESS,0.0.731861,0.0.3951117,0.0.4138717@1776725267.400619022
0.0.4330219,0.7983538521044308,SUCCESS,0.0.731861,0.0.3951117&0.0.3964790,0.0.4138717@1776725265.633333475
0.0.2968839,125.2576508636756,SUCCESS,0.0.731861,0.0.3951117&0.0.3964804&0.0.4601632,0.0.4138717@1776725268.182544519
0.0.4923080,0.5758672602896918,SUCCESS,0.0.731861,0.0.3951117,0.0.4138717@1776725265.950516801
0.0.3242760,96.64830747366841,SUCCESS,0.0.731861,0.0.3951117&0.0.3961531&0.0.3964804,0.0.4138717@1776725267.675102196
0.0.4432149,1.313049213459663,SUCCESS,0.0.731861,0.0.3951117,0.0.4138717@1776725266.933793575
0.0.5797983,0.9490841874988221,SUCCESS,0.0.731861,0.0.3951117&0.0.3961531&0.0.3964804,0.0.4138717@1776725267.605233038
0.0.7262531,0.1895482809466724,SUCCESS,0.0.731861,0.0.3951117&0.0.3964804,0.0.4138717@1776725270.132358077
0.0.6244791,4.352771852821888,SUCCESS,0.0.731861,0.0.3951117,0.0.4138717@1776725273.801925962
0.0.4732964,0.4917068282237961,SUCCESS,0.0.731861,0.0.3951117,0.0.4138717@1776725274.409591523
0.0.6313910,529.5393770863407,SUCCESS,0.0.731861,0.0.3951117&0.0.3964804,0.0.4138717@1776725271.813413664
0.0.6289117,86.67724313504742,SUCCESS,0.0.731861,0.0.3951117&0.0.3964804&0.0.4601632&0.0.6071041,0.0.4138717@1776725270.446890827
0.0.874760,390.2313049950735,SUCCESS,0.0.731861,0.0.3951117&0.0.3964804&0.0.6078459,0.0.4138717@1776725270.639911447
0.0.4345324,0.4500258766938189,SUCCESS,0.0.731861,0.0.3951117,0.0.4138717@1776725275.627438776
0.0.6026305,0.7864955318794513,SUCCESS,0.0.731861,0.0.3951117,0.0.4138717@1776725275.555386647
0.0.4184733,394.2013028081168,SUCCESS,0.0.731861,0.0.3951117,0.0.4138717@1776725273.035533071
0.0.9200436,110.820741613543,SUCCESS,0.0.731861,0.0.3951117&0.0.3961531&0.0.3964808,0.0.4138717@1776725273.392059875
0.0.8673695,6.648937954690563,SUCCESS,0.0.731861,0.0.3951117&0.0.3961531&0.0.3964795&0.0.3964800&0.0.3964804&0.0.3964808&0.0.3964834&0.0.3964837&0.0.3964860&0.0.3964840&0.0.5328590&0.0.6078459,0.0.4138717@1776725274.377305410
0.0.4531253,15.1672452938537,SUCCESS,0.0.731861,0.0.3951117&0.0.3961531&0.0.3964804&0.0.3964855&0.0.4129330&0.0.8315114,0.0.4138717@1776725275.566800677
0.0.9104463,29.62031267285073,SUCCESS,0.0.731861,0.0.3951117&0.0.3964804&0.0.6071119,0.0.4138717@1776725276.916223823
0.0.7788937,0.1209203994521392,SUCCESS,0.0.731861,0.0.3951117&0.0.10018365,0.0.4138717@1776725279.303770568
0.0.9150357,14.762491348799,NOT_ASSOCIATED,0.0.731861,0.0.3951117,
0.0.7526203,7.091005500822091,SUCCESS,0.0.731861,0.0.3951117&0.0.3964804,0.0.4138717@1776725276.168686286
0.0.8899262,9.396606668834268,SUCCESS,0.0.731861,0.0.3951117,0.0.4138717@1776725281.333725081
0.0.3310398,1.250884257345915,SUCCESS,0.0.731861,0.0.3951117&0.0.3964804,0.0.4138717@1776725282.439087450
0.0.9120392,2.123838330073065,SUCCESS,0.0.731861,0.0.3951117&0.0.3964804&0.0.8315114,0.0.4138717@1776725279.227325204
0.0.9195929,444.6012099144476,SUCCESS,0.0.731861,0.0.3951117&0.0.3964804&0.0.5328590&0.0.8315114,0.0.4138717@1776725281.922997876
0.0.7891604,29.83848564041154,SUCCESS,0.0.731861,0.0.3951117,0.0.4138717@1776725279.475677603
0.0.2122027,22.62043486912458,SUCCESS,0.0.731861,0.0.3951117&0.0.3961531&0.0.3964804,0.0.4138717@1776725281.976624866
0.0.657648,246.7583842540394,SUCCESS,0.0.731861,0.0.3951117&0.0.3961531&0.0.3964790,0.0.4138717@1776725283.786298648
0.0.6872459,958.5341303231104,SUCCESS,0.0.731861,0.0.3951117,0.0.4138717@1776725285.164782552
0.0.9301583,217.4148431487874,SUCCESS,0.0.731861,0.0.3951117,0.0.4138717@1776725286.890821292
0.0.2183535,147.8941510022248,SUCCESS,0.0.731861,0.0.3951117&0.0.4601632&0.0.5328590&0.0.6071119,0.0.4138717@1776725284.721689494
0.0.4351536,3.812748439401427,SUCCESS,0.0.731861,0.0.3951117,0.0.4138717@1776725286.680380969
0.0.844585,35.57706216509706,SUCCESS,0.0.731861,0.0.3951117&0.0.3964804,0.0.4138717@1776725284.355186481
0.0.9318600,405.8847776202934,SUCCESS,0.0.731861,0.0.3951117,0.0.4138717@1776725289.035528960
0.0.9154738,6.875218833008531,SUCCESS,0.0.731861,0.0.3951117&0.0.3964804&0.0.3964827&0.0.6071119,0.0.4138717@1776725289.246573089
0.0.2994397,5.034090914579598,SUCCESS,0.0.731861,0.0.3951117,0.0.4138717@1776725285.386699037
0.0.9619890,193.54838698925,SUCCESS,0.0.731861,0.0.3951117&0.0.3964804&0.0.3964808&0.0.3964834&0.0.3964840&0.0.6071119&0.0.8315114,0.0.4138717@1776725286.614903485
0.0.6270084,843.4910927692608,SUCCESS,0.0.731861,0.0.3951117&0.0.3964804,0.0.4138717@1776725289.694307651
0.0.8068689,174.1926409073676,SUCCESS,0.0.731861,0.0.3951117&0.0.3964804&0.0.3964827,0.0.4138717@1776725291.391259023
0.0.4503599,5.121054414441451,SUCCESS,0.0.731861,0.0.3951117,0.0.4138717@1776725290.478925004
0.0.4347838,9.27092940243022,SUCCESS,0.0.731861,0.0.3951117,0.0.4138717@1776725288.612786949
0.0.1877739,2.08653823084695,SUCCESS,0.0.731861,0.0.3951117&0.0.3964827&0.0.4601632,0.0.4138717@1776725291.291358601
0.0.4864609,0.3894253231929849,SUCCESS,0.0.731861,0.0.3951117,0.0.4138717@1776725292.638936334
0.0.598828,0.1175675146059428,SUCCESS,0.0.731861,0.0.3951117&0.0.3964804,0.0.4138717@1776725290.619292991
0.0.4302086,0.4639905399638632,SUCCESS,0.0.731861,0.0.3951117,0.0.4138717@1776725290.174518114
0.0.7991960,22.71944815359982,SUCCESS,0.0.731861,0.0.3951117&0.0.3964804,0.0.4138717@1776725289.748228132
0.0.1601282,0.2880941739980888,SUCCESS,0.0.731861,0.0.3951117,0.0.4138717@1776725294.025081119
0.0.2125030,6021.770543579583,SUCCESS,0.0.731861,0.0.3951117&0.0.3961531&0.0.3964795&0.0.3964800&0.0.3964808&0.0.3964834&0.0.3964837&0.0.3964840,0.0.4138717@1776725293.146607130
0.0.856667,25.79424783989282,SUCCESS,0.0.731861,0.0.3951117&0.0.3964804,0.0.4138717@1776725292.322545036
0.0.1991961,148.1758312246558,SUCCESS,0.0.731861,0.0.3951117&0.0.3964790&0.0.3964808&0.0.3964827&0.0.4601632&0.0.6071041,0.0.4138717@1776725292.754046594
0.0.7835270,21.32898032100286,SUCCESS,0.0.731861,0.0.3951117,0.0.4138717@1776725294.874595104
0.0.7889838,13.3518000095621,SUCCESS,0.0.731861,0.0.3951117,0.0.4138717@1776725295.323367020
0.0.6258771,10.94678894416016,SUCCESS,0.0.731861,0.0.3951117,0.0.4138717@1776725297.825535734
0.0.1379217,13.656548232785,NOT_ASSOCIATED,0.0.731861,0.0.3951117,
0.0.8190429,3.726964798253825,SUCCESS,0.0.731861,0.0.3951117,0.0.4138717@1776725294.580426029
0.0.4912200,336.028524446275,SUCCESS,0.0.731861,0.0.3951117&0.0.3964804,0.0.4138717@1776725296.312577115
0.0.4342759,81.80413183069551,SUCCESS,0.0.731861,0.0.3951117,0.0.4138717@1776725297.994799562
0.0.1691323,50.84382858170633,SUCCESS,0.0.731861,0.0.3951117,0.0.4138717@1776725297.889230200
0.0.8616856,191.7000206141957,SUCCESS,0.0.731861,0.0.3951117&0.0.3961531&0.0.3964804&0.0.6071119,0.0.4138717@1776725299.038052890
0.0.2960169,2.537441760263007,SUCCESS,0.0.731861,0.0.3951117&0.0.3961531&0.0.3964827,0.0.4138717@1776725298.498769045
0.0.4339505,610.7944715247523,SUCCESS,0.0.731861,0.0.3951117&0.0.3964804&0.0.5328590,0.0.4138717@1776725299.028715535
0.0.8531519,27.64693413591767,SUCCESS,0.0.731861,0.0.3951117,0.0.4138717@1776725299.437393509
0.0.1453803,137.4569912442235,SUCCESS,0.0.731861,0.0.3951117&0.0.3964804&0.0.4601632&0.0.5328590&0.0.6071119,0.0.4138717@1776725300.513529456
0.0.1412849,0.00005300441781308548,SUCCESS,0.0.731861,0.0.3951117,0.0.4138717@1776725303.148231082
0.0.914261,606.3600534601098,SUCCESS,0.0.731861,0.0.3951117&0.0.5328590,0.0.4138717@1776725302.859973732
0.0.2174139,3.486982164750079,SUCCESS,0.0.731861,0.0.3951117&0.0.3964804,0.0.4138717@1776725304.012849579
0.0.1261552,2.168192534059356,SUCCESS,0.0.731861,0.0.3951117&0.0.3961531&0.0.3964790&0.0.3964804&0.0.3964860&0.0.4129330&0.0.6071119,0.0.4138717@1776725304.812288225
0.0.4205604,8.830498281213233,SUCCESS,0.0.731861,0.0.3951117,0.0.4138717@1776725303.196295117
0.0.639876,0.51088031482639,SUCCESS,0.0.731861,0.0.3951117,0.0.4138717@1776725303.074591689
0.0.4329215,0.6179972317215856,SUCCESS,0.0.731861,0.0.3951117&0.0.3961531&0.0.3964804,0.0.4138717@1776725304.744447972
0.0.854331,0.3399947091451844,SUCCESS,0.0.731861,0.0.3951117,0.0.4138717@1776725302.765006048
0.0.1438402,1.288770895887477,SUCCESS,0.0.731861,0.0.3951117,0.0.4138717@1776725304.189369602
0.0.4333286,3.496634135775791,SUCCESS,0.0.731861,0.0.3951117&0.0.3964827&0.0.3964860,0.0.4138717@1776725307.125087274
0.0.700741,5.68150348419378,SUCCESS,0.0.731861,0.0.3951117,0.0.4138717@1776725308.321611558
0.0.2020001,6.23066330726763,SUCCESS,0.0.731861,0.0.3951117&0.0.6071119,0.0.4138717@1776725307.039406665
0.0.1414140,86615.60529646884,SUCCESS,0.0.731861,0.0.3951117,0.0.4138717@1776725309.950430257
0.0.4346579,0.02285720717411674,SUCCESS,0.0.731861,0.0.3951117,0.0.4138717@1776725306.016313171
0.0.508876,10.30578710654368,SUCCESS,0.0.731861,0.0.3951117,0.0.4138717@1776725308.915375414
0.0.1409958,1.071675817868086,SUCCESS,0.0.731861,0.0.3951117,0.0.4138717@1776725309.708626966
0.0.1075892,13.55054710374967,SUCCESS,0.0.731861,0.0.3951117,0.0.4138717@1776725310.770356959
0.0.1097257,6588.663153748385,SUCCESS,0.0.731861,0.0.3951117&0.0.3964795&0.0.3964800&0.0.3964821&0.0.3964827&0.0.3964834&0.0.3964837&0.0.3964840&0.0.4601632&0.0.5328590&0.0.6071074,0.0.4138717@1776725310.986665250
0.0.4350041,2.35496849221908,SUCCESS,0.0.731861,0.0.3951117,0.0.4138717@1776725309.463686802
0.0.1910285,1.520813855420597,SUCCESS,0.0.731861,0.0.3951117,0.0.4138717@1776725309.650136223
0.0.1735540,21.83973618248662,SUCCESS,0.0.731861,0.0.3951117&0.0.5328590,0.0.4138717@1776725310.625872789
0.0.4349304,4.605496992346381,SUCCESS,0.0.731861,0.0.3951117&0.0.3964790&0.0.5328590,0.0.4138717@1776725313.198167112
0.0.3845966,5.972299938457105,SUCCESS,0.0.731861,0.0.3951117&0.0.3961531&0.0.3964790&0.0.3964804&0.0.3964827&0.0.6078459,0.0.4138717@1776725311.441283992
0.0.187153,993.5525059360912,SUCCESS,0.0.731861,0.0.3951117&0.0.3964804,0.0.4138717@1776725311.844385108
0.0.1274087,7959.896033303646,SUCCESS,0.0.731861,0.0.3951117,0.0.4138717@1776725312.787923127
0.0.2773436,936.5411122765358,SUCCESS,0.0.731861,0.0.3951117&0.0.3964804&0.0.5328590,0.0.4138717@1776725314.783493043
0.0.1022050,60.03510859309464,SUCCESS,0.0.731861,0.0.3951117,0.0.4138717@1776725314.724084142
0.0.834820,119.548358671992,SUCCESS,0.0.731861,0.0.3951117&0.0.3964804,0.0.4138717@1776725316.569034124
0.0.731977,922.6513336805801,SUCCESS,0.0.731861,0.0.3951117&0.0.4601632,0.0.4138717@1776725314.158698161
0.0.836838,21031.83434346995,SUCCESS,0.0.731861,0.0.3951117&0.0.5328590,0.0.4138717@1776725313.186814580
0.0.860438,8.898325151489821,SUCCESS,0.0.731861,0.0.3951117&0.0.3964804&0.0.6071119,0.0.4138717@1776725314.078423815
0.0.1290358,5118.03293495854,SUCCESS,0.0.731861,0.0.3951117&0.0.3964834,0.0.4138717@1776725314.599404957
0.0.832415,765.3406056147461,SUCCESS,0.0.731861,0.0.3951117,0.0.4138717@1776725318.042757169
0.0.4322065,12.66751480339981,SUCCESS,0.0.731861,0.0.3951117,0.0.4138717@1776725318.067972275
0.0.1724832,1.468035688294388,SUCCESS,0.0.731861,0.0.3951117,0.0.4138717@1776725315.114106368
0.0.832624,9.504345344925444,SUCCESS,0.0.731861,0.0.3951117&0.0.3961531&0.0.3964804&0.0.5328590&0.0.6071119,0.0.4138717@1776725318.994222118
0.0.3947779,1768.669369761682,SUCCESS,0.0.731861,0.0.3951117,0.0.4138717@1776725320.838552872
0.0.525256,48.08963303292514,SUCCESS,0.0.731861,0.0.3951117,0.0.4138717@1776725317.609750120
0.0.1120388,62.84145172390596,SUCCESS,0.0.731861,0.0.3951117&0.0.5328590,0.0.4138717@1776725317.319770126
0.0.2116956,3.925335729163117,SUCCESS,0.0.731861,0.0.3951117&0.0.3961531&0.0.3964855,0.0.4138717@1776725321.857943611
0.0.896788,2615.165299080413,SUCCESS,0.0.731861,0.0.3951117&0.0.4601632,0.0.4138717@1776725320.829560203
0.0.837404,1728.446434256563,SUCCESS,0.0.731861,0.0.3951117&0.0.3964790&0.0.3964837&0.0.5328590&0.0.6071119,0.0.4138717@1776725321.062735213
0.0.925802,19.66955538460312,SUCCESS,0.0.731861,0.0.3951117,0.0.4138717@1776725321.917514679
0.0.819461,1.270735056709363,SUCCESS,0.0.731861,0.0.3951117,0.0.4138717@1776725320.294930023
0.0.4709377,50.61536344576061,SUCCESS,0.0.731861,0.0.3951117,0.0.4138717@1776725321.549370546
0.0.4986167,0.7691247318256575,SUCCESS,0.0.731861,0.0.3951117,0.0.4138717@1776725324.911825873
0.0.5281334,0.7677917403303383,SUCCESS,0.0.731861,0.0.3951117,0.0.4138717@1776725323.802636510
0.0.5117832,261.2062784343337,SUCCESS,0.0.731861,0.0.3951117&0.0.3964804,0.0.4138717@1776725324.917664054
0.0.1711779,0.07630404659048781,SUCCESS,0.0.731861,0.0.3951117,0.0.4138717@1776725323.231407018
0.0.853268,184.3691448557309,SUCCESS,0.0.731861,0.0.3951117,0.0.4138717@1776725326.227509356
0.0.662296,196.806856071416,SUCCESS,0.0.731861,0.0.3951117,0.0.4138717@1776725327.170778181
0.0.3829916,99.7825775258235,SUCCESS,0.0.731861,0.0.3951117,0.0.4138717@1776725324.513934177
0.0.4354394,89.58299561820894,SUCCESS,0.0.731861,0.0.3951117&0.0.3964790,0.0.4138717@1776725328.530963893
0.0.1322785,114.2707190267097,SUCCESS,0.0.731861,0.0.3951117,0.0.4138717@1776725325.339566451
0.0.5716339,0.005925124162279634,SUCCESS,0.0.731861,0.0.3951117,0.0.4138717@1776725327.010014023
0.0.4335807,758.2182400846441,SUCCESS,0.0.731861,0.0.3951117&0.0.3961531&0.0.3964790&0.0.3964827&0.0.3964855&0.0.4129330&0.0.4601632&0.0.5328590,0.0.4138717@1776725330.868596620
0.0.4695027,1.43688044988658,SUCCESS,0.0.731861,0.0.3951117,0.0.4138717@1776725327.366870426
0.0.4340758,3.38319257677394,SUCCESS,0.0.731861,0.0.3951117&0.0.3964804,0.0.4138717@1776725330.172199756
0.0.4817549,6.056420387491161,SUCCESS,0.0.731861,0.0.3951117&0.0.3964804,0.0.4138717@1776725331.257455756
0.0.4938729,5.985092931891827,SUCCESS,0.0.731861,0.0.3951117,0.0.4138717@1776725331.685843007
0.0.4322002,1.72836984035342,SUCCESS,0.0.731861,0.0.3951117,0.0.4138717@1776725328.312706744
0.0.4968045,11.24127099767912,SUCCESS,0.0.731861,0.0.3951117,0.0.4138717@1776725329.152820922
0.0.2930231,1.570657332101691,SUCCESS,0.0.731861,0.0.3951117&0.0.3964804,0.0.4138717@1776725333.551797728
0.0.4558891,15.87949800979921,SUCCESS,0.0.731861,0.0.3951117,0.0.4138717@1776725330.221196188
0.0.5976303,2.018626060646841,SUCCESS,0.0.731861,0.0.3951117&0.0.3964804,0.0.4138717@1776725332.264997966
0.0.4318411,21.73228720731389,SUCCESS,0.0.731861,0.0.3951117,0.0.4138717@1776725333.922116508
0.0.4324463,0.5082189009569399,SUCCESS,0.0.731861,0.0.3951117&0.0.3964790,0.0.4138717@1776725332.214476617
0.0.4370057,0.8310835322998616,SUCCESS,0.0.731861,0.0.3951117,0.0.4138717@1776725333.361846049
0.0.104926,0.0490324252337599,SUCCESS,0.0.731861,0.0.3951117,0.0.4138717@1776725332.396949562
0.0.4348824,0.2187096706303361,SUCCESS,0.0.731861,0.0.3951117,0.0.4138717@1776725337.132870318
0.0.3100704,5350.912333524843,SUCCESS,0.0.731861,0.0.3951117&0.0.3964795&0.0.3964804&0.0.3964860&0.0.4601632&0.0.5328590,0.0.4138717@1776725333.689964605
0.0.1506629,0.4715676842516758,SUCCESS,0.0.731861,0.0.3951117,0.0.4138717@1776725335.826958446
0.0.795933,7.601803464735144,SUCCESS,0.0.731861,0.0.3951117,0.0.4138717@1776725335.433873463
0.0.4324445,3.595278211502229,SUCCESS,0.0.731861,0.0.3951117&0.0.3964804&0.0.3964855,0.0.4138717@1776725340.163848738
0.0.4321631,438.0801527451757,SUCCESS,0.0.731861,0.0.3951117&0.0.3964795&0.0.3964800&0.0.3964804&0.0.3964808&0.0.5328590,0.0.4138717@1776725338.770861286
0.0.4582751,0.7725539751306554,SUCCESS,0.0.731861,0.0.3951117,0.0.4138717@1776725338.822153536
0.0.4606843,0.09763435059912308,SUCCESS,0.0.731861,0.0.3951117&0.0.3964827&0.0.4129330&0.0.4601632&0.0.6078459,0.0.4138717@1776725338.293052961
0.0.3681428,3097.4059005773,SUCCESS,0.0.731861,0.0.3951117&0.0.3964795&0.0.3964800&0.0.3964804&0.0.3964834&0.0.3964837&0.0.3964840,0.0.4138717@1776725341.157515758
0.0.1266990,0.3256106718153954,SUCCESS,0.0.731861,0.0.3951117,0.0.4138717@1776725337.645362618
0.0.5118190,9.057680721233249,SUCCESS,0.0.731861,0.0.3951117&0.0.3964795&0.0.3964804&0.0.3964808&0.0.3964827&0.0.3964860&0.0.5328590,0.0.4138717@1776725343.290823920
0.0.841339,29.06058379033609,SUCCESS,0.0.731861,0.0.3951117&0.0.3964834,0.0.4138717@1776725340.296838533
0.0.5202236,2.392202064696995,SUCCESS,0.0.731861,0.0.3951117,0.0.4138717@1776725342.623336644
0.0.4590627,3.828510764386196,SUCCESS,0.0.731861,0.0.3951117,0.0.4138717@1776725342.838559052
0.0.4323088,63.63471553192283,SUCCESS,0.0.731861,0.0.3951117&0.0.3964804&0.0.3964855,0.0.4138717@1776725341.385362615
0.0.10021410,0.2210114511903231,SUCCESS,0.0.731861,0.0.3951117,0.0.4138717@1776725341.456352026
0.0.10122546,0.02521668670178414,SUCCESS,0.0.731861,0.0.3951117,0.0.4138717@1776725342.466177130
0.0.8212757,6.663006169736368,SUCCESS,0.0.731861,0.0.3951117,0.0.4138717@1776725343.171003123
0.0.8260017,0.6868349684529362,SUCCESS,0.0.731861,0.0.3951117&0.0.3964804,0.0.4138717@1776725342.954597153
0.0.9302147,68.83174711899166,SUCCESS,0.0.731861,0.0.3951117&0.0.5328590,0.0.4138717@1776725346.094416402
0.0.735239,0.0002755889217350088,SUCCESS,0.0.731861,0.0.3951117,0.0.4138717@1776725346.329830846
0.0.1340164,446.1008278680729,SUCCESS,0.0.731861,0.0.3951117&0.0.3964834,0.0.4138717@1776725346.449092728
0.0.4691881,2.241882190959387,SUCCESS,0.0.731861,0.0.3951117,0.0.4138717@1776725345.262006994
0.0.10076247,1.775375331356477,SUCCESS,0.0.731861,0.0.3951117,0.0.4138717@1776725344.903204958
0.0.10169145,0.3261874802558467,SUCCESS,0.0.731861,0.0.3951117,0.0.4138717@1776725344.805565207
0.0.6198709,19.9871820628618,SUCCESS,0.0.731861,0.0.3951117,0.0.4138717@1776725345.982516831
0.0.2137668,122.2069920085927,SUCCESS,0.0.731861,0.0.3951117&0.0.3964804,0.0.4138717@1776725345.917780213
0.0.1157855,2.40039571159731,SUCCESS,0.0.731861,0.0.3951117,0.0.4138717@1776725348.703153609
0.0.10031118,464.1265911908225,SUCCESS,0.0.731861,0.0.3951117,0.0.4138717@1776725347.932344577
0.0.1512938,0.002488528156147718,SUCCESS,0.0.731861,0.0.3951117,0.0.4138717@1776725351.136867328
0.0.8382774,1.548357220713696,SUCCESS,0.0.731861,0.0.3951117&0.0.3964804&0.0.6071119,0.0.4138717@1776725348.318679456
0.0.10031117,373.8045173394701,SUCCESS,0.0.731861,0.0.3951117,0.0.4138717@1776725349.227132802
0.0.9723151,0.05880289469831668,SUCCESS,0.0.731861,0.0.3951117&0.0.3964795,0.0.4138717@1776725349.203971303
0.0.4432398,1.293884967064681,SUCCESS,0.0.731861,0.0.3951117,0.0.4138717@1776725352.918443447
0.0.819005,42.57915003753618,SUCCESS,0.0.731861,0.0.3951117&0.0.5328590,0.0.4138717@1776725353.798305953
0.0.8085300,2.753805351934136,SUCCESS,0.0.731861,0.0.3951117&0.0.3964804&0.0.8315114,0.0.4138717@1776725350.190751209
0.0.10301803,0.8964152407260837,SUCCESS,0.0.731861,0.0.3951117,0.0.4138717@1776725353.654028579
0.0.3925109,0.0001530972790989128,SUCCESS,0.0.731861,0.0.3951117,0.0.4138717@1776725350.854379578
0.0.1872630,504.6881680978241,SUCCESS,0.0.731861,0.0.3951117&0.0.3964860&0.0.4601632,0.0.4138717@1776725351.559997988
0.0.10352676,3.011615261590587,SUCCESS,0.0.731861,0.0.3951117,0.0.4138717@1776725356.221425981
0.0.4628762,8.224393445310913,SUCCESS,0.0.731861,0.0.3951117,0.0.4138717@1776725355.885036093
0.0.4433722,0.236328963267298,SUCCESS,0.0.731861,0.0.3951117,0.0.4138717@1776725354.012687595
0.0.4339712,1.180664953213482,SUCCESS,0.0.731861,0.0.3951117,0.0.4138717@1776725354.839967613
0.0.9299646,13.82089084215008,SUCCESS,0.0.731861,0.0.3951117,0.0.4138717@1776725354.279485705
0.0.1368197,8.238173034739887,SUCCESS,0.0.731861,0.0.3951117&0.0.3964804,0.0.4138717@1776725358.040260193
0.0.4383878,0.6696892243400098,SUCCESS,0.0.731861,0.0.3951117&0.0.6078459,0.0.4138717@1776725355.555564630
0.0.8373509,138.5671663782825,SUCCESS,0.0.731861,0.0.3951117&0.0.3961531&0.0.3964804&0.0.5328590&0.0.6071119,0.0.4138717@1776725355.469053745
0.0.10230141,20.50627697830597,SUCCESS,0.0.731861,0.0.3951117,0.0.4138717@1776725358.132247444
0.0.10182354,41.33321717554905,SUCCESS,0.0.731861,0.0.3951117&0.0.3964804,0.0.4138717@1776725359.207853736
0.0.4331665,4.126112476221667,SUCCESS,0.0.731861,0.0.3951117,0.0.4138717@1776725356.478876279
0.0.9359586,0.154322948403992,SUCCESS,0.0.731861,0.0.3951117,0.0.4138717@1776725358.197670166
0.0.4338219,22.6145375501821,SUCCESS,0.0.731861,0.0.3951117,0.0.4138717@1776725359.835063528
0.0.1110198,44.03808879563283,SUCCESS,0.0.731861,0.0.3951117,0.0.4138717@1776725359.875990077
0.0.231224,3458.214849885524,SUCCESS,0.0.731861,0.0.3951117,0.0.4138717@1776725359.359190797
0.0.4792831,0.01139676609316626,SUCCESS,0.0.731861,0.0.3951117,0.0.4138717@1776725361.680363242
0.0.1120575,4094.189532836629,SUCCESS,0.0.731861,0.0.3951117&0.0.3964804&0.0.3964837,0.0.4138717@1776725361.072440567
0.0.9404406,0.1209946621447448,SUCCESS,0.0.731861,0.0.3951117,0.0.4138717@1776725361.215740150
0.0.832852,114.2535659480328,SUCCESS,0.0.731861,0.0.3951117,0.0.4138717@1776725363.489477293
0.0.9273872,0.04543812819390431,SUCCESS,0.0.731861,0.0.3951117,0.0.4138717@1776725363.692878833
0.0.650437,6.258267416236798,SUCCESS,0.0.731861,0.0.3951117&0.0.3961531&0.0.5328590,0.0.4138717@1776725362.225038938
0.0.942605,2.778545381630597,SUCCESS,0.0.731861,0.0.3951117,0.0.4138717@1776725362.618004684
0.0.4555391,5.282718794871117,SUCCESS,0.0.731861,0.0.3951117,0.0.4138717@1776725365.507851541
0.0.664329,23.04382474962062,SUCCESS,0.0.731861,0.0.3951117&0.0.6071119&0.0.6126395,0.0.4138717@1776725366.462209911
0.0.4858736,0.1496060866189301,SUCCESS,0.0.731861,0.0.3951117,0.0.4138717@1776725368.159712858
0.0.1758196,2.404644541078545,SUCCESS,0.0.731861,0.0.3951117,0.0.4138717@1776725366.135621494
0.0.850481,265.3717874234312,SUCCESS,0.0.731861,0.0.3951117,0.0.4138717@1776725365.188359142
0.0.1515633,10.53517651718788,SUCCESS,0.0.731861,0.0.3951117,0.0.4138717@1776725365.242614215
0.0.834443,403.4390332135458,SUCCESS,0.0.731861,0.0.3951117,0.0.4138717@1776725368.400426424
0.0.3943340,0.38656485562961,SUCCESS,0.0.731861,0.0.3951117,0.0.4138717@1776725372.023299701
0.0.9958383,0.1754672246113628,SUCCESS,0.0.731861,0.0.3951117,0.0.4138717@1776725368.990678394
0.0.4570964,28.21174503865611,SUCCESS,0.0.731861,0.0.3951117,0.0.4138717@1776725369.581969711
0.0.1784251,7.43277926552528,SUCCESS,0.0.731861,0.0.3951117&0.0.3964804&0.0.3964837&0.0.4601632&0.0.5328590,0.0.4138717@1776725369.800904613
0.0.4329703,2.671278019060421,SUCCESS,0.0.731861,0.0.3951117,0.0.4138717@1776725369.626417655
0.0.7810768,3.334434375377628,SUCCESS,0.0.731861,0.0.3951117&0.0.3964827,0.0.4138717@1776725372.104239104
0.0.9755401,8.765525533687617,SUCCESS,0.0.731861,0.0.3951117&0.0.4601632,0.0.4138717@1776725371.772128060
0.0.4754443,7.182740673650449,SUCCESS,0.0.731861,0.0.3951117&0.0.3964790&0.0.3964804,0.0.4138717@1776725372.115649788
0.0.9344085,37.97623028864021,SUCCESS,0.0.731861,0.0.3951117&0.0.3964827&0.0.5328590,0.0.4138717@1776725372.245122502
0.0.10117265,3.082245006308832,SUCCESS,0.0.731861,0.0.3951117,0.0.4138717@1776725373.910803164
0.0.9626972,1.499275405288778,SUCCESS,0.0.731861,0.0.3951117,0.0.4138717@1776725373.968337599
0.0.1339713,6.791606393436677,SUCCESS,0.0.731861,0.0.3951117&0.0.5328590,0.0.4138717@1776725376.411334374
0.0.7542917,0.563760778909099,SUCCESS,0.0.731861,0.0.3951117,0.0.4138717@1776725376.493963231
0.0.4745055,0.0215969424924412,SUCCESS,0.0.731861,0.0.3951117,0.0.4138717@1776725374.544387743
0.0.1115297,2.996391013401743,SUCCESS,0.0.731861,0.0.3951117,0.0.4138717@1776725374.274862778
0.0.4430933,298.7078417371009,SUCCESS,0.0.731861,0.0.3951117&0.0.3964827,0.0.4138717@1776725373.844468287
0.0.8585089,310.1330843881521,SUCCESS,0.0.731861,0.0.3951117,0.0.4138717@1776725377.342161462
0.0.9073081,0.1423358370947062,SUCCESS,0.0.731861,0.0.3951117,0.0.4138717@1776725376.458842850
0.0.7726808,4.699854615288221,SUCCESS,0.0.731861,0.0.3951117,0.0.4138717@1776725376.126765416
0.0.834595,102.6172545128568,SUCCESS,0.0.731861,0.0.3951117&0.0.3964804&0.0.5328590,0.0.4138717@1776725378.686050383
0.0.10088944,9.810164722178092,SUCCESS,0.0.731861,0.0.3951117&0.0.3964804,0.0.4138717@1776725377.557886666
0.0.1380352,5.226309054741646,SUCCESS,0.0.731861,0.0.3951117,0.0.4138717@1776725379.286792881
0.0.8383256,0.1246031509182087,SUCCESS,0.0.731861,0.0.3951117&0.0.3964804,0.0.4138717@1776725376.453050084
0.0.1341996,3.662246221352956,SUCCESS,0.0.731861,0.0.3951117,0.0.4138717@1776725380.627215813
0.0.5244199,45.3545022149446,SUCCESS,0.0.731861,0.0.3951117&0.0.3964827,0.0.4138717@1776725377.886376671
0.0.139500,122.2401296401465,SUCCESS,0.0.731861,0.0.3951117&0.0.3964790&0.0.3964860,0.0.4138717@1776725381.291564263
0.0.6374996,90.56439809118726,SUCCESS,0.0.731861,0.0.3951117&0.0.3964827&0.0.5328590,0.0.4138717@1776725381.535890904
0.0.5702270,565.791859109036,SUCCESS,0.0.731861,0.0.3951117&0.0.4601632&0.0.5328590&0.0.6071119,0.0.4138717@1776725385.145397860
0.0.7920605,61.55354745898283,SUCCESS,0.0.731861,0.0.3951117&0.0.3961531&0.0.3964790&0.0.5328590,0.0.4138717@1776725384.013255597
0.0.589629,0.006530083137759809,SUCCESS,0.0.731861,0.0.3951117,0.0.4138717@1776725385.609628502
0.0.1123753,15.28012401467442,SUCCESS,0.0.731861,0.0.3951117&0.0.3964804&0.0.4129330,0.0.4138717@1776725383.856132840
0.0.1464418,21.98161494936139,SUCCESS,0.0.731861,0.0.3951117,0.0.4138717@1776725385.560893244
0.0.4331763,583.3258602584382,SUCCESS,0.0.731861,0.0.3951117,0.0.4138717@1776725386.336740381
0.0.9099631,6.469289443969163,SUCCESS,0.0.731861,0.0.3951117&0.0.6071119,0.0.4138717@1776725384.740167433
0.0.835242,0.03549836271434106,SUCCESS,0.0.731861,0.0.3951117,0.0.4138717@1776725388.587757869
0.0.7680254,12.99270735053708,SUCCESS,0.0.731861,0.0.3951117&0.0.3961531&0.0.3964804,0.0.4138717@1776725387.863881602
0.0.8684349,1958.231613757389,SUCCESS,0.0.731861,0.0.3951117&0.0.3964860,0.0.4138717@1776725387.187152372
0.0.52231,14.97980882208633,SUCCESS,0.0.731861,0.0.3951117,0.0.4138717@1776725386.766594009
0.0.5126364,55.96779535583496,SUCCESS,0.0.731861,0.0.3951117,0.0.4138717@1776725389.250823512
0.0.4570908,289.641005942117,SUCCESS,0.0.731861,0.0.3951117&0.0.5328590,0.0.4138717@1776725388.244791180
0.0.1458130,0.1450263298009818,SUCCESS,0.0.731861,0.0.3951117,0.0.4138717@1776725388.430460140
0.0.7490874,5.258528996353365,SUCCESS,0.0.731861,0.0.3951117&0.0.3964804,0.0.4138717@1776725389.511776272
0.0.8546442,30.9774327313923,SUCCESS,0.0.731861,0.0.3951117&0.0.6071119,0.0.4138717@1776725393.554909816
0.0.8309441,4.929430511681187,SUCCESS,0.0.731861,0.0.3951117&0.0.3964804,0.0.4138717@1776725391.515914359
0.0.8341357,37.64259841758594,SUCCESS,0.0.731861,0.0.3951117&0.0.3964804&0.0.5328590,0.0.4138717@1776725392.054474523
0.0.3567813,504.5072378281882,SUCCESS,0.0.731861,0.0.3951117,0.0.4138717@1776725394.975610780
0.0.4349716,183.0823887798989,SUCCESS,0.0.731861,0.0.3951117&0.0.3964790&0.0.3964804&0.0.3964827&0.0.5328590&0.0.6078473,0.0.4138717@1776725391.052009696
0.0.5060163,1.21026046898096,SUCCESS,0.0.731861,0.0.3951117,0.0.4138717@1776725394.026337184
0.0.1123889,6.297630619995508,SUCCESS,0.0.731861,0.0.3951117&0.0.3964804,0.0.4138717@1776725396.032819488
0.0.7287636,194.016694168065,SUCCESS,0.0.731861,0.0.3951117&0.0.3961531&0.0.3964804&0.0.4601632&0.0.8315114&0.0.10093026,0.0.4138717@1776725392.027520588
0.0.10064213,3.346501130264115,SUCCESS,0.0.731861,0.0.3951117&0.0.3964804,0.0.4138717@1776725395.217447780
0.0.1508462,112.7770315989647,SUCCESS,0.0.731861,0.0.3951117,0.0.4138717@1776725397.640668741
0.0.490092,0.4438918262422974,SUCCESS,0.0.731861,0.0.3951117,0.0.4138717@1776725395.194583622
0.0.1707146,3.535358201626221,SUCCESS,0.0.731861,0.0.3951117,0.0.4138717@1776725398.834487408
0.0.516971,6.85772015068311e-7,SUCCESS,0.0.731861,0.0.3951117&0.0.4129330,0.0.4138717@1776725399.590774845
0.0.5028724,0.01970038894666002,SUCCESS,0.0.731861,0.0.3951117,0.0.4138717@1776725396.115642586
0.0.9202687,281.2454283763142,SUCCESS,0.0.731861,0.0.3951117,0.0.4138717@1776725396.356552567
0.0.4575306,0.01479791901743503,SUCCESS,0.0.731861,0.0.3951117,0.0.4138717@1776725399.034287324
0.0.5688804,11.35865984121314,SUCCESS,0.0.731861,0.0.3951117&0.0.3964827,0.0.4138717@1776725401.098685595
0.0.8049278,0.2654178820664984,SUCCESS,0.0.731861,0.0.3951117,0.0.4138717@1776725400.823539061
0.0.3525426,61.42611133591893,SUCCESS,0.0.731861,0.0.3951117&0.0.3964790&0.0.3964804&0.0.3964808&0.0.3964860&0.0.4601632&0.0.5328590,0.0.4138717@1776725401.025622752
0.0.5352069,1.726410235405587,SUCCESS,0.0.731861,0.0.3951117,0.0.4138717@1776725402.482518575
0.0.696790,30.69707480880895,SUCCESS,0.0.731861,0.0.3951117&0.0.3964804,0.0.4138717@1776725403.522851774
0.0.3872466,0.4188680435901929,SUCCESS,0.0.731861,0.0.3951117,0.0.4138717@1776725402.165025892
0.0.2960128,2378.127054825791,SUCCESS,0.0.731861,0.0.3951117&0.0.3964800&0.0.3964827&0.0.3964837&0.0.5328590,0.0.4138717@1776725402.770075868
0.0.4591423,2.087278246360795,SUCCESS,0.0.731861,0.0.3951117&0.0.3964855&0.0.4601632,0.0.4138717@1776725403.660800812
0.0.8068996,1.08594095915182,SUCCESS,0.0.731861,0.0.3951117&0.0.3964790&0.0.3964804&0.0.3964827&0.0.5328590,0.0.4138717@1776725401.997451009
0.0.8071373,4.044657320435343,SUCCESS,0.0.731861,0.0.3951117,0.0.4138717@1776725402.111474626
0.0.8013259,49147.95290691423,SUCCESS,0.0.731861,0.0.3951117,0.0.4138717@1776725405.567778972
0.0.7555632,0.2668011252006709,SUCCESS,0.0.731861,0.0.3951117,0.0.4138717@1776725405.780251067
0.0.9112426,4.92832454305899,SUCCESS,0.0.731861,0.0.3951117&0.0.3964795&0.0.3964804&0.0.3964860,0.0.4138717@1776725405.268293384
0.0.7129552,182.9565854406706,SUCCESS,0.0.731861,0.0.3951117&0.0.6071119,0.0.4138717@1776725408.052926448
0.0.10300628,1001.780738127638,NOT_ASSOCIATED,0.0.731861,0.0.3951117,
0.0.8485588,1113.789615413981,SUCCESS,0.0.731861,0.0.3951117,0.0.4138717@1776725407.171090074
0.0.7989790,0.1106726272136154,SUCCESS,0.0.731861,0.0.3951117,0.0.4138717@1776725406.540140677
0.0.5156210,0.03592701624881375,SUCCESS,0.0.731861,0.0.3951117&0.0.3964804,0.0.4138717@1776725409.821409405
0.0.8490555,5.619615423765493,SUCCESS,0.0.731861,0.0.3951117,0.0.4138717@1776725409.563725129
0.0.1023730,7.885758606124502,SUCCESS,0.0.731861,0.0.3951117,0.0.4138717@1776725407.064994786
0.0.1462225,4406.964970106752,SUCCESS,0.0.731861,0.0.3951117&0.0.3964804&0.0.4601632,0.0.4138717@1776725409.200634240
0.0.8419510,1.015769934789166,SUCCESS,0.0.731861,0.0.3951117,0.0.4138717@1776725409.396385540
0.0.4569835,0.0227502630444492,SUCCESS,0.0.731861,0.0.3951117,0.0.4138717@1776725411.906850600
0.0.3706536,0.03064973366114901,SUCCESS,0.0.731861,0.0.3951117,0.0.4138717@1776725409.259064362
0.0.1904506,0.002098935808987154,SUCCESS,0.0.731861,0.0.3951117,0.0.4138717@1776725411.438808552
0.0.1093567,1.31687861708833,SUCCESS,0.0.731861,0.0.3961531&0.0.3964790,0.0.4138717@1776725408.487688641
0.0.4707801,0.2489064275455349,NOT_ASSOCIATED,0.0.731861,0.0.3961531,
0.0.1070346,1283.527080798188,SUCCESS,0.0.731861,0.0.3961531&0.0.3964795&0.0.3964800&0.0.3964837&0.0.3964840,0.0.4138717@1776725410.427610196
0.0.1910938,0.08294523069134763,SUCCESS,0.0.731861,0.0.3961531,0.0.4138717@1776725414.754311186
0.0.9405888,0.2496229466884994,SUCCESS,0.0.731861,0.0.3961531&0.0.3964804&0.0.5328590,0.0.4138717@1776725410.554217475
0.0.8183428,0.01274017543493018,SUCCESS,0.0.731861,0.0.3961531,0.0.4138717@1776725410.340166343
0.0.8378238,1.59859479701253,SUCCESS,0.0.731861,0.0.3961531,0.0.4138717@1776725412.822627412
0.0.7571792,0.01328173010885704,SUCCESS,0.0.731861,0.0.3961531,0.0.4138717@1776725415.285656253
0.0.7560867,0.008318603697269672,SUCCESS,0.0.731861,0.0.3961531,0.0.4138717@1776725415.963253597
0.0.863385,348.708436549474,SUCCESS,0.0.731861,0.0.3961531,0.0.4138717@1776725412.194828557
0.0.267573,181.6451984421193,SUCCESS,0.0.731861,0.0.3961531&0.0.3964837&0.0.3964855&0.0.4601632&0.0.5328590&0.0.6071041&0.0.6126395,0.0.4138717@1776725413.379175231
0.0.1431202,28.13370707459897,SUCCESS,0.0.731861,0.0.3961531,0.0.4138717@1776725414.653391027
0.0.982207,5446.534523881821,SUCCESS,0.0.731861,0.0.3961531&0.0.3964790,0.0.4138717@1776725416.611429977
0.0.1340980,0.3365544158238773,SUCCESS,0.0.731861,0.0.3961531,0.0.4138717@1776725417.000522583
0.0.6435369,5.973807207637824,SUCCESS,0.0.731861,0.0.3961531,0.0.4138717@1776725415.726823575
0.0.6004406,8.969189370819981,SUCCESS,0.0.731861,0.0.3961531&0.0.3964827,0.0.4138717@1776725417.112968246
0.0.4715000,2.020557450588413,SUCCESS,0.0.731861,0.0.3961531,0.0.4138717@1776725418.384007388
0.0.4639603,0.004872470189399709,NOT_ASSOCIATED,0.0.731861,0.0.3961531,
0.0.1501041,1.28598381765077,SUCCESS,0.0.731861,0.0.3961531,0.0.4138717@1776725419.004246699
0.0.835929,0.00002071654048218427,SUCCESS,0.0.731861,0.0.3961531&0.0.3964790&0.0.3964804&0.0.4129330&0.0.4601632&0.0.5328590,0.0.4138717@1776725419.170134851
0.0.793410,1094.088149439525,SUCCESS,0.0.731861,0.0.3961531&0.0.3964827&0.0.5328590&0.0.6071041&0.0.8315114,0.0.4138717@1776725421.258078243
0.0.7910977,44.1734109147917,SUCCESS,0.0.731861,0.0.3961531&0.0.3964804,0.0.4138717@1776725420.500064029
0.0.3000378,61.70460671615081,SUCCESS,0.0.731861,0.0.3961531,0.0.4138717@1776725418.655196438
0.0.4723553,6.157128626971376,SUCCESS,0.0.731861,0.0.3961531,0.0.4138717@1776725421.703925442
0.0.3169776,0.1098193959191583,SUCCESS,0.0.731861,0.0.3961531,0.0.4138717@1776725421.122533257
0.0.10303974,1.148210704656492,SUCCESS,0.0.731861,0.0.3961531,0.0.4138717@1776725419.993639049
0.0.646656,0.7073259899580575,SUCCESS,0.0.731861,0.0.3961531,0.0.4138717@1776725419.049981426
0.0.7535835,9.742792076249698,SUCCESS,0.0.731861,0.0.3961531&0.0.3964790&0.0.6071119,0.0.4138717@1776725422.330632410
0.0.9183843,2.864931178177685,NOT_ASSOCIATED,0.0.731861,0.0.3961531,
0.0.9210701,0.9891378539924084,FAIL,0.0.731861,0.0.3961531,
0.0.8767225,6.797255719567792,SUCCESS,0.0.731861,0.0.3961531&0.0.3964804,0.0.4138717@1776725423.085740805
0.0.953101,213.5548512111982,SUCCESS,0.0.731861,0.0.3961531,0.0.4138717@1776725424.715691626
0.0.4853295,124.6298885710181,SUCCESS,0.0.731861,0.0.3961531&0.0.3964800&0.0.3964804,0.0.4138717@1776725425.377221057
0.0.10124208,0.02380433994319497,SUCCESS,0.0.731861,0.0.3961531,0.0.4138717@1776725423.966466959
0.0.877394,0.1246243412471136,NOT_ASSOCIATED,0.0.731861,0.0.3961531&0.0.3964804,
0.0.1263490,27.45664217771444,SUCCESS,0.0.731861,0.0.3961531&0.0.3964804,0.0.4138717@1776725422.531970906
0.0.839555,2.049616097939684,SUCCESS,0.0.731861,0.0.3961531,0.0.4138717@1776725424.974404351
0.0.948513,251.1528667920085,SUCCESS,0.0.731861,0.0.3961531,0.0.4138717@1776725423.687133733
0.0.4367595,2.038767386336545,SUCCESS,0.0.731861,0.0.3961531,0.0.4138717@1776725423.146805708
0.0.852692,8.20157171634652,SUCCESS,0.0.731861,0.0.3961531,0.0.4138717@1776725429.735564621
0.0.10291442,1579.103391822228,SUCCESS,0.0.731861,0.0.3961531,0.0.4138717@1776725429.387012696
0.0.9279414,0.3054681864010788,SUCCESS,0.0.731861,0.0.3961531,0.0.4138717@1776725426.862767213
0.0.10269642,2.916312265952814,SUCCESS,0.0.731861,0.0.3961531,0.0.4138717@1776725428.030232207
0.0.10223842,13.44589434329562,SUCCESS,0.0.731861,0.0.3961531,0.0.4138717@1776725430.123667487
0.0.892088,11.9589173914649,SUCCESS,0.0.731861,0.0.3961531,0.0.4138717@1776725428.412189839
0.0.1303938,12.00347721583184,NOT_ASSOCIATED,0.0.731861,0.0.3961531,
0.0.825672,199.486604495129,SUCCESS,0.0.731861,0.0.3961531,0.0.4138717@1776725430.215031914
0.0.6143425,0.04360794379297786,SUCCESS,0.0.731861,0.0.3961531,0.0.4138717@1776725427.230879845
0.0.10206048,0.8926120242545706,SUCCESS,0.0.731861,0.0.3961531,0.0.4138717@1776725432.624131300
0.0.1413657,43.03725308917812,SUCCESS,0.0.731861,0.0.3961531&0.0.4601632&0.0.5328590,0.0.4138717@1776725432.075602629
0.0.9353895,0.02922052491883261,SUCCESS,0.0.731861,0.0.3961531,0.0.4138717@1776725433.261867669
0.0.1315254,6.150886084977399,SUCCESS,0.0.731861,0.0.3961531,0.0.4138717@1776725429.803131217
0.0.1433179,1.363773557787588,SUCCESS,0.0.731861,0.0.3961531,0.0.4138717@1776725433.034425788
0.0.3161254,147990.2381278096,SUCCESS,0.0.731861,0.0.3961531&0.0.3964804,0.0.4138717@1776725433.052053016
0.0.10095007,1.541858886281719,NOT_ASSOCIATED,0.0.731861,0.0.3961531,
0.0.10359193,608.6741235393406,SUCCESS,0.0.731861,0.0.3961531&0.0.3964804&0.0.3964837&0.0.3964860&0.0.4601632&0.0.5328590,0.0.4138717@1776725431.863381019
0.0.10204459,7.926195306881311,SUCCESS,0.0.731861,0.0.3961531,0.0.4138717@1776725434.531714623
0.0.10224088,134.3521246883291,NOT_ASSOCIATED,0.0.731861,0.0.3961531,
0.0.10090227,0.2370856167097767,SUCCESS,0.0.731861,0.0.3961531,0.0.4138717@1776725433.954898753
0.0.4361668,2.482845224384192,SUCCESS,0.0.731861,0.0.3961531,0.0.4138717@1776725434.055177092
0.0.663264,5.584761869218841,SUCCESS,0.0.731861,0.0.3961531&0.0.3964790,0.0.4138717@1776725434.705392473
0.0.10278400,122.6615393569043,NOT_ASSOCIATED,0.0.731861,0.0.3961531&0.0.3964840&0.0.5328590,
0.0.10268439,105.9717188442827,SUCCESS,0.0.731861,0.0.3961531&0.0.3964790&0.0.3964804&0.0.5328590,0.0.4138717@1776725436.251213947
0.0.7525727,1554.125182637046,SUCCESS,0.0.731861,0.0.3961531&0.0.3964827&0.0.5328590,0.0.4138717@1776725438.017249140
0.0.4594903,29.54363646405126,SUCCESS,0.0.731861,0.0.3961531&0.0.3964790&0.0.3964804,0.0.4138717@1776725438.507652351
0.0.826988,99.89921289475446,NOT_ASSOCIATED,0.0.731861,0.0.3961531,
0.0.6306847,2.170967965498272,SUCCESS,0.0.731861,0.0.3961531&0.0.3964804&0.0.3964827,0.0.4138717@1776725438.524082765
0.0.935686,3.250826442813522,SUCCESS,0.0.731861,0.0.3961531,0.0.4138717@1776725438.291099520
0.0.1071830,701.854616569701,SUCCESS,0.0.731861,0.0.3961531&0.0.3964795&0.0.3964800&0.0.3964804&0.0.3964837&0.0.3964855&0.0.3964840,0.0.4138717@1776725439.369102411
0.0.5435669,0.7982956692478691,SUCCESS,0.0.731861,0.0.3961531,0.0.4138717@1776725438.809154619
0.0.836858,230.0032141891598,SUCCESS,0.0.731861,0.0.3961531,0.0.4138717@1776725435.290938805
0.0.1372179,19.94468487994351,SUCCESS,0.0.731861,0.0.3961531&0.0.3964804,0.0.4138717@1776725437.428504030
0.0.4362462,4.039660588193232,NOT_ASSOCIATED,0.0.731861,0.0.3961531,
0.0.3687323,0.00002657660270355367,SUCCESS,0.0.731861,0.0.3961531,0.0.4138717@1776725439.837324533
0.0.8355966,47.55221745585786,SUCCESS,0.0.731861,0.0.3961531,0.0.4138717@1776725438.462307575
0.0.897444,372.4270778702556,SUCCESS,0.0.731861,0.0.3961531&0.0.3964790,0.0.4138717@1776725440.612478071
0.0.6095958,192.6849879100948,NOT_ASSOCIATED,0.0.731861,0.0.3961531&0.0.3964804,
0.0.1103540,1.469488898205587,SUCCESS,0.0.731861,0.0.3961531&0.0.3964827,0.0.4138717@1776725440.392359141
0.0.1324436,0.004104702849893829,NOT_ASSOCIATED,0.0.731861,0.0.3961531,
0.0.2963242,6.286647701410875,NOT_ASSOCIATED,0.0.731861,0.0.3961531,
0.0.862821,18.55436898316298,SUCCESS,0.0.731861,0.0.3961531&0.0.3964790,0.0.4138717@1776725440.091272692
0.0.2022247,1221.244681790693,SUCCESS,0.0.731861,0.0.3961531,0.0.4138717@1776725440.961535674
0.0.1152713,40878.05876142118,SUCCESS,0.0.731861,0.0.3961531&0.0.3964790&0.0.10387648&0.0.10418141,0.0.4138717@1776725442.704264291
0.0.842210,39.7639291741109,SUCCESS,0.0.731861,0.0.3961531&0.0.3964804,0.0.4138717@1776725443.982389700
0.0.844965,0.1600727709135519,SUCCESS,0.0.731861,0.0.3961531,0.0.4138717@1776725446.173800637
0.0.4346141,20.62834996940226,SUCCESS,0.0.731861,0.0.3961531,0.0.4138717@1776725445.785390435
0.0.10169893,1.40829149490365,SUCCESS,0.0.731861,0.0.3964790,0.0.4138717@1776725448.025037085
0.0.1703452,75.75593862769699,SUCCESS,0.0.731861,0.0.3964790&0.0.3964804,0.0.4138717@1776725443.988309656
0.0.5807981,1.858074254980698,SUCCESS,0.0.731861,0.0.3964790,0.0.4138717@1776725447.843985895
0.0.1085174,4293.47728807223,SUCCESS,0.0.731861,0.0.3964790&0.0.10387648,0.0.4138717@1776725449.542902785
0.0.4371196,2.312525220772996,SUCCESS,0.0.731861,0.0.3964790,0.0.4138717@1776725448.918323044
0.0.966009,0.317934285725576,SUCCESS,0.0.731861,0.0.3964790,0.0.4138717@1776725447.816173615
0.0.794506,224.5741216239926,SUCCESS,0.0.731861,0.0.3964790&0.0.5328590,0.0.4138717@1776725447.854774482
0.0.7607102,0.136800709876529,SUCCESS,0.0.731861,0.0.3964790&0.0.3964804,0.0.4138717@1776725447.589050055
0.0.6075972,0.5311481379969099,SUCCESS,0.0.731861,0.0.3964790,0.0.4138717@1776725452.206291918
0.0.1504445,2.466978170208574,SUCCESS,0.0.731861,0.0.3964790,0.0.4138717@1776725449.968959362
0.0.4784258,14.11733038339922,SUCCESS,0.0.731861,0.0.3964790&0.0.3964804&0.0.3964855,0.0.4138717@1776725453.012398446
0.0.2174952,14.77395226133259,SUCCESS,0.0.731861,0.0.3964790&0.0.3964804&0.0.3964834,0.0.4138717@1776725449.894583967
0.0.3938365,60.78722779943303,SUCCESS,0.0.731861,0.0.3964790&0.0.3964837,0.0.4138717@1776725451.845327421
0.0.4540904,9.07141204508165,SUCCESS,0.0.731861,0.0.3964790&0.0.3964804&0.0.3964855,0.0.4138717@1776725452.172961535
0.0.858310,0.165502694687612,SUCCESS,0.0.731861,0.0.3964790,0.0.4138717@1776725451.802454287
0.0.5374006,0.08110761236348313,SUCCESS,0.0.731861,0.0.3964790&0.0.4601632,0.0.4138717@1776725452.425106224
0.0.3304469,122.2944008191414,SUCCESS,0.0.731861,0.0.3964790&0.0.3964827,0.0.4138717@1776725455.596842470
0.0.9643187,4.513998579511884,SUCCESS,0.0.731861,0.0.3964790,0.0.4138717@1776725453.201862164
0.0.27463,3.921096370634779,SUCCESS,0.0.731861,0.0.3964790,0.0.4138717@1776725455.033103214
0.0.5326504,0.008496908921973165,SUCCESS,0.0.731861,0.0.3964790,0.0.4138717@1776725456.748932589
0.0.1093612,1.752391684915684,SUCCESS,0.0.731861,0.0.3964790&0.0.3964804,0.0.4138717@1776725454.004146327
0.0.4908409,0.00207823945829192,SUCCESS,0.0.731861,0.0.3964790,0.0.4138717@1776725457.308557309
0.0.3926190,0.000291989189932087,SUCCESS,0.0.731861,0.0.3964790,0.0.4138717@1776725457.259670062
0.0.3903731,3.073349619004367e-7,NOT_ASSOCIATED,0.0.731861,0.0.3964790,
0.0.8291825,13.23936220105448,SUCCESS,0.0.731861,0.0.3964790&0.0.3964804,0.0.4138717@1776725458.268253689
0.0.7896827,0.2629394694331256,SUCCESS,0.0.731861,0.0.3964790&0.0.6071041,0.0.4138717@1776725459.547663108
0.0.10135295,10.36716375395838,SUCCESS,0.0.731861,0.0.3964790&0.0.3964827,0.0.4138717@1776725458.135556800
0.0.859176,1.368869355264124,SUCCESS,0.0.731861,0.0.3964790,0.0.4138717@1776725458.522991280
0.0.9400801,8104.072033893868,SUCCESS,0.0.731861,0.0.3964790&0.0.3964855&0.0.4129330&0.0.4601632&0.0.5328590,0.0.4138717@1776725459.751336563
0.0.9301501,0.7729551038181651,SUCCESS,0.0.731861,0.0.3964790&0.0.5328590,0.0.4138717@1776725460.109622396
0.0.9365757,167.7683059370465,SUCCESS,0.0.731861,0.0.3964790&0.0.3964795&0.0.3964800&0.0.3964804&0.0.3964808&0.0.3964840&0.0.5328590,0.0.4138717@1776725457.173506513
0.0.4367730,1.278514598787573,SUCCESS,0.0.731861,0.0.3964790,0.0.4138717@1776725457.861290560
0.0.842540,17.5603391610413,SUCCESS,0.0.731861,0.0.3964790,0.0.4138717@1776725461.248743664
0.0.732798,2.157464213905307,SUCCESS,0.0.731861,0.0.3964790&0.0.3964804&0.0.4129330,0.0.4138717@1776725463.657743767
0.0.4819535,0.01276568596602704,SUCCESS,0.0.731861,0.0.3964790,0.0.4138717@1776725462.751586475
0.0.3774696,0.002852866265359146,SUCCESS,0.0.731861,0.0.3964790,0.0.4138717@1776725460.293280756
0.0.4328823,2.884273165958977,SUCCESS,0.0.731861,0.0.3964790&0.0.5328590,0.0.4138717@1776725462.744797034
0.0.4363785,19.97091412358247,SUCCESS,0.0.731861,0.0.3964790,0.0.4138717@1776725465.467424740
0.0.4157394,0.000198429942263232,SUCCESS,0.0.731861,0.0.3964790,0.0.4138717@1776725463.945478500
0.0.837751,0.003718934060656193,SUCCESS,0.0.731861,0.0.3964790,0.0.4138717@1776725462.611239564
0.0.920901,298.4533355826503,SUCCESS,0.0.731861,0.0.3964790&0.0.3964804,0.0.4138717@1776725465.285721678
0.0.1314568,4597.527953156475,SUCCESS,0.0.731861,0.0.3964790,0.0.4138717@1776725463.410030219
0.0.835202,0.0007284525083223156,SUCCESS,0.0.731861,0.0.3964790,0.0.4138717@1776725464.835993987
0.0.3076299,0.7994232465136465,SUCCESS,0.0.731861,0.0.3964790&0.0.3964827,0.0.4138717@1776725467.304352796
0.0.817883,0.01920123246157729,SUCCESS,0.0.731861,0.0.3964790,0.0.4138717@1776725468.300611781
0.0.1082789,8391.2709599508,SUCCESS,0.0.731861,0.0.3964790,0.0.4138717@1776725468.253299861
0.0.6047264,0.05301857785937486,SUCCESS,0.0.731861,0.0.3964790,0.0.4138717@1776725466.820040113
0.0.8352642,139.6079439836024,SUCCESS,0.0.731861,0.0.3964790&0.0.3964804&0.0.4601632,0.0.4138717@1776725469.550154208
0.0.4330338,0.00001656436200854168,SUCCESS,0.0.731861,0.0.3964790,0.0.4138717@1776725466.358205360
0.0.8447885,0.9742464790926952,SUCCESS,0.0.731861,0.0.3964790,0.0.4138717@1776725467.645992573
0.0.8267043,0.552497757997537,SUCCESS,0.0.731861,0.0.3964790&0.0.5328590,0.0.4138717@1776725471.261732918
0.0.2117864,8.413654830169746,SUCCESS,0.0.731861,0.0.3964790,0.0.4138717@1776725467.203979889
0.0.795838,1.019866576962097,SUCCESS,0.0.731861,0.0.3964790&0.0.3964804,0.0.4138717@1776725468.565317913
0.0.1416793,0.3054457311460839,SUCCESS,0.0.731861,0.0.3964790,0.0.4138717@1776725469.477099016
0.0.3854083,0.1151038190882201,SUCCESS,0.0.731861,0.0.3964790,0.0.4138717@1776725474.241884492
0.0.813712,0.3334552390843703,SUCCESS,0.0.731861,0.0.3964790,0.0.4138717@1776725470.866832963
0.0.1073086,0.3518610700508565,SUCCESS,0.0.731861,0.0.3964790&0.0.3964860,0.0.4138717@1776725472.256989102
0.0.6043615,12.48276163776737,SUCCESS,0.0.731861,0.0.3964790&0.0.3964827&0.0.3964855&0.0.3964840&0.0.5328590&0.0.6071041&0.0.8315114,0.0.4138717@1776725473.061874494
0.0.4337852,1.575731592345632,SUCCESS,0.0.731861,0.0.3964790,0.0.4138717@1776725473.758232996
0.0.4205079,0.5660006608856111,SUCCESS,0.0.731861,0.0.3964790,0.0.4138717@1776725473.433884340
0.0.4384266,1.410511467782571,SUCCESS,0.0.731861,0.0.3964790,0.0.4138717@1776725474.252986921
0.0.4759022,0.02390127008747619,SUCCESS,0.0.731861,0.0.3964790,0.0.4138717@1776725472.610028355
0.0.4713784,11.03348800705726,SUCCESS,0.0.731861,0.0.3964790&0.0.3964827,0.0.4138717@1776725475.504471106
0.0.1408633,4.538463479477606,SUCCESS,0.0.731861,0.0.3964790&0.0.3964837&0.0.3964855&0.0.6078459,0.0.4138717@1776725475.659163366
0.0.10023501,1.404016498451304e-8,SUCCESS,0.0.731861,0.0.3964790,0.0.4138717@1776725475.826253149
0.0.1380166,0.0002985667057501712,SUCCESS,0.0.731861,0.0.3964790,0.0.4138717@1776725479.153755771
0.0.10030621,0.00001214118080844932,SUCCESS,0.0.731861,0.0.3964790,0.0.4138717@1776725474.969876680
0.0.10060744,0.003300019333977617,SUCCESS,0.0.731861,0.0.3964790,0.0.4138717@1776725479.180246608
0.0.4355907,0.179738363643555,SUCCESS,0.0.731861,0.0.3964790,0.0.4138717@1776725478.535090257
0.0.9960625,7.70050821454416e-9,SUCCESS,0.0.731861,0.0.3964790,0.0.4138717@1776725480.410938734
0.0.10110159,1.324342436686215e-7,SUCCESS,0.0.731861,0.0.3964790,0.0.4138717@1776725479.402499759
0.0.8054459,3.483033963708401,SUCCESS,0.0.731861,0.0.3964790&0.0.3964804,0.0.4138717@1776725477.736299193
0.0.10164571,1.776337303512116,SUCCESS,0.0.731861,0.0.3964790,0.0.4138717@1776725479.027432423
0.0.9362944,0.001230978291739434,SUCCESS,0.0.731861,0.0.3964790,0.0.4138717@1776725479.090287052
0.0.942926,447.8990430671345,SUCCESS,0.0.731861,0.0.3964790,0.0.4138717@1776725479.023098119
0.0.4574338,0.0001201944984293069,SUCCESS,0.0.731861,0.0.3964790,0.0.4138717@1776725482.386776662
0.0.851754,2.66153089942524,NOT_ASSOCIATED,0.0.731861,0.0.3964795,
0.0.1486871,1017.447781052272,SUCCESS,0.0.731861,0.0.3964795&0.0.3964800&0.0.3964804&0.0.3964834&0.0.3964840,0.0.4138717@1776725481.746822603
0.0.1989187,2107.26650583456,SUCCESS,0.0.731861,0.0.3964795,0.0.4138717@1776725483.418783707
0.0.883477,14339.66906439172,SUCCESS,0.0.731861,0.0.3964795&0.0.3964800,0.0.4138717@1776725482.788041947
0.0.2101943,1.383152473247645,SUCCESS,0.0.731861,0.0.3964795&0.0.3964804&0.0.3964821,0.0.4138717@1776725484.111879405
0.0.1512214,8.210235122800919,SUCCESS,0.0.731861,0.0.3964795&0.0.3964800&0.0.3964804&0.0.3964840&0.0.4601632&0.0.6071074,0.0.4138717@1776725482.920415865
0.0.10076786,3.232843896276393,SUCCESS,0.0.731861,0.0.3964795,0.0.4138717@1776725483.168168989
0.0.9579116,33.62833030675114,SUCCESS,0.0.731861,0.0.3964795&0.0.3964804,0.0.4138717@1776725485.563852298
0.0.4320148,0.07072536892797567,SUCCESS,0.0.731861,0.0.3964795&0.0.5328590&0.0.10092996&0.0.10093026,0.0.4138717@1776725486.209089699
0.0.4154591,1418.901089908478,SUCCESS,0.0.731861,0.0.3964795&0.0.3964804&0.0.3964837&0.0.3964860&0.0.4601632&0.0.5328590,0.0.4138717@1776725484.459344221
0.0.4882076,97.29976465599782,SUCCESS,0.0.731861,0.0.3964795&0.0.3964834&0.0.4601632&0.0.5328590,0.0.4138717@1776725486.769999037
0.0.4758211,164.3098536233616,SUCCESS,0.0.731861,0.0.3964795,0.0.4138717@1776725485.532374696
0.0.9823669,35.65536865522082,SUCCESS,0.0.731861,0.0.3964795,0.0.4138717@1776725485.871046682
0.0.1006425,349.6868718344287,SUCCESS,0.0.731861,0.0.3964795&0.0.3964827,0.0.4138717@1776725486.758378857
0.0.837554,2617.774613256741,SUCCESS,0.0.731861,0.0.3964795&0.0.3964804&0.0.3964808&0.0.3964860&0.0.4129330&0.0.4601632,0.0.4138717@1776725485.915302929
0.0.2174015,44.07726222361434,SUCCESS,0.0.731861,0.0.3964800&0.0.3964808&0.0.3964827&0.0.3964837&0.0.3964840&0.0.5328590,0.0.4138717@1776725487.569614354
0.0.855796,43.46346908611535,SUCCESS,0.0.731861,0.0.3964800,0.0.4138717@1776725486.902096697
0.0.4423729,465.286486645737,SUCCESS,0.0.731861,0.0.3964800&0.0.3964804&0.0.3964834,0.0.4138717@1776725486.514946675
0.0.791357,1240.11718968676,SUCCESS,0.0.731861,0.0.3964800,0.0.4138717@1776725488.792762000
0.0.2216740,451.0490672785738,SUCCESS,0.0.731861,0.0.3964804,0.0.4138717@1776725489.397464387
0.0.8083839,3063.144728559017,SUCCESS,0.0.731861,0.0.3964804&0.0.3964808&0.0.3964827&0.0.3964860&0.0.5328590,0.0.4138717@1776725492.048095432
0.0.1872027,0.04079907042586981,SUCCESS,0.0.731861,0.0.3964804,0.0.4138717@1776725491.849868872
0.0.3003013,8.342169882553208,SUCCESS,0.0.731861,0.0.3964804,0.0.4138717@1776725492.784178302
0.0.911691,8952.729264728023,SUCCESS,0.0.731861,0.0.3964804&0.0.5328590,0.0.4138717@1776725488.737164306
0.0.10442094,0.3076921370147224,SUCCESS,0.0.731861,0.0.3964804,0.0.4138717@1776725490.179489001
0.0.1268672,9.933362127613616,SUCCESS,0.0.731861,0.0.3964804,0.0.4138717@1776725490.877425455
0.0.10427998,0.08788605133758033,SUCCESS,0.0.731861,0.0.3964804,0.0.4138717@1776725491.200343914
0.0.10009527,20.64485580421102,SUCCESS,0.0.731861,0.0.3964804,0.0.4138717@1776725491.726431682
0.0.1385696,61.36620335885104,SUCCESS,0.0.731861,0.0.3964804,0.0.4138717@1776725491.856411053
0.0.10307911,806.3762273087699,SUCCESS,0.0.731861,0.0.3964804&0.0.5328590,0.0.4138717@1776725494.157009084
0.0.10284472,64.45760677980454,SUCCESS,0.0.731861,0.0.3964804,0.0.4138717@1776725494.655079771
0.0.10408931,1.29807926663335,SUCCESS,0.0.731861,0.0.3964804&0.0.3964827,0.0.4138717@1776725495.764388595
0.0.9162845,239.3401434337425,SUCCESS,0.0.731861,0.0.3964804&0.0.4601632&0.0.10414792,0.0.4138717@1776725494.298949561
0.0.7980177,20.94388313760672,SUCCESS,0.0.731861,0.0.3964804&0.0.3964860,0.0.4138717@1776725494.265883855
0.0.4161393,66.32157662061142,SUCCESS,0.0.731861,0.0.3964804&0.0.3964837,0.0.4138717@1776725495.936909731
0.0.8181079,2.344282922114534,SUCCESS,0.0.731861,0.0.3964804,0.0.4138717@1776725498.457499597
0.0.9205231,6.140784651292794,NOT_ASSOCIATED,0.0.731861,0.0.3964804,
0.0.10435633,4.986666706123709,SUCCESS,0.0.731861,0.0.3964804,0.0.4138717@1776725494.695072737
0.0.10420688,2.9186284707553,SUCCESS,0.0.731861,0.0.3964804&0.0.3964840,0.0.4138717@1776725495.423564577
0.0.10300906,1586.415397425173,SUCCESS,0.0.731861,0.0.3964804&0.0.3964808&0.0.3964860,0.0.4138717@1776725497.378809452
0.0.6313326,43.17964753462951,SUCCESS,0.0.731861,0.0.3964804,0.0.4138717@1776725497.650993838
0.0.9353195,0.4417454155232983,SUCCESS,0.0.731861,0.0.3964804,0.0.4138717@1776725496.462168337
0.0.7724941,12.93154022515697,SUCCESS,0.0.731861,0.0.3964804,0.0.4138717@1776725501.004718488
0.0.1099801,406.5908885892511,SUCCESS,0.0.731861,0.0.3964804,0.0.4138717@1776725499.082882100
0.0.10422583,51.87271721799487,SUCCESS,0.0.731861,0.0.3964804&0.0.3964808,0.0.4138717@1776725501.378309362
0.0.10435638,0.1167721514341652,SUCCESS,0.0.731861,0.0.3964804,0.0.4138717@1776725501.214301829
0.0.10064341,4.308132469725198,SUCCESS,0.0.731861,0.0.3964804,0.0.4138717@1776725502.817227013
0.0.6064013,7.230869472366959,SUCCESS,0.0.731861,0.0.3964804,0.0.4138717@1776725502.335172716
0.0.10035851,140.5019459585809,SUCCESS,0.0.731861,0.0.3964804,0.0.4138717@1776725499.572349042
0.0.9417458,2.544777500482195,SUCCESS,0.0.731861,0.0.3964804,0.0.4138717@1776725503.492985404
0.0.9112742,0.05685540231504519,SUCCESS,0.0.731861,0.0.3964804,0.0.4138717@1776725501.140414636
0.0.832543,2.762283825173225,SUCCESS,0.0.731861,0.0.3964804,0.0.4138717@1776725503.334249458
0.0.3327498,0.9240287817045753,SUCCESS,0.0.731861,0.0.3964804,0.0.4138717@1776725505.484548394
0.0.1478185,0.6793282076704489,SUCCESS,0.0.731861,0.0.3964804,0.0.4138717@1776725503.030244769
0.0.4138268,3.06650264929118,SUCCESS,0.0.731861,0.0.3964804,0.0.4138717@1776725503.735513873
0.0.10088400,0.7814584645011977,SUCCESS,0.0.731861,0.0.3964804,0.0.4138717@1776725504.077699804
0.0.9072874,1.171112042525563,SUCCESS,0.0.731861,0.0.3964804,0.0.4138717@1776725505.417620957
0.0.1178547,0.7076587056416512,SUCCESS,0.0.731861,0.0.3964804,0.0.4138717@1776725506.397408256
0.0.8742796,3.414644907801552,SUCCESS,0.0.731861,0.0.3964804,0.0.4138717@1776725506.514933312
0.0.823147,218.9433368468322,SUCCESS,0.0.731861,0.0.3964804,0.0.4138717@1776725508.647491154
0.0.8120088,0.3169719682844518,SUCCESS,0.0.731861,0.0.3964804,0.0.4138717@1776725509.894316269
0.0.6063136,0.00818972501090705,SUCCESS,0.0.731861,0.0.3964804,0.0.4138717@1776725508.326998287
0.0.1483886,11082.1031798118,SUCCESS,0.0.731861,0.0.3964804&0.0.3964860&0.0.10414792&0.0.10418141,0.0.4138717@1776725509.748366513
0.0.5313474,0.19413970398635,SUCCESS,0.0.731861,0.0.3964804,0.0.4138717@1776725509.439441792
0.0.4725260,0.4733371159795043,SUCCESS,0.0.731861,0.0.3964804,0.0.4138717@1776725508.143787213
0.0.1307915,0.001845533957167589,SUCCESS,0.0.731861,0.0.3964804,0.0.4138717@1776725508.934551108
0.0.838388,59.79565412506883,SUCCESS,0.0.731861,0.0.3964804,0.0.4138717@1776725511.588868894
0.0.1643938,384.8214797729956,SUCCESS,0.0.731861,0.0.3964804,0.0.4138717@1776725508.991639287
0.0.815643,47.46983744835258,SUCCESS,0.0.731861,0.0.3964804,0.0.4138717@1776725512.581311443
0.0.846778,81.93006063256487,SUCCESS,0.0.731861,0.0.3964804,0.0.4138717@1776725512.580986709
0.0.1514634,2919.639825576909,SUCCESS,0.0.731861,0.0.3964804,0.0.4138717@1776725509.944036180
0.0.1316658,1.349323663083242,SUCCESS,0.0.731861,0.0.3964804,0.0.4138717@1776725511.551543754
0.0.8084528,179.5186994117326,SUCCESS,0.0.731861,0.0.3964804,0.0.4138717@1776725513.717694883
0.0.1183511,1.197567197132703,SUCCESS,0.0.731861,0.0.3964804,0.0.4138717@1776725516.154023975
0.0.4231312,3.876344455982624,SUCCESS,0.0.731861,0.0.3964804,0.0.4138717@1776725513.289783427
0.0.8198609,184.4503293002716,SUCCESS,0.0.731861,0.0.3964804&0.0.10414792,0.0.4138717@1776725516.845593621
0.0.9362153,0.0263667249529288,SUCCESS,0.0.731861,0.0.3964804,0.0.4138717@1776725517.263437042
0.0.5742160,50.91143920589172,SUCCESS,0.0.731861,0.0.3964804,0.0.4138717@1776725514.012475137
0.0.7865510,1480.238527971369,SUCCESS,0.0.731861,0.0.3964804&0.0.3964860&0.0.10414792,0.0.4138717@1776725515.356600855
0.0.885953,46.10393142926301,SUCCESS,0.0.731861,0.0.3964804,0.0.4138717@1776725516.870686816
0.0.4157253,46.36405449284401,SUCCESS,0.0.731861,0.0.3964804,0.0.4138717@1776725518.158381339
0.0.10151415,1.348068908616675,SUCCESS,0.0.731861,0.0.3964804,0.0.4138717@1776725519.490613360
0.0.10247726,2.925810478864189,SUCCESS,0.0.731861,0.0.3964804,0.0.4138717@1776725516.927035451
0.0.876236,1.799036282823624,SUCCESS,0.0.731861,0.0.3964804,0.0.4138717@1776725518.302449264
0.0.10383503,513.168990078133,SUCCESS,0.0.731861,0.0.3964804,0.0.4138717@1776725520.170679819
0.0.4853191,0.05516436863991547,SUCCESS,0.0.731861,0.0.3964804,0.0.4138717@1776725518.142486195
0.0.837799,15.74828367931507,SUCCESS,0.0.731861,0.0.3964804,0.0.4138717@1776725520.051291769
0.0.4093826,70.28987966161226,SUCCESS,0.0.731861,0.0.3964804&0.0.3964860,0.0.4138717@1776725518.918236237
0.0.1505544,0.08993118551136489,SUCCESS,0.0.731861,0.0.3964804,0.0.4138717@1776725523.274033078
0.0.4144365,23.21011959920095,SUCCESS,0.0.731861,0.0.3964804,0.0.4138717@1776725523.674797921
0.0.4644030,0.3046947713927174,SUCCESS,0.0.731861,0.0.3964804,0.0.4138717@1776725520.951489667
0.0.2005484,0.2512519969764802,SUCCESS,0.0.731861,0.0.3964804,0.0.4138717@1776725523.853094945
0.0.836096,6.864180745396317,SUCCESS,0.0.731861,0.0.3964804&0.0.5328590,0.0.4138717@1776725524.791713523
0.0.4340392,0.6520811618109302,SUCCESS,0.0.731861,0.0.3964804,0.0.4138717@1776725522.653272652
0.0.4782567,32.32399109098083,SUCCESS,0.0.731861,0.0.3964804,0.0.4138717@1776725526.045183927
0.0.4323897,0.1792395294942873,SUCCESS,0.0.731861,0.0.3964804,0.0.4138717@1776725525.274473309
0.0.834666,90.12949405403202,SUCCESS,0.0.731861,0.0.3964804,0.0.4138717@1776725525.085787416
0.0.5029689,4.71081966440895,SUCCESS,0.0.731861,0.0.3964804,0.0.4138717@1776725527.050199151
0.0.4329551,61.70032257955816,SUCCESS,0.0.731861,0.0.3964804&0.0.3964827&0.0.3964855,0.0.4138717@1776725524.454381416
0.0.1415516,108.3204920795428,SUCCESS,0.0.731861,0.0.3964804,0.0.4138717@1776725525.384785376
0.0.5432163,0.5213850092906033,NOT_ASSOCIATED,0.0.731861,0.0.3964804,
0.0.9695749,23.65143735699129,NOT_ASSOCIATED,0.0.731861,0.0.3964804,
0.0.6460255,32.35142814227915,NOT_ASSOCIATED,0.0.731861,0.0.3964804,
0.0.3907868,0.03702203327520447,SUCCESS,0.0.731861,0.0.3964804,0.0.4138717@1776725528.735865550
0.0.1043461,528.266793813936,SUCCESS,0.0.731861,0.0.3964804,0.0.4138717@1776725530.495714564
0.0.9317309,0.008685105060780282,SUCCESS,0.0.731861,0.0.3964804&0.0.9774523,0.0.4138717@1776725529.072138342
0.0.7550127,1.470356340742023,SUCCESS,0.0.731861,0.0.3964804,0.0.4138717@1776725531.719875065
0.0.8443763,110.6500929203912,SUCCESS,0.0.731861,0.0.3964804,0.0.4138717@1776725531.678302371
0.0.5482082,4.90076097388834,SUCCESS,0.0.731861,0.0.3964804,0.0.4138717@1776725532.124563384
0.0.8213249,362.5995583360223,SUCCESS,0.0.731861,0.0.3964804,0.0.4138717@1776725532.725109238
0.0.834767,9.240292599523164,SUCCESS,0.0.731861,0.0.3964804,0.0.4138717@1776725532.598209740
0.0.9612822,1.161600288788828,NOT_ASSOCIATED,0.0.731861,0.0.3964804,
0.0.9174064,55.88948102344768,SUCCESS,0.0.731861,0.0.3964804,0.0.4138717@1776725533.324603421
0.0.6258977,41.21421243731808,SUCCESS,0.0.731861,0.0.3964804&0.0.5328590,0.0.4138717@1776725530.709557325
0.0.946029,3.821761884835101,NOT_ASSOCIATED,0.0.731861,0.0.3964804,
0.0.1461428,11.64292938961984,SUCCESS,0.0.731861,0.0.3964804,0.0.4138717@1776725533.922243884
0.0.1517175,6.531570584849659,SUCCESS,0.0.731861,0.0.3964804,0.0.4138717@1776725534.197039473
0.0.9303899,15.6176042480386,SUCCESS,0.0.731861,0.0.3964804,0.0.4138717@1776725532.460570758
0.0.9796301,5.067354578127961,NOT_ASSOCIATED,0.0.731861,0.0.3964804,
0.0.10279551,1.753369310879476,SUCCESS,0.0.731861,0.0.3964804,0.0.4138717@1776725535.819244595
0.0.10261941,8.070732607899068,SUCCESS,0.0.731861,0.0.3964804,0.0.4138717@1776725535.318664681
0.0.10242536,12.03811234943751,NOT_ASSOCIATED,0.0.731861,0.0.3964804,
0.0.3948696,1.038761348889894,SUCCESS,0.0.731861,0.0.3964804,0.0.4138717@1776725535.429808755
0.0.2030460,2616.298863025351,SUCCESS,0.0.731861,0.0.3964804&0.0.6078473,0.0.4138717@1776725534.335634588
0.0.9226909,2.462080671377779,SUCCESS,0.0.731861,0.0.3964804,0.0.4138717@1776725538.412156999
0.0.7164995,46.85696205478861,SUCCESS,0.0.731861,0.0.3964804,0.0.4138717@1776725540.042045324
0.0.10356782,3.409906833236908,SUCCESS,0.0.731861,0.0.3964804,0.0.4138717@1776725539.474424894
0.0.1711144,16.23491467415182,NOT_ASSOCIATED,0.0.731861,0.0.3964804&0.0.3964808,
0.0.10167174,2.067638269950826,SUCCESS,0.0.731861,0.0.3964804,0.0.4138717@1776725536.504746987
0.0.9690555,2.001132408334184,SUCCESS,0.0.731861,0.0.3964804,0.0.4138717@1776725536.954659111
0.0.10085318,25.16684693239508,SUCCESS,0.0.731861,0.0.3964804,0.0.4138717@1776725536.414034918
0.0.4911466,0.0663445500209609,SUCCESS,0.0.731861,0.0.3964804,0.0.4138717@1776725537.003936386
0.0.8629477,11.16244674045577,SUCCESS,0.0.731861,0.0.3964804,0.0.4138717@1776725538.354377944
0.0.10068662,0.3742246005251749,SUCCESS,0.0.731861,0.0.3964804,0.0.4138717@1776725542.586847663
0.0.2123622,1.730483672849689,SUCCESS,0.0.731861,0.0.3964804,0.0.4138717@1776725541.082335936
0.0.6344703,7035.113861640706,SUCCESS,0.0.731861,0.0.3964804&0.0.4129330&0.0.6071041&0.0.6126395&0.0.8315114,0.0.4138717@1776725540.597718646
0.0.1448239,0.6945276977399886,SUCCESS,0.0.731861,0.0.3964804,0.0.4138717@1776725542.454746180
0.0.6232417,0.2534867125355076,SUCCESS,0.0.731861,0.0.3964804,0.0.4138717@1776725544.312938639
0.0.6933072,6.766505437283878,NOT_ASSOCIATED,0.0.731861,0.0.3964804,
0.0.760653,2.540824477975613,SUCCESS,0.0.731861,0.0.3964804,0.0.4138717@1776725541.646793671
0.0.835625,40.09763999383475,SUCCESS,0.0.731861,0.0.3964804&0.0.3964827&0.0.3964837,0.0.4138717@1776725543.529438996
0.0.6674918,0.1941978582806999,SUCCESS,0.0.731861,0.0.3964804,0.0.4138717@1776725543.548674081
0.0.4360598,0.5112909472591605,SUCCESS,0.0.731861,0.0.3964804,0.0.4138717@1776725543.958172074
0.0.6612734,0.1016843450125296,NOT_ASSOCIATED,0.0.731861,0.0.3964804,
0.0.6324031,0.01017036259782617,SUCCESS,0.0.731861,0.0.3964804,0.0.4138717@1776725547.021750150
0.0.827132,1.326953963963533,SUCCESS,0.0.731861,0.0.3964804,0.0.4138717@1776725545.680321737
0.0.4659519,22.00795600707547,SUCCESS,0.0.731861,0.0.3964804,0.0.4138717@1776725544.178152975
0.0.6247418,0.657797335105905,NOT_ASSOCIATED,0.0.731861,0.0.3964804,
0.0.6078189,43.37324768704155,SUCCESS,0.0.731861,0.0.3964804,0.0.4138717@1776725547.241294279
0.0.1233065,4.590785040285343,SUCCESS,0.0.731861,0.0.3964804,0.0.4138717@1776725547.025053121
0.0.4978453,113.0559636771247,SUCCESS,0.0.731861,0.0.3964804,0.0.4138717@1776725547.359508508
0.0.1859919,1.721180743255893,NOT_ASSOCIATED,0.0.731861,0.0.3964804,
0.0.7200618,0.2553079935929443,SUCCESS,0.0.731861,0.0.3964804,0.0.4138717@1776725549.414760770
0.0.3159220,7.374597153312362,SUCCESS,0.0.731861,0.0.3964804,0.0.4138717@1776725546.013393195
0.0.4595460,1.461655577170571,SUCCESS,0.0.731861,0.0.3964804,0.0.4138717@1776725548.017769870
0.0.4899880,0.8892979070774697,SUCCESS,0.0.731861,0.0.3964804,0.0.4138717@1776725547.262189739
0.0.5437974,13.5191812230755,SUCCESS,0.0.731861,0.0.3964804,0.0.4138717@1776725551.685639456
0.0.7610560,2.015504597681365,NOT_ASSOCIATED,0.0.731861,0.0.3964804,
0.0.7638910,0.5998829104284095,SUCCESS,0.0.731861,0.0.3964804,0.0.4138717@1776725551.563759082
0.0.6256886,0.5977004657255812,SUCCESS,0.0.731861,0.0.3964804,0.0.4138717@1776725549.942561859
0.0.831661,34.0257293070719,SUCCESS,0.0.731861,0.0.3964804,0.0.4138717@1776725550.756055241
0.0.2557514,13.208540925475,SUCCESS,0.0.731861,0.0.3964804,0.0.4138717@1776725549.354058617
0.0.4362017,19.30502137994993,SUCCESS,0.0.731861,0.0.3964804,0.0.4138717@1776725549.850295752
0.0.4758052,2.071198256484086,SUCCESS,0.0.731861,0.0.3964804,0.0.4138717@1776725553.076056328
0.0.4640278,1.124356977250674,SUCCESS,0.0.731861,0.0.3964804,0.0.4138717@1776725552.141509914
0.0.1747288,45.19613672704811,SUCCESS,0.0.731861,0.0.3964804,0.0.4138717@1776725550.984367408
0.0.4741573,10.92212064161433,SUCCESS,0.0.731861,0.0.3964804,0.0.4138717@1776725553.012991262
0.0.4923529,0.02145314027813797,NOT_ASSOCIATED,0.0.731861,0.0.3964804,
0.0.4044502,28.3697286853725,SUCCESS,0.0.731861,0.0.3964804,0.0.4138717@1776725557.476035728
0.0.1046906,0.2972323911374299,SUCCESS,0.0.731861,0.0.3964804,0.0.4138717@1776725554.324226704
0.0.3295745,44.69387581810211,SUCCESS,0.0.731861,0.0.3964804,0.0.4138717@1776725558.527804057
0.0.789990,0.8576119818223868,SUCCESS,0.0.731861,0.0.3964804,0.0.4138717@1776725557.640763680
0.0.840487,37.79655328147947,SUCCESS,0.0.731861,0.0.3964804,0.0.4138717@1776725558.440711141
0.0.5314183,4.564484632895185,SUCCESS,0.0.731861,0.0.3964804,0.0.4138717@1776725558.477323044
0.0.435679,4576.235830232975,SUCCESS,0.0.731861,0.0.3964804&0.0.3964808&0.0.3964827&0.0.3964860&0.0.5328590,0.0.4138717@1776725555.423995346
0.0.2302824,0.02900218722852444,SUCCESS,0.0.731861,0.0.3964804,0.0.4138717@1776725556.513032172
0.0.4433604,0.9329849537983989,SUCCESS,0.0.731861,0.0.3964804&0.0.4601632,0.0.4138717@1776725555.662325774
0.0.4345176,1.170213321328189,SUCCESS,0.0.731861,0.0.3964804,0.0.4138717@1776725556.147277272
0.0.5060252,4.095656450861271,SUCCESS,0.0.731861,0.0.3964804&0.0.3964860,0.0.4138717@1776725562.521993578
0.0.4322023,13.44225229332807,SUCCESS,0.0.731861,0.0.3964804&0.0.3964855&0.0.4601632,0.0.4138717@1776725562.166625129
0.0.4785387,92.87415493793496,SUCCESS,0.0.731861,0.0.3964804&0.0.4601632,0.0.4138717@1776725563.530868604
0.0.1388678,59.07827790491478,SUCCESS,0.0.731861,0.0.3964804,0.0.4138717@1776725562.606463599
0.0.848151,4.377755717671421,SUCCESS,0.0.731861,0.0.3964804,0.0.4138717@1776725561.267976319
0.0.6061106,5.333344859618781,NOT_ASSOCIATED,0.0.731861,0.0.3964804,
0.0.846992,14.51188431906042,SUCCESS,0.0.731861,0.0.3964804,0.0.4138717@1776725560.275997285
0.0.4799094,1.271704383582463,SUCCESS,0.0.731861,0.0.3964804,0.0.4138717@1776725562.976752820
0.0.1334605,130.9044217476145,SUCCESS,0.0.731861,0.0.3964804,0.0.4138717@1776725564.404950228
0.0.6058490,0.3812639631143985,SUCCESS,0.0.731861,0.0.3964804,0.0.4138717@1776725561.937620345
0.0.3847179,4.818761420824932,SUCCESS,0.0.731861,0.0.3964804,0.0.4138717@1776725564.157902485
0.0.1467538,6.186383577291871,SUCCESS,0.0.731861,0.0.3964804,0.0.4138717@1776725566.996794120
0.0.8131537,9.077027994055449,SUCCESS,0.0.731861,0.0.3964804,0.0.4138717@1776725566.135071275
0.0.8117500,83.48494744946424,SUCCESS,0.0.731861,0.0.3964804&0.0.3964808,0.0.4138717@1776725566.889323218
0.0.4315395,0.774507856067657,SUCCESS,0.0.731861,0.0.3964804,0.0.4138717@1776725568.293583025
0.0.4388693,2.510222725299925,SUCCESS,0.0.731861,0.0.3964804&0.0.4601632,0.0.4138717@1776725564.396150549
0.0.8083173,3.953066669310435,SUCCESS,0.0.731861,0.0.3964804,0.0.4138717@1776725565.849303603
0.0.981571,0.6759116517674512,SUCCESS,0.0.731861,0.0.3964804,0.0.4138717@1776725566.376378432
0.0.8076778,0.01349793474679526,SUCCESS,0.0.731861,0.0.3964804,0.0.4138717@1776725565.782518893
0.0.7583284,1.794626095132956,SUCCESS,0.0.731861,0.0.3964804,0.0.4138717@1776725570.257255339
0.0.1673276,19.25342778370757,SUCCESS,0.0.731861,0.0.3964804,0.0.4138717@1776725570.427590849
0.0.4804985,1.409521917782006,SUCCESS,0.0.731861,0.0.3964804,0.0.4138717@1776725569.173115502
0.0.4343570,2.725456368980491,SUCCESS,0.0.731861,0.0.3964804,0.0.4138717@1776725571.582162905
0.0.7732676,735.9661691319383,SUCCESS,0.0.731861,0.0.3964804,0.0.4138717@1776725570.046922121
0.0.2891280,6.096028436231599,NOT_ASSOCIATED,0.0.731861,0.0.3964804,
0.0.7916029,238.2827417801911,SUCCESS,0.0.731861,0.0.3964804&0.0.3964840,0.0.4138717@1776725573.745067560
0.0.1754370,0.3205818557205136,SUCCESS,0.0.731861,0.0.3964804,0.0.4138717@1776725572.859699660
0.0.1404010,0.04433894958380138,NOT_ASSOCIATED,0.0.731861,0.0.3964804,
0.0.1369825,824.617180563159,SUCCESS,0.0.731861,0.0.3964804&0.0.3964827&0.0.4601632&0.0.6071041&0.0.6126395,0.0.4138717@1776725570.117474580
0.0.8209705,0.9382936636190168,SUCCESS,0.0.731861,0.0.3964804,0.0.4138717@1776725570.376392328
0.0.7166497,0.5429077610612661,SUCCESS,0.0.731861,0.0.3964804,0.0.4138717@1776725571.722600487
0.0.8002341,1.989053828934723,SUCCESS,0.0.731861,0.0.3964804,0.0.4138717@1776725574.722123040
0.0.7938061,0.4459521776502032,SUCCESS,0.0.731861,0.0.3964804,0.0.4138717@1776725573.010607699
0.0.3241611,3.263324482778494,SUCCESS,0.0.731861,0.0.3964804,0.0.4138717@1776725571.927060864
0.0.8227507,3.899245423471339,SUCCESS,0.0.731861,0.0.3964804,0.0.4138717@1776725572.464192222
0.0.4861986,1.156660033787507,SUCCESS,0.0.731861,0.0.3964804,0.0.4138717@1776725575.921857808
0.0.2116216,25.72213660611917,SUCCESS,0.0.731861,0.0.3964804,0.0.4138717@1776725577.758163080
0.0.7965335,15.0214040051154,NOT_ASSOCIATED,0.0.731861,0.0.3964804,
0.0.6294131,0.0002125780077129374,SUCCESS,0.0.731861,0.0.3964804,0.0.4138717@1776725577.920757269
0.0.844131,2.428549596799998,SUCCESS,0.0.731861,0.0.3964804,0.0.4138717@1776725574.147524237
0.0.7924085,0.1498309304829535,SUCCESS,0.0.731861,0.0.3964804,0.0.4138717@1776725579.110790598
0.0.7732467,6.278272913970985,SUCCESS,0.0.731861,0.0.3964804&0.0.3964827,0.0.4138717@1776725575.975695930
0.0.1021958,38.52218219555113,SUCCESS,0.0.731861,0.0.3964804,0.0.4138717@1776725577.558961800
0.0.4504544,74.5577410608826,SUCCESS,0.0.731861,0.0.3964804,0.0.4138717@1776725579.432865177
0.0.791414,3.005126109358875,SUCCESS,0.0.731861,0.0.3964804,0.0.4138717@1776725577.367885575
0.0.7798912,19.52895586086018,SUCCESS,0.0.731861,0.0.3964804,0.0.4138717@1776725578.997832769
0.0.1337171,167.610148300404,SUCCESS,0.0.731861,0.0.3964804&0.0.3964827&0.0.3964860&0.0.6071911,0.0.4138717@1776725579.017304299
0.0.7776311,379.2547846458012,SUCCESS,0.0.731861,0.0.3964804,0.0.4138717@1776725580.348756617
0.0.2004450,1.435167350411417,SUCCESS,0.0.731861,0.0.3964804,0.0.4138717@1776725578.957380324
0.0.1746011,14.39408772376862,SUCCESS,0.0.731861,0.0.3964804,0.0.4138717@1776725581.003604409
0.0.4135513,12.99138019503452,SUCCESS,0.0.731861,0.0.3964804,0.0.4138717@1776725579.556021785
0.0.1463093,12.74272612976617,SUCCESS,0.0.731861,0.0.3964804,0.0.4138717@1776725583.543320420
0.0.811739,98.55286646332416,SUCCESS,0.0.731861,0.0.3964804&0.0.5328590,0.0.4138717@1776725579.901967872
0.0.887612,17.5375056033395,SUCCESS,0.0.731861,0.0.3964804,0.0.4138717@1776725582.549811335
0.0.4566469,21.31047882330038,SUCCESS,0.0.731861,0.0.3964804,0.0.4138717@1776725581.149628056
0.0.3916542,0.3293384040677053,SUCCESS,0.0.731861,0.0.3964804&0.0.3964827,0.0.4138717@1776725584.690073488
0.0.1486421,15.16347304005828,SUCCESS,0.0.731861,0.0.3964804,0.0.4138717@1776725583.068570772
0.0.6343911,30.00496887099653,SUCCESS,0.0.731861,0.0.3964804,0.0.4138717@1776725587.641592229
0.0.5112630,7.22619385809499,SUCCESS,0.0.731861,0.0.3964804,0.0.4138717@1776725585.508677077
0.0.931327,595.1047856490082,SUCCESS,0.0.731861,0.0.3964804,0.0.4138717@1776725584.420441626
0.0.710849,0.1458343817391096,SUCCESS,0.0.731861,0.0.3964804,0.0.4138717@1776725585.014783482
0.0.7965412,0.02645795247808217,NOT_ASSOCIATED,0.0.731861,0.0.3964804,
0.0.3384906,37.11518671299332,SUCCESS,0.0.731861,0.0.3964804,0.0.4138717@1776725587.717056709
0.0.7961490,1.433355945050486,NOT_ASSOCIATED,0.0.731861,0.0.3964804,
0.0.7703838,0.0747465599522995,SUCCESS,0.0.731861,0.0.3964804,0.0.4138717@1776725586.187559908
0.0.1313215,0.1205976882783365,SUCCESS,0.0.731861,0.0.3964804,0.0.4138717@1776725588.437544782
0.0.1261132,4.061325124538326,SUCCESS,0.0.731861,0.0.3964804,0.0.4138717@1776725586.465042743
0.0.7937765,7.874380522459178,NOT_ASSOCIATED,0.0.731861,0.0.3964804,
0.0.4765612,21321.23433637445,SUCCESS,0.0.731861,0.0.3964804&0.0.3964808&0.0.3964821&0.0.3964825&0.0.5328590,0.0.4138717@1776725589.295592375
0.0.3240624,0.01916665689891669,SUCCESS,0.0.731861,0.0.3964804,0.0.4138717@1776725588.365176192
0.0.4312267,65.99545836954591,SUCCESS,0.0.731861,0.0.3964804,0.0.4138717@1776725588.501669060
0.0.4883729,2.94422863915566,SUCCESS,0.0.731861,0.0.3964804,0.0.4138717@1776725588.461054296
0.0.9201440,0.5551893074651693,SUCCESS,0.0.731861,0.0.3964804,0.0.4138717@1776725590.284511188
0.0.2149252,0.000853623845719839,SUCCESS,0.0.731861,0.0.3964804,0.0.4138717@1776725591.901231464
0.0.9150672,0.2263637675059344,SUCCESS,0.0.731861,0.0.3964804,0.0.4138717@1776725592.869600288
0.0.9144684,1.125182946194735,SUCCESS,0.0.731861,0.0.3964804,0.0.4138717@1776725592.757182230
0.0.6094118,0.1526290795036671,SUCCESS,0.0.731861,0.0.3964804,0.0.4138717@1776725592.090040761
0.0.4310363,47.66347085202357,SUCCESS,0.0.731861,0.0.3964804&0.0.3964860,0.0.4138717@1776725591.620179042
0.0.7993090,64.8039191613056,SUCCESS,0.0.731861,0.0.3964804,0.0.4138717@1776725591.263072345
0.0.4795853,2.729434178729703,SUCCESS,0.0.731861,0.0.3964804,0.0.4138717@1776725594.692395935
0.0.9149385,0.8498765529158273,SUCCESS,0.0.731861,0.0.3964804,0.0.4138717@1776725596.158633097
0.0.5580759,0.3567323759078126,SUCCESS,0.0.731861,0.0.3964804,0.0.4138717@1776725594.216058740
0.0.9104016,48.52229724528996,SUCCESS,0.0.731861,0.0.3964804&0.0.3964860&0.0.5328590,0.0.4138717@1776725594.413340653
0.0.966444,27.13991054976968,SUCCESS,0.0.731861,0.0.3964804,0.0.4138717@1776725594.260793263
0.0.9464371,644.6309612517913,SUCCESS,0.0.731861,0.0.3964804,0.0.4138717@1776725595.674157337
0.0.9477910,46.83584575192583,SUCCESS,0.0.731861,0.0.3964804,0.0.4138717@1776725596.426593957
0.0.1736150,190.6560211323892,SUCCESS,0.0.731861,0.0.3964804&0.0.3964808,0.0.4138717@1776725598.319615898
0.0.915984,196.1143006480665,SUCCESS,0.0.731861,0.0.3964804,0.0.4138717@1776725594.760705316
0.0.9404882,3.378294503272162,SUCCESS,0.0.731861,0.0.3964804,0.0.4138717@1776725595.969249260
0.0.9178066,305.052486492139,SUCCESS,0.0.731861,0.0.3964804,0.0.4138717@1776725599.198583465
0.0.8041705,0.4184418354142937,SUCCESS,0.0.731861,0.0.3964804,0.0.4138717@1776725596.578610589
0.0.1479857,14.9048938610934,SUCCESS,0.0.731861,0.0.3964804,0.0.4138717@1776725596.166832614
0.0.2017766,10.58897582684712,SUCCESS,0.0.731861,0.0.3964804,0.0.4138717@1776725599.775034827
0.0.6295630,0.3964552432345725,NOT_ASSOCIATED,0.0.731861,0.0.3964804,
0.0.3681629,43.81103123119141,SUCCESS,0.0.731861,0.0.3964804,0.0.4138717@1776725601.483061976
0.0.853379,162.2936068163264,SUCCESS,0.0.731861,0.0.3964804,0.0.4138717@1776725599.462417461
0.0.9272301,6.45303730326651,NOT_ASSOCIATED,0.0.731861,0.0.3964804,
0.0.9273859,0.5072091064193417,SUCCESS,0.0.731861,0.0.3964804,0.0.4138717@1776725601.325512118
0.0.8057884,31.85877279239146,SUCCESS,0.0.731861,0.0.3964804,0.0.4138717@1776725601.945210328
0.0.8382708,0.1188903289772282,SUCCESS,0.0.731861,0.0.3964804,0.0.4138717@1776725604.146602181
0.0.7550116,0.8127009067913645,NOT_ASSOCIATED,0.0.731861,0.0.3964804,
0.0.4838474,41.92573325643637,SUCCESS,0.0.731861,0.0.3964804&0.0.5328590,0.0.4138717@1776725601.249604983
0.0.4319619,1.319767386984698,SUCCESS,0.0.731861,0.0.3964804,0.0.4138717@1776725604.863993470
0.0.8120693,15.12776783926343,SUCCESS,0.0.731861,0.0.3964804,0.0.4138717@1776725603.644007403
0.0.6469391,63.04561632100858,SUCCESS,0.0.731861,0.0.3964804&0.0.3964837,0.0.4138717@1776725602.295354087
0.0.658160,0.1628138316924606,SUCCESS,0.0.731861,0.0.3964804&0.0.8315114,0.0.4138717@1776725602.272972389
0.0.7920282,0.0641057080225875,SUCCESS,0.0.731861,0.0.3964804,0.0.4138717@1776725605.222790632
0.0.4743054,0.04559256953036238,SUCCESS,0.0.731861,0.0.3964804&0.0.8315114,0.0.4138717@1776725605.207696660
0.0.7285744,0.1702801134786828,SUCCESS,0.0.731861,0.0.3964804,0.0.4138717@1776725608.381780044
0.0.6148704,0.6643327235190869,NOT_ASSOCIATED,0.0.731861,0.0.3964804,
0.0.7816479,24.05743900503654,SUCCESS,0.0.731861,0.0.3964804&0.0.8315114,0.0.4138717@1776725604.765217854
0.0.8514597,55.34101327035096,SUCCESS,0.0.731861,0.0.3964804,0.0.4138717@1776725605.123389063
0.0.8903303,9.06581551866942,FAIL,0.0.731861,0.0.3964804,
0.0.3288501,1.086346708350605,SUCCESS,0.0.731861,0.0.3964804,0.0.4138717@1776725606.475959778
0.0.4724806,91.94338667620276,SUCCESS,0.0.731861,0.0.3964804&0.0.5328590,0.0.4138717@1776725608.406995163
0.0.8717466,0.01344479673862048,SUCCESS,0.0.731861,0.0.3964804,0.0.4138717@1776725609.131838751
0.0.1056579,46.52226687076028,SUCCESS,0.0.731861,0.0.3964804,0.0.4138717@1776725609.014625418
0.0.2185671,0.6975000511265943,SUCCESS,0.0.731861,0.0.3964804,0.0.4138717@1776725608.542183165
0.0.6045318,2.913091560390025,SUCCESS,0.0.731861,0.0.3964804,0.0.4138717@1776725607.989200125
0.0.2657839,53.07807487524406,SUCCESS,0.0.731861,0.0.3964804,0.0.4138717@1776725612.007883455
0.0.5719491,0.5389659532551146,SUCCESS,0.0.731861,0.0.3964804,0.0.4138717@1776725612.192360551
0.0.1681033,2.452053003402317,SUCCESS,0.0.731861,0.0.3964804,0.0.4138717@1776725613.616520643
0.0.8551680,1324.55311682607,SUCCESS,0.0.731861,0.0.3964804&0.0.5328590,0.0.4138717@1776725609.280910185
0.0.840324,28.73461030623049,SUCCESS,0.0.731861,0.0.3964804,0.0.4138717@1776725612.149046839
0.0.919311,1228.078882974505,NOT_ASSOCIATED,0.0.731861,0.0.3964804,
0.0.7920736,31.91987411741629,SUCCESS,0.0.731861,0.0.3964804,0.0.4138717@1776725610.784868904
0.0.9360820,310.8587647943707,SUCCESS,0.0.731861,0.0.3964804,0.0.4138717@1776725612.785929276
0.0.4552309,0.05488324362831255,NOT_ASSOCIATED,0.0.731861,0.0.3964804,
0.0.4552382,0.05488012541860199,NOT_ASSOCIATED,0.0.731861,0.0.3964804,
0.0.1082201,148.387110659867,SUCCESS,0.0.731861,0.0.3964804,0.0.4138717@1776725611.334276719
0.0.4571567,10.42126940515421,SUCCESS,0.0.731861,0.0.3964804,0.0.4138717@1776725614.957955182
0.0.1024843,0.0002470674569075367,SUCCESS,0.0.731861,0.0.3964804&0.0.3964855&0.0.3964860,0.0.4138717@1776725615.420620727
0.0.4573495,36490.63249708121,SUCCESS,0.0.731861,0.0.3964804&0.0.3964860,0.0.4138717@1776725614.372055695
0.0.1105845,12.06528877257812,SUCCESS,0.0.731861,0.0.3964804,0.0.4138717@1776725615.060840969
0.0.10062632,0.1350894666072881,SUCCESS,0.0.731861,0.0.3964804&0.0.8315114&0.0.10092996&0.0.10414792,0.0.4138717@1776725616.565336894
0.0.4552348,0.05835993525683034,NOT_ASSOCIATED,0.0.731861,0.0.3964804,
0.0.10251800,0.01132131267365588,NOT_ASSOCIATED,0.0.731861,0.0.3964804,
0.0.1365779,4.719125690828468,SUCCESS,0.0.731861,0.0.3964804,0.0.4138717@1776725616.935475130
0.0.1729400,8.435065074613886,SUCCESS,0.0.731861,0.0.3964804,0.0.4138717@1776725616.849912363
0.0.4499088,0.8492039974803597,NOT_ASSOCIATED,0.0.731861,0.0.3964804,
0.0.9273022,0.005620549672027151,SUCCESS,0.0.731861,0.0.3964804,0.0.4138717@1776725618.819478024
0.0.1696471,90.78782245038946,SUCCESS,0.0.731861,0.0.3964804,0.0.4138717@1776725619.263773950
0.0.3450,1.110137984416752,SUCCESS,0.0.731861,0.0.3964804,0.0.4138717@1776725618.498201286
0.0.4814986,0.1076302722056495,SUCCESS,0.0.731861,0.0.3964804,0.0.4138717@1776725617.971391413
0.0.638522,152.5912215223959,SUCCESS,0.0.731861,0.0.3964804,0.0.4138717@1776725615.974046932
0.0.857763,7.950208407802869,SUCCESS,0.0.731861,0.0.3964804,0.0.4138717@1776725620.875000881
0.0.937712,95.69787665963474,SUCCESS,0.0.731861,0.0.3964804,0.0.4138717@1776725619.624519868
0.0.955353,0.7782292839080592,NOT_ASSOCIATED,0.0.731861,0.0.3964804,
0.0.4762160,85.25626418309915,SUCCESS,0.0.731861,0.0.3964804,0.0.4138717@1776725621.810012440
0.0.9251120,23.57679004258572,SUCCESS,0.0.731861,0.0.3964804,0.0.4138717@1776725619.750474856
0.0.683815,0.2732264483750935,SUCCESS,0.0.731861,0.0.3964804,0.0.4138717@1776725619.038616081
0.0.1052080,4.837151674805094,SUCCESS,0.0.731861,0.0.3964804,0.0.4138717@1776725622.543722453
0.0.4712922,0.3302327924686832,SUCCESS,0.0.731861,0.0.3964804,0.0.4138717@1776725622.330213347
0.0.4140342,1.732321723415281,SUCCESS,0.0.731861,0.0.3964804&0.0.3964827,0.0.4138717@1776725622.412012923
0.0.4576074,1.757046504568316,SUCCESS,0.0.731861,0.0.3964804,0.0.4138717@1776725622.276337818
0.0.4558719,0.06422469697646221,NOT_ASSOCIATED,0.0.731861,0.0.3964804,
0.0.9477942,0.2611830311356481,NOT_ASSOCIATED,0.0.731861,0.0.3964804,
0.0.2963879,28.59194503964804,NOT_ASSOCIATED,0.0.731861,0.0.3964804,
0.0.1745725,23.14561618739232,SUCCESS,0.0.731861,0.0.3964804,0.0.4138717@1776725625.987801341
0.0.4873525,0.8945288371226202,SUCCESS,0.0.731861,0.0.3964804,0.0.4138717@1776725626.053557437
0.0.10004246,8.25190563824654,NOT_ASSOCIATED,0.0.731861,0.0.3964804,
0.0.9401320,52.52323417039192,SUCCESS,0.0.731861,0.0.3964804,0.0.4138717@1776725626.121130162
0.0.5922808,0.5393883382989142,SUCCESS,0.0.731861,0.0.3964804,0.0.4138717@1776725626.106807646
0.0.751161,28.67658831760443,SUCCESS,0.0.731861,0.0.3964804,0.0.4138717@1776725623.776679683
0.0.9973346,0.05985081482761455,NOT_ASSOCIATED,0.0.731861,0.0.3964804,
0.0.9150527,93.86150037519933,SUCCESS,0.0.731861,0.0.3964804&0.0.3964860&0.0.5328590,0.0.4138717@1776725627.623612167
0.0.871471,47.98274888913694,SUCCESS,0.0.731861,0.0.3964804,0.0.4138717@1776725629.228902472
0.0.7983506,0.0005729083393227832,NOT_ASSOCIATED,0.0.731861,0.0.3964804,
0.0.6320740,442.1730102331472,SUCCESS,0.0.731861,0.0.3964804&0.0.4601632&0.0.5328590&0.0.6071074,0.0.4138717@1776725627.357716437
0.0.9687167,9.674186527510603,SUCCESS,0.0.731861,0.0.3964804&0.0.5328590,0.0.4138717@1776725628.344633443
0.0.9729389,2.036696209135393,NOT_ASSOCIATED,0.0.731861,0.0.3964804,
0.0.10093024,4.204625418839878,SUCCESS,0.0.731861,0.0.3964804,0.0.4138717@1776725629.356885132
0.0.10219431,25.39248335968648,NOT_ASSOCIATED,0.0.731861,0.0.3964804,
0.0.9509413,0.5631327213314772,NOT_ASSOCIATED,0.0.731861,0.0.3964804,
0.0.10157649,86.63936069350613,NOT_ASSOCIATED,0.0.731861,0.0.3964804,
0.0.10014449,0.7189142217866962,SUCCESS,0.0.731861,0.0.3964804,0.0.4138717@1776725628.390819042
0.0.4749526,535.8893848966429,NOT_ASSOCIATED,0.0.731861,0.0.3964804,
0.0.10018534,48.72648531487188,SUCCESS,0.0.731861,0.0.3964804,0.0.4138717@1776725630.138450637
0.0.1704489,0.005289363897563216,NOT_ASSOCIATED,0.0.731861,0.0.3964804,
0.0.9584885,0.7202003619607379,SUCCESS,0.0.731861,0.0.3964804&0.0.5328590,0.0.4138717@1776725631.996892405
0.0.5060673,1.322413839530318,SUCCESS,0.0.731861,0.0.3964804,0.0.4138717@1776725632.808334595
0.0.816698,140.1733322846108,SUCCESS,0.0.731861,0.0.3964804,0.0.4138717@1776725631.191235344
0.0.820706,73.12637707691383,SUCCESS,0.0.731861,0.0.3964804,0.0.4138717@1776725633.005284665
0.0.4372819,0.288116829698971,SUCCESS,0.0.731861,0.0.3964804,0.0.4138717@1776725634.199513979
0.0.10072624,0.5802386099438347,SUCCESS,0.0.731861,0.0.3964804,0.0.4138717@1776725632.446577469
0.0.1459068,0.6442097631087141,SUCCESS,0.0.731861,0.0.3964804,0.0.4138717@1776725632.353873615
0.0.9640903,46.22982194420839,SUCCESS,0.0.731861,0.0.3964804&0.0.3964834&0.0.4601632,0.0.4138717@1776725634.954909827
0.0.9317965,6.373999347024912,SUCCESS,0.0.731861,0.0.3964804,0.0.4138717@1776725635.342031720
0.0.9707531,7985.142858166079,NOT_ASSOCIATED,0.0.731861,0.0.3964804,
0.0.9707528,2959.172666335001,NOT_ASSOCIATED,0.0.731861,0.0.3964804,
0.0.9640625,0.08770796533622355,SUCCESS,0.0.731861,0.0.3964804,0.0.4138717@1776725634.308351325
0.0.9275976,91.2444099348933,SUCCESS,0.0.731861,0.0.3964804,0.0.4138717@1776725635.404553358
0.0.9425366,114.9638881949505,SUCCESS,0.0.731861,0.0.3964804,0.0.4138717@1776725637.302601575
0.0.9208631,29.34655888493088,SUCCESS,0.0.731861,0.0.3964804,0.0.4138717@1776725637.784083427
0.0.1703381,8.270823763476571,SUCCESS,0.0.731861,0.0.3964804,0.0.4138717@1776725635.826827815
0.0.9774219,0.02981292297498723,SUCCESS,0.0.731861,0.0.3964804,0.0.4138717@1776725637.490577453
0.0.9301506,0.06184044039165242,SUCCESS,0.0.731861,0.0.3964804,0.0.4138717@1776725635.852661833
0.0.9144627,522.9117097741929,SUCCESS,0.0.731861,0.0.3964804&0.0.4601632,0.0.4138717@1776725637.554376825
0.0.9177203,0.0297099047550936,SUCCESS,0.0.731861,0.0.3964804,0.0.4138717@1776725640.962737279
0.0.8188301,2.858901058867237,SUCCESS,0.0.731861,0.0.3964804,0.0.4138717@1776725640.078552604
0.0.8108637,0.001133343649314204,SUCCESS,0.0.731861,0.0.3964804&0.0.8315114,0.0.4138717@1776725643.647651567
0.0.10025532,0.009247401734290322,SUCCESS,0.0.731861,0.0.3964804,0.0.4138717@1776725643.214456108
0.0.10190094,1981.603389433479,SUCCESS,0.0.731861,0.0.3964804,0.0.4138717@1776725639.478302603
0.0.10164472,5716.085310652238,SUCCESS,0.0.731861,0.0.3964804,0.0.4138717@1776725643.178252503
0.0.10133721,102.7419394965452,SUCCESS,0.0.731861,0.0.3964804,0.0.4138717@1776725643.037328740
0.0.10115705,0.003977202324477544,SUCCESS,0.0.731861,0.0.3964804,0.0.4138717@1776725645.014912348
0.0.10007904,0.01024274685403994,SUCCESS,0.0.731861,0.0.3964804,0.0.4138717@1776725642.919127525
0.0.1365923,0.09629939596178984,SUCCESS,0.0.731861,0.0.3964804,0.0.4138717@1776725644.074470537
0.0.10048918,323.0035682198867,SUCCESS,0.0.731861,0.0.3964804&0.0.3964840,0.0.4138717@1776725642.521343983
0.0.9593512,0.0204584111408644,SUCCESS,0.0.731861,0.0.3964804,0.0.4138717@1776725646.449897641
0.0.8868403,0.2816741481053827,SUCCESS,0.0.731861,0.0.3964804,0.0.4138717@1776725646.663086411
0.0.10044419,6.625649369440849,SUCCESS,0.0.731861,0.0.3964804,0.0.4138717@1776725644.891014163
0.0.10035663,2.88373812663922,SUCCESS,0.0.731861,0.0.3964804,0.0.4138717@1776725648.009496755
0.0.9812108,4.248539278387781,SUCCESS,0.0.731861,0.0.3964804,0.0.4138717@1776725646.456517279
0.0.1400807,4.675722355005238,SUCCESS,0.0.731861,0.0.3964804,0.0.4138717@1776725645.088774081
0.0.9728042,644.5773614088841,SUCCESS,0.0.731861,0.0.3964804,0.0.4138717@1776725649.670344096
0.0.8414341,16.35899127185555,SUCCESS,0.0.731861,0.0.3964804,0.0.4138717@1776725649.624831269
0.0.1412348,387.0362233449376,SUCCESS,0.0.731861,0.0.3964804,0.0.4138717@1776725650.485149580
0.0.1114728,0.04804464338348524,SUCCESS,0.0.731861,0.0.3964804,0.0.4138717@1776725650.478214931
0.0.7931472,1.105257703013026,SUCCESS,0.0.731861,0.0.3964804,0.0.4138717@1776725651.417762945
0.0.8002619,1.735193433440575,SUCCESS,0.0.731861,0.0.3964804,0.0.4138717@1776725647.970105152
0.0.7809201,0.0005241771299201805,SUCCESS,0.0.731861,0.0.3964804,0.0.4138717@1776725649.879706988
0.0.7098838,3.936573906205894,SUCCESS,0.0.731861,0.0.3964804,0.0.4138717@1776725652.143050606
0.0.590682,0.1607334826115978,SUCCESS,0.0.731861,0.0.3964804,0.0.4138717@1776725649.803486477
0.0.4914022,10.21823954087497,SUCCESS,0.0.731861,0.0.3964804,0.0.4138717@1776725651.822124290
0.0.7313800,1694.938490770282,SUCCESS,0.0.731861,0.0.3964804&0.0.3964840,0.0.4138717@1776725654.032393909
0.0.8068660,0.04183260354158681,SUCCESS,0.0.731861,0.0.3964804,0.0.4138717@1776725651.622111203
0.0.7142968,8.071829455860689,SUCCESS,0.0.731861,0.0.3964804,0.0.4138717@1776725652.691619581
0.0.5957081,2.528810717625106,SUCCESS,0.0.731861,0.0.3964804,0.0.4138717@1776725654.843671666
0.0.4561752,0.5533975158766407,SUCCESS,0.0.731861,0.0.3964804&0.0.6071041,0.0.4138717@1776725653.984709243
0.0.6334018,4.861897130876254,SUCCESS,0.0.731861,0.0.3964804,0.0.4138717@1776725655.754138541
0.0.5804427,12.99243735524076,SUCCESS,0.0.731861,0.0.3964804&0.0.4601632,0.0.4138717@1776725657.287745375
0.0.1956746,0.2687313321149868,SUCCESS,0.0.731861,0.0.3964804,0.0.4138717@1776725655.004219646
0.0.6181303,90.21691736117106,SUCCESS,0.0.731861,0.0.3964804,0.0.4138717@1776725654.473040994
0.0.8304314,0.4254920519303405,SUCCESS,0.0.731861,0.0.3964804,0.0.4138717@1776725655.123607178
0.0.9034617,0.4407632683044146,SUCCESS,0.0.731861,0.0.3964804,0.0.4138717@1776725655.931833979
0.0.8673292,133.2521284537025,SUCCESS,0.0.731861,0.0.3964804,0.0.4138717@1776725660.401413393
0.0.8602366,8.682733028204344,SUCCESS,0.0.731861,0.0.3964804,0.0.4138717@1776725655.822802835
0.0.8241599,10.87563352137264,SUCCESS,0.0.731861,0.0.3964804,0.0.4138717@1776725660.698908680
0.0.8548028,0.002058901130052713,SUCCESS,0.0.731861,0.0.3964804,0.0.4138717@1776725661.527355583
0.0.8538714,3.427818902195093,SUCCESS,0.0.731861,0.0.3964804,0.0.4138717@1776725662.782613351
0.0.9720442,0.9960093598339744,NOT_ASSOCIATED,0.0.731861,0.0.3964804,
0.0.8152447,4.20664568302358,SUCCESS,0.0.731861,0.0.3964804,0.0.4138717@1776725659.099839704
0.0.8146497,13.09526206881834,SUCCESS,0.0.731861,0.0.3964804&0.0.5328590,0.0.4138717@1776725659.828405232
0.0.847880,115.2438936726521,SUCCESS,0.0.731861,0.0.3964804,0.0.4138717@1776725662.637229432
0.0.8115823,0.6558975377598466,SUCCESS,0.0.731861,0.0.3964804,0.0.4138717@1776725663.263685450
0.0.8104363,1739.900432641302,SUCCESS,0.0.731861,0.0.3964804,0.0.4138717@1776725662.107157496
0.0.8175769,1.049712808178839,SUCCESS,0.0.731861,0.0.3964804,0.0.4138717@1776725664.280213295
0.0.7049977,0.1210294958923968,NOT_ASSOCIATED,0.0.731861,0.0.3964804,
0.0.4867972,0.4816974546329285,SUCCESS,0.0.731861,0.0.3964804,0.0.4138717@1776725661.660704562
0.0.8209324,8.222400499315727,SUCCESS,0.0.731861,0.0.3964804,0.0.4138717@1776725664.215218747
0.0.7997139,1.55915504008907,SUCCESS,0.0.731861,0.0.3964804,0.0.4138717@1776725665.754047191
0.0.5761971,0.002272433205943508,SUCCESS,0.0.731861,0.0.3964804,0.0.4138717@1776725665.435393601
0.0.1906790,0.1652131538978082,SUCCESS,0.0.731861,0.0.3964804,0.0.4138717@1776725665.145967023
0.0.8178093,1.304563466033358,NOT_ASSOCIATED,0.0.731861,0.0.3964804,
0.0.3273594,35.47764591779352,SUCCESS,0.0.731861,0.0.3964804,0.0.4138717@1776725668.249310288
0.0.2025203,1.20706337006883,SUCCESS,0.0.731861,0.0.3964804,0.0.4138717@1776725665.963736660
0.0.8173226,61.97116370205756,SUCCESS,0.0.731861,0.0.3964804,0.0.4138717@1776725665.848625854
0.0.8142528,0.3663780204475196,NOT_ASSOCIATED,0.0.731861,0.0.3964804,
0.0.3828375,258.8056755472792,SUCCESS,0.0.731861,0.0.3964804,0.0.4138717@1776725668.054483483
0.0.833836,31.75781730576153,SUCCESS,0.0.731861,0.0.3964804,0.0.4138717@1776725667.518896938
0.0.5007636,1.306893807798202,NOT_ASSOCIATED,0.0.731861,0.0.3964804,
0.0.4746343,0.02358725461051164,SUCCESS,0.0.731861,0.0.3964804,0.0.4138717@1776725668.626225062
0.0.7913251,0.9130329964555728,SUCCESS,0.0.731861,0.0.3964804,0.0.4138717@1776725670.380226488
0.0.8357708,243.9340985840641,SUCCESS,0.0.731861,0.0.3964804,0.0.4138717@1776725667.933986404
0.0.8198608,5.850102017907886,SUCCESS,0.0.731861,0.0.3964804,0.0.4138717@1776725669.143759667
0.0.8385016,4.784248002839675,SUCCESS,0.0.731861,0.0.3964804,0.0.4138717@1776725672.669381353
0.0.8414409,0.2337771115585269,SUCCESS,0.0.731861,0.0.3964804,0.0.4138717@1776725673.473916935
0.0.1714233,4.18363068325485,SUCCESS,0.0.731861,0.0.3964804,0.0.4138717@1776725674.613786829
0.0.3077609,37.91537953306629,SUCCESS,0.0.731861,0.0.3964804,0.0.4138717@1776725673.566567491
0.0.8357089,9.222340009246262,NOT_ASSOCIATED,0.0.731861,0.0.3964804,
0.0.8042105,1.522007978274066,NOT_ASSOCIATED,0.0.731861,0.0.3964804,
0.0.8346544,43.91999257014124,NOT_ASSOCIATED,0.0.731861,0.0.3964804,
0.0.8323906,245.9640043239581,NOT_ASSOCIATED,0.0.731861,0.0.3964804,
0.0.8156060,1.539803686705033,SUCCESS,0.0.731861,0.0.3964804,0.0.4138717@1776725671.568820737
0.0.8306798,55.21016640456776,SUCCESS,0.0.731861,0.0.3964804&0.0.3964808&0.0.3964827&0.0.5328590,0.0.4138717@1776725672.435144757
0.0.8298814,24.3825135738464,SUCCESS,0.0.731861,0.0.3964804,0.0.4138717@1776725671.204991174
0.0.7964752,0.06041759810988673,SUCCESS,0.0.731861,0.0.3964804,0.0.4138717@1776725673.682528050
0.0.7791729,0.0129323070633864,NOT_ASSOCIATED,0.0.731861,0.0.3964804,
0.0.5905014,5.183400568838805,SUCCESS,0.0.731861,0.0.3964804,0.0.4138717@1776725671.944971045
0.0.5042398,22.40328008579275,SUCCESS,0.0.731861,0.0.3964804,0.0.4138717@1776725675.528030414
0.0.7631749,0.02946265750158806,SUCCESS,0.0.731861,0.0.3964804,0.0.4138717@1776725674.944940137
0.0.7861872,0.03294966184793661,NOT_ASSOCIATED,0.0.731861,0.0.3964804,
0.0.7835479,0.3467026364752372,SUCCESS,0.0.731861,0.0.3964804&0.0.3964827,0.0.4138717@1776725675.800274096
0.0.7570262,1.069571653633403,SUCCESS,0.0.731861,0.0.3964804,0.0.4138717@1776725678.774275290
0.0.7421912,0.58730408380839,SUCCESS,0.0.731861,0.0.3964804,0.0.4138717@1776725675.400382043
0.0.3947850,0.063396611404739,SUCCESS,0.0.731861,0.0.3964804&0.0.5328590,0.0.4138717@1776725678.701271483
0.0.5739319,13.08268771818064,SUCCESS,0.0.731861,0.0.3964804,0.0.4138717@1776725679.092996089
0.0.7777028,8.492349573035044,NOT_ASSOCIATED,0.0.731861,0.0.3964804,
0.0.4752954,3.558893843622118,SUCCESS,0.0.731861,0.0.3964804,0.0.4138717@1776725677.913199018
0.0.3912896,2.518973047360369,SUCCESS,0.0.731861,0.0.3964804,0.0.4138717@1776725679.139652474
0.0.7974195,544.1225230166233,SUCCESS,0.0.731861,0.0.3964804,0.0.4138717@1776725679.719597519
0.0.2477582,4.358501523383676,NOT_ASSOCIATED,0.0.731861,0.0.3964804,
0.0.8059253,7.270207092400664,SUCCESS,0.0.731861,0.0.3964804,0.0.4138717@1776725678.693214267
0.0.1092596,33.59429963934166,SUCCESS,0.0.731861,0.0.3964804&0.0.3964837&0.0.3964860&0.0.4601632,0.0.4138717@1776725681.777270757
0.0.2006292,0.775116389964416,SUCCESS,0.0.731861,0.0.3964804,0.0.4138717@1776725681.493337361
0.0.7912110,0.004399405566901828,NOT_ASSOCIATED,0.0.731861,0.0.3964804,
0.0.8056304,7.425437707748,NOT_ASSOCIATED,0.0.731861,0.0.3964804,
0.0.5524338,0.7105902877740035,SUCCESS,0.0.731861,0.0.3964804,0.0.4138717@1776725679.636579850
0.0.7746903,1.101666506419227,SUCCESS,0.0.731861,0.0.3964804,0.0.4138717@1776725678.709514621
0.0.8032303,0.7623780323779779,SUCCESS,0.0.731861,0.0.3964804,0.0.4138717@1776725681.111799560
0.0.7965413,0.01299964901828734,NOT_ASSOCIATED,0.0.731861,0.0.3964804,
0.0.1481135,1104.086807574651,SUCCESS,0.0.731861,0.0.3964804&0.0.3964834&0.0.3964837&0.0.3964840&0.0.4601632,0.0.4138717@1776725681.618013262
0.0.7896816,211.1830721184445,NOT_ASSOCIATED,0.0.731861,0.0.3964804,
0.0.9450539,15.06576024989538,NOT_ASSOCIATED,0.0.731861,0.0.3964804,
0.0.9444587,29.45291925688331,SUCCESS,0.0.731861,0.0.3964804,0.0.4138717@1776725680.129262003
0.0.9146353,37.16812231016625,SUCCESS,0.0.731861,0.0.3964804,0.0.4138717@1776725685.429185752
0.0.6160732,1.098599947276068,NOT_ASSOCIATED,0.0.731861,0.0.3964804,
0.0.4330332,8.41841434272867,SUCCESS,0.0.731861,0.0.3964804,0.0.4138717@1776725681.752628671
0.0.813564,0.01520375029309254,SUCCESS,0.0.731861,0.0.3964804,0.0.4138717@1776725681.912633181
0.0.9367202,0.02769407674161685,NOT_ASSOCIATED,0.0.731861,0.0.3964804,
0.0.1056474,60.44186036329445,SUCCESS,0.0.731861,0.0.3964804,0.0.4138717@1776725683.780345067
0.0.9318048,0.2380245254678269,NOT_ASSOCIATED,0.0.731861,0.0.3964804,
0.0.5159009,158.1075983924399,SUCCESS,0.0.731861,0.0.3964804,0.0.4138717@1776725684.112668711
0.0.8880678,0.3705919401608357,SUCCESS,0.0.731861,0.0.3964804,0.0.4138717@1776725682.689015379
0.0.9285770,1.660942255081214,NOT_ASSOCIATED,0.0.731861,0.0.3964804,
0.0.9275748,10.39483547142558,SUCCESS,0.0.731861,0.0.3964804&0.0.3964827,0.0.4138717@1776725687.246183581
0.0.4345655,45.95787858595109,SUCCESS,0.0.731861,0.0.3964804,0.0.4138717@1776725686.466602102
0.0.6068301,19.80150680967793,SUCCESS,0.0.731861,0.0.3964804&0.0.5328590,0.0.4138717@1776725686.634173496
0.0.8080965,0.1464391620625224,NOT_ASSOCIATED,0.0.731861,0.0.3964804,
0.0.3012601,43.67977495523457,SUCCESS,0.0.731861,0.0.3964804&0.0.5328590,0.0.4138717@1776725687.318495103
0.0.5012902,0.105756408539231,SUCCESS,0.0.731861,0.0.3964804,0.0.4138717@1776725685.379609340
0.0.9636419,5.798735755686338,NOT_ASSOCIATED,0.0.731861,0.0.3964804,
0.0.5805332,18.56342116074481,SUCCESS,0.0.731861,0.0.3964804,0.0.4138717@1776725687.278389978
0.0.9602777,0.2654963458099553,NOT_ASSOCIATED,0.0.731861,0.0.3964804,
0.0.9590994,175.2645517467098,NOT_ASSOCIATED,0.0.731861,0.0.3964804,
0.0.9565816,86.75895920737133,SUCCESS,0.0.731861,0.0.3964804,0.0.4138717@1776725688.656814790
0.0.8113254,10.37924183648078,SUCCESS,0.0.731861,0.0.3964804&0.0.4601632&0.0.5328590,0.0.4138717@1776725686.375618906
0.0.8070994,24.07496011980009,NOT_ASSOCIATED,0.0.731861,0.0.3964804,
0.0.8246604,0.02637366226434852,SUCCESS,0.0.731861,0.0.3964804,0.0.4138717@1776725690.246919817
0.0.190191,1.151847342810895,NOT_ASSOCIATED,0.0.731861,0.0.3964804,
0.0.9504249,29.12431955120997,SUCCESS,0.0.731861,0.0.3964804,0.0.4138717@1776725690.559022460
0.0.9364762,0.9252596823229278,SUCCESS,0.0.731861,0.0.3964804&0.0.5328590,0.0.4138717@1776725690.359796532
0.0.887615,0.1592414034215697,SUCCESS,0.0.731861,0.0.3964804,0.0.4138717@1776725687.925536947
0.0.9009997,6.089292974457474,NOT_ASSOCIATED,0.0.731861,0.0.3964804,
0.0.689277,115.9579770585296,SUCCESS,0.0.731861,0.0.3964804,0.0.4138717@1776725691.548479691
0.0.1090802,1.05664703235491,SUCCESS,0.0.731861,0.0.3964804,0.0.4138717@1776725689.397783382
0.0.2091507,43.18639778029852,SUCCESS,0.0.731861,0.0.3964804,0.0.4138717@1776725693.777394446
0.0.9095016,28.45377735801041,NOT_ASSOCIATED,0.0.731861,0.0.3964804,
0.0.9065767,11.10093866347169,SUCCESS,0.0.731861,0.0.3964804,0.0.4138717@1776725691.941321914
0.0.53756,50.34471575967482,SUCCESS,0.0.731861,0.0.3964804,0.0.4138717@1776725693.355016283
0.0.7788265,2.68617146054133,NOT_ASSOCIATED,0.0.731861,0.0.3964804,
0.0.8792600,0.04337911374685662,NOT_ASSOCIATED,0.0.731861,0.0.3964804,
0.0.8256574,1.037380692090511,SUCCESS,0.0.731861,0.0.3964804&0.0.3964808,0.0.4138717@1776725694.935801059
0.0.8585468,0.01338572628121757,SUCCESS,0.0.731861,0.0.3964804,0.0.4138717@1776725694.815971113
0.0.1365814,4.495760398418603,SUCCESS,0.0.731861,0.0.3964804,0.0.4138717@1776725692.686328124
0.0.1459865,24.65308411188233,NOT_ASSOCIATED,0.0.731861,0.0.3964804,
0.0.4250725,2.036696209135393,SUCCESS,0.0.731861,0.0.3964804,0.0.4138717@1776725692.303091269
0.0.958821,229.3331281883887,SUCCESS,0.0.731861,0.0.3964804,0.0.4138717@1776725692.996423980
0.0.9169121,4.729047259602606,SUCCESS,0.0.731861,0.0.3964804,0.0.4138717@1776725695.848780321
0.0.8392843,5.315359766040079,NOT_ASSOCIATED,0.0.731861,0.0.3964804,
0.0.9086562,0.01642816227647927,SUCCESS,0.0.731861,0.0.3964804,0.0.4138717@1776725697.282753125
0.0.9177141,0.7477892660978671,NOT_ASSOCIATED,0.0.731861,0.0.3964804,
0.0.1403937,0.1257865051200132,SUCCESS,0.0.731861,0.0.3964804,0.0.4138717@1776725697.924205029
0.0.1118731,0.2199053187309231,SUCCESS,0.0.731861,0.0.3964804,0.0.4138717@1776725694.557972782
0.0.9196038,2.668164701972486,SUCCESS,0.0.731861,0.0.3964804,0.0.4138717@1776725694.844705383
0.0.1862342,4.798620215185453,SUCCESS,0.0.731861,0.0.3964804,0.0.4138717@1776725699.342573545
0.0.10244829,0.1212729263146852,SUCCESS,0.0.731861,0.0.3964804,0.0.4138717@1776725696.918736539
0.0.1088670,4.568499413439706,SUCCESS,0.0.731861,0.0.3964804,0.0.4138717@1776725698.263559324
0.0.4337103,0.01910763813880766,SUCCESS,0.0.731861,0.0.3964804,0.0.4138717@1776725699.684313940
0.0.3291464,0.1847555607795349,SUCCESS,0.0.731861,0.0.3964804,0.0.4138717@1776725699.510274552
0.0.1018824,113.1478006822295,SUCCESS,0.0.731861,0.0.3964804&0.0.3964837&0.0.3964840&0.0.5328590&0.0.10414792,0.0.4138717@1776725698.012813697
0.0.818498,0.0924316548256164,SUCCESS,0.0.731861,0.0.3964804,0.0.4138717@1776725701.328553489
0.0.7989176,454.484697202992,SUCCESS,0.0.731861,0.0.3964804,0.0.4138717@1776725702.791419932
0.0.3959322,139.027672836058,SUCCESS,0.0.731861,0.0.3964804,0.0.4138717@1776725699.521227786
0.0.10248120,2.469237695099957,SUCCESS,0.0.731861,0.0.3964804,0.0.4138717@1776725699.620276815
0.0.10231452,3380.359160721714,SUCCESS,0.0.731861,0.0.3964804&0.0.3964808,0.0.4138717@1776725703.884471216
0.0.842806,1885.340772354624,SUCCESS,0.0.731861,0.0.3964804,0.0.4138717@1776725702.379817304
0.0.9774619,38.90869445202956,SUCCESS,0.0.731861,0.0.3964804&0.0.3964860,0.0.4138717@1776725703.283654238
0.0.10267166,468.7347228794159,NOT_ASSOCIATED,0.0.731861,0.0.3964804,
0.0.10267167,246.6892339699558,NOT_ASSOCIATED,0.0.731861,0.0.3964804,
0.0.10256319,139.9126083900406,SUCCESS,0.0.731861,0.0.3964804,0.0.4138717@1776725705.446937281
0.0.10277044,66.5015003447625,SUCCESS,0.0.731861,0.0.3964804,0.0.4138717@1776725704.114732422
0.0.9234350,16.56615577086237,SUCCESS,0.0.731861,0.0.3964804,0.0.4138717@1776725703.737099319
0.0.9270286,0.2592637631851926,SUCCESS,0.0.731861,0.0.3964804,0.0.4138717@1776725705.735006136
0.0.1920276,21.50066055723781,SUCCESS,0.0.731861,0.0.3964804,0.0.4138717@1776725705.056770904
0.0.10307970,0.006759543832446096,NOT_ASSOCIATED,0.0.731861,0.0.3964804,
0.0.4319631,1.293681195983412,SUCCESS,0.0.731861,0.0.3964804,0.0.4138717@1776725703.968813881
0.0.4341116,11.6203679523835,SUCCESS,0.0.731861,0.0.3964804,0.0.4138717@1776725705.708849274
0.0.4535053,19.59242610188043,SUCCESS,0.0.731861,0.0.3964804,0.0.4138717@1776725707.253110356
0.0.835055,0.03080035334755613,SUCCESS,0.0.731861,0.0.3964804,0.0.4138717@1776725706.224002632
0.0.4356553,0.239809085347946,SUCCESS,0.0.731861,0.0.3964804,0.0.4138717@1776725710.737232747
0.0.4333378,0.0700878951287585,SUCCESS,0.0.731861,0.0.3964804,0.0.4138717@1776725710.867838908
0.0.4368518,0.6642626561450405,SUCCESS,0.0.731861,0.0.3964804,0.0.4138717@1776725710.253342311
0.0.4360122,1.674379902763906,SUCCESS,0.0.731861,0.0.3964804,0.0.4138717@1776725706.784435197
0.0.4369285,224.2614607025371,SUCCESS,0.0.731861,0.0.3964804,0.0.4138717@1776725711.796541156
0.0.1728462,1.656245587296948,SUCCESS,0.0.731861,0.0.3964804,0.0.4138717@1776725712.664109236
0.0.4350498,0.001882168630988477,SUCCESS,0.0.731861,0.0.3964804,0.0.4138717@1776725712.468801669
0.0.1440806,160.4961641436634,SUCCESS,0.0.731861,0.0.3964804,0.0.4138717@1776725714.245948676
0.0.10308209,206.6309920713425,NOT_ASSOCIATED,0.0.731861,0.0.3964804,
0.0.3023498,4.600494740351913,SUCCESS,0.0.731861,0.0.3964804,0.0.4138717@1776725712.324979202
0.0.4356154,2.053405584488272,SUCCESS,0.0.731861,0.0.3964804&0.0.5328590,0.0.4138717@1776725714.225788912
0.0.4351860,11.16270505971189,NOT_ASSOCIATED,0.0.731861,0.0.3964804,
0.0.4346529,23.80640774661024,SUCCESS,0.0.731861,0.0.3964804,0.0.4138717@1776725711.438108901
0.0.2150506,0.8357406857729061,SUCCESS,0.0.731861,0.0.3964804,0.0.4138717@1776725714.088386606
0.0.4345412,1.343494151040579,SUCCESS,0.0.731861,0.0.3964804,0.0.4138717@1776725712.444005833
0.0.4345654,663.1539071810445,SUCCESS,0.0.731861,0.0.3964804,0.0.4138717@1776725712.155680946
0.0.3768895,0.01614074978568388,SUCCESS,0.0.731861,0.0.3964804,0.0.4138717@1776725714.137392515
0.0.10413601,47.49834785655971,SUCCESS,0.0.731861,0.0.3964804,0.0.4138717@1776725716.175740957
0.0.1448131,2.301395147810817,SUCCESS,0.0.731861,0.0.3964804,0.0.4138717@1776725717.770419732
0.0.859149,169.0313897894331,SUCCESS,0.0.731861,0.0.3964804,0.0.4138717@1776725714.105247378
0.0.10420713,0.6746160010568085,SUCCESS,0.0.731861,0.0.3964804,0.0.4138717@1776725716.572274319
0.0.859565,162.4435830639214,SUCCESS,0.0.731861,0.0.3964804,0.0.4138717@1776725719.179422795
0.0.2145447,258.625604855086,SUCCESS,0.0.731861,0.0.3964804,0.0.4138717@1776725715.833063572
0.0.10420709,1.217578543028576,SUCCESS,0.0.731861,0.0.3964804&0.0.3964840,0.0.4138717@1776725717.357484912
0.0.835670,12.62539002963063,SUCCESS,0.0.731861,0.0.3964804&0.0.4601632,0.0.4138717@1776725717.267880280
0.0.1877641,10.32509098272428,SUCCESS,0.0.731861,0.0.3964804,0.0.4138717@1776725716.680832268
0.0.1097802,20.01770756181832,SUCCESS,0.0.731861,0.0.3964804,0.0.4138717@1776725719.151043260
0.0.1425322,122.6875321304783,SUCCESS,0.0.731861,0.0.3964804&0.0.5328590,0.0.4138717@1776725717.299307362
0.0.4184148,3.616198532295882,SUCCESS,0.0.731861,0.0.3964804,0.0.4138717@1776725718.197562085
0.0.1313705,9.22755884805721,SUCCESS,0.0.731861,0.0.3964804,0.0.4138717@1776725721.756278621
0.0.833050,0.4624798675012878,SUCCESS,0.0.731861,0.0.3964804,0.0.4138717@1776725721.451758793
0.0.3872024,23.11661985076737,SUCCESS,0.0.731861,0.0.3964804,0.0.4138717@1776725723.173188672
0.0.1048940,33.10391846603556,SUCCESS,0.0.731861,0.0.3964804&0.0.5328590,0.0.4138717@1776725719.729427189
0.0.1121794,2.089343665340247,SUCCESS,0.0.731861,0.0.3964804,0.0.4138717@1776725721.245768564
0.0.3945405,0.005398668204923107,SUCCESS,0.0.731861,0.0.3964804,0.0.4138717@1776725721.004385765
0.0.1104374,569.6496052354258,SUCCESS,0.0.731861,0.0.3964804,0.0.4138717@1776725724.255953309
0.0.1350500,15.66974543286937,SUCCESS,0.0.731861,0.0.3964804&0.0.3964840&0.0.6071119&0.0.6078473,0.0.4138717@1776725725.078028137
0.0.10410907,3386.671047994521,SUCCESS,0.0.731861,0.0.3964804,0.0.4138717@1776725726.397941137
0.0.10358044,1260.489674091158,SUCCESS,0.0.731861,0.0.3964804,0.0.4138717@1776725722.746445776
0.0.10359145,5.557032526704753,SUCCESS,0.0.731861,0.0.3964804,0.0.4138717@1776725723.736812375
0.0.3953598,66.19850985935761,SUCCESS,0.0.731861,0.0.3964804,0.0.4138717@1776725724.231501207
0.0.10359238,0.5690180784292236,SUCCESS,0.0.731861,0.0.3964804,0.0.4138717@1776725724.895485894
0.0.793748,1564.250758829584,SUCCESS,0.0.731861,0.0.3964804,0.0.4138717@1776725724.427986669
0.0.851469,2.307197434411767,SUCCESS,0.0.731861,0.0.3964804,0.0.4138717@1776725729.497294457
0.0.4431727,1.195953108000615,SUCCESS,0.0.731861,0.0.3964804&0.0.3964827,0.0.4138717@1776725725.533879512
0.0.1198079,505.1157674463534,SUCCESS,0.0.731861,0.0.3964804,0.0.4138717@1776725729.487782739
0.0.965222,243.8830429102163,SUCCESS,0.0.731861,0.0.3964804&0.0.3964825,0.0.4138717@1776725730.828278763
0.0.10371833,699.838228497297,SUCCESS,0.0.731861,0.0.3964804,0.0.4138717@1776725729.227016782
0.0.481717,2.010216846359801,SUCCESS,0.0.731861,0.0.3964804,0.0.4138717@1776725728.186034522
0.0.1088074,160.2044290114588,SUCCESS,0.0.731861,0.0.3964804&0.0.3964860,0.0.4138717@1776725730.552738515
0.0.1432019,30.09405683939196,SUCCESS,0.0.731861,0.0.3964804,0.0.4138717@1776725729.446774654
0.0.10288826,263.4934552124163,SUCCESS,0.0.731861,0.0.3964804,0.0.4138717@1776725729.595072925
0.0.1088394,411.1048203436122,SUCCESS,0.0.731861,0.0.3964804&0.0.3964860&0.0.3964840&0.0.5328590&0.0.6078473&0.0.8315114,0.0.4138717@1776725731.175725462
0.0.6139137,6.365061548558873,SUCCESS,0.0.731861,0.0.3964804,0.0.4138717@1776725731.020989942
0.0.6416166,7.869414698726826,SUCCESS,0.0.731861,0.0.3964804,0.0.4138717@1776725733.014152313
0.0.4314332,36.80864809940189,SUCCESS,0.0.731861,0.0.3964804,0.0.4138717@1776725735.798963845
0.0.3048811,1108.171708709479,SUCCESS,0.0.731861,0.0.3964804&0.0.4601632&0.0.5328590&0.0.6071041,0.0.4138717@1776725734.156953636
0.0.6828202,212.5358277581893,SUCCESS,0.0.731861,0.0.3964804&0.0.4601632,0.0.4138717@1776725735.722294102
0.0.6852334,24.98197854644359,SUCCESS,0.0.731861,0.0.3964804,0.0.4138717@1776725734.173954712
0.0.1463629,1.194500228174344,SUCCESS,0.0.731861,0.0.3964804,0.0.4138717@1776725734.549961210
0.0.433061,2.269118741539188,SUCCESS,0.0.731861,0.0.3964804&0.0.3964860,0.0.4138717@1776725737.249483152
0.0.5957030,17.09823734732816,NOT_ASSOCIATED,0.0.731861,0.0.3964804,
0.0.6275653,0.1156994258131375,SUCCESS,0.0.731861,0.0.3964804,0.0.4138717@1776725737.232086372
0.0.6154587,124.1995719932614,SUCCESS,0.0.731861,0.0.3964804,0.0.4138717@1776725737.231879380
0.0.5746207,416.9384759904577,SUCCESS,0.0.731861,0.0.3964804,0.0.4138717@1776725740.209196477
0.0.2967389,3.973447623060091,SUCCESS,0.0.731861,0.0.3964804,0.0.4138717@1776725736.996297211
0.0.753351,4.303273062942877,SUCCESS,0.0.731861,0.0.3964804,0.0.4138717@1776725740.400690602
0.0.5068116,0.3480949274128683,NOT_ASSOCIATED,0.0.731861,0.0.3964804,
0.0.805713,182.7338468277445,SUCCESS,0.0.731861,0.0.3964804,0.0.4138717@1776725737.215120175
0.0.4965217,2.219301340439384,SUCCESS,0.0.731861,0.0.3964804,0.0.4138717@1776725737.369415292
0.0.3967246,4.872657508801192,SUCCESS,0.0.731861,0.0.3964804,0.0.4138717@1776725737.757060722
0.0.4358173,309.0968394862289,SUCCESS,0.0.731861,0.0.3964804&0.0.4601632&0.0.6126395,0.0.4138717@1776725739.845902696
0.0.4717832,2.162826863990921,SUCCESS,0.0.731861,0.0.3964804,0.0.4138717@1776725742.995559973
0.0.4410999,3.093712691056672,SUCCESS,0.0.731861,0.0.3964804&0.0.3964827,0.0.4138717@1776725742.135695798
0.0.4351736,0.1527601486571025,SUCCESS,0.0.731861,0.0.3964804,0.0.4138717@1776725740.333413814
0.0.5698429,0.06523446608869109,SUCCESS,0.0.731861,0.0.3964804,0.0.4138717@1776725743.224261881
0.0.4589167,0.2149244304005069,NOT_ASSOCIATED,0.0.731861,0.0.3964804,
0.0.3687848,63.05077310897359,SUCCESS,0.0.731861,0.0.3964804,0.0.4138717@1776725744.964949189
0.0.1359581,150.8958319697246,SUCCESS,0.0.731861,0.0.3964804&0.0.3964827,0.0.4138717@1776725744.335764010
0.0.7710235,1.094894122855751,SUCCESS,0.0.731861,0.0.3964804,0.0.4138717@1776725742.206490411
0.0.838791,14.02423617482941,SUCCESS,0.0.731861,0.0.3964804,0.0.4138717@1776725742.530399982
0.0.496172,12.92839140523157,SUCCESS,0.0.731861,0.0.3964804,0.0.4138717@1776725744.676515813
0.0.146930,9552.091707144944,SUCCESS,0.0.731861,0.0.3964804,0.0.4138717@1776725746.246349348
0.0.4887338,7.452512155499022,SUCCESS,0.0.731861,0.0.3964804,0.0.4138717@1776725746.583760605
0.0.7662545,0.03865948252241611,NOT_ASSOCIATED,0.0.731861,0.0.3964804,
0.0.7290965,5.885035073432459,SUCCESS,0.0.731861,0.0.3964804,0.0.4138717@1776725746.811087593
0.0.1524063,39.57603960744051,SUCCESS,0.0.731861,0.0.3964804,0.0.4138717@1776725744.701548668
0.0.3872629,4.391615776587337,SUCCESS,0.0.731861,0.0.3964804,0.0.4138717@1776725746.133915134
0.0.794930,0.4828338137726174,SUCCESS,0.0.731861,0.0.3964804,0.0.4138717@1776725745.779093081
0.0.1860252,1.475571782381888,SUCCESS,0.0.731861,0.0.3964804,0.0.4138717@1776725749.792111059
0.0.892270,114.3527253576317,SUCCESS,0.0.731861,0.0.3964804,0.0.4138717@1776725747.742135579
0.0.1124401,34.60889561663504,SUCCESS,0.0.731861,0.0.3964804,0.0.4138717@1776725749.207431834
0.0.857760,3.141545805672421,SUCCESS,0.0.731861,0.0.3964804&0.0.3964827,0.0.4138717@1776725751.419730153
0.0.7312670,8.756389795526005,SUCCESS,0.0.731861,0.0.3964804,0.0.4138717@1776725747.667826747
0.0.1102543,102.020276891504,SUCCESS,0.0.731861,0.0.3964804,0.0.4138717@1776725752.667401293
0.0.662621,3.716789320364499,SUCCESS,0.0.731861,0.0.3964804,0.0.4138717@1776725749.182980657
0.0.6475509,1.523020211439132,SUCCESS,0.0.731861,0.0.3964804,0.0.4138717@1776725752.380911552
0.0.7450449,5.155324894927531,NOT_ASSOCIATED,0.0.731861,0.0.3964804,
0.0.6004536,0.4969752061462244,SUCCESS,0.0.731861,0.0.3964804,0.0.4138717@1776725751.327280775
0.0.6157135,2039.257931371263,SUCCESS,0.0.731861,0.0.3964804&0.0.3964827&0.0.3964837&0.0.5328590,0.0.4138717@1776725753.425505379
0.0.6270761,297.603167153404,SUCCESS,0.0.731861,0.0.3964804,0.0.4138717@1776725750.914475600
0.0.5023507,174.3116399801124,SUCCESS,0.0.731861,0.0.3964804&0.0.4601632&0.0.5328590,0.0.4138717@1776725752.264870217
0.0.3937438,2.920992730430953,SUCCESS,0.0.731861,0.0.3964804,0.0.4138717@1776725752.184511992
0.0.796454,472.9573503773989,SUCCESS,0.0.731861,0.0.3964804,0.0.4138717@1776725754.031916065
0.0.5147407,3.792119946268808,SUCCESS,0.0.731861,0.0.3964804,0.0.4138717@1776725756.346543647
0.0.859649,1.794075203040178,SUCCESS,0.0.731861,0.0.3964804,0.0.4138717@1776725752.938661146
0.0.4533464,1.289460448732218,SUCCESS,0.0.731861,0.0.3964804,0.0.4138717@1776725755.858355712
0.0.5495538,19.36448880893273,SUCCESS,0.0.731861,0.0.3964804&0.0.3964860&0.0.4601632,0.0.4138717@1776725754.558812065
0.0.5421455,0.04127790944440272,SUCCESS,0.0.731861,0.0.3964804,0.0.4138717@1776725758.720319098
0.0.5315914,16.68509046707682,SUCCESS,0.0.731861,0.0.3964804,0.0.4138717@1776725754.720005670
0.0.838198,29.22236911608486,SUCCESS,0.0.731861,0.0.3964804&0.0.3964855&0.0.3964840&0.0.4601632,0.0.4138717@1776725757.515735142
0.0.4327294,0.1622544148497076,SUCCESS,0.0.731861,0.0.3964804,0.0.4138717@1776725757.971470705
0.0.1402758,463.6680854215159,SUCCESS,0.0.731861,0.0.3964804&0.0.3964837,0.0.4138717@1776725759.008275140
0.0.728698,15.76067157708948,SUCCESS,0.0.731861,0.0.3964804&0.0.4601632,0.0.4138717@1776725759.922270868
0.0.1357334,1.723499151642529,SUCCESS,0.0.731861,0.0.3964804,0.0.4138717@1776725757.967735959
0.0.3165925,0.5586104695906877,SUCCESS,0.0.731861,0.0.3964804,0.0.4138717@1776725760.275135658
0.0.7760710,1.098377797066275,SUCCESS,0.0.731861,0.0.3964808,0.0.4138717@1776725761.790637709
0.0.7710944,0.5898991499914837,SUCCESS,0.0.731861,0.0.3964808,0.0.4138717@1776725760.016742979
0.0.811544,23.28931258886481,SUCCESS,0.0.731861,0.0.3964808,0.0.4138717@1776725760.415736064
0.0.4342823,1.160409238751747,SUCCESS,0.0.731861,0.0.3964808,0.0.4138717@1776725760.254065469
0.0.2031271,0.4915854884720678,SUCCESS,0.0.731861,0.0.3964808,0.0.4138717@1776725762.785911229
0.0.2028589,0.4658951445399365,SUCCESS,0.0.731861,0.0.3964808,0.0.4138717@1776725759.928468510
0.0.1332209,0.1371415157602961,SUCCESS,0.0.731861,0.0.3964808,0.0.4138717@1776725763.466007666
0.0.4762457,7.18153323582205,SUCCESS,0.0.731861,0.0.3964808,0.0.4138717@1776725762.056028263
0.0.1890297,19.35791672461424,SUCCESS,0.0.731861,0.0.3964808,0.0.4138717@1776725762.894088567
0.0.4179053,0.2810877966464874,SUCCESS,0.0.731861,0.0.3964808,0.0.4138717@1776725764.826097664
0.0.842464,10.05825079912284,SUCCESS,0.0.731861,0.0.3964808&0.0.3964840&0.0.4129330,0.0.4138717@1776725763.495032346
0.0.1005072,20.46882968416346,SUCCESS,0.0.731861,0.0.3964808,0.0.4138717@1776725765.436425535
0.0.6235543,29.94168189796155,SUCCESS,0.0.731861,0.0.3964808,0.0.4138717@1776725763.705811319
0.0.7582729,1511.950575347901,SUCCESS,0.0.731861,0.0.3964808,0.0.4138717@1776725768.218046392
0.0.5702281,9684.253381368879,SUCCESS,0.0.731861,0.0.3964808&0.0.3964837&0.0.3964840,0.0.4138717@1776725767.117104311
0.0.3000165,956.3100915013804,SUCCESS,0.0.731861,0.0.3964821,0.0.4138717@1776725766.720660332
0.0.4146647,0.0724980800936039,SUCCESS,0.0.731861,0.0.3964821,0.0.4138717@1776725767.677752851
0.0.6109726,86.48116241567523,SUCCESS,0.0.731861,0.0.3964827,0.0.4138717@1776725769.500256943
0.0.7595440,313.9369325682505,SUCCESS,0.0.731861,0.0.3964827,0.0.4138717@1776725770.813538393
0.0.7870892,1.977027085173624,SUCCESS,0.0.731861,0.0.3964827,0.0.4138717@1776725770.738657068
0.0.5239780,124.6508274551238,SUCCESS,0.0.731861,0.0.3964827,0.0.4138717@1776725770.425926569
0.0.9168967,15.09774457160212,SUCCESS,0.0.731861,0.0.3964827&0.0.5328590&0.0.6071074,0.0.4138717@1776725772.150595426
0.0.479120,4221.255188519407,SUCCESS,0.0.731861,0.0.3964827&0.0.4129330,0.0.4138717@1776725771.292408682
0.0.7486751,0.2406960370971496,SUCCESS,0.0.731861,0.0.3964827,0.0.4138717@1776725769.727217697
0.0.7965416,0.0632131440611664,NOT_ASSOCIATED,0.0.731861,0.0.3964827,
0.0.7677057,21.45096109594028,SUCCESS,0.0.731861,0.0.3964827,0.0.4138717@1776725771.371296093
0.0.1079751,50.69382739084308,SUCCESS,0.0.731861,0.0.3964827,0.0.4138717@1776725771.796156496
0.0.1065704,41.49690974710663,SUCCESS,0.0.731861,0.0.3964827,0.0.4138717@1776725773.466448810
0.0.1400872,69.5317695201348,SUCCESS,0.0.731861,0.0.3964827&0.0.4129330&0.0.6071911,0.0.4138717@1776725773.762691805
0.0.4364640,7.040053179121947,SUCCESS,0.0.731861,0.0.3964827,0.0.4138717@1776725772.434788946
0.0.4348609,86.62649659236376,SUCCESS,0.0.731861,0.0.3964827&0.0.5328590,0.0.4138717@1776725772.531209892
0.0.4344919,3.99894035657947,SUCCESS,0.0.731861,0.0.3964827,0.0.4138717@1776725773.353591986
0.0.5447658,0.2563874896720575,SUCCESS,0.0.731861,0.0.3964827,0.0.4138717@1776725775.351865297
0.0.849606,158.3286549083735,SUCCESS,0.0.731861,0.0.3964827&0.0.6071119,0.0.4138717@1776725772.584586746
0.0.1087560,81.94237599630651,SUCCESS,0.0.731861,0.0.3964827&0.0.3964855,0.0.4138717@1776725774.037981461
0.0.835079,141.0811469031902,SUCCESS,0.0.731861,0.0.3964827,0.0.4138717@1776725776.243751005
0.0.4338112,0.1055865690176858,SUCCESS,0.0.731861,0.0.3964827,0.0.4138717@1776725775.785139591
0.0.1750137,85.46822412246637,SUCCESS,0.0.731861,0.0.3964827,0.0.4138717@1776725777.533517242
0.0.611948,15.39228513162194,SUCCESS,0.0.731861,0.0.3964827,0.0.4138717@1776725774.375583306
0.0.1061257,158.9403427398549,SUCCESS,0.0.731861,0.0.3964827&0.0.4601632&0.0.5328590,0.0.4138717@1776725778.029503817
0.0.3169781,6.389337657838956,SUCCESS,0.0.731861,0.0.3964827,0.0.4138717@1776725774.420870673
0.0.4733298,3.349871570497236,SUCCESS,0.0.731861,0.0.3964827,0.0.4138717@1776725780.533088692
0.0.1107354,4.259513640069065,SUCCESS,0.0.731861,0.0.3964827,0.0.4138717@1776725780.998179938
0.0.4793606,24.23753061602387,SUCCESS,0.0.731861,0.0.3964827&0.0.5328590,0.0.4138717@1776725781.031782892
0.0.839408,131.5105289805368,SUCCESS,0.0.731861,0.0.3964827,0.0.4138717@1776725779.400842093
0.0.4975045,90.63751691763832,SUCCESS,0.0.731861,0.0.3964827,0.0.4138717@1776725778.702784414
0.0.834607,45.05233750782268,SUCCESS,0.0.731861,0.0.3964827,0.0.4138717@1776725778.167191475
0.0.3443413,17.05145914909529,SUCCESS,0.0.731861,0.0.3964827&0.0.4601632,0.0.4138717@1776725780.200017980
0.0.6288848,0.8432841207495334,SUCCESS,0.0.731861,0.0.3964827&0.0.6071119,0.0.4138717@1776725779.258548374
0.0.10233326,94.0037308988463,SUCCESS,0.0.731861,0.0.3964827,0.0.4138717@1776725783.081315614
0.0.8377520,201.1942798362903,SUCCESS,0.0.731861,0.0.3964827,0.0.4138717@1776725784.187972335
0.0.3283790,3060.431609644197,SUCCESS,0.0.731861,0.0.3964827&0.0.6071119,0.0.4138717@1776725782.267545465
0.0.9541852,1.487241309492827,SUCCESS,0.0.731861,0.0.3964827,0.0.4138717@1776725784.395930015
0.0.1406579,0.8720912241244595,SUCCESS,0.0.731861,0.0.3964827,0.0.4138717@1776725782.876180965
0.0.8778454,0.07475438889891306,SUCCESS,0.0.731861,0.0.3964827,0.0.4138717@1776725786.549879153
0.0.7947570,0.191055027182967,SUCCESS,0.0.731861,0.0.3964827,0.0.4138717@1776725785.245935156
0.0.10021599,95.7283432875266,SUCCESS,0.0.731861,0.0.3964827&0.0.4601632&0.0.5328590,0.0.4138717@1776725784.097455596
0.0.1120301,0.09087454850942443,SUCCESS,0.0.731861,0.0.3964827&0.0.3964855,0.0.4138717@1776725788.317456308
0.0.836080,2.40545266759929e-9,SUCCESS,0.0.731861,0.0.3964827&0.0.3964855,0.0.4138717@1776725787.121497853
0.0.1016797,519.5136885074262,SUCCESS,0.0.731861,0.0.3964827&0.0.4601632,0.0.4138717@1776725786.832027251
0.0.885667,2.074478087644111,SUCCESS,0.0.731861,0.0.3964827,0.0.4138717@1776725789.833373116
0.0.7776243,1.376674534678619,SUCCESS,0.0.731861,0.0.3964827,0.0.4138717@1776725785.626820789
0.0.2288443,384.8890564774863,SUCCESS,0.0.731861,0.0.3964827&0.0.3964837&0.0.4129330&0.0.5328590,0.0.4138717@1776725786.501972122
0.0.10237841,42.70412177946694,SUCCESS,0.0.731861,0.0.3964827,0.0.4138717@1776725789.484961062
0.0.1392115,427.1539016508322,SUCCESS,0.0.731861,0.0.3964827&0.0.4129330,0.0.4138717@1776725788.347842125
0.0.6630516,5.775570342520676,SUCCESS,0.0.731861,0.0.3964827,0.0.4138717@1776725792.303570711
0.0.1436265,24.47702232165595,SUCCESS,0.0.731861,0.0.3964827,0.0.4138717@1776725789.724274089
0.0.913930,4.598754509321395,SUCCESS,0.0.731861,0.0.3964827,0.0.4138717@1776725793.719182727
0.0.4737222,5.570413039236196,SUCCESS,0.0.731861,0.0.3964827,0.0.4138717@1776725793.659079737
0.0.3241044,145.4580866143165,SUCCESS,0.0.731861,0.0.3964834&0.0.3964840,0.0.4138717@1776725792.340627898
0.0.4338721,0.6104614811139238,SUCCESS,0.0.731861,0.0.3964834&0.0.3964840,0.0.4138717@1776725791.744716941
0.0.1020586,918.8385147139882,SUCCESS,0.0.731861,0.0.3964837&0.0.4601632&0.0.5328590,0.0.4138717@1776725791.899345713
0.0.2799604,1352.694309669012,SUCCESS,0.0.731861,0.0.3964837,0.0.4138717@1776725793.411186088
0.0.913172,28.18386202965047,SUCCESS,0.0.731861,0.0.3964837,0.0.4138717@1776725792.593050235
0.0.658363,3000.860557132477,SUCCESS,0.0.731861,0.0.3964837&0.0.3964840,0.0.4138717@1776725791.162266383
0.0.6018293,97.39264063937502,SUCCESS,0.0.731861,0.0.3964837,0.0.4138717@1776725795.428266368
0.0.850401,76.2691704791368,SUCCESS,0.0.731861,0.0.3964837,0.0.4138717@1776725794.859081628
0.0.790151,135.6708210951539,SUCCESS,0.0.731861,0.0.3964837,0.0.4138717@1776725797.025781734
0.0.4543305,721.2044646537406,SUCCESS,0.0.731861,0.0.3964837,0.0.4138717@1776725794.895441543
0.0.1228872,1.22820973517868,SUCCESS,0.0.731861,0.0.3964855,0.0.4138717@1776725798.968878378
0.0.1054756,2275.650311948591,SUCCESS,0.0.731861,0.0.3964855,0.0.4138717@1776725798.690061875
0.0.1423973,2.09591941074922e-8,SUCCESS,0.0.731861,0.0.3964855,0.0.4138717@1776725798.316302071
0.0.5377617,168.2897104711884,SUCCESS,0.0.731861,0.0.3964855,0.0.4138717@1776725798.402936015
0.0.1008009,24.13470176688975,SUCCESS,0.0.731861,0.0.3964855&0.0.4601632&0.0.5328590,0.0.4138717@1776725796.192242743
0.0.4861302,10.38753463259953,SUCCESS,0.0.731861,0.0.3964855&0.0.4601632,0.0.4138717@1776725800.714899784
0.0.8316,108.6458822872159,SUCCESS,0.0.731861,0.0.3964860&0.0.4601632&0.0.5328590,0.0.4138717@1776725800.802431905
0.0.9738472,0.08538089730251092,SUCCESS,0.0.731861,0.0.3964860,0.0.4138717@1776725797.729481868
0.0.8257213,19.27179593199734,SUCCESS,0.0.731861,0.0.3964860,0.0.4138717@1776725799.175184951
0.0.10023494,0.0000553953629597257,SUCCESS,0.0.731861,0.0.3964860,0.0.4138717@1776725802.638082622
0.0.10111308,0.1448035837639323,SUCCESS,0.0.731861,0.0.3964860,0.0.4138717@1776725801.851004798
0.0.10164768,1651.581369173742,SUCCESS,0.0.731861,0.0.3964860,0.0.4138717@1776725801.668362199
0.0.4315666,12.95732592091889,SUCCESS,0.0.731861,0.0.3964860,0.0.4138717@1776725801.210106709
0.0.5734968,32.08119727123394,SUCCESS,0.0.731861,0.0.3964860,0.0.4138717@1776725799.994731102
0.0.2014278,1382.249505733652,SUCCESS,0.0.731861,0.0.3964860,0.0.4138717@1776725804.061171738
0.0.509141,21.46750972863333,SUCCESS,0.0.731861,0.0.3964860,0.0.4138717@1776725803.631441897
0.0.684625,17.47096608106193,SUCCESS,0.0.731861,0.0.3964860,0.0.4138717@1776725801.861196020
0.0.868627,1041.938714641433,SUCCESS,0.0.731861,0.0.3964860,0.0.4138717@1776725806.313289204
0.0.9371874,0.0006354276392309101,SUCCESS,0.0.731861,0.0.3964860,0.0.4138717@1776725805.185994820
0.0.9371968,0.0008330543395198532,SUCCESS,0.0.731861,0.0.3964860,0.0.4138717@1776725806.496173027
0.0.9375318,0.0004280519121483147,SUCCESS,0.0.731861,0.0.3964860,0.0.4138717@1776725807.300898199
0.0.9377397,0.0008571309539051082,SUCCESS,0.0.731861,0.0.3964860,0.0.4138717@1776725807.014199679
0.0.9377518,0.0008572005898107377,SUCCESS,0.0.731861,0.0.3964860,0.0.4138717@1776725808.413276254
0.0.9377844,0.006794218635350408,SUCCESS,0.0.731861,0.0.3964860,0.0.4138717@1776725807.612269183
0.0.9377965,0.0008686208783404844,SUCCESS,0.0.731861,0.0.3964860,0.0.4138717@1776725806.342511537
0.0.9692993,0.0773344684024417,SUCCESS,0.0.731861,0.0.3964860,0.0.4138717@1776725808.000687826
0.0.9428581,0.007364693383568471,SUCCESS,0.0.731861,0.0.3964860,0.0.4138717@1776725810.667154904
0.0.9144335,16.01441805527502,SUCCESS,0.0.731861,0.0.3964860,0.0.4138717@1776725807.123441933
0.0.9428633,0.00008114323908087778,SUCCESS,0.0.731861,0.0.3964860,0.0.4138717@1776725811.038114726
0.0.9412510,0.008951417130145578,SUCCESS,0.0.731861,0.0.3964860,0.0.4138717@1776725808.725926668
0.0.9389956,0.02033358000153117,SUCCESS,0.0.731861,0.0.3964860,0.0.4138717@1776725812.456415211
0.0.9384218,0.003179488407970976,SUCCESS,0.0.731861,0.0.3964860,0.0.4138717@1776725809.292495734
0.0.9379489,0.00000903525876060494,SUCCESS,0.0.731861,0.0.3964860,0.0.4138717@1776725811.135880292
0.0.9377988,0.007483387784781505,SUCCESS,0.0.731861,0.0.3964860,0.0.4138717@1776725811.684792979
0.0.9377806,0.0004386365698099156,SUCCESS,0.0.731861,0.0.3964860,0.0.4138717@1776725812.746391522
0.0.9451478,0.004785977544536202,SUCCESS,0.0.731861,0.0.3964860,0.0.4138717@1776725811.068091157
0.0.9451180,0.009875715231267804,SUCCESS,0.0.731861,0.0.3964860,0.0.4138717@1776725814.867887635
0.0.9451434,4.388262395408221e-7,SUCCESS,0.0.731861,0.0.3964860,0.0.4138717@1776725815.898926310
0.0.9947585,9.503794356995972,SUCCESS,0.0.731861,0.0.3964860,0.0.4138717@1776725816.055374296
0.0.9570073,6.948975951582541,SUCCESS,0.0.731861,0.0.3964860&0.0.10414792,0.0.4138717@1776725816.366726110
0.0.10191831,2.827254412185081,SUCCESS,0.0.731861,0.0.3964840,0.0.4138717@1776725816.512761710
0.0.4904605,117.2993660469928,SUCCESS,0.0.731861,0.0.3964840,0.0.4138717@1776725813.996300469
0.0.1673765,11.74805586722277,SUCCESS,0.0.731861,0.0.3964840,0.0.4138717@1776725818.276643018
0.0.892416,143.8403045258193,SUCCESS,0.0.731861,0.0.3964840,0.0.4138717@1776725813.847811407
0.0.4154537,912.815538467204,SUCCESS,0.0.731861,0.0.3964840,0.0.4138717@1776725816.222652170
0.0.834663,500.8874759868567,SUCCESS,0.0.731861,0.0.3964840,0.0.4138717@1776725818.254239053
0.0.9129985,0.4089136911209316,SUCCESS,0.0.731861,0.0.3964840,0.0.4138717@1776725819.665740913
0.0.1334138,0.05831228591620075,SUCCESS,0.0.731861,0.0.3964840,0.0.4138717@1776725817.605123464
0.0.4625345,2.053574929681243,SUCCESS,0.0.731861,0.0.4129330,0.0.4138717@1776725819.261439638
0.0.5060063,100.620924657281,SUCCESS,0.0.731861,0.0.4129330&0.0.4601632&0.0.5328590,0.0.4138717@1776725817.018783591
0.0.2960424,0.08837604688091452,SUCCESS,0.0.731861,0.0.4129330,0.0.4138717@1776725819.997634315
0.0.839840,25.30715781323834,SUCCESS,0.0.731861,0.0.4129330&0.0.4601632&0.0.5328590,0.0.4138717@1776725819.238878948
0.0.4754452,0.07940050718747271,SUCCESS,0.0.731861,0.0.4129330,0.0.4138717@1776725820.447733004
0.0.8410631,0.4458678052348122,SUCCESS,0.0.731861,0.0.4129330&0.0.4601632,0.0.4138717@1776725820.828457385
0.0.261557,0.4501141989026071,SUCCESS,0.0.731861,0.0.4129330,0.0.4138717@1776725819.838513198
0.0.4718583,0.001823890978367316,SUCCESS,0.0.731861,0.0.4129330,0.0.4138717@1776725824.518079990
0.0.795325,0.1208854220969126,SUCCESS,0.0.731861,0.0.4129330,0.0.4138717@1776725821.703892161
0.0.3293439,1.410979186249012,SUCCESS,0.0.731861,0.0.4129330,0.0.4138717@1776725820.873442001
0.0.856304,0.003943074789658092,SUCCESS,0.0.731861,0.0.4129330,0.0.4138717@1776725821.884929823
0.0.972955,2.62533097437408e-9,SUCCESS,0.0.731861,0.0.4129330,0.0.4138717@1776725824.651227473
0.0.7684662,95.87382838596929,SUCCESS,0.0.731861,0.0.4601632&0.0.5328590,0.0.4138717@1776725821.911305996
0.0.7935176,550.7028528646999,SUCCESS,0.0.731861,0.0.4601632,0.0.4138717@1776725826.206519808
0.0.9210897,43.60399815006211,SUCCESS,0.0.731861,0.0.4601632,0.0.4138717@1776725823.869983090
0.0.7482624,17.06437568343869,NOT_ASSOCIATED,0.0.731861,0.0.4601632,
0.0.1278461,30.11174623626375,SUCCESS,0.0.731861,0.0.4601632,0.0.4138717@1776725823.064503907
0.0.9386020,4723.404624820076,SUCCESS,0.0.731861,0.0.4601632,0.0.4138717@1776725828.026075644
0.0.1217090,1747.263476296585,SUCCESS,0.0.731861,0.0.4601632,0.0.4138717@1776725823.613302154
0.0.821010,43.86480141250467,SUCCESS,0.0.731861,0.0.4601632,0.0.4138717@1776725828.533167240
0.0.9745450,75.44613169696815,SUCCESS,0.0.731861,0.0.4601632,0.0.4138717@1776725828.101994260
0.0.8831938,37.22635389817717,SUCCESS,0.0.731861,0.0.4601632,0.0.4138717@1776725828.300307107
0.0.10045691,149.4212100153144,SUCCESS,0.0.731861,0.0.4601632,0.0.4138717@1776725829.477670453
0.0.4367704,0.001781455845334989,SUCCESS,0.0.731861,0.0.4601632,0.0.4138717@1776725828.030130936
0.0.1111312,36.63815652954668,SUCCESS,0.0.731861,0.0.4601632,0.0.4138717@1776725829.280125409
0.0.7288906,22.3112905809509,NOT_ASSOCIATED,0.0.731861,0.0.4601632,
0.0.227955,0.2538067343273052,SUCCESS,0.0.731861,0.0.4601632,0.0.4138717@1776725828.777020959
0.0.4414004,503.3206149941421,NOT_ASSOCIATED,0.0.731861,0.0.4601632,
0.0.8431266,7.195110279539481,SUCCESS,0.0.731861,0.0.4601632,0.0.4138717@1776725828.532745026
0.0.3932850,261.253522215926,SUCCESS,0.0.731861,0.0.4601632,0.0.4138717@1776725830.424309138
0.0.864984,174.7526662106147,SUCCESS,0.0.731861,0.0.4601632,0.0.4138717@1776725831.393529331
0.0.3273852,72.97972881008366,SUCCESS,0.0.731861,0.0.4601632,0.0.4138717@1776725829.266260623
0.0.5500943,95.85637254619454,SUCCESS,0.0.731861,0.0.4601632&0.0.6071041,0.0.4138717@1776725833.764107649
0.0.6463609,0.7069854093794304,NOT_ASSOCIATED,0.0.731861,0.0.4601632,
0.0.10031150,1.522417586703558,NOT_ASSOCIATED,0.0.731861,0.0.4601632,
0.0.10031144,45.87426661630614,NOT_ASSOCIATED,0.0.731861,0.0.4601632,
0.0.1075845,14.97427777372158,SUCCESS,0.0.731861,0.0.4601632,0.0.4138717@1776725831.494534963
0.0.7480837,82.10025196192308,SUCCESS,0.0.731861,0.0.4601632,0.0.4138717@1776725830.538118451
0.0.1337729,31.4698033412189,SUCCESS,0.0.731861,0.0.4601632,0.0.4138717@1776725830.917861447
0.0.4363256,365.7006734364915,SUCCESS,0.0.731861,0.0.4601632,0.0.4138717@1776725831.757480645
0.0.3917694,97.1736011188238,SUCCESS,0.0.731861,0.0.4601632,0.0.4138717@1776725833.909264806
0.0.933942,366.3961271605427,SUCCESS,0.0.731861,0.0.4601632,0.0.4138717@1776725834.533121814
0.0.4753601,4.125386946218997,SUCCESS,0.0.731861,0.0.4601632,0.0.4138717@1776725832.639825079
0.0.9181254,373.4378256032095,SUCCESS,0.0.731861,0.0.4601632,0.0.4138717@1776725837.437237727
0.0.9689618,3877.620070170852,SUCCESS,0.0.731861,0.0.4601632&0.0.6071911,0.0.4138717@1776725834.111524800
0.0.5255642,1.095369381767445,SUCCESS,0.0.731861,0.0.4601632,0.0.4138717@1776725833.666653897
0.0.5972520,28.22121916209535,SUCCESS,0.0.731861,0.0.4601632,0.0.4138717@1776725837.851967434
0.0.1460111,0.9620312263661012,SUCCESS,0.0.731861,0.0.4601632,0.0.4138717@1776725835.848685610
0.0.1405765,53.48749842203117,SUCCESS,0.0.731861,0.0.4601632,0.0.4138717@1776725834.837109783
0.0.4730774,139.4946585973221,SUCCESS,0.0.731861,0.0.4601632,0.0.4138717@1776725837.006344599
0.0.2999419,0.1423665850308316,SUCCESS,0.0.731861,0.0.4601632,0.0.4138717@1776725838.935751426
0.0.961031,123.5530189073897,SUCCESS,0.0.731861,0.0.4601632,0.0.4138717@1776725838.376885105
0.0.816727,22.9602001334441,SUCCESS,0.0.731861,0.0.4601632,0.0.4138717@1776725839.204161383
0.0.5002435,3.085468909317687,SUCCESS,0.0.731861,0.0.4601632,0.0.4138717@1776725839.150338317
0.0.4403472,0.8887088356772901,SUCCESS,0.0.731861,0.0.4601632,0.0.4138717@1776725840.580338520
0.0.707819,6.8325097451453,SUCCESS,0.0.731861,0.0.4601632,0.0.4138717@1776725839.105579634
0.0.837339,16.88324706712636,SUCCESS,0.0.731861,0.0.4601632,0.0.4138717@1776725839.081415128
0.0.175313,2.141502399921588,SUCCESS,0.0.731861,0.0.4601632,0.0.4138717@1776725841.151458256
0.0.704807,37.41891421632013,SUCCESS,0.0.731861,0.0.4601632,0.0.4138717@1776725841.046443919
0.0.912306,2.281687844961041,SUCCESS,0.0.731861,0.0.4601632,0.0.4138717@1776725844.732586570
0.0.1060925,3.970394710578575,SUCCESS,0.0.731861,0.0.4601632,0.0.4138717@1776725844.452099347
0.0.4153394,4774.189867038216,SUCCESS,0.0.731861,0.0.4601632&0.0.5328590,0.0.4138717@1776725843.539339146
0.0.1860200,0.0146538134708296,SUCCESS,0.0.731861,0.0.4601632,0.0.4138717@1776725842.718395863
0.0.1997076,411.2134584742976,SUCCESS,0.0.731861,0.0.4601632,0.0.4138717@1776725845.374288533
0.0.599260,27.81487771393849,SUCCESS,0.0.731861,0.0.4601632&0.0.5328590&0.0.10414792,0.0.4138717@1776725842.706048932
0.0.3828466,58.77612102398659,SUCCESS,0.0.731861,0.0.4601632,0.0.4138717@1776725845.344883105
0.0.853115,0.1011609419571524,SUCCESS,0.0.731861,0.0.4601632,0.0.4138717@1776725844.795090298
0.0.860846,0.02092653908129845,SUCCESS,0.0.731861,0.0.4601632,0.0.4138717@1776725847.265211196
0.0.4559156,0.1481787808637642,SUCCESS,0.0.731861,0.0.4601632,0.0.4138717@1776725846.337867760
0.0.851606,0.001382430785258065,SUCCESS,0.0.731861,0.0.4601632,0.0.4138717@1776725844.936765767
0.0.4797402,0.004707278014149751,SUCCESS,0.0.731861,0.0.4601632,0.0.4138717@1776725847.272278551
0.0.1287040,12.49684106994753,SUCCESS,0.0.731861,0.0.4601632,0.0.4138717@1776725849.331185468
0.0.877043,45.02955365141519,SUCCESS,0.0.731861,0.0.4601632,0.0.4138717@1776725846.593556098
0.0.3705687,0.003079031117137275,SUCCESS,0.0.731861,0.0.4601632,0.0.4138717@1776725848.442963054
0.0.660703,32.77425468658853,SUCCESS,0.0.731861,0.0.4601632,0.0.4138717@1776725851.841536360
0.0.3158284,9.659384838076459,SUCCESS,0.0.731861,0.0.4601632&0.0.5328590,0.0.4138717@1776725850.733371466
0.0.2114355,0.0004321054885052606,SUCCESS,0.0.731861,0.0.4601632,0.0.4138717@1776725851.574821588
0.0.1074067,37.36457466844238,SUCCESS,0.0.731861,0.0.4601632,0.0.4138717@1776725849.185963482
0.0.1518521,2.551907302373869,SUCCESS,0.0.731861,0.0.4601632,0.0.4138717@1776725849.613509366
0.0.731707,0.3330330445792153,SUCCESS,0.0.731861,0.0.4601632,0.0.4138717@1776725852.803433698
0.0.3161895,1.759426045549104,SUCCESS,0.0.731861,0.0.4601632,0.0.4138717@1776725854.302296292
0.0.6049415,0.0005414386285288541,SUCCESS,0.0.731861,0.0.4601632,0.0.4138717@1776725853.432372224
0.0.1009100,0.009798353110734553,NOT_ASSOCIATED,0.0.731861,0.0.5328590,
0.0.822616,244.8422296739972,SUCCESS,0.0.731861,0.0.5328590,0.0.4138717@1776725854.531231966
0.0.5052897,2.120895999360111,SUCCESS,0.0.731861,0.0.5328590,0.0.4138717@1776725852.380037324
0.0.5702106,0.5892580969518315,SUCCESS,0.0.731861,0.0.5328590,0.0.4138717@1776725851.874288885
0.0.818068,52.82973680305103,NOT_ASSOCIATED,0.0.731861,0.0.5328590,
0.0.7731260,2.02465097776821,SUCCESS,0.0.731861,0.0.5328590,0.0.4138717@1776725854.221836904
0.0.9364499,0.5727301424553085,SUCCESS,0.0.731861,0.0.5328590,0.0.4138717@1776725857.089309285
0.0.9641103,63.13569625959182,SUCCESS,0.0.731861,0.0.5328590&0.0.6071119,0.0.4138717@1776725856.564224335
0.0.946745,384.7927558724188,SUCCESS,0.0.731861,0.0.5328590,0.0.4138717@1776725859.060036751
0.0.3092477,9.86464810579977,SUCCESS,0.0.731861,0.0.5328590,0.0.4138717@1776725859.877594622
0.0.2174918,1.439257843027827,NOT_ASSOCIATED,0.0.731861,0.0.5328590,
0.0.9151827,0.005337364317100628,NOT_ASSOCIATED,0.0.731861,0.0.5328590,
0.0.4587141,2.712612685919734,SUCCESS,0.0.731861,0.0.5328590,0.0.4138717@1776725858.701135462
0.0.9312249,8.009620580903453,SUCCESS,0.0.731861,0.0.5328590,0.0.4138717@1776725861.453724012
0.0.4352091,11.2414828417674,SUCCESS,0.0.731861,0.0.5328590,0.0.4138717@1776725862.491347691
0.0.7202503,128.4054077033265,SUCCESS,0.0.731861,0.0.5328590,0.0.4138717@1776725859.275092584
0.0.7841603,76.13960333828103,SUCCESS,0.0.731861,0.0.5328590,0.0.4138717@1776725863.406467511
0.0.7800894,303.0788657936258,SUCCESS,0.0.731861,0.0.5328590,0.0.4138717@1776725859.984728934
0.0.1002430,2242.563913612066,SUCCESS,0.0.731861,0.0.5328590,0.0.4138717@1776725864.036624772
0.0.10171350,9.18819506070401,SUCCESS,0.0.731861,0.0.5328590,0.0.4138717@1776725863.673837306
0.0.10091451,118.7002838711171,SUCCESS,0.0.731861,0.0.5328590,0.0.4138717@1776725864.952968812
0.0.9401455,10.09897810716671,SUCCESS,0.0.731861,0.0.5328590,0.0.4138717@1776725862.467653399
0.0.1105713,26.18544092939308,SUCCESS,0.0.731861,0.0.5328590,0.0.4138717@1776725864.852060472
0.0.1425168,373.5337273312783,SUCCESS,0.0.731861,0.0.5328590,0.0.4138717@1776725863.578509672
0.0.4358401,0.8869861117620487,SUCCESS,0.0.731861,0.0.5328590,0.0.4138717@1776725868.133246071
0.0.1404223,0.1891495001092346,SUCCESS,0.0.731861,0.0.5328590&0.0.6071041,0.0.4138717@1776725867.929095311
0.0.10047974,34.59808741413426,SUCCESS,0.0.731861,0.0.5328590,0.0.4138717@1776725866.103806032
0.0.877481,2916.17746825335,SUCCESS,0.0.731861,0.0.5328590,0.0.4138717@1776725865.804935720
0.0.10010228,638.1359984717318,SUCCESS,0.0.731861,0.0.5328590,0.0.4138717@1776725867.030857041
0.0.1027780,3063.55273073149,SUCCESS,0.0.731861,0.0.5328590,0.0.4138717@1776725868.325610347
0.0.1251063,199.0830097171953,SUCCESS,0.0.731861,0.0.5328590,0.0.4138717@1776725867.915830122
0.0.9214791,11.87163180363097,SUCCESS,0.0.731861,0.0.5328590,0.0.4138717@1776725869.376633650
0.0.8426856,10.79198958700535,SUCCESS,0.0.731861,0.0.5328590,0.0.4138717@1776725869.786810726
0.0.1444388,16.98842083173765,SUCCESS,0.0.731861,0.0.5328590,0.0.4138717@1776725869.722953708
0.0.4348988,1.588377693013044,SUCCESS,0.0.731861,0.0.5328590,0.0.4138717@1776725871.819973453
0.0.7523706,649.2104713861453,NOT_ASSOCIATED,0.0.731861,0.0.5328590,
0.0.3868695,73.59787347447933,SUCCESS,0.0.731861,0.0.5328590,0.0.4138717@1776725870.487734226
0.0.9237387,86.0349807988414,SUCCESS,0.0.731861,0.0.5328590,0.0.4138717@1776725874.583737453
0.0.1324089,1.207401384080633,SUCCESS,0.0.731861,0.0.5328590&0.0.6071041,0.0.4138717@1776725873.867120473
0.0.9276478,0.04374379679486234,SUCCESS,0.0.731861,0.0.5328590,0.0.4138717@1776725871.525126153
0.0.4362264,0.3826882737743237,NOT_ASSOCIATED,0.0.731861,0.0.5328590,
0.0.9093010,0.3619065358346294,SUCCESS,0.0.731861,0.0.5328590,0.0.4138717@1776725872.463598023
0.0.52671,391.8912599450964,SUCCESS,0.0.731861,0.0.5328590,0.0.4138717@1776725874.844848351
0.0.10375094,60.26647862935363,NOT_ASSOCIATED,0.0.731861,0.0.5328590,
0.0.9802061,43.10018604937424,SUCCESS,0.0.731861,0.0.5328590&0.0.6071119,0.0.4138717@1776725873.747069369
0.0.4364713,264.5035481117581,SUCCESS,0.0.731861,0.0.5328590,0.0.4138717@1776725875.685355313
0.0.3288713,33.49479556182419,SUCCESS,0.0.731861,0.0.5328590,0.0.4138717@1776725875.049526826
0.0.6822106,1039.602826548618,SUCCESS,0.0.731861,0.0.5328590,0.0.4138717@1776725879.132059923
0.0.696926,36.80055878325624,SUCCESS,0.0.731861,0.0.5328590,0.0.4138717@1776725876.520640373
0.0.6003880,51.57281063105896,SUCCESS,0.0.731861,0.0.5328590,0.0.4138717@1776725877.902579232
0.0.4345750,85.93994636521496,SUCCESS,0.0.731861,0.0.5328590,0.0.4138717@1776725877.175744619
0.0.7326025,0.6314441909960378,SUCCESS,0.0.731861,0.0.5328590&0.0.6071119,0.0.4138717@1776725876.945711092
0.0.4839415,2.876098813930607,SUCCESS,0.0.731861,0.0.5328590,0.0.4138717@1776725877.580832114
0.0.7171484,1.29858620748475,SUCCESS,0.0.731861,0.0.5328590,0.0.4138717@1776725878.579575349
0.0.4362489,145.5487741694064,SUCCESS,0.0.731861,0.0.5328590,0.0.4138717@1776725881.782922844
0.0.4356483,109.1219237882166,SUCCESS,0.0.731861,0.0.5328590,0.0.4138717@1776725878.420038508
0.0.540025,7.45252642780342,SUCCESS,0.0.731861,0.0.5328590,0.0.4138717@1776725880.548068023
0.0.787993,422.5740509678435,SUCCESS,0.0.731861,0.0.5328590,0.0.4138717@1776725881.859574194
0.0.851709,475.7355790578994,SUCCESS,0.0.731861,0.0.5328590,0.0.4138717@1776725881.453745959
0.0.4900897,351.3667534115511,SUCCESS,0.0.731861,0.0.5328590,0.0.4138717@1776725885.081743982
0.0.1067361,673.0766984878038,SUCCESS,0.0.731861,0.0.5328590,0.0.4138717@1776725884.039954391
0.0.638193,2142.892368419581,SUCCESS,0.0.731861,0.0.5328590,0.0.4138717@1776725884.962628930
0.0.8198184,25.22768168613019,SUCCESS,0.0.731861,0.0.5328590,0.0.4138717@1776725885.022330136
0.0.608244,22.89572298759401,SUCCESS,0.0.731861,0.0.5328590,0.0.4138717@1776725882.856444740
0.0.1017499,2011.405235830258,SUCCESS,0.0.731861,0.0.5328590,0.0.4138717@1776725886.314987119
0.0.1082181,1133.664466220421,SUCCESS,0.0.731861,0.0.5328590,0.0.4138717@1776725884.271597580
0.0.10235120,8.508409991624537,SUCCESS,0.0.731861,0.0.5328590,0.0.4138717@1776725884.827471018
0.0.7562963,423.9217562433786,SUCCESS,0.0.731861,0.0.5328590,0.0.4138717@1776725886.707956770
0.0.1212407,17.76062486184729,SUCCESS,0.0.731861,0.0.5328590,0.0.4138717@1776725885.562988836
0.0.7206642,149.7375492139811,SUCCESS,0.0.731861,0.0.5328590,0.0.4138717@1776725889.419035227
0.0.10410054,0.1479969881007096,SUCCESS,0.0.731861,0.0.5328590,0.0.4138717@1776725885.316079120
0.0.4361068,7.759528854173248,SUCCESS,0.0.731861,0.0.5328590,0.0.4138717@1776725890.189925802
0.0.8041828,345.428785467742,SUCCESS,0.0.731861,0.0.5328590,0.0.4138717@1776725891.287149801
0.0.9168105,718.570751431809,SUCCESS,0.0.731861,0.0.5328590,0.0.4138717@1776725890.787941405
0.0.8128261,0.0217425092883634,SUCCESS,0.0.731861,0.0.5328590,0.0.4138717@1776725888.708868043
0.0.4343858,58.40427092698073,SUCCESS,0.0.731861,0.0.5328590,0.0.4138717@1776725890.022848069
0.0.4614528,0.01324021427597721,SUCCESS,0.0.731861,0.0.5328590,0.0.4138717@1776725892.276597441
0.0.9214238,49.41248905383937,SUCCESS,0.0.731861,0.0.5328590,0.0.4138717@1776725890.385544857
0.0.7734907,26.72681648096111,SUCCESS,0.0.731861,0.0.5328590,0.0.4138717@1776725892.303917205
0.0.9588454,14.5090530599181,SUCCESS,0.0.731861,0.0.5328590,0.0.4138717@1776725893.654935776
0.0.5769518,759.2172349813853,SUCCESS,0.0.731861,0.0.5328590,0.0.4138717@1776725891.781757895
0.0.4753969,240.7112920177089,SUCCESS,0.0.731861,0.0.5328590,0.0.4138717@1776725894.966553829
0.0.3705198,0.1559541654377935,SUCCESS,0.0.731861,0.0.5328590,0.0.4138717@1776725895.332019191
0.0.9320918,93.9710738368222,SUCCESS,0.0.731861,0.0.5328590,0.0.4138717@1776725895.720832258
0.0.8267927,32.42115824108421,SUCCESS,0.0.731861,0.0.5328590,0.0.4138717@1776725896.314679867
0.0.9885066,22.16228242209732,SUCCESS,0.0.731861,0.0.5328590,0.0.4138717@1776725897.006742449
0.0.8113026,1.625345581771398,SUCCESS,0.0.731861,0.0.5328590,0.0.4138717@1776725893.037211478
0.0.806166,121.5885589647655,SUCCESS,0.0.731861,0.0.5328590,0.0.4138717@1776725896.065521863
0.0.4971932,3.745312038479375,SUCCESS,0.0.731861,0.0.5328590,0.0.4138717@1776725896.833703974
0.0.10031110,29194.91771026481,NOT_ASSOCIATED,0.0.731861,0.0.5328590,
0.0.10031113,23754.503581917,NOT_ASSOCIATED,0.0.731861,0.0.5328590,
0.0.4362583,0.09015717021381447,SUCCESS,0.0.731861,0.0.5328590,0.0.4138717@1776725895.325889037
0.0.9289480,1.004025753247803,SUCCESS,0.0.731861,0.0.5328590,0.0.4138717@1776725897.073247953
0.0.7778674,105.1775225493863,SUCCESS,0.0.731861,0.0.5328590,0.0.4138717@1776725895.991800767
0.0.4358351,22.91267524704164,SUCCESS,0.0.731861,0.0.5328590,0.0.4138717@1776725898.718044898
0.0.712902,1724.566206527493,SUCCESS,0.0.731861,0.0.5328590,0.0.4138717@1776725901.394919129
0.0.10211444,0.9274791621996302,NOT_ASSOCIATED,0.0.731861,0.0.5328590,
0.0.8499794,18.26323933731188,SUCCESS,0.0.731861,0.0.5328590,0.0.4138717@1776725898.828651320
0.0.10421961,0.4286597221277685,SUCCESS,0.0.731861,0.0.5328590,0.0.4138717@1776725901.225198544
0.0.1281501,105.6413859037323,SUCCESS,0.0.731861,0.0.5328590,0.0.4138717@1776725902.949500502
0.0.2174129,457.2000164853862,SUCCESS,0.0.731861,0.0.5328590,0.0.4138717@1776725900.803109698
0.0.896352,1.553994439462016,SUCCESS,0.0.731861,0.0.6071041,0.0.4138717@1776725900.673016728
0.0.2328171,3339.019109244536,NOT_ASSOCIATED,0.0.731861,0.0.6071041,
0.0.1462131,0.01293847421326639,SUCCESS,0.0.731861,0.0.6071041,0.0.4138717@1776725903.507431863
0.0.9125858,281491.0002010798,SUCCESS,0.0.731861,0.0.6071041&0.0.6071119&0.0.6126395&0.0.8315114&0.0.9774523&0.0.10018365&0.0.10092996&0.0.10093026,0.0.4138717@1776725904.133742506
0.0.1453734,1432.483871488861,SUCCESS,0.0.731861,0.0.6071074&0.0.6078473,0.0.4138717@1776725903.328586637
0.0.6442946,0.5400138360599569,SUCCESS,0.0.731861,0.0.6071074,0.0.4138717@1776725905.585312481
0.0.8229616,886.6488074329748,SUCCESS,0.0.731861,0.0.6071074,0.0.4138717@1776725906.308547369
0.0.2174967,54.32950177530133,SUCCESS,0.0.731861,0.0.6071119,0.0.4138717@1776725904.648152770
0.0.820781,176.8170659915912,SUCCESS,0.0.731861,0.0.6071119,0.0.4138717@1776725906.125134773
0.0.10031183,151.6019454613744,NOT_ASSOCIATED,0.0.731861,0.0.6071119,
0.0.10031184,1031.21046707531,NOT_ASSOCIATED,0.0.731861,0.0.6071119,
0.0.4041275,242.663259802421,SUCCESS,0.0.731861,0.0.6071119,0.0.4138717@1776725908.039655753
0.0.2137399,8.333645541779417,SUCCESS,0.0.731861,0.0.6071119,0.0.4138717@1776725909.479577187
0.0.6892983,390.6412587681563,SUCCESS,0.0.731861,0.0.6071119,0.0.4138717@1776725908.229566521
0.0.9119461,0.0007014315874405582,SUCCESS,0.0.731861,0.0.6071119&0.0.8315114,0.0.4138717@1776725909.872601232
0.0.833139,5.511556912806505,SUCCESS,0.0.731861,0.0.6071119,0.0.4138717@1776725907.541433754
0.0.8009707,0.1039956356982718,SUCCESS,0.0.731861,0.0.6071119,0.0.4138717@1776725909.920144190
0.0.7833982,355.4363241533003,SUCCESS,0.0.731861,0.0.6071119,0.0.4138717@1776725911.568596397
0.0.1666056,10.97014971363441,SUCCESS,0.0.731861,0.0.6071119,0.0.4138717@1776725909.380279010
0.0.5740497,1085.062731068333,SUCCESS,0.0.731861,0.0.6071119,0.0.4138717@1776725910.835171167
0.0.5030626,1.185387363122954,SUCCESS,0.0.731861,0.0.6071119,0.0.4138717@1776725913.758261608
0.0.5729027,5.471245819907362,SUCCESS,0.0.731861,0.0.6071119,0.0.4138717@1776725910.415607365
0.0.859879,1888.175450095964,SUCCESS,0.0.731861,0.0.6071119,0.0.4138717@1776725913.046545747
0.0.3704330,1758.474991128717,SUCCESS,0.0.731861,0.0.6071911,0.0.4138717@1776725911.359290138
0.0.10178497,1093.080704517594,SUCCESS,0.0.731861,0.0.6071911,0.0.4138717@1776725910.968934244
0.0.7857493,3115.630755739698,NOT_ASSOCIATED,0.0.731861,0.0.6078459,
0.0.7200098,86.16163852331907,SUCCESS,0.0.731861,0.0.6078459,0.0.4138717@1776725913.542497105
0.0.2997555,0.0815773384624814,SUCCESS,0.0.731861,0.0.6078459,0.0.4138717@1776725913.133247114
0.0.6082528,2060.66695828743,SUCCESS,0.0.731861,0.0.6078459,0.0.4138717@1776725916.307891159
0.0.9471068,26.78365720104704,SUCCESS,0.0.731861,0.0.6078473,0.0.4138717@1776725914.996327533
0.0.8208716,1394.735141936752,SUCCESS,0.0.731861,0.0.6078473,0.0.4138717@1776725914.841239408
0.0.972940,0.01462155237049062,SUCCESS,0.0.731861,0.0.6126395,0.0.4138717@1776725917.305389340
0.0.4987474,0.00004679918417257145,SUCCESS,0.0.731861,0.0.6126395,0.0.4138717@1776725915.379628548
0.0.1033719,0.9588740196214004,SUCCESS,0.0.731861,0.0.8315114,0.0.4138717@1776725917.233237154
0.0.9940020,0.01135745501520312,SUCCESS,0.0.731861,0.0.8315114,0.0.4138717@1776725917.444460854
0.0.10031160,14.53079874690644,NOT_ASSOCIATED,0.0.731861,0.0.8315114,
0.0.10031155,0.07348160885770334,NOT_ASSOCIATED,0.0.731861,0.0.8315114,
0.0.10267181,0.02559902501958812,NOT_ASSOCIATED,0.0.731861,0.0.8315114,
0.0.10267182,0.01083813023616662,NOT_ASSOCIATED,0.0.731861,0.0.8315114,
0.0.1109176,0.00554868683630629,SUCCESS,0.0.731861,0.0.8315114,0.0.4138717@1776725920.247953178
0.0.4544022,18.40485992827292,NOT_ASSOCIATED,0.0.731861,0.0.8315114,
0.0.5679713,0.005677119025359277,SUCCESS,0.0.731861,0.0.8315114,0.0.4138717@1776725916.674551732
0.0.4340961,0.0002999445571205769,SUCCESS,0.0.731861,0.0.8315114,0.0.4138717@1776725917.722223787
0.0.3311267,0.0001964511170203488,NOT_ASSOCIATED,0.0.731861,0.0.8315114,
0.0.8326917,0.1112291522016185,NOT_ASSOCIATED,0.0.731861,0.0.8315114,
0.0.8712714,0.07579851751869772,SUCCESS,0.0.731861,0.0.8315114,0.0.4138717@1776725919.467030883
0.0.8192889,10.9687523865516,SUCCESS,0.0.731861,0.0.8315114,0.0.4138717@1776725921.916070091
0.0.9695763,287.0326620666599,SUCCESS,0.0.731861,0.0.8315114,0.0.4138717@1776725921.814288184
0.0.7688939,0.004326447639422914,SUCCESS,0.0.731861,0.0.8315114,0.0.4138717@1776725921.575643696
0.0.10432879,0.0005717783480712063,SUCCESS,0.0.731861,0.0.8315114,0.0.4138717@1776725922.462798754
0.0.10033160,3.058748260699872e-7,NOT_ASSOCIATED,0.0.731861,0.0.9774523,
0.0.10120444,0.004611274079616022,NOT_ASSOCIATED,0.0.731861,0.0.10018365,
0.0.29723,196.6149168626378,SUCCESS,0.0.731861,0.0.10018365,0.0.4138717@1776725922.746772270
0.0.10120460,5.283467825170376,NOT_ASSOCIATED,0.0.731861,0.0.10092996,
0.0.10120462,0.01403285547216778,NOT_ASSOCIATED,0.0.731861,0.0.10092996,
0.0.10120424,8.099686520657626,NOT_ASSOCIATED,0.0.731861,0.0.10093026,
0.0.10120438,0.4230174099220668,NOT_ASSOCIATED,0.0.731861,0.0.10093026,
0.0.10382204,6255.707506416159,SUCCESS,0.0.731861,0.0.10387648&0.0.10414792&0.0.10418141,0.0.4138717@1776725921.180908039
0.0.3640917,52.6014886104734,SUCCESS,0.0.731861,0.0.10414792,0.0.4138717@1776725924.192426311
0.0.10435753,74.9889506255726,SUCCESS,0.0.731861,0.0.10414792,0.0.4138717@1776725924.130125877
0.0.10204901,0.04753235791347211,SUCCESS,0.0.731861,0.0.10418141,0.0.4138717@1776725923.657296662
0.0.832852,12.03747379275706,SUCCESS,hbar,0.0.3951117,0.0.4138717@1776726324.703855462
0.0.1075892,1.427652207486441,SUCCESS,hbar,0.0.3951117,0.0.4138717@1776726323.056027473
0.0.4555391,0.5565742173569429,SUCCESS,hbar,0.0.3951117,0.0.4138717@1776726322.496471655
0.0.1097257,9.35744623007457,SUCCESS,hbar,0.0.3951117,0.0.4138717@1776726323.680517989
0.0.942605,0.292740685473024,SUCCESS,hbar,0.0.3951117,0.0.4138717@1776726325.763318164
0.0.9359586,0.01625908505892054,SUCCESS,hbar,0.0.3951117,0.0.4138717@1776726323.986442024
0.0.4350041,0.2481136695615221,SUCCESS,hbar,0.0.3951117,0.0.4138717@1776726324.732597089
0.0.1904506,0.0002211386978053198,SUCCESS,hbar,0.0.3951117,0.0.4138717@1776726324.417694780
0.0.589629,0.0006879934467083641,SUCCESS,hbar,0.0.3951117,0.0.4138717@1776726324.140848455
0.0.6198709,2.105800184671658,SUCCESS,hbar,0.0.3951117,0.0.4138717@1776726323.324287461
0.0.9404406,0.0127476990546914,SUCCESS,hbar,0.0.3951117,0.0.4138717@1776726326.166873458
0.0.1910285,0.1602291952674276,SUCCESS,hbar,0.0.3951117,0.0.4138717@1776726330.094764151
0.0.231224,364.3489835945643,SUCCESS,hbar,0.0.3951117,0.0.4138717@1776726331.114908710
0.0.1458130,0.01527961626189505,SUCCESS,hbar,0.0.3951117,0.0.4138717@1776726331.099721899
0.0.1735540,1.257809289750948,SUCCESS,hbar,0.0.3951117,0.0.4138717@1776726330.602297941
0.0.1110198,4.63974437350737,SUCCESS,hbar,0.0.3951117,0.0.4138717@1776726328.677139079
0.0.650437,0.1784953728586577,SUCCESS,hbar,0.0.3951117,0.0.4138717@1776726327.860995494
0.0.4349304,0.005792333581617581,SUCCESS,hbar,0.0.3951117,0.0.4138717@1776726332.002280996
0.0.696790,2.960116862896395,SUCCESS,hbar,0.0.3951117&0.0.3964804,0.0.4138717@1776726332.812417757
0.0.1707146,0.3724766167862185,SUCCESS,hbar,0.0.3951117,0.0.4138717@1776726333.165291082
0.0.1023730,0.8308240689871135,SUCCESS,hbar,0.0.3951117,0.0.4138717@1776726332.483821622
0.0.1414140,9125.606453931296,SUCCESS,hbar,0.0.3951117,0.0.4138717@1776726336.681312002
0.0.4346579,0.00240817894873579,SUCCESS,hbar,0.0.3951117,0.0.4138717@1776726334.961773003
0.0.9202687,29.63132437330203,SUCCESS,hbar,0.0.3951117,0.0.4138717@1776726334.710025590
0.0.1368197,0.8457973892340704,SUCCESS,hbar,0.0.3951117&0.0.3964804,0.0.4138717@1776726335.513133639
0.0.508876,1.085792300479958,SUCCESS,hbar,0.0.3951117,0.0.4138717@1776726335.593314004
0.0.7810768,0.1120266839745998,SUCCESS,hbar,0.0.3951117,0.0.4138717@1776726336.807369761
0.0.8585089,32.67485653171924,SUCCESS,hbar,0.0.3951117,0.0.4138717@1776726339.502761378
0.0.2960128,1.201226810794029,SUCCESS,hbar,0.0.3951117,0.0.4138717@1776726339.614485436
0.0.1120575,36.15852542084373,SUCCESS,hbar,0.0.3951117&0.0.3964804,0.0.4138717@1776726338.754577432
0.0.9273872,0.0047872490699751,SUCCESS,hbar,0.0.3951117,0.0.4138717@1776726339.444315871
0.0.1409958,0.1129091198587722,SUCCESS,hbar,0.0.3951117,0.0.4138717@1776726340.498981025
0.0.1515633,1.109960202777393,SUCCESS,hbar,0.0.3951117,0.0.4138717@1776726341.634321921
0.0.1872630,43.94756153667608,SUCCESS,hbar,0.0.3951117,0.0.4138717@1776726340.036009609
0.0.850481,27.95891673000033,SUCCESS,hbar,0.0.3951117,0.0.4138717@1776726339.674928208
0.0.1758196,0.2533474154959423,SUCCESS,hbar,0.0.3951117,0.0.4138717@1776726339.207205159
0.0.4324445,0.0740597637067755,SUCCESS,hbar,0.0.3951117&0.0.3964804,0.0.4138717@1776726344.080883065
0.0.10031118,48.89923243640685,SUCCESS,hbar,0.0.3951117,0.0.4138717@1776726344.520122068
0.0.1506629,0.0496832076407364,SUCCESS,hbar,0.0.3951117,0.0.4138717@1776726344.646143148
0.0.795933,0.800907255936852,SUCCESS,hbar,0.0.3951117,0.0.4138717@1776726343.335401910
0.0.1157855,0.2528997693055947,SUCCESS,hbar,0.0.3951117,0.0.4138717@1776726346.731041201
0.0.10021410,0.0232852211616116,SUCCESS,hbar,0.0.3951117,0.0.4138717@1776726344.570267543
0.0.4383878,0.0248475838569001,SUCCESS,hbar,0.0.3951117,0.0.4138717@1776726347.325729552
0.0.10076247,0.1870491642530561,SUCCESS,hbar,0.0.3951117,0.0.4138717@1776726346.334546180
0.0.1340164,12.68510168733666,SUCCESS,hbar,0.0.3951117,0.0.4138717@1776726346.991018958
0.0.10031117,39.38312160107724,SUCCESS,hbar,0.0.3951117,0.0.4138717@1776726344.831992374
0.0.735239,0.00002903536879074944,SUCCESS,hbar,0.0.3951117,0.0.4138717@1776726346.153302633
0.0.4321631,2.450205645422684,SUCCESS,hbar,0.0.3951117&0.0.3964804,0.0.4138717@1776726349.835419765
0.0.9302147,2.819226901633726,SUCCESS,hbar,0.0.3951117,0.0.4138717@1776726347.716458703
0.0.10122546,0.00265676788986137,SUCCESS,hbar,0.0.3951117,0.0.4138717@1776726350.250029290
0.0.4430933,0.3001359748676559,SUCCESS,hbar,0.0.3951117,0.0.4138717@1776726351.484620366
0.0.4582751,0.08139438057763021,SUCCESS,hbar,0.0.3951117,0.0.4138717@1776726347.197004921
0.0.10169145,0.03436630806684086,SUCCESS,hbar,0.0.3951117,0.0.4138717@1776726352.169002342
0.0.10182354,4.110811933103051,SUCCESS,hbar,0.0.3951117&0.0.3964804,0.0.4138717@1776726348.291019114
0.0.104926,0.005165935337328236,SUCCESS,hbar,0.0.3951117,0.0.4138717@1776726348.019856685
0.0.5702270,4.792489987645625,SUCCESS,hbar,0.0.3951117,0.0.4138717@1776726348.552227486
0.0.4322065,1.334618103164006,SUCCESS,hbar,0.0.3951117,0.0.4138717@1776726350.637732291
0.0.1115297,0.3156923637121479,SUCCESS,hbar,0.0.3951117,0.0.4138717@1776726354.752837475
0.0.7542917,0.05939644461153407,SUCCESS,hbar,0.0.3951117,0.0.4138717@1776726352.204653123
0.0.4370057,0.0875609103019318,SUCCESS,hbar,0.0.3951117,0.0.4138717@1776726353.454947543
0.0.9626972,0.1579599573066947,SUCCESS,hbar,0.0.3951117,0.0.4138717@1776726352.930519497
0.0.5156210,0.003181569055229766,SUCCESS,hbar,0.0.3951117&0.0.3964804,0.0.4138717@1776726356.032156796
0.0.9344085,2.43249759438554,SUCCESS,hbar,0.0.3951117,0.0.4138717@1776726353.534944117
0.0.8419510,0.1070190139628256,SUCCESS,hbar,0.0.3951117,0.0.4138717@1776726355.230137868
0.0.9755401,0.004572934480155746,SUCCESS,hbar,0.0.3951117,0.0.4138717@1776726357.185764964
0.0.4348824,0.02304271124135122,SUCCESS,hbar,0.0.3951117,0.0.4138717@1776726353.573746982
0.0.5028724,0.002075584369597734,SUCCESS,hbar,0.0.3951117,0.0.4138717@1776726355.529349740
0.0.4329703,0.2814392608300157,SUCCESS,hbar,0.0.3951117,0.0.4138717@1776726359.190733914
0.0.9958383,0.01848679382757999,SUCCESS,hbar,0.0.3951117,0.0.4138717@1776726359.795679221
0.0.3100704,48.57448135256831,SUCCESS,hbar,0.0.3951117&0.0.3964804,0.0.4138717@1776726357.676446801
0.0.9723151,0.001223577667153284,SUCCESS,hbar,0.0.3951117,0.0.4138717@1776726356.660291300
0.0.4544530,0.129115236411037,SUCCESS,hbar,0.0.3951117&0.0.3964804,0.0.4138717@1776726361.204607227
0.0.3947779,186.3426406860867,SUCCESS,hbar,0.0.3951117,0.0.4138717@1776726360.213974296
0.0.832415,80.63439776409837,SUCCESS,hbar,0.0.3951117,0.0.4138717@1776726358.937721909
0.0.819005,2.944123123381079,SUCCESS,hbar,0.0.3951117,0.0.4138717@1776726360.510415747
0.0.8071373,0.4261351152713123,SUCCESS,hbar,0.0.3951117,0.0.4138717@1776726362.122746442
0.0.3845966,0.3685636394260299,SUCCESS,hbar,0.0.3951117&0.0.3964804,0.0.4138717@1776726359.587501639
0.0.8068996,0.05540501612916848,SUCCESS,hbar,0.0.3951117&0.0.3964804,0.0.4138717@1776726362.935591590
0.0.1724832,0.1546686178067603,SUCCESS,hbar,0.0.3951117,0.0.4138717@1776726364.249506100
0.0.832624,0.001181831098373679,SUCCESS,hbar,0.0.3951117&0.0.3964804,0.0.4138717@1776726363.251221864
0.0.8049278,0.02796377314785744,SUCCESS,hbar,0.0.3951117,0.0.4138717@1776726361.473691352
0.0.1290358,14.41132024089282,SUCCESS,hbar,0.0.3951117,0.0.4138717@1776726363.142720993
0.0.5688804,0.6000238076056267,SUCCESS,hbar,0.0.3951117,0.0.4138717@1776726363.732328856
0.0.525256,5.066605077345575,SUCCESS,hbar,0.0.3951117,0.0.4138717@1776726363.587729186
0.0.8013259,5178.107047912446,SUCCESS,hbar,0.0.3951117,0.0.4138717@1776726363.549963977
0.0.1120388,3.307087326126184,SUCCESS,hbar,0.0.3951117,0.0.4138717@1776726367.209099357
0.0.2116956,0.3845910685623718,SUCCESS,hbar,0.0.3951117,0.0.4138717@1776726365.772632250
0.0.3706536,0.003229180311701401,SUCCESS,hbar,0.0.3951117,0.0.4138717@1776726367.030775625
0.0.7989790,0.01166019492350387,SUCCESS,hbar,0.0.3951117,0.0.4138717@1776726368.225128912
0.0.896788,221.2817182012865,SUCCESS,hbar,0.0.3951117,0.0.4138717@1776726365.875575496
0.0.3943340,0.0407275193577664,SUCCESS,hbar,0.0.3951117,0.0.4138717@1776726366.413364136
0.0.4331763,61.45777330654349,SUCCESS,hbar,0.0.3951117,0.0.4138717@1776726372.355871733
0.0.8490555,0.5920688148999974,SUCCESS,hbar,0.0.3951117,0.0.4138717@1776726369.845630902
0.0.1265153,0.002442194813893325,SUCCESS,hbar,0.0.3951117,0.0.4138717@1776726371.077081562
0.0.187153,101.3043077100566,SUCCESS,hbar,0.0.3951117&0.0.3964804,0.0.4138717@1776726374.200394047
0.0.5352069,0.1818903225628392,SUCCESS,hbar,0.0.3951117,0.0.4138717@1776726370.428829507
0.0.1274087,838.6350053839459,SUCCESS,hbar,0.0.3951117,0.0.4138717@1776726373.418157074
0.0.2773436,83.36906155237756,SUCCESS,hbar,0.0.3951117&0.0.3964804,0.0.4138717@1776726372.716812090
0.0.1022050,6.325150907442146,SUCCESS,hbar,0.0.3951117,0.0.4138717@1776726373.178135646
0.0.837404,54.29185573636185,SUCCESS,hbar,0.0.3951117,0.0.4138717@1776726373.061961145
0.0.834820,12.10736594228814,SUCCESS,hbar,0.0.3951117&0.0.3964804,0.0.4138717@1776726376.127549099
0.0.8382774,0.1330394523952185,SUCCESS,hbar,0.0.3951117&0.0.3964804,0.0.4138717@1776726376.092903022
0.0.731977,20.09513989874594,SUCCESS,hbar,0.0.3951117,0.0.4138717@1776726375.936401083
0.0.2137668,12.44174247123412,SUCCESS,hbar,0.0.3951117&0.0.3964804,0.0.4138717@1776726377.273933064
0.0.836838,2180.461250354618,SUCCESS,hbar,0.0.3951117,0.0.4138717@1776726374.905105775
0.0.8260017,0.06039419698331635,SUCCESS,hbar,0.0.3951117&0.0.3964804,0.0.4138717@1776726376.482071220
0.0.860438,0.5456278277372288,SUCCESS,hbar,0.0.3951117&0.0.3964804,0.0.4138717@1776726377.374613650
0.0.8212757,0.7019978893758204,SUCCESS,hbar,0.0.3951117,0.0.4138717@1776726377.629597041
0.0.1438402,0.1357817216065688,SUCCESS,hbar,0.0.3951117,0.0.4138717@1776726378.979146171
0.0.7490874,0.4623299626197241,SUCCESS,hbar,0.0.3951117&0.0.3964804,0.0.4138717@1776726377.955870913
0.0.3567813,53.15363772869298,SUCCESS,hbar,0.0.3951117,0.0.4138717@1776726381.765518177
0.0.639876,0.05382508939594308,SUCCESS,hbar,0.0.3951117,0.0.4138717@1776726379.604844880
0.0.4329215,0.0602217692121106,SUCCESS,hbar,0.0.3951117&0.0.3964804,0.0.4138717@1776726379.927800823
0.0.6270084,72.90397810774164,SUCCESS,hbar,0.0.3951117&0.0.3964804,0.0.4138717@1776726383.758482445
0.0.9073081,0.01499615258903141,SUCCESS,hbar,0.0.3951117,0.0.4138717@1776726383.037454176
0.0.854331,0.03582100363390613,SUCCESS,hbar,0.0.3951117,0.0.4138717@1776726382.842944025
0.0.5126364,5.896628820676677,SUCCESS,hbar,0.0.3951117,0.0.4138717@1776726386.882446380
0.0.4205604,0.9303595100518676,SUCCESS,hbar,0.0.3951117,0.0.4138717@1776726386.319293270
0.0.9099631,0.2308634740925796,SUCCESS,hbar,0.0.3951117,0.0.4138717@1776726386.748549153
0.0.7287636,0.6456467965351445,SUCCESS,hbar,0.0.3951117&0.0.3964804,0.0.4138717@1776726386.401243951
0.0.4333286,0.08467177513412892,SUCCESS,hbar,0.0.3951117,0.0.4138717@1776726386.384988511
0.0.1380352,0.5506310263253948,SUCCESS,hbar,0.0.3951117,0.0.4138717@1776726388.374544014
0.0.9112426,0.1173821001384425,SUCCESS,hbar,0.0.3951117&0.0.3964804,0.0.4138717@1776726391.173922893
0.0.700741,0.5985891882407202,SUCCESS,hbar,0.0.3951117,0.0.4138717@1776726391.854593074
0.0.1453803,1.471299084920576,SUCCESS,hbar,0.0.3951117&0.0.3964804,0.0.4138717@1776726391.427901584
0.0.7129552,19.21918119563183,SUCCESS,hbar,0.0.3951117,0.0.4138717@1776726389.901796811
0.0.8546442,2.443331558303562,SUCCESS,hbar,0.0.3951117,0.0.4138717@1776726389.996447212
0.0.7555632,0.02810950823138372,SUCCESS,hbar,0.0.3951117,0.0.4138717@1776726393.504159511
0.0.925802,2.072335821579845,SUCCESS,hbar,0.0.3951117,0.0.4138717@1776726391.061176822
0.0.1464418,2.315928712419942,SUCCESS,hbar,0.0.3951117,0.0.4138717@1776726390.254422303
0.0.819461,0.1338815100933835,SUCCESS,hbar,0.0.3951117,0.0.4138717@1776726394.089384995
0.0.2020001,0.6562620434205646,SUCCESS,hbar,0.0.3951117,0.0.4138717@1776726395.806880408
0.0.1341996,0.3858452254541541,SUCCESS,hbar,0.0.3951117,0.0.4138717@1776726393.550263772
0.0.834595,0.8282728349208198,SUCCESS,hbar,0.0.3951117&0.0.3964804,0.0.4138717@1776726394.889956576
0.0.1412849,0.0000055844146747732,SUCCESS,hbar,0.0.3951117,0.0.4138717@1776726395.216224000
0.0.8383256,0.01305829599389492,SUCCESS,hbar,0.0.3951117&0.0.3964804,0.0.4138717@1776726394.888313368
0.0.914261,47.31040756246933,SUCCESS,hbar,0.0.3951117,0.0.4138717@1776726396.677810447
0.0.7726808,0.4951650855871984,SUCCESS,hbar,0.0.3951117,0.0.4138717@1776726398.465583426
0.0.2174139,0.3392057826486585,SUCCESS,hbar,0.0.3951117&0.0.3964804,0.0.4138717@1776726396.587126045
0.0.5119346,2.072212201536469,SUCCESS,hbar,0.0.3951117&0.0.3964804,0.0.4138717@1776726399.325778758
0.0.1123889,0.6483303470993188,SUCCESS,hbar,0.0.3951117&0.0.3964804,0.0.4138717@1776726400.635948583
0.0.1261552,0.1202583504080933,SUCCESS,hbar,0.0.3951117&0.0.3964804,0.0.4138717@1776726398.671335358
0.0.5060163,0.1275100567486403,SUCCESS,hbar,0.0.3951117,0.0.4138717@1776726403.478259165
0.0.8684349,159.122894104536,SUCCESS,hbar,0.0.3951117,0.0.4138717@1776726404.169235086
0.0.7889838,1.406712704042341,SUCCESS,hbar,0.0.3951117,0.0.4138717@1776726404.027855877
0.0.516971,5.381277271216e-8,SUCCESS,hbar,0.0.3951117,0.0.4138717@1776726401.599190989
0.0.7991960,2.250190473543769,SUCCESS,hbar,0.0.3951117&0.0.3964804,0.0.4138717@1776726404.195649635
0.0.490092,0.04676734752980133,SUCCESS,hbar,0.0.3951117,0.0.4138717@1776726407.145633783
0.0.1601282,0.03035289131304085,SUCCESS,hbar,0.0.3951117,0.0.4138717@1776726406.234564617
0.0.2125030,14.31199588221343,SUCCESS,hbar,0.0.3951117,0.0.4138717@1776726405.097093896
0.0.4569835,0.002396911579113841,SUCCESS,hbar,0.0.3951117,0.0.4138717@1776726407.721162125
0.0.856667,2.677145725029542,SUCCESS,hbar,0.0.3951117&0.0.3964804,0.0.4138717@1776726407.792321932
0.0.1991961,7.93540979884914,SUCCESS,hbar,0.0.3951117,0.0.4138717@1776726407.641390890
0.0.1462225,363.8729728205225,SUCCESS,hbar,0.0.3951117&0.0.3964804,0.0.4138717@1776726406.080040585
0.0.8068689,3.379722345341076,SUCCESS,hbar,0.0.3951117&0.0.3964804,0.0.4138717@1776726410.512201548
0.0.4302086,0.04888489841483469,SUCCESS,hbar,0.0.3951117,0.0.4138717@1776726409.107257895
0.0.8485588,117.3461256543092,SUCCESS,hbar,0.0.3951117,0.0.4138717@1776726412.097309035
0.0.6258771,1.153326672448069,SUCCESS,hbar,0.0.3951117,0.0.4138717@1776726409.497012569
0.0.1379217,1.438820224888593,SUCCESS,hbar,0.0.3951117,0.0.4138717@1776726412.898031041
0.0.10300628,105.5451467202796,SUCCESS,hbar,0.0.3951117,0.0.4138717@1776726409.411682635
0.0.8190429,0.3926638150262562,SUCCESS,hbar,0.0.3951117,0.0.4138717@1776726410.595056745
0.0.4912200,33.95535938049904,SUCCESS,hbar,0.0.3951117&0.0.3964804,0.0.4138717@1776726414.337010286
0.0.3525426,2.351923200297004,SUCCESS,hbar,0.0.3951117&0.0.3964804,0.0.4138717@1776726414.058245196
0.0.4342759,8.618681481671473,SUCCESS,hbar,0.0.3951117,0.0.4138717@1776726410.901074855
0.0.1691323,5.356780324511702,SUCCESS,hbar,0.0.3951117,0.0.4138717@1776726411.709637666
0.0.1896081,0.3130198760522065,SUCCESS,hbar,0.0.3951117&0.0.3964804,0.0.4138717@1776726417.228441683
0.0.4551977,0.03784209828118806,SUCCESS,hbar,0.0.3951117,0.0.4138717@1776726416.284278777
0.0.4766933,7.025101182258941,SUCCESS,hbar,0.0.3951117,0.0.4138717@1776726415.336815330
0.0.1110477,3.846149510239059,SUCCESS,hbar,0.0.3951117,0.0.4138717@1776726417.570334219
0.0.1490591,6.166175730025223,SUCCESS,hbar,0.0.3951117&0.0.3964804,0.0.4138717@1776726419.182447160
0.0.1023917,4.488891143232475,SUCCESS,hbar,0.0.3951117&0.0.3964804,0.0.4138717@1776726415.469799461
0.0.1506598,0.5348172625480551,SUCCESS,hbar,0.0.3951117,0.0.4138717@1776726420.894596500
0.0.4559340,0.04585163011011781,SUCCESS,hbar,0.0.3951117,0.0.4138717@1776726418.248561040
0.0.7798148,1.083142738731062,SUCCESS,hbar,0.0.3951117,0.0.4138717@1776726418.614622394
0.0.7843482,0.5253546853648,SUCCESS,hbar,0.0.3951117&0.0.3964804,0.0.4138717@1776726419.432606867
0.0.973828,1.313357638182841,SUCCESS,hbar,0.0.3951117,0.0.4138717@1776726418.983598306
0.0.8616856,19.160200425754,SUCCESS,hbar,0.0.3951117&0.0.3964804,0.0.4138717@1776726421.719413000
0.0.3872466,0.04413090353463215,SUCCESS,hbar,0.0.3951117,0.0.4138717@1776726423.902853278
0.0.7835270,2.247168738322636,SUCCESS,hbar,0.0.3951117,0.0.4138717@1776726424.331541310
0.0.4503599,0.5395416571344502,SUCCESS,hbar,0.0.3951117,0.0.4138717@1776726422.658959334
0.0.1508462,11.88190977702125,SUCCESS,hbar,0.0.3951117,0.0.4138717@1776726423.741977920
0.0.4347838,0.9767622462393362,SUCCESS,hbar,0.0.3951117,0.0.4138717@1776726424.200659685
0.0.4575306,0.001559072234478319,SUCCESS,hbar,0.0.3951117,0.0.4138717@1776726423.435450377
0.0.1877739,0.0428369451376153,SUCCESS,hbar,0.0.3951117,0.0.4138717@1776726428.078416489
0.0.4864609,0.04102889116216872,SUCCESS,hbar,0.0.3951117,0.0.4138717@1776726429.421930396
0.0.598828,0.0113779163902302,SUCCESS,hbar,0.0.3951117&0.0.3964804,0.0.4138717@1776726427.409754946
0.0.7680254,0.4504879912771342,SUCCESS,hbar,0.0.3951117&0.0.3964804,0.0.4138717@1776726427.001745472
0.0.8341357,0.4851699975552421,SUCCESS,hbar,0.0.3951117&0.0.3964804,0.0.4138717@1776726432.009520614
0.0.9120392,0.2212119660746064,SUCCESS,hbar,0.0.3951117&0.0.3964804,0.0.4138717@1776726430.977369075
0.0.835242,0.003740019904971921,SUCCESS,hbar,0.0.3951117,0.0.4138717@1776726432.316849332
0.0.9195929,10.82036454611452,SUCCESS,hbar,0.0.3951117&0.0.3964804,0.0.4138717@1776726431.528150116
0.0.7891604,3.143709221954451,SUCCESS,hbar,0.0.3951117,0.0.4138717@1776726432.752426125
0.0.9200436,0.1563778930842416,SUCCESS,hbar,0.0.3951117,0.0.4138717@1776726430.993702891
0.0.4570908,9.039613546691092,SUCCESS,hbar,0.0.3951117,0.0.4138717@1776726432.293782553
0.0.52231,1.57823569549148,SUCCESS,hbar,0.0.3951117,0.0.4138717@1776726432.395396172
0.0.657648,22.31069888565032,SUCCESS,hbar,0.0.3951117,0.0.4138717@1776726433.616849804
0.0.6872459,100.9887908310514,SUCCESS,hbar,0.0.3951117,0.0.4138717@1776726435.080682501
0.0.3310398,0.1113816888074346,SUCCESS,hbar,0.0.3951117&0.0.3964804,0.0.4138717@1776726432.990096959
0.0.9301583,22.90629141282374,SUCCESS,hbar,0.0.3951117,0.0.4138717@1776726432.032113830
0.0.9597272,0.3679442656708667,SUCCESS,hbar,0.0.3951117,0.0.4138717@1776726433.251364018
0.0.2183535,4.418795474017856,SUCCESS,hbar,0.0.3951117,0.0.4138717@1776726432.715790485
0.0.4351536,0.4017017677902969,SUCCESS,hbar,0.0.3951117,0.0.4138717@1776726436.038306160
0.0.844585,3.620612319960747,SUCCESS,hbar,0.0.3951117&0.0.3964804,0.0.4138717@1776726436.652913296
0.0.9619890,2.886081118262235,SUCCESS,hbar,0.0.3951117&0.0.3964804,0.0.4138717@1776726438.321601282
0.0.9318600,42.76301866766752,SUCCESS,hbar,0.0.3951117,0.0.4138717@1776726437.541259763
0.0.2994397,0.5303793973675243,SUCCESS,hbar,0.0.3951117,0.0.4138717@1776726437.589206873
0.0.9154738,0.5246857211583921,SUCCESS,hbar,0.0.3951117&0.0.3964804,0.0.4138717@1776726439.178045198
0.0.5244199,3.073581566922902,SUCCESS,hbar,0.0.3951117,0.0.4138717@1776726440.645884776
0.0.1123753,1.401222973824688,SUCCESS,hbar,0.0.3951117&0.0.3964804,0.0.4138717@1776726439.099893448
0.0.2960169,0.2529297274314294,SUCCESS,hbar,0.0.3951117,0.0.4138717@1776726442.656253558
0.0.4339505,40.18023095647287,SUCCESS,hbar,0.0.3951117&0.0.3964804,0.0.4138717@1776726440.585146866
0.0.7920605,0.1088532219930442,SUCCESS,hbar,0.0.3951117,0.0.4138717@1776726443.212120086
0.0.139500,2.923989380493284,SUCCESS,hbar,0.0.3951117,0.0.4138717@1776726439.622556656
0.0.8531519,2.912812762995601,SUCCESS,hbar,0.0.3951117,0.0.4138717@1776726439.102475231
0.0.2122027,1.911198015269159,SUCCESS,hbar,0.0.3951117&0.0.3964804,0.0.4138717@1776726439.848220804
0.0.8673695,0.0212610694634625,SUCCESS,hbar,0.0.3951117&0.0.3964804,0.0.4138717@1776726443.989833844
0.0.4531253,0.0187109105323231,SUCCESS,hbar,0.0.3951117&0.0.3964804,0.0.4138717@1776726444.696270428
0.0.1726157,1.968481245649719,SUCCESS,hbar,0.0.3951117&0.0.3964804,0.0.4138717@1776726445.954710917
0.0.10088944,0.8660317454354627,SUCCESS,hbar,0.0.3951117&0.0.3964804,0.0.4138717@1776726445.607563285
0.0.9104463,2.925645675825837,SUCCESS,hbar,0.0.3951117&0.0.3964804,0.0.4138717@1776726444.974152749
0.0.6374996,3.317638107906283,SUCCESS,hbar,0.0.3951117,0.0.4138717@1776726446.689815191
0.0.7788937,0.0118375499814568,SUCCESS,hbar,0.0.3951117,0.0.4138717@1776726444.482023266
0.0.9150357,1.555339662727003,SUCCESS,hbar,0.0.3951117,0.0.4138717@1776726447.064181856
0.0.10064213,0.328766396444553,SUCCESS,hbar,0.0.3951117&0.0.3964804,0.0.4138717@1776726447.114173353
0.0.7526203,0.6651453745248839,SUCCESS,hbar,0.0.3951117&0.0.3964804,0.0.4138717@1776726446.310236452
0.0.8899262,0.9900032929246724,SUCCESS,hbar,0.0.3951117,0.0.4138717@1776726448.493456740
0.0.4349716,0.2567710313690942,SUCCESS,hbar,0.0.3951117&0.0.3964804,0.0.4138717@1776726448.962100224
0.0.4331665,0.4347170294980314,SUCCESS,hbar,0.0.3951117,0.0.4138717@1776726447.755968318
0.0.1784251,0.0162152853711076,SUCCESS,hbar,0.0.3951117&0.0.3964804,0.0.4138717@1776726448.946009381
0.0.5281334,0.08089264326966865,SUCCESS,hbar,0.0.3951117,0.0.4138717@1776726448.143336863
0.0.4339712,0.1243919462329808,SUCCESS,hbar,0.0.3951117,0.0.4138717@1776726448.546967717
0.0.5310061,0.3568208751008972,SUCCESS,hbar,0.0.3951117&0.0.3964804,0.0.4138717@1776726453.275838364
0.0.5117832,26.9578510823289,SUCCESS,hbar,0.0.3951117&0.0.3964804,0.0.4138717@1776726450.608550904
0.0.1512938,0.0002621851862005885,SUCCESS,hbar,0.0.3951117,0.0.4138717@1776726452.137002100
0.0.1711779,0.008039206071975781,SUCCESS,hbar,0.0.3951117,0.0.4138717@1776726453.298571235
0.0.853268,19.42467817943938,SUCCESS,hbar,0.0.3951117,0.0.4138717@1776726456.836336350
0.0.4691881,0.2361991758961554,SUCCESS,hbar,0.0.3951117,0.0.4138717@1776726455.845491812
0.0.662296,20.73508474363177,SUCCESS,hbar,0.0.3951117,0.0.4138717@1776726454.024548418
0.0.4986167,0.08103308396451903,SUCCESS,hbar,0.0.3951117,0.0.4138717@1776726454.889903607
0.0.3829916,10.5128461591052,SUCCESS,hbar,0.0.3951117,0.0.4138717@1776726455.039333766
0.0.4354394,4.239283503546436,SUCCESS,hbar,0.0.3951117,0.0.4138717@1776726456.055813160
0.0.4433722,0.02489903643877057,SUCCESS,hbar,0.0.3951117,0.0.4138717@1776726457.850236396
0.0.1322785,12.03928099880201,SUCCESS,hbar,0.0.3951117,0.0.4138717@1776726459.304704787
0.0.3925109,0.0000161299515652212,SUCCESS,hbar,0.0.3951117,0.0.4138717@1776726458.829790667
0.0.5716339,0.000624256461760796,SUCCESS,hbar,0.0.3951117,0.0.4138717@1776726462.109406579
0.0.4709377,5.332709801515892,SUCCESS,hbar,0.0.3951117,0.0.4138717@1776726462.140953010
0.0.4591423,0.0188875316063484,SUCCESS,hbar,0.0.3951117,0.0.4138717@1776726458.559335813
0.0.4695027,0.1513861787622611,SUCCESS,hbar,0.0.3951117,0.0.4138717@1776726460.895966526
0.0.841339,0.8015939976397585,SUCCESS,hbar,0.0.3951117,0.0.4138717@1776726463.157531570
0.0.834443,42.50534107173675,SUCCESS,hbar,0.0.3951117,0.0.4138717@1776726460.662212450
0.0.4324463,0.05205401454996483,SUCCESS,hbar,0.0.3951117,0.0.4138717@1776726460.716856543
0.0.1266990,0.03430553695280378,SUCCESS,hbar,0.0.3951117,0.0.4138717@1776726464.223029888
0.0.4858736,0.01576212813989042,SUCCESS,hbar,0.0.3951117,0.0.4138717@1776726462.389778864
0.0.5118079,0.6935246192268376,SUCCESS,hbar,0.0.3951117&0.0.3964804,0.0.4138717@1776726463.798099442
0.0.5118232,0.1851408180065909,SUCCESS,hbar,0.0.3951117&0.0.3964804,0.0.4138717@1776726466.242359408
0.0.5118190,0.3950653823125587,SUCCESS,hbar,0.0.3951117&0.0.3964804,0.0.4138717@1776726467.908232842
0.0.4570964,2.972319846062661,SUCCESS,hbar,0.0.3951117,0.0.4138717@1776726467.974096935
0.0.664329,0.02200535475170634,SUCCESS,hbar,0.0.3951117,0.0.4138717@1776726466.784133175
0.0.4792831,0.001200735154569004,SUCCESS,hbar,0.0.3951117,0.0.4138717@1776726465.797278377
0.0.4340758,0.3300308299846176,SUCCESS,hbar,0.0.3951117&0.0.3964804,0.0.4138717@1776726467.150025749
0.0.4338219,2.382611875934403,SUCCESS,hbar,0.0.3951117,0.0.4138717@1776726468.635123773
0.0.5182107,0.1942714874857671,SUCCESS,hbar,0.0.3951117&0.0.3964804,0.0.4138717@1776726470.571373891
0.0.5202236,0.2520365068856323,SUCCESS,hbar,0.0.3951117,0.0.4138717@1776726469.215214249
0.0.4745055,0.002275400571520791,SUCCESS,hbar,0.0.3951117,0.0.4138717@1776726470.335213029
0.0.4590627,0.4033624474578653,SUCCESS,hbar,0.0.3951117,0.0.4138717@1776726469.374011310
0.0.1339713,0.3259976294223256,SUCCESS,hbar,0.0.3951117,0.0.4138717@1776726471.778483551
0.0.4323088,3.3800796420432,SUCCESS,hbar,0.0.3951117&0.0.3964804,0.0.4138717@1776726471.689705824
0.0.4335807,2.83469554489136,SUCCESS,hbar,0.0.3951117,0.0.4138717@1776726468.960235896
0.0.4754443,0.7286384605607881,SUCCESS,hbar,0.0.3951117&0.0.3964804,0.0.4138717@1776726473.712531737
0.0.4345324,0.04741361594988044,SUCCESS,hbar,0.0.3951117,0.0.4138717@1776726473.561548209
0.0.2968839,3.486741593992972,SUCCESS,hbar,0.0.3951117&0.0.3964804,0.0.4138717@1776726472.674914681
0.0.4923080,0.06067195361759584,SUCCESS,hbar,0.0.3951117,0.0.4138717@1776726474.819145745
0.0.3242760,9.764837833606162,SUCCESS,hbar,0.0.3951117&0.0.3964804,0.0.4138717@1776726474.673007491
0.0.5797983,0.0826305828899072,SUCCESS,hbar,0.0.3951117&0.0.3964804,0.0.4138717@1776726472.628830110
0.0.850535,49.87982308839801,SUCCESS,hbar,0.0.3951117,0.0.4138717@1776726472.944847111
0.0.6244791,0.4585973021448283,SUCCESS,hbar,0.0.3951117,0.0.4138717@1776726474.801186588
0.0.6313910,53.31710153992947,SUCCESS,hbar,0.0.3951117&0.0.3964804,0.0.4138717@1776726475.786441321
0.0.6289117,8.218370501615006,SUCCESS,hbar,0.0.3951117&0.0.3964804,0.0.4138717@1776726474.317490203
0.0.6440477,0.2140191294684563,SUCCESS,hbar,0.0.3951117&0.0.3964804,0.0.4138717@1776726477.466274512
0.0.874760,28.08374684390455,SUCCESS,hbar,0.0.3951117&0.0.3964804,0.0.4138717@1776726478.293282870
0.0.4330219,0.07327537127024547,SUCCESS,hbar,0.0.3951117,0.0.4138717@1776726475.664791236
0.0.4702708,0.05532864248129957,SUCCESS,hbar,0.0.3951117,0.0.4138717@1776726480.322476484
0.0.6026305,0.08286322859652004,SUCCESS,hbar,0.0.3951117,0.0.4138717@1776726479.891874029
0.0.6781119,1.224792807484652,SUCCESS,hbar,0.0.3951117&0.0.3964804,0.0.4138717@1776726477.179482290
0.0.7262531,0.01650161645182441,SUCCESS,hbar,0.0.3951117&0.0.3964804,0.0.4138717@1776726483.043838236
0.0.7138336,0.005293760367079899,SUCCESS,hbar,0.0.3951117,0.0.4138717@1776726478.376706144
0.0.1340928,26.93303727498433,SUCCESS,hbar,0.0.3951117,0.0.4138717@1776726478.890271286
0.0.7479340,0.4602794022644379,SUCCESS,hbar,0.0.3951117&0.0.3964804,0.0.4138717@1776726483.759969781
0.0.5078033,0.7920012638242628,SUCCESS,hbar,0.0.3951117,0.0.4138717@1776726481.583425985
0.0.4229805,0.2190035268097811,SUCCESS,hbar,0.0.3951117,0.0.4138717@1776726484.323250490
0.0.4329852,10.55093606563676,SUCCESS,hbar,0.0.3951117&0.0.3964804,0.0.4138717@1776726485.552340773
0.0.4817549,0.5886429492528915,SUCCESS,hbar,0.0.3951117&0.0.3964804,0.0.4138717@1776726483.265402663
0.0.4938729,0.6305746233568987,SUCCESS,hbar,0.0.3951117,0.0.4138717@1776726483.603662399
0.0.4322002,0.1820967817049058,SUCCESS,hbar,0.0.3951117,0.0.4138717@1776726483.949127475
0.0.4968045,1.184352574985624,SUCCESS,hbar,0.0.3951117,0.0.4138717@1776726486.619577386
0.0.2930231,0.1591164530516926,SUCCESS,hbar,0.0.3951117&0.0.3964804,0.0.4138717@1776726486.645623807
0.0.4558891,1.673024728366363,SUCCESS,hbar,0.0.3951117,0.0.4138717@1776726484.630724845
0.0.5976303,0.2044060089660497,SUCCESS,hbar,0.0.3951117&0.0.3964804,0.0.4138717@1776726483.465201762
0.0.4318411,2.28966015672279,SUCCESS,hbar,0.0.3951117,0.0.4138717@1776726488.537795944
0.0.3681428,69.3011020718921,SUCCESS,hbar,0.0.3951117&0.0.3964804,0.0.4138717@1776726486.816482015
0.0.4606843,0.003532996489654717,SUCCESS,hbar,0.0.3951117,0.0.4138717@1776726489.604746361
0.0.5975196,0.06827739019112884,SUCCESS,hbar,0.0.3951117,0.0.4138717@1776726490.528698490
0.0.3969243,0.01229590845396894,SUCCESS,hbar,0.0.3951117,0.0.4138717@1776726487.397188512
0.0.4732964,0.05180501815720838,SUCCESS,hbar,0.0.3951117,0.0.4138717@1776726488.725656448
0.0.4432149,0.1383396252403193,SUCCESS,hbar,0.0.3951117,0.0.4138717@1776726489.135022436
0.0.1412123,0.1680156086239054,SUCCESS,hbar,0.0.3951117&0.0.3964804,0.0.4138717@1776726489.235746737
0.0.4184733,41.53207658990443,SUCCESS,hbar,0.0.3951117,0.0.4138717@1776726492.567018244
0.0.4775299,0.3826581302779501,SUCCESS,hbar,0.0.3951117,0.0.4138717@1776726490.437709526
0.0.4758169,0.2279439869307417,SUCCESS,hbar,0.0.3951117,0.0.4138717@1776726489.634337088
0.0.3071320,11.81139398246742,SUCCESS,hbar,0.0.3951117,0.0.4138717@1776726493.560919498
0.0.10230141,2.160490744119532,SUCCESS,hbar,0.0.3951117,0.0.4138717@1776726491.191278120
0.0.10352676,0.3172963529361778,SUCCESS,hbar,0.0.3951117,0.0.4138717@1776726493.158149057
0.0.4628762,0.866501800077581,SUCCESS,hbar,0.0.3951117,0.0.4138717@1776726496.281003753
0.0.4432398,0.1363205275270587,SUCCESS,hbar,0.0.3951117,0.0.4138717@1776726494.332827566
0.0.10301803,0.09444409789867074,SUCCESS,hbar,0.0.3951117,0.0.4138717@1776726495.044369280
0.0.9299646,1.456134956703311,SUCCESS,hbar,0.0.3951117,0.0.4138717@1776726496.031592541
0.0.8085300,0.2631400865770513,SUCCESS,hbar,0.0.3951117&0.0.3964804,0.0.4138717@1776726495.329622826
0.0.8309441,0.443887746741184,SUCCESS,hbar,0.0.3951117&0.0.3964804,0.0.4138717@1776726494.578836669
0.0.10117265,0.3247377285639784,SUCCESS,hbar,0.0.3951117,0.0.4138717@1776726495.935285393
0.0.8373509,6.091494098804349,SUCCESS,hbar,0.0.3951117&0.0.3964804,0.0.4138717@1776726494.121208265
0.0.1216661,68.83994966293383,SUCCESS,hbar,0.0.3951117,0.0.4138717@1776726498.231693395
0.0.1374442,4.235467482653953,SUCCESS,hbar,0.0.3951117&0.0.3964804,0.0.4138717@1776726495.267462055
0.0.10419614,0.1199437986097124,SUCCESS,hbar,0.0.3951117,0.0.4138717@1776726499.358605600
0.0.7786995,0.6173139278032366,SUCCESS,hbar,0.0.3951117,0.0.4138717@1776726496.123799221
0.0.10076636,0.06290799201760443,SUCCESS,hbar,0.0.3951117,0.0.4138717@1776726499.019684805
0.0.9430013,9.147777906184215,SUCCESS,hbar,0.0.3951117,0.0.4138717@1776726497.913958610
0.0.7164995,4.044611021734047,SUCCESS,hbar,0.0.3964804,0.0.4138717@1776726499.249171393
0.0.7993090,5.593760973767451,SUCCESS,hbar,0.0.3964804,0.0.4138717@1776726500.283039264
0.0.10056907,10.14570331862011,SUCCESS,hbar,0.0.3964804,0.0.4138717@1776726498.607104189
0.0.9144684,0.09712382421047978,SUCCESS,hbar,0.0.3964804,0.0.4138717@1776726501.334268393
0.0.10242536,1.039108805911838,SUCCESS,hbar,0.0.3964804,0.0.4138717@1776726500.259641679
0.0.1859919,0.1485693117797368,SUCCESS,hbar,0.0.3964804,0.0.4138717@1776726501.721155837
0.0.2030460,10.34792864464403,SUCCESS,hbar,0.0.3964804,0.0.4138717@1776726503.570847401
0.0.6094118,0.01317467522704164,SUCCESS,hbar,0.0.3964804,0.0.4138717@1776726504.168287928
0.0.3948696,0.08966406306407189,SUCCESS,hbar,0.0.3964804,0.0.4138717@1776726503.736635070
0.0.9201440,0.04792297011267788,SUCCESS,hbar,0.0.3964804,0.0.4138717@1776726502.762080854
0.0.4310363,0.2247110629252635,SUCCESS,hbar,0.0.3964804,0.0.4138717@1776726503.294567896
0.0.1711144,0.0984556073976306,SUCCESS,hbar,0.0.3964804,0.0.4138717@1776726505.040039444
0.0.1505544,0.007762702662873619,SUCCESS,hbar,0.0.3964804,0.0.4138717@1776726505.669822169
0.0.835625,0.03300115872265171,SUCCESS,hbar,0.0.3964804,0.0.4138717@1776726506.293817032
0.0.760653,0.2193195255786239,SUCCESS,hbar,0.0.3964804,0.0.4138717@1776726506.009134028
0.0.4093826,0.4533883503087468,SUCCESS,hbar,0.0.3964804,0.0.4138717@1776726507.526021072
0.0.6933072,0.5840729161711591,SUCCESS,hbar,0.0.3964804,0.0.4138717@1776726506.061066482
0.0.8629477,0.9635228818969662,SUCCESS,hbar,0.0.3964804,0.0.4138717@1776726506.618407908
0.0.6232417,0.02188052973185586,SUCCESS,hbar,0.0.3964804,0.0.4138717@1776726508.124351187
0.0.4853191,0.004761691830279471,SUCCESS,hbar,0.0.3964804,0.0.4138717@1776726511.985008185
0.0.4911466,0.005726745535338032,SUCCESS,hbar,0.0.3964804,0.0.4138717@1776726508.682670561
0.0.10383503,44.29584980040401,SUCCESS,hbar,0.0.3964804,0.0.4138717@1776726510.105816437
0.0.10167174,0.1784749196037045,SUCCESS,hbar,0.0.3964804,0.0.4138717@1776726510.592615478
0.0.2149252,0.00007368331755644888,SUCCESS,hbar,0.0.3964804,0.0.4138717@1776726511.142461448
0.0.10085318,2.172358215755395,SUCCESS,hbar,0.0.3964804,0.0.4138717@1776726513.554907903
0.0.10356782,0.2943371946450543,SUCCESS,hbar,0.0.3964804,0.0.4138717@1776726512.717040155
0.0.9150672,0.01953932454915053,SUCCESS,hbar,0.0.3964804,0.0.4138717@1776726510.142249089
0.0.9796301,0.4374051854613624,SUCCESS,hbar,0.0.3964804,0.0.4138717@1776726511.140594101
0.0.10279551,0.1513477726460633,SUCCESS,hbar,0.0.3964804,0.0.4138717@1776726512.855286742
0.0.9690555,0.1727342499335268,SUCCESS,hbar,0.0.3964804,0.0.4138717@1776726514.368711300
0.0.10261941,0.6966515247234416,SUCCESS,hbar,0.0.3964804,0.0.4138717@1776726516.303741192
0.0.8291825,1.142017614729072,SUCCESS,hbar,0.0.3964804,0.0.4138717@1776726516.479451086
0.0.7920736,2.75526771276183,SUCCESS,hbar,0.0.3964804,0.0.4138717@1776726513.944098905
0.0.8352642,0.2446507243836896,SUCCESS,hbar,0.0.3964804,0.0.4138717@1776726516.471808418
0.0.5437974,1.166952081010618,SUCCESS,hbar,0.0.3964804,0.0.4138717@1776726516.169301474
0.0.7610560,0.1739748321840809,SUCCESS,hbar,0.0.3964804,0.0.4138717@1776726517.701367868
0.0.8057884,2.749993553238875,SUCCESS,hbar,0.0.3964804,0.0.4138717@1776726517.888249050
0.0.8382708,0.01026240528347999,SUCCESS,hbar,0.0.3964804,0.0.4138717@1776726520.085500203
0.0.7638910,0.05178084376088322,SUCCESS,hbar,0.0.3964804,0.0.4138717@1776726516.759460248
0.0.7550116,0.07015092103363714,SUCCESS,hbar,0.0.3964804,0.0.4138717@1776726519.451611914
0.0.4838474,2.574165980811673,SUCCESS,hbar,0.0.3964804,0.0.4138717@1776726519.527784578
0.0.4319619,0.1139200128527738,SUCCESS,hbar,0.0.3964804,0.0.4138717@1776726519.190404344
0.0.6256886,0.05159245895076552,SUCCESS,hbar,0.0.3964804,0.0.4138717@1776726521.484545804
0.0.8120693,1.305802464644968,SUCCESS,hbar,0.0.3964804,0.0.4138717@1776726521.029834023
0.0.831661,2.937041450041208,SUCCESS,hbar,0.0.3964804,0.0.4138717@1776726520.577722200
0.0.2557514,1.140138153765385,SUCCESS,hbar,0.0.3964804,0.0.4138717@1776726520.763386009
0.0.4250725,0.1758040550251828,SUCCESS,hbar,0.0.3964804,0.0.4138717@1776726519.908314262
0.0.6469391,1.682546077349872,SUCCESS,hbar,0.0.3964804,0.0.4138717@1776726519.593859776
0.0.4853295,0.6101731007554926,SUCCESS,hbar,0.0.3964804,0.0.4138717@1776726524.660327677
0.0.3912896,0.2174333483014088,SUCCESS,hbar,0.0.3964804,0.0.4138717@1776726522.422497872
0.0.4752954,0.307197492834993,SUCCESS,hbar,0.0.3964804,0.0.4138717@1776726520.774636928
0.0.658160,0.002940867468011865,SUCCESS,hbar,0.0.3964804,0.0.4138717@1776726522.985078715
0.0.7920282,0.005533492609295706,SUCCESS,hbar,0.0.3964804,0.0.4138717@1776726523.721480749
0.0.4743054,0.0002949048406328679,SUCCESS,hbar,0.0.3964804,0.0.4138717@1776726527.618192020
0.0.7285744,0.01469828161187032,SUCCESS,hbar,0.0.3964804,0.0.4138717@1776726527.756789434
0.0.8054459,0.3006491413696353,SUCCESS,hbar,0.0.3964804,0.0.4138717@1776726525.454503414
0.0.7777028,0.7330447638358087,SUCCESS,hbar,0.0.3964804,0.0.4138717@1776726524.167421423
0.0.1056579,4.015720718759232,SUCCESS,hbar,0.0.3964804,0.0.4138717@1776726524.844917056
0.0.9149385,0.07335985779482267,SUCCESS,hbar,0.0.3964804,0.0.4138717@1776726528.580493975
0.0.5580759,0.0307925148395031,SUCCESS,hbar,0.0.3964804,0.0.4138717@1776726526.682286572
0.0.1448239,0.05995041628806688,SUCCESS,hbar,0.0.3964804,0.0.4138717@1776726526.694015892
0.0.9104016,0.775258857912131,SUCCESS,hbar,0.0.3964804,0.0.4138717@1776726528.529642035
0.0.6344703,128.1885390564057,SUCCESS,hbar,0.0.3964804,0.0.4138717@1776726531.916226822
0.0.8041705,0.03611916746741621,SUCCESS,hbar,0.0.3964804,0.0.4138717@1776726528.275879761
0.0.6612734,0.008777214837244317,SUCCESS,hbar,0.0.3964804,0.0.4138717@1776726528.226491000
0.0.8514597,4.776939485864871,SUCCESS,hbar,0.0.3964804,0.0.4138717@1776726530.062163442
0.0.8903303,0.7825453413933097,FAIL,hbar,0.0.3964804,
0.0.3288501,0.09377154807607348,SUCCESS,hbar,0.0.3964804,0.0.4138717@1776726533.870925188
0.0.1233065,0.3962685363732902,SUCCESS,hbar,0.0.3964804,0.0.4138717@1776726533.789021858
0.0.4724806,0.007943103428992715,SUCCESS,hbar,0.0.3964804,0.0.4138717@1776726534.257744642
0.0.8717466,0.001160531342395063,SUCCESS,hbar,0.0.3964804,0.0.4138717@1776726534.871560725
0.0.4795853,0.2355999851095677,SUCCESS,hbar,0.0.3964804,0.0.4138717@1776726536.745577470
0.0.4978453,9.758793073835898,SUCCESS,hbar,0.0.3964804,0.0.4138717@1776726532.624699229
0.0.2185671,0.0602069846343864,SUCCESS,hbar,0.0.3964804,0.0.4138717@1776726537.193650621
0.0.6045318,0.2514529691168874,SUCCESS,hbar,0.0.3964804,0.0.4138717@1776726535.060951567
0.0.834666,7.77982030947729,SUCCESS,hbar,0.0.3964804,0.0.4138717@1776726536.456014766
0.0.7200618,0.02203773952770158,SUCCESS,hbar,0.0.3964804,0.0.4138717@1776726539.568556550
0.0.5719491,0.04652259854845317,SUCCESS,hbar,0.0.3964804,0.0.4138717@1776726537.976358699
0.0.1681033,0.2116569271358373,SUCCESS,hbar,0.0.3964804,0.0.4138717@1776726539.616410942
0.0.8551680,0.2779841381483014,SUCCESS,hbar,0.0.3964804,0.0.4138717@1776726537.658113016
0.0.3159220,0.6365623296759901,SUCCESS,hbar,0.0.3964804,0.0.4138717@1776726538.683146293
0.0.840324,2.480321310927482,SUCCESS,hbar,0.0.3964804,0.0.4138717@1776726541.281671465
0.0.4595460,0.1261675532974286,SUCCESS,hbar,0.0.3964804,0.0.4138717@1776726542.844667583
0.0.919311,106.0056215302567,SUCCESS,hbar,0.0.3964804,0.0.4138717@1776726540.282524482
0.0.4899880,0.07676264014651304,SUCCESS,hbar,0.0.3964804,0.0.4138717@1776726539.344747666
0.0.4758052,0.1787822114155981,SUCCESS,hbar,0.0.3964804,0.0.4138717@1776726543.180312578
0.0.9404882,0.2916084736057218,SUCCESS,hbar,0.0.3964804,0.0.4138717@1776726541.277881029
0.0.6460255,2.792518701492023,SUCCESS,hbar,0.0.3964804,0.0.4138717@1776726540.758308080
0.0.4923529,0.001851797551840984,SUCCESS,hbar,0.0.3964804,0.0.4138717@1776726541.132872321
0.0.9178066,26.33159716224902,SUCCESS,hbar,0.0.3964804,0.0.4138717@1776726546.138115248
0.0.4741573,0.9427783533240746,SUCCESS,hbar,0.0.3964804,0.0.4138717@1776726546.093502713
0.0.966444,2.342669616739621,SUCCESS,hbar,0.0.3964804,0.0.4138717@1776726543.916416277
0.0.1747288,3.901251483872847,SUCCESS,hbar,0.0.3964804,0.0.4138717@1776726547.450343896
0.0.9303899,1.34808428683101,SUCCESS,hbar,0.0.3964804,0.0.4138717@1776726546.342600940
0.0.4640278,0.09705252801567205,SUCCESS,hbar,0.0.3964804,0.0.4138717@1776726545.292056203
0.0.2017766,0.9140218755126142,SUCCESS,hbar,0.0.3964804,0.0.4138717@1776726546.480401412
0.0.6295630,0.03422132328032418,SUCCESS,hbar,0.0.3964804,0.0.4138717@1776726547.088215397
0.0.915984,16.92824346984679,SUCCESS,hbar,0.0.3964804,0.0.4138717@1776726546.727260880
0.0.3681629,3.781691599724662,SUCCESS,hbar,0.0.3964804,0.0.4138717@1776726548.281136491
0.0.3295745,3.85789720055986,SUCCESS,hbar,0.0.3964804,0.0.4138717@1776726550.002663624
0.0.853379,14.0089003234729,SUCCESS,hbar,0.0.3964804,0.0.4138717@1776726549.336737258
0.0.5060252,0.02672232916762391,SUCCESS,hbar,0.0.3964804,0.0.4138717@1776726552.124235926
0.0.4322023,0.5960722378881882,SUCCESS,hbar,0.0.3964804,0.0.4138717@1776726550.035677807
0.0.1486871,18.32298521657677,SUCCESS,hbar,0.0.3964804,0.0.4138717@1776726551.773622176
0.0.9272301,0.5570148950317053,SUCCESS,hbar,0.0.3964804,0.0.4138717@1776726548.948199527
0.0.4785387,0.5066568821981222,SUCCESS,hbar,0.0.3964804,0.0.4138717@1776726551.986349154
0.0.4044502,2.448825367515172,SUCCESS,hbar,0.0.3964804,0.0.4138717@1776726554.001962283
0.0.9273859,0.04378140306554284,SUCCESS,hbar,0.0.3964804,0.0.4138717@1776726554.344648431
0.0.1388678,5.099533633441472,SUCCESS,hbar,0.0.3964804,0.0.4138717@1776726553.276198315
0.0.1517175,0.5637937505599989,SUCCESS,hbar,0.0.3964804,0.0.4138717@1776726552.134389146
0.0.8443763,9.551122517469608,SUCCESS,hbar,0.0.3964804,0.0.4138717@1776726553.274642829
0.0.5482082,0.4230251168800893,SUCCESS,hbar,0.0.3964804,0.0.4138717@1776726552.369948024
0.0.9695749,2.041550711334756,SUCCESS,hbar,0.0.3964804,0.0.4138717@1776726553.945452173
0.0.834767,0.7976058978893941,SUCCESS,hbar,0.0.3964804,0.0.4138717@1776726552.624099398
0.0.7550127,0.1269185879931361,SUCCESS,hbar,0.0.3964804,0.0.4138717@1776726556.134821831
0.0.9612822,0.1002673055370351,SUCCESS,hbar,0.0.3964804,0.0.4138717@1776726556.365942360
0.0.9174064,4.824282263159029,SUCCESS,hbar,0.0.3964804,0.0.4138717@1776726560.724977481
0.0.6258977,0.09876002623301046,SUCCESS,hbar,0.0.3964804,0.0.4138717@1776726559.425264009
0.0.9317309,0.0003409447383098277,SUCCESS,hbar,0.0.3964804,0.0.4138717@1776726558.963069750
0.0.946029,0.3298878024523451,SUCCESS,hbar,0.0.3964804,0.0.4138717@1776726558.494459886
0.0.1461428,1.004997303911108,SUCCESS,hbar,0.0.3964804,0.0.4138717@1776726559.781277641
0.0.4154591,4.873921781900589,SUCCESS,hbar,0.0.3964804,0.0.4138717@1776726560.207135450
0.0.1046906,0.02565658020690983,SUCCESS,hbar,0.0.3964804,0.0.4138717@1776726557.562828862
0.0.1043461,45.59906581603911,SUCCESS,hbar,0.0.3964804,0.0.4138717@1776726562.105481070
0.0.9226909,0.212522497899226,SUCCESS,hbar,0.0.3964804,0.0.4138717@1776726560.235534924
0.0.2657839,4.581606600995968,SUCCESS,hbar,0.0.3964804,0.0.4138717@1776726562.196820765
0.0.9464371,55.6434172531583,SUCCESS,hbar,0.0.3964804,0.0.4138717@1776726562.604518684
0.0.3907868,0.003195677168673674,SUCCESS,hbar,0.0.3964804,0.0.4138717@1776726563.573830877
0.0.9477910,4.042788299398842,SUCCESS,hbar,0.0.3964804,0.0.4138717@1776726561.760367489
0.0.1736150,1.66716106935648,SUCCESS,hbar,0.0.3964804,0.0.4138717@1776726565.061316459
0.0.3161254,11440.53017571454,SUCCESS,hbar,0.0.3964804,0.0.4138717@1776726562.750394797
0.0.9405888,0.00878311509391014,SUCCESS,hbar,0.0.3964804,0.0.4138717@1776726563.767403221
0.0.836096,0.1165213638194344,SUCCESS,hbar,0.0.3964804,0.0.4138717@1776726565.562347171
0.0.4329551,1.052086243985485,SUCCESS,hbar,0.0.3964804,0.0.4138717@1776726566.382685010
0.0.827132,0.1145403456097962,SUCCESS,hbar,0.0.3964804,0.0.4138717@1776726564.277010651
0.0.2174952,0.291406781467918,SUCCESS,hbar,0.0.3964804,0.0.4138717@1776726567.130342131
0.0.5029689,0.4066297152126774,SUCCESS,hbar,0.0.3964804,0.0.4138717@1776726565.447760988
0.0.6324031,0.000877887913648802,SUCCESS,hbar,0.0.3964804,0.0.4138717@1776726568.701449416
0.0.4323897,0.01547164273422911,SUCCESS,hbar,0.0.3964804,0.0.4138717@1776726567.797712487
0.0.4782567,2.790150383205504,SUCCESS,hbar,0.0.3964804,0.0.4138717@1776726567.221223001
0.0.4340392,0.05628650553661101,SUCCESS,hbar,0.0.3964804,0.0.4138717@1776726569.855232195
0.0.1415516,9.350035446862703,SUCCESS,hbar,0.0.3964804,0.0.4138717@1776726568.167430484
0.0.837799,1.359364306808334,SUCCESS,hbar,0.0.3964804,0.0.4138717@1776726569.254732512
0.0.4144365,2.00345693425295,SUCCESS,hbar,0.0.3964804,0.0.4138717@1776726569.414993162
0.0.2005484,0.02168763299284162,SUCCESS,hbar,0.0.3964804,0.0.4138717@1776726569.991793591
0.0.8213249,31.29895976625516,SUCCESS,hbar,0.0.3964804,0.0.4138717@1776726570.302809456
0.0.4644030,0.02630071982043438,SUCCESS,hbar,0.0.3964804,0.0.4138717@1776726574.154274101
0.0.876236,0.1552896658024858,SUCCESS,hbar,0.0.3964804,0.0.4138717@1776726570.747606587
0.0.2123622,0.1493723243934331,SUCCESS,hbar,0.0.3964804,0.0.4138717@1776726572.853826677
0.0.10068662,0.03230241307830283,SUCCESS,hbar,0.0.3964804,0.0.4138717@1776726574.508686749
0.0.4360598,0.04413374042856674,SUCCESS,hbar,0.0.3964804,0.0.4138717@1776726573.894885486
0.0.435679,29.47951397170813,SUCCESS,hbar,0.0.3964804,0.0.4138717@1776726571.840347345
0.0.4362017,1.666375685151302,SUCCESS,hbar,0.0.3964804,0.0.4138717@1776726575.559443451
0.0.789990,0.07402756649042116,SUCCESS,hbar,0.0.3964804,0.0.4138717@1776726574.985395105
0.0.848151,0.3778802177881174,SUCCESS,hbar,0.0.3964804,0.0.4138717@1776726575.157643665
0.0.840487,3.262532381144992,SUCCESS,hbar,0.0.3964804,0.0.4138717@1776726576.014174339
0.0.6061106,0.4603650013993649,SUCCESS,hbar,0.0.3964804,0.0.4138717@1776726575.958787209
0.0.5314183,0.3939983312011763,SUCCESS,hbar,0.0.3964804,0.0.4138717@1776726577.238418917
0.0.846992,1.252640476229996,SUCCESS,hbar,0.0.3964804,0.0.4138717@1776726577.957955143
0.0.4799094,0.1097712984510373,SUCCESS,hbar,0.0.3964804,0.0.4138717@1776726576.938283236
0.0.1372179,0.1820066788623249,SUCCESS,hbar,0.0.3964804,0.0.4138717@1776726579.198245213
0.0.1334605,11.29944076133324,SUCCESS,hbar,0.0.3964804,0.0.4138717@1776726580.161775106
0.0.6674918,0.01676281951614477,SUCCESS,hbar,0.0.3964804,0.0.4138717@1776726582.090412363
0.0.2302824,0.002503418082924914,SUCCESS,hbar,0.0.3964804,0.0.4138717@1776726580.649216233
0.0.6095958,9.545990954706191,SUCCESS,hbar,0.0.3964804,0.0.4138717@1776726579.833529919
0.0.4433604,0.07939697879190336,SUCCESS,hbar,0.0.3964804,0.0.4138717@1776726583.400855982
0.0.6058490,0.03291003854666046,SUCCESS,hbar,0.0.3964804,0.0.4138717@1776726583.749387569
0.0.4345176,0.1010107674434753,SUCCESS,hbar,0.0.3964804,0.0.4138717@1776726585.417982778
0.0.6078189,3.743902889783716,SUCCESS,hbar,0.0.3964804,0.0.4138717@1776726581.687639197
0.0.5432163,0.04500504221075875,SUCCESS,hbar,0.0.3964804,0.0.4138717@1776726581.845485269
0.0.6247418,0.05677991561906499,SUCCESS,hbar,0.0.3964804,0.0.4138717@1776726583.208828492
0.0.4659519,1.899688275308463,SUCCESS,hbar,0.0.3964804,0.0.4138717@1776726585.986206659
0.0.4337103,0.001649337908957101,SUCCESS,hbar,0.0.3964804,0.0.4138717@1776726588.517026532
0.0.4184148,0.312143933347631,SUCCESS,hbar,0.0.3964804,0.0.4138717@1776726587.962827030
0.0.1313705,0.796506742731469,SUCCESS,hbar,0.0.3964804,0.0.4138717@1776726586.330283001
0.0.833050,0.03992045338403766,SUCCESS,hbar,0.0.3964804,0.0.4138717@1776726588.634075012
0.0.3872024,1.995386199479286,SUCCESS,hbar,0.0.3964804,0.0.4138717@1776726586.020000585
0.0.1121794,0.180348491375611,SUCCESS,hbar,0.0.3964804,0.0.4138717@1776726589.092522762
0.0.1350500,0.3873525546783518,SUCCESS,hbar,0.0.3964804,0.0.4138717@1776726588.115513820
0.0.1104374,49.17115772822901,SUCCESS,hbar,0.0.3964804,0.0.4138717@1776726585.659580565
0.0.3945405,0.0004660035983294322,SUCCESS,hbar,0.0.3964804,0.0.4138717@1776726591.859713645
0.0.1048940,0.1112674584584341,SUCCESS,hbar,0.0.3964804,0.0.4138717@1776726592.776529037
0.0.4319631,0.1116682984647285,SUCCESS,hbar,0.0.3964804,0.0.4138717@1776726589.286288010
0.0.1018824,5.580613902534336,SUCCESS,hbar,0.0.3964804,0.0.4138717@1776726589.092930156
0.0.3291464,0.01594777690840916,SUCCESS,hbar,0.0.3964804,0.0.4138717@1776726593.328196359
0.0.3768895,0.001393241294770556,SUCCESS,hbar,0.0.3964804,0.0.4138717@1776726590.401450043
0.0.1088670,0.3943448800367842,SUCCESS,hbar,0.0.3964804,0.0.4138717@1776726594.870519694
0.0.842806,162.7393184106521,SUCCESS,hbar,0.0.3964804,0.0.4138717@1776726594.916371301
0.0.4345654,57.24228555308866,SUCCESS,hbar,0.0.3964804,0.0.4138717@1776726594.717754348
0.0.4345412,0.1159680656330264,SUCCESS,hbar,0.0.3964804,0.0.4138717@1776726592.183990876
0.0.2150506,0.07213967446366314,SUCCESS,hbar,0.0.3964804,0.0.4138717@1776726594.263334315
0.0.4346529,2.054927484356496,SUCCESS,hbar,0.0.3964804,0.0.4138717@1776726598.183755194
0.0.920901,25.75487120541168,SUCCESS,hbar,0.0.3964804,0.0.4138717@1776726597.861476525
0.0.4351860,0.9635451795634083,SUCCESS,hbar,0.0.3964804,0.0.4138717@1776726598.981218159
0.0.4356154,0.05730965362047234,SUCCESS,hbar,0.0.3964804,0.0.4138717@1776726595.457374661
0.0.3023498,0.3971066607028415,SUCCESS,hbar,0.0.3964804,0.0.4138717@1776726599.046600521
0.0.4341116,1.00304984010401,SUCCESS,hbar,0.0.3964804,0.0.4138717@1776726598.377604018
0.0.481717,0.173518402737153,SUCCESS,hbar,0.0.3964804,0.0.4138717@1776726601.544067299
0.0.1463629,0.1031071707698141,SUCCESS,hbar,0.0.3964804,0.0.4138717@1776726598.955881861
0.0.6306847,0.02140195500521121,SUCCESS,hbar,0.0.3964804,0.0.4138717@1776726601.960640440
0.0.433061,0.01252910726703973,SUCCESS,hbar,0.0.3964804,0.0.4138717@1776726598.678566309
0.0.5957030,1.47588994665011,SUCCESS,hbar,0.0.3964804,0.0.4138717@1776726599.781235311
0.0.6275653,0.009986972102564912,SUCCESS,hbar,0.0.3964804,0.0.4138717@1776726602.915388038
0.0.793748,135.0233899611383,SUCCESS,hbar,0.0.3964804,0.0.4138717@1776726604.218425658
0.0.1512214,0.01777061193606006,SUCCESS,hbar,0.0.3964804,0.0.4138717@1776726605.523990559
0.0.1198079,43.60070970619799,SUCCESS,hbar,0.0.3964804,0.0.4138717@1776726606.322435832
0.0.965222,6.539371561106915,SUCCESS,hbar,0.0.3964804,0.0.4138717@1776726605.707024317
0.0.1440806,13.8537482153126,SUCCESS,hbar,0.0.3964804,0.0.4138717@1776726604.057252509
0.0.1088074,11.43945445111453,SUCCESS,hbar,0.0.3964804,0.0.4138717@1776726608.552547521
0.0.1432019,2.59766635828787,SUCCESS,hbar,0.0.3964804,0.0.4138717@1776726609.110953344
0.0.1088394,0.07346534936528204,SUCCESS,hbar,0.0.3964804,0.0.4138717@1776726606.998356792
0.0.1425322,0.3760366231792655,SUCCESS,hbar,0.0.3964804,0.0.4138717@1776726608.409032408
0.0.1448131,0.1986524045096436,SUCCESS,hbar,0.0.3964804,0.0.4138717@1776726611.458814926
0.0.859149,14.59049396676575,SUCCESS,hbar,0.0.3964804,0.0.4138717@1776726607.973319448
0.0.859565,14.02184601088882,SUCCESS,hbar,0.0.3964804,0.0.4138717@1776726611.238402794
0.0.2145447,22.32410993005497,SUCCESS,hbar,0.0.3964804,0.0.4138717@1776726610.083337969
0.0.835670,0.04643832265535732,SUCCESS,hbar,0.0.3964804,0.0.4138717@1776726611.556162308
0.0.1877641,0.8912437972462542,SUCCESS,hbar,0.0.3964804,0.0.4138717@1776726610.008862828
0.0.1097802,1.727893510034015,SUCCESS,hbar,0.0.3964804,0.0.4138717@1776726612.812703432
0.0.5421455,0.003563036956978929,SUCCESS,hbar,0.0.3964804,0.0.4138717@1776726614.179103926
0.0.4093788,1.538073876664718,SUCCESS,hbar,0.0.3964804,0.0.4138717@1776726613.418455644
0.0.5495538,0.0153079692726386,SUCCESS,hbar,0.0.3964804,0.0.4138717@1776726612.626594729
0.0.4533464,0.1113039709431924,SUCCESS,hbar,0.0.3964804,0.0.4138717@1776726618.589176117
0.0.859649,0.1548614340714494,SUCCESS,hbar,0.0.3964804,0.0.4138717@1776726618.549923848
0.0.5147407,0.3273291621527327,SUCCESS,hbar,0.0.3964804,0.0.4138717@1776726619.296515209
0.0.796454,40.82485138302014,SUCCESS,hbar,0.0.3964804,0.0.4138717@1776726618.439169096
0.0.3937438,0.2521349842973587,SUCCESS,hbar,0.0.3964804,0.0.4138717@1776726618.102214163
0.0.5023507,0.2419555283664109,SUCCESS,hbar,0.0.3964804,0.0.4138717@1776726619.724542416
0.0.4589167,0.0185519009751714,SUCCESS,hbar,0.0.3964804,0.0.4138717@1776726619.513276722
0.0.5698429,0.005630925031604596,SUCCESS,hbar,0.0.3964804,0.0.4138717@1776726617.549853735
0.0.4351736,0.01318598888715419,SUCCESS,hbar,0.0.3964804,0.0.4138717@1776726617.828526480
0.0.4410999,0.06838155658871636,SUCCESS,hbar,0.0.3964804,0.0.4138717@1776726622.768453274
0.0.5315914,1.440227830452612,SUCCESS,hbar,0.0.3964804,0.0.4138717@1776726618.806790192
0.0.4540904,0.6840787198432328,SUCCESS,hbar,0.0.3964804,0.0.4138717@1776726623.160370063
0.0.4717832,0.1866914325766915,SUCCESS,hbar,0.0.3964804,0.0.4138717@1776726621.054808999
0.0.4358173,1.718382087422644,SUCCESS,hbar,0.0.3964804,0.0.4138717@1776726624.416639738
0.0.3967246,0.4205992749207346,SUCCESS,hbar,0.0.3964804,0.0.4138717@1776726621.976966596
0.0.4965217,0.1915662106219057,SUCCESS,hbar,0.0.3964804,0.0.4138717@1776726624.372201244
0.0.805713,15.77326609563722,SUCCESS,hbar,0.0.3964804,0.0.4138717@1776726623.793307634
0.0.5068116,0.03004694539047516,SUCCESS,hbar,0.0.3964804,0.0.4138717@1776726624.881867810
0.0.753351,0.3714510052862305,SUCCESS,hbar,0.0.3964804,0.0.4138717@1776726624.561952543
0.0.6139137,0.5494209817361779,SUCCESS,hbar,0.0.3964804,0.0.4138717@1776726623.394762638
0.0.5746207,35.98940011100576,SUCCESS,hbar,0.0.3964804,0.0.4138717@1776726626.053317833
0.0.6154587,10.72068985589003,SUCCESS,hbar,0.0.3964804,0.0.4138717@1776726627.871007485
0.0.2101943,0.002363082024725748,SUCCESS,hbar,0.0.3964804,0.0.4138717@1776726628.599673316
0.0.4350498,0.0001624655047153253,SUCCESS,hbar,0.0.3964804,0.0.4138717@1776726627.614458030
0.0.1728462,0.1429642226751023,SUCCESS,hbar,0.0.3964804,0.0.4138717@1776726627.815941487
0.0.4369285,19.35785710236759,SUCCESS,hbar,0.0.3964804,0.0.4138717@1776726629.167013463
0.0.4360122,0.1445295450731591,SUCCESS,hbar,0.0.3964804,0.0.4138717@1776726628.036582861
0.0.4368518,0.05733799082469529,SUCCESS,hbar,0.0.3964804,0.0.4138717@1776726628.440654944
0.0.4333378,0.006049864538730722,SUCCESS,hbar,0.0.3964804,0.0.4138717@1776726629.845226153
0.0.4356553,0.02069990087227901,SUCCESS,hbar,0.0.3964804,0.0.4138717@1776726630.070605591
0.0.835055,0.002658632637710611,SUCCESS,hbar,0.0.3964804,0.0.4138717@1776726630.186550903
0.0.4535053,1.691183958138767,SUCCESS,hbar,0.0.3964804,0.0.4138717@1776726632.517965479
0.0.1703452,0.2995782239396447,SUCCESS,hbar,0.0.3964804,0.0.4138717@1776726632.019523271
0.0.1860252,0.1273687757947939,SUCCESS,hbar,0.0.3964804,0.0.4138717@1776726630.391731045
0.0.4784258,0.1472362213491963,SUCCESS,hbar,0.0.3964804,0.0.4138717@1776726635.688113623
0.0.732798,0.05333646262400654,SUCCESS,hbar,0.0.3964804,0.0.4138717@1776726634.251190787
0.0.795838,0.06205990309335061,SUCCESS,hbar,0.0.3964804,0.0.4138717@1776726634.338208941
0.0.1357334,0.1487694327372693,SUCCESS,hbar,0.0.3964804,0.0.4138717@1776726635.122411125
0.0.3165925,0.04821827884446957,SUCCESS,hbar,0.0.3964804,0.0.4138717@1776726637.406428306
0.0.1353334,0.04122173346768496,SUCCESS,hbar,0.0.3964804,0.0.4138717@1776726636.061450559
0.0.1402758,0.7240010778403045,SUCCESS,hbar,0.0.3964804,0.0.4138717@1776726636.378217894
0.0.728698,0.11881180808116,SUCCESS,hbar,0.0.3964804,0.0.4138717@1776726635.259441676
0.0.4327294,0.01400551734145276,SUCCESS,hbar,0.0.3964804,0.0.4138717@1776726634.430344562
0.0.838198,0.8006248867286488,SUCCESS,hbar,0.0.3964804,0.0.4138717@1776726637.211420090
0.0.3384906,3.203718010518108,SUCCESS,hbar,0.0.3964804,0.0.4138717@1776726641.732182215
0.0.8076778,0.001165118122333664,SUCCESS,hbar,0.0.3964804,0.0.4138717@1776726640.386682694
0.0.7583284,0.1549089861135052,SUCCESS,hbar,0.0.3964804,0.0.4138717@1776726641.568860642
0.0.1673276,1.66192221614986,SUCCESS,hbar,0.0.3964804,0.0.4138717@1776726638.452856541
0.0.4804985,0.1216674669896615,SUCCESS,hbar,0.0.3964804,0.0.4138717@1776726642.240279752
0.0.4343570,0.2352566275283567,SUCCESS,hbar,0.0.3964804,0.0.4138717@1776726642.034166602
0.0.7732676,63.52731267156945,SUCCESS,hbar,0.0.3964804,0.0.4138717@1776726642.723290568
0.0.2891280,0.5261985139616351,SUCCESS,hbar,0.0.3964804,0.0.4138717@1776726642.760555272
0.0.7916029,17.28667314759427,SUCCESS,hbar,0.0.3964804,0.0.4138717@1776726642.430894178
0.0.4861986,0.09984087136477351,SUCCESS,hbar,0.0.3964804,0.0.4138717@1776726644.015797639
0.0.5112630,0.6237524167585459,SUCCESS,hbar,0.0.3964804,0.0.4138717@1776726645.048241275
0.0.931327,51.36840438584672,SUCCESS,hbar,0.0.3964804,0.0.4138717@1776726643.151748246
0.0.710849,0.0125881687984826,SUCCESS,hbar,0.0.3964804,0.0.4138717@1776726642.728934365
0.0.7965412,0.002283804188590808,SUCCESS,hbar,0.0.3964804,0.0.4138717@1776726646.868472876
0.0.7961490,0.1237247785428451,SUCCESS,hbar,0.0.3964804,0.0.4138717@1776726647.084142287
0.0.7703838,0.006451992339287374,SUCCESS,hbar,0.0.3964804,0.0.4138717@1776726644.806780387
0.0.1313215,0.0104097815525443,SUCCESS,hbar,0.0.3964804,0.0.4138717@1776726644.526760740
0.0.6343911,2.589976440651836,SUCCESS,hbar,0.0.3964804,0.0.4138717@1776726645.667577560
0.0.7937765,0.6797027560861996,SUCCESS,hbar,0.0.3964804,0.0.4138717@1776726648.297059676
0.0.4765612,3.417787247118981,SUCCESS,hbar,0.0.3964804,0.0.4138717@1776726648.132059707
0.0.3240624,0.001654432305118486,SUCCESS,hbar,0.0.3964804,0.0.4138717@1776726647.732276581
0.0.4312267,5.696612554474752,SUCCESS,hbar,0.0.3964804,0.0.4138717@1776726647.214928046
0.0.4883729,0.2541406673038257,SUCCESS,hbar,0.0.3964804,0.0.4138717@1776726649.424796718
0.0.1746011,1.242472480125535,SUCCESS,hbar,0.0.3964804,0.0.4138717@1776726649.498305525
0.0.791414,0.259397230435077,SUCCESS,hbar,0.0.3964804,0.0.4138717@1776726649.998701051
0.0.6294131,0.00001834936187217336,SUCCESS,hbar,0.0.3964804,0.0.4138717@1776726649.206892949
0.0.7816479,0.01850479203946237,SUCCESS,hbar,0.0.3964804,0.0.4138717@1776726652.229518718
0.0.1261132,0.3505664823585035,SUCCESS,hbar,0.0.3964804,0.0.4138717@1776726650.603891539
0.0.1404010,0.003827260588705324,SUCCESS,hbar,0.0.3964804,0.0.4138717@1776726653.461284097
0.0.1369825,61.20409949900321,SUCCESS,hbar,0.0.3964804,0.0.4138717@1776726652.761125884
0.0.8209705,0.08099186816804858,SUCCESS,hbar,0.0.3964804,0.0.4138717@1776726651.895930578
0.0.7166497,0.04686284850489882,SUCCESS,hbar,0.0.3964804,0.0.4138717@1776726652.557215844
0.0.8002341,0.1716916480826252,SUCCESS,hbar,0.0.3964804,0.0.4138717@1776726653.656124772
0.0.7938061,0.03849381209949738,SUCCESS,hbar,0.0.3964804,0.0.4138717@1776726653.291544203
0.0.3241611,0.2816844624947591,SUCCESS,hbar,0.0.3964804,0.0.4138717@1776726655.308500119
0.0.8227507,0.3365760460052379,SUCCESS,hbar,0.0.3964804,0.0.4138717@1776726656.928344041
0.0.1754370,0.02767206515648687,SUCCESS,hbar,0.0.3964804,0.0.4138717@1776726656.150414213
0.0.2116216,2.220289849308024,SUCCESS,hbar,0.0.3964804,0.0.4138717@1776726658.388918308
0.0.7965335,1.296621324488977,SUCCESS,hbar,0.0.3964804,0.0.4138717@1776726659.019478508
0.0.844131,0.2096281541803716,SUCCESS,hbar,0.0.3964804,0.0.4138717@1776726659.067157758
0.0.7924085,0.01293314389693964,SUCCESS,hbar,0.0.3964804,0.0.4138717@1776726660.709078941
0.0.7732467,0.121539725883294,SUCCESS,hbar,0.0.3964804,0.0.4138717@1776726660.199966807
0.0.1021958,3.325167400037413,SUCCESS,hbar,0.0.3964804,0.0.4138717@1776726661.500036062
0.0.981571,0.05834351175521234,SUCCESS,hbar,0.0.3964804,0.0.4138717@1776726656.998561374
0.0.3847179,0.4159470588593894,SUCCESS,hbar,0.0.3964804,0.0.4138717@1776726661.443276577
0.0.1467538,0.5339978117260825,SUCCESS,hbar,0.0.3964804,0.0.4138717@1776726657.701192107
0.0.8131537,0.7835131826604029,SUCCESS,hbar,0.0.3964804,0.0.4138717@1776726663.134548666
0.0.8117500,3.896115229762167,SUCCESS,hbar,0.0.3964804,0.0.4138717@1776726660.535520077
0.0.4315395,0.0668541636866685,SUCCESS,hbar,0.0.3964804,0.0.4138717@1776726660.697036764
0.0.4388693,0.1004569692540873,SUCCESS,hbar,0.0.3964804,0.0.4138717@1776726661.302961901
0.0.8083173,0.341221801824186,SUCCESS,hbar,0.0.3964804,0.0.4138717@1776726664.783299762
0.0.2964523,8.931319606773167,SUCCESS,hbar,0.0.3964804,0.0.4138717@1776726662.964302811
0.0.662621,0.3208267542618746,SUCCESS,hbar,0.0.3964804,0.0.4138717@1776726663.682383266
0.0.3872629,0.3790765938354516,SUCCESS,hbar,0.0.3964804,0.0.4138717@1776726665.341455568
0.0.7631749,0.002543165071631444,SUCCESS,hbar,0.0.3964804,0.0.4138717@1776726667.730890519
0.0.794930,0.04167737043146688,SUCCESS,hbar,0.0.3964804,0.0.4138717@1776726664.612872276
0.0.3687848,5.442432472408773,SUCCESS,hbar,0.0.3964804,0.0.4138717@1776726665.961551039
0.0.892270,9.870727274337597,SUCCESS,hbar,0.0.3964804,0.0.4138717@1776726665.431480882
0.0.4423729,0.7623480142232016,SUCCESS,hbar,0.0.3964804,0.0.4138717@1776726666.353626929
0.0.1124401,2.987379346049171,SUCCESS,hbar,0.0.3964804,0.0.4138717@1776726664.688003895
0.0.857760,0.09723527868322553,SUCCESS,hbar,0.0.3964804,0.0.4138717@1776726665.791468348
0.0.7312670,0.7558362540911807,SUCCESS,hbar,0.0.3964804,0.0.4138717@1776726668.280837024
0.0.1102543,8.806211889564167,SUCCESS,hbar,0.0.3964804,0.0.4138717@1776726668.782830174
0.0.6475509,0.1314644412138303,SUCCESS,hbar,0.0.3964804,0.0.4138717@1776726670.837969754
0.0.7450449,0.4449986293661751,SUCCESS,hbar,0.0.3964804,0.0.4138717@1776726667.819034806
0.0.6004536,0.04289803069087675,SUCCESS,hbar,0.0.3964804,0.0.4138717@1776726670.295746865
0.0.6157135,0.2176767223044857,SUCCESS,hbar,0.0.3964804,0.0.4138717@1776726672.077219798
0.0.6270761,25.68858494420052,SUCCESS,hbar,0.0.3964804,0.0.4138717@1776726673.510517509
0.0.2967389,0.3429810501099141,SUCCESS,hbar,0.0.3964804,0.0.4138717@1776726673.123210180
0.0.6416166,0.6792741148657898,SUCCESS,hbar,0.0.3964804,0.0.4138717@1776726671.967281539
0.0.4314332,3.177258133463567,SUCCESS,hbar,0.0.3964804,0.0.4138717@1776726673.532415057
0.0.3048811,75.50577107617252,SUCCESS,hbar,0.0.3964804,0.0.4138717@1776726671.218793925
0.0.6828202,18.09447779509313,SUCCESS,hbar,0.0.3964804,0.0.4138717@1776726673.674732887
0.0.6852334,2.15640069997545,SUCCESS,hbar,0.0.3964804,0.0.4138717@1776726674.716839086
0.0.7798912,1.685705317929816,SUCCESS,hbar,0.0.3964804,0.0.4138717@1776726674.220309339
0.0.862835,0.3734158321639781,SUCCESS,hbar,0.0.3964804,0.0.4138717@1776726674.342868462
0.0.1337171,0.6489363929768598,SUCCESS,hbar,0.0.3964804,0.0.4138717@1776726673.273089597
0.0.7776311,32.73660977487586,SUCCESS,hbar,0.0.3964804,0.0.4138717@1776726675.590680623
0.0.2004450,0.1238811358858389,SUCCESS,hbar,0.0.3964804,0.0.4138717@1776726677.321500438
0.0.4504544,6.435693822784247,SUCCESS,hbar,0.0.3964804,0.0.4138717@1776726676.935231745
0.0.4135513,1.121393219281576,SUCCESS,hbar,0.0.3964804,0.0.4138717@1776726676.361277371
0.0.1463093,1.099929835210551,SUCCESS,hbar,0.0.3964804,0.0.4138717@1776726680.732290754
0.0.811739,1.648397894405919,SUCCESS,hbar,0.0.3964804,0.0.4138717@1776726678.771354131
0.0.887612,1.513806814322494,SUCCESS,hbar,0.0.3964804,0.0.4138717@1776726679.798933900
0.0.4566469,1.839483264543869,SUCCESS,hbar,0.0.3964804,0.0.4138717@1776726681.342179544
0.0.3916542,0.02326189395686007,SUCCESS,hbar,0.0.3964804,0.0.4138717@1776726679.678012773
0.0.6148704,0.05734403891789007,SUCCESS,hbar,0.0.3964804,0.0.4138717@1776726679.290619238
0.0.1486421,1.308884475136797,SUCCESS,hbar,0.0.3964804,0.0.4138717@1776726681.201905147
0.0.1359581,11.03939604318118,SUCCESS,hbar,0.0.3964804,0.0.4138717@1776726680.598122281
0.0.4431727,0.08906735152586431,SUCCESS,hbar,0.0.3964804,0.0.4138717@1776726685.236690280
0.0.7710235,0.09450934594855229,SUCCESS,hbar,0.0.3964804,0.0.4138717@1776726684.457770318
0.0.838791,1.210547541212598,SUCCESS,hbar,0.0.3964804,0.0.4138717@1776726683.946034061
0.0.496172,1.115956137099747,SUCCESS,hbar,0.0.3964804,0.0.4138717@1776726685.205173114
0.0.146930,824.5198515891519,SUCCESS,hbar,0.0.3964804,0.0.4138717@1776726684.264136337
0.0.4887338,0.6432878164080176,SUCCESS,hbar,0.0.3964804,0.0.4138717@1776726684.824910996
0.0.7662545,0.003337018924143403,SUCCESS,hbar,0.0.3964804,0.0.4138717@1776726686.528611736
0.0.7290965,0.5079859358672147,SUCCESS,hbar,0.0.3964804,0.0.4138717@1776726689.173626251
0.0.1524063,3.416134528859805,SUCCESS,hbar,0.0.3964804,0.0.4138717@1776726684.938741670
0.0.7861872,0.002844157188781185,SUCCESS,hbar,0.0.3964804,0.0.4138717@1776726685.653076906
0.0.7896816,18.22895347110164,SUCCESS,hbar,0.0.3964804,0.0.4138717@1776726687.318882221
0.0.7746903,0.0950939262542967,SUCCESS,hbar,0.0.3964804,0.0.4138717@1776726686.104787551
0.0.7791729,0.001116294129864021,SUCCESS,hbar,0.0.3964804,0.0.4138717@1776726686.854850448
0.0.8032303,0.06580713851825058,SUCCESS,hbar,0.0.3964804,0.0.4138717@1776726689.475441035
0.0.7421912,0.05069506144472872,SUCCESS,hbar,0.0.3964804,0.0.4138717@1776726688.019642369
0.0.7965413,0.00112210696964435,SUCCESS,hbar,0.0.3964804,0.0.4138717@1776726688.323196121
0.0.7570262,0.09232355468887832,SUCCESS,hbar,0.0.3964804,0.0.4138717@1776726689.946807768
0.0.7974195,46.96770463252562,SUCCESS,hbar,0.0.3964804,0.0.4138717@1776726691.022855994
0.0.1481135,0.4267446804237698,SUCCESS,hbar,0.0.3964804,0.0.4138717@1776726690.302894003
0.0.1479857,1.286564372608396,SUCCESS,hbar,0.0.3964804,0.0.4138717@1776726691.423243448
0.0.7835479,0.01762474297500254,SUCCESS,hbar,0.0.3964804,0.0.4138717@1776726693.145840690
0.0.5042398,1.93381195844582,SUCCESS,hbar,0.0.3964804,0.0.4138717@1776726695.468929711
0.0.5905014,0.4474220724398292,SUCCESS,hbar,0.0.3964804,0.0.4138717@1776726695.259037023
0.0.7910977,2.100712010771049,SUCCESS,hbar,0.0.3964804,0.0.4138717@1776726694.302567179
0.0.3947850,0.0003623271883212525,SUCCESS,hbar,0.0.3964804,0.0.4138717@1776726691.766864789
0.0.7607102,0.008546593565310562,SUCCESS,hbar,0.0.3964804,0.0.4138717@1776726692.191263082
0.0.8056304,0.6409507974255855,SUCCESS,hbar,0.0.3964804,0.0.4138717@1776726693.571927798
0.0.7912110,0.0003797489949127161,SUCCESS,hbar,0.0.3964804,0.0.4138717@1776726698.253664576
0.0.2006292,0.0669066912684407,SUCCESS,hbar,0.0.3964804,0.0.4138717@1776726697.082432454
0.0.1092596,0.1168600822472864,SUCCESS,hbar,0.0.3964804,0.0.4138717@1776726698.074045684
0.0.5739319,1.12927472500216,SUCCESS,hbar,0.0.3964804,0.0.4138717@1776726695.441649902
0.0.8059253,0.6275515621740498,SUCCESS,hbar,0.0.3964804,0.0.4138717@1776726699.689636162
0.0.2477582,0.3762182294086795,SUCCESS,hbar,0.0.3964804,0.0.4138717@1776726698.950566213
0.0.10256319,12.07701167890985,SUCCESS,hbar,0.0.3964804,0.0.4138717@1776726698.111283352
0.0.10007904,0.0008841359960605447,SUCCESS,hbar,0.0.3964804,0.0.4138717@1776726700.669137221
0.0.7989176,39.2303242657368,SUCCESS,hbar,0.0.3964804,0.0.4138717@1776726699.599856174
0.0.818498,0.007978538801292156,SUCCESS,hbar,0.0.3964804,0.0.4138717@1776726702.288218444
0.0.9812108,0.366726480721153,SUCCESS,hbar,0.0.3964804,0.0.4138717@1776726702.996094309
0.0.10035663,0.2489192320484145,SUCCESS,hbar,0.0.3964804,0.0.4138717@1776726699.980294816
0.0.10190094,171.0485391741078,SUCCESS,hbar,0.0.3964804,0.0.4138717@1776726700.512264897
0.0.10044419,0.5719144667221767,SUCCESS,hbar,0.0.3964804,0.0.4138717@1776726700.284109763
0.0.10164472,493.4024878011359,SUCCESS,hbar,0.0.3964804,0.0.4138717@1776726704.379374306
0.0.10025532,0.0007982195459701344,SUCCESS,hbar,0.0.3964804,0.0.4138717@1776726702.575864383
0.0.10133721,8.868504543597307,SUCCESS,hbar,0.0.3964804,0.0.4138717@1776726702.561008250
0.0.9593512,0.001765934272280685,SUCCESS,hbar,0.0.3964804,0.0.4138717@1776726702.167389132
0.0.10048918,2.86233996940925,SUCCESS,hbar,0.0.3964804,0.0.4138717@1776726706.090486387
0.0.1365923,0.008312395452312119,SUCCESS,hbar,0.0.3964804,0.0.4138717@1776726707.326650317
0.0.10115705,0.0003433051493700965,SUCCESS,hbar,0.0.3964804,0.0.4138717@1776726703.938304765
0.0.9234350,1.429961595466805,SUCCESS,hbar,0.0.3964804,0.0.4138717@1776726707.050749292
0.0.7098838,0.339798175355328,SUCCESS,hbar,0.0.3964804,0.0.4138717@1776726706.698534957
0.0.10359238,0.04911664543872335,SUCCESS,hbar,0.0.3964804,0.0.4138717@1776726704.971098048
0.0.3953598,5.714139603981539,SUCCESS,hbar,0.0.3964804,0.0.4138717@1776726710.515428286
0.0.10359145,0.4796733296401933,SUCCESS,hbar,0.0.3964804,0.0.4138717@1776726707.024672494
0.0.10358044,108.8032643398835,SUCCESS,hbar,0.0.3964804,0.0.4138717@1776726711.670733755
0.0.10308209,17.83602588205316,SUCCESS,hbar,0.0.3964804,0.0.4138717@1776726712.424219614
0.0.10307970,0.0005834720026159242,SUCCESS,hbar,0.0.3964804,0.0.4138717@1776726709.123442840
0.0.1920276,1.855899419230047,SUCCESS,hbar,0.0.3964804,0.0.4138717@1776726708.256855853
0.0.9270286,0.02237919464110693,SUCCESS,hbar,0.0.3964804,0.0.4138717@1776726712.701567734
0.0.3959322,12.00062558945366,SUCCESS,hbar,0.0.3964804,0.0.4138717@1776726712.351666919
0.0.10277044,5.740293212815937,SUCCESS,hbar,0.0.3964804,0.0.4138717@1776726713.202258097
0.0.10359193,0.4466224139570679,SUCCESS,hbar,0.0.3964804,0.0.4138717@1776726710.578289603
0.0.10267167,21.29378326941801,SUCCESS,hbar,0.0.3964804,0.0.4138717@1776726712.188150782
0.0.10267166,40.46036156186935,SUCCESS,hbar,0.0.3964804,0.0.4138717@1776726715.194891725
0.0.9774619,3.239677589468633,SUCCESS,hbar,0.0.3964804,0.0.4138717@1776726716.704676731
0.0.10244829,0.01046806691899457,SUCCESS,hbar,0.0.3964804,0.0.4138717@1776726716.637587598
0.0.10231452,9.639898332498328,SUCCESS,hbar,0.0.3964804,0.0.4138717@1776726712.925095458
0.0.10248120,0.2131402796708161,SUCCESS,hbar,0.0.3964804,0.0.4138717@1776726716.258353521
0.0.8146497,0.5546235119831053,SUCCESS,hbar,0.0.3964804,0.0.4138717@1776726718.813913296
0.0.9034617,0.03804591451906492,SUCCESS,hbar,0.0.3964804,0.0.4138717@1776726720.091042027
0.0.8673292,11.50209069856434,SUCCESS,hbar,0.0.3964804,0.0.4138717@1776726720.576288686
0.0.8602366,0.7494783307459552,SUCCESS,hbar,0.0.3964804,0.0.4138717@1776726717.046343307
0.0.8241599,0.9387656664008732,SUCCESS,hbar,0.0.3964804,0.0.4138717@1776726717.913460174
0.0.8548028,0.000177720744967094,SUCCESS,hbar,0.0.3964804,0.0.4138717@1776726718.320354772
0.0.8538714,0.2958833331131356,SUCCESS,hbar,0.0.3964804,0.0.4138717@1776726720.327883225
0.0.8304314,0.036727729827756,SUCCESS,hbar,0.0.3964804,0.0.4138717@1776726721.677315731
0.0.8152447,0.3631102988322805,SUCCESS,hbar,0.0.3964804,0.0.4138717@1776726717.678900165
0.0.8868403,0.02431361987643308,SUCCESS,hbar,0.0.3964804,0.0.4138717@1776726721.364712161
0.0.847880,9.947651364826797,SUCCESS,hbar,0.0.3964804,0.0.4138717@1776726719.962300936
0.0.8115823,0.0566159284344937,SUCCESS,hbar,0.0.3964804,0.0.4138717@1776726722.712698013
0.0.8104363,150.1851626307401,SUCCESS,hbar,0.0.3964804,0.0.4138717@1776726724.448891957
0.0.1181772,0.03011535312166858,SUCCESS,hbar,0.0.3964804,0.0.4138717@1776726724.882604456
0.0.8068660,0.003610917181406162,SUCCESS,hbar,0.0.3964804,0.0.4138717@1776726723.396121829
0.0.7931472,0.09540391206403637,SUCCESS,hbar,0.0.3964804,0.0.4138717@1776726721.427160549
0.0.8002619,0.1497788626912713,SUCCESS,hbar,0.0.3964804,0.0.4138717@1776726725.097049711
0.0.7809201,0.00004524605318068024,SUCCESS,hbar,0.0.3964804,0.0.4138717@1776726727.091110493
0.0.7913251,0.07881141155402062,SUCCESS,hbar,0.0.3964804,0.0.4138717@1776726726.591671262
0.0.9208631,2.533143642073322,SUCCESS,hbar,0.0.3964804,0.0.4138717@1776726724.122667185
0.0.9728042,55.63879060845326,SUCCESS,hbar,0.0.3964804,0.0.4138717@1776726726.286530550
0.0.8414341,1.412079518199071,SUCCESS,hbar,0.0.3964804,0.0.4138717@1776726726.760625477
0.0.1412348,33.40828995530827,SUCCESS,hbar,0.0.3964804,0.0.4138717@1776726727.064590846
0.0.9774219,0.002573399374755635,SUCCESS,hbar,0.0.3964804,0.0.4138717@1776726727.777002173
0.0.9707531,689.2635672047121,SUCCESS,hbar,0.0.3964804,0.0.4138717@1776726726.926535301
0.0.9707528,255.4306095960294,SUCCESS,hbar,0.0.3964804,0.0.4138717@1776726728.924602149
0.0.9640625,0.007570798185293446,SUCCESS,hbar,0.0.3964804,0.0.4138717@1776726727.141351142
0.0.9579116,0.788849208808263,SUCCESS,hbar,0.0.3964804,0.0.4138717@1776726730.561875927
0.0.9275976,7.876057898563094,SUCCESS,hbar,0.0.3964804,0.0.4138717@1776726731.866992880
0.0.9425366,9.923481781661463,SUCCESS,hbar,0.0.3964804,0.0.4138717@1776726728.559520357
0.0.1400807,0.4036001768426593,SUCCESS,hbar,0.0.3964804,0.0.4138717@1776726729.902776517
0.0.1703381,0.7139230433561262,SUCCESS,hbar,0.0.3964804,0.0.4138717@1776726729.175932331
0.0.9317965,0.5501924768694628,SUCCESS,hbar,0.0.3964804,0.0.4138717@1776726730.360573923
0.0.9301506,0.005337958668863452,SUCCESS,hbar,0.0.3964804,0.0.4138717@1776726730.377732891
0.0.9144627,0.2374597649790518,SUCCESS,hbar,0.0.3964804,0.0.4138717@1776726734.458095446
0.0.9177203,0.002564507022171317,SUCCESS,hbar,0.0.3964804,0.0.4138717@1776726732.672074061
0.0.8188301,0.2467753397930725,SUCCESS,hbar,0.0.3964804,0.0.4138717@1776726730.962578212
0.0.8108637,0.00008569252438077912,SUCCESS,hbar,0.0.3964804,0.0.4138717@1776726734.581086430
0.0.10284472,5.563867894622789,SUCCESS,hbar,0.0.3964804,0.0.4138717@1776726736.941545185
0.0.1268672,0.8574304475233409,SUCCESS,hbar,0.0.3964804,0.0.4138717@1776726735.408616019
0.0.10430673,1.898797332053609,SUCCESS,hbar,0.0.3964804,0.0.4138717@1776726737.702142789
0.0.7724941,1.116227937729094,SUCCESS,hbar,0.0.3964804,0.0.4138717@1776726736.290958950
0.0.10300906,0.6746326618543265,SUCCESS,hbar,0.0.3964804,0.0.4138717@1776726737.166931351
0.0.9205231,0.5300617921766407,SUCCESS,hbar,0.0.3964804,0.0.4138717@1776726734.230650601
0.0.8083839,7.348025602416719,SUCCESS,hbar,0.0.3964804,0.0.4138717@1776726734.214310090
0.0.911691,61.53510530553408,SUCCESS,hbar,0.0.3964804,0.0.4138717@1776726735.225276852
0.0.1385696,5.297023357531487,SUCCESS,hbar,0.0.3964804,0.0.4138717@1776726736.015920005
0.0.10420688,0.05646135587198017,SUCCESS,hbar,0.0.3964804,0.0.4138717@1776726736.038818124
0.0.1483886,93.7282581608462,SUCCESS,hbar,0.0.3964804,0.0.4138717@1776726736.420624155
0.0.7865510,25.0746991985168,SUCCESS,hbar,0.0.3964804,0.0.4138717@1776726741.274589966
0.0.5742160,4.394586399001268,SUCCESS,hbar,0.0.3964804,0.0.4138717@1776726740.205975794
0.0.10247726,0.252550843916901,SUCCESS,hbar,0.0.3964804,0.0.4138717@1776726742.336598136
0.0.7950871,2.461870221324772,SUCCESS,hbar,0.0.3964804,0.0.4138717@1776726739.980893700
0.0.9362153,0.002275929588157058,SUCCESS,hbar,0.0.3964804,0.0.4138717@1776726739.396532313
0.0.8198609,13.43898800127582,SUCCESS,hbar,0.0.3964804,0.0.4138717@1776726739.408660510
0.0.885953,3.979610735028673,SUCCESS,hbar,0.0.3964804,0.0.4138717@1776726740.932681280
0.0.4157253,4.002064102977212,SUCCESS,hbar,0.0.3964804,0.0.4138717@1776726743.099891765
0.0.9162845,4.322643380258578,SUCCESS,hbar,0.0.3964804,0.0.4138717@1776726744.129707393
0.0.10442094,0.02655944717917251,SUCCESS,hbar,0.0.3964804,0.0.4138717@1776726745.851927196
0.0.10307911,0.1350726050585006,SUCCESS,hbar,0.0.3964804,0.0.4138717@1776726746.617764751
0.0.7980177,1.302481026138871,SUCCESS,hbar,0.0.3964804,0.0.4138717@1776726742.609641392
0.0.10427998,0.007586170257496121,SUCCESS,hbar,0.0.3964804,0.0.4138717@1776726745.587342003
0.0.3003013,0.7200815155856723,SUCCESS,hbar,0.0.3964804,0.0.4138717@1776726745.799776314
0.0.8181079,0.2023544021859681,SUCCESS,hbar,0.0.3964804,0.0.4138717@1776726745.917072182
0.0.10435638,0.01007956790220366,SUCCESS,hbar,0.0.3964804,0.0.4138717@1776726743.528798476
0.0.1099801,35.09621446225754,SUCCESS,hbar,0.0.3964804,0.0.4138717@1776726748.303756044
0.0.10435633,0.4304403494558384,SUCCESS,hbar,0.0.3964804,0.0.4138717@1776726748.086576158
0.0.10151415,0.1163629507067194,SUCCESS,hbar,0.0.3964804,0.0.4138717@1776726746.883651482
0.0.10009527,1.782027849568805,SUCCESS,hbar,0.0.3964804,0.0.4138717@1776726746.874246839
0.0.2216740,38.93376669884518,SUCCESS,hbar,0.0.3964804,0.0.4138717@1776726746.484323783
0.0.10064341,0.3718704607816142,SUCCESS,hbar,0.0.3964804,0.0.4138717@1776726747.306577792
0.0.6313326,3.727191663192894,SUCCESS,hbar,0.0.3964804,0.0.4138717@1776726749.410101384
0.0.9353195,0.03813069174943291,SUCCESS,hbar,0.0.3964804,0.0.4138717@1776726752.468149886
0.0.10422583,1.155818008420163,SUCCESS,hbar,0.0.3964804,0.0.4138717@1776726753.268582461
0.0.10408931,0.003796646952095692,SUCCESS,hbar,0.0.3964804,0.0.4138717@1776726753.276404598
0.0.1872027,0.003521704410286508,SUCCESS,hbar,0.0.3964804,0.0.4138717@1776726754.483632447
0.0.1307915,0.0001593032637373391,SUCCESS,hbar,0.0.3964804,0.0.4138717@1776726754.697768998
0.0.838388,5.161456294227127,SUCCESS,hbar,0.0.3964804,0.0.4138717@1776726751.566989676
0.0.1643938,33.21711716329249,SUCCESS,hbar,0.0.3964804,0.0.4138717@1776726754.956225442
0.0.815643,4.097513353918109,SUCCESS,hbar,0.0.3964804,0.0.4138717@1776726752.524236478
0.0.846778,7.072059555596931,SUCCESS,hbar,0.0.3964804,0.0.4138717@1776726753.592322191
0.0.1514634,252.0182039162997,SUCCESS,hbar,0.0.3964804,0.0.4138717@1776726753.301324379
0.0.837554,0.5514112584970509,SUCCESS,hbar,0.0.3964804,0.0.4138717@1776726755.209337985
0.0.1316658,0.1164712589179755,SUCCESS,hbar,0.0.3964804,0.0.4138717@1776726757.691499466
0.0.8084528,15.49574019329433,SUCCESS,hbar,0.0.3964804,0.0.4138717@1776726758.237634600
0.0.4725260,0.04085763208566481,SUCCESS,hbar,0.0.3964804,0.0.4138717@1776726756.877865688
0.0.1183511,0.1033719061668248,SUCCESS,hbar,0.0.3964804,0.0.4138717@1776726757.688003253
0.0.4231312,0.334599274540521,SUCCESS,hbar,0.0.3964804,0.0.4138717@1776726759.943552369
0.0.10420709,0.0236779077392775,SUCCESS,hbar,0.0.3964804,0.0.4138717@1776726760.298191323
0.0.10420713,0.05823167345168649,SUCCESS,hbar,0.0.3964804,0.0.4138717@1776726759.326298755
0.0.10413601,4.099974322495925,SUCCESS,hbar,0.0.3964804,0.0.4138717@1776726759.354362902
0.0.10288826,22.74429426006742,SUCCESS,hbar,0.0.3964804,0.0.4138717@1776726762.603854081
0.0.10371833,60.40881201605181,SUCCESS,hbar,0.0.3964804,0.0.4138717@1776726762.365761286
0.0.10410907,292.3315222973653,SUCCESS,hbar,0.0.3964804,0.0.4138717@1776726762.183652055
0.0.851469,0.1991532477420756,SUCCESS,hbar,0.0.3964804,0.0.4138717@1776726763.173653934
0.0.9072874,0.1010883434855608,SUCCESS,hbar,0.0.3964804,0.0.4138717@1776726760.157044079
0.0.10035851,12.1278822672005,SUCCESS,hbar,0.0.3964804,0.0.4138717@1776726761.263870337
0.0.9417458,0.2196607435683987,SUCCESS,hbar,0.0.3964804,0.0.4138717@1776726764.882147897
0.0.9112742,0.004907658899859351,SUCCESS,hbar,0.0.3964804,0.0.4138717@1776726761.522959676
0.0.832543,0.2384355091435454,SUCCESS,hbar,0.0.3964804,0.0.4138717@1776726764.047461297
0.0.3327498,0.07976054850743074,SUCCESS,hbar,0.0.3964804,0.0.4138717@1776726765.769351077
0.0.4161393,0.03865158180486553,SUCCESS,hbar,0.0.3964804,0.0.4138717@1776726765.258767535
0.0.1478185,0.05863842288593135,SUCCESS,hbar,0.0.3964804,0.0.4138717@1776726765.550863796
0.0.4138268,0.2646951460275525,SUCCESS,hbar,0.0.3964804,0.0.4138717@1776726766.938515370
0.0.10088400,0.06745412805151967,SUCCESS,hbar,0.0.3964804,0.0.4138717@1776726766.442544401
0.0.1178547,0.0610838619268055,SUCCESS,hbar,0.0.3964804,0.0.4138717@1776726765.199424607
0.0.8742796,0.2947461769555922,SUCCESS,hbar,0.0.3964804,0.0.4138717@1776726769.003141559
0.0.823147,18.89880595140778,SUCCESS,hbar,0.0.3964804,0.0.4138717@1776726768.887622723
0.0.8120088,0.02736046598592941,SUCCESS,hbar,0.0.3964804,0.0.4138717@1776726769.180092346
0.0.7789171,0.0520970170712965,SUCCESS,hbar,0.0.3964804,0.0.4138717@1776726767.827348239
0.0.6063136,0.0007069227408587507,SUCCESS,hbar,0.0.3964804,0.0.4138717@1776726770.063981179
0.0.6064013,0.6241560076058498,SUCCESS,hbar,0.0.3964804,0.0.4138717@1776726768.073379712
0.0.5313474,0.01675779973915594,SUCCESS,hbar,0.0.3964804,0.0.4138717@1776726769.203526139
0.0.4330332,0.7266628040527152,SUCCESS,hbar,0.0.3964804,0.0.4138717@1776726772.361178554
0.0.2025203,0.1041915992078898,SUCCESS,hbar,0.0.3964804,0.0.4138717@1776726772.116241899
0.0.7964752,0.005215141411349196,SUCCESS,hbar,0.0.3964804,0.0.4138717@1776726771.387911633
0.0.8298814,2.104655931877273,SUCCESS,hbar,0.0.3964804,0.0.4138717@1776726770.345866215
0.0.8306798,0.02737913617368387,SUCCESS,hbar,0.0.3964804,0.0.4138717@1776726771.587441152
0.0.8156060,0.1329131614480633,SUCCESS,hbar,0.0.3964804,0.0.4138717@1776726772.712048692
0.0.8323906,21.2311827146475,SUCCESS,hbar,0.0.3964804,0.0.4138717@1776726772.692072364
0.0.9450539,1.30045007796877,SUCCESS,hbar,0.0.3964804,0.0.4138717@1776726773.409708052
0.0.9444587,2.542324483378644,SUCCESS,hbar,0.0.3964804,0.0.4138717@1776726774.219631701
0.0.9146353,3.208287318693003,SUCCESS,hbar,0.0.3964804,0.0.4138717@1776726773.250474948
0.0.6160732,0.09482922623181723,SUCCESS,hbar,0.0.3964804,0.0.4138717@1776726774.633531978
0.0.7049977,0.01044705443065054,SUCCESS,hbar,0.0.3964804,0.0.4138717@1776726778.413456414
0.0.813564,0.001312361137182387,SUCCESS,hbar,0.0.3964804,0.0.4138717@1776726775.503196862
0.0.9367202,0.002390504273301364,SUCCESS,hbar,0.0.3964804,0.0.4138717@1776726776.812603368
0.0.1263490,1.482944554631937,SUCCESS,hbar,0.0.3964804,0.0.4138717@1776726779.271610347
0.0.9318048,0.02054586078424184,SUCCESS,hbar,0.0.3964804,0.0.4138717@1776726777.562601409
0.0.5159009,13.64757139675917,SUCCESS,hbar,0.0.3964804,0.0.4138717@1776726775.891398440
0.0.8880678,0.03198884818840146,SUCCESS,hbar,0.0.3964804,0.0.4138717@1776726778.377586900
0.0.9285770,0.1433696308247696,SUCCESS,hbar,0.0.3964804,0.0.4138717@1776726778.677786969
0.0.9275748,0.1574605620701226,SUCCESS,hbar,0.0.3964804,0.0.4138717@1776726781.195577073
0.0.4345655,3.967003709009267,SUCCESS,hbar,0.0.3964804,0.0.4138717@1776726779.655211336
0.0.9504249,2.51396033143574,SUCCESS,hbar,0.0.3964804,0.0.4138717@1776726779.212842695
0.0.833836,2.7412792521826,SUCCESS,hbar,0.0.3964804,0.0.4138717@1776726781.232641422
0.0.3828375,22.33965331729984,SUCCESS,hbar,0.0.3964804,0.0.4138717@1776726779.979507347
0.0.8142528,0.03162511000799505,SUCCESS,hbar,0.0.3964804,0.0.4138717@1776726779.445434751
0.0.9565816,7.488881635860285,SUCCESS,hbar,0.0.3964804,0.0.4138717@1776726784.625814597
0.0.9365757,0.8641729187114848,SUCCESS,hbar,0.0.3964804,0.0.4138717@1776726780.959991528
0.0.8173226,5.349242476410429,SUCCESS,hbar,0.0.3964804,0.0.4138717@1776726786.030708508
0.0.8175769,0.09060937387812656,SUCCESS,hbar,0.0.3964804,0.0.4138717@1776726782.444708030
0.0.8080965,0.01264037237836776,SUCCESS,hbar,0.0.3964804,0.0.4138717@1776726786.477254286
0.0.3273594,3.062368352786138,SUCCESS,hbar,0.0.3964804,0.0.4138717@1776726785.876181635
0.0.8070994,2.078108455569408,SUCCESS,hbar,0.0.3964804,0.0.4138717@1776726783.610656768
0.0.190191,0.09942544829604272,SUCCESS,hbar,0.0.3964804,0.0.4138717@1776726787.796948094
0.0.6068301,0.1238555912467595,SUCCESS,hbar,0.0.3964804,0.0.4138717@1776726787.901529284
0.0.8178093,0.11260763698467,SUCCESS,hbar,0.0.3964804,0.0.4138717@1776726786.961763907
0.0.4594903,0.03997602531908503,SUCCESS,hbar,0.0.3964804,0.0.4138717@1776726784.831133780
0.0.9364762,0.01182529539090333,SUCCESS,hbar,0.0.3964804,0.0.4138717@1776726785.489896772
0.0.887615,0.01374543946409042,SUCCESS,hbar,0.0.3964804,0.0.4138717@1776726789.918122190
0.0.1056474,5.217235686633842,SUCCESS,hbar,0.0.3964804,0.0.4138717@1776726788.341219512
0.0.1906790,0.0142609105218811,SUCCESS,hbar,0.0.3964804,0.0.4138717@1776726790.501098107
0.0.5761971,0.0001961524603359182,SUCCESS,hbar,0.0.3964804,0.0.4138717@1776726789.622254401
0.0.7997139,0.1345835364307826,SUCCESS,hbar,0.0.3964804,0.0.4138717@1776726792.033005709
0.0.8209324,0.7097432318757259,SUCCESS,hbar,0.0.3964804,0.0.4138717@1776726790.007338163
0.0.4867972,0.04157928189777877,SUCCESS,hbar,0.0.3964804,0.0.4138717@1776726789.393330361
0.0.958821,19.7956345704813,SUCCESS,hbar,0.0.3964804,0.0.4138717@1776726790.997487951
0.0.8198608,0.5049705756047989,SUCCESS,hbar,0.0.3964804,0.0.4138717@1776726790.026409616
0.0.5524338,0.0613369109697581,SUCCESS,hbar,0.0.3964804,0.0.4138717@1776726791.746580881
0.0.877394,0.008493785199153423,SUCCESS,hbar,0.0.3964804,0.0.4138717@1776726792.238432892
0.0.53756,4.34566782220229,SUCCESS,hbar,0.0.3964804,0.0.4138717@1776726794.914769072
0.0.1459865,2.128011107550357,SUCCESS,hbar,0.0.3964804,0.0.4138717@1776726796.254162679
0.0.689277,10.00928979391616,SUCCESS,hbar,0.0.3964804,0.0.4138717@1776726793.202656526
0.0.1365814,0.3880661754651897,SUCCESS,hbar,0.0.3964804,0.0.4138717@1776726795.211044859
0.0.1090802,0.09120792398252547,SUCCESS,hbar,0.0.3964804,0.0.4138717@1776726794.520423138
0.0.8585468,0.001155432483813679,SUCCESS,hbar,0.0.3964804,0.0.4138717@1776726797.137056079
0.0.9169121,0.4082030893536165,SUCCESS,hbar,0.0.3964804,0.0.4138717@1776726798.010655253
0.0.2091507,3.727774332594303,SUCCESS,hbar,0.0.3964804,0.0.4138717@1776726797.236444055
0.0.8256574,0.007497645859513564,SUCCESS,hbar,0.0.3964804,0.0.4138717@1776726797.035657597
0.0.8792600,0.003744409237808465,SUCCESS,hbar,0.0.3964804,0.0.4138717@1776726798.608717370
0.0.7788265,0.2318656229328165,SUCCESS,hbar,0.0.3964804,0.0.4138717@1776726795.914131265
0.0.7550890,0.1575889829865,SUCCESS,hbar,0.0.3964804,0.0.4138717@1776726798.700641116
0.0.9009997,0.5256171206801792,SUCCESS,hbar,0.0.3964804,0.0.4138717@1776726800.807164811
0.0.9095016,2.456080301954069,SUCCESS,hbar,0.0.3964804,0.0.4138717@1776726801.714979242
0.0.8767225,0.3544244937058191,SUCCESS,hbar,0.0.3964804,0.0.4138717@1776726801.446120425
0.0.9065767,0.9582136122562112,SUCCESS,hbar,0.0.3964804,0.0.4138717@1776726799.254506500
0.0.8414409,0.02017923144341231,SUCCESS,hbar,0.0.3964804,0.0.4138717@1776726800.061662008
0.0.8113254,0.04000358914902173,SUCCESS,hbar,0.0.3964804,0.0.4138717@1776726802.939255922
0.0.1862342,0.4142085052112636,SUCCESS,hbar,0.0.3964804,0.0.4138717@1776726800.872466248
0.0.8346544,3.791096951952664,SUCCESS,hbar,0.0.3964804,0.0.4138717@1776726805.051498447
0.0.8357708,21.05596480105216,SUCCESS,hbar,0.0.3964804,0.0.4138717@1776726804.193643057
0.0.8357089,0.7960562616919442,SUCCESS,hbar,0.0.3964804,0.0.4138717@1776726804.099361211
0.0.9196038,0.230311311023135,SUCCESS,hbar,0.0.3964804,0.0.4138717@1776726802.742420775
0.0.3077609,3.272789255380189,SUCCESS,hbar,0.0.3964804,0.0.4138717@1776726802.860069577
0.0.590682,0.0138742331304453,SUCCESS,hbar,0.0.3964804,0.0.4138717@1776726802.932961820
0.0.1714233,0.3611236843005708,SUCCESS,hbar,0.0.3964804,0.0.4138717@1776726805.053701517
0.0.8246604,0.00227652840474693,SUCCESS,hbar,0.0.3964804,0.0.4138717@1776726807.903437336
0.0.8385016,0.4129679209755108,SUCCESS,hbar,0.0.3964804,0.0.4138717@1776726805.006681650
0.0.1118731,0.01898184254534132,SUCCESS,hbar,0.0.3964804,0.0.4138717@1776726809.053224833
0.0.1403937,0.01085767114818359,SUCCESS,hbar,0.0.3964804,0.0.4138717@1776726809.754344337
0.0.9177141,0.06454786172559288,SUCCESS,hbar,0.0.3964804,0.0.4138717@1776726808.879664661
0.0.9086562,0.001418050238352852,SUCCESS,hbar,0.0.3964804,0.0.4138717@1776726807.695962451
0.0.8392843,0.458812559573745,SUCCESS,hbar,0.0.3964804,0.0.4138717@1776726809.849394189
0.0.9360820,26.83278495135499,SUCCESS,hbar,0.0.3964804,0.0.4138717@1776726808.057303413
0.0.4140342,0.1469002500433703,SUCCESS,hbar,0.0.3964804,0.0.4138717@1776726811.149359341
0.0.4576074,0.1516651815746562,SUCCESS,hbar,0.0.3964804,0.0.4138717@1776726808.175500721
0.0.4558719,0.005543763527707864,SUCCESS,hbar,0.0.3964804,0.0.4138717@1776726812.967809151
0.0.4552348,0.005037527552286942,SUCCESS,hbar,0.0.3964804,0.0.4138717@1776726811.991540629
0.0.4552309,0.004737425610905608,SUCCESS,hbar,0.0.3964804,0.0.4138717@1776726814.552689065
0.0.4552382,0.004737156452496476,SUCCESS,hbar,0.0.3964804,0.0.4138717@1776726811.054228810
0.0.1082201,12.80851589474382,SUCCESS,hbar,0.0.3964804,0.0.4138717@1776726815.085085431
0.0.4571567,0.8995457504748533,SUCCESS,hbar,0.0.3964804,0.0.4138717@1776726816.363704336
0.0.1024843,0.00001737981197506512,SUCCESS,hbar,0.0.3964804,0.0.4138717@1776726816.422068210
0.0.4573495,2246.275465180545,SUCCESS,hbar,0.0.3964804,0.0.4138717@1776726817.174838718
0.0.1105845,1.041454627231566,SUCCESS,hbar,0.0.3964804,0.0.4138717@1776726816.904355048
0.0.10062632,0.007624593979008622,SUCCESS,hbar,0.0.3964804,0.0.4138717@1776726814.183634111
0.0.4712922,0.02850511713915837,SUCCESS,hbar,0.0.3964804,0.0.4138717@1776726814.092213576
0.0.1071830,0.0727250648584447,SUCCESS,hbar,0.0.3964804,0.0.4138717@1776726817.372244021
0.0.10251800,0.0009772359114281568,SUCCESS,hbar,0.0.3964804,0.0.4138717@1776726815.538854883
0.0.10268439,6.690384753001778,SUCCESS,hbar,0.0.3964804,0.0.4138717@1776726815.569645335
0.0.1365779,0.4073466768877411,SUCCESS,hbar,0.0.3964804,0.0.4138717@1776726818.312686402
0.0.1729400,0.7281000661104673,SUCCESS,hbar,0.0.3964804,0.0.4138717@1776726820.989709916
0.0.9273022,0.0004851560185464793,SUCCESS,hbar,0.0.3964804,0.0.4138717@1776726817.049316438
0.0.9251120,2.035107285697503,SUCCESS,hbar,0.0.3964804,0.0.4138717@1776726818.235569605
0.0.10219431,2.19183475756919,SUCCESS,hbar,0.0.3964804,0.0.4138717@1776726818.179605390
0.0.9509413,0.04860863170628051,SUCCESS,hbar,0.0.3964804,0.0.4138717@1776726822.420224393
0.0.10157649,7.47855810129574,SUCCESS,hbar,0.0.3964804,0.0.4138717@1776726819.068659991
0.0.10014449,0.06205541839694807,SUCCESS,hbar,0.0.3964804,0.0.4138717@1776726822.174477927
0.0.4749526,46.25703454801193,SUCCESS,hbar,0.0.3964804,0.0.4138717@1776726819.022367164
0.0.3450,0.09582516942023447,SUCCESS,hbar,0.0.3964804,0.0.4138717@1776726820.399073267
0.0.4914022,0.8820205676462096,SUCCESS,hbar,0.0.3964804,0.0.4138717@1776726821.911301741
0.0.7313800,53.06848228148101,SUCCESS,hbar,0.0.3964804,0.0.4138717@1776726823.073443697
0.0.1114728,0.004147129597025746,SUCCESS,hbar,0.0.3964804,0.0.4138717@1776726823.397694416
0.0.7142968,0.6967462027213356,SUCCESS,hbar,0.0.3964804,0.0.4138717@1776726824.865127833
0.0.5957081,0.2182825187946733,SUCCESS,hbar,0.0.3964804,0.0.4138717@1776726826.387998678
0.0.4561752,0.02398314107723855,SUCCESS,hbar,0.0.3964804,0.0.4138717@1776726824.677201662
0.0.6334018,0.4196704579158605,SUCCESS,hbar,0.0.3964804,0.0.4138717@1776726826.807472873
0.0.5804427,0.1133630869094848,SUCCESS,hbar,0.0.3964804,0.0.4138717@1776726824.848296156
0.0.1956746,0.02319641863436748,SUCCESS,hbar,0.0.3964804,0.0.4138717@1776726828.562510043
0.0.6181303,7.787366536464808,SUCCESS,hbar,0.0.3964804,0.0.4138717@1776726825.255684315
0.0.5060673,0.1141484500084305,SUCCESS,hbar,0.0.3964804,0.0.4138717@1776726828.126352190
0.0.4499088,0.07330180398578916,SUCCESS,hbar,0.0.3964804,0.0.4138717@1776726830.694595734
0.0.1093612,0.1510174673257115,SUCCESS,hbar,0.0.3964804,0.0.4138717@1776726827.414577120
0.0.4814986,0.00929045687439562,SUCCESS,hbar,0.0.3964804,0.0.4138717@1776726828.105778472
0.0.638522,13.17140739230386,SUCCESS,hbar,0.0.3964804,0.0.4138717@1776726829.193182473
0.0.857763,0.6862480865422643,SUCCESS,hbar,0.0.3964804,0.0.4138717@1776726828.370530402
0.0.937712,8.26047335807909,SUCCESS,hbar,0.0.3964804,0.0.4138717@1776726830.100725517
0.0.955353,0.06717539082986825,SUCCESS,hbar,0.0.3964804,0.0.4138717@1776726832.792406588
0.0.4762160,7.359171629258288,SUCCESS,hbar,0.0.3964804,0.0.4138717@1776726829.675966182
0.0.1696471,7.836646065374874,SUCCESS,hbar,0.0.3964804,0.0.4138717@1776726832.978498323
0.0.683815,0.02358442920894004,SUCCESS,hbar,0.0.3964804,0.0.4138717@1776726831.638481985
0.0.835929,0.0000015002989687364,SUCCESS,hbar,0.0.3964804,0.0.4138717@1776726831.408925638
0.0.1052080,0.4175344734223242,SUCCESS,hbar,0.0.3964804,0.0.4138717@1776726835.551181151
0.0.9687167,0.3312521013103639,SUCCESS,hbar,0.0.3964804,0.0.4138717@1776726835.729864900
0.0.10004246,0.7122900638700371,SUCCESS,hbar,0.0.3964804,0.0.4138717@1776726833.436945174
0.0.9401320,4.533713721651217,SUCCESS,hbar,0.0.3964804,0.0.4138717@1776726836.712318183
0.0.5922808,0.04655905808677258,SUCCESS,hbar,0.0.3964804,0.0.4138717@1776726833.308024027
0.0.751161,2.475312954337366,SUCCESS,hbar,0.0.3964804,0.0.4138717@1776726836.909470681
0.0.9973346,0.005166217669606567,SUCCESS,hbar,0.0.3964804,0.0.4138717@1776726837.649728769
0.0.9477942,0.02254486249419985,SUCCESS,hbar,0.0.3964804,0.0.4138717@1776726835.865224288
0.0.9150527,1.747904859004301,SUCCESS,hbar,0.0.3964804,0.0.4138717@1776726836.283257511
0.0.871471,4.141786972513874,SUCCESS,hbar,0.0.3964804,0.0.4138717@1776726838.114247326
0.0.7983506,0.00004945244595581864,SUCCESS,hbar,0.0.3964804,0.0.4138717@1776726837.490939709
0.0.6320740,1.091863654983494,SUCCESS,hbar,0.0.3964804,0.0.4138717@1776726836.477535247
0.0.1704489,0.000456568641668053,SUCCESS,hbar,0.0.3964804,0.0.4138717@1776726841.037463291
0.0.9729389,0.1758040550251828,SUCCESS,hbar,0.0.3964804,0.0.4138717@1776726840.229530450
0.0.9720442,0.08597378613287776,SUCCESS,hbar,0.0.3964804,0.0.4138717@1776726838.679795962
0.0.3012601,0.4538953301976727,SUCCESS,hbar,0.0.3964804,0.0.4138717@1776726839.293487628
0.0.5012902,0.009128708239698365,SUCCESS,hbar,0.0.3964804,0.0.4138717@1776726840.403354601
0.0.9636419,0.5005367296784747,SUCCESS,hbar,0.0.3964804,0.0.4138717@1776726844.199687895
0.0.5805332,1.602362051130167,SUCCESS,hbar,0.0.3964804,0.0.4138717@1776726843.328145057
0.0.9602777,0.02291718027381841,SUCCESS,hbar,0.0.3964804,0.0.4138717@1776726841.121230856
0.0.8042105,0.1313770670172017,SUCCESS,hbar,0.0.3964804,0.0.4138717@1776726842.529700632
0.0.9590994,15.12852960644671,SUCCESS,hbar,0.0.3964804,0.0.4138717@1776726842.841868060
0.0.4746343,0.002036010568900571,SUCCESS,hbar,0.0.3964804,0.0.4138717@1776726846.495780012
0.0.5007636,0.1128087880105404,SUCCESS,hbar,0.0.3964804,0.0.4138717@1776726846.576002885
0.0.1459068,0.05560706016603362,SUCCESS,hbar,0.0.3964804,0.0.4138717@1776726848.312491693
0.0.10018534,4.205985000146892,SUCCESS,hbar,0.0.3964804,0.0.4138717@1776726845.791329057
0.0.9584885,0.01080721942510565,SUCCESS,hbar,0.0.3964804,0.0.4138717@1776726849.133380845
0.0.10093024,0.3629359131609546,SUCCESS,hbar,0.0.3964804,0.0.4138717@1776726844.721500824
0.0.816698,12.09951690953865,SUCCESS,hbar,0.0.3964804,0.0.4138717@1776726847.071112825
0.0.820706,6.312140986838459,SUCCESS,hbar,0.0.3964804,0.0.4138717@1776726847.396511023
0.0.4372819,0.02486974088471529,SUCCESS,hbar,0.0.3964804,0.0.4138717@1776726847.240128317
0.0.842210,0.115542228467636,SUCCESS,hbar,0.0.3964804,0.0.4138717@1776726848.198412160
0.0.10072624,0.05008518209674752,SUCCESS,hbar,0.0.3964804,0.0.4138717@1776726851.815182958
0.0.9640903,0.5632072899050602,SUCCESS,hbar,0.0.3964804,0.0.4138717@1776726850.878560555
0.0.2963879,2.468006694607216,SUCCESS,hbar,0.0.3964804,0.0.4138717@1776726854.066867575
0.0.4873525,0.07721416488022918,SUCCESS,hbar,0.0.3964804,0.0.4138717@1776726852.904517258
0.0.1745725,1.997889112548342,SUCCESS,hbar,0.0.3964804,0.0.4138717@1776726854.533213836