account,amount,state,token address,pool address,tx id
0.0.850481,9.270088175932358,SUCCESS,hbar,0.0.3951117,0.0.4138717@1788876985.871904852
0.0.9112426,0.06492695108967544,SUCCESS,hbar,0.0.3951117&0.0.3964804,0.0.4138717@1788876984.136820879
0.0.8419510,0.03548333812490732,SUCCESS,hbar,0.0.3951117,0.0.4138717@1788876984.105499270
0.0.1707146,0.1234987433320766,SUCCESS,hbar,0.0.3951117,0.0.4138717@1788876983.482066546
0.0.9125858,1866.066831764545,SUCCESS,hbar,0.0.3951117,0.0.4138717@1788876985.618807318
0.0.1368197,0.2839886601824439,SUCCESS,hbar,0.0.3951117&0.0.3964804,0.0.4138717@1788876987.330152480
0.0.7810768,0.0371436865215713,SUCCESS,hbar,0.0.3951117,0.0.4138717@1788876985.911980511
0.0.1120575,17.79322692013338,SUCCESS,hbar,0.0.3951117&0.0.3964804,0.0.4138717@1788876987.668109444
0.0.9273872,0.001587265394699635,SUCCESS,hbar,0.0.3951117,0.0.4138717@1788876984.087929287
0.0.1515633,0.3680195856973774,SUCCESS,hbar,0.0.3951117,0.0.4138717@1788876983.609760520
0.0.8684349,52.75895605697092,SUCCESS,hbar,0.0.3951117,0.0.4138717@1788876992.338707960
0.0.1758196,0.08400013861309315,SUCCESS,hbar,0.0.3951117,0.0.4138717@1788876992.241710352
0.0.4555391,0.1845383396350686,SUCCESS,hbar,0.0.3951117,0.0.4138717@1788876991.750479397
0.0.9359586,0.005390879539851792,SUCCESS,hbar,0.0.3951117,0.0.4138717@1788876991.292550734
0.0.832852,3.991157617154632,SUCCESS,hbar,0.0.3951117,0.0.4138717@1788876989.786612559
0.0.2174015,0.00204313442987471,SUCCESS,hbar,0.0.3951117,0.0.4138717@1788876994.075961943
0.0.1110198,1.538358580611534,SUCCESS,hbar,0.0.3951117,0.0.4138717@1788876995.176272375
0.0.650437,0.05918211572268102,SUCCESS,hbar,0.0.3951117,0.0.4138717@1788876998.187195251
0.0.8585089,10.83371019378451,SUCCESS,hbar,0.0.3951117,0.0.4138717@1788876997.245319860
0.0.1115297,0.1046712959712043,SUCCESS,hbar,0.0.3951117,0.0.4138717@1788876999.330027404
0.0.5688804,0.1989445320030741,SUCCESS,hbar,0.0.3951117,0.0.4138717@1788877000.301301362
0.0.7287636,1.278811018236901,SUCCESS,hbar,0.0.3951117&0.0.3964804,0.0.4138717@1788877001.328194768
0.0.5126364,1.955092525089265,SUCCESS,hbar,0.0.3951117,0.0.4138717@1788877012.549655723
0.0.6270084,59.12691990100463,SUCCESS,hbar,0.0.3951117&0.0.3964804,0.0.4138717@1788877009.734312652
0.0.7490874,0.0874034636284643,SUCCESS,hbar,0.0.3951117&0.0.3964804,0.0.4138717@1788877015.444907953
0.0.5060163,0.04227737007098347,SUCCESS,hbar,0.0.3951117,0.0.4138717@1788877013.422313353
0.0.1123889,0.2332189306670799,SUCCESS,hbar,0.0.3951117&0.0.3964804,0.0.4138717@1788877012.222334803
0.0.834595,0.2856141147203343,SUCCESS,hbar,0.0.3951117&0.0.3964804,0.0.4138717@1788877024.417878742
0.0.7989790,0.003866066633885587,SUCCESS,hbar,0.0.3951117,0.0.4138717@1788877025.499439480
0.0.3706536,0.001070670459608179,SUCCESS,hbar,0.0.3951117,0.0.4138717@1788877026.487084163
0.0.7542917,0.01969354836609215,SUCCESS,hbar,0.0.3951117,0.0.4138717@1788877026.742508011
0.0.8068996,0.03125682059834679,SUCCESS,hbar,0.0.3951117&0.0.3964804,0.0.4138717@1788877030.198585115
0.0.8071373,0.1412898121759998,SUCCESS,hbar,0.0.3951117,0.0.4138717@1788877029.772582128
0.0.819005,0.9761565949820569,SUCCESS,hbar,0.0.3951117,0.0.4138717@1788877031.364386192
0.0.8212757,0.2327551670429897,SUCCESS,hbar,0.0.3951117,0.0.4138717@1788877030.726406531
0.0.8260017,0.01142411169544428,SUCCESS,hbar,0.0.3951117&0.0.3964804,0.0.4138717@1788877033.652508140
0.0.2137668,3.813576933950344,SUCCESS,hbar,0.0.3951117&0.0.3964804,0.0.4138717@1788877037.851963816
0.0.8382774,0.04988803308700836,SUCCESS,hbar,0.0.3951117&0.0.3964804,0.0.4138717@1788877038.724019840
0.0.5352069,0.06030774885841859,SUCCESS,hbar,0.0.3951117,0.0.4138717@1788877039.215566362
0.0.8490555,0.1963069661584377,SUCCESS,hbar,0.0.3951117,0.0.4138717@1788877039.009546120
0.0.1104990,26.54043805716917,SUCCESS,hbar,0.0.3951117,0.0.4138717@1788877041.456409315
0.0.4343858,0.7728265952188249,SUCCESS,hbar,0.0.3951117,0.0.4138717@1788877043.083362177
0.0.10230141,1.151415632662836,SUCCESS,hbar,0.0.3951117,0.0.4138717@1788877045.227846828
0.0.8373509,2.707442938020476,SUCCESS,hbar,0.0.3951117&0.0.3964804,0.0.4138717@1788877044.976836197
0.0.9299646,0.4827976553974658,SUCCESS,hbar,0.0.3951117,0.0.4138717@1788877044.262378019
0.0.4432398,0.04519857913555988,SUCCESS,hbar,0.0.3951117,0.0.4138717@1788877047.358822091
0.0.10352676,0.1052031163447758,SUCCESS,hbar,0.0.3951117,0.0.4138717@1788877048.462858281
0.0.1408633,0.003905047501715837,SUCCESS,hbar,0.0.3951117,0.0.4138717@1788877044.203104414
0.0.1988559,0.09327147905543558,SUCCESS,hbar,0.0.3951117&0.0.3964804,0.0.4138717@1788877044.559817083
0.0.2017173,4.561030148289163,SUCCESS,hbar,0.0.3951117&0.0.3964804,0.0.4138717@1788877051.381075747
0.0.7786995,14.32292309600398,SUCCESS,hbar,0.0.3951117,0.0.4138717@1788877049.394110631
0.0.10483303,1691.779019554947,SUCCESS,hbar,0.0.3951117,0.0.4138717@1788877049.179474889
0.0.1734809,0.01722271362271473,SUCCESS,hbar,0.0.3951117&0.0.3964804,0.0.4138717@1788877048.520259662
0.0.10493411,0.849080855474648,SUCCESS,hbar,0.0.3951117,0.0.4138717@1788877053.765431569
0.0.912615,0.679401718681737,SUCCESS,hbar,0.0.3951117&0.0.3964804,0.0.4138717@1788877054.377470911
0.0.10504552,0.02013962123711134,SUCCESS,hbar,0.0.3951117,0.0.4138717@1788877053.542849654
0.0.4560992,0.4359308385272228,SUCCESS,hbar,0.0.3951117,0.0.4138717@1788877055.452333192
0.0.10296471,0.7999948916137064,SUCCESS,hbar,0.0.3951117,0.0.4138717@1788877053.341854923
0.0.10789847,0.69214785908562,SUCCESS,hbar,0.0.3951117,0.0.4138717@1788877055.804424370
0.0.10801079,0.000760554139324896,SUCCESS,hbar,0.0.3951117,0.0.4138717@1788877057.892730880
0.0.1157855,0.08385171656597969,SUCCESS,hbar,0.0.3951117,0.0.4138717@1788877054.856109092
0.0.9626972,0.05237337149505334,SUCCESS,hbar,0.0.3951117,0.0.4138717@1788877060.561631695
0.0.9344085,0.8065214902801078,SUCCESS,hbar,0.0.3951117,0.0.4138717@1788877060.939278313
0.0.9755401,0.001516207021294176,SUCCESS,hbar,0.0.3951117,0.0.4138717@1788877063.705228333
0.0.9761018,32.97130580611226,SUCCESS,hbar,0.0.3951117,0.0.4138717@1788877067.159954428
0.0.4570964,0.9855055303522925,SUCCESS,hbar,0.0.3951117,0.0.4138717@1788877071.943062181
0.0.9958383,0.006129501029203364,SUCCESS,hbar,0.0.3951117,0.0.4138717@1788877072.809691967
0.0.9723151,0.000405690713061264,SUCCESS,hbar,0.0.3951117,0.0.4138717@1788877072.463277992
0.0.10031117,0.1164560169222506,SUCCESS,hbar,0.0.3951117,0.0.4138717@1788877070.930101396
0.0.10031118,0.04882742851554996,SUCCESS,hbar,0.0.3951117,0.0.4138717@1788877073.755646049
0.0.813134,4.358677781294029,SUCCESS,hbar,0.0.3951117&0.0.3964804,0.0.4138717@1788877075.924190676
0.0.10021410,0.005326484800843814,SUCCESS,hbar,0.0.3951117,0.0.4138717@1788877073.053327412
0.0.10076247,0.09968630154222571,SUCCESS,hbar,0.0.3951117,0.0.4138717@1788877077.389461044
0.0.1340164,4.205885810879835,SUCCESS,hbar,0.0.3951117,0.0.4138717@1788877075.037762913
0.0.10076636,0.05170833151996593,SUCCESS,hbar,0.0.3951117,0.0.4138717@1788877076.948179912
0.0.735239,0.0000096269977663776,SUCCESS,hbar,0.0.3951117,0.0.4138717@1788877078.182330176
0.0.9302147,0.9347458708249073,SUCCESS,hbar,0.0.3951117,0.0.4138717@1788877080.507854794
0.0.10122546,0.006643467390742473,SUCCESS,hbar,0.0.3951117,0.0.4138717@1788877077.864023139
0.0.10169145,0.011394529664271,SUCCESS,hbar,0.0.3951117,0.0.4138717@1788877080.343864003
0.0.836838,3115.65152139933,SUCCESS,hbar,0.0.3951117,0.0.4138717@1788877081.560624355
0.0.4575306,0.0005169276487294848,SUCCESS,hbar,0.0.3951117,0.0.4138717@1788877084.141420749
0.0.1508462,3.939578646595814,SUCCESS,hbar,0.0.3951117,0.0.4138717@1788877082.767922886
0.0.3872466,0.01463208932593005,SUCCESS,hbar,0.0.3951117,0.0.4138717@1788877081.302757425
0.0.4591423,0.006262370073468749,SUCCESS,hbar,0.0.3951117,0.0.4138717@1788877085.179813790
0.0.3925109,0.0000053480639013408,SUCCESS,hbar,0.0.3951117,0.0.4138717@1788877082.572132561
0.0.4433722,0.008255551011226703,SUCCESS,hbar,0.0.3951117,0.0.4138717@1788877082.303691550
0.0.4361868,3.146302667870724,SUCCESS,hbar,0.0.3951117,0.0.4138717@1788877084.752269262
0.0.1265153,0.0008097367106968128,SUCCESS,hbar,0.0.3951117,0.0.4138717@1788877083.240936487
0.0.834820,4.52563014972989,SUCCESS,hbar,0.0.3951117&0.0.3964804,0.0.4138717@1788877088.457597177
0.0.516971,1.78422201792e-8,SUCCESS,hbar,0.0.3951117,0.0.4138717@1788877086.254237458
0.0.860438,0.2609104879704341,SUCCESS,hbar,0.0.3951117&0.0.3964804,0.0.4138717@1788877088.789462407
0.0.1290358,4.778232670986378,SUCCESS,hbar,0.0.3951117,0.0.4138717@1788877091.433134768
0.0.3241044,1.635097087344322,SUCCESS,hbar,0.0.3951117,0.0.4138717@1788877091.723337488
0.0.832415,24.59892857403134,SUCCESS,hbar,0.0.3951117,0.0.4138717@1788877093.489503133
0.0.3845966,0.2055886324338051,SUCCESS,hbar,0.0.3951117&0.0.3964804,0.0.4138717@1788877091.069681707
0.0.1724832,0.05128209146886477,SUCCESS,hbar,0.0.3951117,0.0.4138717@1788877095.485755825
0.0.1071830,3.807642736277712,SUCCESS,hbar,0.0.3951117&0.0.3964804,0.0.4138717@1788877094.376135606
0.0.832624,0.0006320894250120192,SUCCESS,hbar,0.0.3951117&0.0.3964804,0.0.4138717@1788877093.122628403
0.0.525256,3.496804606014965,SUCCESS,hbar,0.0.3951117,0.0.4138717@1788877098.155085166
0.0.139500,2.234419553893318,SUCCESS,hbar,0.0.3951117,0.0.4138717@1788877099.546665407
0.0.7680254,0.3143055812883491,SUCCESS,hbar,0.0.3951117&0.0.3964804,0.0.4138717@1788877103.664525781
0.0.52231,1.206037450814429,SUCCESS,hbar,0.0.3951117,0.0.4138717@1788877103.180168166
0.0.4570908,6.907784755688136,SUCCESS,hbar,0.0.3951117,0.0.4138717@1788877107.128398672
0.0.835242,0.002858004089676202,SUCCESS,hbar,0.0.3951117,0.0.4138717@1788877106.894285806
0.0.8341357,0.04523211398750224,SUCCESS,hbar,0.0.3951117,0.0.4138717@1788877105.441209505
0.0.4349716,0.1853541129246533,SUCCESS,hbar,0.0.3951117&0.0.3964804,0.0.4138717@1788877110.800644040
0.0.10064213,0.2007076601399452,SUCCESS,hbar,0.0.3951117&0.0.3964804,0.0.4138717@1788877111.613907558
0.0.6374996,2.535233373452553,SUCCESS,hbar,0.0.3951117,0.0.4138717@1788877111.196941868
0.0.10088944,0.2237954932654953,SUCCESS,hbar,0.0.3951117&0.0.3964804,0.0.4138717@1788877113.943326612
0.0.2116956,0.1275154238513014,SUCCESS,hbar,0.0.3951117,0.0.4138717@1788877112.910622804
0.0.7920605,0.08318216521173401,SUCCESS,hbar,0.0.3951117,0.0.4138717@1788877115.289798547
0.0.1123753,0.3851291446449768,SUCCESS,hbar,0.0.3951117,0.0.4138717@1788877115.556203558
0.0.3525426,1.698960894776128,SUCCESS,hbar,0.0.3951117&0.0.3964804,0.0.4138717@1788877113.295939720
0.0.1462225,331.269211978745,SUCCESS,hbar,0.0.3951117,0.0.4138717@1788877117.485850191
0.0.1792818,0.001221001584694934,SUCCESS,hbar,0.0.3951117,0.0.4138717@1788877118.098407637
0.0.1070346,7.515564760415416,SUCCESS,hbar,0.0.3951117,0.0.4138717@1788877118.768564036
0.0.4423729,1.303038563415601,SUCCESS,hbar,0.0.3951117&0.0.3964804,0.0.4138717@1788877117.467703197
0.0.4569835,0.0007947225531974016,SUCCESS,hbar,0.0.3951117,0.0.4138717@1788877120.334275088
0.0.490092,0.01550623150182851,SUCCESS,hbar,0.0.3951117,0.0.4138717@1788877119.752075558
0.0.4383878,0.008238491338442313,SUCCESS,hbar,0.0.3951117,0.0.4138717@1788877119.095268906
0.0.1784251,0.007873298974571587,SUCCESS,hbar,0.0.3951117&0.0.3964804,0.0.4138717@1788877119.809021582
0.0.1339713,0.9932888103069539,SUCCESS,hbar,0.0.3951117&0.0.3964804,0.0.4138717@1788877123.353779098
0.0.4745055,0.0007544342342467296,SUCCESS,hbar,0.0.3951117,0.0.4138717@1788877122.166229865
0.0.4338219,0.7899813283980288,SUCCESS,hbar,0.0.3951117,0.0.4138717@1788877124.032627396
0.0.4792831,0.0003981170252871072,SUCCESS,hbar,0.0.3951117,0.0.4138717@1788877125.855337724
0.0.664329,0.007296118832533449,SUCCESS,hbar,0.0.3951117,0.0.4138717@1788877124.221912256
0.0.4858736,0.005226107975075577,SUCCESS,hbar,0.0.3951117,0.0.4138717@1788877125.093698670
0.0.834443,14.093116106329,SUCCESS,hbar,0.0.3951117,0.0.4138717@1788877128.968203260
0.0.4430933,0.09951340313579296,SUCCESS,hbar,0.0.3951117,0.0.4138717@1788877128.727082718
0.0.4339712,0.04124352603111583,SUCCESS,hbar,0.0.3951117,0.0.4138717@1788877132.513603953
0.0.5028724,0.0006881829617565504,SUCCESS,hbar,0.0.3951117,0.0.4138717@1788877132.686409819
0.0.5156210,0.001799389656025085,SUCCESS,hbar,0.0.3951117&0.0.3964804,0.0.4138717@1788877132.661758933
0.0.5060673,35.63969797400914,SUCCESS,hbar,0.0.3951117,0.0.4138717@1788877131.524114242
0.0.1458130,0.005066125823472653,SUCCESS,hbar,0.0.3951117,0.0.4138717@1788877132.627742763
0.0.1904506,0.0000733209819093792,SUCCESS,hbar,0.0.3951117,0.0.4138717@1788877133.277732670
0.0.1292697,0.08464522911470318,SUCCESS,hbar,0.0.3951117,0.0.4138717@1788877134.785960410
0.0.696790,0.784542335835076,SUCCESS,hbar,0.0.3951117&0.0.3964804,0.0.4138717@1788877137.153445289
0.0.7129552,6.372332164126949,SUCCESS,hbar,0.0.3951117,0.0.4138717@1788877135.612416004
0.0.1380352,0.1825678088938062,SUCCESS,hbar,0.0.3951117,0.0.4138717@1788877138.485278031
0.0.1261552,0.07468630064030198,SUCCESS,hbar,0.0.3951117&0.0.3964804,0.0.4138717@1788877139.720787660
0.0.896788,137.7202746664007,SUCCESS,hbar,0.0.3951117,0.0.4138717@1788877137.592692725
0.0.925802,0.6871058697197303,SUCCESS,hbar,0.0.3951117,0.0.4138717@1788877140.778881692
0.0.1628961,264.3246604451035,SUCCESS,hbar,0.0.3951117&0.0.3964804,0.0.4138717@1788877143.238241968
0.0.819461,0.04438989592042859,SUCCESS,hbar,0.0.3951117,0.0.4138717@1788877142.914474342
0.0.4210667,0.006035250653123559,SUCCESS,hbar,0.0.3951117,0.0.4138717@1788877143.900823631
0.0.1412849,0.0000018515744707392,SUCCESS,hbar,0.0.3951117,0.0.4138717@1788877141.862645835
0.0.823348,0.057935793516278,SUCCESS,hbar,0.0.3951117,0.0.4138717@1788877145.217932383
0.0.914261,0.8476052561550217,SUCCESS,hbar,0.0.3951117,0.0.4138717@1788877143.524030095
0.0.2174139,0.1283640329282273,SUCCESS,hbar,0.0.3951117&0.0.3964804,0.0.4138717@1788877143.743837339
0.0.9597272,0.2811712885972265,SUCCESS,hbar,0.0.3951117,0.0.4138717@1788877149.208463380
0.0.4205604,0.3084709889437101,SUCCESS,hbar,0.0.3951117,0.0.4138717@1788877149.035481213
0.0.639876,0.01784630390355717,SUCCESS,hbar,0.0.3951117,0.0.4138717@1788877148.204281404
0.0.4329215,0.02488751979367049,SUCCESS,hbar,0.0.3951117&0.0.3964804,0.0.4138717@1788877146.763132659
0.0.854331,0.01187685007410868,SUCCESS,hbar,0.0.3951117,0.0.4138717@1788877150.669668552
0.0.4333286,0.0280738638440833,SUCCESS,hbar,0.0.3951117,0.0.4138717@1788877150.660896796
0.0.1453803,0.4804088840009364,SUCCESS,hbar,0.0.3951117,0.0.4138717@1788877149.794018716
0.0.4331665,0.1441352407871381,SUCCESS,hbar,0.0.3951117,0.0.4138717@1788877151.893694602
0.0.1512938,0.0000869303992702752,SUCCESS,hbar,0.0.3951117,0.0.4138717@1788877154.044892149
0.0.8068689,1.555909306119876,SUCCESS,hbar,0.0.3951117&0.0.3964804,0.0.4138717@1788877150.190789376
0.0.1877739,0.03273462909376082,SUCCESS,hbar,0.0.3951117,0.0.4138717@1788877152.890237033
0.0.4864609,0.03135297183324399,SUCCESS,hbar,0.0.3951117,0.0.4138717@1788877151.377526459
0.0.598828,0.007960411464993303,SUCCESS,hbar,0.0.3951117&0.0.3964804,0.0.4138717@1788877153.139158554
0.0.4302086,0.03735628235755344,SUCCESS,hbar,0.0.3951117,0.0.4138717@1788877156.930178331
0.0.7991960,0.8286122389712569,SUCCESS,hbar,0.0.3951117&0.0.3964804,0.0.4138717@1788877153.008080136
0.0.1601282,0.02319471278504286,SUCCESS,hbar,0.0.3951117,0.0.4138717@1788877156.445578893
0.0.2125030,10.93677140819964,SUCCESS,hbar,0.0.3951117,0.0.4138717@1788877157.383890673
0.0.856667,1.113937278816214,SUCCESS,hbar,0.0.3951117&0.0.3964804,0.0.4138717@1788877157.418991593
0.0.1991961,6.063987421087655,SUCCESS,hbar,0.0.3951117,0.0.4138717@1788877155.716930525
0.0.4347838,0.7464105981581028,SUCCESS,hbar,0.0.3951117,0.0.4138717@1788877158.500441819
0.0.8060346,0.0009770786183160576,SUCCESS,hbar,0.0.3951117,0.0.4138717@1788877159.063386830
0.0.7889838,0.01074965079328969,SUCCESS,hbar,0.0.3951117,0.0.4138717@1788877160.266367459
0.0.10380727,0.4939529691194635,SUCCESS,hbar,0.0.3951117&0.0.3964804,0.0.4138717@1788877158.506754871
0.0.6258771,0.8813355089921461,SUCCESS,hbar,0.0.3951117,0.0.4138717@1788877163.589861479
0.0.10831542,1.507454877631811,SUCCESS,hbar,0.0.3951117,0.0.4138717@1788877161.610493815
0.0.1379217,1.099500588639582,SUCCESS,hbar,0.0.3951117,0.0.4138717@1788877166.371239222
0.0.4912200,22.06778072190491,SUCCESS,hbar,0.0.3951117&0.0.3964804,0.0.4138717@1788877166.634768107
0.0.4342759,6.586121878519322,SUCCESS,hbar,0.0.3951117,0.0.4138717@1788877166.326646729
0.0.1691323,4.650064460902818,SUCCESS,hbar,0.0.3951117&0.0.3964804,0.0.4138717@1788877166.920689498
0.0.4766933,5.368358570122548,SUCCESS,hbar,0.0.3951117,0.0.4138717@1788877170.307807007
0.0.6781119,1.305039952921964,SUCCESS,hbar,0.0.3951117&0.0.3964804,0.0.4138717@1788877167.339491377
0.0.7262531,0.003314356200731664,SUCCESS,hbar,0.0.3951117&0.0.3964804,0.0.4138717@1788877171.406983771
0.0.7138336,0.004045323063325622,SUCCESS,hbar,0.0.3951117,0.0.4138717@1788877171.906594474
0.0.1340928,8.929946492414578,SUCCESS,hbar,0.0.3951117,0.0.4138717@1788877168.627420434
0.0.7479340,0.3261223977073,SUCCESS,hbar,0.0.3951117&0.0.3964804,0.0.4138717@1788877174.054891795
0.0.5078033,0.6052221401360245,SUCCESS,hbar,0.0.3951117,0.0.4138717@1788877170.980281083
0.0.4229805,0.1673555198045284,SUCCESS,hbar,0.0.3951117,0.0.4138717@1788877173.843204604
0.0.1726157,1.130711843332364,SUCCESS,hbar,0.0.3951117&0.0.3964804,0.0.4138717@1788877175.615082133
0.0.4551977,0.02891772621471516,SUCCESS,hbar,0.0.3951117,0.0.4138717@1788877173.593808095
0.0.8616856,12.30681648822469,SUCCESS,hbar,0.0.3951117&0.0.3964804,0.0.4138717@1788877175.032558213
0.0.1110477,2.939104953734664,SUCCESS,hbar,0.0.3951117,0.0.4138717@1788877174.673011436
0.0.1490591,3.995154900900379,SUCCESS,hbar,0.0.3951117&0.0.3964804,0.0.4138717@1788877173.990911272
0.0.1023917,1.840530686598437,SUCCESS,hbar,0.0.3951117&0.0.3964804,0.0.4138717@1788877176.352703677
0.0.1506598,0.5361568934440945,SUCCESS,hbar,0.0.3951117,0.0.4138717@1788877177.346063562
0.0.4559340,0.03503835533036278,SUCCESS,hbar,0.0.3951117,0.0.4138717@1788877176.188951232
0.0.7798148,0.8277031822427319,SUCCESS,hbar,0.0.3951117,0.0.4138717@1788877177.047757645
0.0.7843482,0.3030195696212176,SUCCESS,hbar,0.0.3951117&0.0.3964804,0.0.4138717@1788877176.704516689
0.0.7835270,1.717214776258456,SUCCESS,hbar,0.0.3951117,0.0.4138717@1788877177.327459192
0.0.4503599,0.4123005496818319,SUCCESS,hbar,0.0.3951117,0.0.4138717@1788877179.447785159
0.0.4351536,0.306967696521774,SUCCESS,hbar,0.0.3951117,0.0.4138717@1788877177.662374660
0.0.9120392,0.116944692135099,SUCCESS,hbar,0.0.3951117&0.0.3964804,0.0.4138717@1788877183.028939281
0.0.9195929,2.883084710947377,SUCCESS,hbar,0.0.3951117&0.0.3964804,0.0.4138717@1788877183.638185234
0.0.7891604,2.402322458539418,SUCCESS,hbar,0.0.3951117,0.0.4138717@1788877184.725713824
0.0.9200436,0.1194990051725568,SUCCESS,hbar,0.0.3951117,0.0.4138717@1788877183.620415394
0.0.657648,17.04912548030967,SUCCESS,hbar,0.0.3951117,0.0.4138717@1788877184.212664756
0.0.8013259,257.1938679716917,SUCCESS,hbar,0.0.3951117,0.0.4138717@1788877183.328162943
0.0.6872459,77.17241740422311,SUCCESS,hbar,0.0.3951117,0.0.4138717@1788877187.310149405
0.0.9301583,11.44076752872031,SUCCESS,hbar,0.0.3951117,0.0.4138717@1788877186.652531918
0.0.2773436,30.37785005266309,SUCCESS,hbar,0.0.3951117&0.0.3964804,0.0.4138717@1788877187.098023004
0.0.3310398,0.07025923119355168,SUCCESS,hbar,0.0.3951117&0.0.3964804,0.0.4138717@1788877189.094606837
0.0.1374442,2.106441745347027,SUCCESS,hbar,0.0.3951117&0.0.3964804,0.0.4138717@1788877189.382170250
0.0.844585,2.424542123086733,SUCCESS,hbar,0.0.3951117&0.0.3964804,0.0.4138717@1788877187.906928626
0.0.9318600,32.67813684002562,SUCCESS,hbar,0.0.3951117,0.0.4138717@1788877191.033820228
0.0.2141800,4.30993268236247,SUCCESS,hbar,0.0.3951117,0.0.4138717@1788877189.688964998
0.0.956549,17.97308142219262,SUCCESS,hbar,0.0.3951117,0.0.4138717@1788877193.458158731
0.0.9154738,0.3070439951345056,SUCCESS,hbar,0.0.3951117&0.0.3964804,0.0.4138717@1788877190.127612094
0.0.2994397,0.4052990425909901,SUCCESS,hbar,0.0.3951117,0.0.4138717@1788877190.036967015
0.0.9619890,2.199218681578119,SUCCESS,hbar,0.0.3951117&0.0.3964804,0.0.4138717@1788877192.624034454
0.0.10609625,0.0000233660808975456,SUCCESS,hbar,0.0.3951117,0.0.4138717@1788877191.645119620
0.0.10824909,0.6692352617037405,SUCCESS,hbar,0.0.3951117&0.0.3964804,0.0.4138717@1788877192.494296283
0.0.2960169,0.1932808417513303,SUCCESS,hbar,0.0.3951117,0.0.4138717@1788877192.541505379
0.0.8531519,0.804127313529763,SUCCESS,hbar,0.0.3951117,0.0.4138717@1788877193.436370304
0.0.2122027,1.274104598984384,SUCCESS,hbar,0.0.3951117&0.0.3964804,0.0.4138717@1788877193.592958225
0.0.4531253,0.0130798781686097,SUCCESS,hbar,0.0.3951117&0.0.3964804,0.0.4138717@1788877197.026415780
0.0.9104463,1.877730370652086,SUCCESS,hbar,0.0.3951117&0.0.3964804,0.0.4138717@1788877197.560709467
0.0.7788937,0.005834370462681196,SUCCESS,hbar,0.0.3951117,0.0.4138717@1788877199.101882299
0.0.847617,1.177510955288311,SUCCESS,hbar,0.0.3951117,0.0.4138717@1788877194.990013479
0.0.9150357,1.188541031827129,SUCCESS,hbar,0.0.3951117,0.0.4138717@1788877195.898291169
0.0.7526203,0.2886814198068237,SUCCESS,hbar,0.0.3951117&0.0.3964804,0.0.4138717@1788877198.767708331
0.0.10812303,30.7001897649316,SUCCESS,hbar,0.0.3951117,0.0.4138717@1788877198.322787150
0.0.8899262,0.7565289843003735,SUCCESS,hbar,0.0.3951117,0.0.4138717@1788877196.992315992
0.0.10801086,2.87090186976e-8,SUCCESS,hbar,0.0.3951117,0.0.4138717@1788877200.761335471
0.0.10584246,242.2526003337037,SUCCESS,hbar,0.0.3951117&0.0.3964804,0.0.4138717@1788877202.725602076
0.0.8546442,0.0002393180443774368,SUCCESS,hbar,0.0.3951117,0.0.4138717@1788877203.873919671
0.0.4331763,0.0000290850738080256,SUCCESS,hbar,0.0.3951117,0.0.4138717@1788877200.205357828
0.0.6234814,0.0149563111814051,SUCCESS,hbar,0.0.3951117,0.0.4138717@1788877202.220492692
0.0.700741,0.0000586302720268608,SUCCESS,hbar,0.0.3951117,0.0.4138717@1788877203.540322243
0.0.1274087,55.37236522275789,SUCCESS,hbar,0.0.3951117,0.0.4138717@1788877203.513800039
0.0.5202236,0.1925982710598008,SUCCESS,hbar,0.0.3951117,0.0.4138717@1788877203.176337602
0.0.4324463,0.0397780199699176,SUCCESS,hbar,0.0.3951117,0.0.4138717@1788877202.708329038
0.0.1266990,0.026215198688999,SUCCESS,hbar,0.0.3951117,0.0.4138717@1788877207.314379765
0.0.5118079,0.4139799712227756,SUCCESS,hbar,0.0.3951117&0.0.3964804,0.0.4138717@1788877209.208663474
0.0.5118232,0.1381586016951268,SUCCESS,hbar,0.0.3951117&0.0.3964804,0.0.4138717@1788877207.173664065
0.0.5118190,0.2891228245472027,SUCCESS,hbar,0.0.3951117&0.0.3964804,0.0.4138717@1788877209.318226324
0.0.5119346,1.305992104461609,SUCCESS,hbar,0.0.3951117&0.0.3964804,0.0.4138717@1788877209.153871237
0.0.6026305,0.06332144005378054,SUCCESS,hbar,0.0.3951117,0.0.4138717@1788877209.050685256
0.0.841339,0.6125526017839463,SUCCESS,hbar,0.0.3951117,0.0.4138717@1788877209.066145941
0.0.5182107,0.1302640614652836,SUCCESS,hbar,0.0.3951117&0.0.3964804,0.0.4138717@1788877212.102779643
0.0.4582751,0.06219899318136701,SUCCESS,hbar,0.0.3951117,0.0.4138717@1788877211.959130265
0.0.4590627,0.3082367350301636,SUCCESS,hbar,0.0.3951117,0.0.4138717@1788877213.727948882
0.0.4323088,2.306691172555476,SUCCESS,hbar,0.0.3951117&0.0.3964804,0.0.4138717@1788877209.197960371
0.0.4335807,2.166184048784399,SUCCESS,hbar,0.0.3951117,0.0.4138717@1788877215.016797598
0.0.4986167,0.0619229018171245,SUCCESS,hbar,0.0.3951117,0.0.4138717@1788877212.431653587
0.0.5281334,0.06181558151123373,SUCCESS,hbar,0.0.3951117,0.0.4138717@1788877215.344620928
0.0.5117832,19.09372563695931,SUCCESS,hbar,0.0.3951117&0.0.3964804,0.0.4138717@1788877214.963644228
0.0.1711779,0.006143305227042211,SUCCESS,hbar,0.0.3951117,0.0.4138717@1788877217.860639925
0.0.853268,14.84372037797964,SUCCESS,hbar,0.0.3951117,0.0.4138717@1788877215.712771528
0.0.662296,15.81549413667978,SUCCESS,hbar,0.0.3951117,0.0.4138717@1788877218.302381455
0.0.4346579,0.0007984583742563712,SUCCESS,hbar,0.0.3951117,0.0.4138717@1788877218.930203127
0.0.4370057,0.02903178857401328,SUCCESS,hbar,0.0.3951117,0.0.4138717@1788877219.586107853
0.0.4322065,0.442507398158619,SUCCESS,hbar,0.0.3951117,0.0.4138717@1788877221.006687541
0.0.1338331,0.1819732256592581,SUCCESS,hbar,0.0.3951117,0.0.4138717@1788877218.309226951
0.0.4349304,0.001920512284669238,SUCCESS,hbar,0.0.3951117,0.0.4138717@1788877218.953993694
0.0.1735540,0.4170405862680218,SUCCESS,hbar,0.0.3951117,0.0.4138717@1788877221.683647375
0.0.1910285,0.05312576244751099,SUCCESS,hbar,0.0.3951117,0.0.4138717@1788877221.114292398
0.0.4350041,0.08226483224299894,SUCCESS,hbar,0.0.3951117,0.0.4138717@1788877223.278530203
0.0.1075892,0.473353884764892,SUCCESS,hbar,0.0.3951117,0.0.4138717@1788877222.355020314
0.0.508876,23.43767198936948,SUCCESS,hbar,0.0.3951117&0.0.3964804,0.0.4138717@1788877223.513280506
0.0.5310061,0.2290727109535597,SUCCESS,hbar,0.0.3951117&0.0.3964804,0.0.4138717@1788877226.325391173
0.0.10818243,0.004221448020970157,SUCCESS,hbar,0.0.3951117,0.0.4138717@1788877226.381934205
0.0.104926,0.001712823016380077,SUCCESS,hbar,0.0.3951117,0.0.4138717@1788877225.660413350
0.0.4348824,0.00764006585386297,SUCCESS,hbar,0.0.3951117,0.0.4138717@1788877224.168568521
0.0.4544530,0.07195736082136517,SUCCESS,hbar,0.0.3951117&0.0.3964804,0.0.4138717@1788877227.976768333
0.0.1506629,0.03796632484139704,SUCCESS,hbar,0.0.3951117,0.0.4138717@1788877228.126572388
0.0.795933,0.6120278156476885,SUCCESS,hbar,0.0.3951117,0.0.4138717@1788877228.370860680
0.0.4324445,0.04984717126083762,SUCCESS,hbar,0.0.3951117&0.0.3964804,0.0.4138717@1788877228.166550469
0.0.4321631,1.58662615508816,SUCCESS,hbar,0.0.3951117&0.0.3964804,0.0.4138717@1788877228.355211688
0.0.2968839,1.359950212919901,SUCCESS,hbar,0.0.3951117&0.0.3964804,0.0.4138717@1788877226.233083169
0.0.3681428,44.27572414387272,SUCCESS,hbar,0.0.3951117&0.0.3964804,0.0.4138717@1788877226.812813346
0.0.4329852,7.032873544511205,SUCCESS,hbar,0.0.3951117&0.0.3964804,0.0.4138717@1788877228.493006180
0.0.5975196,0.05217540691140423,SUCCESS,hbar,0.0.3951117,0.0.4138717@1788877230.380500909
0.0.3969243,0.00939614160903529,SUCCESS,hbar,0.0.3951117,0.0.4138717@1788877229.321410460
0.0.4732964,0.0395877448572459,SUCCESS,hbar,0.0.3951117,0.0.4138717@1788877231.083979127
0.0.4432149,0.105714735415043,SUCCESS,hbar,0.0.3951117,0.0.4138717@1788877234.052949110
0.0.1412123,0.1039003458207256,SUCCESS,hbar,0.0.3951117&0.0.3964804,0.0.4138717@1788877234.217278821
0.0.4184733,31.73749011038534,SUCCESS,hbar,0.0.3951117,0.0.4138717@1788877231.825783984
0.0.4775299,0.2924151552852305,SUCCESS,hbar,0.0.3951117,0.0.4138717@1788877235.487360931
0.0.4758169,0.1741875346703648,SUCCESS,hbar,0.0.3951117,0.0.4138717@1788877235.308167876
0.0.3071320,9.025891081967869,SUCCESS,hbar,0.0.3951117,0.0.4138717@1788877233.850599938
0.0.4330219,0.05599470486360249,SUCCESS,hbar,0.0.3951117,0.0.4138717@1788877235.034911656
0.0.4318411,1.749685364824666,SUCCESS,hbar,0.0.3951117,0.0.4138717@1788877236.543332613
0.0.4923080,0.04636357451927352,SUCCESS,hbar,0.0.3951117,0.0.4138717@1788877234.883568857
0.0.3242760,6.643732414439483,SUCCESS,hbar,0.0.3951117&0.0.3964804,0.0.4138717@1788877235.714085057
0.0.5797983,0.05435035625728345,SUCCESS,hbar,0.0.3951117&0.0.3964804,0.0.4138717@1788877236.736239431
0.0.850535,81.52445114749976,SUCCESS,hbar,0.0.3951117,0.0.4138717@1788877239.354536966
0.0.6244791,0.3504454517212567,SUCCESS,hbar,0.0.3951117,0.0.4138717@1788877240.032265920
0.0.6313910,34.11365765387956,SUCCESS,hbar,0.0.3951117&0.0.3964804,0.0.4138717@1788877239.860014587
0.0.6289117,2.672774357412406,SUCCESS,hbar,0.0.3951117&0.0.3964804,0.0.4138717@1788877242.158881343
0.0.6440477,0.1421229511748094,SUCCESS,hbar,0.0.3951117&0.0.3964804,0.0.4138717@1788877240.605438121
0.0.874760,6.129418074871535,SUCCESS,hbar,0.0.3951117&0.0.3964804,0.0.4138717@1788877242.517998146
0.0.4345324,0.03623197515899613,SUCCESS,hbar,0.0.3951117,0.0.4138717@1788877243.681278894
0.0.4702708,0.04228038633633201,SUCCESS,hbar,0.0.3951117,0.0.4138717@1788877243.748086996
0.0.2930231,0.1169593264258329,SUCCESS,hbar,0.0.3951117&0.0.3964804,0.0.4138717@1788877243.233005668
0.0.4354394,3.663629658536232,SUCCESS,hbar,0.0.3951117,0.0.4138717@1788877241.602194161
0.0.1322785,10.79360678454354,SUCCESS,hbar,0.0.3951117,0.0.4138717@1788877244.052849671
0.0.5716339,0.0004770369051638112,SUCCESS,hbar,0.0.3951117,0.0.4138717@1788877249.292863431
0.0.4709377,4.07508698056061,SUCCESS,hbar,0.0.3951117,0.0.4138717@1788877250.089359454
0.0.4695027,0.1156844960765625,SUCCESS,hbar,0.0.3951117,0.0.4138717@1788877250.284051713
0.0.4340758,0.1814135356272792,SUCCESS,hbar,0.0.3951117&0.0.3964804,0.0.4138717@1788877250.871843036
0.0.4817549,0.3982332991331313,SUCCESS,hbar,0.0.3951117&0.0.3964804,0.0.4138717@1788877254.889549439
0.0.4938729,0.481865043018683,SUCCESS,hbar,0.0.3951117,0.0.4138717@1788877252.955663670
0.0.4322002,0.1391525606956353,SUCCESS,hbar,0.0.3951117,0.0.4138717@1788877256.827376111
0.0.4968045,0.905044515519183,SUCCESS,hbar,0.0.3951117,0.0.4138717@1788877252.874586338
0.0.3829916,8.033582194821136,SUCCESS,hbar,0.0.3951117,0.0.4138717@1788877253.620946408
0.0.4558891,1.27847221065427,SUCCESS,hbar,0.0.3951117,0.0.4138717@1788877257.790628562
0.0.5976303,0.1340343185700634,SUCCESS,hbar,0.0.3951117&0.0.3964804,0.0.4138717@1788877255.432987715
0.0.7993090,1.680751180648831,SUCCESS,hbar,0.0.3964804,0.0.4138717@1788877255.564317176
0.0.187153,1.815532413666398,SUCCESS,hbar,0.0.3964804,0.0.4138717@1788877260.441982371
0.0.10244829,0.005890218314943081,SUCCESS,hbar,0.0.3964804,0.0.4138717@1788877259.681643456
0.0.838198,0.2821977866032472,SUCCESS,hbar,0.0.3964804,0.0.4138717@1788877258.834433339
0.0.4717832,0.1126900146900952,SUCCESS,hbar,0.0.3964804,0.0.4138717@1788877258.883409688
0.0.4540904,0.2920635999148506,SUCCESS,hbar,0.0.3964804,0.0.4138717@1788877264.693371729
0.0.4351736,0.007959279442490927,SUCCESS,hbar,0.0.3964804,0.0.4138717@1788877261.945760319
0.0.5698429,0.003398918824352966,SUCCESS,hbar,0.0.3964804,0.0.4138717@1788877264.202146243
0.0.4589167,0.007938800441078803,SUCCESS,hbar,0.0.3964804,0.0.4138717@1788877267.768921983
0.0.5023507,0.04187568465948364,SUCCESS,hbar,0.0.3964804,0.0.4138717@1788877266.311464065
0.0.3937438,0.1521928172718069,SUCCESS,hbar,0.0.3964804,0.0.4138717@1788877265.816954143
0.0.5147407,0.1975812579205272,SUCCESS,hbar,0.0.3964804,0.0.4138717@1788877265.996607136
0.0.859649,0.05937988345880319,SUCCESS,hbar,0.0.3964804,0.0.4138717@1788877269.913949915
0.0.4533464,0.06718490477864729,SUCCESS,hbar,0.0.3964804,0.0.4138717@1788877266.574568422
0.0.5495538,0.00924014165192352,SUCCESS,hbar,0.0.3964804,0.0.4138717@1788877266.209488062
0.0.4093788,0.9118992969092402,SUCCESS,hbar,0.0.3964804,0.0.4138717@1788877272.023190057
0.0.5421455,0.002150707622099213,SUCCESS,hbar,0.0.3964804,0.0.4138717@1788877268.694173310
0.0.5315914,0.8693451709634149,SUCCESS,hbar,0.0.3964804,0.0.4138717@1788877272.075597070
0.0.4327294,0.008453960276416733,SUCCESS,hbar,0.0.3964804,0.0.4138717@1788877270.606906994
0.0.728698,0.07171675857446017,SUCCESS,hbar,0.0.3964804,0.0.4138717@1788877271.960013177
0.0.1402758,0.4370189406734185,SUCCESS,hbar,0.0.3964804,0.0.4138717@1788877274.947029941
0.0.1353334,0.02488211529533554,SUCCESS,hbar,0.0.3964804,0.0.4138717@1788877272.125925526
0.0.3165925,0.02752798448540341,SUCCESS,hbar,0.0.3964804,0.0.4138717@1788877272.200547034
0.0.1357334,0.06324093398322098,SUCCESS,hbar,0.0.3964804,0.0.4138717@1788877276.993147886
0.0.795838,0.0187672848148688,SUCCESS,hbar,0.0.3964804,0.0.4138717@1788877278.644605212
0.0.732798,0.01930179419919317,SUCCESS,hbar,0.0.3964804,0.0.4138717@1788877276.234869493
0.0.2101943,0.000588484162508256,SUCCESS,hbar,0.0.3964804,0.0.4138717@1788877276.961665099
0.0.6475509,0.07740903056759622,SUCCESS,hbar,0.0.3964804,0.0.4138717@1788877280.978990087
0.0.7450449,0.1809167349368706,SUCCESS,hbar,0.0.3964804,0.0.4138717@1788877284.527668100
0.0.6004536,0.0258939558286651,SUCCESS,hbar,0.0.3964804,0.0.4138717@1788877285.846894447
0.0.6270761,16.66418914886853,SUCCESS,hbar,0.0.3964804,0.0.4138717@1788877285.896511870
0.0.2967389,0.2070289945385315,SUCCESS,hbar,0.0.3964804,0.0.4138717@1788877281.934846004
0.0.6416166,0.3053333537035363,SUCCESS,hbar,0.0.3964804,0.0.4138717@1788877283.996848367
0.0.4314332,1.917845188675979,SUCCESS,hbar,0.0.3964804,0.0.4138717@1788877283.414731239
0.0.3048811,0.007190659083797337,SUCCESS,hbar,0.0.3964804,0.0.4138717@1788877285.728142517
0.0.6828202,10.92212395821116,SUCCESS,hbar,0.0.3964804,0.0.4138717@1788877284.621059187
0.0.6852334,0.3732173867022683,SUCCESS,hbar,0.0.3964804,0.0.4138717@1788877288.691012103
0.0.4784258,0.08494979947265356,SUCCESS,hbar,0.0.3964804,0.0.4138717@1788877288.497774018
0.0.1463629,0.01784494612890052,SUCCESS,hbar,0.0.3964804,0.0.4138717@1788877288.020327509
0.0.1860252,0.0787720016286019,SUCCESS,hbar,0.0.3964804,0.0.4138717@1788877289.893530051
0.0.6306847,0.01291857152011114,SUCCESS,hbar,0.0.3964804,0.0.4138717@1788877287.783531987
0.0.433061,0.007562774908786953,SUCCESS,hbar,0.0.3964804,0.0.4138717@1788877289.250706239
0.0.5957030,0.580711962534449,SUCCESS,hbar,0.0.3964804,0.0.4138717@1788877290.957706648
0.0.6275653,0.006028300374658502,SUCCESS,hbar,0.0.3964804,0.0.4138717@1788877291.748060867
0.0.6154587,1.855449349590886,SUCCESS,hbar,0.0.3964804,0.0.4138717@1788877291.359778456
0.0.6139137,0.3316395275796198,SUCCESS,hbar,0.0.3964804,0.0.4138717@1788877292.816535282
0.0.753351,0.1324533930271913,SUCCESS,hbar,0.0.3964804,0.0.4138717@1788877290.004481959
0.0.5068116,0.01813682969117608,SUCCESS,hbar,0.0.3964804,0.0.4138717@1788877293.545584415
0.0.805713,2.729907936101221,SUCCESS,hbar,0.0.3964804,0.0.4138717@1788877294.692303557
0.0.4766862,0.3167702524128872,SUCCESS,hbar,0.0.3964804,0.0.4138717@1788877294.094159507
0.0.4965217,0.05576575231419331,SUCCESS,hbar,0.0.3964804,0.0.4138717@1788877292.355878049
0.0.3967246,0.1815890436020526,SUCCESS,hbar,0.0.3964804,0.0.4138717@1788877294.447992267
0.0.4358173,1.037243648528469,SUCCESS,hbar,0.0.3964804,0.0.4138717@1788877294.368429693
0.0.1432019,1.461666425912417,SUCCESS,hbar,0.0.3964804,0.0.4138717@1788877297.020268038
0.0.833050,0.02246261773860314,SUCCESS,hbar,0.0.3964804,0.0.4138717@1788877297.465474497
0.0.4184148,0.1796462900956302,SUCCESS,hbar,0.0.3964804,0.0.4138717@1788877300.306932998
0.0.3768895,0.000783955190112768,SUCCESS,hbar,0.0.3964804,0.0.4138717@1788877299.164036117
0.0.1097802,0.9722587826226131,SUCCESS,hbar,0.0.3964804,0.0.4138717@1788877301.394216275
0.0.1877641,0.5014890120824286,SUCCESS,hbar,0.0.3964804,0.0.4138717@1788877303.384361379
0.0.1268672,1.679427591481334,SUCCESS,hbar,0.0.3964804,0.0.4138717@1788877304.713460070
0.0.835670,0.02613012132388012,SUCCESS,hbar,0.0.3964804,0.0.4138717@1788877303.586619741
0.0.664593,2.942060175846673,SUCCESS,hbar,0.0.3964804,0.0.4138717@1788877302.665786385
0.0.859565,0.6783227495533214,SUCCESS,hbar,0.0.3964804,0.0.4138717@1788877305.774703258
0.0.859149,4.20754283899879,SUCCESS,hbar,0.0.3964804,0.0.4138717@1788877305.704057813
0.0.1448131,0.1117786158996561,SUCCESS,hbar,0.0.3964804,0.0.4138717@1788877305.358409090
0.0.1088394,0.04133780856519797,SUCCESS,hbar,0.0.3964804,0.0.4138717@1788877309.395550755
0.0.3872024,1.122772755324199,SUCCESS,hbar,0.0.3964804,0.0.4138717@1788877306.371502557
0.0.837554,2.641556535843502,SUCCESS,hbar,0.0.3964804,0.0.4138717@1788877307.730634526
0.0.1088074,12.59951209355364,SUCCESS,hbar,0.0.3964804,0.0.4138717@1788877310.679471555
0.0.481717,0.09811294973075056,SUCCESS,hbar,0.0.3964804,0.0.4138717@1788877307.503703358
0.0.965222,3.333599669941311,SUCCESS,hbar,0.0.3964804,0.0.4138717@1788877309.414664307
0.0.1198079,26.20480642726616,SUCCESS,hbar,0.0.3964804,0.0.4138717@1788877308.721882010
0.0.1512214,0.009999246728505023,SUCCESS,hbar,0.0.3964804,0.0.4138717@1788877311.343229683
0.0.818498,0.004489399593785722,SUCCESS,hbar,0.0.3964804,0.0.4138717@1788877310.133922355
0.0.3959322,5.420868641002967,SUCCESS,hbar,0.0.3964804,0.0.4138717@1788877309.428046658
0.0.10248120,0.1036050019322159,SUCCESS,hbar,0.0.3964804,0.0.4138717@1788877310.274674376
0.0.10231452,12.70411141807664,SUCCESS,hbar,0.0.3964804,0.0.4138717@1788877310.191571531
0.0.8673292,0.2206309532864208,SUCCESS,hbar,0.0.3964804,0.0.4138717@1788877312.697960633
0.0.920901,13.824772963787,SUCCESS,hbar,0.0.3964804,0.0.4138717@1788877312.537915937
0.0.3100704,12.51220015611496,SUCCESS,hbar,0.0.3964804,0.0.4138717@1788877312.366588796
0.0.1703452,0.2968078881566119,SUCCESS,hbar,0.0.3964804,0.0.4138717@1788877312.040079301
0.0.4543305,21.27664689317951,SUCCESS,hbar,0.0.3964804,0.0.4138717@1788877312.291728374
0.0.4535053,1.467178230371206,SUCCESS,hbar,0.0.3964804,0.0.4138717@1788877313.690287036
0.0.4356553,0.0116475120171582,SUCCESS,hbar,0.0.3964804,0.0.4138717@1788877314.267121681
0.0.4333378,0.00340416460696248,SUCCESS,hbar,0.0.3964804,0.0.4138717@1788877314.015490076
0.0.4368518,0.03226319494431535,SUCCESS,hbar,0.0.3964804,0.0.4138717@1788877314.378887101
0.0.4360122,0.0813245253424579,SUCCESS,hbar,0.0.3964804,0.0.4138717@1788877318.293649982
0.0.1728462,0.0643650940486466,SUCCESS,hbar,0.0.3964804,0.0.4138717@1788877320.094709833
0.0.4350498,0.0002714551797554784,SUCCESS,hbar,0.0.3964804,0.0.4138717@1788877318.246548939
0.0.4341116,0.5697897866152628,SUCCESS,hbar,0.0.3964804,0.0.4138717@1788877317.294774834
0.0.3023498,0.22344573682592,SUCCESS,hbar,0.0.3964804,0.0.4138717@1788877319.304184493
0.0.1092596,0.1238102360419022,SUCCESS,hbar,0.0.3964804,0.0.4138717@1788877320.533030378
0.0.662621,0.1936562977301833,SUCCESS,hbar,0.0.3964804,0.0.4138717@1788877321.791300778
0.0.4346529,1.156275709536559,SUCCESS,hbar,0.0.3964804,0.0.4138717@1788877320.847949568
0.0.4345412,0.02058147652215358,SUCCESS,hbar,0.0.3964804,0.0.4138717@1788877324.996288664
0.0.4345654,32.2093430776798,SUCCESS,hbar,0.0.3964804,0.0.4138717@1788877326.581534541
0.0.1088670,0.2733453806480303,SUCCESS,hbar,0.0.3964804,0.0.4138717@1788877322.902132861
0.0.4337103,0.0009280567686513888,SUCCESS,hbar,0.0.3964804,0.0.4138717@1788877325.198765186
0.0.3291464,0.008973565831728605,SUCCESS,hbar,0.0.3964804,0.0.4138717@1788877329.443406649
0.0.1018824,15.3546861241208,SUCCESS,hbar,0.0.3964804,0.0.4138717@1788877329.128658354
0.0.1048940,0.06260846694434301,SUCCESS,hbar,0.0.3964804,0.0.4138717@1788877329.679695389
0.0.3945405,0.0002622129712152192,SUCCESS,hbar,0.0.3964804,0.0.4138717@1788877330.270605287
0.0.1350500,0.2199257620306556,SUCCESS,hbar,0.0.3964804,0.0.4138717@1788877330.270390087
0.0.1121794,0.1014792888881355,SUCCESS,hbar,0.0.3964804,0.0.4138717@1788877329.504511689
0.0.844131,0.1265349965341311,SUCCESS,hbar,0.0.3964804,0.0.4138717@1788877328.964711913
0.0.8054459,0.1798072080373533,SUCCESS,hbar,0.0.3964804,0.0.4138717@1788877332.851175994
0.0.6148704,0.03139766661845741,SUCCESS,hbar,0.0.3964804,0.0.4138717@1788877331.743226954
0.0.7816479,0.009559255868951587,SUCCESS,hbar,0.0.3964804,0.0.4138717@1788877333.329673169
0.0.1261132,0.1458644467016929,SUCCESS,hbar,0.0.3964804,0.0.4138717@1788877334.544568224
0.0.1404010,0.0006623909716151808,SUCCESS,hbar,0.0.3964804,0.0.4138717@1788877333.171532288
0.0.1369825,29.0067740253839,SUCCESS,hbar,0.0.3964804,0.0.4138717@1788877335.867574109
0.0.8209705,0.04888802173547172,SUCCESS,hbar,0.0.3964804,0.0.4138717@1788877334.589437540
0.0.7166497,0.02828718497442231,SUCCESS,hbar,0.0.3964804,0.0.4138717@1788877338.281006915
0.0.8002341,0.1036358984317595,SUCCESS,hbar,0.0.3964804,0.0.4138717@1788877335.348598726
0.0.7938061,0.02309034315844647,SUCCESS,hbar,0.0.3964804,0.0.4138717@1788877336.381727307
0.0.3241611,0.1700293675954634,SUCCESS,hbar,0.0.3964804,0.0.4138717@1788877339.530876602
0.0.8227507,0.2028648787554975,SUCCESS,hbar,0.0.3964804,0.0.4138717@1788877339.671605245
0.0.1754370,0.01670331297987533,SUCCESS,hbar,0.0.3964804,0.0.4138717@1788877336.807020996
0.0.7965335,0.7826619255499573,SUCCESS,hbar,0.0.3964804,0.0.4138717@1788877341.347755811
0.0.6294131,0.000010324900309104,SUCCESS,hbar,0.0.3964804,0.0.4138717@1788877338.533057563
0.0.7285744,0.008872124167135583,SUCCESS,hbar,0.0.3964804,0.0.4138717@1788877338.861983798
0.0.7924085,0.007806658053987216,SUCCESS,hbar,0.0.3964804,0.0.4138717@1788877339.995370436
0.0.7732467,0.02802503178154379,SUCCESS,hbar,0.0.3964804,0.0.4138717@1788877339.959476973
0.0.981571,0.02885594241155973,SUCCESS,hbar,0.0.3964804,0.0.4138717@1788877340.955406192
0.0.3847179,0.2510724757222662,SUCCESS,hbar,0.0.3964804,0.0.4138717@1788877343.857790528
0.0.1467538,0.08468640059912674,SUCCESS,hbar,0.0.3964804,0.0.4138717@1788877340.474221734
0.0.8131537,0.1356040557748639,SUCCESS,hbar,0.0.3964804,0.0.4138717@1788877343.046924682
0.0.4315395,0.03898245520706942,SUCCESS,hbar,0.0.3964804,0.0.4138717@1788877342.353117428
0.0.4388693,0.01738627091818741,SUCCESS,hbar,0.0.3964804,0.0.4138717@1788877344.613825523
0.0.8083173,0.2059670833815705,SUCCESS,hbar,0.0.3964804,0.0.4138717@1788877347.746524468
0.0.2964523,9.036156284152655,SUCCESS,hbar,0.0.3964804,0.0.4138717@1788877343.543780449
0.0.8076778,0.0007032844330847424,SUCCESS,hbar,0.0.3964804,0.0.4138717@1788877347.918457420
0.0.6313326,3.42097442184617,SUCCESS,hbar,0.0.3964804,0.0.4138717@1788877348.116989006
0.0.7583284,0.09350560804972974,SUCCESS,hbar,0.0.3964804,0.0.4138717@1788877349.366404362
0.0.919311,46.49103594044935,SUCCESS,hbar,0.0.3964804,0.0.4138717@1788877345.158216258
0.0.9149385,0.03284817897586412,SUCCESS,hbar,0.0.3964804,0.0.4138717@1788877349.316683073
0.0.5580759,0.01237699898902817,SUCCESS,hbar,0.0.3964804,0.0.4138717@1788877349.263798090
0.0.9104016,0.3485504945206606,SUCCESS,hbar,0.0.3964804,0.0.4138717@1788877348.701416980
0.0.8514597,1.829016910149661,SUCCESS,hbar,0.0.3964804,0.0.4138717@1788877349.260568503
0.0.8903303,0.1581574861624602,FAIL,hbar,0.0.3964804,
0.0.3288501,0.0162292128796442,SUCCESS,hbar,0.0.3964804,0.0.4138717@1788877353.769836174
0.0.4724806,0.00137472739993129,SUCCESS,hbar,0.0.3964804,0.0.4138717@1788877349.066238059
0.0.8717466,0.0007005157773862464,SUCCESS,hbar,0.0.3964804,0.0.4138717@1788877349.539982654
0.0.1056579,2.068021692532403,SUCCESS,hbar,0.0.3964804,0.0.4138717@1788877349.301597582
0.0.2185671,0.03616780845314537,SUCCESS,hbar,0.0.3964804,0.0.4138717@1788877354.822547528
0.0.6045318,0.1517811417083093,SUCCESS,hbar,0.0.3964804,0.0.4138717@1788877355.396543349
0.0.5719491,0.0216557552805033,SUCCESS,hbar,0.0.3964804,0.0.4138717@1788877353.668247517
0.0.8551680,0.1342761899868009,SUCCESS,hbar,0.0.3964804,0.0.4138717@1788877357.440522928
0.0.840324,0.4667990045824063,SUCCESS,hbar,0.0.3964804,0.0.4138717@1788877353.311609263
0.0.1673276,1.003163543001841,SUCCESS,hbar,0.0.3964804,0.0.4138717@1788877354.374313749
0.0.7920736,0.4768592090912873,SUCCESS,hbar,0.0.3964804,0.0.4138717@1788877355.134463334
0.0.8352642,0.04234214715065738,SUCCESS,hbar,0.0.3964804,0.0.4138717@1788877357.379417929
0.0.8382708,0.00177613320266041,SUCCESS,hbar,0.0.3964804,0.0.4138717@1788877355.658486487
0.0.7550116,0.0316058468448244,SUCCESS,hbar,0.0.3964804,0.0.4138717@1788877358.892165358
0.0.4838474,1.272305711141672,SUCCESS,hbar,0.0.3964804,0.0.4138717@1788877355.975682816
0.0.4319619,0.04161682941221621,SUCCESS,hbar,0.0.3964804,0.0.4138717@1788877357.529498768
0.0.8120693,0.5291723397121532,SUCCESS,hbar,0.0.3964804,0.0.4138717@1788877358.944787040
0.0.8291825,0.5056616105762338,SUCCESS,hbar,0.0.3964804,0.0.4138717@1788877362.241498406
0.0.8244642,88.66675759404842,SUCCESS,hbar,0.0.3964804,0.0.4138717@1788877359.854849996
0.0.4853295,2.932206872982559,SUCCESS,hbar,0.0.3964804,0.0.4138717@1788877361.387464670
0.0.658160,0.001775155900824374,SUCCESS,hbar,0.0.3964804,0.0.4138717@1788877362.250698020
0.0.7920282,0.002218043249878954,SUCCESS,hbar,0.0.3964804,0.0.4138717@1788877360.566143932
0.0.4743054,0.0001780094049545664,SUCCESS,hbar,0.0.3964804,0.0.4138717@1788877362.208333800
0.0.7662545,0.002014279425641923,SUCCESS,hbar,0.0.3964804,0.0.4138717@1788877362.450602869
0.0.1463093,0.4098459544851445,SUCCESS,hbar,0.0.3964804,0.0.4138717@1788877366.006629802
0.0.811739,0.9950000402906376,SUCCESS,hbar,0.0.3964804,0.0.4138717@1788877365.745511235
0.0.887612,0.8052925842446828,SUCCESS,hbar,0.0.3964804,0.0.4138717@1788877364.678861218
0.0.4566469,0.3183627241026914,SUCCESS,hbar,0.0.3964804,0.0.4138717@1788877365.994249099
0.0.3916542,0.01404126121663967,SUCCESS,hbar,0.0.3964804,0.0.4138717@1788877368.012259197
0.0.1486421,0.7131475572479046,SUCCESS,hbar,0.0.3964804,0.0.4138717@1788877366.363804086
0.0.1359581,6.663560748910249,SUCCESS,hbar,0.0.3964804,0.0.4138717@1788877368.858311408
0.0.4431727,0.04962915721839312,SUCCESS,hbar,0.0.3964804,0.0.4138717@1788877369.554307684
0.0.7710235,0.05704739331794778,SUCCESS,hbar,0.0.3964804,0.0.4138717@1788877369.159316552
0.0.838791,0.4469710835750954,SUCCESS,hbar,0.0.3964804,0.0.4138717@1788877371.929945695
0.0.496172,0.4937873327351919,SUCCESS,hbar,0.0.3964804,0.0.4138717@1788877372.402629049
0.0.4887338,0.2756978870872595,SUCCESS,hbar,0.0.3964804,0.0.4138717@1788877373.293469789
0.0.4504544,3.818741707928012,SUCCESS,hbar,0.0.3964804,0.0.4138717@1788877372.347196373
0.0.7290965,0.214342938050921,SUCCESS,hbar,0.0.3964804,0.0.4138717@1788877371.394897681
0.0.1524063,1.442381768303818,SUCCESS,hbar,0.0.3964804,0.0.4138717@1788877374.906484165
0.0.3872629,0.228816857519372,SUCCESS,hbar,0.0.3964804,0.0.4138717@1788877377.714364436
0.0.7631749,0.0004401502180820928,SUCCESS,hbar,0.0.3964804,0.0.4138717@1788877375.300415948
0.0.794930,0.02515714524948646,SUCCESS,hbar,0.0.3964804,0.0.4138717@1788877374.204656364
0.0.3687848,2.499327013905192,SUCCESS,hbar,0.0.3964804,0.0.4138717@1788877374.011346109
0.0.892270,1.708344775135576,SUCCESS,hbar,0.0.3964804,0.0.4138717@1788877375.290917436
0.0.1124401,0.7136158979524707,SUCCESS,hbar,0.0.3964804,0.0.4138717@1788877378.133364366
0.0.7312670,0.4562351758796018,SUCCESS,hbar,0.0.3964804,0.0.4138717@1788877376.438983564
0.0.4804985,0.07344048118940516,SUCCESS,hbar,0.0.3964804,0.0.4138717@1788877379.710145916
0.0.7732676,42.41162273211971,SUCCESS,hbar,0.0.3964804,0.0.4138717@1788877379.506468547
0.0.2891280,0.3176220646541131,SUCCESS,hbar,0.0.3964804,0.0.4138717@1788877380.201751090
0.0.838388,30.64717371262443,SUCCESS,hbar,0.0.3964804,0.0.4138717@1788877381.017872036
0.0.7916029,5.933236141856259,SUCCESS,hbar,0.0.3964804,0.0.4138717@1788877380.678891820
0.0.4861986,0.0602655896174902,SUCCESS,hbar,0.0.3964804,0.0.4138717@1788877381.973661610
0.0.5112630,0.1079539685913529,SUCCESS,hbar,0.0.3964804,0.0.4138717@1788877381.105308877
0.0.710849,0.007598425419118685,SUCCESS,hbar,0.0.3964804,0.0.4138717@1788877381.868476734
0.0.7965412,0.001378541714579568,SUCCESS,hbar,0.0.3964804,0.0.4138717@1788877380.313895249
0.0.3384906,1.933816805010057,SUCCESS,hbar,0.0.3964804,0.0.4138717@1788877381.757772529
0.0.7961490,0.07468230822962098,SUCCESS,hbar,0.0.3964804,0.0.4138717@1788877381.798594998
0.0.7703838,0.003894528535453843,SUCCESS,hbar,0.0.3964804,0.0.4138717@1788877381.123081488
0.0.6343911,0.4482519471098168,SUCCESS,hbar,0.0.3964804,0.0.4138717@1788877384.478633634
0.0.7937765,0.4102797461623581,SUCCESS,hbar,0.0.3964804,0.0.4138717@1788877384.018068492
0.0.4795853,0.01943256093651933,SUCCESS,hbar,0.0.3964804,0.0.4138717@1788877387.379258084
0.0.4765612,0.8515679429487859,SUCCESS,hbar,0.0.3964804,0.0.4138717@1788877387.078942102
0.0.3240624,0.0008336670346608192,SUCCESS,hbar,0.0.3964804,0.0.4138717@1788877385.743534589
0.0.2150506,0.01107758400489328,SUCCESS,hbar,0.0.3964804,0.0.4138717@1788877388.860737422
0.0.4754443,0.01706089114293379,SUCCESS,hbar,0.0.3964804,0.0.4138717@1788877388.808784843
0.0.4312267,2.489184110975518,SUCCESS,hbar,0.0.3964804,0.0.4138717@1788877386.803713736
0.0.4883729,0.1534034804733418,SUCCESS,hbar,0.0.3964804,0.0.4138717@1788877389.348261424
0.0.1746011,0.749976793819227,SUCCESS,hbar,0.0.3964804,0.0.4138717@1788877387.195716201
0.0.791414,0.1565764283065895,SUCCESS,hbar,0.0.3964804,0.0.4138717@1788877390.142976181
0.0.7798912,1.017519413820168,SUCCESS,hbar,0.0.3964804,0.0.4138717@1788877392.641843518
0.0.862835,0.2253999288091945,SUCCESS,hbar,0.0.3964804,0.0.4138717@1788877391.333774820
0.0.1337171,0.3917086641212578,SUCCESS,hbar,0.0.3964804,0.0.4138717@1788877391.533730663
0.0.2004450,0.0214403341665253,SUCCESS,hbar,0.0.3964804,0.0.4138717@1788877391.859232810
0.0.9444587,0.440004735939847,SUCCESS,hbar,0.0.3964804,0.0.4138717@1788877395.132615315
0.0.9590994,2.618322215815805,SUCCESS,hbar,0.0.3964804,0.0.4138717@1788877391.779491896
0.0.9365757,0.2077709354009847,SUCCESS,hbar,0.0.3964804,0.0.4138717@1788877393.578930159
0.0.8080965,0.002187692305560317,SUCCESS,hbar,0.0.3964804,0.0.4138717@1788877394.323647498
0.0.8070994,0.3596620212035289,SUCCESS,hbar,0.0.3964804,0.0.4138717@1788877396.069730486
0.0.8246604,0.000394002923756976,SUCCESS,hbar,0.0.3964804,0.0.4138717@1788877397.714319258
0.0.9541852,0.1603783534258705,SUCCESS,hbar,0.0.3964804,0.0.4138717@1788877398.676764338
0.0.190191,0.01720774370432151,SUCCESS,hbar,0.0.3964804,0.0.4138717@1788877398.830580687
0.0.4594903,0.006918723624559853,SUCCESS,hbar,0.0.3964804,0.0.4138717@1788877398.404349396
0.0.9364762,0.006653909650187981,SUCCESS,hbar,0.0.3964804,0.0.4138717@1788877397.076102712
0.0.887615,0.002378948281903296,SUCCESS,hbar,0.0.3964804,0.0.4138717@1788877398.341005563
0.0.1056474,0.9029564973478532,SUCCESS,hbar,0.0.3964804,0.0.4138717@1788877398.034480403
0.0.9450539,0.2250712672204481,SUCCESS,hbar,0.0.3964804,0.0.4138717@1788877399.850049017
0.0.9602777,0.00396631819454711,SUCCESS,hbar,0.0.3964804,0.0.4138717@1788877399.463832266
0.0.9146353,0.5552641386691265,SUCCESS,hbar,0.0.3964804,0.0.4138717@1788877401.442536909
0.0.6160732,0.0164122671674308,SUCCESS,hbar,0.0.3964804,0.0.4138717@1788877402.182109217
0.0.813564,0.000227132735966208,SUCCESS,hbar,0.0.3964804,0.0.4138717@1788877400.140775322
0.0.9367202,0.0004137289352377056,SUCCESS,hbar,0.0.3964804,0.0.4138717@1788877400.745870068
0.0.4821795,0.2265473953909296,SUCCESS,hbar,0.0.3964804,0.0.4138717@1788877402.788420087
0.0.9318048,0.003555909604824739,SUCCESS,hbar,0.0.3964804,0.0.4138717@1788877401.071935054
0.0.8880678,0.005536368308679437,SUCCESS,hbar,0.0.3964804,0.0.4138717@1788877401.528719522
0.0.9285770,0.0248132435356997,SUCCESS,hbar,0.0.3964804,0.0.4138717@1788877404.172659402
0.0.9275748,0.05228998659965581,SUCCESS,hbar,0.0.3964804,0.0.4138717@1788877404.620125465
0.0.6068301,0.0214359131092424,SUCCESS,hbar,0.0.3964804,0.0.4138717@1788877405.655363636
0.0.9150527,0.3025130824024789,SUCCESS,hbar,0.0.3964804,0.0.4138717@1788877405.376764557
0.0.4372819,0.004304251421254051,SUCCESS,hbar,0.0.3964804,0.0.4138717@1788877403.010127515
0.0.842210,0.03048448055165116,SUCCESS,hbar,0.0.3964804,0.0.4138717@1788877403.546373735
0.0.10072624,0.008668333828768953,SUCCESS,hbar,0.0.3964804,0.0.4138717@1788877407.025527728
0.0.1459068,0.009624015338998263,SUCCESS,hbar,0.0.3964804,0.0.4138717@1788877405.549563162
0.0.9640903,0.04873765653404784,SUCCESS,hbar,0.0.3964804,0.0.4138717@1788877405.704806720
0.0.4873525,0.01336359636665663,SUCCESS,hbar,0.0.3964804,0.0.4138717@1788877405.367475976
0.0.10004246,0.1232773406835945,SUCCESS,hbar,0.0.3964804,0.0.4138717@1788877404.310073609
0.0.5922808,0.008058061114155274,SUCCESS,hbar,0.0.3964804,0.0.4138717@1788877408.278544645
0.0.751161,0.4284069283690576,SUCCESS,hbar,0.0.3964804,0.0.4138717@1788877409.059744405
0.0.9973346,0.0008941267160759808,SUCCESS,hbar,0.0.3964804,0.0.4138717@1788877409.510493927
0.0.9477942,0.003901880477262096,SUCCESS,hbar,0.0.3964804,0.0.4138717@1788877408.694930151
0.0.8113254,0.006923494146887741,SUCCESS,hbar,0.0.3964804,0.0.4138717@1788877408.584978796
0.0.871471,0.7168266266067516,SUCCESS,hbar,0.0.3964804,0.0.4138717@1788877408.664672054
0.0.9723125,5.906392251130663,SUCCESS,hbar,0.0.3964804,0.0.4138717@1788877413.105500875
0.0.7983506,0.0000085588250306688,SUCCESS,hbar,0.0.3964804,0.0.4138717@1788877409.915832565
0.0.9687167,0.0573304054299501,SUCCESS,hbar,0.0.3964804,0.0.4138717@1788877410.574860114
0.0.9729389,0.0304267284975791,SUCCESS,hbar,0.0.3964804,0.0.4138717@1788877412.680584754
0.0.9720442,0.01487963999578562,SUCCESS,hbar,0.0.3964804,0.0.4138717@1788877412.371297119
0.0.3012601,0.07855649277410189,SUCCESS,hbar,0.0.3964804,0.0.4138717@1788877412.785496556
0.0.5012902,0.001579922187250637,SUCCESS,hbar,0.0.3964804,0.0.4138717@1788877415.733772491
0.0.9636419,0.08662880486352553,SUCCESS,hbar,0.0.3964804,0.0.4138717@1788877414.941981203
0.0.5805332,0.2773237231506275,SUCCESS,hbar,0.0.3964804,0.0.4138717@1788877412.742523008
0.0.8414409,0.003492456396017558,SUCCESS,hbar,0.0.3964804,0.0.4138717@1788877413.775936467
0.0.7788265,0.04012940632050991,SUCCESS,hbar,0.0.3964804,0.0.4138717@1788877416.360117951
0.0.8792600,0.0006480517371814944,SUCCESS,hbar,0.0.3964804,0.0.4138717@1788877416.672472438
0.0.8256574,0.001297631245796611,SUCCESS,hbar,0.0.3964804,0.0.4138717@1788877415.854829282
0.0.8585468,0.0001999728076650624,SUCCESS,hbar,0.0.3964804,0.0.4138717@1788877421.053115335
0.0.1365814,0.06716332088177285,SUCCESS,hbar,0.0.3964804,0.0.4138717@1788877416.329172178
0.0.1459865,0.368298764212193,SUCCESS,hbar,0.0.3964804,0.0.4138717@1788877421.515693645
0.0.5524338,0.01061569106975189,SUCCESS,hbar,0.0.3964804,0.0.4138717@1788877419.634634691
0.0.8198608,0.08739617866602988,SUCCESS,hbar,0.0.3964804,0.0.4138717@1788877420.312184987
0.0.8385016,0.07147311140196196,SUCCESS,hbar,0.0.3964804,0.0.4138717@1788877418.708592885
0.0.9009997,0.09096951388478598,SUCCESS,hbar,0.0.3964804,0.0.4138717@1788877421.339335415
0.0.1714233,0.06250033478855185,SUCCESS,hbar,0.0.3964804,0.0.4138717@1788877419.875049229
0.0.3077609,0.5664276065133006,SUCCESS,hbar,0.0.3964804,0.0.4138717@1788877420.270307667
0.0.8357089,0.1377749093434106,SUCCESS,hbar,0.0.3964804,0.0.4138717@1788877425.221824497
0.0.8357708,3.644194237524407,SUCCESS,hbar,0.0.3964804,0.0.4138717@1788877425.178831517
0.0.8346544,0.656132065034222,SUCCESS,hbar,0.0.3964804,0.0.4138717@1788877425.828814992
0.0.8323906,3.674519521455509,SUCCESS,hbar,0.0.3964804,0.0.4138717@1788877421.320376308
0.0.8156060,0.023003523306421,SUCCESS,hbar,0.0.3964804,0.0.4138717@1788877422.851816503
0.0.8298814,0.3642566413549222,SUCCESS,hbar,0.0.3964804,0.0.4138717@1788877425.042731868
0.0.7964752,0.00090259403730408,SUCCESS,hbar,0.0.3964804,0.0.4138717@1788877424.490374785
0.0.9169121,0.07064845330135511,SUCCESS,hbar,0.0.3964804,0.0.4138717@1788877429.068700077
0.0.1862342,0.07168782157866539,SUCCESS,hbar,0.0.3964804,0.0.4138717@1788877425.923782311
0.0.9196038,0.03986039872299087,SUCCESS,hbar,0.0.3964804,0.0.4138717@1788877428.343009462
0.0.1118731,0.003285222115201805,SUCCESS,hbar,0.0.3964804,0.0.4138717@1788877428.495405112
0.0.1403937,0.00187915695172367,SUCCESS,hbar,0.0.3964804,0.0.4138717@1788877428.155760250
0.0.9177141,0.01117141617434567,SUCCESS,hbar,0.0.3964804,0.0.4138717@1788877427.155062677
0.0.9086562,0.0007979147965036512,SUCCESS,hbar,0.0.3964804,0.0.4138717@1788877430.747794325
0.0.8392843,0.07940752663202189,SUCCESS,hbar,0.0.3964804,0.0.4138717@1788877428.644967664
0.0.820706,1.092453754934512,SUCCESS,hbar,0.0.3964804,0.0.4138717@1788877432.897885678
0.0.958821,3.426066585478056,SUCCESS,hbar,0.0.3964804,0.0.4138717@1788877433.413410796
0.0.877394,0.001470034898423539,SUCCESS,hbar,0.0.3964804,0.0.4138717@1788877429.778006686
0.0.53756,0.7521126571732056,SUCCESS,hbar,0.0.3964804,0.0.4138717@1788877434.148284713
0.0.689277,1.732326043158965,SUCCESS,hbar,0.0.3964804,0.0.4138717@1788877437.461990310
0.0.1090802,0.0157855217813185,SUCCESS,hbar,0.0.3964804,0.0.4138717@1788877435.301172161
0.0.7550890,0.02727421275267515,SUCCESS,hbar,0.0.3964804,0.0.4138717@1788877439.733938210
0.0.9095016,0.4250782981376837,SUCCESS,hbar,0.0.3964804,0.0.4138717@1788877437.777599362
0.0.9065767,0.165839777806194,SUCCESS,hbar,0.0.3964804,0.0.4138717@1788877437.970183077
0.0.8767225,0.06134089365193614,SUCCESS,hbar,0.0.3964804,0.0.4138717@1788877441.411533432
0.0.1181772,0.01694544044195589,SUCCESS,hbar,0.0.3964804,0.0.4138717@1788877442.660641835
0.0.8640197,0.1937015153770028,SUCCESS,hbar,0.0.3964804,0.0.4138717@1788877440.358880388
0.0.8602366,0.4217197907287387,SUCCESS,hbar,0.0.3964804,0.0.4138717@1788877442.867701737
0.0.8241599,0.5491769959257649,SUCCESS,hbar,0.0.3964804,0.0.4138717@1788877442.871598669
0.0.8548028,0.0001000006968861216,SUCCESS,hbar,0.0.3964804,0.0.4138717@1788877441.888026173
0.0.8304314,0.02066612188972424,SUCCESS,hbar,0.0.3964804,0.0.4138717@1788877444.995917616
0.0.8152447,0.2043165131706851,SUCCESS,hbar,0.0.3964804,0.0.4138717@1788877444.233787557
0.0.8146497,0.2104719764129702,SUCCESS,hbar,0.0.3964804,0.0.4138717@1788877444.981409987
0.0.8177816,0.1657894738128319,SUCCESS,hbar,0.0.3964804,0.0.4138717@1788877448.952886199
0.0.8115823,0.03185690167658894,SUCCESS,hbar,0.0.3964804,0.0.4138717@1788877446.650672272
0.0.8104363,84.50685330976677,SUCCESS,hbar,0.0.3964804,0.0.4138717@1788877446.420035226
0.0.8383256,0.0001775128135908672,SUCCESS,hbar,0.0.3964804,0.0.4138717@1788877449.343160323
0.0.8068660,0.002031806892356381,SUCCESS,hbar,0.0.3964804,0.0.4138717@1788877451.219675898
0.0.7931472,0.05368229631176098,SUCCESS,hbar,0.0.3964804,0.0.4138717@1788877448.218326789
0.0.8002619,0.0842782346580769,SUCCESS,hbar,0.0.3964804,0.0.4138717@1788877451.700964713
0.0.7809201,0.0000254592498486816,SUCCESS,hbar,0.0.3964804,0.0.4138717@1788877450.984072757
0.0.7098838,0.1911991441543482,SUCCESS,hbar,0.0.3964804,0.0.4138717@1788877451.629696983
0.0.590682,0.007806815023550602,SUCCESS,hbar,0.0.3964804,0.0.4138717@1788877454.166513948
0.0.4766806,6.42133571791239,SUCCESS,hbar,0.0.3964804,0.0.4138717@1788877454.426777048
0.0.1114728,0.002333525272227677,SUCCESS,hbar,0.0.3964804,0.0.4138717@1788877452.251553120
0.0.5957081,0.1246436023011341,SUCCESS,hbar,0.0.3964804,0.0.4138717@1788877451.600872007
0.0.9707528,78.09650121552716,SUCCESS,hbar,0.0.3964804,0.0.4138717@1788877452.407561727
0.0.10164472,337.1553653423701,SUCCESS,hbar,0.0.3964804,0.0.4138717@1788877456.268548424
0.0.10115705,0.000193172463844704,SUCCESS,hbar,0.0.3964804,0.0.4138717@1788877453.425717390
0.0.10035851,15.1412070134018,SUCCESS,hbar,0.0.3964804,0.0.4138717@1788877457.828652513
0.0.10007904,0.0004974895629914688,SUCCESS,hbar,0.0.3964804,0.0.4138717@1788877458.189088117
0.0.1365923,0.004677255534679113,SUCCESS,hbar,0.0.3964804,0.0.4138717@1788877457.764162359
0.0.9593512,0.000993663727416576,SUCCESS,hbar,0.0.3964804,0.0.4138717@1788877457.795942584
0.0.10035663,0.1413840701597983,SUCCESS,hbar,0.0.3964804,0.0.4138717@1788877459.445555218
0.0.1400807,0.2270995372831688,SUCCESS,hbar,0.0.3964804,0.0.4138717@1788877458.708528737
0.0.1412348,12.30895241701467,SUCCESS,hbar,0.0.3964804,0.0.4138717@1788877460.253953596
0.0.9774219,0.001448011772005853,SUCCESS,hbar,0.0.3964804,0.0.4138717@1788877458.370833833
0.0.9707531,134.4247204808604,SUCCESS,hbar,0.0.3964804,0.0.4138717@1788877459.025891252
0.0.4561752,0.01349494017531397,SUCCESS,hbar,0.0.3964804,0.0.4138717@1788877463.109658071
0.0.7914763,0.05740831632826662,SUCCESS,hbar,0.0.3964804,0.0.4138717@1788877462.206915153
0.0.1503602,0.136193336860487,SUCCESS,hbar,0.0.3964804,0.0.4138717@1788877461.236680959
0.0.9362153,0.1170858923015686,SUCCESS,hbar,0.0.3964804,0.0.4138717@1788877464.404726286
0.0.1703381,0.4017133839492192,SUCCESS,hbar,0.0.3964804,0.0.4138717@1788877462.474949126
0.0.9301506,0.003003586255137226,SUCCESS,hbar,0.0.3964804,0.0.4138717@1788877463.061085026
0.0.9177203,0.001443008183620262,SUCCESS,hbar,0.0.3964804,0.0.4138717@1788877467.688641239
0.0.8188301,0.1388566425275659,SUCCESS,hbar,0.0.3964804,0.0.4138717@1788877464.414350549
0.0.8108637,0.0000482178496247136,SUCCESS,hbar,0.0.3964804,0.0.4138717@1788877464.423606315
0.0.9034617,0.02140784389736024,SUCCESS,hbar,0.0.3964804,0.0.4138717@1788877464.570060494
0.0.1365779,0.07050023243365436,SUCCESS,hbar,0.0.3964804,0.0.4138717@1788877464.888605770
0.0.1105845,0.5860103080130883,SUCCESS,hbar,0.0.3964804,0.0.4138717@1788877468.268123597
0.0.9304292,0.8244043666239091,SUCCESS,hbar,0.0.3964804,0.0.4138717@1788877468.389478334
0.0.10253402,2.521300974598113,SUCCESS,hbar,0.0.3964804,0.0.4138717@1788877471.124343781
0.0.10541900,0.01245272601413805,SUCCESS,hbar,0.0.3964804,0.0.4138717@1788877470.868490520
0.0.10478184,1960.233484887841,SUCCESS,hbar,0.0.3964804,0.0.4138717@1788877472.050769418
0.0.10489509,1960.233092576927,SUCCESS,hbar,0.0.3964804,0.0.4138717@1788877472.656601919
0.0.8083839,1.793220294777822,SUCCESS,hbar,0.0.3964804,0.0.4138717@1788877470.260342352
0.0.10251800,0.0001691320018235328,SUCCESS,hbar,0.0.3964804,0.0.4138717@1788877468.995068184
0.0.1024843,0.0000097793496733824,SUCCESS,hbar,0.0.3964804,0.0.4138717@1788877472.157600100
0.0.4499088,0.01268647692989149,SUCCESS,hbar,0.0.3964804,0.0.4138717@1788877472.150637456
0.0.9273022,0.0000839668371310944,SUCCESS,hbar,0.0.3964804,0.0.4138717@1788877469.481526266
0.0.10219431,0.3793448397453732,SUCCESS,hbar,0.0.3964804,0.0.4138717@1788877475.351482577
0.0.9509413,0.0084127845592296,SUCCESS,hbar,0.0.3964804,0.0.4138717@1788877475.514442247
0.0.10157649,1.294327692662726,SUCCESS,hbar,0.0.3964804,0.0.4138717@1788877473.481985543
0.0.10014449,0.01074004446084673,SUCCESS,hbar,0.0.3964804,0.0.4138717@1788877475.622837040
0.0.4749526,8.00578934936333,SUCCESS,hbar,0.0.3964804,0.0.4138717@1788877474.668157495
0.0.1704489,0.0000790191676667808,SUCCESS,hbar,0.0.3964804,0.0.4138717@1788877476.165795674
0.0.9584885,0.00187042517997863,SUCCESS,hbar,0.0.3964804,0.0.4138717@1788877478.097725593
0.0.10093024,0.05543345559147316,SUCCESS,hbar,0.0.3964804,0.0.4138717@1788877479.056413766
0.0.816698,2.094085462964232,SUCCESS,hbar,0.0.3964804,0.0.4138717@1788877479.602658182
0.0.1696471,0.2242235594067981,SUCCESS,hbar,0.0.3964804,0.0.4138717@1788877480.611542537
0.0.6334018,0.2361420343015911,SUCCESS,hbar,0.0.3964804,0.0.4138717@1788877477.190003766
0.0.5804427,0.06378764445430868,SUCCESS,hbar,0.0.3964804,0.0.4138717@1788877481.005789945
0.0.1956746,0.01305226370241452,SUCCESS,hbar,0.0.3964804,0.0.4138717@1788877481.470150923
0.0.6181303,6.375369339551373,SUCCESS,hbar,0.0.3964804,0.0.4138717@1788877480.969156119
0.0.5742160,3.069700701910445,SUCCESS,hbar,0.0.3964804,0.0.4138717@1788877482.284731182
0.0.1093612,0.08497517820641395,SUCCESS,hbar,0.0.3964804,0.0.4138717@1788877481.996709316
0.0.4814986,0.005100357249640166,SUCCESS,hbar,0.0.3964804,0.0.4138717@1788877481.560994515
0.0.857763,0.3861411165237521,SUCCESS,hbar,0.0.3964804,0.0.4138717@1788877480.420589976
0.0.937712,4.64803978044596,SUCCESS,hbar,0.0.3964804,0.0.4138717@1788877485.343017138
0.0.955353,0.03779854680347755,SUCCESS,hbar,0.0.3964804,0.0.4138717@1788877483.665871435
0.0.2025203,0.01803263013684711,SUCCESS,hbar,0.0.3964804,0.0.4138717@1788877484.867259605
0.0.683815,0.0132705912131598,SUCCESS,hbar,0.0.3964804,0.0.4138717@1788877484.881253752
0.0.1052080,0.2349401490746794,SUCCESS,hbar,0.0.3964804,0.0.4138717@1788877486.064878492
0.0.4712922,0.01603938571867636,SUCCESS,hbar,0.0.3964804,0.0.4138717@1788877485.604737758
0.0.4140342,0.08265848412806004,SUCCESS,hbar,0.0.3964804,0.0.4138717@1788877485.223930646
0.0.4576074,0.1683753812251497,SUCCESS,hbar,0.0.3964804,0.0.4138717@1788877488.845265910
0.0.4558719,0.003119389445759731,SUCCESS,hbar,0.0.3964804,0.0.4138717@1788877490.847177685
0.0.4552348,0.002834538342191021,SUCCESS,hbar,0.0.3964804,0.0.4138717@1788877488.709473231
0.0.4552309,0.002665675651003315,SUCCESS,hbar,0.0.3964804,0.0.4138717@1788877489.297328741
0.0.4552382,0.002665524199756003,SUCCESS,hbar,0.0.3964804,0.0.4138717@1788877490.770195124
0.0.1082201,25.1771181805484,SUCCESS,hbar,0.0.3964804,0.0.4138717@1788877490.560263579
0.0.4571567,0.5061603919403626,SUCCESS,hbar,0.0.3964804,0.0.4138717@1788877488.917199242
0.0.4853191,0.00267933439150992,SUCCESS,hbar,0.0.3964804,0.0.4138717@1788877493.660934889
0.0.837799,0.2352676602745724,SUCCESS,hbar,0.0.3964804,0.0.4138717@1788877491.458015514
0.0.4144365,0.346741946233121,SUCCESS,hbar,0.0.3964804,0.0.4138717@1788877491.742464481
0.0.2005484,0.003753518203739981,SUCCESS,hbar,0.0.3964804,0.0.4138717@1788877493.590471673
0.0.4644030,0.004551913555990589,SUCCESS,hbar,0.0.3964804,0.0.4138717@1788877495.840906763
0.0.876236,0.02687626573331996,SUCCESS,hbar,0.0.3964804,0.0.4138717@1788877492.198872969
0.0.1505544,0.001343505110259629,SUCCESS,hbar,0.0.3964804,0.0.4138717@1788877493.664113947
0.0.3051653,0.07324949014911378,SUCCESS,hbar,0.0.3964804,0.0.4138717@1788877493.863686957
0.0.10427913,0.0632056542813474,SUCCESS,hbar,0.0.3964804,0.0.4138717@1788877498.897889165
0.0.836096,0.0946472752752417,SUCCESS,hbar,0.0.3964804,0.0.4138717@1788877497.485963273
0.0.9796301,0.2640249533406749,SUCCESS,hbar,0.0.3964804,0.0.4138717@1788877497.733156101
0.0.10279551,0.09135600111586169,SUCCESS,hbar,0.0.3964804,0.0.4138717@1788877496.638469412
0.0.10261941,0.4205103012571949,SUCCESS,hbar,0.0.3964804,0.0.4138717@1788877496.030719420
0.0.10242536,0.6272231402729717,SUCCESS,hbar,0.0.3964804,0.0.4138717@1788877498.164151983
0.0.2030460,4.263308458974549,SUCCESS,hbar,0.0.3964804,0.0.4138717@1788877500.979268706
0.0.10056907,0.7118050955589377,SUCCESS,hbar,0.0.3964804,0.0.4138717@1788877500.834522016
0.0.7164995,4.388626515210403,SUCCESS,hbar,0.0.3964804,0.0.4138717@1788877501.778980715
0.0.1486871,10.76207102198519,SUCCESS,hbar,0.0.3964804,0.0.4138717@1788877500.751645451
0.0.1711144,0.05942942153707827,SUCCESS,hbar,0.0.3964804,0.0.4138717@1788877503.964558472
0.0.4345176,0.01748211778104022,SUCCESS,hbar,0.0.3964804,0.0.4138717@1788877506.607972671
0.0.4741573,0.1631683693864582,SUCCESS,hbar,0.0.3964804,0.0.4138717@1788877504.397832463
0.0.4923529,0.0003204939802684608,SUCCESS,hbar,0.0.3964804,0.0.4138717@1788877508.086780792
0.0.1046906,0.004440431138065488,SUCCESS,hbar,0.0.3964804,0.0.4138717@1788877505.288030040
0.0.4362017,0.2884026795616469,SUCCESS,hbar,0.0.3964804,0.0.4138717@1788877504.728481019
0.0.789990,0.01281208597047363,SUCCESS,hbar,0.0.3964804,0.0.4138717@1788877506.969139032
0.0.840487,0.564652430579256,SUCCESS,hbar,0.0.3964804,0.0.4138717@1788877509.260835685
0.0.5314183,0.06819000989618929,SUCCESS,hbar,0.0.3964804,0.0.4138717@1788877512.159892959
0.0.1372179,0.03150022791963908,SUCCESS,hbar,0.0.3964804,0.0.4138717@1788877508.353940794
0.0.435679,6.058256640633089,SUCCESS,hbar,0.0.3964804,0.0.4138717@1788877510.206993918
0.0.2302824,0.0004332711342419136,SUCCESS,hbar,0.0.3964804,0.0.4138717@1788877511.237995901
0.0.4433604,0.01374137995214745,SUCCESS,hbar,0.0.3964804,0.0.4138717@1788877514.402086301
0.0.9690555,0.1042652300313538,SUCCESS,hbar,0.0.3964804,0.0.4138717@1788877514.331840765
0.0.5432163,0.007789104751723056,SUCCESS,hbar,0.0.3964804,0.0.4138717@1788877516.093648084
0.0.1415516,1.618227690730342,SUCCESS,hbar,0.0.3964804,0.0.4138717@1788877513.851755132
0.0.4329551,0.18208648541809,SUCCESS,hbar,0.0.3964804,0.0.4138717@1788877515.019187569
0.0.5029689,0.6934258757446543,SUCCESS,hbar,0.0.3964804,0.0.4138717@1788877519.294508229
0.0.834666,1.346467692582569,SUCCESS,hbar,0.0.3964804,0.0.4138717@1788877520.344219004
0.0.4323897,0.002677705430733677,SUCCESS,hbar,0.0.3964804,0.0.4138717@1788877517.674423570
0.0.4782567,0.4828964164964757,SUCCESS,hbar,0.0.3964804,0.0.4138717@1788877519.486755817
0.0.4340392,0.00974160818869971,SUCCESS,hbar,0.0.3964804,0.0.4138717@1788877517.307372297
0.0.915984,4.228922683048776,SUCCESS,hbar,0.0.3964804,0.0.4138717@1788877520.978254095
0.0.9404882,0.1266094997726072,SUCCESS,hbar,0.0.3964804,0.0.4138717@1788877524.332804756
0.0.9178066,1.577456998091987,SUCCESS,hbar,0.0.3964804,0.0.4138717@1788877524.132988569
0.0.966444,0.7734967503874255,SUCCESS,hbar,0.0.3964804,0.0.4138717@1788877524.868194141
0.0.9303899,0.4573651075187051,SUCCESS,hbar,0.0.3964804,0.0.4138717@1788877521.316757049
0.0.2017766,0.5517186148125607,SUCCESS,hbar,0.0.3964804,0.0.4138717@1788877524.556636094
0.0.6295630,0.02065655274025524,SUCCESS,hbar,0.0.3964804,0.0.4138717@1788877525.699509187
0.0.3681629,2.282691155371142,SUCCESS,hbar,0.0.3964804,0.0.4138717@1788877526.812520421
0.0.853379,5.925257747090446,SUCCESS,hbar,0.0.3964804,0.0.4138717@1788877526.402283644
0.0.9272301,0.2306711385278305,SUCCESS,hbar,0.0.3964804,0.0.4138717@1788877527.284134702
0.0.9273859,0.02642717390141756,SUCCESS,hbar,0.0.3964804,0.0.4138717@1788877526.064540835
0.0.9405888,0.00530163251359128,SUCCESS,hbar,0.0.3964804,0.0.4138717@1788877531.269512327
0.0.2149252,0.0000127525061794464,SUCCESS,hbar,0.0.3964804,0.0.4138717@1788877531.725192217
0.0.9150672,0.01179425718731782,SUCCESS,hbar,0.0.3964804,0.0.4138717@1788877533.345858601
0.0.8733798,9.488602896573992,SUCCESS,hbar,0.0.3964804,0.0.4138717@1788877529.153488040
0.0.9144684,0.03283421708594906,SUCCESS,hbar,0.0.3964804,0.0.4138717@1788877533.679345812
0.0.6094118,0.007952450331445574,SUCCESS,hbar,0.0.3964804,0.0.4138717@1788877533.391364993
0.0.9168967,0.0221036695574415,SUCCESS,hbar,0.0.3964804,0.0.4138717@1788877531.902246601
0.0.4310363,0.09616131036322526,SUCCESS,hbar,0.0.3964804,0.0.4138717@1788877532.335195784
0.0.9201440,0.01618375295125722,SUCCESS,hbar,0.0.3964804,0.0.4138717@1788877534.755198983
0.0.9695749,1.232313537239476,SUCCESS,hbar,0.0.3964804,0.0.4138717@1788877533.540088968
0.0.4911466,0.003456757654042809,SUCCESS,hbar,0.0.3964804,0.0.4138717@1788877534.217323693
0.0.10068662,0.01949826702853178,SUCCESS,hbar,0.0.3964804,0.0.4138717@1788877534.663448740
0.0.6460255,1.685610149058284,SUCCESS,hbar,0.0.3964804,0.0.4138717@1788877537.374167118
0.0.3161254,1960.233092576927,SUCCESS,hbar,0.0.3964804,0.0.4138717@1788877538.603943942
0.0.3907868,0.00192896322082007,SUCCESS,hbar,0.0.3964804,0.0.4138717@1788877539.086639289
0.0.1043461,19.78823874618244,SUCCESS,hbar,0.0.3964804,0.0.4138717@1788877541.052186105
0.0.9317309,0.000205799843294208,SUCCESS,hbar,0.0.3964804,0.0.4138717@1788877541.114605904
0.0.7550127,0.07598473315036669,SUCCESS,hbar,0.0.3964804,0.0.4138717@1788877538.299589164
0.0.5482082,0.2553449077847409,SUCCESS,hbar,0.0.3964804,0.0.4138717@1788877542.733640034
0.0.1747288,0.7074133991005173,SUCCESS,hbar,0.0.3964804,0.0.4138717@1788877539.894795803
0.0.834767,0.4814480188486387,SUCCESS,hbar,0.0.3964804,0.0.4138717@1788877539.201501976
0.0.9612822,0.06052299228708927,SUCCESS,hbar,0.0.3964804,0.0.4138717@1788877542.056185049
0.0.6258977,0.05961317374550814,SUCCESS,hbar,0.0.3964804,0.0.4138717@1788877541.843508168
0.0.946029,0.1991256952252843,SUCCESS,hbar,0.0.3964804,0.0.4138717@1788877541.882502727
0.0.1461428,0.6066328774606473,SUCCESS,hbar,0.0.3964804,0.0.4138717@1788877542.894994033
0.0.1517175,0.3403151668820734,SUCCESS,hbar,0.0.3964804,0.0.4138717@1788877546.403991738
0.0.9226909,0.07424658591285617,SUCCESS,hbar,0.0.3964804,0.0.4138717@1788877545.195423947
0.0.2657839,0.7929470120086347,SUCCESS,hbar,0.0.3964804,0.0.4138717@1788877547.537289236
0.0.9477910,1.003167115064579,SUCCESS,hbar,0.0.3964804,0.0.4138717@1788877546.509616079
0.0.1736150,0.2314584042574205,SUCCESS,hbar,0.0.3964804,0.0.4138717@1788877550.282739439
0.0.7421912,0.008773886760040282,SUCCESS,hbar,0.0.3964804,0.0.4138717@1788877548.887870562
0.0.7965413,0.0001942051001367744,SUCCESS,hbar,0.0.3964804,0.0.4138717@1788877552.070213348
0.0.1481135,0.07385748029065786,SUCCESS,hbar,0.0.3964804,0.0.4138717@1788877551.509866986
0.0.7896816,3.154918229734581,SUCCESS,hbar,0.0.3964804,0.0.4138717@1788877550.021863602
0.0.3947850,0.0001165045569951456,SUCCESS,hbar,0.0.3964804,0.0.4138717@1788877553.190423167
0.0.5905014,0.07743615424570705,SUCCESS,hbar,0.0.3964804,0.0.4138717@1788877552.476727849
0.0.5042398,0.3346883632267424,SUCCESS,hbar,0.0.3964804,0.0.4138717@1788877557.150102478
0.0.1479857,0.2226680428640078,SUCCESS,hbar,0.0.3964804,0.0.4138717@1788877553.493631154
0.0.7835479,0.003050346416999357,SUCCESS,hbar,0.0.3964804,0.0.4138717@1788877555.036228494
0.0.7570262,0.01597860602275366,SUCCESS,hbar,0.0.3964804,0.0.4138717@1788877559.553863503
0.0.8032303,0.01138936150597081,SUCCESS,hbar,0.0.3964804,0.0.4138717@1788877558.140285810
0.0.7791729,0.0001931990613523776,SUCCESS,hbar,0.0.3964804,0.0.4138717@1788877558.983150663
0.0.5739319,0.19544563663163,SUCCESS,hbar,0.0.3964804,0.0.4138717@1788877557.853331491
0.0.7607102,0.001479174538685213,SUCCESS,hbar,0.0.3964804,0.0.4138717@1788877562.958079648
0.0.7777028,0.1268693944665223,SUCCESS,hbar,0.0.3964804,0.0.4138717@1788877559.313186406
0.0.4752954,0.05316723046171155,SUCCESS,hbar,0.0.3964804,0.0.4138717@1788877562.654230482
0.0.3912896,0.03763158622330323,SUCCESS,hbar,0.0.3964804,0.0.4138717@1788877562.067550232
0.0.4250725,0.0304267284975791,SUCCESS,hbar,0.0.3964804,0.0.4138717@1788877562.894356536
0.0.2557514,0.1973257900642917,SUCCESS,hbar,0.0.3964804,0.0.4138717@1788877561.315504938
0.0.831661,0.5083191213862434,SUCCESS,hbar,0.0.3964804,0.0.4138717@1788877565.980379006
0.0.4746343,0.0003523760631645408,SUCCESS,hbar,0.0.3964804,0.0.4138717@1788877564.473346870
0.0.7049977,0.001808090767390406,SUCCESS,hbar,0.0.3964804,0.0.4138717@1788877566.880826674
0.0.4867972,0.007196202165227645,SUCCESS,hbar,0.0.3964804,0.0.4138717@1788877564.379245857
0.0.8209324,0.1228365558245152,SUCCESS,hbar,0.0.3964804,0.0.4138717@1788877569.357610762
0.0.7997139,0.02329261815170811,SUCCESS,hbar,0.0.3964804,0.0.4138717@1788877569.676870583
0.0.5761971,0.000033948464123376,SUCCESS,hbar,0.0.3964804,0.0.4138717@1788877570.519546256
0.0.1906790,0.00246816179817575,SUCCESS,hbar,0.0.3964804,0.0.4138717@1788877568.138807955
0.0.8178093,0.01948920914705694,SUCCESS,hbar,0.0.3964804,0.0.4138717@1788877570.999779076
0.0.8175769,0.05098448430378694,SUCCESS,hbar,0.0.3964804,0.0.4138717@1788877570.226496281
0.0.8142528,0.005473415478280579,SUCCESS,hbar,0.0.3964804,0.0.4138717@1788877572.294972124
0.0.833836,0.4744382007016777,SUCCESS,hbar,0.0.3964804,0.0.4138717@1788877572.737629011
0.0.5007636,0.01952402272203557,SUCCESS,hbar,0.0.3964804,0.0.4138717@1788877574.559877826
0.0.7913251,0.01364003476211998,SUCCESS,hbar,0.0.3964804,0.0.4138717@1788877575.205789333
0.0.8042105,0.02273766864119291,SUCCESS,hbar,0.0.3964804,0.0.4138717@1788877570.865413855
0.0.2477582,0.06511277524524722,SUCCESS,hbar,0.0.3964804,0.0.4138717@1788877572.571549256
0.0.8059253,0.3531134959007107,SUCCESS,hbar,0.0.3964804,0.0.4138717@1788877575.368113638
0.0.2006292,0.0115796631062041,SUCCESS,hbar,0.0.3964804,0.0.4138717@1788877576.382353785
0.0.7912110,0.0000657238512716928,SUCCESS,hbar,0.0.3964804,0.0.4138717@1788877573.264381489
0.0.8056304,0.1109305237059608,SUCCESS,hbar,0.0.3964804,0.0.4138717@1788877578.198473167
0.0.7974195,8.128786317264622,SUCCESS,hbar,0.0.3964804,0.0.4138717@1788877578.179151397
0.0.7746903,0.016458079283176,SUCCESS,hbar,0.0.3964804,0.0.4138717@1788877574.804978378
0.0.6061106,0.07967621057068111,SUCCESS,hbar,0.0.3964804,0.0.4138717@1788877575.628677157
0.0.827132,0.08891797296589571,SUCCESS,hbar,0.0.3964804,0.0.4138717@1788877580.936169210
0.0.4659519,0.3287825151391709,SUCCESS,hbar,0.0.3964804,0.0.4138717@1788877578.386980333
0.0.6247418,0.009827003571727968,SUCCESS,hbar,0.0.3964804,0.0.4138717@1788877581.225449537
0.0.6078189,2.424473190513493,SUCCESS,hbar,0.0.3964804,0.0.4138717@1788877584.286065370
0.0.6058490,0.00569580040438007,SUCCESS,hbar,0.0.3964804,0.0.4138717@1788877582.511208794
0.0.6095958,1.652142067926619,SUCCESS,hbar,0.0.3964804,0.0.4138717@1788877586.583706463
0.0.5873159,16.76298826362837,SUCCESS,hbar,0.0.3964804,0.0.4138717@1788877588.669368616
0.0.1334605,1.955614824529029,SUCCESS,hbar,0.0.3964804,0.0.4138717@1788877587.913040891
0.0.4799094,0.01899831886311157,SUCCESS,hbar,0.0.3964804,0.0.4138717@1788877587.940812912
0.0.2174952,0.05043430324065966,SUCCESS,hbar,0.0.3964804,0.0.4138717@1788877587.894046124
0.0.848151,0.06540041860580584,SUCCESS,hbar,0.0.3964804,0.0.4138717@1788877589.073570660
0.0.1388678,0.8825855882947096,SUCCESS,hbar,0.0.3964804,0.0.4138717@1788877590.552524290
0.0.4785387,0.08768803082422605,SUCCESS,hbar,0.0.3964804,0.0.4138717@1788877589.948365848
0.0.4322023,0.1031633095412407,SUCCESS,hbar,0.0.3964804,0.0.4138717@1788877590.998885122
0.0.5060252,0.004624882254790762,SUCCESS,hbar,0.0.3964804,0.0.4138717@1788877589.509752527
0.0.3295745,2.170778704774275,SUCCESS,hbar,0.0.3964804,0.0.4138717@1788877591.357524695
0.0.4758052,0.03094216345669596,SUCCESS,hbar,0.0.3964804,0.0.4138717@1788877591.423058700
0.0.4640278,0.0167970580628163,SUCCESS,hbar,0.0.3964804,0.0.4138717@1788877590.525939456
0.0.1233065,0.06858291844653998,SUCCESS,hbar,0.0.3964804,0.0.4138717@1788877594.108376902
0.0.6256886,0.008929200983404868,SUCCESS,hbar,0.0.3964804,0.0.4138717@1788877592.308226806
0.0.7638910,0.008961805086135581,SUCCESS,hbar,0.0.3964804,0.0.4138717@1788877593.781385506
0.0.7610560,0.03011014156367811,SUCCESS,hbar,0.0.3964804,0.0.4138717@1788877592.294913898
0.0.5437974,0.2019665253654636,SUCCESS,hbar,0.0.3964804,0.0.4138717@1788877597.459833751
0.0.4899880,0.01328545015733989,SUCCESS,hbar,0.0.3964804,0.0.4138717@1788877593.770724299
0.0.4595460,0.02183604859873567,SUCCESS,hbar,0.0.3964804,0.0.4138717@1788877595.133627400
0.0.3159220,0.3131166783035919,SUCCESS,hbar,0.0.3964804,0.0.4138717@1788877595.917743116
0.0.7200618,0.003814111780377783,SUCCESS,hbar,0.0.3964804,0.0.4138717@1788877596.071529886
0.0.1859919,0.02571316180361534,SUCCESS,hbar,0.0.3964804,0.0.4138717@1788877598.940756134
0.0.4978453,1.688972118869082,SUCCESS,hbar,0.0.3964804,0.0.4138717@1788877597.465776955
0.0.6612734,0.001519088582908397,SUCCESS,hbar,0.0.3964804,0.0.4138717@1788877600.170300461
0.0.6344703,22.18582429063917,SUCCESS,hbar,0.0.3964804,0.0.4138717@1788877596.931140302
0.0.1448239,0.01037572790600627,SUCCESS,hbar,0.0.3964804,0.0.4138717@1788877597.338458530
0.0.6232417,0.01231183349939972,SUCCESS,hbar,0.0.3964804,0.0.4138717@1788877597.348088668
0.0.760653,0.03795803036535614,SUCCESS,hbar,0.0.3964804,0.0.4138717@1788877598.224641686
0.0.835625,0.01856923833471039,SUCCESS,hbar,0.0.3964804,0.0.4138717@1788877600.333320934
0.0.6674918,0.002901171751690234,SUCCESS,hbar,0.0.3964804,0.0.4138717@1788877599.989280695
0.0.4360598,0.007638306962887008,SUCCESS,hbar,0.0.3964804,0.0.4138717@1788877598.612424358
0.0.2123622,0.02585214066148969,SUCCESS,hbar,0.0.3964804,0.0.4138717@1788877600.659063855
0.0.6324031,0.0001519376626214208,SUCCESS,hbar,0.0.3964804,0.0.4138717@1788877603.186003282
0.0.10454179,0.140076650774321,SUCCESS,hbar,0.0.3964804,0.0.4138717@1788877600.857168459
0.0.9425366,1.537706139418289,SUCCESS,hbar,0.0.3964804,0.0.4138717@1788877602.812779007
0.0.8868403,0.003767548868237434,SUCCESS,hbar,0.0.3964804,0.0.4138717@1788877602.372489828
0.0.10820145,0.3726551190453675,SUCCESS,hbar,0.0.3964804,0.0.4138717@1788877602.212464732
0.0.10456759,1.699543084958348,SUCCESS,hbar,0.0.3964804,0.0.4138717@1788877604.704122343
0.0.10810210,1.875419521483529,SUCCESS,hbar,0.0.3964804,0.0.4138717@1788877605.257495570
0.0.2022986,0.5000729509915085,SUCCESS,hbar,0.0.3964804,0.0.4138717@1788877601.863245167
0.0.10803311,2.436386863635276,SUCCESS,hbar,0.0.3964804,0.0.4138717@1788877605.263813162
0.0.10803307,10.16614875105998,SUCCESS,hbar,0.0.3964804,0.0.4138717@1788877608.321818908
0.0.10801047,0.0000570950259522912,SUCCESS,hbar,0.0.3964804,0.0.4138717@1788877606.931595953
0.0.10801045,0.0000751755267465408,SUCCESS,hbar,0.0.3964804,0.0.4138717@1788877606.919417537
0.0.10612841,1.814915456560511,SUCCESS,hbar,0.0.3964804,0.0.4138717@1788877607.333463364
0.0.3008234,5.272494432142475,SUCCESS,hbar,0.0.3964804,0.0.4138717@1788877607.006243561
0.0.10543839,0.4095999367230414,SUCCESS,hbar,0.0.3964804,0.0.4138717@1788877606.679886863
0.0.10506008,0.1650470035167212,SUCCESS,hbar,0.0.3964804,0.0.4138717@1788877607.849161535
0.0.10502045,0.2226017003708142,SUCCESS,hbar,0.0.3964804,0.0.4138717@1788877607.296182659
0.0.10496154,0.0006005976010329024,SUCCESS,hbar,0.0.3964804,0.0.4138717@1788877607.511005398
0.0.10495365,8.2568487024e-8,SUCCESS,hbar,0.0.3964804,0.0.4138717@1788877610.063709885
0.0.844877,0.6276989590382114,SUCCESS,hbar,0.0.3964804,0.0.4138717@1788877610.286052674
0.0.10465417,0.2510232907245118,SUCCESS,hbar,0.0.3964804,0.0.4138717@1788877608.229095475
0.0.10237154,2.333535490697171,SUCCESS,hbar,0.0.3964804,0.0.4138717@1788877609.079437276
0.0.5850916,0.1693072042108406,SUCCESS,hbar,0.0.3964804,0.0.4138717@1788877609.360044006
0.0.10435638,0.07042233261485083,SUCCESS,hbar,0.0.3964804,0.0.4138717@1788877611.315384099
0.0.4320892,1.389323512293887,SUCCESS,hbar,0.0.3964804,0.0.4138717@1788877613.692248726
0.0.10295710,0.06779144250208825,SUCCESS,hbar,0.0.3964804,0.0.4138717@1788877610.460622894
0.0.3273594,0.246224397382508,SUCCESS,hbar,0.0.3964804,0.0.4138717@1788877612.482466590
0.0.10267166,7.594851514243251,SUCCESS,hbar,0.0.3964804,0.0.4138717@1788877613.078198660
0.0.10267167,0.0005094974936735712,SUCCESS,hbar,0.0.3964804,0.0.4138717@1788877615.597016163
0.0.10277044,0.6457021511260594,SUCCESS,hbar,0.0.3964804,0.0.4138717@1788877615.103459318
0.0.1920276,0.3391806063429491,SUCCESS,hbar,0.0.3964804,0.0.4138717@1788877614.785787339
0.0.10303974,0.2980579412998559,SUCCESS,hbar,0.0.3964804,0.0.4138717@1788877615.650672025
0.0.10307970,0.0003283106138564256,SUCCESS,hbar,0.0.3964804,0.0.4138717@1788877614.357038525
0.0.10044419,0.07702005126147224,SUCCESS,hbar,0.0.3964804,0.0.4138717@1788877617.642345576
0.0.9317965,0.07409473835315247,SUCCESS,hbar,0.0.3964804,0.0.4138717@1788877619.064714029
0.0.10308209,235.7756650833184,SUCCESS,hbar,0.0.3964804,0.0.4138717@1788877617.193161529
0.0.3953598,0.07603867546331236,SUCCESS,hbar,0.0.3964804,0.0.4138717@1788877617.684101712
0.0.4329185,0.7989064003032763,SUCCESS,hbar,0.0.3964804,0.0.4138717@1788877617.667828392
0.0.1313705,0.1072660226744833,SUCCESS,hbar,0.0.3964804,0.0.4138717@1788877617.864913620
0.0.10359193,0.09826132779042963,SUCCESS,hbar,0.0.3964804,0.0.4138717@1788877618.035376996
0.0.851469,0.07269287312065499,SUCCESS,hbar,0.0.3964804,0.0.4138717@1788877617.106815046
0.0.10420713,0.03276605624793377,SUCCESS,hbar,0.0.3964804,0.0.4138717@1788877619.285992167
0.0.10420709,0.1093166474399743,SUCCESS,hbar,0.0.3964804,0.0.4138717@1788877623.873251657
0.0.10420688,0.357452786934676,SUCCESS,hbar,0.0.3964804,0.0.4138717@1788877619.735896611
0.0.10422583,0.6078751444861714,SUCCESS,hbar,0.0.3964804,0.0.4138717@1788877624.010267717
0.0.4914022,0.1187822188222148,SUCCESS,hbar,0.0.3964804,0.0.4138717@1788877621.113148391
0.0.6258091,0.005955744661567805,SUCCESS,hbar,0.0.3964804,0.0.4138717@1788877623.103413707
0.0.3211610,0.2409006031077628,SUCCESS,hbar,0.0.3964804,0.0.4138717@1788877624.225116200
0.0.6315303,0.1222176780699807,SUCCESS,hbar,0.0.3964804,0.0.4138717@1788877623.430216204
0.0.7950871,5.62739842648701,SUCCESS,hbar,0.0.3964804,0.0.4138717@1788877624.523779181
0.0.8084528,3.015631576384796,SUCCESS,hbar,0.0.3964804,0.0.4138717@1788877624.512364785
0.0.10610396,0.03468826644725002,SUCCESS,hbar,0.0.3964804,0.0.4138717@1788877626.458625488
0.0.10354047,0.01834132603758756,SUCCESS,hbar,0.0.3964804,0.0.4138717@1788877627.951150326
0.0.958199,8.635712182408701,SUCCESS,hbar,0.0.3964804,0.0.4138717@1788877624.312596094
0.0.10124208,17.31845859117828,SUCCESS,hbar,0.0.3964804,0.0.4138717@1788877627.995334558
0.0.10831278,0.01770076669960846,SUCCESS,hbar,0.0.3964804,0.0.4138717@1788877630.307234067
0.0.836080,0.0000186805111993632,SUCCESS,hbar,0.0.3964804,0.0.4138717@1788877630.717664218
0.0.7188749,0.0007083908032193856,SUCCESS,hbar,0.0.3964804,0.0.4138717@1788877628.646654414
0.0.10792100,81.987109902109,SUCCESS,hbar,0.0.3964804,0.0.4138717@1788877627.475159211
0.0.842806,1.887472417249828,SUCCESS,hbar,0.0.3964804,0.0.4138717@1788877628.920665089
0.0.1472060,2.248965867726863,SUCCESS,hbar,0.0.3964804,0.0.4138717@1788877632.053844647
0.0.840352,1.515043100998805,SUCCESS,hbar,0.0.3964804,0.0.4138717@1788877629.210675627
0.0.1120752,5.44593865536e-8,SUCCESS,hbar,0.0.3964804,0.0.4138717@1788877630.783519416
0.0.10819646,0.09295705187504749,SUCCESS,hbar,0.0.3964804,0.0.4138717@1788877632.445113883
0.0.10430673,0.1391429866734675,SUCCESS,hbar,0.0.3964804,0.0.4138717@1788877629.660282134
0.0.5326504,0.6251318744273452,SUCCESS,hbar,0.0.3964804,0.0.4138717@1788877630.528856095
0.0.3003013,0.2118307774412214,SUCCESS,hbar,0.0.3964804,0.0.4138717@1788877634.615500967
0.0.1440806,0.09853941242501467,SUCCESS,hbar,0.0.3964804,0.0.4138717@1788877634.139048994
0.0.796454,0.3836569189775749,SUCCESS,hbar,0.0.3964804,0.0.4138717@1788877634.847453332
0.0.9270286,0.0000089475267503232,SUCCESS,hbar,0.0.3964804,0.0.4138717@1788877632.701838262
0.0.7989176,8.22838676369616,SUCCESS,hbar,0.0.3964804,0.0.4138717@1788877632.538515597
0.0.4573495,456.2295579169999,SUCCESS,hbar,0.0.3964804,0.0.4138717@1788877632.998608671
0.0.4138268,1.942950771172918,SUCCESS,hbar,0.0.3964804,0.0.4138717@1788877633.509399763
0.0.7865510,12.64515972802613,SUCCESS,hbar,0.0.3964804,0.0.4138717@1788877635.350184235
0.0.8213249,9.08435104028835,SUCCESS,hbar,0.0.3964804,0.0.4138717@1788877634.623687039
0.0.8414341,0.0000578664266463648,SUCCESS,hbar,0.0.3964804,0.0.4138717@1788877634.670407802
0.0.8055246,0.6268107014064145,SUCCESS,hbar,0.0.3964804,0.0.4138717@1788877637.926323804
0.0.3961176,0.06355073938792034,SUCCESS,hbar,0.0.3964804,0.0.4138717@1788877636.947745111
0.0.4375828,0.2982765786835784,SUCCESS,hbar,0.0.3964804,0.0.4138717@1788877639.833102161
0.0.10151415,1.111610672344976,SUCCESS,hbar,0.0.3964804,0.0.4138717@1788877637.362978133
0.0.9144627,0.367607160536806,SUCCESS,hbar,0.0.3964804,0.0.4138717@1788877640.338787140
0.0.7916035,7.803433680040962,SUCCESS,hbar,0.0.3964804,0.0.4138717@1788877640.222794283
0.0.10805782,2.866143735536876,SUCCESS,hbar,0.0.3964804,0.0.4138717@1788877640.849611693
0.0.4161393,0.5061975242010378,SUCCESS,hbar,0.0.3964804,0.0.4138717@1788877640.432315610
0.0.4383878,0.6205391428870004,SUCCESS,0.0.731861,0.0.3951117&0.0.6078459,0.0.4138717@1788875728.221684142
0.0.139500,262.2961782358326,SUCCESS,0.0.731861,0.0.3951117&0.0.3964790&0.0.3964860,0.0.4138717@1788875731.029703254
0.0.7920605,56.63622792901634,SUCCESS,0.0.731861,0.0.3951117&0.0.3961531&0.0.3964790&0.0.5328590,0.0.4138717@1788875731.258728179
0.0.1123753,9.044294393785224,SUCCESS,0.0.731861,0.0.3951117&0.0.4129330,0.0.4138717@1788875731.650149074
0.0.3525426,55.76514195043301,SUCCESS,0.0.731861,0.0.3951117&0.0.3964790&0.0.3964804&0.0.3964860&0.0.4601632&0.0.5328590,0.0.4138717@1788875731.109868607
0.0.10088944,5.840248834544676,SUCCESS,0.0.731861,0.0.3951117&0.0.3964804,0.0.4138717@1788875727.144285735
0.0.1462225,7594.823880979891,SUCCESS,0.0.731861,0.0.3951117,0.0.4138717@1788875728.242385091
0.0.1792818,0.02799322019321969,SUCCESS,0.0.731861,0.0.3951117,0.0.4138717@1788875730.558725749
0.0.1070346,200.9810521248472,SUCCESS,0.0.731861,0.0.3951117&0.0.3961531,0.0.4138717@1788875731.454534300
0.0.4423729,92.96734210268698,SUCCESS,0.0.731861,0.0.3951117&0.0.3964804&0.0.10498278,0.0.4138717@1788875731.087547449
0.0.4331665,3.30450802319408,SUCCESS,0.0.731861,0.0.3951117,0.0.4138717@1788875734.470064968
0.0.4430933,234.2052178211743,SUCCESS,0.0.731861,0.0.3951117&0.0.3964827,0.0.4138717@1788875731.433794418
0.0.834443,323.1049880018352,SUCCESS,0.0.731861,0.0.3951117,0.0.4138717@1788875734.111205716
0.0.4858736,0.1198160535855356,SUCCESS,0.0.731861,0.0.3951117,0.0.4138717@1788875733.810543831
0.0.664329,7.341185550076776,SUCCESS,0.0.731861,0.0.3951117&0.0.6071119&0.0.6126395,0.0.4138717@1788875733.989975200
0.0.4792831,0.009127406295968128,SUCCESS,0.0.731861,0.0.3951117,0.0.4138717@1788875733.425776412
0.0.4338219,18.11145992894301,SUCCESS,0.0.731861,0.0.3951117,0.0.4138717@1788875736.121456110
0.0.4745055,0.01729649158960621,SUCCESS,0.0.731861,0.0.3951117,0.0.4138717@1788875739.377486356
0.0.1339713,29.14230646055555,SUCCESS,0.0.731861,0.0.3951117&0.0.3964804&0.0.5328590,0.0.4138717@1788875739.973722357
0.0.1784251,10.38270169480617,SUCCESS,0.0.731861,0.0.3951117&0.0.3964804&0.0.4601632&0.0.5328590&0.0.10414792&0.0.10498274,0.0.4138717@1788875739.523548315
0.0.4339712,0.9455672459444628,SUCCESS,0.0.731861,0.0.3951117,0.0.4138717@1788875744.730972080
0.0.1512938,0.001993004627316119,SUCCESS,0.0.731861,0.0.3951117,0.0.4138717@1788875745.197232776
0.0.4766933,123.0773533902867,SUCCESS,0.0.731861,0.0.3951117,0.0.4138717@1788875746.336546240
0.0.4361868,72.13352093906184,SUCCESS,0.0.731861,0.0.3951117,0.0.4138717@1788875747.793028229
0.0.4433722,0.1892703991300441,SUCCESS,0.0.731861,0.0.3951117,0.0.4138717@1788875745.660855273
0.0.3925109,0.0001226120688738068,SUCCESS,0.0.731861,0.0.3951117,0.0.4138717@1788875749.764797730
0.0.4591423,2.996642714927845,SUCCESS,0.0.731861,0.0.3951117&0.0.3964855&0.0.4601632,0.0.4138717@1788875750.527763742
0.0.3872466,0.3354617254571027,SUCCESS,0.0.731861,0.0.3951117,0.0.4138717@1788875752.612811848
0.0.1508462,90.32051547272704,SUCCESS,0.0.731861,0.0.3951117,0.0.4138717@1788875753.934601456
0.0.4575306,0.0118513109861878,SUCCESS,0.0.731861,0.0.3951117,0.0.4138717@1788875752.383638525
0.0.516971,4.090585994915339e-7,SUCCESS,0.0.731861,0.0.3951117,0.0.4138717@1788875757.292992715
0.0.490092,0.3555026940494731,SUCCESS,0.0.731861,0.0.3951117,0.0.4138717@1788875757.225170550
0.0.4569835,0.01822015933724686,SUCCESS,0.0.731861,0.0.3951117,0.0.4138717@1788875758.066265781
0.0.7991960,20.95241659340406,SUCCESS,0.0.731861,0.0.3951117&0.0.3964804,0.0.4138717@1788875761.066083983
0.0.8531519,18.43577701551058,SUCCESS,0.0.731861,0.0.3951117,0.0.4138717@1788875762.063509744
0.0.2960169,4.539476145188452,SUCCESS,0.0.731861,0.0.3951117&0.0.3961531&0.0.3964827,0.0.4138717@1788875761.702605034
0.0.8616856,287.7136756314748,SUCCESS,0.0.731861,0.0.3951117&0.0.3961531&0.0.3964804&0.0.6071119,0.0.4138717@1788875761.905471321
0.0.1691323,109.3811697736751,SUCCESS,0.0.731861,0.0.3951117&0.0.3964804,0.0.4138717@1788875760.907072847
0.0.4342759,150.9963314346041,SUCCESS,0.0.731861,0.0.3951117,0.0.4138717@1788875762.185073344
0.0.4912200,511.5928777210823,SUCCESS,0.0.731861,0.0.3951117&0.0.3964804,0.0.4138717@1788875766.179690045
0.0.1379217,25.20763483534092,NOT_ASSOCIATED,0.0.731861,0.0.3951117,
0.0.6258771,20.20588611560617,SUCCESS,0.0.731861,0.0.3951117,0.0.4138717@1788875766.186370644
0.0.7889838,0.2464512294076677,SUCCESS,0.0.731861,0.0.3951117,0.0.4138717@1788875769.374138725
0.0.8068689,385.4069660883799,SUCCESS,0.0.731861,0.0.3951117&0.0.3964804&0.0.3964827,0.0.4138717@1788875768.570110781
0.0.1991961,225.3724003461886,SUCCESS,0.0.731861,0.0.3951117&0.0.3964790&0.0.3964827&0.0.4601632&0.0.6071041,0.0.4138717@1788875768.284865558
0.0.856667,25.69676414509706,SUCCESS,0.0.731861,0.0.3951117&0.0.3964804,0.0.4138717@1788875770.026262497
0.0.2125030,259.2636356700556,SUCCESS,0.0.731861,0.0.3951117&0.0.3961531,0.0.4138717@1788875774.354760480
0.0.1601282,0.5317722027956402,SUCCESS,0.0.731861,0.0.3951117,0.0.4138717@1788875775.266043228
0.0.2122027,33.12613823961674,SUCCESS,0.0.731861,0.0.3951117&0.0.3961531&0.0.3964804,0.0.4138717@1788875771.699450345
0.0.4302086,0.8564465851175401,SUCCESS,0.0.731861,0.0.3951117,0.0.4138717@1788875772.992519415
0.0.598828,0.1962506734037896,SUCCESS,0.0.731861,0.0.3951117&0.0.3964804,0.0.4138717@1788875776.940629514
0.0.4864609,0.7188120435233496,SUCCESS,0.0.731861,0.0.3951117,0.0.4138717@1788875777.013054983
0.0.1877739,3.110554737833545,SUCCESS,0.0.731861,0.0.3951117&0.0.3964827&0.0.4601632,0.0.4138717@1788875776.880957560
0.0.4347838,17.11253817415236,SUCCESS,0.0.731861,0.0.3951117,0.0.4138717@1788875779.485887534
0.0.4503599,9.45258402421541,SUCCESS,0.0.731861,0.0.3951117,0.0.4138717@1788875782.887761219
0.0.7835270,39.36962240951043,SUCCESS,0.0.731861,0.0.3951117,0.0.4138717@1788875781.091390504
0.0.7843482,7.090696282142231,SUCCESS,0.0.731861,0.0.3951117&0.0.3964804,0.0.4138717@1788875786.301733330
0.0.7798148,18.97628776701257,SUCCESS,0.0.731861,0.0.3951117,0.0.4138717@1788875787.384050259
0.0.4559340,0.8033047690238494,SUCCESS,0.0.731861,0.0.3951117,0.0.4138717@1788875785.653312059
0.0.1506598,12.29216912117529,SUCCESS,0.0.731861,0.0.3951117,0.0.4138717@1788875788.894342166
0.0.1023917,53.75298646524354,SUCCESS,0.0.731861,0.0.3951117&0.0.3964804&0.0.3964855&0.0.4601632&0.0.6071119,0.0.4138717@1788875787.033044987
0.0.1490591,93.19720223707469,SUCCESS,0.0.731861,0.0.3951117&0.0.3964790&0.0.3964804,0.0.4138717@1788875787.455357437
0.0.1110477,67.38321487226696,SUCCESS,0.0.731861,0.0.3951117,0.0.4138717@1788875788.225028924
0.0.9301583,262.2960761274713,SUCCESS,0.0.731861,0.0.3951117,0.0.4138717@1788875788.453653834
0.0.10064213,4.760740574933914,SUCCESS,0.0.731861,0.0.3951117&0.0.3964804,0.0.4138717@1788875791.844648865
0.0.4349716,70.51899683960671,SUCCESS,0.0.731861,0.0.3951117&0.0.3964790&0.0.3964804&0.0.3964827&0.0.5328590&0.0.6078473,0.0.4138717@1788875789.346798143
0.0.8341357,33.00462017694717,SUCCESS,0.0.731861,0.0.3951117&0.0.5328590,0.0.4138717@1788875790.454635059
0.0.835242,0.0655238607371811,SUCCESS,0.0.731861,0.0.3951117,0.0.4138717@1788875792.048697538
0.0.4570908,691.5322425492216,SUCCESS,0.0.731861,0.0.3951117&0.0.5328590,0.0.4138717@1788875792.907514365
0.0.52231,27.6501458680357,SUCCESS,0.0.731861,0.0.3951117,0.0.4138717@1788875796.826472598
0.0.7680254,9.039145301809091,SUCCESS,0.0.731861,0.0.3951117&0.0.3961531&0.0.3964804,0.0.4138717@1788875797.679938882
0.0.9597272,6.446256820936078,SUCCESS,0.0.731861,0.0.3951117,0.0.4138717@1788875795.103523135
0.0.9619890,51.69819384874309,SUCCESS,0.0.731861,0.0.3951117&0.0.3964804&0.0.6071119&0.0.8315114,0.0.4138717@1788875795.549641816
0.0.2994397,9.29206438842207,SUCCESS,0.0.731861,0.0.3951117,0.0.4138717@1788875799.991475734
0.0.9154738,13.01589454155163,SUCCESS,0.0.731861,0.0.3951117&0.0.3964804&0.0.3964827&0.0.6071119,0.0.4138717@1788875801.626028186
0.0.9318600,749.1933602162808,SUCCESS,0.0.731861,0.0.3951117,0.0.4138717@1788875802.138907479
0.0.844585,56.08510769553958,SUCCESS,0.0.731861,0.0.3951117&0.0.3964804,0.0.4138717@1788875802.253918991
0.0.4351536,7.037676632570802,SUCCESS,0.0.731861,0.0.3951117,0.0.4138717@1788875805.352447526
0.0.6374996,146.9476295200554,SUCCESS,0.0.731861,0.0.3951117&0.0.3964827&0.0.5328590,0.0.4138717@1788875809.188309292
0.0.6872459,1769.288836573645,SUCCESS,0.0.731861,0.0.3951117,0.0.4138717@1788875809.808809873
0.0.657648,408.2747517471475,SUCCESS,0.0.731861,0.0.3951117&0.0.3961531&0.0.3964790,0.0.4138717@1788875811.708915775
0.0.9200436,2.910312075693763,SUCCESS,0.0.731861,0.0.3951117&0.0.3961531,0.0.4138717@1788875809.265261475
0.0.7891604,55.0767029297614,SUCCESS,0.0.731861,0.0.3951117,0.0.4138717@1788875808.921415625
0.0.9195929,508.9664865448256,SUCCESS,0.0.731861,0.0.3951117&0.0.3964804&0.0.5328590&0.0.8315114,0.0.4138717@1788875811.427703853
0.0.9120392,2.877931762366215,SUCCESS,0.0.731861,0.0.3951117&0.0.3964804&0.0.8315114,0.0.4138717@1788875811.357745724
0.0.3310398,1.888921980531566,SUCCESS,0.0.731861,0.0.3951117&0.0.3964804,0.0.4138717@1788875813.239635461
0.0.8899262,17.34451675209284,SUCCESS,0.0.731861,0.0.3951117,0.0.4138717@1788875817.124031601
0.0.7526203,6.938640894187899,SUCCESS,0.0.731861,0.0.3951117&0.0.3964804,0.0.4138717@1788875817.442529763
0.0.9150357,27.24901525899828,NOT_ASSOCIATED,0.0.731861,0.0.3951117,
0.0.7788937,1.310234273381953,SUCCESS,0.0.731861,0.0.3951117&0.0.10018365,0.0.4138717@1788875821.096458284
0.0.9104463,43.57161181261471,SUCCESS,0.0.731861,0.0.3951117&0.0.3964804,0.0.4138717@1788875820.021309699
0.0.4531253,3.433033024827123,SUCCESS,0.0.731861,0.0.3951117&0.0.3961531&0.0.3964804&0.0.3964855&0.0.4129330&0.0.8315114,0.0.4138717@1788875822.942474015
0.0.9723151,0.009301043998158037,SUCCESS,0.0.731861,0.0.3951117,0.0.4138717@1788875822.683423765
0.0.10169145,0.2612360064788991,FAIL,0.0.731861,0.0.3951117,
0.0.10122546,0.1523110599090612,SUCCESS,0.0.731861,0.0.3951117,0.0.4138717@1788875826.083344383
0.0.9302147,131.4753529854159,SUCCESS,0.0.731861,0.0.3951117&0.0.5328590,0.0.4138717@1788875823.993811218
0.0.735239,0.0002207127915736278,SUCCESS,0.0.731861,0.0.3951117,0.0.4138717@1788875826.407652784
0.0.10076636,1.185487986425555,SUCCESS,0.0.731861,0.0.3951117,0.0.4138717@1788875830.599825451
0.0.1340164,96.42599083187416,SUCCESS,0.0.731861,0.0.3951117,0.0.4138717@1788875828.136641588
0.0.10076247,2.285452061895918,SUCCESS,0.0.731861,0.0.3951117,0.0.4138717@1788875826.587301857
0.0.10021410,0.1221173369100194,SUCCESS,0.0.731861,0.0.3951117,0.0.4138717@1788875826.851969446
0.0.1157855,1.922421391449202,SUCCESS,0.0.731861,0.0.3951117,0.0.4138717@1788875829.512987477
0.0.10031118,1.119439135081865,SUCCESS,0.0.731861,0.0.3951117,0.0.4138717@1788875827.507935307
0.0.10031117,2.669921943913268,SUCCESS,0.0.731861,0.0.3951117,0.0.4138717@1788875830.441538813
0.0.7786995,328.3736442792307,SUCCESS,0.0.731861,0.0.3951117,0.0.4138717@1788875829.673221607
0.0.9958383,0.1405276406974743,SUCCESS,0.0.731861,0.0.3951117,0.0.4138717@1788875831.110712136
0.0.4570964,22.59413391316783,SUCCESS,0.0.731861,0.0.3951117,0.0.4138717@1788875833.670731610
0.0.9761018,755.9146810764272,SUCCESS,0.0.731861,0.0.3951117,0.0.4138717@1788875835.526945139
0.0.9755401,10.88824593676669,SUCCESS,0.0.731861,0.0.3951117&0.0.4601632,0.0.4138717@1788875836.987620308
0.0.9344085,24.38197657759083,SUCCESS,0.0.731861,0.0.3951117&0.0.3964827&0.0.5328590,0.0.4138717@1788875837.523145201
0.0.9626972,1.200734985850675,SUCCESS,0.0.731861,0.0.3951117,0.0.4138717@1788875839.742379086
0.0.7542917,0.4515029650314316,SUCCESS,0.0.731861,0.0.3951117,0.0.4138717@1788875841.349889760
0.0.1115297,2.399740240110884,SUCCESS,0.0.731861,0.0.3951117,0.0.4138717@1788875845.694216140
0.0.8585089,248.3784122523561,SUCCESS,0.0.731861,0.0.3951117,0.0.4138717@1788875841.633772863
0.0.650437,5.871912658445857,SUCCESS,0.0.731861,0.0.3951117&0.0.3961531&0.0.5328590,0.0.4138717@1788875844.635991447
0.0.10483303,38786.47104663945,SUCCESS,0.0.731861,0.0.3951117,0.0.4138717@1788875843.348102987
0.0.10818243,19.111325444013,SUCCESS,0.0.731861,0.0.3951117&0.0.3961531&0.0.10414792,0.0.4138717@1788875846.384061960
0.0.10812303,703.8460742686743,SUCCESS,0.0.731861,0.0.3951117,0.0.4138717@1788875845.795637084
0.0.10801086,6.581956092497381e-7,SUCCESS,0.0.731861,0.0.3951117,0.0.4138717@1788875848.378417794
0.0.10801079,0.01743679922930311,SUCCESS,0.0.731861,0.0.3951117,0.0.4138717@1788875848.143881561
0.0.10789847,15.86848671493763,SUCCESS,0.0.731861,0.0.3951117,0.0.4138717@1788875847.514772960
0.0.10296471,18.34103529029295,SUCCESS,0.0.731861,0.0.3951117,0.0.4138717@1788875850.512095049
0.0.4560992,9.994342435645878,SUCCESS,0.0.731861,0.0.3951117,0.0.4138717@1788875847.099736522
0.0.10504552,0.4617298281716475,SUCCESS,0.0.731861,0.0.3951117,0.0.4138717@1788875848.407293938
0.0.912615,91.35559387512602,SUCCESS,0.0.731861,0.0.3951117&0.0.3964804&0.0.3964827,0.0.4138717@1788875847.984317346
0.0.10493411,40.83580482637862,SUCCESS,0.0.731861,0.0.3951117&0.0.3961531,0.0.4138717@1788875853.587378591
0.0.1734809,0.6459142088583492,SUCCESS,0.0.731861,0.0.3951117&0.0.3964804&0.0.6071119,0.0.4138717@1788875850.955816979
0.0.1110198,35.26908648029884,SUCCESS,0.0.731861,0.0.3951117,0.0.4138717@1788875850.170688148
0.0.1104990,608.4777742073693,SUCCESS,0.0.731861,0.0.3951117,0.0.4138717@1788875851.432481009
0.0.2017173,110.880026030483,SUCCESS,0.0.731861,0.0.3951117&0.0.3964804,0.0.4138717@1788875855.515469302
0.0.1988559,2.252567673086126,SUCCESS,0.0.731861,0.0.3951117&0.0.3961531&0.0.3964804,0.0.4138717@1788875851.755961822
0.0.1408633,6.779967937123188,SUCCESS,0.0.731861,0.0.3951117&0.0.3964855&0.0.6078459,0.0.4138717@1788875855.235942511
0.0.10352676,2.411932988267182,SUCCESS,0.0.731861,0.0.3951117,0.0.4138717@1788875853.394659865
0.0.4432398,1.03624253565446,SUCCESS,0.0.731861,0.0.3951117,0.0.4138717@1788875856.650054105
0.0.9299646,11.06883172447985,SUCCESS,0.0.731861,0.0.3951117,0.0.4138717@1788875857.876038789
0.0.8373509,110.1981873645244,SUCCESS,0.0.731861,0.0.3951117&0.0.3961531&0.0.3964804&0.0.5328590,0.0.4138717@1788875856.266852279
0.0.10230141,26.39786200367562,SUCCESS,0.0.731861,0.0.3951117,0.0.4138717@1788875858.739264782
0.0.4343858,184.0244283838101,SUCCESS,0.0.731861,0.0.3951117&0.0.3964827&0.0.5328590,0.0.4138717@1788875861.200172630
0.0.5126364,44.82331246655649,SUCCESS,0.0.731861,0.0.3951117,0.0.4138717@1788875860.138306141
0.0.4348824,0.1751595152854124,SUCCESS,0.0.731861,0.0.3951117,0.0.4138717@1788875865.804457631
0.0.8071373,3.239272473417475,SUCCESS,0.0.731861,0.0.3951117,0.0.4138717@1788875866.676150188
0.0.8068996,1.324625753213244,SUCCESS,0.0.731861,0.0.3951117&0.0.3964790&0.0.3964804&0.0.3964827&0.0.5328590,0.0.4138717@1788875866.212727225
0.0.5688804,9.885705643360318,SUCCESS,0.0.731861,0.0.3951117&0.0.3964827,0.0.4138717@1788875867.326258052
0.0.3706536,0.02454666259722819,SUCCESS,0.0.731861,0.0.3951117,0.0.4138717@1788875868.494780428
0.0.7989790,0.08863514668661011,SUCCESS,0.0.731861,0.0.3951117,0.0.4138717@1788875873.866265106
0.0.834595,75.61506065076271,SUCCESS,0.0.731861,0.0.3951117&0.0.3964804&0.0.5328590,0.0.4138717@1788875872.001297467
0.0.1123889,5.551380678852566,SUCCESS,0.0.731861,0.0.3951117&0.0.3964804,0.0.4138717@1788875872.260223179
0.0.5060163,0.9692696098203405,SUCCESS,0.0.731861,0.0.3951117,0.0.4138717@1788875873.092618595
0.0.7490874,2.362152935432281,SUCCESS,0.0.731861,0.0.3951117&0.0.3964804,0.0.4138717@1788875873.639633851
0.0.6270084,1653.355044256568,SUCCESS,0.0.731861,0.0.3951117&0.0.3961531&0.0.3964804,0.0.4138717@1788875878.110562842
0.0.819005,37.48028547243294,SUCCESS,0.0.731861,0.0.3951117&0.0.5328590,0.0.4138717@1788875878.578332675
0.0.7287636,38.63901132594034,SUCCESS,0.0.731861,0.0.3951117&0.0.3961531&0.0.3964804&0.0.4601632&0.0.8315114,0.0.4138717@1788875879.330393798
0.0.813134,100.5523191321102,SUCCESS,0.0.731861,0.0.3951117&0.0.3964804,0.0.4138717@1788875882.767467867
0.0.1380352,4.185630009509662,SUCCESS,0.0.731861,0.0.3951117,0.0.4138717@1788875882.065504454
0.0.7129552,149.9555563712373,SUCCESS,0.0.731861,0.0.3951117&0.0.3964827&0.0.6071119,0.0.4138717@1788875886.310291603
0.0.696790,19.05762351738733,SUCCESS,0.0.731861,0.0.3951117&0.0.3964804,0.0.4138717@1788875887.601451365
0.0.1292697,11.85467597223781,SUCCESS,0.0.731861,0.0.3951117&0.0.3961531,0.0.4138717@1788875886.775432822
0.0.1904506,0.001680989129825857,SUCCESS,0.0.731861,0.0.3951117,0.0.4138717@1788875888.097647740
0.0.1458130,0.1161482323042679,SUCCESS,0.0.731861,0.0.3951117,0.0.4138717@1788875887.382324286
0.0.5060673,817.0914153690883,SUCCESS,0.0.731861,0.0.3951117,0.0.4138717@1788875885.785858964
0.0.5156210,0.04947970387151462,SUCCESS,0.0.731861,0.0.3951117&0.0.3964804,0.0.4138717@1788875890.006841523
0.0.9125858,111991.3295373422,SUCCESS,0.0.731861,0.0.3951117&0.0.6071041&0.0.6071119&0.0.6126395&0.0.8315114&0.0.9774523&0.0.10018365&0.0.10092996,0.0.4138717@1788875888.433449444
0.0.2174015,0.04684179995894188,SUCCESS,0.0.731861,0.0.3951117,0.0.4138717@1788875891.562662575
0.0.832852,91.5030376727726,SUCCESS,0.0.731861,0.0.3951117,0.0.4138717@1788875888.759696966
0.0.9359586,0.123593679062995,SUCCESS,0.0.731861,0.0.3951117,0.0.4138717@1788875891.579977209
0.0.4555391,4.230807265320881,SUCCESS,0.0.731861,0.0.3951117,0.0.4138717@1788875888.612518667
0.0.1758196,1.925824180682612,SUCCESS,0.0.731861,0.0.3951117,0.0.4138717@1788875892.312491327
0.0.850481,212.5301250811009,SUCCESS,0.0.731861,0.0.3951117,0.0.4138717@1788875891.256831598
0.0.1515633,8.437379137733162,SUCCESS,0.0.731861,0.0.3951117,0.0.4138717@1788875897.402938705
0.0.9273872,0.0363903456439871,SUCCESS,0.0.731861,0.0.3951117,0.0.4138717@1788875899.533532094
0.0.1120575,456.8095241546508,SUCCESS,0.0.731861,0.0.3951117&0.0.3964804,0.0.4138717@1788875898.209646034
0.0.7810768,3.877763440598851,SUCCESS,0.0.731861,0.0.3951117&0.0.3964827,0.0.4138717@1788875898.205393990
0.0.1368197,6.792320881241723,SUCCESS,0.0.731861,0.0.3951117&0.0.3964804,0.0.4138717@1788875901.191655303
0.0.5028724,0.01577758573219739,SUCCESS,0.0.731861,0.0.3951117,0.0.4138717@1788875900.765963743
0.0.1707146,2.831386591971132,SUCCESS,0.0.731861,0.0.3951117,0.0.4138717@1788875901.099022950
0.0.8419510,0.8135066405906187,SUCCESS,0.0.731861,0.0.3951117,0.0.4138717@1788875900.375223769
0.0.9112426,2.69608223733977,SUCCESS,0.0.731861,0.0.3951117&0.0.3964804&0.0.3964860,0.0.4138717@1788875904.675554385
0.0.8684349,1209.575067370767,SUCCESS,0.0.731861,0.0.3951117,0.0.4138717@1788875903.362781536
0.0.8490555,4.500619981184592,SUCCESS,0.0.731861,0.0.3951117,0.0.4138717@1788875903.075763438
0.0.5352069,1.382642016449882,SUCCESS,0.0.731861,0.0.3951117,0.0.4138717@1788875904.338306146
0.0.8382774,1.390545608603758,SUCCESS,0.0.731861,0.0.3951117&0.0.3964804,0.0.4138717@1788875906.131823429
0.0.2137668,89.12637589725877,SUCCESS,0.0.731861,0.0.3951117&0.0.3964804,0.0.4138717@1788875906.443845652
0.0.8260017,0.3086834738362474,SUCCESS,0.0.731861,0.0.3951117&0.0.3964804,0.0.4138717@1788875907.596991138
0.0.8212757,5.336247490433804,SUCCESS,0.0.731861,0.0.3951117,0.0.4138717@1788875908.321257211
0.0.4205604,7.07214177685034,SUCCESS,0.0.731861,0.0.3951117,0.0.4138717@1788875906.345899016
0.0.1075892,10.85231967888906,SUCCESS,0.0.731861,0.0.3951117,0.0.4138717@1788875908.508132711
0.0.508876,607.677700538032,SUCCESS,0.0.731861,0.0.3951117&0.0.3964804,0.0.4138717@1788875911.178992042
0.0.4346579,0.01830580841650856,SUCCESS,0.0.731861,0.0.3951117,0.0.4138717@1788875911.390232185
0.0.1453803,137.2904914984061,SUCCESS,0.0.731861,0.0.3951117&0.0.4601632&0.0.5328590&0.0.6071119,0.0.4138717@1788875911.133286054
0.0.4333286,6.381900491853252,SUCCESS,0.0.731861,0.0.3951117&0.0.3964827&0.0.3964860,0.0.4138717@1788875910.223947883
0.0.854331,0.272293896661444,SUCCESS,0.0.731861,0.0.3951117,0.0.4138717@1788875910.083803104
0.0.4329215,0.6308001554718922,SUCCESS,0.0.731861,0.0.3951117&0.0.3961531&0.0.3964804,0.0.4138717@1788875913.065805934
0.0.639876,0.4091522247550648,SUCCESS,0.0.731861,0.0.3951117,0.0.4138717@1788875910.652362931
0.0.4350041,1.886039782423308,SUCCESS,0.0.731861,0.0.3951117,0.0.4138717@1788875912.019243744
0.0.1261552,3.864038251297334,SUCCESS,0.0.731861,0.0.3951117&0.0.3961531&0.0.3964790&0.0.3964804&0.0.3964860&0.0.4129330&0.0.6071119,0.0.4138717@1788875915.000433365
0.0.2174139,3.232999596677344,SUCCESS,0.0.731861,0.0.3951117&0.0.3964804,0.0.4138717@1788875915.325463488
0.0.914261,19.43257148057356,SUCCESS,0.0.731861,0.0.3951117,0.0.4138717@1788875913.830579856
0.0.823348,1.328261523407676,SUCCESS,0.0.731861,0.0.3951117,0.0.4138717@1788875911.724514799
0.0.1412849,0.00004245001195186547,SUCCESS,0.0.731861,0.0.3951117,0.0.4138717@1788875916.514297992
0.0.4210667,0.1383668150573054,SUCCESS,0.0.731861,0.0.3951117,0.0.4138717@1788875916.906812780
0.0.819461,1.017702308031916,SUCCESS,0.0.731861,0.0.3951117,0.0.4138717@1788875915.688449910
0.0.1628961,7901.118524706963,SUCCESS,0.0.731861,0.0.3951117&0.0.3964804&0.0.5328590,0.0.4138717@1788875916.482389655
0.0.1910285,1.2179846322619,SUCCESS,0.0.731861,0.0.3951117,0.0.4138717@1788875916.317737248
0.0.1735540,19.77740899712264,SUCCESS,0.0.731861,0.0.3951117&0.0.5328590,0.0.4138717@1788875918.363240704
0.0.4349304,0.879767360788154,SUCCESS,0.0.731861,0.0.3951117&0.0.3964790,0.0.4138717@1788875923.206038897
0.0.1338331,4.171998332354991,SUCCESS,0.0.731861,0.0.3951117,0.0.4138717@1788875923.509496114
0.0.4322065,10.14511953879068,SUCCESS,0.0.731861,0.0.3951117,0.0.4138717@1788875922.738903731
0.0.4370057,0.665595573619508,SUCCESS,0.0.731861,0.0.3951117,0.0.4138717@1788875922.145945106
0.0.104926,0.03926893498792783,SUCCESS,0.0.731861,0.0.3951117,0.0.4138717@1788875923.762992651
0.0.10609625,0.0005357010636321184,SUCCESS,0.0.731861,0.0.3951117,0.0.4138717@1788875922.460237454
0.0.4544530,728.0104976603307,SUCCESS,0.0.731861,0.0.3951117&0.0.3961531&0.0.3964790&0.0.3964804&0.0.3964827&0.0.3964855&0.0.3964860&0.0.4129330&0.0.4601632&0.0.5328590&0.0.6071041&0.0.6078459&0.0.6078473,0.0.4138717@1788875921.635082269
0.0.1506629,0.8704326878315013,SUCCESS,0.0.731861,0.0.3951117,0.0.4138717@1788875922.178473472
0.0.795933,14.03161930545862,SUCCESS,0.0.731861,0.0.3951117,0.0.4138717@1788875923.107374883
0.0.4324445,29.41774525444345,SUCCESS,0.0.731861,0.0.3951117&0.0.3964804&0.0.3964855,0.0.4138717@1788875924.478618927
0.0.4321631,3025.465929017066,SUCCESS,0.0.731861,0.0.3951117&0.0.3964804&0.0.4601632,0.0.4138717@1788875924.969562361
0.0.4582751,1.426001516908433,SUCCESS,0.0.731861,0.0.3951117,0.0.4138717@1788875926.331905717
0.0.4324463,0.947540988191426,SUCCESS,0.0.731861,0.0.3951117&0.0.3964790,0.0.4138717@1788875927.240847407
0.0.8546442,0.005486710907211572,SUCCESS,0.0.731861,0.0.3951117,0.0.4138717@1788875924.513175737
0.0.2141800,98.81141524109536,SUCCESS,0.0.731861,0.0.3951117,0.0.4138717@1788875924.332024199
0.0.1374442,1006.291922531886,SUCCESS,0.0.731861,0.0.3951117&0.0.3964804&0.0.4601632&0.0.5328590,0.0.4138717@1788875925.006163116
0.0.2773436,820.7258523389696,SUCCESS,0.0.731861,0.0.3951117&0.0.3964804&0.0.5328590,0.0.4138717@1788875928.662311380
0.0.8013259,5896.53991339927,SUCCESS,0.0.731861,0.0.3951117,0.0.4138717@1788875927.575689677
0.0.1274087,1269.491237136535,SUCCESS,0.0.731861,0.0.3951117,0.0.4138717@1788875926.144049793
0.0.700741,0.001344183443665511,SUCCESS,0.0.731861,0.0.3951117,0.0.4138717@1788875926.912872795
0.0.6234814,0.3428949785384532,SUCCESS,0.0.731861,0.0.3951117,0.0.4138717@1788875926.636702805
0.0.4331763,0.0006668172143671136,SUCCESS,0.0.731861,0.0.3951117,0.0.4138717@1788875929.351061990
0.0.956549,412.0587819939719,SUCCESS,0.0.731861,0.0.3951117,0.0.4138717@1788875929.392217370
0.0.10584246,7730.77081969248,SUCCESS,0.0.731861,0.0.3951117&0.0.3964804&0.0.10093026,0.0.4138717@1788875931.650578194
0.0.10824909,18.70127027511334,SUCCESS,0.0.731861,0.0.3951117&0.0.3961531&0.0.3964804&0.0.5328590&0.0.6071119,0.0.4138717@1788875929.851200742
0.0.847617,26.99613486541851,SUCCESS,0.0.731861,0.0.3951117,0.0.4138717@1788875930.461041096
0.0.10831542,67.098286050736,SUCCESS,0.0.731861,0.0.3951117&0.0.3964827,0.0.4138717@1788875930.729638664
0.0.10380727,117.3241094898965,SUCCESS,0.0.731861,0.0.3951117&0.0.3961531&0.0.3964790&0.0.3964804&0.0.3964860,0.0.4138717@1788875932.875999048
0.0.8060346,0.02240093481569233,SUCCESS,0.0.731861,0.0.3951117,0.0.4138717@1788875933.660448885
0.0.4551977,0.6629805297247142,SUCCESS,0.0.731861,0.0.3951117,0.0.4138717@1788875934.257403834
0.0.1726157,26.4678591349,SUCCESS,0.0.731861,0.0.3951117&0.0.3964804,0.0.4138717@1788875935.178389290
0.0.1265153,0.02115963787917774,SUCCESS,0.0.731861,0.0.3951117&0.0.3964827,0.0.4138717@1788875937.530056203
0.0.834820,109.9555480937294,SUCCESS,0.0.731861,0.0.3951117&0.0.3964804,0.0.4138717@1788875938.181511051
0.0.836838,71430.79925294485,SUCCESS,0.0.731861,0.0.3951117,0.0.4138717@1788875934.039666672
0.0.860438,11.33718441949428,SUCCESS,0.0.731861,0.0.3951117&0.0.3964804&0.0.6071119,0.0.4138717@1788875940.731093416
0.0.1290358,109.5478670707682,SUCCESS,0.0.731861,0.0.3951117,0.0.4138717@1788875937.863501008
0.0.3241044,39.04865271135036,SUCCESS,0.0.731861,0.0.3951117&0.0.3961531,0.0.4138717@1788875941.749142649
0.0.832415,563.9658725440471,SUCCESS,0.0.731861,0.0.3951117,0.0.4138717@1788875938.299161102
0.0.3845966,7.928019158801616,SUCCESS,0.0.731861,0.0.3951117&0.0.3961531&0.0.3964790&0.0.3964804&0.0.3964827&0.0.6078459,0.0.4138717@1788875938.722700177
0.0.1724832,1.17571581925132,SUCCESS,0.0.731861,0.0.3951117,0.0.4138717@1788875938.893028234
0.0.1071830,142.5252086592313,SUCCESS,0.0.731861,0.0.3951117&0.0.3961531&0.0.3964804,0.0.4138717@1788875941.466123488
0.0.832624,13.73135943881848,SUCCESS,0.0.731861,0.0.3951117&0.0.3961531&0.0.3964804&0.0.5328590&0.0.6071119,0.0.4138717@1788875940.534314977
0.0.525256,80.16928277230585,SUCCESS,0.0.731861,0.0.3951117,0.0.4138717@1788875945.947002540
0.0.2116956,3.586782230771966,SUCCESS,0.0.731861,0.0.3951117&0.0.3961531&0.0.3964855,0.0.4138717@1788875945.240066847
0.0.896788,3157.435684058081,SUCCESS,0.0.731861,0.0.3951117,0.0.4138717@1788875946.317761688
0.0.925802,15.75289184569224,SUCCESS,0.0.731861,0.0.3951117,0.0.4138717@1788875945.740392186
0.0.4775299,6.704038661652646,SUCCESS,0.0.731861,0.0.3951117,0.0.4138717@1788875946.428998254
0.0.850535,2169.191722205643,SUCCESS,0.0.731861,0.0.3951117&0.0.4129330&0.0.4601632&0.0.5328590,0.0.4138717@1788875946.706910040
0.0.5797983,1.417170065923088,SUCCESS,0.0.731861,0.0.3951117&0.0.3961531&0.0.3964804,0.0.4138717@1788875946.670514357
0.0.3242760,153.6480915700458,SUCCESS,0.0.731861,0.0.3951117&0.0.3961531&0.0.3964804,0.0.4138717@1788875947.302216000
0.0.4923080,1.062951733012733,SUCCESS,0.0.731861,0.0.3951117,0.0.4138717@1788875944.770011114
0.0.2968839,107.57312821961,SUCCESS,0.0.731861,0.0.3951117&0.0.3964804&0.0.4601632,0.0.4138717@1788875950.147322367
0.0.4330219,1.542372271902601,SUCCESS,0.0.731861,0.0.3951117&0.0.3964790,0.0.4138717@1788875948.104460548
0.0.3071320,206.93155493379,SUCCESS,0.0.731861,0.0.3951117,0.0.4138717@1788875946.505513940
0.0.4758169,3.993500151074653,SUCCESS,0.0.731861,0.0.3951117,0.0.4138717@1788875948.145557183
0.0.1266990,0.601021193181747,SUCCESS,0.0.731861,0.0.3951117,0.0.4138717@1788875947.777865274
0.0.4184733,727.6276789289536,SUCCESS,0.0.731861,0.0.3951117,0.0.4138717@1788875952.106149465
0.0.1412123,2.417776921950876,NOT_ASSOCIATED,0.0.731861,0.0.3951117&0.0.3964804,
0.0.4432149,2.423662592445067,SUCCESS,0.0.731861,0.0.3951117,0.0.4138717@1788875953.126598479
0.0.4732964,0.9076060773653822,SUCCESS,0.0.731861,0.0.3951117,0.0.4138717@1788875952.990613333
0.0.3969243,0.324582058379589,SUCCESS,0.0.731861,0.0.3951117&0.0.4129330,0.0.4138717@1788875951.454518594
0.0.5975196,3.077039864322163,SUCCESS,0.0.731861,0.0.3951117&0.0.4601632,0.0.4138717@1788875950.483039339
0.0.4329852,339.3646500379555,SUCCESS,0.0.731861,0.0.3951117&0.0.3964804&0.0.3964827&0.0.3964855&0.0.4601632&0.0.5328590,0.0.4138717@1788875951.930452893
0.0.5118079,9.6602127589167,SUCCESS,0.0.731861,0.0.3951117&0.0.3964804,0.0.4138717@1788875953.153921102
0.0.6244791,8.03446680062788,SUCCESS,0.0.731861,0.0.3951117,0.0.4138717@1788875955.606109764
0.0.6313910,791.7714007916699,SUCCESS,0.0.731861,0.0.3951117&0.0.3964804,0.0.4138717@1788875953.449828968
0.0.6289117,66.34533547237513,SUCCESS,0.0.731861,0.0.3951117&0.0.3964804&0.0.4601632&0.0.6071041,0.0.4138717@1788875954.516556167
0.0.6440477,3.289611460683207,SUCCESS,0.0.731861,0.0.3951117&0.0.3964804,0.0.4138717@1788875954.752662039
0.0.874760,231.9048123251225,SUCCESS,0.0.731861,0.0.3951117&0.0.3964804&0.0.6078459,0.0.4138717@1788875959.750722428
0.0.4345324,0.830670223015684,SUCCESS,0.0.731861,0.0.3951117,0.0.4138717@1788875957.919080432
0.0.4702708,145.415945817077,SUCCESS,0.0.731861,0.0.3951117&0.0.3964827,0.0.4138717@1788875957.667521388
0.0.6026305,1.451735228353626,SUCCESS,0.0.731861,0.0.3951117,0.0.4138717@1788875960.520147815
0.0.6781119,1097.251071482587,SUCCESS,0.0.731861,0.0.3951117&0.0.3961531&0.0.3964804&0.0.3964827&0.0.3964860&0.0.4601632&0.0.5328590&0.0.6071119&0.0.8315114,0.0.4138717@1788875961.694354845
0.0.7262531,0.08954049117564468,SUCCESS,0.0.731861,0.0.3951117&0.0.3964804,0.0.4138717@1788875962.165907447
0.0.7138336,0.09886757323103036,SUCCESS,0.0.731861,0.0.3951117&0.0.3961531,0.0.4138717@1788875961.317274993
0.0.1340928,204.7318870092112,SUCCESS,0.0.731861,0.0.3951117,0.0.4138717@1788875963.327864414
0.0.7479340,7.956285580551926,SUCCESS,0.0.731861,0.0.3951117&0.0.3964804,0.0.4138717@1788875962.938916940
0.0.5078033,13.87570155010353,SUCCESS,0.0.731861,0.0.3951117&0.0.4601632,0.0.4138717@1788875962.472916148
0.0.4229805,3.836866368694679,SUCCESS,0.0.731861,0.0.3951117,0.0.4138717@1788875964.314193571
0.0.4323088,56.87405030472264,SUCCESS,0.0.731861,0.0.3951117&0.0.3964804&0.0.3964855,0.0.4138717@1788875966.640555070
0.0.853268,340.3136721818295,SUCCESS,0.0.731861,0.0.3951117,0.0.4138717@1788875965.193512207
0.0.1711779,0.1408441218180047,SUCCESS,0.0.731861,0.0.3951117,0.0.4138717@1788875968.607110244
0.0.5117832,439.9479640414438,SUCCESS,0.0.731861,0.0.3951117&0.0.3964804,0.0.4138717@1788875964.762584083
0.0.5310061,5.315393269805672,SUCCESS,0.0.731861,0.0.3951117&0.0.3964804,0.0.4138717@1788875969.008491552
0.0.3681428,1132.84807332183,SUCCESS,0.0.731861,0.0.3951117&0.0.3964804,0.0.4138717@1788875968.062967267
0.0.5281334,1.417211252062567,SUCCESS,0.0.731861,0.0.3951117,0.0.4138717@1788875970.259991694
0.0.4986167,1.419671724671007,SUCCESS,0.0.731861,0.0.3951117,0.0.4138717@1788875969.184814860
0.0.4335807,748.1080956334008,SUCCESS,0.0.731861,0.0.3951117&0.0.3961531&0.0.3964790&0.0.3964827&0.0.3964855&0.0.4129330&0.0.4601632&0.0.5328590,0.0.4138717@1788875970.306072297
0.0.4318411,40.11405742657429,SUCCESS,0.0.731861,0.0.3951117,0.0.4138717@1788875967.336404368
0.0.4590627,7.066771168437354,SUCCESS,0.0.731861,0.0.3951117,0.0.4138717@1788875971.558635939
0.0.5202236,4.415592803638711,SUCCESS,0.0.731861,0.0.3951117,0.0.4138717@1788875971.743470872
0.0.5182107,3.013017254807528,NOT_ASSOCIATED,0.0.731861,0.0.3951117&0.0.3964804,
0.0.841339,14.04365078359162,SUCCESS,0.0.731861,0.0.3951117,0.0.4138717@1788875969.117687957
0.0.5119346,30.34641485853746,SUCCESS,0.0.731861,0.0.3951117&0.0.3964804,0.0.4138717@1788875973.602398278
0.0.5118190,11.18916591854981,SUCCESS,0.0.731861,0.0.3951117&0.0.3964804&0.0.3964827&0.0.3964860&0.0.5328590,0.0.4138717@1788875974.099095214
0.0.5118232,3.229646509791569,SUCCESS,0.0.731861,0.0.3951117&0.0.3964804,0.0.4138717@1788875975.302606031
0.0.3829916,184.1814442658112,SUCCESS,0.0.731861,0.0.3951117,0.0.4138717@1788875972.985162010
0.0.5976303,3.105250688680756,SUCCESS,0.0.731861,0.0.3951117&0.0.3964804,0.0.4138717@1788875976.045104053
0.0.4558891,29.31081708030629,SUCCESS,0.0.731861,0.0.3951117,0.0.4138717@1788875976.694669147
0.0.662296,506.0453997120651,SUCCESS,0.0.731861,0.0.3951117&0.0.5328590,0.0.4138717@1788875976.965343214
0.0.2930231,2.768192109708211,SUCCESS,0.0.731861,0.0.3951117&0.0.3964804,0.0.4138717@1788875977.096331940
0.0.4968045,20.74944924328192,SUCCESS,0.0.731861,0.0.3951117,0.0.4138717@1788875977.359789128
0.0.4322002,3.19027290449957,SUCCESS,0.0.731861,0.0.3951117,0.0.4138717@1788875977.984775231
0.0.4938729,11.04745024225949,SUCCESS,0.0.731861,0.0.3951117,0.0.4138717@1788875979.636415333
0.0.4817549,9.72626294099447,SUCCESS,0.0.731861,0.0.3951117&0.0.3964804,0.0.4138717@1788875981.772976564
0.0.4340758,4.262379815102427,SUCCESS,0.0.731861,0.0.3951117&0.0.3964804,0.0.4138717@1788875982.365984789
0.0.4695027,2.652233717142946,SUCCESS,0.0.731861,0.0.3951117,0.0.4138717@1788875985.297326890
0.0.4709377,93.42723922987976,SUCCESS,0.0.731861,0.0.3951117,0.0.4138717@1788875982.387218371
0.0.5716339,0.01093675822695927,SUCCESS,0.0.731861,0.0.3951117,0.0.4138717@1788875984.729287122
0.0.1322785,247.4589838261745,SUCCESS,0.0.731861,0.0.3951117,0.0.4138717@1788875984.029766694
0.0.4354394,206.3615719442439,SUCCESS,0.0.731861,0.0.3951117&0.0.3964790,0.0.4138717@1788875988.522393390
0.0.1093567,1.859931961125096,SUCCESS,0.0.731861,0.0.3961531&0.0.3964790,0.0.4138717@1788875990.214757912
0.0.663264,1.133931966929185,SUCCESS,0.0.731861,0.0.3961531&0.0.3964790,0.0.4138717@1788875988.327044316
0.0.10478184,87549.66087083818,SUCCESS,0.0.731861,0.0.3961531&0.0.3964804,0.0.4138717@1788875987.318536723
0.0.10062632,4.097169346327542,SUCCESS,0.0.731861,0.0.3961531&0.0.5328590&0.0.6071119&0.0.8315114&0.0.9774523&0.0.10018365&0.0.10092996&0.0.10414792,0.0.4138717@1788875990.227124598
0.0.3169776,0.01418418523246527,SUCCESS,0.0.731861,0.0.3961531,0.0.4138717@1788875991.667641488
0.0.10489509,56702.46125716401,SUCCESS,0.0.731861,0.0.3961531&0.0.3964804,0.0.4138717@1788875993.483764721
0.0.10510695,3.66693834911147,NOT_ASSOCIATED,0.0.731861,0.0.3961531,
0.0.1152713,32332.60253344871,SUCCESS,0.0.731861,0.0.3961531&0.0.10387648&0.0.10418141,0.0.4138717@1788875991.308297550
0.0.1288450,0.003201863299556718,SUCCESS,0.0.731861,0.0.3961531,0.0.4138717@1788875995.578768473
0.0.842210,17.29726401904571,SUCCESS,0.0.731861,0.0.3961531&0.0.3964804,0.0.4138717@1788875995.608844416
0.0.844965,0.0492438974419582,SUCCESS,0.0.731861,0.0.3961531,0.0.4138717@1788875995.743597148
0.0.793410,2041.546973106049,SUCCESS,0.0.731861,0.0.3961531&0.0.3964827&0.0.5328590&0.0.6071041,0.0.4138717@1788875997.596456586
0.0.4715000,0.2609735822357045,SUCCESS,0.0.731861,0.0.3961531,0.0.4138717@1788875998.206174796
0.0.863385,45.03890241558173,SUCCESS,0.0.731861,0.0.3961531,0.0.4138717@1788876000.911567477
0.0.935686,0.4198741400599814,SUCCESS,0.0.731861,0.0.3961531,0.0.4138717@1788875997.056166756
0.0.1433179,0.1761439006005561,SUCCESS,0.0.731861,0.0.3961531,0.0.4138717@1788876000.172291270
0.0.2963242,0.81197838270487,NOT_ASSOCIATED,0.0.731861,0.0.3961531,
0.0.1103540,1.328374842870368,SUCCESS,0.0.731861,0.0.3961531&0.0.3964827,0.0.4138717@1788876000.517826705
0.0.826988,12.90290233721349,NOT_ASSOCIATED,0.0.731861,0.0.3961531,
0.0.1372179,3.1827572319357,SUCCESS,0.0.731861,0.0.3961531&0.0.3964804,0.0.4138717@1788876001.521146856
0.0.836858,29.70703095583405,SUCCESS,0.0.731861,0.0.3961531,0.0.4138717@1788876000.178740671
0.0.5435669,0.1031072293570252,SUCCESS,0.0.731861,0.0.3961531,0.0.4138717@1788876002.446826053
0.0.1303938,2.494659413046321,NOT_ASSOCIATED,0.0.731861,0.0.3961531,
0.0.4363476,9.48193222185799,SUCCESS,0.0.731861,0.0.3961531,0.0.4138717@1788876004.499961972
0.0.10204459,1.439468006763977,SUCCESS,0.0.731861,0.0.3961531,0.0.4138717@1788876004.942825490
0.0.10095007,0.2654862380450232,NOT_ASSOCIATED,0.0.731861,0.0.3961531,
0.0.3161254,56702.46125716401,SUCCESS,0.0.731861,0.0.3961531&0.0.3964804,0.0.4138717@1788876004.915046517
0.0.8355966,9.882685221497349,SUCCESS,0.0.731861,0.0.3961531,0.0.4138717@1788876002.686257008
0.0.839555,0.4259677425065341,SUCCESS,0.0.731861,0.0.3961531,0.0.4138717@1788876005.040251912
0.0.9210701,0.12775625311033,FAIL,0.0.731861,0.0.3961531,
0.0.825672,36.01352677338264,SUCCESS,0.0.731861,0.0.3961531,0.0.4138717@1788876007.774682863
0.0.8183428,0.002290627196784656,SUCCESS,0.0.731861,0.0.3961531,0.0.4138717@1788876006.745437640
0.0.267573,225.1694063373419,SUCCESS,0.0.731861,0.0.3961531&0.0.3964855&0.0.4601632&0.0.5328590&0.0.6071041&0.0.6126395,0.0.4138717@1788876005.629534005
0.0.1315254,1.278326737707824,SUCCESS,0.0.731861,0.0.3961531,0.0.4138717@1788876006.926898459
0.0.852692,1.704516759274778,SUCCESS,0.0.731861,0.0.3961531,0.0.4138717@1788876006.341777481
0.0.4362462,0.8395548332075636,NOT_ASSOCIATED,0.0.731861,0.0.3961531,
0.0.897444,78.14180342444224,SUCCESS,0.0.731861,0.0.3961531&0.0.3964790,0.0.4138717@1788876009.088213494
0.0.6095958,63.16678655417381,NOT_ASSOCIATED,0.0.731861,0.0.3961531&0.0.3964804,
0.0.1324436,0.0008530724404377352,NOT_ASSOCIATED,0.0.731861,0.0.3961531,
0.0.4723553,1.279624113115516,SUCCESS,0.0.731861,0.0.3961531,0.0.4138717@1788876006.531348324
0.0.1501041,0.3956129132206521,SUCCESS,0.0.731861,0.0.3961531,0.0.4138717@1788876007.186168430
0.0.10359193,276.8981562107866,SUCCESS,0.0.731861,0.0.3961531&0.0.3964804&0.0.3964860&0.0.4601632&0.0.5328590,0.0.4138717@1788876009.894719551
0.0.7560867,0.002049245934285948,SUCCESS,0.0.731861,0.0.3961531,0.0.4138717@1788876008.747019975
0.0.7571792,0.004085917621089709,SUCCESS,0.0.731861,0.0.3961531,0.0.4138717@1788876012.521287155
0.0.1910938,0.02551680969944696,SUCCESS,0.0.731861,0.0.3961531,0.0.4138717@1788876012.673426180
0.0.8378238,0.491782817190355,SUCCESS,0.0.731861,0.0.3961531,0.0.4138717@1788876011.651976959
0.0.9405888,0.5335692009548192,SUCCESS,0.0.731861,0.0.3961531&0.0.3964804&0.0.5328590,0.0.4138717@1788876011.029798031
0.0.3687323,0.000008175878323479642,SUCCESS,0.0.731861,0.0.3961531,0.0.4138717@1788876012.406162644
0.0.10124208,483.2982594763452,SUCCESS,0.0.731861,0.0.3961531&0.0.3964804,0.0.4138717@1788876016.243995058
0.0.10223842,7.051043132509626,SUCCESS,0.0.731861,0.0.3961531,0.0.4138717@1788876014.052057064
0.0.10291442,485.3325260682359,SUCCESS,0.0.731861,0.0.3961531,0.0.4138717@1788876016.607119502
0.0.6143425,0.005632367098630587,SUCCESS,0.0.731861,0.0.3961531,0.0.4138717@1788876014.829672620
0.0.10601475,603.0919717231842,SUCCESS,0.0.731861,0.0.3961531,0.0.4138717@1788876019.227005067
0.0.10537470,0.6546405564621979,SUCCESS,0.0.731861,0.0.3961531,0.0.4138717@1788876019.897583443
0.0.867588,0.3889063340668264,SUCCESS,0.0.731861,0.0.3961531,0.0.4138717@1788876015.356356059
0.0.7930589,5.923979086099572,SUCCESS,0.0.731861,0.0.3961531,0.0.4138717@1788876018.894107637
0.0.10801049,0.0003463794523655517,NOT_ASSOCIATED,0.0.731861,0.0.3961531,
0.0.10801050,0.0003408391892013615,NOT_ASSOCIATED,0.0.731861,0.0.3961531,
0.0.4346141,14.31072187942463,SUCCESS,0.0.731861,0.0.3961531,0.0.4138717@1788876018.424811008
0.0.6435369,1.837748842554972,SUCCESS,0.0.731861,0.0.3961531,0.0.4138717@1788876019.054460232
0.0.6306847,1.33121695271675,SUCCESS,0.0.731861,0.0.3961531&0.0.3964804&0.0.3964827,0.0.4138717@1788876019.666236597
0.0.4367595,0.2633255629542374,SUCCESS,0.0.731861,0.0.3961531,0.0.4138717@1788876021.408211180
0.0.948513,32.43870314916799,SUCCESS,0.0.731861,0.0.3961531,0.0.4138717@1788876023.573395466
0.0.877394,0.04441034031046896,NOT_ASSOCIATED,0.0.731861,0.0.3961531&0.0.3964804,
0.0.8767225,2.059399118855133,SUCCESS,0.0.731861,0.0.3961531&0.0.3964804,0.0.4138717@1788876024.192862106
0.0.9279414,0.03945402633363277,SUCCESS,0.0.731861,0.0.3961531,0.0.4138717@1788876022.651559540
0.0.892088,1.544604193462848,SUCCESS,0.0.731861,0.0.3961531,0.0.4138717@1788876020.470328920
0.0.1413657,71.57547654753527,SUCCESS,0.0.731861,0.0.3961531&0.0.4601632&0.0.5328590,0.0.4138717@1788876025.075748799
0.0.9353895,0.003774099598432354,SUCCESS,0.0.731861,0.0.3961531,0.0.4138717@1788876023.216791332
0.0.9183843,0.3700322167083429,NOT_ASSOCIATED,0.0.731861,0.0.3961531,
0.0.953101,49.75367593318094,SUCCESS,0.0.731861,0.0.3961531,0.0.4138717@1788876027.205299032
0.0.4594903,18.570587677092,SUCCESS,0.0.731861,0.0.3961531&0.0.3964790&0.0.3964804,0.0.4138717@1788876023.656747199
0.0.10541900,0.3911824933220722,SUCCESS,0.0.731861,0.0.3961531&0.0.3964804,0.0.4138717@1788876025.349340074
0.0.1177017,0.1282930525140768,SUCCESS,0.0.731861,0.0.3961531,0.0.4138717@1788876024.927494267
0.0.982207,367.7649360179186,SUCCESS,0.0.731861,0.0.3961531&0.0.3964790,0.0.4138717@1788876029.031027911
0.0.4853295,82.10285310305531,SUCCESS,0.0.731861,0.0.3961531&0.0.3964804,0.0.4138717@1788876026.101934739
0.0.4707801,0.07657218976559106,NOT_ASSOCIATED,0.0.731861,0.0.3961531,
0.0.4712184,0.0001553256126147762,SUCCESS,0.0.731861,0.0.3961531&0.0.3964790,0.0.4138717@1788876029.493306987
0.0.835929,0.000001850852985224318,SUCCESS,0.0.731861,0.0.3961531&0.0.3964790&0.0.4129330&0.0.4601632&0.0.5328590,0.0.4138717@1788876029.898784799
0.0.4639603,0.00149893964430325,NOT_ASSOCIATED,0.0.731861,0.0.3961531,
0.0.7951,7033.732271959615,SUCCESS,0.0.731861,0.0.3964790&0.0.3964855,0.0.4138717@1788876030.240007974
0.0.1314568,4767.309991718568,SUCCESS,0.0.731861,0.0.3964790,0.0.4138717@1788876028.607088405
0.0.10010228,368.5163802624384,SUCCESS,0.0.731861,0.0.3964790&0.0.5328590,0.0.4138717@1788876028.756372199
0.0.1082789,10626.15808071996,SUCCESS,0.0.731861,0.0.3964790,0.0.4138717@1788876030.653569871
0.0.1085174,2013.35124189673,SUCCESS,0.0.731861,0.0.3964790,0.0.4138717@1788876033.886114156
0.0.8352642,2.486173550562225,SUCCESS,0.0.731861,0.0.3964790&0.0.3964804,0.0.4138717@1788876032.297445317
0.0.6043615,116.1464324992759,SUCCESS,0.0.731861,0.0.3964790&0.0.3964827&0.0.3964855&0.0.5328590&0.0.6071041&0.0.8315114,0.0.4138717@1788876034.729657935
0.0.1073086,0.01302893453573108,SUCCESS,0.0.731861,0.0.3964790,0.0.4138717@1788876036.779421463
0.0.6047264,0.1108538488919057,SUCCESS,0.0.731861,0.0.3964790,0.0.4138717@1788876036.930323956
0.0.813712,0.8383697014429865,SUCCESS,0.0.731861,0.0.3964790,0.0.4138717@1788876036.397240519
0.0.3854083,0.2893928273819155,SUCCESS,0.0.731861,0.0.3964790,0.0.4138717@1788876036.606335545
0.0.1416793,0.7679484872726354,SUCCESS,0.0.731861,0.0.3964790,0.0.4138717@1788876037.731702822
0.0.795838,1.275831783070063,SUCCESS,0.0.731861,0.0.3964790&0.0.3964804,0.0.4138717@1788876036.458821727
0.0.8267043,0.5735082701631267,SUCCESS,0.0.731861,0.0.3964790&0.0.5328590,0.0.4138717@1788876035.682505307
0.0.8447885,2.449440386816546,SUCCESS,0.0.731861,0.0.3964790,0.0.4138717@1788876038.486728393
0.0.4330338,0.00004164594705372621,SUCCESS,0.0.731861,0.0.3964790,0.0.4138717@1788876038.943522903
0.0.4337852,3.96168801622829,SUCCESS,0.0.731861,0.0.3964790,0.0.4138717@1788876039.389472822
0.0.4754443,0.6282171787814563,SUCCESS,0.0.731861,0.0.3964790&0.0.3964804,0.0.4138717@1788876038.821656950
0.0.1504445,6.152265296198392,SUCCESS,0.0.731861,0.0.3964790,0.0.4138717@1788876036.598463647
0.0.877481,3295.580206343305,SUCCESS,0.0.731861,0.0.3964790&0.0.5328590,0.0.4138717@1788876038.533041580
0.0.1375637,3.599844278161208,SUCCESS,0.0.731861,0.0.3964790,0.0.4138717@1788876037.081861956
0.0.9400801,13358.19446706012,SUCCESS,0.0.731861,0.0.3964790&0.0.3964855&0.0.4129330&0.0.4601632&0.0.5328590,0.0.4138717@1788876042.476051116
0.0.5807981,52.49997305783594,SUCCESS,0.0.731861,0.0.3964790,0.0.4138717@1788876043.434476844
0.0.3304469,199.9708818016483,SUCCESS,0.0.731861,0.0.3964790&0.0.3964827,0.0.4138717@1788876044.350705437
0.0.5374006,0.1310020900022813,SUCCESS,0.0.731861,0.0.3964790&0.0.4601632,0.0.4138717@1788876044.207776467
0.0.4328823,4.336064345789642,SUCCESS,0.0.731861,0.0.3964790&0.0.5328590,0.0.4138717@1788876042.380628302
0.0.817883,0.04637689756334488,SUCCESS,0.0.731861,0.0.3964790,0.0.4138717@1788876044.728862091
0.0.862821,3.107217394847048,SUCCESS,0.0.731861,0.0.3964790,0.0.4138717@1788876044.430248332
0.0.859476,475.3283836646865,SUCCESS,0.0.731861,0.0.3964790&0.0.5328590,0.0.4138717@1788876044.013341721
0.0.1018824,460.8114486468135,SUCCESS,0.0.731861,0.0.3964790&0.0.3964804&0.0.5328590,0.0.4138717@1788876044.054637315
0.0.835202,0.001759437443707122,SUCCESS,0.0.731861,0.0.3964790,0.0.4138717@1788876046.283981502
0.0.920901,385.9977817500018,SUCCESS,0.0.731861,0.0.3964790&0.0.3964804,0.0.4138717@1788876047.120822221
0.0.837751,0.008982372580562729,SUCCESS,0.0.731861,0.0.3964790,0.0.4138717@1788876047.185574161
0.0.4157394,0.0004792695012810081,SUCCESS,0.0.731861,0.0.3964790,0.0.4138717@1788876047.595641906
0.0.10801091,0.001942661390749116,SUCCESS,0.0.731861,0.0.3964790,0.0.4138717@1788876049.565381814
0.0.1703452,98.7062159251471,SUCCESS,0.0.731861,0.0.3964790&0.0.3964804,0.0.4138717@1788876048.492674648
0.0.3774696,0.00707451915002384,SUCCESS,0.0.731861,0.0.3964790,0.0.4138717@1788876047.969777757
0.0.4819535,0.03165626476307218,SUCCESS,0.0.731861,0.0.3964790,0.0.4138717@1788876051.263672468
0.0.732798,4.027483169720239,SUCCESS,0.0.731861,0.0.3964790&0.0.3964804&0.0.4129330,0.0.4138717@1788876049.660753833
0.0.4713784,10.76377012297483,SUCCESS,0.0.731861,0.0.3964790&0.0.3964827,0.0.4138717@1788876048.653440854
0.0.4759022,0.0600923252019309,SUCCESS,0.0.731861,0.0.3964790,0.0.4138717@1788876049.076850084
0.0.4384266,3.546293293738237,SUCCESS,0.0.731861,0.0.3964790,0.0.4138717@1788876051.697132545
0.0.4205079,1.423032987534321,SUCCESS,0.0.731861,0.0.3964790,0.0.4138717@1788876054.183007297
0.0.7914763,1.604168411185638,SUCCESS,0.0.731861,0.0.3964790&0.0.3964804,0.0.4138717@1788876053.896350375
0.0.8148901,1.8526194156416,SUCCESS,0.0.731861,0.0.3964790,0.0.4138717@1788876052.063131387
0.0.3903731,7.423087068504551e-7,NOT_ASSOCIATED,0.0.731861,0.0.3964790,
0.0.3926190,0.0007052439356783437,SUCCESS,0.0.731861,0.0.3964790,0.0.4138717@1788876054.872820375
0.0.4908409,0.00501958916763139,SUCCESS,0.0.731861,0.0.3964790,0.0.4138717@1788876052.517291527
0.0.1093612,2.378229407361228,SUCCESS,0.0.731861,0.0.3964790&0.0.3964804,0.0.4138717@1788876057.214462360
0.0.5326504,17.46568033011833,SUCCESS,0.0.731861,0.0.3964790&0.0.3964804,0.0.4138717@1788876054.349299395
0.0.4574338,0.0002903067786133711,SUCCESS,0.0.731861,0.0.3964790,0.0.4138717@1788876058.913211133
0.0.8054459,5.01777266396866,SUCCESS,0.0.731861,0.0.3964790&0.0.3964804,0.0.4138717@1788876056.031241899
0.0.4540904,9.614476540898815,SUCCESS,0.0.731861,0.0.3964790&0.0.3964804&0.0.3964855,0.0.4138717@1788876058.868334307
0.0.9960625,1.859910194996898e-8,SUCCESS,0.0.731861,0.0.3964790,0.0.4138717@1788876059.017119529
0.0.1380166,0.0007211306647166479,SUCCESS,0.0.731861,0.0.3964790,0.0.4138717@1788876059.742077367
0.0.10023501,3.391132822299464e-8,SUCCESS,0.0.731861,0.0.3964790,0.0.4138717@1788876058.588372887
0.0.10030621,0.00002932469568214933,SUCCESS,0.0.731861,0.0.3964790,0.0.4138717@1788876062.575145572
0.0.10060744,0.007970564333054809,SUCCESS,0.0.731861,0.0.3964790,0.0.4138717@1788876062.630823987
0.0.10164571,0.1850972792347449,SUCCESS,0.0.731861,0.0.3964790,0.0.4138717@1788876063.272656515
0.0.4355907,0.4341235749101299,SUCCESS,0.0.731861,0.0.3964790,0.0.4138717@1788876059.264185210
0.0.1106873,1117.477766599096,SUCCESS,0.0.731861,0.0.3964790,0.0.4138717@1788876064.443277607
0.0.10801090,0.00195111339892761,SUCCESS,0.0.731861,0.0.3964790,0.0.4138717@1788876063.204450438
0.0.10802792,306.1220487481912,SUCCESS,0.0.731861,0.0.3964790,0.0.4138717@1788876065.701214668
0.0.7896827,0.1426686215164988,SUCCESS,0.0.731861,0.0.3964790&0.0.6071041,0.0.4138717@1788876064.049630499
0.0.858310,0.4104125023892871,SUCCESS,0.0.731861,0.0.3964790,0.0.4138717@1788876067.231924270
0.0.3938365,3.553731405777009,SUCCESS,0.0.731861,0.0.3964790,0.0.4138717@1788876063.646790450
0.0.2174952,3.667300758142277,SUCCESS,0.0.731861,0.0.3964790&0.0.3964804,0.0.4138717@1788876065.149177262
0.0.4784258,5.075544634092053,SUCCESS,0.0.731861,0.0.3964790&0.0.3964804&0.0.3964855,0.0.4138717@1788876069.578405613
0.0.27463,9.723509194936556,SUCCESS,0.0.731861,0.0.3964790,0.0.4138717@1788876069.945597865
0.0.6075972,1.317137686888908,SUCCESS,0.0.731861,0.0.3964790,0.0.4138717@1788876069.079457091
0.0.7607102,0.1349851177745719,SUCCESS,0.0.731861,0.0.3964790&0.0.3964804,0.0.4138717@1788876066.572319539
0.0.794506,587.2676790110174,SUCCESS,0.0.731861,0.0.3964790&0.0.5328590,0.0.4138717@1788876069.982597037
0.0.966009,0.7884113672364951,SUCCESS,0.0.731861,0.0.3964790,0.0.4138717@1788876069.347050564
0.0.4371196,5.734584953358013,SUCCESS,0.0.731861,0.0.3964790,0.0.4138717@1788876071.564010217
0.0.8291825,14.13361330976669,SUCCESS,0.0.731861,0.0.3964790&0.0.3964804,0.0.4138717@1788876071.900852901
0.0.4367730,3.170452159827698,SUCCESS,0.0.731861,0.0.3964790,0.0.4138717@1788876070.969973436
0.0.9365757,34.72252411041968,SUCCESS,0.0.731861,0.0.3964790&0.0.3964804&0.0.5328590,0.0.4138717@1788876070.355399171
0.0.9301501,1.227158335731881,SUCCESS,0.0.731861,0.0.3964790&0.0.5328590,0.0.4138717@1788876071.663839103
0.0.859176,3.39451329537785,SUCCESS,0.0.731861,0.0.3964790,0.0.4138717@1788876070.394391718
0.0.10135295,26.05062515245665,SUCCESS,0.0.731861,0.0.3964790&0.0.3964827,0.0.4138717@1788876072.862683988
0.0.9177141,0.3117536068549913,NOT_ASSOCIATED,0.0.731861,0.0.3964804,
0.0.9086562,0.02226690080208649,SUCCESS,0.0.731861,0.0.3964804,0.0.4138717@1788876072.608877784
0.0.53756,20.98872962708973,SUCCESS,0.0.731861,0.0.3964804,0.0.4138717@1788876073.101272512
0.0.9318048,0.09923250800557967,NOT_ASSOCIATED,0.0.731861,0.0.3964804,
0.0.8392843,2.215975347495867,NOT_ASSOCIATED,0.0.731861,0.0.3964804,
0.0.9169121,1.971541458280145,SUCCESS,0.0.731861,0.0.3964804,0.0.4138717@1788876075.674140926
0.0.958821,95.6090614367169,SUCCESS,0.0.731861,0.0.3964804,0.0.4138717@1788876074.309446293
0.0.1403937,0.05244043802537848,SUCCESS,0.0.731861,0.0.3964804,0.0.4138717@1788876074.318621469
0.0.1118731,0.09167860437299788,SUCCESS,0.0.731861,0.0.3964804,0.0.4138717@1788876075.875655362
0.0.9196038,1.112358798440193,SUCCESS,0.0.731861,0.0.3964804,0.0.4138717@1788876079.094189523
0.0.1862342,2.00054644782178,SUCCESS,0.0.731861,0.0.3964804,0.0.4138717@1788876077.691466553
0.0.8113254,14.29829860618026,SUCCESS,0.0.731861,0.0.3964804&0.0.4601632&0.0.5328590,0.0.4138717@1788876078.411462690
0.0.6068301,19.53250550412215,SUCCESS,0.0.731861,0.0.3964804&0.0.5328590,0.0.4138717@1788876082.574389011
0.0.9275748,24.53735720184228,SUCCESS,0.0.731861,0.0.3964804&0.0.3964827,0.0.4138717@1788876078.005804818
0.0.9285770,0.6924474076787105,NOT_ASSOCIATED,0.0.731861,0.0.3964804,
0.0.8880678,0.1544999096060957,SUCCESS,0.0.731861,0.0.3964804,0.0.4138717@1788876080.503550650
0.0.8585468,0.005580513973301521,SUCCESS,0.0.731861,0.0.3964804,0.0.4138717@1788876081.266290755
0.0.9584885,1.60845467784627,SUCCESS,0.0.731861,0.0.3964804&0.0.5328590,0.0.4138717@1788876082.588359718
0.0.8357089,3.844796778815148,NOT_ASSOCIATED,0.0.731861,0.0.3964804,
0.0.3077609,15.80693500241066,SUCCESS,0.0.731861,0.0.3964804,0.0.4138717@1788876081.006929439
0.0.1714233,1.744157096637462,SUCCESS,0.0.731861,0.0.3964804,0.0.4138717@1788876082.296467406
0.0.8414409,0.09746175965967266,SUCCESS,0.0.731861,0.0.3964804,0.0.4138717@1788876083.276446516
0.0.8385016,1.99455466746277,SUCCESS,0.0.731861,0.0.3964804,0.0.4138717@1788876082.275968491
0.0.8198608,2.438909579525525,SUCCESS,0.0.731861,0.0.3964804,0.0.4138717@1788876086.129040566
0.0.5524338,0.2962453397675263,SUCCESS,0.0.731861,0.0.3964804,0.0.4138717@1788876083.225995365
0.0.1459865,10.2778793978743,NOT_ASSOCIATED,0.0.731861,0.0.3964804,
0.0.1365814,1.874284084173262,SUCCESS,0.0.731861,0.0.3964804,0.0.4138717@1788876086.063370960
0.0.689277,48.34292123534418,SUCCESS,0.0.731861,0.0.3964804,0.0.4138717@1788876085.741804156
0.0.8256574,0.03621216996407566,SUCCESS,0.0.731861,0.0.3964804,0.0.4138717@1788876086.820759233
0.0.8792600,0.01808476770912235,NOT_ASSOCIATED,0.0.731861,0.0.3964804,
0.0.7788265,1.119865822392138,NOT_ASSOCIATED,0.0.731861,0.0.3964804,
0.0.9009997,2.538628373057486,NOT_ASSOCIATED,0.0.731861,0.0.3964804,
0.0.9065767,4.627985215503758,SUCCESS,0.0.731861,0.0.3964804,0.0.4138717@1788876087.866739436
0.0.9095016,11.86238974289812,NOT_ASSOCIATED,0.0.731861,0.0.3964804,
0.0.7550890,0.7611241105942331,SUCCESS,0.0.731861,0.0.3964804,0.0.4138717@1788876084.005947956
0.0.1090802,0.4405165177459975,SUCCESS,0.0.731861,0.0.3964804,0.0.4138717@1788876088.055705581
0.0.5922808,0.2248711870894914,SUCCESS,0.0.731861,0.0.3964804,0.0.4138717@1788876091.448890330
0.0.9720442,0.4152366508413294,NOT_ASSOCIATED,0.0.731861,0.0.3964804,
0.0.9729389,0.8490993626842859,NOT_ASSOCIATED,0.0.731861,0.0.3964804,
0.0.9687167,7.622131324002183,SUCCESS,0.0.731861,0.0.3964804&0.0.5328590,0.0.4138717@1788876087.462269073
0.0.7983506,0.0002388456872530812,NOT_ASSOCIATED,0.0.731861,0.0.3964804,
0.0.9723125,164.8259324559812,SUCCESS,0.0.731861,0.0.3964804,0.0.4138717@1788876090.413401093
0.0.871471,20.00402481178176,SUCCESS,0.0.731861,0.0.3964804,0.0.4138717@1788876088.648289015
0.0.9150527,176.7424687030955,SUCCESS,0.0.731861,0.0.3964804&0.0.3964860&0.0.5328590,0.0.4138717@1788876091.125236827
0.0.9477942,0.1088872971268373,NOT_ASSOCIATED,0.0.731861,0.0.3964804,
0.0.9973346,0.02495182565682389,NOT_ASSOCIATED,0.0.731861,0.0.3964804,
0.0.751161,11.95527970996428,SUCCESS,0.0.731861,0.0.3964804,0.0.4138717@1788876090.860970810
0.0.3012601,31.44087148155938,SUCCESS,0.0.731861,0.0.3964804&0.0.5328590,0.0.4138717@1788876093.209150924
0.0.10004246,3.44022234977323,NOT_ASSOCIATED,0.0.731861,0.0.3964804,
0.0.4873525,0.3729293853922221,SUCCESS,0.0.731861,0.0.3964804,0.0.4138717@1788876091.230349208
0.0.9640903,27.67708291921589,SUCCESS,0.0.731861,0.0.3964804&0.0.4601632,0.0.4138717@1788876093.069632427
0.0.1459068,0.2685712757931699,SUCCESS,0.0.731861,0.0.3964804,0.0.4138717@1788876093.986325400
0.0.10072624,0.2419016796409109,SUCCESS,0.0.731861,0.0.3964804,0.0.4138717@1788876092.451897312
0.0.4372819,0.1201160071780486,SUCCESS,0.0.731861,0.0.3964804,0.0.4138717@1788876092.387634710
0.0.820706,30.48641220664764,SUCCESS,0.0.731861,0.0.3964804,0.0.4138717@1788876094.595056265
0.0.816698,58.43831130746872,SUCCESS,0.0.731861,0.0.3964804,0.0.4138717@1788876094.701215258
0.0.10093024,1.546946192978076,SUCCESS,0.0.731861,0.0.3964804,0.0.4138717@1788876095.263967375
0.0.190191,0.4802055605069885,NOT_ASSOCIATED,0.0.731861,0.0.3964804,
0.0.9367202,0.0115456702899339,NOT_ASSOCIATED,0.0.731861,0.0.3964804,
0.0.813564,0.006338448820384688,SUCCESS,0.0.731861,0.0.3964804,0.0.4138717@1788876096.604404485
0.0.6160732,0.4580067026653397,NOT_ASSOCIATED,0.0.731861,0.0.3964804,
0.0.9146353,15.49540320455113,SUCCESS,0.0.731861,0.0.3964804,0.0.4138717@1788876099.957169430
0.0.9444587,12.27893235036155,SUCCESS,0.0.731861,0.0.3964804,0.0.4138717@1788876096.881335054
0.0.9450539,6.280920723062047,NOT_ASSOCIATED,0.0.731861,0.0.3964804,
0.0.1056474,25.19823274758901,SUCCESS,0.0.731861,0.0.3964804,0.0.4138717@1788876100.874225220
0.0.887615,0.06638779684065226,SUCCESS,0.0.731861,0.0.3964804,0.0.4138717@1788876097.747349483
0.0.9364762,0.9990197170424232,SUCCESS,0.0.731861,0.0.3964804&0.0.5328590,0.0.4138717@1788876102.562130433
0.0.4821795,6.322114093190415,SUCCESS,0.0.731861,0.0.3964804,0.0.4138717@1788876098.641742884
0.0.9541852,5.653084226061933,SUCCESS,0.0.731861,0.0.3964804&0.0.3964827,0.0.4138717@1788876102.994174452
0.0.8246604,0.0109951890320516,SUCCESS,0.0.731861,0.0.3964804,0.0.4138717@1788876101.382372882
0.0.8070994,10.03685930316027,NOT_ASSOCIATED,0.0.731861,0.0.3964804,
0.0.8080965,0.0610505379356962,NOT_ASSOCIATED,0.0.731861,0.0.3964804,
0.0.9590994,73.06785298748756,NOT_ASSOCIATED,0.0.731861,0.0.3964804,
0.0.9602777,0.1106855195247494,NOT_ASSOCIATED,0.0.731861,0.0.3964804,
0.0.5805332,7.739096781409371,SUCCESS,0.0.731861,0.0.3964804,0.0.4138717@1788876104.604760314
0.0.9636419,2.417494966820814,NOT_ASSOCIATED,0.0.731861,0.0.3964804,
0.0.5012902,0.04408988374783757,SUCCESS,0.0.731861,0.0.3964804,0.0.4138717@1788876100.327847451
0.0.4899880,0.370748608824925,SUCCESS,0.0.731861,0.0.3964804,0.0.4138717@1788876103.334852070
0.0.6232417,0.343578507911132,SUCCESS,0.0.731861,0.0.3964804,0.0.4138717@1788876106.440600543
0.0.1448239,0.2895488403584516,SUCCESS,0.0.731861,0.0.3964804,0.0.4138717@1788876103.432972743
0.0.6344703,10903.14046142715,SUCCESS,0.0.731861,0.0.3964804&0.0.4129330&0.0.6071041&0.0.6126395&0.0.8315114,0.0.4138717@1788876103.980467988
0.0.6612734,0.04239223903782894,NOT_ASSOCIATED,0.0.731861,0.0.3964804,
0.0.1233065,1.913899890637892,SUCCESS,0.0.731861,0.0.3964804,0.0.4138717@1788876107.403850518
0.0.4978453,47.13307084057264,SUCCESS,0.0.731861,0.0.3964804,0.0.4138717@1788876107.265736854
0.0.1859919,0.7175608544896587,NOT_ASSOCIATED,0.0.731861,0.0.3964804,
0.0.7200618,0.1064379919182924,SUCCESS,0.0.731861,0.0.3964804,0.0.4138717@1788876105.827329776
0.0.3159220,8.73794801878073,SUCCESS,0.0.731861,0.0.3964804,0.0.4138717@1788876109.511948713
0.0.4595460,0.6093647218827605,SUCCESS,0.0.731861,0.0.3964804,0.0.4138717@1788876107.641432556
0.0.760653,1.059270614471058,SUCCESS,0.0.731861,0.0.3964804,0.0.4138717@1788876108.560674987
0.0.5437974,5.636151385286768,SUCCESS,0.0.731861,0.0.3964804,0.0.4138717@1788876106.804160733
0.0.7610560,0.8402645724494143,NOT_ASSOCIATED,0.0.731861,0.0.3964804,
0.0.7638910,0.2500913953908637,SUCCESS,0.0.731861,0.0.3964804,0.0.4138717@1788876111.640528296
0.0.6256886,0.2491815334301292,SUCCESS,0.0.731861,0.0.3964804,0.0.4138717@1788876110.679974144
0.0.831661,14.18533846133464,SUCCESS,0.0.731861,0.0.3964804,0.0.4138717@1788876112.806979597
0.0.2557514,5.506645336454569,SUCCESS,0.0.731861,0.0.3964804,0.0.4138717@1788876113.402758307
0.0.4250725,0.8490993626842859,SUCCESS,0.0.731861,0.0.3964804,0.0.4138717@1788876109.369449936
0.0.4752954,1.483704089459362,SUCCESS,0.0.731861,0.0.3964804,0.0.4138717@1788876112.912770934
0.0.6247418,0.2742359393161285,NOT_ASSOCIATED,0.0.731861,0.0.3964804,
0.0.3912896,1.050160745396859,SUCCESS,0.0.731861,0.0.3964804,0.0.4138717@1788876112.145628094
0.0.848151,1.825087891453516,SUCCESS,0.0.731861,0.0.3964804,0.0.4138717@1788876112.962967431
0.0.6061106,2.223473339305838,NOT_ASSOCIATED,0.0.731861,0.0.3964804,
0.0.4799094,0.5301740027694525,SUCCESS,0.0.731861,0.0.3964804,0.0.4138717@1788876112.976039028
0.0.1334605,54.57409925932912,SUCCESS,0.0.731861,0.0.3964804,0.0.4138717@1788876115.180290593
0.0.5873159,560.8957135912606,SUCCESS,0.0.731861,0.0.3964804&0.0.5328590,0.0.4138717@1788876115.094901242
0.0.6058490,0.158949079711965,SUCCESS,0.0.731861,0.0.3964804,0.0.4138717@1788876113.443196633
0.0.6078189,67.65823151424047,SUCCESS,0.0.731861,0.0.3964804,0.0.4138717@1788876115.612491480
0.0.7777028,3.540463510371693,NOT_ASSOCIATED,0.0.731861,0.0.3964804,
0.0.4659519,9.17512456485812,SUCCESS,0.0.731861,0.0.3964804,0.0.4138717@1788876116.126463690
0.0.827132,2.481377325285819,SUCCESS,0.0.731861,0.0.3964804,0.0.4138717@1788876114.290146959
0.0.6324031,0.004240027727918667,SUCCESS,0.0.731861,0.0.3964804,0.0.4138717@1788876114.815389491
0.0.2123622,0.7214392490944909,SUCCESS,0.0.731861,0.0.3964804,0.0.4138717@1788876116.516451220
0.0.4360598,0.2131575649150284,SUCCESS,0.0.731861,0.0.3964804&0.0.5328590,0.0.4138717@1788876120.688975003
0.0.6674918,0.08096115511050851,SUCCESS,0.0.731861,0.0.3964804,0.0.4138717@1788876121.168261570
0.0.835625,47.71024428637201,SUCCESS,0.0.731861,0.0.3964804&0.0.3964827,0.0.4138717@1788876121.266870035
0.0.5761971,0.0009473781991896506,SUCCESS,0.0.731861,0.0.3964804,0.0.4138717@1788876121.009887873
0.0.8042105,0.6345256590336191,NOT_ASSOCIATED,0.0.731861,0.0.3964804,
0.0.7913251,0.3806437758968758,SUCCESS,0.0.731861,0.0.3964804,0.0.4138717@1788876120.529228597
0.0.4746343,0.009833534705580172,SUCCESS,0.0.731861,0.0.3964804,0.0.4138717@1788876118.804959987
0.0.5007636,0.5448444860456468,NOT_ASSOCIATED,0.0.731861,0.0.3964804,
0.0.833836,13.23984515393846,SUCCESS,0.0.731861,0.0.3964804,0.0.4138717@1788876118.363730394
0.0.8142528,0.1527431250022204,NOT_ASSOCIATED,0.0.731861,0.0.3964804,
0.0.8175769,1.422791580520295,SUCCESS,0.0.731861,0.0.3964804,0.0.4138717@1788876120.233048996
0.0.8178093,0.5438729657479761,NOT_ASSOCIATED,0.0.731861,0.0.3964804,
0.0.1906790,0.06887742170504714,SUCCESS,0.0.731861,0.0.3964804,0.0.4138717@1788876123.415008684
0.0.2477582,1.817060811113607,NOT_ASSOCIATED,0.0.731861,0.0.3964804,
0.0.7997139,0.6500122821103623,SUCCESS,0.0.731861,0.0.3964804,0.0.4138717@1788876120.700564575
0.0.8209324,3.427921647022526,SUCCESS,0.0.731861,0.0.3964804,0.0.4138717@1788876120.873092021
0.0.4867972,0.2008198374901934,SUCCESS,0.0.731861,0.0.3964804,0.0.4138717@1788876122.251008859
0.0.7049977,0.05045723921284168,NOT_ASSOCIATED,0.0.731861,0.0.3964804,
0.0.2025203,0.5032251416032647,SUCCESS,0.0.731861,0.0.3964804,0.0.4138717@1788876124.773206052
0.0.7964752,0.02518811780564936,SUCCESS,0.0.731861,0.0.3964804,0.0.4138717@1788876126.796168051
0.0.8298814,10.16507844583395,SUCCESS,0.0.731861,0.0.3964804,0.0.4138717@1788876127.031282729
0.0.8156060,0.6419446961091881,SUCCESS,0.0.731861,0.0.3964804,0.0.4138717@1788876124.504505003
0.0.8323906,102.5424795205007,NOT_ASSOCIATED,0.0.731861,0.0.3964804,
0.0.8346544,18.31026027992492,NOT_ASSOCIATED,0.0.731861,0.0.3964804,
0.0.7896816,88.04229670639126,NOT_ASSOCIATED,0.0.731861,0.0.3964804,
0.0.5739319,5.454177090269353,SUCCESS,0.0.731861,0.0.3964804,0.0.4138717@1788876128.271136122
0.0.7791729,0.005391483342632723,NOT_ASSOCIATED,0.0.731861,0.0.3964804,
0.0.7421912,0.2448472781688327,SUCCESS,0.0.731861,0.0.3964804,0.0.4138717@1788876125.791254969
0.0.7570262,0.4459047968822188,SUCCESS,0.0.731861,0.0.3964804,0.0.4138717@1788876125.562298502
0.0.7835479,0.4435269457610915,SUCCESS,0.0.731861,0.0.3964804&0.0.3964827,0.0.4138717@1788876129.354987680
0.0.1479857,6.213855469247356,SUCCESS,0.0.731861,0.0.3964804,0.0.4138717@1788876128.892139719
0.0.5042398,9.33993531168771,SUCCESS,0.0.731861,0.0.3964804,0.0.4138717@1788876130.781630395
0.0.5905014,2.160961511980606,SUCCESS,0.0.731861,0.0.3964804,0.0.4138717@1788876130.077855843
0.0.3947850,0.04694400555817176,SUCCESS,0.0.731861,0.0.3964804&0.0.5328590,0.0.4138717@1788876132.451799705
0.0.8357708,101.6962111068207,SUCCESS,0.0.731861,0.0.3964804,0.0.4138717@1788876132.904049044
0.0.1481135,168.9793053644879,SUCCESS,0.0.731861,0.0.3964804&0.0.4601632,0.0.4138717@1788876131.747310183
0.0.7965413,0.005419558227211095,NOT_ASSOCIATED,0.0.731861,0.0.3964804,
0.0.8032303,0.3178356686250447,SUCCESS,0.0.731861,0.0.3964804,0.0.4138717@1788876133.741194887
0.0.7746903,0.4592851522457986,SUCCESS,0.0.731861,0.0.3964804,0.0.4138717@1788876135.338232866
0.0.7974195,226.8448703558551,SUCCESS,0.0.731861,0.0.3964804,0.0.4138717@1788876134.685884448
0.0.8056304,3.095667580182328,NOT_ASSOCIATED,0.0.731861,0.0.3964804,
0.0.7912110,0.001834113721177463,NOT_ASSOCIATED,0.0.731861,0.0.3964804,
0.0.2006292,0.3231462943628314,FAIL,0.0.731861,0.0.3964804,
0.0.8059253,9.854113771987333,SUCCESS,0.0.731861,0.0.3964804,0.0.4138717@1788876135.922519963
0.0.10803307,283.7002481606096,NOT_ASSOCIATED,0.0.731861,0.0.3964804,
0.0.844877,17.5167956725726,SUCCESS,0.0.731861,0.0.3964804,0.0.4138717@1788876137.096139060
0.0.10495365,0.000002304186258981551,NOT_ASSOCIATED,0.0.731861,0.0.3964804,
0.0.10496154,0.0167604953094883,NOT_ASSOCIATED,0.0.731861,0.0.3964804,
0.0.10502045,6.212004091479483,NOT_ASSOCIATED,0.0.731861,0.0.3964804,
0.0.10506008,4.605861767562341,SUCCESS,0.0.731861,0.0.3964804,0.0.4138717@1788876139.637556462
0.0.10543839,11.43044495417016,SUCCESS,0.0.731861,0.0.3964804,0.0.4138717@1788876138.354647836
0.0.10612841,50.64769147343604,SUCCESS,0.0.731861,0.0.3964804,0.0.4138717@1788876139.767192811
0.0.10801045,0.002097875617979174,NOT_ASSOCIATED,0.0.731861,0.0.3964804,
0.0.10801047,0.001593314580382524,NOT_ASSOCIATED,0.0.731861,0.0.3964804,
0.0.10803311,67.99069881369856,NOT_ASSOCIATED,0.0.731861,0.0.3964804,
0.0.2022986,13.95521782817776,SUCCESS,0.0.731861,0.0.3964804,0.0.4138717@1788876140.557622243
0.0.10810210,52.33613993643891,SUCCESS,0.0.731861,0.0.3964804,0.0.4138717@1788876137.367268786
0.0.10820145,10.3994494218343,SUCCESS,0.0.731861,0.0.3964804,0.0.4138717@1788876141.477800314
0.0.8868403,0.1051385903402937,SUCCESS,0.0.731861,0.0.3964804,0.0.4138717@1788876141.668338562
0.0.9425366,42.91178734774815,SUCCESS,0.0.731861,0.0.3964804,0.0.4138717@1788876140.651768495
0.0.1313705,2.993404680290511,SUCCESS,0.0.731861,0.0.3964804,0.0.4138717@1788876140.116127450
0.0.4329185,22.29457285872459,SUCCESS,0.0.731861,0.0.3964804,0.0.4138717@1788876142.949110838
0.0.4914022,3.314779842604267,SUCCESS,0.0.731861,0.0.3964804,0.0.4138717@1788876142.157850621
0.0.9317965,2.067714743598755,SUCCESS,0.0.731861,0.0.3964804,0.0.4138717@1788876144.124359684
0.0.10044419,2.149349590615057,SUCCESS,0.0.731861,0.0.3964804,0.0.4138717@1788876143.569916109
0.0.10420713,0.9143814945471923,SUCCESS,0.0.731861,0.0.3964804,0.0.4138717@1788876142.076112193
0.0.10231452,5038.773320611222,SUCCESS,0.0.731861,0.0.3964804&0.0.10414792,0.0.4138717@1788876145.066153621
0.0.10244829,0.1643745767044069,SUCCESS,0.0.731861,0.0.3964804,0.0.4138717@1788876146.108752560
0.0.10267166,211.9446913571016,NOT_ASSOCIATED,0.0.731861,0.0.3964804,
0.0.10267167,0.01421822254738597,NOT_ASSOCIATED,0.0.731861,0.0.3964804,
0.0.1920276,9.465297483545836,SUCCESS,0.0.731861,0.0.3964804,0.0.4138717@1788876145.164773620
0.0.10303974,8.317713421633032,SUCCESS,0.0.731861,0.0.3964804,0.0.4138717@1788876149.882685909
0.0.10307970,0.00916195551586027,NOT_ASSOCIATED,0.0.731861,0.0.3964804,
0.0.10308209,6579.641546893152,NOT_ASSOCIATED,0.0.731861,0.0.3964804,
0.0.3953598,2.121962960309481,SUCCESS,0.0.731861,0.0.3964804,0.0.4138717@1788876145.509744337
0.0.851469,2.028593782054119,SUCCESS,0.0.731861,0.0.3964804,0.0.4138717@1788876149.568869124
0.0.10277044,18.01919930526321,SUCCESS,0.0.731861,0.0.3964804,0.0.4138717@1788876149.454065911
0.0.10420709,3.05063016155188,SUCCESS,0.0.731861,0.0.3964804,0.0.4138717@1788876147.367718635
0.0.10420688,9.97520760735431,SUCCESS,0.0.731861,0.0.3964804,0.0.4138717@1788876151.186526011
0.0.10422583,16.96358508657589,SUCCESS,0.0.731861,0.0.3964804,0.0.4138717@1788876152.677520249
0.0.10435638,1.965231252080495,SUCCESS,0.0.731861,0.0.3964804,0.0.4138717@1788876154.616628863
0.0.10295710,1.891812674785311,SUCCESS,0.0.731861,0.0.3964804,0.0.4138717@1788876155.200813820
0.0.10454179,3.909030013163875,SUCCESS,0.0.731861,0.0.3964804,0.0.4138717@1788876155.205558464
0.0.10456759,1409.523206408098,SUCCESS,0.0.731861,0.0.3964804&0.0.3964860&0.0.5328590,0.0.4138717@1788876158.603169723
0.0.10465417,7.005147339125005,NOT_ASSOCIATED,0.0.731861,0.0.3964804,
0.0.10237154,65.12049095615983,SUCCESS,0.0.731861,0.0.3964804,0.0.4138717@1788876157.509759197
0.0.5850916,4.72474847911175,SUCCESS,0.0.731861,0.0.3964804,0.0.4138717@1788876157.617010779
0.0.10831278,0.4939640397046503,SUCCESS,0.0.731861,0.0.3964804,0.0.4138717@1788876164.323311688
0.0.10805782,540.0547750542987,SUCCESS,0.0.731861,0.0.3964804&0.0.5328590,0.0.4138717@1788876163.856568003
0.0.4161393,30.68582597133235,SUCCESS,0.0.731861,0.0.3964804&0.0.10498274,0.0.4138717@1788876163.443773830
0.0.3211610,6.722659933201048,SUCCESS,0.0.731861,0.0.3964804,0.0.4138717@1788876164.658249225
0.0.6315303,3.410651019094304,SUCCESS,0.0.731861,0.0.3964804,0.0.4138717@1788876162.474173961
0.0.7950871,177.8653663635718,SUCCESS,0.0.731861,0.0.3964804&0.0.3964827&0.0.4601632,0.0.4138717@1788876165.707260610
0.0.8084528,84.1553126489649,SUCCESS,0.0.731861,0.0.3964804,0.0.4138717@1788876164.952421398
0.0.10610396,0.9680233921739624,NOT_ASSOCIATED,0.0.731861,0.0.3964804,
0.0.10354047,0.5118397217939291,SUCCESS,0.0.731861,0.0.3964804,0.0.4138717@1788876164.496302875
0.0.958199,240.9913281012637,SUCCESS,0.0.731861,0.0.3964804,0.0.4138717@1788876163.307103443
0.0.7916035,217.7654612127972,SUCCESS,0.0.731861,0.0.3964804,0.0.4138717@1788876166.087851389
0.0.836080,0.0005213108339077688,SUCCESS,0.0.731861,0.0.3964804&0.0.3964827&0.0.3964855,0.0.4138717@1788876169.246005345
0.0.6258091,0.166203178789002,SUCCESS,0.0.731861,0.0.3964804,0.0.4138717@1788876168.678319643
0.0.7188749,0.01976861165316697,SUCCESS,0.0.731861,0.0.3964804,0.0.4138717@1788876169.194057611
0.0.10792100,3950.580139849338,SUCCESS,0.0.731861,0.0.3964804&0.0.10093026,0.0.4138717@1788876171.446471811
0.0.842806,52.67249243370061,SUCCESS,0.0.731861,0.0.3964804,0.0.4138717@1788876170.528630467
0.0.1472060,62.76046026892206,SUCCESS,0.0.731861,0.0.3964804,0.0.4138717@1788876169.191560905
0.0.840352,42.27934434685161,SUCCESS,0.0.731861,0.0.3964804,0.0.4138717@1788876172.612637005
0.0.1120752,0.000001519763467785179,SUCCESS,0.0.731861,0.0.3964804,0.0.4138717@1788876173.330086286
0.0.10819646,2.594093331801774,NOT_ASSOCIATED,0.0.731861,0.0.3964804,
0.0.10430673,3.882974842853371,SUCCESS,0.0.731861,0.0.3964804,0.0.4138717@1788876171.888376051
0.0.4573495,12731.70813930523,SUCCESS,0.0.731861,0.0.3964804,0.0.4138717@1788876171.706618577
0.0.3273594,6.87122767442594,SUCCESS,0.0.731861,0.0.3964804,0.0.4138717@1788876171.867152234
0.0.4320892,38.77096773466442,SUCCESS,0.0.731861,0.0.3964804,0.0.4138717@1788876172.207422621
0.0.3008234,147.1361491408721,SUCCESS,0.0.731861,0.0.3964804,0.0.4138717@1788876177.622882000
0.0.8673292,6.157007705867289,SUCCESS,0.0.731861,0.0.3964804,0.0.4138717@1788876174.732883361
0.0.8414341,0.001614841568989407,SUCCESS,0.0.731861,0.0.3964804,0.0.4138717@1788876178.697076038
0.0.3003013,5.911426794917137,SUCCESS,0.0.731861,0.0.3964804,0.0.4138717@1788876175.861241261
0.0.1440806,2.749876717637295,SUCCESS,0.0.731861,0.0.3964804,0.0.4138717@1788876178.945241321
0.0.796454,10.70646965608527,SUCCESS,0.0.731861,0.0.3964804,0.0.4138717@1788876175.451446373
0.0.9270286,0.0002496929389534767,SUCCESS,0.0.731861,0.0.3964804,0.0.4138717@1788876177.885118770
0.0.7989176,229.6243566747612,SUCCESS,0.0.731861,0.0.3964804,0.0.4138717@1788876177.405522228
0.0.10248120,2.891238902616434,SUCCESS,0.0.731861,0.0.3964804,0.0.4138717@1788876175.833639014
0.0.4138268,54.22069157586658,SUCCESS,0.0.731861,0.0.3964804,0.0.4138717@1788876178.711544131
0.0.7865510,352.8804309987607,SUCCESS,0.0.731861,0.0.3964804,0.0.4138717@1788876180.580828483
0.0.8213249,253.5112074018373,SUCCESS,0.0.731861,0.0.3964804,0.0.4138717@1788876181.091814810
0.0.8055246,17.49200763171838,SUCCESS,0.0.731861,0.0.3964804,0.0.4138717@1788876183.647850886
0.0.3961176,1.773470069800364,NOT_ASSOCIATED,0.0.731861,0.0.3964804,
0.0.4375828,8.323814796060867,SUCCESS,0.0.731861,0.0.3964804,0.0.4138717@1788876179.349717835
0.0.10151415,31.02101211821929,SUCCESS,0.0.731861,0.0.3964804,0.0.4138717@1788876183.918608226
0.0.9144627,1294.582541058803,SUCCESS,0.0.731861,0.0.3964804&0.0.4601632,0.0.4138717@1788876183.637407020
0.0.937712,129.7098902901075,SUCCESS,0.0.731861,0.0.3964804,0.0.4138717@1788876182.976089993
0.0.4552309,0.07438931518944021,NOT_ASSOCIATED,0.0.731861,0.0.3964804,
0.0.4552348,0.07910165892629784,NOT_ASSOCIATED,0.0.731861,0.0.3964804,
0.0.4558719,0.08705081752609116,NOT_ASSOCIATED,0.0.731861,0.0.3964804,
0.0.4576074,4.698744687631256,SUCCESS,0.0.731861,0.0.3964804,0.0.4138717@1788876183.941085991
0.0.4140342,2.330827686563366,SUCCESS,0.0.731861,0.0.3964804&0.0.3964827,0.0.4138717@1788876181.682278439
0.0.4712922,0.4476009372042457,SUCCESS,0.0.731861,0.0.3964804,0.0.4138717@1788876186.942303540
0.0.1052080,6.556325332976026,SUCCESS,0.0.731861,0.0.3964804,0.0.4138717@1788876183.897965304
0.0.683815,0.3703339497190508,SUCCESS,0.0.731861,0.0.3964804,0.0.4138717@1788876185.958347998
0.0.1696471,6.257264280195705,SUCCESS,0.0.731861,0.0.3964804,0.0.4138717@1788876184.913428467
0.0.955353,1.05482000813129,NOT_ASSOCIATED,0.0.731861,0.0.3964804,
0.0.4552382,0.074385088735795,NOT_ASSOCIATED,0.0.731861,0.0.3964804,
0.0.857763,10.77579457721206,SUCCESS,0.0.731861,0.0.3964804,0.0.4138717@1788876187.375162531
0.0.4814986,0.1423324262572697,SUCCESS,0.0.731861,0.0.3964804,0.0.4138717@1788876184.921202082
0.0.5742160,85.66418535042466,SUCCESS,0.0.731861,0.0.3964804,0.0.4138717@1788876186.096293044
0.0.6181303,177.9133778224208,SUCCESS,0.0.731861,0.0.3964804,0.0.4138717@1788876187.746506457
0.0.1956746,0.3642412227193338,SUCCESS,0.0.731861,0.0.3964804,0.0.4138717@1788876190.047849829
0.0.5804427,21.11332629310432,SUCCESS,0.0.731861,0.0.3964804&0.0.4601632,0.0.4138717@1788876192.704925133
0.0.6334018,6.589865579679564,SUCCESS,0.0.731861,0.0.3964804,0.0.4138717@1788876189.076491920
0.0.4561752,3.294074708658751,SUCCESS,0.0.731861,0.0.3964804&0.0.5328590&0.0.6071041,0.0.4138717@1788876191.302166660
0.0.5957081,3.478349743876911,SUCCESS,0.0.731861,0.0.3964804,0.0.4138717@1788876189.804819243
0.0.1114728,0.06512020579582997,SUCCESS,0.0.731861,0.0.3964804,0.0.4138717@1788876191.021574395
0.0.4749526,223.4124721910181,NOT_ASSOCIATED,0.0.731861,0.0.3964804,
0.0.10014449,0.2997155907718254,SUCCESS,0.0.731861,0.0.3964804,0.0.4138717@1788876192.753759046
0.0.10157649,36.11997980762164,NOT_ASSOCIATED,0.0.731861,0.0.3964804,
0.0.9509413,0.2347702286892398,NOT_ASSOCIATED,0.0.731861,0.0.3964804,
0.0.10219431,10.5861352031651,NOT_ASSOCIATED,0.0.731861,0.0.3964804,
0.0.9273022,0.002343209126156964,SUCCESS,0.0.731861,0.0.3964804,0.0.4138717@1788876193.976158510
0.0.4499088,0.3540334438760593,NOT_ASSOCIATED,0.0.731861,0.0.3964804,
0.0.1365779,1.967405152784429,SUCCESS,0.0.731861,0.0.3964804,0.0.4138717@1788876190.900239909
0.0.10251800,0.00471985921750692,NOT_ASSOCIATED,0.0.731861,0.0.3964804,
0.0.8083839,4058.232312490127,SUCCESS,0.0.731861,0.0.3964804&0.0.3964827&0.0.3964860&0.0.5328590,0.0.4138717@1788876194.317024544
0.0.10253402,70.36034290827102,SUCCESS,0.0.731861,0.0.3964804,0.0.4138717@1788876196.816553155
0.0.9304292,23.00612838972153,SUCCESS,0.0.731861,0.0.3964804,0.0.4138717@1788876197.023334550
0.0.1105845,16.353416999791,SUCCESS,0.0.731861,0.0.3964804,0.0.4138717@1788876195.283021434
0.0.1024843,0.0004005444595459405,SUCCESS,0.0.731861,0.0.3964804&0.0.3964855&0.0.3964860,0.0.4138717@1788876195.681360195
0.0.4571567,14.12509617150545,SUCCESS,0.0.731861,0.0.3964804,0.0.4138717@1788876193.371481004
0.0.1082201,702.6018259909714,SUCCESS,0.0.731861,0.0.3964804,0.0.4138717@1788876193.532256421
0.0.9774219,0.04040874367638107,SUCCESS,0.0.731861,0.0.3964804,0.0.4138717@1788876194.097038529
0.0.8108637,0.00216069638632755,SUCCESS,0.0.731861,0.0.3964804&0.0.8315114,0.0.4138717@1788876198.360874142
0.0.8188301,3.874984018870674,SUCCESS,0.0.731861,0.0.3964804,0.0.4138717@1788876199.388447818
0.0.9177203,0.04026911171727389,SUCCESS,0.0.731861,0.0.3964804,0.0.4138717@1788876197.640894647
0.0.9301506,0.08381917152898043,SUCCESS,0.0.731861,0.0.3964804,0.0.4138717@1788876199.956883485
0.0.1703381,11.21035994126575,SUCCESS,0.0.731861,0.0.3964804,0.0.4138717@1788876199.834917050
0.0.9362153,3.267441537150238,SUCCESS,0.0.731861,0.0.3964804,0.0.4138717@1788876199.094834218
0.0.1503602,3.800660841315452,SUCCESS,0.0.731861,0.0.3964804,0.0.4138717@1788876200.553452299
0.0.9707528,2179.389394927975,NOT_ASSOCIATED,0.0.731861,0.0.3964804,
0.0.9707531,3751.30518873869,NOT_ASSOCIATED,0.0.731861,0.0.3964804,
0.0.1412348,343.4981073772006,SUCCESS,0.0.731861,0.0.3964804,0.0.4138717@1788876199.959250857
0.0.1400807,6.337522365849401,SUCCESS,0.0.731861,0.0.3964804,0.0.4138717@1788876202.518914034
0.0.10035663,3.945515334517373,SUCCESS,0.0.731861,0.0.3964804,0.0.4138717@1788876199.041588844
0.0.9593512,0.02772954173298773,SUCCESS,0.0.731861,0.0.3964804,0.0.4138717@1788876203.934179657
0.0.1365923,0.1305251957640984,SUCCESS,0.0.731861,0.0.3964804,0.0.4138717@1788876203.115165075
0.0.10007904,0.01388312486213395,SUCCESS,0.0.731861,0.0.3964804,0.0.4138717@1788876201.831931393
0.0.10035851,422.5360352616689,SUCCESS,0.0.731861,0.0.3964804,0.0.4138717@1788876205.038785897
0.0.10115705,0.005390741102900428,SUCCESS,0.0.731861,0.0.3964804,0.0.4138717@1788876203.028800052
0.0.10164472,9408.780370869375,SUCCESS,0.0.731861,0.0.3964804,0.0.4138717@1788876205.679179205
0.0.818498,0.125282819486224,SUCCESS,0.0.731861,0.0.3964804,0.0.4138717@1788876206.937008684
0.0.3959322,151.2767338308184,SUCCESS,0.0.731861,0.0.3964804,0.0.4138717@1788876207.220204131
0.0.8177816,4.626581413951196,SUCCESS,0.0.731861,0.0.3964804,0.0.4138717@1788876206.797421397
0.0.4766806,179.1961323115979,SUCCESS,0.0.731861,0.0.3964804,0.0.4138717@1788876207.547176592
0.0.590682,0.2178598222157976,SUCCESS,0.0.731861,0.0.3964804,0.0.4138717@1788876205.333228603
0.0.7098838,5.33567292520966,SUCCESS,0.0.731861,0.0.3964804,0.0.4138717@1788876208.968196349
0.0.7809201,0.0007104750950354567,SUCCESS,0.0.731861,0.0.3964804,0.0.4138717@1788876207.933190087
0.0.8002619,2.351899098913099,FAIL,0.0.731861,0.0.3964804,
0.0.7931472,1.498077704587003,SUCCESS,0.0.731861,0.0.3964804,0.0.4138717@1788876208.421510603
0.0.8068660,0.05670034284279391,SUCCESS,0.0.731861,0.0.3964804,0.0.4138717@1788876209.329040992
0.0.1181772,0.4735159887512583,SUCCESS,0.0.731861,0.0.3964804&0.0.6126395,0.0.4138717@1788876212.253408120
0.0.8104363,2358.279014238634,SUCCESS,0.0.731861,0.0.3964804,0.0.4138717@1788876212.699535273
0.0.8115823,0.8890102960901577,SUCCESS,0.0.731861,0.0.3964804,0.0.4138717@1788876211.340478249
0.0.1704489,0.002205137660824914,NOT_ASSOCIATED,0.0.731861,0.0.3964804,
0.0.8146497,12.75556833495672,SUCCESS,0.0.731861,0.0.3964804&0.0.5328590,0.0.4138717@1788876211.591621004
0.0.8152447,5.701731000521716,SUCCESS,0.0.731861,0.0.3964804,0.0.4138717@1788876211.466219076
0.0.8304314,0.576716321214645,SUCCESS,0.0.731861,0.0.3964804,0.0.4138717@1788876214.361161810
0.0.8548028,0.00279065585380782,SUCCESS,0.0.731861,0.0.3964804,0.0.4138717@1788876217.364703323
0.0.8241599,15.32553318305447,SUCCESS,0.0.731861,0.0.3964804,0.0.4138717@1788876216.033063046
0.0.8602366,11.76866601243749,SUCCESS,0.0.731861,0.0.3964804,0.0.4138717@1788876215.708463550
0.0.8640197,5.405505007568583,SUCCESS,0.0.731861,0.0.3964804,0.0.4138717@1788876216.792448729
0.0.8383256,0.004953737201825438,SUCCESS,0.0.731861,0.0.3964804,0.0.4138717@1788876215.313996542
0.0.9034617,0.5974150855929037,SUCCESS,0.0.731861,0.0.3964804,0.0.4138717@1788876216.788262986
0.0.6416166,8.520743728874965,SUCCESS,0.0.731861,0.0.3964804,0.0.4138717@1788876215.506524982
0.0.2967389,5.777426493085583,SUCCESS,0.0.731861,0.0.3964804,0.0.4138717@1788876219.852569598
0.0.6270761,465.0369291946873,SUCCESS,0.0.731861,0.0.3964804,0.0.4138717@1788876221.556814862
0.0.6004536,0.7226061583730222,SUCCESS,0.0.731861,0.0.3964804,0.0.4138717@1788876220.415291633
0.0.7450449,5.048728270147123,NOT_ASSOCIATED,0.0.731861,0.0.3964804,
0.0.6475509,2.160204588744531,SUCCESS,0.0.731861,0.0.3964804,0.0.4138717@1788876219.324458657
0.0.662621,5.404243147454387,SUCCESS,0.0.731861,0.0.3964804,0.0.4138717@1788876221.503748248
0.0.7312670,12.73186491621489,SUCCESS,0.0.731861,0.0.3964804,0.0.4138717@1788876222.176224174
0.0.4314332,53.52008605070586,SUCCESS,0.0.731861,0.0.3964804,0.0.4138717@1788876224.638607975
0.0.1124401,19.9144250490495,SUCCESS,0.0.731861,0.0.3964804,0.0.4138717@1788876223.058709206
0.0.892270,47.67369123920309,SUCCESS,0.0.731861,0.0.3964804,0.0.4138717@1788876225.208026845
0.0.3687848,69.7471295612793,SUCCESS,0.0.731861,0.0.3964804,0.0.4138717@1788876226.298665175
0.0.794930,0.7020444541053615,SUCCESS,0.0.731861,0.0.3964804,0.0.4138717@1788876226.935301830
0.0.7631749,0.01228299222798765,SUCCESS,0.0.731861,0.0.3964804,0.0.4138717@1788876225.066269532
0.0.3872629,6.385446529572786,SUCCESS,0.0.731861,0.0.3964804,0.0.4138717@1788876227.356801193
0.0.1524063,40.25163074339886,SUCCESS,0.0.731861,0.0.3964804,0.0.4138717@1788876224.522997845
0.0.6275653,0.1682279449333253,SUCCESS,0.0.731861,0.0.3964804,0.0.4138717@1788876226.318649797
0.0.4358173,301.2510731337061,SUCCESS,0.0.731861,0.0.3964804&0.0.4601632&0.0.6126395,0.0.4138717@1788876225.822180443
0.0.3967246,5.067489960520067,SUCCESS,0.0.731861,0.0.3964804,0.0.4138717@1788876226.074702869
0.0.4965217,1.55621938629908,SUCCESS,0.0.731861,0.0.3964804,0.0.4138717@1788876226.030292340
0.0.4766862,8.839905988004048,SUCCESS,0.0.731861,0.0.3964804,0.0.4138717@1788876228.364398542
0.0.805713,76.18180472194865,SUCCESS,0.0.731861,0.0.3964804,0.0.4138717@1788876227.804826951
0.0.5068116,0.5061329723015192,NOT_ASSOCIATED,0.0.731861,0.0.3964804,
0.0.753351,3.696292607130198,SUCCESS,0.0.731861,0.0.3964804,0.0.4138717@1788876231.067500371
0.0.6139137,9.25485339415238,SUCCESS,0.0.731861,0.0.3964804,0.0.4138717@1788876229.988150210
0.0.6154587,51.77884504921211,SUCCESS,0.0.731861,0.0.3964804,0.0.4138717@1788876230.969222345
0.0.7290965,5.981532063474885,SUCCESS,0.0.731861,0.0.3964804,0.0.4138717@1788876230.793945051
0.0.5957030,16.20555944193519,NOT_ASSOCIATED,0.0.731861,0.0.3964804,
0.0.433061,11.84799554160985,SUCCESS,0.0.731861,0.0.3964804&0.0.3964860&0.0.5328590,0.0.4138717@1788876231.136607166
0.0.1463629,0.4979875633487979,SUCCESS,0.0.731861,0.0.3964804,0.0.4138717@1788876232.108915572
0.0.6852334,10.41514026776835,SUCCESS,0.0.731861,0.0.3964804,0.0.4138717@1788876233.828485866
0.0.6828202,307.6745790318972,SUCCESS,0.0.731861,0.0.3964804&0.0.4601632,0.0.4138717@1788876236.620561866
0.0.3048811,3323.805612744041,SUCCESS,0.0.731861,0.0.3964804&0.0.4601632&0.0.5328590&0.0.6071041,0.0.4138717@1788876233.012765577
0.0.7937765,11.44941596387685,NOT_ASSOCIATED,0.0.731861,0.0.3964804,
0.0.791414,4.369478811929616,SUCCESS,0.0.731861,0.0.3964804,0.0.4138717@1788876237.906599796
0.0.1746011,20.92912544674585,SUCCESS,0.0.731861,0.0.3964804,0.0.4138717@1788876236.612561939
0.0.4883729,4.280933374543687,SUCCESS,0.0.731861,0.0.3964804,0.0.4138717@1788876239.041577922
0.0.4312267,69.4640780194732,SUCCESS,0.0.731861,0.0.3964804,0.0.4138717@1788876236.157275278
0.0.2150506,0.3091350921734787,SUCCESS,0.0.731861,0.0.3964804,0.0.4138717@1788876239.330360963
0.0.3240624,0.02326461577614963,SUCCESS,0.0.731861,0.0.3964804,0.0.4138717@1788876241.695671650
0.0.4765612,204.5815902874307,SUCCESS,0.0.731861,0.0.3964804&0.0.5328590,0.0.4138717@1788876240.582781290
0.0.7798912,28.3952672027272,SUCCESS,0.0.731861,0.0.3964804,0.0.4138717@1788876241.467721285
0.0.6343911,12.50908202777104,SUCCESS,0.0.731861,0.0.3964804,0.0.4138717@1788876239.705346451
0.0.7703838,0.1086821311621699,SUCCESS,0.0.731861,0.0.3964804,0.0.4138717@1788876244.222270463
0.0.7961490,2.084111682483643,NOT_ASSOCIATED,0.0.731861,0.0.3964804,
0.0.3384906,53.96579579079122,SUCCESS,0.0.731861,0.0.3964804,0.0.4138717@1788876244.924666311
0.0.7965412,0.03847008696240039,NOT_ASSOCIATED,0.0.731861,0.0.3964804,
0.0.710849,0.2120444260476802,SUCCESS,0.0.731861,0.0.3964804,0.0.4138717@1788876242.039557793
0.0.5112630,3.012602749501983,SUCCESS,0.0.731861,0.0.3964804,0.0.4138717@1788876242.048237606
0.0.4861986,1.681793484306902,SUCCESS,0.0.731861,0.0.3964804,0.0.4138717@1788876244.115542789
0.0.7916029,165.5750478434236,SUCCESS,0.0.731861,0.0.3964804,0.0.4138717@1788876243.613345968
0.0.838388,855.2511871111769,SUCCESS,0.0.731861,0.0.3964804,0.0.4138717@1788876246.643000314
0.0.3916542,0.3918405474082083,SUCCESS,0.0.731861,0.0.3964804,0.0.4138717@1788876244.790893939
0.0.7662545,0.05621121497556691,NOT_ASSOCIATED,0.0.731861,0.0.3964804,
0.0.4887338,7.69372560831908,SUCCESS,0.0.731861,0.0.3964804,0.0.4138717@1788876245.739428233
0.0.496172,13.77980907675909,SUCCESS,0.0.731861,0.0.3964804,0.0.4138717@1788876246.196952550
0.0.838791,12.47333778365673,SUCCESS,0.0.731861,0.0.3964804,0.0.4138717@1788876248.822570887
0.0.7710235,1.591985326747281,SUCCESS,0.0.731861,0.0.3964804,0.0.4138717@1788876247.469286096
0.0.4431727,1.79765422652071,SUCCESS,0.0.731861,0.0.3964804&0.0.3964827,0.0.4138717@1788876247.537253815
0.0.1359581,243.8055262044058,SUCCESS,0.0.731861,0.0.3964804&0.0.3964827,0.0.4138717@1788876249.781674866
0.0.1486421,19.90135536284259,SUCCESS,0.0.731861,0.0.3964804,0.0.4138717@1788876250.172470561
0.0.4566469,8.88434608273895,SUCCESS,0.0.731861,0.0.3964804,0.0.4138717@1788876248.185300428
0.0.887612,22.47278803276357,SUCCESS,0.0.731861,0.0.3964804,0.0.4138717@1788876249.381683125
0.0.811739,235.5896191598588,SUCCESS,0.0.731861,0.0.3964804&0.0.5328590,0.0.4138717@1788876249.568640173
0.0.1463093,11.43731041540525,SUCCESS,0.0.731861,0.0.3964804,0.0.4138717@1788876248.780700740
0.0.4504544,106.5671963620922,SUCCESS,0.0.731861,0.0.3964804,0.0.4138717@1788876252.385952551
0.0.2004450,0.5983217708727124,SUCCESS,0.0.731861,0.0.3964804,0.0.4138717@1788876254.947301463
0.0.1337171,542.5111924916442,SUCCESS,0.0.731861,0.0.3964804&0.0.3964827&0.0.3964860&0.0.4601632&0.0.6071911,0.0.4138717@1788876252.032911722
0.0.862835,294.1766800882255,SUCCESS,0.0.731861,0.0.3964804&0.0.3964827&0.0.6071911,0.0.4138717@1788876253.614192739
0.0.3291464,0.2504195950390291,SUCCESS,0.0.731861,0.0.3964804,0.0.4138717@1788876251.135079786
0.0.4184148,5.013274773886145,SUCCESS,0.0.731861,0.0.3964804,0.0.4138717@1788876253.586670123
0.0.833050,0.6268499884102297,SUCCESS,0.0.731861,0.0.3964804,0.0.4138717@1788876255.610030177
0.0.3872024,31.33250526953334,SUCCESS,0.0.731861,0.0.3964804,0.0.4138717@1788876256.936188303
0.0.1121794,2.831917980515919,SUCCESS,0.0.731861,0.0.3964804,0.0.4138717@1788876256.799102207
0.0.1350500,26.91542249569246,SUCCESS,0.0.731861,0.0.3964804&0.0.6071119&0.0.6078473,0.0.4138717@1788876256.996771958
0.0.3945405,0.00731741063664174,SUCCESS,0.0.731861,0.0.3964804,0.0.4138717@1788876256.646414477
0.0.1048940,34.57390231972558,SUCCESS,0.0.731861,0.0.3964804&0.0.5328590,0.0.4138717@1788876257.309147543
0.0.3768895,0.02187733894397331,SUCCESS,0.0.731861,0.0.3964804,0.0.4138717@1788876258.122443903
0.0.4337103,0.02589869005665299,SUCCESS,0.0.731861,0.0.3964804,0.0.4138717@1788876257.942594243
0.0.1088670,7.628075707166577,SUCCESS,0.0.731861,0.0.3964804,0.0.4138717@1788876257.774097793
0.0.4345654,898.8456541396969,SUCCESS,0.0.731861,0.0.3964804,0.0.4138717@1788876258.207067086
0.0.4345412,0.5743541767710142,SUCCESS,0.0.731861,0.0.3964804,0.0.4138717@1788876259.826958519
0.0.4346529,32.26745090695271,SUCCESS,0.0.731861,0.0.3964804,0.0.4138717@1788876262.223208121
0.0.1092596,8.489923272989286,SUCCESS,0.0.731861,0.0.3964804&0.0.3964860&0.0.4601632,0.0.4138717@1788876262.824820029
0.0.1512214,0.4039129556196777,SUCCESS,0.0.731861,0.0.3964804&0.0.4601632,0.0.4138717@1788876262.166915829
0.0.1198079,731.2808683466293,SUCCESS,0.0.731861,0.0.3964804,0.0.4138717@1788876265.074062385
0.0.965222,93.02864602801206,SUCCESS,0.0.731861,0.0.3964804,0.0.4138717@1788876263.513499715
0.0.481717,2.737975694432087,SUCCESS,0.0.731861,0.0.3964804,0.0.4138717@1788876262.191532945
0.0.1088074,484.9571791454454,SUCCESS,0.0.731861,0.0.3964804&0.0.3964860&0.0.4601632,0.0.4138717@1788876266.056561773
0.0.837554,1963.141082679195,SUCCESS,0.0.731861,0.0.3964804&0.0.3964860&0.0.4601632,0.0.4138717@1788876267.790822137
0.0.1432019,40.7897954194451,SUCCESS,0.0.731861,0.0.3964804,0.0.4138717@1788876266.952553893
0.0.3023498,6.235558080077686,SUCCESS,0.0.731861,0.0.3964804,0.0.4138717@1788876267.145405083
0.0.1088394,754.2189363577427,SUCCESS,0.0.731861,0.0.3964804&0.0.3964860&0.0.5328590&0.0.6078473,0.0.4138717@1788876265.434762270
0.0.1448131,3.119334749698154,SUCCESS,0.0.731861,0.0.3964804,0.0.4138717@1788876268.622103638
0.0.859149,117.417222273665,SUCCESS,0.0.731861,0.0.3964804,0.0.4138717@1788876269.114878998
0.0.859565,18.929521600911,SUCCESS,0.0.731861,0.0.3964804,0.0.4138717@1788876270.001768754
0.0.664593,82.10220236096002,SUCCESS,0.0.731861,0.0.3964804,0.0.4138717@1788876269.662884985
0.0.835670,18.72883708807973,SUCCESS,0.0.731861,0.0.3964804&0.0.4601632,0.0.4138717@1788876269.694921445
0.0.1268672,46.86671778448563,SUCCESS,0.0.731861,0.0.3964804,0.0.4138717@1788876270.270755862
0.0.1877641,13.99473494451571,SUCCESS,0.0.731861,0.0.3964804,0.0.4138717@1788876271.025398619
0.0.1097802,27.13220755082969,SUCCESS,0.0.731861,0.0.3964804,0.0.4138717@1788876270.529127147
0.0.4533464,1.874886412257327,SUCCESS,0.0.731861,0.0.3964804,0.0.4138717@1788876272.012101412
0.0.1402758,12.19560966064051,SUCCESS,0.0.731861,0.0.3964804,0.0.4138717@1788876274.539067313
0.0.728698,14.40832399892645,SUCCESS,0.0.731861,0.0.3964804&0.0.4601632,0.0.4138717@1788876273.550050619
0.0.4327294,0.2359192932435985,SUCCESS,0.0.731861,0.0.3964804,0.0.4138717@1788876276.989026961
0.0.838198,18.16561558387453,SUCCESS,0.0.731861,0.0.3964804&0.0.3964855&0.0.4601632,0.0.4138717@1788876275.984677323
0.0.5315914,24.26026283688136,SUCCESS,0.0.731861,0.0.3964804,0.0.4138717@1788876277.379728109
0.0.5421455,0.0600184298942943,SUCCESS,0.0.731861,0.0.3964804,0.0.4138717@1788876277.811094256
0.0.4093788,25.44779376788704,SUCCESS,0.0.731861,0.0.3964804,0.0.4138717@1788876275.882059926
0.0.5495538,38.54118434459577,SUCCESS,0.0.731861,0.0.3964804&0.0.3964860&0.0.4601632,0.0.4138717@1788876278.550354883
0.0.859649,1.657076645790184,SUCCESS,0.0.731861,0.0.3964804,0.0.4138717@1788876277.603986145
0.0.5147407,5.513774515456944,SUCCESS,0.0.731861,0.0.3964804,0.0.4138717@1788876280.230323062
0.0.3937438,4.247148166484581,SUCCESS,0.0.731861,0.0.3964804,0.0.4138717@1788876282.037639355
0.0.5023507,7.292852841182341,SUCCESS,0.0.731861,0.0.3964804&0.0.4601632,0.0.4138717@1788876281.645075092
0.0.4589167,0.2215430553282807,NOT_ASSOCIATED,0.0.731861,0.0.3964804,
0.0.5698429,0.09485146613127837,SUCCESS,0.0.731861,0.0.3964804,0.0.4138717@1788876281.298082618
0.0.4351736,0.2221145497973239,SUCCESS,0.0.731861,0.0.3964804,0.0.4138717@1788876281.605296977
0.0.4717832,3.144768576150269,SUCCESS,0.0.731861,0.0.3964804,0.0.4138717@1788876280.999577980
0.0.3100704,3386.975786147601,SUCCESS,0.0.731861,0.0.3964804&0.0.3964860&0.0.4601632&0.0.5328590,0.0.4138717@1788876283.441932270
0.0.4341116,15.90076122437971,SUCCESS,0.0.731861,0.0.3964804,0.0.4138717@1788876285.859891742
0.0.4350498,0.00757532707290776,SUCCESS,0.0.731861,0.0.3964804,0.0.4138717@1788876285.567888217
0.0.1728462,1.796195747438584,SUCCESS,0.0.731861,0.0.3964804,0.0.4138717@1788876283.959265643
0.0.4360122,2.269471811416638,SUCCESS,0.0.731861,0.0.3964804,0.0.4138717@1788876285.842238093
0.0.4368518,0.9003484639354735,SUCCESS,0.0.731861,0.0.3964804,0.0.4138717@1788876285.622837007
0.0.4333378,0.09499785685057219,SUCCESS,0.0.731861,0.0.3964804,0.0.4138717@1788876286.382058289
0.0.4356553,0.3250397107731606,SUCCESS,0.0.731861,0.0.3964804,0.0.4138717@1788876287.679936901
0.0.4535053,40.94360984131337,SUCCESS,0.0.731861,0.0.3964804,0.0.4138717@1788876289.435903683
0.0.4543305,593.7538542303269,SUCCESS,0.0.731861,0.0.3964804,0.0.4138717@1788876289.472892495
0.0.4785387,73.51195160653833,SUCCESS,0.0.731861,0.0.3964804&0.0.4601632,0.0.4138717@1788876290.824034160
0.0.1860252,2.198240155379608,SUCCESS,0.0.731861,0.0.3964804,0.0.4138717@1788876288.405563798
0.0.2101943,0.01642245328397081,SUCCESS,0.0.731861,0.0.3964804,0.0.4138717@1788876290.089006443
0.0.1357334,1.764824527388293,SUCCESS,0.0.731861,0.0.3964804,0.0.4138717@1788876289.350861924
0.0.3165925,0.7682059569565194,SUCCESS,0.0.731861,0.0.3964804,0.0.4138717@1788876288.472277557
0.0.1353334,0.6943693680767332,SUCCESS,0.0.731861,0.0.3964804,0.0.4138717@1788876291.657460898
0.0.3907868,0.05383034990337746,SUCCESS,0.0.731861,0.0.3964804,0.0.4138717@1788876290.849164003
0.0.6460255,47.03925048706536,NOT_ASSOCIATED,0.0.731861,0.0.3964804,
0.0.10068662,0.5441257382860479,SUCCESS,0.0.731861,0.0.3964804,0.0.4138717@1788876293.294509897
0.0.4911466,0.09646553756955208,SUCCESS,0.0.731861,0.0.3964804,0.0.4138717@1788876294.623112641
0.0.9690555,2.909663468315266,SUCCESS,0.0.731861,0.0.3964804,0.0.4138717@1788876292.635821501
0.0.1711144,1.658459073437484,NOT_ASSOCIATED,0.0.731861,0.0.3964804,
0.0.1043461,552.2177946066356,SUCCESS,0.0.731861,0.0.3964804,0.0.4138717@1788876292.865316226
0.0.1486871,300.3302720060001,SUCCESS,0.0.731861,0.0.3964804,0.0.4138717@1788876296.836375995
0.0.7164995,122.4706092678022,SUCCESS,0.0.731861,0.0.3964804,0.0.4138717@1788876295.890918154
0.0.10056907,19.86389213821031,SUCCESS,0.0.731861,0.0.3964804,0.0.4138717@1788876297.533835675
0.0.2030460,134.4734216548193,SUCCESS,0.0.731861,0.0.3964804&0.0.6078473,0.0.4138717@1788876298.232216900
0.0.10242536,17.50351730088205,NOT_ASSOCIATED,0.0.731861,0.0.3964804,
0.0.10261941,11.73491355891483,SUCCESS,0.0.731861,0.0.3964804,0.0.4138717@1788876294.505142157
0.0.10279551,2.549413826433393,SUCCESS,0.0.731861,0.0.3964804,0.0.4138717@1788876296.011513423
0.0.9796301,7.367976469509448,NOT_ASSOCIATED,0.0.731861,0.0.3964804,
0.0.4853191,0.07477048097465273,SUCCESS,0.0.731861,0.0.3964804,0.0.4138717@1788876298.289863894
0.0.10427913,1.763839999183793,NOT_ASSOCIATED,0.0.731861,0.0.3964804,
0.0.1517175,9.496958943001584,SUCCESS,0.0.731861,0.0.3964804,0.0.4138717@1788876297.215687721
0.0.966444,21.58548191747218,SUCCESS,0.0.731861,0.0.3964804,0.0.4138717@1788876299.801645465
0.0.9178066,44.02108928169335,SUCCESS,0.0.731861,0.0.3964804,0.0.4138717@1788876301.678554221
0.0.9404882,3.533210794425389,SUCCESS,0.0.731861,0.0.3964804,0.0.4138717@1788876302.006551450
0.0.915984,118.0138559853234,SUCCESS,0.0.731861,0.0.3964804,0.0.4138717@1788876298.564863249
0.0.1736150,6.459162494532877,SUCCESS,0.0.731861,0.0.3964804,0.0.4138717@1788876302.874070763
0.0.9477910,42.67599091894535,SUCCESS,0.0.731861,0.0.3964804&0.0.10414792,0.0.4138717@1788876301.358284947
0.0.2657839,22.12826799938452,SUCCESS,0.0.731861,0.0.3964804,0.0.4138717@1788876301.950292052
0.0.9226909,2.071952256881848,SUCCESS,0.0.731861,0.0.3964804,0.0.4138717@1788876304.604210861
0.0.1461428,16.92891793069877,FAIL,0.0.731861,0.0.3964804,
0.0.946029,5.5568741451552,NOT_ASSOCIATED,0.0.731861,0.0.3964804,
0.0.6258977,34.9186827221467,SUCCESS,0.0.731861,0.0.3964804&0.0.5328590,0.0.4138717@1788876306.054420523
0.0.9612822,1.688976656915393,NOT_ASSOCIATED,0.0.731861,0.0.3964804,
0.0.834767,13.43546369115947,SUCCESS,0.0.731861,0.0.3964804,0.0.4138717@1788876303.489406475
0.0.9695749,34.38939020935197,NOT_ASSOCIATED,0.0.731861,0.0.3964804,
0.0.5482082,7.12574795814647,SUCCESS,0.0.731861,0.0.3964804,0.0.4138717@1788876306.891404299
0.0.7550127,2.120457626486046,SUCCESS,0.0.731861,0.0.3964804,0.0.4138717@1788876305.099115304
0.0.9317309,0.1441255313332959,SUCCESS,0.0.731861,0.0.3964804&0.0.9774523,0.0.4138717@1788876308.362958593
0.0.1046906,0.1239162879333167,SUCCESS,0.0.731861,0.0.3964804,0.0.4138717@1788876307.531479625
0.0.5432163,0.2173655929225323,NOT_ASSOCIATED,0.0.731861,0.0.3964804,
0.0.4345176,0.487862343381213,SUCCESS,0.0.731861,0.0.3964804,0.0.4138717@1788876308.357003764
0.0.4433604,0.3964914767445198,SUCCESS,0.0.731861,0.0.3964804&0.0.4601632,0.0.4138717@1788876307.906288753
0.0.2302824,0.01209102200992715,SUCCESS,0.0.731861,0.0.3964804,0.0.4138717@1788876308.590528944
0.0.435679,2932.384035774913,SUCCESS,0.0.731861,0.0.3964804&0.0.5328590,0.0.4138717@1788876311.666663052
0.0.5314183,1.902935241588536,SUCCESS,0.0.731861,0.0.3964804,0.0.4138717@1788876312.179495791
0.0.840487,15.75739629652022,SUCCESS,0.0.731861,0.0.3964804,0.0.4138717@1788876308.559269817
0.0.789990,0.3575387354920857,SUCCESS,0.0.731861,0.0.3964804,0.0.4138717@1788876313.094801637
0.0.4362017,8.048270172447845,SUCCESS,0.0.731861,0.0.3964804,0.0.4138717@1788876311.135999095
0.0.4923529,0.00894382169321136,NOT_ASSOCIATED,0.0.731861,0.0.3964804,
0.0.4741573,4.553435919582983,SUCCESS,0.0.731861,0.0.3964804,0.0.4138717@1788876313.630589977
0.0.1747288,19.74133585798965,SUCCESS,0.0.731861,0.0.3964804,0.0.4138717@1788876314.032520476
0.0.4640278,0.4687448174799026,SUCCESS,0.0.731861,0.0.3964804,0.0.4138717@1788876312.801694282
0.0.4758052,0.863483278303941,SUCCESS,0.0.731861,0.0.3964804,0.0.4138717@1788876315.551910403
0.0.3295745,60.57854083455314,SUCCESS,0.0.731861,0.0.3964804,0.0.4138717@1788876314.557186181
0.0.5060252,8.538826521876702,SUCCESS,0.0.731861,0.0.3964804&0.0.3964860,0.0.4138717@1788876315.606732425
0.0.4322023,3.648152985358055,SUCCESS,0.0.731861,0.0.3964804&0.0.3964855&0.0.4601632,0.0.4138717@1788876317.614058713
0.0.1388678,24.6297547432679,SUCCESS,0.0.731861,0.0.3964804,0.0.4138717@1788876316.835129168
0.0.836096,2.64126132135455,SUCCESS,0.0.731861,0.0.3964804,0.0.4138717@1788876317.548725557
0.0.3051653,2.044126939493677,SUCCESS,0.0.731861,0.0.3964804,0.0.4138717@1788876320.045965818
0.0.1505544,0.03749234272673441,SUCCESS,0.0.731861,0.0.3964804,0.0.4138717@1788876320.287886278
0.0.876236,0.7500188561945204,SUCCESS,0.0.731861,0.0.3964804,0.0.4138717@1788876317.708812035
0.0.4644030,0.1270273568745023,SUCCESS,0.0.731861,0.0.3964804,0.0.4138717@1788876318.733545579
0.0.2005484,0.104747045508789,SUCCESS,0.0.731861,0.0.3964804,0.0.4138717@1788876321.760274979
0.0.4144365,9.676306987321274,SUCCESS,0.0.731861,0.0.3964804,0.0.4138717@1788876323.952222632
0.0.837799,6.565464979754785,SUCCESS,0.0.731861,0.0.3964804,0.0.4138717@1788876321.634956728
0.0.7732676,1183.554184443934,SUCCESS,0.0.731861,0.0.3964804,0.0.4138717@1788876323.593221498
0.0.4340392,0.2718528646680853,SUCCESS,0.0.731861,0.0.3964804,0.0.4138717@1788876323.486648357
0.0.4782567,13.47588320322728,SUCCESS,0.0.731861,0.0.3964804,0.0.4138717@1788876325.569769280
0.0.4323897,0.07472502260218736,SUCCESS,0.0.731861,0.0.3964804,0.0.4138717@1788876328.147804761
0.0.834666,37.57501762760351,SUCCESS,0.0.731861,0.0.3964804,0.0.4138717@1788876327.374718094
0.0.5029689,19.35099493888821,SUCCESS,0.0.731861,0.0.3964804,0.0.4138717@1788876327.397072898
0.0.4329551,58.82621543141341,SUCCESS,0.0.731861,0.0.3964804&0.0.3964827&0.0.3964855,0.0.4138717@1788876326.740488783
0.0.1415516,45.15885107353959,SUCCESS,0.0.731861,0.0.3964804,0.0.4138717@1788876328.150806135
0.0.6148704,0.876194715367676,NOT_ASSOCIATED,0.0.731861,0.0.3964804,
0.0.8227507,5.661221162045835,SUCCESS,0.0.731861,0.0.3964804,0.0.4138717@1788876330.408858903
0.0.3241611,4.744901433435643,SUCCESS,0.0.731861,0.0.3964804,0.0.4138717@1788876331.412379196
0.0.7938061,0.6443675225076634,SUCCESS,0.0.731861,0.0.3964804,0.0.4138717@1788876334.497574742
0.0.8002341,2.892101111580955,SUCCESS,0.0.731861,0.0.3964804,0.0.4138717@1788876330.642929740
0.0.7166497,0.7893924821995089,SUCCESS,0.0.731861,0.0.3964804,0.0.4138717@1788876334.297160506
0.0.8209705,1.364286932845487,SUCCESS,0.0.731861,0.0.3964804,0.0.4138717@1788876332.445478498
0.0.1369825,1186.579142555767,SUCCESS,0.0.731861,0.0.3964804&0.0.3964827&0.0.4601632&0.0.6071041&0.0.6126395,0.0.4138717@1788876336.271341315
0.0.1404010,0.01848492360560634,NOT_ASSOCIATED,0.0.731861,0.0.3964804,
0.0.1261132,4.070546353432569,SUCCESS,0.0.731861,0.0.3964804,0.0.4138717@1788876336.484269228
0.0.7816479,184.8851721979429,SUCCESS,0.0.731861,0.0.3964804&0.0.8315114,0.0.4138717@1788876335.943760078
0.0.1754370,0.4661287330662827,SUCCESS,0.0.731861,0.0.3964804,0.0.4138717@1788876338.881341952
0.0.7285744,0.2475887270157902,SUCCESS,0.0.731861,0.0.3964804,0.0.4138717@1788876334.880635624
0.0.4743054,0.7303251935144199,SUCCESS,0.0.731861,0.0.3964804&0.0.8315114,0.0.4138717@1788876336.209993166
0.0.7920282,0.06189752243749274,SUCCESS,0.0.731861,0.0.3964804,0.0.4138717@1788876337.146077207
0.0.658160,2.26371412264329,SUCCESS,0.0.731861,0.0.3964804&0.0.8315114,0.0.4138717@1788876338.648914247
0.0.8244642,2474.366817660952,SUCCESS,0.0.731861,0.0.3964804,0.0.4138717@1788876338.106308233
0.0.8120693,14.76727596381227,SUCCESS,0.0.731861,0.0.3964804,0.0.4138717@1788876336.790540629
0.0.4319619,1.161374392704263,SUCCESS,0.0.731861,0.0.3964804,0.0.4138717@1788876341.176289460
0.0.4388693,1.816417085592088,SUCCESS,0.0.731861,0.0.3964804&0.0.4601632,0.0.4138717@1788876343.480207953
0.0.9303899,12.76339719990144,SUCCESS,0.0.731861,0.0.3964804,0.0.4138717@1788876341.215815740
0.0.2891280,8.863676970520594,NOT_ASSOCIATED,0.0.731861,0.0.3964804,
0.0.4804985,2.049456804996724,SUCCESS,0.0.731861,0.0.3964804,0.0.4138717@1788876341.382546303
0.0.1673276,497.9609819025862,SUCCESS,0.0.731861,0.0.3964804&0.0.5328590,0.0.4138717@1788876339.566946709
0.0.7583284,2.609401540121189,SUCCESS,0.0.731861,0.0.3964804,0.0.4138717@1788876343.407032312
0.0.6313326,95.46695766453968,SUCCESS,0.0.731861,0.0.3964804,0.0.4138717@1788876340.269147618
0.0.8076778,0.01962611142915174,SUCCESS,0.0.731861,0.0.3964804,0.0.4138717@1788876341.290410939
0.0.2964523,304.4038011091314,SUCCESS,0.0.731861,0.0.3964804&0.0.3964860,0.0.4138717@1788876345.341036367
0.0.8083173,5.747792413737399,SUCCESS,0.0.731861,0.0.3964804,0.0.4138717@1788876344.161179215
0.0.2017766,15.39646052501752,SUCCESS,0.0.731861,0.0.3964804,0.0.4138717@1788876342.915066845
0.0.4315395,1.087858587058578,SUCCESS,0.0.731861,0.0.3964804,0.0.4138717@1788876344.187351588
0.0.8131537,3.784216148804908,SUCCESS,0.0.731861,0.0.3964804,0.0.4138717@1788876347.374265538
0.0.1467538,2.363289526261949,SUCCESS,0.0.731861,0.0.3964804,0.0.4138717@1788876345.781158910
0.0.3847179,7.006519913578754,SUCCESS,0.0.731861,0.0.3964804,0.0.4138717@1788876344.187560014
0.0.981571,0.80526443430352,SUCCESS,0.0.731861,0.0.3964804,0.0.4138717@1788876345.694350638
0.0.7732467,13.02956832848659,SUCCESS,0.0.731861,0.0.3964804&0.0.3964827,0.0.4138717@1788876348.358062736
0.0.7924085,0.217855441766015,SUCCESS,0.0.731861,0.0.3964804,0.0.4138717@1788876349.987747845
0.0.844131,3.531131679928637,SUCCESS,0.0.731861,0.0.3964804,0.0.4138717@1788876348.075934915
0.0.6294131,0.000288130426934875,SUCCESS,0.0.731861,0.0.3964804,0.0.4138717@1788876352.067727755
0.0.7965335,21.84124863225438,NOT_ASSOCIATED,0.0.731861,0.0.3964804,
0.0.4795853,0.5422921201612244,SUCCESS,0.0.731861,0.0.3964804,0.0.4138717@1788876348.357406706
0.0.187153,50.66490850304385,SUCCESS,0.0.731861,0.0.3964804,0.0.4138717@1788876349.037938219
0.0.9201440,0.4516297017553428,SUCCESS,0.0.731861,0.0.3964804,0.0.4138717@1788876350.173166809
0.0.4310363,102.7727185203317,SUCCESS,0.0.731861,0.0.3964804&0.0.3964860,0.0.4138717@1788876352.764235895
0.0.9168967,9.341092683143122,SUCCESS,0.0.731861,0.0.3964804&0.0.3964827&0.0.5328590,0.0.4138717@1788876355.219024771
0.0.6094118,0.221923974138269,SUCCESS,0.0.731861,0.0.3964804,0.0.4138717@1788876355.437884754
0.0.9144684,0.9162836157076523,SUCCESS,0.0.731861,0.0.3964804,0.0.4138717@1788876353.213828991
0.0.7993090,46.90365434566299,SUCCESS,0.0.731861,0.0.3964804,0.0.4138717@1788876354.854483611
0.0.8733798,264.7924068762859,SUCCESS,0.0.731861,0.0.3964804,0.0.4138717@1788876354.828313258
0.0.9150672,0.3291348349160484,SUCCESS,0.0.731861,0.0.3964804,0.0.4138717@1788876355.603950780
0.0.2149252,0.0003558760801529122,SUCCESS,0.0.731861,0.0.3964804,0.0.4138717@1788876357.446633711
0.0.9273859,0.7374863360359569,SUCCESS,0.0.731861,0.0.3964804,0.0.4138717@1788876357.217939608
0.0.9272301,6.437192770469007,NOT_ASSOCIATED,0.0.731861,0.0.3964804,
0.0.853379,165.3523998544545,SUCCESS,0.0.731861,0.0.3964804,0.0.4138717@1788876354.989038558
0.0.3681629,63.70161042403584,SUCCESS,0.0.731861,0.0.3964804,0.0.4138717@1788876355.448507250
0.0.6295630,0.5764492810457948,NOT_ASSOCIATED,0.0.731861,0.0.3964804,
0.0.4838474,68.8123282263407,SUCCESS,0.0.731861,0.0.3964804&0.0.5328590,0.0.4138717@1788876359.505165510
0.0.9149385,0.9166732412906226,SUCCESS,0.0.731861,0.0.3964804,0.0.4138717@1788876359.181240367
0.0.7550116,0.8820042685552867,NOT_ASSOCIATED,0.0.731861,0.0.3964804,
0.0.8382708,0.04956541977693548,SUCCESS,0.0.731861,0.0.3964804,0.0.4138717@1788876359.157192712
0.0.7920736,13.30740669545727,SUCCESS,0.0.731861,0.0.3964804,0.0.4138717@1788876360.080085957
0.0.919311,1297.395774596952,NOT_ASSOCIATED,0.0.731861,0.0.3964804,
0.0.840324,13.02666296588924,SUCCESS,0.0.731861,0.0.3964804,0.0.4138717@1788876362.177768719
0.0.8551680,1248.727049539245,SUCCESS,0.0.731861,0.0.3964804&0.0.5328590,0.0.4138717@1788876362.003329111
0.0.5719491,0.6043333909061319,SUCCESS,0.0.731861,0.0.3964804,0.0.4138717@1788876361.816832550
0.0.6045318,4.235659798333983,SUCCESS,0.0.731861,0.0.3964804,0.0.4138717@1788876363.646464714
0.0.2185671,1.00931203003624,SUCCESS,0.0.731861,0.0.3964804,0.0.4138717@1788876364.520128139
0.0.1056579,57.71096624095668,SUCCESS,0.0.731861,0.0.3964804,0.0.4138717@1788876363.749236542
0.0.8717466,0.0195488483152658,SUCCESS,0.0.731861,0.0.3964804,0.0.4138717@1788876360.913572997
0.0.4724806,240.2817463277578,SUCCESS,0.0.731861,0.0.3964804&0.0.5328590,0.0.4138717@1788876361.718520540
0.0.3288501,0.4528983230671651,SUCCESS,0.0.731861,0.0.3964804,0.0.4138717@1788876366.607965285
0.0.8903303,4.413600388059421,FAIL,0.0.731861,0.0.3964804,
0.0.8514597,51.04121177110529,SUCCESS,0.0.731861,0.0.3964804,0.0.4138717@1788876368.553318778
0.0.9104016,101.0192112771922,SUCCESS,0.0.731861,0.0.3964804&0.0.3964860&0.0.5328590,0.0.4138717@1788876365.448952927
0.0.5580759,0.3453970397890146,SUCCESS,0.0.731861,0.0.3964804,0.0.4138717@1788876369.240444948
0.0.7965416,0.1589662726540332,NOT_ASSOCIATED,0.0.731861,0.0.3964827,
0.0.4410999,5.787759193603154,SUCCESS,0.0.731861,0.0.3964827,0.0.4138717@1788876366.723661784
0.0.6630516,14.52420858727253,SUCCESS,0.0.731861,0.0.3964827,0.0.4138717@1788876370.100559678
0.0.5239780,313.467676985159,SUCCESS,0.0.731861,0.0.3964827,0.0.4138717@1788876371.238174349
0.0.1400872,122.5267529693289,SUCCESS,0.0.731861,0.0.3964827&0.0.4129330&0.0.5328590&0.0.6071911,0.0.4138717@1788876371.761515839
0.0.857760,1.595411576818266,SUCCESS,0.0.731861,0.0.3964827,0.0.4138717@1788876370.594391816
0.0.1061257,300.2607455446937,SUCCESS,0.0.731861,0.0.3964827&0.0.4601632&0.0.5328590,0.0.4138717@1788876368.635688569
0.0.1087560,65.3558875099064,SUCCESS,0.0.731861,0.0.3964827&0.0.3964855,0.0.4138717@1788876373.518628228
0.0.5447658,0.6447545711197985,SUCCESS,0.0.731861,0.0.3964827,0.0.4138717@1788876372.285051314
0.0.4344919,10.05639970124116,SUCCESS,0.0.731861,0.0.3964827,0.0.4138717@1788876373.542599013
0.0.4348609,218.3198030125304,SUCCESS,0.0.731861,0.0.3964827&0.0.5328590,0.0.4138717@1788876376.782509854
0.0.4364640,17.70408717668427,SUCCESS,0.0.731861,0.0.3964827,0.0.4138717@1788876377.517037126
0.0.3443413,21.31697122176482,SUCCESS,0.0.731861,0.0.3964827&0.0.4601632,0.0.4138717@1788876375.149632204
0.0.4793606,61.26378472133881,SUCCESS,0.0.731861,0.0.3964827&0.0.5328590,0.0.4138717@1788876374.810568741
0.0.1065704,104.3550224740496,SUCCESS,0.0.731861,0.0.3964827,0.0.4138717@1788876377.370334167
0.0.1107354,10.71168056481413,SUCCESS,0.0.731861,0.0.3964827,0.0.4138717@1788876379.641230728
0.0.4733298,8.42414351224775,SUCCESS,0.0.731861,0.0.3964827,0.0.4138717@1788876380.328960972
0.0.1406579,0.6904689623516118,SUCCESS,0.0.731861,0.0.3964827,0.0.4138717@1788876379.162978908
0.0.6004406,6.585774110909554,SUCCESS,0.0.731861,0.0.3964827,0.0.4138717@1788876382.133314667
0.0.6288848,0.08008047751996962,SUCCESS,0.0.731861,0.0.3964827&0.0.6071119,0.0.4138717@1788876379.829627299
0.0.2960128,3139.471674880449,SUCCESS,0.0.731861,0.0.3964827&0.0.5328590&0.0.10498274&0.0.10498278,0.0.4138717@1788876381.834892404
0.0.7947570,0.1512657881674265,SUCCESS,0.0.731861,0.0.3964827,0.0.4138717@1788876379.136696960
0.0.8778454,0.05918599328422448,SUCCESS,0.0.731861,0.0.3964827,0.0.4138717@1788876381.481507439
0.0.1120301,0.228963653360574,SUCCESS,0.0.731861,0.0.3964827&0.0.3964855,0.0.4138717@1788876383.505027457
0.0.8377520,159.2934337449744,SUCCESS,0.0.731861,0.0.3964827,0.0.4138717@1788876385.034135491
0.0.10801093,0.008034701228932854,NOT_ASSOCIATED,0.0.731861,0.0.3964827,
0.0.10801092,0.003948956769181753,NOT_ASSOCIATED,0.0.731861,0.0.3964827,
0.0.4975045,245.4907715969004,SUCCESS,0.0.731861,0.0.3964827,0.0.4138717@1788876386.855315405
0.0.10505731,19065.39469173061,SUCCESS,0.0.731861,0.0.3964827&0.0.10498274,0.0.4138717@1788876387.017321539
0.0.4882076,22.9734384767943,SUCCESS,0.0.731861,0.0.3964827&0.0.3964855&0.0.4129330&0.0.5328590,0.0.4138717@1788876387.048464952
0.0.885667,5.216827199358352,SUCCESS,0.0.731861,0.0.3964827,0.0.4138717@1788876383.227892076
0.0.7776243,3.462014470025828,SUCCESS,0.0.731861,0.0.3964827,0.0.4138717@1788876389.082059859
0.0.7677057,53.9441500800645,SUCCESS,0.0.731861,0.0.3964827,0.0.4138717@1788876385.939876901
0.0.1079751,127.4831193191651,SUCCESS,0.0.731861,0.0.3964827,0.0.4138717@1788876388.363750263
0.0.849606,227.8910961161638,SUCCESS,0.0.731861,0.0.3964827&0.0.6071119,0.0.4138717@1788876389.017548292
0.0.1436265,23.43511723227935,SUCCESS,0.0.731861,0.0.3964827,0.0.4138717@1788876388.231070468
0.0.3169781,0.5579265401568632,SUCCESS,0.0.731861,0.0.3964827,0.0.4138717@1788876390.881784585
0.0.4338112,0.08359704435863466,SUCCESS,0.0.731861,0.0.3964827,0.0.4138717@1788876387.557916598
0.0.1391028,28.6881943445359,SUCCESS,0.0.731861,0.0.3964827,0.0.4138717@1788876388.736009034
0.0.1097257,974.3331459539102,SUCCESS,0.0.731861,0.0.3964827&0.0.4601632&0.0.5328590,0.0.4138717@1788876393.590212816
0.0.834607,35.6697096244389,SUCCESS,0.0.731861,0.0.3964827,0.0.4138717@1788876393.480025403
0.0.839408,104.1220642653135,SUCCESS,0.0.731861,0.0.3964827,0.0.4138717@1788876393.602933203
0.0.835079,501.0516014401043,SUCCESS,0.0.731861,0.0.3964827&0.0.4601632,0.0.4138717@1788876390.965817438
0.0.4737222,5.333299160789674,SUCCESS,0.0.731861,0.0.3964827,0.0.4138717@1788876395.876025088
0.0.1006425,180.8294734499216,SUCCESS,0.0.731861,0.0.3964827,0.0.4138717@1788876395.720912085
0.0.1750137,214.932593859931,SUCCESS,0.0.731861,0.0.3964827,0.0.4138717@1788876396.645015872
0.0.611948,38.70799706836925,SUCCESS,0.0.731861,0.0.3964827,0.0.4138717@1788876394.923421524
0.0.1392115,468.8406529590258,SUCCESS,0.0.731861,0.0.3964827&0.0.4129330,0.0.4138717@1788876396.140084820
0.0.7486751,8.119524104143359,SUCCESS,0.0.731861,0.0.3964827&0.0.4601632,0.0.4138717@1788876397.593623827
0.0.479120,5776.711744551134,SUCCESS,0.0.731861,0.0.3964827&0.0.4129330,0.0.4138717@1788876397.010466935
0.0.7870892,4.752492929373668,SUCCESS,0.0.731861,0.0.3964827,0.0.4138717@1788876397.951890532
0.0.913930,4.403000889249059,SUCCESS,0.0.731861,0.0.3964827,0.0.4138717@1788876396.148058869
0.0.7595440,164.3270476565139,SUCCESS,0.0.731861,0.0.3964827,0.0.4138717@1788876397.653692293
0.0.6109726,103.0178044862585,SUCCESS,0.0.731861,0.0.3964827,0.0.4138717@1788876397.427034133
0.0.5377617,19.74398970875664,SUCCESS,0.0.731861,0.0.3964855,0.0.4138717@1788876400.777864792
0.0.4861302,33.61278745248043,SUCCESS,0.0.731861,0.0.3964855&0.0.4601632,0.0.4138717@1788876402.191361247
0.0.1423973,5.866132393809204e-8,SUCCESS,0.0.731861,0.0.3964855,0.0.4138717@1788876402.015217772
0.0.1054756,6369.169519563547,SUCCESS,0.0.731861,0.0.3964855,0.0.4138717@1788876399.253213301
0.0.1228872,3.437556274730486,SUCCESS,0.0.731861,0.0.3964855,0.0.4138717@1788876401.741313971
0.0.1008009,48.54259788090867,SUCCESS,0.0.731861,0.0.3964855&0.0.4601632&0.0.5328590,0.0.4138717@1788876400.767381695
0.0.8257213,42.80716431134609,SUCCESS,0.0.731861,0.0.3964860,0.0.4138717@1788876400.789609531
0.0.9144335,35.57176650591984,SUCCESS,0.0.731861,0.0.3964860,0.0.4138717@1788876402.745684261
0.0.4614528,248.088922380395,SUCCESS,0.0.731861,0.0.3964860&0.0.5328590,0.0.4138717@1788876404.582430813
0.0.868627,2867.327587840868,SUCCESS,0.0.731861,0.0.3964860,0.0.4138717@1788876404.063931043
0.0.10164768,12654.04983454881,SUCCESS,0.0.731861,0.0.3964860,0.0.4138717@1788876404.600057825
0.0.509141,59.07677872237958,SUCCESS,0.0.731861,0.0.3964860,0.0.4138717@1788876407.344980693
0.0.1509692,1924.264119153728,SUCCESS,0.0.731861,0.0.3964860,0.0.4138717@1788876405.912755244
0.0.5734968,71.25983939121595,SUCCESS,0.0.731861,0.0.3964860,0.0.4138717@1788876404.142277134
0.0.9371874,0.00009221703417208785,SUCCESS,0.0.731861,0.0.3964860,0.0.4138717@1788876405.607227489
0.0.9371968,0.0003991462530940428,SUCCESS,0.0.731861,0.0.3964860,0.0.4138717@1788876406.554298205
0.0.10450989,29.60407520353272,SUCCESS,0.0.731861,0.0.3964860&0.0.6071119,0.0.4138717@1788876407.953374236
0.0.4625345,4.663872822479481,SUCCESS,0.0.731861,0.0.4129330,0.0.4138717@1788876411.828658491
0.0.842464,0.1294757349290301,SUCCESS,0.0.731861,0.0.4129330,0.0.4138717@1788876406.957754874
0.0.10801095,0.001479906135486028,NOT_ASSOCIATED,0.0.731861,0.0.4129330,
0.0.10801094,0.00005159962074975452,NOT_ASSOCIATED,0.0.731861,0.0.4129330,
0.0.4606843,0.02540338260077878,SUCCESS,0.0.731861,0.0.4129330&0.0.4601632,0.0.4138717@1788876411.562274269
0.0.795325,0.2543446654528285,SUCCESS,0.0.731861,0.0.4129330,0.0.4138717@1788876409.973564762
0.0.3293439,3.204474005169331,SUCCESS,0.0.731861,0.0.4129330,0.0.4138717@1788876409.182547746
0.0.856304,0.00895511485005565,SUCCESS,0.0.731861,0.0.4129330,0.0.4138717@1788876411.357898168
0.0.972955,5.96238767163934e-9,SUCCESS,0.0.731861,0.0.4129330,0.0.4138717@1788876412.720383009
0.0.4718583,0.003837492831380146,SUCCESS,0.0.731861,0.0.4129330,0.0.4138717@1788876414.460921142
0.0.4754452,0.1803264454636779,SUCCESS,0.0.731861,0.0.4129330,0.0.4138717@1788876414.249335716
0.0.839840,29.27630498075409,SUCCESS,0.0.731861,0.0.4129330&0.0.4601632&0.0.5328590,0.0.4138717@1788876413.424329870
0.0.2288443,216.8640375255463,SUCCESS,0.0.731861,0.0.4129330&0.0.5328590,0.0.4138717@1788876411.917817185
0.0.8410631,0.582718702949407,SUCCESS,0.0.731861,0.0.4129330&0.0.4601632,0.0.4138717@1788876416.214612901
0.0.2960424,0.1859444727748011,SUCCESS,0.0.731861,0.0.4129330,0.0.4138717@1788876419.235467654
0.0.261557,0.9470467435161105,SUCCESS,0.0.731861,0.0.4129330,0.0.4138717@1788876417.712980716
0.0.1997076,207.9484620982892,SUCCESS,0.0.731861,0.0.4601632,0.0.4138717@1788876420.143576508
0.0.5002435,4.594646404743384,SUCCESS,0.0.731861,0.0.4601632,0.0.4138717@1788876416.272721276
0.0.845966,37.95881430080613,SUCCESS,0.0.731861,0.0.4601632,0.0.4138717@1788876420.773072493
0.0.4358401,2.415952847431425,SUCCESS,0.0.731861,0.0.4601632&0.0.5328590,0.0.4138717@1788876419.101400847
0.0.816727,34.19058953300107,SUCCESS,0.0.731861,0.0.4601632,0.0.4138717@1788876420.830714355
0.0.4403472,1.323397829217249,SUCCESS,0.0.731861,0.0.4601632,0.0.4138717@1788876421.564668551
0.0.853115,0.1464505597956874,SUCCESS,0.0.731861,0.0.4601632,0.0.4138717@1788876420.331760054
0.0.3828466,87.52494388522017,SUCCESS,0.0.731861,0.0.4601632,0.0.4138717@1788876423.892954936
0.0.3288713,0.5907705214915057,SUCCESS,0.0.731861,0.0.4601632,0.0.4138717@1788876423.422013314
0.0.912306,3.397716574598458,SUCCESS,0.0.731861,0.0.4601632,0.0.4138717@1788876424.397832306
0.0.1186570,56.75559618507189,SUCCESS,0.0.731861,0.0.4601632,0.0.4138717@1788876421.109203910
0.0.1060925,8.569293345167882,SUCCESS,0.0.731861,0.0.4601632,0.0.4138717@1788876420.898482884
0.0.731977,1044.869376673799,SUCCESS,0.0.731861,0.0.4601632,0.0.4138717@1788876421.246981088
0.0.7778674,421.6288883164819,SUCCESS,0.0.731861,0.0.4601632&0.0.5328590,0.0.4138717@1788876422.117263410
0.0.5702270,604.4536835134343,SUCCESS,0.0.731861,0.0.4601632&0.0.5328590,0.0.4138717@1788876426.231923564
0.0.837339,16.69270347510308,SUCCESS,0.0.731861,0.0.4601632,0.0.4138717@1788876425.355427191
0.0.6463609,0.5774624971316267,NOT_ASSOCIATED,0.0.731861,0.0.4601632,
0.0.2999419,0.140759841944741,SUCCESS,0.0.731861,0.0.4601632,0.0.4138717@1788876426.875712453
0.0.707819,6.755398337357579,SUCCESS,0.0.731861,0.0.4601632,0.0.4138717@1788876425.192077863
0.0.8847936,30.07888143364812,SUCCESS,0.0.731861,0.0.4601632,0.0.4138717@1788876429.828923883
0.0.10031150,0.6219411191215678,NOT_ASSOCIATED,0.0.731861,0.0.4601632,
0.0.10031144,5.256329880759497,NOT_ASSOCIATED,0.0.731861,0.0.4601632,
0.0.1075845,22.2985593304433,SUCCESS,0.0.731861,0.0.4601632,0.0.4138717@1788876428.475676078
0.0.3870061,503.8758905476437,SUCCESS,0.0.731861,0.0.4601632,0.0.4138717@1788876428.204066276
0.0.7480837,122.2574715843738,SUCCESS,0.0.731861,0.0.4601632,0.0.4138717@1788876426.652291298
0.0.5500943,28.54873940470985,SUCCESS,0.0.731861,0.0.4601632&0.0.6071041,0.0.4138717@1788876427.681873139
0.0.3917694,144.7035605085078,SUCCESS,0.0.731861,0.0.4601632,0.0.4138717@1788876431.707875643
0.0.1337729,25.70439358517009,SUCCESS,0.0.731861,0.0.4601632,0.0.4138717@1788876432.397492716
0.0.4730774,113.9386086635652,SUCCESS,0.0.731861,0.0.4601632,0.0.4138717@1788876433.009922880
0.0.1405765,43.68834772873421,SUCCESS,0.0.731861,0.0.4601632,0.0.4138717@1788876433.523545107
0.0.1460111,0.7857827713638433,SUCCESS,0.0.731861,0.0.4601632,0.0.4138717@1788876434.235323979
0.0.5972520,23.05096466382132,SUCCESS,0.0.731861,0.0.4601632,0.0.4138717@1788876432.249564316
0.0.5255642,0.8946927759544208,SUCCESS,0.0.731861,0.0.4601632,0.0.4138717@1788876434.127378153
0.0.7684662,199.4098885464054,SUCCESS,0.0.731861,0.0.4601632&0.0.5328590,0.0.4138717@1788876431.690111556
0.0.4154591,850.451754488586,SUCCESS,0.0.731861,0.0.4601632&0.0.5328590,0.0.4138717@1788876433.575538044
0.0.1020586,214.3981465653558,SUCCESS,0.0.731861,0.0.4601632&0.0.5328590,0.0.4138717@1788876434.151291784
0.0.877043,44.52135206757104,SUCCESS,0.0.731861,0.0.4601632,0.0.4138717@1788876435.507055027
0.0.1872630,85.91133087051769,SUCCESS,0.0.731861,0.0.4601632,0.0.4138717@1788876438.103091824
0.0.6049415,0.0005353279757184517,SUCCESS,0.0.731861,0.0.4601632,0.0.4138717@1788876439.100261992
0.0.4559156,0.1465064415883184,SUCCESS,0.0.731861,0.0.4601632,0.0.4138717@1788876438.525927840
0.0.851606,0.001366828731547478,SUCCESS,0.0.731861,0.0.4601632,0.0.4138717@1788876436.585636961
0.0.4797402,0.004654151879236013,SUCCESS,0.0.731861,0.0.4601632,0.0.4138717@1788876439.751008708
0.0.1287040,12.35580226521143,SUCCESS,0.0.731861,0.0.4601632,0.0.4138717@1788876438.857304273
0.0.3161895,1.739569239729386,SUCCESS,0.0.731861,0.0.4601632,0.0.4138717@1788876438.620715588
0.0.860846,0.02069036307147541,SUCCESS,0.0.731861,0.0.4601632,0.0.4138717@1788876439.724456017
0.0.3158284,7.216892935437855,SUCCESS,0.0.731861,0.0.4601632,0.0.4138717@1788876440.991895379
0.0.704807,36.99660597809792,SUCCESS,0.0.731861,0.0.4601632,0.0.4138717@1788876439.695135741
0.0.175313,2.117333496985728,SUCCESS,0.0.731861,0.0.4601632,0.0.4138717@1788876441.740315157
0.0.660703,32.40436587378854,SUCCESS,0.0.731861,0.0.4601632,0.0.4138717@1788876443.201345935
0.0.4753601,4.078828008587321,SUCCESS,0.0.731861,0.0.4601632,0.0.4138717@1788876440.049159387
0.0.2114355,0.0004272287647574367,SUCCESS,0.0.731861,0.0.4601632,0.0.4138717@1788876443.614904966
0.0.1074067,36.94287970399388,SUCCESS,0.0.731861,0.0.4601632,0.0.4138717@1788876441.458678307
0.0.1518521,2.26002441868876,SUCCESS,0.0.731861,0.0.4601632,0.0.4138717@1788876441.254969289
0.0.731707,0.3292744481241453,SUCCESS,0.0.731861,0.0.4601632,0.0.4138717@1788876442.991971673
0.0.864984,259.5903229078194,SUCCESS,0.0.731861,0.0.4601632,0.0.4138717@1788876443.367376561
0.0.3273852,72.15608276515701,SUCCESS,0.0.731861,0.0.4601632,0.0.4138717@1788876445.183918561
0.0.821010,43.36974517176525,SUCCESS,0.0.731861,0.0.4601632,0.0.4138717@1788876446.070732216
0.0.7482624,16.87178788173032,NOT_ASSOCIATED,0.0.731861,0.0.4601632,
0.0.9386020,6974.511413233116,SUCCESS,0.0.731861,0.0.4601632,0.0.4138717@1788876444.336474033
0.0.3705687,0.003044281305878735,SUCCESS,0.0.731861,0.0.4601632,0.0.4138717@1788876447.923025116
0.0.1217090,2362.886699818957,SUCCESS,0.0.731861,0.0.4601632,0.0.4138717@1788876448.507462208
0.0.9210897,43.11188532359837,SUCCESS,0.0.731861,0.0.4601632,0.0.4138717@1788876447.220442729
0.0.5060063,159.2912262891004,SUCCESS,0.0.731861,0.0.4601632&0.0.5328590,0.0.4138717@1788876449.354378320
0.0.9745450,74.59464993634207,SUCCESS,0.0.731861,0.0.4601632,0.0.4138717@1788876449.374161303
0.0.8831938,36.80621888732965,SUCCESS,0.0.731861,0.0.4601632,0.0.4138717@1788876451.288108844
0.0.10045691,147.7348487385065,SUCCESS,0.0.731861,0.0.4601632,0.0.4138717@1788876450.534466742
0.0.4367704,0.001761350412153282,SUCCESS,0.0.731861,0.0.4601632,0.0.4138717@1788876455.115895282
0.0.1111312,36.2246598886165,SUCCESS,0.0.731861,0.0.4601632,0.0.4138717@1788876454.950737661
0.0.3932850,258.3050263280299,SUCCESS,0.0.731861,0.0.4601632,0.0.4138717@1788876454.593824880
0.0.1860200,0.01448843116939974,SUCCESS,0.0.731861,0.0.4601632,0.0.4138717@1788876458.005451275
0.0.7288906,22.05948632593604,NOT_ASSOCIATED,0.0.731861,0.0.4601632,
0.0.227955,0.9126104536565935,SUCCESS,0.0.731861,0.0.4601632&0.0.8315114,0.0.4138717@1788876457.057794069
0.0.8431266,7.113906577892743,SUCCESS,0.0.731861,0.0.4601632,0.0.4138717@1788876454.362529742
0.0.4414004,425.7286649203825,NOT_ASSOCIATED,0.0.731861,0.0.4601632,
0.0.4337803,54.85846731004006,SUCCESS,0.0.731861,0.0.5328590,0.0.4138717@1788876459.435896339
0.0.10480785,1902.298129743824,SUCCESS,0.0.731861,0.0.5328590,0.0.4138717@1788876457.140980632
0.0.9401835,4.091382475865748,SUCCESS,0.0.731861,0.0.5328590,0.0.4138717@1788876455.366418964
0.0.4348988,1.172327294887191,SUCCESS,0.0.731861,0.0.5328590,0.0.4138717@1788876459.569135551
0.0.10497928,41.62282336168494,SUCCESS,0.0.731861,0.0.5328590,0.0.4138717@1788876458.639905837
0.0.10803306,1079.470520993334,NOT_ASSOCIATED,0.0.731861,0.0.5328590,
0.0.10803305,833.0186487350959,NOT_ASSOCIATED,0.0.731861,0.0.5328590,
0.0.10801057,0.003923303397672236,NOT_ASSOCIATED,0.0.731861,0.0.5328590,
0.0.10801067,0.02051955665899656,NOT_ASSOCIATED,0.0.731861,0.0.5328590,
0.0.835034,56.54145315504875,SUCCESS,0.0.731861,0.0.5328590,0.0.4138717@1788876457.985009419
0.0.3012905,1.898469477248369,SUCCESS,0.0.731861,0.0.5328590,0.0.4138717@1788876461.471463546
0.0.4742691,10.81119940439511,SUCCESS,0.0.731861,0.0.5328590,0.0.4138717@1788876460.256483133
0.0.6298433,2.806164072454351,SUCCESS,0.0.731861,0.0.5328590,0.0.4138717@1788876459.507751490
0.0.5068949,0.8059700771224398,SUCCESS,0.0.731861,0.0.5328590,0.0.4138717@1788876460.587135167
0.0.10628113,53.12417219830207,SUCCESS,0.0.731861,0.0.5328590,0.0.4138717@1788876463.069966024
0.0.1460265,165.3375761529759,SUCCESS,0.0.731861,0.0.5328590,0.0.4138717@1788876461.374404985
0.0.4426658,24.94434611277814,SUCCESS,0.0.731861,0.0.5328590,0.0.4138717@1788876463.437374978
0.0.7852259,28.7506344455272,SUCCESS,0.0.731861,0.0.5328590,0.0.4138717@1788876462.916116433
0.0.787993,436.013677853493,SUCCESS,0.0.731861,0.0.5328590,0.0.4138717@1788876465.926303879
0.0.4358351,2.809802526504659,SUCCESS,0.0.731861,0.0.5328590,0.0.4138717@1788876466.177641256
0.0.540025,7.689548020387538,SUCCESS,0.0.731861,0.0.5328590,0.0.4138717@1788876467.282017973
0.0.10421961,3.534063753623416,SUCCESS,0.0.731861,0.0.5328590,0.0.4138717@1788876467.322813672
0.0.2174129,56.06686026785442,SUCCESS,0.0.731861,0.0.5328590,0.0.4138717@1788876465.621161551
0.0.1281501,103.4746444050174,SUCCESS,0.0.731861,0.0.5328590,0.0.4138717@1788876467.295665983
0.0.4364713,272.9158701377098,SUCCESS,0.0.731861,0.0.5328590,0.0.4138717@1788876465.874074351
0.0.701191,11.3403255556363,SUCCESS,0.0.731861,0.0.5328590,0.0.4138717@1788876466.436289450
0.0.9312249,20.94969771034553,SUCCESS,0.0.731861,0.0.5328590,0.0.4138717@1788876469.365436698
0.0.4352091,29.40284935750338,SUCCESS,0.0.731861,0.0.5328590,0.0.4138717@1788876468.647678332
0.0.3868695,192.5001547627222,SUCCESS,0.0.731861,0.0.5328590,0.0.4138717@1788876468.654563700
0.0.9237387,225.0302398278903,SUCCESS,0.0.731861,0.0.5328590,0.0.4138717@1788876471.493450321
0.0.1324089,3.152974604374208,SUCCESS,0.0.731861,0.0.5328590&0.0.6071041,0.0.4138717@1788876468.831385483
0.0.9276478,0.1144148228119658,SUCCESS,0.0.731861,0.0.5328590,0.0.4138717@1788876470.742816884
0.0.4362264,1.000946745465155,NOT_ASSOCIATED,0.0.731861,0.0.5328590,
0.0.696926,37.97097087575836,SUCCESS,0.0.731861,0.0.5328590,0.0.4138717@1788876470.288193892
0.0.4362489,32.34174738780515,SUCCESS,0.0.731861,0.0.5328590,0.0.4138717@1788876472.481248023
0.0.7171484,1.339886694505837,SUCCESS,0.0.731861,0.0.5328590,0.0.4138717@1788876470.698105406
0.0.7326025,0.6528839443710898,SUCCESS,0.0.731861,0.0.5328590&0.0.6071119,0.0.4138717@1788876471.693532087
0.0.6157135,1387.510467370381,SUCCESS,0.0.731861,0.0.5328590,0.0.4138717@1788876471.860315519
0.0.6003880,53.21304227977994,SUCCESS,0.0.731861,0.0.5328590,0.0.4138717@1788876471.328994229
0.0.4839415,2.967570817137987,SUCCESS,0.0.731861,0.0.5328590,0.0.4138717@1788876473.010926051
0.0.1422243,2239.945708639982,SUCCESS,0.0.731861,0.0.5328590,0.0.4138717@1788876475.874432616
0.0.8499794,156.8617840710224,SUCCESS,0.0.731861,0.0.5328590,0.0.4138717@1788876475.895016074
0.0.5151429,4.38500152303943,SUCCESS,0.0.731861,0.0.5328590,0.0.4138717@1788876477.395289593
0.0.5729981,12.84409366557074,SUCCESS,0.0.731861,0.0.5328590,0.0.4138717@1788876472.871000600
0.0.4228598,5.882363561199357,SUCCESS,0.0.731861,0.0.5328590,0.0.4138717@1788876477.055173735
0.0.1444388,12.53857286316893,SUCCESS,0.0.731861,0.0.5328590,0.0.4138717@1788876476.336404274
0.0.638193,2211.045331957459,SUCCESS,0.0.731861,0.0.5328590,0.0.4138717@1788876478.688416696
0.0.1120388,23.14609381551698,SUCCESS,0.0.731861,0.0.5328590,0.0.4138717@1788876478.876034421
0.0.608244,23.62390299184577,SUCCESS,0.0.731861,0.0.5328590,0.0.4138717@1788876480.719791770
0.0.1017499,2202.563423198762,SUCCESS,0.0.731861,0.0.5328590,0.0.4138717@1788876477.680964249
0.0.1082181,840.4886676303186,SUCCESS,0.0.731861,0.0.5328590,0.0.4138717@1788876478.321043718
0.0.1002430,6536.694036856046,SUCCESS,0.0.731861,0.0.5328590,0.0.4138717@1788876481.649932045
0.0.4356483,240.2812386546216,SUCCESS,0.0.731861,0.0.5328590,0.0.4138717@1788876477.972601012
0.0.52671,500.5090756429906,SUCCESS,0.0.731861,0.0.5328590,0.0.4138717@1788876480.494548989
0.0.10375094,86.18835769397364,NOT_ASSOCIATED,0.0.731861,0.0.5328590,
0.0.1404223,0.1363385309719713,SUCCESS,0.0.731861,0.0.5328590&0.0.6071041,0.0.4138717@1788876483.507541766
0.0.10047974,25.53566598479643,SUCCESS,0.0.731861,0.0.5328590,0.0.4138717@1788876481.568285932
0.0.1027780,1699.081845592432,SUCCESS,0.0.731861,0.0.5328590,0.0.4138717@1788876484.079881475
0.0.1251063,146.9363661214824,SUCCESS,0.0.731861,0.0.5328590,0.0.4138717@1788876486.540612916
0.0.9214791,10.86382292389558,SUCCESS,0.0.731861,0.0.5328590,0.0.4138717@1788876485.791015851
0.0.8426856,8.528430250411196,SUCCESS,0.0.731861,0.0.5328590,0.0.4138717@1788876487.684953179
0.0.10091451,115.7318080076288,SUCCESS,0.0.731861,0.0.5328590,0.0.4138717@1788876488.469945623
0.0.9401455,19.29451573601143,SUCCESS,0.0.731861,0.0.5328590,0.0.4138717@1788876489.954757468
0.0.1105713,90.1286762989088,SUCCESS,0.0.731861,0.0.5328590,0.0.4138717@1788876487.020185138
0.0.8267927,31.02934269856894,SUCCESS,0.0.731861,0.0.5328590,0.0.4138717@1788876490.786116154
0.0.9885066,22.86713594068225,SUCCESS,0.0.731861,0.0.5328590,0.0.4138717@1788876489.560412338
0.0.822616,640.4012083452099,SUCCESS,0.0.731861,0.0.5328590,0.0.4138717@1788876488.493927241
0.0.5052897,5.547345172330715,SUCCESS,0.0.731861,0.0.5328590,0.0.4138717@1788876489.848494355
0.0.9093010,0.3734166813297329,SUCCESS,0.0.731861,0.0.5328590,0.0.4138717@1788876491.973646919
0.0.7523706,479.1600631766794,NOT_ASSOCIATED,0.0.731861,0.0.5328590,
0.0.8198184,96.39088853840448,SUCCESS,0.0.731861,0.0.5328590,0.0.4138717@1788876492.018303302
0.0.8128261,0.03183925959832056,SUCCESS,0.0.731861,0.0.5328590,0.0.4138717@1788876490.142819828
0.0.4320148,3.170738983130161,SUCCESS,0.0.731861,0.0.5328590&0.0.10092996&0.0.10093026,0.0.4138717@1788876494.539502503
0.0.9802061,44.42959866901808,SUCCESS,0.0.731861,0.0.5328590&0.0.6071119,0.0.4138717@1788876493.425963949
0.0.7800894,128.6918837479125,SUCCESS,0.0.731861,0.0.5328590,0.0.4138717@1788876493.835851948
0.0.9151827,0.01396023293285889,NOT_ASSOCIATED,0.0.731861,0.0.5328590,
0.0.946745,1006.4511589822,SUCCESS,0.0.731861,0.0.5328590,0.0.4138717@1788876493.929764343
0.0.1009100,0.02562824713801411,NOT_ASSOCIATED,0.0.731861,0.0.5328590,
0.0.4362583,0.09302454630083286,SUCCESS,0.0.731861,0.0.5328590,0.0.4138717@1788876496.441203661
0.0.7734907,27.57684132399786,SUCCESS,0.0.731861,0.0.5328590,0.0.4138717@1788876496.425251053
0.0.9214238,43.85393411733822,SUCCESS,0.0.731861,0.0.5328590,0.0.4138717@1788876497.770681564
0.0.3092477,25.80164612642953,SUCCESS,0.0.731861,0.0.5328590,0.0.4138717@1788876496.034741412
0.0.9641103,56.52886285534262,SUCCESS,0.0.731861,0.0.5328590,0.0.4138717@1788876499.437220623
0.0.4587141,7.095019695534302,SUCCESS,0.0.731861,0.0.5328590,0.0.4138717@1788876500.055145756
0.0.10235120,64.2422456356297,SUCCESS,0.0.731861,0.0.5328590,0.0.4138717@1788876499.750463059
0.0.4361068,7.999358575312616,SUCCESS,0.0.731861,0.0.5328590,0.0.4138717@1788876501.602763887
0.0.1212407,17.10479093521553,SUCCESS,0.0.731861,0.0.5328590,0.0.4138717@1788876500.481401933
0.0.7562963,563.3892208998973,SUCCESS,0.0.731861,0.0.5328590,0.0.4138717@1788876499.417208189
0.0.5702106,1.541243917838854,SUCCESS,0.0.731861,0.0.5328590,0.0.4138717@1788876500.681065161
0.0.818068,138.1797058876659,SUCCESS,0.0.731861,0.0.5328590,0.0.4138717@1788876500.461750566
0.0.8113026,1.677038387160692,SUCCESS,0.0.731861,0.0.5328590,0.0.4138717@1788876504.744643089
0.0.806166,89.4784603684599,SUCCESS,0.0.731861,0.0.5328590,0.0.4138717@1788876502.585378662
0.0.9588454,14.97050179095774,SUCCESS,0.0.731861,0.0.5328590,0.0.4138717@1788876504.846047435
0.0.4971932,3.864428667274275,SUCCESS,0.0.731861,0.0.5328590,0.0.4138717@1788876503.578617354
0.0.7731260,5.295609888728984,SUCCESS,0.0.731861,0.0.5328590,0.0.4138717@1788876504.359959784
0.0.10031110,36694.0485744579,NOT_ASSOCIATED,0.0.731861,0.0.5328590,
0.0.10031113,17698.15803589281,NOT_ASSOCIATED,0.0.731861,0.0.5328590,
0.0.9364499,1.498013948706727,SUCCESS,0.0.731861,0.0.5328590,0.0.4138717@1788876504.772269779
0.0.1462131,0.003721404837326281,SUCCESS,0.0.731861,0.0.6071041,0.0.4138717@1788876505.084947850
0.0.2328171,960.379227121411,NOT_ASSOCIATED,0.0.731861,0.0.6071041,
0.0.896352,2.104273617384345,SUCCESS,0.0.731861,0.0.6071041,0.0.4138717@1788876504.248544511
0.0.4041275,355.3446252479752,SUCCESS,0.0.731861,0.0.6071119,0.0.4138717@1788876506.514832818
0.0.833139,8.070863827135382,SUCCESS,0.0.731861,0.0.6071119,0.0.4138717@1788876506.683899104
0.0.9119461,0.001323800458395478,SUCCESS,0.0.731861,0.0.6071119&0.0.8315114,0.0.4138717@1788876506.874678883
0.0.6892983,572.0366231640925,SUCCESS,0.0.731861,0.0.6071119,0.0.4138717@1788876504.386506229
0.0.2137399,3.993683004108707,SUCCESS,0.0.731861,0.0.6071119,0.0.4138717@1788876507.830646508
0.0.10031184,900.1713968150194,NOT_ASSOCIATED,0.0.731861,0.0.6071119,
0.0.10031183,62.46524073084407,NOT_ASSOCIATED,0.0.731861,0.0.6071119,
0.0.2174967,79.55755833813721,SUCCESS,0.0.731861,0.0.6071119,0.0.4138717@1788876510.813186643
0.0.9099631,0.000009985225458972897,SUCCESS,0.0.731861,0.0.6071119,0.0.4138717@1788876508.598065466
0.0.2020001,0.03032844772283054,SUCCESS,0.0.731861,0.0.6071119,0.0.4138717@1788876509.580153014
0.0.5740497,1588.914654224778,SUCCESS,0.0.731861,0.0.6071119,0.0.4138717@1788876512.521361231
0.0.5729027,8.011834165161643,SUCCESS,0.0.731861,0.0.6071119,0.0.4138717@1788876508.046706462
0.0.1700952,646.5172649111197,SUCCESS,0.0.731861,0.0.6071119,0.0.4138717@1788876512.030501154
0.0.3640917,3707.416056160861,SUCCESS,0.0.731861,0.0.6071911,0.0.4138717@1788876512.063545043
0.0.3704330,1360.094382431669,SUCCESS,0.0.731861,0.0.6071911,0.0.4138717@1788876509.068080982
0.0.9824949,1293.885059852274,SUCCESS,0.0.731861,0.0.6071911,0.0.4138717@1788876514.715765931
0.0.6082528,3261.067144741041,SUCCESS,0.0.731861,0.0.6078459,0.0.4138717@1788876513.414406135
0.0.2997555,0.08116578170689838,SUCCESS,0.0.731861,0.0.6078459,0.0.4138717@1788876510.880620523
0.0.7200098,85.72695402545843,SUCCESS,0.0.731861,0.0.6078459,0.0.4138717@1788876512.070026307
0.0.7857493,4930.578933109789,NOT_ASSOCIATED,0.0.731861,0.0.6078459,
0.0.8208716,8023.781724388829,SUCCESS,0.0.731861,0.0.6078473,0.0.4138717@1788876513.722495935
0.0.9471068,177.7986787243082,SUCCESS,0.0.731861,0.0.6078473,0.0.4138717@1788876512.813168760
0.0.4987474,0.00004906269967743369,SUCCESS,0.0.731861,0.0.6126395,0.0.4138717@1788876516.652338044
0.0.972940,0.01532874654665989,SUCCESS,0.0.731861,0.0.6126395,0.0.4138717@1788876513.632431814
0.0.5971521,899.2027228923869,SUCCESS,0.0.731861,0.0.6126395,0.0.4138717@1788876514.442340201
0.0.10608781,1538.350331698231,SUCCESS,0.0.731861,0.0.6126395,0.0.4138717@1788876515.071506953
0.0.9695763,2610.424147482189,SUCCESS,0.0.731861,0.0.8315114,0.0.4138717@1788876516.221693637
0.0.1033719,7.424625556395061,SUCCESS,0.0.731861,0.0.8315114,0.0.4138717@1788876518.661476384
0.0.10031155,0.1876889103109886,NOT_ASSOCIATED,0.0.731861,0.0.8315114,
0.0.8192889,188.6440527685303,SUCCESS,0.0.731861,0.0.8315114,0.0.4138717@1788876520.202629428
0.0.8712714,1.303606739824395,SUCCESS,0.0.731861,0.0.8315114,0.0.4138717@1788876521.471023577
0.0.8326917,1.912953936588739,NOT_ASSOCIATED,0.0.731861,0.0.8315114,
0.0.7688939,0.03840708668015661,SUCCESS,0.0.731861,0.0.8315114,0.0.4138717@1788876520.138541935
0.0.3311267,0.003378628086367633,NOT_ASSOCIATED,0.0.731861,0.0.8315114,
0.0.4340961,0.005158540813672772,SUCCESS,0.0.731861,0.0.8315114,0.0.4138717@1788876519.420921472
0.0.5679713,0.03593352495106641,SUCCESS,0.0.731861,0.0.8315114,0.0.4138717@1788876518.509417774
0.0.10432879,0.009319534846040096,SUCCESS,0.0.731861,0.0.8315114,0.0.4138717@1788876521.766494400
0.0.8085924,0.7410792715174186,SUCCESS,0.0.731861,0.0.8315114,0.0.4138717@1788876522.443581485
0.0.4544022,106.7054801628974,NOT_ASSOCIATED,0.0.731861,0.0.8315114,
0.0.10801052,0.0007237727378092663,NOT_ASSOCIATED,0.0.731861,0.0.8315114,
0.0.10801051,0.0006860142125678634,NOT_ASSOCIATED,0.0.731861,0.0.8315114,
0.0.10267182,0.1047947664905462,NOT_ASSOCIATED,0.0.731861,0.0.8315114,
0.0.10267181,0.210617539312082,NOT_ASSOCIATED,0.0.731861,0.0.8315114,
0.0.10031160,142.4337326525695,NOT_ASSOCIATED,0.0.731861,0.0.8315114,
0.0.4836643,26777.10036656889,SUCCESS,0.0.731861,0.0.9774523&0.0.10018365,0.0.4138717@1788876524.820522783
0.0.10517260,3100.348566757823,SUCCESS,0.0.731861,0.0.9774523&0.0.10018365,0.0.4138717@1788876523.011740570
0.0.316403,196636.2802657823,SUCCESS,0.0.731861,0.0.9774523&0.0.10018365&0.0.10092996&0.0.10093026,0.0.4138717@1788876522.945696053
0.0.10033160,0.000008938854465498714,NOT_ASSOCIATED,0.0.731861,0.0.9774523,
0.0.10120444,0.000003908395216354812,NOT_ASSOCIATED,0.0.731861,0.0.10018365,
0.0.683607,3789.373603461877,SUCCESS,0.0.731861,0.0.10092996&0.0.10093026,0.0.4138717@1788876523.967456894
0.0.10120460,15.67936262345089,NOT_ASSOCIATED,0.0.731861,0.0.10092996,
0.0.10120462,0.000006607817981050577,NOT_ASSOCIATED,0.0.731861,0.0.10092996,
0.0.10120438,0.01039679290445694,NOT_ASSOCIATED,0.0.731861,0.0.10093026,
0.0.10120424,0.04384244122833762,NOT_ASSOCIATED,0.0.731861,0.0.10093026,
0.0.4157421,99.40816502029972,SUCCESS,0.0.731861,0.0.10093026,0.0.4138717@1788876525.276481022
0.0.10449777,0.00139775383229144,NOT_ASSOCIATED,0.0.731861,0.0.10387648,
0.0.10454159,3.142166752167432e-8,NOT_ASSOCIATED,0.0.731861,0.0.10387648,
0.0.10382204,8447.858633833579,SUCCESS,0.0.731861,0.0.10387648&0.0.10414792&0.0.10418141&0.0.10498271&0.0.10498274&0.0.10498278&0.0.10498280,0.0.4138717@1788876526.124924924
0.0.820781,86.11937878730217,SUCCESS,0.0.731861,0.0.10414792,0.0.4138717@1788876528.920998021
0.0.7582729,3265.027921919695,SUCCESS,0.0.731861,0.0.10414792,0.0.4138717@1788876527.516299247
0.0.4865794,761.4746518153494,SUCCESS,0.0.731861,0.0.10418141,0.0.4138717@1788876530.117012809
0.0.1483886,9138.085170962417,SUCCESS,0.0.731861,0.0.10418141,0.0.4138717@1788876529.980687683
0.0.10508396,3868.260485521031,SUCCESS,0.0.731861,0.0.10498271&0.0.10498274&0.0.10498278&0.0.10498280,0.0.4138717@1788876528.987808459
0.0.10573597,33111.63927097907,SUCCESS,0.0.731861,0.0.10498271&0.0.10498278&0.0.10498280,0.0.4138717@1788876528.315656689