account,amount,state,token address,pool address,tx id
0.0.942605,2.528950458445818,SUCCESS,0.0.731861,0.0.3951117,0.0.4138717@1781548885.442554270
0.0.9359586,0.1404602183916647,SUCCESS,0.0.731861,0.0.3951117,0.0.4138717@1781548881.371684744
0.0.832852,103.9902424821224,SUCCESS,0.0.731861,0.0.3951117,0.0.4138717@1781548883.384625401
0.0.2174015,0.6092150689382576,SUCCESS,0.0.731861,0.0.3951117&0.0.5328590,0.0.4138717@1781548885.309077129
0.0.9404406,0.1101257903950004,SUCCESS,0.0.731861,0.0.3951117,0.0.4138717@1781548883.216182164
0.0.1110198,40.08217594179995,SUCCESS,0.0.731861,0.0.3951117,0.0.4138717@1781548884.706660544
0.0.650437,5.025871718411425,SUCCESS,0.0.731861,0.0.3951117&0.0.3961531&0.0.5328590,0.0.4138717@1781548881.626018797
0.0.8585089,282.2740312711241,SUCCESS,0.0.731861,0.0.3951117,0.0.4138717@1781548883.673017914
0.0.1890696,0.1786696919281192,SUCCESS,0.0.731861,0.0.3951117,0.0.4138717@1781548882.395176520
0.0.1115297,2.72722715890221,SUCCESS,0.0.731861,0.0.3951117,0.0.4138717@1781548885.343399526
0.0.7542917,0.5131185150696541,SUCCESS,0.0.731861,0.0.3951117,0.0.4138717@1781548886.412516558
0.0.9626972,1.364596471451722,SUCCESS,0.0.731861,0.0.3951117,0.0.4138717@1781548890.001450298
0.0.9344085,22.91975696056862,SUCCESS,0.0.731861,0.0.3951117&0.0.3964827,0.0.4138717@1781548890.197658757
0.0.9755401,7.648854092427414,SUCCESS,0.0.731861,0.0.3951117&0.0.4601632,0.0.4138717@1781548885.875174756
0.0.5060063,147.6603288591406,SUCCESS,0.0.731861,0.0.3951117&0.0.4129330&0.0.4601632&0.0.5328590,0.0.4138717@1781548890.553577141
0.0.4329703,2.431318853239167,SUCCESS,0.0.731861,0.0.3951117,0.0.4138717@1781548889.460309030
0.0.4570964,25.67750234376097,SUCCESS,0.0.731861,0.0.3951117,0.0.4138717@1781548887.984444179
0.0.9202687,255.9813345969781,SUCCESS,0.0.731861,0.0.3951117,0.0.4138717@1781548889.978810568
0.0.8546442,21.107638162842,SUCCESS,0.0.731861,0.0.3951117,0.0.4138717@1781548891.341719745
0.0.666234,5.847165054183792,SUCCESS,0.0.731861,0.0.3951117,0.0.4138717@1781548893.741513207
0.0.8684349,1374.642938150714,SUCCESS,0.0.731861,0.0.3951117,0.0.4138717@1781548894.566716966
0.0.9073081,0.06133319591043226,SUCCESS,0.0.731861,0.0.3951117,0.0.4138717@1781548896.924871487
0.0.9099631,15.6763383075493,SUCCESS,0.0.731861,0.0.3951117&0.0.6071119,0.0.4138717@1781548896.315719639
0.0.9112426,2.01662324490894,SUCCESS,0.0.731861,0.0.3951117&0.0.3964804&0.0.3964860,0.0.4138717@1781548898.310609687
0.0.8419510,0.9245239826721906,SUCCESS,0.0.731861,0.0.3951117,0.0.4138717@1781548900.022539516
0.0.1707146,3.217779275401257,SUCCESS,0.0.731861,0.0.3951117,0.0.4138717@1781548901.640534184
0.0.4555391,4.808175603843996,SUCCESS,0.0.731861,0.0.3951117,0.0.4138717@1781548903.540448331
0.0.1368197,7.972247108371634,SUCCESS,0.0.731861,0.0.3951117&0.0.3964804,0.0.4138717@1781548903.929923205
0.0.7810768,6.241498686737449,SUCCESS,0.0.731861,0.0.3951117&0.0.3964827,0.0.4138717@1781548901.812743002
0.0.1120575,507.6407867696494,SUCCESS,0.0.731861,0.0.3951117&0.0.3964804,0.0.4138717@1781548907.044221702
0.0.9273872,0.04135645071215589,SUCCESS,0.0.731861,0.0.3951117,0.0.4138717@1781548905.874565194
0.0.1515633,9.588808467585446,SUCCESS,0.0.731861,0.0.3951117,0.0.4138717@1781548908.013916563
0.0.850481,241.5336124793572,SUCCESS,0.0.731861,0.0.3951117,0.0.4138717@1781548907.886740357
0.0.1758196,2.188636887043045,SUCCESS,0.0.731861,0.0.3951117,0.0.4138717@1781548912.005809584
0.0.1988559,5.644281849012734,SUCCESS,0.0.731861,0.0.3951117&0.0.3961531&0.0.3964804,0.0.4138717@1781548913.007379968
0.0.9299646,12.57936921327992,SUCCESS,0.0.731861,0.0.3951117,0.0.4138717@1781548909.900678283
0.0.4432398,1.177656122612651,SUCCESS,0.0.731861,0.0.3951117,0.0.4138717@1781548912.364471827
0.0.10352676,2.741083822785119,SUCCESS,0.0.731861,0.0.3951117,0.0.4138717@1781548912.874017418
0.0.1408633,6.778588170604898,SUCCESS,0.0.731861,0.0.3951117&0.0.3964790&0.0.3964855&0.0.6078459,0.0.4138717@1781548912.582275841
0.0.8309441,0.8790326601490328,SUCCESS,0.0.731861,0.0.3951117,0.0.4138717@1781548913.182435439
0.0.10413601,35.66872051414991,SUCCESS,0.0.731861,0.0.3951117&0.0.3964804,0.0.4138717@1781548914.475174885
0.0.10430673,1657.265333735483,SUCCESS,0.0.731861,0.0.3951117&0.0.3964804&0.0.5328590,0.0.4138717@1781548914.665593667
0.0.1216661,2558.04161322254,SUCCESS,0.0.731861,0.0.3951117,0.0.4138717@1781548918.111889040
0.0.9774619,60.47291631090891,SUCCESS,0.0.731861,0.0.3951117&0.0.3964804&0.0.3964827&0.0.3964860,0.0.4138717@1781548918.500862743
0.0.2017173,21.10950535733387,SUCCESS,0.0.731861,0.0.3951117&0.0.3964804,0.0.4138717@1781548919.879210203
0.0.1104990,56.56888602351721,SUCCESS,0.0.731861,0.0.3951117,0.0.4138717@1781548918.986345295
0.0.10483303,8027.495487210415,SUCCESS,0.0.731861,0.0.3951117,0.0.4138717@1781548924.165054347
0.0.1734809,0.2216752709313969,SUCCESS,0.0.731861,0.0.3951117&0.0.3964804&0.0.6071119,0.0.4138717@1781548922.316989610
0.0.10493411,81.8707945553868,SUCCESS,0.0.731861,0.0.3951117&0.0.3961531,0.0.4138717@1781548924.025704930
0.0.10504552,0.5247410142219326,SUCCESS,0.0.731861,0.0.3951117,0.0.4138717@1781548922.433519992
0.0.3943340,0.3518399862484293,SUCCESS,0.0.731861,0.0.3951117,0.0.4138717@1781548925.728582146
0.0.735239,0.0002508329482660963,SUCCESS,0.0.731861,0.0.3951117,0.0.4138717@1781548927.375338626
0.0.9723151,0.01057033564463845,SUCCESS,0.0.731861,0.0.3951117,0.0.4138717@1781548929.606664398
0.0.10031117,10.86693948497916,SUCCESS,0.0.731861,0.0.3951117,0.0.4138717@1781548930.042768141
0.0.10031118,18.79051544144295,SUCCESS,0.0.731861,0.0.3951117,0.0.4138717@1781548928.291613571
0.0.1157855,2.184769727148712,SUCCESS,0.0.731861,0.0.3951117,0.0.4138717@1781548929.636925549
0.0.10021410,0.2011581363776514,SUCCESS,0.0.731861,0.0.3951117,0.0.4138717@1781548933.643558436
0.0.10076247,2.597342341220894,SUCCESS,0.0.731861,0.0.3951117,0.0.4138717@1781548931.821124332
0.0.1340164,109.5850195055242,SUCCESS,0.0.731861,0.0.3951117,0.0.4138717@1781548934.700230932
0.0.10076636,196.2432099801293,SUCCESS,0.0.731861,0.0.3951117&0.0.5328590,0.0.4138717@1781548933.914126681
0.0.9958383,0.159705118029314,SUCCESS,0.0.731861,0.0.3951117,0.0.4138717@1781548930.989227872
0.0.9302147,85.32453952176817,SUCCESS,0.0.731861,0.0.3951117&0.0.5328590,0.0.4138717@1781548935.564629446
0.0.10122546,0.1730965928070543,SUCCESS,0.0.731861,0.0.3951117,0.0.4138717@1781548935.770434763
0.0.10169145,0.2968862712072066,SUCCESS,0.0.731861,0.0.3951117,0.0.4138717@1781548935.681139871
0.0.7786995,313.7439387237092,SUCCESS,0.0.731861,0.0.3951117,0.0.4138717@1781548933.822051458
0.0.4343858,214.4745961095266,SUCCESS,0.0.731861,0.0.3951117&0.0.3964827&0.0.5328590,0.0.4138717@1781548936.928310105
0.0.10230141,30.00031628008632,SUCCESS,0.0.731861,0.0.3951117,0.0.4138717@1781548935.618853645
0.0.8373509,93.40595562069203,SUCCESS,0.0.731861,0.0.3951117&0.0.3961531&0.0.3964804&0.0.5328590,0.0.4138717@1781548940.251744742
0.0.5976303,3.573399564948271,SUCCESS,0.0.731861,0.0.3951117&0.0.3964804,0.0.4138717@1781548939.565706421
0.0.4695027,2.953514888369931,SUCCESS,0.0.731861,0.0.3951117,0.0.4138717@1781548942.157463293
0.0.4340758,5.115106189233169,SUCCESS,0.0.731861,0.0.3951117&0.0.3964804,0.0.4138717@1781548940.418542748
0.0.4817549,10.15476809496082,SUCCESS,0.0.731861,0.0.3951117&0.0.3964804,0.0.4138717@1781548940.767292662
0.0.4938729,12.30238819382328,SUCCESS,0.0.731861,0.0.3951117,0.0.4138717@1781548943.924305487
0.0.4322002,3.552672775592657,SUCCESS,0.0.731861,0.0.3951117,0.0.4138717@1781548941.871100570
0.0.4968045,23.10648826662449,SUCCESS,0.0.731861,0.0.3951117,0.0.4138717@1781548942.125451035
0.0.2930231,2.963691530536497,SUCCESS,0.0.731861,0.0.3951117&0.0.3964804,0.0.4138717@1781548943.693404695
0.0.4558891,32.64038688499429,SUCCESS,0.0.731861,0.0.3951117,0.0.4138717@1781548944.852620893
0.0.4709377,104.0401304987546,SUCCESS,0.0.731861,0.0.3951117,0.0.4138717@1781548943.886677043
0.0.4318411,44.67082409688258,SUCCESS,0.0.731861,0.0.3951117,0.0.4138717@1781548945.375110671
0.0.3681428,1118.712637994407,SUCCESS,0.0.731861,0.0.3951117&0.0.3964804,0.0.4138717@1781548948.746856183
0.0.4329852,334.5753156503559,SUCCESS,0.0.731861,0.0.3951117&0.0.3964804&0.0.3964827&0.0.3964855&0.0.4601632&0.0.5328590,0.0.4138717@1781548947.173485609
0.0.5975196,3.753663984146233,SUCCESS,0.0.731861,0.0.3951117&0.0.4601632,0.0.4138717@1781548949.183730247
0.0.3969243,0.3761319928225264,SUCCESS,0.0.731861,0.0.3951117&0.0.4129330,0.0.4138717@1781548950.127805520
0.0.4732964,1.010705823150958,SUCCESS,0.0.731861,0.0.3951117,0.0.4138717@1781548951.090903379
0.0.4432149,2.698979167975775,SUCCESS,0.0.731861,0.0.3951117,0.0.4138717@1781548949.059913282
0.0.1412123,2.819940063233392,NOT_ASSOCIATED,0.0.731861,0.0.3951117&0.0.3964804,
0.0.5716339,0.01217912209057677,SUCCESS,0.0.731861,0.0.3951117,0.0.4138717@1781548949.016171617
0.0.1322785,246.1460739097941,SUCCESS,0.0.731861,0.0.3951117,0.0.4138717@1781548952.645654163
0.0.4354394,153.9840766316565,SUCCESS,0.0.731861,0.0.3951117&0.0.3964790,0.0.4138717@1781548954.520523408
0.0.3829916,205.1035827968215,SUCCESS,0.0.731861,0.0.3951117,0.0.4138717@1781548952.524067712
0.0.662296,564.7440373370484,SUCCESS,0.0.731861,0.0.3951117&0.0.5328590,0.0.4138717@1781548954.341646197
0.0.853268,378.971691298616,SUCCESS,0.0.731861,0.0.3951117,0.0.4138717@1781548956.452059645
0.0.1711779,0.1568433460596283,SUCCESS,0.0.731861,0.0.3951117,0.0.4138717@1781548955.712964280
0.0.5117832,497.7680114702564,SUCCESS,0.0.731861,0.0.3951117&0.0.3964804,0.0.4138717@1781548955.377248924
0.0.5310061,6.146189206376572,SUCCESS,0.0.731861,0.0.3951117&0.0.3964804,0.0.4138717@1781548956.538921811
0.0.5281334,1.578199728733251,SUCCESS,0.0.731861,0.0.3951117,0.0.4138717@1781548956.719006941
0.0.4986167,1.580939699360458,SUCCESS,0.0.731861,0.0.3951117,0.0.4138717@1781548959.521884288
0.0.4335807,871.7844365220785,SUCCESS,0.0.731861,0.0.3951117&0.0.3961531&0.0.3964790&0.0.3964827&0.0.3964855&0.0.4129330&0.0.4601632&0.0.5328590,0.0.4138717@1781548956.964392769
0.0.4323088,87.87861245907118,SUCCESS,0.0.731861,0.0.3951117&0.0.3964804&0.0.3964855,0.0.4138717@1781548959.747695538
0.0.4590627,7.869522856819249,SUCCESS,0.0.731861,0.0.3951117,0.0.4138717@1781548964.263810256
0.0.5202236,4.917183203814602,SUCCESS,0.0.731861,0.0.3951117,0.0.4138717@1781548961.119854744
0.0.4345324,0.9250304206392698,SUCCESS,0.0.731861,0.0.3951117,0.0.4138717@1781548962.030643419
0.0.1023917,58.86023194738008,SUCCESS,0.0.731861,0.0.3951117&0.0.3964804&0.0.3964855&0.0.4601632&0.0.6071119,0.0.4138717@1781548960.645820212
0.0.1490591,107.1578426110356,SUCCESS,0.0.731861,0.0.3951117&0.0.3964790&0.0.3964804,0.0.4138717@1781548963.439925667
0.0.1110477,75.03762849597476,SUCCESS,0.0.731861,0.0.3951117,0.0.4138717@1781548964.879999055
0.0.4766933,137.0583570029274,SUCCESS,0.0.731861,0.0.3951117,0.0.4138717@1781548966.465127001
0.0.4551977,0.7382919735107916,SUCCESS,0.0.731861,0.0.3951117,0.0.4138717@1781548966.738501509
0.0.1726157,31.41928839738361,SUCCESS,0.0.731861,0.0.3951117&0.0.3964804,0.0.4138717@1781548964.723310945
0.0.4229805,4.272716190650417,SUCCESS,0.0.731861,0.0.3951117,0.0.4138717@1781548967.746462014
0.0.5078033,15.45188299644168,SUCCESS,0.0.731861,0.0.3951117&0.0.4601632,0.0.4138717@1781548965.079186444
0.0.7479340,8.202489402426487,SUCCESS,0.0.731861,0.0.3951117&0.0.3964804,0.0.4138717@1781548966.109150421
0.0.1340928,232.671167158917,SUCCESS,0.0.731861,0.0.3951117,0.0.4138717@1781548968.403302208
0.0.7138336,0.1369661769804045,SUCCESS,0.0.731861,0.0.3951117&0.0.3961531,0.0.4138717@1781548966.914512241
0.0.7262531,0.1481090913210875,SUCCESS,0.0.731861,0.0.3951117&0.0.3964804,0.0.4138717@1781548969.948194690
0.0.6781119,1079.823244731683,SUCCESS,0.0.731861,0.0.3951117&0.0.3961531&0.0.3964804&0.0.3964827&0.0.3964860&0.0.4601632&0.0.5328590&0.0.6071119&0.0.8315114&0.0.10018365,0.0.4138717@1781548970.919008740
0.0.6026305,1.616645464990315,SUCCESS,0.0.731861,0.0.3951117,0.0.4138717@1781548972.762338158
0.0.4702708,132.6213169976786,SUCCESS,0.0.731861,0.0.3951117&0.0.3964827,0.0.4138717@1781548970.015354771
0.0.5182107,3.449997320973472,NOT_ASSOCIATED,0.0.731861,0.0.3951117&0.0.3964804,
0.0.874760,322.5029007356525,SUCCESS,0.0.731861,0.0.3951117&0.0.3964804&0.0.6078459,0.0.4138717@1781548971.117197083
0.0.6440477,3.774836588022179,SUCCESS,0.0.731861,0.0.3951117&0.0.3964804,0.0.4138717@1781548971.344602295
0.0.6289117,82.21046739879561,SUCCESS,0.0.731861,0.0.3951117&0.0.3964804&0.0.4601632&0.0.6071041,0.0.4138717@1781548973.575920201
0.0.6313910,916.2293250587038,SUCCESS,0.0.731861,0.0.3951117&0.0.3964804,0.0.4138717@1781548975.676279237
0.0.6244791,8.947144123230151,SUCCESS,0.0.731861,0.0.3951117,0.0.4138717@1781548973.122249853
0.0.850535,1094.515325832668,SUCCESS,0.0.731861,0.0.3951117&0.0.3964790&0.0.4129330&0.0.4601632&0.0.5328590,0.0.4138717@1781548973.935012764
0.0.5797983,1.36172781704765,SUCCESS,0.0.731861,0.0.3951117&0.0.3961531&0.0.3964804,0.0.4138717@1781548975.191839105
0.0.3242760,175.5615193334472,SUCCESS,0.0.731861,0.0.3951117&0.0.3961531&0.0.3964804,0.0.4138717@1781548977.385271854
0.0.4923080,1.183698008504928,SUCCESS,0.0.731861,0.0.3951117,0.0.4138717@1781548979.560457969
0.0.2968839,133.3653290992631,SUCCESS,0.0.731861,0.0.3951117&0.0.3964804&0.0.4601632,0.0.4138717@1781548979.902511176
0.0.4330219,1.551305977218713,SUCCESS,0.0.731861,0.0.3951117&0.0.3964790,0.0.4138717@1781548980.454920751
0.0.3071320,230.4379981372316,SUCCESS,0.0.731861,0.0.3951117,0.0.4138717@1781548980.533724396
0.0.4758169,4.447142827824496,SUCCESS,0.0.731861,0.0.3951117,0.0.4138717@1781548980.730542733
0.0.4775299,7.465585657635141,SUCCESS,0.0.731861,0.0.3951117,0.0.4138717@1781548981.988062132
0.0.4184733,810.2827322554899,SUCCESS,0.0.731861,0.0.3951117,0.0.4138717@1781548981.695937614
0.0.914261,157.7820298855487,SUCCESS,0.0.731861,0.0.3951117,0.0.4138717@1781548985.218274783
0.0.1120388,37.42197619452397,SUCCESS,0.0.731861,0.0.3951117&0.0.5328590,0.0.4138717@1781548982.913221000
0.0.2116956,4.016814915779893,SUCCESS,0.0.731861,0.0.3951117&0.0.3961531&0.0.3964855,0.0.4138717@1781548986.291341458
0.0.896788,3424.400320892073,SUCCESS,0.0.731861,0.0.3951117&0.0.4601632,0.0.4138717@1781548987.369925880
0.0.837404,674.3535430618692,SUCCESS,0.0.731861,0.0.3951117,0.0.4138717@1781548986.939687127
0.0.925802,17.90265202655263,SUCCESS,0.0.731861,0.0.3951117,0.0.4138717@1781548989.928347247
0.0.819461,1.156585753637175,SUCCESS,0.0.731861,0.0.3951117,0.0.4138717@1781548986.885337797
0.0.2020001,5.698937091247563,SUCCESS,0.0.731861,0.0.3951117&0.0.6071119,0.0.4138717@1781548988.256315219
0.0.1412849,0.00004824306545865298,SUCCESS,0.0.731861,0.0.3951117,0.0.4138717@1781548990.943813707
0.0.525256,89.42681895320005,SUCCESS,0.0.731861,0.0.3951117,0.0.4138717@1781548993.135363217
0.0.2174139,3.932500430161842,SUCCESS,0.0.731861,0.0.3951117&0.0.3964804,0.0.4138717@1781548992.806479117
0.0.1261552,2.441283699277276,SUCCESS,0.0.731861,0.0.3951117&0.0.3961531&0.0.3964790&0.0.3964804&0.0.3964860&0.0.4129330&0.0.6071119,0.0.4138717@1781548992.391802329
0.0.4205604,8.037260368039652,SUCCESS,0.0.731861,0.0.3951117,0.0.4138717@1781548990.653156630
0.0.639876,0.4649882686576567,SUCCESS,0.0.731861,0.0.3951117,0.0.4138717@1781548993.143220355
0.0.4329215,0.6635901822244294,SUCCESS,0.0.731861,0.0.3951117&0.0.3961531&0.0.3964804,0.0.4138717@1781548997.722776007
0.0.854331,0.3094532057120011,SUCCESS,0.0.731861,0.0.3951117,0.0.4138717@1781548995.676905990
0.0.1438402,1.137809940347529,SUCCESS,0.0.731861,0.0.3951117,0.0.4138717@1781548993.610079759
0.0.4333286,4.181056897867369,SUCCESS,0.0.731861,0.0.3951117&0.0.3964827&0.0.3964860,0.0.4138717@1781548996.082812847
0.0.832624,13.44111103939904,SUCCESS,0.0.731861,0.0.3951117&0.0.3961531&0.0.3964804&0.0.5328590&0.0.6071119,0.0.4138717@1781548998.386190753
0.0.1724832,1.336162997902222,SUCCESS,0.0.731861,0.0.3951117,0.0.4138717@1781548999.004799984
0.0.3845966,8.153301896391454,SUCCESS,0.0.731861,0.0.3951117&0.0.3961531&0.0.3964790&0.0.3964804&0.0.3964827&0.0.6078459,0.0.4138717@1781548997.995765812
0.0.832415,707.7075208866587,SUCCESS,0.0.731861,0.0.3951117,0.0.4138717@1781548997.412949813
0.0.956549,528.1391783298417,SUCCESS,0.0.731861,0.0.3951117&0.0.3961531&0.0.3964804,0.0.4138717@1781549000.856266071
0.0.3241044,53.85681637741014,SUCCESS,0.0.731861,0.0.3951117&0.0.3961531,0.0.4138717@1781548999.910545686
0.0.1290358,124.4976073999589,SUCCESS,0.0.731861,0.0.3951117,0.0.4138717@1781549001.647855172
0.0.860438,11.28284605665815,SUCCESS,0.0.731861,0.0.3951117&0.0.3964804&0.0.6071119,0.0.4138717@1781549000.182908570
0.0.731977,817.1437498379534,SUCCESS,0.0.731861,0.0.3951117&0.0.4601632,0.0.4138717@1781549000.658450373
0.0.834820,119.2507724489631,SUCCESS,0.0.731861,0.0.3951117&0.0.3964804,0.0.4138717@1781549000.462933194
0.0.1022050,98.1135999732722,SUCCESS,0.0.731861,0.0.3951117,0.0.4138717@1781549000.752989436
0.0.2773436,1355.290081028034,SUCCESS,0.0.731861,0.0.3951117&0.0.3964804&0.0.5328590,0.0.4138717@1781549002.708055261
0.0.1274087,7244.863753418648,SUCCESS,0.0.731861,0.0.3951117,0.0.4138717@1781549002.292060905
0.0.187153,850.880755810557,SUCCESS,0.0.731861,0.0.3951117&0.0.3964804,0.0.4138717@1781549004.397011966
0.0.1265153,0.02874654298833188,SUCCESS,0.0.731861,0.0.3951117&0.0.3964827,0.0.4138717@1781549007.414524349
0.0.4370057,0.7564278395133054,SUCCESS,0.0.731861,0.0.3951117,0.0.4138717@1781549006.613957616
0.0.841339,15.63894290624101,SUCCESS,0.0.731861,0.0.3951117,0.0.4138717@1781549008.391551149
0.0.5119346,35.23854740439592,SUCCESS,0.0.731861,0.0.3951117&0.0.3964804,0.0.4138717@1781549004.968007792
0.0.5118190,8.765455848283445,SUCCESS,0.0.731861,0.0.3951117&0.0.3964804&0.0.3964827&0.0.3964860&0.0.5328590,0.0.4138717@1781549006.005981204
0.0.5118232,3.511262745903413,SUCCESS,0.0.731861,0.0.3951117&0.0.3964804,0.0.4138717@1781549008.427125185
0.0.5118079,11.36145877841227,SUCCESS,0.0.731861,0.0.3951117&0.0.3964804,0.0.4138717@1781549006.268159501
0.0.1266990,0.669294350197902,SUCCESS,0.0.731861,0.0.3951117,0.0.4138717@1781549007.735504713
0.0.4324463,1.032306139925726,SUCCESS,0.0.731861,0.0.3951117&0.0.3964790,0.0.4138717@1781549008.419255026
0.0.4582751,1.587988525975054,SUCCESS,0.0.731861,0.0.3951117,0.0.4138717@1781549013.248894080
0.0.4321631,42.4594725164994,SUCCESS,0.0.731861,0.0.3951117&0.0.3964804,0.0.4138717@1781549013.446945443
0.0.4324445,19.4590115761108,SUCCESS,0.0.731861,0.0.3951117&0.0.3964804&0.0.3964855,0.0.4138717@1781549011.511514959
0.0.795933,15.62554470925512,SUCCESS,0.0.731861,0.0.3951117,0.0.4138717@1781549011.433904040
0.0.1506629,0.9693097128723501,SUCCESS,0.0.731861,0.0.3951117,0.0.4138717@1781549014.517128581
0.0.4544530,578.2879437281075,SUCCESS,0.0.731861,0.0.3951117&0.0.3961531&0.0.3964790&0.0.3964804&0.0.3964827&0.0.3964855&0.0.3964860&0.0.4129330&0.0.4601632&0.0.5328590&0.0.6071041&0.0.6078459&0.0.6078473,0.0.4138717@1781549013.097843825
0.0.4348824,0.1990631232672297,SUCCESS,0.0.731861,0.0.3951117,0.0.4138717@1781549016.466703674
0.0.104926,0.04462787438831081,SUCCESS,0.0.731861,0.0.3951117,0.0.4138717@1781549014.257926789
0.0.8638339,0.2590808464557515,SUCCESS,0.0.731861,0.0.3951117,0.0.4138717@1781549018.026772680
0.0.4322065,11.52960019340299,SUCCESS,0.0.731861,0.0.3951117,0.0.4138717@1781549016.581331603
0.0.1338331,4.738899037746713,SUCCESS,0.0.731861,0.0.3951117,0.0.4138717@1781549015.996191651
0.0.4349304,0.4433938753620543,SUCCESS,0.0.731861,0.0.3951117&0.0.3964790,0.0.4138717@1781549019.420629163
0.0.4352091,58.96363097704301,SUCCESS,0.0.731861,0.0.3951117&0.0.5328590,0.0.4138717@1781549015.737884205
0.0.1735540,18.1215653419293,SUCCESS,0.0.731861,0.0.3951117&0.0.5328590,0.0.4138717@1781549019.670234782
0.0.1910285,1.38420013662674,SUCCESS,0.0.731861,0.0.3951117,0.0.4138717@1781549020.460624433
0.0.4350041,2.143423205320419,SUCCESS,0.0.731861,0.0.3951117,0.0.4138717@1781549020.981153146
0.0.1097257,1473.46201541772,SUCCESS,0.0.731861,0.0.3951117&0.0.3964827&0.0.4601632&0.0.5328590,0.0.4138717@1781549022.333499792
0.0.1075892,12.3333102769438,SUCCESS,0.0.731861,0.0.3951117,0.0.4138717@1781549020.092930804
0.0.1409958,0.9754078766610945,SUCCESS,0.0.731861,0.0.3951117,0.0.4138717@1781549022.540042522
0.0.508876,18.86547953312472,SUCCESS,0.0.731861,0.0.3951117,0.0.4138717@1781549020.231882975
0.0.4346579,0.02080395913053189,SUCCESS,0.0.731861,0.0.3951117,0.0.4138717@1781549019.900010102
0.0.1414140,79095.78177920819,SUCCESS,0.0.731861,0.0.3951117,0.0.4138717@1781549021.919664708
0.0.1453803,49.22506297489526,SUCCESS,0.0.731861,0.0.3951117&0.0.3964804&0.0.4601632&0.0.5328590&0.0.6071119,0.0.4138717@1781549022.493269899
0.0.700741,5.171137724078246,SUCCESS,0.0.731861,0.0.3951117,0.0.4138717@1781549024.641664658
0.0.4430933,693.9120348151242,SUCCESS,0.0.731861,0.0.3951117&0.0.3964827,0.0.4138717@1781549023.061923492
0.0.4754443,5.348902870648569,SUCCESS,0.0.731861,0.0.3951117&0.0.3964790&0.0.3964804,0.0.4138717@1781549023.085850309
0.0.1339713,169.1511624008696,SUCCESS,0.0.731861,0.0.3951117&0.0.3964804,0.0.4138717@1781549026.507108881
0.0.4745055,0.01965690320495523,SUCCESS,0.0.731861,0.0.3951117,0.0.4138717@1781549025.810681196
0.0.4338219,20.58308836097198,SUCCESS,0.0.731861,0.0.3951117,0.0.4138717@1781549023.814903738
0.0.4792831,0.01037300201272879,SUCCESS,0.0.731861,0.0.3951117,0.0.4138717@1781549025.437764087
0.0.664329,28.43594263069742,SUCCESS,0.0.731861,0.0.3951117&0.0.6071119&0.0.6126395,0.0.4138717@1781549028.372423103
0.0.4858736,0.1361670692307341,SUCCESS,0.0.731861,0.0.3951117,0.0.4138717@1781549026.041835991
0.0.834443,367.1983674427449,SUCCESS,0.0.731861,0.0.3951117,0.0.4138717@1781549025.979403783
0.0.1784251,6.386288828044542,SUCCESS,0.0.731861,0.0.3951117&0.0.3964804&0.0.4601632&0.0.5328590,0.0.4138717@1781549026.378079779
0.0.4383878,0.5980004391474715,SUCCESS,0.0.731861,0.0.3951117&0.0.6078459,0.0.4138717@1781549027.645860514
0.0.4324518,11.85457043789236,SUCCESS,0.0.731861,0.0.3951117,0.0.4138717@1781549029.901557610
0.0.5028724,0.01793071582979824,SUCCESS,0.0.731861,0.0.3951117,0.0.4138717@1781549031.078514928
0.0.5156210,0.04389539872819292,SUCCESS,0.0.731861,0.0.3951117&0.0.3964804,0.0.4138717@1781549028.401797372
0.0.1458130,0.1319987089869558,SUCCESS,0.0.731861,0.0.3951117,0.0.4138717@1781549031.014652160
0.0.589629,0.002946736836358458,SUCCESS,0.0.731861,0.0.3951117,0.0.4138717@1781549032.076124204
0.0.1904506,0.001910389771381135,SUCCESS,0.0.731861,0.0.3951117,0.0.4138717@1781549030.497105831
0.0.6198709,18.19174650703419,SUCCESS,0.0.731861,0.0.3951117,0.0.4138717@1781549031.793750961
0.0.4339712,1.074606588915203,SUCCESS,0.0.731861,0.0.3951117,0.0.4138717@1781549031.875350685
0.0.1512938,0.002264985291568551,SUCCESS,0.0.731861,0.0.3951117,0.0.4138717@1781549032.663437838
0.0.4691881,2.040495372899409,SUCCESS,0.0.731861,0.0.3951117,0.0.4138717@1781549037.021926102
0.0.4331665,3.755466478008771,SUCCESS,0.0.731861,0.0.3951117,0.0.4138717@1781549033.830399531
0.0.4433722,0.2150996863143252,SUCCESS,0.0.731861,0.0.3951117,0.0.4138717@1781549041.043666349
0.0.3925109,0.0001393446501620137,SUCCESS,0.0.731861,0.0.3951117,0.0.4138717@1781549037.781143839
0.0.4591423,1.949121508533833,SUCCESS,0.0.731861,0.0.3951117&0.0.3964855&0.0.4601632,0.0.4138717@1781549041.672279808
0.0.3872466,0.3812413998593994,SUCCESS,0.0.731861,0.0.3951117,0.0.4138717@1781549039.613697790
0.0.1508462,102.6463442526123,SUCCESS,0.0.731861,0.0.3951117,0.0.4138717@1781549039.617092694
0.0.4575306,0.01346863158348749,SUCCESS,0.0.731861,0.0.3951117,0.0.4138717@1781549043.154907802
0.0.516971,9.218159105663519e-7,SUCCESS,0.0.731861,0.0.3951117&0.0.4129330,0.0.4138717@1781549041.270221541
0.0.490092,0.4040173124028728,SUCCESS,0.0.731861,0.0.3951117,0.0.4138717@1781549045.791153586
0.0.4569835,0.02070662172242765,SUCCESS,0.0.731861,0.0.3951117,0.0.4138717@1781549043.867843069
0.0.1792818,0.03117311724064708,SUCCESS,0.0.731861,0.0.3951117,0.0.4138717@1781549044.416089930
0.0.9430013,302.4066744231791,SUCCESS,0.0.731861,0.0.3951117,0.0.4138717@1781549045.707007156
0.0.3706536,0.0278964880350877,SUCCESS,0.0.731861,0.0.3951117,0.0.4138717@1781549047.938989669
0.0.8383256,0.08085899007521358,SUCCESS,0.0.731861,0.0.3951117&0.0.3964804,0.0.4138717@1781549045.246553732
0.0.4331763,531.1272661363847,SUCCESS,0.0.731861,0.0.3951117,0.0.4138717@1781549045.047590017
0.0.8490555,5.114809027837702,SUCCESS,0.0.731861,0.0.3951117,0.0.4138717@1781549046.419463791
0.0.5352069,1.571327927612364,SUCCESS,0.0.731861,0.0.3951117,0.0.4138717@1781549046.609685963
0.0.1374442,143.5556720793568,SUCCESS,0.0.731861,0.0.3951117&0.0.3964804&0.0.4601632,0.0.4138717@1781549049.623148788
0.0.8382774,2.024079927357152,SUCCESS,0.0.731861,0.0.3951117&0.0.3964804,0.0.4138717@1781549048.652763116
0.0.2137668,107.1230086458713,SUCCESS,0.0.731861,0.0.3951117&0.0.3964804,0.0.4138717@1781549049.401434366
0.0.8260017,0.5118118804913672,SUCCESS,0.0.731861,0.0.3951117&0.0.3964804,0.0.4138717@1781549049.909503963
0.0.4713153,17.54929476483629,SUCCESS,0.0.731861,0.0.3951117,0.0.4138717@1781549049.608550189
0.0.8212757,6.064472662200459,SUCCESS,0.0.731861,0.0.3951117,0.0.4138717@1781549051.931195496
0.0.819005,36.15827486138689,SUCCESS,0.0.731861,0.0.3951117&0.0.5328590,0.0.4138717@1781549049.802574415
0.0.8071373,3.681328385850739,SUCCESS,0.0.731861,0.0.3951117,0.0.4138717@1781549051.482476733
0.0.8068996,1.220053995213187,SUCCESS,0.0.731861,0.0.3951117&0.0.3964790&0.0.3964804&0.0.3964827&0.0.5328590,0.0.4138717@1781549055.031577015
0.0.5688804,9.1967530643884,SUCCESS,0.0.731861,0.0.3951117&0.0.3964827,0.0.4138717@1781549055.107977347
0.0.8013259,25853.4659831487,SUCCESS,0.0.731861,0.0.3951117,0.0.4138717@1781549056.845116617
0.0.4559340,0.8945563808631105,SUCCESS,0.0.731861,0.0.3951117,0.0.4138717@1781549055.577068303
0.0.7989790,0.100730977143523,SUCCESS,0.0.731861,0.0.3951117,0.0.4138717@1781549055.117460422
0.0.7555632,0.2428345537743674,SUCCESS,0.0.731861,0.0.3951117,0.0.4138717@1781549056.722627783
0.0.1464418,20.00702078543829,SUCCESS,0.0.731861,0.0.3951117,0.0.4138717@1781549054.701477323
0.0.834595,22.58193688009114,SUCCESS,0.0.731861,0.0.3951117&0.0.3964804&0.0.5328590,0.0.4138717@1781549056.020104976
0.0.7726808,4.277669734149413,SUCCESS,0.0.731861,0.0.3951117,0.0.4138717@1781549057.577099090
0.0.1123889,6.020340842415758,SUCCESS,0.0.731861,0.0.3951117&0.0.3964804,0.0.4138717@1781549059.589302914
0.0.5060163,1.101543558763858,SUCCESS,0.0.731861,0.0.3951117,0.0.4138717@1781549060.124004656
0.0.7490874,3.917966667429636,SUCCESS,0.0.731861,0.0.3951117&0.0.3964804,0.0.4138717@1781549060.587434798
0.0.6270084,2986.725918710093,SUCCESS,0.0.731861,0.0.3951117&0.0.3964804,0.0.4138717@1781549060.312114077
0.0.5126364,50.94024472628102,SUCCESS,0.0.731861,0.0.3951117,0.0.4138717@1781549059.369625820
0.0.7287636,46.01597727289948,SUCCESS,0.0.731861,0.0.3951117&0.0.3961531&0.0.3964804&0.0.4601632&0.0.8315114&0.0.10093026,0.0.4138717@1781549062.581238884
0.0.1380352,4.756833113955452,SUCCESS,0.0.731861,0.0.3951117,0.0.4138717@1781549062.646767780
0.0.7129552,185.5675008367587,SUCCESS,0.0.731861,0.0.3951117&0.0.3964827&0.0.6071119,0.0.4138717@1781549064.235648003
0.0.1023730,7.17738604306984,SUCCESS,0.0.731861,0.0.3951117,0.0.4138717@1781549061.630507466
0.0.696790,25.34480777927025,SUCCESS,0.0.731861,0.0.3951117&0.0.3964804,0.0.4138717@1781549065.799307513
0.0.8616856,332.3720134538269,SUCCESS,0.0.731861,0.0.3951117&0.0.3961531&0.0.3964804&0.0.6071119,0.0.4138717@1781549065.756667416
0.0.8068689,363.8636100210809,SUCCESS,0.0.731861,0.0.3951117&0.0.3964804&0.0.3964827,0.0.4138717@1781549064.612577713
0.0.7889838,0.2744469201970371,SUCCESS,0.0.731861,0.0.3951117,0.0.4138717@1781549064.843773950
0.0.6258771,22.50117894566138,SUCCESS,0.0.731861,0.0.3951117,0.0.4138717@1781549065.650233928
0.0.1379217,28.07110259761442,NOT_ASSOCIATED,0.0.731861,0.0.3951117,
0.0.8190429,7.660794619999309,SUCCESS,0.0.731861,0.0.3951117,0.0.4138717@1781549064.489221098
0.0.4912200,589.9074545530979,SUCCESS,0.0.731861,0.0.3951117&0.0.3964804,0.0.4138717@1781549066.114318408
0.0.4342759,168.1487985386725,SUCCESS,0.0.731861,0.0.3951117,0.0.4138717@1781549065.873871768
0.0.1691323,131.7033341339028,SUCCESS,0.0.731861,0.0.3951117&0.0.3964804,0.0.4138717@1781549070.030362852
0.0.1991961,235.9205175475822,SUCCESS,0.0.731861,0.0.3951117&0.0.3964790&0.0.3964827&0.0.4601632&0.0.6071041,0.0.4138717@1781549068.468136813
0.0.2960169,5.253629834073487,SUCCESS,0.0.731861,0.0.3951117&0.0.3961531&0.0.3964827,0.0.4138717@1781549069.569838720
0.0.4339505,765.1255484861332,SUCCESS,0.0.731861,0.0.3951117,0.0.4138717@1781549068.682216831
0.0.8531519,28.49877299373382,SUCCESS,0.0.731861,0.0.3951117,0.0.4138717@1781549067.509302116
0.0.2122027,33.97297388500243,SUCCESS,0.0.731861,0.0.3951117&0.0.3961531&0.0.3964804,0.0.4138717@1781549068.221993337
0.0.4531253,20.29907333952641,SUCCESS,0.0.731861,0.0.3951117&0.0.3961531&0.0.3964804&0.0.3964855&0.0.4129330&0.0.8315114,0.0.4138717@1781549068.804409244
0.0.9104463,50.38480938998033,SUCCESS,0.0.731861,0.0.3951117&0.0.3964804,0.0.4138717@1781549070.243924514
0.0.7788937,0.1578307491790946,SUCCESS,0.0.731861,0.0.3951117&0.0.10018365,0.0.4138717@1781549073.240093332
0.0.8485588,2453.893604464618,SUCCESS,0.0.731861,0.0.3951117,0.0.4138717@1781549070.633996130
0.0.856667,50.20231811461007,SUCCESS,0.0.731861,0.0.3951117&0.0.3964804,0.0.4138717@1781549070.578936696
0.0.2125030,326.1127634180385,SUCCESS,0.0.731861,0.0.3951117&0.0.3961531,0.0.4138717@1781549073.670122553
0.0.1601282,0.5921790029387324,SUCCESS,0.0.731861,0.0.3951117,0.0.4138717@1781549074.208237619
0.0.7991960,26.93550940314834,SUCCESS,0.0.731861,0.0.3951117&0.0.3964804,0.0.4138717@1781549073.576288030
0.0.4302086,0.9537348552235109,SUCCESS,0.0.731861,0.0.3951117,0.0.4138717@1781549073.619541536
0.0.598828,0.1996897371330378,SUCCESS,0.0.731861,0.0.3951117&0.0.3964804,0.0.4138717@1781549076.343042359
0.0.4864609,0.8004656824786935,SUCCESS,0.0.731861,0.0.3951117,0.0.4138717@1781549076.101815237
0.0.1877739,3.350879592308968,SUCCESS,0.0.731861,0.0.3951117&0.0.3964827&0.0.4601632,0.0.4138717@1781549077.961447193
0.0.4347838,19.05644134921981,SUCCESS,0.0.731861,0.0.3951117,0.0.4138717@1781549078.217807239
0.0.4503599,10.52635273755675,SUCCESS,0.0.731861,0.0.3951117,0.0.4138717@1781549079.004642248
0.0.7835270,43.84182479259407,SUCCESS,0.0.731861,0.0.3951117,0.0.4138717@1781549076.557344839
0.0.7843482,8.408685997906534,SUCCESS,0.0.731861,0.0.3951117&0.0.3964804,0.0.4138717@1781549078.206877518
0.0.7798148,21.13190405641883,SUCCESS,0.0.731861,0.0.3951117,0.0.4138717@1781549081.942376019
0.0.1506598,13.68850123391883,SUCCESS,0.0.731861,0.0.3951117,0.0.4138717@1781549080.980044733
0.0.1462225,8457.559853052964,SUCCESS,0.0.731861,0.0.3951117,0.0.4138717@1781549082.605476943
0.0.7526203,8.870178694257653,SUCCESS,0.0.731861,0.0.3951117&0.0.3964804,0.0.4138717@1781549079.024169211
0.0.3525426,49.30593108420217,SUCCESS,0.0.731861,0.0.3951117&0.0.3964790&0.0.3964804&0.0.3964860&0.0.4601632&0.0.5328590,0.0.4138717@1781549083.477970802
0.0.1123753,10.19322895948066,SUCCESS,0.0.731861,0.0.3951117&0.0.3964804&0.0.4129330,0.0.4138717@1781549081.447887509
0.0.7920605,69.60151753777654,SUCCESS,0.0.731861,0.0.3951117&0.0.3961531&0.0.3964790&0.0.5328590,0.0.4138717@1781549082.493094045
0.0.139500,98.33925332422109,SUCCESS,0.0.731861,0.0.3951117&0.0.3964790&0.0.3964860,0.0.4138717@1781549082.713038513
0.0.10088944,9.036759630655796,SUCCESS,0.0.731861,0.0.3951117&0.0.3964804,0.0.4138717@1781549083.857852880
0.0.9150357,30.34437415551989,NOT_ASSOCIATED,0.0.731861,0.0.3951117,
0.0.6374996,160.0296748066503,SUCCESS,0.0.731861,0.0.3951117&0.0.3964827&0.0.5328590,0.0.4138717@1781549086.330276040
0.0.10064213,5.411538555557843,SUCCESS,0.0.731861,0.0.3951117&0.0.3964804,0.0.4138717@1781549084.326993470
0.0.4349716,390.7165558549794,SUCCESS,0.0.731861,0.0.3951117&0.0.3964790&0.0.3964804&0.0.3964827&0.0.5328590&0.0.6078473,0.0.4138717@1781549086.868837583
0.0.8341357,1.180566806458725,SUCCESS,0.0.731861,0.0.3951117&0.0.5328590,0.0.4138717@1781549085.338271422
0.0.835242,0.07296706054970613,SUCCESS,0.0.731861,0.0.3951117,0.0.4138717@1781549086.478270445
0.0.4570908,471.7551587227953,SUCCESS,0.0.731861,0.0.3951117&0.0.5328590,0.0.4138717@1781549089.033305535
0.0.52231,30.79107129925771,SUCCESS,0.0.731861,0.0.3951117,0.0.4138717@1781549086.854540381
0.0.7680254,18.0748725865941,SUCCESS,0.0.731861,0.0.3951117&0.0.3961531&0.0.3964804,0.0.4138717@1781549089.079501914
0.0.9597272,7.17852102242345,SUCCESS,0.0.731861,0.0.3951117,0.0.4138717@1781549091.199668746
0.0.2994397,10.34759883245141,SUCCESS,0.0.731861,0.0.3951117,0.0.4138717@1781549092.029102372
0.0.9619890,57.43602363132295,SUCCESS,0.0.731861,0.0.3951117&0.0.3964804&0.0.6071119&0.0.8315114,0.0.4138717@1781549092.163032294
0.0.8899262,19.31477159338402,SUCCESS,0.0.731861,0.0.3951117,0.0.4138717@1781549088.816254704
0.0.3310398,1.722034418070453,SUCCESS,0.0.731861,0.0.3951117&0.0.3964804,0.0.4138717@1781549088.474277991
0.0.9120392,5.699281174378246,SUCCESS,0.0.731861,0.0.3951117&0.0.3964804&0.0.8315114,0.0.4138717@1781549088.423496961
0.0.9195929,300.9065546088469,SUCCESS,0.0.731861,0.0.3951117&0.0.3964804&0.0.5328590&0.0.8315114,0.0.4138717@1781549091.146509587
0.0.7891604,61.33315516424783,SUCCESS,0.0.731861,0.0.3951117,0.0.4138717@1781549094.194934261
0.0.9200436,3.487932274987153,SUCCESS,0.0.731861,0.0.3951117&0.0.3961531,0.0.4138717@1781549091.012087029
0.0.6872459,1970.271657007719,SUCCESS,0.0.731861,0.0.3951117,0.0.4138717@1781549094.045792626
0.0.9301583,294.864885530254,SUCCESS,0.0.731861,0.0.3951117,0.0.4138717@1781549093.733949560
0.0.4351536,7.837123319668112,SUCCESS,0.0.731861,0.0.3951117,0.0.4138717@1781549092.581323078
0.0.844585,64.237827785155,SUCCESS,0.0.731861,0.0.3951117&0.0.3964804,0.0.4138717@1781549094.239559845
0.0.9318600,834.2981726551296,SUCCESS,0.0.731861,0.0.3951117,0.0.4138717@1781549097.704866177
0.0.9154738,13.80100625803657,SUCCESS,0.0.731861,0.0.3951117&0.0.3964804&0.0.3964827&0.0.6071119,0.0.4138717@1781549096.944315163
0.0.657648,451.754122997618,SUCCESS,0.0.731861,0.0.3951117&0.0.3961531&0.0.3964790,0.0.4138717@1781549093.686123816
0.0.8188541,2.467916730391125,SUCCESS,0.0.731861,0.0.3951117,0.0.4138717@1781549100.249474781
0.0.1375637,6.562659200117412,SUCCESS,0.0.731861,0.0.3951117&0.0.3964790,0.0.4138717@1781549098.840068345
0.0.4560992,10.32031190054457,SUCCESS,0.0.731861,0.0.3951117,0.0.4138717@1781549097.613401777
0.0.4210667,0.03127100763314019,SUCCESS,0.0.731861,0.0.3951117,0.0.4138717@1781549100.370042398
0.0.5702270,498.2192859101568,SUCCESS,0.0.731861,0.0.3951117&0.0.4601632&0.0.5328590&0.0.6071119,0.0.4138717@1781549100.352661211
0.0.4361868,38.36392879012487,SUCCESS,0.0.731861,0.0.3951117,0.0.4138717@1781549103.189566824
0.0.10206048,0.7460524717127969,SUCCESS,0.0.731861,0.0.3951117,0.0.4138717@1781549101.043692221
0.0.9125858,323875.7729675586,SUCCESS,0.0.731861,0.0.3951117&0.0.6071041&0.0.6071119&0.0.6126395&0.0.8315114&0.0.9774523&0.0.10018365&0.0.10092996&0.0.10093026,0.0.4138717@1781549103.099099505
0.0.1872630,89.36423721917745,SUCCESS,0.0.731861,0.0.3951117&0.0.3964860&0.0.4601632,0.0.4138717@1781549101.102240182
0.0.8054459,4.378067041528645,SUCCESS,0.0.731861,0.0.3951117&0.0.3964790&0.0.3964804,0.0.4138717@1781549103.461795917
0.0.836838,18776.72947931994,SUCCESS,0.0.731861,0.0.3951117&0.0.3964860,0.0.4138717@1781549104.805522331
0.0.10541900,0.4540466186356371,NOT_ASSOCIATED,0.0.731861,0.0.3961531&0.0.3964804,
0.0.10291442,760.2575225282156,SUCCESS,0.0.731861,0.0.3961531,0.0.4138717@1781549108.197588936
0.0.1177017,0.3331028578154645,SUCCESS,0.0.731861,0.0.3961531,0.0.4138717@1781549105.652564289
0.0.10380727,1.904211090224923,SUCCESS,0.0.731861,0.0.3961531,0.0.4138717@1781549109.172849570
0.0.10510695,17.03212313455397,NOT_ASSOCIATED,0.0.731861,0.0.3961531,
0.0.4363476,29.20199018030918,SUCCESS,0.0.731861,0.0.3961531,0.0.4138717@1781549107.418735375
0.0.10204459,6.916388743207418,SUCCESS,0.0.731861,0.0.3961531,0.0.4138717@1781549106.522422052
0.0.10095007,1.195346127813066,NOT_ASSOCIATED,0.0.731861,0.0.3961531,
0.0.3161254,101076.1646157801,SUCCESS,0.0.731861,0.0.3961531&0.0.3964804,0.0.4138717@1781549110.042742559
0.0.8355966,54.37254261691332,SUCCESS,0.0.731861,0.0.3961531,0.0.4138717@1781549108.434941611
0.0.1071830,307.7685831563183,SUCCESS,0.0.731861,0.0.3961531&0.0.3964804,0.0.4138717@1781549109.264553879
0.0.839555,2.3435886819997,SUCCESS,0.0.731861,0.0.3961531,0.0.4138717@1781549108.910577466
0.0.9183843,0.9477799497857387,NOT_ASSOCIATED,0.0.731861,0.0.3961531,
0.0.9210701,0.3272277647466598,FAIL,0.0.731861,0.0.3961531,
0.0.825672,171.8506749039452,SUCCESS,0.0.731861,0.0.3961531,0.0.4138717@1781549112.818460162
0.0.10268439,66.75782962552762,SUCCESS,0.0.731861,0.0.3961531&0.0.3964790&0.0.3964804&0.0.5328590,0.0.4138717@1781549113.125710891
0.0.663264,1.995038979094408,SUCCESS,0.0.731861,0.0.3961531&0.0.3964790,0.0.4138717@1781549111.490605023
0.0.1093567,1.059967756700923,SUCCESS,0.0.731861,0.0.3961531&0.0.3964790,0.0.4138717@1781549112.820668145
0.0.3169776,0.03633058355557637,SUCCESS,0.0.731861,0.0.3961531,0.0.4138717@1781549114.703633283
0.0.793410,1747.211150226959,SUCCESS,0.0.731861,0.0.3961531&0.0.3964827&0.0.5328590&0.0.6071041&0.0.8315114,0.0.4138717@1781549114.735356338
0.0.4715000,0.6684432260170383,SUCCESS,0.0.731861,0.0.3961531,0.0.4138717@1781549115.575407205
0.0.863385,115.3601409346755,SUCCESS,0.0.731861,0.0.3961531,0.0.4138717@1781549117.084791597
0.0.1433179,0.4511651951587903,SUCCESS,0.0.731861,0.0.3961531,0.0.4138717@1781549119.730861350
0.0.2963242,2.079756291581775,NOT_ASSOCIATED,0.0.731861,0.0.3961531,
0.0.1152713,51978.6129611428,SUCCESS,0.0.731861,0.0.3961531&0.0.3964790&0.0.10387648&0.0.10418141,0.0.4138717@1781549117.577927806
0.0.1070346,450.8048386865805,SUCCESS,0.0.731861,0.0.3961531&0.0.10498271,0.0.4138717@1781549115.833537517
0.0.842210,49.35173626890656,SUCCESS,0.0.731861,0.0.3961531&0.0.3964804,0.0.4138717@1781549120.085441532
0.0.1421971,232.369781397806,SUCCESS,0.0.731861,0.0.3961531&0.0.6126395,0.0.4138717@1781549119.656745883
0.0.844965,0.2005102980293095,SUCCESS,0.0.731861,0.0.3961531,0.0.4138717@1781549121.054239868
0.0.862821,23.14228223921327,SUCCESS,0.0.731861,0.0.3961531&0.0.3964790,0.0.4138717@1781549118.914426605
0.0.267573,185.786547719231,SUCCESS,0.0.731861,0.0.3961531&0.0.3964855&0.0.4601632&0.0.5328590&0.0.6071041&0.0.6126395,0.0.4138717@1781549118.360644922
0.0.1340980,0.4215746740360368,SUCCESS,0.0.731861,0.0.3961531,0.0.4138717@1781549123.393190015
0.0.1501041,1.610848597587406,SUCCESS,0.0.731861,0.0.3961531,0.0.4138717@1781549121.774039066
0.0.8183428,0.01087842387892637,SUCCESS,0.0.731861,0.0.3961531,0.0.4138717@1781549124.252536064
0.0.4723553,7.040234011770094,SUCCESS,0.0.731861,0.0.3961531,0.0.4138717@1781549122.638031142
0.0.1324436,0.0046934326636356,NOT_ASSOCIATED,0.0.731861,0.0.3961531,
0.0.6095958,174.589437418573,NOT_ASSOCIATED,0.0.731861,0.0.3961531&0.0.3964804,
0.0.897444,348.8654080198915,SUCCESS,0.0.731861,0.0.3961531&0.0.3964790,0.0.4138717@1781549124.533967665
0.0.4362462,4.619061512605525,NOT_ASSOCIATED,0.0.731861,0.0.3961531,
0.0.852692,9.37790773031106,SUCCESS,0.0.731861,0.0.3961531,0.0.4138717@1781549124.526897887
0.0.1315254,7.033096113712649,SUCCESS,0.0.731861,0.0.3961531,0.0.4138717@1781549127.099068887
0.0.1303938,13.72511338876721,NOT_ASSOCIATED,0.0.731861,0.0.3961531,
0.0.4707801,0.3117850817708349,NOT_ASSOCIATED,0.0.731861,0.0.3961531,
0.0.4712184,0.0004292382969549415,SUCCESS,0.0.731861,0.0.3961531&0.0.3964790,0.0.4138717@1781549127.965972845
0.0.835929,0.000009509718161355462,SUCCESS,0.0.731861,0.0.3961531&0.0.3964790&0.0.3964804&0.0.4129330&0.0.4601632&0.0.5328590,0.0.4138717@1781549125.327418687
0.0.4639603,0.006103351895764317,NOT_ASSOCIATED,0.0.731861,0.0.3961531,
0.0.6004406,23.17563740140039,SUCCESS,0.0.731861,0.0.3961531&0.0.3964827,0.0.4138717@1781549127.885059630
0.0.1292697,145.8846401189888,SUCCESS,0.0.731861,0.0.3961531,0.0.4138717@1781549128.872142712
0.0.6435369,7.482908284382608,SUCCESS,0.0.731861,0.0.3961531,0.0.4138717@1781549130.446971707
0.0.982207,6439.831488663997,SUCCESS,0.0.731861,0.0.3961531&0.0.3964790,0.0.4138717@1781549132.278457000
0.0.7560867,0.010420046438929,SUCCESS,0.0.731861,0.0.3961531,0.0.4138717@1781549130.929978000
0.0.7571792,0.01663695609986028,SUCCESS,0.0.731861,0.0.3961531,0.0.4138717@1781549129.840271669
0.0.1910938,0.1038988257098003,SUCCESS,0.0.731861,0.0.3961531,0.0.4138717@1781549131.959026278
0.0.8378238,2.002431252659406,SUCCESS,0.0.731861,0.0.3961531,0.0.4138717@1781549132.722346660
0.0.826988,33.04877677419478,NOT_ASSOCIATED,0.0.731861,0.0.3961531,
0.0.1431202,5.448813074513013,SUCCESS,0.0.731861,0.0.3961531,0.0.4138717@1781549134.167999557
0.0.9405888,0.3427314579418248,SUCCESS,0.0.731861,0.0.3961531&0.0.3964804&0.0.5328590,0.0.4138717@1781549136.295863394
0.0.4346141,69.90242383558243,SUCCESS,0.0.731861,0.0.3961531,0.0.4138717@1781549134.107073932
0.0.3687323,0.00003329037473598649,SUCCESS,0.0.731861,0.0.3961531,0.0.4138717@1781549133.714244353
0.0.10124208,0.02981778393140169,SUCCESS,0.0.731861,0.0.3961531,0.0.4138717@1781549135.559983419
0.0.10223842,29.79160067095149,SUCCESS,0.0.731861,0.0.3961531,0.0.4138717@1781549135.968176705
0.0.7535835,13.89880455311148,SUCCESS,0.0.731861,0.0.3961531&0.0.3964790&0.0.6071119,0.0.4138717@1781549138.092202889
0.0.10359193,499.3551553743199,SUCCESS,0.0.731861,0.0.3961531&0.0.3964804&0.0.3964860&0.0.4601632&0.0.5328590,0.0.4138717@1781549137.364547609
0.0.10489509,45922.99078947271,SUCCESS,0.0.731861,0.0.3961531&0.0.3964804,0.0.4138717@1781549138.379898459
0.0.1103540,0.4547595022018517,SUCCESS,0.0.731861,0.0.3961531&0.0.3964827,0.0.4138717@1781549142.300413047
0.0.1372179,7.439610163777712,SUCCESS,0.0.731861,0.0.3961531&0.0.3964804,0.0.4138717@1781549140.123715048
0.0.836858,76.08993767641576,SUCCESS,0.0.731861,0.0.3961531,0.0.4138717@1781549142.299969379
0.0.5435669,0.2640931255441814,SUCCESS,0.0.731861,0.0.3961531,0.0.4138717@1781549145.504056384
0.0.935686,1.075442281546095,SUCCESS,0.0.731861,0.0.3961531,0.0.4138717@1781549143.825560754
0.0.6306847,1.54264839660766,SUCCESS,0.0.731861,0.0.3961531&0.0.3964804&0.0.3964827,0.0.4138717@1781549146.365354806
0.0.6143425,0.01442643198314336,SUCCESS,0.0.731861,0.0.3961531,0.0.4138717@1781549145.693652175
0.0.4367595,0.6744674586828797,SUCCESS,0.0.731861,0.0.3961531,0.0.4138717@1781549144.080146328
0.0.948513,83.08669097876349,SUCCESS,0.0.731861,0.0.3961531,0.0.4138717@1781549145.972440478
0.0.877394,0.08049835500017077,NOT_ASSOCIATED,0.0.731861,0.0.3961531&0.0.3964804,
0.0.8767225,3.887314741578375,SUCCESS,0.0.731861,0.0.3961531&0.0.3964804,0.0.4138717@1781549148.301383776
0.0.10478184,14714.11900420282,SUCCESS,0.0.731861,0.0.3961531&0.0.3964804,0.0.4138717@1781549146.256039792
0.0.4594903,11.00665130261871,SUCCESS,0.0.731861,0.0.3961531&0.0.3964790&0.0.3964804,0.0.4138717@1781549151.184085294
0.0.953101,267.503002650509,SUCCESS,0.0.731861,0.0.3961531,0.0.4138717@1781549149.660894737
0.0.4853295,59.62565649338288,SUCCESS,0.0.731861,0.0.3961531&0.0.3964804,0.0.4138717@1781549148.945587794
0.0.9353895,0.009666768909227567,SUCCESS,0.0.731861,0.0.3961531,0.0.4138717@1781549147.886279196
0.0.1413657,58.80387468100994,SUCCESS,0.0.731861,0.0.3961531&0.0.4601632&0.0.5328590,0.0.4138717@1781549147.826835287
0.0.892088,3.956263316588274,SUCCESS,0.0.731861,0.0.3961531,0.0.4138717@1781549150.068015365
0.0.9279414,0.1010553498016348,SUCCESS,0.0.731861,0.0.3961531,0.0.4138717@1781549151.014467938
0.0.859176,1.676866927859839,SUCCESS,0.0.731861,0.0.3964790,0.0.4138717@1781549154.160754274
0.0.8352642,113.9031960760092,SUCCESS,0.0.731861,0.0.3964790&0.0.3964804&0.0.4601632,0.0.4138717@1781549151.362594489
0.0.4330338,0.00001960091192886296,SUCCESS,0.0.731861,0.0.3964790,0.0.4138717@1781549155.277348119
0.0.8447885,1.15284364251507,SUCCESS,0.0.731861,0.0.3964790,0.0.4138717@1781549152.863870661
0.0.8267043,0.4060201134300756,SUCCESS,0.0.731861,0.0.3964790&0.0.5328590,0.0.4138717@1781549151.690407200
0.0.795838,1.001389580711107,SUCCESS,0.0.731861,0.0.3964790&0.0.3964804,0.0.4138717@1781549155.414582386
0.0.1416793,0.3614395092431495,SUCCESS,0.0.731861,0.0.3964790,0.0.4138717@1781549151.470396679
0.0.3854083,0.1362044502215065,SUCCESS,0.0.731861,0.0.3964790,0.0.4138717@1781549155.818260602
0.0.813712,0.3945836712694784,SUCCESS,0.0.731861,0.0.3964790,0.0.4138717@1781549156.920376430
0.0.6047264,0.06376315081334534,SUCCESS,0.0.731861,0.0.3964790,0.0.4138717@1781549156.874043618
0.0.1073086,0.02286585212427472,SUCCESS,0.0.731861,0.0.3964790&0.0.3964860,0.0.4138717@1781549156.091135101
0.0.6043615,70.0167838235771,SUCCESS,0.0.731861,0.0.3964790&0.0.3964827&0.0.3964855&0.0.5328590&0.0.6071041&0.0.8315114,0.0.4138717@1781549157.275950277
0.0.4337852,1.864591956480625,SUCCESS,0.0.731861,0.0.3964790,0.0.4138717@1781549156.073103377
0.0.4205079,0.6697589137494033,SUCCESS,0.0.731861,0.0.3964790,0.0.4138717@1781549159.023394775
0.0.4384266,1.669083967172357,SUCCESS,0.0.731861,0.0.3964790,0.0.4138717@1781549159.675382214
0.0.842540,0.5166907642509683,SUCCESS,0.0.731861,0.0.3964790,0.0.4138717@1781549156.294520336
0.0.5807981,197.0441557547916,SUCCESS,0.0.731861,0.0.3964790&0.0.3964860,0.0.4138717@1781549161.072967292
0.0.7896827,0.06966961257839344,SUCCESS,0.0.731861,0.0.3964790&0.0.6071041,0.0.4138717@1781549162.588220192
0.0.10135295,23.12155208200602,SUCCESS,0.0.731861,0.0.3964790&0.0.3964827,0.0.4138717@1781549161.069509050
0.0.1082789,10085.20295191477,SUCCESS,0.0.731861,0.0.3964790,0.0.4138717@1781549163.162160139
0.0.7951,6980.030552864813,SUCCESS,0.0.731861,0.0.3964790&0.0.3964855,0.0.4138717@1781549161.371785794
0.0.1085174,1275.08771205332,SUCCESS,0.0.731861,0.0.3964790&0.0.10387648,0.0.4138717@1781549159.678644912
0.0.817883,0.02256996010178705,SUCCESS,0.0.731861,0.0.3964790,0.0.4138717@1781549162.941375981
0.0.1288450,0.1260214447378515,SUCCESS,0.0.731861,0.0.3964790,0.0.4138717@1781549162.451897290
0.0.835202,0.0008562546222895354,SUCCESS,0.0.731861,0.0.3964790,0.0.4138717@1781549163.549483092
0.0.1314568,4492.110636911226,SUCCESS,0.0.731861,0.0.3964790,0.0.4138717@1781549167.077523075
0.0.4759022,0.02828280918607346,SUCCESS,0.0.731861,0.0.3964790,0.0.4138717@1781549166.342631217
0.0.920901,111.0772708548522,SUCCESS,0.0.731861,0.0.3964790&0.0.3964804,0.0.4138717@1781549163.600153687
0.0.837751,0.004371396135021304,SUCCESS,0.0.731861,0.0.3964790,0.0.4138717@1781549167.436312089
0.0.4157394,0.0002332431467012199,SUCCESS,0.0.731861,0.0.3964790,0.0.4138717@1781549167.251055789
0.0.4363785,0.5876188829084324,SUCCESS,0.0.731861,0.0.3964790,0.0.4138717@1781549168.929195710
0.0.4328823,3.217655096538949,SUCCESS,0.0.731861,0.0.3964790&0.0.5328590,0.0.4138717@1781549165.605130768
0.0.1703452,45.6438021043603,SUCCESS,0.0.731861,0.0.3964790&0.0.3964804,0.0.4138717@1781549167.169711146
0.0.3774696,0.003494765275876087,SUCCESS,0.0.731861,0.0.3964790,0.0.4138717@1781549168.296981170
0.0.4819535,0.01563798365823208,SUCCESS,0.0.731861,0.0.3964790,0.0.4138717@1781549170.564571783
0.0.732798,2.561570508691137,SUCCESS,0.0.731861,0.0.3964790&0.0.3964804&0.0.4129330,0.0.4138717@1781549171.174636853
0.0.4713784,3.510674105334502,SUCCESS,0.0.731861,0.0.3964790&0.0.3964827,0.0.4138717@1781549172.548737211
0.0.1093612,2.308507724064896,SUCCESS,0.0.731861,0.0.3964790&0.0.3964804,0.0.4138717@1781549171.622626863
0.0.5326504,16.33678998279493,SUCCESS,0.0.731861,0.0.3964790&0.0.3964804,0.0.4138717@1781549170.558895804
0.0.4574338,0.0001412818182078705,SUCCESS,0.0.731861,0.0.3964790,0.0.4138717@1781549168.837870153
0.0.9960625,9.05151079144829e-9,SUCCESS,0.0.731861,0.0.3964790,0.0.4138717@1781549169.882646347
0.0.1380166,0.0003509482347023724,SUCCESS,0.0.731861,0.0.3964790,0.0.4138717@1781549173.286100660
0.0.10023501,1.650341807879028e-8,SUCCESS,0.0.731861,0.0.3964790,0.0.4138717@1781549174.122281509
0.0.10030621,0.00001427126966916861,SUCCESS,0.0.731861,0.0.3964790,0.0.4138717@1781549174.655957462
0.0.10060744,0.003878985625117898,SUCCESS,0.0.731861,0.0.3964790,0.0.4138717@1781549176.018170541
0.0.10164571,0.4845011899958134,SUCCESS,0.0.731861,0.0.3964790,0.0.4138717@1781549175.330903442
0.0.942926,2063.017567102181,SUCCESS,0.0.731861,0.0.3964790,0.0.4138717@1781549176.114324512
0.0.4355907,0.2112722557946838,SUCCESS,0.0.731861,0.0.3964790,0.0.4138717@1781549172.941084968
0.0.4371196,2.832846719552565,SUCCESS,0.0.731861,0.0.3964790,0.0.4138717@1781549177.358857923
0.0.8291825,14.08873450657674,SUCCESS,0.0.731861,0.0.3964790&0.0.3964804,0.0.4138717@1781549176.724105740
0.0.4367730,1.566182221296936,SUCCESS,0.0.731861,0.0.3964790,0.0.4138717@1781549175.319741038
0.0.9365757,26.12368621981706,SUCCESS,0.0.731861,0.0.3964790&0.0.3964804&0.0.5328590,0.0.4138717@1781549177.990842649
0.0.9301501,0.75133396671672,SUCCESS,0.0.731861,0.0.3964790&0.0.5328590,0.0.4138717@1781549177.054806980
0.0.9400801,361.4637096483677,SUCCESS,0.0.731861,0.0.3964790,0.0.4138717@1781549179.859567122
0.0.1504445,3.020576600759537,SUCCESS,0.0.731861,0.0.3964790,0.0.4138717@1781549178.218915429
0.0.4908409,0.002442852652790428,SUCCESS,0.0.731861,0.0.3964790,0.0.4138717@1781549179.705672957
0.0.877481,4008.260777693447,SUCCESS,0.0.731861,0.0.3964790&0.0.5328590,0.0.4138717@1781549181.518962188
0.0.3304469,143.1543283323051,SUCCESS,0.0.731861,0.0.3964790&0.0.3964827,0.0.4138717@1781549181.506542156
0.0.5374006,0.08007672711436042,SUCCESS,0.0.731861,0.0.3964790&0.0.4601632,0.0.4138717@1781549182.472497275
0.0.858310,0.2027410388917588,SUCCESS,0.0.731861,0.0.3964790,0.0.4138717@1781549179.730245385
0.0.4540904,9.483818926493045,SUCCESS,0.0.731861,0.0.3964790&0.0.3964804&0.0.3964855,0.0.4138717@1781549183.631764027
0.0.3938365,1.755519612475401,SUCCESS,0.0.731861,0.0.3964790,0.0.4138717@1781549184.748882888
0.0.2174952,3.580479309695566,SUCCESS,0.0.731861,0.0.3964790&0.0.3964804,0.0.4138717@1781549182.591394046
0.0.4784258,13.42574506338269,SUCCESS,0.0.731861,0.0.3964790&0.0.3964804&0.0.3964855,0.0.4138717@1781549182.835133745
0.0.27463,4.803348690350384,SUCCESS,0.0.731861,0.0.3964790,0.0.4138717@1781549182.180540723
0.0.6075972,0.6506572325373576,SUCCESS,0.0.731861,0.0.3964790,0.0.4138717@1781549185.757399281
0.0.3926190,0.0003432167377850752,SUCCESS,0.0.731861,0.0.3964790,0.0.4138717@1781549185.544850608
0.0.3903731,3.612548225245418e-7,NOT_ASSOCIATED,0.0.731861,0.0.3964790,
0.0.966009,0.3894699570238317,SUCCESS,0.0.731861,0.0.3964790,0.0.4138717@1781549184.785605066
0.0.794506,325.2386390386516,SUCCESS,0.0.731861,0.0.3964790&0.0.5328590,0.0.4138717@1781549189.606683734
0.0.7607102,0.1185600996544465,SUCCESS,0.0.731861,0.0.3964790&0.0.3964804,0.0.4138717@1781549185.493055819
0.0.9177203,0.03914511570778294,SUCCESS,0.0.731861,0.0.3964804,0.0.4138717@1781549186.299924477
0.0.8551680,742.3992092372476,SUCCESS,0.0.731861,0.0.3964804&0.0.5328590,0.0.4138717@1781549188.311730961
0.0.9104016,34.7685126378916,SUCCESS,0.0.731861,0.0.3964804&0.0.3964860&0.0.5328590,0.0.4138717@1781549186.609806380
0.0.8514597,54.77882875273868,SUCCESS,0.0.731861,0.0.3964804,0.0.4138717@1781549191.304426499
0.0.8903303,6.943275307314051,FAIL,0.0.731861,0.0.3964804,
0.0.3288501,0.7929278499789212,SUCCESS,0.0.731861,0.0.3964804,0.0.4138717@1781549187.864946073
0.0.4724806,133.172221400444,SUCCESS,0.0.731861,0.0.3964804&0.0.5328590,0.0.4138717@1781549189.347394546
0.0.8717466,0.01698490945216178,SUCCESS,0.0.731861,0.0.3964804,0.0.4138717@1781549188.591902061
0.0.1056579,53.66329070177817,SUCCESS,0.0.731861,0.0.3964804,0.0.4138717@1781549192.528748792
0.0.2185671,0.8838313635628446,SUCCESS,0.0.731861,0.0.3964804,0.0.4138717@1781549193.022083039
0.0.6045318,3.680129743944379,SUCCESS,0.0.731861,0.0.3964804,0.0.4138717@1781549191.887982423
0.0.5719491,0.5886480238615248,SUCCESS,0.0.731861,0.0.3964804,0.0.4138717@1781549192.208723440
0.0.1681033,0.7187847331113902,SUCCESS,0.0.731861,0.0.3964804,0.0.4138717@1781549195.475862027
0.0.5580759,0.3615338100594152,SUCCESS,0.0.731861,0.0.3964804,0.0.4138717@1781549193.558809531
0.0.840324,21.63143324337988,SUCCESS,0.0.731861,0.0.3964804,0.0.4138717@1781549193.592106504
0.0.919311,1300.329314012979,NOT_ASSOCIATED,0.0.731861,0.0.3964804,
0.0.7920736,23.29841565401248,SUCCESS,0.0.731861,0.0.3964804,0.0.4138717@1781549193.508900799
0.0.8057884,23.01200906657681,SUCCESS,0.0.731861,0.0.3964804,0.0.4138717@1781549196.973386090
0.0.8382708,0.08677842185606767,SUCCESS,0.0.731861,0.0.3964804,0.0.4138717@1781549192.365760415
0.0.7550116,0.8725652011363558,NOT_ASSOCIATED,0.0.731861,0.0.3964804,
0.0.4838474,51.03497112024105,SUCCESS,0.0.731861,0.0.3964804&0.0.5328590,0.0.4138717@1781549194.981172221
0.0.4319619,1.277634873435716,SUCCESS,0.0.731861,0.0.3964804,0.0.4138717@1781549194.962927774
0.0.8120693,15.39320088990549,SUCCESS,0.0.731861,0.0.3964804,0.0.4138717@1781549196.098747695
0.0.9144684,1.051275032289936,SUCCESS,0.0.731861,0.0.3964804,0.0.4138717@1781549198.690443983
0.0.2017766,13.37713013492467,SUCCESS,0.0.731861,0.0.3964804,0.0.4138717@1781549196.242027025
0.0.6295630,0.5008447906714318,NOT_ASSOCIATED,0.0.731861,0.0.3964804,
0.0.3681629,55.34679422338411,SUCCESS,0.0.731861,0.0.3964804,0.0.4138717@1781549198.667057949
0.0.853379,205.0266932278681,SUCCESS,0.0.731861,0.0.3964804,0.0.4138717@1781549197.248155711
0.0.9272301,6.637202879236648,NOT_ASSOCIATED,0.0.731861,0.0.3964804,
0.0.9273859,0.6407609511193506,SUCCESS,0.0.731861,0.0.3964804,0.0.4138717@1781549198.195646735
0.0.2149252,0.0006230627068464705,SUCCESS,0.0.731861,0.0.3964804,0.0.4138717@1781549201.583218276
0.0.9150672,0.2859669929627475,SUCCESS,0.0.731861,0.0.3964804,0.0.4138717@1781549201.995619693
0.0.6094118,0.1928174256208747,SUCCESS,0.0.731861,0.0.3964804,0.0.4138717@1781549203.436774185
0.0.9168967,14.90388898348074,SUCCESS,0.0.731861,0.0.3964804&0.0.3964827&0.0.5328590,0.0.4138717@1781549200.488621103
0.0.4310363,20.90248259462475,SUCCESS,0.0.731861,0.0.3964804&0.0.3964860,0.0.4138717@1781549201.022850821
0.0.9201440,0.5184725239896738,SUCCESS,0.0.731861,0.0.3964804,0.0.4138717@1781549204.998228294
0.0.7993090,57.5287767797076,SUCCESS,0.0.731861,0.0.3964804,0.0.4138717@1781549203.467766394
0.0.4795853,1.68925197791957,SUCCESS,0.0.731861,0.0.3964804,0.0.4138717@1781549201.564332056
0.0.9149385,0.9095595342238987,SUCCESS,0.0.731861,0.0.3964804,0.0.4138717@1781549203.616908722
0.0.8076778,0.0170520390841598,SUCCESS,0.0.731861,0.0.3964804,0.0.4138717@1781549202.847617022
0.0.7924085,0.1892825036228352,SUCCESS,0.0.731861,0.0.3964804,0.0.4138717@1781549206.788664189
0.0.7732467,12.28136985822935,SUCCESS,0.0.731861,0.0.3964804&0.0.3964827,0.0.4138717@1781549205.046302319
0.0.981571,0.7732646381177574,SUCCESS,0.0.731861,0.0.3964804,0.0.4138717@1781549208.153351328
0.0.3847179,6.087576331234576,SUCCESS,0.0.731861,0.0.3964804,0.0.4138717@1781549206.741774474
0.0.1467538,4.493750772514405,SUCCESS,0.0.731861,0.0.3964804,0.0.4138717@1781549208.852597693
0.0.8131537,6.625351037748043,SUCCESS,0.0.731861,0.0.3964804,0.0.4138717@1781549207.663069596
0.0.4315395,0.9587520512620822,SUCCESS,0.0.731861,0.0.3964804,0.0.4138717@1781549209.103405537
0.0.4388693,1.946877862706637,SUCCESS,0.0.731861,0.0.3964804&0.0.4601632,0.0.4138717@1781549209.723924303
0.0.8083173,4.993937858780077,SUCCESS,0.0.731861,0.0.3964804,0.0.4138717@1781549207.640802437
0.0.2964523,255.3978667129473,SUCCESS,0.0.731861,0.0.3964804&0.0.3964860,0.0.4138717@1781549211.444474837
0.0.844131,3.068004359132195,SUCCESS,0.0.731861,0.0.3964804,0.0.4138717@1781549211.915928166
0.0.6313326,82.9459416460549,SUCCESS,0.0.731861,0.0.3964804,0.0.4138717@1781549214.238189140
0.0.7583284,2.267164191390298,SUCCESS,0.0.731861,0.0.3964804,0.0.4138717@1781549211.614287430
0.0.1673276,284.7043389665899,SUCCESS,0.0.731861,0.0.3964804&0.0.5328590,0.0.4138717@1781549215.340987373
0.0.4804985,1.780659284762263,SUCCESS,0.0.731861,0.0.3964804,0.0.4138717@1781549214.323076509
0.0.4343570,3.443088842688096,SUCCESS,0.0.731861,0.0.3964804,0.0.4138717@1781549213.641462733
0.0.7732676,369.6845304682047,SUCCESS,0.0.731861,0.0.3964804,0.0.4138717@1781549217.052702389
0.0.2891280,7.701157036445161,NOT_ASSOCIATED,0.0.731861,0.0.3964804,
0.0.838388,72.06927380044702,SUCCESS,0.0.731861,0.0.3964804,0.0.4138717@1781549213.772329511
0.0.7916029,188.3925322405512,SUCCESS,0.0.731861,0.0.3964804,0.0.4138717@1781549216.282839869
0.0.4861986,1.461217028620688,SUCCESS,0.0.731861,0.0.3964804,0.0.4138717@1781549218.690610660
0.0.1369825,1135.650728601688,SUCCESS,0.0.731861,0.0.3964804&0.0.3964827&0.0.4601632&0.0.6071041&0.0.6126395,0.0.4138717@1781549217.332861753
0.0.8244642,5599.298187116107,SUCCESS,0.0.731861,0.0.3964804,0.0.4138717@1781549217.250064756
0.0.658160,1.722207445902515,SUCCESS,0.0.731861,0.0.3964804&0.0.8315114,0.0.4138717@1781549219.049545666
0.0.7920282,0.0648804879837455,SUCCESS,0.0.731861,0.0.3964804,0.0.4138717@1781549217.475448778
0.0.4743054,0.5544061204174853,SUCCESS,0.0.731861,0.0.3964804&0.0.8315114,0.0.4138717@1781549219.372490636
0.0.7285744,0.2151161051495504,SUCCESS,0.0.731861,0.0.3964804,0.0.4138717@1781549217.598360945
0.0.6148704,0.7930958958080905,NOT_ASSOCIATED,0.0.731861,0.0.3964804,
0.0.7816479,193.2403517472902,SUCCESS,0.0.731861,0.0.3964804&0.0.8315114,0.0.4138717@1781549221.559007951
0.0.1261132,4.187104204085001,SUCCESS,0.0.731861,0.0.3964804,0.0.4138717@1781549222.628255310
0.0.1404010,0.03236313756331576,NOT_ASSOCIATED,0.0.731861,0.0.3964804,
0.0.9303899,14.61507103193302,SUCCESS,0.0.731861,0.0.3964804,0.0.4138717@1781549221.333419198
0.0.8209705,1.185353205848624,SUCCESS,0.0.731861,0.0.3964804,0.0.4138717@1781549221.069381162
0.0.7166497,0.685859321027422,SUCCESS,0.0.731861,0.0.3964804,0.0.4138717@1781549223.593315022
0.0.8002341,2.512786160826706,SUCCESS,0.0.731861,0.0.3964804,0.0.4138717@1781549222.511635027
0.0.7938061,0.5656042376204473,SUCCESS,0.0.731861,0.0.3964804,0.0.4138717@1781549225.190282602
0.0.3241611,4.122581540693877,SUCCESS,0.0.731861,0.0.3964804,0.0.4138717@1781549222.163548927
0.0.8227507,4.930521692776047,SUCCESS,0.0.731861,0.0.3964804,0.0.4138717@1781549222.732715274
0.0.1754370,0.404993388689777,SUCCESS,0.0.731861,0.0.3964804,0.0.4138717@1781549222.798595278
0.0.2116216,8.466114392755859,SUCCESS,0.0.731861,0.0.3964804,0.0.4138717@1781549224.306439909
0.0.7965335,18.97664887252258,NOT_ASSOCIATED,0.0.731861,0.0.3964804,
0.0.6294131,0.0002800880978080157,SUCCESS,0.0.731861,0.0.3964804,0.0.4138717@1781549227.262639922
0.0.4782567,23.59338189317477,SUCCESS,0.0.731861,0.0.3964804,0.0.4138717@1781549226.784511898
0.0.2302824,0.02116878689558996,SUCCESS,0.0.731861,0.0.3964804,0.0.4138717@1781549225.985340480
0.0.4433604,0.6821099955984786,SUCCESS,0.0.731861,0.0.3964804&0.0.4601632,0.0.4138717@1781549227.746537596
0.0.4345176,0.8541423523124293,SUCCESS,0.0.731861,0.0.3964804,0.0.4138717@1781549229.580846257
0.0.5432163,0.3805605441155435,NOT_ASSOCIATED,0.0.731861,0.0.3964804,
0.0.1415516,79.06346494453625,SUCCESS,0.0.731861,0.0.3964804,0.0.4138717@1781549229.474478637
0.0.4329551,80.84926793306816,SUCCESS,0.0.731861,0.0.3964804&0.0.3964827&0.0.3964855,0.0.4138717@1781549228.876744002
0.0.5029689,30.80052744900678,SUCCESS,0.0.731861,0.0.3964804,0.0.4138717@1781549227.155420615
0.0.834666,65.78579876074572,SUCCESS,0.0.731861,0.0.3964804,0.0.4138717@1781549229.876707546
0.0.4323897,0.1308274915003178,SUCCESS,0.0.731861,0.0.3964804,0.0.4138717@1781549227.430217021
0.0.435679,2709.588015054414,SUCCESS,0.0.731861,0.0.3964804&0.0.3964827&0.0.3964860&0.0.5328590,0.0.4138717@1781549230.623565657
0.0.4340392,0.4759560733898068,SUCCESS,0.0.731861,0.0.3964804,0.0.4138717@1781549232.505665527
0.0.837799,11.49472136538872,SUCCESS,0.0.731861,0.0.3964804,0.0.4138717@1781549231.857313034
0.0.4144365,16.94113867154863,SUCCESS,0.0.731861,0.0.3964804,0.0.4138717@1781549230.315548007
0.0.2005484,0.1833896160719744,SUCCESS,0.0.731861,0.0.3964804,0.0.4138717@1781549230.141015162
0.0.4644030,0.2223976637689337,SUCCESS,0.0.731861,0.0.3964804,0.0.4138717@1781549231.217073329
0.0.876236,1.313122192765937,SUCCESS,0.0.731861,0.0.3964804,0.0.4138717@1781549235.512191115
0.0.1505544,0.06564105273706929,SUCCESS,0.0.731861,0.0.3964804,0.0.4138717@1781549234.488117751
0.0.6061106,3.892825043999488,NOT_ASSOCIATED,0.0.731861,0.0.3964804,
0.0.848151,3.19533754947948,SUCCESS,0.0.731861,0.0.3964804,0.0.4138717@1781549235.540617192
0.0.1388678,43.12141926652996,SUCCESS,0.0.731861,0.0.3964804,0.0.4138717@1781549236.908002185
0.0.4785387,97.9915411994971,SUCCESS,0.0.731861,0.0.3964804&0.0.4601632,0.0.4138717@1781549238.193302601
0.0.4322023,10.8341302352184,SUCCESS,0.0.731861,0.0.3964804&0.0.3964855&0.0.4601632,0.0.4138717@1781549237.009210254
0.0.5060252,1.753524515229822,SUCCESS,0.0.731861,0.0.3964804&0.0.3964860,0.0.4138717@1781549237.928012995
0.0.3295745,58.88766573810533,SUCCESS,0.0.731861,0.0.3964804,0.0.4138717@1781549235.945572950
0.0.4758052,1.511774066023107,SUCCESS,0.0.731861,0.0.3964804,0.0.4138717@1781549237.027993983
0.0.560837,137.0319862681588,SUCCESS,0.0.731861,0.0.3964804,0.0.4138717@1781549237.825272714
0.0.4640278,0.8206716637764626,SUCCESS,0.0.731861,0.0.3964804,0.0.4138717@1781549237.636461773
0.0.1747288,33.55176737789478,SUCCESS,0.0.731861,0.0.3964804,0.0.4138717@1781549238.151503147
0.0.4741573,7.972089914751756,SUCCESS,0.0.731861,0.0.3964804,0.0.4138717@1781549238.038481586
0.0.4923529,0.01565871398631669,NOT_ASSOCIATED,0.0.731861,0.0.3964804,
0.0.1046906,0.2169508491506657,SUCCESS,0.0.731861,0.0.3964804,0.0.4138717@1781549242.249206296
0.0.4362017,14.09079530405359,SUCCESS,0.0.731861,0.0.3964804,0.0.4138717@1781549242.164199217
0.0.789990,0.6259736598227134,SUCCESS,0.0.731861,0.0.3964804,0.0.4138717@1781549240.158754872
0.0.840487,27.58782210110473,SUCCESS,0.0.731861,0.0.3964804,0.0.4138717@1781549241.117065878
0.0.5314183,3.33163156697789,SUCCESS,0.0.731861,0.0.3964804,0.0.4138717@1781549239.656954856
0.0.9226909,2.684095432924186,SUCCESS,0.0.731861,0.0.3964804,0.0.4138717@1781549240.654865079
0.0.9317309,0.01031420502557274,SUCCESS,0.0.731861,0.0.3964804&0.0.9774523,0.0.4138717@1781549245.103883666
0.0.7550127,1.867118356776212,SUCCESS,0.0.731861,0.0.3964804,0.0.4138717@1781549244.745259944
0.0.5482082,6.191166962686744,SUCCESS,0.0.731861,0.0.3964804,0.0.4138717@1781549246.366289274
0.0.9695749,29.87903273896661,NOT_ASSOCIATED,0.0.731861,0.0.3964804,
0.0.834767,11.67332881006371,SUCCESS,0.0.731861,0.0.3964804,0.0.4138717@1781549244.069887502
0.0.9612822,1.467458088675319,NOT_ASSOCIATED,0.0.731861,0.0.3964804,
0.0.6258977,46.78426134403416,SUCCESS,0.0.731861,0.0.3964804&0.0.5328590,0.0.4138717@1781549246.204645187
0.0.946029,4.828059570078024,NOT_ASSOCIATED,0.0.731861,0.0.3964804,
0.0.1461428,14.70859733212347,SUCCESS,0.0.731861,0.0.3964804,0.0.4138717@1781549245.937986022
0.0.4154591,736.7314940836969,SUCCESS,0.0.731861,0.0.3964804&0.0.3964860&0.0.4601632&0.0.5328590,0.0.4138717@1781549244.142777800
0.0.1517175,8.251380598816183,SUCCESS,0.0.731861,0.0.3964804,0.0.4138717@1781549247.183302663
0.0.1043461,556.3287558915316,SUCCESS,0.0.731861,0.0.3964804,0.0.4138717@1781549247.018770610
0.0.2657839,38.74185236474643,SUCCESS,0.0.731861,0.0.3964804,0.0.4138717@1781549246.324484461
0.0.9464371,470.5181487697398,SUCCESS,0.0.731861,0.0.3964804,0.0.4138717@1781549249.536779383
0.0.9477910,32.93701409427022,SUCCESS,0.0.731861,0.0.3964804,0.0.4138717@1781549249.205965680
0.0.1736150,16.13547738494837,SUCCESS,0.0.731861,0.0.3964804,0.0.4138717@1781549251.392998256
0.0.915984,161.7904154427055,SUCCESS,0.0.731861,0.0.3964804,0.0.4138717@1781549248.756060119
0.0.9404882,3.558651469069277,SUCCESS,0.0.731861,0.0.3964804,0.0.4138717@1781549248.459963501
0.0.9178066,0.09555902466997367,SUCCESS,0.0.731861,0.0.3964804,0.0.4138717@1781549250.764541258
0.0.966444,25.09199283537747,SUCCESS,0.0.731861,0.0.3964804,0.0.4138717@1781549250.983123323
0.0.10427913,1.532502692286166,NOT_ASSOCIATED,0.0.731861,0.0.3964804,
0.0.10171350,54.76965719813182,SUCCESS,0.0.731861,0.0.3964804&0.0.5328590,0.0.4138717@1781549252.926603297
0.0.4853191,0.07268328693750284,SUCCESS,0.0.731861,0.0.3964804,0.0.4138717@1781549252.236162730
0.0.9796301,6.401625873916793,NOT_ASSOCIATED,0.0.731861,0.0.3964804,
0.0.10279551,2.215044195941063,SUCCESS,0.0.731861,0.0.3964804,0.0.4138717@1781549255.019564000
0.0.10261941,10.19581517093631,SUCCESS,0.0.731861,0.0.3964804,0.0.4138717@1781549251.247605860
0.0.10242536,15.20783483790591,NOT_ASSOCIATED,0.0.731861,0.0.3964804,
0.0.2030460,3182.494971122444,SUCCESS,0.0.731861,0.0.3964804&0.0.5328590&0.0.6078473,0.0.4138717@1781549252.904571890
0.0.10056907,59.81159976527142,SUCCESS,0.0.731861,0.0.3964804&0.0.5328590,0.0.4138717@1781549251.671316939
0.0.7164995,98.5017135730689,SUCCESS,0.0.731861,0.0.3964804,0.0.4138717@1781549252.376653868
0.0.1486871,263.8884165468122,SUCCESS,0.0.731861,0.0.3964804,0.0.4138717@1781549253.541478625
0.0.5112630,5.274421430456342,SUCCESS,0.0.731861,0.0.3964804,0.0.4138717@1781549255.075134970
0.0.1711144,1.440943053942234,NOT_ASSOCIATED,0.0.731861,0.0.3964804,
0.0.9690555,2.528045117983068,SUCCESS,0.0.731861,0.0.3964804,0.0.4138717@1781549252.887544333
0.0.4911466,0.08381355231006031,SUCCESS,0.0.731861,0.0.3964804,0.0.4138717@1781549256.060913673
0.0.10068662,0.4727606581387409,SUCCESS,0.0.731861,0.0.3964804,0.0.4138717@1781549256.036005818
0.0.6460255,40.86979433957115,NOT_ASSOCIATED,0.0.731861,0.0.3964804,
0.0.3907868,0.04677020375533349,SUCCESS,0.0.731861,0.0.3964804,0.0.4138717@1781549255.237802160
0.0.4360122,2.206126057043073,SUCCESS,0.0.731861,0.0.3964804,0.0.4138717@1781549255.787620221
0.0.2101943,0.02255845114135659,SUCCESS,0.0.731861,0.0.3964804,0.0.4138717@1781549255.755669439
0.0.3100704,2469.744428913271,SUCCESS,0.0.731861,0.0.3964804&0.0.3964860&0.0.4601632&0.0.5328590,0.0.4138717@1781549257.156256680
0.0.4229971,1.341645330446802,SUCCESS,0.0.731861,0.0.3964804,0.0.4138717@1781549256.742614343
0.0.4535053,29.9083544490091,SUCCESS,0.0.731861,0.0.3964804,0.0.4138717@1781549260.680730158
0.0.835055,0.009521190793212236,SUCCESS,0.0.731861,0.0.3964804,0.0.4138717@1781549258.562486479
0.0.4356553,0.3159671655330227,SUCCESS,0.0.731861,0.0.3964804,0.0.4138717@1781549260.751571523
0.0.4333378,0.09234626590513899,SUCCESS,0.0.731861,0.0.3964804,0.0.4138717@1781549260.747058533
0.0.4368518,0.8752178355839038,SUCCESS,0.0.731861,0.0.3964804,0.0.4138717@1781549258.669803954
0.0.1728462,1.820131510019554,SUCCESS,0.0.731861,0.0.3964804,0.0.4138717@1781549263.465238943
0.0.1440806,59.69734091524337,SUCCESS,0.0.731861,0.0.3964804,0.0.4138717@1781549264.141744774
0.0.4329185,20.48660567482749,SUCCESS,0.0.731861,0.0.3964804,0.0.4138717@1781549262.724324206
0.0.4341116,15.31074070458204,SUCCESS,0.0.731861,0.0.3964804,0.0.4138717@1781549260.532503287
0.0.3023498,6.061510476342019,SUCCESS,0.0.731861,0.0.3964804,0.0.4138717@1781549261.711854871
0.0.4351860,2.828355881290173,NOT_ASSOCIATED,0.0.731861,0.0.3964804,
0.0.1092596,10.45583549594189,SUCCESS,0.0.731861,0.0.3964804&0.0.3964860&0.0.4601632,0.0.4138717@1781549263.753374176
0.0.4346529,31.36679816073638,SUCCESS,0.0.731861,0.0.3964804,0.0.4138717@1781549263.728577809
0.0.4345412,0.9895442379170508,SUCCESS,0.0.731861,0.0.3964804,0.0.4138717@1781549266.146026780
0.0.838198,22.4505573263996,SUCCESS,0.0.731861,0.0.3964804&0.0.3964855&0.0.4601632,0.0.4138717@1781549264.548672797
0.0.4589167,0.2247337344232287,NOT_ASSOCIATED,0.0.731861,0.0.3964804,
0.0.5023507,128.2348136914949,SUCCESS,0.0.731861,0.0.3964804&0.0.4601632&0.0.5328590,0.0.4138717@1781549264.687640534
0.0.3937438,3.690111349491885,SUCCESS,0.0.731861,0.0.3964804,0.0.4138717@1781549268.486019830
0.0.796454,187.8828877806163,SUCCESS,0.0.731861,0.0.3964804,0.0.4138717@1781549264.653258432
0.0.5147407,4.790612693615489,SUCCESS,0.0.731861,0.0.3964804,0.0.4138717@1781549266.899169865
0.0.859649,1.777081666577371,SUCCESS,0.0.731861,0.0.3964804,0.0.4138717@1781549264.934914030
0.0.4533464,1.628984758166665,SUCCESS,0.0.731861,0.0.3964804,0.0.4138717@1781549266.725468116
0.0.5495538,9.413359901469397,SUCCESS,0.0.731861,0.0.3964804&0.0.3964860&0.0.4601632,0.0.4138717@1781549266.168132936
0.0.4093788,24.73749206453012,SUCCESS,0.0.731861,0.0.3964804,0.0.4138717@1781549266.017262049
0.0.5421455,0.05214668305648733,SUCCESS,0.0.731861,0.0.3964804,0.0.4138717@1781549267.823145776
0.0.5315914,21.07839607350725,SUCCESS,0.0.731861,0.0.3964804,0.0.4138717@1781549270.342619906
0.0.4345654,873.7569723854435,SUCCESS,0.0.731861,0.0.3964804,0.0.4138717@1781549271.158262793
0.0.4327294,0.2049771817315442,SUCCESS,0.0.731861,0.0.3964804,0.0.4138717@1781549269.098051970
0.0.728698,16.22856278122565,SUCCESS,0.0.731861,0.0.3964804&0.0.4601632,0.0.4138717@1781549273.299552881
0.0.1402758,10.59608844773411,SUCCESS,0.0.731861,0.0.3964804,0.0.4138717@1781549273.147452292
0.0.1353334,0.6032990104040354,SUCCESS,0.0.731861,0.0.3964804,0.0.4138717@1781549273.493744268
0.0.3165925,0.7360128431228857,SUCCESS,0.0.731861,0.0.3964804,0.0.4138717@1781549272.077366556
0.0.1357334,1.796117635771573,SUCCESS,0.0.731861,0.0.3964804,0.0.4138717@1781549273.699626142
0.0.1478185,0.4867327412338035,SUCCESS,0.0.731861,0.0.3964804,0.0.4138717@1781549273.710890337
0.0.1268672,0.2195414058585554,SUCCESS,0.0.731861,0.0.3964804,0.0.4138717@1781549272.732566009
0.0.835670,11.91791774618715,SUCCESS,0.0.731861,0.0.3964804&0.0.4601632,0.0.4138717@1781549275.604479575
0.0.4138268,2.197122427182176,SUCCESS,0.0.731861,0.0.3964804,0.0.4138717@1781549276.308094409
0.0.836096,5.561081155720996,SUCCESS,0.0.731861,0.0.3964804,0.0.4138717@1781549277.784332305
0.0.2145447,111.3092342935838,SUCCESS,0.0.731861,0.0.3964804,0.0.4138717@1781549276.035153073
0.0.859565,220.0376734771939,SUCCESS,0.0.731861,0.0.3964804&0.0.10414792,0.0.4138717@1781549277.392859920
0.0.859149,193.9282110685594,SUCCESS,0.0.731861,0.0.3964804,0.0.4138717@1781549277.114277231
0.0.1448131,3.03226752468602,SUCCESS,0.0.731861,0.0.3964804,0.0.4138717@1781549275.925047554
0.0.1088394,384.9148174382339,SUCCESS,0.0.731861,0.0.3964804&0.0.3964860&0.0.5328590&0.0.6078473,0.0.4138717@1781549278.481441406
0.0.1877641,13.60411231688101,SUCCESS,0.0.731861,0.0.3964804,0.0.4138717@1781549278.069928035
0.0.1432019,39.65126602745617,SUCCESS,0.0.731861,0.0.3964804,0.0.4138717@1781549278.863854666
0.0.837554,1258.079745932649,SUCCESS,0.0.731861,0.0.3964804&0.0.3964860&0.0.4129330&0.0.4601632,0.0.4138717@1781549280.542998181
0.0.1088074,199.772479421735,SUCCESS,0.0.731861,0.0.3964804&0.0.3964860,0.0.4138717@1781549278.856566091
0.0.481717,2.658760462282902,SUCCESS,0.0.731861,0.0.3964804,0.0.4138717@1781549278.623944781
0.0.965222,99.8181928154674,SUCCESS,0.0.731861,0.0.3964804,0.0.4138717@1781549281.296922178
0.0.1512214,0.3741926297848968,SUCCESS,0.0.731861,0.0.3964804&0.0.4601632,0.0.4138717@1781549281.767948253
0.0.1316658,0.637090081070516,SUCCESS,0.0.731861,0.0.3964804,0.0.4138717@1781549284.198474422
0.0.3945405,0.007113166241751359,SUCCESS,0.0.731861,0.0.3964804,0.0.4138717@1781549281.760170247
0.0.842806,369.7939848596989,SUCCESS,0.0.731861,0.0.3964804,0.0.4138717@1781549285.569486014
0.0.1088670,7.259876322972376,SUCCESS,0.0.731861,0.0.3964804,0.0.4138717@1781549284.131474555
0.0.4337103,0.02517580288499063,SUCCESS,0.0.731861,0.0.3964804,0.0.4138717@1781549285.553916047
0.0.3291464,0.2434298549251098,SUCCESS,0.0.731861,0.0.3964804,0.0.4138717@1781549286.676102148
0.0.4231312,0.2470264715079131,SUCCESS,0.0.731861,0.0.3964804,0.0.4138717@1781549282.763206856
0.0.846778,118.2521906366936,SUCCESS,0.0.731861,0.0.3964804,0.0.4138717@1781549285.387090704
0.0.1018824,137.2001456096377,SUCCESS,0.0.731861,0.0.3964804&0.0.5328590,0.0.4138717@1781549286.944390206
0.0.4319631,1.704525831476177,SUCCESS,0.0.731861,0.0.3964804,0.0.4138717@1781549288.664880652
0.0.1048940,25.01193399656173,SUCCESS,0.0.731861,0.0.3964804&0.0.5328590,0.0.4138717@1781549285.780077736
0.0.5698429,0.0824111752090566,SUCCESS,0.0.731861,0.0.3964804,0.0.4138717@1781549288.492732167
0.0.1104374,900.1172434472198,SUCCESS,0.0.731861,0.0.3964804,0.0.4138717@1781549287.629024546
0.0.1350500,21.95691686639863,SUCCESS,0.0.731861,0.0.3964804&0.0.6071119&0.0.6078473,0.0.4138717@1781549288.815208905
0.0.1121794,2.752873164934858,SUCCESS,0.0.731861,0.0.3964804,0.0.4138717@1781549286.414970195
0.0.3872024,30.45794883189537,SUCCESS,0.0.731861,0.0.3964804,0.0.4138717@1781549288.807032487
0.0.833050,0.6093532804999786,SUCCESS,0.0.731861,0.0.3964804,0.0.4138717@1781549288.828148962
0.0.1313705,7.146661307066823,SUCCESS,0.0.731861,0.0.3964804,0.0.4138717@1781549292.713273963
0.0.3327498,0.7793482071807893,SUCCESS,0.0.731861,0.0.3964804,0.0.4138717@1781549291.991622036
0.0.4161393,0.3246868355100471,SUCCESS,0.0.731861,0.0.3964804,0.0.4138717@1781549292.248301846
0.0.3768895,0.02126669618026004,SUCCESS,0.0.731861,0.0.3964804,0.0.4138717@1781549289.847265316
0.0.1097802,26.37489029908791,SUCCESS,0.0.731861,0.0.3964804,0.0.4138717@1781549294.105453280
0.0.838791,13.64453316182263,SUCCESS,0.0.731861,0.0.3964804,0.0.4138717@1781549290.278267689
0.0.4504544,93.2427888956758,SUCCESS,0.0.731861,0.0.3964804,0.0.4138717@1781549294.639998424
0.0.1463093,12.45108763995089,SUCCESS,0.0.731861,0.0.3964804,0.0.4138717@1781549293.474311970
0.0.811739,139.267725524482,SUCCESS,0.0.731861,0.0.3964804&0.0.5328590,0.0.4138717@1781549293.367035550
0.0.887612,20.59847016344843,SUCCESS,0.0.731861,0.0.3964804,0.0.4138717@1781549298.345623157
0.0.4566469,15.55458494557094,SUCCESS,0.0.731861,0.0.3964804,0.0.4138717@1781549294.365261425
0.0.3916542,0.4800996220407497,SUCCESS,0.0.731861,0.0.3964804&0.0.3964827,0.0.4138717@1781549296.676498031
0.0.1486421,19.34743842293044,SUCCESS,0.0.731861,0.0.3964804,0.0.4138717@1781549299.426202867
0.0.1359581,214.2481563691755,SUCCESS,0.0.731861,0.0.3964804&0.0.3964827,0.0.4138717@1781549298.538657268
0.0.4431727,1.620032448974563,SUCCESS,0.0.731861,0.0.3964804&0.0.3964827,0.0.4138717@1781549300.951860417
0.0.7710235,1.383187704354843,SUCCESS,0.0.731861,0.0.3964804,0.0.4138717@1781549300.897807185
0.0.4337383,3.669923399327171,SUCCESS,0.0.731861,0.0.3964804,0.0.4138717@1781549300.947620580
0.0.496172,13.75158599987418,SUCCESS,0.0.731861,0.0.3964804,0.0.4138717@1781549303.372389062
0.0.146930,8863.167562900455,SUCCESS,0.0.731861,0.0.3964804,0.0.4138717@1781549302.388661819
0.0.4887338,7.798674023930628,SUCCESS,0.0.731861,0.0.3964804,0.0.4138717@1781549303.900919386
0.0.3288713,8.106340189302525,SUCCESS,0.0.731861,0.0.3964804&0.0.3964827&0.0.4601632,0.0.4138717@1781549303.881939446
0.0.7662545,0.04883880529220004,NOT_ASSOCIATED,0.0.731861,0.0.3964804,
0.0.7290965,6.110052284226485,SUCCESS,0.0.731861,0.0.3964804,0.0.4138717@1781549306.846948092
0.0.1524063,41.10296189220999,SUCCESS,0.0.731861,0.0.3964804,0.0.4138717@1781549304.635214264
0.0.3872629,5.547960133882852,SUCCESS,0.0.731861,0.0.3964804,0.0.4138717@1781549307.185883978
0.0.7631749,0.02150488558378447,SUCCESS,0.0.731861,0.0.3964804,0.0.4138717@1781549305.472953150
0.0.710849,0.1842336345432215,SUCCESS,0.0.731861,0.0.3964804,0.0.4138717@1781549308.526408050
0.0.7965412,0.03342452369242456,NOT_ASSOCIATED,0.0.731861,0.0.3964804,
0.0.3384906,46.88788517043676,SUCCESS,0.0.731861,0.0.3964804,0.0.4138717@1781549309.562938740
0.0.7961490,1.810768984663687,NOT_ASSOCIATED,0.0.731861,0.0.3964804,
0.0.7703838,0.09442787253180292,SUCCESS,0.0.731861,0.0.3964804,0.0.4138717@1781549306.966254090
0.0.6343911,21.90072034340365,SUCCESS,0.0.731861,0.0.3964804,0.0.4138717@1781549307.966014470
0.0.7937765,9.947762154087057,NOT_ASSOCIATED,0.0.731861,0.0.3964804,
0.0.4765612,146.2903731071228,SUCCESS,0.0.731861,0.0.3964804&0.0.5328590,0.0.4138717@1781549310.369536276
0.0.3240624,0.02184552255123326,SUCCESS,0.0.731861,0.0.3964804,0.0.4138717@1781549310.515652345
0.0.2150506,0.5412292594287209,SUCCESS,0.0.731861,0.0.3964804,0.0.4138717@1781549311.403343304
0.0.794930,0.6099674667310514,SUCCESS,0.0.731861,0.0.3964804,0.0.4138717@1781549312.971677117
0.0.4312267,69.74624442215658,SUCCESS,0.0.731861,0.0.3964804,0.0.4138717@1781549312.177694894
0.0.4883729,3.719465441889148,SUCCESS,0.0.731861,0.0.3964804,0.0.4138717@1781549310.373876643
0.0.1746011,18.18415565424015,SUCCESS,0.0.731861,0.0.3964804,0.0.4138717@1781549313.220065079
0.0.791414,3.796397658669799,SUCCESS,0.0.731861,0.0.3964804,0.0.4138717@1781549312.886582350
0.0.7798912,24.67107189796194,SUCCESS,0.0.731861,0.0.3964804,0.0.4138717@1781549314.613494137
0.0.862835,509.7808182942794,SUCCESS,0.0.731861,0.0.3964804&0.0.3964827&0.0.6071911,0.0.4138717@1781549313.140118330
0.0.1337171,428.2974228775486,SUCCESS,0.0.731861,0.0.3964804&0.0.3964827&0.0.3964860&0.0.6071911,0.0.4138717@1781549314.080239284
0.0.2004450,1.047533124346151,SUCCESS,0.0.731861,0.0.3964804,0.0.4138717@1781549314.497382696
0.0.805713,133.3780046183356,SUCCESS,0.0.731861,0.0.3964804,0.0.4138717@1781549316.925818624
0.0.1463629,0.8718694413532766,SUCCESS,0.0.731861,0.0.3964804,0.0.4138717@1781549317.445754096
0.0.433061,1.040322992533721,SUCCESS,0.0.731861,0.0.3964804&0.0.3964860,0.0.4138717@1781549316.591664593
0.0.5957030,17.14868147319052,NOT_ASSOCIATED,0.0.731861,0.0.3964804,
0.0.6275653,0.1461639256663827,SUCCESS,0.0.731861,0.0.3964804,0.0.4138717@1781549314.630545405
0.0.6154587,90.65365488927792,SUCCESS,0.0.731861,0.0.3964804,0.0.4138717@1781549318.114005057
0.0.6139137,8.041028522890636,SUCCESS,0.0.731861,0.0.3964804,0.0.4138717@1781549316.981864601
0.0.753351,4.119338643534547,SUCCESS,0.0.731861,0.0.3964804,0.0.4138717@1781549316.864749756
0.0.5068116,0.4397508521554139,NOT_ASSOCIATED,0.0.731861,0.0.3964804,
0.0.4766862,15.47677986885446,SUCCESS,0.0.731861,0.0.3964804,0.0.4138717@1781549317.821183862
0.0.4965217,1.944405923913395,SUCCESS,0.0.731861,0.0.3964804,0.0.4138717@1781549318.120983396
0.0.3967246,5.118079411401712,SUCCESS,0.0.731861,0.0.3964804,0.0.4138717@1781549321.566762723
0.0.4358173,287.74429848645,SUCCESS,0.0.731861,0.0.3964804&0.0.4601632&0.0.6126395,0.0.4138717@1781549319.887105007
0.0.4717832,2.732314899195705,SUCCESS,0.0.731861,0.0.3964804,0.0.4138717@1781549317.928266568
0.0.4351736,0.1929830062351707,SUCCESS,0.0.731861,0.0.3964804,0.0.4138717@1781549320.713040663
0.0.7450449,5.25414028207269,NOT_ASSOCIATED,0.0.731861,0.0.3964804,
0.0.3687848,27.61493979676748,SUCCESS,0.0.731861,0.0.3964804,0.0.4138717@1781549322.366524383
0.0.892270,83.46641082452018,SUCCESS,0.0.731861,0.0.3964804,0.0.4138717@1781549319.633119177
0.0.4423729,11.15731348185269,SUCCESS,0.0.731861,0.0.3964804,0.0.4138717@1781549323.093788239
0.0.1124401,28.0826751569292,SUCCESS,0.0.731861,0.0.3964804,0.0.4138717@1781549324.472816475
0.0.857760,5.538814581057307,SUCCESS,0.0.731861,0.0.3964804&0.0.3964827,0.0.4138717@1781549323.717475695
0.0.7312670,11.06201088021134,SUCCESS,0.0.731861,0.0.3964804,0.0.4138717@1781549322.828230567
0.0.662621,4.695446966320848,SUCCESS,0.0.731861,0.0.3964804,0.0.4138717@1781549323.561270531
0.0.6475509,1.896125438588578,SUCCESS,0.0.731861,0.0.3964804,0.0.4138717@1781549323.957259696
0.0.10496154,0.01629267446513527,NOT_ASSOCIATED,0.0.731861,0.0.3964804,
0.0.6004536,0.6278323905125531,SUCCESS,0.0.731861,0.0.3964804,0.0.4138717@1781549326.577184836
0.0.6157135,1888.029483401799,SUCCESS,0.0.731861,0.0.3964804&0.0.3964827&0.0.5328590,0.0.4138717@1781549323.142060190
0.0.6270761,404.0447808946012,SUCCESS,0.0.731861,0.0.3964804,0.0.4138717@1781549327.415824402
0.0.2967389,5.019685265804255,SUCCESS,0.0.731861,0.0.3964804,0.0.4138717@1781549323.840271821
0.0.6416166,8.438931311650663,SUCCESS,0.0.731861,0.0.3964804,0.0.4138717@1781549328.630988485
0.0.4314332,46.5006327116111,SUCCESS,0.0.731861,0.0.3964804,0.0.4138717@1781549326.077237824
0.0.3048811,1828.685676978023,SUCCESS,0.0.731861,0.0.3964804&0.0.4601632&0.0.5328590&0.0.6071041,0.0.4138717@1781549328.976007992
0.0.6828202,267.1933626413716,SUCCESS,0.0.731861,0.0.3964804&0.0.4601632,0.0.4138717@1781549325.160899531
0.0.6852334,18.23467731967228,SUCCESS,0.0.731861,0.0.3964804,0.0.4138717@1781549327.916458529
0.0.4561752,4.930970738327836,SUCCESS,0.0.731861,0.0.3964804&0.0.5328590&0.0.6071041,0.0.4138717@1781549331.044119148
0.0.8055246,11.77653965689786,SUCCESS,0.0.731861,0.0.3964804,0.0.4138717@1781549328.752642654
0.0.8002619,2.28625262475039,SUCCESS,0.0.731861,0.0.3964804,0.0.4138717@1781549330.605170840
0.0.7950871,21531.71922875446,SUCCESS,0.0.731861,0.0.3964804&0.0.3964827&0.0.4601632&0.0.8315114&0.0.10093026&0.0.10498271&0.0.10498278&0.0.10498280,0.0.4138717@1781549332.370139623
0.0.7809201,0.0006906442336732013,SUCCESS,0.0.731861,0.0.3964804,0.0.4138717@1781549332.570673225
0.0.7098838,5.186743017890369,SUCCESS,0.0.731861,0.0.3964804,0.0.4138717@1781549329.656677498
0.0.590682,0.2117788941705457,SUCCESS,0.0.731861,0.0.3964804,0.0.4138717@1781549330.193649400
0.0.7789171,0.3301356958776015,SUCCESS,0.0.731861,0.0.3964804,0.0.4138717@1781549334.879079769
0.0.4914022,7.913934590456338,SUCCESS,0.0.731861,0.0.3964804,0.0.4138717@1781549331.650532512
0.0.1114728,0.06330256323232591,SUCCESS,0.0.731861,0.0.3964804,0.0.4138717@1781549335.297456548
0.0.5957081,3.33190526730132,SUCCESS,0.0.731861,0.0.3964804,0.0.4138717@1781549337.201852986
0.0.7931472,1.456263189936546,SUCCESS,0.0.731861,0.0.3964804,0.0.4138717@1781549334.331105992
0.0.6334018,6.40592850486539,SUCCESS,0.0.731861,0.0.3964804,0.0.4138717@1781549339.503587154
0.0.5804427,12.56085883037657,SUCCESS,0.0.731861,0.0.3964804&0.0.4601632,0.0.4138717@1781549339.271885983
0.0.1956746,0.3540744804354968,SUCCESS,0.0.731861,0.0.3964804,0.0.4138717@1781549337.363289103
0.0.6181303,21.09072596275122,SUCCESS,0.0.731861,0.0.3964804,0.0.4138717@1781549338.507779544
0.0.5742160,83.27311690158044,SUCCESS,0.0.731861,0.0.3964804,0.0.4138717@1781549340.541008476
0.0.6063136,0.003866820625691885,SUCCESS,0.0.731861,0.0.3964804,0.0.4138717@1781549339.440828773
0.0.6064013,3.414092070270318,SUCCESS,0.0.731861,0.0.3964804,0.0.4138717@1781549340.644508055
0.0.3450,0.334923740769746,SUCCESS,0.0.731861,0.0.3964804,0.0.4138717@1781549339.055434460
0.0.5313474,0.1003528534073708,SUCCESS,0.0.731861,0.0.3964804,0.0.4138717@1781549339.602235269
0.0.4814986,0.1398709755100307,SUCCESS,0.0.731861,0.0.3964804,0.0.4138717@1781549342.577566744
0.0.8304314,0.5606189499042314,SUCCESS,0.0.731861,0.0.3964804,0.0.4138717@1781549344.137916752
0.0.8868403,0.2380918386238473,SUCCESS,0.0.731861,0.0.3964804,0.0.4138717@1781549343.468083202
0.0.9034617,0.580739968025609,SUCCESS,0.0.731861,0.0.3964804,0.0.4138717@1781549343.716147171
0.0.8742796,1.765065840910744,SUCCESS,0.0.731861,0.0.3964804,0.0.4138717@1781549346.121089045
0.0.8673292,66.56890557936458,SUCCESS,0.0.731861,0.0.3964804,0.0.4138717@1781549344.317172253
0.0.8602366,11.44017767308991,SUCCESS,0.0.731861,0.0.3964804,0.0.4138717@1781549344.809683424
0.0.8241599,14.3294950320091,SUCCESS,0.0.731861,0.0.3964804,0.0.4138717@1781549346.117985842
0.0.8548028,0.002712762751383579,SUCCESS,0.0.731861,0.0.3964804,0.0.4138717@1781549343.587498562
0.0.8538714,4.516418637415805,SUCCESS,0.0.731861,0.0.3964804,0.0.4138717@1781549345.999100206
0.0.823147,93.84568992276697,SUCCESS,0.0.731861,0.0.3964804,0.0.4138717@1781549347.068338528
0.0.638522,43.61709804252963,SUCCESS,0.0.731861,0.0.3964804,0.0.4138717@1781549345.743213780
0.0.8152447,5.542583638723137,SUCCESS,0.0.731861,0.0.3964804,0.0.4138717@1781549349.274586767
0.0.8146497,13.35351353324979,SUCCESS,0.0.731861,0.0.3964804&0.0.5328590,0.0.4138717@1781549348.862501364
0.0.2015584,2.513508649026268,SUCCESS,0.0.731861,0.0.3964804,0.0.4138717@1781549348.202605595
0.0.8120088,0.1496599388985625,SUCCESS,0.0.731861,0.0.3964804,0.0.4138717@1781549346.875700239
0.0.8115823,0.8641961399643119,SUCCESS,0.0.731861,0.0.3964804,0.0.4138717@1781549350.831996957
0.0.8104363,2292.454463156395,SUCCESS,0.0.731861,0.0.3964804,0.0.4138717@1781549352.150786276
0.0.8084528,42.16367681022282,SUCCESS,0.0.731861,0.0.3964804,0.0.4138717@1781549351.318827666
0.0.1181772,0.4604297212128882,SUCCESS,0.0.731861,0.0.3964804&0.0.6126395,0.0.4138717@1781549349.608733513
0.0.8068660,0.05511771644816507,SUCCESS,0.0.731861,0.0.3964804,0.0.4138717@1781549349.326176546
0.0.9509413,0.4110323293160256,NOT_ASSOCIATED,0.0.731861,0.0.3964804,
0.0.8083839,2626.563814493304,SUCCESS,0.0.731861,0.0.3964804&0.0.3964827&0.0.3964860&0.0.5328590,0.0.4138717@1781549354.257698312
0.0.10062632,0.2202591666506837,SUCCESS,0.0.731861,0.0.3964804&0.0.6071119&0.0.8315114&0.0.10092996&0.0.10414792,0.0.4138717@1781549352.060718032
0.0.10251800,0.00826346142373973,NOT_ASSOCIATED,0.0.731861,0.0.3964804,
0.0.1365779,3.444504557380441,SUCCESS,0.0.731861,0.0.3964804,0.0.4138717@1781549353.280667079
0.0.4499088,0.6198366458328588,NOT_ASSOCIATED,0.0.731861,0.0.3964804,
0.0.9273022,0.004102456732167322,SUCCESS,0.0.731861,0.0.3964804,0.0.4138717@1781549353.935790924
0.0.9251120,21.83860718536042,SUCCESS,0.0.731861,0.0.3964804,0.0.4138717@1781549353.581160603
0.0.10219431,18.53405278558967,NOT_ASSOCIATED,0.0.731861,0.0.3964804,
0.0.912648,0.8935852349194283,SUCCESS,0.0.731861,0.0.3964804,0.0.4138717@1781549354.019153868
0.0.10157649,63.23833953761864,NOT_ASSOCIATED,0.0.731861,0.0.3964804,
0.0.10014449,0.5247377322715812,SUCCESS,0.0.731861,0.0.3964804,0.0.4138717@1781549352.248640650
0.0.4749526,391.1473330993724,NOT_ASSOCIATED,0.0.731861,0.0.3964804,
0.0.1704489,0.003860723202650114,NOT_ASSOCIATED,0.0.731861,0.0.3964804,
0.0.9584885,0.9536184372657381,SUCCESS,0.0.731861,0.0.3964804&0.0.5328590,0.0.4138717@1781549353.368492544
0.0.10093024,3.053264483436746,SUCCESS,0.0.731861,0.0.3964804,0.0.4138717@1781549354.224712984
0.0.816698,102.312952336894,SUCCESS,0.0.731861,0.0.3964804,0.0.4138717@1781549354.422870809
0.0.820706,53.37517065834514,SUCCESS,0.0.731861,0.0.3964804,0.0.4138717@1781549354.524869925
0.0.4372819,0.2102973724316912,SUCCESS,0.0.731861,0.0.3964804,0.0.4138717@1781549358.437696055
0.0.4558719,0.08462104524282811,NOT_ASSOCIATED,0.0.731861,0.0.3964804,
0.0.857763,10.47501937787526,SUCCESS,0.0.731861,0.0.3964804,0.0.4138717@1781549356.114481666
0.0.937712,126.0894131337905,SUCCESS,0.0.731861,0.0.3964804,0.0.4138717@1781549358.275971233
0.0.955353,1.025377752533634,NOT_ASSOCIATED,0.0.731861,0.0.3964804,
0.0.1696471,11.10346700759419,SUCCESS,0.0.731861,0.0.3964804,0.0.4138717@1781549359.336000864
0.0.683815,0.3599971465487785,SUCCESS,0.0.731861,0.0.3964804,0.0.4138717@1781549360.503145780
0.0.4725260,0.2234885445527553,SUCCESS,0.0.731861,0.0.3964804,0.0.4138717@1781549357.250582903
0.0.1052080,6.373324437328575,SUCCESS,0.0.731861,0.0.3964804,0.0.4138717@1781549361.781577806
0.0.4712922,0.4351074491234998,SUCCESS,0.0.731861,0.0.3964804,0.0.4138717@1781549361.461468637
0.0.4140342,2.313428525945284,SUCCESS,0.0.731861,0.0.3964804&0.0.3964827,0.0.4138717@1781549359.620495135
0.0.4576074,1.36081670956335,SUCCESS,0.0.731861,0.0.3964804,0.0.4138717@1781549361.052732376
0.0.4552348,0.07689376445866045,NOT_ASSOCIATED,0.0.731861,0.0.3964804,
0.0.4552309,0.07231295219418113,NOT_ASSOCIATED,0.0.731861,0.0.3964804,
0.0.4552382,0.07230884370979025,NOT_ASSOCIATED,0.0.731861,0.0.3964804,
0.0.1082201,682.9907242060756,SUCCESS,0.0.731861,0.0.3964804,0.0.4138717@1781549364.346604184
0.0.4571567,13.73083488653066,SUCCESS,0.0.731861,0.0.3964804,0.0.4138717@1781549364.776630054
0.0.1024843,0.0003779695557551035,SUCCESS,0.0.731861,0.0.3964804&0.0.3964855&0.0.3964860,0.0.4138717@1781549365.088294650
0.0.1105845,15.89695857134697,SUCCESS,0.0.731861,0.0.3964804,0.0.4138717@1781549361.989456389
0.0.10129507,171.141031546643,SUCCESS,0.0.731861,0.0.3964804&0.0.5328590,0.0.4138717@1781549366.081962052
0.0.10277044,46.0081039827448,SUCCESS,0.0.731861,0.0.3964804,0.0.4138717@1781549367.366104659
0.0.7989176,36.21613852411996,SUCCESS,0.0.731861,0.0.3964804,0.0.4138717@1781549364.186773086
0.0.3051653,20.27220430080375,SUCCESS,0.0.731861,0.0.3964804,0.0.4138717@1781549367.663271633
0.0.2216740,1338.965945466312,SUCCESS,0.0.731861,0.0.3964804,0.0.4138717@1781549366.010153461
0.0.3959322,187.193360518307,SUCCESS,0.0.731861,0.0.3964804,0.0.4138717@1781549369.004204253
0.0.10248120,3.480784820137642,SUCCESS,0.0.731861,0.0.3964804,0.0.4138717@1781549367.662050284
0.0.10231452,3427.61503066526,SUCCESS,0.0.731861,0.0.3964804&0.0.10414792,0.0.4138717@1781549369.991843888
0.0.10244829,0.159786534892743,SUCCESS,0.0.731861,0.0.3964804,0.0.4138717@1781549371.024434753
0.0.10267166,816.57569335422,NOT_ASSOCIATED,0.0.731861,0.0.3964804,
0.0.10267167,1.485569318767774,NOT_ASSOCIATED,0.0.731861,0.0.3964804,
0.0.10256319,111.1443737811494,SUCCESS,0.0.731861,0.0.3964804,0.0.4138717@1781549371.932653877
0.0.818498,0.1217859112318525,SUCCESS,0.0.731861,0.0.3964804,0.0.4138717@1781549367.969772206
0.0.9270286,0.08210487227940283,SUCCESS,0.0.731861,0.0.3964804,0.0.4138717@1781549369.360130906
0.0.1920276,20.13641404772407,SUCCESS,0.0.731861,0.0.3964804,0.0.4138717@1781549367.842865826
0.0.10303974,6.012259260418504,SUCCESS,0.0.731861,0.0.3964804,0.0.4138717@1781549368.711936339
0.0.10307970,0.008906225975280502,NOT_ASSOCIATED,0.0.731861,0.0.3964804,
0.0.10308209,806.5829403711589,NOT_ASSOCIATED,0.0.731861,0.0.3964804,
0.0.4157253,74.62205872645697,SUCCESS,0.0.731861,0.0.3964804,0.0.4138717@1781549371.229486503
0.0.10359145,1.39016053514436,SUCCESS,0.0.731861,0.0.3964804,0.0.4138717@1781549373.671494437
0.0.885953,38.88517004535238,SUCCESS,0.0.731861,0.0.3964804,0.0.4138717@1781549371.430455627
0.0.3953598,131.3844819895382,SUCCESS,0.0.731861,0.0.3964804,0.0.4138717@1781549373.596796435
0.0.10359238,0.1431973220927671,SUCCESS,0.0.731861,0.0.3964804,0.0.4138717@1781549376.156039582
0.0.10048918,16.27127837303194,SUCCESS,0.0.731861,0.0.3964804,0.0.4138717@1781549373.000393610
0.0.1178547,0.3341246837080655,SUCCESS,0.0.731861,0.0.3964804,0.0.4138717@1781549373.379452167
0.0.9774219,0.03928085024382504,SUCCESS,0.0.731861,0.0.3964804,0.0.4138717@1781549373.968438883
0.0.1412348,96.82190643654594,SUCCESS,0.0.731861,0.0.3964804,0.0.4138717@1781549375.883563939
0.0.8414341,6.542268576853565,SUCCESS,0.0.731861,0.0.3964804,0.0.4138717@1781549375.477810687
0.0.1400807,6.160628723414825,SUCCESS,0.0.731861,0.0.3964804,0.0.4138717@1781549376.723271026
0.0.10009527,14.37063788428658,SUCCESS,0.0.731861,0.0.3964804,0.0.4138717@1781549377.381903494
0.0.9812108,1.232107633608091,SUCCESS,0.0.731861,0.0.3964804,0.0.4138717@1781549380.389497681
0.0.10035663,3.799549798923024,SUCCESS,0.0.731861,0.0.3964804,0.0.4138717@1781549378.472061563
0.0.10044419,5.131505825372662,SUCCESS,0.0.731861,0.0.3964804,0.0.4138717@1781549380.472478312
0.0.10025532,1.18023026505415,SUCCESS,0.0.731861,0.0.3964804,0.0.4138717@1781549379.817038870
0.0.9593512,0.0269555516218624,SUCCESS,0.0.731861,0.0.3964804,0.0.4138717@1781549382.639765364
0.0.8085300,1.109323067195892,SUCCESS,0.0.731861,0.0.3964804,0.0.4138717@1781549382.457661400
0.0.1365923,0.1268819617090018,SUCCESS,0.0.731861,0.0.3964804,0.0.4138717@1781549382.681696864
0.0.10007904,0.01349561750776496,SUCCESS,0.0.731861,0.0.3964804,0.0.4138717@1781549382.917901237
0.0.10035851,61.74500570688934,SUCCESS,0.0.731861,0.0.3964804,0.0.4138717@1781549381.781085786
0.0.8197490,279.3596656910389,SUCCESS,0.0.731861,0.0.3964804,0.0.4138717@1781549382.838823496
0.0.10115705,0.005240274126365643,SUCCESS,0.0.731861,0.0.3964804,0.0.4138717@1781549386.526482236
0.0.10151415,22.32012165934763,SUCCESS,0.0.731861,0.0.3964804,0.0.4138717@1781549385.957109863
0.0.10164472,7956.183924282564,SUCCESS,0.0.731861,0.0.3964804,0.0.4138717@1781549385.535297091
0.0.10088400,0.2216679699778392,SUCCESS,0.0.731861,0.0.3964804,0.0.4138717@1781549386.052897029
0.0.4799094,0.928220995131298,SUCCESS,0.0.731861,0.0.3964804,0.0.4138717@1781549384.195862612
0.0.10190094,1594.083713928324,SUCCESS,0.0.731861,0.0.3964804,0.0.4138717@1781549388.307096909
0.0.9362153,5.102567986066759,SUCCESS,0.0.731861,0.0.3964804,0.0.4138717@1781549385.735328315
0.0.10495365,0.000002239871550387457,NOT_ASSOCIATED,0.0.731861,0.0.3964804,
0.0.9707531,7147.63895179951,NOT_ASSOCIATED,0.0.731861,0.0.3964804,
0.0.9707528,3983.612877720168,NOT_ASSOCIATED,0.0.731861,0.0.3964804,
0.0.9640625,0.115562082069351,SUCCESS,0.0.731861,0.0.3964804,0.0.4138717@1781549387.165642153
0.0.9417458,1.449472778895799,SUCCESS,0.0.731861,0.0.3964804,0.0.4138717@1781549388.213502745
0.0.9579116,12.041142132903,SUCCESS,0.0.731861,0.0.3964804,0.0.4138717@1781549386.895223606
0.0.9275976,17.22031720037801,SUCCESS,0.0.731861,0.0.3964804,0.0.4138717@1781549387.906920508
0.0.9425366,97.17598757214095,SUCCESS,0.0.731861,0.0.3964804,0.0.4138717@1781549386.971592253
0.0.1503602,3.694576365227194,SUCCESS,0.0.731861,0.0.3964804,0.0.4138717@1781549389.729521209
0.0.9208631,12.28563149142787,SUCCESS,0.0.731861,0.0.3964804,0.0.4138717@1781549388.420727129
0.0.1385696,44.14243180206476,SUCCESS,0.0.731861,0.0.3964804,0.0.4138717@1781549390.629299146
0.0.835034,238.47462029849,SUCCESS,0.0.731861,0.0.3964804&0.0.5328590,0.0.4138717@1781549390.852733781
0.0.1703381,10.89745510424316,SUCCESS,0.0.731861,0.0.3964804,0.0.4138717@1781549390.297964341
0.0.9317965,4.936605147117855,SUCCESS,0.0.731861,0.0.3964804,0.0.4138717@1781549391.042539857
0.0.9301506,0.08147960131499375,SUCCESS,0.0.731861,0.0.3964804,0.0.4138717@1781549392.608674502
0.0.8198609,203.503207952732,SUCCESS,0.0.731861,0.0.3964804,0.0.4138717@1781549392.911387646
0.0.9144627,508.1702915626994,SUCCESS,0.0.731861,0.0.3964804&0.0.4601632,0.0.4138717@1781549391.339863818
0.0.10502045,13.05674459637323,NOT_ASSOCIATED,0.0.731861,0.0.3964804,
0.0.8188301,3.766825025828301,SUCCESS,0.0.731861,0.0.3964804,0.0.4138717@1781549394.179259173
0.0.8108637,0.002127218612228256,SUCCESS,0.0.731861,0.0.3964804&0.0.8315114,0.0.4138717@1781549392.136307805
0.0.9112742,0.04073640032945208,SUCCESS,0.0.731861,0.0.3964804,0.0.4138717@1781549397.925570797
0.0.10295710,2.142247128943501,SUCCESS,0.0.731861,0.0.3964804,0.0.4138717@1781549394.382669039
0.0.851469,3.039842128047101,SUCCESS,0.0.731861,0.0.3964804,0.0.4138717@1781549395.047009362
0.0.10371833,298.2351957757936,SUCCESS,0.0.731861,0.0.3964804,0.0.4138717@1781549396.650209490
0.0.10420713,0.8888591746549839,SUCCESS,0.0.731861,0.0.3964804,0.0.4138717@1781549397.920455472
0.0.10420709,2.880871013291187,SUCCESS,0.0.731861,0.0.3964804,0.0.4138717@1781549395.347415228
0.0.10420688,9.500793435302354,SUCCESS,0.0.731861,0.0.3964804,0.0.4138717@1781549397.791333489
0.0.10422583,30.23825033892999,SUCCESS,0.0.731861,0.0.3964804,0.0.4138717@1781549397.156648518
0.0.10435638,1.910377494675224,SUCCESS,0.0.731861,0.0.3964804,0.0.4138717@1781549397.718662989
0.0.3003013,35.30811984232658,SUCCESS,0.0.731861,0.0.3964804,0.0.4138717@1781549397.227857679
0.0.10442094,38.25562678036261,SUCCESS,0.0.731861,0.0.3964804,0.0.4138717@1781549401.471799575
0.0.1334605,95.54754563270626,SUCCESS,0.0.731861,0.0.3964804,0.0.4138717@1781549401.659214086
0.0.10386407,32.90990308839012,SUCCESS,0.0.731861,0.0.3964804,0.0.4138717@1781549398.917964568
0.0.10454179,3.800930585099174,SUCCESS,0.0.731861,0.0.3964804,0.0.4138717@1781549398.703054823
0.0.10456759,196.9048603230105,SUCCESS,0.0.731861,0.0.3964804&0.0.3964860,0.0.4138717@1781549400.483090452
0.0.10465417,6.809618872782053,NOT_ASSOCIATED,0.0.731861,0.0.3964804,
0.0.10237154,34.13320143286465,SUCCESS,0.0.731861,0.0.3964804,0.0.4138717@1781549401.308308861
0.0.5850916,4.592870764161031,SUCCESS,0.0.731861,0.0.3964804,0.0.4138717@1781549404.715974971
0.0.844877,17.02786488678148,SUCCESS,0.0.731861,0.0.3964804,0.0.4138717@1781549400.186186092
0.0.912615,515.5763771153668,SUCCESS,0.0.731861,0.0.3964804&0.0.3964827,0.0.4138717@1781549403.760010264
0.0.6497488,6.791651037467146,SUCCESS,0.0.731861,0.0.3964804,0.0.4138717@1781549401.017026845
0.0.6058490,0.2782857555722184,SUCCESS,0.0.731861,0.0.3964804,0.0.4138717@1781549404.804024334
0.0.6078189,57.14763521887402,SUCCESS,0.0.731861,0.0.3964804,0.0.4138717@1781549402.971859616
0.0.6247418,0.4801283261025469,NOT_ASSOCIATED,0.0.731861,0.0.3964804,
0.0.4659519,16.06367571695075,SUCCESS,0.0.731861,0.0.3964804,0.0.4138717@1781549405.002840038
0.0.827132,0.9685478361361515,SUCCESS,0.0.731861,0.0.3964804,0.0.4138717@1781549403.281424616
0.0.6324031,0.007423379374384395,SUCCESS,0.0.731861,0.0.3964804,0.0.4138717@1781549405.011107836
0.0.2123622,1.263085428978429,SUCCESS,0.0.731861,0.0.3964804,0.0.4138717@1781549404.298531188
0.0.4360598,0.3731928567624914,SUCCESS,0.0.731861,0.0.3964804,0.0.4138717@1781549406.214798404
0.0.6674918,0.1417456223260614,SUCCESS,0.0.731861,0.0.3964804,0.0.4138717@1781549408.442071308
0.0.835625,43.47968179102492,SUCCESS,0.0.731861,0.0.3964804&0.0.3964827,0.0.4138717@1781549406.543541803
0.0.760653,1.854555709524731,SUCCESS,0.0.731861,0.0.3964804,0.0.4138717@1781549409.604961560
0.0.6933072,4.938893418660383,NOT_ASSOCIATED,0.0.731861,0.0.3964804,
0.0.6232417,0.3339885056644887,SUCCESS,0.0.731861,0.0.3964804,0.0.4138717@1781549406.535524353
0.0.1448239,0.5069379323254166,SUCCESS,0.0.731861,0.0.3964804,0.0.4138717@1781549408.332706168
0.0.6344703,15644.34050099827,SUCCESS,0.0.731861,0.0.3964804&0.0.4129330&0.0.6071041&0.0.6126395&0.0.8315114,0.0.4138717@1781549408.395307013
0.0.6612734,0.07421972050683269,NOT_ASSOCIATED,0.0.731861,0.0.3964804,
0.0.1233065,3.350828316344498,SUCCESS,0.0.731861,0.0.3964804,0.0.4138717@1781549411.286711066
0.0.4978453,82.5199004302275,SUCCESS,0.0.731861,0.0.3964804,0.0.4138717@1781549409.351034425
0.0.1906790,0.1205895962140178,SUCCESS,0.0.731861,0.0.3964804,0.0.4138717@1781549411.802290062
0.0.8156060,1.123907512494241,SUCCESS,0.0.731861,0.0.3964804,0.0.4138717@1781549411.140411825
0.0.8298814,17.79687268951725,SUCCESS,0.0.731861,0.0.3964804,0.0.4138717@1781549411.288150916
0.0.8181079,9.343080580144129,SUCCESS,0.0.731861,0.0.3964804,0.0.4138717@1781549413.220071482
0.0.7964752,0.04409899326053968,SUCCESS,0.0.731861,0.0.3964804,0.0.4138717@1781549412.753074045
0.0.2025203,0.8810393177976938,SUCCESS,0.0.731861,0.0.3964804,0.0.4138717@1781549411.027699904
0.0.7049977,0.08833980645801265,NOT_ASSOCIATED,0.0.731861,0.0.3964804,
0.0.4867972,0.3515924742132467,SUCCESS,0.0.731861,0.0.3964804,0.0.4138717@1781549416.300947193
0.0.8209324,6.001555764353491,SUCCESS,0.0.731861,0.0.3964804,0.0.4138717@1781549414.734649498
0.0.7997139,1.138032125672555,SUCCESS,0.0.731861,0.0.3964804,0.0.4138717@1781549413.698549850
0.0.5761971,0.001658656083144113,SUCCESS,0.0.731861,0.0.3964804,0.0.4138717@1781549415.470485618
0.0.1859919,1.256295191658601,NOT_ASSOCIATED,0.0.731861,0.0.3964804,
0.0.8178093,0.9522049418766515,NOT_ASSOCIATED,0.0.731861,0.0.3964804,
0.0.3273594,24.68562740137337,SUCCESS,0.0.731861,0.0.3964804,0.0.4138717@1781549417.517146932
0.0.8175769,1.383078460696102,SUCCESS,0.0.731861,0.0.3964804,0.0.4138717@1781549416.237236573
0.0.8142528,0.2674204596008448,NOT_ASSOCIATED,0.0.731861,0.0.3964804,
0.0.3828375,451.9808093598127,SUCCESS,0.0.731861,0.0.3964804,0.0.4138717@1781549414.182046971
0.0.833836,23.18012988184408,SUCCESS,0.0.731861,0.0.3964804,0.0.4138717@1781549418.613037449
0.0.5007636,0.9539058655975112,NOT_ASSOCIATED,0.0.731861,0.0.3964804,
0.0.4746343,0.01721641069232355,SUCCESS,0.0.731861,0.0.3964804,0.0.4138717@1781549417.717884760
0.0.7913251,0.6664256312227674,SUCCESS,0.0.731861,0.0.3964804,0.0.4138717@1781549420.231160970
0.0.7746903,0.8041098183609171,SUCCESS,0.0.731861,0.0.3964804,0.0.4138717@1781549419.332933171
0.0.1479857,10.87912850712713,SUCCESS,0.0.731861,0.0.3964804,0.0.4138717@1781549421.700993580
0.0.5042398,16.35222399474517,SUCCESS,0.0.731861,0.0.3964804,0.0.4138717@1781549419.431501468
0.0.5905014,3.783380238588057,SUCCESS,0.0.731861,0.0.3964804,0.0.4138717@1781549419.414210128
0.0.3947850,0.06823375846304786,SUCCESS,0.0.731861,0.0.3964804&0.0.5328590,0.0.4138717@1781549421.803556316
0.0.7910977,17.76352307604273,SUCCESS,0.0.731861,0.0.3964804,0.0.4138717@1781549419.284228439
0.0.7896816,154.1431828712072,NOT_ASSOCIATED,0.0.731861,0.0.3964804,
0.0.1481135,219.4928558466746,SUCCESS,0.0.731861,0.0.3964804&0.0.4601632,0.0.4138717@1781549423.024590537
0.0.7965413,0.009488484355240412,NOT_ASSOCIATED,0.0.731861,0.0.3964804,
0.0.8032303,0.5564621031553121,SUCCESS,0.0.731861,0.0.3964804,0.0.4138717@1781549423.765838674
0.0.7835479,0.4754174575968458,SUCCESS,0.0.731861,0.0.3964804&0.0.3964827,0.0.4138717@1781549425.174518085
0.0.7974195,397.156726286532,SUCCESS,0.0.731861,0.0.3964804,0.0.4138717@1781549424.040703308
0.0.8056304,5.41985013761996,NOT_ASSOCIATED,0.0.731861,0.0.3964804,
0.0.7912110,0.003211139841942434,NOT_ASSOCIATED,0.0.731861,0.0.3964804,
0.0.2006292,0.5657598700796631,SUCCESS,0.0.731861,0.0.3964804,0.0.4138717@1781549424.056411684
0.0.8059253,9.57906463172952,SUCCESS,0.0.731861,0.0.3964804,0.0.4138717@1781549426.607575185
0.0.2477582,3.18128385302852,NOT_ASSOCIATED,0.0.731861,0.0.3964804,
0.0.8042105,1.110918369418141,NOT_ASSOCIATED,0.0.731861,0.0.3964804,
0.0.10072624,0.4235179707554615,SUCCESS,0.0.731861,0.0.3964804,0.0.4138717@1781549426.256223226
0.0.4250725,1.486590914075597,SUCCESS,0.0.731861,0.0.3964804,0.0.4138717@1781549427.325098476
0.0.7200618,0.186350100650141,SUCCESS,0.0.731861,0.0.3964804,0.0.4138717@1781549426.002684823
0.0.3159220,7.250824656384954,SUCCESS,0.0.731861,0.0.3964804,0.0.4138717@1781549424.159799880
0.0.4595460,1.066866963655869,SUCCESS,0.0.731861,0.0.3964804,0.0.4138717@1781549426.280639188
0.0.4899880,0.6491013154725855,SUCCESS,0.0.731861,0.0.3964804,0.0.4138717@1781549426.055233336
0.0.5437974,9.867692531571585,SUCCESS,0.0.731861,0.0.3964804,0.0.4138717@1781549426.795202360
0.0.7610560,1.471123090793523,NOT_ASSOCIATED,0.0.731861,0.0.3964804,
0.0.7638910,0.4378564069359527,SUCCESS,0.0.731861,0.0.3964804,0.0.4138717@1781549427.028316305
0.0.6256886,0.4362634337418442,SUCCESS,0.0.731861,0.0.3964804,0.0.4138717@1781549431.094135078
0.0.831661,24.83548592362816,SUCCESS,0.0.731861,0.0.3964804,0.0.4138717@1781549427.311050978
0.0.2557514,9.640955209683655,SUCCESS,0.0.731861,0.0.3964804,0.0.4138717@1781549429.660115302
0.0.1459068,0.4702107149316876,SUCCESS,0.0.731861,0.0.3964804,0.0.4138717@1781549428.274967793
0.0.3912896,1.838606282179373,SUCCESS,0.0.731861,0.0.3964804,0.0.4138717@1781549430.249997712
0.0.4752954,2.597647714154763,SUCCESS,0.0.731861,0.0.3964804,0.0.4138717@1781549431.502957841
0.0.7777028,6.198592435043135,NOT_ASSOCIATED,0.0.731861,0.0.3964804,
0.0.5739319,9.549094561231582,SUCCESS,0.0.731861,0.0.3964804,0.0.4138717@1781549434.377027733
0.0.7791729,0.009439331252365183,NOT_ASSOCIATED,0.0.731861,0.0.3964804,
0.0.7421912,0.4286750821614587,SUCCESS,0.0.731861,0.0.3964804,0.0.4138717@1781549433.890028500
0.0.7570262,0.7806836852311986,SUCCESS,0.0.731861,0.0.3964804,0.0.4138717@1781549435.710759941
0.0.9444587,21.49777760860666,SUCCESS,0.0.731861,0.0.3964804,0.0.4138717@1781549436.284894799
0.0.9590994,127.9261428471932,NOT_ASSOCIATED,0.0.731861,0.0.3964804,
0.0.8080965,0.1068864010305226,NOT_ASSOCIATED,0.0.731861,0.0.3964804,
0.0.8070994,17.57238846436524,NOT_ASSOCIATED,0.0.731861,0.0.3964804,
0.0.8246604,0.01925021832771087,SUCCESS,0.0.731861,0.0.3964804,0.0.4138717@1781549436.437384134
0.0.190191,0.840736967322046,NOT_ASSOCIATED,0.0.731861,0.0.3964804,
0.0.9364762,0.7581324490946413,SUCCESS,0.0.731861,0.0.3964804&0.0.5328590,0.0.4138717@1781549432.466915336
0.0.887615,0.1162307969197077,SUCCESS,0.0.731861,0.0.3964804,0.0.4138717@1781549435.497889367
0.0.1056474,44.11670235495905,SUCCESS,0.0.731861,0.0.3964804,0.0.4138717@1781549436.759966909
0.0.9450539,10.99654538594319,NOT_ASSOCIATED,0.0.731861,0.0.3964804,
0.0.9602777,0.1937866107036656,NOT_ASSOCIATED,0.0.731861,0.0.3964804,
0.0.9146353,27.12912837550756,SUCCESS,0.0.731861,0.0.3964804,0.0.4138717@1781549437.621552889
0.0.6160732,0.8018715272798773,NOT_ASSOCIATED,0.0.731861,0.0.3964804,
0.0.813564,0.01109726474876719,SUCCESS,0.0.731861,0.0.3964804,0.0.4138717@1781549436.501401931
0.0.9367202,0.02021399297211563,NOT_ASSOCIATED,0.0.731861,0.0.3964804,
0.0.4821795,5.441542811344408,SUCCESS,0.0.731861,0.0.3964804,0.0.4138717@1781549437.822010321
0.0.9318048,0.1737348433705967,NOT_ASSOCIATED,0.0.731861,0.0.3964804,
0.0.5159009,41.9100190641558,SUCCESS,0.0.731861,0.0.3964804,0.0.4138717@1781549437.885242006
0.0.8880678,0.2704962127398567,SUCCESS,0.0.731861,0.0.3964804,0.0.4138717@1781549437.030621237
0.0.9285770,1.212326931298289,NOT_ASSOCIATED,0.0.731861,0.0.3964804,
0.0.871471,35.02275803873711,SUCCESS,0.0.731861,0.0.3964804,0.0.4138717@1781549441.654025427
0.0.9640903,39.46444795621471,SUCCESS,0.0.731861,0.0.3964804&0.0.4601632,0.0.4138717@1781549438.874811761
0.0.2963879,20.86934984267164,NOT_ASSOCIATED,0.0.731861,0.0.3964804,
0.0.1745725,4.130037166370834,SUCCESS,0.0.731861,0.0.3964804,0.0.4138717@1781549442.338168567
0.0.4873525,0.6529193876241449,SUCCESS,0.0.731861,0.0.3964804,0.0.4138717@1781549441.585940629
0.0.10004246,6.023091657264934,NOT_ASSOCIATED,0.0.731861,0.0.3964804,
0.0.9401320,42.27863855885488,SUCCESS,0.0.731861,0.0.3964804,0.0.4138717@1781549441.268415094
0.0.5922808,0.3937012300984744,SUCCESS,0.0.731861,0.0.3964804,0.0.4138717@1781549440.358442799
0.0.751161,20.93113123519505,SUCCESS,0.0.731861,0.0.3964804,0.0.4138717@1781549441.562414385
0.0.9973346,0.04368529637540987,NOT_ASSOCIATED,0.0.731861,0.0.3964804,
0.0.9477942,0.1906383088726856,NOT_ASSOCIATED,0.0.731861,0.0.3964804,
0.0.9150527,57.18489788400694,SUCCESS,0.0.731861,0.0.3964804&0.0.3964860&0.0.5328590,0.0.4138717@1781549442.487209318
0.0.8346544,32.05733953261333,NOT_ASSOCIATED,0.0.731861,0.0.3964804,
0.0.7983506,0.0004181675833714982,NOT_ASSOCIATED,0.0.731861,0.0.3964804,
0.0.6320740,406.738515260036,SUCCESS,0.0.731861,0.0.3964804&0.0.4601632&0.0.5328590,0.0.4138717@1781549444.623577659
0.0.9687167,7.078050197477753,SUCCESS,0.0.731861,0.0.3964804&0.0.5328590,0.0.4138717@1781549443.784983826
0.0.9729389,1.486590914075597,NOT_ASSOCIATED,0.0.731861,0.0.3964804,
0.0.9720442,0.7269903375977695,NOT_ASSOCIATED,0.0.731861,0.0.3964804,
0.0.3012601,17.39547273294821,SUCCESS,0.0.731861,0.0.3964804&0.0.5328590,0.0.4138717@1781549444.871721872
0.0.5012902,0.077191932372884,SUCCESS,0.0.731861,0.0.3964804,0.0.4138717@1781549447.270486004
0.0.9636419,4.232515310267146,NOT_ASSOCIATED,0.0.731861,0.0.3964804,
0.0.5805332,13.54949899152458,SUCCESS,0.0.731861,0.0.3964804,0.0.4138717@1781549446.601439738
0.0.5524338,0.5186620668792016,SUCCESS,0.0.731861,0.0.3964804,0.0.4138717@1781549444.405913488
0.0.9095016,20.76850082099619,NOT_ASSOCIATED,0.0.731861,0.0.3964804,
0.0.9065767,8.102609746513497,SUCCESS,0.0.731861,0.0.3964804,0.0.4138717@1781549444.179951967
0.0.9009997,4.444593930292472,NOT_ASSOCIATED,0.0.731861,0.0.3964804,
0.0.7788265,1.960644925334794,NOT_ASSOCIATED,0.0.731861,0.0.3964804,
0.0.8792600,0.03166255039287433,NOT_ASSOCIATED,0.0.731861,0.0.3964804,
0.0.8256574,0.06339974473349237,SUCCESS,0.0.731861,0.0.3964804,0.0.4138717@1781549447.211874787
0.0.8585468,0.009770283353356024,SUCCESS,0.0.731861,0.0.3964804,0.0.4138717@1781549449.617885029
0.0.1365814,3.281469533930723,SUCCESS,0.0.731861,0.0.3964804,0.0.4138717@1781549449.282918221
0.0.1459865,17.9943629689495,NOT_ASSOCIATED,0.0.731861,0.0.3964804,
0.0.4345655,22.95922561026133,SUCCESS,0.0.731861,0.0.3964804,0.0.4138717@1781549449.971438467
0.0.8198608,4.270007705238016,SUCCESS,0.0.731861,0.0.3964804,0.0.4138717@1781549450.792499319
0.0.8385016,3.492037535988259,SUCCESS,0.0.731861,0.0.3964804,0.0.4138717@1781549451.247396688
0.0.8414409,0.1706346427134952,SUCCESS,0.0.731861,0.0.3964804,0.0.4138717@1781549453.596527031
0.0.1714233,3.053645081518932,SUCCESS,0.0.731861,0.0.3964804,0.0.4138717@1781549453.823735970
0.0.3077609,27.67455375267372,SUCCESS,0.0.731861,0.0.3964804,0.0.4138717@1781549450.916756080
0.0.8357089,6.731414730762125,NOT_ASSOCIATED,0.0.731861,0.0.3964804,
0.0.8357708,178.0482592159548,SUCCESS,0.0.731861,0.0.3964804,0.0.4138717@1781549452.391970671
0.0.8323906,179.5298937453564,NOT_ASSOCIATED,0.0.731861,0.0.3964804,
0.0.9275748,21.94606428421558,SUCCESS,0.0.731861,0.0.3964804&0.0.3964827,0.0.4138717@1781549453.648137125
0.0.6068301,14.50614614279297,SUCCESS,0.0.731861,0.0.3964804&0.0.5328590,0.0.4138717@1781549454.797839457
0.0.8113254,9.8071797866338,SUCCESS,0.0.731861,0.0.3964804&0.0.4601632&0.0.5328590,0.0.4138717@1781549453.319407596
0.0.1862342,3.502527858596297,SUCCESS,0.0.731861,0.0.3964804,0.0.4138717@1781549453.239316395
0.0.9196038,1.947501736104938,SUCCESS,0.0.731861,0.0.3964804,0.0.4138717@1781549453.566430449
0.0.1118731,0.1605095778722289,SUCCESS,0.0.731861,0.0.3964804,0.0.4138717@1781549454.807898716
0.0.1403937,0.09181196232702796,SUCCESS,0.0.731861,0.0.3964804,0.0.4138717@1781549457.077888758
0.0.9177141,0.5458137171553241,NOT_ASSOCIATED,0.0.731861,0.0.3964804,
0.0.9086562,0.02164538454364443,SUCCESS,0.0.731861,0.0.3964804,0.0.4138717@1781549454.183487176
0.0.7550890,1.332565111951411,SUCCESS,0.0.731861,0.0.3964804,0.0.4138717@1781549457.061616123
0.0.1090802,0.7712499638571935,SUCCESS,0.0.731861,0.0.3964804,0.0.4138717@1781549457.035893170
0.0.689277,84.63808904666023,SUCCESS,0.0.731861,0.0.3964804,0.0.4138717@1781549459.741389970
0.0.53756,36.74676502286155,SUCCESS,0.0.731861,0.0.3964804,0.0.4138717@1781549459.192360378
0.0.958821,167.3909653939605,SUCCESS,0.0.731861,0.0.3964804,0.0.4138717@1781549458.818288847
0.0.9169121,3.451746341367101,SUCCESS,0.0.731861,0.0.3964804,0.0.4138717@1781549457.716307135
0.0.8392843,3.879697668113494,NOT_ASSOCIATED,0.0.731861,0.0.3964804,
0.0.7865510,101.1082961447109,SUCCESS,0.0.731861,0.0.3964804&0.0.3964860,0.0.4138717@1781549458.427255333
0.0.3008234,383.8283446856582,SUCCESS,0.0.731861,0.0.3964804,0.0.4138717@1781549462.788796516
0.0.4320892,101.1403142895187,SUCCESS,0.0.731861,0.0.3964804,0.0.4138717@1781549462.889167030
0.0.3000165,112.5083447698979,SUCCESS,0.0.731861,0.0.3964804,0.0.4138717@1781549462.078121690
0.0.1067361,69.69564831804158,SUCCESS,0.0.731861,0.0.3964804,0.0.4138717@1781549463.075650183
0.0.1860252,2.052684502638767,SUCCESS,0.0.731861,0.0.3964804,0.0.4138717@1781549463.388284636
0.0.1027780,3819.850488013272,SUCCESS,0.0.731861,0.0.3964804&0.0.5328590,0.0.4138717@1781549462.880312882
0.0.1198079,776.6207505592279,SUCCESS,0.0.731861,0.0.3964804,0.0.4138717@1781549463.123141275
0.0.9280772,0.8733186047218405,SUCCESS,0.0.731861,0.0.3964804,0.0.4138717@1781549464.591984011
0.0.9221480,0.05956575548066034,SUCCESS,0.0.731861,0.0.3964804,0.0.4138717@1781549462.201783003
0.0.1183511,0.4610507648937419,SUCCESS,0.0.731861,0.0.3964804,0.0.4138717@1781549463.288845847
0.0.7776311,79.54272430727775,SUCCESS,0.0.731861,0.0.3964804,0.0.4138717@1781549463.609432579
0.0.638660,0.3292141392255745,SUCCESS,0.0.731861,0.0.3964804,0.0.4138717@1781549467.300491007
0.0.10491625,0.5604136448206327,NOT_ASSOCIATED,0.0.731861,0.0.3964804,
0.0.10584246,2.464839647755654,SUCCESS,0.0.731861,0.0.3964804,0.0.4138717@1781549465.093435726
0.0.8733798,9.293135926660062,SUCCESS,0.0.731861,0.0.3964804,0.0.4138717@1781549463.390281011
0.0.5060673,20.46691682847981,SUCCESS,0.0.731861,0.0.3964804,0.0.4138717@1781549466.742466466
0.0.4375828,4.888496422476179,SUCCESS,0.0.731861,0.0.3964804,0.0.4138717@1781549464.546091361
0.0.3961176,0.1703262790800705,NOT_ASSOCIATED,0.0.731861,0.0.3964804,
0.0.10506008,2.669428182918475,SUCCESS,0.0.731861,0.0.3964804,0.0.4138717@1781549469.368469536
0.0.4815771,20.57482073061444,SUCCESS,0.0.731861,0.0.3964804,0.0.4138717@1781549467.345914667
0.0.10543839,5.553202376365806,SUCCESS,0.0.731861,0.0.3964804,0.0.4138717@1781549468.500752967
0.0.4184148,4.813034997151011,SUCCESS,0.0.731861,0.0.3964804,0.0.4138717@1781549467.481715340
0.0.815643,19.0765628147714,SUCCESS,0.0.731861,0.0.3964804,0.0.4138717@1781549468.402009899
0.0.664593,37.88392326196205,SUCCESS,0.0.731861,0.0.3964804,0.0.4138717@1781549472.113064171
0.0.4350498,0.006582615218446472,SUCCESS,0.0.731861,0.0.3964804,0.0.4138717@1781549472.238382430
0.0.4573495,20706.66712416774,SUCCESS,0.0.731861,0.0.3964804,0.0.4138717@1781549471.674805745
0.0.8213249,436.5139610285497,SUCCESS,0.0.731861,0.0.3964804,0.0.4138717@1781549474.560027487
0.0.615626,18.44635820803326,SUCCESS,0.0.731861,0.0.3964827,0.0.4138717@1781549472.961856614
0.0.2960128,1570.958926319653,SUCCESS,0.0.731861,0.0.3964827&0.0.5328590&0.0.10498274,0.0.4138717@1781549475.546722744
0.0.7947570,0.4458095136878616,SUCCESS,0.0.731861,0.0.3964827,0.0.4138717@1781549477.706790104
0.0.8778454,0.1744325614062083,SUCCESS,0.0.731861,0.0.3964827,0.0.4138717@1781549478.129242407
0.0.1406579,2.034945482727598,SUCCESS,0.0.731861,0.0.3964827,0.0.4138717@1781549475.517539019
0.0.9541852,3.470342208198151,SUCCESS,0.0.731861,0.0.3964827,0.0.4138717@1781549476.201299305
0.0.8377520,469.4685367514505,SUCCESS,0.0.731861,0.0.3964827,0.0.4138717@1781549476.481377343
0.0.10233326,220.9327219580381,SUCCESS,0.0.731861,0.0.3964827,0.0.4138717@1781549476.290956048
0.0.10237841,90.98379075617848,SUCCESS,0.0.731861,0.0.3964827,0.0.4138717@1781549478.008859538
0.0.1750137,195.730692649382,SUCCESS,0.0.731861,0.0.3964827,0.0.4138717@1781549480.574241156
0.0.6109726,52.36811101690401,SUCCESS,0.0.731861,0.0.3964827,0.0.4138717@1781549477.069728170
0.0.7870892,4.248513316803248,SUCCESS,0.0.731861,0.0.3964827,0.0.4138717@1781549479.539505541
0.0.7595440,697.0748620643614,SUCCESS,0.0.731861,0.0.3964827,0.0.4138717@1781549479.925365009
0.0.479120,3541.431147980427,SUCCESS,0.0.731861,0.0.3964827&0.0.4129330,0.0.4138717@1781549481.221076474
0.0.7486751,5.417129982848309,SUCCESS,0.0.731861,0.0.3964827&0.0.4601632,0.0.4138717@1781549481.644696329
0.0.1392115,329.4201433495919,SUCCESS,0.0.731861,0.0.3964827&0.0.4129330,0.0.4138717@1781549483.019184117
0.0.611948,35.24985643731435,SUCCESS,0.0.731861,0.0.3964827,0.0.4138717@1781549485.392058224
0.0.1006425,164.674316976056,SUCCESS,0.0.731861,0.0.3964827,0.0.4138717@1781549483.546051101
0.0.1087560,105.2689366613618,SUCCESS,0.0.731861,0.0.3964827&0.0.3964855,0.0.4138717@1781549483.388759763
0.0.5447658,0.5871527278751182,SUCCESS,0.0.731861,0.0.3964827,0.0.4138717@1781549481.713767631
0.0.4344919,9.157969220646532,SUCCESS,0.0.731861,0.0.3964827,0.0.4138717@1781549485.634859165
0.0.4348609,194.4252027100334,SUCCESS,0.0.731861,0.0.3964827&0.0.5328590,0.0.4138717@1781549482.964115488
0.0.4364640,16.1224185852226,SUCCESS,0.0.731861,0.0.3964827,0.0.4138717@1781549483.417470086
0.0.3443413,23.64421735613315,SUCCESS,0.0.731861,0.0.3964827&0.0.4601632,0.0.4138717@1781549484.756386723
0.0.4793606,52.90284480161566,SUCCESS,0.0.731861,0.0.3964827&0.0.5328590,0.0.4138717@1781549488.082231330
0.0.4338112,0.2463766469785983,SUCCESS,0.0.731861,0.0.3964827,0.0.4138717@1781549488.265338874
0.0.6288848,0.2288348982588856,SUCCESS,0.0.731861,0.0.3964827&0.0.6071119,0.0.4138717@1781549488.600424810
0.0.839408,306.8678476253852,SUCCESS,0.0.731861,0.0.3964827,0.0.4138717@1781549489.851555684
0.0.834607,105.1255283412634,SUCCESS,0.0.731861,0.0.3964827,0.0.4138717@1781549489.135784744
0.0.849606,231.3856753771884,SUCCESS,0.0.731861,0.0.3964827&0.0.6071119,0.0.4138717@1781549488.938597079
0.0.1400872,234.9657907500387,SUCCESS,0.0.731861,0.0.3964827&0.0.4129330&0.0.5328590&0.0.6071911,0.0.4138717@1781549491.293606305
0.0.1391028,84.54965345610437,SUCCESS,0.0.731861,0.0.3964827,0.0.4138717@1781549489.299017535
0.0.1436265,7.538785827208893,SUCCESS,0.0.731861,0.0.3964827,0.0.4138717@1781549490.958128901
0.0.4737222,1.71565602711157,SUCCESS,0.0.731861,0.0.3964827,0.0.4138717@1781549491.836131921
0.0.913930,1.416390640254139,SUCCESS,0.0.731861,0.0.3964827,0.0.4138717@1781549490.636217495
0.0.6630516,13.22662773438446,SUCCESS,0.0.731861,0.0.3964827,0.0.4138717@1781549495.913197321
0.0.4975045,213.3484819122224,SUCCESS,0.0.731861,0.0.3964827,0.0.4138717@1781549495.998045748
0.0.1079751,116.0938822601524,SUCCESS,0.0.731861,0.0.3964827,0.0.4138717@1781549494.161307486
0.0.7677057,49.12482406662854,SUCCESS,0.0.731861,0.0.3964827,0.0.4138717@1781549495.776051410
0.0.2288443,392.8269593087699,SUCCESS,0.0.731861,0.0.3964827&0.0.4129330&0.0.5328590,0.0.4138717@1781549493.544771909
0.0.7776243,3.152720943859901,SUCCESS,0.0.731861,0.0.3964827,0.0.4138717@1781549495.496494454
0.0.885667,4.750760146820635,SUCCESS,0.0.731861,0.0.3964827,0.0.4138717@1781549494.688805539
0.0.4882076,34.77729669517322,SUCCESS,0.0.731861,0.0.3964827&0.0.3964855&0.0.4129330&0.0.5328590,0.0.4138717@1781549497.366149989
0.0.836080,6.43108733602896e-9,SUCCESS,0.0.731861,0.0.3964827&0.0.3964855,0.0.4138717@1781549497.584363674
0.0.1120301,0.2460063105506893,SUCCESS,0.0.731861,0.0.3964827&0.0.3964855,0.0.4138717@1781549495.261797753
0.0.1061257,226.6049453697059,SUCCESS,0.0.731861,0.0.3964827&0.0.4601632&0.0.5328590,0.0.4138717@1781549497.385963974
0.0.1107354,9.754707830662127,SUCCESS,0.0.731861,0.0.3964827,0.0.4138717@1781549496.562096071
0.0.4733298,7.671537457481177,SUCCESS,0.0.731861,0.0.3964827,0.0.4138717@1781549500.816197597
0.0.1065704,95.03203057047078,SUCCESS,0.0.731861,0.0.3964827,0.0.4138717@1781549498.310099868
0.0.4410999,5.270685546139332,SUCCESS,0.0.731861,0.0.3964827,0.0.4138717@1781549498.208857309
0.0.7965416,0.144764356562604,NOT_ASSOCIATED,0.0.731861,0.0.3964827,
0.0.5239780,285.4627324671026,SUCCESS,0.0.731861,0.0.3964827,0.0.4138717@1781549501.835767041
0.0.1008009,31.65331466901402,SUCCESS,0.0.731861,0.0.3964855&0.0.4601632&0.0.5328590,0.0.4138717@1781549500.860148682
0.0.1228872,3.39906991765068,SUCCESS,0.0.731861,0.0.3964855,0.0.4138717@1781549498.860835832
0.0.1054756,6297.861266595104,SUCCESS,0.0.731861,0.0.3964855,0.0.4138717@1781549503.057734527
0.0.1423973,5.800456065308421e-8,SUCCESS,0.0.731861,0.0.3964855,0.0.4138717@1781549501.140145619
0.0.4861302,25.71362700252844,SUCCESS,0.0.731861,0.0.3964855&0.0.4601632,0.0.4138717@1781549500.337540753
0.0.5377617,149.1668867542623,SUCCESS,0.0.731861,0.0.3964855,0.0.4138717@1781549504.015571840
0.0.8316,70.55305520758613,SUCCESS,0.0.731861,0.0.3964860&0.0.4601632&0.0.5328590,0.0.4138717@1781549503.878791158
0.0.1048482,18.41020029097151,SUCCESS,0.0.731861,0.0.3964860,0.0.4138717@1781549503.119432185
0.0.4614528,45.07045887045787,SUCCESS,0.0.731861,0.0.3964860&0.0.5328590,0.0.4138717@1781549505.633467535
0.0.9377806,0.0003477600081669081,SUCCESS,0.0.731861,0.0.3964860,0.0.4138717@1781549505.121786660
0.0.684625,0.5085430366428124,SUCCESS,0.0.731861,0.0.3964860,0.0.4138717@1781549505.349339011
0.0.3870061,311.0866277412197,SUCCESS,0.0.731861,0.0.3964860&0.0.4601632,0.0.4138717@1781549504.649980881
0.0.868627,826.070238671908,SUCCESS,0.0.731861,0.0.3964860,0.0.4138717@1781549506.382677862
0.0.9371874,0.000503779976904819,SUCCESS,0.0.731861,0.0.3964860,0.0.4138717@1781549507.016271084
0.0.9371968,0.0006604624508176805,SUCCESS,0.0.731861,0.0.3964860,0.0.4138717@1781549508.446889938
0.0.9375318,0.0003393682759488975,SUCCESS,0.0.731861,0.0.3964860,0.0.4138717@1781549506.878544673
0.0.9377397,0.00067955088117549,SUCCESS,0.0.731861,0.0.3964860,0.0.4138717@1781549508.855770925
0.0.9377518,0.000679606089940145,SUCCESS,0.0.731861,0.0.3964860,0.0.4138717@1781549506.612399317
0.0.9377844,0.005386594941550504,SUCCESS,0.0.731861,0.0.3964860,0.0.4138717@1781549509.218442108
0.0.509141,17.0198790351373,SUCCESS,0.0.731861,0.0.3964860,0.0.4138717@1781549510.726360215
0.0.5734968,12.94374241668051,SUCCESS,0.0.731861,0.0.3964860,0.0.4138717@1781549513.153245624
0.0.2014278,84.4762063226736,SUCCESS,0.0.731861,0.0.3964860,0.0.4138717@1781549511.538938632
0.0.1509692,493.7724998242212,SUCCESS,0.0.731861,0.0.3964860,0.0.4138717@1781549513.523182767
0.0.9144335,6.461308177122923,SUCCESS,0.0.731861,0.0.3964860,0.0.4138717@1781549510.370344432
0.0.8257213,7.775556514976983,SUCCESS,0.0.731861,0.0.3964860,0.0.4138717@1781549511.361004357
0.0.9377988,0.005932982282529333,SUCCESS,0.0.731861,0.0.3964860,0.0.4138717@1781549515.670340069
0.0.9377965,0.0006886603273331062,SUCCESS,0.0.731861,0.0.3964860,0.0.4138717@1781549512.437406066
0.0.10164768,4649.008272166941,SUCCESS,0.0.731861,0.0.3964860,0.0.4138717@1781549514.200008094
0.0.10111308,0.004233143453348691,SUCCESS,0.0.731861,0.0.3964860,0.0.4138717@1781549515.740457417
0.0.10023494,0.00003018032935650618,SUCCESS,0.0.731861,0.0.3964860,0.0.4138717@1781549513.551505282
0.0.9738472,0.06769171470606006,SUCCESS,0.0.731861,0.0.3964860,0.0.4138717@1781549517.388609647
0.0.9428581,0.003773009360269009,SUCCESS,0.0.731861,0.0.3964860,0.0.4138717@1781549515.703321319
0.0.9428633,0.0000415705290947442,SUCCESS,0.0.731861,0.0.3964860,0.0.4138717@1781549517.856736403
0.0.9412510,0.002509124627249834,SUCCESS,0.0.731861,0.0.3964860,0.0.4138717@1781549516.522400514
0.0.9389956,0.009721451018329726,SUCCESS,0.0.731861,0.0.3964860,0.0.4138717@1781549517.658409170
0.0.9384218,0.001459029576013693,SUCCESS,0.0.731861,0.0.3964860,0.0.4138717@1781549517.118710703
0.0.9379489,0.000007163337205744214,SUCCESS,0.0.731861,0.0.3964860,0.0.4138717@1781549517.386384217
0.0.9692993,0.03548787168450866,SUCCESS,0.0.731861,0.0.3964860,0.0.4138717@1781549521.739876727
0.0.643109,13898.83770133336,SUCCESS,0.0.731861,0.0.3964860,0.0.4138717@1781549520.449412992
0.0.702183,1055.99124313984,SUCCESS,0.0.731861,0.0.4129330,0.0.4138717@1781549518.847994459
0.0.261557,1.181975625887618,SUCCESS,0.0.731861,0.0.4129330,0.0.4138717@1781549521.060323929
0.0.2960424,0.2320707357826419,SUCCESS,0.0.731861,0.0.4129330,0.0.4138717@1781549519.147964888
0.0.8410631,0.5937811667225823,SUCCESS,0.0.731861,0.0.4129330&0.0.4601632,0.0.4138717@1781549523.326390607
0.0.839840,28.90631508845019,SUCCESS,0.0.731861,0.0.4129330&0.0.4601632&0.0.5328590,0.0.4138717@1781549521.148941749
0.0.4754452,0.2073086352735487,SUCCESS,0.0.731861,0.0.4129330,0.0.4138717@1781549525.451694404
0.0.4625345,5.361726658735502,SUCCESS,0.0.731861,0.0.4129330,0.0.4138717@1781549522.622539211
0.0.4718583,0.004789439404405319,SUCCESS,0.0.731861,0.0.4129330,0.0.4138717@1781549522.552767379
0.0.4606843,0.0390132279671262,SUCCESS,0.0.731861,0.0.4129330&0.0.4601632,0.0.4138717@1781549525.871760983
0.0.795325,0.3174386028968694,SUCCESS,0.0.731861,0.0.4129330,0.0.4138717@1781549524.932133442
0.0.3293439,3.683958451424288,SUCCESS,0.0.731861,0.0.4129330,0.0.4138717@1781549527.897825199
0.0.856304,0.01029506589291068,SUCCESS,0.0.731861,0.0.4129330,0.0.4138717@1781549529.886871866
0.0.972955,6.854537880370525e-9,SUCCESS,0.0.731861,0.0.4129330,0.0.4138717@1781549530.083012870
0.0.842464,0.1488491487765918,SUCCESS,0.0.731861,0.0.4129330,0.0.4138717@1781549530.280966531
0.0.851606,0.001126765163692928,SUCCESS,0.0.731861,0.0.4601632,0.0.4138717@1781549527.352940271
0.0.821010,35.75248082651218,SUCCESS,0.0.731861,0.0.4601632,0.0.4138717@1781549528.971401763
0.0.7482624,13.90850396656808,NOT_ASSOCIATED,0.0.731861,0.0.4601632,
0.0.1278461,28.97559401107747,SUCCESS,0.0.731861,0.0.4601632,0.0.4138717@1781549526.390033766
0.0.9386020,4366.892433125132,SUCCESS,0.0.731861,0.0.4601632,0.0.4138717@1781549527.135569213
0.0.1217090,1548.17837557644,SUCCESS,0.0.731861,0.0.4601632,0.0.4138717@1781549533.038606219
0.0.3273852,59.48291730468794,SUCCESS,0.0.731861,0.0.4601632,0.0.4138717@1781549533.079913485
0.0.9210897,35.53991030664859,SUCCESS,0.0.731861,0.0.4601632,0.0.4138717@1781549530.324053239
0.0.9745450,61.49318565389456,SUCCESS,0.0.731861,0.0.4601632,0.0.4138717@1781549530.458453961
0.0.8831938,30.34174237948614,SUCCESS,0.0.731861,0.0.4601632,0.0.4138717@1781549534.038684748
0.0.10045691,121.787373340846,SUCCESS,0.0.731861,0.0.4601632,0.0.4138717@1781549532.764269428
0.0.4367704,0.001451994854705214,SUCCESS,0.0.731861,0.0.4601632,0.0.4138717@1781549534.442693818
0.0.1111312,29.86232575232749,SUCCESS,0.0.731861,0.0.4601632,0.0.4138717@1781549530.906528074
0.0.864984,161.9462824369858,SUCCESS,0.0.731861,0.0.4601632,0.0.4138717@1781549530.448069115
0.0.8431266,5.864452454594788,SUCCESS,0.0.731861,0.0.4601632,0.0.4138717@1781549534.244195127
0.0.4414004,519.819364568451,NOT_ASSOCIATED,0.0.731861,0.0.4601632,
0.0.227955,0.8718483205806664,SUCCESS,0.0.731861,0.0.4601632&0.0.8315114,0.0.4138717@1781549536.403825118
0.0.6463609,0.7614509898146338,NOT_ASSOCIATED,0.0.731861,0.0.4601632,
0.0.933942,0.1201468982598832,SUCCESS,0.0.731861,0.0.4601632,0.0.4138717@1781549535.869596933
0.0.3917694,90.1125217784106,SUCCESS,0.0.731861,0.0.4601632,0.0.4138717@1781549536.751099873
0.0.7480837,76.1344712735839,SUCCESS,0.0.731861,0.0.4601632,0.0.4138717@1781549537.925106586
0.0.7778674,300.5632116971946,SUCCESS,0.0.731861,0.0.4601632&0.0.5328590,0.0.4138717@1781549538.509562498
0.0.1075845,13.88617810253267,SUCCESS,0.0.731861,0.0.4601632,0.0.4138717@1781549537.172033046
0.0.10031144,8.86274556062382,NOT_ASSOCIATED,0.0.731861,0.0.4601632,
0.0.10031150,0.8172359279454754,NOT_ASSOCIATED,0.0.731861,0.0.4601632,
0.0.1337729,33.894211373438,SUCCESS,0.0.731861,0.0.4601632,0.0.4138717@1781549538.688569081
0.0.4730774,150.2412135436012,SUCCESS,0.0.731861,0.0.4601632,0.0.4138717@1781549538.663327206
0.0.1405765,57.60813176033457,SUCCESS,0.0.731861,0.0.4601632,0.0.4138717@1781549536.688132662
0.0.1460111,1.036145328928435,SUCCESS,0.0.731861,0.0.4601632,0.0.4138717@1781549537.387944668
0.0.5972520,30.39535891358161,SUCCESS,0.0.731861,0.0.4601632,0.0.4138717@1781549538.068546108
0.0.5255642,1.179755747281383,SUCCESS,0.0.731861,0.0.4601632,0.0.4138717@1781549540.607884286
0.0.7684662,139.5775841907427,SUCCESS,0.0.731861,0.0.4601632&0.0.5328590,0.0.4138717@1781549538.863593869
0.0.1020586,316.2975343742792,SUCCESS,0.0.731861,0.0.4601632&0.0.5328590,0.0.4138717@1781549543.939853921
0.0.4753601,3.362441250095164,SUCCESS,0.0.731861,0.0.4601632,0.0.4138717@1781549541.719184551
0.0.3932850,212.93750896182,SUCCESS,0.0.731861,0.0.4601632,0.0.4138717@1781549544.304884492
0.0.816727,21.29180673289728,SUCCESS,0.0.731861,0.0.4601632,0.0.4138717@1781549544.186718575
0.0.660703,26.71301076382956,SUCCESS,0.0.731861,0.0.4601632,0.0.4138717@1781549541.651915263
0.0.704807,30.49869074949268,SUCCESS,0.0.731861,0.0.4601632,0.0.4138717@1781549541.739052813
0.0.175313,1.745454693231555,SUCCESS,0.0.731861,0.0.4601632,0.0.4138717@1781549546.654170224
0.0.837339,13.7608731287822,SUCCESS,0.0.731861,0.0.4601632,0.0.4138717@1781549544.591830852
0.0.707819,5.568910967202682,SUCCESS,0.0.731861,0.0.4601632,0.0.4138717@1781549544.502374858
0.0.2999419,0.1160374249454556,SUCCESS,0.0.731861,0.0.4601632,0.0.4138717@1781549545.488088956
0.0.5002435,2.86126459332831,SUCCESS,0.0.731861,0.0.4601632,0.0.4138717@1781549545.253577881
0.0.4403472,0.8241311774759619,SUCCESS,0.0.731861,0.0.4601632,0.0.4138717@1781549549.436120218
0.0.853115,0.09286988912819687,SUCCESS,0.0.731861,0.0.4601632,0.0.4138717@1781549549.498941687
0.0.3828466,54.50517861685476,SUCCESS,0.0.731861,0.0.4601632,0.0.4138717@1781549548.383266274
0.0.912306,2.115889945965556,SUCCESS,0.0.731861,0.0.4601632,0.0.4138717@1781549547.061761623
0.0.4153394,5447.673098950168,SUCCESS,0.0.731861,0.0.4601632,0.0.4138717@1781549547.593914690
0.0.1060925,3.681887629011527,SUCCESS,0.0.731861,0.0.4601632,0.0.4138717@1781549550.259401937
0.0.7288906,18.18505870364639,NOT_ASSOCIATED,0.0.731861,0.0.4601632,
0.0.1860200,0.01194374916289403,SUCCESS,0.0.731861,0.0.4601632,0.0.4138717@1781549550.525512337
0.0.3705687,0.00250959761437128,SUCCESS,0.0.731861,0.0.4601632,0.0.4138717@1781549551.225433325
0.0.860846,0.01705640201658563,SUCCESS,0.0.731861,0.0.4601632,0.0.4138717@1781549552.518686543
0.0.877043,36.70182473662535,SUCCESS,0.0.731861,0.0.4601632,0.0.4138717@1781549551.431811360
0.0.1287040,10.1856854780585,SUCCESS,0.0.731861,0.0.4601632,0.0.4138717@1781549550.726741895
0.0.4797402,0.003836717858660358,SUCCESS,0.0.731861,0.0.4601632,0.0.4138717@1781549549.041931823
0.0.4559156,0.1207747180229439,SUCCESS,0.0.731861,0.0.4601632,0.0.4138717@1781549550.329441428
0.0.3158284,6.157871545321224,SUCCESS,0.0.731861,0.0.4601632&0.0.5328590,0.0.4138717@1781549553.281126270
0.0.2114355,0.0003521922519955285,SUCCESS,0.0.731861,0.0.4601632,0.0.4138717@1781549553.464070961
0.0.1074067,30.45440071326635,SUCCESS,0.0.731861,0.0.4601632,0.0.4138717@1781549554.825854531
0.0.1518521,2.480857853736209,SUCCESS,0.0.731861,0.0.4601632,0.0.4138717@1781549556.036988470
0.0.731707,0.2714421850207915,SUCCESS,0.0.731861,0.0.4601632,0.0.4138717@1781549552.721935601
0.0.3161895,1.434039228118523,SUCCESS,0.0.731861,0.0.4601632,0.0.4138717@1781549553.666292256
0.0.6049415,0.0004413054103032018,SUCCESS,0.0.731861,0.0.4601632,0.0.4138717@1781549553.856687309
0.0.1425168,6742.735265790023,SUCCESS,0.0.731861,0.0.4601632&0.0.5328590,0.0.4138717@1781549555.694461698
0.0.4358401,1.28612525305562,SUCCESS,0.0.731861,0.0.4601632&0.0.5328590,0.0.4138717@1781549557.798056194
0.0.1997076,50.73543962503899,SUCCESS,0.0.731861,0.0.4601632,0.0.4138717@1781549558.671625875
0.0.8229616,615.3772936795393,SUCCESS,0.0.731861,0.0.4601632&0.0.10414792&0.0.10498274&0.0.10498280,0.0.4138717@1781549558.617343754
0.0.1186570,14.50510159341388,SUCCESS,0.0.731861,0.0.4601632,0.0.4138717@1781549556.928886812
0.0.712902,128.8650030397428,SUCCESS,0.0.731861,0.0.5328590,0.0.4138717@1781549557.105185532
0.0.635990,16.23096912175592,SUCCESS,0.0.731861,0.0.5328590,0.0.4138717@1781549558.365657957
0.0.10421961,0.2372543865792184,SUCCESS,0.0.731861,0.0.5328590,0.0.4138717@1781549560.282923994
0.0.8041828,6.762873345227947,SUCCESS,0.0.731861,0.0.5328590,0.0.4138717@1781549558.270672842
0.0.1281501,52.5530954421161,SUCCESS,0.0.731861,0.0.5328590,0.0.4138717@1781549559.754242133
0.0.1460265,233.73355928026,SUCCESS,0.0.731861,0.0.5328590,0.0.4138717@1781549558.243630695
0.0.4426658,35.26319265418488,SUCCESS,0.0.731861,0.0.5328590,0.0.4138717@1781549558.837963165
0.0.4356483,137.7177626567776,SUCCESS,0.0.731861,0.0.5328590,0.0.4138717@1781549562.428854768
0.0.599260,2.575201487864167,SUCCESS,0.0.731861,0.0.5328590,0.0.4138717@1781549563.001294821
0.0.4364713,193.8247236587295,SUCCESS,0.0.731861,0.0.5328590,0.0.4138717@1781549561.039718444
0.0.1082181,2820.695974935529,SUCCESS,0.0.731861,0.0.5328590,0.0.4138717@1781549564.193405560
0.0.1017499,1503.512922933172,SUCCESS,0.0.731861,0.0.5328590,0.0.4138717@1781549565.034032891
0.0.608244,16.77768488444694,SUCCESS,0.0.731861,0.0.5328590,0.0.4138717@1781549565.104301557
0.0.638193,1570.283363321213,SUCCESS,0.0.731861,0.0.5328590,0.0.4138717@1781549563.201059542
0.0.7731260,2.933993174023815,SUCCESS,0.0.731861,0.0.5328590,0.0.4138717@1781549566.433695083
0.0.9364499,0.8299634588742137,SUCCESS,0.0.731861,0.0.5328590,0.0.4138717@1781549562.113768997
0.0.9641103,96.50017614542529,SUCCESS,0.0.731861,0.0.5328590&0.0.6071119,0.0.4138717@1781549568.199680371
0.0.946745,557.6167603899672,SUCCESS,0.0.731861,0.0.5328590,0.0.4138717@1781549564.836694865
0.0.1009100,0.01419913923893287,NOT_ASSOCIATED,0.0.731861,0.0.5328590,
0.0.3092477,14.29520965557598,SUCCESS,0.0.731861,0.0.5328590,0.0.4138717@1781549568.535458022
0.0.818068,76.55743575936556,SUCCESS,0.0.731861,0.0.5328590,0.0.4138717@1781549566.871828241
0.0.9151827,0.007734562966952315,NOT_ASSOCIATED,0.0.731861,0.0.5328590,
0.0.4587141,3.930942760826829,SUCCESS,0.0.731861,0.0.5328590,0.0.4138717@1781549569.324917822
0.0.9312249,11.60702381246759,SUCCESS,0.0.731861,0.0.5328590,0.0.4138717@1781549570.379181999
0.0.3868695,106.6532754375366,SUCCESS,0.0.731861,0.0.5328590,0.0.4138717@1781549570.530293119
0.0.9401455,10.36059059761354,SUCCESS,0.0.731861,0.0.5328590,0.0.4138717@1781549569.631919152
0.0.1105713,37.94624643420327,SUCCESS,0.0.731861,0.0.5328590,0.0.4138717@1781549571.590058355
0.0.9237387,124.6763265189154,SUCCESS,0.0.731861,0.0.5328590,0.0.4138717@1781549573.754794099
0.0.822616,354.8095145604499,SUCCESS,0.0.731861,0.0.5328590,0.0.4138717@1781549571.240337288
0.0.5052897,3.073465230928992,SUCCESS,0.0.731861,0.0.5328590,0.0.4138717@1781549575.124392185
0.0.5702106,0.8539147009430219,SUCCESS,0.0.731861,0.0.5328590,0.0.4138717@1781549570.661152143
0.0.10010228,87.3110380111445,SUCCESS,0.0.731861,0.0.5328590,0.0.4138717@1781549574.738886255
0.0.1251063,219.1628030226837,SUCCESS,0.0.731861,0.0.5328590,0.0.4138717@1781549573.649777177
0.0.9214791,13.4588981463177,SUCCESS,0.0.731861,0.0.5328590,0.0.4138717@1781549574.892136476
0.0.8426856,11.17471669339884,SUCCESS,0.0.731861,0.0.5328590,0.0.4138717@1781549575.359836410
0.0.1444388,18.70189693084085,SUCCESS,0.0.731861,0.0.5328590,0.0.4138717@1781549575.005075444
0.0.4348988,1.7485837086447,SUCCESS,0.0.731861,0.0.5328590,0.0.4138717@1781549578.730620161
0.0.7523706,714.6907556942367,NOT_ASSOCIATED,0.0.731861,0.0.5328590,
0.0.1324089,1.746836934255942,SUCCESS,0.0.731861,0.0.5328590&0.0.6071041,0.0.4138717@1781549575.046060914
0.0.9276478,0.06339067948564883,SUCCESS,0.0.731861,0.0.5328590,0.0.4138717@1781549578.309239245
0.0.4362264,0.5545670811225455,NOT_ASSOCIATED,0.0.731861,0.0.5328590,
0.0.52671,470.6078044057884,SUCCESS,0.0.731861,0.0.5328590,0.0.4138717@1781549575.370440857
0.0.10375094,74.0817677110883,NOT_ASSOCIATED,0.0.731861,0.0.5328590,
0.0.1404223,0.2012498884401855,SUCCESS,0.0.731861,0.0.5328590&0.0.6071041,0.0.4138717@1781549576.411025370
0.0.10047974,38.08769933545246,SUCCESS,0.0.731861,0.0.5328590,0.0.4138717@1781549576.391747436
0.0.1212407,12.14781454294181,SUCCESS,0.0.731861,0.0.5328590,0.0.4138717@1781549580.101471148
0.0.696926,26.96696580280918,SUCCESS,0.0.731861,0.0.5328590,0.0.4138717@1781549579.784119889
0.0.6003880,37.79187780364082,SUCCESS,0.0.731861,0.0.5328590,0.0.4138717@1781549582.504906833
0.0.7326025,0.4648946009534846,SUCCESS,0.0.731861,0.0.5328590&0.0.6071119,0.0.4138717@1781549582.243238143
0.0.7171484,0.9515869053916122,SUCCESS,0.0.731861,0.0.5328590,0.0.4138717@1781549582.502661639
0.0.8128261,0.0314401856837151,SUCCESS,0.0.731861,0.0.5328590,0.0.4138717@1781549581.873574424
0.0.5068949,1.172165967150797,SUCCESS,0.0.731861,0.0.5328590,0.0.4138717@1781549582.266335722
0.0.7852259,47.30357784274337,SUCCESS,0.0.731861,0.0.5328590,0.0.4138717@1781549583.354761111
0.0.9093010,0.265200352884479,SUCCESS,0.0.731861,0.0.5328590,0.0.4138717@1781549581.113378172
0.0.4742691,9.81019462752896,SUCCESS,0.0.731861,0.0.5328590,0.0.4138717@1781549584.923962039
0.0.540025,5.46111341696654,SUCCESS,0.0.731861,0.0.5328590,0.0.4138717@1781549585.975458734
0.0.787993,309.656710614655,SUCCESS,0.0.731861,0.0.5328590,0.0.4138717@1781549583.592400829
0.0.851709,378.8420195395518,SUCCESS,0.0.731861,0.0.5328590,0.0.4138717@1781549581.461460798
0.0.701191,8.053893919441673,SUCCESS,0.0.731861,0.0.5328590,0.0.4138717@1781549582.106761794
0.0.5151429,3.114226036094442,SUCCESS,0.0.731861,0.0.5328590,0.0.4138717@1781549582.691002470
0.0.10091451,63.99426895227083,SUCCESS,0.0.731861,0.0.5328590,0.0.4138717@1781549585.968937395
0.0.8499794,21.1868535430633,SUCCESS,0.0.731861,0.0.5328590,0.0.4138717@1781549584.274220959
0.0.1422243,1590.808397359346,SUCCESS,0.0.731861,0.0.5328590,0.0.4138717@1781549585.756357629
0.0.4337803,44.90660711328853,SUCCESS,0.0.731861,0.0.5328590,0.0.4138717@1781549588.680750143
0.0.4839415,2.107567409983331,SUCCESS,0.0.731861,0.0.5328590,0.0.4138717@1781549585.607500788
0.0.6298433,4.365482324627004,SUCCESS,0.0.731861,0.0.5328590,0.0.4138717@1781549590.115980998
0.0.806166,34.22194775544116,SUCCESS,0.0.731861,0.0.5328590,0.0.4138717@1781549590.789746103
0.0.8113026,1.19103188023652,SUCCESS,0.0.731861,0.0.5328590,0.0.4138717@1781549593.062312151
0.0.9885066,16.2402292777364,SUCCESS,0.0.731861,0.0.5328590,0.0.4138717@1781549591.011599233
0.0.8267927,20.44996257280325,SUCCESS,0.0.731861,0.0.5328590,0.0.4138717@1781549592.330127488
0.0.9802061,31.63513476812403,SUCCESS,0.0.731861,0.0.5328590&0.0.6071119,0.0.4138717@1781549594.489808460
0.0.4320148,0.06985076089764725,SUCCESS,0.0.731861,0.0.5328590&0.0.10092996&0.0.10093026,0.0.4138717@1781549592.977605366
0.0.1002430,3249.778498663883,SUCCESS,0.0.731861,0.0.5328590,0.0.4138717@1781549593.827577132
0.0.4971932,2.744515436773105,SUCCESS,0.0.731861,0.0.5328590,0.0.4138717@1781549593.015891649
0.0.7214343,4529.207576043399,SUCCESS,0.0.731861,0.0.5328590,0.0.4138717@1781549591.122497295
0.0.4361068,5.686080760045617,SUCCESS,0.0.731861,0.0.5328590,0.0.4138717@1781549596.502801171
0.0.9214238,18.2947318680928,SUCCESS,0.0.731861,0.0.5328590,0.0.4138717@1781549594.790394444
0.0.7734907,19.58505984392722,SUCCESS,0.0.731861,0.0.5328590,0.0.4138717@1781549596.798488017
0.0.4362583,0.06606598938764412,SUCCESS,0.0.731861,0.0.5328590,0.0.4138717@1781549595.437575337
0.0.10031113,27309.93024313299,NOT_ASSOCIATED,0.0.731861,0.0.5328590,
0.0.10031110,39405.29237806534,NOT_ASSOCIATED,0.0.731861,0.0.5328590,
0.0.9588454,10.63204338831876,SUCCESS,0.0.731861,0.0.5328590,0.0.4138717@1781549596.718937363
0.0.10235120,45.66448590243412,SUCCESS,0.0.731861,0.0.5328590,0.0.4138717@1781549597.089326821
0.0.5500943,0.2681573930002342,SUCCESS,0.0.731861,0.0.6071041,0.0.4138717@1781549595.562372697
0.0.896352,2.13541704635636,SUCCESS,0.0.731861,0.0.6071041,0.0.4138717@1781549598.331091261
0.0.2328171,462.8136309915222,NOT_ASSOCIATED,0.0.731861,0.0.6071041,
0.0.1462131,0.001793371656230801,SUCCESS,0.0.731861,0.0.6071041,0.0.4138717@1781549597.434945606
0.0.10031183,183.2464486608548,NOT_ASSOCIATED,0.0.731861,0.0.6071119,
0.0.833139,7.869222842641645,SUCCESS,0.0.731861,0.0.6071119,0.0.4138717@1781549599.550511955
0.0.9119461,0.001302629954955564,SUCCESS,0.0.731861,0.0.6071119&0.0.8315114,0.0.4138717@1781549601.753072386
0.0.6892983,557.7449648816829,SUCCESS,0.0.731861,0.0.6071119,0.0.4138717@1781549601.236071108
0.0.2137399,11.89850978540582,SUCCESS,0.0.731861,0.0.6071119,0.0.4138717@1781549602.190920927
0.0.4041275,346.466760176252,SUCCESS,0.0.731861,0.0.6071119,0.0.4138717@1781549604.608164919
0.0.10031184,1267.305577353717,NOT_ASSOCIATED,0.0.731861,0.0.6071119,
0.0.1700952,631.1643825296396,SUCCESS,0.0.731861,0.0.6071119,0.0.4138717@1781549602.079919713
0.0.5729027,7.81166796693734,SUCCESS,0.0.731861,0.0.6071119,0.0.4138717@1781549605.064904761
0.0.5740497,1549.217501352838,SUCCESS,0.0.731861,0.0.6071119,0.0.4138717@1781549604.767900707
0.0.2174967,77.56990686354733,SUCCESS,0.0.731861,0.0.6071119,0.0.4138717@1781549602.852163725
0.0.3704330,5880.217068673487,SUCCESS,0.0.731861,0.0.6071911,0.0.4138717@1781549604.124066575
0.0.7857493,4941.034858093535,NOT_ASSOCIATED,0.0.731861,0.0.6078459,
0.0.7200098,76.13174900895106,SUCCESS,0.0.731861,0.0.6078459,0.0.4138717@1781549606.626843573
0.0.2997555,0.07208109737795919,SUCCESS,0.0.731861,0.0.6078459,0.0.4138717@1781549607.301483452
0.0.6082528,3267.982655859503,SUCCESS,0.0.731861,0.0.6078459,0.0.4138717@1781549605.853414686
0.0.9471068,119.1814592178735,SUCCESS,0.0.731861,0.0.6078473,0.0.4138717@1781549609.382407223
0.0.8208716,5623.976898397936,SUCCESS,0.0.731861,0.0.6078473,0.0.4138717@1781549608.460102161
0.0.6080537,138.1935040864693,SUCCESS,0.0.731861,0.0.6078473,0.0.4138717@1781549606.080737224
0.0.838563,0.4153640082891212,SUCCESS,0.0.731861,0.0.6126395,0.0.4138717@1781549607.798850363
0.0.4987474,0.00005785547490769139,SUCCESS,0.0.731861,0.0.6126395,0.0.4138717@1781549611.295103965
0.0.972940,0.01807588895487594,SUCCESS,0.0.731861,0.0.6126395,0.0.4138717@1781549608.385836390
0.0.5679713,0.0349900061488999,SUCCESS,0.0.731861,0.0.8315114,0.0.4138717@1781549607.195394174
0.0.4544022,107.2396340361893,NOT_ASSOCIATED,0.0.731861,0.0.8315114,
0.0.9940020,0.06617650577942488,SUCCESS,0.0.731861,0.0.8315114,0.0.4138717@1781549609.976464643
0.0.1109176,0.03233054465102648,SUCCESS,0.0.731861,0.0.8315114,0.0.4138717@1781549608.827803615
0.0.10031155,0.1820413172612245,NOT_ASSOCIATED,0.0.731861,0.0.8315114,
0.0.10267181,0.9663709301016612,NOT_ASSOCIATED,0.0.731861,0.0.8315114,
0.0.10267182,0.1167676544710984,NOT_ASSOCIATED,0.0.731861,0.0.8315114,
0.0.10432879,0.009366187235661521,SUCCESS,0.0.731861,0.0.8315114,0.0.4138717@1781549609.524455360
0.0.1033719,7.761404247484276,SUCCESS,0.0.731861,0.0.8315114,0.0.4138717@1781549614.199687424
0.0.9695763,2807.845073752442,SUCCESS,0.0.731861,0.0.8315114,0.0.4138717@1781549610.495872927
0.0.8192889,143.0621491440828,SUCCESS,0.0.731861,0.0.8315114,0.0.4138717@1781549610.681315722
0.0.8712714,0.9886173409708502,SUCCESS,0.0.731861,0.0.8315114,0.0.4138717@1781549613.196359181
0.0.10031160,326.8686459153533,NOT_ASSOCIATED,0.0.731861,0.0.8315114,
0.0.8326917,1.450728487676302,NOT_ASSOCIATED,0.0.731861,0.0.8315114,
0.0.7688939,0.03758766256900763,SUCCESS,0.0.731861,0.0.8315114,0.0.4138717@1781549614.178340903
0.0.3311267,0.002562253026801705,NOT_ASSOCIATED,0.0.731861,0.0.8315114,
0.0.4340961,0.00391208694056746,SUCCESS,0.0.731861,0.0.8315114,0.0.4138717@1781549612.883605513
0.0.10033160,3.439262398394593e-7,NOT_ASSOCIATED,0.0.731861,0.0.9774523,
0.0.10120444,0.0003175542430964265,NOT_ASSOCIATED,0.0.731861,0.0.10018365,
0.0.10120462,0.007120097031184178,NOT_ASSOCIATED,0.0.731861,0.0.10092996,
0.0.10120460,3.64646796851621,NOT_ASSOCIATED,0.0.731861,0.0.10092996,
0.0.10120438,0.0001254777192296711,NOT_ASSOCIATED,0.0.731861,0.0.10093026,
0.0.10120424,0.7275998453319936,NOT_ASSOCIATED,0.0.731861,0.0.10093026,
0.0.10382204,13044.28548963368,SUCCESS,0.0.731861,0.0.10387648&0.0.10414792&0.0.10418141&0.0.10498271&0.0.10498274&0.0.10498278&0.0.10498280,0.0.4138717@1781549613.287155369
0.0.10454159,2.316853350359768e-8,NOT_ASSOCIATED,0.0.731861,0.0.10387648,
0.0.10449777,0.001030623422693985,NOT_ASSOCIATED,0.0.731861,0.0.10387648,
0.0.10339873,101.6250377257309,SUCCESS,0.0.731861,0.0.10414792,0.0.4138717@1781549613.473824928
0.0.1483886,5638.876456186292,SUCCESS,0.0.731861,0.0.10418141,0.0.4138717@1781549613.169561016
0.0.4865794,411.7158872451542,SUCCESS,0.0.731861,0.0.10418141,0.0.4138717@1781549619.439300146
0.0.10204901,0.1664568288716607,SUCCESS,0.0.731861,0.0.10418141,0.0.4138717@1781549616.234746329
0.0.10573597,12448.02470421127,SUCCESS,0.0.731861,0.0.10498271&0.0.10498274&0.0.10498278,0.0.4138717@1781549618.165347294
0.0.10508396,4728.69621641298,SUCCESS,0.0.731861,0.0.10498271&0.0.10498274&0.0.10498278&0.0.10498280,0.0.4138717@1781549617.599556640
0.0.10353912,2836.237441917843,SUCCESS,0.0.731861,0.0.10498271&0.0.10498274&0.0.10498278&0.0.10498280,0.0.4138717@1781549616.449559186
0.0.834663,3335.888078128482,SUCCESS,0.0.731861,0.0.10498271,0.0.4138717@1781549616.554278533
0.0.10505731,15197.66929823715,SUCCESS,0.0.731861,0.0.10498274,0.0.4138717@1781549617.079574936
0.0.4210667,0.004340031278795537,SUCCESS,hbar,0.0.3951117,0.0.4138717@1781549954.063406035
0.0.8054459,0.4992373787608432,SUCCESS,hbar,0.0.3951117&0.0.3964804,0.0.4138717@1781549951.309015636
0.0.9125858,2709.910332329218,SUCCESS,hbar,0.0.3951117,0.0.4138717@1781549951.411425399
0.0.1872630,2.544432278101183,SUCCESS,hbar,0.0.3951117,0.0.4138717@1781549951.035620322
0.0.10206048,0.1035429078858601,SUCCESS,hbar,0.0.3951117,0.0.4138717@1781549952.990224433
0.0.4361868,5.324441504410417,SUCCESS,hbar,0.0.3951117,0.0.4138717@1781549951.109932031
0.0.1375637,0.2834140022051633,SUCCESS,hbar,0.0.3951117,0.0.4138717@1781549954.049241536
0.0.8188541,0.3425164909623582,SUCCESS,hbar,0.0.3951117,0.0.4138717@1781549951.508890292
0.0.4560992,1.432332369354849,SUCCESS,hbar,0.0.3951117,0.0.4138717@1781549953.984151748
0.0.5702270,6.230137314002098,SUCCESS,hbar,0.0.3951117,0.0.4138717@1781549951.501087917
0.0.836838,2590.403305078563,SUCCESS,hbar,0.0.3951117,0.0.4138717@1781549958.163103522
0.0.874760,30.82002189307897,SUCCESS,hbar,0.0.3951117&0.0.3964804,0.0.4138717@1781549957.343985037
0.0.4330219,0.1984092653982949,SUCCESS,hbar,0.0.3951117,0.0.4138717@1781549958.729000857
0.0.2968839,5.59320041253803,SUCCESS,hbar,0.0.3951117&0.0.3964804,0.0.4138717@1781549957.172807043
0.0.4923080,0.1642827260901888,SUCCESS,hbar,0.0.3951117,0.0.4138717@1781549959.992628280
0.0.3242760,24.02686531068789,SUCCESS,hbar,0.0.3951117&0.0.3964804,0.0.4138717@1781549960.518274366
0.0.5797983,0.1668367497130483,SUCCESS,hbar,0.0.3951117&0.0.3964804,0.0.4138717@1781549967.174402100
0.0.850535,143.9258867971036,SUCCESS,hbar,0.0.3951117,0.0.4138717@1781549968.914744107
0.0.6244791,1.241753569512694,SUCCESS,hbar,0.0.3951117,0.0.4138717@1781549970.755340116
0.0.6313910,124.8124851160901,SUCCESS,hbar,0.0.3951117&0.0.3964804,0.0.4138717@1781549968.151226885
0.0.6289117,10.43829663127908,SUCCESS,hbar,0.0.3951117&0.0.3964804,0.0.4138717@1781549967.792908135
0.0.6440477,0.5163104322207327,SUCCESS,hbar,0.0.3951117&0.0.3964804,0.0.4138717@1781549969.771934821
0.0.3071320,31.98196014249073,SUCCESS,hbar,0.0.3951117,0.0.4138717@1781549973.733825390
0.0.4345324,0.1283828460697631,SUCCESS,hbar,0.0.3951117,0.0.4138717@1781549974.413206835
0.0.4702708,0.1498145300378324,SUCCESS,hbar,0.0.3951117,0.0.4138717@1781549971.475931728
0.0.6026305,0.2243705085264104,SUCCESS,hbar,0.0.3951117,0.0.4138717@1781549974.528847679
0.0.6781119,5.533289985839768,SUCCESS,hbar,0.0.3951117&0.0.3964804,0.0.4138717@1781549973.244625708
0.0.7262531,0.01726224320902357,SUCCESS,hbar,0.0.3951117&0.0.3964804,0.0.4138717@1781549973.634729359
0.0.7138336,0.01433402639139454,SUCCESS,hbar,0.0.3951117,0.0.4138717@1781549978.197035186
0.0.1340928,32.29189653848587,SUCCESS,hbar,0.0.3951117,0.0.4138717@1781549975.874217148
0.0.7479340,1.080589021136845,SUCCESS,hbar,0.0.3951117&0.0.3964804,0.0.4138717@1781549977.988068531
0.0.5078033,2.144518495448446,SUCCESS,hbar,0.0.3951117,0.0.4138717@1781549978.921965428
0.0.3681428,140.6000816176467,SUCCESS,hbar,0.0.3951117&0.0.3964804,0.0.4138717@1781549975.604214033
0.0.4340758,0.6848343179864141,SUCCESS,hbar,0.0.3951117&0.0.3964804,0.0.4138717@1781549980.953733835
0.0.4817549,1.333964737261177,SUCCESS,hbar,0.0.3951117&0.0.3964804,0.0.4138717@1781549983.064152081
0.0.4938729,1.70742018266446,SUCCESS,hbar,0.0.3951117,0.0.4138717@1781549982.411976831
0.0.4322002,0.4930672893654105,SUCCESS,hbar,0.0.3951117,0.0.4138717@1781549980.905684331
0.0.4968045,3.206896400549473,SUCCESS,hbar,0.0.3951117,0.0.4138717@1781549981.965535673
0.0.2930231,0.4008654757949494,SUCCESS,hbar,0.0.3951117&0.0.3964804,0.0.4138717@1781549982.164984709
0.0.4558891,4.530084277896279,SUCCESS,hbar,0.0.3951117,0.0.4138717@1781549980.994127393
0.0.5976303,0.4880903482050257,SUCCESS,hbar,0.0.3951117&0.0.3964804,0.0.4138717@1781549985.743389598
0.0.4318411,6.199761008806846,SUCCESS,hbar,0.0.3951117,0.0.4138717@1781549986.336853493
0.0.4229805,0.5930004600551081,SUCCESS,hbar,0.0.3951117,0.0.4138717@1781549984.054413322
0.0.4329852,25.53132848541527,SUCCESS,hbar,0.0.3951117&0.0.3964804,0.0.4138717@1781549985.709326422
0.0.5975196,0.1848761268117314,SUCCESS,hbar,0.0.3951117,0.0.4138717@1781549987.061190361
0.0.3969243,0.03329389017708475,SUCCESS,hbar,0.0.3951117,0.0.4138717@1781549986.378619160
0.0.4732964,0.1402735382753467,SUCCESS,hbar,0.0.3951117,0.0.4138717@1781549989.893486821
0.0.4432149,0.374585115620598,SUCCESS,hbar,0.0.3951117,0.0.4138717@1781549991.197383053
0.0.1412123,0.3826954730801386,SUCCESS,hbar,0.0.3951117&0.0.3964804,0.0.4138717@1781549991.802831968
0.0.4184733,112.457278125246,SUCCESS,hbar,0.0.3951117,0.0.4138717@1781549991.565895276
0.0.4775299,1.036131475159958,SUCCESS,hbar,0.0.3951117,0.0.4138717@1781549995.164452586
0.0.4758169,0.6172087321412418,SUCCESS,hbar,0.0.3951117,0.0.4138717@1781549996.540831116
0.0.8616856,44.99348753275633,SUCCESS,hbar,0.0.3951117&0.0.3964804,0.0.4138717@1781549995.449272188
0.0.856667,6.92903651026174,SUCCESS,hbar,0.0.3951117&0.0.3964804,0.0.4138717@1781549995.746269527
0.0.1991961,21.48687617040325,SUCCESS,hbar,0.0.3951117,0.0.4138717@1781549998.219827276
0.0.8068689,6.122675451446018,SUCCESS,hbar,0.0.3951117&0.0.3964804,0.0.4138717@1781549995.951097270
0.0.7889838,0.03808985728883066,SUCCESS,hbar,0.0.3951117,0.0.4138717@1781549997.099866657
0.0.6258771,3.122886911084148,SUCCESS,hbar,0.0.3951117,0.0.4138717@1781549999.458147972
0.0.1379217,3.895923813302825,SUCCESS,hbar,0.0.3951117,0.0.4138717@1781550000.006709491
0.0.8190429,1.063224078394907,SUCCESS,hbar,0.0.3951117,0.0.4138717@1781550002.121483685
0.0.4912200,80.49726706058742,SUCCESS,hbar,0.0.3951117&0.0.3964804,0.0.4138717@1781550001.641076631
0.0.4342759,23.3369852903728,SUCCESS,hbar,0.0.3951117,0.0.4138717@1781550005.262603523
0.0.1691323,17.6053039976866,SUCCESS,hbar,0.0.3951117&0.0.3964804,0.0.4138717@1781550006.265172722
0.0.2125030,38.75289254967529,SUCCESS,hbar,0.0.3951117,0.0.4138717@1781550005.608540499
0.0.2960169,0.6848631477004687,SUCCESS,hbar,0.0.3951117,0.0.4138717@1781550004.412130607
0.0.4339505,106.1900163753039,SUCCESS,hbar,0.0.3951117,0.0.4138717@1781550006.124744554
0.0.8531519,3.955279204659194,SUCCESS,hbar,0.0.3951117,0.0.4138717@1781550005.556555509
0.0.2122027,3.968927681581166,SUCCESS,hbar,0.0.3951117&0.0.3964804,0.0.4138717@1781550006.347151826
0.0.4531253,0.0460075080257652,SUCCESS,hbar,0.0.3951117&0.0.3964804,0.0.4138717@1781550008.040178805
0.0.9104463,6.865967439187801,SUCCESS,hbar,0.0.3951117&0.0.3964804,0.0.4138717@1781550008.768608079
0.0.7788937,0.02067326116606669,SUCCESS,hbar,0.0.3951117,0.0.4138717@1781550007.698905896
0.0.9150357,4.211425948131707,SUCCESS,hbar,0.0.3951117,0.0.4138717@1781550009.418867215
0.0.7526203,1.15326626546777,SUCCESS,hbar,0.0.3951117&0.0.3964804,0.0.4138717@1781550011.032877861
0.0.7843482,1.132144713717619,SUCCESS,hbar,0.0.3951117&0.0.3964804,0.0.4138717@1781550012.058243737
0.0.1726157,4.228264928252004,SUCCESS,hbar,0.0.3951117&0.0.3964804,0.0.4138717@1781550010.560159563
0.0.4551977,0.1024658461764687,SUCCESS,hbar,0.0.3951117,0.0.4138717@1781550012.859881852
0.0.4766933,19.02201436523706,SUCCESS,hbar,0.0.3951117,0.0.4138717@1781550010.222644589
0.0.1110477,10.4142999988922,SUCCESS,hbar,0.0.3951117,0.0.4138717@1781550014.406095068
0.0.1490591,14.58180936695748,SUCCESS,hbar,0.0.3951117&0.0.3964804,0.0.4138717@1781550011.457590960
0.0.1023917,6.207138763185684,SUCCESS,hbar,0.0.3951117&0.0.3964804,0.0.4138717@1781550016.496802552
0.0.1506598,1.899795625775725,SUCCESS,hbar,0.0.3951117,0.0.4138717@1781550015.929991479
0.0.4559340,0.1241534241281552,SUCCESS,hbar,0.0.3951117,0.0.4138717@1781550013.655777408
0.0.7798148,2.932848396230407,SUCCESS,hbar,0.0.3951117,0.0.4138717@1781550014.888577682
0.0.4695027,0.4099115432509844,SUCCESS,hbar,0.0.3951117,0.0.4138717@1781550013.956761507
0.0.7835270,6.084706100665706,SUCCESS,hbar,0.0.3951117,0.0.4138717@1781550014.836198296
0.0.4503599,1.460928303577141,SUCCESS,hbar,0.0.3951117,0.0.4138717@1781550017.970440544
0.0.4347838,2.644799697164138,SUCCESS,hbar,0.0.3951117,0.0.4138717@1781550015.500839078
0.0.1877739,0.1159904981622734,SUCCESS,hbar,0.0.3951117,0.0.4138717@1781550019.137192854
0.0.4864609,0.1110947923493915,SUCCESS,hbar,0.0.3951117,0.0.4138717@1781550021.504593519
0.0.598828,0.02605682591546857,SUCCESS,hbar,0.0.3951117&0.0.3964804,0.0.4138717@1781550017.285560187
0.0.4302086,0.1323666685738938,SUCCESS,hbar,0.0.3951117,0.0.4138717@1781550021.477900727
0.0.7991960,3.502539246519549,SUCCESS,hbar,0.0.3951117&0.0.3964804,0.0.4138717@1781550020.245267218
0.0.1601282,0.08218716280432087,SUCCESS,hbar,0.0.3951117,0.0.4138717@1781550020.390954705
0.0.854331,0.04294829920000148,SUCCESS,hbar,0.0.3951117,0.0.4138717@1781550024.927284937
0.0.925802,2.484667928841806,SUCCESS,hbar,0.0.3951117,0.0.4138717@1781550026.357355175
0.0.819461,0.1605198785495799,SUCCESS,hbar,0.0.3951117,0.0.4138717@1781550029.600575904
0.0.2020001,0.7868383276607085,SUCCESS,hbar,0.0.3951117,0.0.4138717@1781550029.111972060
0.0.1412849,0.000006695544177273102,SUCCESS,hbar,0.0.3951117,0.0.4138717@1781550030.389983151
0.0.914261,21.8982052950997,SUCCESS,hbar,0.0.3951117,0.0.4138717@1781550032.923390669
0.0.2174139,0.4936334381572916,SUCCESS,hbar,0.0.3951117&0.0.3964804,0.0.4138717@1781550034.322817336
0.0.1261552,0.2678368544035035,SUCCESS,hbar,0.0.3951117&0.0.3964804,0.0.4138717@1781550034.870899397
0.0.4205604,1.115472894328766,SUCCESS,hbar,0.0.3951117,0.0.4138717@1781550035.820751329
0.0.639876,0.06453465311774995,SUCCESS,hbar,0.0.3951117,0.0.4138717@1781550035.130801376
0.0.4329215,0.08373121381245019,SUCCESS,hbar,0.0.3951117&0.0.3964804,0.0.4138717@1781550034.577000121
0.0.837404,93.59197836507994,SUCCESS,hbar,0.0.3951117,0.0.4138717@1781550035.418965046
0.0.1438402,0.1579140265758325,SUCCESS,hbar,0.0.3951117,0.0.4138717@1781550038.644291477
0.0.4333286,0.1015188957132881,SUCCESS,hbar,0.0.3951117,0.0.4138717@1781550039.457091839
0.0.700741,0.7176903198243847,SUCCESS,hbar,0.0.3951117,0.0.4138717@1781550040.779578089
0.0.1453803,2.027285046446071,SUCCESS,hbar,0.0.3951117&0.0.3964804,0.0.4138717@1781550040.565661612
0.0.1414140,10977.52176615993,SUCCESS,hbar,0.0.3951117,0.0.4138717@1781550042.012816500
0.0.4346579,0.002887333673687114,SUCCESS,hbar,0.0.3951117,0.0.4138717@1781550042.212968819
0.0.508876,2.618296545598598,SUCCESS,hbar,0.0.3951117,0.0.4138717@1781550042.723216133
0.0.1409958,0.1353746174077982,SUCCESS,hbar,0.0.3951117,0.0.4138717@1781550042.074802355
0.0.1075892,1.711711787512088,SUCCESS,hbar,0.0.3951117,0.0.4138717@1781550043.909528060
0.0.3241044,6.230470386465932,SUCCESS,hbar,0.0.3951117,0.0.4138717@1781550048.393324428
0.0.1265153,0.002928117666488491,SUCCESS,hbar,0.0.3951117,0.0.4138717@1781550047.860947269
0.0.187153,114.8883083469311,SUCCESS,hbar,0.0.3951117&0.0.3964804,0.0.4138717@1781550047.558754131
0.0.1274087,1005.497989362088,SUCCESS,hbar,0.0.3951117,0.0.4138717@1781550046.134252191
0.0.2773436,158.0398385858432,SUCCESS,hbar,0.0.3951117&0.0.3964804,0.0.4138717@1781550048.283171803
0.0.1022050,13.61696104438815,SUCCESS,hbar,0.0.3951117,0.0.4138717@1781550047.072689292
0.0.834820,15.71421542275078,SUCCESS,hbar,0.0.3951117&0.0.3964804,0.0.4138717@1781550048.515403101
0.0.731977,24.09346453990237,SUCCESS,hbar,0.0.3951117,0.0.4138717@1781550048.741879253
0.0.860438,0.8416155478535037,SUCCESS,hbar,0.0.3951117&0.0.3964804,0.0.4138717@1781550051.453618001
0.0.1290358,17.27873679639308,SUCCESS,hbar,0.0.3951117,0.0.4138717@1781550051.229602386
0.0.1097257,11.21929481776906,SUCCESS,hbar,0.0.3951117,0.0.4138717@1781550051.887067074
0.0.956549,70.11099468778535,SUCCESS,hbar,0.0.3951117&0.0.3964804,0.0.4138717@1781550054.768117438
0.0.832415,98.22110028945404,SUCCESS,hbar,0.0.3951117,0.0.4138717@1781550051.068030371
0.0.3845966,0.6355550916266488,SUCCESS,hbar,0.0.3951117&0.0.3964804,0.0.4138717@1781550055.384190376
0.0.1724832,0.1854429915561545,SUCCESS,hbar,0.0.3951117,0.0.4138717@1781550051.432518520
0.0.832624,0.001979804593285868,SUCCESS,hbar,0.0.3951117&0.0.3964804,0.0.4138717@1781550054.410582118
0.0.525256,12.41134267156648,SUCCESS,hbar,0.0.3951117,0.0.4138717@1781550056.922813091
0.0.1120388,3.965097611853609,SUCCESS,hbar,0.0.3951117,0.0.4138717@1781550054.313289228
0.0.2116956,0.4611130511885075,SUCCESS,hbar,0.0.3951117,0.0.4138717@1781550056.148622449
0.0.896788,398.3016880778563,SUCCESS,hbar,0.0.3951117,0.0.4138717@1781550058.426027001
0.0.5310061,0.837568420621928,SUCCESS,hbar,0.0.3951117&0.0.3964804,0.0.4138717@1781550057.899101608
0.0.5118190,0.9870657434548524,SUCCESS,hbar,0.0.3951117&0.0.3964804,0.0.4138717@1781550058.374439942
0.0.5119346,4.792348570437349,SUCCESS,hbar,0.0.3951117&0.0.3964804,0.0.4138717@1781550056.857568290
0.0.841339,2.170492942749086,SUCCESS,hbar,0.0.3951117,0.0.4138717@1781550061.398916884
0.0.5182107,0.4723717126321516,SUCCESS,hbar,0.0.3951117&0.0.3964804,0.0.4138717@1781550060.461515707
0.0.5202236,0.6824445556243312,SUCCESS,hbar,0.0.3951117,0.0.4138717@1781550057.824846283
0.0.4590627,1.092192990660029,SUCCESS,hbar,0.0.3951117,0.0.4138717@1781550064.025880813
0.0.4323088,8.337430269219992,SUCCESS,hbar,0.0.3951117&0.0.3964804,0.0.4138717@1781550063.720185115
0.0.4335807,7.675564803560353,SUCCESS,hbar,0.0.3951117,0.0.4138717@1781550064.196275017
0.0.4986167,0.2194149873777188,SUCCESS,hbar,0.0.3951117,0.0.4138717@1781550064.967232590
0.0.5281334,0.2190347131516828,SUCCESS,hbar,0.0.3951117,0.0.4138717@1781550064.066936920
0.0.5118232,0.4798243405731524,SUCCESS,hbar,0.0.3951117&0.0.3964804,0.0.4138717@1781550061.481612416
0.0.5117832,68.55028354429693,SUCCESS,hbar,0.0.3951117&0.0.3964804,0.0.4138717@1781550064.203800854
0.0.1711779,0.02176792752429079,SUCCESS,hbar,0.0.3951117,0.0.4138717@1781550065.484406312
0.0.853268,52.59661003922939,SUCCESS,hbar,0.0.3951117,0.0.4138717@1781550065.028299036
0.0.662296,56.04160290991234,SUCCESS,hbar,0.0.3951117,0.0.4138717@1781550069.754308757
0.0.3829916,28.4658548638475,SUCCESS,hbar,0.0.3951117,0.0.4138717@1781550069.203694154
0.0.4354394,12.98155014857621,SUCCESS,hbar,0.0.3951117,0.0.4138717@1781550069.242649778
0.0.1322785,34.16204787686752,SUCCESS,hbar,0.0.3951117,0.0.4138717@1781550072.002728879
0.0.5716339,0.001690312363499141,SUCCESS,hbar,0.0.3951117,0.0.4138717@1781550070.100705738
0.0.4709377,14.43949059498925,SUCCESS,hbar,0.0.3951117,0.0.4138717@1781550071.541330445
0.0.4348824,0.02762751336861072,SUCCESS,hbar,0.0.3951117,0.0.4138717@1781550070.505017875
0.0.4350041,0.297480780405945,SUCCESS,hbar,0.0.3951117,0.0.4138717@1781550073.448230971
0.0.1910285,0.1921099556352814,SUCCESS,hbar,0.0.3951117,0.0.4138717@1781550073.740974799
0.0.1735540,1.508075269606132,SUCCESS,hbar,0.0.3951117,0.0.4138717@1781550078.045220538
0.0.4352091,5.922515562856152,SUCCESS,hbar,0.0.3951117,0.0.4138717@1781550077.006786944
0.0.4349304,0.006944832653825018,SUCCESS,hbar,0.0.3951117,0.0.4138717@1781550076.382229232
0.0.1338331,0.6577009059688399,SUCCESS,hbar,0.0.3951117,0.0.4138717@1781550078.715022975
0.0.4322065,1.60016671219594,SUCCESS,hbar,0.0.3951117,0.0.4138717@1781550075.842342153
0.0.4370057,0.1049828813370351,SUCCESS,hbar,0.0.3951117,0.0.4138717@1781550078.340608293
0.0.104926,0.006193800117466106,SUCCESS,hbar,0.0.3951117,0.0.4138717@1781550078.046937432
0.0.1408633,0.01412118090633526,SUCCESS,hbar,0.0.3951117,0.0.4138717@1781550081.166860717
0.0.4544530,0.258913999336315,SUCCESS,hbar,0.0.3951117&0.0.3964804,0.0.4138717@1781550078.545034180
0.0.1506629,0.1345282672710562,SUCCESS,hbar,0.0.3951117,0.0.4138717@1781550079.964375131
0.0.795933,2.168633437782683,SUCCESS,hbar,0.0.3951117,0.0.4138717@1781550082.503509546
0.0.4324445,0.1568719185353814,SUCCESS,hbar,0.0.3951117&0.0.3964804,0.0.4138717@1781550083.445222787
0.0.4321631,5.791613040891909,SUCCESS,hbar,0.0.3951117&0.0.3964804,0.0.4138717@1781550079.686245219
0.0.4582751,0.2203932778231386,SUCCESS,hbar,0.0.3951117,0.0.4138717@1781550084.500421747
0.0.4324463,0.1409477510499427,SUCCESS,hbar,0.0.3951117,0.0.4138717@1781550082.804489923
0.0.1266990,0.09288982461510586,SUCCESS,hbar,0.0.3951117,0.0.4138717@1781550082.727987358
0.0.5118079,1.535735349614109,SUCCESS,hbar,0.0.3951117&0.0.3964804,0.0.4138717@1781550085.907766141
0.0.1758196,0.3037558833769714,SUCCESS,hbar,0.0.3951117,0.0.4138717@1781550086.631808748
0.0.9112426,0.2016671503931804,SUCCESS,hbar,0.0.3951117&0.0.3964804,0.0.4138717@1781550085.172399292
0.0.8419510,0.1283125587082659,SUCCESS,hbar,0.0.3951117,0.0.4138717@1781550086.596299243
0.0.1707146,0.446588190164409,SUCCESS,hbar,0.0.3951117,0.0.4138717@1781550088.381937081
0.0.9202687,35.52706110312025,SUCCESS,hbar,0.0.3951117,0.0.4138717@1781550088.166413502
0.0.1368197,1.068475416659882,SUCCESS,hbar,0.0.3951117&0.0.3964804,0.0.4138717@1781550086.958030910
0.0.7810768,0.1343166034904445,SUCCESS,hbar,0.0.3951117,0.0.4138717@1781550091.530021764
0.0.1120575,63.03051477564368,SUCCESS,hbar,0.0.3951117&0.0.3964804,0.0.4138717@1781550089.716096768
0.0.9273872,0.005739766744212796,SUCCESS,hbar,0.0.3951117,0.0.4138717@1781550091.930826267
0.0.1515633,1.330808689119346,SUCCESS,hbar,0.0.3951117,0.0.4138717@1781550089.834261498
0.0.850481,33.52189495582383,SUCCESS,hbar,0.0.3951117,0.0.4138717@1781550088.830615902
0.0.9099631,0.2767983181324036,SUCCESS,hbar,0.0.3951117,0.0.4138717@1781550089.207377699
0.0.4555391,0.6673156413581506,SUCCESS,hbar,0.0.3951117,0.0.4138717@1781550093.725931433
0.0.942605,0.3509872218043713,SUCCESS,hbar,0.0.3951117,0.0.4138717@1781550092.966654958
0.0.9359586,0.0194941508888328,SUCCESS,hbar,0.0.3951117,0.0.4138717@1781550093.930587760
0.0.832852,14.4325667518192,SUCCESS,hbar,0.0.3951117,0.0.4138717@1781550095.723501924
0.0.2174015,0.007388250946383193,SUCCESS,hbar,0.0.3951117,0.0.4138717@1781550095.438032882
0.0.9404406,0.01528410534522926,SUCCESS,hbar,0.0.3951117,0.0.4138717@1781550096.384549422
0.0.1110198,5.562913077519184,SUCCESS,hbar,0.0.3951117,0.0.4138717@1781550097.065423112
0.0.650437,0.2140105497237719,SUCCESS,hbar,0.0.3951117,0.0.4138717@1781550095.646217276
0.0.8585089,39.17616404564089,SUCCESS,hbar,0.0.3951117,0.0.4138717@1781550099.137546416
0.0.1374442,7.041323228421353,SUCCESS,hbar,0.0.3951117&0.0.3964804,0.0.4138717@1781550096.602995491
0.0.8068996,0.09688001293883655,SUCCESS,hbar,0.0.3951117&0.0.3964804,0.0.4138717@1781550097.449812511
0.0.8071373,0.5109231058220844,SUCCESS,hbar,0.0.3951117,0.0.4138717@1781550097.995719224
0.0.819005,3.529914518222156,SUCCESS,hbar,0.0.3951117,0.0.4138717@1781550102.150350099
0.0.8212757,0.8416742227217902,SUCCESS,hbar,0.0.3951117,0.0.4138717@1781550100.287915442
0.0.4713153,2.435626286614287,SUCCESS,hbar,0.0.3951117,0.0.4138717@1781550101.115139853
0.0.8260017,0.05966884956030381,SUCCESS,hbar,0.0.3951117&0.0.3964804,0.0.4138717@1781550102.751975384
0.0.2137668,14.45558196063714,SUCCESS,hbar,0.0.3951117&0.0.3964804,0.0.4138717@1781550100.920464978
0.0.8382774,0.231000910066236,SUCCESS,hbar,0.0.3951117&0.0.3964804,0.0.4138717@1781550102.762566520
0.0.3943340,0.04883106305250313,SUCCESS,hbar,0.0.3951117,0.0.4138717@1781550101.616922451
0.0.1890696,0.02479715590357305,SUCCESS,hbar,0.0.3951117,0.0.4138717@1781550101.991189707
0.0.5352069,0.2180809916676744,SUCCESS,hbar,0.0.3951117,0.0.4138717@1781550100.815994916
0.0.8490555,0.7098725895342148,SUCCESS,hbar,0.0.3951117,0.0.4138717@1781550107.099792709
0.0.4331763,73.71393256961052,SUCCESS,hbar,0.0.3951117,0.0.4138717@1781550106.000240113
0.0.8638339,0.03595723523034659,SUCCESS,hbar,0.0.3951117,0.0.4138717@1781550106.434729843
0.0.8383256,0.01110296952281887,SUCCESS,hbar,0.0.3951117&0.0.3964804,0.0.4138717@1781550106.065853359
0.0.8546442,2.929480588631532,SUCCESS,hbar,0.0.3951117,0.0.4138717@1781550105.903870360
0.0.666234,0.8115145992463676,SUCCESS,hbar,0.0.3951117,0.0.4138717@1781550108.693911514
0.0.8684349,190.7835340242409,SUCCESS,hbar,0.0.3951117,0.0.4138717@1781550106.262877402
0.0.9073081,0.00851229329743988,SUCCESS,hbar,0.0.3951117,0.0.4138717@1781550104.605916284
0.0.10122546,0.02402367828529456,SUCCESS,hbar,0.0.3951117,0.0.4138717@1781550106.706565885
0.0.10504552,0.07282759934401863,SUCCESS,hbar,0.0.3951117,0.0.4138717@1781550107.938984778
0.0.10031117,1.508197555476463,SUCCESS,hbar,0.0.3951117,0.0.4138717@1781550112.198157335
0.0.10031118,2.607892451605138,SUCCESS,hbar,0.0.3951117,0.0.4138717@1781550111.866920538
0.0.1157855,0.3032191691431861,SUCCESS,hbar,0.0.3951117,0.0.4138717@1781550110.065061529
0.0.10021410,0.0279182754232073,SUCCESS,hbar,0.0.3951117,0.0.4138717@1781550109.599693665
0.0.10076247,0.3604791740286734,SUCCESS,hbar,0.0.3951117,0.0.4138717@1781550110.015866000
0.0.1340164,15.2090529963404,SUCCESS,hbar,0.0.3951117,0.0.4138717@1781550109.998058059
0.0.10076636,3.68462626371367,SUCCESS,hbar,0.0.3951117,0.0.4138717@1781550109.537373790
0.0.735239,0.00003481252839686775,SUCCESS,hbar,0.0.3951117,0.0.4138717@1781550111.290365610
0.0.9302147,3.380167728451092,SUCCESS,hbar,0.0.3951117,0.0.4138717@1781550111.166130834
0.0.10493411,2.980429557834137,SUCCESS,hbar,0.0.3951117,0.0.4138717@1781550112.201751254
0.0.10169145,0.04120416324284792,SUCCESS,hbar,0.0.3951117,0.0.4138717@1781550114.549566729
0.0.7786995,43.54380017324285,SUCCESS,hbar,0.0.3951117,0.0.4138717@1781550113.969395988
0.0.4343858,2.794645687540811,SUCCESS,hbar,0.0.3951117,0.0.4138717@1781550116.012914519
0.0.10230141,4.163674946353461,SUCCESS,hbar,0.0.3951117,0.0.4138717@1781550116.050798049
0.0.8373509,8.67313018595466,SUCCESS,hbar,0.0.3951117&0.0.3964804,0.0.4138717@1781550116.654201421
0.0.9774619,0.950132336468025,SUCCESS,hbar,0.0.3951117&0.0.3964804,0.0.4138717@1781550117.150499190
0.0.9299646,1.745861741765375,SUCCESS,hbar,0.0.3951117,0.0.4138717@1781550120.409878246
0.0.4432398,0.1634441866333532,SUCCESS,hbar,0.0.3951117,0.0.4138717@1781550121.025459041
0.0.10352676,0.3804287238918512,SUCCESS,hbar,0.0.3951117,0.0.4138717@1781550121.633063426
0.0.9723151,0.00146703259016446,SUCCESS,hbar,0.0.3951117,0.0.4138717@1781550122.901458224
0.0.1115297,0.3785055893585128,SUCCESS,hbar,0.0.3951117,0.0.4138717@1781550120.574467652
0.0.7542917,0.07121453939883136,SUCCESS,hbar,0.0.3951117,0.0.4138717@1781550121.767240276
0.0.9626972,0.1893892080010272,SUCCESS,hbar,0.0.3951117,0.0.4138717@1781550121.536213741
0.0.9344085,2.916490993794139,SUCCESS,hbar,0.0.3951117,0.0.4138717@1781550122.449534024
0.0.9755401,0.00548281003745632,SUCCESS,hbar,0.0.3951117,0.0.4138717@1781550125.340787950
0.0.5060063,1.109692306513766,SUCCESS,hbar,0.0.3951117,0.0.4138717@1781550123.728767661
0.0.4329703,0.337437155705867,SUCCESS,hbar,0.0.3951117,0.0.4138717@1781550122.721513883
0.0.4570964,3.5637215353165,SUCCESS,hbar,0.0.3951117,0.0.4138717@1781550126.723294350
0.0.9958383,0.02216510627871166,SUCCESS,hbar,0.0.3951117,0.0.4138717@1781550127.281411372
0.0.3310398,0.2054591656189043,SUCCESS,hbar,0.0.3951117&0.0.3964804,0.0.4138717@1781550125.336444962
0.0.8309441,0.1219989226086397,SUCCESS,hbar,0.0.3951117,0.0.4138717@1781550128.164166913
0.0.10413601,4.072592394858589,SUCCESS,hbar,0.0.3951117&0.0.3964804,0.0.4138717@1781550125.925905087
0.0.10430673,147.1125323798389,SUCCESS,hbar,0.0.3951117&0.0.3964804,0.0.4138717@1781550127.504998881
0.0.1216661,355.0247163152118,SUCCESS,hbar,0.0.3951117,0.0.4138717@1781550131.682813439
0.0.1988559,0.6888151968286564,SUCCESS,hbar,0.0.3951117&0.0.3964804,0.0.4138717@1781550130.443517880
0.0.2017173,2.891096580261017,SUCCESS,hbar,0.0.3951117&0.0.3964804,0.0.4138717@1781550130.828289165
0.0.1104990,7.851065678117088,SUCCESS,hbar,0.0.3951117,0.0.4138717@1781550134.670187074
0.0.10483303,1114.117648961243,SUCCESS,hbar,0.0.3951117,0.0.4138717@1781550131.586766255
0.0.1734809,0.007026594478322713,SUCCESS,hbar,0.0.3951117&0.0.3964804,0.0.4138717@1781550132.308058669
0.0.9430013,41.97032731757039,SUCCESS,hbar,0.0.3951117,0.0.4138717@1781550134.463710335
0.0.4349716,0.6249725711411792,SUCCESS,hbar,0.0.3951117&0.0.3964804,0.0.4138717@1781550134.274925978
0.0.10064213,0.7237213664960892,SUCCESS,hbar,0.0.3951117&0.0.3964804,0.0.4138717@1781550136.075512442
0.0.6374996,8.983238548452995,SUCCESS,hbar,0.0.3951117,0.0.4138717@1781550137.631558677
0.0.10088944,1.081812173812347,SUCCESS,hbar,0.0.3951117&0.0.3964804,0.0.4138717@1781550137.722432797
0.0.139500,7.917347602053904,SUCCESS,hbar,0.0.3951117,0.0.4138717@1781550137.656045593
0.0.7920605,0.2947441607934558,SUCCESS,hbar,0.0.3951117,0.0.4138717@1781550140.625452868
0.0.1123753,1.375217890852972,SUCCESS,hbar,0.0.3951117&0.0.3964804,0.0.4138717@1781550142.310366515
0.0.3525426,6.053875762601346,SUCCESS,hbar,0.0.3951117&0.0.3964804,0.0.4138717@1781550140.019745471
0.0.8485588,340.5702535445708,SUCCESS,hbar,0.0.3951117,0.0.4138717@1781550140.880193534
0.0.1462225,1173.805293873394,SUCCESS,hbar,0.0.3951117,0.0.4138717@1781550142.377831175
0.0.8341357,0.1635654532020023,SUCCESS,hbar,0.0.3951117,0.0.4138717@1781550143.724378617
0.0.1792818,0.00432644529620432,SUCCESS,hbar,0.0.3951117,0.0.4138717@1781550146.769970902
0.0.4569835,0.002873824438528294,SUCCESS,hbar,0.0.3951117,0.0.4138717@1781550143.761547365
0.0.490092,0.05607263422957687,SUCCESS,hbar,0.0.3951117,0.0.4138717@1781550144.393778529
0.0.516971,6.45198858322668e-8,SUCCESS,hbar,0.0.3951117,0.0.4138717@1781550143.522263786
0.0.4575306,0.001869280422321949,SUCCESS,hbar,0.0.3951117,0.0.4138717@1781550144.792072248
0.0.1508462,14.24605020524619,SUCCESS,hbar,0.0.3951117,0.0.4138717@1781550144.123773700
0.0.3872466,0.05291161767387659,SUCCESS,hbar,0.0.3951117,0.0.4138717@1781550149.836900167
0.0.4591423,0.02264557874674177,SUCCESS,hbar,0.0.3951117,0.0.4138717@1781550149.408279078
0.0.3925109,0.00001933932373816609,SUCCESS,hbar,0.0.3951117,0.0.4138717@1781550149.680336927
0.0.844585,8.794172885559453,SUCCESS,hbar,0.0.3951117&0.0.3964804,0.0.4138717@1781550147.891102698
0.0.8899262,2.680652758027562,SUCCESS,hbar,0.0.3951117,0.0.4138717@1781550151.353300088
0.0.9120392,0.766636768998499,SUCCESS,hbar,0.0.3951117&0.0.3964804,0.0.4138717@1781550151.575129799
0.0.9195929,6.778299887553279,SUCCESS,hbar,0.0.3951117&0.0.3964804,0.0.4138717@1781550151.319065308
0.0.7891604,8.512287642370591,SUCCESS,hbar,0.0.3951117,0.0.4138717@1781550153.841214113
0.0.9200436,0.4234277132073206,SUCCESS,hbar,0.0.3951117,0.0.4138717@1781550150.660593166
0.0.657648,60.41114906260378,SUCCESS,hbar,0.0.3951117,0.0.4138717@1781550152.926041795
0.0.6872459,273.4494749723269,SUCCESS,hbar,0.0.3951117,0.0.4138717@1781550153.604802983
0.0.9301583,40.92361977052354,SUCCESS,hbar,0.0.3951117,0.0.4138717@1781550154.810699674
0.0.4351536,1.087696333363146,SUCCESS,hbar,0.0.3951117,0.0.4138717@1781550153.595593302
0.0.8013259,3588.143124407352,SUCCESS,hbar,0.0.3951117,0.0.4138717@1781550155.581288119
0.0.9318600,115.7903259032788,SUCCESS,hbar,0.0.3951117,0.0.4138717@1781550153.252245714
0.0.9154738,1.143712152431261,SUCCESS,hbar,0.0.3951117&0.0.3964804,0.0.4138717@1781550158.198566612
0.0.2994397,1.43611945992025,SUCCESS,hbar,0.0.3951117,0.0.4138717@1781550158.610108905
0.0.9619890,7.796318249121104,SUCCESS,hbar,0.0.3951117&0.0.3964804,0.0.4138717@1781550159.008455397
0.0.9597272,0.9962904342037204,SUCCESS,hbar,0.0.3951117,0.0.4138717@1781550159.896108991
0.0.7680254,1.131472513155189,SUCCESS,hbar,0.0.3951117&0.0.3964804,0.0.4138717@1781550160.338182598
0.0.52231,4.27342201806059,SUCCESS,hbar,0.0.3951117,0.0.4138717@1781550156.667425668
0.0.4570908,24.47675190438438,SUCCESS,hbar,0.0.3951117,0.0.4138717@1781550161.434551755
0.0.835242,0.01012693063244576,SUCCESS,hbar,0.0.3951117,0.0.4138717@1781550163.157743154
0.0.5060163,0.1528806988273829,SUCCESS,hbar,0.0.3951117,0.0.4138717@1781550164.177339846
0.0.1904506,0.000265138605693615,SUCCESS,hbar,0.0.3951117,0.0.4138717@1781550164.722866932
0.0.6198709,2.524790687357826,SUCCESS,hbar,0.0.3951117,0.0.4138717@1781550161.484376854
0.0.696790,3.257341941223266,SUCCESS,hbar,0.0.3951117&0.0.3964804,0.0.4138717@1781550165.330823859
0.0.1023730,0.9961329130277725,SUCCESS,hbar,0.0.3951117,0.0.4138717@1781550162.280138876
0.0.7129552,23.04321656659933,SUCCESS,hbar,0.0.3951117,0.0.4138717@1781550165.116292944
0.0.1380352,0.6601899351877046,SUCCESS,hbar,0.0.3951117,0.0.4138717@1781550168.158123824
0.0.7287636,1.438819467707351,SUCCESS,hbar,0.0.3951117&0.0.3964804,0.0.4138717@1781550168.248307994
0.0.5126364,7.069879488861175,SUCCESS,hbar,0.0.3951117,0.0.4138717@1781550167.831195075
0.0.6270084,341.188234230718,SUCCESS,hbar,0.0.3951117&0.0.3964804,0.0.4138717@1781550168.676388167
0.0.7490874,0.456702527580512,SUCCESS,hbar,0.0.3951117&0.0.3964804,0.0.4138717@1781550166.972278640
0.0.4331665,0.5212125612400509,SUCCESS,hbar,0.0.3951117,0.0.4138717@1781550169.942440444
0.0.1123889,0.8104421252835567,SUCCESS,hbar,0.0.3951117&0.0.3964804,0.0.4138717@1781550169.733428209
0.0.7726808,0.5936879509725332,SUCCESS,hbar,0.0.3951117,0.0.4138717@1781550166.976174415
0.0.834595,1.186667374148286,SUCCESS,hbar,0.0.3951117&0.0.3964804,0.0.4138717@1781550172.050643936
0.0.1464418,2.776728432386469,SUCCESS,hbar,0.0.3951117,0.0.4138717@1781550173.221745248
0.0.7555632,0.03370244960818615,SUCCESS,hbar,0.0.3951117,0.0.4138717@1781550170.446491126
0.0.7989790,0.01398022080629155,SUCCESS,hbar,0.0.3951117,0.0.4138717@1781550170.560933063
0.0.3706536,0.003871689459488909,SUCCESS,hbar,0.0.3951117,0.0.4138717@1781550173.628459401
0.0.5688804,0.7194103850227758,SUCCESS,hbar,0.0.3951117,0.0.4138717@1781550171.421893712
0.0.4433722,0.0298531910968529,SUCCESS,hbar,0.0.3951117,0.0.4138717@1781550174.352361951
0.0.1458130,0.01831979744576238,SUCCESS,hbar,0.0.3951117,0.0.4138717@1781550171.447201940
0.0.589629,0.0004089708329904069,SUCCESS,hbar,0.0.3951117,0.0.4138717@1781550174.711496449
0.0.4691881,0.2831956631047553,SUCCESS,hbar,0.0.3951117,0.0.4138717@1781550175.460398894
0.0.1512938,0.0003143521029684266,SUCCESS,hbar,0.0.3951117,0.0.4138717@1781550174.544383374
0.0.4339712,0.1491421786917144,SUCCESS,hbar,0.0.3951117,0.0.4138717@1781550174.374572864
0.0.1784251,0.02168921382567454,SUCCESS,hbar,0.0.3951117&0.0.3964804,0.0.4138717@1781550175.741543744
0.0.4754443,0.7117812485788183,SUCCESS,hbar,0.0.3951117&0.0.3964804,0.0.4138717@1781550176.993092658
0.0.1339713,23.37496174594929,SUCCESS,hbar,0.0.3951117&0.0.3964804,0.0.4138717@1781550179.188621558
0.0.4745055,0.002728136418071511,SUCCESS,hbar,0.0.3951117,0.0.4138717@1781550177.984493244
0.0.4338219,2.856679527210369,SUCCESS,hbar,0.0.3951117,0.0.4138717@1781550177.011661885
0.0.664329,0.02638375433411603,SUCCESS,hbar,0.0.3951117,0.0.4138717@1781550180.421942255
0.0.4792831,0.001439645108926452,SUCCESS,hbar,0.0.3951117,0.0.4138717@1781550181.472702873
0.0.5156210,0.005100197315647905,SUCCESS,hbar,0.0.3951117&0.0.3964804,0.0.4138717@1781550181.340285143
0.0.5028724,0.00248856283959482,SUCCESS,hbar,0.0.3951117,0.0.4138717@1781550181.147012896
0.0.4324518,1.645268585544817,SUCCESS,hbar,0.0.3951117,0.0.4138717@1781550182.222077125
0.0.4383878,0.02979150100845208,SUCCESS,hbar,0.0.3951117,0.0.4138717@1781550180.678537889
0.0.4430933,0.3598539499630042,SUCCESS,hbar,0.0.3951117,0.0.4138717@1781550183.598155191
0.0.834443,50.96261748007311,SUCCESS,hbar,0.0.3951117,0.0.4138717@1781550181.407830528
0.0.4858736,0.01889831458379389,SUCCESS,hbar,0.0.3951117,0.0.4138717@1781550184.788860840
0.0.1198079,88.55097578636817,SUCCESS,hbar,0.0.3964804,0.0.4138717@1781550185.330972363
0.0.4815771,2.345959016693257,SUCCESS,hbar,0.0.3964804,0.0.4138717@1781550183.107635504
0.0.4184148,0.54878645102486,SUCCESS,hbar,0.0.3964804,0.0.4138717@1781550185.698374382
0.0.10506008,0.3043705312005251,SUCCESS,hbar,0.0.3964804,0.0.4138717@1781550184.596751346
0.0.5326504,1.861596253197083,SUCCESS,hbar,0.0.3964804,0.0.4138717@1781550184.038813646
0.0.3961176,0.01942075099556751,SUCCESS,hbar,0.0.3964804,0.0.4138717@1781550186.932279545
0.0.1027780,0.4359527022531016,SUCCESS,hbar,0.0.3964804,0.0.4138717@1781550186.743392889
0.0.4320892,11.5321069070428,SUCCESS,hbar,0.0.3964804,0.0.4138717@1781550185.402325834
0.0.9280772,0.09957654951251631,SUCCESS,hbar,0.0.3964804,0.0.4138717@1781550186.846590571
0.0.3008234,43.76444285310069,SUCCESS,hbar,0.0.3964804,0.0.4138717@1781550188.157810692
0.0.7776311,9.069530847641628,SUCCESS,hbar,0.0.3964804,0.0.4138717@1781550189.515663263
0.0.1183511,0.05256941060227142,SUCCESS,hbar,0.0.3964804,0.0.4138717@1781550187.120710707
0.0.9221480,0.006791739426826479,SUCCESS,hbar,0.0.3964804,0.0.4138717@1781550190.300146325
0.0.7865510,2.397768102765487,SUCCESS,hbar,0.0.3964804,0.0.4138717@1781550190.808642079
0.0.815643,2.175126341501386,SUCCESS,hbar,0.0.3964804,0.0.4138717@1781550188.838287824
0.0.1860252,0.2340488785025792,SUCCESS,hbar,0.0.3964804,0.0.4138717@1781550193.945922087
0.0.1067361,7.946758649163162,SUCCESS,hbar,0.0.3964804,0.0.4138717@1781550190.299065073
0.0.835929,3.654279730503324e-7,SUCCESS,hbar,0.0.3964804,0.0.4138717@1781550190.595445512
0.0.4573495,2360.992257557155,SUCCESS,hbar,0.0.3964804,0.0.4138717@1781550195.453120583
0.0.8213249,49.7717028106924,SUCCESS,hbar,0.0.3964804,0.0.4138717@1781550194.615557610
0.0.4350498,0.0007505555322850961,SUCCESS,hbar,0.0.3964804,0.0.4138717@1781550195.027932062
0.0.4375828,0.5573906286005457,SUCCESS,hbar,0.0.3964804,0.0.4138717@1781550194.331882643
0.0.664593,4.319557994100742,SUCCESS,hbar,0.0.3964804,0.0.4138717@1781550194.633395081
0.0.5060673,2.333655719597089,SUCCESS,hbar,0.0.3964804,0.0.4138717@1781550197.896411924
0.0.3000165,12.82829966403763,SUCCESS,hbar,0.0.3964804,0.0.4138717@1781550197.302085677
0.0.10543839,0.6331809815953001,SUCCESS,hbar,0.0.3964804,0.0.4138717@1781550197.066881262
0.0.1071830,1.276154209905062,SUCCESS,hbar,0.0.3964804,0.0.4138717@1781550200.696913853
0.0.10541900,0.04419494950936447,SUCCESS,hbar,0.0.3964804,0.0.4138717@1781550199.142513873
0.0.638660,0.03753728348116116,SUCCESS,hbar,0.0.3964804,0.0.4138717@1781550203.250533739
0.0.10584246,0.2810431678634958,SUCCESS,hbar,0.0.3964804,0.0.4138717@1781550202.564116744
0.0.8733798,1.059611469083898,SUCCESS,hbar,0.0.3964804,0.0.4138717@1781550200.173083422
0.0.10491625,0.06389885289200443,SUCCESS,hbar,0.0.3964804,0.0.4138717@1781550201.498812494
0.0.5580759,0.04122240055712133,SUCCESS,hbar,0.0.3964804,0.0.4138717@1781550204.762390881
0.0.9104016,1.098297796039993,SUCCESS,hbar,0.0.3964804,0.0.4138717@1781550203.790213522
0.0.8514597,6.245929863445541,SUCCESS,hbar,0.0.3964804,0.0.4138717@1781550201.565645608
0.0.8903303,0.7916783103893708,FAIL,hbar,0.0.3964804,
0.0.3288501,0.09041032549447132,SUCCESS,hbar,0.0.3964804,0.0.4138717@1781550206.307693562
0.0.4724806,0.007658384458672745,SUCCESS,hbar,0.0.3964804,0.0.4138717@1781550207.263220247
0.0.8717466,0.001936634199574263,SUCCESS,hbar,0.0.3964804,0.0.4138717@1781550205.647618096
0.0.1056579,6.118735241272176,SUCCESS,hbar,0.0.3964804,0.0.4138717@1781550207.346182996
0.0.2185671,0.1007752234507382,SUCCESS,hbar,0.0.3964804,0.0.4138717@1781550209.106078002
0.0.6045318,0.4196116052939011,SUCCESS,hbar,0.0.3964804,0.0.4138717@1781550208.137695670
0.0.5719491,0.0671181614322319,SUCCESS,hbar,0.0.3964804,0.0.4138717@1781550206.972789493
0.0.1681033,0.08195646259969938,SUCCESS,hbar,0.0.3964804,0.0.4138717@1781550210.391086200
0.0.8551680,0.4838135921248161,SUCCESS,hbar,0.0.3964804,0.0.4138717@1781550207.659119408
0.0.840324,2.466434897573457,SUCCESS,hbar,0.0.3964804,0.0.4138717@1781550211.128861776
0.0.919311,148.2646832660012,SUCCESS,hbar,0.0.3964804,0.0.4138717@1781550211.824676915
0.0.7920736,2.656505686918111,SUCCESS,hbar,0.0.3964804,0.0.4138717@1781550211.377175057
0.0.8352642,0.2358812675892184,SUCCESS,hbar,0.0.3964804,0.0.4138717@1781550212.742182836
0.0.8057884,2.623849357852977,SUCCESS,hbar,0.0.3964804,0.0.4138717@1781550213.344165204
0.0.8382708,0.009894551397220046,SUCCESS,hbar,0.0.3964804,0.0.4138717@1781550215.352029838
0.0.7550116,0.09949064577815488,SUCCESS,hbar,0.0.3964804,0.0.4138717@1781550214.415266556
0.0.4838474,3.819099525114491,SUCCESS,hbar,0.0.3964804,0.0.4138717@1781550215.095790780
0.0.4319619,0.1456770433444625,SUCCESS,hbar,0.0.3964804,0.0.4138717@1781550218.893110636
0.0.9303899,1.666423154587154,SUCCESS,hbar,0.0.3964804,0.0.4138717@1781550217.917861803
0.0.7916029,21.48068094852351,SUCCESS,hbar,0.0.3964804,0.0.4138717@1781550217.152933584
0.0.2017766,1.525272053078463,SUCCESS,hbar,0.0.3964804,0.0.4138717@1781550218.642069158
0.0.6295630,0.05710676015228656,SUCCESS,hbar,0.0.3964804,0.0.4138717@1781550218.058654766
0.0.3681629,6.310689782109059,SUCCESS,hbar,0.0.3964804,0.0.4138717@1781550219.962106446
0.0.853379,23.37732250201508,SUCCESS,hbar,0.0.3964804,0.0.4138717@1781550219.120999145
0.0.9272301,0.7567796650106056,SUCCESS,hbar,0.0.3964804,0.0.4138717@1781550220.932539296
0.0.9273859,0.07306012288052127,SUCCESS,hbar,0.0.3964804,0.0.4138717@1781550224.310805527
0.0.2149252,0.00007104215362211487,SUCCESS,hbar,0.0.3964804,0.0.4138717@1781550223.098193506
0.0.9150672,0.03260620611966713,SUCCESS,hbar,0.0.3964804,0.0.4138717@1781550226.480393716
0.0.9149385,0.1037087719241649,SUCCESS,hbar,0.0.3964804,0.0.4138717@1781550223.911101541
0.0.9144684,0.1198672966980168,SUCCESS,hbar,0.0.3964804,0.0.4138717@1781550224.412688002
0.0.6094118,0.02198521115364118,SUCCESS,hbar,0.0.3964804,0.0.4138717@1781550226.783973724
0.0.9168967,0.11652087741506,SUCCESS,hbar,0.0.3964804,0.0.4138717@1781550228.252807336
0.0.4310363,0.3103798064100916,SUCCESS,hbar,0.0.3964804,0.0.4138717@1781550227.006192725
0.0.9201440,0.05911668969010562,SUCCESS,hbar,0.0.3964804,0.0.4138717@1781550231.274245286
0.0.7993090,6.559481337539618,SUCCESS,hbar,0.0.3964804,0.0.4138717@1781550227.904106107
0.0.4795853,0.1926099848428175,SUCCESS,hbar,0.0.3964804,0.0.4138717@1781550230.599526722
0.0.844131,0.3498165346758503,SUCCESS,hbar,0.0.3964804,0.0.4138717@1781550230.306955126
0.0.7924085,0.02158215626226763,SUCCESS,hbar,0.0.3964804,0.0.4138717@1781550229.863363602
0.0.7732467,0.1286222828544095,SUCCESS,hbar,0.0.3964804,0.0.4138717@1781550229.206812269
0.0.981571,0.08816830891669337,SUCCESS,hbar,0.0.3964804,0.0.4138717@1781550233.611191256
0.0.3847179,0.6941107663124567,SUCCESS,hbar,0.0.3964804,0.0.4138717@1781550234.003489771
0.0.1467538,0.5123813850716175,SUCCESS,hbar,0.0.3964804,0.0.4138717@1781550233.340186644
0.0.8131537,0.7554283077001993,SUCCESS,hbar,0.0.3964804,0.0.4138717@1781550234.479155384
0.0.4315395,0.1093177456503782,SUCCESS,hbar,0.0.3964804,0.0.4138717@1781550236.732208269
0.0.4388693,0.096856109073532,SUCCESS,hbar,0.0.3964804,0.0.4138717@1781550234.783941442
0.0.8083173,0.5694131531935378,SUCCESS,hbar,0.0.3964804,0.0.4138717@1781550236.383809149
0.0.2964523,27.51031721239152,SUCCESS,hbar,0.0.3964804,0.0.4138717@1781550238.688233972
0.0.6294131,0.00003193588936322919,SUCCESS,hbar,0.0.3964804,0.0.4138717@1781550234.471704801
0.0.8076778,0.001944288378803087,SUCCESS,hbar,0.0.3964804,0.0.4138717@1781550235.895580911
0.0.6313326,9.457568658818838,SUCCESS,hbar,0.0.3964804,0.0.4138717@1781550236.584369096
0.0.7583284,0.2585040398044484,SUCCESS,hbar,0.0.3964804,0.0.4138717@1781550240.936035615
0.0.1673276,2.773329149547934,SUCCESS,hbar,0.0.3964804,0.0.4138717@1781550238.263045997
0.0.4804985,0.2030323257461425,SUCCESS,hbar,0.0.3964804,0.0.4138717@1781550240.283126971
0.0.4343570,0.3925839948515978,SUCCESS,hbar,0.0.3964804,0.0.4138717@1781550239.652945802
0.0.7732676,42.15175281179707,SUCCESS,hbar,0.0.3964804,0.0.4138717@1781550239.598418970
0.0.2891280,0.8780926465977382,SUCCESS,hbar,0.0.3964804,0.0.4138717@1781550240.775069659
0.0.838388,8.217401498284874,SUCCESS,hbar,0.0.3964804,0.0.4138717@1781550241.217609275
0.0.4799094,0.1058365679839012,SUCCESS,hbar,0.0.3964804,0.0.4138717@1781550239.406115461
0.0.1404010,0.003690073190391171,SUCCESS,hbar,0.0.3964804,0.0.4138717@1781550241.591117291
0.0.8291825,1.60514606693577,SUCCESS,hbar,0.0.3964804,0.0.4138717@1781550241.214878805
0.0.8244642,638.4368661678714,SUCCESS,hbar,0.0.3964804,0.0.4138717@1781550243.356296684
0.0.4853295,6.718075299262441,SUCCESS,hbar,0.0.3964804,0.0.4138717@1781550243.462692801
0.0.658160,0.004907566307699625,SUCCESS,hbar,0.0.3964804,0.0.4138717@1781550245.531882892
0.0.7920282,0.007397729865342102,SUCCESS,hbar,0.0.3964804,0.0.4138717@1781550246.762687438
0.0.4743054,0.0004921218231045926,SUCCESS,hbar,0.0.3964804,0.0.4138717@1781550246.127858099
0.0.7285744,0.02452772605501344,SUCCESS,hbar,0.0.3964804,0.0.4138717@1781550246.201914643
0.0.6148704,0.09042948622657777,SUCCESS,hbar,0.0.3964804,0.0.4138717@1781550243.679851302
0.0.7816479,0.02824415860835698,SUCCESS,hbar,0.0.3964804,0.0.4138717@1781550248.368034980
0.0.1261132,0.4774172757088273,SUCCESS,hbar,0.0.3964804,0.0.4138717@1781550247.670399737
0.0.8120693,1.755146200117876,SUCCESS,hbar,0.0.3964804,0.0.4138717@1781550248.833129650
0.0.1369825,95.43043822327184,SUCCESS,hbar,0.0.3964804,0.0.4138717@1781550250.614571524
0.0.8209705,0.1351550070659495,SUCCESS,hbar,0.0.3964804,0.0.4138717@1781550249.973815071
0.0.7166497,0.07820227837772975,SUCCESS,hbar,0.0.3964804,0.0.4138717@1781550252.057862308
0.0.8002341,0.2865100711299077,SUCCESS,hbar,0.0.3964804,0.0.4138717@1781550249.075436534
0.0.7938061,0.06449068881320834,SUCCESS,hbar,0.0.3964804,0.0.4138717@1781550249.604562045
0.0.3241611,0.4700603453158328,SUCCESS,hbar,0.0.3964804,0.0.4138717@1781550252.452928847
0.0.8227507,0.5621823865983322,SUCCESS,hbar,0.0.3964804,0.0.4138717@1781550251.584257293
0.0.1754370,0.04617769964256528,SUCCESS,hbar,0.0.3964804,0.0.4138717@1781550253.318573606
0.0.2116216,0.9653137519924838,SUCCESS,hbar,0.0.3964804,0.0.4138717@1781550252.119468701
0.0.7965335,2.163734066604759,SUCCESS,hbar,0.0.3964804,0.0.4138717@1781550251.590881976
0.0.4323897,0.01491706476255482,SUCCESS,hbar,0.0.3964804,0.0.4138717@1781550253.254379484
0.0.435679,33.74956991880239,SUCCESS,hbar,0.0.3964804,0.0.4138717@1781550256.615414184
0.0.2302824,0.002413683557216795,SUCCESS,hbar,0.0.3964804,0.0.4138717@1781550257.922519869
0.0.4433604,0.07655100980128973,SUCCESS,hbar,0.0.3964804,0.0.4138717@1781550258.188116192
0.0.4345176,0.09739005647642848,SUCCESS,hbar,0.0.3964804,0.0.4138717@1781550256.488880921
0.0.5432163,0.04339184538007342,SUCCESS,hbar,0.0.3964804,0.0.4138717@1781550256.191354270
0.0.1415516,9.014885276820925,SUCCESS,hbar,0.0.3964804,0.0.4138717@1781550256.138368050
0.0.4329551,1.014374420797834,SUCCESS,hbar,0.0.3964804,0.0.4138717@1781550256.427241443
0.0.5029689,3.511903021365851,SUCCESS,hbar,0.0.3964804,0.0.4138717@1781550256.356062502
0.0.834666,7.500954190259455,SUCCESS,hbar,0.0.3964804,0.0.4138717@1781550256.436650710
0.0.1372179,0.1754826854811112,SUCCESS,hbar,0.0.3964804,0.0.4138717@1781550258.962156461
0.0.4782567,2.690137994943679,SUCCESS,hbar,0.0.3964804,0.0.4138717@1781550258.168754128
0.0.4340392,0.05426892688582807,SUCCESS,hbar,0.0.3964804,0.0.4138717@1781550257.643026113
0.0.837799,1.31063816227501,SUCCESS,hbar,0.0.3964804,0.0.4138717@1781550261.432670920
0.0.4144365,1.931643416967135,SUCCESS,hbar,0.0.3964804,0.0.4138717@1781550262.994642007
0.0.2005484,0.02091024408061099,SUCCESS,hbar,0.0.3964804,0.0.4138717@1781550259.860544309
0.0.4644030,0.02535797572388686,SUCCESS,hbar,0.0.3964804,0.0.4138717@1781550262.789611691
0.0.876236,0.1497233384665936,SUCCESS,hbar,0.0.3964804,0.0.4138717@1781550263.006047201
0.0.4758052,0.1723737984318282,SUCCESS,hbar,0.0.3964804,0.0.4138717@1781550261.709949762
0.0.795838,0.07297080667392143,SUCCESS,hbar,0.0.3964804,0.0.4138717@1781550260.645150179
0.0.6061106,0.4438633090392519,SUCCESS,hbar,0.0.3964804,0.0.4138717@1781550265.108294733
0.0.848151,0.3643351761712317,SUCCESS,hbar,0.0.3964804,0.0.4138717@1781550266.340978866
0.0.1388678,4.916741859646096,SUCCESS,hbar,0.0.3964804,0.0.4138717@1781550264.008494782
0.0.4785387,0.4884958665328273,SUCCESS,hbar,0.0.3964804,0.0.4138717@1781550267.742669444
0.0.4322023,0.5747061464951934,SUCCESS,hbar,0.0.3964804,0.0.4138717@1781550267.742270181
0.0.5060252,0.025764472567471,SUCCESS,hbar,0.0.3964804,0.0.4138717@1781550265.696183979
0.0.3295745,6.714423042567193,SUCCESS,hbar,0.0.3964804,0.0.4138717@1781550264.548449644
0.0.1505544,0.007484450122310568,SUCCESS,hbar,0.0.3964804,0.0.4138717@1781550266.375085060
0.0.4640278,0.09357369935750365,SUCCESS,hbar,0.0.3964804,0.0.4138717@1781550267.072842195
0.0.1747288,3.825601799244271,SUCCESS,hbar,0.0.3964804,0.0.4138717@1781550266.745135964
0.0.4741573,0.9089846498430579,SUCCESS,hbar,0.0.3964804,0.0.4138717@1781550268.666012017
0.0.4923529,0.001785420235101287,SUCCESS,hbar,0.0.3964804,0.0.4138717@1781550270.074438114
0.0.1046906,0.02473692516732142,SUCCESS,hbar,0.0.3964804,0.0.4138717@1781550269.733394674
0.0.4362017,1.606644778524703,SUCCESS,hbar,0.0.3964804,0.0.4138717@1781550269.115325062
0.0.789990,0.07137406302104468,SUCCESS,hbar,0.0.3964804,0.0.4138717@1781550268.945527702
0.0.840487,3.145587553660467,SUCCESS,hbar,0.0.3964804,0.0.4138717@1781550268.728401214
0.0.5314183,0.3798755389990829,SUCCESS,hbar,0.0.3964804,0.0.4138717@1781550270.242604714
0.0.1517175,0.9408296173952881,SUCCESS,hbar,0.0.3964804,0.0.4138717@1781550274.255776161
0.0.1043461,63.43309029115922,SUCCESS,hbar,0.0.3964804,0.0.4138717@1781550270.989132454
0.0.9317309,0.0005689508040455177,SUCCESS,hbar,0.0.3964804,0.0.4138717@1781550274.363555155
0.0.7550127,0.2128904645956467,SUCCESS,hbar,0.0.3964804,0.0.4138717@1781550273.019464758
0.0.5482082,0.7059222605209364,SUCCESS,hbar,0.0.3964804,0.0.4138717@1781550276.460114302
0.0.9695749,3.406833390278508,SUCCESS,hbar,0.0.3964804,0.0.4138717@1781550275.485649254
0.0.834767,1.331003138999223,SUCCESS,hbar,0.0.3964804,0.0.4138717@1781550275.181387123
0.0.9612822,0.1673208520171883,SUCCESS,hbar,0.0.3964804,0.0.4138717@1781550275.190390701
0.0.6258977,0.164805582897045,SUCCESS,hbar,0.0.3964804,0.0.4138717@1781550278.079745690
0.0.946029,0.5504995659429233,SUCCESS,hbar,0.0.3964804,0.0.4138717@1781550276.377664709
0.0.1461428,1.677087104961374,SUCCESS,hbar,0.0.3964804,0.0.4138717@1781550275.137185109
0.0.4154591,3.542086313320771,SUCCESS,hbar,0.0.3964804,0.0.4138717@1781550275.960258260
0.0.3907868,0.005332779451591787,SUCCESS,hbar,0.0.3964804,0.0.4138717@1781550281.720157307
0.0.9226909,0.3060429038472423,SUCCESS,hbar,0.0.3964804,0.0.4138717@1781550279.851902750
0.0.2657839,4.417379819170927,SUCCESS,hbar,0.0.3964804,0.0.4138717@1781550281.308973348
0.0.9464371,53.64888997461637,SUCCESS,hbar,0.0.3964804,0.0.4138717@1781550278.636913681
0.0.9477910,3.755507093310093,SUCCESS,hbar,0.0.3964804,0.0.4138717@1781550278.837044254
0.0.1736150,1.839781213915797,SUCCESS,hbar,0.0.3964804,0.0.4138717@1781550282.470821944
0.0.9405888,0.01465680455864296,SUCCESS,hbar,0.0.3964804,0.0.4138717@1781550280.777585181
0.0.915984,18.44748437382998,SUCCESS,hbar,0.0.3964804,0.0.4138717@1781550281.841968954
0.0.9404882,0.4057605463706249,SUCCESS,hbar,0.0.3964804,0.0.4138717@1781550282.147534333
0.0.9178066,0.01089572339346664,SUCCESS,hbar,0.0.3964804,0.0.4138717@1781550286.093755457
0.0.1486871,30.08878756730787,SUCCESS,hbar,0.0.3964804,0.0.4138717@1781550287.226727779
0.0.560837,15.62450667105148,SUCCESS,hbar,0.0.3964804,0.0.4138717@1781550286.500989717
0.0.10427913,0.174737294489567,SUCCESS,hbar,0.0.3964804,0.0.4138717@1781550285.725272313
0.0.10171350,4.726703299866746,SUCCESS,hbar,0.0.3964804,0.0.4138717@1781550287.571687857
0.0.4853191,0.008287411812061307,SUCCESS,hbar,0.0.3964804,0.0.4138717@1781550285.899788872
0.0.9796301,0.7299189692606113,SUCCESS,hbar,0.0.3964804,0.0.4138717@1781550286.872583224
0.0.10279551,0.2525612724348056,SUCCESS,hbar,0.0.3964804,0.0.4138717@1781550287.882681386
0.0.10261941,1.162535744343354,SUCCESS,hbar,0.0.3964804,0.0.4138717@1781550284.861856186
0.0.10242536,1.734010601087836,SUCCESS,hbar,0.0.3964804,0.0.4138717@1781550285.095573020
0.0.2030460,14.57958231341575,SUCCESS,hbar,0.0.3964804,0.0.4138717@1781550290.836492341
0.0.10056907,4.758852476113775,SUCCESS,hbar,0.0.3964804,0.0.4138717@1781550288.050220412
0.0.7164995,11.23125135047418,SUCCESS,hbar,0.0.3964804,0.0.4138717@1781550288.592973565
0.0.966444,2.861010922509188,SUCCESS,hbar,0.0.3964804,0.0.4138717@1781550288.929514111
0.0.1711144,0.164297584615521,SUCCESS,hbar,0.0.3964804,0.0.4138717@1781550290.516388973
0.0.9690555,0.2882499107423637,SUCCESS,hbar,0.0.3964804,0.0.4138717@1781550290.810046649
0.0.4911466,0.009556494383949172,SUCCESS,hbar,0.0.3964804,0.0.4138717@1781550290.909910355
0.0.10068662,0.05390458285005414,SUCCESS,hbar,0.0.3964804,0.0.4138717@1781550292.401582082
0.0.6460255,4.660009620334256,SUCCESS,hbar,0.0.3964804,0.0.4138717@1781550291.037923312
0.0.3161254,10920.14216950733,SUCCESS,hbar,0.0.3964804,0.0.4138717@1781550291.918701607
0.0.1448131,0.34574178962243,SUCCESS,hbar,0.0.3964804,0.0.4138717@1781550293.377923413
0.0.1316658,0.07264156707374533,SUCCESS,hbar,0.0.3964804,0.0.4138717@1781550294.984094549
0.0.1512214,0.03092861215863548,SUCCESS,hbar,0.0.3964804,0.0.4138717@1781550295.309930999
0.0.965222,11.38135746266979,SUCCESS,hbar,0.0.3964804,0.0.4138717@1781550297.275822423
0.0.481717,0.3031541883832411,SUCCESS,hbar,0.0.3964804,0.0.4138717@1781550296.614893570
0.0.1088074,20.27619974662646,SUCCESS,hbar,0.0.3964804,0.0.4138717@1781550296.943612099
0.0.837554,9.885561019673958,SUCCESS,hbar,0.0.3964804,0.0.4138717@1781550296.790430758
0.0.1432019,4.521071958697735,SUCCESS,hbar,0.0.3964804,0.0.4138717@1781550298.370970222
0.0.1088394,0.1278617363202199,SUCCESS,hbar,0.0.3964804,0.0.4138717@1781550298.002272751
0.0.859149,22.11186387984113,SUCCESS,hbar,0.0.3964804,0.0.4138717@1781550295.524515090
0.0.859565,17.24378961480906,SUCCESS,hbar,0.0.3964804,0.0.4138717@1781550297.779102298
0.0.2145447,12.69157604098634,SUCCESS,hbar,0.0.3964804,0.0.4138717@1781550298.813043090
0.0.836096,0.6340793268937037,SUCCESS,hbar,0.0.3964804,0.0.4138717@1781550299.268741786
0.0.4138268,0.2505178167194204,SUCCESS,hbar,0.0.3964804,0.0.4138717@1781550300.288335265
0.0.835670,0.08082292696914067,SUCCESS,hbar,0.0.3964804,0.0.4138717@1781550301.096183993
0.0.1268672,0.02503230270410288,SUCCESS,hbar,0.0.3964804,0.0.4138717@1781550299.826068797
0.0.1478185,0.05549769195890179,SUCCESS,hbar,0.0.3964804,0.0.4138717@1781550303.424377908
0.0.1877641,1.551152759567286,SUCCESS,hbar,0.0.3964804,0.0.4138717@1781550303.629365149
0.0.1097802,3.00728801098978,SUCCESS,hbar,0.0.3964804,0.0.4138717@1781550305.945901730
0.0.5315914,2.403377116792955,SUCCESS,hbar,0.0.3964804,0.0.4138717@1781550303.457904298
0.0.5698429,0.009396594122946725,SUCCESS,hbar,0.0.3964804,0.0.4138717@1781550306.645168943
0.0.4589167,0.02562433653873088,SUCCESS,hbar,0.0.3964804,0.0.4138717@1781550303.868732324
0.0.5023507,0.233282680339748,SUCCESS,hbar,0.0.3964804,0.0.4138717@1781550304.738435035
0.0.3937438,0.4207497166700263,SUCCESS,hbar,0.0.3964804,0.0.4138717@1781550305.841379365
0.0.796454,21.42257084240176,SUCCESS,hbar,0.0.3964804,0.0.4138717@1781550309.921967759
0.0.5147407,0.5462298404063324,SUCCESS,hbar,0.0.3964804,0.0.4138717@1781550308.497264196
0.0.859649,0.2026244025982802,SUCCESS,hbar,0.0.3964804,0.0.4138717@1781550308.397703793
0.0.4533464,0.185738263847456,SUCCESS,hbar,0.0.3964804,0.0.4138717@1781550309.174909122
0.0.5495538,0.02554514103707276,SUCCESS,hbar,0.0.3964804,0.0.4138717@1781550310.447819273
0.0.4093788,2.820590435221218,SUCCESS,hbar,0.0.3964804,0.0.4138717@1781550309.188745079
0.0.5421455,0.005945810313913659,SUCCESS,hbar,0.0.3964804,0.0.4138717@1781550309.470471696
0.0.3768895,0.002424847259306699,SUCCESS,hbar,0.0.3964804,0.0.4138717@1781550309.401153994
0.0.838198,1.00698284925889,SUCCESS,hbar,0.0.3964804,0.0.4138717@1781550310.929820089
0.0.4327294,0.02337167715799232,SUCCESS,hbar,0.0.3964804,0.0.4138717@1781550312.947938772
0.0.728698,0.1982669510401825,SUCCESS,hbar,0.0.3964804,0.0.4138717@1781550315.273825736
0.0.1402758,1.208175252708447,SUCCESS,hbar,0.0.3964804,0.0.4138717@1781550311.447507131
0.0.1353334,0.06878867970468092,SUCCESS,hbar,0.0.3964804,0.0.4138717@1781550314.731028746
0.0.3165925,0.08392082673930587,SUCCESS,hbar,0.0.3964804,0.0.4138717@1781550315.300109885
0.0.1357334,0.2047949004197356,SUCCESS,hbar,0.0.3964804,0.0.4138717@1781550314.808351104
0.0.4333378,0.01052940183511597,SUCCESS,hbar,0.0.3964804,0.0.4138717@1781550315.596040213
0.0.920901,12.65410517977059,SUCCESS,hbar,0.0.3964804,0.0.4138717@1781550312.926064510
0.0.1092596,0.1076891166801539,SUCCESS,hbar,0.0.3964804,0.0.4138717@1781550316.611918685
0.0.4351860,0.3224916060754388,SUCCESS,hbar,0.0.3964804,0.0.4138717@1781550316.341464081
0.0.3023498,0.6911387147882349,SUCCESS,hbar,0.0.3964804,0.0.4138717@1781550315.228216305
0.0.4341116,1.745744017818913,SUCCESS,hbar,0.0.3964804,0.0.4138717@1781550316.485447056
0.0.4329185,2.335900659041394,SUCCESS,hbar,0.0.3964804,0.0.4138717@1781550319.141836939
0.0.1440806,6.806742912920832,SUCCESS,hbar,0.0.3964804,0.0.4138717@1781550319.120184206
0.0.1728462,0.2075329833199654,SUCCESS,hbar,0.0.3964804,0.0.4138717@1781550316.335204946
0.0.4360122,0.2515444184542151,SUCCESS,hbar,0.0.3964804,0.0.4138717@1781550320.075376991
0.0.4368518,0.09979310147299146,SUCCESS,hbar,0.0.3964804,0.0.4138717@1781550318.915792263
0.0.4346529,3.57646970213866,SUCCESS,hbar,0.0.3964804,0.0.4138717@1781550317.290134212
0.0.4356553,0.03602685197923807,SUCCESS,hbar,0.0.3964804,0.0.4138717@1781550321.317478803
0.0.835055,0.001085614484006541,SUCCESS,hbar,0.0.3964804,0.0.4138717@1781550322.607092942
0.0.4535053,3.410176677248522,SUCCESS,hbar,0.0.3964804,0.0.4138717@1781550319.767058127
0.0.1703452,0.6190571090503016,SUCCESS,hbar,0.0.3964804,0.0.4138717@1781550324.247072014
0.0.4229971,0.1529755715189692,SUCCESS,hbar,0.0.3964804,0.0.4138717@1781550324.058136448
0.0.3100704,38.10473027630265,SUCCESS,hbar,0.0.3964804,0.0.4138717@1781550325.145440577
0.0.2101943,0.002572134287369772,SUCCESS,hbar,0.0.3964804,0.0.4138717@1781550324.819874427
0.0.732798,0.0679055691874925,SUCCESS,hbar,0.0.3964804,0.0.4138717@1781550321.300126186
0.0.1018824,10.31132918327516,SUCCESS,hbar,0.0.3964804,0.0.4138717@1781550322.531807112
0.0.4161393,0.03702107636024336,SUCCESS,hbar,0.0.3964804,0.0.4138717@1781550325.366105611
0.0.3327498,0.08886196277078796,SUCCESS,hbar,0.0.3964804,0.0.4138717@1781550325.182389702
0.0.1313705,0.8148685595894152,SUCCESS,hbar,0.0.3964804,0.0.4138717@1781550325.427259743
0.0.833050,0.06947899286497691,SUCCESS,hbar,0.0.3964804,0.0.4138717@1781550325.044280119
0.0.3872024,3.472841908452095,SUCCESS,hbar,0.0.3964804,0.0.4138717@1781550327.967814643
0.0.1121794,0.3138850008779138,SUCCESS,hbar,0.0.3964804,0.0.4138717@1781550326.688660334
0.0.1350500,0.6741623178430357,SUCCESS,hbar,0.0.3964804,0.0.4138717@1781550325.343197311
0.0.1104374,102.6321536889047,SUCCESS,hbar,0.0.3964804,0.0.4138717@1781550327.017416939
0.0.3945405,0.0008110494230088169,SUCCESS,hbar,0.0.3964804,0.0.4138717@1781550326.737809403
0.0.1048940,0.1936538865920999,SUCCESS,hbar,0.0.3964804,0.0.4138717@1781550328.326168277
0.0.4319631,0.1943515229558304,SUCCESS,hbar,0.0.3964804,0.0.4138717@1781550331.346444088
0.0.4351736,0.02200409079979622,SUCCESS,hbar,0.0.3964804,0.0.4138717@1781550331.543433544
0.0.846778,13.48321798279875,SUCCESS,hbar,0.0.3964804,0.0.4138717@1781550329.941942836
0.0.4231312,0.02816617387745289,SUCCESS,hbar,0.0.3964804,0.0.4138717@1781550331.448745102
0.0.3291464,0.02775608451567968,SUCCESS,hbar,0.0.3964804,0.0.4138717@1781550334.555952275
0.0.4337103,0.002870567017512579,SUCCESS,hbar,0.0.3964804,0.0.4138717@1781550330.561575262
0.0.1088670,0.8277774345130983,SUCCESS,hbar,0.0.3964804,0.0.4138717@1781550333.881841193
0.0.842806,42.16423289704323,SUCCESS,hbar,0.0.3964804,0.0.4138717@1781550331.659354339
0.0.4345654,99.62653257611238,SUCCESS,hbar,0.0.3964804,0.0.4138717@1781550335.532000428
0.0.4345412,0.1128286976471282,SUCCESS,hbar,0.0.3964804,0.0.4138717@1781550332.947234963
0.0.7710235,0.1577122692487044,SUCCESS,hbar,0.0.3964804,0.0.4138717@1781550336.676964684
0.0.4337383,0.4184478689729041,SUCCESS,hbar,0.0.3964804,0.0.4138717@1781550336.303164660
0.0.4504544,10.63162416895109,SUCCESS,hbar,0.0.3964804,0.0.4138717@1781550336.641020082
0.0.1463093,1.419683879583841,SUCCESS,hbar,0.0.3964804,0.0.4138717@1781550338.892097425
0.0.811739,2.750760466515807,SUCCESS,hbar,0.0.3964804,0.0.4138717@1781550336.635266022
0.0.887612,2.348655545665391,SUCCESS,hbar,0.0.3964804,0.0.4138717@1781550338.497491238
0.0.4566469,1.773547350995247,SUCCESS,hbar,0.0.3964804,0.0.4138717@1781550336.425121290
0.0.3916542,0.03881823587009295,SUCCESS,hbar,0.0.3964804,0.0.4138717@1781550339.372602329
0.0.1486421,2.206011814754498,SUCCESS,hbar,0.0.3964804,0.0.4138717@1781550339.287383037
0.0.1359581,18.42196857497077,SUCCESS,hbar,0.0.3964804,0.0.4138717@1781550343.576346222
0.0.4431727,0.1418666491051368,SUCCESS,hbar,0.0.3964804,0.0.4138717@1781550340.060948275
0.0.2004450,0.1194406410884593,SUCCESS,hbar,0.0.3964804,0.0.4138717@1781550340.871100388
0.0.838791,1.555761579585438,SUCCESS,hbar,0.0.3964804,0.0.4138717@1781550340.273674089
0.0.496172,1.567967837612073,SUCCESS,hbar,0.0.3964804,0.0.4138717@1781550344.182556051
0.0.146930,1010.586100986581,SUCCESS,hbar,0.0.3964804,0.0.4138717@1781550343.658770775
0.0.4887338,0.8892116186202694,SUCCESS,hbar,0.0.3964804,0.0.4138717@1781550347.653550230
0.0.3288713,0.002914835266853963,SUCCESS,hbar,0.0.3964804,0.0.4138717@1781550345.331795739
0.0.7662545,0.005568643204228853,SUCCESS,hbar,0.0.3964804,0.0.4138717@1781550346.882957978
0.0.7290965,0.696673494088825,SUCCESS,hbar,0.0.3964804,0.0.4138717@1781550347.723860901
0.0.1524063,4.686595588186674,SUCCESS,hbar,0.0.3964804,0.0.4138717@1781550344.657427871
0.0.3872629,0.6325832565321468,SUCCESS,hbar,0.0.3964804,0.0.4138717@1781550345.882674704
0.0.2150506,0.06171143252615371,SUCCESS,hbar,0.0.3964804,0.0.4138717@1781550347.429548312
0.0.5112630,0.6013941348323806,SUCCESS,hbar,0.0.3964804,0.0.4138717@1781550348.997710341
0.0.710849,0.02100647980333258,SUCCESS,hbar,0.0.3964804,0.0.4138717@1781550351.765113751
0.0.7965412,0.003811093363173089,SUCCESS,hbar,0.0.3964804,0.0.4138717@1781550351.208592735
0.0.3384906,5.346197589250112,SUCCESS,hbar,0.0.3964804,0.0.4138717@1781550349.000002736
0.0.7961490,0.2064654600076027,SUCCESS,hbar,0.0.3964804,0.0.4138717@1781550352.675299042
0.0.7703838,0.01076674843944213,SUCCESS,hbar,0.0.3964804,0.0.4138717@1781550349.868592301
0.0.6343911,2.497139247742592,SUCCESS,hbar,0.0.3964804,0.0.4138717@1781550351.993466754
0.0.7937765,1.134252522870149,SUCCESS,hbar,0.0.3964804,0.0.4138717@1781550354.679751912
0.0.4765612,3.921660090427635,SUCCESS,hbar,0.0.3964804,0.0.4138717@1781550355.998572999
0.0.3240624,0.002490845547304609,SUCCESS,hbar,0.0.3964804,0.0.4138717@1781550356.212365747
0.0.7631749,0.002452005822979989,SUCCESS,hbar,0.0.3964804,0.0.4138717@1781550356.911683044
0.0.4312267,7.952527661112876,SUCCESS,hbar,0.0.3964804,0.0.4138717@1781550356.169884550
0.0.4883729,0.4240966959043941,SUCCESS,hbar,0.0.3964804,0.0.4138717@1781550358.557222850
0.0.1746011,2.073373298195653,SUCCESS,hbar,0.0.3964804,0.0.4138717@1781550357.542809341
0.0.791414,0.4328685744054894,SUCCESS,hbar,0.0.3964804,0.0.4138717@1781550361.926337778
0.0.7798912,2.8130171498599,SUCCESS,hbar,0.0.3964804,0.0.4138717@1781550359.503232622
0.0.862835,0.6231368725801282,SUCCESS,hbar,0.0.3964804,0.0.4138717@1781550361.436146366
0.0.1337171,1.082911220125921,SUCCESS,hbar,0.0.3964804,0.0.4138717@1781550362.204567583
0.0.5068116,0.05014077596202356,SUCCESS,hbar,0.0.3964804,0.0.4138717@1781550364.211292254
0.0.4784258,0.2560328601377457,SUCCESS,hbar,0.0.3964804,0.0.4138717@1781550364.968434235
0.0.1463629,0.09941131464045322,SUCCESS,hbar,0.0.3964804,0.0.4138717@1781550363.161766826
0.0.6306847,0.03571446671600013,SUCCESS,hbar,0.0.3964804,0.0.4138717@1781550367.309024221
0.0.433061,0.02090792099884959,SUCCESS,hbar,0.0.3964804,0.0.4138717@1781550365.337595005
0.0.5957030,1.955307628346489,SUCCESS,hbar,0.0.3964804,0.0.4138717@1781550367.819012303
0.0.6275653,0.01666573837127636,SUCCESS,hbar,0.0.3964804,0.0.4138717@1781550369.033994295
0.0.6154587,10.33640884983541,SUCCESS,hbar,0.0.3964804,0.0.4138717@1781550371.597369672
0.0.6139137,0.9168450901102747,SUCCESS,hbar,0.0.3964804,0.0.4138717@1781550371.159150724
0.0.753351,0.469690587351438,SUCCESS,hbar,0.0.3964804,0.0.4138717@1781550372.261233854
0.0.6852334,2.079133822581778,SUCCESS,hbar,0.0.3964804,0.0.4138717@1781550372.131075409
0.0.805713,15.20787649427043,SUCCESS,hbar,0.0.3964804,0.0.4138717@1781550375.147415138
0.0.4766862,1.764675948242467,SUCCESS,hbar,0.0.3964804,0.0.4138717@1781550371.823328492
0.0.4965217,0.2217028604545313,SUCCESS,hbar,0.0.3964804,0.0.4138717@1781550371.918540906
0.0.3967246,0.5835678813698899,SUCCESS,hbar,0.0.3964804,0.0.4138717@1781550375.654079558
0.0.4358173,2.86754643917734,SUCCESS,hbar,0.0.3964804,0.0.4138717@1781550372.358287617
0.0.4717832,0.3115409294757956,SUCCESS,hbar,0.0.3964804,0.0.4138717@1781550378.002543013
0.0.4540904,0.9437697174412865,SUCCESS,hbar,0.0.3964804,0.0.4138717@1781550374.462626312
0.0.6475509,0.2161978773802658,SUCCESS,hbar,0.0.3964804,0.0.4138717@1781550377.599215065
0.0.794930,0.06954902291508425,SUCCESS,hbar,0.0.3964804,0.0.4138717@1781550378.514112339
0.0.3687848,3.148679536987316,SUCCESS,hbar,0.0.3964804,0.0.4138717@1781550377.256710941
0.0.892270,9.51691300879486,SUCCESS,hbar,0.0.3964804,0.0.4138717@1781550377.985907080
0.0.4423729,1.272166620916355,SUCCESS,hbar,0.0.3964804,0.0.4138717@1781550379.435671743
0.0.1124401,3.202011130976126,SUCCESS,hbar,0.0.3964804,0.0.4138717@1781550378.722152861
0.0.857760,0.09541589429898735,SUCCESS,hbar,0.0.3964804,0.0.4138717@1781550378.655248597
0.0.7312670,1.26130013510041,SUCCESS,hbar,0.0.3964804,0.0.4138717@1781550382.204252192
0.0.662621,0.5353789611228574,SUCCESS,hbar,0.0.3964804,0.0.4138717@1781550383.080899197
0.0.4861986,0.1666092409027789,SUCCESS,hbar,0.0.3964804,0.0.4138717@1781550380.956406921
0.0.7450449,0.599081660592995,SUCCESS,hbar,0.0.3964804,0.0.4138717@1781550381.261859533
0.0.6004536,0.07158599711653578,SUCCESS,hbar,0.0.3964804,0.0.4138717@1781550382.459173119
0.0.6157135,1.97299291052908,SUCCESS,hbar,0.0.3964804,0.0.4138717@1781550380.477140147
0.0.6270761,46.06953855384741,SUCCESS,hbar,0.0.3964804,0.0.4138717@1781550383.177358221
0.0.2967389,0.5723488950138768,SUCCESS,hbar,0.0.3964804,0.0.4138717@1781550381.351467870
0.0.6416166,0.9622143133604206,SUCCESS,hbar,0.0.3964804,0.0.4138717@1781550382.917317284
0.0.4314332,5.302042725914321,SUCCESS,hbar,0.0.3964804,0.0.4138717@1781550386.561664286
0.0.3048811,135.452252872617,SUCCESS,hbar,0.0.3964804,0.0.4138717@1781550386.874026104
0.0.6828202,30.19512118397158,SUCCESS,hbar,0.0.3964804,0.0.4138717@1781550386.867433228
0.0.5957081,0.3799067465488364,SUCCESS,hbar,0.0.3964804,0.0.4138717@1781550387.021918463
0.0.7931472,0.1660443998924748,SUCCESS,hbar,0.0.3964804,0.0.4138717@1781550389.165000892
0.0.8055246,1.342771329834094,SUCCESS,hbar,0.0.3964804,0.0.4138717@1781550389.211301357
0.0.8002619,0.2606805196358875,SUCCESS,hbar,0.0.3964804,0.0.4138717@1781550385.630695027
0.0.7950871,113.5275697105955,SUCCESS,hbar,0.0.3964804,0.0.4138717@1781550389.574903965
0.0.7809201,0.00007874785829370699,SUCCESS,hbar,0.0.3964804,0.0.4138717@1781550389.099438735
0.0.7098838,0.5913969657089365,SUCCESS,hbar,0.0.3964804,0.0.4138717@1781550391.892061759
0.0.590682,0.02414721434658555,SUCCESS,hbar,0.0.3964804,0.0.4138717@1781550388.246720645
0.0.7789171,0.03764236017492791,SUCCESS,hbar,0.0.3964804,0.0.4138717@1781550388.251996609
0.0.4914022,0.9023537290109482,SUCCESS,hbar,0.0.3964804,0.0.4138717@1781550392.689210244
0.0.1114728,0.007217813508027348,SUCCESS,hbar,0.0.3964804,0.0.4138717@1781550393.280688857
0.0.8068660,0.006284570134247463,SUCCESS,hbar,0.0.3964804,0.0.4138717@1781550391.009578167
0.0.4561752,0.04174112131831312,SUCCESS,hbar,0.0.3964804,0.0.4138717@1781550393.410788845
0.0.6334018,0.730409558996557,SUCCESS,hbar,0.0.3964804,0.0.4138717@1781550391.185962621
0.0.5804427,0.1973011937205408,SUCCESS,hbar,0.0.3964804,0.0.4138717@1781550394.006049017
0.0.1956746,0.04037188128315845,SUCCESS,hbar,0.0.3964804,0.0.4138717@1781550391.935102766
0.0.6181303,2.404782981525653,SUCCESS,hbar,0.0.3964804,0.0.4138717@1781550392.290670487
0.0.5742160,9.494873467001051,SUCCESS,hbar,0.0.3964804,0.0.4138717@1781550392.240439037
0.0.6063136,0.0004408982625680663,SUCCESS,hbar,0.0.3964804,0.0.4138717@1781550394.885078542
0.0.6064013,0.3892777575531475,SUCCESS,hbar,0.0.3964804,0.0.4138717@1781550397.061957795
0.0.3450,0.03818829723236942,SUCCESS,hbar,0.0.3964804,0.0.4138717@1781550394.572292562
0.0.5313474,0.0114423199299918,SUCCESS,hbar,0.0.3964804,0.0.4138717@1781550394.910292027
0.0.1093612,0.2628362316898294,SUCCESS,hbar,0.0.3964804,0.0.4138717@1781550398.098760352
0.0.8868403,0.02714743923817459,SUCCESS,hbar,0.0.3964804,0.0.4138717@1781550397.978107918
0.0.9034617,0.06621647800394444,SUCCESS,hbar,0.0.3964804,0.0.4138717@1781550396.964986264
0.0.8742796,0.2012543476687763,SUCCESS,hbar,0.0.3964804,0.0.4138717@1781550398.597650152
0.0.8673292,7.590244713186797,SUCCESS,hbar,0.0.3964804,0.0.4138717@1781550399.263981961
0.0.8602366,1.30441904287526,SUCCESS,hbar,0.0.3964804,0.0.4138717@1781550401.658060884
0.0.8241599,1.633861529835019,SUCCESS,hbar,0.0.3964804,0.0.4138717@1781550398.922587002
0.0.8548028,0.0003093115765178218,SUCCESS,hbar,0.0.3964804,0.0.4138717@1781550403.989755863
0.0.8538714,0.5149659948114,SUCCESS,hbar,0.0.3964804,0.0.4138717@1781550404.586064476
0.0.823147,10.70036747025109,SUCCESS,hbar,0.0.3964804,0.0.4138717@1781550402.912873607
0.0.4814986,0.01594821070218088,SUCCESS,hbar,0.0.3964804,0.0.4138717@1781550401.949410577
0.0.8304314,0.0639222619568195,SUCCESS,hbar,0.0.3964804,0.0.4138717@1781550404.047470800
0.0.8152447,0.6319702238616178,SUCCESS,hbar,0.0.3964804,0.0.4138717@1781550405.866506399
0.0.8146497,0.9652867080720761,SUCCESS,hbar,0.0.3964804,0.0.4138717@1781550406.940248156
0.0.2015584,0.2865924498649843,SUCCESS,hbar,0.0.3964804,0.0.4138717@1781550408.827578876
0.0.8120088,0.01706435685120837,SUCCESS,hbar,0.0.3964804,0.0.4138717@1781550406.156956938
0.0.8115823,0.09853639811909264,SUCCESS,hbar,0.0.3964804,0.0.4138717@1781550406.974232074
0.0.8104363,261.3876586636893,SUCCESS,hbar,0.0.3964804,0.0.4138717@1781550407.885674797
0.0.8084528,4.807539228893619,SUCCESS,hbar,0.0.3964804,0.0.4138717@1781550411.370583650
0.0.1181772,0.05241384371409231,SUCCESS,hbar,0.0.3964804,0.0.4138717@1781550410.018748448
0.0.10219431,2.113268874490182,SUCCESS,hbar,0.0.3964804,0.0.4138717@1781550408.873724031
0.0.912648,0.1018873683756559,SUCCESS,hbar,0.0.3964804,0.0.4138717@1781550409.184606162
0.0.8083839,9.989740829483106,SUCCESS,hbar,0.0.3964804,0.0.4138717@1781550412.952257464
0.0.10062632,0.002238892678319665,SUCCESS,hbar,0.0.3964804,0.0.4138717@1781550410.925268325
0.0.10251800,0.0009422070835967952,SUCCESS,hbar,0.0.3964804,0.0.4138717@1781550412.776449699
0.0.10268439,6.453834356825357,SUCCESS,hbar,0.0.3964804,0.0.4138717@1781550410.811659162
0.0.1365779,0.3927454158764056,SUCCESS,hbar,0.0.3964804,0.0.4138717@1781550413.075654348
0.0.4499088,0.07067431532974891,SUCCESS,hbar,0.0.3964804,0.0.4138717@1781550413.953304091
0.0.9273022,0.0004677656970834014,SUCCESS,hbar,0.0.3964804,0.0.4138717@1781550414.077915133
0.0.9251120,2.490057051252296,SUCCESS,hbar,0.0.3964804,0.0.4138717@1781550416.204739045
0.0.10489509,4656.587722140221,SUCCESS,hbar,0.0.3964804,0.0.4138717@1781550412.206146726
0.0.9509413,0.04686626492334769,SUCCESS,hbar,0.0.3964804,0.0.4138717@1781550416.140754468
0.0.10157649,7.210490666304615,SUCCESS,hbar,0.0.3964804,0.0.4138717@1781550417.065777329
0.0.10014449,0.05983105420646478,SUCCESS,hbar,0.0.3964804,0.0.4138717@1781550415.696101297
0.0.4749526,44.59896029979114,SUCCESS,hbar,0.0.3964804,0.0.4138717@1781550417.677373603
0.0.1704489,0.0004402030290712246,SUCCESS,hbar,0.0.3964804,0.0.4138717@1781550416.994562599
0.0.9584885,0.01041983678376847,SUCCESS,hbar,0.0.3964804,0.0.4138717@1781550418.750074462
0.0.10093024,0.3481358811846038,SUCCESS,hbar,0.0.3964804,0.0.4138717@1781550415.699643226
0.0.816698,11.66581212064227,SUCCESS,hbar,0.0.3964804,0.0.4138717@1781550416.553480460
0.0.820706,6.085883542458778,SUCCESS,hbar,0.0.3964804,0.0.4138717@1781550416.665683433
0.0.4372819,0.02397828994490066,SUCCESS,hbar,0.0.3964804,0.0.4138717@1781550416.767872313
0.0.4576074,0.1551615088979515,SUCCESS,hbar,0.0.3964804,0.0.4138717@1781550420.287052355
0.0.638522,4.97325958629679,SUCCESS,hbar,0.0.3964804,0.0.4138717@1781550419.505539567
0.0.857763,1.194370851698263,SUCCESS,hbar,0.0.3964804,0.0.4138717@1781550418.241447028
0.0.937712,14.37682493197321,SUCCESS,hbar,0.0.3964804,0.0.4138717@1781550418.255932011
0.0.955353,0.1169144662579574,SUCCESS,hbar,0.0.3964804,0.0.4138717@1781550419.403320809
0.0.1696471,1.266026998926069,SUCCESS,hbar,0.0.3964804,0.0.4138717@1781550422.997049982
0.0.683815,0.04104718884249201,SUCCESS,hbar,0.0.3964804,0.0.4138717@1781550424.653511643
0.0.4725260,0.02548235890294105,SUCCESS,hbar,0.0.3964804,0.0.4138717@1781550423.915168420
0.0.1052080,0.7266920147603122,SUCCESS,hbar,0.0.3964804,0.0.4138717@1781550424.741113212
0.0.4712922,0.0496113310957239,SUCCESS,hbar,0.0.3964804,0.0.4138717@1781550422.146275479
0.0.4140342,0.2556704786501175,SUCCESS,hbar,0.0.3964804,0.0.4138717@1781550423.108383666
0.0.9112742,0.004644799918878823,SUCCESS,hbar,0.0.3964804,0.0.4138717@1781550424.346247002
0.0.4558719,0.00964856543289513,SUCCESS,hbar,0.0.3964804,0.0.4138717@1781550424.814322081
0.0.4552348,0.008767494133782174,SUCCESS,hbar,0.0.3964804,0.0.4138717@1781550425.455715604
0.0.4552309,0.008245185921412471,SUCCESS,hbar,0.0.3964804,0.0.4138717@1781550424.359828511
0.0.4552382,0.008244717468436481,SUCCESS,hbar,0.0.3964804,0.0.4138717@1781550427.107968321
0.0.1082201,77.8751984645482,SUCCESS,hbar,0.0.3964804,0.0.4138717@1781550426.840462122
0.0.4571567,1.565601777557794,SUCCESS,hbar,0.0.3964804,0.0.4138717@1781550428.602011957
0.0.1024843,0.0000302484498506451,SUCCESS,hbar,0.0.3964804,0.0.4138717@1781550427.697479017
0.0.1105845,1.812585090618034,SUCCESS,hbar,0.0.3964804,0.0.4138717@1781550431.196150643
0.0.10478184,1111.812297219633,SUCCESS,hbar,0.0.3964804,0.0.4138717@1781550426.522509597
0.0.10129507,13.68660757575173,SUCCESS,hbar,0.0.3964804,0.0.4138717@1781550428.795205231
0.0.10307970,0.00101549565874604,SUCCESS,hbar,0.0.3964804,0.0.4138717@1781550431.932832673
0.0.10371833,34.00503731167176,SUCCESS,hbar,0.0.3964804,0.0.4138717@1781550428.142318736
0.0.851469,0.3466054525085112,SUCCESS,hbar,0.0.3964804,0.0.4138717@1781550428.290838280
0.0.8085300,0.1264859843003018,SUCCESS,hbar,0.0.3964804,0.0.4138717@1781550431.873705829
0.0.10359193,0.83645148477495,SUCCESS,hbar,0.0.3964804,0.0.4138717@1781550432.187760191
0.0.10359238,0.01632748364266419,SUCCESS,hbar,0.0.3964804,0.0.4138717@1781550434.373112431
0.0.3953598,14.98057330425766,SUCCESS,hbar,0.0.3964804,0.0.4138717@1781550432.172450522
0.0.885953,4.433721026196309,SUCCESS,hbar,0.0.3964804,0.0.4138717@1781550435.685871022
0.0.10359145,0.1585073175009696,SUCCESS,hbar,0.0.3964804,0.0.4138717@1781550431.420566604
0.0.4157253,8.508472263530507,SUCCESS,hbar,0.0.3964804,0.0.4138717@1781550436.347553352
0.0.10308209,91.96729081868268,SUCCESS,hbar,0.0.3964804,0.0.4138717@1781550432.929560289
0.0.10420713,0.1013484988595627,SUCCESS,hbar,0.0.3964804,0.0.4138717@1781550436.733267161
0.0.10303974,0.6855230481638858,SUCCESS,hbar,0.0.3964804,0.0.4138717@1781550436.954936933
0.0.1920276,2.295971504083977,SUCCESS,hbar,0.0.3964804,0.0.4138717@1781550434.098303151
0.0.9270286,0.009361669195577049,SUCCESS,hbar,0.0.3964804,0.0.4138717@1781550434.665947361
0.0.10277044,5.245884170387025,SUCCESS,hbar,0.0.3964804,0.0.4138717@1781550435.880601352
0.0.10256319,12.67277850147403,SUCCESS,hbar,0.0.3964804,0.0.4138717@1781550439.565369426
0.0.10267167,0.1693859102791823,SUCCESS,hbar,0.0.3964804,0.0.4138717@1781550438.524235966
0.0.10267166,93.10667323513889,SUCCESS,hbar,0.0.3964804,0.0.4138717@1781550439.007172344
0.0.10244829,0.01821900016460593,SUCCESS,hbar,0.0.3964804,0.0.4138717@1781550438.699761811
0.0.10231452,14.86783714607335,SUCCESS,hbar,0.0.3964804,0.0.4138717@1781550437.493477875
0.0.10248120,0.3968821231001344,SUCCESS,hbar,0.0.3964804,0.0.4138717@1781550440.495994714
0.0.10456759,14.69153687076494,SUCCESS,hbar,0.0.3964804,0.0.4138717@1781550439.938383038
0.0.10502045,1.488741414351463,SUCCESS,hbar,0.0.3964804,0.0.4138717@1781550439.815230004
0.0.10496154,0.001857704962194858,SUCCESS,hbar,0.0.3964804,0.0.4138717@1781550443.299026707
0.0.10495365,2.553921090572358e-7,SUCCESS,hbar,0.0.3964804,0.0.4138717@1781550441.763216486
0.0.835034,22.61249482138917,SUCCESS,hbar,0.0.3964804,0.0.4138717@1781550442.119668379
0.0.912615,34.26107666733798,SUCCESS,hbar,0.0.3964804,0.0.4138717@1781550439.829130396
0.0.844877,1.941532015719612,SUCCESS,hbar,0.0.3964804,0.0.4138717@1781550441.413347153
0.0.5850916,0.5236831330276502,SUCCESS,hbar,0.0.3964804,0.0.4138717@1781550441.405528755
0.0.10237154,3.891897417647374,SUCCESS,hbar,0.0.3964804,0.0.4138717@1781550441.455988838
0.0.10465417,0.7764386870733406,SUCCESS,hbar,0.0.3964804,0.0.4138717@1781550444.780400550
0.0.3959322,21.34395034215782,SUCCESS,hbar,0.0.3964804,0.0.4138717@1781550443.478273170
0.0.10454179,0.4333854226331474,SUCCESS,hbar,0.0.3964804,0.0.4138717@1781550444.208489752
0.0.10386407,3.752415872758101,SUCCESS,hbar,0.0.3964804,0.0.4138717@1781550446.895221749
0.0.10295710,0.2442608873209931,SUCCESS,hbar,0.0.3964804,0.0.4138717@1781550443.135944110
0.0.10442094,4.361939953678689,SUCCESS,hbar,0.0.3964804,0.0.4138717@1781550447.415174976
0.0.3003013,4.025862640122185,SUCCESS,hbar,0.0.3964804,0.0.4138717@1781550444.880000945
0.0.10435638,0.2178229092539644,SUCCESS,hbar,0.0.3964804,0.0.4138717@1781550445.917783373
0.0.10422583,3.447791694538972,SUCCESS,hbar,0.0.3964804,0.0.4138717@1781550448.071396583
0.0.10420688,1.08328875945555,SUCCESS,hbar,0.0.3964804,0.0.4138717@1781550446.755972356
0.0.10420709,0.3284794272595768,SUCCESS,hbar,0.0.3964804,0.0.4138717@1781550445.786941041
0.0.1385696,5.033158600052036,SUCCESS,hbar,0.0.3964804,0.0.4138717@1781550448.096913082
0.0.9774219,0.00447883682776209,SUCCESS,hbar,0.0.3964804,0.0.4138717@1781550449.374022328
0.0.1178547,0.03809718804880738,SUCCESS,hbar,0.0.3964804,0.0.4138717@1781550448.194009824
0.0.9707531,814.9800314950905,SUCCESS,hbar,0.0.3964804,0.0.4138717@1781550449.811178766
0.0.9707528,454.2150170765504,SUCCESS,hbar,0.0.3964804,0.0.4138717@1781550451.517408192
0.0.9640625,0.01317648945611707,SUCCESS,hbar,0.0.3964804,0.0.4138717@1781550449.253575462
0.0.9417458,0.1652701512991741,SUCCESS,hbar,0.0.3964804,0.0.4138717@1781550451.371722763
0.0.9579116,1.372941535084047,SUCCESS,hbar,0.0.3964804,0.0.4138717@1781550452.810331773
0.0.9275976,1.96347559648158,SUCCESS,hbar,0.0.3964804,0.0.4138717@1781550449.619893365
0.0.9425366,11.08009091480079,SUCCESS,hbar,0.0.3964804,0.0.4138717@1781550454.614641495
0.0.1503602,0.4212588216610768,SUCCESS,hbar,0.0.3964804,0.0.4138717@1781550454.178236619
0.0.9208631,1.40081842512487,SUCCESS,hbar,0.0.3964804,0.0.4138717@1781550451.435920903
0.0.1412348,11.03971827469053,SUCCESS,hbar,0.0.3964804,0.0.4138717@1781550454.291984452
0.0.9362153,0.5817992551153657,SUCCESS,hbar,0.0.3964804,0.0.4138717@1781550456.877665404
0.0.1703381,1.242537341905954,SUCCESS,hbar,0.0.3964804,0.0.4138717@1781550455.428564798
0.0.9317965,0.5628760273718126,SUCCESS,hbar,0.0.3964804,0.0.4138717@1781550458.431871690
0.0.9301506,0.009290375254500355,SUCCESS,hbar,0.0.3964804,0.0.4138717@1781550454.243135619
0.0.8198609,23.20361338129905,SUCCESS,hbar,0.0.3964804,0.0.4138717@1781550457.785550030
0.0.9144627,0.6552202063087106,SUCCESS,hbar,0.0.3964804,0.0.4138717@1781550457.527559301
0.0.9177203,0.004463360257498183,SUCCESS,hbar,0.0.3964804,0.0.4138717@1781550458.876545649
0.0.8188301,0.4294966769989355,SUCCESS,hbar,0.0.3964804,0.0.4138717@1781550458.780836186
0.0.8108637,0.0001491423514850143,SUCCESS,hbar,0.0.3964804,0.0.4138717@1781550459.802353038
0.0.10007904,0.001538782086741375,SUCCESS,hbar,0.0.3964804,0.0.4138717@1781550461.611310050
0.0.2216740,152.6700657050196,SUCCESS,hbar,0.0.3964804,0.0.4138717@1781550463.397136213
0.0.3051653,2.311454427253137,SUCCESS,hbar,0.0.3964804,0.0.4138717@1781550462.382842103
0.0.7989176,4.12939572270742,SUCCESS,hbar,0.0.3964804,0.0.4138717@1781550463.093780997
0.0.818498,0.01388613588916731,SUCCESS,hbar,0.0.3964804,0.0.4138717@1781550462.025409844
0.0.10190094,181.7588163229816,SUCCESS,hbar,0.0.3964804,0.0.4138717@1781550465.571286102
0.0.10088400,0.02527477540097488,SUCCESS,hbar,0.0.3964804,0.0.4138717@1781550461.916504432
0.0.10164472,907.171034927565,SUCCESS,hbar,0.0.3964804,0.0.4138717@1781550463.731743291
0.0.10151415,2.54495975182542,SUCCESS,hbar,0.0.3964804,0.0.4138717@1781550463.022544022
0.0.10115705,0.0005975006294173787,SUCCESS,hbar,0.0.3964804,0.0.4138717@1781550464.130080374
0.0.8197490,31.85283289750125,SUCCESS,hbar,0.0.3964804,0.0.4138717@1781550465.789442252
0.0.10035851,7.040219439594983,SUCCESS,hbar,0.0.3964804,0.0.4138717@1781550466.847115025
0.0.1365923,0.01446719201222766,SUCCESS,hbar,0.0.3964804,0.0.4138717@1781550465.642454297
0.0.10048918,1.85526536109947,SUCCESS,hbar,0.0.3964804,0.0.4138717@1781550467.827574178
0.0.9593512,0.003073495521793553,SUCCESS,hbar,0.0.3964804,0.0.4138717@1781550468.043335992
0.0.10025532,0.1345708848854388,SUCCESS,hbar,0.0.3964804,0.0.4138717@1781550467.447886915
0.0.10044419,0.5850987728089653,SUCCESS,hbar,0.0.3964804,0.0.4138717@1781550469.619016099
0.0.10035663,0.4332279841882406,SUCCESS,hbar,0.0.3964804,0.0.4138717@1781550470.022486350
0.0.9812108,0.1404859877247238,SUCCESS,hbar,0.0.3964804,0.0.4138717@1781550469.535703899
0.0.10009527,1.638552673759749,SUCCESS,hbar,0.0.3964804,0.0.4138717@1781550469.585504383
0.0.1400807,0.7024402638264381,SUCCESS,hbar,0.0.3964804,0.0.4138717@1781550469.341811935
0.0.8414341,0.7459551729975261,SUCCESS,hbar,0.0.3964804,0.0.4138717@1781550471.752309845
0.0.2477582,0.3627327614363153,SUCCESS,hbar,0.0.3964804,0.0.4138717@1781550469.748207693
0.0.8059253,1.092213309584556,SUCCESS,hbar,0.0.3964804,0.0.4138717@1781550470.279839363
0.0.2006292,0.06450843416203872,SUCCESS,hbar,0.0.3964804,0.0.4138717@1781550469.769860630
0.0.7912110,0.0003661369673495494,SUCCESS,hbar,0.0.3964804,0.0.4138717@1781550470.640375183
0.0.8056304,0.6179760429482986,SUCCESS,hbar,0.0.3964804,0.0.4138717@1781550471.058626864
0.0.7974195,45.28415655578065,SUCCESS,hbar,0.0.3964804,0.0.4138717@1781550472.452377791
0.0.7746903,0.09168530328861996,SUCCESS,hbar,0.0.3964804,0.0.4138717@1781550471.253477549
0.0.8032303,0.06344829466255633,SUCCESS,hbar,0.0.3964804,0.0.4138717@1781550473.757507505
0.0.7965413,0.00108188526740395,SUCCESS,hbar,0.0.3964804,0.0.4138717@1781550473.599059552
0.0.8042105,0.126667882052007,SUCCESS,hbar,0.0.3964804,0.0.4138717@1781550476.884483218
0.0.1481135,0.4114481018149218,SUCCESS,hbar,0.0.3964804,0.0.4138717@1781550476.578850672
0.0.7896816,17.57554024178887,SUCCESS,hbar,0.0.3964804,0.0.4138717@1781550476.839357821
0.0.7910977,2.025412404516085,SUCCESS,hbar,0.0.3964804,0.0.4138717@1781550474.863962587
0.0.3947850,0.0003493396419672474,SUCCESS,hbar,0.0.3964804,0.0.4138717@1781550476.645941662
0.0.5905014,0.4313843168066173,SUCCESS,hbar,0.0.3964804,0.0.4138717@1781550475.932313342
0.0.5042398,1.864494851533738,SUCCESS,hbar,0.0.3964804,0.0.4138717@1781550479.424739145
0.0.1479857,1.240447727307968,SUCCESS,hbar,0.0.3964804,0.0.4138717@1781550477.183386896
0.0.7835479,0.01699298755133783,SUCCESS,hbar,0.0.3964804,0.0.4138717@1781550480.436295757
0.0.7570262,0.08901423514365446,SUCCESS,hbar,0.0.3964804,0.0.4138717@1781550481.616231771
0.0.7421912,0.04887790700076559,SUCCESS,hbar,0.0.3964804,0.0.4138717@1781550480.770721978
0.0.5761971,0.000189121414217486,SUCCESS,hbar,0.0.3964804,0.0.4138717@1781550479.748757380
0.0.8323906,20.47015517229848,SUCCESS,hbar,0.0.3964804,0.0.4138717@1781550479.178046976
0.0.8156060,0.1281489154820167,SUCCESS,hbar,0.0.3964804,0.0.4138717@1781550479.182333400
0.0.8298814,2.029214956550833,SUCCESS,hbar,0.0.3964804,0.0.4138717@1781550481.681340031
0.0.8181079,1.06530620206411,SUCCESS,hbar,0.0.3964804,0.0.4138717@1781550483.483292986
0.0.7964752,0.005028205699635697,SUCCESS,hbar,0.0.3964804,0.0.4138717@1781550483.744042630
0.0.2025203,0.1004568719557952,SUCCESS,hbar,0.0.3964804,0.0.4138717@1781550485.218261209
0.0.7049977,0.01007258183225604,SUCCESS,hbar,0.0.3964804,0.0.4138717@1781550485.806006327
0.0.4867972,0.04008888076748871,SUCCESS,hbar,0.0.3964804,0.0.4138717@1781550481.877318160
0.0.8209324,0.6843026262009136,SUCCESS,hbar,0.0.3964804,0.0.4138717@1781550486.629686647
0.0.7997139,0.1297594162040796,SUCCESS,hbar,0.0.3964804,0.0.4138717@1781550488.864337093
0.0.7791729,0.001076280787714997,SUCCESS,hbar,0.0.3964804,0.0.4138717@1781550487.862970847
0.0.1906790,0.01374973100673163,SUCCESS,hbar,0.0.3964804,0.0.4138717@1781550486.736002601
0.0.8178093,0.1085712385241618,SUCCESS,hbar,0.0.3964804,0.0.4138717@1781550485.504093033
0.0.3273594,2.81467678106241,SUCCESS,hbar,0.0.3964804,0.0.4138717@1781550487.184013907
0.0.8175769,0.1576998131913906,SUCCESS,hbar,0.0.3964804,0.0.4138717@1781550488.328894464
0.0.8142528,0.03049151419897311,SUCCESS,hbar,0.0.3964804,0.0.4138717@1781550490.894774165
0.0.3828375,51.53524635635079,SUCCESS,hbar,0.0.3964804,0.0.4138717@1781550489.410118251
0.0.833836,2.643018639939758,SUCCESS,hbar,0.0.3964804,0.0.4138717@1781550492.366724483
0.0.5007636,0.1087651793313213,SUCCESS,hbar,0.0.3964804,0.0.4138717@1781550493.552111091
0.0.4746343,0.001963030173023746,SUCCESS,hbar,0.0.3964804,0.0.4138717@1781550491.790168984
0.0.7913251,0.07598643210515385,SUCCESS,hbar,0.0.3964804,0.0.4138717@1781550495.535962827
0.0.6324031,0.0008464201951348785,SUCCESS,hbar,0.0.3964804,0.0.4138717@1781550491.668242840
0.0.6612734,0.008462597308582129,SUCCESS,hbar,0.0.3964804,0.0.4138717@1781550496.907128212
0.0.6344703,123.5936462448949,SUCCESS,hbar,0.0.3964804,0.0.4138717@1781550497.243896384
0.0.1448239,0.05780150548155621,SUCCESS,hbar,0.0.3964804,0.0.4138717@1781550495.394907808
0.0.6232417,0.03808166090942729,SUCCESS,hbar,0.0.3964804,0.0.4138717@1781550496.981900659
0.0.6933072,0.5631369380902156,SUCCESS,hbar,0.0.3964804,0.0.4138717@1781550494.959502604
0.0.760653,0.2114580605917909,SUCCESS,hbar,0.0.3964804,0.0.4138717@1781550495.331299310
0.0.835625,0.05743640357411116,SUCCESS,hbar,0.0.3964804,0.0.4138717@1781550499.956673698
0.0.6674918,0.01616195956827129,SUCCESS,hbar,0.0.3964804,0.0.4138717@1781550498.899044925
0.0.6497488,0.7743899788090326,SUCCESS,hbar,0.0.3964804,0.0.4138717@1781550499.544197452
0.0.4360598,0.04255177523781691,SUCCESS,hbar,0.0.3964804,0.0.4138717@1781550501.629290280
0.0.2123622,0.1440181029891931,SUCCESS,hbar,0.0.3964804,0.0.4138717@1781550500.497006817
0.0.1233065,0.3820643691161192,SUCCESS,hbar,0.0.3964804,0.0.4138717@1781550501.333741800
0.0.2174952,0.2809613630611815,SUCCESS,hbar,0.0.3964804,0.0.4138717@1781550500.198074021
0.0.827132,0.1104346695911402,SUCCESS,hbar,0.0.3964804,0.0.4138717@1781550503.380576045
0.0.4659519,1.831594325064709,SUCCESS,hbar,0.0.3964804,0.0.4138717@1781550501.869617484
0.0.6247418,0.05474465078153188,SUCCESS,hbar,0.0.3964804,0.0.4138717@1781550500.811973532
0.0.6078189,6.516023244126263,SUCCESS,hbar,0.0.3964804,0.0.4138717@1781550504.257609470
0.0.6058490,0.03173038472848191,SUCCESS,hbar,0.0.3964804,0.0.4138717@1781550501.305755086
0.0.6095958,9.20381679826911,SUCCESS,hbar,0.0.3964804,0.0.4138717@1781550501.978153333
0.0.1334605,10.8944145436189,SUCCESS,hbar,0.0.3964804,0.0.4138717@1781550504.465747111
0.0.6256886,0.04974313747081072,SUCCESS,hbar,0.0.3964804,0.0.4138717@1781550505.575483290
0.0.5739319,1.088796095989545,SUCCESS,hbar,0.0.3964804,0.0.4138717@1781550506.865495352
0.0.7607102,0.008240242610496433,SUCCESS,hbar,0.0.3964804,0.0.4138717@1781550506.853832301
0.0.7777028,0.7067689193597064,SUCCESS,hbar,0.0.3964804,0.0.4138717@1781550507.045182950
0.0.4752954,0.2961860595045877,SUCCESS,hbar,0.0.3964804,0.0.4138717@1781550508.616590597
0.0.3912896,0.2096394929657672,SUCCESS,hbar,0.0.3964804,0.0.4138717@1781550506.726804341
0.0.4250725,0.1695023934677932,SUCCESS,hbar,0.0.3964804,0.0.4138717@1781550507.115244760
0.0.2557514,1.099270127298833,SUCCESS,hbar,0.0.3964804,0.0.4138717@1781550505.059558684
0.0.831661,2.831763780561211,SUCCESS,hbar,0.0.3964804,0.0.4138717@1781550508.091197323
0.0.10072624,0.04828988865730616,SUCCESS,hbar,0.0.3964804,0.0.4138717@1781550509.219334374
0.0.7638910,0.04992476966469463,SUCCESS,hbar,0.0.3964804,0.0.4138717@1781550510.951784145
0.0.7610560,0.1677387387573924,SUCCESS,hbar,0.0.3964804,0.0.4138717@1781550510.455661321
0.0.5437974,1.12512291462895,SUCCESS,hbar,0.0.3964804,0.0.4138717@1781550508.682746687
0.0.4899880,0.07401109850325732,SUCCESS,hbar,0.0.3964804,0.0.4138717@1781550511.075751827
0.0.4595460,0.1216451023204565,SUCCESS,hbar,0.0.3964804,0.0.4138717@1781550508.741383400
0.0.3159220,0.8267453555888203,SUCCESS,hbar,0.0.3964804,0.0.4138717@1781550511.024249987
0.0.7200618,0.02124780111602162,SUCCESS,hbar,0.0.3964804,0.0.4138717@1781550513.930037893
0.0.1859919,0.1432438742037031,SUCCESS,hbar,0.0.3964804,0.0.4138717@1781550514.521737446
0.0.4978453,9.408991067556226,SUCCESS,hbar,0.0.3964804,0.0.4138717@1781550512.007539060
0.0.1056474,5.030224906037275,SUCCESS,hbar,0.0.3964804,0.0.4138717@1781550513.907311180
0.0.5805332,1.544925700545533,SUCCESS,hbar,0.0.3964804,0.0.4138717@1781550514.686469854
0.0.9602777,0.02209571848265206,SUCCESS,hbar,0.0.3964804,0.0.4138717@1781550518.684246054
0.0.9590994,14.58625045692926,SUCCESS,hbar,0.0.3964804,0.0.4138717@1781550515.021814336
0.0.9365757,1.157458346082502,SUCCESS,hbar,0.0.3964804,0.0.4138717@1781550518.348928093
0.0.8080965,0.01218728073223691,SUCCESS,hbar,0.0.3964804,0.0.4138717@1781550518.741784409
0.0.8070994,2.00361906927697,SUCCESS,hbar,0.0.3964804,0.0.4138717@1781550516.144843401
0.0.8246604,0.002194926694647241,SUCCESS,hbar,0.0.3964804,0.0.4138717@1781550519.773897573
0.0.190191,0.09586156278007076,SUCCESS,hbar,0.0.3964804,0.0.4138717@1781550516.094382015
0.0.4594903,0.03854309260354304,SUCCESS,hbar,0.0.3964804,0.0.4138717@1781550520.144926322
0.0.9364762,0.02058116941175185,SUCCESS,hbar,0.0.3964804,0.0.4138717@1781550521.156122894
0.0.887615,0.01325273690698582,SUCCESS,hbar,0.0.3964804,0.0.4138717@1781550521.365186912
0.0.9636419,0.482595089668951,SUCCESS,hbar,0.0.3964804,0.0.4138717@1781550521.097429633
0.0.9450539,1.253835702307946,SUCCESS,hbar,0.0.3964804,0.0.4138717@1781550520.856703306
0.0.9444587,2.451195365446622,SUCCESS,hbar,0.0.3964804,0.0.4138717@1781550520.488752505
0.0.9146353,3.093286894735933,SUCCESS,hbar,0.0.3964804,0.0.4138717@1781550520.352131034
0.0.6160732,0.09143009138605712,SUCCESS,hbar,0.0.3964804,0.0.4138717@1781550519.535308777
0.0.813564,0.001265319811961499,SUCCESS,hbar,0.0.3964804,0.0.4138717@1781550523.624965300
0.0.9367202,0.002304817120751292,SUCCESS,hbar,0.0.3964804,0.0.4138717@1781550523.809564347
0.0.4821795,0.620449460538972,SUCCESS,hbar,0.0.3964804,0.0.4138717@1781550522.221114628
0.0.9318048,0.01980939847084978,SUCCESS,hbar,0.0.3964804,0.0.4138717@1781550524.759607340
0.0.5159009,4.77861695130339,SUCCESS,hbar,0.0.3964804,0.0.4138717@1781550525.212563662
0.0.8880678,0.03084221425629372,SUCCESS,hbar,0.0.3964804,0.0.4138717@1781550526.813694921
0.0.9477942,0.02173674636015528,SUCCESS,hbar,0.0.3964804,0.0.4138717@1781550526.383217269
0.0.842210,0.1390330455338557,SUCCESS,hbar,0.0.3964804,0.0.4138717@1781550527.540622198
0.0.1459068,0.0536138361000841,SUCCESS,hbar,0.0.3964804,0.0.4138717@1781550524.234829286
0.0.9640903,0.5430192360679182,SUCCESS,hbar,0.0.3964804,0.0.4138717@1781550526.843651275
0.0.2963879,2.379541483104793,SUCCESS,hbar,0.0.3964804,0.0.4138717@1781550530.827886096
0.0.1745725,0.4709104422625304,SUCCESS,hbar,0.0.3964804,0.0.4138717@1781550526.481462273
0.0.4873525,0.07444643842225883,SUCCESS,hbar,0.0.3964804,0.0.4138717@1781550529.728545658
0.0.10004246,0.6867581675064554,SUCCESS,hbar,0.0.3964804,0.0.4138717@1781550530.173491479
0.0.9401320,4.820647267807266,SUCCESS,hbar,0.0.3964804,0.0.4138717@1781550527.661721558
0.0.5922808,0.04489015786458132,SUCCESS,hbar,0.0.3964804,0.0.4138717@1781550530.790372181
0.0.751161,2.386585851400965,SUCCESS,hbar,0.0.3964804,0.0.4138717@1781550529.141185521
0.0.9973346,0.004981035619732929,SUCCESS,hbar,0.0.3964804,0.0.4138717@1781550530.209002362
0.0.8357708,20.30121791013698,SUCCESS,hbar,0.0.3964804,0.0.4138717@1781550530.599415288
0.0.9150527,1.685251555277126,SUCCESS,hbar,0.0.3964804,0.0.4138717@1781550533.494799355
0.0.871471,3.993325438223048,SUCCESS,hbar,0.0.3964804,0.0.4138717@1781550534.710346359
0.0.7983506,0.00004767983281815447,SUCCESS,hbar,0.0.3964804,0.0.4138717@1781550531.696068064
0.0.6320740,1.052726018371331,SUCCESS,hbar,0.0.3964804,0.0.4138717@1781550533.696035651
0.0.9687167,0.3193784353000265,SUCCESS,hbar,0.0.3964804,0.0.4138717@1781550535.490356882
0.0.9729389,0.1695023934677932,SUCCESS,hbar,0.0.3964804,0.0.4138717@1781550536.342381941
0.0.9720442,0.08289207278480282,SUCCESS,hbar,0.0.3964804,0.0.4138717@1781550536.095999922
0.0.3012601,0.4376255419213124,SUCCESS,hbar,0.0.3964804,0.0.4138717@1781550538.071297754
0.0.5012902,0.008801491499592537,SUCCESS,hbar,0.0.3964804,0.0.4138717@1781550537.099820670
0.0.1459865,2.051732970574352,SUCCESS,hbar,0.0.3964804,0.0.4138717@1781550537.565940144
0.0.7550890,0.1519402370812255,SUCCESS,hbar,0.0.3964804,0.0.4138717@1781550535.632150494
0.0.9095016,2.368042589635837,SUCCESS,hbar,0.0.3964804,0.0.4138717@1781550536.620686650
0.0.9065767,0.9238666349737057,SUCCESS,hbar,0.0.3964804,0.0.4138717@1781550538.546175979
0.0.8767225,0.3417202178763266,SUCCESS,hbar,0.0.3964804,0.0.4138717@1781550537.130078710
0.0.9009997,0.5067764790190888,SUCCESS,hbar,0.0.3964804,0.0.4138717@1781550542.351228093
0.0.7788265,0.2235544455694353,SUCCESS,hbar,0.0.3964804,0.0.4138717@1781550538.268929446
0.0.8792600,0.003610191629769302,SUCCESS,hbar,0.0.3964804,0.0.4138717@1781550540.376474297
0.0.8256574,0.007228894227606984,SUCCESS,hbar,0.0.3964804,0.0.4138717@1781550542.415203736
0.0.8585468,0.001114016235113466,SUCCESS,hbar,0.0.3964804,0.0.4138717@1781550541.729362922
0.0.1365814,0.3741560202113655,SUCCESS,hbar,0.0.3964804,0.0.4138717@1781550543.903356378
0.0.9275748,0.1987479346453591,SUCCESS,hbar,0.0.3964804,0.0.4138717@1781550540.141944215
0.0.5524338,0.05913830153579603,SUCCESS,hbar,0.0.3964804,0.0.4138717@1781550544.531510815
0.0.8198608,0.4868700052655891,SUCCESS,hbar,0.0.3964804,0.0.4138717@1781550546.120582009
0.0.8385016,0.3981651675824011,SUCCESS,hbar,0.0.3964804,0.0.4138717@1781550544.513176509
0.0.8414409,0.01945591088617966,SUCCESS,hbar,0.0.3964804,0.0.4138717@1781550546.473769680
0.0.1714233,0.3481792773101074,SUCCESS,hbar,0.0.3964804,0.0.4138717@1781550547.382480830
0.0.3077609,3.155476772268735,SUCCESS,hbar,0.0.3964804,0.0.4138717@1781550544.379548728
0.0.8357089,0.7675217825463707,SUCCESS,hbar,0.0.3964804,0.0.4138717@1781550546.662831224
0.0.8346544,3.655205832040585,SUCCESS,hbar,0.0.3964804,0.0.4138717@1781550548.405319517
0.0.1090802,0.0879385939991662,SUCCESS,hbar,0.0.3964804,0.0.4138717@1781550549.983377368
0.0.9285770,0.1382305747834505,SUCCESS,hbar,0.0.3964804,0.0.4138717@1781550547.850963739
0.0.4345655,2.61783094209632,SUCCESS,hbar,0.0.3964804,0.0.4138717@1781550546.795588916
0.0.6068301,0.1194160120919121,SUCCESS,hbar,0.0.3964804,0.0.4138717@1781550550.677385577
0.0.8113254,0.03856966841345104,SUCCESS,hbar,0.0.3964804,0.0.4138717@1781550547.233996727
0.0.1862342,0.3993612833217586,SUCCESS,hbar,0.0.3964804,0.0.4138717@1781550552.210256611
0.0.9196038,0.2220558476625284,SUCCESS,hbar,0.0.3964804,0.0.4138717@1781550552.214522983
0.0.1118731,0.01830144215617371,SUCCESS,hbar,0.0.3964804,0.0.4138717@1781550548.744952780
0.0.1403937,0.01046848007481816,SUCCESS,hbar,0.0.3964804,0.0.4138717@1781550551.007795477
0.0.9177141,0.0622341563972964,SUCCESS,hbar,0.0.3964804,0.0.4138717@1781550550.177324039
0.0.9086562,0.002468025637005832,SUCCESS,hbar,0.0.3964804,0.0.4138717@1781550550.135447890
0.0.8392843,0.4423665141836133,SUCCESS,hbar,0.0.3964804,0.0.4138717@1781550554.163648406
0.0.9169121,0.393571130406942,SUCCESS,hbar,0.0.3964804,0.0.4138717@1781550552.214292692
0.0.958821,19.08606396723745,SUCCESS,hbar,0.0.3964804,0.0.4138717@1781550553.117541200
0.0.877394,0.0081893271497724,SUCCESS,hbar,0.0.3964804,0.0.4138717@1781550555.401458272
0.0.53756,4.189898219206306,SUCCESS,hbar,0.0.3964804,0.0.4138717@1781550557.263257514
0.0.689277,9.650508782283309,SUCCESS,hbar,0.0.3964804,0.0.4138717@1781550555.112714916