account,amount,state,token address,pool address,tx id
0.0.1353334,1.001705670898584,SUCCESS,0.0.731861,0.0.3948521&0.0.3964804,0.0.4138717@1774359449.831434092
0.0.4865794,9.37532226196265,SUCCESS,0.0.731861,0.0.3948521,0.0.4138717@1774359448.287713789
0.0.7965397,0.00001844363853289827,SUCCESS,0.0.731861,0.0.3948521,0.0.4138717@1774359447.351185807
0.0.7546607,15.26286654607343,SUCCESS,0.0.731861,0.0.3948521,0.0.4138717@1774359446.858563503
0.0.10031122,0.001893297514871818,NOT_ASSOCIATED,0.0.731861,0.0.3948521,
0.0.10031120,0.0018972522928723,NOT_ASSOCIATED,0.0.731861,0.0.3948521,
0.0.7965399,0.00022576457261751,SUCCESS,0.0.731861,0.0.3948521,0.0.4138717@1774359447.778386390
0.0.7950871,251.5586847548865,SUCCESS,0.0.731861,0.0.3948521&0.0.3964804&0.0.3964827,0.0.4138717@1774359450.517210448
0.0.1427613,5.164529026818654,SUCCESS,0.0.731861,0.0.3948521,0.0.4138717@1774359450.465714166
0.0.5310061,11.30441031256542,SUCCESS,0.0.731861,0.0.3948521&0.0.3951117&0.0.3964804,0.0.4138717@1774359448.395581711
0.0.5182107,5.474066866874964,NOT_ASSOCIATED,0.0.731861,0.0.3948521&0.0.3951117&0.0.3964804,
0.0.428115,0.0001205096557926735,SUCCESS,0.0.731861,0.0.3948521,0.0.4138717@1774359451.546703110
0.0.5119346,60.46604962818412,SUCCESS,0.0.731861,0.0.3948521&0.0.3951117&0.0.3964804,0.0.4138717@1774359449.907666370
0.0.5118232,5.572575048912132,SUCCESS,0.0.731861,0.0.3948521&0.0.3951117&0.0.3964804,0.0.4138717@1774359453.031270655
0.0.5118079,21.74919571100425,SUCCESS,0.0.731861,0.0.3948521&0.0.3951117&0.0.3964804&0.0.3964808,0.0.4138717@1774359455.037152940
0.0.1181772,1.231267182117221,SUCCESS,0.0.731861,0.0.3948521&0.0.3964804&0.0.6126395,0.0.4138717@1774359453.833397150
0.0.4544530,694.6465054297629,SUCCESS,0.0.731861,0.0.3948521&0.0.3951117&0.0.3961531&0.0.3964782&0.0.3964790&0.0.3964795&0.0.3964800&0.0.3964804&0.0.3964808&0.0.3964809&0.0.3964821&0.0.3964825&0.0.3964827&0.0.3964834&0.0.3964837&0.0.3964855&0.0.3964860&0.0.3964840&0.0.4129330&0.0.4601632&0.0.5328590&0.0.6071041&0.0.6078459&0.0.6078473,0.0.4138717@1774359452.266494048
0.0.1096529,31.76901315951642,SUCCESS,0.0.731861,0.0.3948521&0.0.3961531&0.0.3964804,0.0.4138717@1774359452.024325906
0.0.3870061,291.1781186332343,SUCCESS,0.0.731861,0.0.3948521&0.0.4601632,0.0.4138717@1774359454.744972648
0.0.2960520,1.265310216343978,SUCCESS,0.0.731861,0.0.3948521,0.0.4138717@1774359452.425468770
0.0.720300,5.197877301894232,SUCCESS,0.0.731861,0.0.3948521,0.0.4138717@1774359453.709437099
0.0.1152713,36428.79427078866,SUCCESS,0.0.731861,0.0.3948521&0.0.3961531&0.0.3964782&0.0.3964790,0.0.4138717@1774359458.139414290
0.0.1085174,2269.497807858088,SUCCESS,0.0.731861,0.0.3948521&0.0.3964790,0.0.4138717@1774359456.877349741
0.0.7951,15886.39048095064,SUCCESS,0.0.731861,0.0.3948521&0.0.3964782&0.0.3964790&0.0.3964855&0.0.5328590&0.0.6078473,0.0.4138717@1774359458.248668839
0.0.165981,0.0008781248150555373,SUCCESS,0.0.731861,0.0.3948521,0.0.4138717@1774359460.022051550
0.0.3961176,0.0093013975980499,NOT_ASSOCIATED,0.0.731861,0.0.3948521,
0.0.732798,2.097785595972833,SUCCESS,0.0.731861,0.0.3948521&0.0.3964790&0.0.3964804&0.0.4129330,0.0.4138717@1774359456.998840331
0.0.1265153,0.08811793459975817,SUCCESS,0.0.731861,0.0.3948521&0.0.3951117&0.0.3964795&0.0.3964825&0.0.3964827&0.0.3964840,0.0.4138717@1774359461.313235082
0.0.3958740,0.0003553195606018277,SUCCESS,0.0.731861,0.0.3948521,0.0.4138717@1774359457.806018997
0.0.3210690,0.1499087584547059,SUCCESS,0.0.731861,0.0.3948521,0.0.4138717@1774359462.456533457
0.0.2923216,29.40664759138483,SUCCESS,0.0.731861,0.0.3948521,0.0.4138717@1774359459.826612809
0.0.862835,104.028004990778,SUCCESS,0.0.731861,0.0.3948521&0.0.3964804&0.0.3964827&0.0.6071911,0.0.4138717@1774359461.746926725
0.0.6033605,0.004567018159870819,SUCCESS,0.0.731861,0.0.3948521,0.0.4138717@1774359463.110098363
0.0.4744252,0.07236269547710947,SUCCESS,0.0.731861,0.0.3948521,0.0.4138717@1774359464.507302010
0.0.3971792,0.3662314210696147,SUCCESS,0.0.731861,0.0.3948521,0.0.4138717@1774359464.296764596
0.0.845031,0.0001940993049978621,SUCCESS,0.0.731861,0.0.3948521,0.0.4138717@1774359461.959709294
0.0.4313767,0.2391476677291157,SUCCESS,0.0.731861,0.0.3948521,0.0.4138717@1774359462.589536893
0.0.1105470,0.1728699274414501,SUCCESS,0.0.731861,0.0.3948521,0.0.4138717@1774359466.791946080
0.0.4340290,41.2415943762993,SUCCESS,0.0.731861,0.0.3948521,0.0.4138717@1774359466.133950523
0.0.4712184,0.05945702395229568,SUCCESS,0.0.731861,0.0.3948521&0.0.3961531&0.0.3964782&0.0.3964790&0.0.3964837&0.0.3964840,0.0.4138717@1774359467.621087318
0.0.4093788,18.67041810968026,SUCCESS,0.0.731861,0.0.3948521&0.0.3964804,0.0.4138717@1774359467.030891154
0.0.7730513,0.001369219364971519,SUCCESS,0.0.731861,0.0.3948521,0.0.4138717@1774359466.302155383
0.0.1930336,1275.124179705017,SUCCESS,0.0.731861,0.0.3948521&0.0.3964782,0.0.4138717@1774359468.861426261
0.0.7550890,2.077880354921068,SUCCESS,0.0.731861,0.0.3948521&0.0.3964804,0.0.4138717@1774359467.772368113
0.0.5687394,1.735426111714029,NOT_ASSOCIATED,0.0.731861,0.0.3948521,
0.0.6440477,5.394021483607375,SUCCESS,0.0.731861,0.0.3948521&0.0.3951117&0.0.3964804,0.0.4138717@1774359469.250004857
0.0.3918882,0.1895371519148143,SUCCESS,0.0.731861,0.0.3948521,0.0.4138717@1774359470.705969761
0.0.628683,2.847089722506872,SUCCESS,0.0.731861,0.0.3948521,0.0.4138717@1774359469.975438470
0.0.4777259,2.461106170485239,SUCCESS,0.0.731861,0.0.3948521,0.0.4138717@1774359468.432582744
0.0.4702708,172.7987654425681,SUCCESS,0.0.731861,0.0.3948521&0.0.3951117&0.0.3964827,0.0.4138717@1774359468.680801047
0.0.7789171,6.043898108337001e-11,SUCCESS,0.0.731861,0.0.3948521,0.0.4138717@1774359470.332239922
0.0.4363476,39.64494917712924,SUCCESS,0.0.731861,0.0.3948521&0.0.3961531,0.0.4138717@1774359471.590803716
0.0.10231452,1899.625967817383,SUCCESS,0.0.731861,0.0.3951117&0.0.3964804&0.0.3964808,0.0.4138717@1774359472.852746374
0.0.1180471,3.789370466467398,SUCCESS,0.0.731861,0.0.3951117,0.0.4138717@1774359471.347754820
0.0.8049278,0.3380988059027436,SUCCESS,0.0.731861,0.0.3951117,0.0.4138717@1774359469.408826748
0.0.10300906,1655.747103211875,SUCCESS,0.0.731861,0.0.3951117&0.0.3964790&0.0.3964804&0.0.3964827&0.0.3964860&0.0.4601632,0.0.4138717@1774359470.919675607
0.0.8087973,301.1893195215829,SUCCESS,0.0.731861,0.0.3951117&0.0.3964804,0.0.4138717@1774359473.011127312
0.0.8147681,34.80040490883708,SUCCESS,0.0.731861,0.0.3951117,0.0.4138717@1774359474.557935217
0.0.3047651,1.110446039339074,SUCCESS,0.0.731861,0.0.3951117,0.0.4138717@1774359471.509234341
0.0.1872630,7231.084048265925,SUCCESS,0.0.731861,0.0.3951117&0.0.3964804&0.0.3964860&0.0.4601632,0.0.4138717@1774359475.503113217
0.0.10301803,0.3010285321312663,SUCCESS,0.0.731861,0.0.3951117,0.0.4138717@1774359474.198671565
0.0.589629,0.008693562224796577,SUCCESS,0.0.731861,0.0.3951117,0.0.4138717@1774359476.879320480
0.0.7121240,1.240843503885037,SUCCESS,0.0.731861,0.0.3951117,0.0.4138717@1774359473.646186617
0.0.8013259,14033.42510762539,SUCCESS,0.0.731861,0.0.3951117,0.0.4138717@1774359474.527110476
0.0.10091051,86.7858321549105,SUCCESS,0.0.731861,0.0.3951117&0.0.5328590,0.0.4138717@1774359475.250637514
0.0.1097257,7251.825039832945,SUCCESS,0.0.731861,0.0.3951117&0.0.3964795&0.0.3964800&0.0.3964821&0.0.3964827&0.0.3964834&0.0.3964837&0.0.3964840&0.0.4601632&0.0.5328590&0.0.6071074,0.0.4138717@1774359479.115761575
0.0.3100704,5702.163349094523,SUCCESS,0.0.731861,0.0.3951117&0.0.3964795&0.0.3964804&0.0.3964860&0.0.4601632&0.0.5328590,0.0.4138717@1774359476.413417344
0.0.2960128,2827.886644129648,SUCCESS,0.0.731861,0.0.3951117&0.0.3964800&0.0.3964827&0.0.3964837&0.0.5328590,0.0.4138717@1774359475.551065517
0.0.831525,4.871779272140284,SUCCESS,0.0.731861,0.0.3951117,0.0.4138717@1774359477.728534820
0.0.6270084,292.3301958633389,SUCCESS,0.0.731861,0.0.3951117&0.0.3964804,0.0.4138717@1774359476.316017527
0.0.836838,461.6248470197141,SUCCESS,0.0.731861,0.0.3951117,0.0.4138717@1774359477.370021764
0.0.10247726,1.443191635074449,SUCCESS,0.0.731861,0.0.3951117,0.0.4138717@1774359479.228079693
0.0.8085300,0.4988707393380328,SUCCESS,0.0.731861,0.0.3951117&0.0.8315114,0.0.4138717@1774359479.442536101
0.0.10352676,3.964694136094601,SUCCESS,0.0.731861,0.0.3951117,0.0.4138717@1774359481.037932563
0.0.8373509,170.6892222129288,SUCCESS,0.0.731861,0.0.3951117&0.0.3961531&0.0.3964804&0.0.5328590&0.0.6071119,0.0.4138717@1774359482.824771840
0.0.5702270,212.3848992912678,SUCCESS,0.0.731861,0.0.3951117&0.0.4601632&0.0.5328590&0.0.6071119,0.0.4138717@1774359481.899378184
0.0.10182354,23.66338342567931,SUCCESS,0.0.731861,0.0.3951117&0.0.3964804,0.0.4138717@1774359479.933106555
0.0.9073081,0.1872894102556465,SUCCESS,0.0.731861,0.0.3951117,0.0.4138717@1774359481.628029541
0.0.4628762,131.8612781813372,SUCCESS,0.0.731861,0.0.3951117&0.0.3964804,0.0.4138717@1774359481.273618548
0.0.1691323,1005.386710318573,SUCCESS,0.0.731861,0.0.3951117&0.0.3964809,0.0.4138717@1774359481.383366288
0.0.3947779,2385.198766951543,SUCCESS,0.0.731861,0.0.3951117,0.0.4138717@1774359484.659567772
0.0.856667,71.5759543795915,SUCCESS,0.0.731861,0.0.3951117&0.0.3964804,0.0.4138717@1774359486.372137342
0.0.1991961,297.3012453225923,SUCCESS,0.0.731861,0.0.3951117&0.0.3964790&0.0.3964808&0.0.3964827&0.0.4601632&0.0.6071041,0.0.4138717@1774359485.116597150
0.0.8068689,290.8696145958399,SUCCESS,0.0.731861,0.0.3951117&0.0.3964804&0.0.3964827,0.0.4138717@1774359485.840248417
0.0.7889838,39.15514411272206,SUCCESS,0.0.731861,0.0.3951117,0.0.4138717@1774359485.362150242
0.0.832624,9.58590454280948,SUCCESS,0.0.731861,0.0.3951117&0.0.3961531&0.0.3964804&0.0.5328590&0.0.6071119,0.0.4138717@1774359487.021431132
0.0.1288450,1.818060228620404,SUCCESS,0.0.731861,0.0.3951117&0.0.3964790&0.0.5328590,0.0.4138717@1774359489.188358031
0.0.6258771,32.10227073302314,SUCCESS,0.0.731861,0.0.3951117,0.0.4138717@1774359490.477325823
0.0.1379217,40.04884088692801,NOT_ASSOCIATED,0.0.731861,0.0.3951117,
0.0.1724832,1.979769070141386,SUCCESS,0.0.731861,0.0.3951117,0.0.4138717@1774359490.263449880
0.0.8190429,10.92960077848385,SUCCESS,0.0.731861,0.0.3951117,0.0.4138717@1774359489.497083478
0.0.4912200,762.4310363630775,SUCCESS,0.0.731861,0.0.3951117,0.0.4138717@1774359493.969862888
0.0.4342759,208.4786202687708,SUCCESS,0.0.731861,0.0.3951117,0.0.4138717@1774359493.995040183
0.0.2125030,6558.176063824782,SUCCESS,0.0.731861,0.0.3951117&0.0.3961531&0.0.3964795&0.0.3964800&0.0.3964808&0.0.3964809&0.0.3964834&0.0.3964837&0.0.3964840,0.0.4138717@1774359496.666560721
0.0.2030667,10.53363933729614,SUCCESS,0.0.731861,0.0.3951117,0.0.4138717@1774359495.807327608
0.0.8616856,471.6216737667515,SUCCESS,0.0.731861,0.0.3951117&0.0.3961531&0.0.3964804&0.0.6071119,0.0.4138717@1774359498.963907242
0.0.2960169,7.040172381688413,SUCCESS,0.0.731861,0.0.3951117,0.0.4138717@1774359499.936246629
0.0.4339505,1073.479876013273,SUCCESS,0.0.731861,0.0.3951117&0.0.3964804&0.0.5328590,0.0.4138717@1774359502.263437390
0.0.3845966,5.895352238450307,SUCCESS,0.0.731861,0.0.3951117&0.0.3961531&0.0.3964790&0.0.3964804&0.0.3964827&0.0.6078459,0.0.4138717@1774359501.044906274
0.0.8531519,52.7997556103881,SUCCESS,0.0.731861,0.0.3951117,0.0.4138717@1774359499.357281409
0.0.2122027,36.85207307251264,SUCCESS,0.0.731861,0.0.3951117&0.0.3961531&0.0.3964804,0.0.4138717@1774359498.287312084
0.0.8673695,8.367144520397638,SUCCESS,0.0.731861,0.0.3951117&0.0.3961531&0.0.3964795&0.0.3964800&0.0.3964804&0.0.3964808&0.0.3964809&0.0.3964834&0.0.3964837&0.0.3964860&0.0.3964840&0.0.5328590&0.0.6078459,0.0.4138717@1774359503.056876062
0.0.832415,448.7740831866485,SUCCESS,0.0.731861,0.0.3951117,0.0.4138717@1774359499.292504470
0.0.4531253,7.798309058112719,SUCCESS,0.0.731861,0.0.3951117&0.0.3961531&0.0.3964804&0.0.3964855&0.0.4129330&0.0.8315114,0.0.4138717@1774359499.676358701
0.0.9104463,72.39261586730629,SUCCESS,0.0.731861,0.0.3951117&0.0.3964804&0.0.6071119,0.0.4138717@1774359503.793772046
0.0.1290358,5636.805360088528,SUCCESS,0.0.731861,0.0.3951117&0.0.3964834,0.0.4138717@1774359503.666716434
0.0.973828,28.36289504045309,SUCCESS,0.0.731861,0.0.3951117,0.0.4138717@1774359503.357898651
0.0.4551977,1.053315867177321,SUCCESS,0.0.731861,0.0.3951117,0.0.4138717@1774359506.630900371
0.0.4766933,195.5401756217617,SUCCESS,0.0.731861,0.0.3951117,0.0.4138717@1774359505.443492486
0.0.1110477,107.0556467711781,SUCCESS,0.0.731861,0.0.3951117,0.0.4138717@1774359505.244450765
0.0.1490591,152.4272317909186,SUCCESS,0.0.731861,0.0.3951117&0.0.3964790&0.0.3964804,0.0.4138717@1774359507.493552063
0.0.896788,3981.83513388588,SUCCESS,0.0.731861,0.0.3951117&0.0.4601632,0.0.4138717@1774359505.491813166
0.0.1023917,63.45868128704595,SUCCESS,0.0.731861,0.0.3951117&0.0.3964804&0.0.3964855&0.0.4601632&0.0.6071119,0.0.4138717@1774359505.560390307
0.0.1506598,14.8863708480522,SUCCESS,0.0.731861,0.0.3951117,0.0.4138717@1774359505.645527518
0.0.2116956,5.101405788500478,SUCCESS,0.0.731861,0.0.3951117&0.0.3961531&0.0.3964855,0.0.4138717@1774359508.495629266
0.0.4559340,1.276257177180405,SUCCESS,0.0.731861,0.0.3951117,0.0.4138717@1774359510.221318497
0.0.7798148,30.14873606230445,SUCCESS,0.0.731861,0.0.3951117,0.0.4138717@1774359509.870212527
0.0.7843482,11.95365208334139,SUCCESS,0.0.731861,0.0.3951117&0.0.3964804,0.0.4138717@1774359511.942730688
0.0.836096,29.49977869675272,SUCCESS,0.0.731861,0.0.3951117&0.0.3964804&0.0.5328590,0.0.4138717@1774359507.946212454
0.0.7788937,0.2660869990058234,SUCCESS,0.0.731861,0.0.3951117&0.0.10018365,0.0.4138717@1774359512.194569446
0.0.1896081,4.440693979791073,SUCCESS,0.0.731861,0.0.3951117&0.0.3964804,0.0.4138717@1774359512.498859785
0.0.7835270,62.54881721177532,SUCCESS,0.0.731861,0.0.3951117,0.0.4138717@1774359509.740530296
0.0.4503599,15.01787200699112,SUCCESS,0.0.731861,0.0.3951117,0.0.4138717@1774359512.173448693
0.0.1120388,42.41403956981272,SUCCESS,0.0.731861,0.0.3951117&0.0.3964804,0.0.4138717@1774359510.242868679
0.0.4347838,27.18768829304334,SUCCESS,0.0.731861,0.0.3951117,0.0.4138717@1774359512.983843467
0.0.1877739,2.930439000165908,SUCCESS,0.0.731861,0.0.3951117&0.0.3964827&0.0.4601632,0.0.4138717@1774359516.964620486
0.0.525256,127.9963174740609,SUCCESS,0.0.731861,0.0.3951117,0.0.4138717@1774359515.842431220
0.0.4864609,1.14201865215511,SUCCESS,0.0.731861,0.0.3951117,0.0.4138717@1774359516.261627122
0.0.598828,0.2452023422705281,SUCCESS,0.0.731861,0.0.3951117&0.0.3964804,0.0.4138717@1774359513.327199673
0.0.4302086,1.360686682410891,SUCCESS,0.0.731861,0.0.3951117,0.0.4138717@1774359514.499244916
0.0.7991960,33.38564989998105,SUCCESS,0.0.731861,0.0.3951117&0.0.3964804,0.0.4138717@1774359514.684481148
0.0.1601282,0.8448575392720219,SUCCESS,0.0.731861,0.0.3951117,0.0.4138717@1774359515.367052070
0.0.4575306,0.01995623308532129,SUCCESS,0.0.731861,0.0.3951117,0.0.4138717@1774359515.828441274
0.0.10064213,7.4328072846038,SUCCESS,0.0.731861,0.0.3951117&0.0.3964804,0.0.4138717@1774359518.721906236
0.0.6374996,151.8112583146409,SUCCESS,0.0.731861,0.0.3951117&0.0.3964827&0.0.5328590,0.0.4138717@1774359516.724074003
0.0.10088944,2.962794580291189,SUCCESS,0.0.731861,0.0.3951117,0.0.4138717@1774359521.602127688
0.0.5244199,70.52823550128886,SUCCESS,0.0.731861,0.0.3951117&0.0.3964790&0.0.3964827,0.0.4138717@1774359520.336597053
0.0.139500,134.9790732301839,SUCCESS,0.0.731861,0.0.3951117&0.0.3964790&0.0.3964860,0.0.4138717@1774359520.659899329
0.0.7920605,35.78194867161857,SUCCESS,0.0.731861,0.0.3951117&0.0.3961531&0.0.3964790&0.0.5328590,0.0.4138717@1774359521.032013836
0.0.1123753,24.77353264574852,SUCCESS,0.0.731861,0.0.3951117&0.0.3964804&0.0.4129330,0.0.4138717@1774359519.121395359
0.0.3525426,97.25197416710631,SUCCESS,0.0.731861,0.0.3951117&0.0.3964790&0.0.3964804&0.0.3964808&0.0.3964860&0.0.4601632&0.0.5328590,0.0.4138717@1774359521.178305568
0.0.10300628,2897.746920985598,NOT_ASSOCIATED,0.0.731861,0.0.3951117,
0.0.8485588,391.2916261892746,SUCCESS,0.0.731861,0.0.3951117,0.0.4138717@1774359521.197888544
0.0.4569835,0.03068063499553729,SUCCESS,0.0.731861,0.0.3951117,0.0.4138717@1774359521.031454654
0.0.490092,0.59862530256611,SUCCESS,0.0.731861,0.0.3951117,0.0.4138717@1774359521.393590917
0.0.516971,0.000001089933145255939,SUCCESS,0.0.731861,0.0.3951117&0.0.3964800&0.0.4129330,0.0.4138717@1774359521.656480630
0.0.4349716,102.9705502965402,SUCCESS,0.0.731861,0.0.3951117&0.0.3964790&0.0.3964804&0.0.3964827&0.0.5328590&0.0.6078473,0.0.4138717@1774359522.107008806
0.0.1508462,152.0892719177647,SUCCESS,0.0.731861,0.0.3951117,0.0.4138717@1774359524.456485636
0.0.3872466,0.5648786359778216,SUCCESS,0.0.731861,0.0.3951117,0.0.4138717@1774359522.785306764
0.0.4591423,1.674526864906313,SUCCESS,0.0.731861,0.0.3951117&0.0.3964855&0.0.4601632,0.0.4138717@1774359524.886437492
0.0.3925109,0.0002064645023965258,SUCCESS,0.0.731861,0.0.3951117,0.0.4138717@1774359524.996086570
0.0.4433722,0.3187093989511736,SUCCESS,0.0.731861,0.0.3951117,0.0.4138717@1774359526.619467779
0.0.1052080,24.20892251546777,SUCCESS,0.0.731861,0.0.3951117&0.0.3964804,0.0.4138717@1774359529.032774721
0.0.4331665,5.564408226232471,SUCCESS,0.0.731861,0.0.3951117,0.0.4138717@1774359524.682585246
0.0.4691881,3.023365886778191,SUCCESS,0.0.731861,0.0.3951117,0.0.4138717@1774359528.656213915
0.0.1512938,0.003355988626844683,SUCCESS,0.0.731861,0.0.3951117,0.0.4138717@1774359530.304524184
0.0.4339712,1.592225567273297,SUCCESS,0.0.731861,0.0.3951117,0.0.4138717@1774359530.039915059
0.0.1784251,5.450818084027622,SUCCESS,0.0.731861,0.0.3951117&0.0.3964804&0.0.3964837&0.0.4601632&0.0.5328590,0.0.4138717@1774359529.326263658
0.0.4754443,9.2922221487197,SUCCESS,0.0.731861,0.0.3951117&0.0.3964790&0.0.3964804,0.0.4138717@1774359529.755160378
0.0.4351536,11.18116767053158,SUCCESS,0.0.731861,0.0.3951117,0.0.4138717@1774359528.816120508
0.0.9150357,43.29210112577136,NOT_ASSOCIATED,0.0.731861,0.0.3951117,
0.0.860438,9.75327643259266,SUCCESS,0.0.731861,0.0.3951117&0.0.3964804&0.0.6071119,0.0.4138717@1774359529.942599638
0.0.7526203,12.55918436573655,SUCCESS,0.0.731861,0.0.3951117&0.0.3964804,0.0.4138717@1774359533.209648396
0.0.8899262,27.55624620090738,SUCCESS,0.0.731861,0.0.3951117,0.0.4138717@1774359529.528562071
0.0.3310398,1.653724596878805,SUCCESS,0.0.731861,0.0.3951117&0.0.3964804,0.0.4138717@1774359529.626993139
0.0.9120392,5.28835125907276,SUCCESS,0.0.731861,0.0.3951117&0.0.3964804&0.0.8315114,0.0.4138717@1774359530.835478990
0.0.9195929,369.3205053227894,SUCCESS,0.0.731861,0.0.3951117&0.0.3964804&0.0.5328590&0.0.8315114,0.0.4138717@1774359531.475070326
0.0.7891604,87.50357289047047,SUCCESS,0.0.731861,0.0.3951117,0.0.4138717@1774359536.157657696
0.0.9200436,108.001780197488,SUCCESS,0.0.731861,0.0.3951117&0.0.3961531&0.0.3964808,0.0.4138717@1774359531.850898055
0.0.6872459,2810.972451870556,SUCCESS,0.0.731861,0.0.3951117,0.0.4138717@1774359537.652217330
0.0.9301583,291.2981475851884,SUCCESS,0.0.731861,0.0.3951117,0.0.4138717@1774359537.230836657
0.0.2183535,176.4541981998706,SUCCESS,0.0.731861,0.0.3951117&0.0.4601632&0.0.5328590&0.0.6071119&0.0.8315114,0.0.4138717@1774359535.443913939
0.0.837404,1749.905253848094,SUCCESS,0.0.731861,0.0.3951117&0.0.3964790&0.0.3964837&0.0.5328590&0.0.6071119,0.0.4138717@1774359537.211547535
0.0.731977,682.5113613660461,SUCCESS,0.0.731861,0.0.3951117&0.0.4601632,0.0.4138717@1774359538.787989471
0.0.844585,91.4983031139786,SUCCESS,0.0.731861,0.0.3951117&0.0.3964804,0.0.4138717@1774359537.894973695
0.0.9318600,1190.287223408161,SUCCESS,0.0.731861,0.0.3951117,0.0.4138717@1774359536.524871304
0.0.9154738,14.2757577218504,SUCCESS,0.0.731861,0.0.3951117&0.0.3964804&0.0.3964827,0.0.4138717@1774359537.244316066
0.0.2994397,14.76284509172884,SUCCESS,0.0.731861,0.0.3951117,0.0.4138717@1774359538.566889926
0.0.9619890,131.2386703468412,SUCCESS,0.0.731861,0.0.3951117&0.0.3964804&0.0.3964808&0.0.3964809&0.0.3964834&0.0.3964840&0.0.6071119&0.0.8315114,0.0.4138717@1774359539.532247381
0.0.9597272,10.2415444933373,SUCCESS,0.0.731861,0.0.3951117,0.0.4138717@1774359539.176756347
0.0.7680254,19.3000883885442,SUCCESS,0.0.731861,0.0.3951117&0.0.3961531&0.0.3964804,0.0.4138717@1774359542.286664192
0.0.52231,43.92940073920805,SUCCESS,0.0.731861,0.0.3951117,0.0.4138717@1774359540.358284819
0.0.4570908,382.462152296992,SUCCESS,0.0.731861,0.0.3951117&0.0.5328590,0.0.4138717@1774359541.184105037
0.0.835242,0.104101582322256,SUCCESS,0.0.731861,0.0.3951117,0.0.4138717@1774359544.245059731
0.0.8341357,2.558146212839534,SUCCESS,0.0.731861,0.0.3951117&0.0.3964804,0.0.4138717@1774359542.552741605
0.0.4938729,17.55172906337926,SUCCESS,0.0.731861,0.0.3951117,0.0.4138717@1774359542.927922808
0.0.5117832,709.5045586156291,SUCCESS,0.0.731861,0.0.3951117&0.0.3964804,0.0.4138717@1774359544.018480058
0.0.1711779,0.2237672777074776,SUCCESS,0.0.731861,0.0.3951117,0.0.4138717@1774359545.444622597
0.0.853268,540.6761958384243,SUCCESS,0.0.731861,0.0.3951117,0.0.4138717@1774359543.185032269
0.0.662296,576.1221127805461,SUCCESS,0.0.731861,0.0.3951117,0.0.4138717@1774359546.119469729
0.0.3829916,292.6198115733024,SUCCESS,0.0.731861,0.0.3951117,0.0.4138717@1774359545.902179206
0.0.4354394,163.4655636359287,SUCCESS,0.0.731861,0.0.3951117&0.0.3964790,0.0.4138717@1774359547.868311246
0.0.1322785,335.1073614157535,SUCCESS,0.0.731861,0.0.3951117,0.0.4138717@1774359547.838478420
0.0.5716339,0.01737586619733994,SUCCESS,0.0.731861,0.0.3951117,0.0.4138717@1774359548.341483990
0.0.4709377,148.4333085140001,SUCCESS,0.0.731861,0.0.3951117,0.0.4138717@1774359550.988855598
0.0.4695027,4.213758523028323,SUCCESS,0.0.731861,0.0.3951117,0.0.4138717@1774359550.614161100
0.0.4340758,7.266793924958341,SUCCESS,0.0.731861,0.0.3951117&0.0.3964804,0.0.4138717@1774359551.102442178
0.0.4817549,14.18929006120478,SUCCESS,0.0.731861,0.0.3951117&0.0.3964804,0.0.4138717@1774359548.687529257
0.0.5281334,2.251606241829716,SUCCESS,0.0.731861,0.0.3951117,0.0.4138717@1774359551.326539317
0.0.3868695,80.98193060778544,SUCCESS,0.0.731861,0.0.3951117&0.0.5328590,0.0.4138717@1774359549.434985551
0.0.4322002,5.068572786489788,SUCCESS,0.0.731861,0.0.3951117,0.0.4138717@1774359552.227917689
0.0.4968045,32.96586120291391,SUCCESS,0.0.731861,0.0.3951117,0.0.4138717@1774359549.508694098
0.0.4349304,3.504648651713744,SUCCESS,0.0.731861,0.0.3951117&0.0.3964790&0.0.5328590,0.0.4138717@1774359552.839779076
0.0.2930231,3.977842976347274,SUCCESS,0.0.731861,0.0.3951117&0.0.3964804,0.0.4138717@1774359550.251542135
0.0.4558891,46.5678060311033,SUCCESS,0.0.731861,0.0.3951117,0.0.4138717@1774359552.750120515
0.0.4352091,10.71223367811128,SUCCESS,0.0.731861,0.0.3951117&0.0.5328590,0.0.4138717@1774359555.736597427
0.0.5976303,5.088470006716697,SUCCESS,0.0.731861,0.0.3951117&0.0.3964804,0.0.4138717@1774359553.524583893
0.0.1735540,21.64046443474672,SUCCESS,0.0.731861,0.0.3951117&0.0.5328590,0.0.4138717@1774359555.313637961
0.0.4318411,63.73154457766247,SUCCESS,0.0.731861,0.0.3951117,0.0.4138717@1774359557.757508025
0.0.3681428,2648.94975055538,SUCCESS,0.0.731861,0.0.3951117&0.0.3964795&0.0.3964800&0.0.3964804&0.0.3964834&0.0.3964837&0.0.3964840,0.0.4138717@1774359556.150833716
0.0.1910285,2.050944848556295,SUCCESS,0.0.731861,0.0.3951117,0.0.4138717@1774359554.463517281
0.0.4324463,1.463766988446283,SUCCESS,0.0.731861,0.0.3951117&0.0.3964790,0.0.4138717@1774359555.371571606
0.0.1338331,0.3725808622302101,SUCCESS,0.0.731861,0.0.3951117,0.0.4138717@1774359555.829733829
0.0.4322065,17.08320458644053,SUCCESS,0.0.731861,0.0.3951117,0.0.4138717@1774359558.548448133
0.0.4370057,1.120785744563704,SUCCESS,0.0.731861,0.0.3951117,0.0.4138717@1774359560.012964242
0.0.104926,0.06612433177602303,SUCCESS,0.0.731861,0.0.3951117,0.0.4138717@1774359560.026722718
0.0.4348824,0.294948307256629,SUCCESS,0.0.731861,0.0.3951117,0.0.4138717@1774359559.835126746
0.0.1506629,1.382907220191546,SUCCESS,0.0.731861,0.0.3951117,0.0.4138717@1774359561.705585449
0.0.795933,22.29285264646924,SUCCESS,0.0.731861,0.0.3951117,0.0.4138717@1774359559.420820515
0.0.4324445,6.900959998811109,SUCCESS,0.0.731861,0.0.3951117&0.0.3964804&0.0.3964809&0.0.3964855,0.0.4138717@1774359561.067759741
0.0.4321631,473.5202068772755,SUCCESS,0.0.731861,0.0.3951117&0.0.3964795&0.0.3964800&0.0.3964804&0.0.3964808&0.0.4601632&0.0.5328590,0.0.4138717@1774359562.468601195
0.0.4582751,2.265571848697065,SUCCESS,0.0.731861,0.0.3951117,0.0.4138717@1774359562.506537095
0.0.4606843,0.9565603632428907,SUCCESS,0.0.731861,0.0.3951117&0.0.3964827&0.0.4129330&0.0.4601632&0.0.6078459,0.0.4138717@1774359560.902802435
0.0.4329852,363.8548896793397,SUCCESS,0.0.731861,0.0.3951117&0.0.3964804&0.0.3964827&0.0.3964855&0.0.4601632&0.0.5328590,0.0.4138717@1774359563.069924201
0.0.1266990,0.9548774525113802,SUCCESS,0.0.731861,0.0.3951117,0.0.4138717@1774359562.767846856
0.0.5118190,12.03051717339687,SUCCESS,0.0.731861,0.0.3951117&0.0.3964795&0.0.3964804&0.0.3964808&0.0.3964827&0.0.3964860,0.0.4138717@1774359563.420378256
0.0.841339,38.72918551431263,SUCCESS,0.0.731861,0.0.3951117&0.0.3964834,0.0.4138717@1774359562.914042701
0.0.5202236,7.01531003481785,SUCCESS,0.0.731861,0.0.3951117,0.0.4138717@1774359562.209476685
0.0.4590627,11.22739185797359,SUCCESS,0.0.731861,0.0.3951117,0.0.4138717@1774359565.572196460
0.0.4323088,108.3333437790327,SUCCESS,0.0.731861,0.0.3951117&0.0.3964804&0.0.3964855,0.0.4138717@1774359563.971280335
0.0.4335807,628.0798135121493,SUCCESS,0.0.731861,0.0.3951117&0.0.3961531&0.0.3964790&0.0.3964827&0.0.3964855&0.0.4129330&0.0.4601632&0.0.5328590,0.0.4138717@1774359565.538283613
0.0.4986167,2.255515338285838,SUCCESS,0.0.731861,0.0.3951117,0.0.4138717@1774359565.752715941
0.0.7262531,0.2072494748886739,SUCCESS,0.0.731861,0.0.3951117&0.0.3964804,0.0.4138717@1774359566.482821677
0.0.1438402,1.738015484583217,SUCCESS,0.0.731861,0.0.3951117,0.0.4138717@1774359567.283541250
0.0.6289117,112.1887412883874,SUCCESS,0.0.731861,0.0.3951117&0.0.3964804&0.0.4601632&0.0.6071041,0.0.4138717@1774359565.299146879
0.0.854331,0.458511339025683,SUCCESS,0.0.731861,0.0.3951117,0.0.4138717@1774359567.745333350
0.0.874760,723.7253671861804,SUCCESS,0.0.731861,0.0.3951117&0.0.3964804&0.0.6078459,0.0.4138717@1774359567.775298201
0.0.4329215,0.7507381591032878,SUCCESS,0.0.731861,0.0.3951117&0.0.3961531&0.0.3964804,0.0.4138717@1774359565.423731589
0.0.4345324,1.319734271317811,SUCCESS,0.0.731861,0.0.3951117,0.0.4138717@1774359567.069002160
0.0.639876,0.6889648895473968,SUCCESS,0.0.731861,0.0.3951117,0.0.4138717@1774359566.900710546
0.0.6026305,2.306456498202289,SUCCESS,0.0.731861,0.0.3951117,0.0.4138717@1774359567.655922020
0.0.4205604,11.90866646531882,SUCCESS,0.0.731861,0.0.3951117,0.0.4138717@1774359567.935007830
0.0.6781119,1099.709618465052,SUCCESS,0.0.731861,0.0.3951117&0.0.3964795&0.0.3964800&0.0.3964804&0.0.3964808&0.0.3964809&0.0.3964821&0.0.3964827&0.0.3964834&0.0.3964860&0.0.3964840&0.0.5328590&0.0.6071119&0.0.8315114&0.0.10018365,0.0.4138717@1774359568.451103546
0.0.6313910,1304.284607839642,SUCCESS,0.0.731861,0.0.3951117&0.0.3964804,0.0.4138717@1774359572.578061752
0.0.1261552,3.313846073636437,SUCCESS,0.0.731861,0.0.3951117&0.0.3961531&0.0.3964790&0.0.3964804&0.0.3964860&0.0.4129330&0.0.6071119,0.0.4138717@1774359570.444938920
0.0.2174139,2.845226395122061,SUCCESS,0.0.731861,0.0.3951117&0.0.3964804,0.0.4138717@1774359572.234527286
0.0.7138336,0.1732585756714749,SUCCESS,0.0.731861,0.0.3951117&0.0.3961531,0.0.4138717@1774359571.510248745
0.0.1412849,0.00007148089641473491,SUCCESS,0.0.731861,0.0.3951117,0.0.4138717@1774359572.521110058
0.0.1340928,904.5434259272538,SUCCESS,0.0.731861,0.0.3951117&0.0.3964837,0.0.4138717@1774359575.324151729
0.0.7479340,10.31800074399788,SUCCESS,0.0.731861,0.0.3951117&0.0.3964804,0.0.4138717@1774359573.888753971
0.0.2020001,8.400199820076423,SUCCESS,0.0.731861,0.0.3951117,0.0.4138717@1774359577.349675279
0.0.5078033,22.04507452183953,SUCCESS,0.0.731861,0.0.3951117&0.0.4601632,0.0.4138717@1774359576.222691893
0.0.4229805,6.09585356611186,SUCCESS,0.0.731861,0.0.3951117,0.0.4138717@1774359577.813719175
0.0.819461,1.713692644993156,SUCCESS,0.0.731861,0.0.3951117,0.0.4138717@1774359577.260086789
0.0.925802,26.52604271433845,SUCCESS,0.0.731861,0.0.3951117,0.0.4138717@1774359577.540519864
0.0.1726157,44.66265797169493,SUCCESS,0.0.731861,0.0.3951117&0.0.3964804,0.0.4138717@1774359580.349567728
0.0.4758169,6.344706799230684,SUCCESS,0.0.731861,0.0.3951117,0.0.4138717@1774359577.997666335
0.0.4350041,3.175872234734044,SUCCESS,0.0.731861,0.0.3951117,0.0.4138717@1774359577.131632494
0.0.5975196,3.583310682857871,SUCCESS,0.0.731861,0.0.3951117&0.0.4601632,0.0.4138717@1774359579.181393294
0.0.3969243,0.4198012025555626,SUCCESS,0.0.731861,0.0.3951117&0.0.4129330,0.0.4138717@1774359577.678597523
0.0.4732964,1.441966754034959,SUCCESS,0.0.731861,0.0.3951117,0.0.4138717@1774359578.421959141
0.0.1075892,18.27404759530468,SUCCESS,0.0.731861,0.0.3951117,0.0.4138717@1774359580.679827611
0.0.4432149,3.617349527003691,SUCCESS,0.0.731861,0.0.3951117,0.0.4138717@1774359580.766893355
0.0.1412123,4.012499828952303,NOT_ASSOCIATED,0.0.731861,0.0.3951117&0.0.3964804,
0.0.1409958,1.445244590680718,SUCCESS,0.0.731861,0.0.3951117,0.0.4138717@1774359584.054392857
0.0.4184733,1156.024566711647,SUCCESS,0.0.731861,0.0.3951117,0.0.4138717@1774359583.394503752
0.0.508876,27.01654350665335,SUCCESS,0.0.731861,0.0.3951117,0.0.4138717@1774359582.128143648
0.0.4775299,10.65109755096583,SUCCESS,0.0.731861,0.0.3951117,0.0.4138717@1774359587.545660561
0.0.4346579,0.03082485811070836,SUCCESS,0.0.731861,0.0.3951117,0.0.4138717@1774359587.987802003
0.0.657648,658.3765070065596,SUCCESS,0.0.731861,0.0.3951117&0.0.3961531&0.0.3964790,0.0.4138717@1774359588.140249910
0.0.3071320,328.7642403645554,SUCCESS,0.0.731861,0.0.3951117,0.0.4138717@1774359585.116703321
0.0.1414140,116797.6000467217,SUCCESS,0.0.731861,0.0.3951117,0.0.4138717@1774359584.605326171
0.0.4330219,2.147685020958516,SUCCESS,0.0.731861,0.0.3951117&0.0.3964790,0.0.4138717@1774359589.799591944
0.0.2968839,130.1536475360499,SUCCESS,0.0.731861,0.0.3951117&0.0.3964804&0.0.4601632,0.0.4138717@1774359588.165931034
0.0.4923080,1.688773465022927,SUCCESS,0.0.731861,0.0.3951117,0.0.4138717@1774359588.998788308
0.0.3242760,250.7609092710576,SUCCESS,0.0.731861,0.0.3951117&0.0.3961531&0.0.3964804,0.0.4138717@1774359591.538422495
0.0.5797983,1.497713616508516,SUCCESS,0.0.731861,0.0.3951117&0.0.3961531&0.0.3964804,0.0.4138717@1774359588.852404981
0.0.850535,714.1846544635638,SUCCESS,0.0.731861,0.0.3951117&0.0.3964834&0.0.4129330&0.0.4601632&0.0.5328590,0.0.4138717@1774359592.601352753
0.0.1453803,83.27070279187082,SUCCESS,0.0.731861,0.0.3951117&0.0.4601632&0.0.5328590&0.0.6071119,0.0.4138717@1774359591.349493132
0.0.700741,7.661983260758277,SUCCESS,0.0.731861,0.0.3951117,0.0.4138717@1774359590.858646319
0.0.6244791,12.76482639531619,SUCCESS,0.0.731861,0.0.3951117,0.0.4138717@1774359594.349754018
0.0.4333286,3.593917183652565,SUCCESS,0.0.731861,0.0.3951117&0.0.3964827&0.0.3964860,0.0.4138717@1774359592.824664811
0.0.9344085,37.93478546065146,SUCCESS,0.0.731861,0.0.3951117&0.0.3964827&0.0.5328590,0.0.4138717@1774359592.545355418
0.0.10021410,0.1837936946832419,SUCCESS,0.0.731861,0.0.3951117,0.0.4138717@1774359594.635401695
0.0.7129552,247.0663140838348,SUCCESS,0.0.731861,0.0.3951117&0.0.3964827&0.0.6071119,0.0.4138717@1774359592.709197441
0.0.1157855,3.237134644486516,SUCCESS,0.0.731861,0.0.3951117,0.0.4138717@1774359595.987048889
0.0.10031118,296.6409977177685,SUCCESS,0.0.731861,0.0.3951117,0.0.4138717@1774359594.516659095
0.0.10031117,253.1421545868152,SUCCESS,0.0.731861,0.0.3951117,0.0.4138717@1774359595.973088916
0.0.1023730,10.63460589377431,SUCCESS,0.0.731861,0.0.3951117,0.0.4138717@1774359598.251068615
0.0.187153,563.3539543513151,SUCCESS,0.0.731861,0.0.3951117&0.0.3964804,0.0.4138717@1774359597.480171368
0.0.9723151,0.07678664326496906,SUCCESS,0.0.731861,0.0.3951117&0.0.3964795,0.0.4138717@1774359594.997289824
0.0.9958383,0.2366322473486528,SUCCESS,0.0.731861,0.0.3951117,0.0.4138717@1774359598.338118911
0.0.696790,36.65471639948009,SUCCESS,0.0.731861,0.0.3951117&0.0.3964804,0.0.4138717@1774359598.970271406
0.0.4570964,38.04590085077399,SUCCESS,0.0.731861,0.0.3951117,0.0.4138717@1774359599.430661368
0.0.1462225,6303.657124142794,SUCCESS,0.0.731861,0.0.3951117&0.0.5328590,0.0.4138717@1774359598.313984794
0.0.4329703,3.602442121845648,SUCCESS,0.0.731861,0.0.3951117,0.0.4138717@1774359600.335043433
0.0.9755401,7.759110821893632,SUCCESS,0.0.731861,0.0.3951117&0.0.4601632,0.0.4138717@1774359600.232162615
0.0.1022050,80.96237173448992,SUCCESS,0.0.731861,0.0.3951117,0.0.4138717@1774359600.050975609
0.0.10076247,0.7459283906513532,SUCCESS,0.0.731861,0.0.3951117,0.0.4138717@1774359600.512425172
0.0.9626972,2.021898444759871,SUCCESS,0.0.731861,0.0.3951117,0.0.4138717@1774359599.020101523
0.0.6198709,26.95438889044462,SUCCESS,0.0.731861,0.0.3951117,0.0.4138717@1774359601.958051538
0.0.1904506,0.002830590719272286,SUCCESS,0.0.731861,0.0.3951117,0.0.4138717@1774359599.547650210
0.0.7542917,0.760278623975273,SUCCESS,0.0.731861,0.0.3951117,0.0.4138717@1774359599.901849491
0.0.834820,152.718271825564,SUCCESS,0.0.731861,0.0.3951117&0.0.3964804,0.0.4138717@1774359602.885444592
0.0.1458130,0.195580151344747,SUCCESS,0.0.731861,0.0.3951117,0.0.4138717@1774359605.395351128
0.0.1115297,4.040884222150317,SUCCESS,0.0.731861,0.0.3951117,0.0.4138717@1774359603.099935468
0.0.1890696,0.01404733617296787,SUCCESS,0.0.731861,0.0.3951117,0.0.4138717@1774359602.523127104
0.0.8585089,418.2404372012014,SUCCESS,0.0.731861,0.0.3951117,0.0.4138717@1774359605.730981063
0.0.5156210,0.03908389946872656,SUCCESS,0.0.731861,0.0.3951117&0.0.3964804,0.0.4138717@1774359604.492991653
0.0.650437,4.92451515259496,SUCCESS,0.0.731861,0.0.3951117&0.0.3961531&0.0.5328590,0.0.4138717@1774359605.340811675
0.0.1110198,59.38905082547989,SUCCESS,0.0.731861,0.0.3951117,0.0.4138717@1774359607.735958369
0.0.231224,4663.692342290018,SUCCESS,0.0.731861,0.0.3951117,0.0.4138717@1774359606.130084732
0.0.9299646,18.3641468887009,SUCCESS,0.0.731861,0.0.3951117,0.0.4138717@1774359607.650490982
0.0.1341996,4.938845733853035,SUCCESS,0.0.731861,0.0.3951117,0.0.4138717@1774359609.625788906
0.0.1464418,29.64404866687159,SUCCESS,0.0.731861,0.0.3951117,0.0.4138717@1774359607.060611448
0.0.7555632,0.3598036612889785,SUCCESS,0.0.731861,0.0.3951117,0.0.4138717@1774359608.078885957
0.0.834595,16.5188436470162,SUCCESS,0.0.731861,0.0.3951117&0.0.3964804&0.0.5328590,0.0.4138717@1774359608.091513060
0.0.7989790,0.1492513063652886,SUCCESS,0.0.731861,0.0.3951117,0.0.4138717@1774359610.418643431
0.0.3706536,0.04133373268392045,SUCCESS,0.0.731861,0.0.3951117,0.0.4138717@1774359610.066802760
0.0.7726808,6.338147550295101,SUCCESS,0.0.731861,0.0.3951117,0.0.4138717@1774359608.272083953
0.0.1339713,2.895159122658432,SUCCESS,0.0.731861,0.0.3951117&0.0.5328590,0.0.4138717@1774359610.379896308
0.0.2773436,870.7237936900779,SUCCESS,0.0.731861,0.0.3951117&0.0.3964804&0.0.5328590,0.0.4138717@1774359611.509716668
0.0.1123889,8.252751565033732,SUCCESS,0.0.731861,0.0.3951117&0.0.3964804,0.0.4138717@1774359612.599060633
0.0.5688804,11.85372764357344,SUCCESS,0.0.731861,0.0.3951117&0.0.3964827,0.0.4138717@1774359609.839561676
0.0.8068996,0.9116758307739012,SUCCESS,0.0.731861,0.0.3951117&0.0.3964790&0.0.3964804&0.0.3964827&0.0.5328590,0.0.4138717@1774359613.193328125
0.0.5060163,1.632137598839375,SUCCESS,0.0.731861,0.0.3951117,0.0.4138717@1774359615.180379474
0.0.8071373,5.454559126980208,SUCCESS,0.0.731861,0.0.3951117,0.0.4138717@1774359611.969244421
0.0.4432398,1.744912237856905,SUCCESS,0.0.731861,0.0.3951117,0.0.4138717@1774359614.444840021
0.0.819005,45.87426938669027,SUCCESS,0.0.731861,0.0.3951117&0.0.5328590,0.0.4138717@1774359615.697500417
0.0.7490874,5.504637919824582,SUCCESS,0.0.731861,0.0.3951117&0.0.3964804,0.0.4138717@1774359615.078170130
0.0.10230141,44.9362248031789,SUCCESS,0.0.731861,0.0.3951117&0.0.5328590,0.0.4138717@1774359617.030949412
0.0.5126364,75.47725920629328,SUCCESS,0.0.731861,0.0.3951117,0.0.4138717@1774359616.014525539
0.0.4343858,32.17604537060586,SUCCESS,0.0.731861,0.0.3951117&0.0.5328590,0.0.4138717@1774359615.466425340
0.0.7786995,57.8523569437995,SUCCESS,0.0.731861,0.0.3951117,0.0.4138717@1774359617.417897802
0.0.10169145,0.4398911345460296,SUCCESS,0.0.731861,0.0.3951117,0.0.4138717@1774359617.786035945
0.0.10122546,0.04563086200822459,SUCCESS,0.0.731861,0.0.3951117,0.0.4138717@1774359618.442082049
0.0.7287636,32.53187427679054,SUCCESS,0.0.731861,0.0.3951117&0.0.3961531&0.0.3964804&0.0.4601632&0.0.8315114&0.0.10093026,0.0.4138717@1774359616.761416355
0.0.1274087,10544.87934987065,SUCCESS,0.0.731861,0.0.3951117,0.0.4138717@1774359619.163537270
0.0.9302147,63.09365376611572,SUCCESS,0.0.731861,0.0.3951117&0.0.5328590,0.0.4138717@1774359620.218957360
0.0.735239,0.0003716547408721848,SUCCESS,0.0.731861,0.0.3951117,0.0.4138717@1774359618.661187110
0.0.10076636,6.998548850407785,SUCCESS,0.0.731861,0.0.3951117,0.0.4138717@1774359620.151409359
0.0.1340164,518.8729383649019,SUCCESS,0.0.731861,0.0.3951117&0.0.3964834,0.0.4138717@1774359619.022007393
0.0.1380352,7.048115451197728,SUCCESS,0.0.731861,0.0.3951117,0.0.4138717@1774359620.830935946
0.0.7810768,3.32302732050522,SUCCESS,0.0.731861,0.0.3951117&0.0.3964827,0.0.4138717@1774359619.759054663
0.0.1758196,3.242864546871266,SUCCESS,0.0.731861,0.0.3951117,0.0.4138717@1774359623.832247360
0.0.4331763,773.0657195942077,SUCCESS,0.0.731861,0.0.3951117,0.0.4138717@1774359624.911771398
0.0.850481,357.8760795927524,SUCCESS,0.0.731861,0.0.3951117,0.0.4138717@1774359620.953163995
0.0.8638339,0.02131991336171762,SUCCESS,0.0.731861,0.0.3951117,0.0.4138717@1774359623.452985347
0.0.8383256,0.1668252593579862,SUCCESS,0.0.731861,0.0.3951117&0.0.3964804,0.0.4138717@1774359621.708337923
0.0.9273872,0.06127712120399882,SUCCESS,0.0.731861,0.0.3951117,0.0.4138717@1774359623.201250704
0.0.4430933,190.9707145291217,SUCCESS,0.0.731861,0.0.3951117&0.0.3964827,0.0.4138717@1774359624.221351549
0.0.4338219,30.49759779983178,SUCCESS,0.0.731861,0.0.3951117,0.0.4138717@1774359626.517762261
0.0.8546442,55.31204680450816,SUCCESS,0.0.731861,0.0.3951117&0.0.6071119,0.0.4138717@1774359626.208872373
0.0.834443,544.0713233422107,SUCCESS,0.0.731861,0.0.3951117,0.0.4138717@1774359626.623501092
0.0.1120575,2968.564067033405,SUCCESS,0.0.731861,0.0.3951117&0.0.3964804&0.0.3964837,0.0.4138717@1774359628.356895676
0.0.8684349,3115.093207471607,SUCCESS,0.0.731861,0.0.3951117&0.0.3964860,0.0.4138717@1774359628.198232126
0.0.1515633,14.20756782925421,SUCCESS,0.0.731861,0.0.3951117,0.0.4138717@1774359628.942560565
0.0.1368197,10.64893145086422,SUCCESS,0.0.731861,0.0.3951117&0.0.3964804,0.0.4138717@1774359627.876406751
0.0.3567813,835.2336340342669,SUCCESS,0.0.731861,0.0.3951117,0.0.4138717@1774359628.700529751
0.0.4858736,0.2017563369574278,SUCCESS,0.0.731861,0.0.3951117,0.0.4138717@1774359628.444423770
0.0.4792831,0.01536949352852689,SUCCESS,0.0.731861,0.0.3951117,0.0.4138717@1774359631.466644827
0.0.9202687,275.2892745569321,SUCCESS,0.0.731861,0.0.3951117,0.0.4138717@1774359632.115551989
0.0.1707146,4.767726612683478,SUCCESS,0.0.731861,0.0.3951117,0.0.4138717@1774359630.549304332
0.0.8054459,3.666816399240786,SUCCESS,0.0.731861,0.0.3951117&0.0.3964790&0.0.3964804,0.0.4138717@1774359633.441264947
0.0.8419510,1.36985082536485,SUCCESS,0.0.731861,0.0.3951117,0.0.4138717@1774359631.550634720
0.0.9112426,5.905263172150164,SUCCESS,0.0.731861,0.0.3951117&0.0.3964795&0.0.3964804&0.0.3964860,0.0.4138717@1774359634.287413034
0.0.9099631,2.955068532421442,SUCCESS,0.0.731861,0.0.3951117,0.0.4138717@1774359634.744729846
0.0.664329,23.17276553697162,SUCCESS,0.0.731861,0.0.3951117&0.0.6071119&0.0.6126395,0.0.4138717@1774359634.671523798
0.0.8490555,7.578522028293749,SUCCESS,0.0.731861,0.0.3951117,0.0.4138717@1774359632.766240858
0.0.9359586,0.2081174201004715,SUCCESS,0.0.731861,0.0.3951117,0.0.4138717@1774359634.752379321
0.0.8260017,0.7191125908601232,SUCCESS,0.0.731861,0.0.3951117&0.0.3964804,0.0.4138717@1774359636.696394307
0.0.8212757,8.985621830713985,SUCCESS,0.0.731861,0.0.3951117,0.0.4138717@1774359636.797319071
0.0.942605,3.747101143656491,SUCCESS,0.0.731861,0.0.3951117,0.0.4138717@1774359634.184034836
0.0.4745055,0.02912528564331874,SUCCESS,0.0.731861,0.0.3951117,0.0.4138717@1774359637.036503905
0.0.832852,154.0805021437019,SUCCESS,0.0.731861,0.0.3951117,0.0.4138717@1774359637.686836521
0.0.2137668,157.3008110185666,SUCCESS,0.0.731861,0.0.3951117&0.0.3964804,0.0.4138717@1774359638.185414559
0.0.5028724,0.02656762435500881,SUCCESS,0.0.731861,0.0.3951117,0.0.4138717@1774359636.938966364
0.0.1281501,279.845809807202,SUCCESS,0.0.731861,0.0.3951117&0.0.5328590,0.0.4138717@1774359635.881539773
0.0.4383878,2.555372757586173,SUCCESS,0.0.731861,0.0.3951117&0.0.6078459,0.0.4138717@1774359640.605299876
0.0.4555391,7.124188709943088,SUCCESS,0.0.731861,0.0.3951117,0.0.4138717@1774359638.263248447
0.0.8382774,0.7920804915536277,SUCCESS,0.0.731861,0.0.3951117&0.0.3964804&0.0.6071119,0.0.4138717@1774359639.028439199
0.0.3943340,0.4987617415643024,SUCCESS,0.0.731861,0.0.3951117,0.0.4138717@1774359638.355849434
0.0.9404406,0.1631714349156466,SUCCESS,0.0.731861,0.0.3951117,0.0.4138717@1774359642.197221532
0.0.5352069,10.22198595181398,SUCCESS,0.0.731861,0.0.3951117&0.0.6071119,0.0.4138717@1774359639.635146845
0.0.4362462,3.552732321942232,NOT_ASSOCIATED,0.0.731861,0.0.3961531,
0.0.10223842,2.163243852449358,SUCCESS,0.0.731861,0.0.3961531,0.0.4138717@1774359640.924457557
0.0.5435669,0.859652829968916,SUCCESS,0.0.731861,0.0.3961531,0.0.4138717@1774359641.504170279
0.0.9183843,3.085130346888953,NOT_ASSOCIATED,0.0.731861,0.0.3961531,
0.0.836858,247.6813060578754,SUCCESS,0.0.731861,0.0.3961531,0.0.4138717@1774359643.741658554
0.0.10124208,0.02094239013709561,SUCCESS,0.0.731861,0.0.3961531,0.0.4138717@1774359642.822943105
0.0.7571792,0.01168489335554168,SUCCESS,0.0.731861,0.0.3961531,0.0.4138717@1774359645.594068910
0.0.842210,35.16966234756342,SUCCESS,0.0.731861,0.0.3961531&0.0.3964804,0.0.4138717@1774359645.779582962
0.0.646656,0.6222855525991415,SUCCESS,0.0.731861,0.0.3961531,0.0.4138717@1774359644.654103739
0.0.1093567,2.017183296336968,SUCCESS,0.0.731861,0.0.3961531&0.0.3964790,0.0.4138717@1774359645.710409503
0.0.3687323,0.00002338134910148521,SUCCESS,0.0.731861,0.0.3961531,0.0.4138717@1774359642.718509983
0.0.4853295,122.0929060089209,SUCCESS,0.0.731861,0.0.3961531&0.0.3964800&0.0.3964804,0.0.4138717@1774359643.637051674
0.0.10090227,0.208581271015222,SUCCESS,0.0.731861,0.0.3961531,0.0.4138717@1774359646.370531774
0.0.852692,7.212979479650709,SUCCESS,0.0.731861,0.0.3961531,0.0.4138717@1774359647.870930189
0.0.8355966,41.82041937612675,SUCCESS,0.0.731861,0.0.3961531,0.0.4138717@1774359646.509507529
0.0.9353895,0.03146642015898526,SUCCESS,0.0.731861,0.0.3961531,0.0.4138717@1774359646.695869691
0.0.1433179,1.468593459229776,SUCCESS,0.0.731861,0.0.3961531,0.0.4138717@1774359647.103996876
0.0.8378238,1.406398832736293,SUCCESS,0.0.731861,0.0.3961531,0.0.4138717@1774359646.009930773
0.0.1413657,38.13825325681157,SUCCESS,0.0.731861,0.0.3961531&0.0.4601632&0.0.5328590,0.0.4138717@1774359649.362817849
0.0.7525727,2086.72662242765,SUCCESS,0.0.731861,0.0.3961531&0.0.3964827&0.0.5328590,0.0.4138717@1774359649.576695464
0.0.10291442,1014.249745491454,SUCCESS,0.0.731861,0.0.3961531,0.0.4138717@1774359647.653596630
0.0.6143425,0.04695965885181207,SUCCESS,0.0.731861,0.0.3961531,0.0.4138717@1774359651.215948378
0.0.4361668,2.789080505558401,SUCCESS,0.0.731861,0.0.3961531,0.0.4138717@1774359649.121003993
0.0.835929,0.000007915560945450728,SUCCESS,0.0.731861,0.0.3961531&0.0.3964790&0.0.3964804&0.0.4129330&0.0.4601632,0.0.4138717@1774359650.024650472
0.0.4639603,0.004286662511175481,NOT_ASSOCIATED,0.0.731861,0.0.3961531,
0.0.839555,1.802561675603604,SUCCESS,0.0.731861,0.0.3961531,0.0.4138717@1774359649.562863561
0.0.1070346,2303.529265222522,SUCCESS,0.0.731861,0.0.3961531&0.0.3964800&0.0.3964837&0.0.3964840,0.0.4138717@1774359651.588395977
0.0.6004406,5.191542030293855,SUCCESS,0.0.731861,0.0.3961531&0.0.3964827,0.0.4138717@1774359651.046448835
0.0.1421971,1229.494188337168,SUCCESS,0.0.731861,0.0.3961531&0.0.3964804&0.0.3964808&0.0.5328590&0.0.6126395,0.0.4138717@1774359651.508913267
0.0.10269642,2.610168266667744,SUCCESS,0.0.731861,0.0.3961531,0.0.4138717@1774359652.994337339
0.0.3169776,0.1182601360925939,SUCCESS,0.0.731861,0.0.3961531,0.0.4138717@1774359652.410689287
0.0.4723553,5.414967274065118,SUCCESS,0.0.731861,0.0.3961531,0.0.4138717@1774359653.215492401
0.0.6435369,5.255587907276066,SUCCESS,0.0.731861,0.0.3961531,0.0.4138717@1774359655.371331345
0.0.863385,375.5102349436822,SUCCESS,0.0.731861,0.0.3961531,0.0.4138717@1774359655.204782547
0.0.6306847,2.497070714513148,SUCCESS,0.0.731861,0.0.3961531&0.0.3964804&0.0.3964827,0.0.4138717@1774359655.483447972
0.0.982207,2282.107763740827,SUCCESS,0.0.731861,0.0.3961531&0.0.3964790,0.0.4138717@1774359654.355579524
0.0.1501041,1.131372467520692,SUCCESS,0.0.731861,0.0.3961531,0.0.4138717@1774359654.317393689
0.0.9210701,1.065163182226826,FAIL,0.0.731861,0.0.3961531,
0.0.7560867,0.007318474044642098,SUCCESS,0.0.731861,0.0.3961531,0.0.4138717@1774359657.675376699
0.0.793410,1221.339846229842,SUCCESS,0.0.731861,0.0.3961531&0.0.3964827&0.0.5328590&0.0.6071041&0.0.8315114,0.0.4138717@1774359656.639970563
0.0.862821,16.49929626475283,SUCCESS,0.0.731861,0.0.3961531&0.0.3964790,0.0.4138717@1774359659.027434005
0.0.897444,346.8119014913513,SUCCESS,0.0.731861,0.0.3961531&0.0.3964790,0.0.4138717@1774359660.002406865
0.0.4367595,2.19546744499293,SUCCESS,0.0.731861,0.0.3961531,0.0.4138717@1774359657.501567912
0.0.844965,0.1408275308955098,SUCCESS,0.0.731861,0.0.3961531,0.0.4138717@1774359658.644820059
0.0.10224088,144.678455176233,NOT_ASSOCIATED,0.0.731861,0.0.3961531,
0.0.10303974,1.010163549751344,SUCCESS,0.0.731861,0.0.3961531,0.0.4138717@1774359660.518555113
0.0.1071830,678.5321833930454,SUCCESS,0.0.731861,0.0.3961531&0.0.3964795&0.0.3964800&0.0.3964804&0.0.3964837&0.0.3964855&0.0.3964840,0.0.4138717@1774359659.807749247
0.0.10278400,134.6502455215887,NOT_ASSOCIATED,0.0.731861,0.0.3961531&0.0.3964840&0.0.5328590,
0.0.6095958,184.8997600831648,NOT_ASSOCIATED,0.0.731861,0.0.3961531&0.0.3964804,
0.0.1263490,40.17722696694606,SUCCESS,0.0.731861,0.0.3961531&0.0.3964804,0.0.4138717@1774359660.551176571
0.0.10268439,109.3052268742997,SUCCESS,0.0.731861,0.0.3961531&0.0.3964804&0.0.5328590,0.0.4138717@1774359660.499350204
0.0.267573,115.7010586952608,SUCCESS,0.0.731861,0.0.3961531&0.0.3964837&0.0.3964855&0.0.4601632&0.0.5328590&0.0.6071041&0.0.6126395,0.0.4138717@1774359665.676583032
0.0.1324436,0.00360993458940771,NOT_ASSOCIATED,0.0.731861,0.0.3961531,
0.0.760653,2.957596777782828,SUCCESS,0.0.731861,0.0.3961531&0.0.3964782&0.0.3964790&0.0.3964804,0.0.4138717@1774359661.500229107
0.0.7910977,42.55540624083922,SUCCESS,0.0.731861,0.0.3961531&0.0.3964804,0.0.4138717@1774359662.412934698
0.0.10264118,1.422315739963081,SUCCESS,0.0.731861,0.0.3961531,0.0.4138717@1774359662.625986152
0.0.4707801,0.2189808885996624,NOT_ASSOCIATED,0.0.731861,0.0.3961531,
0.0.935686,3.500685596773188,SUCCESS,0.0.731861,0.0.3961531,0.0.4138717@1774359665.488398438
0.0.9125858,294389.5808602645,SUCCESS,0.0.731861,0.0.3961531&0.0.3964804&0.0.6071041&0.0.6071119&0.0.6126395&0.0.8315114&0.0.9774523&0.0.10018365&0.0.10092996&0.0.10093026,0.0.4138717@1774359664.390662712
0.0.9279414,0.3289465307416372,SUCCESS,0.0.731861,0.0.3961531,0.0.4138717@1774359666.229136031
0.0.10095007,1.493902657251123,NOT_ASSOCIATED,0.0.731861,0.0.3961531,
0.0.3161254,151648.1290467351,SUCCESS,0.0.731861,0.0.3961531&0.0.3964804,0.0.4138717@1774359667.965190070
0.0.826988,107.5774858675549,NOT_ASSOCIATED,0.0.731861,0.0.3961531,
0.0.9405888,0.2021977227217254,SUCCESS,0.0.731861,0.0.3961531&0.0.3964804&0.0.5328590,0.0.4138717@1774359666.169795702
0.0.1303938,10.55661498023433,NOT_ASSOCIATED,0.0.731861,0.0.3961531,
0.0.1910938,0.07297288583908704,SUCCESS,0.0.731861,0.0.3961531,0.0.4138717@1774359665.946062128
0.0.8767225,7.082451271429154,SUCCESS,0.0.731861,0.0.3961531&0.0.3964804,0.0.4138717@1774359665.550244371
0.0.4715000,2.175857890034198,SUCCESS,0.0.731861,0.0.3961531,0.0.4138717@1774359667.710426993
0.0.2963242,6.769840668968236,NOT_ASSOCIATED,0.0.731861,0.0.3961531,
0.0.877394,0.1285174660862077,NOT_ASSOCIATED,0.0.731861,0.0.3961531&0.0.3964804,
0.0.8183428,0.0121006519728165,SUCCESS,0.0.731861,0.0.3961531,0.0.4138717@1774359669.964404998
0.0.825672,189.1047531047995,SUCCESS,0.0.731861,0.0.3961531,0.0.4138717@1774359669.443305731
0.0.948513,270.4565250817093,SUCCESS,0.0.731861,0.0.3961531,0.0.4138717@1774359667.990743631
0.0.1103540,1.037994927980019,SUCCESS,0.0.731861,0.0.3961531&0.0.3964827,0.0.4138717@1774359670.703065946
0.0.1372179,21.35580655088586,SUCCESS,0.0.731861,0.0.3961531&0.0.3964804,0.0.4138717@1774359671.383064112
0.0.10204459,7.492255728800017,SUCCESS,0.0.731861,0.0.3961531,0.0.4138717@1774359672.548153166
0.0.1431202,25.11398773755101,SUCCESS,0.0.731861,0.0.3961531,0.0.4138717@1774359673.416171174
0.0.892088,12.87808211288844,SUCCESS,0.0.731861,0.0.3961531,0.0.4138717@1774359669.613364283
0.0.663264,6.009524587490606,SUCCESS,0.0.731861,0.0.3961531&0.0.3964790,0.0.4138717@1774359672.898253009
0.0.3870997,0.0474608446221776,SUCCESS,0.0.731861,0.0.3961531,0.0.4138717@1774359671.833866931
0.0.3000378,172.6452674032537,SUCCESS,0.0.731861,0.0.3961531,0.0.4138717@1774359674.685906189
0.0.1315254,5.40947718888868,SUCCESS,0.0.731861,0.0.3961531,0.0.4138717@1774359672.492181892
0.0.10378598,3.873690087047344,SUCCESS,0.0.731861,0.0.3961531,0.0.4138717@1774359673.595109303
0.0.10278483,0.2091828386882291,SUCCESS,0.0.731861,0.0.3961531,0.0.4138717@1774359677.409055036
0.0.953101,23.29348855346472,SUCCESS,0.0.731861,0.0.3961531,0.0.4138717@1774359673.946970906
0.0.10203646,0.6691649744136282,SUCCESS,0.0.731861,0.0.3961531,0.0.4138717@1774359674.935758534
0.0.832973,0.4573980371897958,SUCCESS,0.0.731861,0.0.3961531,0.0.4138717@1774359677.353897959
0.0.953848,0.1503787065181644,SUCCESS,0.0.731861,0.0.3961531,0.0.4138717@1774359676.943313999
0.0.29723,8.487545817880097,SUCCESS,0.0.731861,0.0.3961531&0.0.10018365,0.0.4138717@1774359677.890389128
0.0.10359193,17.54538604419087,SUCCESS,0.0.731861,0.0.3961531&0.0.3964804&0.0.3964860&0.0.5328590,0.0.4138717@1774359678.682748766
0.0.4594903,10.10632858974588,SUCCESS,0.0.731861,0.0.3961531&0.0.3964790&0.0.3964804,0.0.4138717@1774359677.927958533
0.0.692862,2.739379607393856e-7,SUCCESS,0.0.731861,0.0.3964782,0.0.4138717@1774359680.367891110
0.0.842953,285.0655982990592,SUCCESS,0.0.731861,0.0.3964782,0.0.4138717@1774359677.546701410
0.0.1483886,6721.7684961633,SUCCESS,0.0.731861,0.0.3964782,0.0.4138717@1774359679.627331819
0.0.1221988,6.225393675835993,SUCCESS,0.0.731861,0.0.3964782,0.0.4138717@1774359682.557640357
0.0.2152309,0.002224509580410608,SUCCESS,0.0.731861,0.0.3964782,0.0.4138717@1774359680.951995366
0.0.1416793,2.145516716701519,SUCCESS,0.0.731861,0.0.3964782&0.0.3964790,0.0.4138717@1774359680.729582647
0.0.3304469,133.3599839608747,SUCCESS,0.0.731861,0.0.3964790&0.0.3964827,0.0.4138717@1774359679.551779087
0.0.2117864,8.842295438638946,SUCCESS,0.0.731861,0.0.3964790,0.0.4138717@1774359683.365522362
0.0.5195606,32.44022059788941,SUCCESS,0.0.731861,0.0.3964790&0.0.3964804,0.0.4138717@1774359683.701201782
0.0.4759022,0.02511894007278942,SUCCESS,0.0.731861,0.0.3964790,0.0.4138717@1774359685.393333568
0.0.1073086,0.3284885585817192,SUCCESS,0.0.731861,0.0.3964790&0.0.3964860,0.0.4138717@1774359683.941265711
0.0.1380166,0.0003034436020663114,SUCCESS,0.0.731861,0.0.3964790,0.0.4138717@1774359684.488529137
0.0.4908409,0.002112186171582827,SUCCESS,0.0.731861,0.0.3964790,0.0.4138717@1774359684.321708276
0.0.9362944,0.01325580127257893,SUCCESS,0.0.731861,0.0.3964790,0.0.4138717@1774359684.702443576
0.0.6075972,0.5412332756932574,SUCCESS,0.0.731861,0.0.3964790,0.0.4138717@1774359685.398184378
0.0.6047264,0.05493355822435321,SUCCESS,0.0.731861,0.0.3964790,0.0.4138717@1774359684.581788834
0.0.4713784,7.559138752758738,SUCCESS,0.0.731861,0.0.3964790&0.0.3964827,0.0.4138717@1774359687.196054199
0.0.10164571,4.0834503041254,SUCCESS,0.0.731861,0.0.3964790,0.0.4138717@1774359689.536619995
0.0.8267043,0.3102555159639027,SUCCESS,0.0.731861,0.0.3964790&0.0.5328590,0.0.4138717@1774359688.843647699
0.0.1504445,2.514950779019763,SUCCESS,0.0.731861,0.0.3964790,0.0.4138717@1774359689.498091936
0.0.1082789,8222.847680813484,SUCCESS,0.0.731861,0.0.3964790,0.0.4138717@1774359688.885084558
0.0.4733020,0.1672422261009417,SUCCESS,0.0.731861,0.0.3964790,0.0.4138717@1774359691.647857840
0.0.9960625,7.82629110711481e-9,SUCCESS,0.0.731861,0.0.3964790,0.0.4138717@1774359688.041130617
0.0.2174952,15.84742894306249,SUCCESS,0.0.731861,0.0.3964790&0.0.3964804&0.0.3964834,0.0.4138717@1774359692.123923141
0.0.858310,0.1686451653951923,SUCCESS,0.0.731861,0.0.3964790,0.0.4138717@1774359689.531751459
0.0.7607102,0.1394074611486679,SUCCESS,0.0.731861,0.0.3964790&0.0.3964804,0.0.4138717@1774359692.560187527
0.0.813712,0.3504433922072959,SUCCESS,0.0.731861,0.0.3964790,0.0.4138717@1774359690.936067187
0.0.4540904,9.223880635435016,SUCCESS,0.0.731861,0.0.3964790&0.0.3964804&0.0.3964855,0.0.4138717@1774359691.002196471
0.0.10060744,0.003353923040665001,SUCCESS,0.0.731861,0.0.3964790,0.0.4138717@1774359692.506869465
0.0.5326504,0.008635700498604851,SUCCESS,0.0.731861,0.0.3964790,0.0.4138717@1774359691.249622214
0.0.10110159,1.345974723851951e-7,SUCCESS,0.0.731861,0.0.3964790,0.0.4138717@1774359695.456812617
0.0.795838,1.052167507481373,SUCCESS,0.0.731861,0.0.3964790&0.0.3964804,0.0.4138717@1774359692.947657622
0.0.7790024,0.697636475279112,SUCCESS,0.0.731861,0.0.3964790&0.0.3964827,0.0.4138717@1774359696.061377754
0.0.10030621,0.00001233949923727093,SUCCESS,0.0.731861,0.0.3964790,0.0.4138717@1774359695.157909153
0.0.4205079,0.594836032976943,SUCCESS,0.0.731861,0.0.3964790,0.0.4138717@1774359694.188667332
0.0.4337852,1.65600854239417,SUCCESS,0.0.731861,0.0.3964790,0.0.4138717@1774359693.417881107
0.0.3854083,0.1209678784116648,SUCCESS,0.0.731861,0.0.3964790,0.0.4138717@1774359695.187554706
0.0.6043615,20.59716371214897,SUCCESS,0.0.731861,0.0.3964790&0.0.3964827&0.0.3964855&0.0.3964840&0.0.5328590&0.0.6071041&0.0.8315114,0.0.4138717@1774359694.943254758
0.0.1093612,1.781866125275383,SUCCESS,0.0.731861,0.0.3964790&0.0.3964804,0.0.4138717@1774359695.021524094
0.0.4574338,0.0001221577987413824,SUCCESS,0.0.731861,0.0.3964790,0.0.4138717@1774359699.228316888
0.0.27463,3.995547910590532,SUCCESS,0.0.731861,0.0.3964790,0.0.4138717@1774359699.039876199
0.0.3938365,35.88927484907355,SUCCESS,0.0.731861,0.0.3964790&0.0.3964837,0.0.4138717@1774359700.872856595
0.0.5374006,0.08269537197772711,SUCCESS,0.0.731861,0.0.3964790&0.0.4601632,0.0.4138717@1774359699.918397338
0.0.10023501,1.426950223413406e-8,SUCCESS,0.0.731861,0.0.3964790,0.0.4138717@1774359701.461949098
0.0.4384266,1.482371141848961,SUCCESS,0.0.731861,0.0.3964790,0.0.4138717@1774359698.924866322
0.0.4784258,10.72446960915054,SUCCESS,0.0.731861,0.0.3964790&0.0.3964804&0.0.3964855,0.0.4138717@1774359697.936284647
0.0.859176,1.394860665312226,SUCCESS,0.0.731861,0.0.3964790,0.0.4138717@1774359701.438002671
0.0.966009,0.3239710404848499,SUCCESS,0.0.731861,0.0.3964790,0.0.4138717@1774359702.904104614
0.0.4330338,0.00001740824713966845,SUCCESS,0.0.731861,0.0.3964790,0.0.4138717@1774359701.685516927
0.0.4371196,2.356434129812433,SUCCESS,0.0.731861,0.0.3964790,0.0.4138717@1774359699.414450252
0.0.4328823,0.01543347392349741,SUCCESS,0.0.731861,0.0.3964790,0.0.4138717@1774359700.839746560
0.0.1703452,101.7808457899147,SUCCESS,0.0.731861,0.0.3964790&0.0.3964804,0.0.4138717@1774359704.672601437
0.0.3076299,1.075063348432034,SUCCESS,0.0.731861,0.0.3964790&0.0.3964827,0.0.4138717@1774359704.647578768
0.0.8291825,13.77423908396002,SUCCESS,0.0.731861,0.0.3964790&0.0.3964804,0.0.4138717@1774359703.007134027
0.0.9365757,185.3422289345604,SUCCESS,0.0.731861,0.0.3964790&0.0.3964795&0.0.3964800&0.0.3964804&0.0.3964808&0.0.3964840&0.0.5328590,0.0.4138717@1774359705.940094660
0.0.4157394,0.0002016711685480297,SUCCESS,0.0.731861,0.0.3964790,0.0.4138717@1774359705.410915410
0.0.837751,0.003779680471663679,SUCCESS,0.0.731861,0.0.3964790,0.0.4138717@1774359704.238868245
0.0.7896827,0.04936244951095656,SUCCESS,0.0.731861,0.0.3964790&0.0.6071041,0.0.4138717@1774359703.896265436
0.0.4367730,1.302790304288847,SUCCESS,0.0.731861,0.0.3964790,0.0.4138717@1774359705.417352246
0.0.10135295,16.46638267253676,SUCCESS,0.0.731861,0.0.3964790&0.0.3964827,0.0.4138717@1774359707.599126717
0.0.4819535,0.01300807352525145,SUCCESS,0.0.731861,0.0.3964790,0.0.4138717@1774359704.504936978
0.0.8271782,13.87099572907689,SUCCESS,0.0.731861,0.0.3964790&0.0.5328590,0.0.4138717@1774359707.253080149
0.0.1314568,5119.379417609564,SUCCESS,0.0.731861,0.0.3964790,0.0.4138717@1774359710.168558583
0.0.3926190,0.0002967586467312338,SUCCESS,0.0.731861,0.0.3964790,0.0.4138717@1774359708.251014730
0.0.3167151,0.8935643801893418,SUCCESS,0.0.731861,0.0.3964790,0.0.4138717@1774359709.928484778
0.0.3774696,0.002907034861758573,SUCCESS,0.0.731861,0.0.3964790,0.0.4138717@1774359709.037269718
0.0.794506,144.4934273356164,SUCCESS,0.0.731861,0.0.3964790&0.0.5328590,0.0.4138717@1774359712.481260120
0.0.9400801,8175.375311186031,SUCCESS,0.0.731861,0.0.3964790&0.0.3964855&0.0.4129330&0.0.4601632&0.0.5328590,0.0.4138717@1774359711.811295220
0.0.8447885,1.023880272257091,SUCCESS,0.0.731861,0.0.3964790,0.0.4138717@1774359711.648340259
0.0.3903731,3.1235508193764e-7,NOT_ASSOCIATED,0.0.731861,0.0.3964790,
0.0.9301501,0.4770438904443315,SUCCESS,0.0.731861,0.0.3964790&0.0.5328590,0.0.4138717@1774359713.247603098
0.0.817883,0.01951487232180026,SUCCESS,0.0.731861,0.0.3964790,0.0.4138717@1774359712.949323282
0.0.835202,0.0007403513144716953,SUCCESS,0.0.731861,0.0.3964790,0.0.4138717@1774359714.170075633
0.0.920901,0.0835830771357805,SUCCESS,0.0.731861,0.0.3964790,0.0.4138717@1774359712.782974250
0.0.1408633,0.8063700667428462,SUCCESS,0.0.731861,0.0.3964790&0.0.3964837&0.0.3964855&0.0.6078459,0.0.4138717@1774359713.308978500
0.0.842540,17.57759061640991,SUCCESS,0.0.731861,0.0.3964790,0.0.4138717@1774359713.224823225
0.0.1369825,587.7260533745585,SUCCESS,0.0.731861,0.0.3964790&0.0.3964804&0.0.3964827&0.0.4601632&0.0.6071041&0.0.6126395,0.0.4138717@1774359716.724556301
0.0.1989187,6771.479659660059,SUCCESS,0.0.731861,0.0.3964795&0.0.5328590,0.0.4138717@1774359713.970572766
0.0.10076786,17.18454132265545,SUCCESS,0.0.731861,0.0.3964795,0.0.4138717@1774359713.490165023
0.0.4882076,126.4755119336584,SUCCESS,0.0.731861,0.0.3964795&0.0.4601632&0.0.5328590,0.0.4138717@1774359716.491455168
0.0.9579116,41.01402130089618,SUCCESS,0.0.731861,0.0.3964795&0.0.3964804,0.0.4138717@1774359716.979678763
0.0.7562274,0.9953382786993892,SUCCESS,0.0.731861,0.0.3964795,0.0.4138717@1774359718.809150608
0.0.9823669,56.81871306287189,SUCCESS,0.0.731861,0.0.3964795,0.0.4138717@1774359715.216887856
0.0.1512214,8.878300807948795,SUCCESS,0.0.731861,0.0.3964795&0.0.3964800&0.0.3964804&0.0.3964809&0.0.3964840&0.0.4601632&0.0.6071074,0.0.4138717@1774359718.233569766
0.0.851754,0.05984563030995408,NOT_ASSOCIATED,0.0.731861,0.0.3964795,
0.0.4758211,212.8320817290628,SUCCESS,0.0.731861,0.0.3964795,0.0.4138717@1774359719.509705311
0.0.1006425,559.304885986278,SUCCESS,0.0.731861,0.0.3964795&0.0.3964827,0.0.4138717@1774359718.218361182
0.0.1486871,1119.165265256019,SUCCESS,0.0.731861,0.0.3964795&0.0.3964800&0.0.3964804&0.0.3964834&0.0.3964840,0.0.4138717@1774359719.691111416
0.0.883477,15459.14344416998,SUCCESS,0.0.731861,0.0.3964795&0.0.3964800,0.0.4138717@1774359721.382123275
0.0.2101943,1.850814333862056,SUCCESS,0.0.731861,0.0.3964795&0.0.3964804&0.0.3964821,0.0.4138717@1774359722.639840784
0.0.4154591,1288.810430983576,SUCCESS,0.0.731861,0.0.3964795&0.0.3964804&0.0.3964837&0.0.3964860&0.0.4601632&0.0.5328590,0.0.4138717@1774359720.760473898
0.0.4320148,0.4124332252543875,SUCCESS,0.0.731861,0.0.3964795&0.0.5328590&0.0.10092996&0.0.10093026,0.0.4138717@1774359723.210837860
0.0.4423729,447.0100101612307,SUCCESS,0.0.731861,0.0.3964800&0.0.3964804&0.0.3964834,0.0.4138717@1774359722.973089602
0.0.791357,1209.747051760485,SUCCESS,0.0.731861,0.0.3964800,0.0.4138717@1774359719.788930293
0.0.855796,40.06304463914963,SUCCESS,0.0.731861,0.0.3964800,0.0.4138717@1774359720.275084819
0.0.2174015,46.05239211680397,SUCCESS,0.0.731861,0.0.3964800&0.0.3964808&0.0.3964827&0.0.3964837&0.0.3964840&0.0.5328590,0.0.4138717@1774359721.116081638
0.0.731707,239.4629792362443,SUCCESS,0.0.731861,0.0.3964800&0.0.4601632,0.0.4138717@1774359721.861252458
0.0.3948696,11.76202086656965,SUCCESS,0.0.731861,0.0.3964804,0.0.4138717@1774359726.687541631
0.0.10242536,12.67778864921569,NOT_ASSOCIATED,0.0.731861,0.0.3964804,
0.0.837799,16.04877553333199,SUCCESS,0.0.731861,0.0.3964804,0.0.4138717@1774359727.365784919
0.0.4144365,23.65299020099732,SUCCESS,0.0.731861,0.0.3964804,0.0.4138717@1774359725.742134388
0.0.2005484,0.2560461180333706,SUCCESS,0.0.731861,0.0.3964804,0.0.4138717@1774359724.320108730
0.0.4644030,0.3105086301362772,SUCCESS,0.0.731861,0.0.3964804,0.0.4138717@1774359723.718696302
0.0.876236,1.833363563121438,SUCCESS,0.0.731861,0.0.3964804,0.0.4138717@1774359725.179894317
0.0.1505544,0.09164715591287252,SUCCESS,0.0.731861,0.0.3964804,0.0.4138717@1774359726.016599337
0.0.9796301,5.336621597084831,NOT_ASSOCIATED,0.0.731861,0.0.3964804,
0.0.10279551,26.37913045748193,SUCCESS,0.0.731861,0.0.3964804,0.0.4138717@1774359726.387803768
0.0.10261941,8.49959190255096,SUCCESS,0.0.731861,0.0.3964804,0.0.4138717@1774359729.018201216
0.0.5029689,4.794112011577085,SUCCESS,0.0.731861,0.0.3964804,0.0.4138717@1774359731.093682181
0.0.834666,91.8492483664004,SUCCESS,0.0.731861,0.0.3964804,0.0.4138717@1774359730.922428715
0.0.4323897,0.1826595859034572,SUCCESS,0.0.731861,0.0.3964804,0.0.4138717@1774359730.771438051
0.0.4782567,32.94076281099454,SUCCESS,0.0.731861,0.0.3964804,0.0.4138717@1774359731.055255627
0.0.9404882,3.512529853878509,SUCCESS,0.0.731861,0.0.3964804,0.0.4138717@1774359730.621887619
0.0.915984,201.0468472817895,SUCCESS,0.0.731861,0.0.3964804,0.0.4138717@1774359729.422313031
0.0.1736150,181.971843836984,SUCCESS,0.0.731861,0.0.3964804&0.0.3964808,0.0.4138717@1774359731.951590807
0.0.9477910,35.40236111076918,SUCCESS,0.0.731861,0.0.3964804,0.0.4138717@1774359732.793343030
0.0.9464371,656.9311176782143,SUCCESS,0.0.731861,0.0.3964804,0.0.4138717@1774359731.137649859
0.0.2657839,54.09085375653002,SUCCESS,0.0.731861,0.0.3964804,0.0.4138717@1774359735.785849502
0.0.9226909,2.198878866577039,SUCCESS,0.0.731861,0.0.3964804,0.0.4138717@1774359731.470903363
0.0.4340392,0.6645234749716616,SUCCESS,0.0.731861,0.0.3964804,0.0.4138717@1774359733.023766019
0.0.8629477,11.35020289590801,SUCCESS,0.0.731861,0.0.3964804,0.0.4138717@1774359734.139227710
0.0.7550127,1.542058986822699,SUCCESS,0.0.731861,0.0.3964804,0.0.4138717@1774359733.605107417
0.0.9317309,0.009311539589231956,SUCCESS,0.0.731861,0.0.3964804&0.0.3964860&0.0.9774523,0.0.4138717@1774359736.960695682
0.0.1043461,549.2483124475268,SUCCESS,0.0.731861,0.0.3964804,0.0.4138717@1774359737.442208691
0.0.3907868,0.03898929496610252,SUCCESS,0.0.731861,0.0.3964804,0.0.4138717@1774359733.987540515
0.0.6460255,34.07050512427458,NOT_ASSOCIATED,0.0.731861,0.0.3964804,
0.0.10068662,0.3941099945804242,SUCCESS,0.0.731861,0.0.3964804,0.0.4138717@1774359737.916793394
0.0.8443763,116.5297723879727,SUCCESS,0.0.731861,0.0.3964804,0.0.4138717@1774359737.119375390
0.0.9997124,105.0586986948288,NOT_ASSOCIATED,0.0.731861,0.0.3964804,
0.0.4911466,0.06986993963653891,SUCCESS,0.0.731861,0.0.3964804,0.0.4138717@1774359738.430016069
0.0.10085318,26.11554604820704,SUCCESS,0.0.731861,0.0.3964804,0.0.4138717@1774359735.905448427
0.0.9690555,2.107467765337996,SUCCESS,0.0.731861,0.0.3964804,0.0.4138717@1774359738.134934541
0.0.10167174,2.107090725204088,SUCCESS,0.0.731861,0.0.3964804,0.0.4138717@1774359740.643501795
0.0.1711144,15.48656567405596,NOT_ASSOCIATED,0.0.731861,0.0.3964804&0.0.3964808,
0.0.2030460,879.3722894437483,SUCCESS,0.0.731861,0.0.3964804&0.0.6078473,0.0.4138717@1774359740.174723279
0.0.5482082,5.161175609910631,SUCCESS,0.0.731861,0.0.3964804,0.0.4138717@1774359740.207241286
0.0.9695749,24.90821778018302,NOT_ASSOCIATED,0.0.731861,0.0.3964804,
0.0.834767,9.731299495567534,SUCCESS,0.0.731861,0.0.3964804,0.0.4138717@1774359738.016998407
0.0.9612822,1.223324930741386,NOT_ASSOCIATED,0.0.731861,0.0.3964804,
0.0.9174064,58.67087108278834,SUCCESS,0.0.731861,0.0.3964804,0.0.4138717@1774359740.236027362
0.0.6258977,23.04885573390202,SUCCESS,0.0.731861,0.0.3964804&0.0.5328590,0.0.4138717@1774359740.600356121
0.0.946029,4.024841107736592,NOT_ASSOCIATED,0.0.731861,0.0.3964804,
0.0.1461428,12.26160661860239,SUCCESS,0.0.731861,0.0.3964804,0.0.4138717@1774359743.455692049
0.0.1517175,6.878642516243612,SUCCESS,0.0.731861,0.0.3964804,0.0.4138717@1774359740.713842946
0.0.7164995,49.62957805433438,SUCCESS,0.0.731861,0.0.3964804,0.0.4138717@1774359745.783657573
0.0.10056907,2053.117661902532,SUCCESS,0.0.731861,0.0.3964804&0.0.3964837&0.0.5328590,0.0.4138717@1774359747.330520780
0.0.1334605,133.4021994858717,SUCCESS,0.0.731861,0.0.3964804,0.0.4138717@1774359745.193575725
0.0.4659519,22.42788821291801,SUCCESS,0.0.731861,0.0.3964804,0.0.4138717@1774359747.126809879
0.0.6247418,0.6703487181529961,NOT_ASSOCIATED,0.0.731861,0.0.3964804,
0.0.6078189,19.3728510845194,SUCCESS,0.0.731861,0.0.3964804,0.0.4138717@1774359746.670891835
0.0.1233065,4.678381475315301,SUCCESS,0.0.731861,0.0.3964804,0.0.4138717@1774359747.949785272
0.0.6058490,0.3885388330290523,SUCCESS,0.0.731861,0.0.3964804,0.0.4138717@1774359749.011729225
0.0.6612734,0.103624576594556,NOT_ASSOCIATED,0.0.731861,0.0.3964804,
0.0.4799094,1.29596968231378,SUCCESS,0.0.731861,0.0.3964804,0.0.4138717@1774359746.452037105
0.0.4978453,115.2131762867521,SUCCESS,0.0.731861,0.0.3964804,0.0.4138717@1774359749.527670525
0.0.846992,14.75597915520771,SUCCESS,0.0.731861,0.0.3964804,0.0.4138717@1774359746.466616518
0.0.6061106,5.435110024484551,NOT_ASSOCIATED,0.0.731861,0.0.3964804,
0.0.1859919,1.754022467673043,NOT_ASSOCIATED,0.0.731861,0.0.3964804,
0.0.848151,4.461287355710433,SUCCESS,0.0.731861,0.0.3964804,0.0.4138717@1774359750.223278050
0.0.7200618,0.2601795068258962,SUCCESS,0.0.731861,0.0.3964804,0.0.4138717@1774359748.226186419
0.0.3159220,7.50812541941153,SUCCESS,0.0.731861,0.0.3964804,0.0.4138717@1774359749.090754226
0.0.827132,1.352273475914555,SUCCESS,0.0.731861,0.0.3964804,0.0.4138717@1774359752.163190413
0.0.6344703,6517.65472759337,SUCCESS,0.0.731861,0.0.3964804&0.0.4129330&0.0.6071041&0.0.6126395&0.0.8315114,0.0.4138717@1774359749.548642668
0.0.3158284,10.0402479631803,SUCCESS,0.0.731861,0.0.3964804&0.0.4601632&0.0.5328590,0.0.4138717@1774359753.965450954
0.0.1448239,0.7077799301616156,SUCCESS,0.0.731861,0.0.3964804,0.0.4138717@1774359753.614562467
0.0.6324031,0.01036442254590016,SUCCESS,0.0.731861,0.0.3964804,0.0.4138717@1774359750.596803621
0.0.2123622,43.52499366327442,SUCCESS,0.0.731861,0.0.3964804,0.0.4138717@1774359754.689474692
0.0.6232417,0.2577504453631329,SUCCESS,0.0.731861,0.0.3964804,0.0.4138717@1774359755.059398303
0.0.4360598,0.521046852589069,SUCCESS,0.0.731861,0.0.3964804,0.0.4138717@1774359752.161950855
0.0.6674918,0.1979033334721029,SUCCESS,0.0.731861,0.0.3964804,0.0.4138717@1774359755.355316031
0.0.6933072,6.895616634762219,NOT_ASSOCIATED,0.0.731861,0.0.3964804,
0.0.1307915,0.005531594690863777,SUCCESS,0.0.731861,0.0.3964804,0.0.4138717@1774359751.997705179
0.0.835625,42.28158001266794,SUCCESS,0.0.731861,0.0.3964804&0.0.3964827&0.0.3964837,0.0.4138717@1774359754.140693553
0.0.4741573,11.13052483017399,SUCCESS,0.0.731861,0.0.3964804,0.0.4138717@1774359757.960449610
0.0.1415516,110.3873475004772,SUCCESS,0.0.731861,0.0.3964804,0.0.4138717@1774359757.329911554
0.0.5432163,0.5313335186830348,NOT_ASSOCIATED,0.0.731861,0.0.3964804,
0.0.4345176,1.192542076491716,SUCCESS,0.0.731861,0.0.3964804,0.0.4138717@1774359756.104765691
0.0.4433604,0.9507993054869762,SUCCESS,0.0.731861,0.0.3964804&0.0.4601632,0.0.4138717@1774359759.049097526
0.0.4899880,0.9062665356793326,SUCCESS,0.0.731861,0.0.3964804,0.0.4138717@1774359755.070455583
0.0.2302824,0.02955557585094992,SUCCESS,0.0.731861,0.0.3964804,0.0.4138717@1774359759.578053513
0.0.5314183,4.651579231767057,SUCCESS,0.0.731861,0.0.3964804,0.0.4138717@1774359758.125406987
0.0.840487,38.51774656211097,SUCCESS,0.0.731861,0.0.3964804,0.0.4138717@1774359760.061481408
0.0.789990,0.8739760135919845,SUCCESS,0.0.731861,0.0.3964804,0.0.4138717@1774359759.136768881
0.0.4362017,19.67337908701339,SUCCESS,0.0.731861,0.0.3964804,0.0.4138717@1774359759.183843632
0.0.1046906,0.3029038607467859,SUCCESS,0.0.731861,0.0.3964804,0.0.4138717@1774359763.293282609
0.0.4044502,28.9110494123938,SUCCESS,0.0.731861,0.0.3964804,0.0.4138717@1774359762.720264784
0.0.4923529,0.02186248608546029,NOT_ASSOCIATED,0.0.731861,0.0.3964804,
0.0.4329551,65.8464233378696,SUCCESS,0.0.731861,0.0.3964804&0.0.3964827&0.0.3964855,0.0.4138717@1774359763.179618962
0.0.1747288,46.0563553795213,SUCCESS,0.0.731861,0.0.3964804,0.0.4138717@1774359760.582064784
0.0.4640278,1.145810750852345,SUCCESS,0.0.731861,0.0.3964804,0.0.4138717@1774359761.009329292
0.0.4758052,2.110718639581133,SUCCESS,0.0.731861,0.0.3964804,0.0.4138717@1774359762.334163312
0.0.3295745,45.44564202948776,SUCCESS,0.0.731861,0.0.3964804,0.0.4138717@1774359763.909715399
0.0.5060252,2.380533200880066,SUCCESS,0.0.731861,0.0.3964804&0.0.3964860,0.0.4138717@1774359765.415923052
0.0.4322023,11.68644326106099,SUCCESS,0.0.731861,0.0.3964804&0.0.3964855&0.0.4601632,0.0.4138717@1774359764.655598968
0.0.4785387,68.91169035375619,SUCCESS,0.0.731861,0.0.3964804&0.0.4601632,0.0.4138717@1774359766.371011813
0.0.1388678,60.20554622324536,SUCCESS,0.0.731861,0.0.3964804,0.0.4138717@1774359765.051254607
0.0.4887338,7.745333851418382,SUCCESS,0.0.731861,0.0.3964804,0.0.4138717@1774359769.212392046
0.0.4595460,1.489545320793558,SUCCESS,0.0.731861,0.0.3964804,0.0.4138717@1774359770.084939496
0.0.987356,7.648957931028737,SUCCESS,0.0.731861,0.0.3964804,0.0.4138717@1774359768.845007212
0.0.7916029,265.2346464082348,SUCCESS,0.0.731861,0.0.3964804&0.0.3964840,0.0.4138717@1774359770.568727205
0.0.8076778,0.01421518249319108,SUCCESS,0.0.731861,0.0.3964804,0.0.4138717@1774359769.790493278
0.0.7583284,1.889988203966712,SUCCESS,0.0.731861,0.0.3964804,0.0.4138717@1774359770.474309974
0.0.1673276,20.27650856956716,SUCCESS,0.0.731861,0.0.3964804,0.0.4138717@1774359768.569771461
0.0.4804985,1.484420518048449,SUCCESS,0.0.731861,0.0.3964804,0.0.4138717@1774359772.232457700
0.0.4343570,2.87028055691871,SUCCESS,0.0.731861,0.0.3964804,0.0.4138717@1774359770.945467496
0.0.7732676,117.4421567405322,SUCCESS,0.0.731861,0.0.3964804,0.0.4138717@1774359771.563663080
0.0.2891280,6.419956706731037,NOT_ASSOCIATED,0.0.731861,0.0.3964804,
0.0.838388,337.0445003724621,SUCCESS,0.0.731861,0.0.3964804,0.0.4138717@1774359774.416633324
0.0.4861986,1.218122162486535,SUCCESS,0.0.731861,0.0.3964804,0.0.4138717@1774359774.312286029
0.0.5112630,7.36407633685404,SUCCESS,0.0.731861,0.0.3964804,0.0.4138717@1774359774.892969803
0.0.931327,616.8583389335109,SUCCESS,0.0.731861,0.0.3964804,0.0.4138717@1774359775.913480595
0.0.710849,0.1535836695828713,SUCCESS,0.0.731861,0.0.3964804,0.0.4138717@1774359775.477068061
0.0.7965412,0.02786386435609065,NOT_ASSOCIATED,0.0.731861,0.0.3964804,
0.0.3384906,39.08739835323883,SUCCESS,0.0.731861,0.0.3964804,0.0.4138717@1774359776.752952858
0.0.7961490,1.5095210281283,NOT_ASSOCIATED,0.0.731861,0.0.3964804,
0.0.7703838,0.07871841214170536,SUCCESS,0.0.731861,0.0.3964804,0.0.4138717@1774359774.427090194
0.0.981571,0.7026331643147756,SUCCESS,0.0.731861,0.0.3964804,0.0.4138717@1774359776.391553857
0.0.1754370,0.3376168035005863,SUCCESS,0.0.731861,0.0.3964804,0.0.4138717@1774359776.318566517
0.0.2116216,30.65248120040491,SUCCESS,0.0.731861,0.0.3964804,0.0.4138717@1774359774.988376383
0.0.7965335,15.81960523904178,NOT_ASSOCIATED,0.0.731861,0.0.3964804,
0.0.6294131,0.0002161536421949059,SUCCESS,0.0.731861,0.0.3964804,0.0.4138717@1774359777.019183141
0.0.844131,2.557596873882556,SUCCESS,0.0.731861,0.0.3964804,0.0.4138717@1774359775.308962078
0.0.7924085,0.1577925853023755,SUCCESS,0.0.731861,0.0.3964804,0.0.4138717@1774359778.840103346
0.0.7732467,9.341833443534131,SUCCESS,0.0.731861,0.0.3964804&0.0.3964827,0.0.4138717@1774359777.907650921
0.0.1021958,39.25722114864815,SUCCESS,0.0.731861,0.0.3964804,0.0.4138717@1774359779.860791732
0.0.1313215,0.1270059590072034,SUCCESS,0.0.731861,0.0.3964804,0.0.4138717@1774359777.455158285
0.0.3847179,5.074818798070726,SUCCESS,0.0.731861,0.0.3964804,0.0.4138717@1774359780.964415688
0.0.1467538,8.586465185935637,SUCCESS,0.0.731861,0.0.3964804,0.0.4138717@1774359777.634929170
0.0.8131537,9.250226104175836,SUCCESS,0.0.731861,0.0.3964804,0.0.4138717@1774359783.008707921
0.0.8117500,227.287770811965,SUCCESS,0.0.731861,0.0.3964804&0.0.3964808,0.0.4138717@1774359780.974330475
0.0.4315395,0.8144062170829615,SUCCESS,0.0.731861,0.0.3964804,0.0.4138717@1774359781.686358738
0.0.4388693,2.559360760374794,SUCCESS,0.0.731861,0.0.3964804&0.0.4601632,0.0.4138717@1774359782.167656899
0.0.8083173,4.163123112247615,SUCCESS,0.0.731861,0.0.3964804,0.0.4138717@1774359782.857888773
0.0.2964523,506.5149281092003,SUCCESS,0.0.731861,0.0.3964804&0.0.3964808,0.0.4138717@1774359780.671099951
0.0.1486421,15.49059802187721,SUCCESS,0.0.731861,0.0.3964804,0.0.4138717@1774359781.444962906
0.0.4135513,13.26595369988361,SUCCESS,0.0.731861,0.0.3964804,0.0.4138717@1774359782.751807625
0.0.1463093,13.18699806344132,SUCCESS,0.0.731861,0.0.3964804,0.0.4138717@1774359783.845938639
0.0.811739,71.11559760107374,SUCCESS,0.0.731861,0.0.3964804&0.0.5328590,0.0.4138717@1774359785.223925475
0.0.887612,18.37000896798748,SUCCESS,0.0.731861,0.0.3964804,0.0.4138717@1774359785.631739405
0.0.4566469,21.71710251779305,SUCCESS,0.0.731861,0.0.3964804,0.0.4138717@1774359785.907472297
0.0.3916542,0.3396303259195243,SUCCESS,0.0.731861,0.0.3964804&0.0.3964827,0.0.4138717@1774359786.436858724
0.0.4504544,78.45912493277427,SUCCESS,0.0.731861,0.0.3964804,0.0.4138717@1774359787.826572053
0.0.1359581,172.0049506574752,SUCCESS,0.0.731861,0.0.3964804&0.0.3964827,0.0.4138717@1774359785.867940386
0.0.4431727,1.349102236439293,SUCCESS,0.0.731861,0.0.3964804&0.0.3964827,0.0.4138717@1774359789.173717401
0.0.7710235,1.153074159794016,SUCCESS,0.0.731861,0.0.3964804,0.0.4138717@1774359785.836475341
0.0.838791,14.50943753230842,SUCCESS,0.0.731861,0.0.3964804,0.0.4138717@1774359789.099467236
0.0.496172,13.45058742201272,SUCCESS,0.0.731861,0.0.3964804,0.0.4138717@1774359789.176461841
0.0.146930,11800.13492735598,SUCCESS,0.0.731861,0.0.3964804,0.0.4138717@1774359791.259489969
0.0.10007904,0.01041503334420486,SUCCESS,0.0.731861,0.0.3964804,0.0.4138717@1774359791.544443706
0.0.1746011,15.15895488122234,SUCCESS,0.0.731861,0.0.3964804,0.0.4138717@1774359790.025328380
0.0.6343911,30.57749149691342,SUCCESS,0.0.731861,0.0.3964804,0.0.4138717@1774359791.093786401
0.0.7937765,8.292806140150596,NOT_ASSOCIATED,0.0.731861,0.0.3964804,
0.0.4765612,31365.63290099419,SUCCESS,0.0.731861,0.0.3964804&0.0.3964808&0.0.3964809&0.0.3964821&0.0.3964825&0.0.5328590,0.0.4138717@1774359792.073819063
0.0.3240624,0.02003394466776511,SUCCESS,0.0.731861,0.0.3964804,0.0.4138717@1774359793.267410861
0.0.4312267,68.632289387295,SUCCESS,0.0.731861,0.0.3964804,0.0.4138717@1774359792.932692501
0.0.4883729,3.100677858678358,SUCCESS,0.0.731861,0.0.3964804,0.0.4138717@1774359793.456249336
0.0.4606261,0.03502788845577483,SUCCESS,0.0.731861,0.0.3964804&0.0.3964860,0.0.4138717@1774359794.858277469
0.0.791414,3.164811273793423,SUCCESS,0.0.731861,0.0.3964804,0.0.4138717@1774359792.980602194
0.0.7798912,20.56667754520633,SUCCESS,0.0.731861,0.0.3964804,0.0.4138717@1774359794.623334399
0.0.1337171,199.360890244781,SUCCESS,0.0.731861,0.0.3964804&0.0.3964809&0.0.3964827&0.0.3964860&0.0.6071911,0.0.4138717@1774359796.053305025
0.0.1374442,696.3801371577796,SUCCESS,0.0.731861,0.0.3964804&0.0.4601632&0.0.5328590,0.0.4138717@1774359793.771734794
0.0.2004450,1.462551674108615,SUCCESS,0.0.731861,0.0.3964804,0.0.4138717@1774359795.685736286
0.0.9104016,31.7633643188227,SUCCESS,0.0.731861,0.0.3964804&0.0.3964860&0.0.5328590,0.0.4138717@1774359795.574998526
0.0.9201440,0.5730128352735716,SUCCESS,0.0.731861,0.0.3964804,0.0.4138717@1774359795.728670682
0.0.7993090,66.69348539024807,SUCCESS,0.0.731861,0.0.3964804,0.0.4138717@1774359795.128721622
0.0.4795853,15.68169478812939,SUCCESS,0.0.731861,0.0.3964804,0.0.4138717@1774359796.608353403
0.0.9149385,0.8845598024719168,SUCCESS,0.0.731861,0.0.3964804,0.0.4138717@1774359798.976462981
0.0.5580759,0.369997600717091,SUCCESS,0.0.731861,0.0.3964804,0.0.4138717@1774359798.868014608
0.0.4310363,27.28269912992096,SUCCESS,0.0.731861,0.0.3964804&0.0.3964860,0.0.4138717@1774359797.557859997
0.0.8041705,0.4264260936028249,SUCCESS,0.0.731861,0.0.3964804,0.0.4138717@1774359798.429626417
0.0.8514597,57.31543726051524,SUCCESS,0.0.731861,0.0.3964804,0.0.4138717@1774359801.943521591
0.0.8903303,9.25962097090408,FAIL,0.0.731861,0.0.3964804,
0.0.3288501,1.107075210779492,SUCCESS,0.0.731861,0.0.3964804,0.0.4138717@1774359799.692316701
0.0.4724806,59.05456953400806,SUCCESS,0.0.731861,0.0.3964804&0.0.5328590,0.0.4138717@1774359803.943589489
0.0.8717466,0.01415922085922843,SUCCESS,0.0.731861,0.0.3964804,0.0.4138717@1774359802.568962103
0.0.1056579,48.6681736498929,SUCCESS,0.0.731861,0.0.3964804,0.0.4138717@1774359803.542208556
0.0.2185671,0.7327737971971416,SUCCESS,0.0.731861,0.0.3964804,0.0.4138717@1774359805.150839120
0.0.966444,27.99504024379318,SUCCESS,0.0.731861,0.0.3964804,0.0.4138717@1774359802.291249985
0.0.9303899,16.12091999206521,SUCCESS,0.0.731861,0.0.3964804,0.0.4138717@1774359807.173381135
0.0.2017766,10.89342942915731,SUCCESS,0.0.731861,0.0.3964804,0.0.4138717@1774359805.924820526
0.0.6295630,0.4175219201070306,NOT_ASSOCIATED,0.0.731861,0.0.3964804,
0.0.3681629,46.13904392404059,SUCCESS,0.0.731861,0.0.3964804,0.0.4138717@1774359807.130945896
0.0.853379,170.917498243189,SUCCESS,0.0.731861,0.0.3964804,0.0.4138717@1774359809.162565607
0.0.9272301,6.699208963692754,NOT_ASSOCIATED,0.0.731861,0.0.3964804,
0.0.9273859,0.5341609768613284,SUCCESS,0.0.731861,0.0.3964804,0.0.4138717@1774359807.424486278
0.0.6045318,3.067886230532176,SUCCESS,0.0.731861,0.0.3964804,0.0.4138717@1774359809.093043144
0.0.2149252,0.000869911780154253,SUCCESS,0.0.731861,0.0.3964804,0.0.4138717@1774359807.066011280
0.0.9150672,0.2383921929765436,SUCCESS,0.0.731861,0.0.3964804,0.0.4138717@1774359807.618143573
0.0.9144684,1.161337498106864,SUCCESS,0.0.731861,0.0.3964804,0.0.4138717@1774359807.558617596
0.0.6094118,0.1607394212234823,SUCCESS,0.0.731861,0.0.3964804,0.0.4138717@1774359809.010136471
0.0.1404010,0.04518497785182809,NOT_ASSOCIATED,0.0.731861,0.0.3964804,
0.0.658160,0.6617667041611022,SUCCESS,0.0.731861,0.0.3964804&0.0.8315114,0.0.4138717@1774359811.694161408
0.0.7920282,0.0664838806026042,SUCCESS,0.0.731861,0.0.3964804,0.0.4138717@1774359810.556396806
0.0.4743054,0.2086365384718783,SUCCESS,0.0.731861,0.0.3964804&0.0.8315114,0.0.4138717@1774359811.250353263
0.0.7285744,0.1793283886362882,SUCCESS,0.0.731861,0.0.3964804,0.0.4138717@1774359811.545326484
0.0.6148704,0.6966865220447677,NOT_ASSOCIATED,0.0.731861,0.0.3964804,
0.0.7816479,17.98244839058876,SUCCESS,0.0.731861,0.0.3964804&0.0.8315114,0.0.4138717@1774359811.801543666
0.0.1261132,4.216887576281935,SUCCESS,0.0.731861,0.0.3964804,0.0.4138717@1774359809.947666946
0.0.8209705,0.9881523292824228,SUCCESS,0.0.731861,0.0.3964804,0.0.4138717@1774359815.151877406
0.0.7166497,0.5717565720405696,SUCCESS,0.0.731861,0.0.3964804,0.0.4138717@1774359813.550712497
0.0.8002341,2.094747359317171,SUCCESS,0.0.731861,0.0.3964804,0.0.4138717@1774359815.521056127
0.0.7291414,9.761287001378689,SUCCESS,0.0.731861,0.0.3964804,0.0.4138717@1774359814.582462992
0.0.7938061,0.4681569760362669,SUCCESS,0.0.731861,0.0.3964804,0.0.4138717@1774359814.687415074
0.0.3241611,3.436729686977044,SUCCESS,0.0.731861,0.0.3964804,0.0.4138717@1774359813.172933687
0.0.8227507,4.103379329518146,SUCCESS,0.0.731861,0.0.3964804,0.0.4138717@1774359817.056340664
0.0.8057884,31.46961505884252,SUCCESS,0.0.731861,0.0.3964804,0.0.4138717@1774359813.885857031
0.0.5719491,0.5617165253431851,SUCCESS,0.0.731861,0.0.3964804,0.0.4138717@1774359817.045551689
0.0.1681033,2.804131212956081,SUCCESS,0.0.731861,0.0.3964804,0.0.4138717@1774359816.862909366
0.0.8551680,455.777669145171,SUCCESS,0.0.731861,0.0.3964804&0.0.5328590,0.0.4138717@1774359819.352684502
0.0.840324,28.24681128510053,SUCCESS,0.0.731861,0.0.3964804,0.0.4138717@1774359816.846298137
0.0.919311,1277.303117877873,NOT_ASSOCIATED,0.0.731861,0.0.3964804,
0.0.7920736,32.52893491088723,SUCCESS,0.0.731861,0.0.3964804,0.0.4138717@1774359818.150410513
0.0.874926,110.4139826447013,SUCCESS,0.0.731861,0.0.3964804&0.0.4601632,0.0.4138717@1774359817.042171516
0.0.8382708,0.1211588666862571,SUCCESS,0.0.731861,0.0.3964804,0.0.4138717@1774359819.493526768
0.0.7550116,0.8460452898769396,NOT_ASSOCIATED,0.0.731861,0.0.3964804,
0.0.4838474,38.86850184813617,SUCCESS,0.0.731861,0.0.3964804&0.0.5328590,0.0.4138717@1774359817.236955368
0.0.4319619,1.365019203690846,SUCCESS,0.0.731861,0.0.3964804,0.0.4138717@1774359822.280931434
0.0.8120693,15.69424659720274,SUCCESS,0.0.731861,0.0.3964804,0.0.4138717@1774359822.625873827
0.0.6469391,63.42864620802722,SUCCESS,0.0.731861,0.0.3964804&0.0.3964837,0.0.4138717@1774359821.291278392
0.0.4573495,36071.45392034789,SUCCESS,0.0.731861,0.0.3964804&0.0.3964860,0.0.4138717@1774359820.200618179
0.0.4576074,1.78660062512263,SUCCESS,0.0.731861,0.0.3964804,0.0.4138717@1774359819.592737208
0.0.4558719,0.06530497825078742,NOT_ASSOCIATED,0.0.731861,0.0.3964804,
0.0.4552348,0.05934156924183857,NOT_ASSOCIATED,0.0.731861,0.0.3964804,
0.0.4552309,0.05580639847616992,NOT_ASSOCIATED,0.0.731861,0.0.3964804,
0.0.4552382,0.05580322781711024,NOT_ASSOCIATED,0.0.731861,0.0.3964804,
0.0.1082201,150.883032393154,SUCCESS,0.0.731861,0.0.3964804,0.0.4138717@1774359823.359941604
0.0.4571567,10.59655870542494,SUCCESS,0.0.731861,0.0.3964804,0.0.4138717@1774359821.640044642
0.0.1024843,0.0002348485452295011,SUCCESS,0.0.731861,0.0.3964804&0.0.3964855&0.0.3964860,0.0.4138717@1774359822.593862123
0.0.4140342,1.758896059141108,SUCCESS,0.0.731861,0.0.3964804&0.0.3964827,0.0.4138717@1774359826.268663394
0.0.1105845,12.26823103846595,SUCCESS,0.0.731861,0.0.3964804,0.0.4138717@1774359822.554894672
0.0.10251800,0.01153733381630749,NOT_ASSOCIATED,0.0.731861,0.0.3964804,
0.0.5802354,2.09261361236005,SUCCESS,0.0.731861,0.0.3964804,0.0.4138717@1774359823.490293285
0.0.1365779,4.809170984465036,SUCCESS,0.0.731861,0.0.3964804,0.0.4138717@1774359824.380482934
0.0.1729400,8.596013937019334,SUCCESS,0.0.731861,0.0.3964804,0.0.4138717@1774359825.849862679
0.0.4499088,0.8654075971130387,NOT_ASSOCIATED,0.0.731861,0.0.3964804,
0.0.9273022,0.005727794971002072,SUCCESS,0.0.731861,0.0.3964804,0.0.4138717@1774359828.163507609
0.0.937712,95.34053900117352,SUCCESS,0.0.731861,0.0.3964804,0.0.4138717@1774359824.527860363
0.0.3450,1.124281270691371,SUCCESS,0.0.731861,0.0.3964804,0.0.4138717@1774359824.816776244
0.0.2208244,16.71974181887721,SUCCESS,0.0.731861,0.0.3964804,0.0.4138717@1774359826.475800727
0.0.5313474,1.259589213803039,SUCCESS,0.0.731861,0.0.3964804,0.0.4138717@1774359825.718037045
0.0.4814986,0.1094406500367357,SUCCESS,0.0.731861,0.0.3964804,0.0.4138717@1774359830.463997468
0.0.4337930,561.6284936464479,SUCCESS,0.0.731861,0.0.3964804&0.0.5328590,0.0.4138717@1774359827.591026647
0.0.638522,170.6278443180096,SUCCESS,0.0.731861,0.0.3964804,0.0.4138717@1774359826.908638026
0.0.857763,8.083933620599016,SUCCESS,0.0.731861,0.0.3964804,0.0.4138717@1774359830.104428519
0.0.10238814,56.72684541884042,SUCCESS,0.0.731861,0.0.3964804,0.0.4138717@1774359828.237993367
0.0.955353,0.7913193654828582,NOT_ASSOCIATED,0.0.731861,0.0.3964804,
0.0.4762160,86.69030357996576,SUCCESS,0.0.731861,0.0.3964804,0.0.4138717@1774359831.193480914
0.0.1696471,227.0147892519741,SUCCESS,0.0.731861,0.0.3964804,0.0.4138717@1774359831.998439335
0.0.683815,0.2778222102817419,SUCCESS,0.0.731861,0.0.3964804,0.0.4138717@1774359830.550412849
0.0.4725260,2.568984504780266,SUCCESS,0.0.731861,0.0.3964804,0.0.4138717@1774359830.240166767
0.0.4712922,0.3357874204960189,SUCCESS,0.0.731861,0.0.3964804,0.0.4138717@1774359832.017316528
0.0.9477942,0.2661666455321042,NOT_ASSOCIATED,0.0.731861,0.0.3964804,
0.0.2963879,29.13750586074237,NOT_ASSOCIATED,0.0.731861,0.0.3964804,
0.0.4873525,0.9115972767197312,SUCCESS,0.0.731861,0.0.3964804,0.0.4138717@1774359833.942591091
0.0.10004246,8.409359648785241,NOT_ASSOCIATED,0.0.731861,0.0.3964804,
0.0.9695763,2459.691766582885,SUCCESS,0.0.731861,0.0.3964804&0.0.8315114,0.0.4138717@1774359834.773420744
0.0.9401320,28.84469885454624,SUCCESS,0.0.731861,0.0.3964804,0.0.4138717@1774359832.243741421
0.0.5922808,0.5496803679010642,SUCCESS,0.0.731861,0.0.3964804,0.0.4138717@1774359834.438036392
0.0.751161,29.2237642109213,SUCCESS,0.0.731861,0.0.3964804,0.0.4138717@1774359835.283762413
0.0.9973346,0.06099282386670778,NOT_ASSOCIATED,0.0.731861,0.0.3964804,
0.0.9150527,61.95847613656114,SUCCESS,0.0.731861,0.0.3964804&0.0.3964860&0.0.5328590,0.0.4138717@1774359833.087468425
0.0.871471,48.89830422634889,SUCCESS,0.0.731861,0.0.3964804,0.0.4138717@1774359834.658244768
0.0.9100153,5.153937424121758,SUCCESS,0.0.731861,0.0.3964804,0.0.4138717@1774359837.826787281
0.0.7983506,0.0005838399616226707,NOT_ASSOCIATED,0.0.731861,0.0.3964804,
0.0.6320740,356.6499213641044,SUCCESS,0.0.731861,0.0.3964804&0.0.4601632&0.0.5328590&0.0.6071074,0.0.4138717@1774359836.299314550
0.0.9687167,7.176773771275407,SUCCESS,0.0.731861,0.0.3964804&0.0.5328590,0.0.4138717@1774359837.919345246
0.0.9729389,2.075558261179589,NOT_ASSOCIATED,0.0.731861,0.0.3964804,
0.0.10093024,10.17109248136203,SUCCESS,0.0.731861,0.0.3964804,0.0.4138717@1774359838.517083466
0.0.10219431,25.87699548546613,NOT_ASSOCIATED,0.0.731861,0.0.3964804,
0.0.9509413,0.5738778157770867,NOT_ASSOCIATED,0.0.731861,0.0.3964804,
0.0.10157649,88.29252002539113,NOT_ASSOCIATED,0.0.731861,0.0.3964804,
0.0.10014449,0.7326317716977113,SUCCESS,0.0.731861,0.0.3964804,0.0.4138717@1774359839.315247998
0.0.4749526,546.114651223734,NOT_ASSOCIATED,0.0.731861,0.0.3964804,
0.0.10018534,236.7041951947794,SUCCESS,0.0.731861,0.0.3964804,0.0.4138717@1774359837.914042286
0.0.1704489,0.005390289864894921,NOT_ASSOCIATED,0.0.731861,0.0.3964804,
0.0.9584885,0.5095295018900664,SUCCESS,0.0.731861,0.0.3964804&0.0.5328590,0.0.4138717@1774359838.686057287
0.0.5060673,14.3265548689495,SUCCESS,0.0.731861,0.0.3964804,0.0.4138717@1774359837.525945169
0.0.816698,142.8479694298164,SUCCESS,0.0.731861,0.0.3964804,0.0.4138717@1774359842.445364353
0.0.820706,74.5216961524931,SUCCESS,0.0.731861,0.0.3964804,0.0.4138717@1774359838.940381740
0.0.4372819,0.2936143659443614,SUCCESS,0.0.731861,0.0.3964804,0.0.4138717@1774359841.353379647
0.0.10072624,0.5913101006043219,SUCCESS,0.0.731861,0.0.3964804,0.0.4138717@1774359840.851594085
0.0.1459068,0.6565018826840441,SUCCESS,0.0.731861,0.0.3964804,0.0.4138717@1774359845.417819633
0.0.9640903,35.47016548669605,SUCCESS,0.0.731861,0.0.3964804&0.0.3964834&0.0.4601632,0.0.4138717@1774359841.341943812
0.0.7903445,18.71037508154085,SUCCESS,0.0.731861,0.0.3964804,0.0.4138717@1774359843.515828088
0.0.9275976,338.627600184739,SUCCESS,0.0.731861,0.0.3964804&0.0.3964860,0.0.4138717@1774359845.415497796
0.0.9425366,116.897619944379,SUCCESS,0.0.731861,0.0.3964804,0.0.4138717@1774359844.326564603
0.0.9208631,22.59980617717289,SUCCESS,0.0.731861,0.0.3964804,0.0.4138717@1774359845.417485376
0.0.9362153,1.903788850909099,SUCCESS,0.0.731861,0.0.3964804,0.0.4138717@1774359844.337507939
0.0.1703381,8.409941835738024,SUCCESS,0.0.731861,0.0.3964804,0.0.4138717@1774359845.034507697
0.0.9317965,6.481212186653978,SUCCESS,0.0.731861,0.0.3964804,0.0.4138717@1774359846.561214877
0.0.9301506,0.06288061765828366,SUCCESS,0.0.731861,0.0.3964804,0.0.4138717@1774359849.212985133
0.0.9144627,437.9237542203912,SUCCESS,0.0.731861,0.0.3964804&0.0.4601632,0.0.4138717@1774359848.711665844
0.0.9177203,0.03020963547053367,SUCCESS,0.0.731861,0.0.3964804,0.0.4138717@1774359850.840637721
0.0.8188301,2.906988748252202,SUCCESS,0.0.731861,0.0.3964804,0.0.4138717@1774359848.100766479
0.0.8108637,0.001115026103150915,SUCCESS,0.0.731861,0.0.3964804&0.0.8315114,0.0.4138717@1774359847.462429367
0.0.8868403,0.2864120031982893,SUCCESS,0.0.731861,0.0.3964804,0.0.4138717@1774359849.857638012
0.0.9034617,0.4481770565755348,SUCCESS,0.0.731861,0.0.3964804,0.0.4138717@1774359849.460921782
0.0.9072874,7.432159716683568,SUCCESS,0.0.731861,0.0.3964804,0.0.4138717@1774359852.271005014
0.0.1365923,0.09791918459582098,SUCCESS,0.0.731861,0.0.3964804,0.0.4138717@1774359854.693626138
0.0.9593512,0.02080252858319492,SUCCESS,0.0.731861,0.0.3964804,0.0.4138717@1774359853.943559371
0.0.10044419,6.737095048144259,SUCCESS,0.0.731861,0.0.3964804,0.0.4138717@1774359850.433994914
0.0.10035663,2.932243583962162,SUCCESS,0.0.731861,0.0.3964804,0.0.4138717@1774359851.687021823
0.0.10034357,403.189935563361,SUCCESS,0.0.731861,0.0.3964804,0.0.4138717@1774359852.541997983
0.0.1400807,4.754369597294523,SUCCESS,0.0.731861,0.0.3964804,0.0.4138717@1774359852.280969158
0.0.9728042,851.0961538584138,SUCCESS,0.0.731861,0.0.3964804,0.0.4138717@1774359857.686791616
0.0.8414341,15.85546041772026,SUCCESS,0.0.731861,0.0.3964804,0.0.4138717@1774359855.624629154
0.0.8742796,22.15440637087147,SUCCESS,0.0.731861,0.0.3964804,0.0.4138717@1774359856.949696782
0.0.1412348,546.3033162642098,SUCCESS,0.0.731861,0.0.3964804,0.0.4138717@1774359858.796327374
0.0.9774219,0.03031438649196763,SUCCESS,0.0.731861,0.0.3964804,0.0.4138717@1774359859.205810121
0.0.1178547,3.840738847838371,SUCCESS,0.0.731861,0.0.3964804,0.0.4138717@1774359854.467082275
0.0.9707531,6612.058160378409,NOT_ASSOCIATED,0.0.731861,0.0.3964804,
0.0.9707528,2615.717358114663,NOT_ASSOCIATED,0.0.731861,0.0.3964804,
0.0.9652847,1.870784982634489,SUCCESS,0.0.731861,0.0.3964804,0.0.4138717@1774359857.999591982
0.0.9640625,0.08918324318139093,SUCCESS,0.0.731861,0.0.3964804,0.0.4138717@1774359855.380488760
0.0.9417458,25.94435833394063,SUCCESS,0.0.731861,0.0.3964804,0.0.4138717@1774359855.884509163
0.0.7142968,8.207600376102196,SUCCESS,0.0.731861,0.0.3964804,0.0.4138717@1774359859.170958427
0.0.7931472,1.123848513963962,SUCCESS,0.0.731861,0.0.3964804,0.0.4138717@1774359860.968747305
0.0.8002619,1.76437997789664,SUCCESS,0.0.731861,0.0.3964804,0.0.4138717@1774359859.712954859
0.0.7809201,0.000532993967748515,SUCCESS,0.0.731861,0.0.3964804,0.0.4138717@1774359859.343314092
0.0.7098838,4.002788419875559,SUCCESS,0.0.731861,0.0.3964804,0.0.4138717@1774359860.439705560
0.0.590682,0.1634370745255664,SUCCESS,0.0.731861,0.0.3964804,0.0.4138717@1774359860.635069931
0.0.832543,149.4634965697215,SUCCESS,0.0.731861,0.0.3964804,0.0.4138717@1774359862.141762426
0.0.4853191,0.04756254187861696,SUCCESS,0.0.731861,0.0.3964804,0.0.4138717@1774359863.325488686
0.0.1114728,0.04885277064639595,SUCCESS,0.0.731861,0.0.3964804,0.0.4138717@1774359866.050595994
0.0.8068660,0.04253624217889769,SUCCESS,0.0.731861,0.0.3964804,0.0.4138717@1774359866.434441580
0.0.5957081,2.571346175060876,SUCCESS,0.0.731861,0.0.3964804,0.0.4138717@1774359864.766147324
0.0.4561752,0.6202863468076658,SUCCESS,0.0.731861,0.0.3964804&0.0.6071041,0.0.4138717@1774359864.377205986
0.0.6334018,4.943675896295951,SUCCESS,0.0.731861,0.0.3964804,0.0.4138717@1774359864.618001785
0.0.5804427,10.11337811383061,SUCCESS,0.0.731861,0.0.3964804&0.0.4601632,0.0.4138717@1774359865.245358841
0.0.1956746,0.273251484635367,SUCCESS,0.0.731861,0.0.3964804,0.0.4138717@1774359867.133304039
0.0.6181303,140.5419402620388,SUCCESS,0.0.731861,0.0.3964804,0.0.4138717@1774359867.472462134
0.0.6063136,0.04444882081113763,SUCCESS,0.0.731861,0.0.3964804,0.0.4138717@1774359866.596139358
0.0.6064013,24.971988300154,SUCCESS,0.0.731861,0.0.3964804,0.0.4138717@1774359868.681682287
0.0.8152447,4.27740289595,SUCCESS,0.0.731861,0.0.3964804,0.0.4138717@1774359866.793788050
0.0.8281107,11.17564096093237,SUCCESS,0.0.731861,0.0.3964804&0.0.4601632,0.0.4138717@1774359870.465673945
0.0.8673292,135.4934746321904,SUCCESS,0.0.731861,0.0.3964804,0.0.4138717@1774359868.634631512
0.0.8602366,8.82877955457077,SUCCESS,0.0.731861,0.0.3964804,0.0.4138717@1774359867.571330801
0.0.8241599,11.05856538080806,SUCCESS,0.0.731861,0.0.3964804,0.0.4138717@1774359870.958982181
0.0.8548028,0.002093532548202066,SUCCESS,0.0.731861,0.0.3964804,0.0.4138717@1774359870.329088848
0.0.8304314,0.4326489731415645,SUCCESS,0.0.731861,0.0.3964804,0.0.4138717@1774359869.058500413
0.0.9720442,1.015014141894627,NOT_ASSOCIATED,0.0.731861,0.0.3964804,
0.0.8146497,10.2656844823278,SUCCESS,0.0.731861,0.0.3964804&0.0.5328590,0.0.4138717@1774359871.818349616
0.0.8120088,1.720330072336263,SUCCESS,0.0.731861,0.0.3964804,0.0.4138717@1774359873.661773621
0.0.8115823,0.666929957705382,SUCCESS,0.0.731861,0.0.3964804,0.0.4138717@1774359875.499320011
0.0.8104363,1769.166150426852,SUCCESS,0.0.731861,0.0.3964804,0.0.4138717@1774359872.486691233
0.0.8084528,275.223974722412,SUCCESS,0.0.731861,0.0.3964804,0.0.4138717@1774359875.304279350
0.0.5007636,1.331830553370312,NOT_ASSOCIATED,0.0.731861,0.0.3964804,
0.0.5761971,0.002315793338457216,SUCCESS,0.0.731861,0.0.3964804,0.0.4138717@1774359871.899679310
0.0.1906790,0.1683655740556915,SUCCESS,0.0.731861,0.0.3964804,0.0.4138717@1774359871.853170946
0.0.8178093,1.329455746523963,NOT_ASSOCIATED,0.0.731861,0.0.3964804,
0.0.8175769,1.067369335083316,SUCCESS,0.0.731861,0.0.3964804,0.0.4138717@1774359874.171338315
0.0.8173226,63.15363096360913,SUCCESS,0.0.731861,0.0.3964804,0.0.4138717@1774359876.076912126
0.0.8142528,0.3733688527742137,NOT_ASSOCIATED,0.0.731861,0.0.3964804,
0.0.3828375,187.1467232674302,SUCCESS,0.0.731861,0.0.3964804,0.0.4138717@1774359877.560063088
0.0.833836,32.36378590501106,SUCCESS,0.0.731861,0.0.3964804,0.0.4138717@1774359875.205240846
0.0.7997139,1.588905163863609,SUCCESS,0.0.731861,0.0.3964804,0.0.4138717@1774359873.990860817
0.0.4746343,0.02403732129799343,SUCCESS,0.0.731861,0.0.3964804,0.0.4138717@1774359877.125357624
0.0.7913251,0.9304545125693512,SUCCESS,0.0.731861,0.0.3964804,0.0.4138717@1774359879.294177815
0.0.8042105,1.551049301667347,NOT_ASSOCIATED,0.0.731861,0.0.3964804,
0.0.2477582,4.44166577354367,NOT_ASSOCIATED,0.0.731861,0.0.3964804,
0.0.8059253,7.392494451502993,SUCCESS,0.0.731861,0.0.3964804,0.0.4138717@1774359879.725633018
0.0.2006292,0.7899063293535107,SUCCESS,0.0.731861,0.0.3964804,0.0.4138717@1774359881.073622337
0.0.8156060,1.569184568714912,SUCCESS,0.0.731861,0.0.3964804,0.0.4138717@1774359877.869346332
0.0.8414409,0.2382377955993672,SUCCESS,0.0.731861,0.0.3964804,0.0.4138717@1774359877.772912426
0.0.1714233,4.263458235649308,SUCCESS,0.0.731861,0.0.3964804,0.0.4138717@1774359879.267396108
0.0.3077609,38.6388401287508,SUCCESS,0.0.731861,0.0.3964804,0.0.4138717@1774359878.753690846
0.0.8357089,9.398310807346164,NOT_ASSOCIATED,0.0.731861,0.0.3964804,
0.0.8357708,248.5885873546562,SUCCESS,0.0.731861,0.0.3964804,0.0.4138717@1774359879.162386163
0.0.8346544,44.75802674990049,NOT_ASSOCIATED,0.0.731861,0.0.3964804,
0.0.8323906,250.6572255781453,NOT_ASSOCIATED,0.0.731861,0.0.3964804,
0.0.7912110,0.004483350304137585,NOT_ASSOCIATED,0.0.731861,0.0.3964804,
0.0.8306798,55.30367125212783,SUCCESS,0.0.731861,0.0.3964804&0.0.3964808&0.0.3964827&0.0.5328590,0.0.4138717@1774359879.892665912
0.0.8298814,24.84775453969344,SUCCESS,0.0.731861,0.0.3964804,0.0.4138717@1774359881.494375237
0.0.7964752,0.06157042189951336,SUCCESS,0.0.731861,0.0.3964804,0.0.4138717@1774359881.689735378
0.0.2025203,1.230095258328775,SUCCESS,0.0.731861,0.0.3964804,0.0.4138717@1774359884.972912576
0.0.7049977,0.1233388508895522,NOT_ASSOCIATED,0.0.731861,0.0.3964804,
0.0.4867972,0.4908886886851814,SUCCESS,0.0.731861,0.0.3964804,0.0.4138717@1774359883.196193185
0.0.8209324,8.3792915244472,SUCCESS,0.0.731861,0.0.3964804,0.0.4138717@1774359882.261993187
0.0.3912896,2.567037388632948,SUCCESS,0.0.731861,0.0.3964804,0.0.4138717@1774359882.793286301
0.0.7421912,0.5985103902611433,SUCCESS,0.0.731861,0.0.3964804,0.0.4138717@1774359884.551958516
0.0.7791729,0.01317906747266684,NOT_ASSOCIATED,0.0.731861,0.0.3964804,
0.0.5739319,13.33231752978506,SUCCESS,0.0.731861,0.0.3964804,0.0.4138717@1774359885.201142299
0.0.7777028,8.654391476783125,NOT_ASSOCIATED,0.0.731861,0.0.3964804,
0.0.4752954,3.626800837875978,SUCCESS,0.0.731861,0.0.3964804,0.0.4138717@1774359884.446154278
0.0.7570262,1.089980072464873,SUCCESS,0.0.731861,0.0.3964804,0.0.4138717@1774359884.309261634
0.0.4250725,2.075558261179589,SUCCESS,0.0.731861,0.0.3964804,0.0.4138717@1774359886.527628807
0.0.2557514,13.46057213296255,SUCCESS,0.0.731861,0.0.3964804,0.0.4138717@1774359885.405880173
0.0.831661,34.67497177005784,SUCCESS,0.0.731861,0.0.3964804,0.0.4138717@1774359885.901647502
0.0.6256886,0.6091051447845781,SUCCESS,0.0.731861,0.0.3964804,0.0.4138717@1774359889.211638026
0.0.7638910,0.6113292325558444,SUCCESS,0.0.731861,0.0.3964804,0.0.4138717@1774359890.987746336
0.0.7610560,2.053962294130687,NOT_ASSOCIATED,0.0.731861,0.0.3964804,
0.0.707587,149.3868234453067,SUCCESS,0.0.731861,0.0.3964804,0.0.4138717@1774359890.675220916
0.0.8056304,7.567121943892353,NOT_ASSOCIATED,0.0.731861,0.0.3964804,
0.0.7974195,554.5048852526037,SUCCESS,0.0.731861,0.0.3964804,0.0.4138717@1774359889.068026183
0.0.7746903,1.122687324799397,SUCCESS,0.0.731861,0.0.3964804,0.0.4138717@1774359891.807648060
0.0.8032303,0.7769249120936348,SUCCESS,0.0.731861,0.0.3964804,0.0.4138717@1774359891.175824091
0.0.7965413,0.01324769437450636,NOT_ASSOCIATED,0.0.731861,0.0.3964804,
0.0.1481135,627.1200748162668,SUCCESS,0.0.731861,0.0.3964804&0.0.3964834&0.0.3964837&0.0.3964840&0.0.4601632,0.0.4138717@1774359891.167895124
0.0.7896816,215.2126409381382,NOT_ASSOCIATED,0.0.731861,0.0.3964804,
0.0.3947850,0.03628117353702688,SUCCESS,0.0.731861,0.0.3964804&0.0.5328590,0.0.4138717@1774359890.490290059
0.0.5905014,5.28230465761189,SUCCESS,0.0.731861,0.0.3964804,0.0.4138717@1774359890.338727797
0.0.5042398,22.83075544159184,SUCCESS,0.0.731861,0.0.3964804,0.0.4138717@1774359892.282002805
0.0.1479857,15.18929305540866,SUCCESS,0.0.731861,0.0.3964804,0.0.4138717@1774359892.283234082
0.0.7861872,0.1221360288041087,NOT_ASSOCIATED,0.0.731861,0.0.3964804,
0.0.7835479,0.4392750869227824,SUCCESS,0.0.731861,0.0.3964804&0.0.3964827,0.0.4138717@1774359893.303288232
0.0.9318048,0.2425662541041521,NOT_ASSOCIATED,0.0.731861,0.0.3964804,
0.0.9450539,15.35322892406028,NOT_ASSOCIATED,0.0.731861,0.0.3964804,
0.0.9444587,30.01490826431629,SUCCESS,0.0.731861,0.0.3964804,0.0.4138717@1774359891.854884736
0.0.9146353,37.87732454519959,SUCCESS,0.0.731861,0.0.3964804,0.0.4138717@1774359891.926815818
0.0.6160732,1.119562252864548,NOT_ASSOCIATED,0.0.731861,0.0.3964804,
0.0.4330332,8.57904549373161,SUCCESS,0.0.731861,0.0.3964804,0.0.4138717@1774359895.232296017
0.0.813564,0.01549385194522253,SUCCESS,0.0.731861,0.0.3964804,0.0.4138717@1774359895.697815901
0.0.9367202,0.02822250540310423,NOT_ASSOCIATED,0.0.731861,0.0.3964804,
0.0.1056474,61.59514709921053,SUCCESS,0.0.731861,0.0.3964804,0.0.4138717@1774359894.655694256
0.0.5159009,382.8212904942735,SUCCESS,0.0.731861,0.0.3964804,0.0.4138717@1774359897.421539390
0.0.8880678,0.3776631779827021,SUCCESS,0.0.731861,0.0.3964804,0.0.4138717@1774359895.111062646
0.0.9285770,1.692634573292368,NOT_ASSOCIATED,0.0.731861,0.0.3964804,
0.0.9275748,15.50097148153696,SUCCESS,0.0.731861,0.0.3964804&0.0.3964827,0.0.4138717@1774359895.287157247
0.0.4345655,42.52279646005003,SUCCESS,0.0.731861,0.0.3964804,0.0.4138717@1774359897.926712472
0.0.6068301,11.73962134624444,SUCCESS,0.0.731861,0.0.3964804&0.0.5328590,0.0.4138717@1774359900.627891532
0.0.8113254,6.635575411281835,SUCCESS,0.0.731861,0.0.3964804&0.0.4601632&0.0.5328590,0.0.4138717@1774359900.638170301
0.0.1862342,4.890182338052092,SUCCESS,0.0.731861,0.0.3964804,0.0.4138717@1774359897.120557457
0.0.8070994,24.53433268058805,NOT_ASSOCIATED,0.0.731861,0.0.3964804,
0.0.3012601,38.84669104689171,SUCCESS,0.0.731861,0.0.3964804&0.0.5328590,0.0.4138717@1774359898.832880544
0.0.5012902,0.1077743388688616,SUCCESS,0.0.731861,0.0.3964804,0.0.4138717@1774359896.814270552
0.0.9636419,5.909381010347902,NOT_ASSOCIATED,0.0.731861,0.0.3964804,
0.0.5805332,18.91762844803262,SUCCESS,0.0.731861,0.0.3964804,0.0.4138717@1774359898.501766464
0.0.9602777,0.2705622622495943,NOT_ASSOCIATED,0.0.731861,0.0.3964804,
0.0.9590994,178.6087618949551,NOT_ASSOCIATED,0.0.731861,0.0.3964804,
0.0.8080965,0.1492333570494113,NOT_ASSOCIATED,0.0.731861,0.0.3964804,
0.0.8246604,0.02687689619335362,SUCCESS,0.0.731861,0.0.3964804,0.0.4138717@1774359900.158078780
0.0.190191,1.173825658075835,NOT_ASSOCIATED,0.0.731861,0.0.3964804,
0.0.5316018,186.8326001800706,SUCCESS,0.0.731861,0.0.3964804&0.0.3964827&0.0.5328590&0.0.6071119,0.0.4138717@1774359903.024929143
0.0.9504249,29.68003857158926,SUCCESS,0.0.731861,0.0.3964804,0.0.4138717@1774359901.858673660
0.0.9364762,0.5803872278505454,SUCCESS,0.0.731861,0.0.3964804&0.0.5328590,0.0.4138717@1774359904.663321525
0.0.887615,0.1622798770435097,SUCCESS,0.0.731861,0.0.3964804,0.0.4138717@1774359902.678062881
0.0.8256574,0.988096251135584,SUCCESS,0.0.731861,0.0.3964804&0.0.3964808,0.0.4138717@1774359904.183228760
0.0.9095016,28.99670181163346,NOT_ASSOCIATED,0.0.731861,0.0.3964804,
0.0.9065767,11.312754865684,SUCCESS,0.0.731861,0.0.3964804,0.0.4138717@1774359903.472814216
0.0.9009997,6.205482330250594,NOT_ASSOCIATED,0.0.731861,0.0.3964804,
0.0.7788265,2.737426102559594,NOT_ASSOCIATED,0.0.731861,0.0.3964804,
0.0.8792600,0.04420682745717795,NOT_ASSOCIATED,0.0.731861,0.0.3964804,
0.0.2091507,44.0104342912968,SUCCESS,0.0.731861,0.0.3964804,0.0.4138717@1774359902.487551042
0.0.7571260,0.7344455700059296,SUCCESS,0.0.731861,0.0.3964804,0.0.4138717@1774359900.920664596
0.0.8585468,0.01364113834957586,SUCCESS,0.0.731861,0.0.3964804,0.0.4138717@1774359906.586960503
0.0.1365814,4.581543675177266,SUCCESS,0.0.731861,0.0.3964804,0.0.4138717@1774359905.866915046
0.0.1459865,25.12348781446134,NOT_ASSOCIATED,0.0.731861,0.0.3964804,
0.0.5524338,0.7241490093063103,SUCCESS,0.0.731861,0.0.3964804,0.0.4138717@1774359908.696141154
0.0.8198608,5.961727388478153,SUCCESS,0.0.731861,0.0.3964804,0.0.4138717@1774359907.187854914
0.0.8385016,4.8755358905692,SUCCESS,0.0.731861,0.0.3964804,0.0.4138717@1774359905.860860796
0.0.8392843,5.416781758645037,NOT_ASSOCIATED,0.0.731861,0.0.3964804,
0.0.9196038,2.719075758341841,SUCCESS,0.0.731861,0.0.3964804,0.0.4138717@1774359908.695543407
0.0.1118731,0.2241013161030318,SUCCESS,0.0.731861,0.0.3964804,0.0.4138717@1774359906.210058052
0.0.1403937,0.1281866282638129,SUCCESS,0.0.731861,0.0.3964804,0.0.4138717@1774359907.444523560
0.0.9177141,0.7620577786265578,NOT_ASSOCIATED,0.0.731861,0.0.3964804,
0.0.9086562,0.01670448956044296,SUCCESS,0.0.731861,0.0.3964804,0.0.4138717@1774359907.446269233
0.0.5437974,13.7771397354592,SUCCESS,0.0.731861,0.0.3964804,0.0.4138717@1774359907.517830221
0.0.9169121,4.819281865970415,SUCCESS,0.0.731861,0.0.3964804,0.0.4138717@1774359910.217116207
0.0.958821,233.7090169061759,SUCCESS,0.0.731861,0.0.3964804,0.0.4138717@1774359910.100275851
0.0.53756,51.30533961473337,SUCCESS,0.0.731861,0.0.3964804,0.0.4138717@1774359911.369649363
0.0.689277,118.1705627741486,SUCCESS,0.0.731861,0.0.3964804,0.0.4138717@1774359910.566749955
0.0.1090802,1.076808837428998,SUCCESS,0.0.731861,0.0.3964804,0.0.4138717@1774359910.627728441
0.0.3327498,15.90671746490574,SUCCESS,0.0.731861,0.0.3964804,0.0.4138717@1774359913.686448707
0.0.4319631,1.315441354252151,SUCCESS,0.0.731861,0.0.3964804,0.0.4138717@1774359911.227248991
0.0.1048940,19.11329120515437,SUCCESS,0.0.731861,0.0.3964804&0.0.5328590,0.0.4138717@1774359912.324155278
0.0.3945405,0.0054894756426012,SUCCESS,0.0.731861,0.0.3964804,0.0.4138717@1774359911.974123741
0.0.1104374,472.3300696689014,SUCCESS,0.0.731861,0.0.3964804,0.0.4138717@1774359915.828974837
0.0.1350500,14.46058066822594,SUCCESS,0.0.731861,0.0.3964804&0.0.3964840&0.0.6071119&0.0.6078473,0.0.4138717@1774359915.670111479
0.0.1121794,2.12448713729976,SUCCESS,0.0.731861,0.0.3964804,0.0.4138717@1774359913.053496926
0.0.3872024,23.50544926882861,SUCCESS,0.0.731861,0.0.3964804,0.0.4138717@1774359916.234219785
0.0.833050,254.2335147464115,SUCCESS,0.0.731861,0.0.3964804&0.0.3964809,0.0.4138717@1774359916.589431372
0.0.1313705,9.382769530249432,SUCCESS,0.0.731861,0.0.3964804,0.0.4138717@1774359917.347936530
0.0.1018824,90.68930401338258,SUCCESS,0.0.731861,0.0.3964804&0.0.3964837&0.0.3964840&0.0.5328590,0.0.4138717@1774359917.389455180
0.0.4161393,94.05085664743021,SUCCESS,0.0.731861,0.0.3964804&0.0.3964837,0.0.4138717@1774359919.121035058
0.0.3768895,0.0164122426936775,SUCCESS,0.0.731861,0.0.3964804,0.0.4138717@1774359916.044703578
0.0.1097802,20.3544122198708,SUCCESS,0.0.731861,0.0.3964804,0.0.4138717@1774359917.606055451
0.0.1877641,9.665130205168431,SUCCESS,0.0.731861,0.0.3964804,0.0.4138717@1774359920.455164813
0.0.1478185,24.1853704287881,SUCCESS,0.0.731861,0.0.3964804,0.0.4138717@1774359921.222860008
0.0.835670,9.631871231101787,SUCCESS,0.0.731861,0.0.3964804&0.0.4601632,0.0.4138717@1774359917.930891323
0.0.4138268,109.1733004114346,SUCCESS,0.0.731861,0.0.3964804,0.0.4138717@1774359918.936697513
0.0.2145447,79.67882471136238,SUCCESS,0.0.731861,0.0.3964804,0.0.4138717@1774359919.462834840
0.0.4351860,15.02823935275604,NOT_ASSOCIATED,0.0.731861,0.0.3964804,
0.0.4356553,0.2438427558284757,SUCCESS,0.0.731861,0.0.3964804,0.0.4138717@1774359922.506555300
0.0.4333378,0.07126679739266961,SUCCESS,0.0.731861,0.0.3964804,0.0.4138717@1774359923.450582029
0.0.4368518,0.6754357802304845,SUCCESS,0.0.731861,0.0.3964804,0.0.4138717@1774359922.808082310
0.0.4360122,1.702543542924451,SUCCESS,0.0.731861,0.0.3964804,0.0.4138717@1774359923.186991722
0.0.4369285,2536.280682638814,SUCCESS,0.0.731861,0.0.3964804&0.0.5328590,0.0.4138717@1774359922.663167655
0.0.1728462,1.710751065345278,SUCCESS,0.0.731861,0.0.3964804,0.0.4138717@1774359923.264792852
0.0.4341116,3.619155727263201,SUCCESS,0.0.731861,0.0.3964804,0.0.4138717@1774359924.166586191
0.0.3023498,4.677876628544595,SUCCESS,0.0.731861,0.0.3964804,0.0.4138717@1774359925.463598862
0.0.4356154,2.581402866761806,SUCCESS,0.0.731861,0.0.3964804&0.0.5328590,0.0.4138717@1774359925.281025846
0.0.859565,99.45239092637055,SUCCESS,0.0.731861,0.0.3964804,0.0.4138717@1774359924.721368192
0.0.1092596,30.79724451887705,SUCCESS,0.0.731861,0.0.3964804&0.0.3964837&0.0.3964860&0.0.4601632,0.0.4138717@1774359924.928282118
0.0.2150506,0.8514743725844777,SUCCESS,0.0.731861,0.0.3964804,0.0.4138717@1774359928.846230725
0.0.4345412,1.369094938761124,SUCCESS,0.0.731861,0.0.3964804,0.0.4138717@1774359927.587905275
0.0.4345654,674.3083817313399,SUCCESS,0.0.731861,0.0.3964804,0.0.4138717@1774359930.447277421
0.0.842806,1017.29582655865,SUCCESS,0.0.731861,0.0.3964804,0.0.4138717@1774359927.559792794
0.0.1088670,2.990110057882867,SUCCESS,0.0.731861,0.0.3964804,0.0.4138717@1774359927.420063845
0.0.4337103,0.0194290351192473,SUCCESS,0.0.731861,0.0.3964804,0.0.4138717@1774359929.974878240
0.0.3291464,0.187863212228806,SUCCESS,0.0.731861,0.0.3964804,0.0.4138717@1774359927.439391089
0.0.846778,527.0274785614778,SUCCESS,0.0.731861,0.0.3964804,0.0.4138717@1774359931.676775116
0.0.10284472,53.53749765407841,SUCCESS,0.0.731861,0.0.3964804,0.0.4138717@1774359931.558218673
0.0.10244829,0.2544327976122772,SUCCESS,0.0.731861,0.0.3964804,0.0.4138717@1774359934.040895811
0.0.9774619,283.0683884103155,SUCCESS,0.0.731861,0.0.3964804&0.0.5328590,0.0.4138717@1774359934.398564555
0.0.10267166,279.5690145998173,NOT_ASSOCIATED,0.0.731861,0.0.3964804,
0.0.10267167,10.69508323017332,NOT_ASSOCIATED,0.0.731861,0.0.3964804,
0.0.9377932,1.668864523914099,SUCCESS,0.0.731861,0.0.3964804,0.0.4138717@1774359931.541337758
0.0.10277044,56.21642731546516,SUCCESS,0.0.731861,0.0.3964804,0.0.4138717@1774359933.415747802
0.0.10278094,3.691712186162151,NOT_ASSOCIATED,0.0.731861,0.0.3964804,
0.0.9234350,11.76972875558172,SUCCESS,0.0.731861,0.0.3964804,0.0.4138717@1774359931.786870286
0.0.9270286,0.2636246679720723,SUCCESS,0.0.731861,0.0.3964804,0.0.4138717@1774359932.692845418
0.0.1316658,7.323303973788294,SUCCESS,0.0.731861,0.0.3964804,0.0.4138717@1774359933.435181982
0.0.1920276,21.86230898968047,SUCCESS,0.0.731861,0.0.3964804,0.0.4138717@1774359933.674412772
0.0.9946813,0.07257504927276247,SUCCESS,0.0.731861,0.0.3964804,0.0.4138717@1774359933.036691710
0.0.10307970,0.006873241661614219,NOT_ASSOCIATED,0.0.731861,0.0.3964804,
0.0.10308209,1.025710941965633,NOT_ASSOCIATED,0.0.731861,0.0.3964804,
0.0.4157253,314.4095960413425,SUCCESS,0.0.731861,0.0.3964804,0.0.4138717@1774359935.621054087
0.0.9210303,8.266974892302866,SUCCESS,0.0.731861,0.0.3964804,0.0.4138717@1774359935.990499416
0.0.10227517,13.16207811125088,SUCCESS,0.0.731861,0.0.3964804,0.0.4138717@1774359934.490673445
0.0.10035851,182.502400885716,SUCCESS,0.0.731861,0.0.3964804,0.0.4138717@1774359937.720383261
0.0.859149,167.4306583454997,SUCCESS,0.0.731861,0.0.3964804,0.0.4138717@1774359935.081227523
0.0.1448131,2.340105397917841,SUCCESS,0.0.731861,0.0.3964804,0.0.4138717@1774359938.596558862
0.0.1425322,70.64392439395041,SUCCESS,0.0.731861,0.0.3964804&0.0.5328590,0.0.4138717@1774359938.964744021
0.0.1088394,226.1307239518741,SUCCESS,0.0.731861,0.0.3964804&0.0.3964860&0.0.3964840&0.0.5328590&0.0.6078473&0.0.8315114,0.0.4138717@1774359937.547785816
0.0.1432019,30.60024912370961,SUCCESS,0.0.731861,0.0.3964804,0.0.4138717@1774359938.162018507
0.0.837554,682.9636714348181,SUCCESS,0.0.731861,0.0.3964804&0.0.3964808&0.0.4601632,0.0.4138717@1774359937.239764142
0.0.481717,2.023631639633015,SUCCESS,0.0.731861,0.0.3964804,0.0.4138717@1774359940.061545488
0.0.965222,234.1693307961157,SUCCESS,0.0.731861,0.0.3964804&0.0.3964825,0.0.4138717@1774359941.393133363
0.0.7662545,0.04071375432296318,NOT_ASSOCIATED,0.0.731861,0.0.3964804,
0.0.10115705,0.00404410022197853,SUCCESS,0.0.731861,0.0.3964804,0.0.4138717@1774359942.688615500
0.0.10133721,25.44538888787782,SUCCESS,0.0.731861,0.0.3964804,0.0.4138717@1774359943.256526161
0.0.10164472,7476.169955897333,SUCCESS,0.0.731861,0.0.3964804,0.0.4138717@1774359941.715093721
0.0.10088400,2.342255192096772,SUCCESS,0.0.731861,0.0.3964804,0.0.4138717@1774359941.274931998
0.0.10190094,2014.934633262192,SUCCESS,0.0.731861,0.0.3964804,0.0.4138717@1774359941.521032052
0.0.818498,0.09398638673661086,SUCCESS,0.0.731861,0.0.3964804,0.0.4138717@1774359941.611779023
0.0.7989176,101.4695361246407,SUCCESS,0.0.731861,0.0.3964804,0.0.4138717@1774359946.304560925
0.0.3959322,93.6951912009972,SUCCESS,0.0.731861,0.0.3964804,0.0.4138717@1774359942.845748469
0.0.10248120,2.957255080988424,SUCCESS,0.0.731861,0.0.3964804,0.0.4138717@1774359945.797954134
0.0.1463629,1.21729240003871,SUCCESS,0.0.731861,0.0.3964804,0.0.4138717@1774359947.380953600
0.0.6004536,0.523383271773222,SUCCESS,0.0.731861,0.0.3964804,0.0.4138717@1774359944.805060652
0.0.6157135,5367.010995484685,SUCCESS,0.0.731861,0.0.3964804&0.0.3964827&0.0.3964837,0.0.4138717@1774359946.896665153
0.0.2967389,4.184587060797625,SUCCESS,0.0.731861,0.0.3964804,0.0.4138717@1774359948.483707027
0.0.6416166,8.191641502678404,SUCCESS,0.0.731861,0.0.3964804,0.0.4138717@1774359949.625383999
0.0.4314332,38.7645710159348,SUCCESS,0.0.731861,0.0.3964804,0.0.4138717@1774359948.501311732
0.0.3048811,1156.677676734299,SUCCESS,0.0.731861,0.0.3964804&0.0.4601632&0.0.5328590&0.0.6071041,0.0.4138717@1774359947.529756302
0.0.6828202,223.7330244190582,SUCCESS,0.0.731861,0.0.3964804&0.0.4601632,0.0.4138717@1774359946.109831388
0.0.6852334,19.63567215950355,SUCCESS,0.0.731861,0.0.3964804,0.0.4138717@1774359949.794387546
0.0.433061,1.311343117993085,SUCCESS,0.0.731861,0.0.3964804&0.0.3964860,0.0.4138717@1774359951.062002797
0.0.5957030,17.72256883783028,NOT_ASSOCIATED,0.0.731861,0.0.3964804,
0.0.6275653,0.1218474146707135,SUCCESS,0.0.731861,0.0.3964804,0.0.4138717@1774359948.895416759
0.0.6154587,126.5694149816362,SUCCESS,0.0.731861,0.0.3964804,0.0.4138717@1774359951.214041679
0.0.5746207,424.8940486873047,SUCCESS,0.0.731861,0.0.3964804,0.0.4138717@1774359953.627082362
0.0.6139137,6.703285590755388,SUCCESS,0.0.731861,0.0.3964804,0.0.4138717@1774359950.439170186
0.0.753351,4.447850002282591,SUCCESS,0.0.731861,0.0.3964804,0.0.4138717@1774359951.241485996
0.0.5068116,0.366591853565034,NOT_ASSOCIATED,0.0.731861,0.0.3964804,
0.0.7290965,6.113181764731206,SUCCESS,0.0.731861,0.0.3964804,0.0.4138717@1774359950.712054930
0.0.1524063,41.11116980920902,SUCCESS,0.0.731861,0.0.3964804,0.0.4138717@1774359952.551316496
0.0.3872629,4.624975662960729,SUCCESS,0.0.731861,0.0.3964804,0.0.4138717@1774359954.009120968
0.0.7631749,0.03002483232375892,SUCCESS,0.0.731861,0.0.3964804,0.0.4138717@1774359953.156434939
0.0.794930,0.5084904398645202,SUCCESS,0.0.731861,0.0.3964804,0.0.4138717@1774359957.239782572
0.0.3687848,64.11130858407935,SUCCESS,0.0.731861,0.0.3964804,0.0.4138717@1774359957.882288714
0.0.892270,116.5346813824483,SUCCESS,0.0.731861,0.0.3964804,0.0.4138717@1774359957.061232861
0.0.3728114,53.00508397172412,SUCCESS,0.0.731861,0.0.3964804,0.0.4138717@1774359956.471531591
0.0.4535053,23.28435132855171,SUCCESS,0.0.731861,0.0.3964804,0.0.4138717@1774359955.106691864
0.0.1124401,35.44941410319329,SUCCESS,0.0.731861,0.0.3964804,0.0.4138717@1774359958.035187154
0.0.857760,3.024868588866292,SUCCESS,0.0.731861,0.0.3964804&0.0.3964827,0.0.4138717@1774359957.938879966
0.0.7312670,9.221683261912307,SUCCESS,0.0.731861,0.0.3964804,0.0.4138717@1774359957.255180717
0.0.1102543,103.7362926909702,SUCCESS,0.0.731861,0.0.3964804,0.0.4138717@1774359958.168405249
0.0.662621,3.91429055398747,SUCCESS,0.0.731861,0.0.3964804,0.0.4138717@1774359960.403396277
0.0.6475509,1.602167395367708,SUCCESS,0.0.731861,0.0.3964804,0.0.4138717@1774359962.100266331
0.0.7450449,5.34890642199307,NOT_ASSOCIATED,0.0.731861,0.0.3964804,
0.0.3165925,0.5680064879193218,SUCCESS,0.0.731861,0.0.3964804,0.0.4138717@1774359961.007025615
0.0.5421455,0.04347131814582679,SUCCESS,0.0.731861,0.0.3964804,0.0.4138717@1774359962.819893468
0.0.805713,186.22057805148,SUCCESS,0.0.731861,0.0.3964804,0.0.4138717@1774359958.978939042
0.0.5315914,17.57169599306218,SUCCESS,0.0.731861,0.0.3964804,0.0.4138717@1774359961.151292856
0.0.838198,31.66776116938067,SUCCESS,0.0.731861,0.0.3964804&0.0.3964855&0.0.3964840&0.0.4601632&0.0.6071119,0.0.4138717@1774359959.169016418
0.0.4327294,0.1708762237098454,SUCCESS,0.0.731861,0.0.3964804,0.0.4138717@1774359959.907316701
0.0.728698,12.98924303508569,SUCCESS,0.0.731861,0.0.3964804&0.0.4601632,0.0.4138717@1774359960.059236713
0.0.1402758,311.651580039374,SUCCESS,0.0.731861,0.0.3964804&0.0.3964837,0.0.4138717@1774359961.396028104
0.0.6048714,581.7778111609914,SUCCESS,0.0.731861,0.0.3964804&0.0.10018365,0.0.4138717@1774359964.267429190
0.0.1357334,1.790743527686768,SUCCESS,0.0.731861,0.0.3964804,0.0.4138717@1774359964.725616112
0.0.4639295,6.265036302790379,SUCCESS,0.0.731861,0.0.3964804,0.0.4138717@1774359966.749545568
0.0.835055,92.95625225180495,SUCCESS,0.0.731861,0.0.3964804,0.0.4138717@1774359962.701149930
0.0.4358173,291.0047621202685,SUCCESS,0.0.731861,0.0.3964804&0.0.4601632&0.0.6126395,0.0.4138717@1774359963.176525588
0.0.4965217,2.282368244901984,SUCCESS,0.0.731861,0.0.3964804,0.0.4138717@1774359963.138805533
0.0.3967246,5.065331356313568,SUCCESS,0.0.731861,0.0.3964804,0.0.4138717@1774359967.287045866
0.0.5495538,12.3215109045534,SUCCESS,0.0.731861,0.0.3964804&0.0.3964860&0.0.4601632,0.0.4138717@1774359964.638520521
0.0.4533464,1.357979271668264,SUCCESS,0.0.731861,0.0.3964804,0.0.4138717@1774359964.282116238
0.0.859649,1.85816179793088,SUCCESS,0.0.731861,0.0.3964804,0.0.4138717@1774359967.737174974
0.0.5147407,3.993624067939314,SUCCESS,0.0.731861,0.0.3964804,0.0.4138717@1774359966.968698330
0.0.796454,408.7701035088073,SUCCESS,0.0.731861,0.0.3964804,0.0.4138717@1774359968.200700208
0.0.3937438,3.076207249721292,SUCCESS,0.0.731861,0.0.3964804,0.0.4138717@1774359971.446405474
0.0.5023507,101.6791729823283,SUCCESS,0.0.731861,0.0.3964804&0.0.4601632&0.0.5328590,0.0.4138717@1774359971.175328185
0.0.4589167,0.2233580796384323,NOT_ASSOCIATED,0.0.731861,0.0.3964804,
0.0.4717832,2.277754274971862,SUCCESS,0.0.731861,0.0.3964804,0.0.4138717@1774359968.587488642
0.0.4410999,9.190644638805658,SUCCESS,0.0.731861,0.0.3964804&0.0.3964827,0.0.4138717@1774359972.770678709
0.0.4351736,0.1608774550760875,SUCCESS,0.0.731861,0.0.3964804,0.0.4138717@1774359972.450279372
0.0.5698429,0.06870086851743788,SUCCESS,0.0.731861,0.0.3964804,0.0.4138717@1774359969.417937972
0.0.1643938,1413.33034157061,SUCCESS,0.0.731861,0.0.3964804,0.0.4138717@1774359969.230499085
0.0.8244642,96.21416476836154,SUCCESS,0.0.731861,0.0.3964804,0.0.4138717@1774359970.025991647
0.0.732615,8338.32706629407,SUCCESS,0.0.731861,0.0.3964804&0.0.3964808,0.0.4138717@1774359974.568539661
0.0.9251120,4.768805760939305,SUCCESS,0.0.731861,0.0.3964804,0.0.4138717@1774359973.352311176
0.0.875102,0.02951824897641802,SUCCESS,0.0.731861,0.0.3964804,0.0.4138717@1774359971.855448329
0.0.9812108,0.4226899385388267,SUCCESS,0.0.731861,0.0.3964804,0.0.4138717@1774359975.742911346
0.0.851469,0.04189228543300856,SUCCESS,0.0.731861,0.0.3964804,0.0.4138717@1774359972.502720713
0.0.1302274,0.1737607902087005,SUCCESS,0.0.731861,0.0.3964804,0.0.4138717@1774359974.356818260
0.0.9320212,1.618492103100546,SUCCESS,0.0.731861,0.0.3964804,0.0.4138717@1774359977.191341413
0.0.1452020,0.09254164152699682,SUCCESS,0.0.731861,0.0.3964804,0.0.4138717@1774359976.315855687
0.0.793748,1370.174713976425,SUCCESS,0.0.731861,0.0.3964804,0.0.4138717@1774359977.906113590
0.0.9178066,26.97327655910136,SUCCESS,0.0.731861,0.0.3964804&0.0.3964827,0.0.4138717@1774359976.482506643
0.0.10359238,0.4854690497779913,SUCCESS,0.0.731861,0.0.3964804,0.0.4138717@1774359979.815052088
0.0.823147,48.51418919594722,SUCCESS,0.0.731861,0.0.3964804,0.0.4138717@1774359978.723952425
0.0.6270761,32.99803769250766,SUCCESS,0.0.731861,0.0.3964804,0.0.4138717@1774359975.950087073
0.0.5795981,2.445590463637062,SUCCESS,0.0.731861,0.0.3964804,0.0.4138717@1774359978.086412762
0.0.8352642,107.9282450846156,SUCCESS,0.0.731861,0.0.3964804&0.0.4601632,0.0.4138717@1774359977.372507418
0.0.5807966,0.002356187536329217,SUCCESS,0.0.731861,0.0.3964804,0.0.4138717@1774359979.057192545
0.0.9360820,28.77611296841224,SUCCESS,0.0.731861,0.0.3964804,0.0.4138717@1774359980.478081723
0.0.9739439,0.195004980589337,SUCCESS,0.0.731861,0.0.3964804,0.0.4138717@1774359979.049714046
0.0.8640197,2.038572068733207,SUCCESS,0.0.731861,0.0.3964804,0.0.4138717@1774359983.589182100
0.0.10178497,60.97589114398748,SUCCESS,0.0.731861,0.0.3964804,0.0.4138717@1774359983.263837998
0.0.8273575,3.615993690733369,SUCCESS,0.0.731861,0.0.3964804,0.0.4138717@1774359983.603042105
0.0.7865510,91.05931145002252,SUCCESS,0.0.731861,0.0.3964804,0.0.4138717@1774359982.288180496
0.0.7581801,0.05010784731333637,SUCCESS,0.0.731861,0.0.3964804,0.0.4138717@1774359982.816722593
0.0.2216740,846.4716350424308,SUCCESS,0.0.731861,0.0.3964804,0.0.4138717@1774359983.816573959
0.0.8198609,76.68329092425417,SUCCESS,0.0.731861,0.0.3964804,0.0.4138717@1774359984.589746397
0.0.7313800,1331.15784482754,SUCCESS,0.0.731861,0.0.3964804&0.0.3964840,0.0.4138717@1774359981.901053730
0.0.1395051,0.2269677869313791,SUCCESS,0.0.731861,0.0.3964804,0.0.4138717@1774359983.765380496
0.0.1860252,0.1361415957308842,SUCCESS,0.0.731861,0.0.3964804,0.0.4138717@1774359986.027426413
0.0.1106819,10.42430192836198,SUCCESS,0.0.731861,0.0.3964804,0.0.4138717@1774359985.544535482
0.0.9112742,11.87950590564926,SUCCESS,0.0.731861,0.0.3964804,0.0.4138717@1774359984.780515850
0.0.435679,1592.102413788925,SUCCESS,0.0.731861,0.0.3964804&0.0.3964808&0.0.3964827&0.0.5328590,0.0.4138717@1774359984.953328627
0.0.7965433,2.840515243591936,SUCCESS,0.0.731861,0.0.3964804&0.0.3964827,0.0.4138717@1774359986.084112118
0.0.4393392,0.07223423289729305,NOT_ASSOCIATED,0.0.731861,0.0.3964804,
0.0.4731571,0.1076234405029076,SUCCESS,0.0.731861,0.0.3964804,0.0.4138717@1774359988.154363334
0.0.1008009,25.90551881127863,SUCCESS,0.0.731861,0.0.3964804&0.0.3964855&0.0.4601632&0.0.5328590,0.0.4138717@1774359987.346275590
0.0.10358044,970.314609817956,SUCCESS,0.0.731861,0.0.3964804,0.0.4138717@1774359987.823364898
0.0.1686527,2.827054129085635,SUCCESS,0.0.731861,0.0.3964804,0.0.4138717@1774359992.383292485
0.0.933942,0.05123740209998946,SUCCESS,0.0.731861,0.0.3964804,0.0.4138717@1774359992.435046247
0.0.8309441,2.940660288829884,SUCCESS,0.0.731861,0.0.3964804,0.0.4138717@1774359990.209511206
0.0.4184148,0.7968557803133707,SUCCESS,0.0.731861,0.0.3964804,0.0.4138717@1774359990.975085607
0.0.1198079,78.26233193769713,SUCCESS,0.0.731861,0.0.3964804,0.0.4138717@1774359990.502815184
0.0.8023334,14.07970442312427,SUCCESS,0.0.731861,0.0.3964804,0.0.4138717@1774359992.384277227
0.0.8570223,15.15296783190549,SUCCESS,0.0.731861,0.0.3964804,0.0.4138717@1774359993.906792969
0.0.885953,413.8161730876732,SUCCESS,0.0.731861,0.0.3964804,0.0.4138717@1774359991.668621525
0.0.1067361,3171.633064987256,SUCCESS,0.0.731861,0.0.3964804&0.0.5328590,0.0.4138717@1774359995.078052493
0.0.10025532,0.00767103710164532,SUCCESS,0.0.731861,0.0.3964804,0.0.4138717@1774359994.861005218
0.0.3709566,1.70925258247726,SUCCESS,0.0.731861,0.0.3964804,0.0.4138717@1774359998.067580547
0.0.8213379,0.03118493031206762,SUCCESS,0.0.731861,0.0.3964804,0.0.4138717@1774359994.188986110
0.0.4231312,4.665228923455905,SUCCESS,0.0.731861,0.0.3964804,0.0.4138717@1774359997.694196436
0.0.10359145,6.709100919988282,SUCCESS,0.0.731861,0.0.3964804,0.0.4138717@1774359996.969875218
0.0.1088074,166.3145053345605,SUCCESS,0.0.731861,0.0.3964804&0.0.3964860&0.0.4601632,0.0.4138717@1774359998.294012715
0.0.7553528,866.0258621829773,SUCCESS,0.0.731861,0.0.3964804,0.0.4138717@1774359997.027011976
0.0.4821795,2.527859197340896,SUCCESS,0.0.731861,0.0.3964804,0.0.4138717@1774360001.129517853
0.0.1321462,7.051234980012235,SUCCESS,0.0.731861,0.0.3964804,0.0.4138717@1774360001.838295554
0.0.4766806,9.99180476837976,SUCCESS,0.0.731861,0.0.3964804&0.0.3964808,0.0.4138717@1774360000.784096404
0.0.6076526,2.2405727073999,SUCCESS,0.0.731861,0.0.3964804,0.0.4138717@1774359999.314111024
0.0.4350498,0.00004458421315954749,SUCCESS,0.0.731861,0.0.3964804,0.0.4138717@1774360003.305086893
0.0.815643,26.0338368790169,SUCCESS,0.0.731861,0.0.3964804,0.0.4138717@1774360003.332088244
0.0.1091899,120.1688352434725,SUCCESS,0.0.731861,0.0.3964804,0.0.4138717@1774360001.067123295
0.0.1745725,27.18457466777213,SUCCESS,0.0.731861,0.0.3964804,0.0.4138717@1774359999.560512695
0.0.8131527,0.1207391026857692,NOT_ASSOCIATED,0.0.731861,0.0.3964804,
0.0.6908258,0.949723350786064,SUCCESS,0.0.731861,0.0.3964804,0.0.4138717@1774360005.876075628
0.0.684625,29.69890846979803,SUCCESS,0.0.731861,0.0.3964804&0.0.3964860,0.0.4138717@1774360004.554167930
0.0.1190213,28.12798548253474,SUCCESS,0.0.731861,0.0.3964804,0.0.4138717@1774360006.668108193
0.0.10256319,107.0379347848642,SUCCESS,0.0.731861,0.0.3964804,0.0.4138717@1774360002.781601166
0.0.3953598,42.55602099225085,SUCCESS,0.0.731861,0.0.3964804,0.0.4138717@1774360006.584544375
0.0.10356782,9.56281755973,SUCCESS,0.0.731861,0.0.3964804&0.0.4601632,0.0.4138717@1774360003.989938612
0.0.10048918,431.3011654181016,SUCCESS,0.0.731861,0.0.3964804&0.0.3964840,0.0.4138717@1774360003.700999795
0.0.10151415,9.358162678849164,SUCCESS,0.0.731861,0.0.3964804,0.0.4138717@1774360004.982092505
0.0.7582729,1645.14082331239,SUCCESS,0.0.731861,0.0.3964808,0.0.4138717@1774360008.708415313
0.0.4179053,0.2081231713492388,SUCCESS,0.0.731861,0.0.3964808,0.0.4138717@1774360008.842071871
0.0.6235543,22.16943555173626,SUCCESS,0.0.731861,0.0.3964808,0.0.4138717@1774360005.976885417
0.0.1005072,12.41753327430614,SUCCESS,0.0.731861,0.0.3964808,0.0.4138717@1774360008.181991522
0.0.4342823,1.09821870532063,SUCCESS,0.0.731861,0.0.3964808,0.0.4138717@1774360009.869359194
0.0.811544,22.04115398690164,SUCCESS,0.0.731861,0.0.3964808,0.0.4138717@1774360010.465193068
0.0.2031271,0.3739488696751659,SUCCESS,0.0.731861,0.0.3964808,0.0.4138717@1774360009.504024499
0.0.7710944,0.5582843182722913,SUCCESS,0.0.731861,0.0.3964808,0.0.4138717@1774360009.603970117
0.0.2028589,0.3544062360940839,SUCCESS,0.0.731861,0.0.3964808,0.0.4138717@1774360009.558481564
0.0.7760710,1.039511753236835,SUCCESS,0.0.731861,0.0.3964808,0.0.4138717@1774360012.200499198
0.0.8083839,3369.195482465007,SUCCESS,0.0.731861,0.0.3964808&0.0.3964827&0.0.5328590,0.0.4138717@1774360013.479109533
0.0.1890297,14.05531963265693,SUCCESS,0.0.731861,0.0.3964808,0.0.4138717@1774360012.427903580
0.0.1332209,0.1043234920613726,SUCCESS,0.0.731861,0.0.3964808,0.0.4138717@1774360010.408811517
0.0.4762457,5.462989244083199,SUCCESS,0.0.731861,0.0.3964808,0.0.4138717@1774360014.542527611
0.0.842464,10.17942206120534,SUCCESS,0.0.731861,0.0.3964808&0.0.3964840&0.0.4129330,0.0.4138717@1774360012.420967495
0.0.3969121,0.477217734985998,SUCCESS,0.0.731861,0.0.3964809,0.0.4138717@1774360013.016756447
0.0.829536,430.9839964933166,SUCCESS,0.0.731861,0.0.3964809,0.0.4138717@1774360015.610037219
0.0.10243720,210.4773804441852,NOT_ASSOCIATED,0.0.731861,0.0.3964809,
0.0.4778501,3.311605439330273,SUCCESS,0.0.731861,0.0.3964809,0.0.4138717@1774360016.185564341
0.0.4146647,0.08738371038845302,SUCCESS,0.0.731861,0.0.3964821,0.0.4138717@1774360014.196000460
0.0.3000165,1152.663959782352,SUCCESS,0.0.731861,0.0.3964821,0.0.4138717@1774360015.543173949
0.0.4344919,6.48710618135769,SUCCESS,0.0.731861,0.0.3964827,0.0.4138717@1774360018.121272526
0.0.4733298,5.43418271692224,SUCCESS,0.0.731861,0.0.3964827,0.0.4138717@1774360018.255895966
0.0.4348609,135.9122458153856,SUCCESS,0.0.731861,0.0.3964827&0.0.5328590,0.0.4138717@1774360020.367857966
0.0.3169781,10.36482370804894,SUCCESS,0.0.731861,0.0.3964827,0.0.4138717@1774360017.977478085
0.0.1107354,6.909809799640184,SUCCESS,0.0.731861,0.0.3964827,0.0.4138717@1774360018.914228667
0.0.4364640,11.42041851667744,SUCCESS,0.0.731861,0.0.3964827,0.0.4138717@1774360019.639440331
0.0.3443413,16.24523446092531,SUCCESS,0.0.731861,0.0.3964827&0.0.4601632,0.0.4138717@1774360018.683416781
0.0.1061257,173.7313755433026,SUCCESS,0.0.731861,0.0.3964827&0.0.4601632&0.0.5328590,0.0.4138717@1774360018.516239553
0.0.1065704,67.31654781617095,SUCCESS,0.0.731861,0.0.3964827,0.0.4138717@1774360018.942788776
0.0.7965416,0.1025447596155209,NOT_ASSOCIATED,0.0.731861,0.0.3964827,
0.0.4793606,36.28343838204732,SUCCESS,0.0.731861,0.0.3964827&0.0.5328590,0.0.4138717@1774360019.570451579
0.0.5239780,202.2093557772259,SUCCESS,0.0.731861,0.0.3964827,0.0.4138717@1774360020.178818032
0.0.4737222,3.792337559819495,SUCCESS,0.0.731861,0.0.3964827,0.0.4138717@1774360021.428210095
0.0.1436265,16.66395839036095,SUCCESS,0.0.731861,0.0.3964827,0.0.4138717@1774360021.095845364
0.0.4338112,0.09848003890322536,SUCCESS,0.0.731861,0.0.3964827,0.0.4138717@1774360023.135725722
0.0.1400872,87.51577915822219,SUCCESS,0.0.731861,0.0.3964827&0.0.4129330&0.0.6071911,0.0.4138717@1774360024.357355116
0.0.835079,195.5393594560948,SUCCESS,0.0.731861,0.0.3964827&0.0.3964840,0.0.4138717@1774360023.281238618
0.0.849606,99.74438118049066,SUCCESS,0.0.731861,0.0.3964827&0.0.6071119,0.0.4138717@1774360023.401186415
0.0.834607,42.02007880101166,SUCCESS,0.0.731861,0.0.3964827,0.0.4138717@1774360027.418782008
0.0.839408,122.6591803358785,SUCCESS,0.0.731861,0.0.3964827,0.0.4138717@1774360025.814166823
0.0.1087560,79.45362965916486,SUCCESS,0.0.731861,0.0.3964827&0.0.3964855,0.0.4138717@1774360027.830012741
0.0.1750137,138.6470903729014,SUCCESS,0.0.731861,0.0.3964827,0.0.4138717@1774360028.303337314
0.0.611948,24.96946168708893,SUCCESS,0.0.731861,0.0.3964827,0.0.4138717@1774360026.001531943
0.0.1392115,359.5261756426614,SUCCESS,0.0.731861,0.0.3964827&0.0.4129330,0.0.4138717@1774360028.320877482
0.0.7486751,0.3904586242483484,SUCCESS,0.0.731861,0.0.3964827,0.0.4138717@1774360026.682685313
0.0.479120,3927.351252263536,SUCCESS,0.0.731861,0.0.3964827&0.0.4129330,0.0.4138717@1774360030.837325712
0.0.5447658,0.415913397242321,SUCCESS,0.0.731861,0.0.3964827,0.0.4138717@1774360031.079397378
0.0.7595440,287.2956694190319,SUCCESS,0.0.731861,0.0.3964827,0.0.4138717@1774360029.734408531
0.0.7870892,3.074598587187441,SUCCESS,0.0.731861,0.0.3964827,0.0.4138717@1774360031.699604293
0.0.6109726,71.09805642931921,SUCCESS,0.0.731861,0.0.3964827,0.0.4138717@1774360030.529216904
0.0.913930,3.130832369385689,SUCCESS,0.0.731861,0.0.3964827,0.0.4138717@1774360034.555349507
0.0.1079751,82.23584542408834,SUCCESS,0.0.731861,0.0.3964827,0.0.4138717@1774360032.507248784
0.0.7677057,34.79788391756979,SUCCESS,0.0.731861,0.0.3964827,0.0.4138717@1774360032.417744986
0.0.1406579,0.8133949088217137,SUCCESS,0.0.731861,0.0.3964827,0.0.4138717@1774360035.715243487
0.0.8778454,0.06972302628489307,SUCCESS,0.0.731861,0.0.3964827,0.0.4138717@1774360033.208225906
0.0.7947570,0.1781960213754443,SUCCESS,0.0.731861,0.0.3964827,0.0.4138717@1774360035.870100007
0.0.7562963,291.1934782960785,SUCCESS,0.0.731861,0.0.3964827&0.0.5328590,0.0.4138717@1774360035.529063776
0.0.9541852,1.387142165712427,SUCCESS,0.0.731861,0.0.3964827,0.0.4138717@1774360034.852405012
0.0.2288443,243.8823774887494,SUCCESS,0.0.731861,0.0.3964827&0.0.3964837&0.0.4129330&0.0.5328590,0.0.4138717@1774360035.317814200
0.0.7776243,2.233250083097086,SUCCESS,0.0.731861,0.0.3964827,0.0.4138717@1774360035.761971491
0.0.836080,1.870371059756625e-8,SUCCESS,0.0.731861,0.0.3964827&0.0.3964837&0.0.3964855,0.0.4138717@1774360035.478298657
0.0.1120301,0.05944923777795461,SUCCESS,0.0.731861,0.0.3964827&0.0.3964855,0.0.4138717@1774360035.777815825
0.0.6288848,0.8746600533007685,SUCCESS,0.0.731861,0.0.3964827&0.0.6071119,0.0.4138717@1774360037.340182073
0.0.615626,0.4901016688393341,SUCCESS,0.0.731861,0.0.3964827,0.0.4138717@1774360038.238900542
0.0.834234,1.979143457678916,SUCCESS,0.0.731861,0.0.3964827,0.0.4138717@1774360041.083435583
0.0.7973422,0.1363529345498338,SUCCESS,0.0.731861,0.0.3964827,0.0.4138717@1774360041.270947501
0.0.3051653,0.2835035495581301,SUCCESS,0.0.731861,0.0.3964827,0.0.4138717@1774360039.875222753
0.0.6630516,9.369166511370416,SUCCESS,0.0.731861,0.0.3964827,0.0.4138717@1774360038.940472309
0.0.10021599,60.76036380967952,SUCCESS,0.0.731861,0.0.3964827&0.0.4601632&0.0.5328590,0.0.4138717@1774360040.094182217
0.0.4975045,142.1126556860475,SUCCESS,0.0.731861,0.0.3964827,0.0.4138717@1774360041.293199877
0.0.9168967,16.50657842125166,SUCCESS,0.0.731861,0.0.3964827&0.0.5328590&0.0.6071074,0.0.4138717@1774360042.155841083
0.0.8377520,187.6528491238832,SUCCESS,0.0.731861,0.0.3964827,0.0.4138717@1774360041.772399036
0.0.3283790,2571.450085028758,SUCCESS,0.0.731861,0.0.3964827&0.0.6071119,0.0.4138717@1774360039.380312750
0.0.10233326,241.8282232798442,SUCCESS,0.0.731861,0.0.3964827&0.0.3964837,0.0.4138717@1774360042.150484037
0.0.885667,0.9775198038895898,SUCCESS,0.0.731861,0.0.3964827,0.0.4138717@1774360042.077896649
0.0.10237841,8.13200335392041,SUCCESS,0.0.731861,0.0.3964827,0.0.4138717@1774360045.140041888
0.0.3273852,9.473509034777797,SUCCESS,0.0.731861,0.0.3964827&0.0.3964840,0.0.4138717@1774360045.663209445
0.0.4338721,0.6908424957786613,SUCCESS,0.0.731861,0.0.3964834&0.0.3964840,0.0.4138717@1774360044.528297097
0.0.3241044,147.5385449111942,SUCCESS,0.0.731861,0.0.3964834&0.0.3964840,0.0.4138717@1774360046.350801681
0.0.850401,47.92392993338813,SUCCESS,0.0.731861,0.0.3964837,0.0.4138717@1774360044.622578237
0.0.1284263,71.70339882371597,SUCCESS,0.0.731861,0.0.3964837,0.0.4138717@1774360046.646321560
0.0.859023,0.08198100627378645,SUCCESS,0.0.731861,0.0.3964837&0.0.6071119,0.0.4138717@1774360048.927554991
0.0.5702281,7937.734276449993,SUCCESS,0.0.731861,0.0.3964837&0.0.3964840,0.0.4138717@1774360048.838303879
0.0.1472060,659.1355250242048,SUCCESS,0.0.731861,0.0.3964837,0.0.4138717@1774360045.111465210
0.0.4543305,1531.674685212102,SUCCESS,0.0.731861,0.0.3964837,0.0.4138717@1774360048.408781144
0.0.1020586,564.7722618897037,SUCCESS,0.0.731861,0.0.3964837&0.0.4601632&0.0.5328590,0.0.4138717@1774360046.091873306
0.0.8352476,30.97856434496157,SUCCESS,0.0.731861,0.0.3964837&0.0.4601632,0.0.4138717@1774360048.069646232
0.0.2799604,783.0363073132912,SUCCESS,0.0.731861,0.0.3964837,0.0.4138717@1774360046.714675576
0.0.790151,43.25460942969651,SUCCESS,0.0.731861,0.0.3964837,0.0.4138717@1774360049.541685402
0.0.6018293,22.37683767182472,SUCCESS,0.0.731861,0.0.3964837,0.0.4138717@1774360047.685908195
0.0.913172,16.27188461212277,SUCCESS,0.0.731861,0.0.3964837,0.0.4138717@1774360048.532595917
0.0.1294472,10.98409772608999,SUCCESS,0.0.731861,0.0.3964837,0.0.4138717@1774360051.829563263
0.0.658363,1420.12342830801,SUCCESS,0.0.731861,0.0.3964837&0.0.3964840,0.0.4138717@1774360049.321163582
0.0.8378072,69.03627322295522,SUCCESS,0.0.731861,0.0.3964837,0.0.4138717@1774360051.180442227
0.0.4861302,7.050475561161658,SUCCESS,0.0.731861,0.0.3964855&0.0.4601632,0.0.4138717@1774360052.568136731
0.0.5377617,119.6723563690586,SUCCESS,0.0.731861,0.0.3964855,0.0.4138717@1774360050.861283217
0.0.1423973,1.2767793213708e-8,SUCCESS,0.0.731861,0.0.3964855,0.0.4138717@1774360054.622210005
0.0.1016797,1631.61723824778,SUCCESS,0.0.731861,0.0.3964855&0.0.4601632&0.0.5328590,0.0.4138717@1774360054.547531343
0.0.1054756,1386.266687872317,SUCCESS,0.0.731861,0.0.3964855,0.0.4138717@1774360054.637745410
0.0.1228872,0.7481932670669256,SUCCESS,0.0.731861,0.0.3964855,0.0.4138717@1774360055.941089002
0.0.10111308,0.02609031330105034,SUCCESS,0.0.731861,0.0.3964860,0.0.4138717@1774360057.513759621
0.0.9377844,0.006330989732058999,SUCCESS,0.0.731861,0.0.3964860,0.0.4138717@1774360054.562488872
0.0.9371874,0.0005921042691364098,SUCCESS,0.0.731861,0.0.3964860,0.0.4138717@1774360054.308575652
0.0.9371968,0.0007762568078552677,SUCCESS,0.0.731861,0.0.3964860,0.0.4138717@1774360056.310089868
0.0.9375318,0.0003988673909460296,SUCCESS,0.0.731861,0.0.3964860,0.0.4138717@1774360055.591777170
0.0.9377518,0.000798756770082391,SUCCESS,0.0.731861,0.0.3964860,0.0.4138717@1774360054.954031933
0.0.9377397,0.0007986918819434427,SUCCESS,0.0.731861,0.0.3964860,0.0.4138717@1774360057.237715417
0.0.868627,702.5040688642492,SUCCESS,0.0.731861,0.0.3964860,0.0.4138717@1774360060.034659489
0.0.9377806,0.0004087303880867274,SUCCESS,0.0.731861,0.0.3964860,0.0.4138717@1774360060.731779404
0.0.9377965,0.0008093984248920651,SUCCESS,0.0.731861,0.0.3964860,0.0.4138717@1774360061.577623554
0.0.9377988,0.006973171422533237,SUCCESS,0.0.731861,0.0.3964860,0.0.4138717@1774360061.542587205
0.0.9379489,0.000008419236046004749,SUCCESS,0.0.731861,0.0.3964860,0.0.4138717@1774360059.391837326
0.0.9384218,0.002962711320376444,SUCCESS,0.0.731861,0.0.3964860,0.0.4138717@1774360061.040340745
0.0.9389956,0.01894723928015829,SUCCESS,0.0.731861,0.0.3964860,0.0.4138717@1774360061.374085307
0.0.9412510,0.008341110726620951,SUCCESS,0.0.731861,0.0.3964860,0.0.4138717@1774360060.259371218
0.0.9428633,0.00007561090406707077,SUCCESS,0.0.731861,0.0.3964860,0.0.4138717@1774360060.289508518
0.0.9428581,0.00686256958946555,SUCCESS,0.0.731861,0.0.3964860,0.0.4138717@1774360065.271214849
0.0.9692993,0.072061814855749,SUCCESS,0.0.731861,0.0.3964860,0.0.4138717@1774360061.280413860
0.0.9738472,0.0795596393268416,SUCCESS,0.0.731861,0.0.3964860,0.0.4138717@1774360063.075482613
0.0.10023494,0.0000516185146409434,SUCCESS,0.0.731861,0.0.3964860,0.0.4138717@1774360066.225900840
0.0.10164768,1327.701583242713,SUCCESS,0.0.731861,0.0.3964860,0.0.4138717@1774360066.868348875
0.0.509141,20.00385783255641,SUCCESS,0.0.731861,0.0.3964860,0.0.4138717@1774360066.252507746
0.0.8257213,10.51145057700869,SUCCESS,0.0.731861,0.0.3964860,0.0.4138717@1774360065.920895178
0.0.2014278,1288.007922266707,SUCCESS,0.0.731861,0.0.3964860,0.0.4138717@1774360066.942383468
0.0.9144335,8.734773059115337,SUCCESS,0.0.731861,0.0.3964860,0.0.4138717@1774360069.419710847
0.0.4315666,7.067337756612319,SUCCESS,0.0.731861,0.0.3964860,0.0.4138717@1774360068.160099155
0.0.8316,76.35924100914761,SUCCESS,0.0.731861,0.0.3964860&0.0.4601632&0.0.5328590,0.0.4138717@1774360069.255028616
0.0.5734968,17.49810556098452,SUCCESS,0.0.731861,0.0.3964860,0.0.4138717@1774360068.506315282
0.0.10060734,0.1041735651472392,SUCCESS,0.0.731861,0.0.3964860,0.0.4138717@1774360070.100690420
0.0.9451180,0.01228321023862813,SUCCESS,0.0.731861,0.0.3964860,0.0.4138717@1774360068.581328990
0.0.9451434,5.458029957708204e-7,SUCCESS,0.0.731861,0.0.3964860,0.0.4138717@1774360068.843082584
0.0.9451478,0.0059526998298577,SUCCESS,0.0.731861,0.0.3964860,0.0.4138717@1774360068.794332345
0.0.9947585,11.19471632345998,SUCCESS,0.0.731861,0.0.3964860,0.0.4138717@1774360072.271794593
0.0.1008120,0.1056645694239318,SUCCESS,0.0.731861,0.0.3964860,0.0.4138717@1774360071.359507339
0.0.1872027,0.4005662767611497,SUCCESS,0.0.731861,0.0.3964860,0.0.4138717@1774360072.095565892
0.0.892416,144.0440017885076,SUCCESS,0.0.731861,0.0.3964840,0.0.4138717@1774360074.300988095
0.0.834663,496.8364257817652,SUCCESS,0.0.731861,0.0.3964840,0.0.4138717@1774360072.038749045
0.0.4154537,914.1082083286736,SUCCESS,0.0.731861,0.0.3964840,0.0.4138717@1774360072.577736581
0.0.10191831,2.831258185582141,SUCCESS,0.0.731861,0.0.3964840,0.0.4138717@1774360071.431284394
0.0.4904605,117.4654777627433,SUCCESS,0.0.731861,0.0.3964840,0.0.4138717@1774360073.224155683
0.0.1673765,11.76469269811625,SUCCESS,0.0.731861,0.0.3964840,0.0.4138717@1774360076.085071489
0.0.9129985,0.4094927680342606,SUCCESS,0.0.731861,0.0.3964840,0.0.4138717@1774360075.117626619
0.0.1334138,0.0684141615846859,SUCCESS,0.0.731861,0.0.3964840,0.0.4138717@1774360079.332258905
0.0.261557,0.6728000177190715,SUCCESS,0.0.731861,0.0.4129330,0.0.4138717@1774360075.191648025
0.0.972955,3.92492734154592e-9,SUCCESS,0.0.731861,0.0.4129330,0.0.4138717@1774360076.731851146
0.0.856304,0.00589498319635912,SUCCESS,0.0.731861,0.0.4129330,0.0.4138717@1774360079.948623642
0.0.3293439,2.109444795509843,SUCCESS,0.0.731861,0.0.4129330,0.0.4138717@1774360075.941711209
0.0.795325,0.180691287515634,SUCCESS,0.0.731861,0.0.4129330,0.0.4138717@1774360076.996979924
0.0.4718583,0.002726227889622088,SUCCESS,0.0.731861,0.0.4129330,0.0.4138717@1774360077.575671298
0.0.2960424,0.1320984897885576,SUCCESS,0.0.731861,0.0.4129330,0.0.4138717@1774360079.770655804
0.0.8410631,0.515178931311417,SUCCESS,0.0.731861,0.0.4129330&0.0.4601632,0.0.4138717@1774360082.602063504
0.0.839840,26.88677356156769,SUCCESS,0.0.731861,0.0.4129330&0.0.4601632&0.0.5328590,0.0.4138717@1774360081.926594412
0.0.4754452,0.1187054977704661,SUCCESS,0.0.731861,0.0.4129330,0.0.4138717@1774360081.925269924
0.0.4625345,3.070139510081397,SUCCESS,0.0.731861,0.0.4129330,0.0.4138717@1774360083.688846335
0.0.5060063,74.67510688184097,SUCCESS,0.0.731861,0.0.4129330&0.0.4601632&0.0.5328590,0.0.4138717@1774360083.851792375
0.0.7288906,22.75756934063604,NOT_ASSOCIATED,0.0.731861,0.0.4601632,
0.0.4403472,0.6679493183046327,SUCCESS,0.0.731861,0.0.4601632,0.0.4138717@1774360082.200436604
0.0.961031,150.9537336812838,SUCCESS,0.0.731861,0.0.4601632,0.0.4138717@1774360085.095684898
0.0.864984,131.3432696754271,SUCCESS,0.0.731861,0.0.4601632,0.0.4138717@1774360085.863045398
0.0.816727,17.25677681102842,SUCCESS,0.0.731861,0.0.4601632,0.0.4138717@1774360083.964452636
0.0.5002435,2.3190237025811,SUCCESS,0.0.731861,0.0.4601632,0.0.4138717@1774360084.807838027
0.0.853115,0.0782798361096336,SUCCESS,0.0.731861,0.0.4601632,0.0.4138717@1774360084.756869369
0.0.2999419,0.145214254588881,SUCCESS,0.0.731861,0.0.4601632,0.0.4138717@1774360086.344584090
0.0.707819,6.969176154626941,SUCCESS,0.0.731861,0.0.4601632,0.0.4138717@1774360086.110029009
0.0.837339,17.22095207496701,SUCCESS,0.0.731861,0.0.4601632,0.0.4138717@1774360085.797048414
0.0.175313,2.184337530029021,SUCCESS,0.0.731861,0.0.4601632,0.0.4138717@1774360085.054272577
0.0.704807,38.16738130138789,SUCCESS,0.0.731861,0.0.4601632,0.0.4138717@1774360088.357209672
0.0.9386020,3581.854971534721,SUCCESS,0.0.731861,0.0.4601632,0.0.4138717@1774360087.177711670
0.0.4367704,0.001817089189905785,SUCCESS,0.0.731861,0.0.4601632,0.0.4138717@1774360087.694242360
0.0.10045691,152.4099888147453,SUCCESS,0.0.731861,0.0.4601632,0.0.4138717@1774360087.104683520
0.0.8831938,37.97096931990733,SUCCESS,0.0.731861,0.0.4601632,0.0.4138717@1774360091.987091972
0.0.9745450,76.95523337598586,SUCCESS,0.0.731861,0.0.4601632,0.0.4138717@1774360090.226113278
0.0.9210897,44.47618159194411,SUCCESS,0.0.731861,0.0.4601632,0.0.4138717@1774360089.820049829
0.0.1217090,1782.21289234294,SUCCESS,0.0.731861,0.0.4601632,0.0.4138717@1774360088.334231044
0.0.1278461,25.69377002959335,SUCCESS,0.0.731861,0.0.4601632,0.0.4138717@1774360092.405705544
0.0.7482624,17.40570369345117,NOT_ASSOCIATED,0.0.731861,0.0.4601632,
0.0.821010,44.74220153856109,SUCCESS,0.0.731861,0.0.4601632,0.0.4138717@1774360088.213841935
0.0.3828466,44.17585197140814,SUCCESS,0.0.731861,0.0.4601632,0.0.4138717@1774360088.250634007
0.0.1860200,0.01494692451596124,SUCCESS,0.0.731861,0.0.4601632,0.0.4138717@1774360093.582868198
0.0.3705687,0.003140619046486387,SUCCESS,0.0.731861,0.0.4601632,0.0.4138717@1774360093.281287727
0.0.3161895,1.794618741844126,SUCCESS,0.0.731861,0.0.4601632,0.0.4138717@1774360093.575111586
0.0.6049415,0.0005522686860151687,SUCCESS,0.0.731861,0.0.4601632,0.0.4138717@1774360092.211111433
0.0.4559156,0.1511427081316919,SUCCESS,0.0.731861,0.0.4601632,0.0.4138717@1774360093.724852718
0.0.851606,0.001410082681680347,SUCCESS,0.0.731861,0.0.4601632,0.0.4138717@1774360093.182857666
0.0.4797402,0.004801434745515064,SUCCESS,0.0.731861,0.0.4601632,0.0.4138717@1774360092.311658202
0.0.860846,0.02134511952476584,SUCCESS,0.0.731861,0.0.4601632,0.0.4138717@1774360093.929141268
0.0.877043,45.93025158638299,SUCCESS,0.0.731861,0.0.4601632,0.0.4138717@1774360094.822879035
0.0.1287040,12.74680754823992,SUCCESS,0.0.731861,0.0.4601632,0.0.4138717@1774360096.441176367
0.0.1074067,38.11195483359662,SUCCESS,0.0.731861,0.0.4601632,0.0.4138717@1774360096.046307851
0.0.660703,33.4298175585823,SUCCESS,0.0.731861,0.0.4601632,0.0.4138717@1774360098.055274492
0.0.8431266,7.3390295602149,SUCCESS,0.0.731861,0.0.4601632,0.0.4138717@1774360099.713167005
0.0.2114355,0.0004407486237268281,SUCCESS,0.0.731861,0.0.4601632,0.0.4138717@1774360096.908919166
0.0.1111312,37.37100660802293,SUCCESS,0.0.731861,0.0.4601632,0.0.4138717@1774360099.371376578
0.0.4414004,389.2796243840031,NOT_ASSOCIATED,0.0.731861,0.0.4601632,
0.0.1518521,2.148910620742845,SUCCESS,0.0.731861,0.0.4601632,0.0.4138717@1774360099.498765461
0.0.227955,0.2588834713356088,SUCCESS,0.0.731861,0.0.4601632,0.0.4138717@1774360099.548767716
0.0.1997076,309.303520266971,SUCCESS,0.0.731861,0.0.4601632,0.0.4138717@1774360098.902254049
0.0.5500943,111.6828436370504,SUCCESS,0.0.731861,0.0.4601632&0.0.6071041,0.0.4138717@1774360100.653426768
0.0.7480837,61.7061574377306,SUCCESS,0.0.731861,0.0.4601632,0.0.4138717@1774360102.288260418
0.0.7684662,256.4982295895931,SUCCESS,0.0.731861,0.0.4601632&0.0.5328590,0.0.4138717@1774360103.328732659
0.0.8128261,0.344323877728712,SUCCESS,0.0.731861,0.0.4601632&0.0.5328590,0.0.4138717@1774360100.490297454
0.0.1075845,11.25459568930573,SUCCESS,0.0.731861,0.0.4601632,0.0.4138717@1774360102.355351751
0.0.10031144,34.47887979051593,NOT_ASSOCIATED,0.0.731861,0.0.4601632,
0.0.10031150,3.944964676709824,NOT_ASSOCIATED,0.0.731861,0.0.4601632,
0.0.3932850,266.4792126543555,SUCCESS,0.0.731861,0.0.4601632,0.0.4138717@1774360101.063171189
0.0.912306,1.714905691765972,SUCCESS,0.0.731861,0.0.4601632,0.0.4138717@1774360103.733375655
0.0.4153394,4008.199824663495,SUCCESS,0.0.731861,0.0.4601632&0.0.5328590,0.0.4138717@1774360103.578423312
0.0.1060925,2.984129710278123,SUCCESS,0.0.731861,0.0.4601632,0.0.4138717@1774360106.880292361
0.0.4753601,4.207904475310379,SUCCESS,0.0.731861,0.0.4601632,0.0.4138717@1774360106.397018455
0.0.7535835,33.44949656780856,SUCCESS,0.0.731861,0.0.4601632&0.0.6071119,0.0.4138717@1774360106.991706669
0.0.9181254,380.9074683396995,SUCCESS,0.0.731861,0.0.4601632,0.0.4138717@1774360105.509760568
0.0.9689618,4445.419978137889,SUCCESS,0.0.731861,0.0.4601632&0.0.5328590&0.0.6071911,0.0.4138717@1774360104.418054549
0.0.5255642,0.7922767349274614,SUCCESS,0.0.731861,0.0.4601632,0.0.4138717@1774360107.307268326
0.0.5972520,20.41230633755672,SUCCESS,0.0.731861,0.0.4601632,0.0.4138717@1774360106.816856125
0.0.1460111,0.6958337266043972,SUCCESS,0.0.731861,0.0.4601632,0.0.4138717@1774360105.909152590
0.0.3917694,73.03521470567877,SUCCESS,0.0.731861,0.0.4601632,0.0.4138717@1774360110.807228383
0.0.7935176,5948.559919224195,SUCCESS,0.0.731861,0.0.4601632,0.0.4138717@1774360110.745530652
0.0.6463609,0.5113600043125991,NOT_ASSOCIATED,0.0.731861,0.0.4601632,
0.0.1337729,22.76199559253669,SUCCESS,0.0.731861,0.0.4601632,0.0.4138717@1774360107.039843829
0.0.4730774,100.8959849461733,SUCCESS,0.0.731861,0.0.4601632,0.0.4138717@1774360108.043514635
0.0.1405765,38.68731526972836,SUCCESS,0.0.731861,0.0.4601632,0.0.4138717@1774360112.564820291
0.0.9289480,331.555177973246,SUCCESS,0.0.731861,0.0.4601632&0.0.5328590,0.0.4138717@1774360112.369548817
0.0.599260,689.6707473659476,SUCCESS,0.0.731861,0.0.4601632&0.0.5328590,0.0.4138717@1774360113.392749061
0.0.4753969,34.71071159791199,SUCCESS,0.0.731861,0.0.5328590,0.0.4138717@1774360113.178713548
0.0.1986902,15.71135900274295,SUCCESS,0.0.731861,0.0.5328590,0.0.4138717@1774360110.449768670
0.0.10375094,19.47462896651582,NOT_ASSOCIATED,0.0.731861,0.0.5328590,
0.0.1453734,1140.432784409015,SUCCESS,0.0.731861,0.0.5328590&0.0.6071074&0.0.6078473,0.0.4138717@1774360114.271334745
0.0.10308464,116.7318797904937,SUCCESS,0.0.731861,0.0.5328590,0.0.4138717@1774360114.559121515
0.0.52671,17.31378005118002,SUCCESS,0.0.731861,0.0.5328590,0.0.4138717@1774360115.433935151
0.0.7800894,83.65275282136692,SUCCESS,0.0.731861,0.0.5328590,0.0.4138717@1774360112.989646338
0.0.540025,2.056970714626633,SUCCESS,0.0.731861,0.0.5328590,0.0.4138717@1774360115.400553658
0.0.4753513,49.11594279034752,SUCCESS,0.0.731861,0.0.5328590,0.0.4138717@1774360116.421398522
0.0.8012383,0.5236980127722407,SUCCESS,0.0.731861,0.0.5328590,0.0.4138717@1774360113.634871781
0.0.8038,11813.81976525538,SUCCESS,0.0.731861,0.0.5328590,0.0.4138717@1774360117.100833156
0.0.7841603,32.66517098478931,SUCCESS,0.0.731861,0.0.5328590,0.0.4138717@1774360118.030935788
0.0.9401455,6.163659961777609,SUCCESS,0.0.731861,0.0.5328590,0.0.4138717@1774360114.539069902
0.0.10091451,36.21115866287066,SUCCESS,0.0.731861,0.0.5328590,0.0.4138717@1774360118.505994975
0.0.5807981,11.74692564734554,SUCCESS,0.0.731861,0.0.5328590,0.0.4138717@1774360118.962202884
0.0.10171350,5.898042557079021,SUCCESS,0.0.731861,0.0.5328590,0.0.4138717@1774360117.930100966
0.0.1002430,1439.535981992986,SUCCESS,0.0.731861,0.0.5328590,0.0.4138717@1774360118.470728095
0.0.1105713,16.8088339393184,SUCCESS,0.0.731861,0.0.5328590,0.0.4138717@1774360117.520905684
0.0.1425168,239.7769970868931,SUCCESS,0.0.731861,0.0.5328590,0.0.4138717@1774360121.677471740
0.0.4358401,0.5693699143463516,SUCCESS,0.0.731861,0.0.5328590,0.0.4138717@1774360120.402841426
0.0.822616,157.1679618082361,SUCCESS,0.0.731861,0.0.5328590,0.0.4138717@1774360119.557958483
0.0.5052897,1.361435492032982,SUCCESS,0.0.731861,0.0.5328590,0.0.4138717@1774360122.766399342
0.0.5702106,0.3782537603918706,SUCCESS,0.0.731861,0.0.5328590,0.0.4138717@1774360122.328324057
0.0.818068,33.91221386627857,NOT_ASSOCIATED,0.0.731861,0.0.5328590,
0.0.2245713,48.50723901868808,SUCCESS,0.0.731861,0.0.5328590,0.0.4138717@1774360124.396664649
0.0.2969355,853.9046939129707,SUCCESS,0.0.731861,0.0.5328590,0.0.4138717@1774360122.106123573
0.0.7523706,350.968736908605,NOT_ASSOCIATED,0.0.731861,0.0.5328590,
0.0.4348988,0.8586905745070958,SUCCESS,0.0.731861,0.0.5328590,0.0.4138717@1774360124.258355871
0.0.1444388,9.184085692050404,SUCCESS,0.0.731861,0.0.5328590,0.0.4138717@1774360121.995043036
0.0.8426856,4.797646706348731,SUCCESS,0.0.731861,0.0.5328590,0.0.4138717@1774360122.872434491
0.0.9214791,6.531314002608517,SUCCESS,0.0.731861,0.0.5328590,0.0.4138717@1774360125.990854353
0.0.7326025,0.3548510952505391,SUCCESS,0.0.731861,0.0.5328590&0.0.6071119,0.0.4138717@1774360124.387446326
0.0.7171484,0.7266465671738558,SUCCESS,0.0.731861,0.0.5328590,0.0.4138717@1774360124.198853473
0.0.4362489,71.06367920258208,SUCCESS,0.0.731861,0.0.5328590,0.0.4138717@1774360125.276072689
0.0.7778674,58.85391764047355,SUCCESS,0.0.731861,0.0.5328590,0.0.4138717@1774360125.654896112
0.0.1251063,107.6259788466171,SUCCESS,0.0.731861,0.0.5328590,0.0.4138717@1774360124.081242612
0.0.7206642,83.78825794254668,SUCCESS,0.0.731861,0.0.5328590,0.0.4138717@1774360128.316630199
0.0.9208742,3158.457493168378,SUCCESS,0.0.731861,0.0.5328590,0.0.4138717@1774360126.806386847
0.0.9168105,524.8885335293916,SUCCESS,0.0.731861,0.0.5328590,0.0.4138717@1774360127.229415453
0.0.9093010,0.2025111158475813,SUCCESS,0.0.731861,0.0.5328590,0.0.4138717@1774360131.662454388
0.0.2174918,0.9238815624510114,NOT_ASSOCIATED,0.0.731861,0.0.5328590,
0.0.6003880,28.85846591359737,SUCCESS,0.0.731861,0.0.5328590,0.0.4138717@1774360128.716784954
0.0.9312249,5.14149762168903,SUCCESS,0.0.731861,0.0.5328590,0.0.4138717@1774360129.612647253
0.0.4587141,1.74126745859498,SUCCESS,0.0.731861,0.0.5328590,0.0.4138717@1774360131.066492211
0.0.9151827,0.003426135566007453,NOT_ASSOCIATED,0.0.731861,0.0.5328590,
0.0.9237387,55.22716646703,SUCCESS,0.0.731861,0.0.5328590,0.0.4138717@1774360131.723568111
0.0.4356483,51.75357404688801,SUCCESS,0.0.731861,0.0.5328590,0.0.4138717@1774360128.689186334
0.0.3092477,6.332268084669725,SUCCESS,0.0.731861,0.0.5328590,0.0.4138717@1774360130.847791504
0.0.1009100,0.006289712316139449,NOT_ASSOCIATED,0.0.731861,0.0.5328590,
0.0.946745,247.004339241504,SUCCESS,0.0.731861,0.0.5328590,0.0.4138717@1774360133.008578321
0.0.9641103,13.8733750694647,SUCCESS,0.0.731861,0.0.5328590,0.0.4138717@1774360131.914946755
0.0.9364499,0.3676442142995288,SUCCESS,0.0.731861,0.0.5328590,0.0.4138717@1774360132.025256719
0.0.7731260,1.299654344647053,SUCCESS,0.0.731861,0.0.5328590,0.0.4138717@1774360132.764861649
0.0.7858008,13.23088191867247,SUCCESS,0.0.731861,0.0.5328590,0.0.4138717@1774360133.413826701
0.0.1027780,1605.649918484724,SUCCESS,0.0.731861,0.0.5328590,0.0.4138717@1774360133.792298581
0.0.10010228,155.4634903307045,SUCCESS,0.0.731861,0.0.5328590,0.0.4138717@1774360133.692439894
0.0.877481,1253.460439024814,SUCCESS,0.0.731861,0.0.5328590,0.0.4138717@1774360136.615435800
0.0.10047974,18.70402215365645,SUCCESS,0.0.731861,0.0.5328590,0.0.4138717@1774360134.012288947
0.0.1404223,0.09890373591653678,SUCCESS,0.0.731861,0.0.5328590&0.0.6071041,0.0.4138717@1774360136.286488992
0.0.3288713,127.5952591873315,SUCCESS,0.0.731861,0.0.5328590,0.0.4138717@1774360137.512324059
0.0.4362264,0.2456534400830545,NOT_ASSOCIATED,0.0.731861,0.0.5328590,
0.0.9276478,0.02807981038710653,SUCCESS,0.0.731861,0.0.5328590,0.0.4138717@1774360136.280200353
0.0.1324089,0.7738232929873581,SUCCESS,0.0.731861,0.0.5328590&0.0.6071041,0.0.4138717@1774360137.559512132
0.0.4614528,0.007408792883239059,SUCCESS,0.0.731861,0.0.5328590,0.0.4138717@1774360138.405787268
0.0.4364713,148.0075748016683,SUCCESS,0.0.731861,0.0.5328590,0.0.4138717@1774360138.312108309
0.0.608244,12.81170123015811,SUCCESS,0.0.731861,0.0.5328590,0.0.4138717@1774360140.224762600
0.0.787993,236.4586823290586,SUCCESS,0.0.731861,0.0.5328590,0.0.4138717@1774360139.419398750
0.0.851709,266.2061428131631,SUCCESS,0.0.731861,0.0.5328590,0.0.4138717@1774360137.391487094
0.0.4900897,151.0309710410268,SUCCESS,0.0.731861,0.0.5328590,0.0.4138717@1774360137.683959746
0.0.1017499,1115.312608890869,SUCCESS,0.0.731861,0.0.5328590,0.0.4138717@1774360139.581696287
0.0.1082181,0.7349499113469713,SUCCESS,0.0.731861,0.0.5328590,0.0.4138717@1774360142.487693839
0.0.637134,933.6112873923654,SUCCESS,0.0.731861,0.0.5328590,0.0.4138717@1774360140.773537586
0.0.1268672,4.24706445434131,SUCCESS,0.0.731861,0.0.5328590,0.0.4138717@1774360143.422843041
0.0.845346,254.0349146235152,SUCCESS,0.0.731861,0.0.5328590,0.0.4138717@1774360140.503257742
0.0.4345750,205.3201334474214,SUCCESS,0.0.731861,0.0.5328590,0.0.4138717@1774360141.346327254
0.0.9588454,8.071983823203324,SUCCESS,0.0.731861,0.0.5328590,0.0.4138717@1774360141.662521906
0.0.10235120,4.761029246180648,SUCCESS,0.0.731861,0.0.5328590,0.0.4138717@1774360141.854797675
0.0.8041828,221.903271551082,SUCCESS,0.0.731861,0.0.5328590,0.0.4138717@1774360141.363351002
0.0.4362583,0.05044901745019222,SUCCESS,0.0.731861,0.0.5328590,0.0.4138717@1774360142.837138657
0.0.10031113,19456.64473523098,NOT_ASSOCIATED,0.0.731861,0.0.5328590,
0.0.10031110,30464.3726042158,NOT_ASSOCIATED,0.0.731861,0.0.5328590,
0.0.4971932,2.095754690808938,SUCCESS,0.0.731861,0.0.5328590,0.0.4138717@1774360145.603839824
0.0.806166,68.0369993691007,SUCCESS,0.0.731861,0.0.5328590,0.0.4138717@1774360146.126094796
0.0.8113026,0.9094904756096064,SUCCESS,0.0.731861,0.0.5328590,0.0.4138717@1774360148.487517599
0.0.9885066,12.40129176633321,SUCCESS,0.0.731861,0.0.5328590,0.0.4138717@1774360147.413140615
0.0.9320918,52.58315375875397,SUCCESS,0.0.731861,0.0.5328590,0.0.4138717@1774360147.755978869
0.0.3705198,0.2374543101837609,SUCCESS,0.0.731861,0.0.5328590,0.0.4138717@1774360148.855903204
0.0.5769518,946.2767308999664,SUCCESS,0.0.731861,0.0.5328590,0.0.4138717@1774360149.116283354
0.0.8198184,92.49453158825774,SUCCESS,0.0.731861,0.0.5328590,0.0.4138717@1774360147.838131165
0.0.7202503,71.85148600561996,SUCCESS,0.0.731861,0.0.5328590,0.0.4138717@1774360146.468253950
0.0.4361068,4.341979740946609,SUCCESS,0.0.731861,0.0.5328590,0.0.4138717@1774360151.670400218
0.0.4839415,1.609371266959199,SUCCESS,0.0.731861,0.0.5328590,0.0.4138717@1774360149.817545374
0.0.1074016,3.755032518698092,SUCCESS,0.0.731861,0.0.5328590,0.0.4138717@1774360149.681870656
0.0.6822106,833.6520338510841,SUCCESS,0.0.731861,0.0.5328590,0.0.4138717@1774360153.696246781
0.0.696926,20.59239467953988,SUCCESS,0.0.731861,0.0.5328590,0.0.4138717@1774360150.875182211
0.0.638193,1199.092809056674,SUCCESS,0.0.731861,0.0.5328590,0.0.4138717@1774360149.530694006
0.0.712902,2385.368025842138,SUCCESS,0.0.731861,0.0.5328590,0.0.4138717@1774360153.349162424
0.0.7214343,2925.776227591241,SUCCESS,0.0.731861,0.0.5328590,0.0.4138717@1774360152.804144824
0.0.1462131,0.001013422504922401,SUCCESS,0.0.731861,0.0.6071041,0.0.4138717@1774360150.822919859
0.0.2328171,261.5329330103477,NOT_ASSOCIATED,0.0.731861,0.0.6071041,
0.0.6844094,0.1784495455653805,SUCCESS,0.0.731861,0.0.6071041,0.0.4138717@1774360152.720080833
0.0.896352,1.904862348462016,SUCCESS,0.0.731861,0.0.6071041,0.0.4138717@1774360152.429133267
0.0.6442946,0.6354959625645323,SUCCESS,0.0.731861,0.0.6071074,0.0.4138717@1774360154.824730728
0.0.1212407,128.6387213725073,SUCCESS,0.0.731861,0.0.6071074,0.0.4138717@1774360153.504646738
0.0.1666056,11.43713474867624,SUCCESS,0.0.731861,0.0.6071119,0.0.4138717@1774360156.985182367
0.0.10031183,206.9230663537414,NOT_ASSOCIATED,0.0.731861,0.0.6071119,
0.0.10031184,643.3305449759708,NOT_ASSOCIATED,0.0.731861,0.0.6071119,
0.0.2137399,8.688398016170645,SUCCESS,0.0.731861,0.0.6071119,0.0.4138717@1774360155.750838201
0.0.6892983,497.7305203384748,SUCCESS,0.0.731861,0.0.6071119,0.0.4138717@1774360159.414476047
0.0.9119461,0.0007113259132480201,SUCCESS,0.0.731861,0.0.6071119&0.0.8315114,0.0.4138717@1774360155.019405761
0.0.20002,1400.996205593219,SUCCESS,0.0.731861,0.0.6071119,0.0.4138717@1774360157.321525828
0.0.833139,5.746176737079556,SUCCESS,0.0.731861,0.0.6071119,0.0.4138717@1774360157.350514282
0.0.8009707,0.1084225949329663,SUCCESS,0.0.731861,0.0.6071119,0.0.4138717@1774360158.555386256
0.0.7833982,1277.167694648596,SUCCESS,0.0.731861,0.0.6071119,0.0.4138717@1774360157.546789795
0.0.831264,0.8884815811102944,SUCCESS,0.0.731861,0.0.6071119,0.0.4138717@1774360160.771633389
0.0.5030626,1.235847764644924,SUCCESS,0.0.731861,0.0.6071119,0.0.4138717@1774360160.228549281
0.0.5740497,1131.252443216086,SUCCESS,0.0.731861,0.0.6071119,0.0.4138717@1774360161.288629535
0.0.5729027,5.704149653275869,SUCCESS,0.0.731861,0.0.6071119,0.0.4138717@1774360162.227432501
0.0.8133036,0.001430216161931285,SUCCESS,0.0.731861,0.0.6071119,0.0.4138717@1774360163.527501066
0.0.4041275,20.04102749073489,SUCCESS,0.0.731861,0.0.6071119,0.0.4138717@1774360162.479978122
0.0.1356570,20.39971588780018,SUCCESS,0.0.731861,0.0.6071119,0.0.4138717@1774360159.676057180
0.0.2174967,38.22920522770506,SUCCESS,0.0.731861,0.0.6071119,0.0.4138717@1774360161.624725624
0.0.3704330,1519.191476065032,SUCCESS,0.0.731861,0.0.6071911,0.0.4138717@1774360161.297317450
0.0.7857493,2794.321833631132,NOT_ASSOCIATED,0.0.731861,0.0.6078459,
0.0.7200098,444.3285410136717,SUCCESS,0.0.731861,0.0.6078459,0.0.4138717@1774360166.525223269
0.0.2997555,0.4206876795756709,SUCCESS,0.0.731861,0.0.6078459,0.0.4138717@1774360165.181630443
0.0.6082528,1848.15439466855,SUCCESS,0.0.731861,0.0.6078459,0.0.4138717@1774360163.613664396
0.0.9471068,7.674870232913225,SUCCESS,0.0.731861,0.0.6078473,0.0.4138717@1774360164.240575559
0.0.8208716,399.6620455264009,SUCCESS,0.0.731861,0.0.6078473,0.0.4138717@1774360164.098066785
0.0.972940,0.01467594104716604,SUCCESS,0.0.731861,0.0.6126395,0.0.4138717@1774360163.753886725
0.0.4987474,0.00004697326594120201,SUCCESS,0.0.731861,0.0.6126395,0.0.4138717@1774360164.238616554
0.0.8077069,2491.462240109715,SUCCESS,0.0.731861,0.0.8315114,0.0.4138717@1774360167.053337688
0.0.9940020,0.008528772692642213,SUCCESS,0.0.731861,0.0.8315114,0.0.4138717@1774360168.980985860
0.0.10031160,21.56431261646818,NOT_ASSOCIATED,0.0.731861,0.0.8315114,
0.0.10031155,0.1236915038702309,NOT_ASSOCIATED,0.0.731861,0.0.8315114,
0.0.10267181,0.0903442376894387,NOT_ASSOCIATED,0.0.731861,0.0.8315114,
0.0.10267182,0.001398866890456414,NOT_ASSOCIATED,0.0.731861,0.0.8315114,
0.0.1109176,0.004166733542520317,SUCCESS,0.0.731861,0.0.8315114,0.0.4138717@1774360170.242555075
0.0.4544022,13.82095430341028,NOT_ASSOCIATED,0.0.731861,0.0.8315114,
0.0.5679713,0.005351838744640256,SUCCESS,0.0.731861,0.0.8315114,0.0.4138717@1774360170.931011304
0.0.4340961,0.001458176675657749,SUCCESS,0.0.731861,0.0.8315114,0.0.4138717@1774360170.926305886
0.0.7688939,0.00535880424691447,SUCCESS,0.0.731861,0.0.8315114,0.0.4138717@1774360168.702024533
0.0.8326917,0.5407391184243308,NOT_ASSOCIATED,0.0.731861,0.0.8315114,
0.0.8712714,0.3684935354594512,SUCCESS,0.0.731861,0.0.8315114,0.0.4138717@1774360170.058240862
0.0.8192889,55.78244911733307,SUCCESS,0.0.731861,0.0.8315114,0.0.4138717@1774360168.727264880
0.0.1033719,0.7141630439423826,SUCCESS,0.0.731861,0.0.8315114,0.0.4138717@1774360170.835781890
0.0.3311267,0.0009550446238993116,NOT_ASSOCIATED,0.0.731861,0.0.8315114,
0.0.10033160,3.088018578984081e-7,NOT_ASSOCIATED,0.0.731861,0.0.9774523,
0.0.10120444,0.01219951594225945,NOT_ASSOCIATED,0.0.731861,0.0.10018365,
0.0.10120460,5.349461939601878,NOT_ASSOCIATED,0.0.731861,0.0.10092996,
0.0.10120462,0.3600305190690793,NOT_ASSOCIATED,0.0.731861,0.0.10092996,
0.0.10062632,0.005526793014376944,SUCCESS,0.0.731861,0.0.10092996,0.0.4138717@1774360172.311202126
0.0.10120438,0.001147020483503896,NOT_ASSOCIATED,0.0.731861,0.0.10093026,
0.0.10120424,0.4439976344803684,NOT_ASSOCIATED,0.0.731861,0.0.10093026,
0.0.1412123,0.4262311739554186,SUCCESS,hbar,0.0.3951117&0.0.3964804,0.0.4138717@1774360193.853485354
0.0.4702708,0.1672781701791158,SUCCESS,hbar,0.0.3951117,0.0.4138717@1774360197.793230512
0.0.4184733,125.5662431632271,SUCCESS,hbar,0.0.3951117,0.0.4138717@1774360196.537484864
0.0.4775299,1.156911663948598,SUCCESS,hbar,0.0.3951117,0.0.4138717@1774360193.979123130
0.0.4758169,0.6891557668344087,SUCCESS,hbar,0.0.3951117,0.0.4138717@1774360193.977228043
0.0.3071320,35.71004608182042,SUCCESS,hbar,0.0.3951117,0.0.4138717@1774360197.701677461
0.0.4330219,0.2215375161142785,SUCCESS,hbar,0.0.3951117,0.0.4138717@1774360197.342060222
0.0.2968839,6.187959910955476,SUCCESS,hbar,0.0.3951117&0.0.3964804,0.0.4138717@1774360198.372402152
0.0.4923080,0.1834329007037165,SUCCESS,hbar,0.0.3951117,0.0.4138717@1774360193.819425119
0.0.3242760,26.79174074043993,SUCCESS,hbar,0.0.3951117&0.0.3964804,0.0.4138717@1774360194.095631932
0.0.5797983,0.1436989009544797,SUCCESS,hbar,0.0.3951117&0.0.3964804,0.0.4138717@1774360199.193660491
0.0.850535,66.22774361009277,SUCCESS,hbar,0.0.3951117,0.0.4138717@1774360202.018918767
0.0.6244791,1.386502796951766,SUCCESS,hbar,0.0.3951117,0.0.4138717@1774360202.187200663
0.0.6313910,139.0708262124485,SUCCESS,hbar,0.0.3951117&0.0.3964804,0.0.4138717@1774360202.292501960
0.0.6289117,11.22070498534462,SUCCESS,hbar,0.0.3951117&0.0.3964804,0.0.4138717@1774360203.011076767
0.0.6440477,0.5755560214458646,SUCCESS,hbar,0.0.3951117&0.0.3964804,0.0.4138717@1774360199.208010075
0.0.1322785,36.39902960627453,SUCCESS,hbar,0.0.3951117,0.0.4138717@1774360198.920081095
0.0.874760,33.74005290329144,SUCCESS,hbar,0.0.3951117&0.0.3964804,0.0.4138717@1774360198.897655712
0.0.4345324,0.1433482290904216,SUCCESS,hbar,0.0.3951117,0.0.4138717@1774360200.201504643
0.0.4968045,3.580719184597392,SUCCESS,hbar,0.0.3951117,0.0.4138717@1774360199.914631478
0.0.1691323,16.19545267243221,SUCCESS,hbar,0.0.3951117,0.0.4138717@1774360206.875121774
0.0.5716339,0.001887349372092633,SUCCESS,hbar,0.0.3951117,0.0.4138717@1774360204.555993746
0.0.4709377,16.12267891798208,SUCCESS,hbar,0.0.3951117,0.0.4138717@1774360206.428964550
0.0.4695027,0.4576942762027587,SUCCESS,hbar,0.0.3951117,0.0.4138717@1774360204.143178468
0.0.4340758,0.7615588781198518,SUCCESS,hbar,0.0.3951117&0.0.3964804,0.0.4138717@1774360204.303257993
0.0.4817549,1.461832916355374,SUCCESS,hbar,0.0.3951117&0.0.3964804,0.0.4138717@1774360204.942871886
0.0.4938729,1.906451422374565,SUCCESS,hbar,0.0.3951117,0.0.4138717@1774360205.127852372
0.0.3868695,3.664624309772087,SUCCESS,hbar,0.0.3951117,0.0.4138717@1774360205.553016227
0.0.4322002,0.550543354635856,SUCCESS,hbar,0.0.3951117,0.0.4138717@1774360204.731600948
0.0.4432149,0.3929129219166737,SUCCESS,hbar,0.0.3951117,0.0.4138717@1774360208.048597539
0.0.2930231,0.4251591337748086,SUCCESS,hbar,0.0.3951117&0.0.3964804,0.0.4138717@1774360208.303061448
0.0.4558891,5.058148956395009,SUCCESS,hbar,0.0.3951117,0.0.4138717@1774360206.742288966
0.0.5976303,0.5440137885945177,SUCCESS,hbar,0.0.3951117&0.0.3964804,0.0.4138717@1774360207.401401739
0.0.4318411,6.922457233214597,SUCCESS,hbar,0.0.3951117,0.0.4138717@1774360207.563243984
0.0.3681428,127.3925707725081,SUCCESS,hbar,0.0.3951117&0.0.3964804,0.0.4138717@1774360211.651582668
0.0.4329852,28.46229484064307,SUCCESS,hbar,0.0.3951117&0.0.3964804,0.0.4138717@1774360212.888051389
0.0.5975196,0.206426841208653,SUCCESS,hbar,0.0.3951117,0.0.4138717@1774360209.166259081
0.0.3969243,0.03717490570214212,SUCCESS,hbar,0.0.3951117,0.0.4138717@1774360214.687580098
0.0.4732964,0.1566250002674954,SUCCESS,hbar,0.0.3951117,0.0.4138717@1774360214.512217356
0.0.856667,7.731984870587691,SUCCESS,hbar,0.0.3951117&0.0.3964804,0.0.4138717@1774360213.221473800
0.0.4503599,1.631226379200674,SUCCESS,hbar,0.0.3951117,0.0.4138717@1774360214.686095661
0.0.4347838,2.953099767560421,SUCCESS,hbar,0.0.3951117,0.0.4138717@1774360212.386968066
0.0.1877739,0.1295113250086589,SUCCESS,hbar,0.0.3951117,0.0.4138717@1774360213.303755517
0.0.4864609,0.1240449345997489,SUCCESS,hbar,0.0.3951117,0.0.4138717@1774360214.594498350
0.0.598828,0.02553837218273661,SUCCESS,hbar,0.0.3951117&0.0.3964804,0.0.4138717@1774360213.884883417
0.0.4302086,0.1477964394118176,SUCCESS,hbar,0.0.3951117,0.0.4138717@1774360218.147146755
0.0.7991960,3.470530239838074,SUCCESS,hbar,0.0.3951117&0.0.3964804,0.0.4138717@1774360218.395433606
0.0.1601282,0.09176758891576205,SUCCESS,hbar,0.0.3951117,0.0.4138717@1774360217.386026475
0.0.2125030,43.27025524974483,SUCCESS,hbar,0.0.3951117,0.0.4138717@1774360217.094028935
0.0.7835270,6.793990558459377,SUCCESS,hbar,0.0.3951117,0.0.4138717@1774360218.589278606
0.0.1991961,23.99156695777535,SUCCESS,hbar,0.0.3951117,0.0.4138717@1774360218.112647137
0.0.8068689,6.791339925775652,SUCCESS,hbar,0.0.3951117&0.0.3964804,0.0.4138717@1774360220.509525705
0.0.7889838,4.252992962541098,SUCCESS,hbar,0.0.3951117,0.0.4138717@1774360222.485522716
0.0.6258771,3.486916843316526,SUCCESS,hbar,0.0.3951117,0.0.4138717@1774360222.991283640
0.0.1379217,4.350065420770378,SUCCESS,hbar,0.0.3951117,0.0.4138717@1774360219.659042803
0.0.8190429,1.187162408608588,SUCCESS,hbar,0.0.3951117,0.0.4138717@1774360224.151257471
0.0.4912200,82.81450382969,SUCCESS,hbar,0.0.3951117,0.0.4138717@1774360223.764825203
0.0.4342759,22.64474119392329,SUCCESS,hbar,0.0.3951117,0.0.4138717@1774360221.306208062
0.0.1265153,0.00339545885744985,SUCCESS,hbar,0.0.3951117,0.0.4138717@1774360225.605856708
0.0.4766933,21.23938015447616,SUCCESS,hbar,0.0.3951117,0.0.4138717@1774360224.047312366
0.0.6781119,2.271325688458146,SUCCESS,hbar,0.0.3951117&0.0.3964804,0.0.4138717@1774360226.554904058
0.0.7262531,0.01886665914819271,SUCCESS,hbar,0.0.3951117&0.0.3964804,0.0.4138717@1774360222.980875837
0.0.7138336,0.016004920920862,SUCCESS,hbar,0.0.3951117,0.0.4138717@1774360226.886672713
0.0.1340928,37.4458333352944,SUCCESS,hbar,0.0.3951117,0.0.4138717@1774360225.897021380
0.0.7479340,1.082530435795725,SUCCESS,hbar,0.0.3951117&0.0.3964804,0.0.4138717@1774360228.268911912
0.0.5078033,2.394501586350114,SUCCESS,hbar,0.0.3951117,0.0.4138717@1774360227.119103241
0.0.4229805,0.6621255751918225,SUCCESS,hbar,0.0.3951117,0.0.4138717@1774360230.265097492
0.0.1726157,4.704759223772648,SUCCESS,hbar,0.0.3951117&0.0.3964804,0.0.4138717@1774360226.966611821
0.0.4551977,0.1144101259732687,SUCCESS,hbar,0.0.3951117,0.0.4138717@1774360229.961712325
0.0.6026305,0.2505250198293696,SUCCESS,hbar,0.0.3951117,0.0.4138717@1774360227.558400485
0.0.1110477,11.62827829230669,SUCCESS,hbar,0.0.3951117,0.0.4138717@1774360230.786861623
0.0.1490591,16.25013856206207,SUCCESS,hbar,0.0.3951117&0.0.3964804,0.0.4138717@1774360233.101501221
0.0.1023917,5.719825337942935,SUCCESS,hbar,0.0.3951117&0.0.3964804,0.0.4138717@1774360229.894716954
0.0.1506598,1.616942853594865,SUCCESS,hbar,0.0.3951117,0.0.4138717@1774360231.343149287
0.0.4559340,0.1386257901979532,SUCCESS,hbar,0.0.3951117,0.0.4138717@1774360233.937810690
0.0.7798148,3.274725842748938,SUCCESS,hbar,0.0.3951117,0.0.4138717@1774360233.516797964
0.0.7843482,1.259798292854014,SUCCESS,hbar,0.0.3951117&0.0.3964804,0.0.4138717@1774360235.045644512
0.0.973828,3.080749560187299,SUCCESS,hbar,0.0.3951117,0.0.4138717@1774360237.721977933
0.0.1896081,0.4190292069738619,SUCCESS,hbar,0.0.3951117&0.0.3964804,0.0.4138717@1774360235.505609591
0.0.4205604,1.29350755355269,SUCCESS,hbar,0.0.3951117,0.0.4138717@1774360237.970013821
0.0.2116956,0.5347088376477115,SUCCESS,hbar,0.0.3951117,0.0.4138717@1774360235.159920877
0.0.896788,399.7885472535534,SUCCESS,hbar,0.0.3951117,0.0.4138717@1774360238.645888462
0.0.837404,60.85284806611818,SUCCESS,hbar,0.0.3951117,0.0.4138717@1774360241.346592341
0.0.925802,2.881232480293459,SUCCESS,hbar,0.0.3951117,0.0.4138717@1774360241.593101210
0.0.819461,0.1861395973446629,SUCCESS,hbar,0.0.3951117,0.0.4138717@1774360241.142525362
0.0.2020001,0.9124213823827084,SUCCESS,hbar,0.0.3951117,0.0.4138717@1774360241.329622589
0.0.1412849,0.000007764184152478203,SUCCESS,hbar,0.0.3951117,0.0.4138717@1774360241.425583913
0.0.2174139,0.3063297967895453,SUCCESS,hbar,0.0.3951117&0.0.3964804,0.0.4138717@1774360244.031644830
0.0.1261552,0.2894053942911347,SUCCESS,hbar,0.0.3951117&0.0.3964804,0.0.4138717@1774360244.034664287
0.0.836096,0.3027191438087479,SUCCESS,hbar,0.0.3951117&0.0.3964804,0.0.4138717@1774360243.114608804
0.0.639876,0.07483468374544769,SUCCESS,hbar,0.0.3951117,0.0.4138717@1774360242.815395238
0.0.4329215,0.07644640096878097,SUCCESS,hbar,0.0.3951117&0.0.3964804,0.0.4138717@1774360241.482720978
0.0.854331,0.04980304739800277,SUCCESS,hbar,0.0.3951117,0.0.4138717@1774360243.598974510
0.0.1438402,0.1887815200843096,SUCCESS,hbar,0.0.3951117,0.0.4138717@1774360245.639012108
0.0.4333286,0.1177217833809264,SUCCESS,hbar,0.0.3951117,0.0.4138717@1774360246.368897492
0.0.1453803,1.405320026579166,SUCCESS,hbar,0.0.3951117,0.0.4138717@1774360246.952745541
0.0.1414140,12686.43960574773,SUCCESS,hbar,0.0.3951117,0.0.4138717@1774360244.192560596
0.0.4346579,0.003348165549812777,SUCCESS,hbar,0.0.3951117,0.0.4138717@1774360247.356869310
0.0.508876,2.934510190415799,SUCCESS,hbar,0.0.3951117,0.0.4138717@1774360247.256236387
0.0.832415,48.74539631546159,SUCCESS,hbar,0.0.3951117,0.0.4138717@1774360244.610798744
0.0.700741,0.8322370310603678,SUCCESS,hbar,0.0.3951117,0.0.4138717@1774360248.407451834
0.0.187153,57.64597035500809,SUCCESS,hbar,0.0.3951117&0.0.3964804,0.0.4138717@1774360249.555632065
0.0.1274087,1145.37434817596,SUCCESS,hbar,0.0.3951117,0.0.4138717@1774360247.419007384
0.0.2773436,81.24868130835895,SUCCESS,hbar,0.0.3951117&0.0.3964804,0.0.4138717@1774360250.832378591
0.0.1022050,8.794052608416871,SUCCESS,hbar,0.0.3951117,0.0.4138717@1774360248.823607637
0.0.834820,16.07655314432688,SUCCESS,hbar,0.0.3951117&0.0.3964804,0.0.4138717@1774360252.280304649
0.0.731977,12.6483577845315,SUCCESS,hbar,0.0.3951117,0.0.4138717@1774360249.921764015
0.0.860438,0.640205777248049,SUCCESS,hbar,0.0.3951117&0.0.3964804,0.0.4138717@1774360252.372942352
0.0.1290358,20.03650350951149,SUCCESS,hbar,0.0.3951117,0.0.4138717@1774360251.474536020
0.0.1409958,0.1569810356366065,SUCCESS,hbar,0.0.3951117,0.0.4138717@1774360249.521292702
0.0.3845966,0.3900103288722651,SUCCESS,hbar,0.0.3951117&0.0.3964804,0.0.4138717@1774360252.742788666
0.0.2030667,1.144153469145592,SUCCESS,hbar,0.0.3951117,0.0.4138717@1774360255.420530267
0.0.1724832,0.215040555042475,SUCCESS,hbar,0.0.3951117,0.0.4138717@1774360253.961992479
0.0.1288450,0.1897491923477801,SUCCESS,hbar,0.0.3951117,0.0.4138717@1774360253.687368158
0.0.832624,0.001287595256089784,SUCCESS,hbar,0.0.3951117&0.0.3964804,0.0.4138717@1774360257.061273818
0.0.3947779,259.0779270509851,SUCCESS,hbar,0.0.3951117,0.0.4138717@1774360257.060812711
0.0.525256,13.90283319814125,SUCCESS,hbar,0.0.3951117,0.0.4138717@1774360254.492482438
0.0.1120388,4.605339873685702,SUCCESS,hbar,0.0.3951117&0.0.3964804,0.0.4138717@1774360258.100588619
0.0.4323088,9.297191270062612,SUCCESS,hbar,0.0.3951117&0.0.3964804,0.0.4138717@1774360255.282417201
0.0.1266990,0.1037178428951451,SUCCESS,hbar,0.0.3951117,0.0.4138717@1774360255.856850967
0.0.5118079,1.709664908188915,SUCCESS,hbar,0.0.3951117&0.0.3964804,0.0.4138717@1774360258.825866829
0.0.5118232,0.519677466994524,SUCCESS,hbar,0.0.3951117&0.0.3964804,0.0.4138717@1774360259.114177396
0.0.5118190,1.0402644078815,SUCCESS,hbar,0.0.3951117&0.0.3964804,0.0.4138717@1774360258.556878893
0.0.5119346,5.338809419913998,SUCCESS,hbar,0.0.3951117&0.0.3964804,0.0.4138717@1774360259.329606076
0.0.841339,2.423503833427001,SUCCESS,hbar,0.0.3951117,0.0.4138717@1774360260.903583176
0.0.5182107,0.5266372126726322,SUCCESS,hbar,0.0.3951117&0.0.3964804,0.0.4138717@1774360260.476905674
0.0.5202236,0.7619960259175781,SUCCESS,hbar,0.0.3951117,0.0.4138717@1774360259.616277061
0.0.4590627,1.219508180641282,SUCCESS,hbar,0.0.3951117,0.0.4138717@1774360259.461957705
0.0.4324463,0.1573778049468363,SUCCESS,hbar,0.0.3951117,0.0.4138717@1774360261.136660802
0.0.4335807,8.570293115805026,SUCCESS,hbar,0.0.3951117,0.0.4138717@1774360264.245787106
0.0.4986167,0.2449918415066278,SUCCESS,hbar,0.0.3951117,0.0.4138717@1774360260.998433761
0.0.5281334,0.2445672393223038,SUCCESS,hbar,0.0.3951117,0.0.4138717@1774360261.032434756
0.0.5310061,0.9332896941083528,SUCCESS,hbar,0.0.3951117&0.0.3964804,0.0.4138717@1774360263.022786873
0.0.5117832,76.47498310302542,SUCCESS,hbar,0.0.3951117&0.0.3964804,0.0.4138717@1774360263.643852494
0.0.1711779,0.02430538001844992,SUCCESS,hbar,0.0.3951117,0.0.4138717@1774360262.593011443
0.0.853268,58.72771274431789,SUCCESS,hbar,0.0.3951117,0.0.4138717@1774360266.760869387
0.0.662296,62.57781312631801,SUCCESS,hbar,0.0.3951117,0.0.4138717@1774360267.381882287
0.0.3829916,31.78407403478304,SUCCESS,hbar,0.0.3951117,0.0.4138717@1774360268.496923069
0.0.104926,0.007182359408167374,SUCCESS,hbar,0.0.3951117,0.0.4138717@1774360268.028040521
0.0.1075892,1.984908945711676,SUCCESS,hbar,0.0.3951117,0.0.4138717@1774360267.551740542
0.0.4350041,0.3449600958016894,SUCCESS,hbar,0.0.3951117,0.0.4138717@1774360269.197132006
0.0.1910285,0.2227715975800923,SUCCESS,hbar,0.0.3951117,0.0.4138717@1774360269.382459333
0.0.1735540,1.748771092941148,SUCCESS,hbar,0.0.3951117,0.0.4138717@1774360269.518814217
0.0.4352091,0.3797488246340403,SUCCESS,hbar,0.0.3951117,0.0.4138717@1774360271.031701647
0.0.4349304,0.008053260228512861,SUCCESS,hbar,0.0.3951117,0.0.4138717@1774360270.756728038
0.0.1338331,0.04046936413976125,SUCCESS,hbar,0.0.3951117,0.0.4138717@1774360271.428402620
0.0.4322065,1.855560757856458,SUCCESS,hbar,0.0.3951117,0.0.4138717@1774360270.021716346
0.0.4370057,0.121738637212602,SUCCESS,hbar,0.0.3951117,0.0.4138717@1774360273.307289400
0.0.4354394,12.29379654446284,SUCCESS,hbar,0.0.3951117,0.0.4138717@1774360274.674537715
0.0.4348824,0.0320369929290664,SUCCESS,hbar,0.0.3951117,0.0.4138717@1774360272.828694911
0.0.4544530,0.2716901470516652,SUCCESS,hbar,0.0.3951117&0.0.3964804,0.0.4138717@1774360273.853487185
0.0.1506629,0.1502100122116761,SUCCESS,hbar,0.0.3951117,0.0.4138717@1774360272.351187098
0.0.795933,2.421427568940905,SUCCESS,hbar,0.0.3951117,0.0.4138717@1774360274.100363176
0.0.4324445,0.1424829640216095,SUCCESS,hbar,0.0.3951117&0.0.3964804,0.0.4138717@1774360277.213192585
0.0.4321631,6.454196079551475,SUCCESS,hbar,0.0.3951117&0.0.3964804,0.0.4138717@1774360275.837106701
0.0.4582751,0.2460841697045151,SUCCESS,hbar,0.0.3951117,0.0.4138717@1774360278.866299840
0.0.4606843,0.0736428012349088,SUCCESS,hbar,0.0.3951117,0.0.4138717@1774360280.567152078
0.0.3567813,90.72224986323546,SUCCESS,hbar,0.0.3951117,0.0.4138717@1774360279.971248423
0.0.8382774,0.07051521069696737,SUCCESS,hbar,0.0.3951117&0.0.3964804,0.0.4138717@1774360279.058096036
0.0.3943340,0.05417500624569282,SUCCESS,hbar,0.0.3951117,0.0.4138717@1774360279.680635932
0.0.5352069,0.2528877316899261,SUCCESS,hbar,0.0.3951117,0.0.4138717@1774360281.018422082
0.0.8490555,0.8231715546750744,SUCCESS,hbar,0.0.3951117,0.0.4138717@1774360281.140060901
0.0.4331763,83.96963258647972,SUCCESS,hbar,0.0.3951117,0.0.4138717@1774360283.878964994
0.0.8638339,0.002315747867721674,SUCCESS,hbar,0.0.3951117,0.0.4138717@1774360282.933404562
0.0.8383256,0.01804744437992481,SUCCESS,hbar,0.0.3951117&0.0.3964804,0.0.4138717@1774360284.055632976
0.0.8546442,2.968885712960331,SUCCESS,hbar,0.0.3951117,0.0.4138717@1774360281.609501865
0.0.8684349,221.233472914043,SUCCESS,hbar,0.0.3951117,0.0.4138717@1774360286.721487979
0.0.2137668,16.63018746083554,SUCCESS,hbar,0.0.3951117&0.0.3964804,0.0.4138717@1774360283.510375346
0.0.9099631,0.3209766164066182,SUCCESS,hbar,0.0.3951117,0.0.4138717@1774360286.762507958
0.0.9112426,0.1247102608017415,SUCCESS,hbar,0.0.3951117&0.0.3964804,0.0.4138717@1774360287.329769159
0.0.8419510,0.1487918395405645,SUCCESS,hbar,0.0.3951117,0.0.4138717@1774360287.444279979
0.0.8054459,0.3263108651263112,SUCCESS,hbar,0.0.3951117&0.0.3964804,0.0.4138717@1774360288.478871691
0.0.1707146,0.5178657412851769,SUCCESS,hbar,0.0.3951117,0.0.4138717@1774360287.490430327
0.0.9202687,29.90164827341973,SUCCESS,hbar,0.0.3951117,0.0.4138717@1774360290.089180794
0.0.1368197,1.133448596769925,SUCCESS,hbar,0.0.3951117&0.0.3964804,0.0.4138717@1774360290.723642508
0.0.7810768,0.1557541577798526,SUCCESS,hbar,0.0.3951117,0.0.4138717@1774360286.895592113
0.0.1120575,44.78819726388736,SUCCESS,hbar,0.0.3951117&0.0.3964804,0.0.4138717@1774360287.216638663
0.0.1464418,3.219907197850584,SUCCESS,hbar,0.0.3951117,0.0.4138717@1774360289.506809528
0.0.1380352,0.76555931774445,SUCCESS,hbar,0.0.3951117,0.0.4138717@1774360294.089192557
0.0.7287636,0.8761631474147066,SUCCESS,hbar,0.0.3951117&0.0.3964804,0.0.4138717@1774360290.600373564
0.0.5126364,8.198265119702544,SUCCESS,hbar,0.0.3951117,0.0.4138717@1774360294.347100624
0.0.7490874,0.5015640255807394,SUCCESS,hbar,0.0.3951117&0.0.3964804,0.0.4138717@1774360294.696486609
0.0.5060163,0.1772811690279849,SUCCESS,hbar,0.0.3951117,0.0.4138717@1774360290.752050167
0.0.1123889,0.8800233194818593,SUCCESS,hbar,0.0.3951117&0.0.3964804,0.0.4138717@1774360291.493717238
0.0.7726808,0.6884433077132706,SUCCESS,hbar,0.0.3951117,0.0.4138717@1774360295.501388742
0.0.834595,1.210637966668272,SUCCESS,hbar,0.0.3951117&0.0.3964804,0.0.4138717@1774360293.534980099
0.0.1341996,0.5364525306989817,SUCCESS,hbar,0.0.3951117,0.0.4138717@1774360292.514694346
0.0.9273872,0.006655860197963328,SUCCESS,hbar,0.0.3951117,0.0.4138717@1774360293.623203564
0.0.7555632,0.03908151723189161,SUCCESS,hbar,0.0.3951117,0.0.4138717@1774360298.206797868
0.0.7989790,0.01621152903419895,SUCCESS,hbar,0.0.3951117,0.0.4138717@1774360294.165743918
0.0.3706536,0.004489629094817999,SUCCESS,hbar,0.0.3951117,0.0.4138717@1774360297.449168856
0.0.5688804,0.8342316266601659,SUCCESS,hbar,0.0.3951117,0.0.4138717@1774360295.896302982
0.0.8068996,0.05823625251300171,SUCCESS,hbar,0.0.3951117&0.0.3964804,0.0.4138717@1774360298.052279972
0.0.8071373,0.5924688085434403,SUCCESS,hbar,0.0.3951117,0.0.4138717@1774360299.659049481
0.0.819005,4.09330528418015,SUCCESS,hbar,0.0.3951117,0.0.4138717@1774360295.280431648
0.0.8212757,0.9760093412008508,SUCCESS,hbar,0.0.3951117,0.0.4138717@1774360298.081967111
0.0.8260017,0.06553347278261941,SUCCESS,hbar,0.0.3951117&0.0.3964804,0.0.4138717@1774360300.646561936
0.0.10076636,0.7601754426722542,SUCCESS,hbar,0.0.3951117,0.0.4138717@1774360300.904770496
0.0.4570964,4.132508058355074,SUCCESS,hbar,0.0.3951117,0.0.4138717@1774360301.894583390
0.0.9958383,0.02570276027555502,SUCCESS,hbar,0.0.3951117,0.0.4138717@1774360300.099197736
0.0.9723151,0.001701177811073402,SUCCESS,hbar,0.0.3951117,0.0.4138717@1774360302.811509742
0.0.10031117,27.49605004340692,SUCCESS,hbar,0.0.3951117,0.0.4138717@1774360299.706905841
0.0.10031118,32.22085129000774,SUCCESS,hbar,0.0.3951117,0.0.4138717@1774360303.522281707
0.0.1157855,0.3516143580563626,SUCCESS,hbar,0.0.3951117,0.0.4138717@1774360301.006609381
0.0.10021410,0.01996348903216726,SUCCESS,hbar,0.0.3951117,0.0.4138717@1774360301.715577680
0.0.10076247,0.08102200280164581,SUCCESS,hbar,0.0.3951117,0.0.4138717@1774360304.341843198
0.0.1340164,17.63648855402057,SUCCESS,hbar,0.0.3951117,0.0.4138717@1774360302.995341602
0.0.4329703,0.3912936943371663,SUCCESS,hbar,0.0.3951117,0.0.4138717@1774360306.023432201
0.0.735239,0.00004036876975536053,SUCCESS,hbar,0.0.3951117,0.0.4138717@1774360304.286691359
0.0.9302147,3.919658210661886,SUCCESS,hbar,0.0.3951117,0.0.4138717@1774360304.204718220
0.0.10122546,0.004956379024859924,SUCCESS,hbar,0.0.3951117,0.0.4138717@1774360306.721523477
0.0.10169145,0.04778053923445058,SUCCESS,hbar,0.0.3951117,0.0.4138717@1774360303.376161016
0.0.7786995,6.283865696932812,SUCCESS,hbar,0.0.3951117,0.0.4138717@1774360306.996530485
0.0.4343858,0.4414520002679558,SUCCESS,hbar,0.0.3951117,0.0.4138717@1774360303.942131190
0.0.10230141,0.9358357083390308,SUCCESS,hbar,0.0.3951117,0.0.4138717@1774360305.097485634
0.0.9299646,1.994695441699046,SUCCESS,hbar,0.0.3951117,0.0.4138717@1774360308.846643849
0.0.4432398,0.1895306385922874,SUCCESS,hbar,0.0.3951117,0.0.4138717@1774360310.657823211
0.0.1110198,6.450779863959034,SUCCESS,hbar,0.0.3951117,0.0.4138717@1774360309.466975543
0.0.1515633,1.543211942182857,SUCCESS,hbar,0.0.3951117,0.0.4138717@1774360307.149918440
0.0.850481,38.87214521770181,SUCCESS,hbar,0.0.3951117,0.0.4138717@1774360312.064474515
0.0.1758196,0.3522367343767826,SUCCESS,hbar,0.0.3951117,0.0.4138717@1774360312.608755667
0.0.4555391,0.7738223197436294,SUCCESS,hbar,0.0.3951117,0.0.4138717@1774360310.423828724
0.0.942605,0.4070064139726355,SUCCESS,hbar,0.0.3951117,0.0.4138717@1774360314.982125423
0.0.9359586,0.02260550798948346,SUCCESS,hbar,0.0.3951117,0.0.4138717@1774360312.161081216
0.0.832852,16.73607149536823,SUCCESS,hbar,0.0.3951117,0.0.4138717@1774360313.977064452
0.0.9404406,0.01772351960667406,SUCCESS,hbar,0.0.3951117,0.0.4138717@1774360314.754168019
0.0.231224,506.5656419017418,SUCCESS,hbar,0.0.3951117,0.0.4138717@1774360315.248141404
0.0.7129552,26.72102104729563,SUCCESS,hbar,0.0.3951117,0.0.4138717@1774360311.749374907
0.0.650437,0.2481676282902787,SUCCESS,hbar,0.0.3951117,0.0.4138717@1774360316.242407699
0.0.8585089,45.42886193819098,SUCCESS,hbar,0.0.3951117,0.0.4138717@1774360317.975552771
0.0.1890696,0.00152580773841846,SUCCESS,hbar,0.0.3951117,0.0.4138717@1774360316.143203557
0.0.1115297,0.4389168409078779,SUCCESS,hbar,0.0.3951117,0.0.4138717@1774360317.528078731
0.0.7542917,0.08258071092852061,SUCCESS,hbar,0.0.3951117,0.0.4138717@1774360318.715437502
0.0.9626972,0.2196166059759833,SUCCESS,hbar,0.0.3951117,0.0.4138717@1774360319.461710263
0.0.9344085,3.381976513746853,SUCCESS,hbar,0.0.3951117,0.0.4138717@1774360319.644115835
0.0.9755401,0.006357892006341981,SUCCESS,hbar,0.0.3951117,0.0.4138717@1774360316.685677095
0.0.52231,4.771567987456223,SUCCESS,hbar,0.0.3951117,0.0.4138717@1774360320.310480369
0.0.2183535,13.35959076782513,SUCCESS,hbar,0.0.3951117,0.0.4138717@1774360318.198836805
0.0.4351536,1.214487355195612,SUCCESS,hbar,0.0.3951117,0.0.4138717@1774360318.619625741
0.0.844585,9.804282020439548,SUCCESS,hbar,0.0.3951117&0.0.3964804,0.0.4138717@1774360318.922391423
0.0.9318600,129.2878189896046,SUCCESS,hbar,0.0.3951117,0.0.4138717@1774360321.605865272
0.0.9154738,1.272913115057817,SUCCESS,hbar,0.0.3951117&0.0.3964804,0.0.4138717@1774360320.217597357
0.0.2994397,1.603525608319929,SUCCESS,hbar,0.0.3951117,0.0.4138717@1774360321.300429278
0.0.9619890,3.779823890094715,SUCCESS,hbar,0.0.3951117&0.0.3964804,0.0.4138717@1774360320.177327116
0.0.9597272,1.112426416573008,SUCCESS,hbar,0.0.3951117,0.0.4138717@1774360320.167866918
0.0.7680254,1.262052804163612,SUCCESS,hbar,0.0.3951117&0.0.3964804,0.0.4138717@1774360321.327952322
0.0.9301583,31.64051620176599,SUCCESS,hbar,0.0.3951117,0.0.4138717@1774360324.614218607
0.0.4570908,27.32996772382258,SUCCESS,hbar,0.0.3951117,0.0.4138717@1774360323.541866026
0.0.835242,0.01130741073845503,SUCCESS,hbar,0.0.3951117,0.0.4138717@1774360322.152944634
0.0.8341357,0.2619249854623285,SUCCESS,hbar,0.0.3951117&0.0.3964804,0.0.4138717@1774360325.630770985
0.0.4349716,0.645219603537101,SUCCESS,hbar,0.0.3951117&0.0.3964804,0.0.4138717@1774360326.954158773
0.0.10064213,0.7820851889451867,SUCCESS,hbar,0.0.3951117&0.0.3964804,0.0.4138717@1774360325.142691541
0.0.6374996,10.03040029754283,SUCCESS,hbar,0.0.3951117,0.0.4138717@1774360325.552737802
0.0.10088944,0.3218158120720381,SUCCESS,hbar,0.0.3951117,0.0.4138717@1774360326.009587595
0.0.5244199,6.196214471591221,SUCCESS,hbar,0.0.3951117,0.0.4138717@1774360326.393550650
0.0.139500,8.84026014839241,SUCCESS,hbar,0.0.3951117,0.0.4138717@1774360329.196463617
0.0.7526203,1.278066378259049,SUCCESS,hbar,0.0.3951117&0.0.3964804,0.0.4138717@1774360326.445396401
0.0.2960169,0.7646965494035434,SUCCESS,hbar,0.0.3951117,0.0.4138717@1774360326.314159601
0.0.4339505,102.5046213547002,SUCCESS,hbar,0.0.3951117&0.0.3964804,0.0.4138717@1774360327.900536102
0.0.8531519,5.73505714570742,SUCCESS,hbar,0.0.3951117,0.0.4138717@1774360328.507450088
0.0.2122027,3.52898418465907,SUCCESS,hbar,0.0.3951117&0.0.3964804,0.0.4138717@1774360329.776701460
0.0.8673695,0.0632824359282592,SUCCESS,hbar,0.0.3951117&0.0.3964804,0.0.4138717@1774360330.731418194
0.0.4531253,0.04986915701708256,SUCCESS,hbar,0.0.3951117&0.0.3964804,0.0.4138717@1774360328.757759029
0.0.9104463,7.650618192132314,SUCCESS,hbar,0.0.3951117&0.0.3964804,0.0.4138717@1774360328.803275701
0.0.7788937,0.02796011972749545,SUCCESS,hbar,0.0.3951117,0.0.4138717@1774360333.551566334
0.0.9150357,4.702345134817155,SUCCESS,hbar,0.0.3951117,0.0.4138717@1774360330.236300145
0.0.7920605,0.3291020161799902,SUCCESS,hbar,0.0.3951117,0.0.4138717@1774360332.111939955
0.0.8899262,2.993132162382469,SUCCESS,hbar,0.0.3951117,0.0.4138717@1774360331.045885475
0.0.3310398,0.1574663071022544,SUCCESS,hbar,0.0.3951117&0.0.3964804,0.0.4138717@1774360335.448999035
0.0.9120392,0.5696402368685305,SUCCESS,hbar,0.0.3951117&0.0.3964804,0.0.4138717@1774360331.224180243
0.0.9195929,11.85325319627371,SUCCESS,hbar,0.0.3951117&0.0.3964804,0.0.4138717@1774360333.684030853
0.0.7891604,9.504551397614584,SUCCESS,hbar,0.0.3951117,0.0.4138717@1774360331.007817975
0.0.9200436,0.4727860044720721,SUCCESS,hbar,0.0.3951117,0.0.4138717@1774360334.530184200
0.0.657648,67.45318008245431,SUCCESS,hbar,0.0.3951117,0.0.4138717@1774360335.068216740
0.0.6872459,305.3250428930999,SUCCESS,hbar,0.0.3951117,0.0.4138717@1774360337.195936769
0.0.4383878,0.0345463630555487,SUCCESS,hbar,0.0.3951117,0.0.4138717@1774360335.622062324
0.0.4754443,0.9795601832789159,SUCCESS,hbar,0.0.3951117&0.0.3964804,0.0.4138717@1774360338.361407409
0.0.1339713,0.2079242700722031,SUCCESS,hbar,0.0.3951117,0.0.4138717@1774360335.243065391
0.0.4745055,0.003163559672170557,SUCCESS,hbar,0.0.3951117,0.0.4138717@1774360335.886308478
0.0.4338219,3.312618859061997,SUCCESS,hbar,0.0.3951117,0.0.4138717@1774360338.876305597
0.0.4792831,0.001669419160518614,SUCCESS,hbar,0.0.3951117,0.0.4138717@1774360335.444695394
0.0.664329,0.03059472417103773,SUCCESS,hbar,0.0.3951117,0.0.4138717@1774360336.123736397
0.0.4858736,0.02191457344040812,SUCCESS,hbar,0.0.3951117,0.0.4138717@1774360339.687009045
0.0.834443,59.09648813022796,SUCCESS,hbar,0.0.3951117,0.0.4138717@1774360341.956523287
0.0.4430933,0.417288313162478,SUCCESS,hbar,0.0.3951117,0.0.4138717@1774360340.418893505
0.0.1784251,0.02023323866627653,SUCCESS,hbar,0.0.3951117&0.0.3964804,0.0.4138717@1774360340.378841571
0.0.1281501,12.54418421226761,SUCCESS,hbar,0.0.3951117,0.0.4138717@1774360338.519275091
0.0.5028724,0.002885749036908161,SUCCESS,hbar,0.0.3951117,0.0.4138717@1774360340.532891052
0.0.5156210,0.003589846109279455,SUCCESS,hbar,0.0.3951117&0.0.3964804,0.0.4138717@1774360341.925603739
0.0.1458130,0.02124372227790289,SUCCESS,hbar,0.0.3951117,0.0.4138717@1774360341.161487158
0.0.1904506,0.0003074559596624676,SUCCESS,hbar,0.0.3951117,0.0.4138717@1774360340.252963575
0.0.6198709,2.927759017579757,SUCCESS,hbar,0.0.3951117,0.0.4138717@1774360343.318454051
0.0.1462225,573.7520061710844,SUCCESS,hbar,0.0.3951117,0.0.4138717@1774360344.524770573
0.0.696790,3.693454455347027,SUCCESS,hbar,0.0.3951117&0.0.3964804,0.0.4138717@1774360341.788456680
0.0.1023730,1.155120356482732,SUCCESS,hbar,0.0.3951117,0.0.4138717@1774360345.545050928
0.0.3872466,0.06135655781491322,SUCCESS,hbar,0.0.3951117,0.0.4138717@1774360342.907071160
0.0.1123753,2.466375315742021,SUCCESS,hbar,0.0.3951117&0.0.3964804,0.0.4138717@1774360345.341474163
0.0.3525426,6.697021546902914,SUCCESS,hbar,0.0.3951117&0.0.3964804,0.0.4138717@1774360342.919581930
0.0.10300628,314.7503997609502,SUCCESS,hbar,0.0.3951117,0.0.4138717@1774360346.412882731
0.0.8485588,42.50170878424982,SUCCESS,hbar,0.0.3951117,0.0.4138717@1774360346.234205254
0.0.4569835,0.003332500177924666,SUCCESS,hbar,0.0.3951117,0.0.4138717@1774360345.767194654
0.0.490092,0.06502208730692646,SUCCESS,hbar,0.0.3951117,0.0.4138717@1774360348.496279496
0.0.516971,7.48175596795872e-8,SUCCESS,hbar,0.0.3951117,0.0.4138717@1774360350.399397635
0.0.4575306,0.002167626267096909,SUCCESS,hbar,0.0.3951117,0.0.4138717@1774360348.547628842
0.0.1508462,16.51978604093777,SUCCESS,hbar,0.0.3951117,0.0.4138717@1774360347.169203608
0.0.8616856,50.13587482789752,SUCCESS,hbar,0.0.3951117&0.0.3964804,0.0.4138717@1774360348.148053062
0.0.4591423,0.02625991838296456,SUCCESS,hbar,0.0.3951117,0.0.4138717@1774360349.595515265
0.0.3925109,0.00002242596970602566,SUCCESS,hbar,0.0.3951117,0.0.4138717@1774360351.210016715
0.0.4433722,0.03461789916882552,SUCCESS,hbar,0.0.3951117,0.0.4138717@1774360352.801372702
0.0.1052080,2.532999033885327,SUCCESS,hbar,0.0.3951117&0.0.3964804,0.0.4138717@1774360351.006256571
0.0.4331665,0.6044005088767704,SUCCESS,hbar,0.0.3951117,0.0.4138717@1774360349.968575390
0.0.4691881,0.3283950073746916,SUCCESS,hbar,0.0.3951117,0.0.4138717@1774360353.244700259
0.0.1512938,0.0003645241598715226,SUCCESS,hbar,0.0.3951117,0.0.4138717@1774360349.981842661
0.0.4339712,0.1729459637001083,SUCCESS,hbar,0.0.3951117,0.0.4138717@1774360354.148841773
0.0.3100704,57.86173642856679,SUCCESS,hbar,0.0.3951117&0.0.3964804,0.0.4138717@1774360355.012333082
0.0.10301803,0.0326974209312736,SUCCESS,hbar,0.0.3951117,0.0.4138717@1774360354.726737808
0.0.10182354,2.278412682752103,SUCCESS,hbar,0.0.3951117&0.0.3964804,0.0.4138717@1774360352.612454199
0.0.1180471,0.4115976659401581,SUCCESS,hbar,0.0.3951117,0.0.4138717@1774360352.500401975
0.0.8147681,3.779985504453183,SUCCESS,hbar,0.0.3951117,0.0.4138717@1774360353.697237511
0.0.3047651,0.1206155486746437,SUCCESS,hbar,0.0.3951117,0.0.4138717@1774360357.082720974
0.0.1872630,723.3002623738812,SUCCESS,hbar,0.0.3951117&0.0.3964804,0.0.4138717@1774360356.148597042
0.0.7121240,0.1347791920889196,SUCCESS,hbar,0.0.3951117,0.0.4138717@1774360358.150258969
0.0.5702270,0.07091023181482933,SUCCESS,hbar,0.0.3951117,0.0.4138717@1774360359.812640415
0.0.2960128,1.483692814793242,SUCCESS,hbar,0.0.3951117,0.0.4138717@1774360357.552976701
0.0.1097257,11.90679105751676,SUCCESS,hbar,0.0.3951117,0.0.4138717@1774360359.849321058
0.0.8013259,1524.296732282646,SUCCESS,hbar,0.0.3951117,0.0.4138717@1774360358.898301101
0.0.589629,0.0009442861161494156,SUCCESS,hbar,0.0.3951117,0.0.4138717@1774360356.712843517
0.0.10300906,174.8996846332033,SUCCESS,hbar,0.0.3951117&0.0.3964804,0.0.4138717@1774360356.977145849
0.0.8049278,0.03672395734282875,SUCCESS,hbar,0.0.3951117,0.0.4138717@1774360357.838944570
0.0.831525,0.5291678380704546,SUCCESS,hbar,0.0.3951117,0.0.4138717@1774360360.052877713
0.0.6270084,26.0544109322969,SUCCESS,hbar,0.0.3951117&0.0.3964804,0.0.4138717@1774360359.861987724
0.0.836838,50.14123355176353,SUCCESS,hbar,0.0.3951117,0.0.4138717@1774360364.366380469
0.0.10247726,0.1567580456325156,SUCCESS,hbar,0.0.3951117,0.0.4138717@1774360363.400287148
0.0.10231452,4.859522799488192,SUCCESS,hbar,0.0.3951117&0.0.3964804,0.0.4138717@1774360362.434494829
0.0.10352676,0.4306411492419883,SUCCESS,hbar,0.0.3951117,0.0.4138717@1774360362.899281881
0.0.4628762,13.94814411469953,SUCCESS,hbar,0.0.3951117&0.0.3964804,0.0.4138717@1774360362.652237460
0.0.9073081,0.02034319019443808,SUCCESS,hbar,0.0.3951117,0.0.4138717@1774360365.203507862
0.0.8373509,7.755982211908282,SUCCESS,hbar,0.0.3951117&0.0.3964804,0.0.4138717@1774360365.842306792
0.0.8085300,0.05228651158465027,SUCCESS,hbar,0.0.3951117,0.0.4138717@1774360363.016113247
0.0.10091051,4.761761124000411,SUCCESS,hbar,0.0.3951117,0.0.4138717@1774360362.763669109
0.0.8087973,29.65482566952341,SUCCESS,hbar,0.0.3951117&0.0.3964804,0.0.4138717@1774360363.318299324
0.0.9177203,0.002688327300932158,SUCCESS,hbar,0.0.3964804,0.0.4138717@1774360367.145412153
0.0.9144627,0.6121397890371529,SUCCESS,hbar,0.0.3964804,0.0.4138717@1774360366.749606785
0.0.8188301,0.2586902189882975,SUCCESS,hbar,0.0.3964804,0.0.4138717@1774360365.373629220
0.0.9301506,0.005595687551911212,SUCCESS,hbar,0.0.3964804,0.0.4138717@1774360366.740245368
0.0.1920276,1.945506498272694,SUCCESS,hbar,0.0.3964804,0.0.4138717@1774360367.590356213
0.0.9946813,0.006458385984722285,SUCCESS,hbar,0.0.3964804,0.0.4138717@1774360368.908304148
0.0.10307970,0.0006116433686478837,SUCCESS,hbar,0.0.3964804,0.0.4138717@1774360368.295472267
0.0.10308209,0.09127706061996844,SUCCESS,hbar,0.0.3964804,0.0.4138717@1774360367.632826715
0.0.8108637,0.00008982995592802442,SUCCESS,hbar,0.0.3964804,0.0.4138717@1774360370.363830609
0.0.4157253,27.97901687815569,SUCCESS,hbar,0.0.3964804,0.0.4138717@1774360369.255412724
0.0.9210303,0.7356703896932482,SUCCESS,hbar,0.0.3964804,0.0.4138717@1774360370.854603666
0.0.9417458,2.308764264379494,SUCCESS,hbar,0.0.3964804,0.0.4138717@1774360370.541669037
0.0.7903445,1.665018837829043,SUCCESS,hbar,0.0.3964804,0.0.4138717@1774360369.724772254
0.0.10227517,1.171281062228992,SUCCESS,hbar,0.0.3964804,0.0.4138717@1774360372.251748501
0.0.1088074,12.8127243804729,SUCCESS,hbar,0.0.3964804,0.0.4138717@1774360371.922425185
0.0.7553528,77.06683421885991,SUCCESS,hbar,0.0.3964804,0.0.4138717@1774360371.483175757
0.0.1321462,0.6274828281375431,SUCCESS,hbar,0.0.3964804,0.0.4138717@1774360373.903303541
0.0.4766806,0.5875008931651264,SUCCESS,hbar,0.0.3964804,0.0.4138717@1774360375.821028953
0.0.8131527,0.01074446020233526,SUCCESS,hbar,0.0.3964804,0.0.4138717@1774360376.242001214
0.0.6908258,0.08451499571192413,SUCCESS,hbar,0.0.3964804,0.0.4138717@1774360375.481748862
0.0.10256319,9.525206042231758,SUCCESS,hbar,0.0.3964804,0.0.4138717@1774360375.608844834
0.0.8032303,0.06913782372491296,SUCCESS,hbar,0.0.3964804,0.0.4138717@1774360373.476799411
0.0.1400807,0.4230869187281493,SUCCESS,hbar,0.0.3964804,0.0.4138717@1774360373.752836519
0.0.10133721,2.264361438483431,SUCCESS,hbar,0.0.3964804,0.0.4138717@1774360378.714954566
0.0.9275976,25.94657045028208,SUCCESS,hbar,0.0.3964804,0.0.4138717@1774360377.418975834
0.0.9579116,0.8269366572302994,SUCCESS,hbar,0.0.3964804,0.0.4138717@1774360379.457460649
0.0.10115705,0.0003598807090888285,SUCCESS,hbar,0.0.3964804,0.0.4138717@1774360380.622340675
0.0.10035851,16.24071853714652,SUCCESS,hbar,0.0.3964804,0.0.4138717@1774360377.431018388
0.0.10007904,0.0009268241090381506,SUCCESS,hbar,0.0.3964804,0.0.4138717@1774360379.627936950
0.0.1365923,0.008713736962854879,SUCCESS,hbar,0.0.3964804,0.0.4138717@1774360379.524098242
0.0.9593512,0.001851197627762588,SUCCESS,hbar,0.0.3964804,0.0.4138717@1774360380.472364684
0.0.10044419,0.5995278084228108,SUCCESS,hbar,0.0.3964804,0.0.4138717@1774360380.045268748
0.0.10035663,0.2609376232771001,SUCCESS,hbar,0.0.3964804,0.0.4138717@1774360379.265352081
0.0.10034357,35.87949653657019,SUCCESS,hbar,0.0.3964804,0.0.4138717@1774360379.980792750
0.0.10164472,665.2973955429364,SUCCESS,hbar,0.0.3964804,0.0.4138717@1774360381.413416223
0.0.9728042,75.73825339162593,SUCCESS,hbar,0.0.3964804,0.0.4138717@1774360382.332021734
0.0.8414341,1.41096264307401,SUCCESS,hbar,0.0.3964804,0.0.4138717@1774360383.255451780
0.0.9072874,0.6613809653789803,SUCCESS,hbar,0.0.3964804,0.0.4138717@1774360383.531264018
0.0.1412348,48.61502288352192,SUCCESS,hbar,0.0.3964804,0.0.4138717@1774360384.588530189
0.0.9774219,0.002697648996687015,SUCCESS,hbar,0.0.3964804,0.0.4138717@1774360386.109116211
0.0.1178547,0.3417837699652392,SUCCESS,hbar,0.0.3964804,0.0.4138717@1774360385.779030326
0.0.9707531,588.4008923323338,SUCCESS,hbar,0.0.3964804,0.0.4138717@1774360382.609641452
0.0.9707528,232.7702494854885,SUCCESS,hbar,0.0.3964804,0.0.4138717@1774360387.041876368
0.0.9652847,0.1664794117723045,SUCCESS,hbar,0.0.3964804,0.0.4138717@1774360387.736189973
0.0.9640625,0.007936333679499693,SUCCESS,hbar,0.0.3964804,0.0.4138717@1774360385.856289481
0.0.10267166,24.87858601195206,SUCCESS,hbar,0.0.3964804,0.0.4138717@1774360389.665714334
0.0.10284472,4.764252011827,SUCCESS,hbar,0.0.3964804,0.0.4138717@1774360387.370112787
0.0.1703381,0.7483928847244261,SUCCESS,hbar,0.0.3964804,0.0.4138717@1774360389.652449217
0.0.9270286,0.02345971346790228,SUCCESS,hbar,0.0.3964804,0.0.4138717@1774360387.540646800
0.0.9234350,1.047377190931647,SUCCESS,hbar,0.0.3964804,0.0.4138717@1774360389.321461889
0.0.10278094,0.3285220262562912,SUCCESS,hbar,0.0.3964804,0.0.4138717@1774360388.831539193
0.0.10277044,5.002647465257994,SUCCESS,hbar,0.0.3964804,0.0.4138717@1774360390.313235115
0.0.9377932,0.1485106983687865,SUCCESS,hbar,0.0.3964804,0.0.4138717@1774360392.899232162
0.0.10267167,0.9517454873449592,SUCCESS,hbar,0.0.3964804,0.0.4138717@1774360393.584286773
0.0.9362153,0.1694163952458569,SUCCESS,hbar,0.0.3964804,0.0.4138717@1774360393.661878389
0.0.9208631,2.01113568553748,SUCCESS,hbar,0.0.3964804,0.0.4138717@1774360390.135092801
0.0.9317965,0.5767570310972804,SUCCESS,hbar,0.0.3964804,0.0.4138717@1774360393.636611030
0.0.9774619,17.77192018015916,SUCCESS,hbar,0.0.3964804,0.0.4138717@1774360394.393284226
0.0.10244829,0.02264173749268839,SUCCESS,hbar,0.0.3964804,0.0.4138717@1774360392.475713759
0.0.10248120,0.263163373083266,SUCCESS,hbar,0.0.3964804,0.0.4138717@1774360392.917128137
0.0.3959322,8.337847728000062,SUCCESS,hbar,0.0.3964804,0.0.4138717@1774360397.481584872
0.0.7989176,9.029679435982104,SUCCESS,hbar,0.0.3964804,0.0.4138717@1774360399.177805126
0.0.9425366,10.40261023397625,SUCCESS,hbar,0.0.3964804,0.0.4138717@1774360395.157626720
0.0.818498,0.008363760947279497,SUCCESS,hbar,0.0.3964804,0.0.4138717@1774360396.991968849
0.0.10190094,179.3071548140989,SUCCESS,hbar,0.0.3964804,0.0.4138717@1774360398.923665533
0.0.10088400,0.2084351062364081,SUCCESS,hbar,0.0.3964804,0.0.4138717@1774360396.805149102
0.0.875102,0.002626801461289378,SUCCESS,hbar,0.0.3964804,0.0.4138717@1774360396.569665317
0.0.7950871,22.38587873436196,SUCCESS,hbar,0.0.3964804,0.0.4138717@1774360399.824452071
0.0.5807966,0.0002096749325627668,SUCCESS,hbar,0.0.3964804,0.0.4138717@1774360400.772541102
0.0.8640197,0.1814106281632803,SUCCESS,hbar,0.0.3964804,0.0.4138717@1774360401.749588266
0.0.8273575,0.3217839079282747,SUCCESS,hbar,0.0.3964804,0.0.4138717@1774360403.953376019
0.0.7581801,0.004459050624916481,SUCCESS,hbar,0.0.3964804,0.0.4138717@1774360400.903035226
0.0.7313800,27.29444019032241,SUCCESS,hbar,0.0.3964804,0.0.4138717@1774360401.262424075
0.0.1395051,0.02019765179341307,SUCCESS,hbar,0.0.3964804,0.0.4138717@1774360402.702397274
0.0.8244642,8.562008837725376,SUCCESS,hbar,0.0.3964804,0.0.4138717@1774360404.402395214
0.0.1106819,0.9276489117026802,SUCCESS,hbar,0.0.3964804,0.0.4138717@1774360405.444539771
0.0.8352642,0.1097608501277349,SUCCESS,hbar,0.0.3964804,0.0.4138717@1774360401.485143266
0.0.10359193,0.2032363766693873,SUCCESS,hbar,0.0.3964804,0.0.4138717@1774360405.679061421
0.0.793748,121.9305706029647,SUCCESS,hbar,0.0.3964804,0.0.4138717@1774360406.198669693
0.0.10359238,0.04320143821492829,SUCCESS,hbar,0.0.3964804,0.0.4138717@1774360406.344970410
0.0.9320212,0.1440281035947051,SUCCESS,hbar,0.0.3964804,0.0.4138717@1774360406.409102266
0.0.1643938,125.7709496755117,SUCCESS,hbar,0.0.3964804,0.0.4138717@1774360407.886959030
0.0.4350498,0.000003967507570367678,SUCCESS,hbar,0.0.3964804,0.0.4138717@1774360409.696609670
0.0.815643,2.316726876699357,SUCCESS,hbar,0.0.3964804,0.0.4138717@1774360408.649143176
0.0.1071830,0.04847390067432742,SUCCESS,hbar,0.0.3964804,0.0.4138717@1774360410.318672996
0.0.851469,0.0037279554312348,SUCCESS,hbar,0.0.3964804,0.0.4138717@1774360410.159694954
0.0.9178066,1.009240992963842,SUCCESS,hbar,0.0.3964804,0.0.4138717@1774360407.230979725
0.0.9812108,0.03761478362463636,SUCCESS,hbar,0.0.3964804,0.0.4138717@1774360409.116431741
0.0.7865510,8.103283245968122,SUCCESS,hbar,0.0.3964804,0.0.4138717@1774360411.838981388
0.0.1860252,0.01211511370114984,SUCCESS,hbar,0.0.3964804,0.0.4138717@1774360408.904629838
0.0.6270761,2.936464615486126,SUCCESS,hbar,0.0.3964804,0.0.4138717@1774360410.021308930
0.0.5795981,0.2176308157279033,SUCCESS,hbar,0.0.3964804,0.0.4138717@1774360412.927876019
0.0.9360820,2.560759469711136,SUCCESS,hbar,0.0.3964804,0.0.4138717@1774360412.340601408
0.0.3953598,3.787020639957723,SUCCESS,hbar,0.0.3964804,0.0.4138717@1774360410.551310727
0.0.8198609,6.823974579834738,SUCCESS,hbar,0.0.3964804,0.0.4138717@1774360410.184518816
0.0.9251120,0.4243715794743819,SUCCESS,hbar,0.0.3964804,0.0.4138717@1774360412.414837956
0.0.1452020,0.008235194417779836,SUCCESS,hbar,0.0.3964804,0.0.4138717@1774360412.666203608
0.0.1302274,0.01546281075139841,SUCCESS,hbar,0.0.3964804,0.0.4138717@1774360415.143760439
0.0.10178497,5.426187714874573,SUCCESS,hbar,0.0.3964804,0.0.4138717@1774360415.952057710
0.0.2216740,75.32672177288767,SUCCESS,hbar,0.0.3964804,0.0.4138717@1774360414.579299082
0.0.823147,4.317232474561497,SUCCESS,hbar,0.0.3964804,0.0.4138717@1774360414.554972273
0.0.9739439,0.01735331145082497,SUCCESS,hbar,0.0.3964804,0.0.4138717@1774360414.167670818
0.0.435679,0.1464922447660986,SUCCESS,hbar,0.0.3964804,0.0.4138717@1774360414.981816076
0.0.3709566,0.1521047940530227,SUCCESS,hbar,0.0.3964804,0.0.4138717@1774360415.251790807
0.0.1067361,109.5729121046736,SUCCESS,hbar,0.0.3964804,0.0.4138717@1774360415.457045009
0.0.8570223,1.348448482683352,SUCCESS,hbar,0.0.3964804,0.0.4138717@1774360416.104722424
0.0.8023334,1.252939772366991,SUCCESS,hbar,0.0.3964804,0.0.4138717@1774360416.661945123
0.0.1198079,6.964491967734729,SUCCESS,hbar,0.0.3964804,0.0.4138717@1774360418.592836959
0.0.1008009,0.8867167067899902,SUCCESS,hbar,0.0.3964804,0.0.4138717@1774360418.499552873
0.0.8213379,0.002775117879769543,SUCCESS,hbar,0.0.3964804,0.0.4138717@1774360419.690974928
0.0.10151415,0.8327741736789054,SUCCESS,hbar,0.0.3964804,0.0.4138717@1774360420.354792035
0.0.10048918,7.416301050417387,SUCCESS,hbar,0.0.3964804,0.0.4138717@1774360422.060139026
0.0.684625,1.148064644845361,SUCCESS,hbar,0.0.3964804,0.0.4138717@1774360421.878101763
0.0.6076526,0.1993864767054808,SUCCESS,hbar,0.0.3964804,0.0.4138717@1774360421.141819926
0.0.732615,202.7518514307868,SUCCESS,hbar,0.0.3964804,0.0.4138717@1774360423.443288640
0.0.4821795,0.2249518336542818,SUCCESS,hbar,0.0.3964804,0.0.4138717@1774360424.027192324
0.0.1190213,2.503083208888045,SUCCESS,hbar,0.0.3964804,0.0.4138717@1774360423.492191536
0.0.10356782,0.5834519379702702,SUCCESS,hbar,0.0.3964804,0.0.4138717@1774360426.562992059
0.0.885953,36.82511550872437,SUCCESS,hbar,0.0.3964804,0.0.4138717@1774360423.180966982
0.0.8309441,0.2616866179977367,SUCCESS,hbar,0.0.3964804,0.0.4138717@1774360423.206428226
0.0.9125858,204.8369859729408,SUCCESS,hbar,0.0.3964804,0.0.4138717@1774360425.526343591
0.0.4393392,0.006428057053157623,SUCCESS,hbar,0.0.3964804,0.0.4138717@1774360426.887525522
0.0.4731571,0.009577309650307508,SUCCESS,hbar,0.0.3964804,0.0.4138717@1774360428.480539276
0.0.1686527,0.2515769117388703,SUCCESS,hbar,0.0.3964804,0.0.4138717@1774360429.314631837
0.0.933942,0.004559568652478249,SUCCESS,hbar,0.0.3964804,0.0.4138717@1774360427.768722319
0.0.7965433,0.02848736874341311,SUCCESS,hbar,0.0.3964804,0.0.4138717@1774360429.929845666
0.0.10025532,0.000682638441199711,SUCCESS,hbar,0.0.3964804,0.0.4138717@1774360428.660738394
0.0.4184148,0.07091145310944028,SUCCESS,hbar,0.0.3964804,0.0.4138717@1774360426.838654775
0.0.9112742,1.057146157188554,SUCCESS,hbar,0.0.3964804,0.0.4138717@1774360429.584894299
0.0.1745725,2.419129959872685,SUCCESS,hbar,0.0.3964804,0.0.4138717@1774360430.508184646
0.0.10359145,0.5970366370526394,SUCCESS,hbar,0.0.3964804,0.0.4138717@1774360428.812659966
0.0.1091899,10.69371263421401,SUCCESS,hbar,0.0.3964804,0.0.4138717@1774360433.011270802
0.0.10358044,86.34739265924894,SUCCESS,hbar,0.0.3964804,0.0.4138717@1774360432.146442503
0.0.4231312,0.4151543732547824,SUCCESS,hbar,0.0.3964804,0.0.4138717@1774360433.813748017
0.0.1862342,0.4351727679317624,SUCCESS,hbar,0.0.3964804,0.0.4138717@1774360432.602190990
0.0.9444587,2.670998708363768,SUCCESS,hbar,0.0.3964804,0.0.4138717@1774360432.715914196
0.0.9146353,3.370667804331799,SUCCESS,hbar,0.0.3964804,0.0.4138717@1774360431.790009183
0.0.6160732,0.09962880129436084,SUCCESS,hbar,0.0.3964804,0.0.4138717@1774360437.814405241
0.0.4330332,0.7634412616210975,SUCCESS,hbar,0.0.3964804,0.0.4138717@1774360437.789154572
0.0.813564,0.001378783442175932,SUCCESS,hbar,0.0.3964804,0.0.4138717@1774360435.859608366
0.0.9367202,0.002511494448513784,SUCCESS,hbar,0.0.3964804,0.0.4138717@1774360437.790771685
0.0.1263490,2.170674582602405,SUCCESS,hbar,0.0.3964804,0.0.4138717@1774360435.512470322
0.0.9318048,0.02158574484717275,SUCCESS,hbar,0.0.3964804,0.0.4138717@1774360439.049336705
0.0.5159009,34.06690979828811,SUCCESS,hbar,0.0.3964804,0.0.4138717@1774360435.860720264
0.0.8880678,0.03360789417396313,SUCCESS,hbar,0.0.3964804,0.0.4138717@1774360439.795464642
0.0.9285770,0.1506259729059597,SUCCESS,hbar,0.0.3964804,0.0.4138717@1774360438.360964927
0.0.9275748,0.1654300859930364,SUCCESS,hbar,0.0.3964804,0.0.4138717@1774360440.504719052
0.0.4345655,3.784064019807067,SUCCESS,hbar,0.0.3964804,0.0.4138717@1774360442.086045904
0.0.6068301,0.1301242726514917,SUCCESS,hbar,0.0.3964804,0.0.4138717@1774360438.426481226
0.0.8113254,0.0420282838188117,SUCCESS,hbar,0.0.3964804,0.0.4138717@1774360442.268799491
0.0.9450539,1.366269530602958,SUCCESS,hbar,0.0.3964804,0.0.4138717@1774360443.044603933
0.0.9196038,0.2419680171772708,SUCCESS,hbar,0.0.3964804,0.0.4138717@1774360443.398076588
0.0.1118731,0.01994256722634876,SUCCESS,hbar,0.0.3964804,0.0.4138717@1774360440.915290162
0.0.1403937,0.01140720856139355,SUCCESS,hbar,0.0.3964804,0.0.4138717@1774360442.561129848
0.0.9177141,0.06781481137591823,SUCCESS,hbar,0.0.3964804,0.0.4138717@1774360442.293100387
0.0.9086562,0.001486516955071412,SUCCESS,hbar,0.0.3964804,0.0.4138717@1774360443.783532911
0.0.8392843,0.4820343595062754,SUCCESS,hbar,0.0.3964804,0.0.4138717@1774360446.569071168
0.0.9169121,0.4288634010103355,SUCCESS,hbar,0.0.3964804,0.0.4138717@1774360445.428210020
0.0.958821,20.79754756510436,SUCCESS,hbar,0.0.3964804,0.0.4138717@1774360446.939939867
0.0.877394,0.008923679665747539,SUCCESS,hbar,0.0.3964804,0.0.4138717@1774360446.838165865
0.0.9636419,0.5258703077441563,SUCCESS,hbar,0.0.3964804,0.0.4138717@1774360449.733475163
0.0.5922808,0.04891554356080281,SUCCESS,hbar,0.0.3964804,0.0.4138717@1774360448.771002241
0.0.751161,2.60059553650867,SUCCESS,hbar,0.0.3964804,0.0.4138717@1774360447.062697312
0.0.9973346,0.005427694542085793,SUCCESS,hbar,0.0.3964804,0.0.4138717@1774360450.152280539
0.0.9477942,0.02368592168149216,SUCCESS,hbar,0.0.3964804,0.0.4138717@1774360449.577369901
0.0.9150527,1.836371262309837,SUCCESS,hbar,0.0.3964804,0.0.4138717@1774360448.950109575
0.0.871471,4.351414513068198,SUCCESS,hbar,0.0.3964804,0.0.4138717@1774360449.906151117
0.0.9100153,0.4586440871846017,SUCCESS,hbar,0.0.3964804,0.0.4138717@1774360450.263118308
0.0.7983506,0.00005195537396458633,SUCCESS,hbar,0.0.3964804,0.0.4138717@1774360452.086884232
0.0.6320740,1.125883231981395,SUCCESS,hbar,0.0.3964804,0.0.4138717@1774360452.018965158
0.0.9687167,0.3480177060510146,SUCCESS,hbar,0.0.3964804,0.0.4138717@1774360449.438990492
0.0.9729389,0.1847019949527977,SUCCESS,hbar,0.0.3964804,0.0.4138717@1774360454.329999293
0.0.9720442,0.09032516235255816,SUCCESS,hbar,0.0.3964804,0.0.4138717@1774360453.930434062
0.0.3012601,1.788852226431596,SUCCESS,hbar,0.0.3964804,0.0.4138717@1774360453.741468219
0.0.5012902,0.009590737955235448,SUCCESS,hbar,0.0.3964804,0.0.4138717@1774360451.459780660
0.0.53756,4.565614348588078,SUCCESS,hbar,0.0.3964804,0.0.4138717@1774360451.581678427
0.0.5805332,1.683462121724123,SUCCESS,hbar,0.0.3964804,0.0.4138717@1774360454.801474548
0.0.9602777,0.0240770835158542,SUCCESS,hbar,0.0.3964804,0.0.4138717@1774360452.461508197
0.0.9590994,15.89422723277292,SUCCESS,hbar,0.0.3964804,0.0.4138717@1774360454.092191582
0.0.9365757,0.907911151692885,SUCCESS,hbar,0.0.3964804,0.0.4138717@1774360454.554579607
0.0.8080965,0.0132801373375394,SUCCESS,hbar,0.0.3964804,0.0.4138717@1774360454.505160277
0.0.8070994,2.183287395828074,SUCCESS,hbar,0.0.3964804,0.0.4138717@1774360455.831402324
0.0.8246604,0.002391749939233401,SUCCESS,hbar,0.0.3964804,0.0.4138717@1774360457.480346716
0.0.190191,0.1044576511430569,SUCCESS,hbar,0.0.3964804,0.0.4138717@1774360459.177689178
0.0.5316018,9.450342776747426,SUCCESS,hbar,0.0.3964804,0.0.4138717@1774360459.123480050
0.0.9504249,2.641198966553215,SUCCESS,hbar,0.0.3964804,0.0.4138717@1774360455.950689810
0.0.4594903,0.04199932490556542,SUCCESS,hbar,0.0.3964804,0.0.4138717@1774360458.535254319
0.0.9364762,0.01239624776462357,SUCCESS,hbar,0.0.3964804,0.0.4138717@1774360459.294869011
0.0.887615,0.01444113499063927,SUCCESS,hbar,0.0.3964804,0.0.4138717@1774360458.871556609
0.0.1056474,5.481294725097014,SUCCESS,hbar,0.0.3964804,0.0.4138717@1774360458.487467357
0.0.833836,2.880023140127867,SUCCESS,hbar,0.0.3964804,0.0.4138717@1774360458.015938526
0.0.8298814,2.211178514917008,SUCCESS,hbar,0.0.3964804,0.0.4138717@1774360459.931869839
0.0.7964752,0.005479094452623295,SUCCESS,hbar,0.0.3964804,0.0.4138717@1774360461.587238813
0.0.2025203,0.1094650304184562,SUCCESS,hbar,0.0.3964804,0.0.4138717@1774360461.583800054
0.0.7049977,0.01097580937166224,SUCCESS,hbar,0.0.3964804,0.0.4138717@1774360460.320267258
0.0.4867972,0.04368372682942033,SUCCESS,hbar,0.0.3964804,0.0.4138717@1774360462.683737343
0.0.8209324,0.7456653420930175,SUCCESS,hbar,0.0.3964804,0.0.4138717@1774360462.040305519
0.0.7997139,0.1413951894511611,SUCCESS,hbar,0.0.3964804,0.0.4138717@1774360461.888739081
0.0.5761971,0.0002060802905471596,SUCCESS,hbar,0.0.3964804,0.0.4138717@1774360462.891295307
0.0.1906790,0.01498269549503553,SUCCESS,hbar,0.0.3964804,0.0.4138717@1774360463.297194554
0.0.8178093,0.1183070276451228,SUCCESS,hbar,0.0.3964804,0.0.4138717@1774360465.583964165
0.0.8175769,0.09498420219208265,SUCCESS,hbar,0.0.3964804,0.0.4138717@1774360464.281166251
0.0.8173226,5.619982751465675,SUCCESS,hbar,0.0.3964804,0.0.4138717@1774360462.488322982
0.0.8142528,0.03322574617656935,SUCCESS,hbar,0.0.3964804,0.0.4138717@1774360464.370057483
0.0.3828375,16.65401245673953,SUCCESS,hbar,0.0.3964804,0.0.4138717@1774360464.870046621
0.0.8306798,0.02876487161026712,SUCCESS,hbar,0.0.3964804,0.0.4138717@1774360468.628074001
0.0.5007636,0.1185183594927285,SUCCESS,hbar,0.0.3964804,0.0.4138717@1774360466.226738731
0.0.4746343,0.002139058816174858,SUCCESS,hbar,0.0.3964804,0.0.4138717@1774360465.405077435
0.0.7913251,0.08280027976026161,SUCCESS,hbar,0.0.3964804,0.0.4138717@1774360467.582497463
0.0.8042105,0.1380264315612553,SUCCESS,hbar,0.0.3964804,0.0.4138717@1774360467.988049950
0.0.2477582,0.3952596969361067,SUCCESS,hbar,0.0.3964804,0.0.4138717@1774360468.015709840
0.0.8059253,0.6578511904041163,SUCCESS,hbar,0.0.3964804,0.0.4138717@1774360470.173842194
0.0.2006292,0.07029302794637918,SUCCESS,hbar,0.0.3964804,0.0.4138717@1774360469.071900393
0.0.7912110,0.000398969164457867,SUCCESS,hbar,0.0.3964804,0.0.4138717@1774360469.660301287
0.0.8056304,0.6733911281746843,SUCCESS,hbar,0.0.3964804,0.0.4138717@1774360472.932277586
0.0.7974195,49.34487286279373,SUCCESS,hbar,0.0.3964804,0.0.4138717@1774360470.818234684
0.0.7746903,0.09990689853284052,SUCCESS,hbar,0.0.3964804,0.0.4138717@1774360473.576023191
0.0.7965413,0.001178899973689808,SUCCESS,hbar,0.0.3964804,0.0.4138717@1774360469.950486870
0.0.1365814,0.407707301016781,SUCCESS,hbar,0.0.3964804,0.0.4138717@1774360473.811591626
0.0.689277,10.51588822983732,SUCCESS,hbar,0.0.3964804,0.0.4138717@1774360472.211866960
0.0.1090802,0.09582421470689312,SUCCESS,hbar,0.0.3964804,0.0.4138717@1774360471.724466913
0.0.2091507,3.916447523723923,SUCCESS,hbar,0.0.3964804,0.0.4138717@1774360470.920711802
0.0.7550890,0.1655650066548218,SUCCESS,hbar,0.0.3964804,0.0.4138717@1774360475.488592843
0.0.9095016,2.580389465249847,SUCCESS,hbar,0.0.3964804,0.0.4138717@1774360474.879459839
0.0.9065767,1.006711510433004,SUCCESS,hbar,0.0.3964804,0.0.4138717@1774360476.573024390
0.0.8767225,0.3723629186950376,SUCCESS,hbar,0.0.3964804,0.0.4138717@1774360477.371347780
0.0.9009997,0.5522200881945984,SUCCESS,hbar,0.0.3964804,0.0.4138717@1774360474.060955185
0.0.7788265,0.2436009972041304,SUCCESS,hbar,0.0.3964804,0.0.4138717@1774360476.903037031
0.0.8792600,0.003933924368489885,SUCCESS,hbar,0.0.3964804,0.0.4138717@1774360477.806965135
0.0.8256574,0.007877122899715719,SUCCESS,hbar,0.0.3964804,0.0.4138717@1774360474.646840149
0.0.7571260,0.06535762666919533,SUCCESS,hbar,0.0.3964804,0.0.4138717@1774360477.485307580
0.0.8585468,0.001213912186286622,SUCCESS,hbar,0.0.3964804,0.0.4138717@1774360477.776898283
0.0.8868403,0.02548753718871099,SUCCESS,hbar,0.0.3964804,0.0.4138717@1774360479.456495629
0.0.1459865,2.235715762016762,SUCCESS,hbar,0.0.3964804,0.0.4138717@1774360480.525373921
0.0.5524338,0.06444134533036584,SUCCESS,hbar,0.0.3964804,0.0.4138717@1774360480.611866761
0.0.8198608,0.5305285631398473,SUCCESS,hbar,0.0.3964804,0.0.4138717@1774360479.710477414
0.0.8385016,0.4338693942227902,SUCCESS,hbar,0.0.3964804,0.0.4138717@1774360481.857178762
0.0.8414409,0.02120055935955853,SUCCESS,hbar,0.0.3964804,0.0.4138717@1774360482.257499073
0.0.1714233,0.3794011742531498,SUCCESS,hbar,0.0.3964804,0.0.4138717@1774360483.465389596
0.0.3077609,3.438434366273364,SUCCESS,hbar,0.0.3964804,0.0.4138717@1774360482.329630590
0.0.8357089,0.8363469182102021,SUCCESS,hbar,0.0.3964804,0.0.4138717@1774360480.625015468
0.0.8357708,22.12166666948117,SUCCESS,hbar,0.0.3964804,0.0.4138717@1774360481.271417817
0.0.8346544,3.982975079754702,SUCCESS,hbar,0.0.3964804,0.0.4138717@1774360482.899485512
0.0.8323906,22.30575285673033,SUCCESS,hbar,0.0.3964804,0.0.4138717@1774360482.661265085
0.0.8156060,0.1396402720712217,SUCCESS,hbar,0.0.3964804,0.0.4138717@1774360484.803343464
0.0.10014449,0.0651962184484598,SUCCESS,hbar,0.0.3964804,0.0.4138717@1774360486.496554803
0.0.5313474,0.1120896700236338,SUCCESS,hbar,0.0.3964804,0.0.4138717@1774360486.550553401
0.0.1365779,0.4279636430899225,SUCCESS,hbar,0.0.3964804,0.0.4138717@1774360487.637519445
0.0.1729400,0.7649512675723181,SUCCESS,hbar,0.0.3964804,0.0.4138717@1774360488.025709864
0.0.4499088,0.07701181538659527,SUCCESS,hbar,0.0.3964804,0.0.4138717@1774360488.448783959
0.0.9273022,0.0005097111353662675,SUCCESS,hbar,0.0.3964804,0.0.4138717@1774360486.782434712
0.0.10238814,5.048069096496548,SUCCESS,hbar,0.0.3964804,0.0.4138717@1774360489.943566967
0.0.2208244,1.487874239332245,SUCCESS,hbar,0.0.3964804,0.0.4138717@1774360486.949647026
0.0.10219431,2.302769707285312,SUCCESS,hbar,0.0.3964804,0.0.4138717@1774360490.706165832
0.0.3450,0.1000487422919876,SUCCESS,hbar,0.0.3964804,0.0.4138717@1774360489.665005011
0.0.5060673,1.274906763441959,SUCCESS,hbar,0.0.3964804,0.0.4138717@1774360489.463928193
0.0.9509413,0.05106885189189618,SUCCESS,hbar,0.0.3964804,0.0.4138717@1774360493.172845609
0.0.10157649,7.857069056125393,SUCCESS,hbar,0.0.3964804,0.0.4138717@1774360492.463980144
0.0.6064013,2.222233961457214,SUCCESS,hbar,0.0.3964804,0.0.4138717@1774360494.315951531
0.0.1093612,0.1583089368909586,SUCCESS,hbar,0.0.3964804,0.0.4138717@1774360492.781096464
0.0.6063136,0.003955459131487224,SUCCESS,hbar,0.0.3964804,0.0.4138717@1774360492.296231675
0.0.4749526,48.59823375743209,SUCCESS,hbar,0.0.3964804,0.0.4138717@1774360491.720251833
0.0.6181303,12.5066962592429,SUCCESS,hbar,0.0.3964804,0.0.4138717@1774360496.267786898
0.0.1956746,0.02431639490923404,SUCCESS,hbar,0.0.3964804,0.0.4138717@1774360493.588652847
0.0.6334018,0.4399331098164316,SUCCESS,hbar,0.0.3964804,0.0.4138717@1774360493.739497817
0.0.4561752,0.02514110211539155,SUCCESS,hbar,0.0.3964804,0.0.4138717@1774360493.520784480
0.0.10018534,21.06408568908358,SUCCESS,hbar,0.0.3964804,0.0.4138717@1774360494.858242931
0.0.1704489,0.0004796768705755898,SUCCESS,hbar,0.0.3964804,0.0.4138717@1774360497.484017842
0.0.5957081,0.2288216992656587,SUCCESS,hbar,0.0.3964804,0.0.4138717@1774360495.926192049
0.0.7142968,0.7303867068418748,SUCCESS,hbar,0.0.3964804,0.0.4138717@1774360499.198686924
0.0.9584885,0.01135420333406818,SUCCESS,hbar,0.0.3964804,0.0.4138717@1774360495.598101903
0.0.1114728,0.004347362522231829,SUCCESS,hbar,0.0.3964804,0.0.4138717@1774360496.799139337
0.0.4853191,0.004232546266860209,SUCCESS,hbar,0.0.3964804,0.0.4138717@1774360499.267539832
0.0.4571567,0.9429778817261892,SUCCESS,hbar,0.0.3964804,0.0.4138717@1774360497.726251432
0.0.4552309,0.004966159381053136,SUCCESS,hbar,0.0.3964804,0.0.4138717@1774360497.753450729
0.0.4552348,0.005280750932218132,SUCCESS,hbar,0.0.3964804,0.0.4138717@1774360499.091393103
0.0.4552382,0.004965877227058911,SUCCESS,hbar,0.0.3964804,0.0.4138717@1774360504.451564332
0.0.4558719,0.005811429141196161,SUCCESS,hbar,0.0.3964804,0.0.4138717@1774360499.829185129
0.0.4576074,0.1589879242688783,SUCCESS,hbar,0.0.3964804,0.0.4138717@1774360501.997852069
0.0.4140342,0.153992930918545,SUCCESS,hbar,0.0.3964804,0.0.4138717@1774360504.355541187
0.0.4712922,0.02988140954926548,SUCCESS,hbar,0.0.3964804,0.0.4138717@1774360504.495252266
0.0.835929,3.559603247164944e-7,SUCCESS,hbar,0.0.3964804,0.0.4138717@1774360504.796925556
0.0.4725260,0.2286115364287931,SUCCESS,hbar,0.0.3964804,0.0.4138717@1774360505.039588400
0.0.683815,0.02472313952395161,SUCCESS,hbar,0.0.3964804,0.0.4138717@1774360504.066317758
0.0.1696471,20.2018344861101,SUCCESS,hbar,0.0.3964804,0.0.4138717@1774360508.096874922
0.0.1082201,13.42694040865172,SUCCESS,hbar,0.0.3964804,0.0.4138717@1774360503.976538573
0.0.5804427,0.1188365166567881,SUCCESS,hbar,0.0.3964804,0.0.4138717@1774360508.607112072
0.0.4762160,7.714489308136021,SUCCESS,hbar,0.0.3964804,0.0.4138717@1774360507.188795424
0.0.1024843,0.00001821894914443847,SUCCESS,hbar,0.0.3964804,0.0.4138717@1774360507.050790648
0.0.4573495,1937.730475469604,SUCCESS,hbar,0.0.3964804,0.0.4138717@1774360506.476618163
0.0.1105845,1.09173844441191,SUCCESS,hbar,0.0.3964804,0.0.4138717@1774360505.189670411
0.0.10251800,0.001026696581910106,SUCCESS,hbar,0.0.3964804,0.0.4138717@1774360508.452164973
0.0.10268439,7.024188491401072,SUCCESS,hbar,0.0.3964804,0.0.4138717@1774360509.856596509
0.0.955353,0.07041877271438321,SUCCESS,hbar,0.0.3964804,0.0.4138717@1774360511.399329321
0.0.937712,8.484265695044286,SUCCESS,hbar,0.0.3964804,0.0.4138717@1774360508.765615436
0.0.857763,0.7193817175442986,SUCCESS,hbar,0.0.3964804,0.0.4138717@1774360511.413836116
0.0.638522,15.18401281692804,SUCCESS,hbar,0.0.3964804,0.0.4138717@1774360512.835788713
0.0.4337930,7.756993925668043,SUCCESS,hbar,0.0.3964804,0.0.4138717@1774360512.505350833
0.0.4814986,0.00973902143283032,SUCCESS,hbar,0.0.3964804,0.0.4138717@1774360510.801804589
0.0.5802354,0.1862197347563825,SUCCESS,hbar,0.0.3964804,0.0.4138717@1774360509.877573639
0.0.8152447,0.3806420965749416,SUCCESS,hbar,0.0.3964804,0.0.4138717@1774360511.429113214
0.0.820706,6.631616276003314,SUCCESS,hbar,0.0.3964804,0.0.4138717@1774360514.728889055
0.0.4372819,0.02612846873587805,SUCCESS,hbar,0.0.3964804,0.0.4138717@1774360514.325224389
0.0.842210,0.1213901470942029,SUCCESS,hbar,0.0.3964804,0.0.4138717@1774360513.236883929
0.0.10072624,0.05262013466935281,SUCCESS,hbar,0.0.3964804,0.0.4138717@1774360513.806978378
0.0.1459068,0.05842149058880049,SUCCESS,hbar,0.0.3964804,0.0.4138717@1774360514.329447555
0.0.9640903,0.5917128020882244,SUCCESS,hbar,0.0.3964804,0.0.4138717@1774360515.247337785
0.0.2963879,2.59291948633105,SUCCESS,hbar,0.0.3964804,0.0.4138717@1774360516.159689904
0.0.4873525,0.08112219191957591,SUCCESS,hbar,0.0.3964804,0.0.4138717@1774360516.219083970
0.0.10004246,0.7483410764501772,SUCCESS,hbar,0.0.3964804,0.0.4138717@1774360517.090617021
0.0.9695763,134.6765231917502,SUCCESS,hbar,0.0.3964804,0.0.4138717@1774360517.361479951
0.0.9401320,2.566862863786596,SUCCESS,hbar,0.0.3964804,0.0.4138717@1774360518.294525899
0.0.8146497,0.581402006745391,SUCCESS,hbar,0.0.3964804,0.0.4138717@1774360520.179525810
0.0.8120088,0.1530905695498109,SUCCESS,hbar,0.0.3964804,0.0.4138717@1774360522.060673755
0.0.8304314,0.03850102883072573,SUCCESS,hbar,0.0.3964804,0.0.4138717@1774360520.533527980
0.0.8548028,0.0001863015100003872,SUCCESS,hbar,0.0.3964804,0.0.4138717@1774360522.228446633
0.0.8241599,0.9840914251139208,SUCCESS,hbar,0.0.3964804,0.0.4138717@1774360519.308642178
0.0.8602366,0.7856648629082239,SUCCESS,hbar,0.0.3964804,0.0.4138717@1774360521.615715099
0.0.8673292,12.05743800871628,SUCCESS,hbar,0.0.3964804,0.0.4138717@1774360520.683965298
0.0.8281107,0.008950709130799653,SUCCESS,hbar,0.0.3964804,0.0.4138717@1774360523.202233837
0.0.8742796,1.971499971949412,SUCCESS,hbar,0.0.3964804,0.0.4138717@1774360521.214665209
0.0.9034617,0.03988285850117681,SUCCESS,hbar,0.0.3964804,0.0.4138717@1774360523.576487976
0.0.832543,13.30061723892969,SUCCESS,hbar,0.0.3964804,0.0.4138717@1774360522.915308650
0.0.8068660,0.003785260541794037,SUCCESS,hbar,0.0.3964804,0.0.4138717@1774360526.453003473
0.0.816698,12.71190764534286,SUCCESS,hbar,0.0.3964804,0.0.4138717@1774360524.129106612
0.0.7931472,0.100010231674205,SUCCESS,hbar,0.0.3964804,0.0.4138717@1774360524.952629742
0.0.8002619,0.1570105295849775,SUCCESS,hbar,0.0.3964804,0.0.4138717@1774360527.272623762
0.0.1181772,0.03156939141685271,SUCCESS,hbar,0.0.3964804,0.0.4138717@1774360525.385914433
0.0.8084528,24.49192496344451,SUCCESS,hbar,0.0.3964804,0.0.4138717@1774360523.346231946
0.0.10093024,0.9051160390406496,SUCCESS,hbar,0.0.3964804,0.0.4138717@1774360529.344578198
0.0.7809201,0.000047430636365278,SUCCESS,hbar,0.0.3964804,0.0.4138717@1774360527.274479195
0.0.590682,0.01454411291589816,SUCCESS,hbar,0.0.3964804,0.0.4138717@1774360530.634339743
0.0.7098838,0.3562044103280423,SUCCESS,hbar,0.0.3964804,0.0.4138717@1774360530.956320510
0.0.8115823,0.05934947526453004,SUCCESS,hbar,0.0.3964804,0.0.4138717@1774360528.489410398
0.0.8104363,157.4364466170613,SUCCESS,hbar,0.0.3964804,0.0.4138717@1774360531.261219243
0.0.4804985,0.1320971982143221,SUCCESS,hbar,0.0.3964804,0.0.4138717@1774360530.320637691
0.0.9405888,0.009536032303508324,SUCCESS,hbar,0.0.3964804,0.0.4138717@1774360532.178443057
0.0.874926,3.220433258960786,SUCCESS,hbar,0.0.3964804,0.0.4138717@1774360532.102701129
0.0.9477910,3.150423115312698,SUCCESS,hbar,0.0.3964804,0.0.4138717@1774360530.428311955
0.0.9404882,0.3125767575292767,SUCCESS,hbar,0.0.3964804,0.0.4138717@1774360533.037226735
0.0.4343570,0.2554235912586804,SUCCESS,hbar,0.0.3964804,0.0.4138717@1774360530.227582185
0.0.915984,17.89097153592449,SUCCESS,hbar,0.0.3964804,0.0.4138717@1774360533.417568065
0.0.8076778,0.001264995839537793,SUCCESS,hbar,0.0.3964804,0.0.4138717@1774360534.233425333
0.0.1736150,1.763120447162782,SUCCESS,hbar,0.0.3964804,0.0.4138717@1774360533.511593254
0.0.1673276,1.804387597073818,SUCCESS,hbar,0.0.3964804,0.0.4138717@1774360532.527111404
0.0.7583284,0.1681882885385802,SUCCESS,hbar,0.0.3964804,0.0.4138717@1774360534.344602136
0.0.9464371,58.45968781082485,SUCCESS,hbar,0.0.3964804,0.0.4138717@1774360536.903177654
0.0.4319619,0.1214717865483051,SUCCESS,hbar,0.0.3964804,0.0.4138717@1774360535.510768958
0.0.840324,2.513657406296166,SUCCESS,hbar,0.0.3964804,0.0.4138717@1774360537.551945532
0.0.9201440,0.05099187808317076,SUCCESS,hbar,0.0.3964804,0.0.4138717@1774360538.980725020
0.0.919311,113.6660138354258,SUCCESS,hbar,0.0.3964804,0.0.4138717@1774360537.882031692
0.0.7920736,2.894719596218897,SUCCESS,hbar,0.0.3964804,0.0.4138717@1774360539.787777471
0.0.8057884,2.80045171001918,SUCCESS,hbar,0.0.3964804,0.0.4138717@1774360537.449386241
0.0.8382708,0.01078181460946012,SUCCESS,hbar,0.0.3964804,0.0.4138717@1774360538.006828575
0.0.7550116,0.07528878171402373,SUCCESS,hbar,0.0.3964804,0.0.4138717@1774360537.560149812
0.0.4310363,0.2407546417478104,SUCCESS,hbar,0.0.3964804,0.0.4138717@1774360538.934642442
0.0.4838474,2.767453679446583,SUCCESS,hbar,0.0.3964804,0.0.4138717@1774360540.258699244
0.0.8120693,1.396616375459906,SUCCESS,hbar,0.0.3964804,0.0.4138717@1774360539.238615413
0.0.8291825,1.224936266720562,SUCCESS,hbar,0.0.3964804,0.0.4138717@1774360541.152904772
0.0.6469391,1.444481722313761,SUCCESS,hbar,0.0.3964804,0.0.4138717@1774360543.122679097
0.0.4853295,0.6402456791336641,SUCCESS,hbar,0.0.3964804,0.0.4138717@1774360542.357419459
0.0.658160,0.00319296819812175,SUCCESS,hbar,0.0.3964804,0.0.4138717@1774360543.534472222
0.0.7920282,0.005916338562583039,SUCCESS,hbar,0.0.3964804,0.0.4138717@1774360542.182284758
0.0.6094118,0.01430405126313454,SUCCESS,hbar,0.0.3964804,0.0.4138717@1774360545.890283989
0.0.4743054,0.000320185043309495,SUCCESS,hbar,0.0.3964804,0.0.4138717@1774360541.663488097
0.0.7285744,0.01595826614569174,SUCCESS,hbar,0.0.3964804,0.0.4138717@1774360544.423783506
0.0.5719491,0.0499866299922009,SUCCESS,hbar,0.0.3964804,0.0.4138717@1774360544.351019832
0.0.8041705,0.03794726058116432,SUCCESS,hbar,0.0.3964804,0.0.4138717@1774360543.653500934
0.0.8514597,5.100447335837561,SUCCESS,hbar,0.0.3964804,0.0.4138717@1774360546.576912732
0.0.8903303,0.8240050389434778,FAIL,hbar,0.0.3964804,
0.0.3288501,0.0985175910588753,SUCCESS,hbar,0.0.3964804,0.0.4138717@1774360547.466583798
0.0.4724806,0.008345126335346594,SUCCESS,hbar,0.0.3964804,0.0.4138717@1774360547.758180827
0.0.8717466,0.0012600158658955,SUCCESS,hbar,0.0.3964804,0.0.4138717@1774360550.283124036
0.0.1056579,4.33093540758315,SUCCESS,hbar,0.0.3964804,0.0.4138717@1774360549.512665943
0.0.2185671,0.06520885716526655,SUCCESS,hbar,0.0.3964804,0.0.4138717@1774360552.451045546
0.0.6045318,0.2730083359575142,SUCCESS,hbar,0.0.3964804,0.0.4138717@1774360552.658272456
0.0.1681033,0.249537022799854,SUCCESS,hbar,0.0.3964804,0.0.4138717@1774360550.872506647
0.0.8551680,0.2914058496815651,SUCCESS,hbar,0.0.3964804,0.0.4138717@1774360551.095374468
0.0.9104016,0.8319789422823145,SUCCESS,hbar,0.0.3964804,0.0.4138717@1774360550.457854496
0.0.5580759,0.03292574159848278,SUCCESS,hbar,0.0.3964804,0.0.4138717@1774360552.866467804
0.0.9149385,0.07871615228895716,SUCCESS,hbar,0.0.3964804,0.0.4138717@1774360552.272276010
0.0.4795853,1.395499401670504,SUCCESS,hbar,0.0.3964804,0.0.4138717@1774360552.942834569
0.0.2657839,4.813494655579159,SUCCESS,hbar,0.0.3964804,0.0.4138717@1774360552.002065070
0.0.7993090,5.934991097254592,SUCCESS,hbar,0.0.3964804,0.0.4138717@1774360553.313433332
0.0.1467538,0.7641015331141469,SUCCESS,hbar,0.0.3964804,0.0.4138717@1774360556.433046468
0.0.6294131,0.0000192353111336044,SUCCESS,hbar,0.0.3964804,0.0.4138717@1774360554.862410121
0.0.844131,0.227598161770065,SUCCESS,hbar,0.0.3964804,0.0.4138717@1774360552.798225130
0.0.9273859,0.04753448741841212,SUCCESS,hbar,0.0.3964804,0.0.4138717@1774360555.138414637
0.0.7924085,0.01404181508137703,SUCCESS,hbar,0.0.3964804,0.0.4138717@1774360553.271834116
0.0.7732467,0.1282612157266561,SUCCESS,hbar,0.0.3964804,0.0.4138717@1774360558.997345208
0.0.1021958,3.493463516816733,SUCCESS,hbar,0.0.3964804,0.0.4138717@1774360557.232474920
0.0.9272301,0.5961563610825823,SUCCESS,hbar,0.0.3964804,0.0.4138717@1774360558.697741390
0.0.981571,0.0625266703403354,SUCCESS,hbar,0.0.3964804,0.0.4138717@1774360560.619187670
0.0.3847179,0.4516033944019068,SUCCESS,hbar,0.0.3964804,0.0.4138717@1774360558.514044512
0.0.853379,15.20978884973193,SUCCESS,hbar,0.0.3964804,0.0.4138717@1774360561.181169397
0.0.8131537,0.8231689985106568,SUCCESS,hbar,0.0.3964804,0.0.4138717@1774360557.608600785
0.0.8117500,12.37579123620244,SUCCESS,hbar,0.0.3964804,0.0.4138717@1774360562.384786499
0.0.4315395,0.07247325011811305,SUCCESS,hbar,0.0.3964804,0.0.4138717@1774360563.418355060
0.0.3681629,4.105870510780947,SUCCESS,hbar,0.0.3964804,0.0.4138717@1774360562.093796778
0.0.4388693,0.1055413802911655,SUCCESS,hbar,0.0.3964804,0.0.4138717@1774360560.177566818
0.0.6295630,0.03715488648170428,SUCCESS,hbar,0.0.3964804,0.0.4138717@1774360562.847046682
0.0.2017766,0.969396130706243,SUCCESS,hbar,0.0.3964804,0.0.4138717@1774360565.640977444
0.0.8083173,0.3704724451479522,SUCCESS,hbar,0.0.3964804,0.0.4138717@1774360565.564340785
0.0.9303899,1.434585643149647,SUCCESS,hbar,0.0.3964804,0.0.4138717@1774360562.341803124
0.0.2964523,9.332678308556298,SUCCESS,hbar,0.0.3964804,0.0.4138717@1774360561.708866637
0.0.7166497,0.05088008438907833,SUCCESS,hbar,0.0.3964804,0.0.4138717@1774360565.509901215
0.0.6148704,0.06199748418782677,SUCCESS,hbar,0.0.3964804,0.0.4138717@1774360565.827573210
0.0.7816479,0.01995974526332857,SUCCESS,hbar,0.0.3964804,0.0.4138717@1774360563.854425311
0.0.9144684,0.1033463414281238,SUCCESS,hbar,0.0.3964804,0.0.4138717@1774360569.145415068
0.0.1261132,0.3752568946863926,SUCCESS,hbar,0.0.3964804,0.0.4138717@1774360569.289629924
0.0.1404010,0.004020969060337306,SUCCESS,hbar,0.0.3964804,0.0.4138717@1774360567.444065720
0.0.1369825,49.96460422593685,SUCCESS,hbar,0.0.3964804,0.0.4138717@1774360566.620272397
0.0.8209705,0.0879347546871512,SUCCESS,hbar,0.0.3964804,0.0.4138717@1774360568.518818383
0.0.9150672,0.02121429903823359,SUCCESS,hbar,0.0.3964804,0.0.4138717@1774360568.693206060
0.0.966444,2.491252536015925,SUCCESS,hbar,0.0.3964804,0.0.4138717@1774360568.391995729
0.0.8002341,0.1864096149091472,SUCCESS,hbar,0.0.3964804,0.0.4138717@1774360570.480197706
0.0.7291414,0.8686478313727548,SUCCESS,hbar,0.0.3964804,0.0.4138717@1774360572.041342625
0.0.7938061,0.04166085290991779,SUCCESS,hbar,0.0.3964804,0.0.4138717@1774360571.078962336
0.0.3241611,0.3058313713330352,SUCCESS,hbar,0.0.3964804,0.0.4138717@1774360570.529109874
0.0.8227507,0.3651559016123889,SUCCESS,hbar,0.0.3964804,0.0.4138717@1774360569.842967855
0.0.2149252,0.00007741263843690658,SUCCESS,hbar,0.0.3964804,0.0.4138717@1774360573.663442104
0.0.4606261,0.001845848916665912,SUCCESS,hbar,0.0.3964804,0.0.4138717@1774360571.484486439
0.0.1754370,0.030044204637602,SUCCESS,hbar,0.0.3964804,0.0.4138717@1774360571.769506095
0.0.2116216,2.727735729639459,SUCCESS,hbar,0.0.3964804,0.0.4138717@1774360574.766594308
0.0.7965335,1.407771924145437,SUCCESS,hbar,0.0.3964804,0.0.4138717@1774360575.333968627
0.0.4535053,2.072052720467194,SUCCESS,hbar,0.0.3964804,0.0.4138717@1774360574.114777355
0.0.1353334,0.04475539461244331,SUCCESS,hbar,0.0.3964804,0.0.4138717@1774360573.591602090
0.0.3165925,0.05054636789872954,SUCCESS,hbar,0.0.3964804,0.0.4138717@1774360577.925581251
0.0.1357334,0.1593565973062983,SUCCESS,hbar,0.0.3964804,0.0.4138717@1774360577.239141665
0.0.795838,0.06585547927863633,SUCCESS,hbar,0.0.3964804,0.0.4138717@1774360575.770989405
0.0.4639295,0.5575197406983115,SUCCESS,hbar,0.0.3964804,0.0.4138717@1774360577.692905310
0.0.732798,0.05685723048996952,SUCCESS,hbar,0.0.3964804,0.0.4138717@1774360577.024395152
0.0.2101943,0.00249732240771564,SUCCESS,hbar,0.0.3964804,0.0.4138717@1774360579.915589135
0.0.1703452,0.3140425474443918,SUCCESS,hbar,0.0.3964804,0.0.4138717@1774360581.599097924
0.0.835055,8.272090239705532,SUCCESS,hbar,0.0.3964804,0.0.4138717@1774360578.531699881
0.0.4356553,0.02169933954574278,SUCCESS,hbar,0.0.3964804,0.0.4138717@1774360579.211111529
0.0.4333378,0.006341965869385908,SUCCESS,hbar,0.0.3964804,0.0.4138717@1774360579.718043197
0.0.4368518,0.06010640048242685,SUCCESS,hbar,0.0.3964804,0.0.4138717@1774360584.349074415
0.0.4360122,0.1515077628769781,SUCCESS,hbar,0.0.3964804,0.0.4138717@1774360580.076632900
0.0.4369285,224.7797085655397,SUCCESS,hbar,0.0.3964804,0.0.4138717@1774360581.464978973
0.0.1728462,0.1522381426466527,SUCCESS,hbar,0.0.3964804,0.0.4138717@1774360582.404031359
0.0.4341116,0.3220652946116057,SUCCESS,hbar,0.0.3964804,0.0.4138717@1774360581.951037371
0.0.3023498,0.416279880741201,SUCCESS,hbar,0.0.3964804,0.0.4138717@1774360584.117246181
0.0.4356154,0.06007669509301439,SUCCESS,hbar,0.0.3964804,0.0.4138717@1774360584.547631996
0.0.5147407,0.3553888831916892,SUCCESS,hbar,0.0.3964804,0.0.4138717@1774360584.805680724
0.0.4717832,0.2026952297453068,SUCCESS,hbar,0.0.3964804,0.0.4138717@1774360584.283435658
0.0.4540904,0.7328643763479847,SUCCESS,hbar,0.0.3964804,0.0.4138717@1774360585.300710794
0.0.4410999,0.4856240894438352,SUCCESS,hbar,0.0.3964804,0.0.4138717@1774360584.286702596
0.0.4351736,0.01431633476701109,SUCCESS,hbar,0.0.3964804,0.0.4138717@1774360588.009399151
0.0.5698429,0.006113626250582366,SUCCESS,hbar,0.0.3964804,0.0.4138717@1774360586.358553931
0.0.4589167,0.01987642730616402,SUCCESS,hbar,0.0.3964804,0.0.4138717@1774360586.386384581
0.0.5023507,0.2542015812589352,SUCCESS,hbar,0.0.3964804,0.0.4138717@1774360586.890931476
0.0.3937438,0.2737488156988041,SUCCESS,hbar,0.0.3964804,0.0.4138717@1774360590.202928327
0.0.796454,36.37607048054121,SUCCESS,hbar,0.0.3964804,0.0.4138717@1774360591.308907172
0.0.4351860,1.337349011588168,SUCCESS,hbar,0.0.3964804,0.0.4138717@1774360591.935416077
0.0.859649,0.1653560863320977,SUCCESS,hbar,0.0.3964804,0.0.4138717@1774360590.598159502
0.0.4533464,0.1208453095598134,SUCCESS,hbar,0.0.3964804,0.0.4138717@1774360589.863531021
0.0.5495538,0.01662021821690698,SUCCESS,hbar,0.0.3964804,0.0.4138717@1774360592.855164068
0.0.4093788,1.612335609823137,SUCCESS,hbar,0.0.3964804,0.0.4138717@1774360590.905641689
0.0.5421455,0.003868472080469932,SUCCESS,hbar,0.0.3964804,0.0.4138717@1774360591.348114888
0.0.5315914,1.563688847152936,SUCCESS,hbar,0.0.3964804,0.0.4138717@1774360591.587808659
0.0.838198,0.852859817190493,SUCCESS,hbar,0.0.3964804,0.0.4138717@1774360595.746187183
0.0.4327294,0.01520611586748329,SUCCESS,hbar,0.0.3964804,0.0.4138717@1774360593.978519914
0.0.728698,0.1289967429307345,SUCCESS,hbar,0.0.3964804,0.0.4138717@1774360594.147405688
0.0.1402758,0.7860648064201112,SUCCESS,hbar,0.0.3964804,0.0.4138717@1774360593.974644251
0.0.1425322,0.3941925334980123,SUCCESS,hbar,0.0.3964804,0.0.4138717@1774360596.314957218
0.0.1097802,1.81132017029728,SUCCESS,hbar,0.0.3964804,0.0.4138717@1774360594.765880632
0.0.1877641,0.8600909277095397,SUCCESS,hbar,0.0.3964804,0.0.4138717@1774360597.324102477
0.0.1421971,37.20769422333559,SUCCESS,hbar,0.0.3964804,0.0.4138717@1774360596.780762658
0.0.1478185,2.152233570321852,SUCCESS,hbar,0.0.3964804,0.0.4138717@1774360598.948762227
0.0.835670,0.04868047134384216,SUCCESS,hbar,0.0.3964804,0.0.4138717@1774360595.196038845
0.0.4138268,9.715230238881883,SUCCESS,hbar,0.0.3964804,0.0.4138717@1774360599.918538538
0.0.2145447,7.090544339294515,SUCCESS,hbar,0.0.3964804,0.0.4138717@1774360598.214717039
0.0.859565,8.850175565048502,SUCCESS,hbar,0.0.3964804,0.0.4138717@1774360597.535672214
0.0.859149,14.89949821745731,SUCCESS,hbar,0.0.3964804,0.0.4138717@1774360599.059290060
0.0.1448131,0.2082437980563328,SUCCESS,hbar,0.0.3964804,0.0.4138717@1774360598.145200429
0.0.3768895,0.001460510178812764,SUCCESS,hbar,0.0.3964804,0.0.4138717@1774360598.645977643
0.0.1088394,0.07701242486908356,SUCCESS,hbar,0.0.3964804,0.0.4138717@1774360602.318295486
0.0.1432019,2.723087645821918,SUCCESS,hbar,0.0.3964804,0.0.4138717@1774360602.162847184
0.0.837554,0.2235261784677801,SUCCESS,hbar,0.0.3964804,0.0.4138717@1774360603.251515224
0.0.481717,0.1800810933042164,SUCCESS,hbar,0.0.3964804,0.0.4138717@1774360603.268303186
0.0.965222,6.855107413111464,SUCCESS,hbar,0.0.3964804,0.0.4138717@1774360604.495551331
0.0.1512214,0.01862861782360518,SUCCESS,hbar,0.0.3964804,0.0.4138717@1774360601.854354042
0.0.1316658,0.6516939942874536,SUCCESS,hbar,0.0.3964804,0.0.4138717@1774360604.065934396
0.0.4319631,0.1170598999402212,SUCCESS,hbar,0.0.3964804,0.0.4138717@1774360601.368952181
0.0.1092596,0.3482225149251469,SUCCESS,hbar,0.0.3964804,0.0.4138717@1774360604.194994186
0.0.2150506,0.07577191072350578,SUCCESS,hbar,0.0.3964804,0.0.4138717@1774360602.782145164
0.0.4345412,0.1218344824130561,SUCCESS,hbar,0.0.3964804,0.0.4138717@1774360603.187450078
0.0.4345654,60.0060743408805,SUCCESS,hbar,0.0.3964804,0.0.4138717@1774360605.835932871
0.0.842806,90.52820734396144,SUCCESS,hbar,0.0.3964804,0.0.4138717@1774360608.157872280
0.0.1088670,0.266087106851685,SUCCESS,hbar,0.0.3964804,0.0.4138717@1774360605.891357781
0.0.4337103,0.001728971724693224,SUCCESS,hbar,0.0.3964804,0.0.4138717@1774360610.210492553
0.0.3291464,0.01671777214154479,SUCCESS,hbar,0.0.3964804,0.0.4138717@1774360609.241768241
0.0.846778,46.89968405412305,SUCCESS,hbar,0.0.3964804,0.0.4138717@1774360608.616776305
0.0.1018824,5.850058736607483,SUCCESS,hbar,0.0.3964804,0.0.4138717@1774360611.062794144
0.0.4358173,1.865687392254972,SUCCESS,hbar,0.0.3964804,0.0.4138717@1774360608.278474411
0.0.1048940,0.1166397064594038,SUCCESS,hbar,0.0.3964804,0.0.4138717@1774360608.891829856
0.0.3945405,0.0004885033204787031,SUCCESS,hbar,0.0.3964804,0.0.4138717@1774360612.193008896
0.0.1104374,42.03221262238105,SUCCESS,hbar,0.0.3964804,0.0.4138717@1774360612.865336324
0.0.1350500,0.4055106597303783,SUCCESS,hbar,0.0.3964804,0.0.4138717@1774360611.992398855
0.0.1121794,0.1890561300301997,SUCCESS,hbar,0.0.3964804,0.0.4138717@1774360612.579597371
0.0.3872024,2.09172802007834,SUCCESS,hbar,0.0.3964804,0.0.4138717@1774360613.041895791
0.0.1096529,2.706143796456093,SUCCESS,hbar,0.0.3964804,0.0.4138717@1774360613.270500197
0.0.833050,0.04184790440036801,SUCCESS,hbar,0.0.3964804,0.0.4138717@1774360612.692372658
0.0.1313705,0.834963914448,SUCCESS,hbar,0.0.3964804,0.0.4138717@1774360614.102615677
0.0.3327498,1.415523959924335,SUCCESS,hbar,0.0.3964804,0.0.4138717@1774360616.651801660
0.0.4161393,1.095288800681668,SUCCESS,hbar,0.0.3964804,0.0.4138717@1774360615.011092847
0.0.3916542,0.02525597921029277,SUCCESS,hbar,0.0.3964804,0.0.4138717@1774360616.127302456
0.0.862835,0.4054262525406445,SUCCESS,hbar,0.0.3964804,0.0.4138717@1774360616.615112888
0.0.1337171,0.7045653324798453,SUCCESS,hbar,0.0.3964804,0.0.4138717@1774360618.643915250
0.0.1374442,3.078389091844443,SUCCESS,hbar,0.0.3964804,0.0.4138717@1774360615.577103768
0.0.2004450,0.1301511101769267,SUCCESS,hbar,0.0.3964804,0.0.4138717@1774360614.212274314
0.0.4504544,6.982004392928146,SUCCESS,hbar,0.0.3964804,0.0.4138717@1774360616.074915844
0.0.4135513,1.180524854034892,SUCCESS,hbar,0.0.3964804,0.0.4138717@1774360617.182946117
0.0.1463093,1.173498665545551,SUCCESS,hbar,0.0.3964804,0.0.4138717@1774360620.862957315
0.0.811739,1.789703926456467,SUCCESS,hbar,0.0.3964804,0.0.4138717@1774360617.522005190
0.0.887612,1.634729974652584,SUCCESS,hbar,0.0.3964804,0.0.4138717@1774360616.909770954
0.0.5195606,2.882474990573037,SUCCESS,hbar,0.0.3964804,0.0.4138717@1774360617.736983020
0.0.4566469,1.932584709692102,SUCCESS,hbar,0.0.3964804,0.0.4138717@1774360621.395916524
0.0.7798912,1.830209463738021,SUCCESS,hbar,0.0.3964804,0.0.4138717@1774360619.996400801
0.0.1486421,1.378493878570542,SUCCESS,hbar,0.0.3964804,0.0.4138717@1774360620.801641927
0.0.1359581,11.98572899858614,SUCCESS,hbar,0.0.3964804,0.0.4138717@1774360621.901752407
0.0.4431727,0.09636542397781944,SUCCESS,hbar,0.0.3964804,0.0.4138717@1774360620.250574961
0.0.7710235,0.1026109946542464,SUCCESS,hbar,0.0.3964804,0.0.4138717@1774360623.559013537
0.0.838791,1.291181321182138,SUCCESS,hbar,0.0.3964804,0.0.4138717@1774360622.833273604
0.0.496172,1.1969552368628,SUCCESS,hbar,0.0.3964804,0.0.4138717@1774360624.320350005
0.0.146930,1050.083007815049,SUCCESS,hbar,0.0.3964804,0.0.4138717@1774360624.284323092
0.0.4887338,0.6892500397070902,SUCCESS,hbar,0.0.3964804,0.0.4138717@1774360624.667554112
0.0.1313215,0.01130214190479617,SUCCESS,hbar,0.0.3964804,0.0.4138717@1774360625.018549519
0.0.2891280,0.5713059630375826,SUCCESS,hbar,0.0.3964804,0.0.4138717@1774360627.194710153
0.0.838388,29.99327591569651,SUCCESS,hbar,0.0.3964804,0.0.4138717@1774360627.836375687
0.0.7916029,18.40146839370287,SUCCESS,hbar,0.0.3964804,0.0.4138717@1774360624.485992996
0.0.4861986,0.1083995557800492,SUCCESS,hbar,0.0.3964804,0.0.4138717@1774360627.933846359
0.0.5112630,0.6553222888711494,SUCCESS,hbar,0.0.3964804,0.0.4138717@1774360628.722598680
0.0.931327,54.89364858374852,SUCCESS,hbar,0.0.3964804,0.0.4138717@1774360626.183246127
0.0.710849,0.01366726759479441,SUCCESS,hbar,0.0.3964804,0.0.4138717@1774360628.632746225
0.0.7965412,0.002479579316043487,SUCCESS,hbar,0.0.3964804,0.0.4138717@1774360630.139168309
0.0.3384906,3.478351144551772,SUCCESS,hbar,0.0.3964804,0.0.4138717@1774360629.429699236
0.0.7961490,0.1343308692091543,SUCCESS,hbar,0.0.3964804,0.0.4138717@1774360626.604717658
0.0.7703838,0.007005078119959107,SUCCESS,hbar,0.0.3964804,0.0.4138717@1774360630.198543085
0.0.7662545,0.00362307904630711,SUCCESS,hbar,0.0.3964804,0.0.4138717@1774360630.991655910
0.0.6343911,2.721062465826606,SUCCESS,hbar,0.0.3964804,0.0.4138717@1774360630.471606501
0.0.7937765,0.7379690883608944,SUCCESS,hbar,0.0.3964804,0.0.4138717@1774360630.532993442
0.0.4765612,3.621984281008451,SUCCESS,hbar,0.0.3964804,0.0.4138717@1774360633.307158672
0.0.3240624,0.001782802061555817,SUCCESS,hbar,0.0.3964804,0.0.4138717@1774360631.025506703
0.0.4312267,6.107523457716258,SUCCESS,hbar,0.0.3964804,0.0.4138717@1774360635.239143287
0.0.4883729,0.2759264323798753,SUCCESS,hbar,0.0.3964804,0.0.4138717@1774360632.061993342
0.0.1746011,1.348981264621294,SUCCESS,hbar,0.0.3964804,0.0.4138717@1774360633.633147660
0.0.791414,0.2816336052096836,SUCCESS,hbar,0.0.3964804,0.0.4138717@1774360634.258066445
0.0.5957030,1.577114880974331,SUCCESS,hbar,0.0.3964804,0.0.4138717@1774360634.077103483
0.0.6416166,0.7289665415717859,SUCCESS,hbar,0.0.3964804,0.0.4138717@1774360636.565909905
0.0.4314332,3.449623040725157,SUCCESS,hbar,0.0.3964804,0.0.4138717@1774360634.727832382
0.0.3048811,79.06083980365914,SUCCESS,hbar,0.0.3964804,0.0.4138717@1774360635.651996728
0.0.6828202,19.64559531831277,SUCCESS,hbar,0.0.3964804,0.0.4138717@1774360638.233394279
0.0.6852334,1.747360162291107,SUCCESS,hbar,0.0.3964804,0.0.4138717@1774360636.809146459
0.0.4784258,0.1544612543575677,SUCCESS,hbar,0.0.3964804,0.0.4138717@1774360636.235542555
0.0.1463629,0.1083257159932716,SUCCESS,hbar,0.0.3964804,0.0.4138717@1774360635.645356993
0.0.6306847,0.02323660023872789,SUCCESS,hbar,0.0.3964804,0.0.4138717@1774360637.408660522
0.0.433061,0.01360314311666646,SUCCESS,hbar,0.0.3964804,0.0.4138717@1774360639.872164474
0.0.2967389,0.372382501922026,SUCCESS,hbar,0.0.3964804,0.0.4138717@1774360640.067736347
0.0.6275653,0.01084308785277422,SUCCESS,hbar,0.0.3964804,0.0.4138717@1774360640.850315818
0.0.6154587,11.26329425888082,SUCCESS,hbar,0.0.3964804,0.0.4138717@1774360640.323271994
0.0.5746207,37.81092533221157,SUCCESS,hbar,0.0.3964804,0.0.4138717@1774360641.329492448
0.0.6139137,0.5965191363249015,SUCCESS,hbar,0.0.3964804,0.0.4138717@1774360639.784494157
0.0.753351,0.3958100256870202,SUCCESS,hbar,0.0.3964804,0.0.4138717@1774360641.174046327
0.0.5068116,0.03262266733405224,SUCCESS,hbar,0.0.3964804,0.0.4138717@1774360639.595333398
0.0.805713,16.57159565726854,SUCCESS,hbar,0.0.3964804,0.0.4138717@1774360641.861953740
0.0.6048714,51.75526672916384,SUCCESS,hbar,0.0.3964804,0.0.4138717@1774360643.414626935
0.0.4965217,0.2031058226285252,SUCCESS,hbar,0.0.3964804,0.0.4138717@1774360641.378514747
0.0.3967246,0.4507591158035553,SUCCESS,hbar,0.0.3964804,0.0.4138717@1774360643.120793232
0.0.1124401,3.154610317248573,SUCCESS,hbar,0.0.3964804,0.0.4138717@1774360643.399559403
0.0.7290965,0.5440063469060193,SUCCESS,hbar,0.0.3964804,0.0.4138717@1774360643.277879599
0.0.1524063,3.658444679981505,SUCCESS,hbar,0.0.3964804,0.0.4138717@1774360644.683420486
0.0.3872629,0.4115722731249656,SUCCESS,hbar,0.0.3964804,0.0.4138717@1774360644.047936412
0.0.7631749,0.002671881841162961,SUCCESS,hbar,0.0.3964804,0.0.4138717@1774360645.382481229
0.0.794930,0.04525009025958441,SUCCESS,hbar,0.0.3964804,0.0.4138717@1774360645.366341980
0.0.3687848,5.705205590222304,SUCCESS,hbar,0.0.3964804,0.0.4138717@1774360644.708551181
0.0.892270,10.37031266965936,SUCCESS,hbar,0.0.3964804,0.0.4138717@1774360645.483729155
0.0.3728114,4.716873014518047,SUCCESS,hbar,0.0.3964804,0.0.4138717@1774360649.845550594
0.0.4423729,0.827698966985926,SUCCESS,hbar,0.0.3964804,0.0.4138717@1774360646.362368328
0.0.7732676,10.45106805588174,SUCCESS,hbar,0.0.3964804,0.0.4138717@1774360647.055422578
0.0.857760,0.1019300208726036,SUCCESS,hbar,0.0.3964804,0.0.4138717@1774360649.492313124
0.0.7312670,0.8206289975835324,SUCCESS,hbar,0.0.3964804,0.0.4138717@1774360650.225714541
0.0.1102543,9.23139598988672,SUCCESS,hbar,0.0.3964804,0.0.4138717@1774360652.969192867
0.0.662621,0.3483290677350063,SUCCESS,hbar,0.0.3964804,0.0.4138717@1774360651.013169296
0.0.6475509,0.1425753830704627,SUCCESS,hbar,0.0.3964804,0.0.4138717@1774360652.494657265
0.0.7450449,0.4759941965668906,SUCCESS,hbar,0.0.3964804,0.0.4138717@1774360653.958471351
0.0.6004536,0.0465753894889448,SUCCESS,hbar,0.0.3964804,0.0.4138717@1774360650.012753809
0.0.6157135,4.246732331271613,SUCCESS,hbar,0.0.3964804,0.0.4138717@1774360653.191627270
0.0.6095958,10.02914052740725,SUCCESS,hbar,0.0.3964804,0.0.4138717@1774360654.993847811
0.0.6058490,0.03457570857891158,SUCCESS,hbar,0.0.3964804,0.0.4138717@1774360652.872843603
0.0.6078189,1.723971959814139,SUCCESS,hbar,0.0.3964804,0.0.4138717@1774360653.015471252
0.0.6247418,0.05965370757000201,SUCCESS,hbar,0.0.3964804,0.0.4138717@1774360652.530518919
0.0.4659519,1.995836866149941,SUCCESS,hbar,0.0.3964804,0.0.4138717@1774360657.102335462
0.0.827132,0.1203375561142878,SUCCESS,hbar,0.0.3964804,0.0.4138717@1774360655.381378981
0.0.2174952,0.3061557019955458,SUCCESS,hbar,0.0.3964804,0.0.4138717@1774360656.551516325
0.0.3158284,0.09610647528257792,SUCCESS,hbar,0.0.3964804,0.0.4138717@1774360655.182394350
0.0.1334605,11.87133738280528,SUCCESS,hbar,0.0.3964804,0.0.4138717@1774360657.682607036
0.0.6324031,0.0009223203012733328,SUCCESS,hbar,0.0.3964804,0.0.4138717@1774360659.344324348
0.0.2123622,3.873248614734533,SUCCESS,hbar,0.0.3964804,0.0.4138717@1774360658.588696457
0.0.4360598,0.04636747372361533,SUCCESS,hbar,0.0.3964804,0.0.4138717@1774360660.080305369
0.0.6674918,0.01761123317219348,SUCCESS,hbar,0.0.3964804,0.0.4138717@1774360660.477564913
0.0.1307915,0.0004922514553227666,SUCCESS,hbar,0.0.3964804,0.0.4138717@1774360657.789178903
0.0.835625,0.03459453032863372,SUCCESS,hbar,0.0.3964804,0.0.4138717@1774360660.417618283
0.0.760653,0.2304199064160968,SUCCESS,hbar,0.0.3964804,0.0.4138717@1774360661.127336683
0.0.6933072,0.6136344966517309,SUCCESS,hbar,0.0.3964804,0.0.4138717@1774360659.223443949
0.0.6232417,0.02293697187352693,SUCCESS,hbar,0.0.3964804,0.0.4138717@1774360661.308112422
0.0.5060252,0.02807482174594013,SUCCESS,hbar,0.0.3964804,0.0.4138717@1774360660.037100876
0.0.1046906,0.02695513221924196,SUCCESS,hbar,0.0.3964804,0.0.4138717@1774360662.856088095
0.0.4044502,2.572767338081483,SUCCESS,hbar,0.0.3964804,0.0.4138717@1774360661.698330441
0.0.4923529,0.001945522257861062,SUCCESS,hbar,0.0.3964804,0.0.4138717@1774360662.896541347
0.0.4741573,0.9904950294367592,SUCCESS,hbar,0.0.3964804,0.0.4138717@1774360662.289112612
0.0.1747288,4.098512134281423,SUCCESS,hbar,0.0.3964804,0.0.4138717@1774360664.754763373
0.0.4640278,0.1019646306630365,SUCCESS,hbar,0.0.3964804,0.0.4138717@1774360666.708193313
0.0.4758052,0.187830884252378,SUCCESS,hbar,0.0.3964804,0.0.4138717@1774360664.863776605
0.0.3295745,4.044165322531897,SUCCESS,hbar,0.0.3964804,0.0.4138717@1774360664.419072472
0.0.1448239,0.0629846762355426,SUCCESS,hbar,0.0.3964804,0.0.4138717@1774360666.743320037
0.0.4322023,0.6262411379427877,SUCCESS,hbar,0.0.3964804,0.0.4138717@1774360666.859038426
0.0.4785387,0.5323002184742154,SUCCESS,hbar,0.0.3964804,0.0.4138717@1774360671.238924223
0.0.1388678,5.357635438446561,SUCCESS,hbar,0.0.3964804,0.0.4138717@1774360667.005810862
0.0.848151,0.3970058032430777,SUCCESS,hbar,0.0.3964804,0.0.4138717@1774360668.875701014
0.0.6061106,0.4836653747988357,SUCCESS,hbar,0.0.3964804,0.0.4138717@1774360669.614142156
0.0.846992,1.313120830392792,SUCCESS,hbar,0.0.3964804,0.0.4138717@1774360669.654269049
0.0.4799094,0.1153271340047376,SUCCESS,hbar,0.0.3964804,0.0.4138717@1774360671.785447142
0.0.7835479,0.01851678101251408,SUCCESS,hbar,0.0.3964804,0.0.4138717@1774360671.099812633
0.0.3912896,0.2284382643778268,SUCCESS,hbar,0.0.3964804,0.0.4138717@1774360671.673130887
0.0.4752954,0.3227456258787281,SUCCESS,hbar,0.0.3964804,0.0.4138717@1774360673.778385612
0.0.7777028,0.7701462304198947,SUCCESS,hbar,0.0.3964804,0.0.4138717@1774360671.548189980
0.0.7607102,0.008979160812516474,SUCCESS,hbar,0.0.3964804,0.0.4138717@1774360673.513500091
0.0.5739319,1.186430509397484,SUCCESS,hbar,0.0.3964804,0.0.4138717@1774360672.897781980
0.0.7791729,0.001172792929664946,SUCCESS,hbar,0.0.3964804,0.0.4138717@1774360675.281054288
0.0.7421912,0.05326088173423987,SUCCESS,hbar,0.0.3964804,0.0.4138717@1774360674.254844957
0.0.7570262,0.09699631063530888,SUCCESS,hbar,0.0.3964804,0.0.4138717@1774360674.295842439
0.0.4250725,0.1847019949527977,SUCCESS,hbar,0.0.3964804,0.0.4138717@1774360676.133459518
0.0.7861872,0.01086877135547646,SUCCESS,hbar,0.0.3964804,0.0.4138717@1774360677.928212241
0.0.1479857,1.351681030462728,SUCCESS,hbar,0.0.3964804,0.0.4138717@1774360677.883136841
0.0.5042398,2.03168764530122,SUCCESS,hbar,0.0.3964804,0.0.4138717@1774360678.565035713
0.0.5905014,0.4700673676367362,SUCCESS,hbar,0.0.3964804,0.0.4138717@1774360679.593201652
0.0.3947850,0.0003806655910124503,SUCCESS,hbar,0.0.3964804,0.0.4138717@1774360681.338247180
0.0.7910977,2.207034980820758,SUCCESS,hbar,0.0.3964804,0.0.4138717@1774360680.989993515
0.0.7896816,19.15157230890896,SUCCESS,hbar,0.0.3964804,0.0.4138717@1774360677.737978764
0.0.1481135,0.4483434343904857,SUCCESS,hbar,0.0.3964804,0.0.4138717@1774360680.356317432
0.0.4595460,0.1325532496335789,SUCCESS,hbar,0.0.3964804,0.0.4138717@1774360682.694172777
0.0.6344703,134.6765231917502,SUCCESS,hbar,0.0.3964804,0.0.4138717@1774360682.158307955
0.0.6612734,0.009221454478601796,SUCCESS,hbar,0.0.3964804,0.0.4138717@1774360680.701499259
0.0.1233065,0.4163248065847386,SUCCESS,hbar,0.0.3964804,0.0.4138717@1774360682.816857442
0.0.4978453,10.25271316302029,SUCCESS,hbar,0.0.3964804,0.0.4138717@1774360680.952653284
0.0.1859919,0.1560888244048228,SUCCESS,hbar,0.0.3964804,0.0.4138717@1774360682.336906929
0.0.7200618,0.02315313178887442,SUCCESS,hbar,0.0.3964804,0.0.4138717@1774360684.038537537
0.0.3159220,0.6681410824541192,SUCCESS,hbar,0.0.3964804,0.0.4138717@1774360684.280156658
0.0.987356,0.6806736363874055,SUCCESS,hbar,0.0.3964804,0.0.4138717@1774360685.100373008
0.0.1517175,0.6121239856670041,SUCCESS,hbar,0.0.3964804,0.0.4138717@1774360683.668363056
0.0.4899880,0.08064781424338444,SUCCESS,hbar,0.0.3964804,0.0.4138717@1774360684.948736525
0.0.5437974,1.226014822844134,SUCCESS,hbar,0.0.3964804,0.0.4138717@1774360688.814993255
0.0.707587,13.29379416905806,SUCCESS,hbar,0.0.3964804,0.0.4138717@1774360686.207530244
0.0.7610560,0.1827801899755671,SUCCESS,hbar,0.0.3964804,0.0.4138717@1774360686.201314838
0.0.7638910,0.05440161856109772,SUCCESS,hbar,0.0.3964804,0.0.4138717@1774360688.236992406
0.0.6256886,0.0542036990634925,SUCCESS,hbar,0.0.3964804,0.0.4138717@1774360686.740966140
0.0.831661,3.085693415911039,SUCCESS,hbar,0.0.3964804,0.0.4138717@1774360690.758025914
0.0.2557514,1.197843766983083,SUCCESS,hbar,0.0.3964804,0.0.4138717@1774360688.608984395
0.0.876236,0.1631493145318166,SUCCESS,hbar,0.0.3964804,0.0.4138717@1774360689.003319860
0.0.1486871,19.86939089754019,SUCCESS,hbar,0.0.3964804,0.0.4138717@1774360689.862453986
0.0.7164995,4.416489889371499,SUCCESS,hbar,0.0.3964804,0.0.4138717@1774360693.283413494
0.0.10056907,3.867174408190762,SUCCESS,hbar,0.0.3964804,0.0.4138717@1774360691.645769035
0.0.2030460,11.02411726613167,SUCCESS,hbar,0.0.3964804,0.0.4138717@1774360693.452200912
0.0.3948696,1.04669127307329,SUCCESS,hbar,0.0.3964804,0.0.4138717@1774360693.938750340
0.0.10242536,1.128184594427755,SUCCESS,hbar,0.0.3964804,0.0.4138717@1774360690.801613642
0.0.10261941,0.7563707606037522,SUCCESS,hbar,0.0.3964804,0.0.4138717@1774360692.713528159
0.0.10279551,2.34745423038522,SUCCESS,hbar,0.0.3964804,0.0.4138717@1774360695.209135818
0.0.9796301,0.4749009814494754,SUCCESS,hbar,0.0.3964804,0.0.4138717@1774360695.823357638
0.0.1505544,0.008155594976764173,SUCCESS,hbar,0.0.3964804,0.0.4138717@1774360695.155368396
0.0.1711144,0.1068955424774432,SUCCESS,hbar,0.0.3964804,0.0.4138717@1774360695.007951048
0.0.4644030,0.02763187355850783,SUCCESS,hbar,0.0.3964804,0.0.4138717@1774360697.656286979
0.0.2005484,0.022785305373122,SUCCESS,hbar,0.0.3964804,0.0.4138717@1774360694.923385115
0.0.4144365,2.104857550103321,SUCCESS,hbar,0.0.3964804,0.0.4138717@1774360699.808900540
0.0.837799,1.428165575015668,SUCCESS,hbar,0.0.3964804,0.0.4138717@1774360698.389517222
0.0.4340392,0.05913532460923358,SUCCESS,hbar,0.0.3964804,0.0.4138717@1774360698.439401172
0.0.4782567,2.931367777168446,SUCCESS,hbar,0.0.3964804,0.0.4138717@1774360698.359569348
0.0.4323897,0.01625470628535697,SUCCESS,hbar,0.0.3964804,0.0.4138717@1774360699.324103725
0.0.1043461,48.87709534872841,SUCCESS,hbar,0.0.3964804,0.0.4138717@1774360701.389090580
0.0.4154591,5.120604733673417,SUCCESS,hbar,0.0.3964804,0.0.4138717@1774360700.880632527
0.0.1461428,1.091148943463134,SUCCESS,hbar,0.0.3964804,0.0.4138717@1774360700.295441930
0.0.946029,0.3581668584646169,SUCCESS,hbar,0.0.3964804,0.0.4138717@1774360700.297312153
0.0.6258977,0.1072260570860917,SUCCESS,hbar,0.0.3964804,0.0.4138717@1774360703.974653554
0.0.9174064,5.221066128228412,SUCCESS,hbar,0.0.3964804,0.0.4138717@1774360703.940024735
0.0.9612822,0.1088625452773433,SUCCESS,hbar,0.0.3964804,0.0.4138717@1774360704.714392606
0.0.834767,0.8659792711831549,SUCCESS,hbar,0.0.3964804,0.0.4138717@1774360703.560104412
0.0.9695749,2.216559082328009,SUCCESS,hbar,0.0.3964804,0.0.4138717@1774360702.994688946
0.0.5482082,0.4592882065909556,SUCCESS,hbar,0.0.3964804,0.0.4138717@1774360706.852967473
0.0.8443763,10.36987582281685,SUCCESS,hbar,0.0.3964804,0.0.4138717@1774360705.506429305
0.0.7550127,0.1372263918234565,SUCCESS,hbar,0.0.3964804,0.0.4138717@1774360705.748331809
0.0.9317309,0.000370171630847517,SUCCESS,hbar,0.0.3964804,0.0.4138717@1774360704.858282364
0.0.4362017,1.750715666622095,SUCCESS,hbar,0.0.3964804,0.0.4138717@1774360708.818326744
0.0.3907868,0.003469621015576541,SUCCESS,hbar,0.0.3964804,0.0.4138717@1774360705.837110772
0.0.3161254,12019.56773107122,SUCCESS,hbar,0.0.3964804,0.0.4138717@1774360705.639491171
0.0.6460255,3.031902492549946,SUCCESS,hbar,0.0.3964804,0.0.4138717@1774360706.882159807
0.0.10068662,0.03507148105226913,SUCCESS,hbar,0.0.3964804,0.0.4138717@1774360706.417628896
0.0.8629477,1.010043975735855,SUCCESS,hbar,0.0.3964804,0.0.4138717@1774360706.972507887
0.0.9997124,9.349075667503392,SUCCESS,hbar,0.0.3964804,0.0.4138717@1774360708.297091768
0.0.4911466,0.006217660799733948,SUCCESS,hbar,0.0.3964804,0.0.4138717@1774360707.401349501
0.0.10085318,2.323998099501253,SUCCESS,hbar,0.0.3964804,0.0.4138717@1774360708.156933452
0.0.9690555,0.1875415919837491,SUCCESS,hbar,0.0.3964804,0.0.4138717@1774360712.735449614
0.0.10167174,0.1875080395336866,SUCCESS,hbar,0.0.3964804,0.0.4138717@1774360713.417540071
0.0.5029689,0.4266235591296854,SUCCESS,hbar,0.0.3964804,0.0.4138717@1774360714.194060952
0.0.1372179,0.1912185511067375,SUCCESS,hbar,0.0.3964804,0.0.4138717@1774360712.154196604
0.0.5314183,0.4139396999148069,SUCCESS,hbar,0.0.3964804,0.0.4138717@1774360710.735028800
0.0.2302824,0.002630123145060122,SUCCESS,hbar,0.0.3964804,0.0.4138717@1774360714.008927093
0.0.789990,0.0777743107820983,SUCCESS,hbar,0.0.3964804,0.0.4138717@1774360712.469720365
0.0.840487,3.427658362654167,SUCCESS,hbar,0.0.3964804,0.0.4138717@1774360716.164343289
0.0.4433604,0.0834154842104686,SUCCESS,hbar,0.0.3964804,0.0.4138717@1774360715.318309648
0.0.4345176,0.1061232077715756,SUCCESS,hbar,0.0.3964804,0.0.4138717@1774360715.279351122
0.0.5432163,0.04728287455071088,SUCCESS,hbar,0.0.3964804,0.0.4138717@1774360713.682246445
0.0.834666,8.173578995825286,SUCCESS,hbar,0.0.3964804,0.0.4138717@1774360718.203446851
0.0.1415516,9.8232671576747,SUCCESS,hbar,0.0.3964804,0.0.4138717@1774360714.123660618
0.0.4329551,1.105335301274361,SUCCESS,hbar,0.0.3964804,0.0.4138717@1774360714.146750361
0.0.9226909,0.1956761806751251,SUCCESS,hbar,0.0.3964804,0.0.4138717@1774360716.712031668