account,amount,state,token address,pool address,tx id
0.0.4863820,0.07254816618369676,SUCCESS,hbar,0.0.3951117,0.0.4138717@1790022866.672858822
0.0.4345324,0.02751815415244873,SUCCESS,hbar,0.0.3951117,0.0.4138717@1790022866.103895685
0.0.4923080,0.03521309520337129,SUCCESS,hbar,0.0.3951117,0.0.4138717@1790022862.632099442
0.0.3242760,5.14068244867827,SUCCESS,hbar,0.0.3951117&0.0.3964804,0.0.4138717@1790022867.350848836
0.0.5797983,0.05127209671766974,SUCCESS,hbar,0.0.3951117&0.0.3964804,0.0.4138717@1790022864.196061075
0.0.850535,60.85498180698104,SUCCESS,hbar,0.0.3951117,0.0.4138717@1790022864.684405038
0.0.6244791,0.2661630209275422,SUCCESS,hbar,0.0.3951117,0.0.4138717@1790022864.409869747
0.0.6313910,26.67716461005126,SUCCESS,hbar,0.0.3951117&0.0.3964804,0.0.4138717@1790022864.570627382
0.0.6289117,2.644193396470005,SUCCESS,hbar,0.0.3951117&0.0.3964804,0.0.4138717@1790022866.772282214
0.0.6440477,0.110423655812565,SUCCESS,hbar,0.0.3951117&0.0.3964804,0.0.4138717@1790022863.839070613
0.0.874760,6.431035187561106,SUCCESS,hbar,0.0.3951117&0.0.3964804,0.0.4138717@1790022869.997585313
0.0.2968839,1.183975601989403,SUCCESS,hbar,0.0.3951117&0.0.3964804,0.0.4138717@1790022867.774016256
0.0.4702708,0.03211191726983142,SUCCESS,hbar,0.0.3951117,0.0.4138717@1790022868.248039002
0.0.6026305,0.0480925795766982,SUCCESS,hbar,0.0.3951117,0.0.4138717@1790022870.606733145
0.0.6781119,1.339637697036954,SUCCESS,hbar,0.0.3951117&0.0.3964804,0.0.4138717@1790022868.467056870
0.0.7262531,0.003593920440472863,SUCCESS,hbar,0.0.3951117&0.0.3964804,0.0.4138717@1790022869.748640532
0.0.7138336,0.003072419407568834,SUCCESS,hbar,0.0.3951117,0.0.4138717@1790022866.949693115
0.0.1340928,9.307423543689504,SUCCESS,hbar,0.0.3951117,0.0.4138717@1790022867.814256380
0.0.7479340,0.2767921210889833,SUCCESS,hbar,0.0.3951117&0.0.3964804,0.0.4138717@1790022870.608795361
0.0.5078033,0.4596656979271209,SUCCESS,hbar,0.0.3951117,0.0.4138717@1790022867.790581104
0.0.3969243,0.007136361517720647,SUCCESS,hbar,0.0.3951117,0.0.4138717@1790022869.104397723
0.0.4322002,0.1056862508634091,SUCCESS,hbar,0.0.3951117,0.0.4138717@1790022873.423891474
0.0.4968045,0.687380535662059,SUCCESS,hbar,0.0.3951117,0.0.4138717@1790022872.231842944
0.0.2930231,0.09409494458393079,SUCCESS,hbar,0.0.3951117&0.0.3964804,0.0.4138717@1790022874.147935474
0.0.4558891,0.9709985508110204,SUCCESS,hbar,0.0.3951117,0.0.4138717@1790022872.524420898
0.0.5976303,0.1043663570493137,SUCCESS,hbar,0.0.3951117&0.0.3964804,0.0.4138717@1790022873.225740276
0.0.4318411,1.328884538484066,SUCCESS,hbar,0.0.3951117,0.0.4138717@1790022870.738047923
0.0.3681428,40.84629009518199,SUCCESS,hbar,0.0.3951117&0.0.3964804,0.0.4138717@1790022872.811345318
0.0.4329852,5.460739926505026,SUCCESS,hbar,0.0.3951117&0.0.3964804,0.0.4138717@1790022873.998902963
0.0.5975196,0.03962717693568166,SUCCESS,hbar,0.0.3951117,0.0.4138717@1790022874.171136937
0.0.4229805,0.1271063741911607,SUCCESS,hbar,0.0.3951117,0.0.4138717@1790022875.749572514
0.0.4732964,0.0300668583688576,SUCCESS,hbar,0.0.3951117,0.0.4138717@1790022874.588548160
0.0.4432149,0.08029025115441946,SUCCESS,hbar,0.0.3951117,0.0.4138717@1790022875.118813955
0.0.1412123,0.08174899189522702,SUCCESS,hbar,0.0.3951117&0.0.3964804,0.0.4138717@1790022877.489646157
0.0.4184733,24.10459660111998,SUCCESS,hbar,0.0.3951117,0.0.4138717@1790022876.322592862
0.0.4775299,0.22208906040424,SUCCESS,hbar,0.0.3951117,0.0.4138717@1790022875.679404881
0.0.4758169,0.132295283639925,SUCCESS,hbar,0.0.3951117,0.0.4138717@1790022879.609339144
0.0.3071320,6.855156559002397,SUCCESS,hbar,0.0.3951117,0.0.4138717@1790022875.201755726
0.0.4330219,0.0425279304646161,SUCCESS,hbar,0.0.3951117,0.0.4138717@1790022876.273181618
0.0.1691323,4.082446733370802,SUCCESS,hbar,0.0.3951117&0.0.3964804,0.0.4138717@1790022880.836191563
0.0.2125030,8.30646853284248,SUCCESS,hbar,0.0.3951117,0.0.4138717@1790022880.855729664
0.0.856667,1.164606886099447,SUCCESS,hbar,0.0.3951117&0.0.3964804,0.0.4138717@1790022881.250843675
0.0.1991961,4.605593261193428,SUCCESS,hbar,0.0.3951117,0.0.4138717@1790022880.189843741
0.0.8068689,1.300637133931995,SUCCESS,hbar,0.0.3951117&0.0.3964804,0.0.4138717@1790022880.111472315
0.0.7889838,0.00816435058581927,SUCCESS,hbar,0.0.3951117,0.0.4138717@1790022878.665855844
0.0.6258771,0.6693735654775913,SUCCESS,hbar,0.0.3951117,0.0.4138717@1790022879.627056387
0.0.1379217,0.8350697569238029,SUCCESS,hbar,0.0.3951117,0.0.4138717@1790022880.093254519
0.0.4912200,17.20984141717415,SUCCESS,hbar,0.0.3951117&0.0.3964804,0.0.4138717@1790022880.561431169
0.0.4342759,5.002153935152222,SUCCESS,hbar,0.0.3951117,0.0.4138717@1790022880.389434670
0.0.1601282,0.01761636452717938,SUCCESS,hbar,0.0.3951117,0.0.4138717@1790022880.922354589
0.0.8616856,9.617444794913625,SUCCESS,hbar,0.0.3951117&0.0.3964804,0.0.4138717@1790022883.531802741
0.0.2960169,0.1467966340418391,SUCCESS,hbar,0.0.3951117,0.0.4138717@1790022885.429856492
0.0.8531519,0.610734007042182,SUCCESS,hbar,0.0.3951117,0.0.4138717@1790022885.116876264
0.0.2122027,1.179481709898157,SUCCESS,hbar,0.0.3951117&0.0.3964804,0.0.4138717@1790022884.109102141
0.0.4531253,0.01038320339224696,SUCCESS,hbar,0.0.3951117&0.0.3964804,0.0.4138717@1790022886.021064640
0.0.9104463,1.467594759803411,SUCCESS,hbar,0.0.3951117&0.0.3964804,0.0.4138717@1790022884.829842887
0.0.7788937,0.004431199377621866,SUCCESS,hbar,0.0.3951117,0.0.4138717@1790022886.677018935
0.0.9150357,0.9026958973890955,SUCCESS,hbar,0.0.3951117,0.0.4138717@1790022883.226001777
0.0.7843482,0.2415448949717555,SUCCESS,hbar,0.0.3951117&0.0.3964804,0.0.4138717@1790022883.058457705
0.0.1726157,0.9020398398867836,SUCCESS,hbar,0.0.3951117&0.0.3964804,0.0.4138717@1790022887.284345202
0.0.4551977,0.02196298833344889,SUCCESS,hbar,0.0.3951117,0.0.4138717@1790022888.023128249
0.0.4766933,4.077263743695521,SUCCESS,hbar,0.0.3951117,0.0.4138717@1790022889.284253998
0.0.1110477,2.232247699226374,SUCCESS,hbar,0.0.3951117,0.0.4138717@1790022889.392035218
0.0.1490591,3.117344798664691,SUCCESS,hbar,0.0.3951117&0.0.3964804,0.0.4138717@1790022887.121415157
0.0.1023917,1.9994069479427,SUCCESS,hbar,0.0.3951117&0.0.3964804,0.0.4138717@1790022886.529157460
0.0.1506598,0.4072107021200944,SUCCESS,hbar,0.0.3951117,0.0.4138717@1790022887.139770371
0.0.4559340,0.02661160091322803,SUCCESS,hbar,0.0.3951117,0.0.4138717@1790022888.303055749
0.0.7798148,0.628639859170707,SUCCESS,hbar,0.0.3951117,0.0.4138717@1790022887.758707725
0.0.4938729,0.3659760881452278,SUCCESS,hbar,0.0.3951117,0.0.4138717@1790022889.418588779
0.0.7835270,1.304223154232596,SUCCESS,hbar,0.0.3951117,0.0.4138717@1790022888.017367440
0.0.4503599,0.2252304678844518,SUCCESS,hbar,0.0.3951117,0.0.4138717@1790022892.866546280
0.0.4347838,0.5668982110691325,SUCCESS,hbar,0.0.3951117,0.0.4138717@1790022889.986834584
0.0.1877739,0.02486192280637185,SUCCESS,hbar,0.0.3951117,0.0.4138717@1790022891.525802655
0.0.4864609,0.0238125552984205,SUCCESS,hbar,0.0.3951117,0.0.4138717@1790022890.766708881
0.0.598828,0.006880332695359237,SUCCESS,hbar,0.0.3951117&0.0.3964804,0.0.4138717@1790022890.988402197
0.0.4302086,0.02837206450839379,SUCCESS,hbar,0.0.3951117,0.0.4138717@1790022892.101858625
0.0.7991960,0.6088631111998932,SUCCESS,hbar,0.0.3951117&0.0.3964804,0.0.4138717@1790022893.995918084
0.0.4333286,0.02926057188883589,SUCCESS,hbar,0.0.3951117,0.0.4138717@1790022894.530206889
0.0.4210667,0.006290366248965183,SUCCESS,hbar,0.0.3951117,0.0.4138717@1790022895.790768047
0.0.1412849,0.000001929842226526313,SUCCESS,hbar,0.0.3951117,0.0.4138717@1790022894.864748071
0.0.823348,0.06038479279285536,SUCCESS,hbar,0.0.3951117,0.0.4138717@1790022894.014846309
0.0.2174139,0.1305883470131031,SUCCESS,hbar,0.0.3951117&0.0.3964804,0.0.4138717@1790022895.153834735
0.0.1261552,0.06071132201231539,SUCCESS,hbar,0.0.3951117&0.0.3964804,0.0.4138717@1790022896.187212690
0.0.4205604,0.3215103413529591,SUCCESS,hbar,0.0.3951117,0.0.4138717@1790022897.352123004
0.0.639876,0.01860068358314351,SUCCESS,hbar,0.0.3951117,0.0.4138717@1790022898.069780314
0.0.4329215,0.02707221660619226,SUCCESS,hbar,0.0.3951117&0.0.3964804,0.0.4138717@1790022895.136513197
0.0.854331,0.01237889545010477,SUCCESS,hbar,0.0.3951117,0.0.4138717@1790022897.670226768
0.0.819461,0.04626629764721131,SUCCESS,hbar,0.0.3951117,0.0.4138717@1790022897.251294909
0.0.1453803,0.5475350880166677,SUCCESS,hbar,0.0.3951117,0.0.4138717@1790022899.568335968
0.0.4346579,0.000832209944093384,SUCCESS,hbar,0.0.3951117,0.0.4138717@1790022900.383144635
0.0.508876,30.01237378785212,SUCCESS,hbar,0.0.3951117&0.0.3964804,0.0.4138717@1790022901.024963753
0.0.1075892,0.4933629888264181,SUCCESS,hbar,0.0.3951117,0.0.4138717@1790022901.433236159
0.0.4350041,0.08574224236243157,SUCCESS,hbar,0.0.3951117,0.0.4138717@1790022899.547264254
0.0.1910285,0.05537143728693505,SUCCESS,hbar,0.0.3951117,0.0.4138717@1790022897.615347565
0.0.1735540,0.4346692754096801,SUCCESS,hbar,0.0.3951117,0.0.4138717@1790022897.276407798
0.0.4349304,0.002001694105273654,SUCCESS,hbar,0.0.3951117,0.0.4138717@1790022899.608527926
0.0.3845966,0.2329598919112993,SUCCESS,hbar,0.0.3951117&0.0.3964804,0.0.4138717@1790022901.690503875
0.0.1265153,0.000843965026188159,SUCCESS,hbar,0.0.3951117,0.0.4138717@1790022899.401291675
0.0.2773436,65.73030514240125,SUCCESS,hbar,0.0.3951117&0.0.3964804,0.0.4138717@1790022902.120165388
0.0.834820,4.834635751641916,SUCCESS,hbar,0.0.3951117&0.0.3964804,0.0.4138717@1790022902.003291092
0.0.2141800,5.104813512770272,SUCCESS,hbar,0.0.3951117,0.0.4138717@1790022904.633129653
0.0.836838,3260.949162679041,SUCCESS,hbar,0.0.3951117,0.0.4138717@1790022903.025936269
0.0.860438,0.2903560858779178,SUCCESS,hbar,0.0.3951117&0.0.3964804,0.0.4138717@1790022905.326051366
0.0.1290358,4.980212960619866,SUCCESS,hbar,0.0.3951117,0.0.4138717@1790022902.357657052
0.0.3241044,1.695143607946115,SUCCESS,hbar,0.0.3951117,0.0.4138717@1790022905.483899968
0.0.956549,19.46352678022244,SUCCESS,hbar,0.0.3951117,0.0.4138717@1790022901.468176191
0.0.1338331,0.1896654012720898,SUCCESS,hbar,0.0.3951117,0.0.4138717@1790022903.846319857
0.0.1724832,0.05344983264036244,SUCCESS,hbar,0.0.3951117,0.0.4138717@1790022905.042076773
0.0.1071830,3.092144500220139,SUCCESS,hbar,0.0.3951117&0.0.3964804,0.0.4138717@1790022907.150650623
0.0.832624,0.0007141126804611648,SUCCESS,hbar,0.0.3951117&0.0.3964804,0.0.4138717@1790022906.320197797
0.0.525256,2.588825093291346,SUCCESS,hbar,0.0.3951117,0.0.4138717@1790022905.962951991
0.0.2116956,0.1329056180958412,SUCCESS,hbar,0.0.3951117,0.0.4138717@1790022904.980104006
0.0.896788,144.1453197325529,SUCCESS,hbar,0.0.3951117,0.0.4138717@1790022909.763457273
0.0.925802,0.7161504667770378,SUCCESS,hbar,0.0.3951117,0.0.4138717@1790022905.253058477
0.0.1628961,230.6911144059882,SUCCESS,hbar,0.0.3951117&0.0.3964804,0.0.4138717@1790022906.610322023
0.0.662296,12.0182686815932,SUCCESS,hbar,0.0.3951117,0.0.4138717@1790022908.719148258
0.0.4590627,0.2341055366919873,SUCCESS,hbar,0.0.3951117,0.0.4138717@1790022908.738918384
0.0.4323088,1.783927579781587,SUCCESS,hbar,0.0.3951117&0.0.3964804,0.0.4138717@1790022910.770455615
0.0.4335807,1.645214932816714,SUCCESS,hbar,0.0.3951117,0.0.4138717@1790022909.694561473
0.0.4986167,0.04703039098180354,SUCCESS,hbar,0.0.3951117,0.0.4138717@1790022908.693431091
0.0.5281334,0.04694888130124568,SUCCESS,hbar,0.0.3951117,0.0.4138717@1790022909.232226608
0.0.5310061,0.1790303202002685,SUCCESS,hbar,0.0.3951117&0.0.3964804,0.0.4138717@1790022911.653535638
0.0.5117832,14.67617099025943,SUCCESS,hbar,0.0.3951117&0.0.3964804,0.0.4138717@1790022912.256414236
0.0.1711779,0.00466583506699382,SUCCESS,hbar,0.0.3951117,0.0.4138717@1790022913.153689144
0.0.853268,11.27379293468267,SUCCESS,hbar,0.0.3951117,0.0.4138717@1790022909.863186026
0.0.5202236,0.1462782221852669,SUCCESS,hbar,0.0.3951117,0.0.4138717@1790022914.266817892
0.0.3829916,6.101498807706203,SUCCESS,hbar,0.0.3951117,0.0.4138717@1790022911.699323880
0.0.4354394,2.782523593005148,SUCCESS,hbar,0.0.3951117,0.0.4138717@1790022914.104777088
0.0.1322785,8.19773512359118,SUCCESS,hbar,0.0.3951117,0.0.4138717@1790022911.762338590
0.0.5716339,0.0003623091215728184,SUCCESS,hbar,0.0.3951117,0.0.4138717@1790022911.147649238
0.0.4709377,3.095025077258604,SUCCESS,hbar,0.0.3951117,0.0.4138717@1790022916.493638190
0.0.4695027,0.08786227585201843,SUCCESS,hbar,0.0.3951117,0.0.4138717@1790022914.562524708
0.0.4340758,0.1459821623514784,SUCCESS,hbar,0.0.3951117&0.0.3964804,0.0.4138717@1790022915.113443996
0.0.4817549,0.3401540215356799,SUCCESS,hbar,0.0.3951117&0.0.3964804,0.0.4138717@1790022915.369547963
0.0.4582751,0.04724008213686878,SUCCESS,hbar,0.0.3951117,0.0.4138717@1790022917.821168201
0.0.4322065,0.4612125928612013,SUCCESS,hbar,0.0.3951117,0.0.4138717@1790022914.752309088
0.0.4370057,0.02380341416101147,SUCCESS,hbar,0.0.3951117,0.0.4138717@1790022917.420118668
0.0.104926,0.001785225620598176,SUCCESS,hbar,0.0.3951117,0.0.4138717@1790022918.420122534
0.0.4348824,0.007963018464218746,SUCCESS,hbar,0.0.3951117,0.0.4138717@1790022914.908929002
0.0.4544530,0.06119735133828753,SUCCESS,hbar,0.0.3951117&0.0.3964804,0.0.4138717@1790022916.651649011
0.0.1506629,0.02883539125324504,SUCCESS,hbar,0.0.3951117,0.0.4138717@1790022919.672038994
0.0.795933,0.4648346026589132,SUCCESS,hbar,0.0.3951117,0.0.4138717@1790022919.442301257
0.0.4324445,0.04552636715958087,SUCCESS,hbar,0.0.3951117&0.0.3964804,0.0.4138717@1790022919.808580188
0.0.4321631,1.238137406989253,SUCCESS,hbar,0.0.3951117&0.0.3964804,0.0.4138717@1790022918.703939761
0.0.850481,9.661943329004314,SUCCESS,hbar,0.0.3951117,0.0.4138717@1790022917.596259181
0.0.4324463,0.0302113721542335,SUCCESS,hbar,0.0.3951117,0.0.4138717@1790022919.492315446
0.0.1266990,0.01991042098851272,SUCCESS,hbar,0.0.3951117,0.0.4138717@1790022921.844531755
0.0.5118079,0.3278519210247661,SUCCESS,hbar,0.0.3951117&0.0.3964804,0.0.4138717@1790022920.889670559
0.0.5118232,0.1087044455684338,SUCCESS,hbar,0.0.3951117&0.0.3964804,0.0.4138717@1790022923.158527668
0.0.5118190,0.2341048993676537,SUCCESS,hbar,0.0.3951117&0.0.3964804,0.0.4138717@1790022922.636037578
0.0.5119346,1.024044408805185,SUCCESS,hbar,0.0.3951117&0.0.3964804,0.0.4138717@1790022924.450186537
0.0.841339,0.465233177280673,SUCCESS,hbar,0.0.3951117,0.0.4138717@1790022922.551152995
0.0.5182107,0.10104253551846,SUCCESS,hbar,0.0.3951117&0.0.3964804,0.0.4138717@1790022922.806765719
0.0.664329,0.007596762975582285,SUCCESS,hbar,0.0.3951117,0.0.4138717@1790022921.679886078
0.0.4361868,3.31910250190669,SUCCESS,hbar,0.0.3951117,0.0.4138717@1790022925.139592442
0.0.4331665,0.1502279699791154,SUCCESS,hbar,0.0.3951117,0.0.4138717@1790022923.370988165
0.0.1512938,0.00009060502719899901,SUCCESS,hbar,0.0.3951117,0.0.4138717@1790022925.162578386
0.0.4339712,0.04298692780890146,SUCCESS,hbar,0.0.3951117,0.0.4138717@1790022925.841541087
0.0.1784251,0.008690233851104373,SUCCESS,hbar,0.0.3951117&0.0.3964804,0.0.4138717@1790022924.486303592
0.0.1339713,1.178027042218112,SUCCESS,hbar,0.0.3951117&0.0.3964804,0.0.4138717@1790022927.107454923
0.0.4745055,0.0007863248631957647,SUCCESS,hbar,0.0.3951117,0.0.4138717@1790022925.842706940
0.0.4338219,0.8233745657101716,SUCCESS,hbar,0.0.3951117,0.0.4138717@1790022924.745860596
0.0.4792831,0.0004149457981017176,SUCCESS,hbar,0.0.3951117,0.0.4138717@1790022926.791516743
0.0.4433722,0.008604520745257522,SUCCESS,hbar,0.0.3951117,0.0.4138717@1790022929.189736013
0.0.4858736,0.005447020365732279,SUCCESS,hbar,0.0.3951117,0.0.4138717@1790022927.540495242
0.0.834443,14.68884508584876,SUCCESS,hbar,0.0.3951117,0.0.4138717@1790022926.807528499
0.0.4430933,0.1037199262107005,SUCCESS,hbar,0.0.3951117,0.0.4138717@1790022928.493832696
0.0.4383878,0.008586739944414438,SUCCESS,hbar,0.0.3951117,0.0.4138717@1790022927.348292819
0.0.5028724,0.0007172730884848751,SUCCESS,hbar,0.0.3951117,0.0.4138717@1790022927.238158942
0.0.5156210,0.001907665227445533,SUCCESS,hbar,0.0.3951117&0.0.3964804,0.0.4138717@1790022929.036167919
0.0.5060673,39.66519037012408,SUCCESS,hbar,0.0.3951117,0.0.4138717@1790022929.554701316
0.0.1458130,0.005280275621442543,SUCCESS,hbar,0.0.3951117,0.0.4138717@1790022932.459421453
0.0.847617,2.149485573291688,SUCCESS,hbar,0.0.3951117,0.0.4138717@1790022932.389258628
0.0.912615,1.246919844410152,SUCCESS,hbar,0.0.3951117&0.0.3964804,0.0.4138717@1790022932.953217316
0.0.10504552,0.02099094154959433,SUCCESS,hbar,0.0.3951117,0.0.4138717@1790022931.110878007
0.0.4560992,0.4543580360055996,SUCCESS,hbar,0.0.3951117,0.0.4138717@1790022932.309507741
0.0.10380727,1.034553489462964,SUCCESS,hbar,0.0.3951117&0.0.3964804,0.0.4138717@1790022931.533209646
0.0.10609625,0.002205033987180057,SUCCESS,hbar,0.0.3951117,0.0.4138717@1790022930.493769470
0.0.10296471,0.8329595107698834,SUCCESS,hbar,0.0.3951117,0.0.4138717@1790022933.979093787
0.0.10812303,6.316955575028742,SUCCESS,hbar,0.0.3951117,0.0.4138717@1790022931.149800337
0.0.10818243,0.004399892511362051,SUCCESS,hbar,0.0.3951117,0.0.4138717@1790022935.126460018
0.0.10824909,1.025276216097068,SUCCESS,hbar,0.0.3951117&0.0.3964804,0.0.4138717@1790022935.761898252
0.0.1904506,0.00007642032724938902,SUCCESS,hbar,0.0.3951117,0.0.4138717@1790022935.331037375
0.0.10831542,6.70730587509247,SUCCESS,hbar,0.0.3951117,0.0.4138717@1790022938.075102670
0.0.8060346,0.0958531016910658,SUCCESS,hbar,0.0.3951117,0.0.4138717@1790022934.532271207
0.0.4575306,0.000538778655869392,SUCCESS,hbar,0.0.3951117,0.0.4138717@1790022938.535286452
0.0.1508462,4.106108259292357,SUCCESS,hbar,0.0.3951117,0.0.4138717@1790022934.431233508
0.0.1104990,6.856742866549132,SUCCESS,hbar,0.0.3951117,0.0.4138717@1790022939.559180995
0.0.3872466,0.0152506011991462,SUCCESS,hbar,0.0.3951117,0.0.4138717@1790022937.597093105
0.0.4591423,0.006527086216094418,SUCCESS,hbar,0.0.3951117,0.0.4138717@1790022939.569710398
0.0.3925109,0.000005574131481102927,SUCCESS,hbar,0.0.3951117,0.0.4138717@1790022936.722334195
0.0.9112426,0.07365852920035623,SUCCESS,hbar,0.0.3951117&0.0.3964804,0.0.4138717@1790022940.009576366
0.0.819005,1.017419632041618,SUCCESS,hbar,0.0.3951117,0.0.4138717@1790022937.976868296
0.0.8212757,0.242593942023223,SUCCESS,hbar,0.0.3951117,0.0.4138717@1790022937.308225342
0.0.8260017,0.01296646596974827,SUCCESS,hbar,0.0.3951117&0.0.3964804,0.0.4138717@1790022939.190681090
0.0.2137668,4.013168188122916,SUCCESS,hbar,0.0.3951117&0.0.3964804,0.0.4138717@1790022940.828050449
0.0.8382774,0.05130698421746031,SUCCESS,hbar,0.0.3951117&0.0.3964804,0.0.4138717@1790022940.168441884
0.0.1374442,2.073311406005911,SUCCESS,hbar,0.0.3951117&0.0.3964804,0.0.4138717@1790022940.224073495
0.0.5352069,0.04944684408731766,SUCCESS,hbar,0.0.3951117,0.0.4138717@1790022939.804534815
0.0.8490555,0.2046050421651817,SUCCESS,hbar,0.0.3951117,0.0.4138717@1790022940.835273909
0.0.8684349,54.98912565290808,SUCCESS,hbar,0.0.3951117,0.0.4138717@1790022944.633287486
0.0.8071373,0.1361106527302877,SUCCESS,hbar,0.0.3951117,0.0.4138717@1790022939.967623322
0.0.8419510,0.02737240863201147,SUCCESS,hbar,0.0.3951117,0.0.4138717@1790022942.492597412
0.0.1707146,0.1287191487968518,SUCCESS,hbar,0.0.3951117,0.0.4138717@1790022945.041219806
0.0.9125858,1836.915333982191,SUCCESS,hbar,0.0.3951117,0.0.4138717@1790022943.777718395
0.0.1368197,0.3036726815007958,SUCCESS,hbar,0.0.3951117&0.0.3964804,0.0.4138717@1790022947.096601205
0.0.7810768,0.03871378431258866,SUCCESS,hbar,0.0.3951117,0.0.4138717@1790022947.196784084
0.0.1120575,18.97100364720602,SUCCESS,hbar,0.0.3951117&0.0.3964804,0.0.4138717@1790022943.393259582
0.0.9273872,0.001654360562771631,SUCCESS,hbar,0.0.3951117,0.0.4138717@1790022947.507728926
0.0.1515633,0.3835761120593739,SUCCESS,hbar,0.0.3951117,0.0.4138717@1790022947.704356615
0.0.7490874,0.09921458446961375,SUCCESS,hbar,0.0.3951117&0.0.3964804,0.0.4138717@1790022947.347128843
0.0.1292697,0.08947918807435506,SUCCESS,hbar,0.0.3951117,0.0.4138717@1790022947.403080381
0.0.696790,0.8419634624062635,SUCCESS,hbar,0.0.3951117&0.0.3964804,0.0.4138717@1790022946.996545296
0.0.7129552,6.641696505458921,SUCCESS,hbar,0.0.3951117,0.0.4138717@1790022947.621929335
0.0.1380352,0.1902851180868117,SUCCESS,hbar,0.0.3951117,0.0.4138717@1790022946.427605824
0.0.813134,4.709771538887829,SUCCESS,hbar,0.0.3951117&0.0.3964804,0.0.4138717@1790022947.856943555
0.0.7287636,1.334192107238963,SUCCESS,hbar,0.0.3951117&0.0.3964804,0.0.4138717@1790022947.783586735
0.0.5126364,2.037736084260334,SUCCESS,hbar,0.0.3951117,0.0.4138717@1790022951.510648700
0.0.6270084,79.43169693631296,SUCCESS,hbar,0.0.3951117&0.0.3964804,0.0.4138717@1790022947.370649490
0.0.8899262,0.5745831166922771,SUCCESS,hbar,0.0.3951117,0.0.4138717@1790022951.251989799
0.0.5060163,0.04072763879757612,SUCCESS,hbar,0.0.3951117,0.0.4138717@1790022950.587927500
0.0.1123889,0.2443487661280554,SUCCESS,hbar,0.0.3951117&0.0.3964804,0.0.4138717@1790022951.970046858
0.0.834595,0.2902354165475323,SUCCESS,hbar,0.0.3951117&0.0.3964804,0.0.4138717@1790022953.052397452
0.0.7989790,0.00402948882619444,SUCCESS,hbar,0.0.3951117,0.0.4138717@1790022952.856579846
0.0.3706536,0.001115928684651735,SUCCESS,hbar,0.0.3951117,0.0.4138717@1790022952.172694538
0.0.8013259,1301.670324620679,SUCCESS,hbar,0.0.3951117,0.0.4138717@1790022952.109826444
0.0.5688804,0.2064414577989096,SUCCESS,hbar,0.0.3951117,0.0.4138717@1790022956.212492175
0.0.8068996,0.03549750683154002,SUCCESS,hbar,0.0.3951117&0.0.3964804,0.0.4138717@1790022956.121369596
0.0.3525426,1.314163329485058,SUCCESS,hbar,0.0.3951117&0.0.3964804,0.0.4138717@1790022952.755613410
0.0.835242,0.00217065166232075,SUCCESS,hbar,0.0.3951117,0.0.4138717@1790022955.873521137
0.0.8341357,0.04714411704658401,SUCCESS,hbar,0.0.3951117,0.0.4138717@1790022953.063935797
0.0.4349716,0.1531204330101495,SUCCESS,hbar,0.0.3951117&0.0.3964804,0.0.4138717@1790022955.953674312
0.0.10064213,0.1633471612832898,SUCCESS,hbar,0.0.3951117&0.0.3964804,0.0.4138717@1790022957.948437509
0.0.6374996,1.925507579339845,SUCCESS,hbar,0.0.3951117,0.0.4138717@1790022956.839156584
0.0.10088944,0.2263248342618633,SUCCESS,hbar,0.0.3951117&0.0.3964804,0.0.4138717@1790022957.621391419
0.0.139500,1.697039740600929,SUCCESS,hbar,0.0.3951117,0.0.4138717@1790022956.082726271
0.0.7920605,0.06317678335188996,SUCCESS,hbar,0.0.3951117,0.0.4138717@1790022955.707186724
0.0.1123753,0.2925052560461858,SUCCESS,hbar,0.0.3951117,0.0.4138717@1790022959.381202631
0.0.4570908,5.246456615318248,SUCCESS,hbar,0.0.3951117,0.0.4138717@1790022959.842288451
0.0.1462225,230.7095164037839,SUCCESS,hbar,0.0.3951117,0.0.4138717@1790022957.325257295
0.0.1792818,0.0009273496595362125,SUCCESS,hbar,0.0.3951117,0.0.4138717@1790022956.527144903
0.0.1070346,5.708065009215279,SUCCESS,hbar,0.0.3951117,0.0.4138717@1790022958.652736563
0.0.4423729,1.045927974355803,SUCCESS,hbar,0.0.3951117&0.0.3964804,0.0.4138717@1790022961.241227816
0.0.4569835,0.0008283162064423736,SUCCESS,hbar,0.0.3951117,0.0.4138717@1790022958.453078305
0.0.490092,0.01616169416878497,SUCCESS,hbar,0.0.3951117,0.0.4138717@1790022959.015882436
0.0.516971,1.859642724946e-8,SUCCESS,hbar,0.0.3951117,0.0.4138717@1790022962.998552484
0.0.1758196,0.08755090172878367,SUCCESS,hbar,0.0.3951117,0.0.4138717@1790022962.695958603
0.0.4351536,0.2331417030299799,SUCCESS,hbar,0.0.3951117,0.0.4138717@1790022963.663676242
0.0.7526203,0.2446886499896163,SUCCESS,hbar,0.0.3951117&0.0.3964804,0.0.4138717@1790022962.368328113
0.0.3310398,0.07024374100906067,SUCCESS,hbar,0.0.3951117&0.0.3964804,0.0.4138717@1790022961.542167977
0.0.9120392,0.08944293632632344,SUCCESS,hbar,0.0.3951117&0.0.3964804,0.0.4138717@1790022963.668014232
0.0.9195929,3.162620074461133,SUCCESS,hbar,0.0.3951117&0.0.3964804,0.0.4138717@1790022966.474697704
0.0.7891604,1.824561853111212,SUCCESS,hbar,0.0.3951117,0.0.4138717@1790022963.594782911
0.0.9200436,0.09075939224876077,SUCCESS,hbar,0.0.3951117,0.0.4138717@1790022965.159822330
0.0.657648,12.94879622413062,SUCCESS,hbar,0.0.3951117,0.0.4138717@1790022965.390246053
0.0.6872459,40.60208912387995,SUCCESS,hbar,0.0.3951117,0.0.4138717@1790022963.471030510
0.0.9301583,7.456278617855888,SUCCESS,hbar,0.0.3951117,0.0.4138717@1790022967.136495845
0.0.1734809,0.01972568137079106,SUCCESS,hbar,0.0.3951117&0.0.3964804,0.0.4138717@1790022965.749819975
0.0.844585,1.881074687788493,SUCCESS,hbar,0.0.3951117&0.0.3964804,0.0.4138717@1790022966.892588899
0.0.9318600,24.81901698796469,SUCCESS,hbar,0.0.3951117,0.0.4138717@1790022965.155370561
0.0.9154738,0.1772804354256086,SUCCESS,hbar,0.0.3951117&0.0.3964804,0.0.4138717@1790022967.153278565
0.0.2994397,0.3078242762895451,SUCCESS,hbar,0.0.3951117,0.0.4138717@1790022967.955609258
0.0.9619890,1.189451143770987,SUCCESS,hbar,0.0.3951117&0.0.3964804,0.0.4138717@1790022966.605940663
0.0.9597272,0.2135493532689733,SUCCESS,hbar,0.0.3951117,0.0.4138717@1790022970.606845171
0.0.7680254,0.2421829696078021,SUCCESS,hbar,0.0.3951117&0.0.3964804,0.0.4138717@1790022971.440537804
0.0.52231,0.9159844126493192,SUCCESS,hbar,0.0.3951117,0.0.4138717@1790022968.070279494
0.0.9299646,0.503205956329245,SUCCESS,hbar,0.0.3951117,0.0.4138717@1790022968.407182506
0.0.1340164,4.383672472338395,SUCCESS,hbar,0.0.3951117,0.0.4138717@1790022968.331281420
0.0.735239,0.00001003393981616472,SUCCESS,hbar,0.0.3951117,0.0.4138717@1790022971.804421655
0.0.9302147,0.9742584384881199,SUCCESS,hbar,0.0.3951117,0.0.4138717@1790022972.033827985
0.0.10122546,0.005158729726541488,SUCCESS,hbar,0.0.3951117,0.0.4138717@1790022969.402626400
0.0.10169145,0.01187618691294397,SUCCESS,hbar,0.0.3951117,0.0.4138717@1790022971.843675091
0.0.7786995,13.79789796290753,SUCCESS,hbar,0.0.3951117,0.0.4138717@1790022972.302511536
0.0.4343858,0.8019494043710476,SUCCESS,hbar,0.0.3951117,0.0.4138717@1790022972.608082714
0.0.10230141,1.200087030434213,SUCCESS,hbar,0.0.3951117,0.0.4138717@1790022971.882893020
0.0.8373509,2.588519232207426,SUCCESS,hbar,0.0.3951117&0.0.3964804,0.0.4138717@1790022974.295179486
0.0.9359586,0.005618756976095042,SUCCESS,hbar,0.0.3951117,0.0.4138717@1790022975.405730553
0.0.4432398,0.04710916464560751,SUCCESS,hbar,0.0.3951117,0.0.4138717@1790022971.315354310
0.0.10352676,0.1096501488299639,SUCCESS,hbar,0.0.3951117,0.0.4138717@1790022974.990796647
0.0.1408633,0.0040701174511594,SUCCESS,hbar,0.0.3951117,0.0.4138717@1790022975.985535963
0.0.1988559,0.1271503327619882,SUCCESS,hbar,0.0.3951117&0.0.3964804,0.0.4138717@1790022974.254437694
0.0.2017173,11.88980659570165,SUCCESS,hbar,0.0.3951117&0.0.3964804,0.0.4138717@1790022978.059250677
0.0.10483303,1814.452093341356,SUCCESS,hbar,0.0.3951117,0.0.4138717@1790022976.927727390
0.0.10493411,0.7179190644277909,SUCCESS,hbar,0.0.3951117,0.0.4138717@1790022978.046217005
0.0.4555391,0.1923389449748417,SUCCESS,hbar,0.0.3951117,0.0.4138717@1790022974.903871800
0.0.1157855,0.08739620574523217,SUCCESS,hbar,0.0.3951117,0.0.4138717@1790022975.235291442
0.0.10076247,0.07270256519887305,SUCCESS,hbar,0.0.3951117,0.0.4138717@1790022975.980443803
0.0.832852,4.159867520374849,SUCCESS,hbar,0.0.3951117,0.0.4138717@1790022979.419250997
0.0.2174015,0.002129499601334828,SUCCESS,hbar,0.0.3951117,0.0.4138717@1790022976.488023098
0.0.1110198,1.603386412671444,SUCCESS,hbar,0.0.3951117,0.0.4138717@1790022976.365926538
0.0.650437,0.06168379818518907,SUCCESS,hbar,0.0.3951117,0.0.4138717@1790022978.961814144
0.0.8585089,11.2916610876438,SUCCESS,hbar,0.0.3951117,0.0.4138717@1790022980.190122370
0.0.1115297,0.1090958479200763,SUCCESS,hbar,0.0.3951117,0.0.4138717@1790022978.175035282
0.0.7542917,0.02052601276805549,SUCCESS,hbar,0.0.3951117,0.0.4138717@1790022979.950315347
0.0.9626972,0.05458724207692887,SUCCESS,hbar,0.0.3951117,0.0.4138717@1790022982.075049285
0.0.9755401,0.001580298486568526,SUCCESS,hbar,0.0.3951117,0.0.4138717@1790022981.094243552
0.0.9761018,34.41844030875074,SUCCESS,hbar,0.0.3951117,0.0.4138717@1790022982.551127307
0.0.4570964,1.027163755508346,SUCCESS,hbar,0.0.3951117,0.0.4138717@1790022983.362942630
0.0.9958383,0.006388600675125778,SUCCESS,hbar,0.0.3951117,0.0.4138717@1790022982.269639246
0.0.9723151,0.0004228396326237829,SUCCESS,hbar,0.0.3951117,0.0.4138717@1790022981.244375154
0.0.10031117,0.0810302677628994,SUCCESS,hbar,0.0.3951117,0.0.4138717@1790022983.893165950
0.0.10031118,0.05006025475108743,SUCCESS,hbar,0.0.3951117,0.0.4138717@1790022982.012659963
0.0.9344085,0.6612739347405528,SUCCESS,hbar,0.0.3951117,0.0.4138717@1790022986.161445879
0.0.7789171,0.003794211739553633,SUCCESS,hbar,0.0.3964804,0.0.4138717@1790022986.209343236
0.0.10088400,0.002823807969465054,SUCCESS,hbar,0.0.3964804,0.0.4138717@1790022983.132100338
0.0.1930336,0.03603022819992033,SUCCESS,hbar,0.0.3964804,0.0.4138717@1790022986.993924790
0.0.815643,0.3255532686059529,SUCCESS,hbar,0.0.3964804,0.0.4138717@1790022985.803127729
0.0.4725260,0.002385009812054302,SUCCESS,hbar,0.0.3964804,0.0.4138717@1790022986.787025005
0.0.5313474,0.001125132305750636,SUCCESS,hbar,0.0.3964804,0.0.4138717@1790022985.005566624
0.0.6064013,0.03643427497882028,SUCCESS,hbar,0.0.3964804,0.0.4138717@1790022987.127842950
0.0.6063136,0.00004126567270903948,SUCCESS,hbar,0.0.3964804,0.0.4138717@1790022986.452425991
0.0.9270286,0.001169662678287974,SUCCESS,hbar,0.0.3964804,0.0.4138717@1790022989.741417416
0.0.8120088,0.001597130731952374,SUCCESS,hbar,0.0.3964804,0.0.4138717@1790022987.080014447
0.0.1385696,0.4899548503755355,SUCCESS,hbar,0.0.3964804,0.0.4138717@1790022988.621692917
0.0.9417458,0.01928865370352938,SUCCESS,hbar,0.0.3964804,0.0.4138717@1790022987.463174637
0.0.1178547,0.003565689018593804,SUCCESS,hbar,0.0.3964804,0.0.4138717@1790022987.573253646
0.0.3327498,0.005971074460065139,SUCCESS,hbar,0.0.3964804,0.0.4138717@1790022987.241651148
0.0.885953,0.2979236284805249,SUCCESS,hbar,0.0.3964804,0.0.4138717@1790022990.716474843
0.0.10507691,0.2739989725685921,SUCCESS,hbar,0.0.3964804,0.0.4138717@1790022990.940167390
0.0.7865510,2.395501845614958,SUCCESS,hbar,0.0.3964804,0.0.4138717@1790022991.570463156
0.0.1478185,0.0009147018453152109,SUCCESS,hbar,0.0.3964804,0.0.4138717@1790022991.313711902
0.0.9112742,0.00007655466213016584,SUCCESS,hbar,0.0.3964804,0.0.4138717@1790022991.723837478
0.0.4815771,0.3595909540748553,SUCCESS,hbar,0.0.3964804,0.0.4138717@1790022992.108199453
0.0.9812108,0.01939140127244208,SUCCESS,hbar,0.0.3964804,0.0.4138717@1790022993.941347978
0.0.4351860,0.046696382509566,SUCCESS,hbar,0.0.3964804,0.0.4138717@1790022990.767303989
0.0.2015584,0.03201935649588619,SUCCESS,hbar,0.0.3964804,0.0.4138717@1790022994.815731699
0.0.7776311,0.5641208486436119,SUCCESS,hbar,0.0.3964804,0.0.4138717@1790022994.814390400
0.0.835929,5.0890212764625e-8,SUCCESS,hbar,0.0.3964804,0.0.4138717@1790022993.508129663
0.0.9221480,0.0007704902058667346,SUCCESS,hbar,0.0.3964804,0.0.4138717@1790022995.020958074
0.0.10359145,0.0200901946106774,SUCCESS,hbar,0.0.3964804,0.0.4138717@1790022996.322383983
0.0.10359238,0.001721931343212155,SUCCESS,hbar,0.0.3964804,0.0.4138717@1790022996.270490188
0.0.6148704,0.0334578084733915,SUCCESS,hbar,0.0.3964804,0.0.4138717@1790022994.643059193
0.0.8054459,0.1909769659257331,SUCCESS,hbar,0.0.3964804,0.0.4138717@1790022994.703043732
0.0.7285744,0.00942017725742325,SUCCESS,hbar,0.0.3964804,0.0.4138717@1790022993.864245472
0.0.4743054,0.0001890054869128543,SUCCESS,hbar,0.0.3964804,0.0.4138717@1790022997.671406552
0.0.7920282,0.002397143411746857,SUCCESS,hbar,0.0.3964804,0.0.4138717@1790022996.682092242
0.0.658160,0.001884811678726223,SUCCESS,hbar,0.0.3964804,0.0.4138717@1790022998.226001947
0.0.4853295,2.49525504377152,SUCCESS,hbar,0.0.3964804,0.0.4138717@1790022999.078933897
0.0.8244642,84.42256215072176,SUCCESS,hbar,0.0.3964804,0.0.4138717@1790022997.724438232
0.0.8291825,0.5437869740269236,SUCCESS,hbar,0.0.3964804,0.0.4138717@1790022999.334566022
0.0.8120693,0.5715763249580158,SUCCESS,hbar,0.0.3964804,0.0.4138717@1790023001.033100416
0.0.4319619,0.04520583416794904,SUCCESS,hbar,0.0.3964804,0.0.4138717@1790022999.702575290
0.0.4838474,1.363491577889556,SUCCESS,hbar,0.0.3964804,0.0.4138717@1790022999.492787238
0.0.7550116,0.03396099203291884,SUCCESS,hbar,0.0.3964804,0.0.4138717@1790023000.955241990
0.0.8382708,0.002051574651406556,SUCCESS,hbar,0.0.3964804,0.0.4138717@1790023001.985260558
0.0.840324,0.5391898556192772,SUCCESS,hbar,0.0.3964804,0.0.4138717@1790022999.292286097
0.0.8352642,0.03992651472072821,SUCCESS,hbar,0.0.3964804,0.0.4138717@1790023000.720728457
0.0.7920736,0.5508101893462023,SUCCESS,hbar,0.0.3964804,0.0.4138717@1790023003.382974319
0.0.919311,50.01912743080366,SUCCESS,hbar,0.0.3964804,0.0.4138717@1790023000.343452612
0.0.8131537,0.1566334343837054,SUCCESS,hbar,0.0.3964804,0.0.4138717@1790023000.877508731
0.0.1754370,0.01773511800471615,SUCCESS,hbar,0.0.3964804,0.0.4138717@1790023002.223434813
0.0.4595460,0.02522236717659779,SUCCESS,hbar,0.0.3964804,0.0.4138717@1790023000.373170338
0.0.1467538,0.09781950617655712,SUCCESS,hbar,0.0.3964804,0.0.4138717@1790023004.329768451
0.0.3847179,0.266581844573918,SUCCESS,hbar,0.0.3964804,0.0.4138717@1790023003.878841022
0.0.981571,0.03123443870198998,SUCCESS,hbar,0.0.3964804,0.0.4138717@1790023003.301032279
0.0.7732467,0.03145674859261764,SUCCESS,hbar,0.0.3964804,0.0.4138717@1790023003.621499190
0.0.7924085,0.00828889466279787,SUCCESS,hbar,0.0.3964804,0.0.4138717@1790023002.918108861
0.0.844131,0.1343513767575897,SUCCESS,hbar,0.0.3964804,0.0.4138717@1790023008.089835973
0.0.6294131,0.00001173763054861648,SUCCESS,hbar,0.0.3964804,0.0.4138717@1790023007.078251600
0.0.7965335,0.8310088917181085,SUCCESS,hbar,0.0.3964804,0.0.4138717@1790023006.950518865
0.0.7816479,0.01021016260638593,SUCCESS,hbar,0.0.3964804,0.0.4138717@1790023006.881473727
0.0.8227507,0.2157037601181453,SUCCESS,hbar,0.0.3964804,0.0.4138717@1790023007.231732266
0.0.3241611,0.1805325028756851,SUCCESS,hbar,0.0.3964804,0.0.4138717@1790023009.032151136
0.0.7938061,0.02466645602079368,SUCCESS,hbar,0.0.3964804,0.0.4138717@1790023005.930581031
0.0.8002341,0.1100377446334456,SUCCESS,hbar,0.0.3964804,0.0.4138717@1790023007.443813067
0.0.7166497,0.03003455447114292,SUCCESS,hbar,0.0.3964804,0.0.4138717@1790023009.282617698
0.0.8209705,0.05190795595702188,SUCCESS,hbar,0.0.3964804,0.0.4138717@1790023009.156117769
0.0.1369825,30.84213232078293,SUCCESS,hbar,0.0.3964804,0.0.4138717@1790023008.793679987
0.0.1404010,0.0007651140830264267,SUCCESS,hbar,0.0.3964804,0.0.4138717@1790023012.220849526
0.0.1261132,0.1573407387481431,SUCCESS,hbar,0.0.3964804,0.0.4138717@1790023007.911445492
0.0.2017766,0.585352885832192,SUCCESS,hbar,0.0.3964804,0.0.4138717@1790023009.948144925
0.0.8733798,10.96001976070771,SUCCESS,hbar,0.0.3964804,0.0.4138717@1790023010.408437707
0.0.9150672,0.01252281767377954,SUCCESS,hbar,0.0.3964804,0.0.4138717@1790023012.790496422
0.0.2149252,0.00001473015558775059,SUCCESS,hbar,0.0.3964804,0.0.4138717@1790023011.193510439
0.0.9273859,0.02805964590602399,SUCCESS,hbar,0.0.3964804,0.0.4138717@1790023014.403474546
0.0.9272301,0.2488792962773276,SUCCESS,hbar,0.0.3964804,0.0.4138717@1790023014.165349484
0.0.3681629,2.423698643353285,SUCCESS,hbar,0.0.3964804,0.0.4138717@1790023014.562747875
0.0.6295630,0.02193255917915541,SUCCESS,hbar,0.0.3964804,0.0.4138717@1790023016.097044414
0.0.9144684,0.03582984344209415,SUCCESS,hbar,0.0.3964804,0.0.4138717@1790023015.221266777
0.0.9303899,0.4989839868897306,SUCCESS,hbar,0.0.3964804,0.0.4138717@1790023013.400948778
0.0.966444,0.8453041942406098,SUCCESS,hbar,0.0.3964804,0.0.4138717@1790023015.131572142
0.0.9178066,1.057851120046871,SUCCESS,hbar,0.0.3964804,0.0.4138717@1790023013.510137053
0.0.9404882,0.1362837484355112,SUCCESS,hbar,0.0.3964804,0.0.4138717@1790023016.489295206
0.0.915984,4.714797002815613,SUCCESS,hbar,0.0.3964804,0.0.4138717@1790023013.788291942
0.0.9405888,0.005629127488628548,SUCCESS,hbar,0.0.3964804,0.0.4138717@1790023017.225903658
0.0.1736150,0.2673528057007571,SUCCESS,hbar,0.0.3964804,0.0.4138717@1790023018.683497509
0.0.9477910,1.142817035814867,SUCCESS,hbar,0.0.3964804,0.0.4138717@1790023016.792105154
0.0.5580759,0.01337447534750988,SUCCESS,hbar,0.0.3964804,0.0.4138717@1790023018.916582473
0.0.5719491,0.02323451185890878,SUCCESS,hbar,0.0.3964804,0.0.4138717@1790023019.958994286
0.0.6045318,0.1611570388659213,SUCCESS,hbar,0.0.3964804,0.0.4138717@1790023020.946998758
0.0.2185671,0.03858163103730638,SUCCESS,hbar,0.0.3964804,0.0.4138717@1790023017.775566875
0.0.1056579,2.209118787764516,SUCCESS,hbar,0.0.3964804,0.0.4138717@1790023020.897085014
0.0.8717466,0.0007437883724671748,SUCCESS,hbar,0.0.3964804,0.0.4138717@1790023020.334407464
0.0.4724806,0.001587919127950907,SUCCESS,hbar,0.0.3964804,0.0.4138717@1790023020.290925758
0.0.3288501,0.006520524974025554,SUCCESS,hbar,0.0.3964804,0.0.4138717@1790023020.037753398
0.0.8903303,0.1797122044124559,FAIL,hbar,0.0.3964804,
0.0.8514597,1.981548865957371,SUCCESS,hbar,0.0.3964804,0.0.4138717@1790023022.198947896
0.0.9104016,0.3745600707686975,SUCCESS,hbar,0.0.3964804,0.0.4138717@1790023024.609626256
0.0.8551680,0.1528866647272322,SUCCESS,hbar,0.0.3964804,0.0.4138717@1790023023.288604769
0.0.9149385,0.03530612031559743,SUCCESS,hbar,0.0.3964804,0.0.4138717@1790023023.471517315
0.0.4795853,0.03428983127284381,SUCCESS,hbar,0.0.3964804,0.0.4138717@1790023021.480086731
0.0.7993090,1.848178614914419,SUCCESS,hbar,0.0.3964804,0.0.4138717@1790023021.194115423
0.0.187153,0.04285646368511857,SUCCESS,hbar,0.0.3964804,0.0.4138717@1790023023.002980245
0.0.9201440,0.017661437978489,SUCCESS,hbar,0.0.3964804,0.0.4138717@1790023022.865067373
0.0.4310363,0.1035821645452578,SUCCESS,hbar,0.0.3964804,0.0.4138717@1790023024.364984894
0.0.6094118,0.008443692890431911,SUCCESS,hbar,0.0.3964804,0.0.4138717@1790023024.619680944
0.0.4640278,0.0194019336434118,SUCCESS,hbar,0.0.3964804,0.0.4138717@1790023023.573754197
0.0.1334605,2.258890153007125,SUCCESS,hbar,0.0.3964804,0.0.4138717@1790023028.065431708
0.0.4799094,0.02194456437192709,SUCCESS,hbar,0.0.3964804,0.0.4138717@1790023028.859047985
0.0.6061106,0.09203233951265348,SUCCESS,hbar,0.0.3964804,0.0.4138717@1790023026.092921387
0.0.848151,0.07554266808484505,SUCCESS,hbar,0.0.3964804,0.0.4138717@1790023024.421533800
0.0.1388678,1.019456321141897,SUCCESS,hbar,0.0.3964804,0.0.4138717@1790023029.551309404
0.0.4785387,0.1012866270397252,SUCCESS,hbar,0.0.3964804,0.0.4138717@1790023025.819970642
0.0.4322023,0.1191618007551444,SUCCESS,hbar,0.0.3964804,0.0.4138717@1790023026.968759204
0.0.5060252,0.005342105640194393,SUCCESS,hbar,0.0.3964804,0.0.4138717@1790023027.792115733
0.0.3295745,2.467800915909277,SUCCESS,hbar,0.0.3964804,0.0.4138717@1790023031.052717439
0.0.4758052,0.0357406517215885,SUCCESS,hbar,0.0.3964804,0.0.4138717@1790023030.382891908
0.0.5873159,21.36487978006524,SUCCESS,hbar,0.0.3964804,0.0.4138717@1790023028.088438792
0.0.1747288,0.8162693401944787,SUCCESS,hbar,0.0.3964804,0.0.4138717@1790023028.183586132
0.0.4741573,0.1884724017563453,SUCCESS,hbar,0.0.3964804,0.0.4138717@1790023028.132303065
0.0.4923529,0.0003701959542573049,SUCCESS,hbar,0.0.3964804,0.0.4138717@1790023030.644683595
0.0.1046906,0.005129049978079448,SUCCESS,hbar,0.0.3964804,0.0.4138717@1790023033.517308154
0.0.4362017,0.3331279579144973,SUCCESS,hbar,0.0.3964804,0.0.4138717@1790023029.118913294
0.0.789990,0.01479897496949766,SUCCESS,hbar,0.0.3964804,0.0.4138717@1790023032.327202346
0.0.840487,0.6522183199415033,SUCCESS,hbar,0.0.3964804,0.0.4138717@1790023033.021018759
0.0.5314183,0.07876486716910436,SUCCESS,hbar,0.0.3964804,0.0.4138717@1790023033.262452924
0.0.1372179,0.0363852604166514,SUCCESS,hbar,0.0.3964804,0.0.4138717@1790023032.337490270
0.0.435679,6.997766686091602,SUCCESS,hbar,0.0.3964804,0.0.4138717@1790023032.305140719
0.0.2302824,0.0005004625074659185,SUCCESS,hbar,0.0.3964804,0.0.4138717@1790023031.952727508
0.0.4433604,0.01587238318778385,SUCCESS,hbar,0.0.3964804,0.0.4138717@1790023036.591564623
0.0.4345176,0.02019323192582819,SUCCESS,hbar,0.0.3964804,0.0.4138717@1790023033.466978384
0.0.6674918,0.003351083362570526,SUCCESS,hbar,0.0.3964804,0.0.4138717@1790023035.924165335
0.0.10009527,0.226170829685645,SUCCESS,hbar,0.0.3964804,0.0.4138717@1790023036.338282527
0.0.3159220,0.4039778702880456,SUCCESS,hbar,0.0.3964804,0.0.4138717@1790023036.548124468
0.0.7200618,0.004405601468703741,SUCCESS,hbar,0.0.3964804,0.0.4138717@1790023034.140776643
0.0.1859919,0.02970074028501695,SUCCESS,hbar,0.0.3964804,0.0.4138717@1790023039.904925403
0.0.4978453,1.950896689963355,SUCCESS,hbar,0.0.3964804,0.0.4138717@1790023039.488654052
0.0.1233065,0.07921870769244635,SUCCESS,hbar,0.0.3964804,0.0.4138717@1790023039.023557466
0.0.6612734,0.001754667738471295,SUCCESS,hbar,0.0.3964804,0.0.4138717@1790023039.453851782
0.0.6344703,25.62638582909107,SUCCESS,hbar,0.0.3964804,0.0.4138717@1790023039.724549124
0.0.1448239,0.01198478826361078,SUCCESS,hbar,0.0.3964804,0.0.4138717@1790023041.073855970
0.0.6232417,0.0139964308289547,SUCCESS,hbar,0.0.3964804,0.0.4138717@1790023041.127713590
0.0.760653,0.04384453418146798,SUCCESS,hbar,0.0.3964804,0.0.4138717@1790023039.151484664
0.0.835625,0.02111002068951158,SUCCESS,hbar,0.0.3964804,0.0.4138717@1790023038.630204787
0.0.5432163,0.008997033466774686,SUCCESS,hbar,0.0.3964804,0.0.4138717@1790023041.788180765
0.0.4360598,0.008822850066227439,SUCCESS,hbar,0.0.3964804,0.0.4138717@1790023041.615076972
0.0.2123622,0.02986127188336175,SUCCESS,hbar,0.0.3964804,0.0.4138717@1790023039.281601487
0.0.6324031,0.0001755000451323762,SUCCESS,hbar,0.0.3964804,0.0.4138717@1790023043.670179982
0.0.2174952,0.05825561840457936,SUCCESS,hbar,0.0.3964804,0.0.4138717@1790023040.264019736
0.0.827132,0.08311951047060222,SUCCESS,hbar,0.0.3964804,0.0.4138717@1790023040.594667559
0.0.4659519,0.3797698691037741,SUCCESS,hbar,0.0.3964804,0.0.4138717@1790023040.770914652
0.0.6247418,0.0113509681575912,SUCCESS,hbar,0.0.3964804,0.0.4138717@1790023045.124064306
0.0.6058490,0.006579100999629036,SUCCESS,hbar,0.0.3964804,0.0.4138717@1790023043.293688084
0.0.6095958,1.9083550614355,SUCCESS,hbar,0.0.3964804,0.0.4138717@1790023042.465634478
0.0.3161254,2264.224618714019,SUCCESS,hbar,0.0.3964804,0.0.4138717@1790023044.667293180
0.0.10056907,0.7912974254173493,SUCCESS,hbar,0.0.3964804,0.0.4138717@1790023042.801769566
0.0.7164995,4.98911128527315,SUCCESS,hbar,0.0.3964804,0.0.4138717@1790023045.951818814
0.0.1486871,11.43804752524374,SUCCESS,hbar,0.0.3964804,0.0.4138717@1790023044.433547327
0.0.1711144,0.06310052414044945,SUCCESS,hbar,0.0.3964804,0.0.4138717@1790023047.355169675
0.0.10124208,255.5644408295616,SUCCESS,hbar,0.0.3964804,0.0.4138717@1790023048.554148720
0.0.9690555,0.1107059516051012,SUCCESS,hbar,0.0.3964804,0.0.4138717@1790023046.416768884
0.0.4911466,0.003670290138370627,SUCCESS,hbar,0.0.3964804,0.0.4138717@1790023045.878952063
0.0.10068662,0.02070272328939253,SUCCESS,hbar,0.0.3964804,0.0.4138717@1790023045.718269075
0.0.6460255,1.789734464026013,SUCCESS,hbar,0.0.3964804,0.0.4138717@1790023045.069307555
0.0.2030460,4.621337498962782,SUCCESS,hbar,0.0.3964804,0.0.4138717@1790023048.274172918
0.0.3907868,0.002048120057932199,SUCCESS,hbar,0.0.3964804,0.0.4138717@1790023048.692584041
0.0.1043461,21.30077154841653,SUCCESS,hbar,0.0.3964804,0.0.4138717@1790023051.099387957
0.0.9317309,0.0002185126094788471,SUCCESS,hbar,0.0.3964804,0.0.4138717@1790023050.395903064
0.0.7550127,0.08132377694106041,SUCCESS,hbar,0.0.3964804,0.0.4138717@1790023050.870367744
0.0.5482082,0.271118195349744,SUCCESS,hbar,0.0.3964804,0.0.4138717@1790023049.816986504
0.0.9695749,1.308436597463221,SUCCESS,hbar,0.0.3964804,0.0.4138717@1790023050.220280848
0.0.834767,0.5111882557493193,SUCCESS,hbar,0.0.3964804,0.0.4138717@1790023050.141403443
0.0.9612822,0.06426164746498493,SUCCESS,hbar,0.0.3964804,0.0.4138717@1790023053.296651688
0.0.6258977,0.06329562717803587,SUCCESS,hbar,0.0.3964804,0.0.4138717@1790023048.963232730
0.0.946029,0.2114261827486829,SUCCESS,hbar,0.0.3964804,0.0.4138717@1790023052.441275665
0.0.1461428,0.6441060932204012,SUCCESS,hbar,0.0.3964804,0.0.4138717@1790023052.619022315
0.0.1517175,0.3613372778633826,SUCCESS,hbar,0.0.3964804,0.0.4138717@1790023053.226416763
0.0.9226909,0.0821839412928301,SUCCESS,hbar,0.0.3964804,0.0.4138717@1790023052.332351189
0.0.4144365,0.4005144357448578,SUCCESS,hbar,0.0.3964804,0.0.4138717@1790023055.126780519
0.0.1415516,1.869181267223499,SUCCESS,hbar,0.0.3964804,0.0.4138717@1790023054.684974283
0.0.4329551,0.210324325499862,SUCCESS,hbar,0.0.3964804,0.0.4138717@1790023056.005977426
0.0.5029689,0.7983758438031116,SUCCESS,hbar,0.0.3964804,0.0.4138717@1790023055.647768413
0.0.834666,1.55527692568473,SUCCESS,hbar,0.0.3964804,0.0.4138717@1790023057.336820948
0.0.4323897,0.00309296204665185,SUCCESS,hbar,0.0.3964804,0.0.4138717@1790023057.877846566
0.0.4782567,0.5577836424966846,SUCCESS,hbar,0.0.3964804,0.0.4138717@1790023057.229753241
0.0.4340392,0.01125232972050463,SUCCESS,hbar,0.0.3964804,0.0.4138717@1790023055.098727912
0.0.837799,0.2717527983779959,SUCCESS,hbar,0.0.3964804,0.0.4138717@1790023057.071111518
0.0.2657839,0.9159166594649323,SUCCESS,hbar,0.0.3964804,0.0.4138717@1790023056.873275797
0.0.2005484,0.004335611084152592,SUCCESS,hbar,0.0.3964804,0.0.4138717@1790023055.368414705
0.0.4644030,0.00525782100851232,SUCCESS,hbar,0.0.3964804,0.0.4138717@1790023058.582511224
0.0.876236,0.03104421752847994,SUCCESS,hbar,0.0.3964804,0.0.4138717@1790023060.728550117
0.0.1505544,0.001551854908244045,SUCCESS,hbar,0.0.3964804,0.0.4138717@1790023060.497956546
0.0.10427913,0.06711002413686191,SUCCESS,hbar,0.0.3964804,0.0.4138717@1790023057.414880169
0.0.4853191,0.003045936003986894,SUCCESS,hbar,0.0.3964804,0.0.4138717@1790023058.541128550
0.0.9796301,0.2803344288242813,SUCCESS,hbar,0.0.3964804,0.0.4138717@1790023059.860763933
0.0.10279551,0.09699928763718127,SUCCESS,hbar,0.0.3964804,0.0.4138717@1790023063.408311830
0.0.10261941,0.4464862643704574,SUCCESS,hbar,0.0.3964804,0.0.4138717@1790023059.324364363
0.0.10242536,0.6659682675785458,SUCCESS,hbar,0.0.3964804,0.0.4138717@1790023061.154657527
0.0.4543305,22.35766682192904,SUCCESS,hbar,0.0.3964804,0.0.4138717@1790023062.197690423
0.0.1353334,0.02641914520199717,SUCCESS,hbar,0.0.3964804,0.0.4138717@1790023062.268554767
0.0.3165925,0.03129456962923307,SUCCESS,hbar,0.0.3964804,0.0.4138717@1790023063.483991609
0.0.1357334,0.06814364282586971,SUCCESS,hbar,0.0.3964804,0.0.4138717@1790023061.288236713
0.0.795838,0.02062772311056417,SUCCESS,hbar,0.0.3964804,0.0.4138717@1790023065.848457516
0.0.732798,0.02097770071534738,SUCCESS,hbar,0.0.3964804,0.0.4138717@1790023063.513976258
0.0.2101943,0.0006562644776970755,SUCCESS,hbar,0.0.3964804,0.0.4138717@1790023064.142552460
0.0.1860252,0.08842560163096841,SUCCESS,hbar,0.0.3964804,0.0.4138717@1790023062.624958096
0.0.3100704,14.27039613641847,SUCCESS,hbar,0.0.3964804,0.0.4138717@1790023065.408522498
0.0.1703452,0.337419367819968,SUCCESS,hbar,0.0.3964804,0.0.4138717@1790023062.885063477
0.0.4535053,1.619378543443603,SUCCESS,hbar,0.0.3964804,0.0.4138717@1790023065.105433996
0.0.4356553,0.01324121190280247,SUCCESS,hbar,0.0.3964804,0.0.4138717@1790023068.480622229
0.0.4333378,0.003869947920758524,SUCCESS,hbar,0.0.3964804,0.0.4138717@1790023066.384950363
0.0.4368518,0.03667768707083389,SUCCESS,hbar,0.0.3964804,0.0.4138717@1790023067.391474242
0.0.4360122,0.0924519563807281,SUCCESS,hbar,0.0.3964804,0.0.4138717@1790023069.413211761
0.0.1728462,0.07058736282906615,SUCCESS,hbar,0.0.3964804,0.0.4138717@1790023065.788974571
0.0.4350498,0.0002916223483770108,SUCCESS,hbar,0.0.3964804,0.0.4138717@1790023067.106700082
0.0.1440806,0.8445746646977891,SUCCESS,hbar,0.0.3964804,0.0.4138717@1790023067.711722489
0.0.4329185,0.9064495243407523,SUCCESS,hbar,0.0.3964804,0.0.4138717@1790023069.654964910
0.0.4341116,0.6625864294009288,SUCCESS,hbar,0.0.3964804,0.0.4138717@1790023071.565054799
0.0.3023498,0.2540192571367457,SUCCESS,hbar,0.0.3964804,0.0.4138717@1790023068.763145192
0.0.859649,0.06432682998582226,SUCCESS,hbar,0.0.3964804,0.0.4138717@1790023070.287972807
0.0.4717832,0.1196511560844234,SUCCESS,hbar,0.0.3964804,0.0.4138717@1790023069.169788590
0.0.4540904,0.3146381919993294,SUCCESS,hbar,0.0.3964804,0.0.4138717@1790023071.052102080
0.0.4351736,0.008450943852585439,SUCCESS,hbar,0.0.3964804,0.0.4138717@1790023070.171894105
0.0.5698429,0.003608878460876566,SUCCESS,hbar,0.0.3964804,0.0.4138717@1790023070.274509779
0.0.4589167,0.008551453899878976,SUCCESS,hbar,0.0.3964804,0.0.4138717@1790023072.890952964
0.0.5023507,0.04836973546184895,SUCCESS,hbar,0.0.3964804,0.0.4138717@1790023074.530963792
0.0.3937438,0.1615941446488929,SUCCESS,hbar,0.0.3964804,0.0.4138717@1790023074.219788576
0.0.796454,2.678028176037931,SUCCESS,hbar,0.0.3964804,0.0.4138717@1790023075.528154546
0.0.5147407,0.209786341725303,SUCCESS,hbar,0.0.3964804,0.0.4138717@1790023073.601171789
0.0.4533464,0.07133508279588158,SUCCESS,hbar,0.0.3964804,0.0.4138717@1790023074.074282293
0.0.5495538,0.009810928094001407,SUCCESS,hbar,0.0.3964804,0.0.4138717@1790023074.160815386
0.0.4093788,1.03667219287728,SUCCESS,hbar,0.0.3964804,0.0.4138717@1790023076.941920899
0.0.5421455,0.002283562160244915,SUCCESS,hbar,0.0.3964804,0.0.4138717@1790023073.082493672
0.0.5315914,0.9230467759565032,SUCCESS,hbar,0.0.3964804,0.0.4138717@1790023076.070413019
0.0.838198,0.3071716303180374,SUCCESS,hbar,0.0.3964804,0.0.4138717@1790023077.100331880
0.0.4327294,0.008976182347183245,SUCCESS,hbar,0.0.3964804,0.0.4138717@1790023078.757202609
0.0.728698,0.07614688042822541,SUCCESS,hbar,0.0.3964804,0.0.4138717@1790023078.056862556
0.0.1402758,0.4640146833431957,SUCCESS,hbar,0.0.3964804,0.0.4138717@1790023076.818577004
0.0.1088394,0.04699395733637695,SUCCESS,hbar,0.0.3964804,0.0.4138717@1790023077.943784970
0.0.1097802,1.105290515785861,SUCCESS,hbar,0.0.3964804,0.0.4138717@1790023078.709178188
0.0.1877641,0.5701064970895513,SUCCESS,hbar,0.0.3964804,0.0.4138717@1790023079.406616696
0.0.1268672,1.662923455504955,SUCCESS,hbar,0.0.3964804,0.0.4138717@1790023077.911866923
0.0.835670,0.02970544035376331,SUCCESS,hbar,0.0.3964804,0.0.4138717@1790023078.501641837
0.0.4138268,2.406047530765512,SUCCESS,hbar,0.0.3964804,0.0.4138717@1790023079.992168102
0.0.836096,0.1019266847789582,SUCCESS,hbar,0.0.3964804,0.0.4138717@1790023080.495114657
0.0.664593,3.344614898168346,SUCCESS,hbar,0.0.3964804,0.0.4138717@1790023081.425929907
0.0.859565,0.7711359517891758,SUCCESS,hbar,0.0.3964804,0.0.4138717@1790023082.013675468
0.0.859149,4.673173284434867,SUCCESS,hbar,0.0.3964804,0.0.4138717@1790023083.046618285
0.0.1448131,0.1270730038439944,SUCCESS,hbar,0.0.3964804,0.0.4138717@1790023083.636041771
0.0.3768895,0.0008912218145208116,SUCCESS,hbar,0.0.3964804,0.0.4138717@1790023081.376596113
0.0.1432019,1.661662580661616,SUCCESS,hbar,0.0.3964804,0.0.4138717@1790023083.785063334
0.0.837554,3.032098986362196,SUCCESS,hbar,0.0.3964804,0.0.4138717@1790023081.795698441
0.0.1088074,14.48763637045678,SUCCESS,hbar,0.0.3964804,0.0.4138717@1790023084.011479072
0.0.481717,0.111501922361461,SUCCESS,hbar,0.0.3964804,0.0.4138717@1790023084.173862619
0.0.965222,3.487783347079106,SUCCESS,hbar,0.0.3964804,0.0.4138717@1790023082.951680598
0.0.1198079,44.03040190305311,SUCCESS,hbar,0.0.3964804,0.0.4138717@1790023084.280191025
0.0.1512214,0.01136741860454796,SUCCESS,hbar,0.0.3964804,0.0.4138717@1790023084.228864902
0.0.1018824,8.112603595139795,SUCCESS,hbar,0.0.3964804,0.0.4138717@1790023085.649357777
0.0.1092596,0.141045708933115,SUCCESS,hbar,0.0.3964804,0.0.4138717@1790023086.002650078
0.0.920901,15.44236835228132,SUCCESS,hbar,0.0.3964804,0.0.4138717@1790023087.757487372
0.0.4346529,1.314486017742043,SUCCESS,hbar,0.0.3964804,0.0.4138717@1790023088.560822321
0.0.4345412,0.02375977591879341,SUCCESS,hbar,0.0.3964804,0.0.4138717@1790023088.231510547
0.0.4345654,36.61646678821625,SUCCESS,hbar,0.0.3964804,0.0.4138717@1790023085.040320487
0.0.1088670,0.3018746377332421,SUCCESS,hbar,0.0.3964804,0.0.4138717@1790023088.351790849
0.0.4337103,0.001055040450994284,SUCCESS,hbar,0.0.3964804,0.0.4138717@1790023089.687489095
0.0.3291464,0.01020139636058153,SUCCESS,hbar,0.0.3964804,0.0.4138717@1790023090.660077311
0.0.4320892,1.596803214716773,SUCCESS,hbar,0.0.3964804,0.0.4138717@1790023091.147801543
0.0.4358173,1.101316758445369,SUCCESS,hbar,0.0.3964804,0.0.4138717@1790023090.973851384
0.0.1048940,0.0711750266064044,SUCCESS,hbar,0.0.3964804,0.0.4138717@1790023090.804105920
0.0.3945405,0.0002980909150734547,SUCCESS,hbar,0.0.3964804,0.0.4138717@1790023091.692554123
0.0.1350500,0.2505048467802114,SUCCESS,hbar,0.0.3964804,0.0.4138717@1790023091.292197000
0.0.1121794,0.1153644457231781,SUCCESS,hbar,0.0.3964804,0.0.4138717@1790023089.526140746
0.0.3872024,1.276398938248824,SUCCESS,hbar,0.0.3964804,0.0.4138717@1790023093.214009166
0.0.833050,0.02553612144210203,SUCCESS,hbar,0.0.3964804,0.0.4138717@1790023093.394044011
0.0.1313705,0.1146211980454303,SUCCESS,hbar,0.0.3964804,0.0.4138717@1790023092.044097712
0.0.4184148,0.2041124564450467,SUCCESS,hbar,0.0.3964804,0.0.4138717@1790023092.484075107
0.0.4161393,0.7058947195949754,SUCCESS,hbar,0.0.3964804,0.0.4138717@1790023094.136117965
0.0.2004450,0.02476528563727264,SUCCESS,hbar,0.0.3964804,0.0.4138717@1790023091.677942056
0.0.2150506,0.01279548769722021,SUCCESS,hbar,0.0.3964804,0.0.4138717@1790023092.448939547
0.0.4754443,0.01970668176622193,SUCCESS,hbar,0.0.3964804,0.0.4138717@1790023093.465682704
0.0.4312267,2.678556508052773,SUCCESS,hbar,0.0.3964804,0.0.4138717@1790023095.595907842
0.0.4883729,0.1628795935157769,SUCCESS,hbar,0.0.3964804,0.0.4138717@1790023098.143094551
0.0.1746011,0.7963047184237083,SUCCESS,hbar,0.0.3964804,0.0.4138717@1790023097.628407755
0.0.791414,0.1662485421975896,SUCCESS,hbar,0.0.3964804,0.0.4138717@1790023096.153345140
0.0.7798912,1.080374108892799,SUCCESS,hbar,0.0.3964804,0.0.4138717@1790023094.995546795
0.0.862835,0.239323440834881,SUCCESS,hbar,0.0.3964804,0.0.4138717@1790023096.088662705
0.0.1337171,0.4159054787532394,SUCCESS,hbar,0.0.3964804,0.0.4138717@1790023095.755293470
0.0.3240624,0.0008913525787166241,SUCCESS,hbar,0.0.3964804,0.0.4138717@1790023096.455446040
0.0.4504544,4.057108437070438,SUCCESS,hbar,0.0.3964804,0.0.4138717@1790023097.972984247
0.0.1463093,0.4446935004688504,SUCCESS,hbar,0.0.3964804,0.0.4138717@1790023100.430662702
0.0.811739,1.056463657869119,SUCCESS,hbar,0.0.3964804,0.0.4138717@1790023098.584163534
0.0.887612,0.8591058251367957,SUCCESS,hbar,0.0.3964804,0.0.4138717@1790023100.194267491
0.0.4566469,0.3677341844313775,SUCCESS,hbar,0.0.3964804,0.0.4138717@1790023100.541058931
0.0.3916542,0.01490862470889333,SUCCESS,hbar,0.0.3964804,0.0.4138717@1790023102.586919233
0.0.1486421,0.8034280720411668,SUCCESS,hbar,0.0.3964804,0.0.4138717@1790023100.545026194
0.0.1359581,7.07518540518902,SUCCESS,hbar,0.0.3964804,0.0.4138717@1790023098.520132757
0.0.4431727,0.05284990638379099,SUCCESS,hbar,0.0.3964804,0.0.4138717@1790023101.305462611
0.0.7710235,0.06057135213680302,SUCCESS,hbar,0.0.3964804,0.0.4138717@1790023102.820134488
0.0.838388,35.37761147413545,SUCCESS,hbar,0.0.3964804,0.0.4138717@1790023100.841903888
0.0.4388693,0.02008252120100698,SUCCESS,hbar,0.0.3964804,0.0.4138717@1790023103.855376747
0.0.8083173,0.2186901804007648,SUCCESS,hbar,0.0.3964804,0.0.4138717@1790023104.757038346
0.0.2964523,10.2747150952776,SUCCESS,hbar,0.0.3964804,0.0.4138717@1790023103.452638065
0.0.8076778,0.0007467280548874716,SUCCESS,hbar,0.0.3964804,0.0.4138717@1790023105.461700820
0.0.6313326,3.632296487269103,SUCCESS,hbar,0.0.3964804,0.0.4138717@1790023104.354648846
0.0.7583284,0.08218572958538159,SUCCESS,hbar,0.0.3964804,0.0.4138717@1790023101.795610203
0.0.1673276,1.065131440367684,SUCCESS,hbar,0.0.3964804,0.0.4138717@1790023103.460069153
0.0.4804985,0.07797708165957878,SUCCESS,hbar,0.0.3964804,0.0.4138717@1790023106.869163931
0.0.7732676,44.455288900594,SUCCESS,hbar,0.0.3964804,0.0.4138717@1790023104.329191574
0.0.2891280,0.337242366489162,SUCCESS,hbar,0.0.3964804,0.0.4138717@1790023103.581406282
0.0.838791,0.485223879339638,SUCCESS,hbar,0.0.3964804,0.0.4138717@1790023106.163957962
0.0.7916029,6.468580052800138,SUCCESS,hbar,0.0.3964804,0.0.4138717@1790023108.068811873
0.0.4861986,0.0639883443947756,SUCCESS,hbar,0.0.3964804,0.0.4138717@1790023107.243587053
0.0.5112630,0.1246953917358319,SUCCESS,hbar,0.0.3964804,0.0.4138717@1790023108.371116916
0.0.710849,0.008067798982181884,SUCCESS,hbar,0.0.3964804,0.0.4138717@1790023110.105426793
0.0.7965412,0.00146369765159463,SUCCESS,hbar,0.0.3964804,0.0.4138717@1790023109.852308005
0.0.3384906,2.053273460042212,SUCCESS,hbar,0.0.3964804,0.0.4138717@1790023107.118634850
0.0.7961490,0.0792956194326667,SUCCESS,hbar,0.0.3964804,0.0.4138717@1790023109.575670621
0.0.7703838,0.004135103211693742,SUCCESS,hbar,0.0.3964804,0.0.4138717@1790023108.822829851
0.0.6343911,0.517766533926991,SUCCESS,hbar,0.0.3964804,0.0.4138717@1790023109.629721196
0.0.7937765,0.4356237425414474,SUCCESS,hbar,0.0.3964804,0.0.4138717@1790023110.475283444
0.0.433061,0.008029946251503722,SUCCESS,hbar,0.0.3964804,0.0.4138717@1790023109.944558794
0.0.2967389,0.2198176884407517,SUCCESS,hbar,0.0.3964804,0.0.4138717@1790023112.473671070
0.0.6416166,0.3281211543867388,SUCCESS,hbar,0.0.3964804,0.0.4138717@1790023110.066909632
0.0.4314332,2.036315237397865,SUCCESS,hbar,0.0.3964804,0.0.4138717@1790023113.830363799
0.0.3048811,0.008174538949529454,SUCCESS,hbar,0.0.3964804,0.0.4138717@1790023112.476312274
0.0.6828202,11.59681061442091,SUCCESS,hbar,0.0.3964804,0.0.4138717@1790023110.906439481
0.0.6852334,0.4310956683179368,SUCCESS,hbar,0.0.3964804,0.0.4138717@1790023110.484408670
0.0.4784258,0.09928118834658992,SUCCESS,hbar,0.0.3964804,0.0.4138717@1790023113.637730924
0.0.1463629,0.02061232743069633,SUCCESS,hbar,0.0.3964804,0.0.4138717@1790023115.273754250
0.0.6306847,0.01371658368837239,SUCCESS,hbar,0.0.3964804,0.0.4138717@1790023114.433638228
0.0.6270761,8.852180731982969,SUCCESS,hbar,0.0.3964804,0.0.4138717@1790023115.359822362
0.0.5957030,0.6282173754483185,SUCCESS,hbar,0.0.3964804,0.0.4138717@1790023115.679497994
0.0.6275653,0.006400683423776742,SUCCESS,hbar,0.0.3964804,0.0.4138717@1790023114.675616218
0.0.6154587,2.143191088870841,SUCCESS,hbar,0.0.3964804,0.0.4138717@1790023118.278633380
0.0.6139137,0.3521257228275194,SUCCESS,hbar,0.0.3964804,0.0.4138717@1790023118.091174719
0.0.753351,0.1440771023610748,SUCCESS,hbar,0.0.3964804,0.0.4138717@1790023118.428785117
0.0.5068116,0.01925718659477861,SUCCESS,hbar,0.0.3964804,0.0.4138717@1790023116.760029923
0.0.805713,3.153260078686582,SUCCESS,hbar,0.0.3964804,0.0.4138717@1790023116.130892198
0.0.4766862,0.3658947533870216,SUCCESS,hbar,0.0.3964804,0.0.4138717@1790023119.395180391
0.0.4965217,0.06145601096463425,SUCCESS,hbar,0.0.3964804,0.0.4138717@1790023118.350487823
0.0.3967246,0.1955177465416227,SUCCESS,hbar,0.0.3964804,0.0.4138717@1790023118.066193516
0.0.3687848,2.891541993688171,SUCCESS,hbar,0.0.3964804,0.0.4138717@1790023120.371321494
0.0.496172,0.5310345303925456,SUCCESS,hbar,0.0.3964804,0.0.4138717@1790023119.883932667
0.0.4887338,0.2969518512152653,SUCCESS,hbar,0.0.3964804,0.0.4138717@1790023119.387622988
0.0.7662545,0.002138706456094732,SUCCESS,hbar,0.0.3964804,0.0.4138717@1790023119.304843170
0.0.7290965,0.2310448658537925,SUCCESS,hbar,0.0.3964804,0.0.4138717@1790023122.503817481
0.0.1524063,1.554723085015494,SUCCESS,hbar,0.0.3964804,0.0.4138717@1790023119.286498326
0.0.3872629,0.2429514416968486,SUCCESS,hbar,0.0.3964804,0.0.4138717@1790023120.932589042
0.0.7631749,0.0005084083946382777,SUCCESS,hbar,0.0.3964804,0.0.4138717@1790023119.706858270
0.0.794930,0.0267111644377963,SUCCESS,hbar,0.0.3964804,0.0.4138717@1790023120.354478477
0.0.4315395,0.04144195183075524,SUCCESS,hbar,0.0.3964804,0.0.4138717@1790023121.056647750
0.0.892270,0.0989988237745182,SUCCESS,hbar,0.0.3964804,0.0.4138717@1790023122.685149720
0.0.1124401,0.7985667861955822,SUCCESS,hbar,0.0.3964804,0.0.4138717@1790023121.483713110
0.0.7312670,0.484417953005846,SUCCESS,hbar,0.0.3964804,0.0.4138717@1790023125.162764278
0.0.662621,0.2056189270200028,SUCCESS,hbar,0.0.3964804,0.0.4138717@1790023121.859073813
0.0.6475509,0.08226373326572228,SUCCESS,hbar,0.0.3964804,0.0.4138717@1790023126.199320045
0.0.7450449,0.1953815337040738,SUCCESS,hbar,0.0.3964804,0.0.4138717@1790023125.905862274
0.0.6004536,0.02749348963188214,SUCCESS,hbar,0.0.3964804,0.0.4138717@1790023124.304280182
0.0.8640197,0.2202052083932194,SUCCESS,hbar,0.0.3964804,0.0.4138717@1790023127.451918508
0.0.9144627,0.4654476293457429,SUCCESS,hbar,0.0.3964804,0.0.4138717@1790023127.869084549
0.0.9177203,0.001640451377826151,SUCCESS,hbar,0.0.3964804,0.0.4138717@1790023125.670071295
0.0.8188301,0.1578560490094941,SUCCESS,hbar,0.0.3964804,0.0.4138717@1790023124.576088498
0.0.8108637,0.00005481537717572416,SUCCESS,hbar,0.0.3964804,0.0.4138717@1790023127.191478999
0.0.8868403,0.003876254087901622,SUCCESS,hbar,0.0.3964804,0.0.4138717@1790023127.661719947
0.0.9034617,0.02433702553897212,SUCCESS,hbar,0.0.3964804,0.0.4138717@1790023126.640917257
0.0.8383256,0.0002018014471035929,SUCCESS,hbar,0.0.3964804,0.0.4138717@1790023129.414612056
0.0.8673292,0.9414008006407373,SUCCESS,hbar,0.0.3964804,0.0.4138717@1790023125.987552902
0.0.9301506,0.003414559436730229,SUCCESS,hbar,0.0.3964804,0.0.4138717@1790023130.796304857
0.0.8602366,0.4794226530454503,SUCCESS,hbar,0.0.3964804,0.0.4138717@1790023130.080680498
0.0.8241599,0.6243195082765619,SUCCESS,hbar,0.0.3964804,0.0.4138717@1790023128.551790751
0.0.8548028,0.0001136835416822976,SUCCESS,hbar,0.0.3964804,0.0.4138717@1790023129.353096024
0.0.8304314,0.02349381556746812,SUCCESS,hbar,0.0.3964804,0.0.4138717@1790023128.564763489
0.0.8152447,0.2322726297383851,SUCCESS,hbar,0.0.3964804,0.0.4138717@1790023133.904574601
0.0.8146497,0.2392703295931644,SUCCESS,hbar,0.0.3964804,0.0.4138717@1790023132.527893773
0.0.8177816,0.1884740321174133,SUCCESS,hbar,0.0.3964804,0.0.4138717@1790023131.016285747
0.0.8115823,0.036215801713281,SUCCESS,hbar,0.0.3964804,0.0.4138717@1790023133.514844645
0.0.8104363,96.06971431025651,SUCCESS,hbar,0.0.3964804,0.0.4138717@1790023129.949782825
0.0.8414341,0.0001361468818046012,SUCCESS,hbar,0.0.3964804,0.0.4138717@1790023132.625444749
0.0.10164472,443.717396779705,SUCCESS,hbar,0.0.3964804,0.0.4138717@1790023133.704972292
0.0.10151415,1.607890703327268,SUCCESS,hbar,0.0.3964804,0.0.4138717@1790023132.297065733
0.0.10115705,0.0002196037680653611,SUCCESS,hbar,0.0.3964804,0.0.4138717@1790023134.653723570
0.0.10035851,16.79649953761666,SUCCESS,hbar,0.0.3964804,0.0.4138717@1790023134.938427803
0.0.10007904,0.0005655598134003544,SUCCESS,hbar,0.0.3964804,0.0.4138717@1790023134.697829894
0.0.1365923,0.005317232690295368,SUCCESS,hbar,0.0.3964804,0.0.4138717@1790023134.485468670
0.0.9593512,0.001129624245544386,SUCCESS,hbar,0.0.3964804,0.0.4138717@1790023136.028213761
0.0.10044419,0.08230127610772742,SUCCESS,hbar,0.0.3964804,0.0.4138717@1790023137.022835001
0.0.10035663,0.1631104787142061,SUCCESS,hbar,0.0.3964804,0.0.4138717@1790023134.338671922
0.0.1400807,0.2581729979557049,SUCCESS,hbar,0.0.3964804,0.0.4138717@1790023134.746221172
0.0.1181772,0.01926404259963172,SUCCESS,hbar,0.0.3964804,0.0.4138717@1790023135.195316757
0.0.9774219,0.001646139594673681,SUCCESS,hbar,0.0.3964804,0.0.4138717@1790023139.414259817
0.0.9707531,80.11945785284647,SUCCESS,hbar,0.0.3964804,0.0.4138717@1790023138.769938211
0.0.9707528,62.45941256360089,SUCCESS,hbar,0.0.3964804,0.0.4138717@1790023138.372845725
0.0.7914763,0.06526335241087473,SUCCESS,hbar,0.0.3964804,0.0.4138717@1790023140.345295405
0.0.9425366,1.582073628602986,SUCCESS,hbar,0.0.3964804,0.0.4138717@1790023137.185336575
0.0.1503602,0.1548283299010892,SUCCESS,hbar,0.0.3964804,0.0.4138717@1790023141.588248127
0.0.9362153,0.1008539119510515,SUCCESS,hbar,0.0.3964804,0.0.4138717@1790023140.991484481
0.0.1703381,0.4566788197537536,SUCCESS,hbar,0.0.3964804,0.0.4138717@1790023142.123778630
0.0.9317965,0.07917537601514262,SUCCESS,hbar,0.0.3964804,0.0.4138717@1790023139.585678057
0.0.4576074,0.191413762761785,SUCCESS,hbar,0.0.3964804,0.0.4138717@1790023142.069793518
0.0.4814986,0.005804223632973559,SUCCESS,hbar,0.0.3964804,0.0.4138717@1790023141.783191588
0.0.857763,0.438975837993875,SUCCESS,hbar,0.0.3964804,0.0.4138717@1790023141.254600511
0.0.937712,5.284019417612644,SUCCESS,hbar,0.0.3964804,0.0.4138717@1790023144.156421673
0.0.955353,0.04297042725567048,SUCCESS,hbar,0.0.3964804,0.0.4138717@1790023141.160643504
0.0.1696471,0.2549035072324761,SUCCESS,hbar,0.0.3964804,0.0.4138717@1790023145.870155609
0.0.683815,0.01508637295845344,SUCCESS,hbar,0.0.3964804,0.0.4138717@1790023143.563137593
0.0.1052080,0.2670864210134417,SUCCESS,hbar,0.0.3964804,0.0.4138717@1790023142.396057835
0.0.4712922,0.01823401467874984,SUCCESS,hbar,0.0.3964804,0.0.4138717@1790023144.684008824
0.0.4140342,0.09396843740463634,SUCCESS,hbar,0.0.3964804,0.0.4138717@1790023143.241258836
0.0.1093612,0.09660211892909083,SUCCESS,hbar,0.0.3964804,0.0.4138717@1790023146.587321017
0.0.4558719,0.003546207687772572,SUCCESS,hbar,0.0.3964804,0.0.4138717@1790023146.994448513
0.0.4552348,0.003222381121417153,SUCCESS,hbar,0.0.3964804,0.0.4138717@1790023145.828339787
0.0.4552309,0.003030413371291602,SUCCESS,hbar,0.0.3964804,0.0.4138717@1790023147.210341497
0.0.4552382,0.003030241197349609,SUCCESS,hbar,0.0.3964804,0.0.4138717@1790023145.461399434
0.0.1082201,28.62204017814619,SUCCESS,hbar,0.0.3964804,0.0.4138717@1790023147.667963301
0.0.4571567,0.5754170501489745,SUCCESS,hbar,0.0.3964804,0.0.4138717@1790023146.233497081
0.0.1024843,0.00001111743358637143,SUCCESS,hbar,0.0.3964804,0.0.4138717@1790023146.676655839
0.0.1105845,0.6661926301683307,SUCCESS,hbar,0.0.3964804,0.0.4138717@1790023149.612439622
0.0.9304292,0.9522523978162765,SUCCESS,hbar,0.0.3964804,0.0.4138717@1790023146.321543680
0.0.1114728,0.002652815688414239,SUCCESS,hbar,0.0.3964804,0.0.4138717@1790023148.431519080
0.0.8068660,0.002309813938601884,SUCCESS,hbar,0.0.3964804,0.0.4138717@1790023151.541718852
0.0.7931472,0.06102751041131691,SUCCESS,hbar,0.0.3964804,0.0.4138717@1790023147.352787105
0.0.8002619,0.09580981434127607,SUCCESS,hbar,0.0.3964804,0.0.4138717@1790023147.413706606
0.0.7809201,0.00002894277521559593,SUCCESS,hbar,0.0.3964804,0.0.4138717@1790023153.750659766
0.0.7098838,0.2173604439860368,SUCCESS,hbar,0.0.3964804,0.0.4138717@1790023152.822013334
0.0.590682,0.008875001962696916,SUCCESS,hbar,0.0.3964804,0.0.4138717@1790023150.784303158
0.0.4766806,7.29995099508447,SUCCESS,hbar,0.0.3964804,0.0.4138717@1790023152.642467880
0.0.4914022,0.126927053771851,SUCCESS,hbar,0.0.3964804,0.0.4138717@1790023154.726879459
0.0.818498,0.005103672891695845,SUCCESS,hbar,0.0.3964804,0.0.4138717@1790023152.586003703
0.0.5957081,0.1416982741006552,SUCCESS,hbar,0.0.3964804,0.0.4138717@1790023155.135754936
0.0.4561752,0.01534141902697706,SUCCESS,hbar,0.0.3964804,0.0.4138717@1790023152.967167295
0.0.6334018,0.2684527571845435,SUCCESS,hbar,0.0.3964804,0.0.4138717@1790023154.138740011
0.0.5804427,0.07251554802054631,SUCCESS,hbar,0.0.3964804,0.0.4138717@1790023154.134991051
0.0.1956746,0.01483817224144796,SUCCESS,hbar,0.0.3964804,0.0.4138717@1790023153.924951160
0.0.6181303,6.665585897669374,SUCCESS,hbar,0.0.3964804,0.0.4138717@1790023152.947190761
0.0.5742160,3.489720157601076,SUCCESS,hbar,0.0.3964804,0.0.4138717@1790023157.756568753
0.0.3008234,6.059881650545672,SUCCESS,hbar,0.0.3964804,0.0.4138717@1790023154.592688045
0.0.4375828,0.2079914874546406,SUCCESS,hbar,0.0.3964804,0.0.4138717@1790023157.952627149
0.0.10610396,0.03023378862249371,SUCCESS,hbar,0.0.3964804,0.0.4138717@1790023155.795810461
0.0.8084528,2.465747760216072,SUCCESS,hbar,0.0.3964804,0.0.4138717@1790023158.552315208
0.0.7188749,0.006792818869072172,SUCCESS,hbar,0.0.3964804,0.0.4138717@1790023159.047515339
0.0.6258091,0.05711013544023318,SUCCESS,hbar,0.0.3964804,0.0.4138717@1790023155.613841758
0.0.836080,0.0001781092339178446,SUCCESS,hbar,0.0.3964804,0.0.4138717@1790023159.755499835
0.0.842806,6.286584032974036,SUCCESS,hbar,0.0.3964804,0.0.4138717@1790023158.102628504
0.0.6315303,0.1981809050785129,SUCCESS,hbar,0.0.3964804,0.0.4138717@1790023157.550559744
0.0.10831278,0.1424800351228409,SUCCESS,hbar,0.0.3964804,0.0.4138717@1790023156.727056279
0.0.3211610,0.3258953299255479,SUCCESS,hbar,0.0.3964804,0.0.4138717@1790023161.434021900
0.0.10354047,0.01598603306740409,SUCCESS,hbar,0.0.3964804,0.0.4138717@1790023158.323747241
0.0.3961176,0.08674099322032369,SUCCESS,hbar,0.0.3964804,0.0.4138717@1790023161.404709928
0.0.8055246,0.7547525088996303,SUCCESS,hbar,0.0.3964804,0.0.4138717@1790023161.603155281
0.0.5326504,0.3511324372265655,SUCCESS,hbar,0.0.3964804,0.0.4138717@1790023158.601191598
0.0.7950871,7.207467551156981,SUCCESS,hbar,0.0.3964804,0.0.4138717@1790023161.343178633
0.0.9168967,0.003514773086511031,SUCCESS,hbar,0.0.3964804,0.0.4138717@1790023163.467852341
0.0.10820145,0.3648428145590534,SUCCESS,hbar,0.0.3964804,0.0.4138717@1790023160.617585704
0.0.7989176,9.242373100467622,SUCCESS,hbar,0.0.3964804,0.0.4138717@1790023161.066985787
0.0.958199,29.87361343917616,SUCCESS,hbar,0.0.3964804,0.0.4138717@1790023163.881405119
0.0.6078189,2.514079927202352,SUCCESS,hbar,0.0.3964804,0.0.4138717@1790023160.577256578
0.0.10792100,127.1242131012897,SUCCESS,hbar,0.0.3964804,0.0.4138717@1790023164.357193137
0.0.1067361,1.268313068161068,SUCCESS,hbar,0.0.3964804,0.0.4138717@1790023165.349505554
0.0.3450,0.004991224022664853,SUCCESS,hbar,0.0.3964804,0.0.4138717@1790023164.689594146
0.0.638522,0.7012204816151638,SUCCESS,hbar,0.0.3964804,0.0.4138717@1790023163.322391271
0.0.1745725,0.06500017188325485,SUCCESS,hbar,0.0.3964804,0.0.4138717@1790023164.845970788
0.0.8181079,0.8438833263818345,SUCCESS,hbar,0.0.3964804,0.0.4138717@1790023167.922396464
0.0.6497488,0.1133099197410111,SUCCESS,hbar,0.0.3964804,0.0.4138717@1790023166.009621695
0.0.1681033,0.01054158939580399,SUCCESS,hbar,0.0.3964804,0.0.4138717@1790023165.127422528
0.0.2116216,0.1332430843948046,SUCCESS,hbar,0.0.3964804,0.0.4138717@1790023168.608636929
0.0.4229971,0.0211153492262733,SUCCESS,hbar,0.0.3964804,0.0.4138717@1790023164.422204863
0.0.835055,0.0001367420433936094,SUCCESS,hbar,0.0.3964804,0.0.4138717@1790023169.040571707
0.0.1183511,0.01043536055068766,SUCCESS,hbar,0.0.3964804,0.0.4138717@1790023169.077467549
0.0.1120752,1.73658785331535e-7,SUCCESS,hbar,0.0.3964804,0.0.4138717@1790023166.191386425
0.0.1483067,0.7886241507629402,SUCCESS,hbar,0.0.3964804,0.0.4138717@1790023168.561366089
0.0.9823669,0.01241116328832485,SUCCESS,hbar,0.0.3964804,0.0.4138717@1790023168.875021365
0.0.8086247,0.04778721666041246,SUCCESS,hbar,0.0.3964804,0.0.4138717@1790023167.365339006
0.0.2110491,0.08559878352796917,SUCCESS,hbar,0.0.3964804,0.0.4138717@1790023169.951162649
0.0.9275976,1.044607401167211,SUCCESS,hbar,0.0.3964804,0.0.4138717@1790023169.861996074
0.0.4315585,1.790785137499686,SUCCESS,hbar,0.0.3964804,0.0.4138717@1790023171.714582549
0.0.10633351,0.610986349385723,SUCCESS,hbar,0.0.3964804,0.0.4138717@1790023171.061634961
0.0.7913738,0.4637276544292234,SUCCESS,hbar,0.0.3964804,0.0.4138717@1790023169.885654803
0.0.1104374,24.71386545131356,SUCCESS,hbar,0.0.3964804,0.0.4138717@1790023172.119158400
0.0.10308209,176.3646047857372,SUCCESS,hbar,0.0.3964804,0.0.4138717@1790023171.015506793
0.0.10454179,0.1566384612467929,SUCCESS,hbar,0.0.3964804,0.0.4138717@1790023173.469453495
0.0.10295710,0.07718723283860678,SUCCESS,hbar,0.0.3964804,0.0.4138717@1790023170.971623636
0.0.3003013,0.1140988883807294,SUCCESS,hbar,0.0.3964804,0.0.4138717@1790023173.226949509
0.0.10435638,0.0800580439384159,SUCCESS,hbar,0.0.3964804,0.0.4138717@1790023171.552026561
0.0.10422583,0.5450193966695608,SUCCESS,hbar,0.0.3964804,0.0.4138717@1790023173.399703440
0.0.10420688,0.05562995269100463,SUCCESS,hbar,0.0.3964804,0.0.4138717@1790023173.044102624
0.0.10430673,13.88998836859339,SUCCESS,hbar,0.0.3964804,0.0.4138717@1790023174.565941843
0.0.10420709,0.01704440827678734,SUCCESS,hbar,0.0.3964804,0.0.4138717@1790023175.800641604
0.0.10420713,0.03724935362667187,SUCCESS,hbar,0.0.3964804,0.0.4138717@1790023173.960671621
0.0.851469,0.06758127666688711,SUCCESS,hbar,0.0.3964804,0.0.4138717@1790023174.083864197
0.0.10456759,2.131945653359532,SUCCESS,hbar,0.0.3964804,0.0.4138717@1790023174.625062205
0.0.10307970,0.0003732325325449544,SUCCESS,hbar,0.0.3964804,0.0.4138717@1790023178.803781896
0.0.10303974,0.3161381046945477,SUCCESS,hbar,0.0.3964804,0.0.4138717@1790023178.347406980
0.0.1920276,0.3637473086620802,SUCCESS,hbar,0.0.3964804,0.0.4138717@1790023177.213512456
0.0.10277044,0.7397766079555372,SUCCESS,hbar,0.0.3964804,0.0.4138717@1790023175.735605307
0.0.10267167,0.0005918357985290928,SUCCESS,hbar,0.0.3964804,0.0.4138717@1790023178.683121512
0.0.10267166,11.0487228378149,SUCCESS,hbar,0.0.3964804,0.0.4138717@1790023181.420787577
0.0.10244829,0.006696162128619019,SUCCESS,hbar,0.0.3964804,0.0.4138717@1790023177.499222893
0.0.10231452,11.62527353965703,SUCCESS,hbar,0.0.3964804,0.0.4138717@1790023180.428176296
0.0.10248120,0.117781014756956,SUCCESS,hbar,0.0.3964804,0.0.4138717@1790023180.425426825
0.0.3959322,5.506712497480931,SUCCESS,hbar,0.0.3964804,0.0.4138717@1790023180.631321229
0.0.10506008,0.1826197706780383,SUCCESS,hbar,0.0.3964804,0.0.4138717@1790023182.034196366
0.0.10819646,5.790811191852852,SUCCESS,hbar,0.0.3964804,0.0.4138717@1790023180.698584265
0.0.10805782,6.607215925313128,SUCCESS,hbar,0.0.3964804,0.0.4138717@1790023181.464278894
0.0.10810210,4.260393800350847,SUCCESS,hbar,0.0.3964804,0.0.4138717@1790023180.294953944
0.0.2022986,0.5554138470514324,SUCCESS,hbar,0.0.3964804,0.0.4138717@1790023183.530105043
0.0.10803311,2.2216814294872,SUCCESS,hbar,0.0.3964804,0.0.4138717@1790023185.297921332
0.0.10803307,6.018099567359938,SUCCESS,hbar,0.0.3964804,0.0.4138717@1790023181.621867641
0.0.10584246,146.2886376847151,SUCCESS,hbar,0.0.3964804,0.0.4138717@1790023181.925690343
0.0.10543839,0.4656444697833033,SUCCESS,hbar,0.0.3964804,0.0.4138717@1790023186.184872286
0.0.5437974,0.2332873476222401,SUCCESS,hbar,0.0.3964804,0.0.4138717@1790023184.631971235
0.0.10502045,0.242668419925201,SUCCESS,hbar,0.0.3964804,0.0.4138717@1790023183.891555915
0.0.10496154,0.0006827758659425792,SUCCESS,hbar,0.0.3964804,0.0.4138717@1790023185.019600730
0.0.10495365,9.38661262372525e-8,SUCCESS,hbar,0.0.3964804,0.0.4138717@1790023187.359111873
0.0.844877,0.7135854348593637,SUCCESS,hbar,0.0.3964804,0.0.4138717@1790023185.800883189
0.0.5850916,0.1924730847518596,SUCCESS,hbar,0.0.3964804,0.0.4138717@1790023188.207515765
0.0.10237154,2.681743504308048,SUCCESS,hbar,0.0.3964804,0.0.4138717@1790023184.659609530
0.0.10465417,0.285370178637774,SUCCESS,hbar,0.0.3964804,0.0.4138717@1790023188.919367968
0.0.7049977,0.002088488172094432,SUCCESS,hbar,0.0.3964804,0.0.4138717@1790023185.816147863
0.0.8357089,0.1591409423490284,SUCCESS,hbar,0.0.3964804,0.0.4138717@1790023189.074492426
0.0.8357708,4.209333236554733,SUCCESS,hbar,0.0.3964804,0.0.4138717@1790023186.050569239
0.0.8346544,0.7578845497527746,SUCCESS,hbar,0.0.3964804,0.0.4138717@1790023186.710527549
0.0.8323906,4.244361343521353,SUCCESS,hbar,0.0.3964804,0.0.4138717@1790023186.423338651
0.0.8156060,0.0265708930151204,SUCCESS,hbar,0.0.3964804,0.0.4138717@1790023190.950136805
0.0.8298814,0.4207452970818222,SUCCESS,hbar,0.0.3964804,0.0.4138717@1790023190.032517972
0.0.7964752,0.001042567665910399,SUCCESS,hbar,0.0.3964804,0.0.4138717@1790023189.403273561
0.0.2025203,0.02082911733845821,SUCCESS,hbar,0.0.3964804,0.0.4138717@1790023191.994197017
0.0.3077609,0.6542687888717713,SUCCESS,hbar,0.0.3964804,0.0.4138717@1790023192.021508718
0.0.4867972,0.008312183977228759,SUCCESS,hbar,0.0.3964804,0.0.4138717@1790023192.171788439
0.0.8209324,0.141885959801993,SUCCESS,hbar,0.0.3964804,0.0.4138717@1790023192.709268131
0.0.7997139,0.02690482047931901,SUCCESS,hbar,0.0.3964804,0.0.4138717@1790023195.340497085
0.0.5761971,0.00003921316731508223,SUCCESS,hbar,0.0.3964804,0.0.4138717@1790023191.747383184
0.0.1906790,0.002850922539549877,SUCCESS,hbar,0.0.3964804,0.0.4138717@1790023194.127015326
0.0.8178093,0.02251158156503828,SUCCESS,hbar,0.0.3964804,0.0.4138717@1790023192.940127621
0.0.3273594,0.3520460417711906,SUCCESS,hbar,0.0.3964804,0.0.4138717@1790023194.415125849
0.0.8175769,0.05796056354585009,SUCCESS,hbar,0.0.3964804,0.0.4138717@1790023195.403389478
0.0.8142528,0.006322228780497472,SUCCESS,hbar,0.0.3964804,0.0.4138717@1790023193.705363032
0.0.833836,0.5480137327316162,SUCCESS,hbar,0.0.3964804,0.0.4138717@1790023196.694158614
0.0.1090802,0.01823352904909958,SUCCESS,hbar,0.0.3964804,0.0.4138717@1790023196.348155480
0.0.7550890,0.03150387788294483,SUCCESS,hbar,0.0.3964804,0.0.4138717@1790023194.337666892
0.0.9095016,0.4909991322813209,SUCCESS,hbar,0.0.3964804,0.0.4138717@1790023195.461994145
0.0.9065767,0.1915580902561012,SUCCESS,hbar,0.0.3964804,0.0.4138717@1790023198.994391109
0.0.8767225,0.07085359494571529,SUCCESS,hbar,0.0.3964804,0.0.4138717@1790023197.928664054
0.0.9009997,0.1050770001130853,SUCCESS,hbar,0.0.3964804,0.0.4138717@1790023198.893906768
0.0.7788265,0.04635264554473427,SUCCESS,hbar,0.0.3964804,0.0.4138717@1790023197.375057227
0.0.8792600,0.0007485511305177154,SUCCESS,hbar,0.0.3964804,0.0.4138717@1790023196.714490926
0.0.8256574,0.001498866958154779,SUCCESS,hbar,0.0.3964804,0.0.4138717@1790023197.427853194
0.0.5007636,0.02255179400397249,SUCCESS,hbar,0.0.3964804,0.0.4138717@1790023197.179626090
0.0.8585468,0.0002309844456269165,SUCCESS,hbar,0.0.3964804,0.0.4138717@1790023198.211402242
0.0.1365814,0.0775789599670436,SUCCESS,hbar,0.0.3964804,0.0.4138717@1790023201.278255137
0.0.1459865,0.425414269419835,SUCCESS,hbar,0.0.3964804,0.0.4138717@1790023201.490247535
0.0.5524338,0.01226196474073224,SUCCESS,hbar,0.0.3964804,0.0.4138717@1790023203.292747527
0.0.8198608,0.1009495146605318,SUCCESS,hbar,0.0.3964804,0.0.4138717@1790023202.241352928
0.0.8385016,0.08255710967498688,SUCCESS,hbar,0.0.3964804,0.0.4138717@1790023204.179449797
0.0.8414409,0.004034064000650396,SUCCESS,hbar,0.0.3964804,0.0.4138717@1790023200.352522189
0.0.1714233,0.07219284137279394,SUCCESS,hbar,0.0.3964804,0.0.4138717@1790023202.213178739
0.0.1479857,0.2571992414385634,SUCCESS,hbar,0.0.3964804,0.0.4138717@1790023204.615673273
0.0.7835479,0.003523391926771562,SUCCESS,hbar,0.0.3964804,0.0.4138717@1790023202.944064865
0.0.7570262,0.01845655665464238,SUCCESS,hbar,0.0.3964804,0.0.4138717@1790023206.489404334
0.0.7421912,0.01013453475462771,SUCCESS,hbar,0.0.3964804,0.0.4138717@1790023201.948082772
0.0.7791729,0.0002231602316494909,SUCCESS,hbar,0.0.3964804,0.0.4138717@1790023203.316947748
0.0.5739319,0.2257552041935058,SUCCESS,hbar,0.0.3964804,0.0.4138717@1790023205.435251006
0.0.7607102,0.001708563853221758,SUCCESS,hbar,0.0.3964804,0.0.4138717@1790023206.444787619
0.0.7777028,0.1465442081353734,SUCCESS,hbar,0.0.3964804,0.0.4138717@1790023205.423840173
0.0.5042398,0.3865915918289451,SUCCESS,hbar,0.0.3964804,0.0.4138717@1790023204.310988343
0.0.4752954,0.0614123659967367,SUCCESS,hbar,0.0.3964804,0.0.4138717@1790023205.229043788
0.0.3912896,0.04346746531865251,SUCCESS,hbar,0.0.3964804,0.0.4138717@1790023206.415683632
0.0.4250725,0.03514528348288371,SUCCESS,hbar,0.0.3964804,0.0.4138717@1790023205.035551511
0.0.2557514,0.2279269304567308,SUCCESS,hbar,0.0.3964804,0.0.4138717@1790023207.389457810
0.0.831661,0.5871488820203379,SUCCESS,hbar,0.0.3964804,0.0.4138717@1790023210.391246364
0.0.6256886,0.01031393499509412,SUCCESS,hbar,0.0.3964804,0.0.4138717@1790023208.239713564
0.0.7638910,0.0103515953184269,SUCCESS,hbar,0.0.3964804,0.0.4138717@1790023208.242332622
0.0.7610560,0.03477960047691049,SUCCESS,hbar,0.0.3964804,0.0.4138717@1790023209.137718090
0.0.4899880,0.0153457481311073,SUCCESS,hbar,0.0.3964804,0.0.4138717@1790023209.210771666
0.0.8056304,0.1281335488585619,SUCCESS,hbar,0.0.3964804,0.0.4138717@1790023210.289290011
0.0.4746343,0.0004070222874432909,SUCCESS,hbar,0.0.3964804,0.0.4138717@1790023210.867364562
0.0.7913251,0.01575532145919793,SUCCESS,hbar,0.0.3964804,0.0.4138717@1790023208.826202196
0.0.8042105,0.026263809801247,SUCCESS,hbar,0.0.3964804,0.0.4138717@1790023211.647427269
0.0.10253402,1.335544686347838,SUCCESS,hbar,0.0.3964804,0.0.4138717@1790023213.324601680
0.0.2477582,0.0752104172005737,SUCCESS,hbar,0.0.3964804,0.0.4138717@1790023211.074833893
0.0.8059253,0.4014291307940174,SUCCESS,hbar,0.0.3964804,0.0.4138717@1790023210.430790218
0.0.2006292,0.01327791275979786,SUCCESS,hbar,0.0.3964804,0.0.4138717@1790023214.818165407
0.0.7912110,0.00007591625845398492,SUCCESS,hbar,0.0.3964804,0.0.4138717@1790023214.520663086
0.0.10541900,0.01438388573179612,SUCCESS,hbar,0.0.3964804,0.0.4138717@1790023213.765309394
0.0.7974195,9.389392603111524,SUCCESS,hbar,0.0.3964804,0.0.4138717@1790023213.275347727
0.0.7746903,0.01901038628050396,SUCCESS,hbar,0.0.3964804,0.0.4138717@1790023212.597805305
0.0.8032303,0.01315561542701632,SUCCESS,hbar,0.0.3964804,0.0.4138717@1790023214.423396426
0.0.7965413,0.0002243222861987916,SUCCESS,hbar,0.0.3964804,0.0.4138717@1790023217.636986350
0.0.1481135,0.08531124476143413,SUCCESS,hbar,0.0.3964804,0.0.4138717@1790023216.113675229
0.0.7896816,3.644180660374377,SUCCESS,hbar,0.0.3964804,0.0.4138717@1790023218.379330215
0.0.3947850,0.0002849980375663556,SUCCESS,hbar,0.0.3964804,0.0.4138717@1790023218.541741268
0.0.5905014,0.08944489687763257,SUCCESS,hbar,0.0.3964804,0.0.4138717@1790023218.047560663
0.0.871471,0.8279915799090277,SUCCESS,hbar,0.0.3964804,0.0.4138717@1790023217.054756962
0.0.10072624,0.01001261275133783,SUCCESS,hbar,0.0.3964804,0.0.4138717@1790023216.256783882
0.0.1459068,0.01111650065696767,SUCCESS,hbar,0.0.3964804,0.0.4138717@1790023219.610031919
0.0.9640903,0.05629585695737291,SUCCESS,hbar,0.0.3964804,0.0.4138717@1790023217.978604231
0.0.4873525,0.01543601319788136,SUCCESS,hbar,0.0.3964804,0.0.4138717@1790023218.294889087
0.0.10004246,0.142395101257294,SUCCESS,hbar,0.0.3964804,0.0.4138717@1790023221.409875052
0.0.5922808,0.009307699386804666,SUCCESS,hbar,0.0.3964804,0.0.4138717@1790023221.274558256
0.0.751161,0.4948439640745463,SUCCESS,hbar,0.0.3964804,0.0.4138717@1790023222.459062180
0.0.9973346,0.00103278723864813,SUCCESS,hbar,0.0.3964804,0.0.4138717@1790023221.705252355
0.0.9477942,0.0045069812714376,SUCCESS,hbar,0.0.3964804,0.0.4138717@1790023219.423404231
0.0.9150527,0.3494265917928713,SUCCESS,hbar,0.0.3964804,0.0.4138717@1790023222.224530634
0.0.842210,0.03521199168361072,SUCCESS,hbar,0.0.3964804,0.0.4138717@1790023222.845755812
0.0.9723125,6.530535197597958,SUCCESS,hbar,0.0.3964804,0.0.4138717@1790023221.470216734
0.0.7983506,0.000009886121408216784,SUCCESS,hbar,0.0.3964804,0.0.4138717@1790023223.146334679
0.0.689277,2.000973909385241,SUCCESS,hbar,0.0.3964804,0.0.4138717@1790023223.719870478
0.0.9687167,0.06622116311928078,SUCCESS,hbar,0.0.3964804,0.0.4138717@1790023225.246800013
0.0.9729389,0.03514528348288371,SUCCESS,hbar,0.0.3964804,0.0.4138717@1790023225.286910141
0.0.9720442,0.01718716377334971,SUCCESS,hbar,0.0.3964804,0.0.4138717@1790023224.825285719
0.0.3012601,0.09073897669237063,SUCCESS,hbar,0.0.3964804,0.0.4138717@1790023226.691524924
0.0.5012902,0.001824935374049134,SUCCESS,hbar,0.0.3964804,0.0.4138717@1790023223.230320821
0.0.9636419,0.1000631370853514,SUCCESS,hbar,0.0.3964804,0.0.4138717@1790023224.207111615
0.0.9509413,0.009717433086441662,SUCCESS,hbar,0.0.3964804,0.0.4138717@1790023224.307008353
0.0.10478184,2359.450068683823,SUCCESS,hbar,0.0.3964804,0.0.4138717@1790023226.256527627
0.0.10489509,2264.224618714019,SUCCESS,hbar,0.0.3964804,0.0.4138717@1790023225.476225170
0.0.8083839,2.07131159737536,SUCCESS,hbar,0.0.3964804,0.0.4138717@1790023225.287609152
0.0.10251800,0.0001953608699860502,SUCCESS,hbar,0.0.3964804,0.0.4138717@1790023226.323940927
0.0.1365779,0.0814333573419542,SUCCESS,hbar,0.0.3964804,0.0.4138717@1790023226.787002329
0.0.4499088,0.01465388657001286,SUCCESS,hbar,0.0.3964804,0.0.4138717@1790023224.505101470
0.0.9273022,0.00009698835332781322,SUCCESS,hbar,0.0.3964804,0.0.4138717@1790023225.944534182
0.0.10219431,0.4381733623344037,SUCCESS,hbar,0.0.3964804,0.0.4138717@1790023229.159860679
0.0.53756,0.8687497425009211,SUCCESS,hbar,0.0.3964804,0.0.4138717@1790023226.737658266
0.0.10157649,1.49505109239719,SUCCESS,hbar,0.0.3964804,0.0.4138717@1790023231.317236552
0.0.10014449,0.01240560276551803,SUCCESS,hbar,0.0.3964804,0.0.4138717@1790023231.552872115
0.0.4749526,9.247321354644244,SUCCESS,hbar,0.0.3964804,0.0.4138717@1790023231.434969339
0.0.1704489,0.00009127340287182015,SUCCESS,hbar,0.0.3964804,0.0.4138717@1790023231.113454571
0.0.9584885,0.002160489360172396,SUCCESS,hbar,0.0.3964804,0.0.4138717@1790023232.390140354
0.0.10093024,0.06403003567580993,SUCCESS,hbar,0.0.3964804,0.0.4138717@1790023230.630903043
0.0.816698,2.418834717610853,SUCCESS,hbar,0.0.3964804,0.0.4138717@1790023229.132212166
0.0.820706,1.261870690835826,SUCCESS,hbar,0.0.3964804,0.0.4138717@1790023232.922768210
0.0.4372819,0.004971751609563172,SUCCESS,hbar,0.0.3964804,0.0.4138717@1790023230.868145406
0.0.8880678,0.006394944290171585,SUCCESS,hbar,0.0.3964804,0.0.4138717@1790023231.278560411
0.0.6160732,0.01895746965507896,SUCCESS,hbar,0.0.3964804,0.0.4138717@1790023233.658550313
0.0.8392843,0.09172198826367753,SUCCESS,hbar,0.0.3964804,0.0.4138717@1790023235.569497543
0.0.9086562,0.0009070914788773882,SUCCESS,hbar,0.0.3964804,0.0.4138717@1790023235.900487695
0.0.9177141,0.01290387129144988,SUCCESS,hbar,0.0.3964804,0.0.4138717@1790023234.105330267
0.0.813564,0.0002623563159085862,SUCCESS,hbar,0.0.3964804,0.0.4138717@1790023232.388852515
0.0.9367202,0.0004778897184151323,SUCCESS,hbar,0.0.3964804,0.0.4138717@1790023233.529976377
0.0.4821795,0.2575453078717811,SUCCESS,hbar,0.0.3964804,0.0.4138717@1790023237.436838526
0.0.9318048,0.00410735748705345,SUCCESS,hbar,0.0.3964804,0.0.4138717@1790023237.674039047
0.0.9602777,0.004581411943179139,SUCCESS,hbar,0.0.3964804,0.0.4138717@1790023234.732508416
0.0.9285770,0.02866126334487073,SUCCESS,hbar,0.0.3964804,0.0.4138717@1790023237.612142073
0.0.9275748,0.06728433404480406,SUCCESS,hbar,0.0.3964804,0.0.4138717@1790023236.378891527
0.0.6068301,0.02476017896563305,SUCCESS,hbar,0.0.3964804,0.0.4138717@1790023237.927609536
0.0.8113254,0.007997184597214156,SUCCESS,hbar,0.0.3964804,0.0.4138717@1790023238.250895932
0.0.1862342,0.08280511695015286,SUCCESS,hbar,0.0.3964804,0.0.4138717@1790023235.307870840
0.0.9196038,0.04604192044411723,SUCCESS,hbar,0.0.3964804,0.0.4138717@1790023239.174933872
0.0.1118731,0.003794691977883659,SUCCESS,hbar,0.0.3964804,0.0.4138717@1790023239.657148307
0.0.1403937,0.00217057524874599,SUCCESS,hbar,0.0.3964804,0.0.4138717@1790023240.236075053
0.0.9146353,0.6413740985317709,SUCCESS,hbar,0.0.3964804,0.0.4138717@1790023238.421136402
0.0.9590994,3.024369725838272,SUCCESS,hbar,0.0.3964804,0.0.4138717@1790023240.517900693
0.0.9365757,0.2399919013558271,SUCCESS,hbar,0.0.3964804,0.0.4138717@1790023239.719241010
0.0.8080965,0.002526958041458749,SUCCESS,hbar,0.0.3964804,0.0.4138717@1790023241.719766201
0.0.8070994,0.4154381465700695,SUCCESS,hbar,0.0.3964804,0.0.4138717@1790023242.204236788
0.0.8246604,0.000455104611382249,SUCCESS,hbar,0.0.3964804,0.0.4138717@1790023239.264253453
0.0.9541852,0.1852497121443343,SUCCESS,hbar,0.0.3964804,0.0.4138717@1790023243.246263486
0.0.190191,0.01987630811630983,SUCCESS,hbar,0.0.3964804,0.0.4138717@1790023240.867277783
0.0.5805332,0.3203308849794046,SUCCESS,hbar,0.0.3964804,0.0.4138717@1790023244.420579091
0.0.4594903,0.007991674265743877,SUCCESS,hbar,0.0.3964804,0.0.4138717@1790023244.885598164
0.0.9364762,0.00756434743578296,SUCCESS,hbar,0.0.3964804,0.0.4138717@1790023243.473559966
0.0.877394,0.001698006844177802,SUCCESS,hbar,0.0.3964804,0.0.4138717@1790023246.109951569
0.0.887615,0.002747873855885048,SUCCESS,hbar,0.0.3964804,0.0.4138717@1790023246.781762435
0.0.9169121,0.08160456419430553,SUCCESS,hbar,0.0.3964804,0.0.4138717@1790023246.911246662
0.0.9444587,0.1167792107422221,SUCCESS,hbar,0.0.3964804,0.0.4138717@1790023244.537501607
0.0.1056474,1.042986335994915,SUCCESS,hbar,0.0.3964804,0.0.4138717@1790023243.543305673
0.0.958821,3.957378506448445,SUCCESS,hbar,0.0.3964804,0.0.4138717@1790023244.103178298
0.0.9450539,0.259975156085016,SUCCESS,hbar,0.0.3964804,0.0.4138717@1790023247.189764200
0.0.7542917,0.3288358915786829,SUCCESS,0.0.731861,0.0.3951117,0.0.4138717@1790021913.756592180
0.0.9626972,0.8745119970462143,SUCCESS,0.0.731861,0.0.3951117,0.0.4138717@1790021909.797743282
0.0.9344085,11.35102136359556,SUCCESS,0.0.731861,0.0.3951117&0.0.3964827,0.0.4138717@1790021911.711437497
0.0.9755401,6.713227111513326,SUCCESS,0.0.731861,0.0.3951117&0.0.4601632,0.0.4138717@1790021913.901735978
0.0.9761018,551.3987852180376,SUCCESS,0.0.731861,0.0.3951117,0.0.4138717@1790021910.873062810
0.0.4570964,16.45562210043842,SUCCESS,0.0.731861,0.0.3951117,0.0.4138717@1790021912.412527040
0.0.9958383,0.102348236001033,SUCCESS,0.0.731861,0.0.3951117,0.0.4138717@1790021912.932378670
0.0.9723151,0.006774079757225867,SUCCESS,0.0.731861,0.0.3951117,0.0.4138717@1790021911.041591448
0.0.10031117,1.298141078141631,SUCCESS,0.0.731861,0.0.3951117,0.0.4138717@1790021913.564898914
0.0.10031118,0.8019876383078615,SUCCESS,0.0.731861,0.0.3951117,0.0.4138717@1790021913.594088072
0.0.1157855,1.400126247682832,SUCCESS,0.0.731861,0.0.3951117,0.0.4138717@1790021916.875504780
0.0.10076247,1.164727563866441,SUCCESS,0.0.731861,0.0.3951117,0.0.4138717@1790021913.978143243
0.0.1340164,70.22839078000267,SUCCESS,0.0.731861,0.0.3951117,0.0.4138717@1790021915.331717723
0.0.735239,0.0001607481970697394,SUCCESS,0.0.731861,0.0.3951117,0.0.4138717@1790021914.755010726
0.0.1115297,1.747764206507858,SUCCESS,0.0.731861,0.0.3951117,0.0.4138717@1790021913.857062751
0.0.8585089,180.8974535443312,SUCCESS,0.0.731861,0.0.3951117,0.0.4138717@1790021917.458590436
0.0.650437,4.557846852891002,SUCCESS,0.0.731861,0.0.3951117&0.0.3961531&0.0.5328590,0.0.4138717@1790021917.590082012
0.0.1110198,25.68696641251816,SUCCESS,0.0.731861,0.0.3951117,0.0.4138717@1790021914.314189042
0.0.2174015,0.03411553466005789,SUCCESS,0.0.731861,0.0.3951117,0.0.4138717@1790021915.957791267
0.0.832852,66.64293549697797,SUCCESS,0.0.731861,0.0.3951117,0.0.4138717@1790021916.747980184
0.0.9359586,0.09001499612597154,SUCCESS,0.0.731861,0.0.3951117,0.0.4138717@1790021919.478445490
0.0.4555391,3.081355798167371,SUCCESS,0.0.731861,0.0.3951117,0.0.4138717@1790021921.011670552
0.0.1758196,1.402604546427436,SUCCESS,0.0.731861,0.0.3951117,0.0.4138717@1790021919.636541035
0.0.850481,154.7886472096757,SUCCESS,0.0.731861,0.0.3951117,0.0.4138717@1790021919.050170424
0.0.1515633,6.145060622471693,SUCCESS,0.0.731861,0.0.3951117,0.0.4138717@1790021921.396523133
0.0.9273872,0.02650359506246947,SUCCESS,0.0.731861,0.0.3951117,0.0.4138717@1790021919.807305253
0.0.1120575,341.0008520190698,SUCCESS,0.0.731861,0.0.3951117&0.0.3964804,0.0.4138717@1790021922.564798784
0.0.7810768,3.522762304400562,SUCCESS,0.0.731861,0.0.3951117&0.0.3964827,0.0.4138717@1790021922.609786304
0.0.1734809,0.5143708126760449,SUCCESS,0.0.731861,0.0.3951117&0.0.3964804&0.0.6071119,0.0.4138717@1790021922.555829278
0.0.7287636,27.70951119381384,SUCCESS,0.0.731861,0.0.3951117&0.0.3961531&0.0.3964804&0.0.4601632&0.0.8315114,0.0.4138717@1790021922.351611517
0.0.8060346,1.535609497633075,SUCCESS,0.0.731861,0.0.3951117,0.0.4138717@1790021922.270645771
0.0.10831542,107.4540356400604,SUCCESS,0.0.731861,0.0.3951117,0.0.4138717@1790021923.488407666
0.0.847617,34.43571885665592,SUCCESS,0.0.731861,0.0.3951117,0.0.4138717@1790021925.008446920
0.0.10824909,20.01940447302626,SUCCESS,0.0.731861,0.0.3951117&0.0.3961531&0.0.3964804&0.0.5328590&0.0.6071119,0.0.4138717@1790021921.503934276
0.0.10818243,3.605807877640198,SUCCESS,0.0.731861,0.0.3951117&0.0.3961531&0.0.10414792,0.0.4138717@1790021925.076419815
0.0.10812303,101.200449500368,SUCCESS,0.0.731861,0.0.3951117,0.0.4138717@1790021925.135401209
0.0.10296471,13.34438336700433,SUCCESS,0.0.731861,0.0.3951117,0.0.4138717@1790021924.858234439
0.0.10609625,0.03532562925538621,SUCCESS,0.0.731861,0.0.3951117,0.0.4138717@1790021927.074762712
0.0.10380727,72.42468367222756,SUCCESS,0.0.731861,0.0.3951117&0.0.3961531&0.0.3964790&0.0.3964804&0.0.3964860,0.0.4138717@1790021925.784836210
0.0.4560992,7.27901865570138,SUCCESS,0.0.731861,0.0.3951117,0.0.4138717@1790021927.470093677
0.0.10504552,0.336284258298782,SUCCESS,0.0.731861,0.0.3951117,0.0.4138717@1790021924.384344589
0.0.912615,109.356679092218,SUCCESS,0.0.731861,0.0.3951117&0.0.3964804&0.0.3964827,0.0.4138717@1790021924.409768160
0.0.10493411,34.56794338302852,SUCCESS,0.0.731861,0.0.3951117&0.0.3961531,0.0.4138717@1790021927.004645137
0.0.9302147,102.5725062105794,SUCCESS,0.0.731861,0.0.3951117&0.0.5328590,0.0.4138717@1790021928.461738864
0.0.10483303,29068.33287998758,SUCCESS,0.0.731861,0.0.3951117,0.0.4138717@1790021925.625793653
0.0.2017173,202.1386855840397,SUCCESS,0.0.731861,0.0.3951117&0.0.3964804,0.0.4138717@1790021927.446171418
0.0.1988559,2.224252647260499,SUCCESS,0.0.731861,0.0.3951117&0.0.3961531&0.0.3964804,0.0.4138717@1790021929.783981882
0.0.1408633,5.273125991473945,SUCCESS,0.0.731861,0.0.3951117&0.0.3964855&0.0.6078459,0.0.4138717@1790021926.781861134
0.0.10352676,1.756644354638208,SUCCESS,0.0.731861,0.0.3951117,0.0.4138717@1790021930.218329023
0.0.4432398,0.7547098568443916,SUCCESS,0.0.731861,0.0.3951117,0.0.4138717@1790021931.317441699
0.0.9299646,8.061584155046148,SUCCESS,0.0.731861,0.0.3951117,0.0.4138717@1790021927.832384060
0.0.8373509,76.45129075838702,SUCCESS,0.0.731861,0.0.3951117&0.0.3961531&0.0.3964804&0.0.5328590,0.0.4138717@1790021928.691265584
0.0.10230141,19.22593019327218,SUCCESS,0.0.731861,0.0.3951117,0.0.4138717@1790021932.002590892
0.0.4343858,104.3012639291203,SUCCESS,0.0.731861,0.0.3951117&0.0.3964827&0.0.5328590,0.0.4138717@1790021930.348310167
0.0.7786995,221.0484875857466,SUCCESS,0.0.731861,0.0.3951117,0.0.4138717@1790021933.306707531
0.0.10169145,0.1902618183182092,SUCCESS,0.0.731861,0.0.3951117,0.0.4138717@1790021930.064343102
0.0.10122546,0.0826451541373288,SUCCESS,0.0.731861,0.0.3951117,0.0.4138717@1790021932.600424239
0.0.4817549,5.897006707362868,SUCCESS,0.0.731861,0.0.3951117&0.0.3964804,0.0.4138717@1790021933.955105887
0.0.4184733,386.166402800337,SUCCESS,0.0.731861,0.0.3951117,0.0.4138717@1790021930.152611899
0.0.1412123,1.33847986204328,NOT_ASSOCIATED,0.0.731861,0.0.3951117&0.0.3964804,
0.0.4432149,1.286285681578142,SUCCESS,0.0.731861,0.0.3951117,0.0.4138717@1790021935.407113072
0.0.4732964,0.4816844990996228,SUCCESS,0.0.731861,0.0.3951117,0.0.4138717@1790021932.011752419
0.0.3969243,0.1715235691007358,SUCCESS,0.0.731861,0.0.3951117&0.0.4129330,0.0.4138717@1790021931.441526388
0.0.5975196,2.067176996993096,SUCCESS,0.0.731861,0.0.3951117&0.0.4601632,0.0.4138717@1790021935.766716628
0.0.4329852,238.9343235761573,SUCCESS,0.0.731861,0.0.3951117&0.0.3964804&0.0.3964827&0.0.3964855&0.0.4601632&0.0.5328590,0.0.4138717@1790021934.331301366
0.0.3681428,741.9958827490674,SUCCESS,0.0.731861,0.0.3951117&0.0.3964804,0.0.4138717@1790021937.566764028
0.0.4318411,21.2893237939329,SUCCESS,0.0.731861,0.0.3951117,0.0.4138717@1790021933.729340897
0.0.5976303,1.698083162183759,SUCCESS,0.0.731861,0.0.3951117&0.0.3964804,0.0.4138717@1790021937.438347170
0.0.4558891,15.55583043748634,SUCCESS,0.0.731861,0.0.3951117,0.0.4138717@1790021937.874973098
0.0.2930231,1.571792384350292,SUCCESS,0.0.731861,0.0.3951117&0.0.3964804,0.0.4138717@1790021934.254023955
0.0.4968045,11.01214316937595,SUCCESS,0.0.731861,0.0.3951117,0.0.4138717@1790021935.369349939
0.0.4322002,1.693140938914548,SUCCESS,0.0.731861,0.0.3951117,0.0.4138717@1790021939.244341780
0.0.4938729,5.863100379095957,SUCCESS,0.0.731861,0.0.3951117,0.0.4138717@1790021939.035751657
0.0.4775299,3.557965933917652,SUCCESS,0.0.731861,0.0.3951117,0.0.4138717@1790021940.314958164
0.0.4340758,2.422007099848668,SUCCESS,0.0.731861,0.0.3951117&0.0.3964804,0.0.4138717@1790021939.416975849
0.0.4695027,1.407592898943117,SUCCESS,0.0.731861,0.0.3951117,0.0.4138717@1790021937.729570215
0.0.4709377,49.58368399354409,SUCCESS,0.0.731861,0.0.3951117,0.0.4138717@1790021936.710996154
0.0.5716339,0.005804353936917762,SUCCESS,0.0.731861,0.0.3951117,0.0.4138717@1790021941.350189892
0.0.1322785,131.3313778352173,SUCCESS,0.0.731861,0.0.3951117,0.0.4138717@1790021941.273892586
0.0.4354394,130.2533245382868,SUCCESS,0.0.731861,0.0.3951117&0.0.3964790,0.0.4138717@1790021940.468575858
0.0.3829916,97.7487358636391,SUCCESS,0.0.731861,0.0.3951117,0.0.4138717@1790021939.286548414
0.0.662296,372.8436868523867,SUCCESS,0.0.731861,0.0.3951117&0.0.5328590,0.0.4138717@1790021938.427337557
0.0.853268,180.6111977538749,SUCCESS,0.0.731861,0.0.3951117,0.0.4138717@1790021942.890619651
0.0.1711779,0.07474876156180751,SUCCESS,0.0.731861,0.0.3951117,0.0.4138717@1790021942.101787371
0.0.5117832,236.8919418755223,SUCCESS,0.0.731861,0.0.3951117&0.0.3964804,0.0.4138717@1790021941.156857587
0.0.5310061,2.919456804338121,SUCCESS,0.0.731861,0.0.3951117&0.0.3964804,0.0.4138717@1790021941.535820044
0.0.5281334,0.7521420460842588,SUCCESS,0.0.731861,0.0.3951117,0.0.4138717@1790021943.283798302
0.0.4986167,0.7534478675694841,SUCCESS,0.0.731861,0.0.3951117,0.0.4138717@1790021945.044425919
0.0.4702708,117.9319459655205,SUCCESS,0.0.731861,0.0.3951117&0.0.3964827,0.0.4138717@1790021940.943739894
0.0.1506598,6.523697310587226,SUCCESS,0.0.731861,0.0.3951117,0.0.4138717@1790021945.066517308
0.0.1023917,41.1446794244174,SUCCESS,0.0.731861,0.0.3951117&0.0.3964804&0.0.3964855&0.0.4601632&0.0.6071119,0.0.4138717@1790021942.899753218
0.0.1490591,51.18852641452933,SUCCESS,0.0.731861,0.0.3951117&0.0.3964790&0.0.3964804,0.0.4138717@1790021946.534168681
0.0.1110477,35.76160507616731,SUCCESS,0.0.731861,0.0.3951117,0.0.4138717@1790021942.895328467
0.0.4766933,65.31958610325708,SUCCESS,0.0.731861,0.0.3951117,0.0.4138717@1790021945.711345742
0.0.4551977,0.3518568818977727,SUCCESS,0.0.731861,0.0.3951117,0.0.4138717@1790021947.319899695
0.0.1726157,14.89069995174867,SUCCESS,0.0.731861,0.0.3951117&0.0.3964804,0.0.4138717@1790021945.322002771
0.0.4229805,2.036300880974441,SUCCESS,0.0.731861,0.0.3951117,0.0.4138717@1790021948.072614445
0.0.5078033,7.364128624760378,SUCCESS,0.0.731861,0.0.3951117&0.0.4601632,0.0.4138717@1790021947.518983281
0.0.7479340,4.790064367609381,SUCCESS,0.0.731861,0.0.3951117&0.0.3964804,0.0.4138717@1790021948.364710960
0.0.1340928,149.1090819183733,SUCCESS,0.0.731861,0.0.3951117,0.0.4138717@1790021949.382319607
0.0.7138336,0.05224819044030601,SUCCESS,0.0.731861,0.0.3951117&0.0.3961531,0.0.4138717@1790021946.279559396
0.0.7262531,0.06851629038389935,SUCCESS,0.0.731861,0.0.3951117&0.0.3964804,0.0.4138717@1790021950.713364904
0.0.6781119,871.3346087345509,SUCCESS,0.0.731861,0.0.3951117&0.0.3961531&0.0.3964804&0.0.3964827&0.0.3964860&0.0.4601632&0.0.5328590&0.0.6071119&0.0.8315114,0.0.4138717@1790021949.945542304
0.0.6026305,0.7704646032391844,SUCCESS,0.0.731861,0.0.3951117,0.0.4138717@1790021948.718243450
0.0.4335807,650.5630654009228,SUCCESS,0.0.731861,0.0.3951117&0.0.3961531&0.0.3964790&0.0.3964827&0.0.3964855&0.0.4129330&0.0.4601632&0.0.5328590,0.0.4138717@1790021947.722947605
0.0.4345324,0.4408531192869056,SUCCESS,0.0.731861,0.0.3951117,0.0.4138717@1790021948.946710697
0.0.874760,167.5201839528454,SUCCESS,0.0.731861,0.0.3951117&0.0.3964804&0.0.6078459,0.0.4138717@1790021949.601205180
0.0.6440477,1.79424983493555,SUCCESS,0.0.731861,0.0.3951117&0.0.3964804,0.0.4138717@1790021949.935118179
0.0.6289117,46.25585197277533,SUCCESS,0.0.731861,0.0.3951117&0.0.3964804&0.0.4601632&0.0.6071041,0.0.4138717@1790021951.348505493
0.0.6313910,435.1824538920008,SUCCESS,0.0.731861,0.0.3951117&0.0.3964804,0.0.4138717@1790021953.484161563
0.0.6244791,4.264050465183232,SUCCESS,0.0.731861,0.0.3951117,0.0.4138717@1790021951.723885577
0.0.850535,1201.840255142425,SUCCESS,0.0.731861,0.0.3951117&0.0.4129330&0.0.4601632&0.0.5328590,0.0.4138717@1790021954.227915625
0.0.5797983,0.9480709982960047,SUCCESS,0.0.731861,0.0.3951117&0.0.3961531&0.0.3964804,0.0.4138717@1790021951.438033594
0.0.3242760,83.4152562999693,SUCCESS,0.0.731861,0.0.3951117&0.0.3961531&0.0.3964804,0.0.4138717@1790021956.003974382
0.0.4923080,0.5641295115272695,SUCCESS,0.0.731861,0.0.3951117,0.0.4138717@1790021952.316104948
0.0.2968839,76.45209806392431,SUCCESS,0.0.731861,0.0.3951117&0.0.3964804&0.0.4601632,0.0.4138717@1790021951.856089981
0.0.4330219,0.8686185282868852,SUCCESS,0.0.731861,0.0.3951117&0.0.3964790,0.0.4138717@1790021952.005404676
0.0.3071320,109.8226696272566,SUCCESS,0.0.731861,0.0.3951117,0.0.4138717@1790021956.331004211
0.0.4758169,2.119429527740215,SUCCESS,0.0.731861,0.0.3951117,0.0.4138717@1790021955.199725326
0.0.525256,41.47413417858716,SUCCESS,0.0.731861,0.0.3951117,0.0.4138717@1790021956.000315423
0.0.4333286,4.232195306723311,SUCCESS,0.0.731861,0.0.3951117&0.0.3964827&0.0.3964860,0.0.4138717@1790021954.424740187
0.0.854331,0.1983154335960266,SUCCESS,0.0.731861,0.0.3951117,0.0.4138717@1790021954.664122070
0.0.4329215,0.4813916340041394,SUCCESS,0.0.731861,0.0.3951117&0.0.3961531&0.0.3964804,0.0.4138717@1790021957.496616695
0.0.639876,0.297991258173392,SUCCESS,0.0.731861,0.0.3951117,0.0.4138717@1790021955.584767321
0.0.4205604,5.150739256827553,SUCCESS,0.0.731861,0.0.3951117,0.0.4138717@1790021959.064611190
0.0.1261552,2.033166774429116,SUCCESS,0.0.731861,0.0.3951117&0.0.3961531&0.0.3964790&0.0.3964804&0.0.3964860&0.0.4129330&0.0.6071119,0.0.4138717@1790021958.316367639
0.0.2174139,2.29220347944845,SUCCESS,0.0.731861,0.0.3951117&0.0.3964804,0.0.4138717@1790021957.253284598
0.0.823348,0.9673913487345901,SUCCESS,0.0.731861,0.0.3951117,0.0.4138717@1790021956.826471230
0.0.1412849,0.00003091693434750254,SUCCESS,0.0.731861,0.0.3951117,0.0.4138717@1790021957.300131491
0.0.4210667,0.100774476621885,SUCCESS,0.0.731861,0.0.3951117,0.0.4138717@1790021957.445425441
0.0.819461,0.7412067511008731,SUCCESS,0.0.731861,0.0.3951117,0.0.4138717@1790021962.608080617
0.0.1628961,5160.46771283904,SUCCESS,0.0.731861,0.0.3951117&0.0.3964804&0.0.5328590,0.0.4138717@1790021958.790930082
0.0.925802,11.47305031465332,SUCCESS,0.0.731861,0.0.3951117,0.0.4138717@1790021963.516302036
0.0.896788,2309.272398237855,SUCCESS,0.0.731861,0.0.3951117,0.0.4138717@1790021959.103984924
0.0.2116956,2.643810033655162,SUCCESS,0.0.731861,0.0.3951117&0.0.3961531&0.0.3964855,0.0.4138717@1790021964.004708174
0.0.1453803,109.846366938342,SUCCESS,0.0.731861,0.0.3951117&0.0.4601632&0.0.5328590&0.0.6071119,0.0.4138717@1790021959.862331129
0.0.832624,10.97699257807548,SUCCESS,0.0.731861,0.0.3951117&0.0.3961531&0.0.3964804&0.0.5328590&0.0.6071119,0.0.4138717@1790021961.537725141
0.0.1071830,64.47502289082549,SUCCESS,0.0.731861,0.0.3951117&0.0.3961531&0.0.3964804,0.0.4138717@1790021959.463536718
0.0.1724832,0.856290189898875,SUCCESS,0.0.731861,0.0.3951117,0.0.4138717@1790021962.845534275
0.0.3845966,6.207849795764874,SUCCESS,0.0.731861,0.0.3951117&0.0.3961531&0.0.3964790&0.0.3964804&0.0.3964827&0.0.6078459,0.0.4138717@1790021962.199856637
0.0.956549,311.8143915412923,SUCCESS,0.0.731861,0.0.3951117,0.0.4138717@1790021966.020911618
0.0.3241044,27.63329106352348,SUCCESS,0.0.731861,0.0.3951117&0.0.3961531,0.0.4138717@1790021966.838513340
0.0.1290358,79.78523582065806,SUCCESS,0.0.731861,0.0.3951117,0.0.4138717@1790021962.908557272
0.0.860438,8.853817845022451,SUCCESS,0.0.731861,0.0.3951117&0.0.3964804&0.0.6071119,0.0.4138717@1790021963.942016149
0.0.836838,52241.8619446229,SUCCESS,0.0.731861,0.0.3951117,0.0.4138717@1790021966.999102976
0.0.2141800,81.78139231342517,SUCCESS,0.0.731861,0.0.3951117,0.0.4138717@1790021967.233535956
0.0.834820,82.37740016070634,SUCCESS,0.0.731861,0.0.3951117&0.0.3964804,0.0.4138717@1790021966.763031855
0.0.2773436,1259.828913642729,SUCCESS,0.0.731861,0.0.3951117&0.0.3964804&0.0.5328590,0.0.4138717@1790021964.410971999
0.0.1265153,0.01655944757658616,SUCCESS,0.0.731861,0.0.3951117&0.0.3964827,0.0.4138717@1790021967.650424932
0.0.1104990,109.8480829826093,SUCCESS,0.0.731861,0.0.3951117,0.0.4138717@1790021965.053944263
0.0.795933,7.446857932381916,SUCCESS,0.0.731861,0.0.3951117,0.0.4138717@1790021968.072975961
0.0.4323088,31.90986864853432,SUCCESS,0.0.731861,0.0.3951117&0.0.3964804&0.0.3964855,0.0.4138717@1790021970.199336571
0.0.4590627,3.750475250674246,SUCCESS,0.0.731861,0.0.3951117,0.0.4138717@1790021972.174532645
0.0.5202236,2.343442448096741,SUCCESS,0.0.731861,0.0.3951117,0.0.4138717@1790021968.901524323
0.0.5182107,1.640156784836627,NOT_ASSOCIATED,0.0.731861,0.0.3951117&0.0.3964804,
0.0.841339,7.453243275828209,SUCCESS,0.0.731861,0.0.3951117,0.0.4138717@1790021967.791534455
0.0.5119346,16.73227041642786,SUCCESS,0.0.731861,0.0.3951117&0.0.3964804,0.0.4138717@1790021968.882972679
0.0.5118190,5.872587823735034,SUCCESS,0.0.731861,0.0.3951117&0.0.3964804&0.0.3964827&0.0.3964860&0.0.5328590,0.0.4138717@1790021970.356598223
0.0.5118232,1.787613974876968,SUCCESS,0.0.731861,0.0.3951117&0.0.3964804,0.0.4138717@1790021973.120079105
0.0.5118079,5.388842498427824,SUCCESS,0.0.731861,0.0.3951117&0.0.3964804,0.0.4138717@1790021969.452830662
0.0.1266990,0.318973836343606,SUCCESS,0.0.731861,0.0.3951117,0.0.4138717@1790021971.264495941
0.0.4324463,0.5097633385362881,SUCCESS,0.0.731861,0.0.3951117&0.0.3964790,0.0.4138717@1790021969.124823469
0.0.4582751,0.7568072135228958,SUCCESS,0.0.731861,0.0.3951117,0.0.4138717@1790021975.086138026
0.0.4321631,2307.899446109161,SUCCESS,0.0.731861,0.0.3951117&0.0.3964804&0.0.4601632,0.0.4138717@1790021971.398131479
0.0.4324445,20.10597536004117,SUCCESS,0.0.731861,0.0.3951117&0.0.3964804&0.0.3964855,0.0.4138717@1790021975.369084899
0.0.9125858,83228.29812814672,SUCCESS,0.0.731861,0.0.3951117&0.0.6071041&0.0.6071119&0.0.6126395&0.0.8315114&0.0.9774523&0.0.10018365&0.0.10092996,0.0.4138717@1790021973.743224805
0.0.1506629,0.4619558459272684,SUCCESS,0.0.731861,0.0.3951117,0.0.4138717@1790021974.747999609
0.0.4544530,488.833616347886,SUCCESS,0.0.731861,0.0.3951117&0.0.3961531&0.0.3964790&0.0.3964804&0.0.3964827&0.0.3964855&0.0.3964860&0.0.4129330&0.0.4601632&0.0.5328590&0.0.6071041&0.0.6078459&0.0.6078473,0.0.4138717@1790021974.459435759
0.0.4348824,0.1275711121262714,SUCCESS,0.0.731861,0.0.3951117,0.0.4138717@1790021976.619108152
0.0.104926,0.02860011173393234,SUCCESS,0.0.731861,0.0.3951117,0.0.4138717@1790021975.219530324
0.0.4370057,0.3813413256000022,SUCCESS,0.0.731861,0.0.3951117,0.0.4138717@1790021975.348920850
0.0.4322065,7.388831717812326,SUCCESS,0.0.731861,0.0.3951117,0.0.4138717@1790021975.677969725
0.0.1338331,3.038524434029412,SUCCESS,0.0.731861,0.0.3951117,0.0.4138717@1790021977.957890431
0.0.4349304,0.637351402838736,SUCCESS,0.0.731861,0.0.3951117&0.0.3964790,0.0.4138717@1790021974.728073875
0.0.1735540,15.09162566970398,SUCCESS,0.0.731861,0.0.3951117&0.0.5328590,0.0.4138717@1790021979.474729396
0.0.1910285,0.887075154536569,SUCCESS,0.0.731861,0.0.3951117,0.0.4138717@1790021977.079195516
0.0.4350041,1.373629015620881,SUCCESS,0.0.731861,0.0.3951117,0.0.4138717@1790021978.916017769
0.0.1075892,7.903895419725404,SUCCESS,0.0.731861,0.0.3951117,0.0.4138717@1790021976.070928230
0.0.508876,550.4702142233003,SUCCESS,0.0.731861,0.0.3951117&0.0.3964804,0.0.4138717@1790021977.234968492
0.0.4346579,0.01333237497408605,SUCCESS,0.0.731861,0.0.3951117,0.0.4138717@1790021980.351411312
0.0.4339712,0.6886697817058658,SUCCESS,0.0.731861,0.0.3951117,0.0.4138717@1790021978.668243374
0.0.1904506,0.001224287772289454,SUCCESS,0.0.731861,0.0.3951117,0.0.4138717@1790021977.909059641
0.0.1458130,0.08459237365673397,SUCCESS,0.0.731861,0.0.3951117,0.0.4138717@1790021980.433971390
0.0.5060673,635.4540644297565,SUCCESS,0.0.731861,0.0.3951117,0.0.4138717@1790021982.180216532
0.0.5156210,0.03666493383011457,SUCCESS,0.0.731861,0.0.3951117&0.0.3964804,0.0.4138717@1790021980.341001260
0.0.5028724,0.01149103521578214,SUCCESS,0.0.731861,0.0.3951117,0.0.4138717@1790021982.702717956
0.0.4383878,0.4280411699947084,SUCCESS,0.0.731861,0.0.3951117&0.0.6078459,0.0.4138717@1790021982.177005046
0.0.4430933,132.3893509279224,SUCCESS,0.0.731861,0.0.3951117&0.0.3964827,0.0.4138717@1790021981.348356474
0.0.834443,235.3218583973344,SUCCESS,0.0.731861,0.0.3951117,0.0.4138717@1790021980.539284374
0.0.4858736,0.08726369892940987,SUCCESS,0.0.731861,0.0.3951117,0.0.4138717@1790021984.738882232
0.0.664329,5.223682517460999,SUCCESS,0.0.731861,0.0.3951117&0.0.6071119&0.0.6126395,0.0.4138717@1790021985.150237275
0.0.4792831,0.006647617002750836,SUCCESS,0.0.731861,0.0.3951117,0.0.4138717@1790021984.558802521
0.0.4338219,13.19082826645658,SUCCESS,0.0.731861,0.0.3951117,0.0.4138717@1790021984.800678328
0.0.4745055,0.01259727548556722,SUCCESS,0.0.731861,0.0.3951117,0.0.4138717@1790021984.852711624
0.0.1339713,20.84186007385255,SUCCESS,0.0.731861,0.0.3951117&0.0.3964804,0.0.4138717@1790021986.983620285
0.0.1784251,6.223684717728678,SUCCESS,0.0.731861,0.0.3951117&0.0.3964804&0.0.4601632&0.0.5328590&0.0.10414792&0.0.10498274,0.0.4138717@1790021985.846592068
0.0.1292697,6.607514331413171,SUCCESS,0.0.731861,0.0.3951117&0.0.3961531,0.0.4138717@1790021987.457511640
0.0.1512938,0.001451533000450149,SUCCESS,0.0.731861,0.0.3951117,0.0.4138717@1790021986.668812842
0.0.4331665,2.406719171734098,SUCCESS,0.0.731861,0.0.3951117,0.0.4138717@1790021985.305288201
0.0.4361868,53.17350441066299,SUCCESS,0.0.731861,0.0.3951117,0.0.4138717@1790021987.303998378
0.0.4433722,0.137848265167092,SUCCESS,0.0.731861,0.0.3951117,0.0.4138717@1790021987.463349176
0.0.3925109,0.00008930007576619714,SUCCESS,0.0.731861,0.0.3951117,0.0.4138717@1790021986.314986639
0.0.4591423,1.710608080353614,SUCCESS,0.0.731861,0.0.3951117&0.0.3964855&0.0.4601632,0.0.4138717@1790021990.097208671
0.0.3872466,0.2443214422158452,SUCCESS,0.0.731861,0.0.3951117,0.0.4138717@1790021990.507408034
0.0.1508462,65.78168812524368,SUCCESS,0.0.731861,0.0.3951117,0.0.4138717@1790021988.447920292
0.0.4575306,0.008631474688649911,SUCCESS,0.0.731861,0.0.3951117,0.0.4138717@1790021987.136288842
0.0.516971,2.979230698068793e-7,SUCCESS,0.0.731861,0.0.3951117,0.0.4138717@1790021989.507021546
0.0.490092,0.2589175584887777,SUCCESS,0.0.731861,0.0.3951117,0.0.4138717@1790021989.455095309
0.0.4569835,0.01326999555795141,SUCCESS,0.0.731861,0.0.3951117,0.0.4138717@1790021990.178920990
0.0.4423729,68.35938171415533,SUCCESS,0.0.731861,0.0.3951117&0.0.3964804&0.0.10498278,0.0.4138717@1790021992.835111882
0.0.1070346,98.98089749027247,SUCCESS,0.0.731861,0.0.3951117&0.0.3961531,0.0.4138717@1790021989.926473108
0.0.8068996,1.060591368261599,SUCCESS,0.0.731861,0.0.3951117&0.0.3964790&0.0.3964804&0.0.3964827&0.0.5328590,0.0.4138717@1790021990.285112762
0.0.1368197,5.096746707609435,SUCCESS,0.0.731861,0.0.3951117&0.0.3964804,0.0.4138717@1790021990.311248210
0.0.1707146,2.062138250431955,SUCCESS,0.0.731861,0.0.3951117,0.0.4138717@1790021993.229725966
0.0.8419510,0.4385182109587195,SUCCESS,0.0.731861,0.0.3951117,0.0.4138717@1790021991.348314408
0.0.9112426,1.95436729217238,SUCCESS,0.0.731861,0.0.3951117&0.0.3964804&0.0.3964860,0.0.4138717@1790021994.323217568
0.0.8684349,880.9503514168995,SUCCESS,0.0.731861,0.0.3951117,0.0.4138717@1790021995.227789826
0.0.8490555,3.277864153265621,SUCCESS,0.0.731861,0.0.3951117,0.0.4138717@1790021994.183088873
0.0.5352069,0.7921605255215668,SUCCESS,0.0.731861,0.0.3951117,0.0.4138717@1790021994.078040124
0.0.1374442,784.2089095883042,SUCCESS,0.0.731861,0.0.3951117&0.0.3964804&0.0.4601632&0.0.5328590,0.0.4138717@1790021992.225942497
0.0.8382774,0.9993024282518113,SUCCESS,0.0.731861,0.0.3951117&0.0.3964804,0.0.4138717@1790021996.924314738
0.0.2137668,65.66055415613266,SUCCESS,0.0.731861,0.0.3951117&0.0.3964804,0.0.4138717@1790021995.412186697
0.0.8260017,0.2454779924187156,SUCCESS,0.0.731861,0.0.3951117&0.0.3964804,0.0.4138717@1790021994.711303220
0.0.8212757,3.886463295050902,SUCCESS,0.0.731861,0.0.3951117,0.0.4138717@1790021998.201812469
0.0.819005,28.31355281944599,SUCCESS,0.0.731861,0.0.3951117&0.0.5328590,0.0.4138717@1790021995.700320802
0.0.8071373,2.180553444533434,SUCCESS,0.0.731861,0.0.3951117,0.0.4138717@1790021997.147411716
0.0.7798148,10.07109129806316,SUCCESS,0.0.731861,0.0.3951117,0.0.4138717@1790021996.198951667
0.0.5688804,5.665058483789831,SUCCESS,0.0.731861,0.0.3951117&0.0.3964827,0.0.4138717@1790021998.411069277
0.0.8013259,20853.33993381824,SUCCESS,0.0.731861,0.0.3951117,0.0.4138717@1790021995.946552790
0.0.3706536,0.01787767590823942,SUCCESS,0.0.731861,0.0.3951117,0.0.4138717@1790022000.098561712
0.0.7989790,0.064554210588339,SUCCESS,0.0.731861,0.0.3951117,0.0.4138717@1790021996.619897126
0.0.834595,22.28288100794726,SUCCESS,0.0.731861,0.0.3951117&0.0.3964804&0.0.5328590,0.0.4138717@1790022001.291698309
0.0.1123889,4.06794157497033,SUCCESS,0.0.731861,0.0.3951117&0.0.3964804,0.0.4138717@1790021999.286036049
0.0.5060163,0.6524749627330687,SUCCESS,0.0.731861,0.0.3951117,0.0.4138717@1790021999.308616975
0.0.7490874,1.878662938825645,SUCCESS,0.0.731861,0.0.3951117&0.0.3964804,0.0.4138717@1790022000.067214903
0.0.6270084,1539.253867229647,SUCCESS,0.0.731861,0.0.3951117&0.0.3964804,0.0.4138717@1790022000.121975477
0.0.5126364,32.64544213441412,SUCCESS,0.0.731861,0.0.3951117,0.0.4138717@1790022003.435370365
0.0.813134,76.4872473279835,SUCCESS,0.0.731861,0.0.3951117&0.0.3964804,0.0.4138717@1790022002.531465699
0.0.1380352,3.048452574170323,SUCCESS,0.0.731861,0.0.3951117,0.0.4138717@1790021999.237433231
0.0.7129552,107.0193198393041,SUCCESS,0.0.731861,0.0.3951117&0.0.6071119,0.0.4138717@1790022002.688810232
0.0.696790,14.35296670385939,SUCCESS,0.0.731861,0.0.3951117&0.0.3964804,0.0.4138717@1790022003.018255062
0.0.8068689,305.1205681680357,SUCCESS,0.0.731861,0.0.3951117&0.0.3964804&0.0.3964827,0.0.4138717@1790022003.119357496
0.0.9150357,14.46159142531232,NOT_ASSOCIATED,0.0.731861,0.0.3951117,
0.0.7788937,0.2403928624829912,SUCCESS,0.0.731861,0.0.3951117&0.0.10018365,0.0.4138717@1790022003.834899290
0.0.9104463,23.93280154872375,SUCCESS,0.0.731861,0.0.3951117&0.0.3964804,0.0.4138717@1790022004.345522436
0.0.4531253,8.535496368526818,SUCCESS,0.0.731861,0.0.3951117&0.0.3961531&0.0.3964804&0.0.3964855&0.0.4129330&0.0.8315114,0.0.4138717@1790022003.786953273
0.0.1792818,0.01485655570541999,SUCCESS,0.0.731861,0.0.3951117,0.0.4138717@1790022002.041296087
0.0.2122027,21.69536369009646,SUCCESS,0.0.731861,0.0.3951117&0.0.3961531&0.0.3964804,0.0.4138717@1790022004.268185093
0.0.8531519,9.784231550108457,SUCCESS,0.0.731861,0.0.3951117,0.0.4138717@1790022003.432876024
0.0.2960169,2.478459187942431,SUCCESS,0.0.731861,0.0.3951117&0.0.3961531&0.0.3964827,0.0.4138717@1790022007.982311001
0.0.8616856,158.5020980838895,SUCCESS,0.0.731861,0.0.3951117&0.0.3961531&0.0.3964804&0.0.6071119,0.0.4138717@1790022005.529116072
0.0.1691323,68.789692254143,SUCCESS,0.0.731861,0.0.3951117&0.0.3964804,0.0.4138717@1790022005.334144375
0.0.4342759,80.13674003163084,SUCCESS,0.0.731861,0.0.3951117,0.0.4138717@1790022005.482656605
0.0.4912200,280.2755202383229,SUCCESS,0.0.731861,0.0.3951117&0.0.3964804,0.0.4138717@1790022005.916142974
0.0.1379217,13.37819045283809,NOT_ASSOCIATED,0.0.731861,0.0.3951117,
0.0.6258771,10.72366346500514,SUCCESS,0.0.731861,0.0.3951117,0.0.4138717@1790022007.309804762
0.0.7889838,0.1307965426303862,SUCCESS,0.0.731861,0.0.3951117,0.0.4138717@1790022006.884434473
0.0.1462225,3696.069488975188,SUCCESS,0.0.731861,0.0.3951117,0.0.4138717@1790022007.113879855
0.0.1991961,140.9588153198425,SUCCESS,0.0.731861,0.0.3951117&0.0.3964790&0.0.3964827&0.0.4601632&0.0.6071041,0.0.4138717@1790022008.404469901
0.0.856667,18.78516978740905,SUCCESS,0.0.731861,0.0.3951117&0.0.3964804,0.0.4138717@1790022008.436425329
0.0.2125030,137.2862367413157,SUCCESS,0.0.731861,0.0.3951117&0.0.3961531,0.0.4138717@1790022009.827549756
0.0.1601282,0.2822220272943393,SUCCESS,0.0.731861,0.0.3951117,0.0.4138717@1790022011.918055136
0.0.7991960,11.20496710871478,SUCCESS,0.0.731861,0.0.3951117&0.0.3964804,0.0.4138717@1790022012.512202876
0.0.4302086,0.4545331445503832,SUCCESS,0.0.731861,0.0.3951117,0.0.4138717@1790022010.814466168
0.0.598828,0.1204252993192248,SUCCESS,0.0.731861,0.0.3951117&0.0.3964804,0.0.4138717@1790022010.149826609
0.0.4864609,0.381487770703779,SUCCESS,0.0.731861,0.0.3951117,0.0.4138717@1790022013.891867241
0.0.1877739,2.274218494717243,SUCCESS,0.0.731861,0.0.3951117&0.0.3964827&0.0.4601632,0.0.4138717@1790022013.679138856
0.0.4347838,9.08196252130357,SUCCESS,0.0.731861,0.0.3951117,0.0.4138717@1790022011.081266304
0.0.4503599,3.608292684721152,SUCCESS,0.0.731861,0.0.3951117,0.0.4138717@1790022013.856964187
0.0.7835270,20.89423740430941,SUCCESS,0.0.731861,0.0.3951117,0.0.4138717@1790022011.250787144
0.0.7843482,3.985511099713888,SUCCESS,0.0.731861,0.0.3951117&0.0.3964804,0.0.4138717@1790022012.615517430
0.0.4559340,0.4263297315227401,SUCCESS,0.0.731861,0.0.3951117,0.0.4138717@1790022015.220082244
0.0.8899262,9.205078141509054,SUCCESS,0.0.731861,0.0.3951117,0.0.4138717@1790022012.987783323
0.0.7526203,4.178471042473578,SUCCESS,0.0.731861,0.0.3951117&0.0.3964804,0.0.4138717@1790022013.711394977
0.0.3525426,30.68857073417571,SUCCESS,0.0.731861,0.0.3951117&0.0.3964790&0.0.3964804&0.0.3964860&0.0.4601632&0.0.5328590,0.0.4138717@1790022016.781882424
0.0.1123753,4.798533674548207,SUCCESS,0.0.731861,0.0.3951117&0.0.4129330,0.0.4138717@1790022015.829626112
0.0.7920605,65.63826549356331,SUCCESS,0.0.731861,0.0.3951117&0.0.3961531&0.0.3964790&0.0.5328590,0.0.4138717@1790022016.559820770
0.0.139500,127.7494312091054,SUCCESS,0.0.731861,0.0.3951117&0.0.3964790&0.0.3964860,0.0.4138717@1790022015.974448507
0.0.10088944,4.198423157890153,SUCCESS,0.0.731861,0.0.3951117&0.0.3964804,0.0.4138717@1790022019.074535810
0.0.6374996,114.9631595396114,SUCCESS,0.0.731861,0.0.3951117&0.0.3964827&0.0.5328590,0.0.4138717@1790022019.701072519
0.0.10064213,2.739364813882989,SUCCESS,0.0.731861,0.0.3951117&0.0.3964804,0.0.4138717@1790022019.983066098
0.0.4349716,59.75605047760029,SUCCESS,0.0.731861,0.0.3951117&0.0.3964790&0.0.3964804&0.0.3964827&0.0.5328590&0.0.6078473,0.0.4138717@1790022015.839796702
0.0.8341357,0.7552698099179769,SUCCESS,0.0.731861,0.0.3951117,0.0.4138717@1790022016.958015258
0.0.835242,0.03477480905579763,SUCCESS,0.0.731861,0.0.3951117,0.0.4138717@1790022020.616029219
0.0.4570908,576.6872256232476,SUCCESS,0.0.731861,0.0.3951117&0.0.5328590,0.0.4138717@1790022016.776772675
0.0.52231,14.67447937450785,SUCCESS,0.0.731861,0.0.3951117,0.0.4138717@1790022017.957905117
0.0.7680254,4.799766063660132,SUCCESS,0.0.731861,0.0.3951117&0.0.3961531&0.0.3964804,0.0.4138717@1790022022.367237802
0.0.9597272,3.421156011728742,SUCCESS,0.0.731861,0.0.3951117,0.0.4138717@1790022019.700633311
0.0.2994397,4.931482382236902,SUCCESS,0.0.731861,0.0.3951117,0.0.4138717@1790022019.205711392
0.0.9619890,20.04397178502379,SUCCESS,0.0.731861,0.0.3951117&0.0.3964804&0.0.6071119&0.0.8315114,0.0.4138717@1790022021.839300421
0.0.3310398,1.331690629188301,SUCCESS,0.0.731861,0.0.3951117&0.0.3964804,0.0.4138717@1790022024.188796497
0.0.9120392,1.588914873587929,SUCCESS,0.0.731861,0.0.3951117&0.0.3964804&0.0.8315114,0.0.4138717@1790022022.765799678
0.0.9195929,401.798035916553,SUCCESS,0.0.731861,0.0.3951117&0.0.3964804&0.0.5328590&0.0.8315114,0.0.4138717@1790022022.249965902
0.0.7891604,29.23029574657707,SUCCESS,0.0.731861,0.0.3951117,0.0.4138717@1790022023.802573278
0.0.9200436,1.573107811530923,SUCCESS,0.0.731861,0.0.3951117&0.0.3961531,0.0.4138717@1790022020.240937385
0.0.657648,219.619368799403,SUCCESS,0.0.731861,0.0.3951117&0.0.3961531&0.0.3964790,0.0.4138717@1790022022.290776681
0.0.6872459,650.4636008892553,SUCCESS,0.0.731861,0.0.3951117,0.0.4138717@1790022024.034858993
0.0.9301583,119.4529134746313,SUCCESS,0.0.731861,0.0.3951117,0.0.4138717@1790022022.293352840
0.0.4351536,3.735034204955274,SUCCESS,0.0.731861,0.0.3951117,0.0.4138717@1790022025.989016205
0.0.844585,30.53840976384535,SUCCESS,0.0.731861,0.0.3951117&0.0.3964804,0.0.4138717@1790022023.070339019
0.0.9318600,397.6117364618109,SUCCESS,0.0.731861,0.0.3951117,0.0.4138717@1790022024.030475385
0.0.9154738,6.85305139113145,SUCCESS,0.0.731861,0.0.3951117&0.0.3964804&0.0.3964827&0.0.6071119,0.0.4138717@1790022023.556174935
0.0.4863820,1.162254022687836,SUCCESS,0.0.731861,0.0.3951117,0.0.4138717@1790022025.167340664
0.0.3169776,0.00990100975262483,SUCCESS,0.0.731861,0.0.3961531,0.0.4138717@1790022028.759433315
0.0.1093567,1.024973224483571,SUCCESS,0.0.731861,0.0.3961531&0.0.3964790,0.0.4138717@1790022027.424972731
0.0.663264,0.8029268585046379,SUCCESS,0.0.731861,0.0.3961531&0.0.3964790,0.0.4138717@1790022025.358763897
0.0.10478184,147976.1415513298,SUCCESS,0.0.731861,0.0.3961531&0.0.3964804&0.0.9774523&0.0.10018365&0.0.10092996&0.0.10093026,0.0.4138717@1790022029.226882128
0.0.10062632,2.031205158501966,SUCCESS,0.0.731861,0.0.3961531&0.0.5328590&0.0.6071119&0.0.8315114&0.0.9774523&0.0.10018365&0.0.10092996&0.0.10414792,0.0.4138717@1790022027.286871963
0.0.10489509,45536.17515664781,SUCCESS,0.0.731861,0.0.3961531&0.0.3964804,0.0.4138717@1790022028.096014933
0.0.10510695,1.812688308897221,NOT_ASSOCIATED,0.0.731861,0.0.3961531,
0.0.4363476,4.68723115797204,SUCCESS,0.0.731861,0.0.3961531,0.0.4138717@1790022031.242007994
0.0.10204459,0.7810778010546068,SUCCESS,0.0.731861,0.0.3961531,0.0.4138717@1790022030.315752695
0.0.10095007,0.1496175213637282,NOT_ASSOCIATED,0.0.731861,0.0.3961531,
0.0.3161254,45536.17515664781,SUCCESS,0.0.731861,0.0.3961531&0.0.3964804,0.0.4138717@1790022028.856396928
0.0.8355966,4.88533655491109,SUCCESS,0.0.731861,0.0.3961531,0.0.4138717@1790022031.285508828
0.0.793410,1504.487196258576,SUCCESS,0.0.731861,0.0.3961531&0.0.3964827&0.0.5328590&0.0.6071041,0.0.4138717@1790022028.951221656
0.0.4715000,0.1821678115834993,SUCCESS,0.0.731861,0.0.3961531,0.0.4138717@1790022030.755405730
0.0.863385,31.43857787781401,SUCCESS,0.0.731861,0.0.3961531,0.0.4138717@1790022033.564058056
0.0.1433179,0.1229540117482232,SUCCESS,0.0.731861,0.0.3961531,0.0.4138717@1790022030.231646583
0.0.2963242,0.5667865833901183,NOT_ASSOCIATED,0.0.731861,0.0.3961531,
0.0.1103540,0.3902542414217741,SUCCESS,0.0.731861,0.0.3961531&0.0.3964827,0.0.4138717@1790022032.225162994
0.0.826988,9.00663378151009,NOT_ASSOCIATED,0.0.731861,0.0.3961531,
0.0.1372179,2.317579128092031,SUCCESS,0.0.731861,0.0.3961531&0.0.3964804,0.0.4138717@1790022029.968809661
0.0.836858,20.73644685223303,SUCCESS,0.0.731861,0.0.3961531,0.0.4138717@1790022031.959789102
0.0.5435669,0.0719721060250577,SUCCESS,0.0.731861,0.0.3961531,0.0.4138717@1790022034.451978162
0.0.6306847,1.032509896783113,SUCCESS,0.0.731861,0.0.3961531&0.0.3964804&0.0.3964827,0.0.4138717@1790022032.955092254
0.0.935686,0.2930854248923511,SUCCESS,0.0.731861,0.0.3961531,0.0.4138717@1790022033.234793252
0.0.1324436,0.000421701782850716,NOT_ASSOCIATED,0.0.731861,0.0.3961531,
0.0.6143425,0.00393157031298939,SUCCESS,0.0.731861,0.0.3961531,0.0.4138717@1790022034.727705097
0.0.1152713,22991.52067777489,SUCCESS,0.0.731861,0.0.3961531&0.0.10387648&0.0.10418141,0.0.4138717@1790022033.707193419
0.0.1288450,0.001671010062107802,SUCCESS,0.0.731861,0.0.3961531,0.0.4138717@1790022034.624459904
0.0.842210,9.269882576148628,SUCCESS,0.0.731861,0.0.3961531&0.0.3964804,0.0.4138717@1790022037.891188654
0.0.844965,0.02569973806636317,SUCCESS,0.0.731861,0.0.3961531,0.0.4138717@1790022034.470672575
0.0.267573,171.5312938492054,SUCCESS,0.0.731861,0.0.3961531&0.0.3964855&0.0.4601632&0.0.5328590&0.0.6071041&0.0.6126395,0.0.4138717@1790022035.949739741
0.0.1501041,0.2064651413390923,SUCCESS,0.0.731861,0.0.3961531,0.0.4138717@1790022036.906251492
0.0.4723553,0.6325603129350457,SUCCESS,0.0.731861,0.0.3961531,0.0.4138717@1790022036.186291519
0.0.6095958,45.64755701554713,NOT_ASSOCIATED,0.0.731861,0.0.3961531&0.0.3964804,
0.0.897444,42.97695137309072,SUCCESS,0.0.731861,0.0.3961531&0.0.3964790,0.0.4138717@1790022036.100498657
0.0.4362462,0.4150195847176608,NOT_ASSOCIATED,0.0.731861,0.0.3961531,
0.0.852692,0.8425987316109212,SUCCESS,0.0.731861,0.0.3961531,0.0.4138717@1790022038.574185686
0.0.1315254,0.631918977572987,SUCCESS,0.0.731861,0.0.3961531,0.0.4138717@1790022036.289450219
0.0.1303938,1.233192249824761,NOT_ASSOCIATED,0.0.731861,0.0.3961531,
0.0.8183428,0.001251771847745963,SUCCESS,0.0.731861,0.0.3961531,0.0.4138717@1790022037.087545226
0.0.825672,19.6237956511864,SUCCESS,0.0.731861,0.0.3961531,0.0.4138717@1790022040.051291498
0.0.9210701,0.08917790393127527,FAIL,0.0.731861,0.0.3961531,
0.0.839555,0.2105698741829228,SUCCESS,0.0.731861,0.0.3961531,0.0.4138717@1790022040.315348891
0.0.10291442,249.946970609382,SUCCESS,0.0.731861,0.0.3961531,0.0.4138717@1790022042.049569163
0.0.7571792,0.002132386307288299,SUCCESS,0.0.731861,0.0.3961531,0.0.4138717@1790022038.256862555
0.0.1910938,0.01331688512953235,SUCCESS,0.0.731861,0.0.3961531,0.0.4138717@1790022038.974509583
0.0.8378238,0.2566549408934793,SUCCESS,0.0.731861,0.0.3961531,0.0.4138717@1790022042.718222977
0.0.9405888,0.4660179185496004,SUCCESS,0.0.731861,0.0.3961531&0.0.3964804&0.0.5328590,0.0.4138717@1790022040.283364794
0.0.4346141,8.501253473523713,SUCCESS,0.0.731861,0.0.3961531,0.0.4138717@1790022042.062968375
0.0.3687323,0.000004266882645169607,SUCCESS,0.0.731861,0.0.3961531,0.0.4138717@1790022041.920325546
0.0.10223842,3.674582553949506,SUCCESS,0.0.731861,0.0.3961531,0.0.4138717@1790022041.198794810
0.0.948513,22.64324041026337,SUCCESS,0.0.731861,0.0.3961531,0.0.4138717@1790022042.467839557
0.0.10601475,317.6307561551491,SUCCESS,0.0.731861,0.0.3961531,0.0.4138717@1790022044.025353618
0.0.10537470,0.3416482387188517,SUCCESS,0.0.731861,0.0.3961531,0.0.4138717@1790022044.236329656
0.0.867588,0.2029650664764597,SUCCESS,0.0.731861,0.0.3961531,0.0.4138717@1790022043.592727725
0.0.4367595,0.1838095684874404,SUCCESS,0.0.731861,0.0.3961531,0.0.4138717@1790022045.029506187
0.0.1023130,0.01161749162853815,SUCCESS,0.0.731861,0.0.3961531,0.0.4138717@1790022045.608664359
0.0.6435369,0.9590967884110466,SUCCESS,0.0.731861,0.0.3961531,0.0.4138717@1790022045.416412028
0.0.877394,0.03547587991936884,NOT_ASSOCIATED,0.0.731861,0.0.3961531&0.0.3964804,
0.0.8767225,1.624300455892471,SUCCESS,0.0.731861,0.0.3961531&0.0.3964804,0.0.4138717@1790022048.229404959
0.0.9279414,0.02754015779598823,SUCCESS,0.0.731861,0.0.3961531,0.0.4138717@1790022044.321523867
0.0.892088,1.078182562676747,SUCCESS,0.0.731861,0.0.3961531,0.0.4138717@1790022047.154763914
0.0.1413657,50.48791408432482,SUCCESS,0.0.731861,0.0.3961531&0.0.4601632&0.0.5328590,0.0.4138717@1790022044.864956188
0.0.4853295,48.85060811502644,SUCCESS,0.0.731861,0.0.3961531&0.0.3964804,0.0.4138717@1790022048.249851563
0.0.9353895,0.002634440845141301,SUCCESS,0.0.731861,0.0.3961531,0.0.4138717@1790022048.375975521
0.0.4639603,0.0007822767538107396,NOT_ASSOCIATED,0.0.731861,0.0.3961531,
0.0.835929,0.000002037111134886423,SUCCESS,0.0.731861,0.0.3961531&0.0.3964790&0.0.3964804&0.0.4129330&0.0.4601632&0.0.5328590,0.0.4138717@1790022047.667311905
0.0.4712184,0.00009350884736902883,SUCCESS,0.0.731861,0.0.3961531&0.0.3964790,0.0.4138717@1790022049.154995973
0.0.4707801,0.03996201199271485,NOT_ASSOCIATED,0.0.731861,0.0.3961531,
0.0.10541900,0.31097462176114,SUCCESS,0.0.731861,0.0.3961531&0.0.3964804,0.0.4138717@1790022048.730174652
0.0.4594903,13.00656405662767,SUCCESS,0.0.731861,0.0.3961531&0.0.3964790&0.0.3964804,0.0.4138717@1790022049.820447384
0.0.953101,25.96578471126444,SUCCESS,0.0.731861,0.0.3961531,0.0.4138717@1790022051.559617361
0.0.9183843,0.2582941865444019,NOT_ASSOCIATED,0.0.731861,0.0.3961531,
0.0.858310,0.2873516201686593,SUCCESS,0.0.731861,0.0.3964790,0.0.4138717@1790022052.331078885
0.0.5374006,0.09185664386830023,SUCCESS,0.0.731861,0.0.3964790&0.0.4601632,0.0.4138717@1790022051.021765734
0.0.3304469,127.9734003790442,SUCCESS,0.0.731861,0.0.3964790&0.0.3964827,0.0.4138717@1790022049.270816131
0.0.5807981,36.75802327939486,SUCCESS,0.0.731861,0.0.3964790,0.0.4138717@1790022052.888130903
0.0.9400801,9469.032983011957,SUCCESS,0.0.731861,0.0.3964790&0.0.3964855&0.0.4129330&0.0.4601632&0.0.5328590,0.0.4138717@1790022054.066016838
0.0.877481,3899.398753230384,SUCCESS,0.0.731861,0.0.3964790&0.0.5328590,0.0.4138717@1790022050.270029603
0.0.1504445,4.309582737046558,SUCCESS,0.0.731861,0.0.3964790,0.0.4138717@1790022051.272927435
0.0.4367730,2.219802173398639,SUCCESS,0.0.731861,0.0.3964790,0.0.4138717@1790022055.435536395
0.0.4754443,0.4944525942777479,SUCCESS,0.0.731861,0.0.3964790&0.0.3964804,0.0.4138717@1790022053.782395074
0.0.8352642,1.691969484593943,SUCCESS,0.0.731861,0.0.3964790&0.0.3964804,0.0.4138717@1790022052.865454188
0.0.4330338,0.00003016233840501486,SUCCESS,0.0.731861,0.0.3964790,0.0.4138717@1790022053.466769025
0.0.8447885,1.774022565865825,SUCCESS,0.0.731861,0.0.3964790,0.0.4138717@1790022053.326744178
0.0.8267043,0.4531989524439288,SUCCESS,0.0.731861,0.0.3964790&0.0.5328590,0.0.4138717@1790022054.290627498
0.0.795838,0.9392905929831046,SUCCESS,0.0.731861,0.0.3964790&0.0.3964804,0.0.4138717@1790022052.979275827
0.0.8291825,10.61971674149863,SUCCESS,0.0.731861,0.0.3964790&0.0.3964804,0.0.4138717@1790022053.870296941
0.0.4371196,4.01508791215921,SUCCESS,0.0.731861,0.0.3964790,0.0.4138717@1790022055.966662103
0.0.966009,0.5520087288176826,SUCCESS,0.0.731861,0.0.3964790,0.0.4138717@1790022056.159855719
0.0.794506,542.1360431513745,SUCCESS,0.0.731861,0.0.3964790&0.0.5328590,0.0.4138717@1790022057.252045179
0.0.4540904,7.170021046661138,SUCCESS,0.0.731861,0.0.3964790&0.0.3964804&0.0.3964855,0.0.4138717@1790022055.745943484
0.0.7607102,0.09892657235133698,SUCCESS,0.0.731861,0.0.3964790&0.0.3964804,0.0.4138717@1790022056.295356653
0.0.6075972,0.9221981448160853,SUCCESS,0.0.731861,0.0.3964790,0.0.4138717@1790022056.816277963
0.0.27463,6.807945919346357,SUCCESS,0.0.731861,0.0.3964790,0.0.4138717@1790022058.478999956
0.0.4784258,4.021843707317758,SUCCESS,0.0.731861,0.0.3964790&0.0.3964804&0.0.3964855,0.0.4138717@1790022057.257503613
0.0.2174952,2.718251987877082,SUCCESS,0.0.731861,0.0.3964790&0.0.3964804,0.0.4138717@1790022057.243311560
0.0.3938365,2.488156357687328,SUCCESS,0.0.731861,0.0.3964790,0.0.4138717@1790022059.860130741
0.0.1018824,194.7341901362724,SUCCESS,0.0.731861,0.0.3964790&0.0.3964804&0.0.5328590&0.0.10093026,0.0.4138717@1790022060.432370466
0.0.1703452,71.45628912690474,SUCCESS,0.0.731861,0.0.3964790&0.0.3964804,0.0.4138717@1790022060.787081066
0.0.4328823,3.610918482564748,SUCCESS,0.0.731861,0.0.3964790&0.0.5328590,0.0.4138717@1790022062.471814011
0.0.4157394,0.0003438638401376144,SUCCESS,0.0.731861,0.0.3964790,0.0.4138717@1790022060.164591216
0.0.837751,0.006444626918351138,SUCCESS,0.0.731861,0.0.3964790,0.0.4138717@1790022064.908095504
0.0.920901,301.2732954135588,SUCCESS,0.0.731861,0.0.3964790&0.0.3964804,0.0.4138717@1790022061.569701755
0.0.1314568,2778.957770881056,SUCCESS,0.0.731861,0.0.3964790,0.0.4138717@1790022061.025826746
0.0.835202,0.001262352213646206,SUCCESS,0.0.731861,0.0.3964790,0.0.4138717@1790022065.285612675
0.0.859476,225.6163953955467,SUCCESS,0.0.731861,0.0.3964790&0.0.5328590,0.0.4138717@1790022062.647981646
0.0.862821,2.226393970171168,SUCCESS,0.0.731861,0.0.3964790,0.0.4138717@1790022062.899844977
0.0.817883,0.03327426019636495,SUCCESS,0.0.731861,0.0.3964790,0.0.4138717@1790022062.269873705
0.0.1085174,1597.339418373174,SUCCESS,0.0.731861,0.0.3964790&0.0.10387648,0.0.4138717@1790022065.631253653
0.0.7951,7758.367076820284,SUCCESS,0.0.731861,0.0.3964790&0.0.3964855,0.0.4138717@1790022063.779207040
0.0.1082789,8016.778531064886,SUCCESS,0.0.731861,0.0.3964790,0.0.4138717@1790022066.714538178
0.0.4384266,2.568425164429799,SUCCESS,0.0.731861,0.0.3964790,0.0.4138717@1790022064.638737053
0.0.1416793,0.5561915093654474,SUCCESS,0.0.731861,0.0.3964790,0.0.4138717@1790022064.265390706
0.0.3854083,0.209594570636792,SUCCESS,0.0.731861,0.0.3964790,0.0.4138717@1790022067.863891000
0.0.813712,0.6071945154913645,SUCCESS,0.0.731861,0.0.3964790,0.0.4138717@1790022065.164577508
0.0.1073086,0.009436287570001058,SUCCESS,0.0.731861,0.0.3964790,0.0.4138717@1790022068.815074375
0.0.6043615,80.46096853674743,SUCCESS,0.0.731861,0.0.3964790&0.0.3964827&0.0.3964855&0.0.5328590&0.0.6071041&0.0.8315114,0.0.4138717@1790022067.640138731
0.0.4337852,2.869277398027807,SUCCESS,0.0.731861,0.0.3964790,0.0.4138717@1790022067.670153286
0.0.4205079,1.030640568125172,SUCCESS,0.0.731861,0.0.3964790,0.0.4138717@1790022069.048900765
0.0.4759022,0.04352224349583953,SUCCESS,0.0.731861,0.0.3964790,0.0.4138717@1790022068.284779886
0.0.4713784,3.261930640068329,SUCCESS,0.0.731861,0.0.3964790&0.0.3964827,0.0.4138717@1790022069.636231057
0.0.732798,3.026200857456819,SUCCESS,0.0.731861,0.0.3964790&0.0.3964804&0.0.4129330,0.0.4138717@1790022072.366532748
0.0.4819535,0.02216423455718352,SUCCESS,0.0.731861,0.0.3964790,0.0.4138717@1790022070.446141546
0.0.3774696,0.004953247105872288,SUCCESS,0.0.731861,0.0.3964790,0.0.4138717@1790022073.127103298
0.0.9301501,1.036023702899274,SUCCESS,0.0.731861,0.0.3964790&0.0.5328590,0.0.4138717@1790022071.146531784
0.0.1106873,0.395898224296713,SUCCESS,0.0.731861,0.0.3964790,0.0.4138717@1790022071.034086455
0.0.9365757,31.20846449719288,SUCCESS,0.0.731861,0.0.3964790&0.0.3964804&0.0.5328590,0.0.4138717@1790022069.957058676
0.0.10802792,102.6888084009782,SUCCESS,0.0.731861,0.0.3964790,0.0.4138717@1790022069.519031695
0.0.4355907,0.3114727708813565,SUCCESS,0.0.731861,0.0.3964790,0.0.4138717@1790022075.535917225
0.0.10164571,0.05731139206316418,SUCCESS,0.0.731861,0.0.3964790,0.0.4138717@1790022071.557844820
0.0.10060744,0.005718679891592222,SUCCESS,0.0.731861,0.0.3964790,0.0.4138717@1790022075.413611067
0.0.10030621,0.00002103973326308826,SUCCESS,0.0.731861,0.0.3964790,0.0.4138717@1790022072.090542760
0.0.10023501,2.433052702270298e-8,SUCCESS,0.0.731861,0.0.3964790,0.0.4138717@1790022072.716058657
0.0.10010228,107.3976061936014,SUCCESS,0.0.731861,0.0.3964790&0.0.5328590,0.0.4138717@1790022074.910319186
0.0.1380166,0.0005173931555163888,SUCCESS,0.0.731861,0.0.3964790,0.0.4138717@1790022073.555165288
0.0.9960625,1.334438902115367e-8,SUCCESS,0.0.731861,0.0.3964790,0.0.4138717@1790022075.249065997
0.0.7914763,1.274169416745659,SUCCESS,0.0.731861,0.0.3964790&0.0.3964804,0.0.4138717@1790022074.968487327
0.0.8054459,3.724112897396194,SUCCESS,0.0.731861,0.0.3964790&0.0.3964804,0.0.4138717@1790022076.108856977
0.0.4574338,0.0002082878285499104,SUCCESS,0.0.731861,0.0.3964790,0.0.4138717@1790022077.384130652
0.0.5326504,6.861911552652747,SUCCESS,0.0.731861,0.0.3964790&0.0.3964804,0.0.4138717@1790022077.090624122
0.0.982207,161.8523566286782,SUCCESS,0.0.731861,0.0.3964790,0.0.4138717@1790022076.548363510
0.0.859176,2.376679290792338,SUCCESS,0.0.731861,0.0.3964790,0.0.4138717@1790022077.019730419
0.0.10135295,21.01319323525304,SUCCESS,0.0.731861,0.0.3964790&0.0.3964827,0.0.4138717@1790022076.197114457
0.0.7896827,0.06484385594923192,SUCCESS,0.0.731861,0.0.3964790&0.0.6071041,0.0.4138717@1790022078.040607096
0.0.8148901,1.297117382003088,SUCCESS,0.0.731861,0.0.3964790,0.0.4138717@1790022077.450839124
0.0.3903731,5.325878694728464e-7,NOT_ASSOCIATED,0.0.731861,0.0.3964790,
0.0.3926190,0.0005059948261011844,SUCCESS,0.0.731861,0.0.3964790,0.0.4138717@1790022077.287862623
0.0.4908409,0.003601429263664842,SUCCESS,0.0.731861,0.0.3964790,0.0.4138717@1790022081.374120293
0.0.1093612,1.888707129845399,SUCCESS,0.0.731861,0.0.3964790&0.0.3964804,0.0.4138717@1790022082.610748394
0.0.4975045,199.5597210911963,SUCCESS,0.0.731861,0.0.3964790&0.0.3964827,0.0.4138717@1790022080.455023561
0.0.9590994,58.97611004707399,NOT_ASSOCIATED,0.0.731861,0.0.3964804,
0.0.871471,16.1460823118214,SUCCESS,0.0.731861,0.0.3964804,0.0.4138717@1790022083.727924768
0.0.9477942,0.08788747657852305,NOT_ASSOCIATED,0.0.731861,0.0.3964804,
0.0.9602777,0.08933889683643809,NOT_ASSOCIATED,0.0.731861,0.0.3964804,
0.0.5805332,6.246547623665839,SUCCESS,0.0.731861,0.0.3964804,0.0.4138717@1790022082.960823471
0.0.9636419,1.951260963229436,NOT_ASSOCIATED,0.0.731861,0.0.3964804,
0.0.5012902,0.03558678310036596,SUCCESS,0.0.731861,0.0.3964804,0.0.4138717@1790022084.664485871
0.0.3012601,19.21044289736323,SUCCESS,0.0.731861,0.0.3964804&0.0.5328590,0.0.4138717@1790022083.688547981
0.0.9720442,0.335154810416972,NOT_ASSOCIATED,0.0.731861,0.0.3964804,
0.0.9729389,0.6853434911128985,NOT_ASSOCIATED,0.0.731861,0.0.3964804,
0.0.9687167,6.082667561904677,SUCCESS,0.0.731861,0.0.3964804&0.0.5328590,0.0.4138717@1790022082.434274826
0.0.9723125,127.3473805763201,SUCCESS,0.0.731861,0.0.3964804,0.0.4138717@1790022080.874935376
0.0.7983506,0.0001927823106839635,NOT_ASSOCIATED,0.0.731861,0.0.3964804,
0.0.9150527,99.50016140757857,SUCCESS,0.0.731861,0.0.3964804&0.0.3964860&0.0.5328590,0.0.4138717@1790022081.130458135
0.0.9146353,12.50698586657368,SUCCESS,0.0.731861,0.0.3964804,0.0.4138717@1790022082.683616306
0.0.1862342,1.614724432661575,SUCCESS,0.0.731861,0.0.3964804,0.0.4138717@1790022083.398225995
0.0.8113254,11.8347611368506,SUCCESS,0.0.731861,0.0.3964804&0.0.4601632&0.0.5328590,0.0.4138717@1790022083.457603723
0.0.6068301,12.41070441377988,SUCCESS,0.0.731861,0.0.3964804&0.0.5328590,0.0.4138717@1790022085.313679648
0.0.9275748,17.15205694206599,SUCCESS,0.0.731861,0.0.3964804&0.0.3964827,0.0.4138717@1790022086.742160234
0.0.9285770,0.5589031680466087,NOT_ASSOCIATED,0.0.731861,0.0.3964804,
0.0.8880678,0.1247033175143729,SUCCESS,0.0.731861,0.0.3964804,0.0.4138717@1790022085.358065789
0.0.9318048,0.0800946938099628,NOT_ASSOCIATED,0.0.731861,0.0.3964804,
0.0.4821795,5.022210178004521,SUCCESS,0.0.731861,0.0.3964804,0.0.4138717@1790022087.975148596
0.0.9367202,0.009318991782925678,NOT_ASSOCIATED,0.0.731861,0.0.3964804,
0.0.813564,0.005116026267020334,SUCCESS,0.0.731861,0.0.3964804,0.0.4138717@1790022087.150916409
0.0.6160732,0.3696763021532075,NOT_ASSOCIATED,0.0.731861,0.0.3964804,
0.0.9444587,2.277229376125566,SUCCESS,0.0.731861,0.0.3964804,0.0.4138717@1790022089.071404826
0.0.9450539,5.069592941559234,NOT_ASSOCIATED,0.0.731861,0.0.3964804,
0.0.1056474,20.33854406216203,SUCCESS,0.0.731861,0.0.3964804,0.0.4138717@1790022087.046929325
0.0.887615,0.05358435826665863,SUCCESS,0.0.731861,0.0.3964804,0.0.4138717@1790022085.378881192
0.0.9364762,0.7945996576854826,SUCCESS,0.0.731861,0.0.3964804&0.0.5328590,0.0.4138717@1790022089.956466697
0.0.190191,0.3875939256970736,NOT_ASSOCIATED,0.0.731861,0.0.3964804,
0.0.9541852,4.991151791461198,SUCCESS,0.0.731861,0.0.3964804&0.0.3964827,0.0.4138717@1790022086.109062028
0.0.8246604,0.008874675412369089,SUCCESS,0.0.731861,0.0.3964804,0.0.4138717@1790022087.778219060
0.0.8070994,8.101167539321896,NOT_ASSOCIATED,0.0.731861,0.0.3964804,
0.0.8080965,0.04927643411590581,NOT_ASSOCIATED,0.0.731861,0.0.3964804,
0.0.10253402,26.04351899237566,SUCCESS,0.0.731861,0.0.3964804,0.0.4138717@1790022088.671413077
0.0.9273022,0.001891301764555318,SUCCESS,0.0.731861,0.0.3964804,0.0.4138717@1790022091.471299480
0.0.4499088,0.2857551507631487,NOT_ASSOCIATED,0.0.731861,0.0.3964804,
0.0.1365779,1.587974711911467,SUCCESS,0.0.731861,0.0.3964804,0.0.4138717@1790022088.295756227
0.0.10251800,0.003809595126136879,NOT_ASSOCIATED,0.0.731861,0.0.3964804,
0.0.8083839,3031.888083725197,SUCCESS,0.0.731861,0.0.3964804&0.0.3964827&0.0.3964860&0.0.5328590,0.0.4138717@1790022087.976730978
0.0.10219431,8.544511015288514,NOT_ASSOCIATED,0.0.731861,0.0.3964804,
0.0.9304292,18.56920525503434,SUCCESS,0.0.731861,0.0.3964804,0.0.4138717@1790022090.082805852
0.0.1105845,12.99095462227826,SUCCESS,0.0.731861,0.0.3964804,0.0.4138717@1790022090.343475271
0.0.1024843,0.0003125709918579761,SUCCESS,0.0.731861,0.0.3964804&0.0.3964855&0.0.3964860,0.0.4138717@1790022091.715355660
0.0.4571567,11.22080378685927,SUCCESS,0.0.731861,0.0.3964804,0.0.4138717@1790022094.262498490
0.0.1082201,558.138304618246,SUCCESS,0.0.731861,0.0.3964804,0.0.4138717@1790022091.846038076
0.0.4552382,0.05909060548955659,NOT_ASSOCIATED,0.0.731861,0.0.3964804,
0.0.4552309,0.05909396293268382,NOT_ASSOCIATED,0.0.731861,0.0.3964804,
0.0.4552348,0.06283739121136614,NOT_ASSOCIATED,0.0.731861,0.0.3964804,
0.0.4372819,0.09695063653999637,SUCCESS,0.0.731861,0.0.3964804,0.0.4138717@1790022091.551840501
0.0.751161,9.649604620778224,SUCCESS,0.0.731861,0.0.3964804,0.0.4138717@1790022093.995584835
0.0.4558719,0.06915210566257296,NOT_ASSOCIATED,0.0.731861,0.0.3964804,
0.0.5922808,0.1815029090628548,SUCCESS,0.0.731861,0.0.3964804,0.0.4138717@1790022091.462844477
0.0.10004246,2.776746867344979,NOT_ASSOCIATED,0.0.731861,0.0.3964804,
0.0.4873525,0.3010068528556019,SUCCESS,0.0.731861,0.0.3964804,0.0.4138717@1790022093.920672586
0.0.9640903,21.24254531657954,SUCCESS,0.0.731861,0.0.3964804&0.0.4601632,0.0.4138717@1790022096.826324702
0.0.1459068,0.2167750723341139,SUCCESS,0.0.731861,0.0.3964804,0.0.4138717@1790022093.787870877
0.0.10072624,0.1952489295329011,SUCCESS,0.0.731861,0.0.3964804,0.0.4138717@1790022096.245148081
0.0.9973346,0.02013965862749907,NOT_ASSOCIATED,0.0.731861,0.0.3964804,
0.0.820706,24.6068541462085,SUCCESS,0.0.731861,0.0.3964804,0.0.4138717@1790022094.976366163
0.0.816698,47.16799711118692,SUCCESS,0.0.731861,0.0.3964804,0.0.4138717@1790022098.435913348
0.0.10093024,1.248604758232054,SUCCESS,0.0.731861,0.0.3964804,0.0.4138717@1790022095.522201360
0.0.9584885,1.480099600586906,SUCCESS,0.0.731861,0.0.3964804&0.0.5328590,0.0.4138717@1790022095.421188048
0.0.1704489,0.001779858529250215,NOT_ASSOCIATED,0.0.731861,0.0.3964804,
0.0.4749526,180.3255194604206,NOT_ASSOCIATED,0.0.731861,0.0.3964804,
0.0.10014449,0.2419129472328943,SUCCESS,0.0.731861,0.0.3964804,0.0.4138717@1790022100.024047043
0.0.10157649,29.15394139741825,NOT_ASSOCIATED,0.0.731861,0.0.3964804,
0.0.9509413,0.1894928381886956,NOT_ASSOCIATED,0.0.731861,0.0.3964804,
0.0.5761971,0.0007646684369013825,SUCCESS,0.0.731861,0.0.3964804,0.0.4138717@1790022097.988544919
0.0.8042105,0.5121521101936175,NOT_ASSOCIATED,0.0.731861,0.0.3964804,
0.0.7913251,0.3072334590133944,SUCCESS,0.0.731861,0.0.3964804,0.0.4138717@1790022096.970116916
0.0.4746343,0.007937055780841706,SUCCESS,0.0.731861,0.0.3964804,0.0.4138717@1790022098.128941753
0.0.5007636,0.4397666970325794,NOT_ASSOCIATED,0.0.731861,0.0.3964804,
0.0.833836,10.68643093890561,SUCCESS,0.0.731861,0.0.3964804,0.0.4138717@1790022096.417536638
0.0.8142528,0.1232853434273981,NOT_ASSOCIATED,0.0.731861,0.0.3964804,
0.0.8175769,1.130248244739001,SUCCESS,0.0.731861,0.0.3964804,0.0.4138717@1790022097.578960191
0.0.3273594,6.865002623110109,SUCCESS,0.0.731861,0.0.3964804,0.0.4138717@1790022099.447198186
0.0.8178093,0.4389825425016093,NOT_ASSOCIATED,0.0.731861,0.0.3964804,
0.0.1906790,0.05559383827702296,SUCCESS,0.0.731861,0.0.3964804,0.0.4138717@1790022101.731816170
0.0.7997139,0.5246520092530309,SUCCESS,0.0.731861,0.0.3964804,0.0.4138717@1790022098.261632899
0.0.8209324,2.76681845738874,SUCCESS,0.0.731861,0.0.3964804,0.0.4138717@1790022101.151765611
0.0.4867972,0.1620900621985603,SUCCESS,0.0.731861,0.0.3964804,0.0.4138717@1790022102.789590462
0.0.7049977,0.04072614112526009,NOT_ASSOCIATED,0.0.731861,0.0.3964804,
0.0.2025203,0.4061739891923578,SUCCESS,0.0.731861,0.0.3964804,0.0.4138717@1790022102.028138161
0.0.7964752,0.02033037987087057,SUCCESS,0.0.731861,0.0.3964804,0.0.4138717@1790022102.102704874
0.0.8298814,8.204658554307095,SUCCESS,0.0.731861,0.0.3964804,0.0.4138717@1790022102.087008356
0.0.7570262,0.3599083495165406,SUCCESS,0.0.731861,0.0.3964804,0.0.4138717@1790022101.735166320
0.0.7965413,0.00437435136446628,NOT_ASSOCIATED,0.0.731861,0.0.3964804,
0.0.7835479,0.3600450717638942,SUCCESS,0.0.731861,0.0.3964804&0.0.3964827,0.0.4138717@1790022103.541820154
0.0.1479857,5.015461779528409,SUCCESS,0.0.731861,0.0.3964804,0.0.4138717@1790022103.140235458
0.0.5042398,7.538651133884741,SUCCESS,0.0.731861,0.0.3964804,0.0.4138717@1790022102.928999574
0.0.5905014,1.744202117994131,SUCCESS,0.0.731861,0.0.3964804,0.0.4138717@1790022102.766486255
0.0.3947850,0.06204955887114053,SUCCESS,0.0.731861,0.0.3964804&0.0.5328590,0.0.4138717@1790022104.544877959
0.0.7896816,71.06260779610476,NOT_ASSOCIATED,0.0.731861,0.0.3964804,
0.0.1481135,126.4197495324179,SUCCESS,0.0.731861,0.0.3964804&0.0.4601632,0.0.4138717@1790022104.074632566
0.0.8156060,0.5181403242867164,SUCCESS,0.0.731861,0.0.3964804,0.0.4138717@1790022104.813654775
0.0.8032303,0.2565384174203931,SUCCESS,0.0.731861,0.0.3964804,0.0.4138717@1790022107.796195708
0.0.7746903,0.3707081921029456,SUCCESS,0.0.731861,0.0.3964804,0.0.4138717@1790022105.970926374
0.0.7974195,183.0959511019452,SUCCESS,0.0.731861,0.0.3964804,0.0.4138717@1790022106.921417445
0.0.8056304,2.498642349724665,NOT_ASSOCIATED,0.0.731861,0.0.3964804,
0.0.7912110,0.001480389641085749,NOT_ASSOCIATED,0.0.731861,0.0.3964804,
0.0.2006292,0.2589232518191004,SUCCESS,0.0.731861,0.0.3964804,0.0.4138717@1790022104.664189795
0.0.8059253,7.827987561027196,SUCCESS,0.0.731861,0.0.3964804,0.0.4138717@1790022107.874242045
0.0.2477582,1.466625526506337,NOT_ASSOCIATED,0.0.731861,0.0.3964804,
0.0.958821,77.17005903752037,SUCCESS,0.0.731861,0.0.3964804,0.0.4138717@1790022107.781607843
0.0.9065767,3.735439789267113,SUCCESS,0.0.731861,0.0.3964804,0.0.4138717@1790022107.188873026
0.0.9095016,9.57462925615514,NOT_ASSOCIATED,0.0.731861,0.0.3964804,
0.0.7550890,0.6143349978214567,SUCCESS,0.0.731861,0.0.3964804,0.0.4138717@1790022109.398234775
0.0.1090802,0.355559244810309,SUCCESS,0.0.731861,0.0.3964804,0.0.4138717@1790022107.784159673
0.0.689277,39.01958694832484,SUCCESS,0.0.731861,0.0.3964804,0.0.4138717@1790022110.474100376
0.0.53756,16.94087861658529,SUCCESS,0.0.731861,0.0.3964804,0.0.4138717@1790022108.169022248
0.0.9009997,2.049032784960866,NOT_ASSOCIATED,0.0.731861,0.0.3964804,
0.0.9169121,1.591313296502769,SUCCESS,0.0.731861,0.0.3964804,0.0.4138717@1790022108.391436308
0.0.8392843,1.788606077940995,NOT_ASSOCIATED,0.0.731861,0.0.3964804,
0.0.9086562,0.01768855389074764,SUCCESS,0.0.731861,0.0.3964804,0.0.4138717@1790022112.818111309
0.0.9177141,0.2516293318294254,NOT_ASSOCIATED,0.0.731861,0.0.3964804,
0.0.1403937,0.04232686355832935,SUCCESS,0.0.731861,0.0.3964804,0.0.4138717@1790022111.851207156
0.0.1118731,0.07399762329666403,SUCCESS,0.0.731861,0.0.3964804,0.0.4138717@1790022112.470577225
0.0.8385016,1.609888216960927,SUCCESS,0.0.731861,0.0.3964804,0.0.4138717@1790022110.851515573
0.0.8323906,82.76630979887268,NOT_ASSOCIATED,0.0.731861,0.0.3964804,
0.0.8346544,14.77897435202237,NOT_ASSOCIATED,0.0.731861,0.0.3964804,
0.0.8357708,82.08325128471186,SUCCESS,0.0.731861,0.0.3964804,0.0.4138717@1790022110.666455825
0.0.8357089,3.103295754083093,NOT_ASSOCIATED,0.0.731861,0.0.3964804,
0.0.3077609,12.75843616711656,SUCCESS,0.0.731861,0.0.3964804,0.0.4138717@1790022114.103551549
0.0.1714233,1.407781899494033,SUCCESS,0.0.731861,0.0.3964804,0.0.4138717@1790022115.403083617
0.0.8414409,0.0786654490047027,SUCCESS,0.0.731861,0.0.3964804,0.0.4138717@1790022112.859346170
0.0.9196038,0.8978311559239855,SUCCESS,0.0.731861,0.0.3964804,0.0.4138717@1790022111.608528850
0.0.8198608,1.968545589831301,SUCCESS,0.0.731861,0.0.3964804,0.0.4138717@1790022115.340757845
0.0.5524338,0.2391119629867095,SUCCESS,0.0.731861,0.0.3964804,0.0.4138717@1790022117.150080248
0.0.1459865,8.29570490491063,NOT_ASSOCIATED,0.0.731861,0.0.3964804,
0.0.1365814,1.512812815597723,SUCCESS,0.0.731861,0.0.3964804,0.0.4138717@1790022115.237898044
0.0.8585468,0.004504265456724079,SUCCESS,0.0.731861,0.0.3964804,0.0.4138717@1790022113.446034548
0.0.8256574,0.02922835191572287,SUCCESS,0.0.731861,0.0.3964804,0.0.4138717@1790022113.675005230
0.0.8792600,0.01459696989826143,NOT_ASSOCIATED,0.0.731861,0.0.3964804,
0.0.7788265,0.9038903878928214,NOT_ASSOCIATED,0.0.731861,0.0.3964804,
0.0.10810210,83.07894748011358,SUCCESS,0.0.731861,0.0.3964804,0.0.4138717@1790022115.929166835
0.0.10495365,0.000001830417406762777,NOT_ASSOCIATED,0.0.731861,0.0.3964804,
0.0.10496154,0.01331433265691573,NOT_ASSOCIATED,0.0.731861,0.0.3964804,
0.0.10502045,4.732106434007972,NOT_ASSOCIATED,0.0.731861,0.0.3964804,
0.0.10506008,3.561139896443777,SUCCESS,0.0.731861,0.0.3964804,0.0.4138717@1790022118.328068437
0.0.10543839,9.080205789039178,SUCCESS,0.0.731861,0.0.3964804,0.0.4138717@1790022116.839026283
0.0.10584246,2852.67198683487,SUCCESS,0.0.731861,0.0.3964804,0.0.4138717@1790022117.424202677
0.0.10803307,117.354733228092,NOT_ASSOCIATED,0.0.731861,0.0.3964804,
0.0.10803311,43.32344929774118,NOT_ASSOCIATED,0.0.731861,0.0.3964804,
0.0.2022986,10.83073537124992,SUCCESS,0.0.731861,0.0.3964804,0.0.4138717@1790022118.604443644
0.0.844877,13.91512842319247,SUCCESS,0.0.731861,0.0.3964804,0.0.4138717@1790022117.165836067
0.0.10805782,528.6345917653614,SUCCESS,0.0.731861,0.0.3964804&0.0.5328590,0.0.4138717@1790022119.451163608
0.0.10819646,112.9225422390715,NOT_ASSOCIATED,0.0.731861,0.0.3964804,
0.0.1120752,0.000003386398014387967,SUCCESS,0.0.731861,0.0.3964804,0.0.4138717@1790022120.466385081
0.0.10792100,2478.960001965798,SUCCESS,0.0.731861,0.0.3964804,0.0.4138717@1790022119.944983877
0.0.6078189,49.02530705392812,SUCCESS,0.0.731861,0.0.3964804,0.0.4138717@1790022117.988759240
0.0.958199,582.5443558175649,SUCCESS,0.0.731861,0.0.3964804,0.0.4138717@1790022122.081719690
0.0.7989176,180.2290270308184,SUCCESS,0.0.731861,0.0.3964804,0.0.4138717@1790022120.718414245
0.0.10820145,7.114543502235003,SUCCESS,0.0.731861,0.0.3964804,0.0.4138717@1790022123.463635598
0.0.10435638,1.561155691094225,SUCCESS,0.0.731861,0.0.3964804,0.0.4138717@1790022122.050406722
0.0.1920276,7.093180811098025,SUCCESS,0.0.731861,0.0.3964804,0.0.4138717@1790022122.193704954
0.0.10303974,6.164787159867258,SUCCESS,0.0.731861,0.0.3964804,0.0.4138717@1790022124.689956827
0.0.10307970,0.007278145500685531,NOT_ASSOCIATED,0.0.731861,0.0.3964804,
0.0.10308209,3439.162299301683,NOT_ASSOCIATED,0.0.731861,0.0.3964804,
0.0.851469,1.317855014807545,SUCCESS,0.0.731861,0.0.3964804,0.0.4138717@1790022122.520390782
0.0.10420713,0.7263734853251368,SUCCESS,0.0.731861,0.0.3964804,0.0.4138717@1790022122.573201811
0.0.10420709,0.3323710357338839,SUCCESS,0.0.731861,0.0.3964804,0.0.4138717@1790022121.442611180
0.0.10430673,270.8589084132853,SUCCESS,0.0.731861,0.0.3964804,0.0.4138717@1790022122.413640794
0.0.10420688,1.084800639217102,SUCCESS,0.0.731861,0.0.3964804,0.0.4138717@1790022123.231290353
0.0.10422583,10.6280404942437,SUCCESS,0.0.731861,0.0.3964804,0.0.4138717@1790022124.739293780
0.0.3003013,2.224962292110495,SUCCESS,0.0.731861,0.0.3964804,0.0.4138717@1790022125.580385105
0.0.10295710,1.50517401997107,SUCCESS,0.0.731861,0.0.3964804,0.0.4138717@1790022125.552861053
0.0.10454179,3.054496627569134,SUCCESS,0.0.731861,0.0.3964804,0.0.4138717@1790022127.177615325
0.0.10456759,1060.848382138981,SUCCESS,0.0.731861,0.0.3964804&0.0.3964860&0.0.5328590,0.0.4138717@1790022124.808861092
0.0.10465417,5.564803441758333,NOT_ASSOCIATED,0.0.731861,0.0.3964804,
0.0.10237154,52.29479672306269,SUCCESS,0.0.731861,0.0.3964804,0.0.4138717@1790022125.005064449
0.0.5850916,3.753282454339871,SUCCESS,0.0.731861,0.0.3964804,0.0.4138717@1790022128.866268702
0.0.6315303,3.864586650000117,SUCCESS,0.0.731861,0.0.3964804,0.0.4138717@1790022124.633056478
0.0.10633351,11.9144157114074,SUCCESS,0.0.731861,0.0.3964804,0.0.4138717@1790022128.003649838
0.0.7913738,9.042827318974377,SUCCESS,0.0.731861,0.0.3964804,0.0.4138717@1790022127.924630130
0.0.1104374,481.9277339318234,SUCCESS,0.0.731861,0.0.3964804,0.0.4138717@1790022130.199737996
0.0.10354047,0.3117324040591864,SUCCESS,0.0.731861,0.0.3964804,0.0.4138717@1790022128.259952131
0.0.10610396,0.5895678791209775,NOT_ASSOCIATED,0.0.731861,0.0.3964804,
0.0.8084528,48.0828154085965,SUCCESS,0.0.731861,0.0.3964804,0.0.4138717@1790022129.971182450
0.0.7188749,0.132461990255243,SUCCESS,0.0.731861,0.0.3964804,0.0.4138717@1790022132.014911398
0.0.6258091,1.113664643496237,SUCCESS,0.0.731861,0.0.3964804,0.0.4138717@1790022131.330652722
0.0.836080,0.003473187681414413,SUCCESS,0.0.731861,0.0.3964804&0.0.3964827&0.0.3964855,0.0.4138717@1790022130.952504832
0.0.842806,122.5902602387977,SUCCESS,0.0.731861,0.0.3964804,0.0.4138717@1790022130.359828169
0.0.4315585,34.92084332069314,SUCCESS,0.0.731861,0.0.3964804,0.0.4138717@1790022132.991366658
0.0.10831278,2.778403103009032,SUCCESS,0.0.731861,0.0.3964804,0.0.4138717@1790022131.700424172
0.0.3211610,11.85671523502207,SUCCESS,0.0.731861,0.0.3964804&0.0.5328590,0.0.4138717@1790022132.799500534
0.0.4375828,4.055895927069415,SUCCESS,0.0.731861,0.0.3964804,0.0.4138717@1790022131.687070223
0.0.3961176,1.691475191690193,NOT_ASSOCIATED,0.0.731861,0.0.3964804,
0.0.8055246,14.71789862293777,SUCCESS,0.0.731861,0.0.3964804,0.0.4138717@1790022133.438466972
0.0.7950871,4152.375758111682,SUCCESS,0.0.731861,0.0.3964804&0.0.3964827&0.0.4601632,0.0.4138717@1790022134.818960026
0.0.9168967,0.5225895692292313,SUCCESS,0.0.731861,0.0.3964804&0.0.3964827,0.0.4138717@1790022134.092042333
0.0.2116216,2.598279813854933,SUCCESS,0.0.731861,0.0.3964804,0.0.4138717@1790022136.152402894
0.0.9270286,0.0228087704500305,SUCCESS,0.0.731861,0.0.3964804,0.0.4138717@1790022135.603765511
0.0.9812108,0.3781380978787346,SUCCESS,0.0.731861,0.0.3964804,0.0.4138717@1790022133.196378760
0.0.10009527,4.410398512794765,SUCCESS,0.0.731861,0.0.3964804,0.0.4138717@1790022134.139376317
0.0.3450,0.09733035439266353,SUCCESS,0.0.731861,0.0.3964804,0.0.4138717@1790022132.447720297
0.0.638522,13.67400815372716,SUCCESS,0.0.731861,0.0.3964804,0.0.4138717@1790022138.127166249
0.0.1745725,1.267522703099084,SUCCESS,0.0.731861,0.0.3964804,0.0.4138717@1790022138.606643452
0.0.8181079,16.45597609921563,SUCCESS,0.0.731861,0.0.3964804,0.0.4138717@1790022134.882400641
0.0.6497488,2.209577168750017,SUCCESS,0.0.731861,0.0.3964804,0.0.4138717@1790022134.709887746
0.0.1681033,0.2055641315830476,SUCCESS,0.0.731861,0.0.3964804,0.0.4138717@1790022139.437847844
0.0.10277044,14.42586409601229,SUCCESS,0.0.731861,0.0.3964804,0.0.4138717@1790022139.466750226
0.0.4229971,0.4117555962196155,SUCCESS,0.0.731861,0.0.3964804,0.0.4138717@1790022137.074502576
0.0.835055,0.002666510556016102,SUCCESS,0.0.731861,0.0.3964804,0.0.4138717@1790022139.028422191
0.0.1183511,0.2034926374776046,SUCCESS,0.0.731861,0.0.3964804,0.0.4138717@1790022137.264101388
0.0.1067361,24.73248242202816,SUCCESS,0.0.731861,0.0.3964804,0.0.4138717@1790022138.196550408
0.0.1483067,15.37840572328972,SUCCESS,0.0.731861,0.0.3964804,0.0.4138717@1790022140.798924982
0.0.9823669,0.2420213790830655,SUCCESS,0.0.731861,0.0.3964804,0.0.4138717@1790022140.784683999
0.0.8086247,0.931864951738563,SUCCESS,0.0.731861,0.0.3964804,0.0.4138717@1790022140.687208615
0.0.2110491,1.669201762638967,SUCCESS,0.0.731861,0.0.3964804,0.0.4138717@1790022140.821003402
0.0.9275976,20.37015531563346,SUCCESS,0.0.731861,0.0.3964804,0.0.4138717@1790022139.753895519
0.0.1114728,0.05173069570095571,SUCCESS,0.0.731861,0.0.3964804,0.0.4138717@1790022140.332081773
0.0.4914022,2.475115336344911,SUCCESS,0.0.731861,0.0.3964804,0.0.4138717@1790022143.501860423
0.0.4766806,142.351217692149,SUCCESS,0.0.731861,0.0.3964804,0.0.4138717@1790022142.776813346
0.0.590682,0.1730651804732423,SUCCESS,0.0.731861,0.0.3964804,0.0.4138717@1790022140.917297660
0.0.7098838,4.238593368688833,SUCCESS,0.0.731861,0.0.3964804,0.0.4138717@1790022142.810686384
0.0.7809201,0.0005643927333354048,SUCCESS,0.0.731861,0.0.3964804,0.0.4138717@1790022142.691085327
0.0.8002619,1.868319903451839,SUCCESS,0.0.731861,0.0.3964804,0.0.4138717@1790022141.825938425
0.0.7931472,1.190054621684586,SUCCESS,0.0.731861,0.0.3964804,0.0.4138717@1790022141.396678684
0.0.8068660,0.04504205946364331,SUCCESS,0.0.731861,0.0.3964804,0.0.4138717@1790022146.427732017
0.0.1181772,0.3761301259973384,SUCCESS,0.0.731861,0.0.3964804&0.0.6126395,0.0.4138717@1790022145.533657865
0.0.8104363,1873.388030222475,SUCCESS,0.0.731861,0.0.3964804,0.0.4138717@1790022142.839805525
0.0.8115823,0.706218915312501,SUCCESS,0.0.731861,0.0.3964804,0.0.4138717@1790022144.708201248
0.0.8177816,3.675299737399476,SUCCESS,0.0.731861,0.0.3964804,0.0.4138717@1790022144.027970381
0.0.8146497,10.14124964429083,SUCCESS,0.0.731861,0.0.3964804&0.0.5328590,0.0.4138717@1790022145.193931895
0.0.8152447,4.529385430406467,SUCCESS,0.0.731861,0.0.3964804,0.0.4138717@1790022146.091634811
0.0.8304314,0.4581363979725121,SUCCESS,0.0.731861,0.0.3964804,0.0.4138717@1790022148.765695742
0.0.8548028,0.002216862907837093,SUCCESS,0.0.731861,0.0.3964804,0.0.4138717@1790022145.098269466
0.0.4814986,0.1131840888339791,SUCCESS,0.0.731861,0.0.3964804,0.0.4138717@1790022147.605803702
0.0.4140342,1.8606659128531,SUCCESS,0.0.731861,0.0.3964804&0.0.3964827,0.0.4138717@1790022149.901121848
0.0.4712922,0.3555687147330671,SUCCESS,0.0.731861,0.0.3964804,0.0.4138717@1790022146.810986880
0.0.1052080,5.208264724777302,SUCCESS,0.0.731861,0.0.3964804,0.0.4138717@1790022150.209488118
0.0.683815,0.2941887640944233,SUCCESS,0.0.731861,0.0.3964804,0.0.4138717@1790022148.538202770
0.0.1696471,4.970694279040514,SUCCESS,0.0.731861,0.0.3964804,0.0.4138717@1790022152.316112139
0.0.955353,0.8379361243267938,NOT_ASSOCIATED,0.0.731861,0.0.3964804,
0.0.937712,103.0399517630483,SUCCESS,0.0.731861,0.0.3964804,0.0.4138717@1790022152.676208105
0.0.857763,8.560159529555385,SUCCESS,0.0.731861,0.0.3964804,0.0.4138717@1790022152.753908357
0.0.8241599,12.17441627922927,SUCCESS,0.0.731861,0.0.3964804,0.0.4138717@1790022152.999992117
0.0.3008234,118.1694962892699,SUCCESS,0.0.731861,0.0.3964804,0.0.4138717@1790022153.069170306
0.0.5742160,68.05058200717458,SUCCESS,0.0.731861,0.0.3964804,0.0.4138717@1790022151.173825761
0.0.6181303,129.980909434019,SUCCESS,0.0.731861,0.0.3964804,0.0.4138717@1790022154.655472880
0.0.1956746,0.2893487762203149,SUCCESS,0.0.731861,0.0.3964804,0.0.4138717@1790022151.093709831
0.0.5804427,12.25972569575028,SUCCESS,0.0.731861,0.0.3964804&0.0.4601632,0.0.4138717@1790022152.646153545
0.0.6334018,5.234908686889395,SUCCESS,0.0.731861,0.0.3964804,0.0.4138717@1790022153.736248022
0.0.4561752,6.132997816679629,SUCCESS,0.0.731861,0.0.3964804&0.0.5328590&0.0.6071041,0.0.4138717@1790022153.872099924
0.0.5957081,2.763158530336239,SUCCESS,0.0.731861,0.0.3964804,0.0.4138717@1790022153.382521263
0.0.10115705,0.00428233885610169,SUCCESS,0.0.731861,0.0.3964804,0.0.4138717@1790022153.325604165
0.0.9707531,1562.353280709323,NOT_ASSOCIATED,0.0.731861,0.0.3964804,
0.0.9774219,0.03210021217277331,SUCCESS,0.0.731861,0.0.3964804,0.0.4138717@1790022156.406954340
0.0.8414341,0.002654904727843287,SUCCESS,0.0.731861,0.0.3964804,0.0.4138717@1790022155.967058463
0.0.1400807,5.034450321512335,SUCCESS,0.0.731861,0.0.3964804,0.0.4138717@1790022155.149610613
0.0.10035663,3.180702894985382,SUCCESS,0.0.731861,0.0.3964804,0.0.4138717@1790022156.800636282
0.0.10044419,1.604899386234469,SUCCESS,0.0.731861,0.0.3964804,0.0.4138717@1790022154.405968182
0.0.9593512,0.02202800909158127,SUCCESS,0.0.731861,0.0.3964804,0.0.4138717@1790022158.492942940
0.0.1365923,0.1036876204683739,SUCCESS,0.0.731861,0.0.3964804,0.0.4138717@1790022159.410330033
0.0.10007904,0.01102858473563677,SUCCESS,0.0.731861,0.0.3964804,0.0.4138717@1790022159.021186341
0.0.10035851,327.5367415144796,SUCCESS,0.0.731861,0.0.3964804,0.0.4138717@1790022160.693412434
0.0.9707528,1217.977139949556,NOT_ASSOCIATED,0.0.731861,0.0.3964804,
0.0.10151415,31.35434740433815,SUCCESS,0.0.731861,0.0.3964804,0.0.4138717@1790022157.701322197
0.0.10164472,8652.621337501261,SUCCESS,0.0.731861,0.0.3964804,0.0.4138717@1790022157.420678752
0.0.818498,0.09952314081622246,SUCCESS,0.0.731861,0.0.3964804,0.0.4138717@1790022160.421616814
0.0.3959322,107.3825331190343,SUCCESS,0.0.731861,0.0.3964804,0.0.4138717@1790022161.971282765
0.0.10248120,2.296764852662638,SUCCESS,0.0.731861,0.0.3964804,0.0.4138717@1790022160.398056445
0.0.10231452,2723.119144464145,SUCCESS,0.0.731861,0.0.3964804&0.0.10414792,0.0.4138717@1790022161.590046420
0.0.10244829,0.1305771550404689,SUCCESS,0.0.731861,0.0.3964804,0.0.4138717@1790022159.862932413
0.0.10267166,215.4533846823184,NOT_ASSOCIATED,0.0.731861,0.0.3964804,
0.0.10267167,0.01154097426834122,NOT_ASSOCIATED,0.0.731861,0.0.3964804,
0.0.9177203,0.03198929025079217,SUCCESS,0.0.731861,0.0.3964804,0.0.4138717@1790022163.032728399
0.0.8602366,9.34888446459096,SUCCESS,0.0.731861,0.0.3964804,0.0.4138717@1790022161.537739239
0.0.8640197,4.294067121551342,SUCCESS,0.0.731861,0.0.3964804,0.0.4138717@1790022160.518293821
0.0.8673292,18.3575958794532,SUCCESS,0.0.731861,0.0.3964804,0.0.4138717@1790022160.145179565
0.0.8383256,0.003935188297370459,SUCCESS,0.0.731861,0.0.3964804,0.0.4138717@1790022164.030538733
0.0.9034617,0.4745792434511435,SUCCESS,0.0.731861,0.0.3964804,0.0.4138717@1790022164.582146755
0.0.8868403,0.07558810872408897,SUCCESS,0.0.731861,0.0.3964804,0.0.4138717@1790022163.197383803
0.0.8108637,0.001777938699043239,SUCCESS,0.0.731861,0.0.3964804&0.0.8315114,0.0.4138717@1790022163.594881908
0.0.8188301,3.078239951433129,SUCCESS,0.0.731861,0.0.3964804,0.0.4138717@1790022162.341508379
0.0.4576074,3.732625360159822,SUCCESS,0.0.731861,0.0.3964804,0.0.4138717@1790022163.161995936
0.0.9144627,860.047473208567,SUCCESS,0.0.731861,0.0.3964804&0.0.4601632,0.0.4138717@1790022164.884791776
0.0.9301506,0.06658492557389314,SUCCESS,0.0.731861,0.0.3964804,0.0.4138717@1790022167.751872843
0.0.9317965,1.54394340380896,SUCCESS,0.0.731861,0.0.3964804,0.0.4138717@1790022163.681840818
0.0.1703381,8.905372944275227,SUCCESS,0.0.731861,0.0.3964804,0.0.4138717@1790022168.072293645
0.0.9362153,1.966681308534296,SUCCESS,0.0.731861,0.0.3964804,0.0.4138717@1790022164.045103127
0.0.1503602,3.019198527428852,SUCCESS,0.0.731861,0.0.3964804,0.0.4138717@1790022165.927998840
0.0.9425366,30.85090676114406,SUCCESS,0.0.731861,0.0.3964804,0.0.4138717@1790022167.253878228
0.0.1524063,30.31756301858424,SUCCESS,0.0.731861,0.0.3964804,0.0.4138717@1790022168.427252207
0.0.7312670,9.446294300982837,SUCCESS,0.0.731861,0.0.3964804,0.0.4138717@1790022168.062846122
0.0.1124401,15.57229007427491,SUCCESS,0.0.731861,0.0.3964804,0.0.4138717@1790022169.699949735
0.0.892270,1.930506536808617,SUCCESS,0.0.731861,0.0.3964804,0.0.4138717@1790022168.791131430
0.0.3687848,56.38592972564641,SUCCESS,0.0.731861,0.0.3964804,0.0.4138717@1790022170.401223966
0.0.794930,0.5208756587894782,SUCCESS,0.0.731861,0.0.3964804,0.0.4138717@1790022168.142176720
0.0.7631749,0.009914115055074016,SUCCESS,0.0.731861,0.0.3964804,0.0.4138717@1790022168.955458334
0.0.3872629,4.737625442814272,SUCCESS,0.0.731861,0.0.3964804,0.0.4138717@1790022171.640381295
0.0.662621,4.009630292252645,SUCCESS,0.0.731861,0.0.3964804,0.0.4138717@1790022170.096848828
0.0.7290965,4.50544366913603,SUCCESS,0.0.731861,0.0.3964804,0.0.4138717@1790022171.196190744
0.0.7662545,0.04170541261388604,NOT_ASSOCIATED,0.0.731861,0.0.3964804,
0.0.4887338,5.790649505030237,SUCCESS,0.0.731861,0.0.3964804,0.0.4138717@1790022171.157976814
0.0.496172,10.35533143836983,SUCCESS,0.0.731861,0.0.3964804,0.0.4138717@1790022172.758576341
0.0.838791,9.46201010442627,SUCCESS,0.0.731861,0.0.3964804,0.0.4138717@1790022172.846625063
0.0.7710235,1.181159399527461,SUCCESS,0.0.731861,0.0.3964804,0.0.4138717@1790022172.341445524
0.0.4431727,1.366051467069475,SUCCESS,0.0.731861,0.0.3964804&0.0.3964827,0.0.4138717@1790022171.491727813
0.0.1359581,184.9930422358158,SUCCESS,0.0.731861,0.0.3964804&0.0.3964827,0.0.4138717@1790022173.348685987
0.0.1486421,15.66708659553027,SUCCESS,0.0.731861,0.0.3964804,0.0.4138717@1790022176.323387891
0.0.3916542,0.2907226203100927,SUCCESS,0.0.731861,0.0.3964804,0.0.4138717@1790022172.920143782
0.0.805713,61.48951029990888,SUCCESS,0.0.731861,0.0.3964804,0.0.4138717@1790022175.160044693
0.0.5068116,0.3755208717068851,NOT_ASSOCIATED,0.0.731861,0.0.3964804,
0.0.753351,2.809546389621767,SUCCESS,0.0.731861,0.0.3964804,0.0.4138717@1790022173.158547315
0.0.6139137,6.866556427430582,SUCCESS,0.0.731861,0.0.3964804,0.0.4138717@1790022175.500012436
0.0.6154587,41.79286428815222,SUCCESS,0.0.731861,0.0.3964804,0.0.4138717@1790022174.978074241
0.0.6275653,0.1248152323282863,SUCCESS,0.0.731861,0.0.3964804,0.0.4138717@1790022176.739081567
0.0.5957030,12.25042584952302,NOT_ASSOCIATED,0.0.731861,0.0.3964804,
0.0.433061,7.908779070388888,SUCCESS,0.0.731861,0.0.3964804&0.0.3964860&0.0.5328590,0.0.4138717@1790022174.774050586
0.0.1463629,0.4019465214498958,SUCCESS,0.0.731861,0.0.3964804,0.0.4138717@1790022176.564304146
0.0.4566469,7.170926075542808,SUCCESS,0.0.731861,0.0.3964804,0.0.4138717@1790022177.218487607
0.0.6852334,8.40649387484813,SUCCESS,0.0.731861,0.0.3964804,0.0.4138717@1790022179.308945253
0.0.6828202,228.1645301887341,SUCCESS,0.0.731861,0.0.3964804&0.0.4601632,0.0.4138717@1790022176.889304641
0.0.3048811,3140.493445375272,SUCCESS,0.0.731861,0.0.3964804&0.0.4601632&0.0.5328590&0.0.6071041,0.0.4138717@1790022176.974605707
0.0.4314332,39.70875336613263,SUCCESS,0.0.731861,0.0.3964804,0.0.4138717@1790022176.466335323
0.0.6416166,6.398460196370869,SUCCESS,0.0.731861,0.0.3964804,0.0.4138717@1790022180.499850611
0.0.2967389,4.286510367108615,SUCCESS,0.0.731861,0.0.3964804,0.0.4138717@1790022177.101539439
0.0.6270761,172.6201596801505,SUCCESS,0.0.731861,0.0.3964804,0.0.4138717@1790022179.548569992
0.0.6004536,0.5361312329822853,SUCCESS,0.0.731861,0.0.3964804,0.0.4138717@1790022182.662638359
0.0.7450449,3.80999807479019,NOT_ASSOCIATED,0.0.731861,0.0.3964804,
0.0.6475509,1.604167289638389,SUCCESS,0.0.731861,0.0.3964804,0.0.4138717@1790022181.360335008
0.0.2964523,231.0297190522246,SUCCESS,0.0.731861,0.0.3964804&0.0.3964860,0.0.4138717@1790022182.242958623
0.0.5112630,2.431597262248444,SUCCESS,0.0.731861,0.0.3964804,0.0.4138717@1790022180.821004758
0.0.4861986,1.247791765839862,SUCCESS,0.0.731861,0.0.3964804,0.0.4138717@1790022182.260278266
0.0.7916029,126.1392368079301,SUCCESS,0.0.731861,0.0.3964804,0.0.4138717@1790022184.391627998
0.0.838388,689.8739561092973,SUCCESS,0.0.731861,0.0.3964804,0.0.4138717@1790022182.387094880
0.0.2891280,6.576326547868654,NOT_ASSOCIATED,0.0.731861,0.0.3964804,
0.0.7732676,866.8913684649477,SUCCESS,0.0.731861,0.0.3964804,0.0.4138717@1790022181.964228678
0.0.4804985,1.520576307128037,SUCCESS,0.0.731861,0.0.3964804,0.0.4138717@1790022185.048648594
0.0.1673276,455.0153793027965,SUCCESS,0.0.731861,0.0.3964804&0.0.5328590,0.0.4138717@1790022183.987295544
0.0.7583284,1.60264619464906,SUCCESS,0.0.731861,0.0.3964804,0.0.4138717@1790022185.755600426
0.0.6313326,70.83086288248285,SUCCESS,0.0.731861,0.0.3964804,0.0.4138717@1790022185.299239385
0.0.8076778,0.01456141938071893,SUCCESS,0.0.731861,0.0.3964804,0.0.4138717@1790022184.219506609
0.0.710849,0.1573244820386335,SUCCESS,0.0.731861,0.0.3964804,0.0.4138717@1790022186.383610577
0.0.8083173,4.264523624655427,SUCCESS,0.0.731861,0.0.3964804,0.0.4138717@1790022187.161181804
0.0.4388693,1.327547732202744,SUCCESS,0.0.731861,0.0.3964804&0.0.4601632,0.0.4138717@1790022189.123317182
0.0.4315395,0.8081303984944258,SUCCESS,0.0.731861,0.0.3964804,0.0.4138717@1790022185.528972963
0.0.8131537,3.054398602242368,SUCCESS,0.0.731861,0.0.3964804,0.0.4138717@1790022187.709302214
0.0.1467538,1.907509492550569,SUCCESS,0.0.731861,0.0.3964804,0.0.4138717@1790022187.019682744
0.0.3847179,5.198425333987784,SUCCESS,0.0.731861,0.0.3964804,0.0.4138717@1790022188.390422313
0.0.981571,0.6090808535773755,SUCCESS,0.0.731861,0.0.3964804,0.0.4138717@1790022189.205167068
0.0.7732467,10.5691349451186,SUCCESS,0.0.731861,0.0.3964804&0.0.3964827,0.0.4138717@1790022187.950075439
0.0.7924085,0.1616359136336337,SUCCESS,0.0.731861,0.0.3964804,0.0.4138717@1790022191.001639373
0.0.844131,2.619891844881937,SUCCESS,0.0.731861,0.0.3964804,0.0.4138717@1790022187.461406649
0.0.6294131,0.0002288872901395127,SUCCESS,0.0.731861,0.0.3964804,0.0.4138717@1790022191.782069922
0.0.4883729,3.17620056487856,SUCCESS,0.0.731861,0.0.3964804,0.0.4138717@1790022188.095698679
0.0.887612,16.75281935686833,SUCCESS,0.0.731861,0.0.3964804,0.0.4138717@1790022189.662914385
0.0.811739,212.6278878361015,SUCCESS,0.0.731861,0.0.3964804&0.0.5328590,0.0.4138717@1790022194.111839463
0.0.1463093,8.671655650038046,SUCCESS,0.0.731861,0.0.3964804,0.0.4138717@1790022191.854531778
0.0.4504544,79.11482237551454,SUCCESS,0.0.731861,0.0.3964804,0.0.4138717@1790022193.724019535
0.0.2004450,0.4829304428664669,SUCCESS,0.0.731861,0.0.3964804,0.0.4138717@1790022193.966233821
0.0.1337171,540.3956510363208,SUCCESS,0.0.731861,0.0.3964804&0.0.3964827&0.0.3964860&0.0.4601632&0.0.6071911,0.0.4138717@1790022194.549585650
0.0.862835,474.2281238072538,SUCCESS,0.0.731861,0.0.3964804&0.0.3964827&0.0.6071911,0.0.4138717@1790022192.735051591
0.0.7798912,21.06761676448497,SUCCESS,0.0.731861,0.0.3964804,0.0.4138717@1790022191.543961701
0.0.791414,3.241896067152662,SUCCESS,0.0.731861,0.0.3964804,0.0.4138717@1790022194.582893941
0.0.1746011,15.5281790792771,SUCCESS,0.0.731861,0.0.3964804,0.0.4138717@1790022193.258009697
0.0.4766862,7.135056622555915,SUCCESS,0.0.731861,0.0.3964804,0.0.4138717@1790022196.101415328
0.0.4312267,52.23264934727561,SUCCESS,0.0.731861,0.0.3964804,0.0.4138717@1790022198.357278933
0.0.2150506,0.2495158194747761,SUCCESS,0.0.731861,0.0.3964804,0.0.4138717@1790022194.741034833
0.0.3240624,0.01738164065194253,SUCCESS,0.0.731861,0.0.3964804,0.0.4138717@1790022194.610430407
0.0.7937765,8.494792670271714,NOT_ASSOCIATED,0.0.731861,0.0.3964804,
0.0.6343911,10.09660155724069,SUCCESS,0.0.731861,0.0.3964804,0.0.4138717@1790022197.308390339
0.0.7703838,0.08063574370070263,SUCCESS,0.0.731861,0.0.3964804,0.0.4138717@1790022194.784660190
0.0.7961490,1.54628818624867,NOT_ASSOCIATED,0.0.731861,0.0.3964804,
0.0.3384906,40.03944375637536,SUCCESS,0.0.731861,0.0.3964804,0.0.4138717@1790022196.259442509
0.0.7965412,0.02854253996745132,NOT_ASSOCIATED,0.0.731861,0.0.3964804,
0.0.3291464,0.1989302661164282,SUCCESS,0.0.731861,0.0.3964804,0.0.4138717@1790022195.820405933
0.0.4161393,62.3747637786508,SUCCESS,0.0.731861,0.0.3964804&0.0.10498274,0.0.4138717@1790022198.243675097
0.0.4184148,3.980253667545601,SUCCESS,0.0.731861,0.0.3964804,0.0.4138717@1790022197.888876927
0.0.1313705,2.235147486070372,SUCCESS,0.0.731861,0.0.3964804,0.0.4138717@1790022199.434854692
0.0.833050,0.4979619705482362,SUCCESS,0.0.731861,0.0.3964804,0.0.4138717@1790022198.127821348
0.0.3872024,24.89015929600548,SUCCESS,0.0.731861,0.0.3964804,0.0.4138717@1790022199.036089294
0.0.1121794,2.249641037060717,SUCCESS,0.0.731861,0.0.3964804,0.0.4138717@1790022200.962550001
0.0.1350500,12.33800561445699,SUCCESS,0.0.731861,0.0.3964804&0.0.6071119&0.0.6078473,0.0.4138717@1790022199.936241238
0.0.3945405,0.005812861589378688,SUCCESS,0.0.731861,0.0.3964804,0.0.4138717@1790022198.544484754
0.0.1048940,27.50506695326552,SUCCESS,0.0.731861,0.0.3964804&0.0.5328590,0.0.4138717@1790022200.614218281
0.0.4320892,31.13813807554753,SUCCESS,0.0.731861,0.0.3964804,0.0.4138717@1790022200.374798682
0.0.4337103,0.02057360289331265,SUCCESS,0.0.731861,0.0.3964804,0.0.4138717@1790022201.290381931
0.0.1088670,5.886645307706771,SUCCESS,0.0.731861,0.0.3964804,0.0.4138717@1790022202.567521565
0.0.4345654,714.0320035568132,SUCCESS,0.0.731861,0.0.3964804,0.0.4138717@1790022204.949608101
0.0.4345412,0.4633227040031251,SUCCESS,0.0.731861,0.0.3964804,0.0.4138717@1790022205.660998272
0.0.4346529,25.63286868512992,SUCCESS,0.0.731861,0.0.3964804,0.0.4138717@1790022203.261731365
0.0.1092596,6.788487355566364,SUCCESS,0.0.731861,0.0.3964804&0.0.3964860&0.0.4601632,0.0.4138717@1790022203.245172297
0.0.3023498,4.953451138921302,SUCCESS,0.0.731861,0.0.3964804,0.0.4138717@1790022205.982345747
0.0.1088394,373.7152485718668,SUCCESS,0.0.731861,0.0.3964804&0.0.3964860&0.0.5328590&0.0.6078473,0.0.4138717@1790022203.224459608
0.0.7421912,0.1976264448947805,SUCCESS,0.0.731861,0.0.3964804,0.0.4138717@1790022203.426893494
0.0.1512214,0.3094592346536582,SUCCESS,0.0.731861,0.0.3964804&0.0.4601632,0.0.4138717@1790022206.873038976
0.0.1198079,858.605945518652,SUCCESS,0.0.731861,0.0.3964804,0.0.4138717@1790022204.603230411
0.0.965222,68.0128136253831,SUCCESS,0.0.731861,0.0.3964804,0.0.4138717@1790022204.616286436
0.0.481717,2.174320681585038,SUCCESS,0.0.731861,0.0.3964804,0.0.4138717@1790022209.163625695
0.0.1088074,354.5476432646481,SUCCESS,0.0.731861,0.0.3964804&0.0.3964860&0.0.4601632,0.0.4138717@1790022206.177839039
0.0.837554,1438.192403777214,SUCCESS,0.0.731861,0.0.3964804&0.0.3964860&0.0.4601632&0.0.10093026,0.0.4138717@1790022207.249280801
0.0.1432019,32.40291502092786,SUCCESS,0.0.731861,0.0.3964804,0.0.4138717@1790022205.578226422
0.0.4341116,12.92063263370221,SUCCESS,0.0.731861,0.0.3964804,0.0.4138717@1790022207.225499456
0.0.1448131,2.477961406202895,SUCCESS,0.0.731861,0.0.3964804,0.0.4138717@1790022207.483190469
0.0.859149,91.12827030943996,SUCCESS,0.0.731861,0.0.3964804,0.0.4138717@1790022208.136980835
0.0.859565,15.03738063684266,SUCCESS,0.0.731861,0.0.3964804,0.0.4138717@1790022207.461072031
0.0.664593,65.22098624856014,SUCCESS,0.0.731861,0.0.3964804,0.0.4138717@1790022211.176684213
0.0.836096,1.987600698056554,SUCCESS,0.0.731861,0.0.3964804,0.0.4138717@1790022210.566370934
0.0.4138268,46.91864316079506,SUCCESS,0.0.731861,0.0.3964804,0.0.4138717@1790022212.882382998
0.0.835670,10.67678430340598,SUCCESS,0.0.731861,0.0.3964804&0.0.4601632,0.0.4138717@1790022208.534128656
0.0.1268672,32.4275024557514,SUCCESS,0.0.731861,0.0.3964804,0.0.4138717@1790022210.460512210
0.0.1877641,11.11724642118151,SUCCESS,0.0.731861,0.0.3964804,0.0.4138717@1790022210.917710415
0.0.1097802,21.55349411683005,SUCCESS,0.0.731861,0.0.3964804,0.0.4138717@1790022214.304746891
0.0.3768895,0.01737909071119403,SUCCESS,0.0.731861,0.0.3964804,0.0.4138717@1790022211.118582446
0.0.5023507,5.248935381529302,SUCCESS,0.0.731861,0.0.3964804&0.0.4601632,0.0.4138717@1790022212.765945666
0.0.4327294,0.1750382280934095,SUCCESS,0.0.731861,0.0.3964804,0.0.4138717@1790022213.122605511
0.0.838198,13.86365976226205,SUCCESS,0.0.731861,0.0.3964804&0.0.3964855&0.0.4601632,0.0.4138717@1790022211.212402479
0.0.5315914,17.99968693388469,SUCCESS,0.0.731861,0.0.3964804,0.0.4138717@1790022215.681013456
0.0.5421455,0.04453014197019504,SUCCESS,0.0.731861,0.0.3964804,0.0.4138717@1790022215.153171237
0.0.4093788,20.21541639156764,SUCCESS,0.0.731861,0.0.3964804,0.0.4138717@1790022215.015683835
0.0.5495538,18.7803905374444,SUCCESS,0.0.731861,0.0.3964804&0.0.3964860&0.0.4601632,0.0.4138717@1790022212.985716523
0.0.4533464,1.391055351878634,SUCCESS,0.0.731861,0.0.3964804,0.0.4138717@1790022216.968139730
0.0.859649,1.254392335636725,SUCCESS,0.0.731861,0.0.3964804,0.0.4138717@1790022216.657945727
0.0.5147407,4.090896119698214,SUCCESS,0.0.731861,0.0.3964804,0.0.4138717@1790022215.256544670
0.0.796454,52.22234671569505,SUCCESS,0.0.731861,0.0.3964804,0.0.4138717@1790022218.044711100
0.0.3937438,3.151133929279891,SUCCESS,0.0.731861,0.0.3964804,0.0.4138717@1790022215.347597733
0.0.728698,10.7458404929559,SUCCESS,0.0.731861,0.0.3964804&0.0.4601632,0.0.4138717@1790022219.883428046
0.0.4589167,0.1667558969239304,NOT_ASSOCIATED,0.0.731861,0.0.3964804,
0.0.5698429,0.07037420439598488,SUCCESS,0.0.731861,0.0.3964804,0.0.4138717@1790022217.358119552
0.0.4351736,0.1647959210785905,SUCCESS,0.0.731861,0.0.3964804,0.0.4138717@1790022218.996283591
0.0.4717832,2.333233165313047,SUCCESS,0.0.731861,0.0.3964804,0.0.4138717@1790022219.016189993
0.0.4358173,217.8178682255015,SUCCESS,0.0.731861,0.0.3964804&0.0.4601632&0.0.6126395,0.0.4138717@1790022216.181244914
0.0.3967246,3.812654265674682,SUCCESS,0.0.731861,0.0.3964804,0.0.4138717@1790022219.459604682
0.0.4965217,1.198410510044324,SUCCESS,0.0.731861,0.0.3964804,0.0.4138717@1790022220.973115531
0.0.1860252,1.724325557227056,SUCCESS,0.0.731861,0.0.3964804,0.0.4138717@1790022218.054173262
0.0.4329185,17.67603558616523,SUCCESS,0.0.731861,0.0.3964804,0.0.4138717@1790022220.411611054
0.0.1440806,16.46945740219693,SUCCESS,0.0.731861,0.0.3964804,0.0.4138717@1790022221.369284195
0.0.4350498,0.005686722613023681,SUCCESS,0.0.731861,0.0.3964804,0.0.4138717@1790022223.504252669
0.0.1728462,1.376474589920015,SUCCESS,0.0.731861,0.0.3964804,0.0.4138717@1790022220.173770524
0.0.4360122,1.802840673544248,SUCCESS,0.0.731861,0.0.3964804,0.0.4138717@1790022221.196222131
0.0.4368518,0.7152258172939119,SUCCESS,0.0.731861,0.0.3964804,0.0.4138717@1790022222.869825056
0.0.4333378,0.07546513658737261,SUCCESS,0.0.731861,0.0.3964804,0.0.4138717@1790022224.433255811
0.0.4356553,0.2582075741813797,SUCCESS,0.0.731861,0.0.3964804,0.0.4138717@1790022225.137647218
0.0.4535053,31.5783637066824,SUCCESS,0.0.731861,0.0.3964804,0.0.4138717@1790022225.899909416
0.0.4543305,435.9811591886078,SUCCESS,0.0.731861,0.0.3964804,0.0.4138717@1790022222.714499227
0.0.3100704,1966.038433803897,SUCCESS,0.0.731861,0.0.3964804&0.0.3964860&0.0.4601632&0.0.5328590,0.0.4138717@1790022224.900093471
0.0.7791729,0.00435169095479654,NOT_ASSOCIATED,0.0.731861,0.0.3964804,
0.0.2101943,0.01279735269335187,SUCCESS,0.0.731861,0.0.3964804,0.0.4138717@1790022224.026664625
0.0.1357334,1.328821322331244,SUCCESS,0.0.731861,0.0.3964804,0.0.4138717@1790022224.623936831
0.0.3165925,0.6102534245603555,SUCCESS,0.0.731861,0.0.3964804,0.0.4138717@1790022223.213419885
0.0.1353334,0.5151811967535649,SUCCESS,0.0.731861,0.0.3964804,0.0.4138717@1790022225.409323753
0.0.1402758,9.048424468248989,SUCCESS,0.0.731861,0.0.3964804,0.0.4138717@1790022224.141130479
0.0.4362017,6.496094355751074,SUCCESS,0.0.731861,0.0.3964804,0.0.4138717@1790022227.818297954
0.0.4329551,47.87591586923931,SUCCESS,0.0.731861,0.0.3964804&0.0.3964827&0.0.3964855,0.0.4138717@1790022228.468463736
0.0.1415516,36.44959118982968,SUCCESS,0.0.731861,0.0.3964804,0.0.4138717@1790022227.690427808
0.0.5432163,0.1754448311330854,NOT_ASSOCIATED,0.0.731861,0.0.3964804,
0.0.4345176,0.3937740343349197,SUCCESS,0.0.731861,0.0.3964804,0.0.4138717@1790022227.328007239
0.0.4433604,0.3186696891470115,SUCCESS,0.0.731861,0.0.3964804&0.0.4601632,0.0.4138717@1790022230.711930716
0.0.2302824,0.009759167889621615,SUCCESS,0.0.731861,0.0.3964804,0.0.4138717@1790022228.012704200
0.0.435679,3104.194291777952,SUCCESS,0.0.731861,0.0.3964804&0.0.5328590,0.0.4138717@1790022229.582157841
0.0.5314183,1.535938359097524,SUCCESS,0.0.731861,0.0.3964804,0.0.4138717@1790022230.134935443
0.0.840487,12.71845141252572,SUCCESS,0.0.731861,0.0.3964804,0.0.4138717@1790022231.946293053
0.0.789990,0.2885844177477591,SUCCESS,0.0.731861,0.0.3964804,0.0.4138717@1790022228.719078233
0.0.1046906,0.1000180015557832,SUCCESS,0.0.731861,0.0.3964804,0.0.4138717@1790022232.671547468
0.0.4923529,0.007218931320048495,NOT_ASSOCIATED,0.0.731861,0.0.3964804,
0.0.4741573,3.675267944873271,SUCCESS,0.0.731861,0.0.3964804,0.0.4138717@1790022232.178049840
0.0.1747288,15.91749514752825,SUCCESS,0.0.731861,0.0.3964804,0.0.4138717@1790022234.478268253
0.0.4640278,0.3783434822482647,SUCCESS,0.0.731861,0.0.3964804,0.0.4138717@1790022230.322370979
0.0.4758052,0.696953349016318,SUCCESS,0.0.731861,0.0.3964804,0.0.4138717@1790022233.419070953
0.0.3295745,48.12285255586449,SUCCESS,0.0.731861,0.0.3964804,0.0.4138717@1790022234.231757179
0.0.5060252,4.004884644698313,SUCCESS,0.0.731861,0.0.3964804&0.0.3964860,0.0.4138717@1790022234.069421126
0.0.4322023,2.967849100757933,SUCCESS,0.0.731861,0.0.3964804&0.0.3964855&0.0.4601632,0.0.4138717@1790022233.535756946
0.0.4785387,56.37287315087531,SUCCESS,0.0.731861,0.0.3964804&0.0.4601632,0.0.4138717@1790022234.675270667
0.0.10056907,15.43053537491846,SUCCESS,0.0.731861,0.0.3964804,0.0.4138717@1790022234.225437749
0.0.2030460,135.5008891774089,SUCCESS,0.0.731861,0.0.3964804&0.0.6078473,0.0.4138717@1790022235.271905966
0.0.10242536,12.98657948498186,NOT_ASSOCIATED,0.0.731861,0.0.3964804,
0.0.10261941,8.706615079847934,SUCCESS,0.0.731861,0.0.3964804,0.0.4138717@1790022238.502715728
0.0.10279551,1.891514986843277,SUCCESS,0.0.731861,0.0.3964804,0.0.4138717@1790022235.943756810
0.0.9796301,5.466604821188634,NOT_ASSOCIATED,0.0.731861,0.0.3964804,
0.0.4853191,0.05939665889152666,SUCCESS,0.0.731861,0.0.3964804,0.0.4138717@1790022235.814673445
0.0.10427913,1.308665450174199,NOT_ASSOCIATED,0.0.731861,0.0.3964804,
0.0.1505544,0.03026163271764837,SUCCESS,0.0.731861,0.0.3964804,0.0.4138717@1790022238.901520441
0.0.876236,0.6053714840626736,SUCCESS,0.0.731861,0.0.3964804,0.0.4138717@1790022234.698628691
0.0.4644030,0.1025290749859933,SUCCESS,0.0.731861,0.0.3964804,0.0.4138717@1790022239.215664958
0.0.1388678,19.8797017673443,SUCCESS,0.0.731861,0.0.3964804,0.0.4138717@1790022235.009119116
0.0.2005484,0.08454570690738702,SUCCESS,0.0.731861,0.0.3964804,0.0.4138717@1790022237.445713462
0.0.4144365,7.810150735252266,SUCCESS,0.0.731861,0.0.3964804,0.0.4138717@1790022239.813671529
0.0.837799,5.299260472625837,SUCCESS,0.0.731861,0.0.3964804,0.0.4138717@1790022240.589766605
0.0.4340392,0.2194237795111196,SUCCESS,0.0.731861,0.0.3964804,0.0.4138717@1790022241.608591299
0.0.4782567,10.8769470879505,SUCCESS,0.0.731861,0.0.3964804,0.0.4138717@1790022241.356009792
0.0.4323897,0.06031368072374267,SUCCESS,0.0.731861,0.0.3964804,0.0.4138717@1790022241.152319836
0.0.834666,30.32836307651972,SUCCESS,0.0.731861,0.0.3964804,0.0.4138717@1790022238.420995051
0.0.5029689,15.56856664077576,SUCCESS,0.0.731861,0.0.3964804,0.0.4138717@1790022241.896119286
0.0.6256886,0.2011248029936026,SUCCESS,0.0.731861,0.0.3964804,0.0.4138717@1790022242.663737535
0.0.6612734,0.03421654328703173,NOT_ASSOCIATED,0.0.731861,0.0.3964804,
0.0.1233065,1.544788384416773,SUCCESS,0.0.731861,0.0.3964804,0.0.4138717@1790022239.548593724
0.0.4978453,38.04306626097468,SUCCESS,0.0.731861,0.0.3964804,0.0.4138717@1790022239.912351301
0.0.1859919,0.5791732778449296,NOT_ASSOCIATED,0.0.731861,0.0.3964804,
0.0.7200618,0.08591054024315965,SUCCESS,0.0.731861,0.0.3964804,0.0.4138717@1790022244.492527280
0.0.3159220,7.877688739952822,SUCCESS,0.0.731861,0.0.3964804,0.0.4138717@1790022242.950054586
0.0.4595460,0.491843668962279,SUCCESS,0.0.731861,0.0.3964804,0.0.4138717@1790022244.302364895
0.0.4899880,0.2992466571804523,SUCCESS,0.0.731861,0.0.3964804,0.0.4138717@1790022243.666683600
0.0.5437974,4.549172731236024,SUCCESS,0.0.731861,0.0.3964804,0.0.4138717@1790022245.228002476
0.0.7610560,0.6782125636279517,NOT_ASSOCIATED,0.0.731861,0.0.3964804,
0.0.7638910,0.2018591905105477,SUCCESS,0.0.731861,0.0.3964804,0.0.4138717@1790022244.573646594
0.0.6344703,10048.96390050397,SUCCESS,0.0.731861,0.0.3964804&0.0.4129330&0.0.6071041&0.0.6126395&0.0.8315114,0.0.4138717@1790022245.209903476
0.0.831661,11.449578001066,SUCCESS,0.0.731861,0.0.3964804,0.0.4138717@1790022243.356217932
0.0.2557514,4.444643000644413,SUCCESS,0.0.731861,0.0.3964804,0.0.4138717@1790022246.969447662
0.0.4250725,0.6853434911128985,SUCCESS,0.0.731861,0.0.3964804,0.0.4138717@1790022246.517735684
0.0.3912896,0.8476285145294791,SUCCESS,0.0.731861,0.0.3964804,0.0.4138717@1790022245.533938156
0.0.4752954,1.197559420176661,SUCCESS,0.0.731861,0.0.3964804,0.0.4138717@1790022245.483893492
0.0.7777028,2.857655686709271,NOT_ASSOCIATED,0.0.731861,0.0.3964804,
0.0.5739319,4.402293691961069,SUCCESS,0.0.731861,0.0.3964804,0.0.4138717@1790022247.193746991
0.0.848151,1.47310451766493,SUCCESS,0.0.731861,0.0.3964804,0.0.4138717@1790022247.839601525
0.0.6061106,1.794658019691529,NOT_ASSOCIATED,0.0.731861,0.0.3964804,
0.0.4799094,0.4279255384277307,SUCCESS,0.0.731861,0.0.3964804,0.0.4138717@1790022246.446404693
0.0.1334605,44.04903048388864,SUCCESS,0.0.731861,0.0.3964804,0.0.4138717@1790022249.987432920
0.0.5873159,571.3586777198389,SUCCESS,0.0.731861,0.0.3964804&0.0.5328590,0.0.4138717@1790022247.123074124
0.0.6058490,0.1282944281745813,SUCCESS,0.0.731861,0.0.3964804,0.0.4138717@1790022251.005027309
0.0.6247418,0.2213472584002215,NOT_ASSOCIATED,0.0.731861,0.0.3964804,
0.0.4659519,7.405625509830526,SUCCESS,0.0.731861,0.0.3964804,0.0.4138717@1790022251.311589583
0.0.1754370,0.3458400810615423,SUCCESS,0.0.731861,0.0.3964804,0.0.4138717@1790022248.822741926
0.0.827132,1.620855199909276,SUCCESS,0.0.731861,0.0.3964804,0.0.4138717@1790022253.133871392
0.0.6324031,0.003422303128670767,SUCCESS,0.0.731861,0.0.3964804,0.0.4138717@1790022253.723758101
0.0.2123622,0.5823036918049462,SUCCESS,0.0.731861,0.0.3964804,0.0.4138717@1790022254.479296260
0.0.4360598,0.2034210503227079,SUCCESS,0.0.731861,0.0.3964804&0.0.5328590,0.0.4138717@1790022250.794807150
0.0.6674918,0.06534712323014653,SUCCESS,0.0.731861,0.0.3964804,0.0.4138717@1790022250.427885984
0.0.835625,20.28289477756223,SUCCESS,0.0.731861,0.0.3964804&0.0.3964827,0.0.4138717@1790022251.209465430
0.0.760653,0.8549814696125639,SUCCESS,0.0.731861,0.0.3964804,0.0.4138717@1790022254.167726809
0.0.6232417,0.2729345680796014,SUCCESS,0.0.731861,0.0.3964804,0.0.4138717@1790022251.724255061
0.0.1448239,0.2337069391638882,SUCCESS,0.0.731861,0.0.3964804,0.0.4138717@1790022256.455995652
0.0.4724806,222.0138597604428,SUCCESS,0.0.731861,0.0.3964804&0.0.5328590,0.0.4138717@1790022254.976985839
0.0.8382708,0.04000631648222319,SUCCESS,0.0.731861,0.0.3964804,0.0.4138717@1790022256.563814683
0.0.7920736,10.74096267543064,SUCCESS,0.0.731861,0.0.3964804,0.0.4138717@1790022254.328297028
0.0.919311,975.3878762293368,NOT_ASSOCIATED,0.0.731861,0.0.3964804,
0.0.840324,10.51436270823486,SUCCESS,0.0.731861,0.0.3964804,0.0.4138717@1790022256.668711104
0.0.8551680,896.2640322792624,SUCCESS,0.0.731861,0.0.3964804&0.0.5328590,0.0.4138717@1790022254.268123104
0.0.5719491,0.4530798984576019,SUCCESS,0.0.731861,0.0.3964804,0.0.4138717@1790022257.028928577
0.0.6045318,3.142610236380009,SUCCESS,0.0.731861,0.0.3964804,0.0.4138717@1790022258.676884429
0.0.2185671,0.7523532914683932,SUCCESS,0.0.731861,0.0.3964804,0.0.4138717@1790022257.719714553
0.0.1056579,43.07847404409104,SUCCESS,0.0.731861,0.0.3964804,0.0.4138717@1790022258.230414609
0.0.8717466,0.01450409469834241,SUCCESS,0.0.731861,0.0.3964804,0.0.4138717@1790022257.382788162
0.0.7550116,0.6622494552599977,NOT_ASSOCIATED,0.0.731861,0.0.3964804,
0.0.3288501,0.1271521782364877,SUCCESS,0.0.731861,0.0.3964804,0.0.4138717@1790022257.909330863
0.0.8903303,3.504441488645566,FAIL,0.0.731861,0.0.3964804,
0.0.8514597,38.64079281839955,SUCCESS,0.0.731861,0.0.3964804,0.0.4138717@1790022258.771636526
0.0.9104016,60.21764378798918,SUCCESS,0.0.731861,0.0.3964804&0.0.3964860&0.0.5328590,0.0.4138717@1790022261.867016102
0.0.5580759,0.2608062510273919,SUCCESS,0.0.731861,0.0.3964804,0.0.4138717@1790022262.050748167
0.0.9149385,0.6884798572339812,SUCCESS,0.0.731861,0.0.3964804,0.0.4138717@1790022261.207163895
0.0.4795853,0.6686619183381473,SUCCESS,0.0.731861,0.0.3964804,0.0.4138717@1790022258.399542719
0.0.7993090,36.04003321704663,SUCCESS,0.0.731861,0.0.3964804,0.0.4138717@1790022259.514136614
0.0.187153,0.835713800772631,SUCCESS,0.0.731861,0.0.3964804,0.0.4138717@1790022263.762788334
0.0.6148704,0.6524372260450866,NOT_ASSOCIATED,0.0.731861,0.0.3964804,
0.0.7164995,97.2891553845366,SUCCESS,0.0.731861,0.0.3964804,0.0.4138717@1790022264.245770073
0.0.7965335,16.20492079039047,NOT_ASSOCIATED,0.0.731861,0.0.3964804,
0.0.8227507,4.20628754004915,SUCCESS,0.0.731861,0.0.3964804,0.0.4138717@1790022263.749941754
0.0.3241611,3.520437552891793,SUCCESS,0.0.731861,0.0.3964804,0.0.4138717@1790022262.706398411
0.0.7938061,0.4810032359222969,SUCCESS,0.0.731861,0.0.3964804,0.0.4138717@1790022264.927047045
0.0.8002341,2.145768779984455,SUCCESS,0.0.731861,0.0.3964804,0.0.4138717@1790022264.380240850
0.0.7166497,0.5856827538551032,SUCCESS,0.0.731861,0.0.3964804,0.0.4138717@1790022262.537915286
0.0.8209705,1.012220594818802,SUCCESS,0.0.731861,0.0.3964804,0.0.4138717@1790022262.626251188
0.0.1369825,906.6775989160911,SUCCESS,0.0.731861,0.0.3964804&0.0.3964827&0.0.4601632&0.0.6071041&0.0.6126395,0.0.4138717@1790022262.611870939
0.0.1404010,0.01491995240318234,NOT_ASSOCIATED,0.0.731861,0.0.3964804,
0.0.1261132,3.068191247922383,SUCCESS,0.0.731861,0.0.3964804,0.0.4138717@1790022263.237611343
0.0.7816479,151.1546625329841,SUCCESS,0.0.731861,0.0.3964804&0.0.8315114,0.0.4138717@1790022268.371798031
0.0.1486871,223.0453319940783,SUCCESS,0.0.731861,0.0.3964804,0.0.4138717@1790022266.401696246
0.0.7285744,0.1836962610260059,SUCCESS,0.0.731861,0.0.3964804,0.0.4138717@1790022265.827478854
0.0.4743054,0.5664586044418212,SUCCESS,0.0.731861,0.0.3964804&0.0.8315114,0.0.4138717@1790022268.163471047
0.0.7920282,0.04674501018906212,SUCCESS,0.0.731861,0.0.3964804,0.0.4138717@1790022266.796172404
0.0.658160,1.754635788594719,SUCCESS,0.0.731861,0.0.3964804&0.0.8315114,0.0.4138717@1790022266.000496741
0.0.8244642,1646.26509560662,SUCCESS,0.0.731861,0.0.3964804,0.0.4138717@1790022268.493504170
0.0.8120693,11.14590850220297,SUCCESS,0.0.731861,0.0.3964804,0.0.4138717@1790022266.707016636
0.0.4319619,0.8815272246252167,SUCCESS,0.0.731861,0.0.3964804,0.0.4138717@1790022269.667041259
0.0.4838474,57.88826040844426,SUCCESS,0.0.731861,0.0.3964804&0.0.5328590,0.0.4138717@1790022267.456276951
0.0.3907868,0.03993895088099694,SUCCESS,0.0.731861,0.0.3964804,0.0.4138717@1790022270.714641615
0.0.1517175,7.046184493026685,SUCCESS,0.0.731861,0.0.3964804,0.0.4138717@1790022268.170256975
0.0.1461428,12.56026057635145,SUCCESS,0.0.731861,0.0.3964804,0.0.4138717@1790022269.750668515
0.0.946029,4.122873507855594,NOT_ASSOCIATED,0.0.731861,0.0.3964804,
0.0.6258977,47.03993311596332,SUCCESS,0.0.731861,0.0.3964804&0.0.5328590,0.0.4138717@1790022273.236267841
0.0.9612822,1.253121257074734,NOT_ASSOCIATED,0.0.731861,0.0.3964804,
0.0.834767,9.968323174339236,SUCCESS,0.0.731861,0.0.3964804,0.0.4138717@1790022271.278767778
0.0.9695749,25.51490318870374,NOT_ASSOCIATED,0.0.731861,0.0.3964804,
0.0.5482082,5.286885524645555,SUCCESS,0.0.731861,0.0.3964804,0.0.4138717@1790022273.949984846
0.0.9201440,0.3444032986146346,SUCCESS,0.0.731861,0.0.3964804,0.0.4138717@1790022272.646388340
0.0.7550127,1.585837861470562,SUCCESS,0.0.731861,0.0.3964804,0.0.4138717@1790022272.715111761
0.0.9317309,0.01461244401997127,SUCCESS,0.0.731861,0.0.3964804&0.0.9774523,0.0.4138717@1790022275.534205097
0.0.1043461,415.3713867039857,SUCCESS,0.0.731861,0.0.3964804,0.0.4138717@1790022274.355099191
0.0.4310363,48.4443984740964,SUCCESS,0.0.731861,0.0.3964804&0.0.3964860,0.0.4138717@1790022272.935349647
0.0.6460255,34.9003548751577,NOT_ASSOCIATED,0.0.731861,0.0.3964804,
0.0.10068662,0.4037092676064654,SUCCESS,0.0.731861,0.0.3964804,0.0.4138717@1790022276.195738647
0.0.4911466,0.0715717503901544,SUCCESS,0.0.731861,0.0.3964804,0.0.4138717@1790022272.168642165
0.0.9690555,2.158799014865431,SUCCESS,0.0.731861,0.0.3964804,0.0.4138717@1790022272.778587310
0.0.10124208,4983.582680951998,SUCCESS,0.0.731861,0.0.3964804,0.0.4138717@1790022277.541958255
0.0.1711144,1.230479006565151,NOT_ASSOCIATED,0.0.731861,0.0.3964804,
0.0.2657839,17.86064753957294,SUCCESS,0.0.731861,0.0.3964804,0.0.4138717@1790022274.759958917
0.0.9226909,1.602611322411909,SUCCESS,0.0.731861,0.0.3964804,0.0.4138717@1790022277.869022356
0.0.6094118,0.1646545251578933,SUCCESS,0.0.731861,0.0.3964804,0.0.4138717@1790022277.225331356
0.0.9144684,0.6986926141196848,SUCCESS,0.0.731861,0.0.3964804,0.0.4138717@1790022276.345002911
0.0.8733798,213.7236482706971,SUCCESS,0.0.731861,0.0.3964804,0.0.4138717@1790022279.292338962
0.0.9150672,0.2441986728403585,SUCCESS,0.0.731861,0.0.3964804,0.0.4138717@1790022275.974619537
0.0.2149252,0.0002872424193152883,SUCCESS,0.0.731861,0.0.3964804,0.0.4138717@1790022280.500259982
0.0.9273859,0.5471714488799552,SUCCESS,0.0.731861,0.0.3964804,0.0.4138717@1790022278.644350104
0.0.9272301,4.853220371931108,NOT_ASSOCIATED,0.0.731861,0.0.3964804,
0.0.3681629,47.26284511121672,SUCCESS,0.0.731861,0.0.3964804,0.0.4138717@1790022276.179346043
0.0.2017766,11.41455554070632,SUCCESS,0.0.731861,0.0.3964804,0.0.4138717@1790022279.320066324
0.0.6295630,0.4276914335945849,NOT_ASSOCIATED,0.0.731861,0.0.3964804,
0.0.9477910,35.14979618479818,SUCCESS,0.0.731861,0.0.3964804&0.0.10414792,0.0.4138717@1790022278.606850716
0.0.1736150,5.213459305486052,SUCCESS,0.0.731861,0.0.3964804,0.0.4138717@1790022277.442143443
0.0.9404882,2.657573667892964,SUCCESS,0.0.731861,0.0.3964804,0.0.4138717@1790022278.650708281
0.0.9178066,20.62841177660993,SUCCESS,0.0.731861,0.0.3964804,0.0.4138717@1790022281.070923361
0.0.966444,16.48368344547213,SUCCESS,0.0.731861,0.0.3964804,0.0.4138717@1790022280.450463375
0.0.9303899,9.730336298211622,SUCCESS,0.0.731861,0.0.3964804,0.0.4138717@1790022282.964365584
0.0.915984,91.9399452097734,SUCCESS,0.0.731861,0.0.3964804,0.0.4138717@1790022283.421811404
0.0.6064013,0.7104792090327794,SUCCESS,0.0.731861,0.0.3964804,0.0.4138717@1790022283.942890363
0.0.10088400,0.05506509608801748,SUCCESS,0.0.731861,0.0.3964804,0.0.4138717@1790022283.565860800
0.0.9112742,0.001492838702832149,SUCCESS,0.0.731861,0.0.3964804,0.0.4138717@1790022281.903419064
0.0.1478185,0.0178369583019878,SUCCESS,0.0.731861,0.0.3964804,0.0.4138717@1790022285.860817524
0.0.4351860,0.9105933610418945,NOT_ASSOCIATED,0.0.731861,0.0.3964804,
0.0.7865510,1893.452351464646,SUCCESS,0.0.731861,0.0.3964804&0.0.9774523,0.0.4138717@1790022285.425791199
0.0.4815771,7.012130659247661,SUCCESS,0.0.731861,0.0.3964804,0.0.4138717@1790022284.273933961
0.0.7776311,11.00052449448223,SUCCESS,0.0.731861,0.0.3964804,0.0.4138717@1790022285.100020688
0.0.10507691,5.34306153805701,SUCCESS,0.0.731861,0.0.3964804,0.0.4138717@1790022285.155927854
0.0.885953,5.809599451013219,SUCCESS,0.0.731861,0.0.3964804,0.0.4138717@1790022285.002824492
0.0.3327498,0.1164377296358725,SUCCESS,0.0.731861,0.0.3964804,0.0.4138717@1790022287.824791304
0.0.9221480,0.0150247883991083,SUCCESS,0.0.731861,0.0.3964804,0.0.4138717@1790022286.256554058
0.0.10359145,0.3917647760139635,SUCCESS,0.0.731861,0.0.3964804,0.0.4138717@1790022287.519027986
0.0.10359238,0.0335781738334384,SUCCESS,0.0.731861,0.0.3964804,0.0.4138717@1790022286.459495432
0.0.4725260,0.04650840138273077,SUCCESS,0.0.731861,0.0.3964804,0.0.4138717@1790022287.072330078
0.0.5313474,0.02194041492829571,SUCCESS,0.0.731861,0.0.3964804,0.0.4138717@1790022287.050196721
0.0.6063136,0.0008046929031404381,SUCCESS,0.0.731861,0.0.3964804,0.0.4138717@1790022288.056179870
0.0.7789171,0.07398825850625547,SUCCESS,0.0.731861,0.0.3964804,0.0.4138717@1790022287.373752468
0.0.8120088,0.03114452475914778,SUCCESS,0.0.731861,0.0.3964804,0.0.4138717@1790022289.465172887
0.0.1385696,9.554265448096354,SUCCESS,0.0.731861,0.0.3964804,0.0.4138717@1790022290.479474643
0.0.9417458,0.3761344896956825,SUCCESS,0.0.731861,0.0.3964804,0.0.4138717@1790022288.813947684
0.0.1178547,0.06953199741342625,SUCCESS,0.0.731861,0.0.3964804,0.0.4138717@1790022290.445259396
0.0.2015584,0.6243869842383345,SUCCESS,0.0.731861,0.0.3964804,0.0.4138717@1790022289.902082338
0.0.815643,6.348385659153377,SUCCESS,0.0.731861,0.0.3964804,0.0.4138717@1790022293.972889676
0.0.1930336,0.7026001765543795,SUCCESS,0.0.731861,0.0.3964804,0.0.4138717@1790022292.747418331
0.0.4344919,8.174628141267343,SUCCESS,0.0.731861,0.0.3964827,0.0.4138717@1790022290.230777401
0.0.5447658,0.5241069386528223,SUCCESS,0.0.731861,0.0.3964827,0.0.4138717@1790022293.388529488
0.0.839408,121.9150848384779,SUCCESS,0.0.731861,0.0.3964827,0.0.4138717@1790022291.794683916
0.0.834607,41.76516961809821,SUCCESS,0.0.731861,0.0.3964827,0.0.4138717@1790022295.357575956
0.0.849606,180.1355025078567,SUCCESS,0.0.731861,0.0.3964827&0.0.6071119,0.0.4138717@1790022293.977134993
0.0.835079,1721.213749426306,SUCCESS,0.0.731861,0.0.3964827&0.0.4601632,0.0.4138717@1790022293.631556757
0.0.1400872,200.1957616021339,SUCCESS,0.0.731861,0.0.3964827&0.0.4129330&0.0.5328590&0.0.6071911,0.0.4138717@1790022292.167943009
0.0.1097257,659.2737619937067,SUCCESS,0.0.731861,0.0.3964827&0.0.4601632&0.0.5328590,0.0.4138717@1790022294.993556420
0.0.4348609,178.8352535920272,SUCCESS,0.0.731861,0.0.3964827&0.0.5328590,0.0.4138717@1790022295.806134473
0.0.4364640,14.39126661126165,SUCCESS,0.0.731861,0.0.3964827,0.0.4138717@1790022293.417411881
0.0.3443413,16.83629630662308,SUCCESS,0.0.731861,0.0.3964827&0.0.4601632,0.0.4138717@1790022294.243130113
0.0.4793606,50.69972680801371,SUCCESS,0.0.731861,0.0.3964827&0.0.5328590,0.0.4138717@1790022296.209359534
0.0.1061257,249.4668055706987,SUCCESS,0.0.731861,0.0.3964827&0.0.4601632&0.0.5328590,0.0.4138717@1790022295.616419830
0.0.1107354,8.707291673638318,SUCCESS,0.0.731861,0.0.3964827,0.0.4138717@1790022298.138577321
0.0.4733298,6.847802659712896,SUCCESS,0.0.731861,0.0.3964827,0.0.4138717@1790022296.071555700
0.0.6109726,46.94731443537037,SUCCESS,0.0.731861,0.0.3964827,0.0.4138717@1790022300.404185629
0.0.1087560,53.29840547390658,SUCCESS,0.0.731861,0.0.3964827&0.0.3964855,0.0.4138717@1790022299.080730040
0.0.1006425,146.9923378494834,SUCCESS,0.0.731861,0.0.3964827,0.0.4138717@1790022298.073321269
0.0.1750137,174.7140211646648,SUCCESS,0.0.731861,0.0.3964827,0.0.4138717@1790022298.061414345
0.0.611948,31.46488718901379,SUCCESS,0.0.731861,0.0.3964827,0.0.4138717@1790022301.558087303
0.0.1392115,216.5458076767238,SUCCESS,0.0.731861,0.0.3964827&0.0.4129330,0.0.4138717@1790022302.241735465
0.0.7486751,4.870568378561786,SUCCESS,0.0.731861,0.0.3964827&0.0.4601632,0.0.4138717@1790022301.492320742
0.0.479120,3122.122172690627,SUCCESS,0.0.731861,0.0.3964827&0.0.4129330,0.0.4138717@1790022299.029162449
0.0.7595440,5.813612083689688,SUCCESS,0.0.731861,0.0.3964827,0.0.4138717@1790022301.329179570
0.0.7870892,3.792714724687687,SUCCESS,0.0.731861,0.0.3964827,0.0.4138717@1790022299.295865344
0.0.1391028,33.59060994473558,SUCCESS,0.0.731861,0.0.3964827,0.0.4138717@1790022300.740422287
0.0.913930,1.276959844581689,SUCCESS,0.0.731861,0.0.3964827,0.0.4138717@1790022301.509351787
0.0.4737222,1.546765271862382,SUCCESS,0.0.731861,0.0.3964827,0.0.4138717@1790022301.964794801
0.0.1436265,6.796660825519158,SUCCESS,0.0.731861,0.0.3964827,0.0.4138717@1790022303.133670805
0.0.3169781,0.6532684686652148,SUCCESS,0.0.731861,0.0.3964827,0.0.4138717@1790022302.627718886
0.0.4338112,0.09788262293051889,SUCCESS,0.0.731861,0.0.3964827,0.0.4138717@1790022305.723245019
0.0.857760,1.868045347664939,SUCCESS,0.0.731861,0.0.3964827,0.0.4138717@1790022306.461501862
0.0.7776243,2.814196109235298,SUCCESS,0.0.731861,0.0.3964827,0.0.4138717@1790022305.736467174
0.0.885667,4.240645131352562,SUCCESS,0.0.731861,0.0.3964827,0.0.4138717@1790022302.899619186
0.0.4882076,21.1754496874196,SUCCESS,0.0.731861,0.0.3964827&0.0.3964855&0.0.4129330&0.0.5328590,0.0.4138717@1790022307.117210205
0.0.10505731,15528.13613377197,SUCCESS,0.0.731861,0.0.3964827&0.0.10498271&0.0.10498274,0.0.4138717@1790022304.010758418
0.0.1120301,0.1823911896407518,SUCCESS,0.0.731861,0.0.3964827&0.0.3964855,0.0.4138717@1790022304.361976449
0.0.6004406,7.711191812454914,SUCCESS,0.0.731861,0.0.3964827,0.0.4138717@1790022305.182543488
0.0.6288848,0.0899750104774402,SUCCESS,0.0.731861,0.0.3964827&0.0.6071119,0.0.4138717@1790022307.544045157
0.0.2960128,2428.643082168057,SUCCESS,0.0.731861,0.0.3964827&0.0.5328590&0.0.10498274&0.0.10498278,0.0.4138717@1790022308.298851005
0.0.7947570,0.1771150190664683,SUCCESS,0.0.731861,0.0.3964827,0.0.4138717@1790022304.946537716
0.0.8778454,0.06930006087959956,SUCCESS,0.0.731861,0.0.3964827,0.0.4138717@1790022307.929532505
0.0.1406579,0.8084605574946832,SUCCESS,0.0.731861,0.0.3964827,0.0.4138717@1790022306.425102765
0.0.8377520,186.5144782353355,SUCCESS,0.0.731861,0.0.3964827,0.0.4138717@1790022307.890342671
0.0.1065704,84.82792338630559,SUCCESS,0.0.731861,0.0.3964827,0.0.4138717@1790022307.622572637
0.0.4410999,4.704743306202099,SUCCESS,0.0.731861,0.0.3964827,0.0.4138717@1790022309.440032855
0.0.7965416,0.1292202184236624,NOT_ASSOCIATED,0.0.731861,0.0.3964827,
0.0.5239780,254.8110426979469,SUCCESS,0.0.731861,0.0.3964827,0.0.4138717@1790022311.284455062
0.0.6630516,11.80641261032029,SUCCESS,0.0.731861,0.0.3964827,0.0.4138717@1790022309.528794692
0.0.1079751,103.6282492425565,SUCCESS,0.0.731861,0.0.3964827,0.0.4138717@1790022308.908292703
0.0.7677057,43.85002390535644,SUCCESS,0.0.731861,0.0.3964827,0.0.4138717@1790022308.882663935
0.0.1054756,4964.643191690851,SUCCESS,0.0.731861,0.0.3964855,0.0.4138717@1790022308.942569428
0.0.1228872,2.679507948873741,SUCCESS,0.0.731861,0.0.3964855,0.0.4138717@1790022310.392653744
0.0.1008009,10.9979295626491,SUCCESS,0.0.731861,0.0.3964855&0.0.4601632&0.0.5328590,0.0.4138717@1790022311.778605180
0.0.5377617,16.54272653735211,SUCCESS,0.0.731861,0.0.3964855,0.0.4138717@1790022313.532848656
0.0.4861302,23.68989006403506,SUCCESS,0.0.731861,0.0.3964855&0.0.4601632,0.0.4138717@1790022310.686552699
0.0.1423973,4.572535579494135e-8,SUCCESS,0.0.731861,0.0.3964855,0.0.4138717@1790022314.632332449
0.0.5734968,33.05255027904292,SUCCESS,0.0.731861,0.0.3964860,0.0.4138717@1790022313.923750404
0.0.9371968,0.0001607849835253478,SUCCESS,0.0.731861,0.0.3964860,0.0.4138717@1790022313.714477432
0.0.509141,34.68517500463154,SUCCESS,0.0.731861,0.0.3964860,0.0.4138717@1790022314.000787844
0.0.1509692,1129.774492980206,SUCCESS,0.0.731861,0.0.3964860,0.0.4138717@1790022316.227868219
0.0.10450989,23.48817543965838,SUCCESS,0.0.731861,0.0.3964860&0.0.6071119,0.0.4138717@1790022316.604389620
0.0.3870061,319.6129500820869,SUCCESS,0.0.731861,0.0.3964860&0.0.4601632&0.0.10093026,0.0.4138717@1790022313.648685990
0.0.10164768,12297.70132352519,SUCCESS,0.0.731861,0.0.3964860,0.0.4138717@1790022318.400745608
0.0.9371874,0.0001012557950949598,SUCCESS,0.0.731861,0.0.3964860,0.0.4138717@1790022314.353903048
0.0.868627,1660.680368042354,SUCCESS,0.0.731861,0.0.3964860,0.0.4138717@1790022316.832457589
0.0.4614528,115.0759619150794,SUCCESS,0.0.731861,0.0.3964860&0.0.5328590,0.0.4138717@1790022317.144791053
0.0.9144335,16.49930186477829,SUCCESS,0.0.731861,0.0.3964860,0.0.4138717@1790022317.595546243
0.0.8257213,19.85530647825777,SUCCESS,0.0.731861,0.0.3964860,0.0.4138717@1790022315.787121928
0.0.9377397,0.00002413849538997758,SUCCESS,0.0.731861,0.0.3964860,0.0.4138717@1790022316.648133255
0.0.9377988,0.00005191860373647988,SUCCESS,0.0.731861,0.0.3964860,0.0.4138717@1790022317.662103583
0.0.9377965,0.000006026359247609389,SUCCESS,0.0.731861,0.0.3964860,0.0.4138717@1790022320.809021239
0.0.9377806,0.00000304319365865158,SUCCESS,0.0.731861,0.0.3964860,0.0.4138717@1790022317.613642669
0.0.9379489,1.209634628069372e-8,SUCCESS,0.0.731861,0.0.3964860,0.0.4138717@1790022319.117148072
0.0.9738472,0.0001143073955948944,SUCCESS,0.0.731861,0.0.3964860,0.0.4138717@1790022321.849306153
0.0.9377844,0.00006813334070423478,SUCCESS,0.0.731861,0.0.3964860,0.0.4138717@1790022323.244747032
0.0.9375318,0.00001750627870870768,SUCCESS,0.0.731861,0.0.3964860,0.0.4138717@1790022321.479792399
0.0.9377518,0.0000316038645264694,SUCCESS,0.0.731861,0.0.3964860,0.0.4138717@1790022319.478591047
0.0.4625345,3.490792999544594,SUCCESS,0.0.731861,0.0.4129330,0.0.4138717@1790022320.773420064
0.0.842464,0.09690937259752819,SUCCESS,0.0.731861,0.0.4129330,0.0.4138717@1790022322.594188642
0.0.972955,4.462699159552131e-9,SUCCESS,0.0.731861,0.0.4129330,0.0.4138717@1790022320.828899990
0.0.856304,0.006702681101855791,SUCCESS,0.0.731861,0.0.4129330,0.0.4138717@1790022322.667810606
0.0.3293439,2.398469222949516,SUCCESS,0.0.731861,0.0.4129330,0.0.4138717@1790022322.251910026
0.0.795325,0.1332649422945681,SUCCESS,0.0.731861,0.0.4129330,0.0.4138717@1790022322.296833514
0.0.4606843,0.02808434208860788,SUCCESS,0.0.731861,0.0.4129330&0.0.4601632,0.0.4138717@1790022325.943535932
0.0.4718583,0.002010670284038427,SUCCESS,0.0.731861,0.0.4129330,0.0.4138717@1790022324.715767281
0.0.261557,0.4962090689035505,SUCCESS,0.0.731861,0.0.4129330,0.0.4138717@1790022327.028015034
0.0.2960424,0.09742637766831203,SUCCESS,0.0.731861,0.0.4129330,0.0.4138717@1790022324.956390259
0.0.8410631,0.3617459624998196,SUCCESS,0.0.731861,0.0.4129330&0.0.4601632,0.0.4138717@1790022327.709413283
0.0.2288443,86.21092321852416,SUCCESS,0.0.731861,0.0.4129330&0.0.5328590,0.0.4138717@1790022324.570733121
0.0.839840,19.83940326102884,SUCCESS,0.0.731861,0.0.4129330&0.0.4601632&0.0.5328590,0.0.4138717@1790022325.683395752
0.0.4754452,0.1349698667646583,SUCCESS,0.0.731861,0.0.4129330,0.0.4138717@1790022327.742734390
0.0.2999419,0.09896244445218902,SUCCESS,0.0.731861,0.0.4601632,0.0.4138717@1790022328.761184212
0.0.7935176,191.1279488258924,SUCCESS,0.0.731861,0.0.4601632,0.0.4138717@1790022329.396064672
0.0.4358401,5.361412631096488,SUCCESS,0.0.731861,0.0.4601632&0.0.5328590,0.0.4138717@1790022329.157939290
0.0.4559156,0.1030026418562166,SUCCESS,0.0.731861,0.0.4601632,0.0.4138717@1790022326.401294266
0.0.860846,0.01454654166889701,SUCCESS,0.0.731861,0.0.4601632,0.0.4138717@1790022330.370964340
0.0.877043,31.30112800675787,SUCCESS,0.0.731861,0.0.4601632,0.0.4138717@1790022329.142015395
0.0.1287040,8.686855415859606,SUCCESS,0.0.731861,0.0.4601632,0.0.4138717@1790022331.037815667
0.0.4797402,0.003272142398410497,SUCCESS,0.0.731861,0.0.4601632,0.0.4138717@1790022327.837136386
0.0.851606,0.0009609609569933268,SUCCESS,0.0.731861,0.0.4601632,0.0.4138717@1790022330.324604397
0.0.6049415,0.0003763670399796093,SUCCESS,0.0.731861,0.0.4601632,0.0.4138717@1790022330.724071924
0.0.1872630,60.40071650851178,SUCCESS,0.0.731861,0.0.4601632,0.0.4138717@1790022329.345204028
0.0.3161895,1.223019448437848,SUCCESS,0.0.731861,0.0.4601632,0.0.4138717@1790022330.618590359
0.0.731707,0.2314992957636546,SUCCESS,0.0.731861,0.0.4601632,0.0.4138717@1790022331.673992164
0.0.1518521,1.666933858754784,SUCCESS,0.0.731861,0.0.4601632,0.0.4138717@1790022333.344756761
0.0.3705687,0.002140308737687726,SUCCESS,0.0.731861,0.0.4601632,0.0.4138717@1790022332.079274959
0.0.1860200,0.01018621891721042,SUCCESS,0.0.731861,0.0.4601632,0.0.4138717@1790022334.425325127
0.0.7288906,15.50911581039771,NOT_ASSOCIATED,0.0.731861,0.0.4601632,
0.0.227955,0.751977425566924,SUCCESS,0.0.731861,0.0.4601632&0.0.8315114,0.0.4138717@1790022335.278305444
0.0.4414004,320.634027796337,NOT_ASSOCIATED,0.0.731861,0.0.4601632,
0.0.837339,11.73595194189168,SUCCESS,0.0.731861,0.0.4601632,0.0.4138717@1790022335.943260220
0.0.912306,1.906066352159564,SUCCESS,0.0.731861,0.0.4601632,0.0.4138717@1790022333.779776270
0.0.3828466,49.10013735739214,SUCCESS,0.0.731861,0.0.4601632,0.0.4138717@1790022331.967744538
0.0.853115,0.08333285715094155,SUCCESS,0.0.731861,0.0.4601632,0.0.4138717@1790022335.759059823
0.0.4403472,0.7424056766977732,SUCCESS,0.0.731861,0.0.4601632,0.0.4138717@1790022333.827669306
0.0.816727,19.18039095920003,SUCCESS,0.0.731861,0.0.4601632,0.0.4138717@1790022335.442438273
0.0.5002435,2.577525440946252,SUCCESS,0.0.731861,0.0.4601632,0.0.4138717@1790022334.560171994
0.0.707819,4.749442195136933,SUCCESS,0.0.731861,0.0.4601632,0.0.4138717@1790022338.034213718
0.0.8431266,5.001494565681236,SUCCESS,0.0.731861,0.0.4601632,0.0.4138717@1790022337.486620328
0.0.175313,1.48860993083857,SUCCESS,0.0.731861,0.0.4601632,0.0.4138717@1790022336.011835355
0.0.704807,26.01078911032285,SUCCESS,0.0.731861,0.0.4601632,0.0.4138717@1790022337.953983967
0.0.660703,22.78217432960833,SUCCESS,0.0.731861,0.0.4601632,0.0.4138717@1790022340.180170825
0.0.3158284,4.549689089160462,SUCCESS,0.0.731861,0.0.4601632,0.0.4138717@1790022337.947983951
0.0.2114355,0.000300366939295561,SUCCESS,0.0.731861,0.0.4601632,0.0.4138717@1790022336.914047126
0.0.1074067,25.97301638094788,SUCCESS,0.0.731861,0.0.4601632,0.0.4138717@1790022339.945794484
0.0.5972520,17.64472677984662,SUCCESS,0.0.731861,0.0.4601632,0.0.4138717@1790022341.462051065
0.0.1186570,31.83901005571837,SUCCESS,0.0.731861,0.0.4601632,0.0.4138717@1790022340.696482322
0.0.1460111,0.6014898947282157,SUCCESS,0.0.731861,0.0.4601632,0.0.4138717@1790022340.342014562
0.0.1405765,33.44193921507906,SUCCESS,0.0.731861,0.0.4601632,0.0.4138717@1790022338.150586588
0.0.4730774,87.21611649944687,SUCCESS,0.0.731861,0.0.4601632,0.0.4138717@1790022340.238306250
0.0.1337729,19.67583606441487,SUCCESS,0.0.731861,0.0.4601632,0.0.4138717@1790022341.733277476
0.0.6463609,0.4420278342401653,NOT_ASSOCIATED,0.0.731861,0.0.4601632,
0.0.3917694,81.17645532442567,SUCCESS,0.0.731861,0.0.4601632,0.0.4138717@1790022340.224771658
0.0.845966,78.42743079067672,SUCCESS,0.0.731861,0.0.4601632,0.0.4138717@1790022340.069338981
0.0.7480837,68.58454723069964,SUCCESS,0.0.731861,0.0.4601632,0.0.4138717@1790022342.240739111
0.0.7778674,287.9615463718943,SUCCESS,0.0.731861,0.0.4601632&0.0.5328590,0.0.4138717@1790022340.855485371
0.0.1075845,12.50914627757456,SUCCESS,0.0.731861,0.0.4601632,0.0.4138717@1790022342.096750288
0.0.10031144,2.948719618483954,NOT_ASSOCIATED,0.0.731861,0.0.4601632,
0.0.1060925,4.807240789040707,SUCCESS,0.0.731861,0.0.4601632,0.0.4138717@1790022344.386065798
0.0.10031150,0.3201161999895401,NOT_ASSOCIATED,0.0.731861,0.0.4601632,
0.0.8847936,1.755230311483503,SUCCESS,0.0.731861,0.0.4601632,0.0.4138717@1790022342.501116487
0.0.731977,251.8781399071086,SUCCESS,0.0.731861,0.0.4601632,0.0.4138717@1790022344.631088776
0.0.864984,143.8963851780557,SUCCESS,0.0.731861,0.0.4601632,0.0.4138717@1790022342.990681819
0.0.3273852,50.72996839068406,SUCCESS,0.0.731861,0.0.4601632,0.0.4138717@1790022343.207808198
0.0.821010,30.49148065363227,SUCCESS,0.0.731861,0.0.4601632,0.0.4138717@1790022347.593592936
0.0.7482624,11.86185880849685,NOT_ASSOCIATED,0.0.731861,0.0.4601632,
0.0.9386020,3897.039227259569,SUCCESS,0.0.731861,0.0.4601632,0.0.4138717@1790022347.627474510
0.0.1217090,1994.537192383493,SUCCESS,0.0.731861,0.0.4601632,0.0.4138717@1790022345.777930828
0.0.9210897,30.31019002025203,SUCCESS,0.0.731861,0.0.4601632,0.0.4138717@1790022344.793500107
0.0.5060063,108.3435695460812,SUCCESS,0.0.731861,0.0.4601632&0.0.5328590,0.0.4138717@1790022346.092532050
0.0.5255642,0.6848567864231512,SUCCESS,0.0.731861,0.0.4601632,0.0.4138717@1790022347.650867170
0.0.7684662,117.6410439654178,SUCCESS,0.0.731861,0.0.4601632&0.0.5328590,0.0.4138717@1790022348.954330340
0.0.4154591,604.9272708290822,SUCCESS,0.0.731861,0.0.4601632&0.0.5328590,0.0.4138717@1790022346.937407538
0.0.1020586,274.1195618888137,SUCCESS,0.0.731861,0.0.4601632&0.0.5328590,0.0.4138717@1790022349.227200491
0.0.4753601,2.867655892852727,SUCCESS,0.0.731861,0.0.4601632,0.0.4138717@1790022350.455153142
0.0.3932850,181.6036198004832,SUCCESS,0.0.731861,0.0.4601632,0.0.4138717@1790022350.164269283
0.0.1111312,25.46806562509487,SUCCESS,0.0.731861,0.0.4601632,0.0.4138717@1790022350.823433734
0.0.4367704,0.001238332893212481,SUCCESS,0.0.731861,0.0.4601632,0.0.4138717@1790022351.267577921
0.0.10045691,103.8662843034203,SUCCESS,0.0.731861,0.0.4601632,0.0.4138717@1790022352.746517357
0.0.8831938,25.87693579225814,SUCCESS,0.0.731861,0.0.4601632,0.0.4138717@1790022350.960845469
0.0.9745450,52.44442448048326,SUCCESS,0.0.731861,0.0.4601632,0.0.4138717@1790022350.362085776
0.0.9401835,3.562560923904474,SUCCESS,0.0.731861,0.0.5328590,0.0.4138717@1790022350.558366609
0.0.608244,18.79531267955705,SUCCESS,0.0.731861,0.0.5328590,0.0.4138717@1790022354.012643144
0.0.10803306,3840.892812874115,NOT_ASSOCIATED,0.0.731861,0.0.5328590,
0.0.10803305,1196.91193467574,NOT_ASSOCIATED,0.0.731861,0.0.5328590,
0.0.10480785,1320.075623877391,SUCCESS,0.0.731861,0.0.5328590,0.0.4138717@1790022354.589696760
0.0.3012905,1.51043320190549,SUCCESS,0.0.731861,0.0.5328590,0.0.4138717@1790022350.915620085
0.0.835034,44.9847043383341,SUCCESS,0.0.731861,0.0.5328590,0.0.4138717@1790022354.409145413
0.0.638193,1749.228572633342,SUCCESS,0.0.731861,0.0.5328590,0.0.4138717@1790022352.146842470
0.0.1120388,5.662076396733713,SUCCESS,0.0.731861,0.0.5328590,0.0.4138717@1790022353.592762360
0.0.4361068,5.039283298775398,SUCCESS,0.0.731861,0.0.5328590,0.0.4138717@1790022352.555404203
0.0.10628113,107.8808740996893,SUCCESS,0.0.731861,0.0.5328590,0.0.4138717@1790022357.245494536
0.0.7852259,62.54563703269961,SUCCESS,0.0.731861,0.0.5328590,0.0.4138717@1790022354.877191381
0.0.787642,61.20681698247666,SUCCESS,0.0.731861,0.0.5328590,0.0.4138717@1790022357.563796712
0.0.4426658,207.0244074132186,SUCCESS,0.0.731861,0.0.5328590,0.0.4138717@1790022354.549771043
0.0.1460265,1380.478935088422,SUCCESS,0.0.731861,0.0.5328590,0.0.4138717@1790022358.317742681
0.0.9119461,0.001695526431922281,SUCCESS,0.0.731861,0.0.5328590&0.0.6071119&0.0.8315114,0.0.4138717@1790022358.243621192
0.0.1316556,90.94809621088866,SUCCESS,0.0.731861,0.0.5328590,0.0.4138717@1790022355.527515099
0.0.1054113,56.3817732574289,SUCCESS,0.0.731861,0.0.5328590,0.0.4138717@1790022356.240905142
0.0.2365584,8.758301392517664,SUCCESS,0.0.731861,0.0.5328590,0.0.4138717@1790022360.133187727
0.0.1404223,0.1739471010662475,SUCCESS,0.0.731861,0.0.5328590&0.0.6071041,0.0.4138717@1790022357.978796542
0.0.8426856,10.04278009280211,SUCCESS,0.0.731861,0.0.5328590,0.0.4138717@1790022358.661104705
0.0.9214791,12.96596215635771,SUCCESS,0.0.731861,0.0.5328590,0.0.4138717@1790022358.208200935
0.0.1251063,189.9794354054624,SUCCESS,0.0.731861,0.0.5328590,0.0.4138717@1790022361.097912683
0.0.1027780,1470.034504827772,SUCCESS,0.0.731861,0.0.5328590,0.0.4138717@1790022359.968027579
0.0.10047974,33.01600233180692,SUCCESS,0.0.731861,0.0.5328590,0.0.4138717@1790022361.144407284
0.0.10375094,89.99910370471251,NOT_ASSOCIATED,0.0.731861,0.0.5328590,
0.0.52671,538.5390297045961,SUCCESS,0.0.731861,0.0.5328590,0.0.4138717@1790022362.708075690
0.0.4362264,0.9248664986356865,NOT_ASSOCIATED,0.0.731861,0.0.5328590,
0.0.9276478,0.1057183481993839,SUCCESS,0.0.731861,0.0.5328590,0.0.4138717@1790022363.834470118
0.0.1324089,2.912854226098348,SUCCESS,0.0.731861,0.0.5328590&0.0.6071041,0.0.4138717@1790022363.957258688
0.0.7562963,448.2356946166186,SUCCESS,0.0.731861,0.0.5328590,0.0.4138717@1790022363.190810343
0.0.1212407,11.17302363030835,SUCCESS,0.0.731861,0.0.5328590,0.0.4138717@1790022360.843825459
0.0.8128261,0.03831005101241017,SUCCESS,0.0.731861,0.0.5328590,0.0.4138717@1790022361.754425104
0.0.5068949,1.313126692786903,SUCCESS,0.0.731861,0.0.5328590,0.0.4138717@1790022362.646393373
0.0.9093010,0.2970924528337851,SUCCESS,0.0.731861,0.0.5328590,0.0.4138717@1790022363.272391115
0.0.9237387,207.926076926352,SUCCESS,0.0.731861,0.0.5328590,0.0.4138717@1790022366.336827977
0.0.4320148,2.289548419804392,SUCCESS,0.0.731861,0.0.5328590&0.0.10092996&0.0.10093026,0.0.4138717@1790022362.266270758
0.0.7523706,619.5236800390862,NOT_ASSOCIATED,0.0.731861,0.0.5328590,
0.0.4348988,1.515745104305529,SUCCESS,0.0.731861,0.0.5328590,0.0.4138717@1790022365.779562202
0.0.1444388,16.21158230744365,SUCCESS,0.0.731861,0.0.5328590,0.0.4138717@1790022364.999314050
0.0.8113026,1.334261356947882,SUCCESS,0.0.731861,0.0.5328590,0.0.4138717@1790022366.387692654
0.0.9401455,16.09496425521647,SUCCESS,0.0.731861,0.0.5328590,0.0.4138717@1790022368.367843647
0.0.10091451,75.4305719151131,SUCCESS,0.0.731861,0.0.5328590,0.0.4138717@1790022368.169877750
0.0.9802061,35.35805968036148,SUCCESS,0.0.731861,0.0.5328590&0.0.6071119,0.0.4138717@1790022367.244619770
0.0.8267927,7.232860357922815,SUCCESS,0.0.731861,0.0.5328590,0.0.4138717@1790022368.774815765
0.0.9885066,18.19322447435597,SUCCESS,0.0.731861,0.0.5328590,0.0.4138717@1790022367.603735268
0.0.806166,21.88852609457091,SUCCESS,0.0.731861,0.0.5328590,0.0.4138717@1790022367.472043910
0.0.9588454,11.91061706560687,SUCCESS,0.0.731861,0.0.5328590,0.0.4138717@1790022366.906028772
0.0.4971932,2.524284159954418,SUCCESS,0.0.731861,0.0.5328590,0.0.4138717@1790022368.737125094
0.0.10031110,15842.06301338786,NOT_ASSOCIATED,0.0.731861,0.0.5328590,
0.0.10031113,14326.42355984436,NOT_ASSOCIATED,0.0.731861,0.0.5328590,
0.0.4362583,0.07359468935067522,SUCCESS,0.0.731861,0.0.5328590,0.0.4138717@1790022370.194870444
0.0.7734907,21.94029308272963,SUCCESS,0.0.731861,0.0.5328590,0.0.4138717@1790022368.230091704
0.0.9214238,10.19441150343908,SUCCESS,0.0.731861,0.0.5328590,0.0.4138717@1790022371.900993550
0.0.10235120,40.47010425392812,SUCCESS,0.0.731861,0.0.5328590,0.0.4138717@1790022368.424991414
0.0.10421961,0.05158366765463947,SUCCESS,0.0.731861,0.0.5328590,0.0.4138717@1790022372.168715865
0.0.7731260,4.893099656019402,SUCCESS,0.0.731861,0.0.5328590,0.0.4138717@1790022370.498560529
0.0.3868695,177.8685478811264,SUCCESS,0.0.731861,0.0.5328590,0.0.4138717@1790022373.654953225
0.0.4352091,27.16798916464767,SUCCESS,0.0.731861,0.0.5328590,0.0.4138717@1790022372.477998114
0.0.9312249,19.05213451276981,SUCCESS,0.0.731861,0.0.5328590,0.0.4138717@1790022373.927367335
0.0.4587141,6.555739407005719,SUCCESS,0.0.731861,0.0.5328590,0.0.4138717@1790022371.475999735
0.0.9151827,0.01289913955087806,NOT_ASSOCIATED,0.0.731861,0.0.5328590,
0.0.3092477,23.84050721989046,SUCCESS,0.0.731861,0.0.5328590,0.0.4138717@1790022373.773749678
0.0.1009100,0.02368028799143596,NOT_ASSOCIATED,0.0.731861,0.0.5328590,
0.0.946745,929.9525311140532,SUCCESS,0.0.731861,0.0.5328590,0.0.4138717@1790022371.885508453
0.0.9641103,59.12004047487978,SUCCESS,0.0.731861,0.0.5328590&0.0.6071119,0.0.4138717@1790022374.238098728
0.0.9364499,1.384152475568481,SUCCESS,0.0.731861,0.0.5328590,0.0.4138717@1790022372.824858010
0.0.818068,127.6769032376891,SUCCESS,0.0.731861,0.0.5328590,0.0.4138717@1790022377.537804133
0.0.5702106,1.424096608828816,SUCCESS,0.0.731861,0.0.5328590,0.0.4138717@1790022374.647115688
0.0.5052897,5.125700972106002,SUCCESS,0.0.731861,0.0.5328590,0.0.4138717@1790022377.423206221
0.0.822616,591.7254099358228,SUCCESS,0.0.731861,0.0.5328590,0.0.4138717@1790022377.588048435
0.0.1105713,83.27815006432101,SUCCESS,0.0.731861,0.0.5328590,0.0.4138717@1790022376.104067588
0.0.1002430,5953.688943557384,SUCCESS,0.0.731861,0.0.5328590,0.0.4138717@1790022376.113279100
0.0.701191,9.022428037387671,SUCCESS,0.0.731861,0.0.5328590,0.0.4138717@1790022377.671954697
0.0.787993,346.8949821986959,SUCCESS,0.0.731861,0.0.5328590,0.0.4138717@1790022379.583830036
0.0.540025,6.117848496818624,SUCCESS,0.0.731861,0.0.5328590,0.0.4138717@1790022375.872718126
0.0.4742691,10.98993554484055,SUCCESS,0.0.731861,0.0.5328590,0.0.4138717@1790022376.010051848
0.0.1281501,66.80847541021048,SUCCESS,0.0.731861,0.0.5328590,0.0.4138717@1790022379.818121156
0.0.4364713,217.1334311786752,SUCCESS,0.0.731861,0.0.5328590,0.0.4138717@1790022379.232438788
0.0.7171484,1.066021537046944,SUCCESS,0.0.731861,0.0.5328590,0.0.4138717@1790022378.556356250
0.0.4356483,218.2427349794812,SUCCESS,0.0.731861,0.0.5328590,0.0.4138717@1790022381.567813496
0.0.1082181,605.3114576239653,SUCCESS,0.0.731861,0.0.5328590,0.0.4138717@1790022382.957546794
0.0.1017499,1763.609912758162,SUCCESS,0.0.731861,0.0.5328590,0.0.4138717@1790022379.151576433
0.0.5151429,3.488732355288958,SUCCESS,0.0.731861,0.0.5328590,0.0.4138717@1790022378.801994592
0.0.8499794,124.8001348509463,SUCCESS,0.0.731861,0.0.5328590,0.0.4138717@1790022382.804779949
0.0.1422243,1782.113649622258,SUCCESS,0.0.731861,0.0.5328590,0.0.4138717@1790022381.363307588
0.0.4337803,50.30692422020066,SUCCESS,0.0.731861,0.0.5328590,0.0.4138717@1790022382.060217677
0.0.6298433,5.090146696917463,SUCCESS,0.0.731861,0.0.5328590,0.0.4138717@1790022384.151445156
0.0.7326025,0.5193780202017765,SUCCESS,0.0.731861,0.0.5328590&0.0.6071119,0.0.4138717@1790022385.211601323
0.0.6157135,1396.124439406917,SUCCESS,0.0.731861,0.0.5328590,0.0.4138717@1790022381.682487412
0.0.6003880,40.94516632365789,SUCCESS,0.0.731861,0.0.5328590,0.0.4138717@1790022386.413506486
0.0.696926,30.20992215395445,SUCCESS,0.0.731861,0.0.5328590,0.0.4138717@1790022385.574397130
0.0.4839415,2.361016358139014,SUCCESS,0.0.731861,0.0.5328590,0.0.4138717@1790022385.478285502
0.0.2328171,168.79450854906,NOT_ASSOCIATED,0.0.731861,0.0.6071041,
0.0.896352,1.684629435327765,SUCCESS,0.0.731861,0.0.6071041,0.0.4138717@1790022384.499065531
0.0.5500943,0.09780069629388416,SUCCESS,0.0.731861,0.0.6071041,0.0.4138717@1790022385.953717496
0.0.1462131,0.0006540673547379194,SUCCESS,0.0.731861,0.0.6071041,0.0.4138717@1790022385.339554915
0.0.9099631,2.547274229920457,SUCCESS,0.0.731861,0.0.6071119,0.0.4138717@1790022387.753310508
0.0.5702270,11.58056021674249,SUCCESS,0.0.731861,0.0.6071119,0.0.4138717@1790022384.852868166
0.0.2137399,2.619177921751398,SUCCESS,0.0.731861,0.0.6071119,0.0.4138717@1790022385.523148767
0.0.2174967,62.25424161817723,SUCCESS,0.0.731861,0.0.6071119,0.0.4138717@1790022386.189381198
0.0.10031183,91.07547289908722,NOT_ASSOCIATED,0.0.731861,0.0.6071119,
0.0.10031184,348.9667652012723,NOT_ASSOCIATED,0.0.731861,0.0.6071119,
0.0.4041275,278.0591890953456,SUCCESS,0.0.731861,0.0.6071119,0.0.4138717@1790022386.277716129
0.0.6892983,447.6219091785846,SUCCESS,0.0.731861,0.0.6071119,0.0.4138717@1790022386.443146320
0.0.833139,6.315496820885176,SUCCESS,0.0.731861,0.0.6071119,0.0.4138717@1790022389.126937039
0.0.1700952,506.1374690484108,SUCCESS,0.0.731861,0.0.6071119,0.0.4138717@1790022386.693180309
0.0.5729027,6.269305774856169,SUCCESS,0.0.731861,0.0.6071119,0.0.4138717@1790022387.686743436
0.0.5740497,1243.334748589871,SUCCESS,0.0.731861,0.0.6071119,0.0.4138717@1790022391.511817864
0.0.2020001,0.02373218273512881,SUCCESS,0.0.731861,0.0.6071119,0.0.4138717@1790022391.474516036
0.0.3640917,2127.75370158595,SUCCESS,0.0.731861,0.0.6071911,0.0.4138717@1790022391.016077244
0.0.3704330,2236.852933390047,SUCCESS,0.0.731861,0.0.6071911,0.0.4138717@1790022393.927032644
0.0.7200098,57.68841606656598,SUCCESS,0.0.731861,0.0.6078459,0.0.4138717@1790022392.797035364
0.0.7857493,3814.188078137629,NOT_ASSOCIATED,0.0.731861,0.0.6078459,
0.0.2997555,0.05461905696643684,SUCCESS,0.0.731861,0.0.6078459,0.0.4138717@1790022390.987307403
0.0.6082528,2522.690254880994,SUCCESS,0.0.731861,0.0.6078459,0.0.4138717@1790022393.662560903
0.0.6080537,4645.649889537731,SUCCESS,0.0.731861,0.0.6078473,0.0.4138717@1790022391.109352953
0.0.9471068,25.93841409488092,SUCCESS,0.0.731861,0.0.6078473,0.0.4138717@1790022392.619126311
0.0.8208716,1627.150375332442,SUCCESS,0.0.731861,0.0.6078473,0.0.4138717@1790022391.927228509
0.0.972940,0.01156443542807199,SUCCESS,0.0.731861,0.0.6126395,0.0.4138717@1790022395.442256239
0.0.10608781,1160.574546817969,SUCCESS,0.0.731861,0.0.6126395,0.0.4138717@1790022393.629158966
0.0.5971521,943.2110249718218,SUCCESS,0.0.731861,0.0.6126395,0.0.4138717@1790022394.505907799
0.0.4987474,0.00003701427384293865,SUCCESS,0.0.731861,0.0.6126395,0.0.4138717@1790022394.381482857
0.0.4544022,92.81869350644791,NOT_ASSOCIATED,0.0.731861,0.0.8315114,
0.0.5679713,0.02904017633168584,SUCCESS,0.0.731861,0.0.8315114,0.0.4138717@1790022395.183461639
0.0.10432879,0.008106571876352128,SUCCESS,0.0.731861,0.0.8315114,0.0.4138717@1790022393.541092964
0.0.10267182,0.09792266998107119,NOT_ASSOCIATED,0.0.731861,0.0.8315114,
0.0.10267181,0.4889046944407102,NOT_ASSOCIATED,0.0.731861,0.0.8315114,
0.0.10031155,0.1267547647304423,NOT_ASSOCIATED,0.0.731861,0.0.8315114,
0.0.10031160,11.32937486682854,NOT_ASSOCIATED,0.0.731861,0.0.8315114,
0.0.1033719,6.070838384247149,SUCCESS,0.0.731861,0.0.8315114,0.0.4138717@1790022394.060207855
0.0.9695763,2068.251321763114,SUCCESS,0.0.731861,0.0.8315114,0.0.4138717@1790022398.803347575
0.0.4340961,0.004002284104953104,SUCCESS,0.0.731861,0.0.8315114,0.0.4138717@1790022396.319948600
0.0.3311267,0.002621328390148025,NOT_ASSOCIATED,0.0.731861,0.0.8315114,
0.0.7688939,0.03103088564533128,SUCCESS,0.0.731861,0.0.8315114,0.0.4138717@1790022394.791852254
0.0.8326917,1.484176516278358,NOT_ASSOCIATED,0.0.731861,0.0.8315114,
0.0.8712714,1.011410924593273,SUCCESS,0.0.731861,0.0.8315114,0.0.4138717@1790022395.466073929
0.0.8192889,146.3605932685981,SUCCESS,0.0.731861,0.0.8315114,0.0.4138717@1790022397.273837004
0.0.10033160,6.686508028961037e-7,NOT_ASSOCIATED,0.0.731861,0.0.9774523,
0.0.316403,98314.45682078469,SUCCESS,0.0.731861,0.0.9774523&0.0.10018365&0.0.10092996&0.0.10093026,0.0.4138717@1790022399.812254646
0.0.10517260,217.3397248347576,SUCCESS,0.0.731861,0.0.9774523&0.0.10018365,0.0.4138717@1790022398.171726227
0.0.4836643,5500.159097621201,SUCCESS,0.0.731861,0.0.9774523&0.0.10018365,0.0.4138717@1790022400.910378717
0.0.10120444,3.976399059989717e-8,NOT_ASSOCIATED,0.0.731861,0.0.10018365,
0.0.10120460,12.20946285154824,NOT_ASSOCIATED,0.0.731861,0.0.10092996,
0.0.10120462,0.000002720861451255107,NOT_ASSOCIATED,0.0.731861,0.0.10092996,
0.0.4157421,35.04019238516351,SUCCESS,0.0.731861,0.0.10093026,0.0.4138717@1790022399.248312209
0.0.10120438,0.003664745481283833,NOT_ASSOCIATED,0.0.731861,0.0.10093026,
0.0.10120424,0.01545393756098869,NOT_ASSOCIATED,0.0.731861,0.0.10093026,
0.0.10449777,0.00109168400822352,NOT_ASSOCIATED,0.0.731861,0.0.10387648,
0.0.10454159,2.454118260993766e-8,NOT_ASSOCIATED,0.0.731861,0.0.10387648,
0.0.10382204,7325.656482787718,SUCCESS,0.0.731861,0.0.10387648&0.0.10414792&0.0.10418141&0.0.10498271&0.0.10498274&0.0.10498278&0.0.10498280,0.0.4138717@1790022397.977602839
0.0.7582729,2826.307549392894,SUCCESS,0.0.731861,0.0.10414792,0.0.4138717@1790022398.712075631
0.0.820781,81.13510916581006,SUCCESS,0.0.731861,0.0.10414792,0.0.4138717@1790022401.477199057
0.0.1483886,7051.921655677287,SUCCESS,0.0.731861,0.0.10418141,0.0.4138717@1790022401.565825383
0.0.4865794,587.6350993586149,SUCCESS,0.0.731861,0.0.10418141,0.0.4138717@1790022402.956479525
0.0.10508396,2505.891506878787,SUCCESS,0.0.731861,0.0.10498271&0.0.10498274&0.0.10498278&0.0.10498280,0.0.4138717@1790022400.901293417
0.0.10573597,25504.22784770563,SUCCESS,0.0.731861,0.0.10498271&0.0.10498278&0.0.10498280,0.0.4138717@1790022401.485968006